source,month,quarter,category,brand_reported,sku_raw,channel,geo_level,geo,observed_units,observed_sales,coverage
ciq_ecommerce,2024-04,2024-Q2,Dermatology,AllerVet RX,ALLERVET-RX_L,E-commerce,National,National,16378,884393.92,0.82
ciq_ecommerce,2024-04,2024-Q2,Dermatology,AllerVet RX,ALLERVET-RX_S,E-commerce,National,National,22455,1212539.79,0.82
ciq_ecommerce,2024-04,2024-Q2,Dermatology,Apoquel,APOQUEL_L,E-commerce,National,National,23859,1550881.44,0.82
ciq_ecommerce,2024-04,2024-Q2,Dermatology,Apoquel,APOQUEL_S,E-commerce,National,National,31419,2042227.73,0.82
ciq_ecommerce,2024-04,2024-Q2,Vaccines,BioShield Vax,BIOSHIELD-VAX_L,E-commerce,National,National,19930,398597.8,0.82
ciq_ecommerce,2024-04,2024-Q2,Vaccines,BioShield Vax,BIOSHIELD-VAX_S,E-commerce,National,National,28158,563176.97,0.82
ciq_ecommerce,2024-04,2024-Q2,Dermatology,DermaCalm,DERMACALM_L,E-commerce,National,National,17384,1008290.79,0.82
ciq_ecommerce,2024-04,2024-Q2,Dermatology,DermaCalm,DERMACALM_S,E-commerce,National,National,25111,1456417.85,0.82
ciq_ecommerce,2024-04,2024-Q2,Petcare Diagnostics,DiagnosTech Vet,DIAGNOSTECH-VET_L,E-commerce,National,National,35728,607369.76,0.82
ciq_ecommerce,2024-04,2024-Q2,Petcare Diagnostics,DiagnosTech Vet,DIAGNOSTECH-VET_S,E-commerce,National,National,50504,858558.24,0.82
ciq_ecommerce,2024-04,2024-Q2,Parasiticides,FleaStop Pro,FLEASTOP-PRO_L,E-commerce,National,National,51086,1072808.57,0.82
ciq_ecommerce,2024-04,2024-Q2,Parasiticides,FleaStop Pro,FLEASTOP-PRO_S,E-commerce,National,National,68116,1430464.2,0.82
ciq_ecommerce,2024-04,2024-Q2,Pain/Osteoarthritis,FlexiCare Joint,FLEXICARE-JOINT_L,E-commerce,National,National,14178,623845.36,0.82
ciq_ecommerce,2024-04,2024-Q2,Pain/Osteoarthritis,FlexiCare Joint,FLEXICARE-JOINT_S,E-commerce,National,National,19078,839450.46,0.82
ciq_ecommerce,2024-04,2024-Q2,Vaccines,ImmunoCore Canine,IMMUNOCORE-CANINE_L,E-commerce,National,National,25483,535128.02,0.82
ciq_ecommerce,2024-04,2024-Q2,Vaccines,ImmunoCore Canine,IMMUNOCORE-CANINE_S,E-commerce,National,National,35533,746185.11,0.82
ciq_ecommerce,2024-04,2024-Q2,Pain/Osteoarthritis,Librela,LIBRELA_L,E-commerce,National,National,11753,564123.26,0.82
ciq_ecommerce,2024-04,2024-Q2,Pain/Osteoarthritis,Librela,LIBRELA_S,E-commerce,National,National,16165,775914.22,0.82
ciq_ecommerce,2024-04,2024-Q2,Pain/Osteoarthritis,OsteoEase Vet,OSTEOEASE-VET_L,E-commerce,National,National,12966,531631.68,0.82
ciq_ecommerce,2024-04,2024-Q2,Pain/Osteoarthritis,OsteoEase Vet,OSTEOEASE-VET_S,E-commerce,National,National,17744,727479.18,0.82
ciq_ecommerce,2024-04,2024-Q2,Pain/Osteoarthritis,PainAway Canine,PAINAWAY-CANINE_L,E-commerce,National,National,11227,415444.58,0.82
ciq_ecommerce,2024-04,2024-Q2,Pain/Osteoarthritis,PainAway Canine,PAINAWAY-CANINE_S,E-commerce,National,National,16212,599868.84,0.82
ciq_ecommerce,2024-04,2024-Q2,Petcare Diagnostics,PetLab Analyzer,PETLAB-ANALYZER_L,E-commerce,National,National,22130,331950.04,0.82
ciq_ecommerce,2024-04,2024-Q2,Petcare Diagnostics,PetLab Analyzer,PETLAB-ANALYZER_S,E-commerce,National,National,30301,454508.36,0.82
ciq_ecommerce,2024-04,2024-Q2,Petcare Diagnostics,RapidVet Dx,RAPIDVET-DX_L,E-commerce,National,National,35201,563225.43,0.82
ciq_ecommerce,2024-04,2024-Q2,Petcare Diagnostics,RapidVet Dx,RAPIDVET-DX_S,E-commerce,National,National,47959,767350.84,0.82
ciq_ecommerce,2024-04,2024-Q2,Parasiticides,Simparica Trio,SIMPARICA-TRIO_L,E-commerce,National,National,80587,2256422.21,0.82
ciq_ecommerce,2024-04,2024-Q2,Parasiticides,Simparica Trio,SIMPARICA-TRIO_S,E-commerce,National,National,114159,3196427.69,0.82
ciq_ecommerce,2024-04,2024-Q2,Dermatology,SkinRelief Pro,SKINRELIEF-PRO_L,E-commerce,National,National,13774,674913.17,0.82
ciq_ecommerce,2024-04,2024-Q2,Dermatology,SkinRelief Pro,SKINRELIEF-PRO_S,E-commerce,National,National,19569,958830.97,0.82
ciq_ecommerce,2024-04,2024-Q2,Parasiticides,TickShield Plus,TICKSHIELD-PLUS_L,E-commerce,National,National,55980,1343492.12,0.82
ciq_ecommerce,2024-04,2024-Q2,Parasiticides,TickShield Plus,TICKSHIELD-PLUS_S,E-commerce,National,National,80771,1938501.33,0.82
ciq_ecommerce,2024-04,2024-Q2,Vaccines,Vanguard,VANGUARD_L,E-commerce,National,National,20625,453763.95,0.82
ciq_ecommerce,2024-04,2024-Q2,Vaccines,Vanguard,VANGUARD_S,E-commerce,National,National,28429,625463.23,0.82
ciq_ecommerce,2024-04,2024-Q2,Parasiticides,VectraGuard,VECTRAGUARD_L,E-commerce,National,National,72702,1890258.08,0.82
ciq_ecommerce,2024-04,2024-Q2,Parasiticides,VectraGuard,VECTRAGUARD_S,E-commerce,National,National,95632,2486457.54,0.82
ciq_ecommerce,2024-04,2024-Q2,Vaccines,VetGuard Immunize,VETGUARD-IMMUNIZE_L,E-commerce,National,National,18925,359575.15,0.82
ciq_ecommerce,2024-04,2024-Q2,Vaccines,VetGuard Immunize,VETGUARD-IMMUNIZE_S,E-commerce,National,National,26898,511070.48,0.82
ciq_ecommerce,2024-04,2024-Q2,Vaccines,VetSelect Core Vax,VETSELECT-CORE-VAX_L,E-commerce,National,National,20802,291221.71,0.82
ciq_ecommerce,2024-04,2024-Q2,Vaccines,VetSelect Core Vax,VETSELECT-CORE-VAX_S,E-commerce,National,National,28818,403445.51,0.82
ciq_ecommerce,2024-04,2024-Q2,Dermatology,VetSelect Derma,VETSELECT-DERMA_L,E-commerce,National,National,15720,597364.19,0.82
ciq_ecommerce,2024-04,2024-Q2,Dermatology,VetSelect Derma,VETSELECT-DERMA_S,E-commerce,National,National,21366,811895.74,0.82
ciq_ecommerce,2024-04,2024-Q2,Petcare Diagnostics,VetSelect Dx,VETSELECT-DX_L,E-commerce,National,National,22554,270662.7,0.82
ciq_ecommerce,2024-04,2024-Q2,Petcare Diagnostics,VetSelect Dx,VETSELECT-DX_S,E-commerce,National,National,30298,363585.1,0.82
ciq_ecommerce,2024-04,2024-Q2,Parasiticides,VetSelect Flea & Tick,VETSELECT-FLEA-TICK_L,E-commerce,National,National,83339,1416745.94,0.82
ciq_ecommerce,2024-04,2024-Q2,Parasiticides,VetSelect Flea & Tick,VETSELECT-FLEA-TICK_S,E-commerce,National,National,117995,2005914.78,0.82
ciq_ecommerce,2024-04,2024-Q2,Pain/Osteoarthritis,VetSelect Joint,VETSELECT-JOINT_L,E-commerce,National,National,13831,401092.31,0.82
ciq_ecommerce,2024-04,2024-Q2,Pain/Osteoarthritis,VetSelect Joint,VETSELECT-JOINT_S,E-commerce,National,National,17973,521234.21,0.82
ciq_ecommerce,2024-04,2024-Q2,Petcare Diagnostics,Vetscan,VETSCAN_L,E-commerce,National,National,34221,615964.81,0.82
ciq_ecommerce,2024-04,2024-Q2,Petcare Diagnostics,Vetscan,VETSCAN_S,E-commerce,National,National,46657,839828.13,0.82
ciq_ecommerce,2024-04,2024-Q2,Dermatology,AllerVet RX,ALLERVET-RX_L,E-commerce,Region,Midwest,3387,182883.62,0.82
ciq_ecommerce,2024-04,2024-Q2,Dermatology,AllerVet RX,ALLERVET-RX_S,E-commerce,Region,Midwest,4648,250990.53,0.82
ciq_ecommerce,2024-04,2024-Q2,Dermatology,Apoquel,APOQUEL_L,E-commerce,Region,Midwest,4957,322221.38,0.82
ciq_ecommerce,2024-04,2024-Q2,Dermatology,Apoquel,APOQUEL_S,E-commerce,Region,Midwest,6916,449529.46,0.82
ciq_ecommerce,2024-04,2024-Q2,Vaccines,BioShield Vax,BIOSHIELD-VAX_L,E-commerce,Region,Midwest,4549,90985.27,0.82
ciq_ecommerce,2024-04,2024-Q2,Vaccines,BioShield Vax,BIOSHIELD-VAX_S,E-commerce,Region,Midwest,6425,128500.33,0.82
ciq_ecommerce,2024-04,2024-Q2,Dermatology,DermaCalm,DERMACALM_L,E-commerce,Region,Midwest,3553,206058.81,0.82
ciq_ecommerce,2024-04,2024-Q2,Dermatology,DermaCalm,DERMACALM_S,E-commerce,Region,Midwest,5196,301382.27,0.82
ciq_ecommerce,2024-04,2024-Q2,Petcare Diagnostics,DiagnosTech Vet,DIAGNOSTECH-VET_L,E-commerce,Region,Midwest,7834,133173.13,0.82
ciq_ecommerce,2024-04,2024-Q2,Petcare Diagnostics,DiagnosTech Vet,DIAGNOSTECH-VET_S,E-commerce,Region,Midwest,10417,177080.55,0.82
ciq_ecommerce,2024-04,2024-Q2,Parasiticides,FleaStop Pro,FLEASTOP-PRO_L,E-commerce,Region,Midwest,10319,216688.85,0.82
ciq_ecommerce,2024-04,2024-Q2,Parasiticides,FleaStop Pro,FLEASTOP-PRO_S,E-commerce,Region,Midwest,13545,284449.46,0.82
ciq_ecommerce,2024-04,2024-Q2,Pain/Osteoarthritis,FlexiCare Joint,FLEXICARE-JOINT_L,E-commerce,Region,Midwest,2988,131478.09,0.82
ciq_ecommerce,2024-04,2024-Q2,Pain/Osteoarthritis,FlexiCare Joint,FLEXICARE-JOINT_S,E-commerce,Region,Midwest,3908,171965.94,0.82
ciq_ecommerce,2024-04,2024-Q2,Vaccines,ImmunoCore Canine,IMMUNOCORE-CANINE_L,E-commerce,Region,Midwest,5080,106674.94,0.82
ciq_ecommerce,2024-04,2024-Q2,Vaccines,ImmunoCore Canine,IMMUNOCORE-CANINE_S,E-commerce,Region,Midwest,7236,151945.72,0.82
ciq_ecommerce,2024-04,2024-Q2,Pain/Osteoarthritis,Librela,LIBRELA_L,E-commerce,Region,Midwest,2421,116195.73,0.82
ciq_ecommerce,2024-04,2024-Q2,Pain/Osteoarthritis,Librela,LIBRELA_S,E-commerce,Region,Midwest,3311,158932.85,0.82
ciq_ecommerce,2024-04,2024-Q2,Pain/Osteoarthritis,OsteoEase Vet,OSTEOEASE-VET_L,E-commerce,Region,Midwest,2622,107521.88,0.82
ciq_ecommerce,2024-04,2024-Q2,Pain/Osteoarthritis,OsteoEase Vet,OSTEOEASE-VET_S,E-commerce,Region,Midwest,3928,161052.97,0.82
ciq_ecommerce,2024-04,2024-Q2,Pain/Osteoarthritis,PainAway Canine,PAINAWAY-CANINE_L,E-commerce,Region,Midwest,2467,91291.97,0.82
ciq_ecommerce,2024-04,2024-Q2,Pain/Osteoarthritis,PainAway Canine,PAINAWAY-CANINE_S,E-commerce,Region,Midwest,3267,120877.33,0.82
ciq_ecommerce,2024-04,2024-Q2,Petcare Diagnostics,PetLab Analyzer,PETLAB-ANALYZER_L,E-commerce,Region,Midwest,4755,71331.28,0.82
ciq_ecommerce,2024-04,2024-Q2,Petcare Diagnostics,PetLab Analyzer,PETLAB-ANALYZER_S,E-commerce,Region,Midwest,6021,90322.45,0.82
ciq_ecommerce,2024-04,2024-Q2,Petcare Diagnostics,RapidVet Dx,RAPIDVET-DX_L,E-commerce,Region,Midwest,7517,120279.78,0.82
ciq_ecommerce,2024-04,2024-Q2,Petcare Diagnostics,RapidVet Dx,RAPIDVET-DX_S,E-commerce,Region,Midwest,10224,163590.28,0.82
ciq_ecommerce,2024-04,2024-Q2,Parasiticides,Simparica Trio,SIMPARICA-TRIO_L,E-commerce,Region,Midwest,18252,511050.48,0.82
ciq_ecommerce,2024-04,2024-Q2,Parasiticides,Simparica Trio,SIMPARICA-TRIO_S,E-commerce,Region,Midwest,23434,656143.28,0.82
ciq_ecommerce,2024-04,2024-Q2,Dermatology,SkinRelief Pro,SKINRELIEF-PRO_L,E-commerce,Region,Midwest,2944,144249.78,0.82
ciq_ecommerce,2024-04,2024-Q2,Dermatology,SkinRelief Pro,SKINRELIEF-PRO_S,E-commerce,Region,Midwest,4136,202644.51,0.82
ciq_ecommerce,2024-04,2024-Q2,Parasiticides,TickShield Plus,TICKSHIELD-PLUS_L,E-commerce,Region,Midwest,12120,290868.47,0.82
ciq_ecommerce,2024-04,2024-Q2,Parasiticides,TickShield Plus,TICKSHIELD-PLUS_S,E-commerce,Region,Midwest,17762,426293.25,0.82
ciq_ecommerce,2024-04,2024-Q2,Vaccines,Vanguard,VANGUARD_L,E-commerce,Region,Midwest,4144,91163.47,0.82
ciq_ecommerce,2024-04,2024-Q2,Vaccines,Vanguard,VANGUARD_S,E-commerce,Region,Midwest,6123,134714.81,0.82
ciq_ecommerce,2024-04,2024-Q2,Parasiticides,VectraGuard,VECTRAGUARD_L,E-commerce,Region,Midwest,14077,366011.64,0.82
ciq_ecommerce,2024-04,2024-Q2,Parasiticides,VectraGuard,VECTRAGUARD_S,E-commerce,Region,Midwest,19306,501965.1,0.82
ciq_ecommerce,2024-04,2024-Q2,Vaccines,VetGuard Immunize,VETGUARD-IMMUNIZE_L,E-commerce,Region,Midwest,4086,77631.28,0.82
ciq_ecommerce,2024-04,2024-Q2,Vaccines,VetGuard Immunize,VETGUARD-IMMUNIZE_S,E-commerce,Region,Midwest,5320,101077.92,0.82
ciq_ecommerce,2024-04,2024-Q2,Vaccines,VetSelect Core Vax,VETSELECT-CORE-VAX_L,E-commerce,Region,Midwest,4279,59908.73,0.82
ciq_ecommerce,2024-04,2024-Q2,Vaccines,VetSelect Core Vax,VETSELECT-CORE-VAX_S,E-commerce,Region,Midwest,6471,90599.76,0.82
ciq_ecommerce,2024-04,2024-Q2,Dermatology,VetSelect Derma,VETSELECT-DERMA_L,E-commerce,Region,Midwest,3191,121255.87,0.82
ciq_ecommerce,2024-04,2024-Q2,Dermatology,VetSelect Derma,VETSELECT-DERMA_S,E-commerce,Region,Midwest,4558,173203.15,0.82
ciq_ecommerce,2024-04,2024-Q2,Petcare Diagnostics,VetSelect Dx,VETSELECT-DX_L,E-commerce,Region,Midwest,4972,59667.76,0.82
ciq_ecommerce,2024-04,2024-Q2,Petcare Diagnostics,VetSelect Dx,VETSELECT-DX_S,E-commerce,Region,Midwest,6471,77657.12,0.82
ciq_ecommerce,2024-04,2024-Q2,Parasiticides,VetSelect Flea & Tick,VETSELECT-FLEA-TICK_L,E-commerce,Region,Midwest,18273,310639.02,0.82
ciq_ecommerce,2024-04,2024-Q2,Parasiticides,VetSelect Flea & Tick,VETSELECT-FLEA-TICK_S,E-commerce,Region,Midwest,24636,418819.16,0.82
ciq_ecommerce,2024-04,2024-Q2,Pain/Osteoarthritis,VetSelect Joint,VETSELECT-JOINT_L,E-commerce,Region,Midwest,3005,87132.64,0.82
ciq_ecommerce,2024-04,2024-Q2,Pain/Osteoarthritis,VetSelect Joint,VETSELECT-JOINT_S,E-commerce,Region,Midwest,3777,109544.38,0.82
ciq_ecommerce,2024-04,2024-Q2,Petcare Diagnostics,Vetscan,VETSCAN_L,E-commerce,Region,Midwest,7675,138146.97,0.82
ciq_ecommerce,2024-04,2024-Q2,Petcare Diagnostics,Vetscan,VETSCAN_S,E-commerce,Region,Midwest,9502,171044.76,0.82
ciq_ecommerce,2024-04,2024-Q2,Parasiticides,,UNKNOWN_LISTING_4471,E-commerce,Region,Northeast,1582,39564.21,0.82
ciq_ecommerce,2024-04,2024-Q2,Dermatology,AllerVet RX,ALLERVET-RX_L,E-commerce,Region,Northeast,3732,201550.83,0.82
ciq_ecommerce,2024-04,2024-Q2,Dermatology,AllerVet RX,ALLERVET-RX_S,E-commerce,Region,Northeast,4660,251616.96,0.82
ciq_ecommerce,2024-04,2024-Q2,Dermatology,Apoquel,APOQUEL_L,E-commerce,Region,Northeast,5644,366867.24,0.82
ciq_ecommerce,2024-04,2024-Q2,Dermatology,Apoquel,APOQUEL_S,E-commerce,Region,Northeast,6815,442994.67,0.82
ciq_ecommerce,2024-04,2024-Q2,Vaccines,BioShield Vax,BIOSHIELD-VAX_L,E-commerce,Region,Northeast,4551,91019.34,0.82
ciq_ecommerce,2024-04,2024-Q2,Vaccines,BioShield Vax,BIOSHIELD-VAX_S,E-commerce,Region,Northeast,6237,124746.03,0.82
ciq_ecommerce,2024-04,2024-Q2,Dermatology,DermaCalm,DERMACALM_L,E-commerce,Region,Northeast,4007,232419.13,0.82
ciq_ecommerce,2024-04,2024-Q2,Dermatology,DermaCalm,DERMACALM_S,E-commerce,Region,Northeast,5522,320252.1,0.82
ciq_ecommerce,2024-04,2024-Q2,Petcare Diagnostics,DiagnosTech Vet,DIAGNOSTECH-VET_L,E-commerce,Region,Northeast,7842,133305.53,0.82
ciq_ecommerce,2024-04,2024-Q2,Petcare Diagnostics,DiagnosTech Vet,DIAGNOSTECH-VET_S,E-commerce,Region,Northeast,11281,191778.56,0.82
ciq_ecommerce,2024-04,2024-Q2,Parasiticides,FleaStop Pro,FLEASTOP-PRO_L,E-commerce,Region,Northeast,11555,242652.12,0.82
ciq_ecommerce,2024-04,2024-Q2,Parasiticides,FleaStop Pro,FLEASTOP-PRO_S,E-commerce,Region,Northeast,15545,326453.55,0.82
ciq_ecommerce,2024-04,2024-Q2,Pain/Osteoarthritis,FlexiCare Joint,FLEXICARE-JOINT_L,E-commerce,Region,Northeast,3317,145945.13,0.82
ciq_ecommerce,2024-04,2024-Q2,Pain/Osteoarthritis,FlexiCare Joint,FLEXICARE-JOINT_S,E-commerce,Region,Northeast,4516,198711.82,0.82
ciq_ecommerce,2024-04,2024-Q2,Vaccines,ImmunoCore Canine,IMMUNOCORE-CANINE_L,E-commerce,Region,Northeast,5480,115074.93,0.82
ciq_ecommerce,2024-04,2024-Q2,Vaccines,ImmunoCore Canine,IMMUNOCORE-CANINE_S,E-commerce,Region,Northeast,8011,168237.83,0.82
ciq_ecommerce,2024-04,2024-Q2,Pain/Osteoarthritis,Librela,LIBRELA_L,E-commerce,Region,Northeast,2820,135364.05,0.82
ciq_ecommerce,2024-04,2024-Q2,Pain/Osteoarthritis,Librela,LIBRELA_S,E-commerce,Region,Northeast,3796,182198.01,0.82
ciq_ecommerce,2024-04,2024-Q2,Pain/Osteoarthritis,OsteoEase Vet,OSTEOEASE-VET_L,E-commerce,Region,Northeast,2730,111939.41,0.82
ciq_ecommerce,2024-04,2024-Q2,Pain/Osteoarthritis,OsteoEase Vet,OSTEOEASE-VET_S,E-commerce,Region,Northeast,3686,151125.15,0.82
ciq_ecommerce,2024-04,2024-Q2,Pain/Osteoarthritis,PainAway Canine,PAINAWAY-CANINE_L,E-commerce,Region,Northeast,2413,89285.71,0.82
ciq_ecommerce,2024-04,2024-Q2,Pain/Osteoarthritis,PainAway Canine,PAINAWAY-CANINE_S,E-commerce,Region,Northeast,3445,127481.98,0.82
ciq_ecommerce,2024-04,2024-Q2,Petcare Diagnostics,PetLab Analyzer,PETLAB-ANALYZER_L,E-commerce,Region,Northeast,5043,75644.69,0.82
ciq_ecommerce,2024-04,2024-Q2,Petcare Diagnostics,PetLab Analyzer,PETLAB-ANALYZER_S,E-commerce,Region,Northeast,6704,100554.05,0.82
ciq_ecommerce,2024-04,2024-Q2,Petcare Diagnostics,RapidVet Dx,RAPIDVET-DX_L,E-commerce,Region,Northeast,7430,118885.25,0.82
ciq_ecommerce,2024-04,2024-Q2,Petcare Diagnostics,RapidVet Dx,RAPIDVET-DX_S,E-commerce,Region,Northeast,10751,172018.45,0.82
ciq_ecommerce,2024-04,2024-Q2,Parasiticides,Simparica Trio,SIMPARICA-TRIO_L,E-commerce,Region,Northeast,16753,469077.16,0.82
ciq_ecommerce,2024-04,2024-Q2,Parasiticides,Simparica Trio,SIMPARICA-TRIO_S,E-commerce,Region,Northeast,23992,671770.43,0.82
ciq_ecommerce,2024-04,2024-Q2,Dermatology,SkinRelief Pro,SKINRELIEF-PRO_L,E-commerce,Region,Northeast,3020,147966.7,0.82
ciq_ecommerce,2024-04,2024-Q2,Dermatology,SkinRelief Pro,SKINRELIEF-PRO_S,E-commerce,Region,Northeast,4190,205286.76,0.82
ciq_ecommerce,2024-04,2024-Q2,Parasiticides,TickShield Plus,TICKSHIELD-PLUS_L,E-commerce,Region,Northeast,12456,298936.33,0.82
ciq_ecommerce,2024-04,2024-Q2,Parasiticides,TickShield Plus,TICKSHIELD-PLUS_S,E-commerce,Region,Northeast,17791,426978.97,0.82
ciq_ecommerce,2024-04,2024-Q2,Vaccines,Vanguard,VANGUARD_L,E-commerce,Region,Northeast,4532,99713.91,0.82
ciq_ecommerce,2024-04,2024-Q2,Vaccines,Vanguard,VANGUARD_S,E-commerce,Region,Northeast,6387,140517.63,0.82
ciq_ecommerce,2024-04,2024-Q2,Parasiticides,VectraGuard,VECTRAGUARD_L,E-commerce,Region,Northeast,15727,408912.61,0.82
ciq_ecommerce,2024-04,2024-Q2,Parasiticides,VectraGuard,VECTRAGUARD_S,E-commerce,Region,Northeast,20800,540800.07,0.82
ciq_ecommerce,2024-04,2024-Q2,Vaccines,VetGuard Immunize,VETGUARD-IMMUNIZE_L,E-commerce,Region,Northeast,4308,81861.18,0.82
ciq_ecommerce,2024-04,2024-Q2,Vaccines,VetGuard Immunize,VETGUARD-IMMUNIZE_S,E-commerce,Region,Northeast,5940,112868.69,0.82
ciq_ecommerce,2024-04,2024-Q2,Vaccines,VetSelect Core Vax,VETSELECT-CORE-VAX_L,E-commerce,Region,Northeast,4704,65851.38,0.82
ciq_ecommerce,2024-04,2024-Q2,Vaccines,VetSelect Core Vax,VETSELECT-CORE-VAX_S,E-commerce,Region,Northeast,6526,91359.66,0.82
ciq_ecommerce,2024-04,2024-Q2,Dermatology,VetSelect Derma,VETSELECT-DERMA_L,E-commerce,Region,Northeast,3407,129484.25,0.82
ciq_ecommerce,2024-04,2024-Q2,Dermatology,VetSelect Derma,VETSELECT-DERMA_S,E-commerce,Region,Northeast,4347,165176.36,0.82
ciq_ecommerce,2024-04,2024-Q2,Petcare Diagnostics,VetSelect Dx,VETSELECT-DX_L,E-commerce,Region,Northeast,5165,61979.48,0.82
ciq_ecommerce,2024-04,2024-Q2,Petcare Diagnostics,VetSelect Dx,VETSELECT-DX_S,E-commerce,Region,Northeast,7117,85406.07,0.82
ciq_ecommerce,2024-04,2024-Q2,Parasiticides,VetSelect Flea & Tick,VETSELECT-FLEA-TICK_L,E-commerce,Region,Northeast,18832,320136.28,0.82
ciq_ecommerce,2024-04,2024-Q2,Parasiticides,VetSelect Flea & Tick,VETSELECT-FLEA-TICK_S,E-commerce,Region,Northeast,25084,426420.48,0.82
ciq_ecommerce,2024-04,2024-Q2,Pain/Osteoarthritis,VetSelect Joint,VETSELECT-JOINT_L,E-commerce,Region,Northeast,3066,88911.04,0.82
ciq_ecommerce,2024-04,2024-Q2,Pain/Osteoarthritis,VetSelect Joint,VETSELECT-JOINT_S,E-commerce,Region,Northeast,4151,120381.3,0.82
ciq_ecommerce,2024-04,2024-Q2,Petcare Diagnostics,Vetscan,VETSCAN_L,E-commerce,Region,Northeast,7854,141367.68,0.82
ciq_ecommerce,2024-04,2024-Q2,Petcare Diagnostics,Vetscan,VETSCAN_S,E-commerce,Region,Northeast,10108,181945.16,0.82
ciq_ecommerce,2024-04,2024-Q2,Dermatology,AllerVet RX,ALLERVET-RX_L,E-commerce,Region,South,5544,299349.42,0.82
ciq_ecommerce,2024-04,2024-Q2,Dermatology,AllerVet RX,ALLERVET-RX_S,E-commerce,Region,South,7738,417842.91,0.82
ciq_ecommerce,2024-04,2024-Q2,Dermatology,Apoquel,APOQUEL_L,E-commerce,Region,South,8144,529360.6,0.82
ciq_ecommerce,2024-04,2024-Q2,Dermatology,Apoquel,APOQUEL_S,E-commerce,Region,South,10913,709352.19,0.82
ciq_ecommerce,2024-04,2024-Q2,Vaccines,BioShield Vax,BIOSHIELD-VAX_L,E-commerce,Region,South,6316,126315.11,0.82
ciq_ecommerce,2024-04,2024-Q2,Vaccines,BioShield Vax,BIOSHIELD-VAX_S,E-commerce,Region,South,9279,185584.01,0.82
ciq_ecommerce,2024-04,2024-Q2,Dermatology,DermaCalm,DERMACALM_L,E-commerce,Region,South,6166,357624.35,0.82
ciq_ecommerce,2024-04,2024-Q2,Dermatology,DermaCalm,DERMACALM_S,E-commerce,Region,South,8692,504150.45,0.82
ciq_ecommerce,2024-04,2024-Q2,Petcare Diagnostics,DiagnosTech Vet,DIAGNOSTECH-VET_L,E-commerce,Region,South,11787,200384.44,0.82
ciq_ecommerce,2024-04,2024-Q2,Petcare Diagnostics,DiagnosTech Vet,DIAGNOSTECH-VET_S,E-commerce,Region,South,17238,293037.75,0.82
ciq_ecommerce,2024-04,2024-Q2,Parasiticides,FleaStop Pro,FLEASTOP-PRO_L,E-commerce,Region,South,18111,380340.84,0.82
ciq_ecommerce,2024-04,2024-Q2,Parasiticides,FleaStop Pro,FLEASTOP-PRO_S,E-commerce,Region,South,22884,480570.21,0.82
ciq_ecommerce,2024-04,2024-Q2,Pain/Osteoarthritis,FlexiCare Joint,FLEXICARE-JOINT_L,E-commerce,Region,South,4513,198576.13,0.82
ciq_ecommerce,2024-04,2024-Q2,Pain/Osteoarthritis,FlexiCare Joint,FLEXICARE-JOINT_S,E-commerce,Region,South,6351,279457.9,0.82
ciq_ecommerce,2024-04,2024-Q2,Vaccines,ImmunoCore Canine,IMMUNOCORE-CANINE_L,E-commerce,Region,South,9411,197628.46,0.82
ciq_ecommerce,2024-04,2024-Q2,Vaccines,ImmunoCore Canine,IMMUNOCORE-CANINE_S,E-commerce,Region,South,12114,254392.19,0.82
ciq_ecommerce,2024-04,2024-Q2,Pain/Osteoarthritis,Librela,LIBRELA_L,E-commerce,Region,South,3839,184277.45,0.82
ciq_ecommerce,2024-04,2024-Q2,Pain/Osteoarthritis,Librela,LIBRELA_S,E-commerce,Region,South,5425,260393.57,0.82
ciq_ecommerce,2024-04,2024-Q2,Pain/Osteoarthritis,OsteoEase Vet,OSTEOEASE-VET_L,E-commerce,Region,South,4531,185765.27,0.82
ciq_ecommerce,2024-04,2024-Q2,Pain/Osteoarthritis,OsteoEase Vet,OSTEOEASE-VET_S,E-commerce,Region,South,6016,246644.39,0.82
ciq_ecommerce,2024-04,2024-Q2,Pain/Osteoarthritis,PainAway Canine,PAINAWAY-CANINE_L,E-commerce,Region,South,3765,139318.24,0.82
ciq_ecommerce,2024-04,2024-Q2,Pain/Osteoarthritis,PainAway Canine,PAINAWAY-CANINE_S,E-commerce,Region,South,5802,214690.22,0.82
ciq_ecommerce,2024-04,2024-Q2,Petcare Diagnostics,PetLab Analyzer,PETLAB-ANALYZER_L,E-commerce,Region,South,7291,109365.72,0.82
ciq_ecommerce,2024-04,2024-Q2,Petcare Diagnostics,PetLab Analyzer,PETLAB-ANALYZER_S,E-commerce,Region,South,10660,159897.28,0.82
ciq_ecommerce,2024-04,2024-Q2,Petcare Diagnostics,RapidVet Dx,RAPIDVET-DX_L,E-commerce,Region,South,12186,194969.36,0.82
ciq_ecommerce,2024-04,2024-Q2,Petcare Diagnostics,RapidVet Dx,RAPIDVET-DX_S,E-commerce,Region,South,17387,278195.39,0.82
ciq_ecommerce,2024-04,2024-Q2,Parasiticides,Simparica Trio,SIMPARICA-TRIO_L,E-commerce,Region,South,27186,761200.88,0.82
ciq_ecommerce,2024-04,2024-Q2,Parasiticides,Simparica Trio,SIMPARICA-TRIO_S,E-commerce,Region,South,40109,1123048.81,0.82
ciq_ecommerce,2024-04,2024-Q2,Dermatology,SkinRelief Pro,SKINRELIEF-PRO_L,E-commerce,Region,South,4404,215779.78,0.82
ciq_ecommerce,2024-04,2024-Q2,Dermatology,SkinRelief Pro,SKINRELIEF-PRO_S,E-commerce,Region,South,6773,331878.12,0.82
ciq_ecommerce,2024-04,2024-Q2,Parasiticides,TickShield Plus,TICKSHIELD-PLUS_L,E-commerce,Region,South,19540,468952.54,0.82
ciq_ecommerce,2024-04,2024-Q2,Parasiticides,TickShield Plus,TICKSHIELD-PLUS_S,E-commerce,Region,South,25887,621288.71,0.82
ciq_ecommerce,2024-04,2024-Q2,Vaccines,Vanguard,VANGUARD_L,E-commerce,Region,South,7327,161197.5,0.82
ciq_ecommerce,2024-04,2024-Q2,Vaccines,Vanguard,VANGUARD_S,E-commerce,Region,South,9606,211338.63,0.82
ciq_ecommerce,2024-04,2024-Q2,Parasiticides,VectraGuard,VECTRAGUARD_L,E-commerce,Region,South,24963,649028.27,0.82
ciq_ecommerce,2024-04,2024-Q2,Parasiticides,VectraGuard,VECTRAGUARD_S,E-commerce,Region,South,31512,819321.2,0.82
ciq_ecommerce,2024-04,2024-Q2,Vaccines,VetGuard Immunize,VETGUARD-IMMUNIZE_L,E-commerce,Region,South,6121,116294.17,0.82
ciq_ecommerce,2024-04,2024-Q2,Vaccines,VetGuard Immunize,VETGUARD-IMMUNIZE_S,E-commerce,Region,South,9640,183156.41,0.82
ciq_ecommerce,2024-04,2024-Q2,Vaccines,VetSelect Core Vax,VETSELECT-CORE-VAX_L,E-commerce,Region,South,6790,95058.94,0.82
ciq_ecommerce,2024-04,2024-Q2,Vaccines,VetSelect Core Vax,VETSELECT-CORE-VAX_S,E-commerce,Region,South,9241,129367.05,0.82
ciq_ecommerce,2024-04,2024-Q2,Dermatology,VetSelect Derma,VETSELECT-DERMA_L,E-commerce,Region,South,5321,202179.43,0.82
ciq_ecommerce,2024-04,2024-Q2,Dermatology,VetSelect Derma,VETSELECT-DERMA_S,E-commerce,Region,South,7466,283707.51,0.82
ciq_ecommerce,2024-04,2024-Q2,Petcare Diagnostics,VetSelect Dx,VETSELECT-DX_L,E-commerce,Region,South,7256,87077.82,0.82
ciq_ecommerce,2024-04,2024-Q2,Petcare Diagnostics,VetSelect Dx,VETSELECT-DX_S,E-commerce,Region,South,9806,117675.9,0.82
ciq_ecommerce,2024-04,2024-Q2,Parasiticides,VetSelect Flea & Tick,VETSELECT-FLEA-TICK_L,E-commerce,Region,South,26735,454489.91,0.82
ciq_ecommerce,2024-04,2024-Q2,Parasiticides,VetSelect Flea & Tick,VETSELECT-FLEA-TICK_S,E-commerce,Region,South,39913,678528.6,0.82
ciq_ecommerce,2024-04,2024-Q2,Pain/Osteoarthritis,VetSelect Joint,VETSELECT-JOINT_L,E-commerce,Region,South,4602,133454.52,0.82
ciq_ecommerce,2024-04,2024-Q2,Pain/Osteoarthritis,VetSelect Joint,VETSELECT-JOINT_S,E-commerce,Region,South,5812,168541.32,0.82
ciq_ecommerce,2024-04,2024-Q2,Petcare Diagnostics,Vetscan,VETSCAN_L,E-commerce,Region,South,11381,204855.49,0.82
ciq_ecommerce,2024-04,2024-Q2,Petcare Diagnostics,Vetscan,VETSCAN_S,E-commerce,Region,South,16634,299406.37,0.82
ciq_ecommerce,2024-04,2024-Q2,Dermatology,AllerVet RX,ALLERVET-RX_L,E-commerce,Region,West,3715,200610.05,0.82
ciq_ecommerce,2024-04,2024-Q2,Dermatology,AllerVet RX,ALLERVET-RX_S,E-commerce,Region,West,5409,292089.39,0.82
ciq_ecommerce,2024-04,2024-Q2,Dermatology,Apoquel,APOQUEL_L,E-commerce,Region,West,5114,332432.22,0.82
ciq_ecommerce,2024-04,2024-Q2,Dermatology,Apoquel,APOQUEL_S,E-commerce,Region,West,6775,440351.41,0.82
ciq_ecommerce,2024-04,2024-Q2,Vaccines,BioShield Vax,BIOSHIELD-VAX_L,E-commerce,Region,West,4514,90278.08,0.82
ciq_ecommerce,2024-04,2024-Q2,Vaccines,BioShield Vax,BIOSHIELD-VAX_S,E-commerce,Region,West,6217,124346.6,0.82
ciq_ecommerce,2024-04,2024-Q2,Dermatology,DermaCalm,DERMACALM_L,E-commerce,Region,West,3658,212188.5,0.82
ciq_ecommerce,2024-04,2024-Q2,Dermatology,DermaCalm,DERMACALM_S,E-commerce,Region,West,5701,330633.03,0.82
ciq_ecommerce,2024-04,2024-Q2,Petcare Diagnostics,DiagnosTech Vet,DIAGNOSTECH-VET_L,E-commerce,Region,West,8265,140506.66,0.82
ciq_ecommerce,2024-04,2024-Q2,Petcare Diagnostics,DiagnosTech Vet,DIAGNOSTECH-VET_S,E-commerce,Region,West,11568,196661.38,0.82
ciq_ecommerce,2024-04,2024-Q2,Parasiticides,FleaStop Pro,FLEASTOP-PRO_L,E-commerce,Region,West,11101,233126.76,0.82
ciq_ecommerce,2024-04,2024-Q2,Parasiticides,FleaStop Pro,FLEASTOP-PRO_S,E-commerce,Region,West,16142,338990.98,0.82
ciq_ecommerce,2024-04,2024-Q2,Pain/Osteoarthritis,FlexiCare Joint,FLEXICARE-JOINT_L,E-commerce,Region,West,3360,147846.01,0.82
ciq_ecommerce,2024-04,2024-Q2,Pain/Osteoarthritis,FlexiCare Joint,FLEXICARE-JOINT_S,E-commerce,Region,West,4303,189314.8,0.82
ciq_ecommerce,2024-04,2024-Q2,Vaccines,ImmunoCore Canine,IMMUNOCORE-CANINE_L,E-commerce,Region,West,5512,115749.69,0.82
ciq_ecommerce,2024-04,2024-Q2,Vaccines,ImmunoCore Canine,IMMUNOCORE-CANINE_S,E-commerce,Region,West,8172,171609.37,0.82
ciq_ecommerce,2024-04,2024-Q2,Pain/Osteoarthritis,Librela,LIBRELA_L,E-commerce,Region,West,2673,128286.03,0.82
ciq_ecommerce,2024-04,2024-Q2,Pain/Osteoarthritis,Librela,LIBRELA_S,E-commerce,Region,West,3633,174389.79,0.82
ciq_ecommerce,2024-04,2024-Q2,Pain/Osteoarthritis,OsteoEase Vet,OSTEOEASE-VET_L,E-commerce,Region,West,3083,126405.12,0.82
ciq_ecommerce,2024-04,2024-Q2,Pain/Osteoarthritis,OsteoEase Vet,OSTEOEASE-VET_S,E-commerce,Region,West,4114,168656.67,0.82
ciq_ecommerce,2024-04,2024-Q2,Pain/Osteoarthritis,PainAway Canine,PAINAWAY-CANINE_L,E-commerce,Region,West,2582,95548.66,0.82
ciq_ecommerce,2024-04,2024-Q2,Pain/Osteoarthritis,PainAway Canine,PAINAWAY-CANINE_S,E-commerce,Region,West,3698,136819.31,0.82
ciq_ecommerce,2024-04,2024-Q2,Petcare Diagnostics,PetLab Analyzer,PETLAB-ANALYZER_L,E-commerce,Region,West,5041,75608.35,0.82
ciq_ecommerce,2024-04,2024-Q2,Petcare Diagnostics,PetLab Analyzer,PETLAB-ANALYZER_S,E-commerce,Region,West,6916,103734.58,0.82
ciq_ecommerce,2024-04,2024-Q2,Petcare Diagnostics,RapidVet Dx,RAPIDVET-DX_L,E-commerce,Region,West,8068,129091.04,0.82
ciq_ecommerce,2024-04,2024-Q2,Petcare Diagnostics,RapidVet Dx,RAPIDVET-DX_S,E-commerce,Region,West,9597,153546.72,0.82
ciq_ecommerce,2024-04,2024-Q2,Parasiticides,Simparica Trio,SIMPARICA-TRIO_L,E-commerce,Region,West,18396,515093.69,0.82
ciq_ecommerce,2024-04,2024-Q2,Parasiticides,Simparica Trio,SIMPARICA-TRIO_S,E-commerce,Region,West,26624,745465.17,0.82
ciq_ecommerce,2024-04,2024-Q2,Dermatology,SkinRelief Pro,SKINRELIEF-PRO_L,E-commerce,Region,West,3406,166916.91,0.82
ciq_ecommerce,2024-04,2024-Q2,Dermatology,SkinRelief Pro,SKINRELIEF-PRO_S,E-commerce,Region,West,4470,219021.58,0.82
ciq_ecommerce,2024-04,2024-Q2,Parasiticides,TickShield Plus,TICKSHIELD-PLUS_L,E-commerce,Region,West,11864,284734.78,0.82
ciq_ecommerce,2024-04,2024-Q2,Parasiticides,TickShield Plus,TICKSHIELD-PLUS_S,E-commerce,Region,West,19331,463940.4,0.82
ciq_ecommerce,2024-04,2024-Q2,Vaccines,Vanguard,VANGUARD_L,E-commerce,Region,West,4622,101689.07,0.82
ciq_ecommerce,2024-04,2024-Q2,Vaccines,Vanguard,VANGUARD_S,E-commerce,Region,West,6313,138892.16,0.82
ciq_ecommerce,2024-04,2024-Q2,Parasiticides,VectraGuard,VECTRAGUARD_L,E-commerce,Region,West,17935,466305.56,0.82
ciq_ecommerce,2024-04,2024-Q2,Parasiticides,VectraGuard,VECTRAGUARD_S,E-commerce,Region,West,24014,624371.17,0.82
ciq_ecommerce,2024-04,2024-Q2,Vaccines,VetGuard Immunize,VETGUARD-IMMUNIZE_L,E-commerce,Region,West,4410,83788.52,0.82
ciq_ecommerce,2024-04,2024-Q2,Vaccines,VetGuard Immunize,VETGUARD-IMMUNIZE_S,E-commerce,Region,West,5998,113967.46,0.82
ciq_ecommerce,2024-04,2024-Q2,Vaccines,VetSelect Core Vax,VETSELECT-CORE-VAX_L,E-commerce,Region,West,288,4027.19,0.82
ciq_ecommerce,2024-04,2024-Q2,Vaccines,VetSelect Core Vax,VETSELECT-CORE-VAX_S,E-commerce,Region,West,376,5269.42,0.82
ciq_ecommerce,2024-04,2024-Q2,Dermatology,VetSelect Derma,VETSELECT-DERMA_L,E-commerce,Region,West,3801,144444.64,0.82
ciq_ecommerce,2024-04,2024-Q2,Dermatology,VetSelect Derma,VETSELECT-DERMA_S,E-commerce,Region,West,4995,189808.72,0.82
ciq_ecommerce,2024-04,2024-Q2,Petcare Diagnostics,VetSelect Dx,VETSELECT-DX_L,E-commerce,Region,West,5161,61937.64,0.82
ciq_ecommerce,2024-04,2024-Q2,Petcare Diagnostics,VetSelect Dx,VETSELECT-DX_S,E-commerce,Region,West,6904,82846.01,0.82
ciq_ecommerce,2024-04,2024-Q2,Parasiticides,VetSelect Flea & Tick,VETSELECT-FLEA-TICK_L,E-commerce,Region,West,19499,331480.73,0.82
ciq_ecommerce,2024-04,2024-Q2,Parasiticides,VetSelect Flea & Tick,VETSELECT-FLEA-TICK_S,E-commerce,Region,West,28362,482146.54,0.82
ciq_ecommerce,2024-04,2024-Q2,Pain/Osteoarthritis,VetSelect Joint,VETSELECT-JOINT_L,E-commerce,Region,West,3158,91594.11,0.82
ciq_ecommerce,2024-04,2024-Q2,Pain/Osteoarthritis,VetSelect Joint,VETSELECT-JOINT_S,E-commerce,Region,West,4233,122767.21,0.82
ciq_ecommerce,2024-04,2024-Q2,Petcare Diagnostics,Vetscan,VETSCAN_L,E-commerce,Region,West,7311,131594.67,0.82
ciq_ecommerce,2024-04,2024-Q2,Petcare Diagnostics,Vetscan,VETSCAN_S,E-commerce,Region,West,10413,187431.84,0.82
ciq_ecommerce,2024-05,2024-Q2,Dermatology,AllerVet RX,ALLERVET-RX_L,E-commerce,National,National,19033,1027749.59,0.82
ciq_ecommerce,2024-05,2024-Q2,Dermatology,AllerVet RX,ALLERVET-RX_S,E-commerce,National,National,26163,1412778.43,0.82
ciq_ecommerce,2024-05,2024-Q2,Dermatology,Apoquel,APOQUEL_L,E-commerce,National,National,25966,1687844.38,0.82
ciq_ecommerce,2024-05,2024-Q2,Dermatology,Apoquel,APOQUEL_S,E-commerce,National,National,34544,2245331.28,0.82
ciq_ecommerce,2024-05,2024-Q2,Vaccines,BioShield Vax,BIOSHIELD-VAX_L,E-commerce,National,National,22660,453194.43,0.82
ciq_ecommerce,2024-05,2024-Q2,Vaccines,BioShield Vax,BIOSHIELD-VAX_S,E-commerce,National,National,32264,645299.14,0.82
ciq_ecommerce,2024-05,2024-Q2,Dermatology,DermaCalm,DERMACALM_L,E-commerce,National,National,21609,1253308.13,0.82
ciq_ecommerce,2024-05,2024-Q2,Dermatology,DermaCalm,DERMACALM_S,E-commerce,National,National,27422,1590481.51,0.82
ciq_ecommerce,2024-05,2024-Q2,Petcare Diagnostics,DiagnosTech Vet,DIAGNOSTECH-VET_L,E-commerce,National,National,39003,663054.75,0.82
ciq_ecommerce,2024-05,2024-Q2,Petcare Diagnostics,DiagnosTech Vet,DIAGNOSTECH-VET_S,E-commerce,National,National,52191,887233.43,0.82
ciq_ecommerce,2024-05,2024-Q2,Parasiticides,FleaStop Pro,FLEASTOP-PRO_L,E-commerce,National,National,57085,1198774.68,0.82
ciq_ecommerce,2024-05,2024-Q2,Parasiticides,FleaStop Pro,FLEASTOP-PRO_S,E-commerce,National,National,78427,1646984.0,0.82
ciq_ecommerce,2024-05,2024-Q2,Pain/Osteoarthritis,FlexiCare Joint,FLEXICARE-JOINT_L,E-commerce,National,National,12753,561150.48,0.82
ciq_ecommerce,2024-05,2024-Q2,Pain/Osteoarthritis,FlexiCare Joint,FLEXICARE-JOINT_S,E-commerce,National,National,17521,770863.42,0.82
ciq_ecommerce,2024-05,2024-Q2,Vaccines,ImmunoCore Canine,IMMUNOCORE-CANINE_L,E-commerce,National,National,27904,585982.48,0.82
ciq_ecommerce,2024-05,2024-Q2,Vaccines,ImmunoCore Canine,IMMUNOCORE-CANINE_S,E-commerce,National,National,38331,804947.08,0.82
ciq_ecommerce,2024-05,2024-Q2,Pain/Osteoarthritis,Librela,LIBRELA_L,E-commerce,National,National,11857,569183.41,0.82
ciq_ecommerce,2024-05,2024-Q2,Pain/Osteoarthritis,Librela,LIBRELA_S,E-commerce,National,National,15963,766215.94,0.82
ciq_ecommerce,2024-05,2024-Q2,Pain/Osteoarthritis,OsteoEase Vet,OSTEOEASE-VET_L,E-commerce,National,National,12593,516350.18,0.82
ciq_ecommerce,2024-05,2024-Q2,Pain/Osteoarthritis,OsteoEase Vet,OSTEOEASE-VET_S,E-commerce,National,National,16640,682249.04,0.82
ciq_ecommerce,2024-05,2024-Q2,Pain/Osteoarthritis,PainAway Canine,PAINAWAY-CANINE_L,E-commerce,National,National,10236,378741.54,0.82
ciq_ecommerce,2024-05,2024-Q2,Pain/Osteoarthritis,PainAway Canine,PAINAWAY-CANINE_S,E-commerce,National,National,14252,527336.91,0.82
ciq_ecommerce,2024-05,2024-Q2,Petcare Diagnostics,PetLab Analyzer,PETLAB-ANALYZER_L,E-commerce,National,National,22851,342772.02,0.82
ciq_ecommerce,2024-05,2024-Q2,Petcare Diagnostics,PetLab Analyzer,PETLAB-ANALYZER_S,E-commerce,National,National,31391,470866.35,0.82
ciq_ecommerce,2024-05,2024-Q2,Petcare Diagnostics,RapidVet Dx,RAPIDVET-DX_L,E-commerce,National,National,36238,579805.03,0.82
ciq_ecommerce,2024-05,2024-Q2,Petcare Diagnostics,RapidVet Dx,RAPIDVET-DX_S,E-commerce,National,National,47745,763932.72,0.82
ciq_ecommerce,2024-05,2024-Q2,Parasiticides,Simparica Trio,SIMPARICA-TRIO_L,E-commerce,National,National,92472,2589214.26,0.82
ciq_ecommerce,2024-05,2024-Q2,Parasiticides,Simparica Trio,SIMPARICA-TRIO_S,E-commerce,National,National,126016,3528434.45,0.82
ciq_ecommerce,2024-05,2024-Q2,Dermatology,SkinRelief Pro,SKINRELIEF-PRO_L,E-commerce,National,National,15894,778822.83,0.82
ciq_ecommerce,2024-05,2024-Q2,Dermatology,SkinRelief Pro,SKINRELIEF-PRO_S,E-commerce,National,National,22135,1084621.06,0.82
ciq_ecommerce,2024-05,2024-Q2,Parasiticides,TickShield Plus,TICKSHIELD-PLUS_L,E-commerce,National,National,63525,1524603.4,0.82
ciq_ecommerce,2024-05,2024-Q2,Parasiticides,TickShield Plus,TICKSHIELD-PLUS_S,E-commerce,National,National,89094,2138269.76,0.82
ciq_ecommerce,2024-05,2024-Q2,Vaccines,Vanguard,VANGUARD_L,E-commerce,National,National,23444,515756.39,0.82
ciq_ecommerce,2024-05,2024-Q2,Vaccines,Vanguard,VANGUARD_S,E-commerce,National,National,32850,722707.7,0.82
ciq_ecommerce,2024-05,2024-Q2,Parasiticides,VectraGuard,VECTRAGUARD_L,E-commerce,National,National,83022,2158562.05,0.82
ciq_ecommerce,2024-05,2024-Q2,Parasiticides,VectraGuard,VECTRAGUARD_S,E-commerce,National,National,109463,2846013.28,0.82
ciq_ecommerce,2024-05,2024-Q2,Vaccines,VetGuard Immunize,VETGUARD-IMMUNIZE_L,E-commerce,National,National,19475,370028.07,0.82
ciq_ecommerce,2024-05,2024-Q2,Vaccines,VetGuard Immunize,VETGUARD-IMMUNIZE_S,E-commerce,National,National,27437,521290.48,0.82
ciq_ecommerce,2024-05,2024-Q2,Vaccines,VetSelect Core Vax,VETSELECT-CORE-VAX_L,E-commerce,National,National,21876,306269.51,0.82
ciq_ecommerce,2024-05,2024-Q2,Vaccines,VetSelect Core Vax,VETSELECT-CORE-VAX_S,E-commerce,National,National,30056,420787.47,0.82
ciq_ecommerce,2024-05,2024-Q2,Dermatology,VetSelect Derma,VETSELECT-DERMA_L,E-commerce,National,National,16988,645584.6,0.82
ciq_ecommerce,2024-05,2024-Q2,Dermatology,VetSelect Derma,VETSELECT-DERMA_S,E-commerce,National,National,23926,909172.63,0.82
ciq_ecommerce,2024-05,2024-Q2,Petcare Diagnostics,VetSelect Dx,VETSELECT-DX_L,E-commerce,National,National,21208,254490.52,0.82
ciq_ecommerce,2024-05,2024-Q2,Petcare Diagnostics,VetSelect Dx,VETSELECT-DX_S,E-commerce,National,National,29889,358672.28,0.82
ciq_ecommerce,2024-05,2024-Q2,Parasiticides,VetSelect Flea & Tick,VETSELECT-FLEA-TICK_L,E-commerce,National,National,95942,1631029.22,0.82
ciq_ecommerce,2024-05,2024-Q2,Parasiticides,VetSelect Flea & Tick,VETSELECT-FLEA-TICK_S,E-commerce,National,National,132935,2259888.11,0.82
ciq_ecommerce,2024-05,2024-Q2,Pain/Osteoarthritis,VetSelect Joint,VETSELECT-JOINT_L,E-commerce,National,National,13399,388560.48,0.82
ciq_ecommerce,2024-05,2024-Q2,Pain/Osteoarthritis,VetSelect Joint,VETSELECT-JOINT_S,E-commerce,National,National,17203,498901.13,0.82
ciq_ecommerce,2024-05,2024-Q2,Petcare Diagnostics,Vetscan,VETSCAN_L,E-commerce,National,National,35256,634603.32,0.82
ciq_ecommerce,2024-05,2024-Q2,Petcare Diagnostics,Vetscan,VETSCAN_S,E-commerce,National,National,49413,889417.41,0.82
ciq_ecommerce,2024-05,2024-Q2,Dermatology,AllerVet RX,ALLERVET-RX_L,E-commerce,Region,Midwest,3813,205893.68,0.82
ciq_ecommerce,2024-05,2024-Q2,Dermatology,AllerVet RX,ALLERVET-RX_S,E-commerce,Region,Midwest,5371,290023.54,0.82
ciq_ecommerce,2024-05,2024-Q2,Dermatology,Apoquel,APOQUEL_L,E-commerce,Region,Midwest,5422,352443.51,0.82
ciq_ecommerce,2024-05,2024-Q2,Dermatology,Apoquel,APOQUEL_S,E-commerce,Region,Midwest,7540,490069.31,0.82
ciq_ecommerce,2024-05,2024-Q2,Vaccines,BioShield Vax,BIOSHIELD-VAX_L,E-commerce,Region,Midwest,4898,97950.28,0.82
ciq_ecommerce,2024-05,2024-Q2,Vaccines,BioShield Vax,BIOSHIELD-VAX_S,E-commerce,Region,Midwest,6573,131465.35,0.82
ciq_ecommerce,2024-05,2024-Q2,Dermatology,DermaCalm,DERMACALM_L,E-commerce,Region,Midwest,4386,254389.91,0.82
ciq_ecommerce,2024-05,2024-Q2,Dermatology,DermaCalm,DERMACALM_S,E-commerce,Region,Midwest,5987,347268.41,0.82
ciq_ecommerce,2024-05,2024-Q2,Petcare Diagnostics,DiagnosTech Vet,DIAGNOSTECH-VET_L,E-commerce,Region,Midwest,8075,137267.28,0.82
ciq_ecommerce,2024-05,2024-Q2,Petcare Diagnostics,DiagnosTech Vet,DIAGNOSTECH-VET_S,E-commerce,Region,Midwest,11415,194051.66,0.82
ciq_ecommerce,2024-05,2024-Q2,Parasiticides,FleaStop Pro,FLEASTOP-PRO_L,E-commerce,Region,Midwest,11814,248097.14,0.82
ciq_ecommerce,2024-05,2024-Q2,Parasiticides,FleaStop Pro,FLEASTOP-PRO_S,E-commerce,Region,Midwest,17109,359295.75,0.82
ciq_ecommerce,2024-05,2024-Q2,Pain/Osteoarthritis,FlexiCare Joint,FLEXICARE-JOINT_L,E-commerce,Region,Midwest,2629,115697.34,0.82
ciq_ecommerce,2024-05,2024-Q2,Pain/Osteoarthritis,FlexiCare Joint,FLEXICARE-JOINT_S,E-commerce,Region,Midwest,3824,168252.58,0.82
ciq_ecommerce,2024-05,2024-Q2,Vaccines,ImmunoCore Canine,IMMUNOCORE-CANINE_L,E-commerce,Region,Midwest,5523,115986.32,0.82
ciq_ecommerce,2024-05,2024-Q2,Vaccines,ImmunoCore Canine,IMMUNOCORE-CANINE_S,E-commerce,Region,Midwest,7724,162207.39,0.82
ciq_ecommerce,2024-05,2024-Q2,Pain/Osteoarthritis,Librela,LIBRELA_L,E-commerce,Region,Midwest,2447,117458.12,0.82
ciq_ecommerce,2024-05,2024-Q2,Pain/Osteoarthritis,Librela,LIBRELA_S,E-commerce,Region,Midwest,3629,174190.53,0.82
ciq_ecommerce,2024-05,2024-Q2,Pain/Osteoarthritis,OsteoEase Vet,OSTEOEASE-VET_L,E-commerce,Region,Midwest,2551,104599.75,0.82
ciq_ecommerce,2024-05,2024-Q2,Pain/Osteoarthritis,OsteoEase Vet,OSTEOEASE-VET_S,E-commerce,Region,Midwest,3488,143005.31,0.82
ciq_ecommerce,2024-05,2024-Q2,Pain/Osteoarthritis,PainAway Canine,PAINAWAY-CANINE_L,E-commerce,Region,Midwest,2059,76178.68,0.82
ciq_ecommerce,2024-05,2024-Q2,Pain/Osteoarthritis,PainAway Canine,PAINAWAY-CANINE_S,E-commerce,Region,Midwest,3244,120029.26,0.82
ciq_ecommerce,2024-05,2024-Q2,Petcare Diagnostics,PetLab Analyzer,PETLAB-ANALYZER_L,E-commerce,Region,Midwest,5287,79306.71,0.82
ciq_ecommerce,2024-05,2024-Q2,Petcare Diagnostics,PetLab Analyzer,PETLAB-ANALYZER_S,E-commerce,Region,Midwest,7050,105749.49,0.82
ciq_ecommerce,2024-05,2024-Q2,Petcare Diagnostics,RapidVet Dx,RAPIDVET-DX_L,E-commerce,Region,Midwest,7383,118124.92,0.82
ciq_ecommerce,2024-05,2024-Q2,Petcare Diagnostics,RapidVet Dx,RAPIDVET-DX_S,E-commerce,Region,Midwest,9966,159463.94,0.82
ciq_ecommerce,2024-05,2024-Q2,Parasiticides,Simparica Trio,SIMPARICA-TRIO_L,E-commerce,Region,Midwest,19440,544318.36,0.82
ciq_ecommerce,2024-05,2024-Q2,Parasiticides,Simparica Trio,SIMPARICA-TRIO_S,E-commerce,Region,Midwest,26487,741633.78,0.82
ciq_ecommerce,2024-05,2024-Q2,Dermatology,SkinRelief Pro,SKINRELIEF-PRO_L,E-commerce,Region,Midwest,3186,156124.4,0.82
ciq_ecommerce,2024-05,2024-Q2,Dermatology,SkinRelief Pro,SKINRELIEF-PRO_S,E-commerce,Region,Midwest,4069,199363.62,0.82
ciq_ecommerce,2024-05,2024-Q2,Parasiticides,TickShield Plus,TICKSHIELD-PLUS_L,E-commerce,Region,Midwest,13144,315454.4,0.82
ciq_ecommerce,2024-05,2024-Q2,Parasiticides,TickShield Plus,TICKSHIELD-PLUS_S,E-commerce,Region,Midwest,18899,453573.62,0.82
ciq_ecommerce,2024-05,2024-Q2,Vaccines,Vanguard,VANGUARD_L,E-commerce,Region,Midwest,5014,110299.66,0.82
ciq_ecommerce,2024-05,2024-Q2,Vaccines,Vanguard,VANGUARD_S,E-commerce,Region,Midwest,6816,149962.75,0.82
ciq_ecommerce,2024-05,2024-Q2,Parasiticides,VectraGuard,VECTRAGUARD_L,E-commerce,Region,Midwest,16129,419344.72,0.82
ciq_ecommerce,2024-05,2024-Q2,Parasiticides,VectraGuard,VECTRAGUARD_S,E-commerce,Region,Midwest,22264,578854.3,0.82
ciq_ecommerce,2024-05,2024-Q2,Vaccines,VetGuard Immunize,VETGUARD-IMMUNIZE_L,E-commerce,Region,Midwest,4038,76729.8,0.82
ciq_ecommerce,2024-05,2024-Q2,Vaccines,VetGuard Immunize,VETGUARD-IMMUNIZE_S,E-commerce,Region,Midwest,5790,110009.15,0.82
ciq_ecommerce,2024-05,2024-Q2,Vaccines,VetSelect Core Vax,VETSELECT-CORE-VAX_L,E-commerce,Region,Midwest,4817,67432.46,0.82
ciq_ecommerce,2024-05,2024-Q2,Vaccines,VetSelect Core Vax,VETSELECT-CORE-VAX_S,E-commerce,Region,Midwest,5753,80539.77,0.82
ciq_ecommerce,2024-05,2024-Q2,Dermatology,VetSelect Derma,VETSELECT-DERMA_L,E-commerce,Region,Midwest,3582,136134.81,0.82
ciq_ecommerce,2024-05,2024-Q2,Dermatology,VetSelect Derma,VETSELECT-DERMA_S,E-commerce,Region,Midwest,5099,193753.14,0.82
ciq_ecommerce,2024-05,2024-Q2,Petcare Diagnostics,VetSelect Dx,VETSELECT-DX_L,E-commerce,Region,Midwest,4512,54141.2,0.82
ciq_ecommerce,2024-05,2024-Q2,Petcare Diagnostics,VetSelect Dx,VETSELECT-DX_S,E-commerce,Region,Midwest,6182,74186.45,0.82
ciq_ecommerce,2024-05,2024-Q2,Parasiticides,VetSelect Flea & Tick,VETSELECT-FLEA-TICK_L,E-commerce,Region,Midwest,20179,343043.39,0.82
ciq_ecommerce,2024-05,2024-Q2,Parasiticides,VetSelect Flea & Tick,VETSELECT-FLEA-TICK_S,E-commerce,Region,Midwest,30459,517795.57,0.82
ciq_ecommerce,2024-05,2024-Q2,Pain/Osteoarthritis,VetSelect Joint,VETSELECT-JOINT_L,E-commerce,Region,Midwest,2610,75688.64,0.82
ciq_ecommerce,2024-05,2024-Q2,Pain/Osteoarthritis,VetSelect Joint,VETSELECT-JOINT_S,E-commerce,Region,Midwest,3809,110475.03,0.82
ciq_ecommerce,2024-05,2024-Q2,Petcare Diagnostics,Vetscan,VETSCAN_L,E-commerce,Region,Midwest,7552,135928.81,0.82
ciq_ecommerce,2024-05,2024-Q2,Petcare Diagnostics,Vetscan,VETSCAN_S,E-commerce,Region,Midwest,10265,184769.07,0.82
ciq_ecommerce,2024-05,2024-Q2,Dermatology,AllerVet RX,ALLERVET-RX_L,E-commerce,Region,Northeast,4341,234406.73,0.82
ciq_ecommerce,2024-05,2024-Q2,Dermatology,AllerVet RX,ALLERVET-RX_S,E-commerce,Region,Northeast,6100,329390.15,0.82
ciq_ecommerce,2024-05,2024-Q2,Dermatology,Apoquel,APOQUEL_L,E-commerce,Region,Northeast,5396,350768.35,0.82
ciq_ecommerce,2024-05,2024-Q2,Dermatology,Apoquel,APOQUEL_S,E-commerce,Region,Northeast,8006,520365.15,0.82
ciq_ecommerce,2024-05,2024-Q2,Vaccines,BioShield Vax,BIOSHIELD-VAX_L,E-commerce,Region,Northeast,5240,104790.92,0.82
ciq_ecommerce,2024-05,2024-Q2,Vaccines,BioShield Vax,BIOSHIELD-VAX_S,E-commerce,Region,Northeast,7944,158889.77,0.82
ciq_ecommerce,2024-05,2024-Q2,Dermatology,DermaCalm,DERMACALM_L,E-commerce,Region,Northeast,4657,270096.65,0.82
ciq_ecommerce,2024-05,2024-Q2,Dermatology,DermaCalm,DERMACALM_S,E-commerce,Region,Northeast,5951,345177.19,0.82
ciq_ecommerce,2024-05,2024-Q2,Petcare Diagnostics,DiagnosTech Vet,DIAGNOSTECH-VET_L,E-commerce,Region,Northeast,8173,138948.01,0.82
ciq_ecommerce,2024-05,2024-Q2,Petcare Diagnostics,DiagnosTech Vet,DIAGNOSTECH-VET_S,E-commerce,Region,Northeast,11152,189577.49,0.82
ciq_ecommerce,2024-05,2024-Q2,Parasiticides,FleaStop Pro,FLEASTOP-PRO_L,E-commerce,Region,Northeast,12019,252398.86,0.82
ciq_ecommerce,2024-05,2024-Q2,Parasiticides,FleaStop Pro,FLEASTOP-PRO_S,E-commerce,Region,Northeast,16045,336951.13,0.82
ciq_ecommerce,2024-05,2024-Q2,Pain/Osteoarthritis,FlexiCare Joint,FLEXICARE-JOINT_L,E-commerce,Region,Northeast,3064,134818.62,0.82
ciq_ecommerce,2024-05,2024-Q2,Pain/Osteoarthritis,FlexiCare Joint,FLEXICARE-JOINT_S,E-commerce,Region,Northeast,3950,173783.19,0.82
ciq_ecommerce,2024-05,2024-Q2,Vaccines,ImmunoCore Canine,IMMUNOCORE-CANINE_L,E-commerce,Region,Northeast,5954,125024.71,0.82
ciq_ecommerce,2024-05,2024-Q2,Vaccines,ImmunoCore Canine,IMMUNOCORE-CANINE_S,E-commerce,Region,Northeast,8133,170799.25,0.82
ciq_ecommerce,2024-05,2024-Q2,Pain/Osteoarthritis,Librela,LIBRELA_L,E-commerce,Region,Northeast,2560,122891.8,0.82
ciq_ecommerce,2024-05,2024-Q2,Pain/Osteoarthritis,Librela,LIBRELA_S,E-commerce,Region,Northeast,3547,170243.69,0.82
ciq_ecommerce,2024-05,2024-Q2,Pain/Osteoarthritis,OsteoEase Vet,OSTEOEASE-VET_L,E-commerce,Region,Northeast,2953,121085.39,0.82
ciq_ecommerce,2024-05,2024-Q2,Pain/Osteoarthritis,OsteoEase Vet,OSTEOEASE-VET_S,E-commerce,Region,Northeast,3744,153515.06,0.82
ciq_ecommerce,2024-05,2024-Q2,Pain/Osteoarthritis,PainAway Canine,PAINAWAY-CANINE_L,E-commerce,Region,Northeast,2375,87892.22,0.82
ciq_ecommerce,2024-05,2024-Q2,Pain/Osteoarthritis,PainAway Canine,PAINAWAY-CANINE_S,E-commerce,Region,Northeast,3168,117212.53,0.82
ciq_ecommerce,2024-05,2024-Q2,Petcare Diagnostics,PetLab Analyzer,PETLAB-ANALYZER_L,E-commerce,Region,Northeast,4472,67075.81,0.82
ciq_ecommerce,2024-05,2024-Q2,Petcare Diagnostics,PetLab Analyzer,PETLAB-ANALYZER_S,E-commerce,Region,Northeast,6056,90842.95,0.82
ciq_ecommerce,2024-05,2024-Q2,Petcare Diagnostics,RapidVet Dx,RAPIDVET-DX_L,E-commerce,Region,Northeast,8115,129846.65,0.82
ciq_ecommerce,2024-05,2024-Q2,Petcare Diagnostics,RapidVet Dx,RAPIDVET-DX_S,E-commerce,Region,Northeast,10442,167070.78,0.82
ciq_ecommerce,2024-05,2024-Q2,Parasiticides,Simparica Trio,SIMPARICA-TRIO_L,E-commerce,Region,Northeast,19339,541483.79,0.82
ciq_ecommerce,2024-05,2024-Q2,Parasiticides,Simparica Trio,SIMPARICA-TRIO_S,E-commerce,Region,Northeast,28394,795018.74,0.82
ciq_ecommerce,2024-05,2024-Q2,Dermatology,SkinRelief Pro,SKINRELIEF-PRO_L,E-commerce,Region,Northeast,3416,167391.65,0.82
ciq_ecommerce,2024-05,2024-Q2,Dermatology,SkinRelief Pro,SKINRELIEF-PRO_S,E-commerce,Region,Northeast,5121,250944.32,0.82
ciq_ecommerce,2024-05,2024-Q2,Parasiticides,TickShield Plus,TICKSHIELD-PLUS_L,E-commerce,Region,Northeast,15028,360678.31,0.82
ciq_ecommerce,2024-05,2024-Q2,Parasiticides,TickShield Plus,TICKSHIELD-PLUS_S,E-commerce,Region,Northeast,20277,486658.54,0.82
ciq_ecommerce,2024-05,2024-Q2,Vaccines,Vanguard,VANGUARD_L,E-commerce,Region,Northeast,4895,107687.75,0.82
ciq_ecommerce,2024-05,2024-Q2,Vaccines,Vanguard,VANGUARD_S,E-commerce,Region,Northeast,7384,162443.43,0.82
ciq_ecommerce,2024-05,2024-Q2,Parasiticides,VectraGuard,VECTRAGUARD_L,E-commerce,Region,Northeast,19927,518102.64,0.82
ciq_ecommerce,2024-05,2024-Q2,Parasiticides,VectraGuard,VECTRAGUARD_S,E-commerce,Region,Northeast,25315,658184.62,0.82
ciq_ecommerce,2024-05,2024-Q2,Vaccines,VetGuard Immunize,VETGUARD-IMMUNIZE_L,E-commerce,Region,Northeast,3989,75794.38,0.82
ciq_ecommerce,2024-05,2024-Q2,Vaccines,VetGuard Immunize,VETGUARD-IMMUNIZE_S,E-commerce,Region,Northeast,6005,114089.17,0.82
ciq_ecommerce,2024-05,2024-Q2,Vaccines,VetSelect Core Vax,VETSELECT-CORE-VAX_L,E-commerce,Region,Northeast,4829,67609.19,0.82
ciq_ecommerce,2024-05,2024-Q2,Vaccines,VetSelect Core Vax,VETSELECT-CORE-VAX_S,E-commerce,Region,Northeast,6595,92326.18,0.82
ciq_ecommerce,2024-05,2024-Q2,Dermatology,VetSelect Derma,VETSELECT-DERMA_L,E-commerce,Region,Northeast,3814,144921.01,0.82
ciq_ecommerce,2024-05,2024-Q2,Dermatology,VetSelect Derma,VETSELECT-DERMA_S,E-commerce,Region,Northeast,5009,190360.93,0.82
ciq_ecommerce,2024-05,2024-Q2,Petcare Diagnostics,VetSelect Dx,VETSELECT-DX_L,E-commerce,Region,Northeast,4611,55332.51,0.82
ciq_ecommerce,2024-05,2024-Q2,Petcare Diagnostics,VetSelect Dx,VETSELECT-DX_S,E-commerce,Region,Northeast,6605,79262.82,0.82
ciq_ecommerce,2024-05,2024-Q2,Parasiticides,VetSelect Flea & Tick,VETSELECT-FLEA-TICK_L,E-commerce,Region,Northeast,19799,336590.69,0.82
ciq_ecommerce,2024-05,2024-Q2,Parasiticides,VetSelect Flea & Tick,VETSELECT-FLEA-TICK_S,E-commerce,Region,Northeast,27407,465911.33,0.82
ciq_ecommerce,2024-05,2024-Q2,Pain/Osteoarthritis,VetSelect Joint,VETSELECT-JOINT_L,E-commerce,Region,Northeast,2675,77582.06,0.82
ciq_ecommerce,2024-05,2024-Q2,Pain/Osteoarthritis,VetSelect Joint,VETSELECT-JOINT_S,E-commerce,Region,Northeast,3627,105184.08,0.82
ciq_ecommerce,2024-05,2024-Q2,Petcare Diagnostics,Vetscan,VETSCAN_L,E-commerce,Region,Northeast,7398,133171.25,0.82
ciq_ecommerce,2024-05,2024-Q2,Petcare Diagnostics,Vetscan,VETSCAN_S,E-commerce,Region,Northeast,10524,189426.93,0.82
ciq_ecommerce,2024-05,2024-Q2,Dermatology,AllerVet RX,ALLERVET-RX_L,E-commerce,Region,South,6644,358776.2,0.82
ciq_ecommerce,2024-05,2024-Q2,Dermatology,AllerVet RX,ALLERVET-RX_S,E-commerce,Region,South,8991,485505.29,0.82
ciq_ecommerce,2024-05,2024-Q2,Dermatology,Apoquel,APOQUEL_L,E-commerce,Region,South,8880,577228.35,0.82
ciq_ecommerce,2024-05,2024-Q2,Dermatology,Apoquel,APOQUEL_S,E-commerce,Region,South,10692,694975.92,0.82
ciq_ecommerce,2024-05,2024-Q2,Vaccines,BioShield Vax,BIOSHIELD-VAX_L,E-commerce,Region,South,7347,146946.69,0.82
ciq_ecommerce,2024-05,2024-Q2,Vaccines,BioShield Vax,BIOSHIELD-VAX_S,E-commerce,Region,South,10787,215739.43,0.82
ciq_ecommerce,2024-05,2024-Q2,Dermatology,DermaCalm,DERMACALM_L,E-commerce,Region,South,7795,452099.4,0.82
ciq_ecommerce,2024-05,2024-Q2,Dermatology,DermaCalm,DERMACALM_S,E-commerce,Region,South,9157,531096.16,0.82
ciq_ecommerce,2024-05,2024-Q2,Petcare Diagnostics,DiagnosTech Vet,DIAGNOSTECH-VET_L,E-commerce,Region,South,13243,225128.51,0.82
ciq_ecommerce,2024-05,2024-Q2,Petcare Diagnostics,DiagnosTech Vet,DIAGNOSTECH-VET_S,E-commerce,Region,South,16936,287915.27,0.82
ciq_ecommerce,2024-05,2024-Q2,Parasiticides,FleaStop Pro,FLEASTOP-PRO_L,E-commerce,Region,South,19704,413776.76,0.82
ciq_ecommerce,2024-05,2024-Q2,Parasiticides,FleaStop Pro,FLEASTOP-PRO_S,E-commerce,Region,South,28109,590290.25,0.82
ciq_ecommerce,2024-05,2024-Q2,Pain/Osteoarthritis,FlexiCare Joint,FLEXICARE-JOINT_L,E-commerce,Region,South,3990,175552.43,0.82
ciq_ecommerce,2024-05,2024-Q2,Pain/Osteoarthritis,FlexiCare Joint,FLEXICARE-JOINT_S,E-commerce,Region,South,5589,245894.25,0.82
ciq_ecommerce,2024-05,2024-Q2,Vaccines,ImmunoCore Canine,IMMUNOCORE-CANINE_L,E-commerce,Region,South,9762,204998.58,0.82
ciq_ecommerce,2024-05,2024-Q2,Vaccines,ImmunoCore Canine,IMMUNOCORE-CANINE_S,E-commerce,Region,South,13762,288993.89,0.82
ciq_ecommerce,2024-05,2024-Q2,Pain/Osteoarthritis,Librela,LIBRELA_L,E-commerce,Region,South,4149,199170.02,0.82
ciq_ecommerce,2024-05,2024-Q2,Pain/Osteoarthritis,Librela,LIBRELA_S,E-commerce,Region,South,5299,254354.89,0.82
ciq_ecommerce,2024-05,2024-Q2,Pain/Osteoarthritis,OsteoEase Vet,OSTEOEASE-VET_L,E-commerce,Region,South,4083,167422.6,0.82
ciq_ecommerce,2024-05,2024-Q2,Pain/Osteoarthritis,OsteoEase Vet,OSTEOEASE-VET_S,E-commerce,Region,South,5545,227325.57,0.82
ciq_ecommerce,2024-05,2024-Q2,Pain/Osteoarthritis,PainAway Canine,PAINAWAY-CANINE_L,E-commerce,Region,South,3248,120189.8,0.82
ciq_ecommerce,2024-05,2024-Q2,Pain/Osteoarthritis,PainAway Canine,PAINAWAY-CANINE_S,E-commerce,Region,South,4379,162025.29,0.82
ciq_ecommerce,2024-05,2024-Q2,Petcare Diagnostics,PetLab Analyzer,PETLAB-ANALYZER_L,E-commerce,Region,South,7928,118925.55,0.82
ciq_ecommerce,2024-05,2024-Q2,Petcare Diagnostics,PetLab Analyzer,PETLAB-ANALYZER_S,E-commerce,Region,South,11174,167614.98,0.82
ciq_ecommerce,2024-05,2024-Q2,Petcare Diagnostics,RapidVet Dx,RAPIDVET-DX_L,E-commerce,Region,South,12775,204396.03,0.82
ciq_ecommerce,2024-05,2024-Q2,Petcare Diagnostics,RapidVet Dx,RAPIDVET-DX_S,E-commerce,Region,South,16867,269876.08,0.82
ciq_ecommerce,2024-05,2024-Q2,Parasiticides,Simparica Trio,SIMPARICA-TRIO_L,E-commerce,Region,South,33145,928059.7,0.82
ciq_ecommerce,2024-05,2024-Q2,Parasiticides,Simparica Trio,SIMPARICA-TRIO_S,E-commerce,Region,South,42648,1194143.67,0.82
ciq_ecommerce,2024-05,2024-Q2,Dermatology,SkinRelief Pro,SKINRELIEF-PRO_L,E-commerce,Region,South,5445,266796.31,0.82
ciq_ecommerce,2024-05,2024-Q2,Dermatology,SkinRelief Pro,SKINRELIEF-PRO_S,E-commerce,Region,South,7518,368387.53,0.82
ciq_ecommerce,2024-05,2024-Q2,Parasiticides,TickShield Plus,TICKSHIELD-PLUS_L,E-commerce,Region,South,19890,477352.52,0.82
ciq_ecommerce,2024-05,2024-Q2,Parasiticides,TickShield Plus,TICKSHIELD-PLUS_S,E-commerce,Region,South,29104,698490.03,0.82
ciq_ecommerce,2024-05,2024-Q2,Vaccines,Vanguard,VANGUARD_L,E-commerce,Region,South,7879,173347.43,0.82
ciq_ecommerce,2024-05,2024-Q2,Vaccines,Vanguard,VANGUARD_S,E-commerce,Region,South,10903,239858.6,0.82
ciq_ecommerce,2024-05,2024-Q2,Parasiticides,VectraGuard,VECTRAGUARD_L,E-commerce,Region,South,26931,700194.95,0.82
ciq_ecommerce,2024-05,2024-Q2,Parasiticides,VectraGuard,VECTRAGUARD_S,E-commerce,Region,South,34524,897618.38,0.82
ciq_ecommerce,2024-05,2024-Q2,Vaccines,VetGuard Immunize,VETGUARD-IMMUNIZE_L,E-commerce,Region,South,6515,123777.96,0.82
ciq_ecommerce,2024-05,2024-Q2,Vaccines,VetGuard Immunize,VETGUARD-IMMUNIZE_S,E-commerce,Region,South,8948,170009.12,0.82
ciq_ecommerce,2024-05,2024-Q2,Vaccines,VetSelect Core Vax,VETSELECT-CORE-VAX_L,E-commerce,Region,South,7535,105494.86,0.82
ciq_ecommerce,2024-05,2024-Q2,Vaccines,VetSelect Core Vax,VETSELECT-CORE-VAX_S,E-commerce,Region,South,10792,151093.79,0.82
ciq_ecommerce,2024-05,2024-Q2,Dermatology,VetSelect Derma,VETSELECT-DERMA_L,E-commerce,Region,South,5741,218176.28,0.82
ciq_ecommerce,2024-05,2024-Q2,Dermatology,VetSelect Derma,VETSELECT-DERMA_S,E-commerce,Region,South,8262,313937.18,0.82
ciq_ecommerce,2024-05,2024-Q2,Petcare Diagnostics,VetSelect Dx,VETSELECT-DX_L,E-commerce,Region,South,6826,81906.71,0.82
ciq_ecommerce,2024-05,2024-Q2,Petcare Diagnostics,VetSelect Dx,VETSELECT-DX_S,E-commerce,Region,South,9392,112701.56,0.82
ciq_ecommerce,2024-05,2024-Q2,Parasiticides,VetSelect Flea & Tick,VETSELECT-FLEA-TICK_L,E-commerce,Region,South,33031,561531.74,0.82
ciq_ecommerce,2024-05,2024-Q2,Parasiticides,VetSelect Flea & Tick,VETSELECT-FLEA-TICK_S,E-commerce,Region,South,45583,774918.59,0.82
ciq_ecommerce,2024-05,2024-Q2,Pain/Osteoarthritis,VetSelect Joint,VETSELECT-JOINT_L,E-commerce,Region,South,4770,138324.19,0.82
ciq_ecommerce,2024-05,2024-Q2,Pain/Osteoarthritis,VetSelect Joint,VETSELECT-JOINT_S,E-commerce,Region,South,5727,166069.91,0.82
ciq_ecommerce,2024-05,2024-Q2,Petcare Diagnostics,Vetscan,VETSCAN_L,E-commerce,Region,South,12138,218476.46,0.82
ciq_ecommerce,2024-05,2024-Q2,Petcare Diagnostics,Vetscan,VETSCAN_S,E-commerce,Region,South,16690,300414.69,0.82
ciq_ecommerce,2024-05,2024-Q2,Dermatology,AllerVet RX,ALLERVET-RX_L,E-commerce,Region,West,4235,228672.98,0.82
ciq_ecommerce,2024-05,2024-Q2,Dermatology,AllerVet RX,ALLERVET-RX_S,E-commerce,Region,West,5701,307859.45,0.82
ciq_ecommerce,2024-05,2024-Q2,Dermatology,Apoquel,APOQUEL_L,E-commerce,Region,West,6268,407404.17,0.82
ciq_ecommerce,2024-05,2024-Q2,Dermatology,Apoquel,APOQUEL_S,E-commerce,Region,West,8306,539920.9,0.82
ciq_ecommerce,2024-05,2024-Q2,Vaccines,BioShield Vax,BIOSHIELD-VAX_L,E-commerce,Region,West,5175,103506.54,0.82
ciq_ecommerce,2024-05,2024-Q2,Vaccines,BioShield Vax,BIOSHIELD-VAX_S,E-commerce,Region,West,6960,139204.59,0.82
ciq_ecommerce,2024-05,2024-Q2,Dermatology,DermaCalm,DERMACALM_L,E-commerce,Region,West,4771,276722.17,0.82
ciq_ecommerce,2024-05,2024-Q2,Dermatology,DermaCalm,DERMACALM_S,E-commerce,Region,West,6327,366939.75,0.82
ciq_ecommerce,2024-05,2024-Q2,Petcare Diagnostics,DiagnosTech Vet,DIAGNOSTECH-VET_L,E-commerce,Region,West,9512,161710.95,0.82
ciq_ecommerce,2024-05,2024-Q2,Petcare Diagnostics,DiagnosTech Vet,DIAGNOSTECH-VET_S,E-commerce,Region,West,12688,215689.01,0.82
ciq_ecommerce,2024-05,2024-Q2,Parasiticides,FleaStop Pro,FLEASTOP-PRO_L,E-commerce,Region,West,13548,284501.92,0.82
ciq_ecommerce,2024-05,2024-Q2,Parasiticides,FleaStop Pro,FLEASTOP-PRO_S,E-commerce,Region,West,17164,360446.87,0.82
ciq_ecommerce,2024-05,2024-Q2,Pain/Osteoarthritis,FlexiCare Joint,FLEXICARE-JOINT_L,E-commerce,Region,West,3070,135082.09,0.82
ciq_ecommerce,2024-05,2024-Q2,Pain/Osteoarthritis,FlexiCare Joint,FLEXICARE-JOINT_S,E-commerce,Region,West,4158,182933.4,0.82
ciq_ecommerce,2024-05,2024-Q2,Vaccines,ImmunoCore Canine,IMMUNOCORE-CANINE_L,E-commerce,Region,West,6665,139972.87,0.82
ciq_ecommerce,2024-05,2024-Q2,Vaccines,ImmunoCore Canine,IMMUNOCORE-CANINE_S,E-commerce,Region,West,8712,182946.55,0.82
ciq_ecommerce,2024-05,2024-Q2,Pain/Osteoarthritis,Librela,LIBRELA_L,E-commerce,Region,West,2701,129663.47,0.82
ciq_ecommerce,2024-05,2024-Q2,Pain/Osteoarthritis,Librela,LIBRELA_S,E-commerce,Region,West,3488,167426.83,0.82
ciq_ecommerce,2024-05,2024-Q2,Pain/Osteoarthritis,OsteoEase Vet,OSTEOEASE-VET_L,E-commerce,Region,West,3006,123242.44,0.82
ciq_ecommerce,2024-05,2024-Q2,Pain/Osteoarthritis,OsteoEase Vet,OSTEOEASE-VET_S,E-commerce,Region,West,3863,158403.1,0.82
ciq_ecommerce,2024-05,2024-Q2,Pain/Osteoarthritis,PainAway Canine,PAINAWAY-CANINE_L,E-commerce,Region,West,2554,94480.84,0.82
ciq_ecommerce,2024-05,2024-Q2,Pain/Osteoarthritis,PainAway Canine,PAINAWAY-CANINE_S,E-commerce,Region,West,3461,128069.83,0.82
ciq_ecommerce,2024-05,2024-Q2,Petcare Diagnostics,PetLab Analyzer,PETLAB-ANALYZER_L,E-commerce,Region,West,5164,77463.95,0.82
ciq_ecommerce,2024-05,2024-Q2,Petcare Diagnostics,PetLab Analyzer,PETLAB-ANALYZER_S,E-commerce,Region,West,7111,106658.93,0.82
ciq_ecommerce,2024-05,2024-Q2,Petcare Diagnostics,RapidVet Dx,RAPIDVET-DX_L,E-commerce,Region,West,7965,127437.43,0.82
ciq_ecommerce,2024-05,2024-Q2,Petcare Diagnostics,RapidVet Dx,RAPIDVET-DX_S,E-commerce,Region,West,10470,167521.92,0.82
ciq_ecommerce,2024-05,2024-Q2,Parasiticides,Simparica Trio,SIMPARICA-TRIO_L,E-commerce,Region,West,20548,575352.41,0.82
ciq_ecommerce,2024-05,2024-Q2,Parasiticides,Simparica Trio,SIMPARICA-TRIO_S,E-commerce,Region,West,28487,797638.26,0.82
ciq_ecommerce,2024-05,2024-Q2,Dermatology,SkinRelief Pro,SKINRELIEF-PRO_L,E-commerce,Region,West,3847,188510.47,0.82
ciq_ecommerce,2024-05,2024-Q2,Dermatology,SkinRelief Pro,SKINRELIEF-PRO_S,E-commerce,Region,West,5427,265925.59,0.82
ciq_ecommerce,2024-05,2024-Q2,Parasiticides,TickShield Plus,TICKSHIELD-PLUS_L,E-commerce,Region,West,15463,371118.17,0.82
ciq_ecommerce,2024-05,2024-Q2,Parasiticides,TickShield Plus,TICKSHIELD-PLUS_S,E-commerce,Region,West,20814,499547.57,0.82
ciq_ecommerce,2024-05,2024-Q2,Vaccines,Vanguard,VANGUARD_L,E-commerce,Region,West,5656,124421.55,0.82
ciq_ecommerce,2024-05,2024-Q2,Vaccines,Vanguard,VANGUARD_S,E-commerce,Region,West,7747,170442.92,0.82
ciq_ecommerce,2024-05,2024-Q2,Parasiticides,VectraGuard,VECTRAGUARD_L,E-commerce,Region,West,20035,520919.74,0.82
ciq_ecommerce,2024-05,2024-Q2,Parasiticides,VectraGuard,VECTRAGUARD_S,E-commerce,Region,West,27360,711355.98,0.82
ciq_ecommerce,2024-05,2024-Q2,Vaccines,VetGuard Immunize,VETGUARD-IMMUNIZE_L,E-commerce,Region,West,4933,93725.93,0.82
ciq_ecommerce,2024-05,2024-Q2,Vaccines,VetGuard Immunize,VETGUARD-IMMUNIZE_S,E-commerce,Region,West,6694,127183.04,0.82
ciq_ecommerce,2024-05,2024-Q2,Vaccines,VetSelect Core Vax,VETSELECT-CORE-VAX_L,E-commerce,Region,West,4695,65733.0,0.82
ciq_ecommerce,2024-05,2024-Q2,Vaccines,VetSelect Core Vax,VETSELECT-CORE-VAX_S,E-commerce,Region,West,6916,96827.73,0.82
ciq_ecommerce,2024-05,2024-Q2,Dermatology,VetSelect Derma,VETSELECT-DERMA_L,E-commerce,Region,West,3851,146352.5,0.82
ciq_ecommerce,2024-05,2024-Q2,Dermatology,VetSelect Derma,VETSELECT-DERMA_S,E-commerce,Region,West,5556,211121.38,0.82
ciq_ecommerce,2024-05,2024-Q2,Petcare Diagnostics,VetSelect Dx,VETSELECT-DX_L,E-commerce,Region,West,5259,63110.1,0.82
ciq_ecommerce,2024-05,2024-Q2,Petcare Diagnostics,VetSelect Dx,VETSELECT-DX_S,E-commerce,Region,West,7710,92521.45,0.82
ciq_ecommerce,2024-05,2024-Q2,Parasiticides,VetSelect Flea & Tick,VETSELECT-FLEA-TICK_L,E-commerce,Region,West,22933,389863.4,0.82
ciq_ecommerce,2024-05,2024-Q2,Parasiticides,VetSelect Flea & Tick,VETSELECT-FLEA-TICK_S,E-commerce,Region,West,29486,501262.62,0.82
ciq_ecommerce,2024-05,2024-Q2,Pain/Osteoarthritis,VetSelect Joint,VETSELECT-JOINT_L,E-commerce,Region,West,3344,96965.59,0.82
ciq_ecommerce,2024-05,2024-Q2,Pain/Osteoarthritis,VetSelect Joint,VETSELECT-JOINT_S,E-commerce,Region,West,4040,117172.11,0.82
ciq_ecommerce,2024-05,2024-Q2,Petcare Diagnostics,Vetscan,VETSCAN_L,E-commerce,Region,West,8168,147026.8,0.82
ciq_ecommerce,2024-05,2024-Q2,Petcare Diagnostics,Vetscan,VETSCAN_S,E-commerce,Region,West,11934,214806.72,0.82
ciq_ecommerce,2024-06,2024-Q2,Dermatology,AllerVet RX,ALLERVET-RX_L,E-commerce,National,National,19076,1030050.8,0.82
ciq_ecommerce,2024-06,2024-Q2,Dermatology,AllerVet RX,ALLERVET-RX_S,E-commerce,National,National,28157,1520527.38,0.82
ciq_ecommerce,2024-06,2024-Q2,Dermatology,Apoquel,APOQUEL_L,E-commerce,National,National,29336,1906814.36,0.82
ciq_ecommerce,2024-06,2024-Q2,Dermatology,Apoquel,APOQUEL_S,E-commerce,National,National,39409,2561573.73,0.82
ciq_ecommerce,2024-06,2024-Q2,Vaccines,BioShield Vax,BIOSHIELD-VAX_L,E-commerce,National,National,23695,473893.85,0.82
ciq_ecommerce,2024-06,2024-Q2,Vaccines,BioShield Vax,BIOSHIELD-VAX_S,E-commerce,National,National,32720,654393.18,0.82
ciq_ecommerce,2024-06,2024-Q2,Dermatology,DermaCalm,DERMACALM_L,E-commerce,National,National,22619,1311924.6,0.82
ciq_ecommerce,2024-06,2024-Q2,Dermatology,DermaCalm,DERMACALM_S,E-commerce,National,National,30859,1789842.75,0.82
ciq_ecommerce,2024-06,2024-Q2,Petcare Diagnostics,DiagnosTech Vet,DIAGNOSTECH-VET_L,E-commerce,National,National,41298,702068.76,0.82
ciq_ecommerce,2024-06,2024-Q2,Petcare Diagnostics,DiagnosTech Vet,DIAGNOSTECH-VET_S,E-commerce,National,National,54926,933739.57,0.82
ciq_ecommerce,2024-06,2024-Q2,Parasiticides,FleaStop Pro,FLEASTOP-PRO_L,E-commerce,National,National,62409,1310588.11,0.82
ciq_ecommerce,2024-06,2024-Q2,Parasiticides,FleaStop Pro,FLEASTOP-PRO_S,E-commerce,National,National,87116,1829441.53,0.82
ciq_ecommerce,2024-06,2024-Q2,Pain/Osteoarthritis,FlexiCare Joint,FLEXICARE-JOINT_L,E-commerce,National,National,12213,537385.03,0.82
ciq_ecommerce,2024-06,2024-Q2,Pain/Osteoarthritis,FlexiCare Joint,FLEXICARE-JOINT_S,E-commerce,National,National,17046,750012.09,0.82
ciq_ecommerce,2024-06,2024-Q2,Vaccines,ImmunoCore Canine,IMMUNOCORE-CANINE_L,E-commerce,National,National,27866,585185.81,0.82
ciq_ecommerce,2024-06,2024-Q2,Vaccines,ImmunoCore Canine,IMMUNOCORE-CANINE_S,E-commerce,National,National,39091,820889.43,0.82
ciq_ecommerce,2024-06,2024-Q2,Pain/Osteoarthritis,Librela,LIBRELA_L,E-commerce,National,National,11520,552898.45,0.82
ciq_ecommerce,2024-06,2024-Q2,Pain/Osteoarthritis,Librela,LIBRELA_S,E-commerce,National,National,15689,753080.35,0.82
ciq_ecommerce,2024-06,2024-Q2,Pain/Osteoarthritis,OsteoEase Vet,OSTEOEASE-VET_L,E-commerce,National,National,12225,501223.44,0.82
ciq_ecommerce,2024-06,2024-Q2,Pain/Osteoarthritis,OsteoEase Vet,OSTEOEASE-VET_S,E-commerce,National,National,17126,702208.79,0.82
ciq_ecommerce,2024-06,2024-Q2,Pain/Osteoarthritis,PainAway Canine,PAINAWAY-CANINE_L,E-commerce,National,National,10691,395566.23,0.82
ciq_ecommerce,2024-06,2024-Q2,Pain/Osteoarthritis,PainAway Canine,PAINAWAY-CANINE_S,E-commerce,National,National,14569,539070.33,0.82
ciq_ecommerce,2024-06,2024-Q2,Petcare Diagnostics,PetLab Analyzer,PETLAB-ANALYZER_L,E-commerce,National,National,22996,344935.73,0.82
ciq_ecommerce,2024-06,2024-Q2,Petcare Diagnostics,PetLab Analyzer,PETLAB-ANALYZER_S,E-commerce,National,National,33108,496622.29,0.82
ciq_ecommerce,2024-06,2024-Q2,Petcare Diagnostics,RapidVet Dx,RAPIDVET-DX_L,E-commerce,National,National,33709,539354.97,0.82
ciq_ecommerce,2024-06,2024-Q2,Petcare Diagnostics,RapidVet Dx,RAPIDVET-DX_S,E-commerce,National,National,48731,779692.6,0.82
ciq_ecommerce,2024-06,2024-Q2,Parasiticides,Simparica Trio,SIMPARICA-TRIO_L,E-commerce,National,National,98082,2746297.43,0.82
ciq_ecommerce,2024-06,2024-Q2,Parasiticides,Simparica Trio,SIMPARICA-TRIO_S,E-commerce,National,National,135249,3786975.22,0.82
ciq_ecommerce,2024-06,2024-Q2,Dermatology,SkinRelief Pro,SKINRELIEF-PRO_L,E-commerce,National,National,17127,839242.43,0.82
ciq_ecommerce,2024-06,2024-Q2,Dermatology,SkinRelief Pro,SKINRELIEF-PRO_S,E-commerce,National,National,24459,1198511.33,0.82
ciq_ecommerce,2024-06,2024-Q2,Parasiticides,TickShield Plus,TICKSHIELD-PLUS_L,E-commerce,National,National,70066,1681575.36,0.82
ciq_ecommerce,2024-06,2024-Q2,Parasiticides,TickShield Plus,TICKSHIELD-PLUS_S,E-commerce,National,National,98152,2355664.84,0.82
ciq_ecommerce,2024-06,2024-Q2,Vaccines,Vanguard,VANGUARD_L,E-commerce,National,National,23303,512671.82,0.82
ciq_ecommerce,2024-06,2024-Q2,Vaccines,Vanguard,VANGUARD_S,E-commerce,National,National,33423,735321.51,0.82
ciq_ecommerce,2024-06,2024-Q2,Parasiticides,VectraGuard,VECTRAGUARD_L,E-commerce,National,National,85179,2214665.01,0.82
ciq_ecommerce,2024-06,2024-Q2,Parasiticides,VectraGuard,VECTRAGUARD_S,E-commerce,National,National,112406,2922540.34,0.82
ciq_ecommerce,2024-06,2024-Q2,Vaccines,VetGuard Immunize,VETGUARD-IMMUNIZE_L,E-commerce,National,National,20386,387356.6,0.82
ciq_ecommerce,2024-06,2024-Q2,Vaccines,VetGuard Immunize,VETGUARD-IMMUNIZE_S,E-commerce,National,National,27974,531533.13,0.82
ciq_ecommerce,2024-06,2024-Q2,Vaccines,VetSelect Core Vax,VETSELECT-CORE-VAX_L,E-commerce,National,National,23334,326670.05,0.82
ciq_ecommerce,2024-06,2024-Q2,Vaccines,VetSelect Core Vax,VETSELECT-CORE-VAX_S,E-commerce,National,National,31501,441008.4,0.82
ciq_ecommerce,2024-06,2024-Q2,Dermatology,VetSelect Derma,VETSELECT-DERMA_L,E-commerce,National,National,19027,723039.26,0.82
ciq_ecommerce,2024-06,2024-Q2,Dermatology,VetSelect Derma,VETSELECT-DERMA_S,E-commerce,National,National,25755,978698.31,0.82
ciq_ecommerce,2024-06,2024-Q2,Petcare Diagnostics,VetSelect Dx,VETSELECT-DX_L,E-commerce,National,National,21043,252524.93,0.82
ciq_ecommerce,2024-06,2024-Q2,Petcare Diagnostics,VetSelect Dx,VETSELECT-DX_S,E-commerce,National,National,27884,334603.1,0.82
ciq_ecommerce,2024-06,2024-Q2,Parasiticides,VetSelect Flea & Tick,VETSELECT-FLEA-TICK_L,E-commerce,National,National,100868,1714759.55,0.82
ciq_ecommerce,2024-06,2024-Q2,Parasiticides,VetSelect Flea & Tick,VETSELECT-FLEA-TICK_S,E-commerce,National,National,135369,2301275.58,0.82
ciq_ecommerce,2024-06,2024-Q2,Pain/Osteoarthritis,VetSelect Joint,VETSELECT-JOINT_L,E-commerce,National,National,12781,370620.71,0.82
ciq_ecommerce,2024-06,2024-Q2,Pain/Osteoarthritis,VetSelect Joint,VETSELECT-JOINT_S,E-commerce,National,National,16987,492636.47,0.82
ciq_ecommerce,2024-06,2024-Q2,Petcare Diagnostics,Vetscan,VETSCAN_L,E-commerce,National,National,36538,657698.08,0.82
ciq_ecommerce,2024-06,2024-Q2,Petcare Diagnostics,Vetscan,VETSCAN_S,E-commerce,National,National,49571,892267.33,0.82
ciq_ecommerce,2024-06,2024-Q2,Dermatology,AllerVet RX,ALLERVET-RX_L,E-commerce,Region,Midwest,3897,210418.65,0.82
ciq_ecommerce,2024-06,2024-Q2,Dermatology,AllerVet RX,ALLERVET-RX_S,E-commerce,Region,Midwest,5918,319561.84,0.82
ciq_ecommerce,2024-06,2024-Q2,Dermatology,Apoquel,APOQUEL_L,E-commerce,Region,Midwest,5952,386859.08,0.82
ciq_ecommerce,2024-06,2024-Q2,Dermatology,Apoquel,APOQUEL_S,E-commerce,Region,Midwest,8327,541259.11,0.82
ciq_ecommerce,2024-06,2024-Q2,Vaccines,BioShield Vax,BIOSHIELD-VAX_L,E-commerce,Region,Midwest,5021,100412.37,0.82
ciq_ecommerce,2024-06,2024-Q2,Vaccines,BioShield Vax,BIOSHIELD-VAX_S,E-commerce,Region,Midwest,6914,138274.71,0.82
ciq_ecommerce,2024-06,2024-Q2,Dermatology,DermaCalm,DERMACALM_L,E-commerce,Region,Midwest,4613,267526.12,0.82
ciq_ecommerce,2024-06,2024-Q2,Dermatology,DermaCalm,DERMACALM_S,E-commerce,Region,Midwest,6579,381586.96,0.82
ciq_ecommerce,2024-06,2024-Q2,Petcare Diagnostics,DiagnosTech Vet,DIAGNOSTECH-VET_L,E-commerce,Region,Midwest,8707,148016.84,0.82
ciq_ecommerce,2024-06,2024-Q2,Petcare Diagnostics,DiagnosTech Vet,DIAGNOSTECH-VET_S,E-commerce,Region,Midwest,11417,194093.93,0.82
ciq_ecommerce,2024-06,2024-Q2,Parasiticides,FleaStop Pro,FLEASTOP-PRO_L,E-commerce,Region,Midwest,12593,264459.18,0.82
ciq_ecommerce,2024-06,2024-Q2,Parasiticides,FleaStop Pro,FLEASTOP-PRO_S,E-commerce,Region,Midwest,17000,357004.82,0.82
ciq_ecommerce,2024-06,2024-Q2,Pain/Osteoarthritis,FlexiCare Joint,FLEXICARE-JOINT_L,E-commerce,Region,Midwest,2716,119499.03,0.82
ciq_ecommerce,2024-06,2024-Q2,Pain/Osteoarthritis,FlexiCare Joint,FLEXICARE-JOINT_S,E-commerce,Region,Midwest,3604,158577.82,0.82
ciq_ecommerce,2024-06,2024-Q2,Vaccines,ImmunoCore Canine,IMMUNOCORE-CANINE_L,E-commerce,Region,Midwest,5829,122409.44,0.82
ciq_ecommerce,2024-06,2024-Q2,Vaccines,ImmunoCore Canine,IMMUNOCORE-CANINE_S,E-commerce,Region,Midwest,7771,163180.87,0.82
ciq_ecommerce,2024-06,2024-Q2,Pain/Osteoarthritis,Librela,LIBRELA_L,E-commerce,Region,Midwest,2495,119740.6,0.82
ciq_ecommerce,2024-06,2024-Q2,Pain/Osteoarthritis,Librela,LIBRELA_S,E-commerce,Region,Midwest,3476,166844.28,0.82
ciq_ecommerce,2024-06,2024-Q2,Pain/Osteoarthritis,OsteoEase Vet,OSTEOEASE-VET_L,E-commerce,Region,Midwest,2595,106377.62,0.82
ciq_ecommerce,2024-06,2024-Q2,Pain/Osteoarthritis,OsteoEase Vet,OSTEOEASE-VET_S,E-commerce,Region,Midwest,3527,144619.94,0.82
ciq_ecommerce,2024-06,2024-Q2,Pain/Osteoarthritis,PainAway Canine,PAINAWAY-CANINE_L,E-commerce,Region,Midwest,2266,83825.54,0.82
ciq_ecommerce,2024-06,2024-Q2,Pain/Osteoarthritis,PainAway Canine,PAINAWAY-CANINE_S,E-commerce,Region,Midwest,2769,102457.65,0.82
ciq_ecommerce,2024-06,2024-Q2,Petcare Diagnostics,PetLab Analyzer,PETLAB-ANALYZER_L,E-commerce,Region,Midwest,4469,67039.04,0.82
ciq_ecommerce,2024-06,2024-Q2,Petcare Diagnostics,PetLab Analyzer,PETLAB-ANALYZER_S,E-commerce,Region,Midwest,7061,105918.28,0.82
ciq_ecommerce,2024-06,2024-Q2,Petcare Diagnostics,RapidVet Dx,RAPIDVET-DX_L,E-commerce,Region,Midwest,7032,112519.08,0.82
ciq_ecommerce,2024-06,2024-Q2,Petcare Diagnostics,RapidVet Dx,RAPIDVET-DX_S,E-commerce,Region,Midwest,9663,154611.47,0.82
ciq_ecommerce,2024-06,2024-Q2,Parasiticides,Simparica Trio,SIMPARICA-TRIO_L,E-commerce,Region,Midwest,19522,546608.96,0.82
ciq_ecommerce,2024-06,2024-Q2,Parasiticides,Simparica Trio,SIMPARICA-TRIO_S,E-commerce,Region,Midwest,28217,790077.23,0.82
ciq_ecommerce,2024-06,2024-Q2,Dermatology,SkinRelief Pro,SKINRELIEF-PRO_L,E-commerce,Region,Midwest,3625,177638.7,0.82
ciq_ecommerce,2024-06,2024-Q2,Dermatology,SkinRelief Pro,SKINRELIEF-PRO_S,E-commerce,Region,Midwest,4677,229186.87,0.82
ciq_ecommerce,2024-06,2024-Q2,Parasiticides,TickShield Plus,TICKSHIELD-PLUS_L,E-commerce,Region,Midwest,15536,372865.46,0.82
ciq_ecommerce,2024-06,2024-Q2,Parasiticides,TickShield Plus,TICKSHIELD-PLUS_S,E-commerce,Region,Midwest,21386,513272.14,0.82
ciq_ecommerce,2024-06,2024-Q2,Vaccines,Vanguard,VANGUARD_L,E-commerce,Region,Midwest,4964,109215.66,0.82
ciq_ecommerce,2024-06,2024-Q2,Vaccines,Vanguard,VANGUARD_S,E-commerce,Region,Midwest,7078,155726.57,0.82
ciq_ecommerce,2024-06,2024-Q2,Parasiticides,VectraGuard,VECTRAGUARD_L,E-commerce,Region,Midwest,17289,449523.14,0.82
ciq_ecommerce,2024-06,2024-Q2,Parasiticides,VectraGuard,VECTRAGUARD_S,E-commerce,Region,Midwest,22357,581277.9,0.82
ciq_ecommerce,2024-06,2024-Q2,Vaccines,VetGuard Immunize,VETGUARD-IMMUNIZE_L,E-commerce,Region,Midwest,3880,73723.95,0.82
ciq_ecommerce,2024-06,2024-Q2,Vaccines,VetGuard Immunize,VETGUARD-IMMUNIZE_S,E-commerce,Region,Midwest,5809,110378.63,0.82
ciq_ecommerce,2024-06,2024-Q2,Vaccines,VetSelect Core Vax,VETSELECT-CORE-VAX_L,E-commerce,Region,Midwest,5165,72306.22,0.82
ciq_ecommerce,2024-06,2024-Q2,Vaccines,VetSelect Core Vax,VETSELECT-CORE-VAX_S,E-commerce,Region,Midwest,6475,90646.71,0.82
ciq_ecommerce,2024-06,2024-Q2,Dermatology,VetSelect Derma,VETSELECT-DERMA_L,E-commerce,Region,Midwest,3430,130323.96,0.82
ciq_ecommerce,2024-06,2024-Q2,Dermatology,VetSelect Derma,VETSELECT-DERMA_S,E-commerce,Region,Midwest,4737,180016.46,0.82
ciq_ecommerce,2024-06,2024-Q2,Petcare Diagnostics,VetSelect Dx,VETSELECT-DX_L,E-commerce,Region,Midwest,4189,50269.84,0.82
ciq_ecommerce,2024-06,2024-Q2,Petcare Diagnostics,VetSelect Dx,VETSELECT-DX_S,E-commerce,Region,Midwest,5513,66150.24,0.82
ciq_ecommerce,2024-06,2024-Q2,Parasiticides,VetSelect Flea & Tick,VETSELECT-FLEA-TICK_L,E-commerce,Region,Midwest,19701,334913.0,0.82
ciq_ecommerce,2024-06,2024-Q2,Parasiticides,VetSelect Flea & Tick,VETSELECT-FLEA-TICK_S,E-commerce,Region,Midwest,27262,463459.76,0.82
ciq_ecommerce,2024-06,2024-Q2,Pain/Osteoarthritis,VetSelect Joint,VETSELECT-JOINT_L,E-commerce,Region,Midwest,2839,82327.56,0.82
ciq_ecommerce,2024-06,2024-Q2,Pain/Osteoarthritis,VetSelect Joint,VETSELECT-JOINT_S,E-commerce,Region,Midwest,3519,102059.5,0.82
ciq_ecommerce,2024-06,2024-Q2,Petcare Diagnostics,Vetscan,VETSCAN_L,E-commerce,Region,Midwest,7615,137076.93,0.82
ciq_ecommerce,2024-06,2024-Q2,Petcare Diagnostics,Vetscan,VETSCAN_S,E-commerce,Region,Midwest,10282,185084.73,0.82
ciq_ecommerce,2024-06,2024-Q2,Dermatology,AllerVet RX,ALLERVET-RX_L,E-commerce,Region,Northeast,4475,241638.6,0.82
ciq_ecommerce,2024-06,2024-Q2,Dermatology,AllerVet RX,ALLERVET-RX_S,E-commerce,Region,Northeast,6442,347887.07,0.82
ciq_ecommerce,2024-06,2024-Q2,Dermatology,Apoquel,APOQUEL_L,E-commerce,Region,Northeast,6255,406578.32,0.82
ciq_ecommerce,2024-06,2024-Q2,Dermatology,Apoquel,APOQUEL_S,E-commerce,Region,Northeast,8370,544042.34,0.82
ciq_ecommerce,2024-06,2024-Q2,Vaccines,BioShield Vax,BIOSHIELD-VAX_L,E-commerce,Region,Northeast,5043,100857.13,0.82
ciq_ecommerce,2024-06,2024-Q2,Vaccines,BioShield Vax,BIOSHIELD-VAX_S,E-commerce,Region,Northeast,7150,142998.76,0.82
ciq_ecommerce,2024-06,2024-Q2,Dermatology,DermaCalm,DERMACALM_L,E-commerce,Region,Northeast,5009,290547.22,0.82
ciq_ecommerce,2024-06,2024-Q2,Dermatology,DermaCalm,DERMACALM_S,E-commerce,Region,Northeast,6712,389273.15,0.82
ciq_ecommerce,2024-06,2024-Q2,Petcare Diagnostics,DiagnosTech Vet,DIAGNOSTECH-VET_L,E-commerce,Region,Northeast,9036,153614.09,0.82
ciq_ecommerce,2024-06,2024-Q2,Petcare Diagnostics,DiagnosTech Vet,DIAGNOSTECH-VET_S,E-commerce,Region,Northeast,12550,213350.26,0.82
ciq_ecommerce,2024-06,2024-Q2,Parasiticides,FleaStop Pro,FLEASTOP-PRO_L,E-commerce,Region,Northeast,13994,293871.63,0.82
ciq_ecommerce,2024-06,2024-Q2,Parasiticides,FleaStop Pro,FLEASTOP-PRO_S,E-commerce,Region,Northeast,20402,428440.18,0.82
ciq_ecommerce,2024-06,2024-Q2,Pain/Osteoarthritis,FlexiCare Joint,FLEXICARE-JOINT_L,E-commerce,Region,Northeast,2677,117798.04,0.82
ciq_ecommerce,2024-06,2024-Q2,Pain/Osteoarthritis,FlexiCare Joint,FLEXICARE-JOINT_S,E-commerce,Region,Northeast,3786,166566.02,0.82
ciq_ecommerce,2024-06,2024-Q2,Vaccines,ImmunoCore Canine,IMMUNOCORE-CANINE_L,E-commerce,Region,Northeast,6366,133678.36,0.82
ciq_ecommerce,2024-06,2024-Q2,Vaccines,ImmunoCore Canine,IMMUNOCORE-CANINE_S,E-commerce,Region,Northeast,9019,189404.73,0.82
ciq_ecommerce,2024-06,2024-Q2,Pain/Osteoarthritis,Librela,LIBRELA_L,E-commerce,Region,Northeast,2608,125165.86,0.82
ciq_ecommerce,2024-06,2024-Q2,Pain/Osteoarthritis,Librela,LIBRELA_S,E-commerce,Region,Northeast,3457,165951.67,0.82
ciq_ecommerce,2024-06,2024-Q2,Pain/Osteoarthritis,OsteoEase Vet,OSTEOEASE-VET_L,E-commerce,Region,Northeast,2489,102063.62,0.82
ciq_ecommerce,2024-06,2024-Q2,Pain/Osteoarthritis,OsteoEase Vet,OSTEOEASE-VET_S,E-commerce,Region,Northeast,3405,139617.98,0.82
ciq_ecommerce,2024-06,2024-Q2,Pain/Osteoarthritis,PainAway Canine,PAINAWAY-CANINE_L,E-commerce,Region,Northeast,2322,85914.54,0.82
ciq_ecommerce,2024-06,2024-Q2,Pain/Osteoarthritis,PainAway Canine,PAINAWAY-CANINE_S,E-commerce,Region,Northeast,3186,117875.72,0.82
ciq_ecommerce,2024-06,2024-Q2,Petcare Diagnostics,PetLab Analyzer,PETLAB-ANALYZER_L,E-commerce,Region,Northeast,5111,76664.24,0.82
ciq_ecommerce,2024-06,2024-Q2,Petcare Diagnostics,PetLab Analyzer,PETLAB-ANALYZER_S,E-commerce,Region,Northeast,6969,104532.76,0.82
ciq_ecommerce,2024-06,2024-Q2,Petcare Diagnostics,RapidVet Dx,RAPIDVET-DX_L,E-commerce,Region,Northeast,7072,113153.15,0.82
ciq_ecommerce,2024-06,2024-Q2,Petcare Diagnostics,RapidVet Dx,RAPIDVET-DX_S,E-commerce,Region,Northeast,10777,172433.05,0.82
ciq_ecommerce,2024-06,2024-Q2,Parasiticides,Simparica Trio,SIMPARICA-TRIO_L,E-commerce,Region,Northeast,20907,585404.57,0.82
ciq_ecommerce,2024-06,2024-Q2,Parasiticides,Simparica Trio,SIMPARICA-TRIO_S,E-commerce,Region,Northeast,27722,776209.26,0.82
ciq_ecommerce,2024-06,2024-Q2,Dermatology,SkinRelief Pro,SKINRELIEF-PRO_L,E-commerce,Region,Northeast,3692,180907.95,0.82
ciq_ecommerce,2024-06,2024-Q2,Dermatology,SkinRelief Pro,SKINRELIEF-PRO_S,E-commerce,Region,Northeast,5753,281884.17,0.82
ciq_ecommerce,2024-06,2024-Q2,Parasiticides,TickShield Plus,TICKSHIELD-PLUS_L,E-commerce,Region,Northeast,15422,370126.48,0.82
ciq_ecommerce,2024-06,2024-Q2,Parasiticides,TickShield Plus,TICKSHIELD-PLUS_S,E-commerce,Region,Northeast,21632,519163.44,0.82
ciq_ecommerce,2024-06,2024-Q2,Vaccines,Vanguard,VANGUARD_L,E-commerce,Region,Northeast,5222,114881.17,0.82
ciq_ecommerce,2024-06,2024-Q2,Vaccines,Vanguard,VANGUARD_S,E-commerce,Region,Northeast,7856,172842.1,0.82
ciq_ecommerce,2024-06,2024-Q2,Parasiticides,VectraGuard,VECTRAGUARD_L,E-commerce,Region,Northeast,18701,486236.48,0.82
ciq_ecommerce,2024-06,2024-Q2,Parasiticides,VectraGuard,VECTRAGUARD_S,E-commerce,Region,Northeast,24732,643029.72,0.82
ciq_ecommerce,2024-06,2024-Q2,Vaccines,VetGuard Immunize,VETGUARD-IMMUNIZE_L,E-commerce,Region,Northeast,4760,90447.48,0.82
ciq_ecommerce,2024-06,2024-Q2,Vaccines,VetGuard Immunize,VETGUARD-IMMUNIZE_S,E-commerce,Region,Northeast,6589,125199.47,0.82
ciq_ecommerce,2024-06,2024-Q2,Vaccines,VetSelect Core Vax,VETSELECT-CORE-VAX_L,E-commerce,Region,Northeast,4768,66748.81,0.82
ciq_ecommerce,2024-06,2024-Q2,Vaccines,VetSelect Core Vax,VETSELECT-CORE-VAX_S,E-commerce,Region,Northeast,6778,94886.18,0.82
ciq_ecommerce,2024-06,2024-Q2,Dermatology,VetSelect Derma,VETSELECT-DERMA_L,E-commerce,Region,Northeast,4483,170361.17,0.82
ciq_ecommerce,2024-06,2024-Q2,Dermatology,VetSelect Derma,VETSELECT-DERMA_S,E-commerce,Region,Northeast,5779,219587.62,0.82
ciq_ecommerce,2024-06,2024-Q2,Petcare Diagnostics,VetSelect Dx,VETSELECT-DX_L,E-commerce,Region,Northeast,4476,53716.83,0.82
ciq_ecommerce,2024-06,2024-Q2,Petcare Diagnostics,VetSelect Dx,VETSELECT-DX_S,E-commerce,Region,Northeast,6353,76237.09,0.82
ciq_ecommerce,2024-06,2024-Q2,Parasiticides,VetSelect Flea & Tick,VETSELECT-FLEA-TICK_L,E-commerce,Region,Northeast,21680,368561.6,0.82
ciq_ecommerce,2024-06,2024-Q2,Parasiticides,VetSelect Flea & Tick,VETSELECT-FLEA-TICK_S,E-commerce,Region,Northeast,30049,510832.55,0.82
ciq_ecommerce,2024-06,2024-Q2,Pain/Osteoarthritis,VetSelect Joint,VETSELECT-JOINT_L,E-commerce,Region,Northeast,2734,79284.24,0.82
ciq_ecommerce,2024-06,2024-Q2,Pain/Osteoarthritis,VetSelect Joint,VETSELECT-JOINT_S,E-commerce,Region,Northeast,3676,106601.8,0.82
ciq_ecommerce,2024-06,2024-Q2,Petcare Diagnostics,Vetscan,VETSCAN_L,E-commerce,Region,Northeast,7569,136243.24,0.82
ciq_ecommerce,2024-06,2024-Q2,Petcare Diagnostics,Vetscan,VETSCAN_S,E-commerce,Region,Northeast,10896,196122.63,0.82
ciq_ecommerce,2024-06,2024-Q2,Dermatology,AllerVet RX,ALLERVET-RX_L,E-commerce,Region,South,6433,347380.39,0.82
ciq_ecommerce,2024-06,2024-Q2,Dermatology,AllerVet RX,ALLERVET-RX_S,E-commerce,Region,South,10017,540944.44,0.82
ciq_ecommerce,2024-06,2024-Q2,Dermatology,Apoquel,APOQUEL_L,E-commerce,Region,South,10193,662538.47,0.82
ciq_ecommerce,2024-06,2024-Q2,Dermatology,Apoquel,APOQUEL_S,E-commerce,Region,South,13176,856440.55,0.82
ciq_ecommerce,2024-06,2024-Q2,Vaccines,BioShield Vax,BIOSHIELD-VAX_L,E-commerce,Region,South,8077,161538.21,0.82
ciq_ecommerce,2024-06,2024-Q2,Vaccines,BioShield Vax,BIOSHIELD-VAX_S,E-commerce,Region,South,11664,233278.22,0.82
ciq_ecommerce,2024-06,2024-Q2,Dermatology,DermaCalm,DERMACALM_L,E-commerce,Region,South,7996,463784.38,0.82
ciq_ecommerce,2024-06,2024-Q2,Dermatology,DermaCalm,DERMACALM_S,E-commerce,Region,South,10805,626705.43,0.82
ciq_ecommerce,2024-06,2024-Q2,Petcare Diagnostics,DiagnosTech Vet,DIAGNOSTECH-VET_L,E-commerce,Region,South,14484,246226.53,0.82
ciq_ecommerce,2024-06,2024-Q2,Petcare Diagnostics,DiagnosTech Vet,DIAGNOSTECH-VET_S,E-commerce,Region,South,18215,309647.98,0.82
ciq_ecommerce,2024-06,2024-Q2,Parasiticides,FleaStop Pro,FLEASTOP-PRO_L,E-commerce,Region,South,21315,447612.88,0.82
ciq_ecommerce,2024-06,2024-Q2,Parasiticides,FleaStop Pro,FLEASTOP-PRO_S,E-commerce,Region,South,28825,605332.17,0.82
ciq_ecommerce,2024-06,2024-Q2,Pain/Osteoarthritis,FlexiCare Joint,FLEXICARE-JOINT_L,E-commerce,Region,South,3957,174102.02,0.82
ciq_ecommerce,2024-06,2024-Q2,Pain/Osteoarthritis,FlexiCare Joint,FLEXICARE-JOINT_S,E-commerce,Region,South,5978,263053.37,0.82
ciq_ecommerce,2024-06,2024-Q2,Vaccines,ImmunoCore Canine,IMMUNOCORE-CANINE_L,E-commerce,Region,South,9479,199067.41,0.82
ciq_ecommerce,2024-06,2024-Q2,Vaccines,ImmunoCore Canine,IMMUNOCORE-CANINE_S,E-commerce,Region,South,13551,284562.17,0.82
ciq_ecommerce,2024-06,2024-Q2,Pain/Osteoarthritis,Librela,LIBRELA_L,E-commerce,Region,South,3732,179119.82,0.82
ciq_ecommerce,2024-06,2024-Q2,Pain/Osteoarthritis,Librela,LIBRELA_S,E-commerce,Region,South,4946,237390.94,0.82
ciq_ecommerce,2024-06,2024-Q2,Pain/Osteoarthritis,OsteoEase Vet,OSTEOEASE-VET_L,E-commerce,Region,South,4271,175109.35,0.82
ciq_ecommerce,2024-06,2024-Q2,Pain/Osteoarthritis,OsteoEase Vet,OSTEOEASE-VET_S,E-commerce,Region,South,6168,252885.72,0.82
ciq_ecommerce,2024-06,2024-Q2,Pain/Osteoarthritis,PainAway Canine,PAINAWAY-CANINE_L,E-commerce,Region,South,3637,134574.14,0.82
ciq_ecommerce,2024-06,2024-Q2,Pain/Osteoarthritis,PainAway Canine,PAINAWAY-CANINE_S,E-commerce,Region,South,5177,191549.47,0.82
ciq_ecommerce,2024-06,2024-Q2,Petcare Diagnostics,PetLab Analyzer,PETLAB-ANALYZER_L,E-commerce,Region,South,7906,118588.32,0.82
ciq_ecommerce,2024-06,2024-Q2,Petcare Diagnostics,PetLab Analyzer,PETLAB-ANALYZER_S,E-commerce,Region,South,11680,175206.16,0.82
ciq_ecommerce,2024-06,2024-Q2,Petcare Diagnostics,RapidVet Dx,RAPIDVET-DX_L,E-commerce,Region,South,11633,186124.63,0.82
ciq_ecommerce,2024-06,2024-Q2,Petcare Diagnostics,RapidVet Dx,RAPIDVET-DX_S,E-commerce,Region,South,16859,269736.18,0.82
ciq_ecommerce,2024-06,2024-Q2,Parasiticides,Simparica Trio,SIMPARICA-TRIO_L,E-commerce,Region,South,35918,1005713.97,0.82
ciq_ecommerce,2024-06,2024-Q2,Parasiticides,Simparica Trio,SIMPARICA-TRIO_S,E-commerce,Region,South,47407,1327406.18,0.82
ciq_ecommerce,2024-06,2024-Q2,Dermatology,SkinRelief Pro,SKINRELIEF-PRO_L,E-commerce,Region,South,5775,282979.38,0.82
ciq_ecommerce,2024-06,2024-Q2,Dermatology,SkinRelief Pro,SKINRELIEF-PRO_S,E-commerce,Region,South,8377,410491.33,0.82
ciq_ecommerce,2024-06,2024-Q2,Parasiticides,TickShield Plus,TICKSHIELD-PLUS_L,E-commerce,Region,South,22994,551858.81,0.82
ciq_ecommerce,2024-06,2024-Q2,Parasiticides,TickShield Plus,TICKSHIELD-PLUS_S,E-commerce,Region,South,33501,804034.39,0.82
ciq_ecommerce,2024-06,2024-Q2,Vaccines,Vanguard,VANGUARD_L,E-commerce,Region,South,7907,173964.98,0.82
ciq_ecommerce,2024-06,2024-Q2,Vaccines,Vanguard,VANGUARD_S,E-commerce,Region,South,11163,245578.19,0.82
ciq_ecommerce,2024-06,2024-Q2,Parasiticides,VectraGuard,VECTRAGUARD_L,E-commerce,Region,South,29078,756024.49,0.82
ciq_ecommerce,2024-06,2024-Q2,Parasiticides,VectraGuard,VECTRAGUARD_S,E-commerce,Region,South,37465,974090.06,0.82
ciq_ecommerce,2024-06,2024-Q2,Vaccines,VetGuard Immunize,VETGUARD-IMMUNIZE_L,E-commerce,Region,South,6934,131750.75,0.82
ciq_ecommerce,2024-06,2024-Q2,Vaccines,VetGuard Immunize,VETGUARD-IMMUNIZE_S,E-commerce,Region,South,9237,175509.45,0.82
ciq_ecommerce,2024-06,2024-Q2,Vaccines,VetSelect Core Vax,VETSELECT-CORE-VAX_L,E-commerce,Region,South,8161,114249.7,0.82
ciq_ecommerce,2024-06,2024-Q2,Vaccines,VetSelect Core Vax,VETSELECT-CORE-VAX_S,E-commerce,Region,South,10979,153703.66,0.82
ciq_ecommerce,2024-06,2024-Q2,Dermatology,VetSelect Derma,VETSELECT-DERMA_L,E-commerce,Region,South,6971,264912.11,0.82
ciq_ecommerce,2024-06,2024-Q2,Dermatology,VetSelect Derma,VETSELECT-DERMA_S,E-commerce,Region,South,9538,362459.04,0.82
ciq_ecommerce,2024-06,2024-Q2,Petcare Diagnostics,VetSelect Dx,VETSELECT-DX_L,E-commerce,Region,South,7275,87304.39,0.82
ciq_ecommerce,2024-06,2024-Q2,Petcare Diagnostics,VetSelect Dx,VETSELECT-DX_S,E-commerce,Region,South,9813,117755.36,0.82
ciq_ecommerce,2024-06,2024-Q2,Parasiticides,VetSelect Flea & Tick,VETSELECT-FLEA-TICK_L,E-commerce,Region,South,34395,584717.93,0.82
ciq_ecommerce,2024-06,2024-Q2,Parasiticides,VetSelect Flea & Tick,VETSELECT-FLEA-TICK_S,E-commerce,Region,South,45397,771745.8,0.82
ciq_ecommerce,2024-06,2024-Q2,Pain/Osteoarthritis,VetSelect Joint,VETSELECT-JOINT_L,E-commerce,Region,South,4236,122832.63,0.82
ciq_ecommerce,2024-06,2024-Q2,Pain/Osteoarthritis,VetSelect Joint,VETSELECT-JOINT_S,E-commerce,Region,South,5969,173107.23,0.82
ciq_ecommerce,2024-06,2024-Q2,Petcare Diagnostics,Vetscan,VETSCAN_L,E-commerce,Region,South,12907,232331.59,0.82
ciq_ecommerce,2024-06,2024-Q2,Petcare Diagnostics,Vetscan,VETSCAN_S,E-commerce,Region,South,17196,309520.87,0.82
ciq_ecommerce,2024-06,2024-Q2,Dermatology,AllerVet RX,ALLERVET-RX_L,E-commerce,Region,West,4271,230613.16,0.82
ciq_ecommerce,2024-06,2024-Q2,Dermatology,AllerVet RX,ALLERVET-RX_S,E-commerce,Region,West,5780,312134.03,0.82
ciq_ecommerce,2024-06,2024-Q2,Dermatology,Apoquel,APOQUEL_L,E-commerce,Region,West,6936,450838.49,0.82
ciq_ecommerce,2024-06,2024-Q2,Dermatology,Apoquel,APOQUEL_S,E-commerce,Region,West,9536,619831.73,0.82
ciq_ecommerce,2024-06,2024-Q2,Vaccines,BioShield Vax,BIOSHIELD-VAX_L,E-commerce,Region,West,5554,111086.14,0.82
ciq_ecommerce,2024-06,2024-Q2,Vaccines,BioShield Vax,BIOSHIELD-VAX_S,E-commerce,Region,West,6992,139841.49,0.82
ciq_ecommerce,2024-06,2024-Q2,Dermatology,DermaCalm,DERMACALM_L,E-commerce,Region,West,5001,290066.88,0.82
ciq_ecommerce,2024-06,2024-Q2,Dermatology,DermaCalm,DERMACALM_S,E-commerce,Region,West,6763,392277.21,0.82
ciq_ecommerce,2024-06,2024-Q2,Petcare Diagnostics,DiagnosTech Vet,DIAGNOSTECH-VET_L,E-commerce,Region,West,9071,154211.3,0.82
ciq_ecommerce,2024-06,2024-Q2,Petcare Diagnostics,DiagnosTech Vet,DIAGNOSTECH-VET_S,E-commerce,Region,West,12744,216647.4,0.82
ciq_ecommerce,2024-06,2024-Q2,Parasiticides,FleaStop Pro,FLEASTOP-PRO_L,E-commerce,Region,West,14507,304644.42,0.82
ciq_ecommerce,2024-06,2024-Q2,Parasiticides,FleaStop Pro,FLEASTOP-PRO_S,E-commerce,Region,West,20889,438664.36,0.82
ciq_ecommerce,2024-06,2024-Q2,Pain/Osteoarthritis,FlexiCare Joint,FLEXICARE-JOINT_L,E-commerce,Region,West,2863,125985.94,0.82
ciq_ecommerce,2024-06,2024-Q2,Pain/Osteoarthritis,FlexiCare Joint,FLEXICARE-JOINT_S,E-commerce,Region,West,3678,161814.88,0.82
ciq_ecommerce,2024-06,2024-Q2,Vaccines,ImmunoCore Canine,IMMUNOCORE-CANINE_L,E-commerce,Region,West,6192,130030.6,0.82
ciq_ecommerce,2024-06,2024-Q2,Vaccines,ImmunoCore Canine,IMMUNOCORE-CANINE_S,E-commerce,Region,West,8750,183741.66,0.82
ciq_ecommerce,2024-06,2024-Q2,Pain/Osteoarthritis,Librela,LIBRELA_L,E-commerce,Region,West,2685,128872.17,0.82
ciq_ecommerce,2024-06,2024-Q2,Pain/Osteoarthritis,Librela,LIBRELA_S,E-commerce,Region,West,3810,182893.46,0.82
ciq_ecommerce,2024-06,2024-Q2,Pain/Osteoarthritis,OsteoEase Vet,OSTEOEASE-VET_L,E-commerce,Region,West,2870,117672.85,0.82
ciq_ecommerce,2024-06,2024-Q2,Pain/Osteoarthritis,OsteoEase Vet,OSTEOEASE-VET_S,E-commerce,Region,West,4026,165085.15,0.82
ciq_ecommerce,2024-06,2024-Q2,Pain/Osteoarthritis,PainAway Canine,PAINAWAY-CANINE_L,E-commerce,Region,West,2466,91252.01,0.82
ciq_ecommerce,2024-06,2024-Q2,Pain/Osteoarthritis,PainAway Canine,PAINAWAY-CANINE_S,E-commerce,Region,West,3437,127187.49,0.82
ciq_ecommerce,2024-06,2024-Q2,Petcare Diagnostics,PetLab Analyzer,PETLAB-ANALYZER_L,E-commerce,Region,West,5510,82644.13,0.82
ciq_ecommerce,2024-06,2024-Q2,Petcare Diagnostics,PetLab Analyzer,PETLAB-ANALYZER_S,E-commerce,Region,West,7398,110965.09,0.82
ciq_ecommerce,2024-06,2024-Q2,Petcare Diagnostics,RapidVet Dx,RAPIDVET-DX_L,E-commerce,Region,West,7972,127558.11,0.82
ciq_ecommerce,2024-06,2024-Q2,Petcare Diagnostics,RapidVet Dx,RAPIDVET-DX_S,E-commerce,Region,West,11432,182911.9,0.82
ciq_ecommerce,2024-06,2024-Q2,Parasiticides,Simparica Trio,SIMPARICA-TRIO_L,E-commerce,Region,West,21735,608569.93,0.82
ciq_ecommerce,2024-06,2024-Q2,Parasiticides,Simparica Trio,SIMPARICA-TRIO_S,E-commerce,Region,West,31903,893282.55,0.82
ciq_ecommerce,2024-06,2024-Q2,Dermatology,SkinRelief Pro,SKINRELIEF-PRO_L,E-commerce,Region,West,4035,197716.4,0.82
ciq_ecommerce,2024-06,2024-Q2,Dermatology,SkinRelief Pro,SKINRELIEF-PRO_S,E-commerce,Region,West,5652,276948.96,0.82
ciq_ecommerce,2024-06,2024-Q2,Parasiticides,TickShield Plus,TICKSHIELD-PLUS_L,E-commerce,Region,West,16114,386724.61,0.82
ciq_ecommerce,2024-06,2024-Q2,Parasiticides,TickShield Plus,TICKSHIELD-PLUS_S,E-commerce,Region,West,21633,519194.87,0.82
ciq_ecommerce,2024-06,2024-Q2,Vaccines,Vanguard,VANGUARD_L,E-commerce,Region,West,5210,114610.01,0.82
ciq_ecommerce,2024-06,2024-Q2,Vaccines,Vanguard,VANGUARD_S,E-commerce,Region,West,7326,161174.65,0.82
ciq_ecommerce,2024-06,2024-Q2,Parasiticides,VectraGuard,VECTRAGUARD_L,E-commerce,Region,West,20111,522880.9,0.82
ciq_ecommerce,2024-06,2024-Q2,Parasiticides,VectraGuard,VECTRAGUARD_S,E-commerce,Region,West,27852,724142.66,0.82
ciq_ecommerce,2024-06,2024-Q2,Vaccines,VetGuard Immunize,VETGUARD-IMMUNIZE_L,E-commerce,Region,West,4812,91434.42,0.82
ciq_ecommerce,2024-06,2024-Q2,Vaccines,VetGuard Immunize,VETGUARD-IMMUNIZE_S,E-commerce,Region,West,6339,120445.58,0.82
ciq_ecommerce,2024-06,2024-Q2,Vaccines,VetSelect Core Vax,VETSELECT-CORE-VAX_L,E-commerce,Region,West,5240,73365.32,0.82
ciq_ecommerce,2024-06,2024-Q2,Vaccines,VetSelect Core Vax,VETSELECT-CORE-VAX_S,E-commerce,Region,West,7269,101771.85,0.82
ciq_ecommerce,2024-06,2024-Q2,Dermatology,VetSelect Derma,VETSELECT-DERMA_L,E-commerce,Region,West,4143,157442.02,0.82
ciq_ecommerce,2024-06,2024-Q2,Dermatology,VetSelect Derma,VETSELECT-DERMA_S,E-commerce,Region,West,5701,216635.19,0.82
ciq_ecommerce,2024-06,2024-Q2,Petcare Diagnostics,VetSelect Dx,VETSELECT-DX_L,E-commerce,Region,West,5103,61233.87,0.82
ciq_ecommerce,2024-06,2024-Q2,Petcare Diagnostics,VetSelect Dx,VETSELECT-DX_S,E-commerce,Region,West,6205,74460.41,0.82
ciq_ecommerce,2024-06,2024-Q2,Parasiticides,VetSelect Flea & Tick,VETSELECT-FLEA-TICK_L,E-commerce,Region,West,25092,426567.02,0.82
ciq_ecommerce,2024-06,2024-Q2,Parasiticides,VetSelect Flea & Tick,VETSELECT-FLEA-TICK_S,E-commerce,Region,West,32661,555237.47,0.82
ciq_ecommerce,2024-06,2024-Q2,Pain/Osteoarthritis,VetSelect Joint,VETSELECT-JOINT_L,E-commerce,Region,West,2972,86176.28,0.82
ciq_ecommerce,2024-06,2024-Q2,Pain/Osteoarthritis,VetSelect Joint,VETSELECT-JOINT_S,E-commerce,Region,West,3823,110867.94,0.82
ciq_ecommerce,2024-06,2024-Q2,Petcare Diagnostics,Vetscan,VETSCAN_L,E-commerce,Region,West,8447,152046.32,0.82
ciq_ecommerce,2024-06,2024-Q2,Petcare Diagnostics,Vetscan,VETSCAN_S,E-commerce,Region,West,11197,201539.1,0.82
ciq_ecommerce,2024-07,2024-Q3,Dermatology,AllerVet RX,ALLERVET-RX_L,E-commerce,National,National,21262,1148162.58,0.82
ciq_ecommerce,2024-07,2024-Q3,Dermatology,AllerVet RX,ALLERVET-RX_S,E-commerce,National,National,28629,1545920.91,0.82
ciq_ecommerce,2024-07,2024-Q3,Dermatology,Apoquel,APOQUEL_L,E-commerce,National,National,28737,1867927.94,0.82
ciq_ecommerce,2024-07,2024-Q3,Dermatology,Apoquel,APOQUEL_S,E-commerce,National,National,39466,2565284.61,0.82
ciq_ecommerce,2024-07,2024-Q3,Vaccines,BioShield Vax,BIOSHIELD-VAX_L,E-commerce,National,National,24960,499185.23,0.82
ciq_ecommerce,2024-07,2024-Q3,Vaccines,BioShield Vax,BIOSHIELD-VAX_S,E-commerce,National,National,33630,672599.75,0.82
ciq_ecommerce,2024-07,2024-Q3,Dermatology,DermaCalm,DERMACALM_L,E-commerce,National,National,23195,1345293.39,0.82
ciq_ecommerce,2024-07,2024-Q3,Dermatology,DermaCalm,DERMACALM_S,E-commerce,National,National,32788,1901654.02,0.82
ciq_ecommerce,2024-07,2024-Q3,Petcare Diagnostics,DiagnosTech Vet,DIAGNOSTECH-VET_L,E-commerce,National,National,40680,691566.88,0.82
ciq_ecommerce,2024-07,2024-Q3,Petcare Diagnostics,DiagnosTech Vet,DIAGNOSTECH-VET_S,E-commerce,National,National,55477,943096.68,0.82
ciq_ecommerce,2024-07,2024-Q3,Parasiticides,FleaStop Pro,FLEASTOP-PRO_L,E-commerce,National,National,63029,1323608.36,0.82
ciq_ecommerce,2024-07,2024-Q3,Parasiticides,FleaStop Pro,FLEASTOP-PRO_S,E-commerce,National,National,86528,1817082.02,0.82
ciq_ecommerce,2024-07,2024-Q3,Pain/Osteoarthritis,FlexiCare Joint,FLEXICARE-JOINT_L,E-commerce,National,National,12240,538560.56,0.82
ciq_ecommerce,2024-07,2024-Q3,Pain/Osteoarthritis,FlexiCare Joint,FLEXICARE-JOINT_S,E-commerce,National,National,17149,754516.71,0.82
ciq_ecommerce,2024-07,2024-Q3,Vaccines,ImmunoCore Canine,IMMUNOCORE-CANINE_L,E-commerce,National,National,27378,574940.73,0.82
ciq_ecommerce,2024-07,2024-Q3,Vaccines,ImmunoCore Canine,IMMUNOCORE-CANINE_S,E-commerce,National,National,38065,799362.14,0.82
ciq_ecommerce,2024-07,2024-Q3,Pain/Osteoarthritis,Librela,LIBRELA_L,E-commerce,National,National,11381,546285.04,0.82
ciq_ecommerce,2024-07,2024-Q3,Pain/Osteoarthritis,Librela,LIBRELA_S,E-commerce,National,National,16330,783893.39,0.82
ciq_ecommerce,2024-07,2024-Q3,Pain/Osteoarthritis,OsteoEase Vet,OSTEOEASE-VET_L,E-commerce,National,National,12152,498253.12,0.82
ciq_ecommerce,2024-07,2024-Q3,Pain/Osteoarthritis,OsteoEase Vet,OSTEOEASE-VET_S,E-commerce,National,National,16551,678623.22,0.82
ciq_ecommerce,2024-07,2024-Q3,Pain/Osteoarthritis,PainAway Canine,PAINAWAY-CANINE_L,E-commerce,National,National,10388,384356.35,0.82
ciq_ecommerce,2024-07,2024-Q3,Pain/Osteoarthritis,PainAway Canine,PAINAWAY-CANINE_S,E-commerce,National,National,14662,542535.88,0.82
ciq_ecommerce,2024-07,2024-Q3,Petcare Diagnostics,PetLab Analyzer,PETLAB-ANALYZER_L,E-commerce,National,National,23290,349363.88,0.82
ciq_ecommerce,2024-07,2024-Q3,Petcare Diagnostics,PetLab Analyzer,PETLAB-ANALYZER_S,E-commerce,National,National,31166,467488.53,0.82
ciq_ecommerce,2024-07,2024-Q3,Petcare Diagnostics,RapidVet Dx,RAPIDVET-DX_L,E-commerce,National,National,36577,585226.58,0.82
ciq_ecommerce,2024-07,2024-Q3,Petcare Diagnostics,RapidVet Dx,RAPIDVET-DX_S,E-commerce,National,National,50652,810426.75,0.82
ciq_ecommerce,2024-07,2024-Q3,Parasiticides,Simparica Trio,SIMPARICA-TRIO_L,E-commerce,National,National,95276,2667717.09,0.82
ciq_ecommerce,2024-07,2024-Q3,Parasiticides,Simparica Trio,SIMPARICA-TRIO_S,E-commerce,National,National,131363,3678155.5,0.82
ciq_ecommerce,2024-07,2024-Q3,Dermatology,SkinRelief Pro,SKINRELIEF-PRO_L,E-commerce,National,National,17825,873437.05,0.82
ciq_ecommerce,2024-07,2024-Q3,Dermatology,SkinRelief Pro,SKINRELIEF-PRO_S,E-commerce,National,National,25389,1244067.24,0.82
ciq_ecommerce,2024-07,2024-Q3,Parasiticides,TickShield Plus,TICKSHIELD-PLUS_L,E-commerce,National,National,70277,1686633.55,0.82
ciq_ecommerce,2024-07,2024-Q3,Parasiticides,TickShield Plus,TICKSHIELD-PLUS_S,E-commerce,National,National,97264,2334341.1,0.82
ciq_ecommerce,2024-07,2024-Q3,Vaccines,Vanguard,VANGUARD_L,E-commerce,National,National,24314,534919.56,0.82
ciq_ecommerce,2024-07,2024-Q3,Vaccines,Vanguard,VANGUARD_S,E-commerce,National,National,32894,723663.75,0.82
ciq_ecommerce,2024-07,2024-Q3,Parasiticides,VectraGuard,VECTRAGUARD_L,E-commerce,National,National,81115,2108974.23,0.82
ciq_ecommerce,2024-07,2024-Q3,Parasiticides,VectraGuard,VECTRAGUARD_S,E-commerce,National,National,112073,2913892.21,0.82
ciq_ecommerce,2024-07,2024-Q3,Vaccines,VetGuard Immunize,VETGUARD-IMMUNIZE_L,E-commerce,National,National,20834,395842.59,0.82
ciq_ecommerce,2024-07,2024-Q3,Vaccines,VetGuard Immunize,VETGUARD-IMMUNIZE_S,E-commerce,National,National,28890,548916.05,0.82
ciq_ecommerce,2024-07,2024-Q3,Vaccines,VetSelect Core Vax,VETSELECT-CORE-VAX_L,E-commerce,National,National,23419,327862.06,0.82
ciq_ecommerce,2024-07,2024-Q3,Vaccines,VetSelect Core Vax,VETSELECT-CORE-VAX_S,E-commerce,National,National,32216,451022.21,0.82
ciq_ecommerce,2024-07,2024-Q3,Dermatology,VetSelect Derma,VETSELECT-DERMA_L,E-commerce,National,National,19815,752977.82,0.82
ciq_ecommerce,2024-07,2024-Q3,Dermatology,VetSelect Derma,VETSELECT-DERMA_S,E-commerce,National,National,28549,1084827.04,0.82
ciq_ecommerce,2024-07,2024-Q3,Petcare Diagnostics,VetSelect Dx,VETSELECT-DX_L,E-commerce,National,National,22391,268704.54,0.82
ciq_ecommerce,2024-07,2024-Q3,Petcare Diagnostics,VetSelect Dx,VETSELECT-DX_S,E-commerce,National,National,30583,366999.79,0.82
ciq_ecommerce,2024-07,2024-Q3,Parasiticides,VetSelect Flea & Tick,VETSELECT-FLEA-TICK_L,E-commerce,National,National,99456,1690755.86,0.82
ciq_ecommerce,2024-07,2024-Q3,Parasiticides,VetSelect Flea & Tick,VETSELECT-FLEA-TICK_S,E-commerce,National,National,131477,2235106.85,0.82
ciq_ecommerce,2024-07,2024-Q3,Pain/Osteoarthritis,VetSelect Joint,VETSELECT-JOINT_L,E-commerce,National,National,12540,363667.46,0.82
ciq_ecommerce,2024-07,2024-Q3,Pain/Osteoarthritis,VetSelect Joint,VETSELECT-JOINT_S,E-commerce,National,National,17307,501933.89,0.82
ciq_ecommerce,2024-07,2024-Q3,Petcare Diagnostics,Vetscan,VETSCAN_L,E-commerce,National,National,37714,678854.28,0.82
ciq_ecommerce,2024-07,2024-Q3,Petcare Diagnostics,Vetscan,VETSCAN_S,E-commerce,National,National,53188,957383.18,0.82
ciq_ecommerce,2024-07,2024-Q3,Dermatology,AllerVet RX,ALLERVET-RX_L,E-commerce,Region,Midwest,4371,236038.09,0.82
ciq_ecommerce,2024-07,2024-Q3,Dermatology,AllerVet RX,ALLERVET-RX_S,E-commerce,Region,Midwest,6380,344493.95,0.82
ciq_ecommerce,2024-07,2024-Q3,Dermatology,Apoquel,APOQUEL_L,E-commerce,Region,Midwest,6188,402216.64,0.82
ciq_ecommerce,2024-07,2024-Q3,Dermatology,Apoquel,APOQUEL_S,E-commerce,Region,Midwest,8330,541463.28,0.82
ciq_ecommerce,2024-07,2024-Q3,Vaccines,BioShield Vax,BIOSHIELD-VAX_L,E-commerce,Region,Midwest,5432,108632.07,0.82
ciq_ecommerce,2024-07,2024-Q3,Vaccines,BioShield Vax,BIOSHIELD-VAX_S,E-commerce,Region,Midwest,6937,138745.86,0.82
ciq_ecommerce,2024-07,2024-Q3,Dermatology,DermaCalm,DERMACALM_L,E-commerce,Region,Midwest,5325,308860.18,0.82
ciq_ecommerce,2024-07,2024-Q3,Dermatology,DermaCalm,DERMACALM_S,E-commerce,Region,Midwest,6963,403841.52,0.82
ciq_ecommerce,2024-07,2024-Q3,Petcare Diagnostics,DiagnosTech Vet,DIAGNOSTECH-VET_L,E-commerce,Region,Midwest,8627,146663.6,0.82
ciq_ecommerce,2024-07,2024-Q3,Petcare Diagnostics,DiagnosTech Vet,DIAGNOSTECH-VET_S,E-commerce,Region,Midwest,12215,207650.2,0.82
ciq_ecommerce,2024-07,2024-Q3,Parasiticides,FleaStop Pro,FLEASTOP-PRO_L,E-commerce,Region,Midwest,13851,290868.74,0.82
ciq_ecommerce,2024-07,2024-Q3,Parasiticides,FleaStop Pro,FLEASTOP-PRO_S,E-commerce,Region,Midwest,19837,416576.18,0.82
ciq_ecommerce,2024-07,2024-Q3,Pain/Osteoarthritis,FlexiCare Joint,FLEXICARE-JOINT_L,E-commerce,Region,Midwest,2681,117947.33,0.82
ciq_ecommerce,2024-07,2024-Q3,Pain/Osteoarthritis,FlexiCare Joint,FLEXICARE-JOINT_S,E-commerce,Region,Midwest,3660,161035.2,0.82
ciq_ecommerce,2024-07,2024-Q3,Vaccines,ImmunoCore Canine,IMMUNOCORE-CANINE_L,E-commerce,Region,Midwest,5750,120755.42,0.82
ciq_ecommerce,2024-07,2024-Q3,Vaccines,ImmunoCore Canine,IMMUNOCORE-CANINE_S,E-commerce,Region,Midwest,8116,170446.19,0.82
ciq_ecommerce,2024-07,2024-Q3,Pain/Osteoarthritis,Librela,LIBRELA_L,E-commerce,Region,Midwest,2404,115402.89,0.82
ciq_ecommerce,2024-07,2024-Q3,Pain/Osteoarthritis,Librela,LIBRELA_S,E-commerce,Region,Midwest,3448,165513.78,0.82
ciq_ecommerce,2024-07,2024-Q3,Pain/Osteoarthritis,OsteoEase Vet,OSTEOEASE-VET_L,E-commerce,Region,Midwest,2450,100462.71,0.82
ciq_ecommerce,2024-07,2024-Q3,Pain/Osteoarthritis,OsteoEase Vet,OSTEOEASE-VET_S,E-commerce,Region,Midwest,3438,140976.04,0.82
ciq_ecommerce,2024-07,2024-Q3,Pain/Osteoarthritis,PainAway Canine,PAINAWAY-CANINE_L,E-commerce,Region,Midwest,2286,84589.72,0.82
ciq_ecommerce,2024-07,2024-Q3,Pain/Osteoarthritis,PainAway Canine,PAINAWAY-CANINE_S,E-commerce,Region,Midwest,3215,118973.12,0.82
ciq_ecommerce,2024-07,2024-Q3,Petcare Diagnostics,PetLab Analyzer,PETLAB-ANALYZER_L,E-commerce,Region,Midwest,4781,71712.02,0.82
ciq_ecommerce,2024-07,2024-Q3,Petcare Diagnostics,PetLab Analyzer,PETLAB-ANALYZER_S,E-commerce,Region,Midwest,7082,106225.45,0.82
ciq_ecommerce,2024-07,2024-Q3,Petcare Diagnostics,RapidVet Dx,RAPIDVET-DX_L,E-commerce,Region,Midwest,8329,133262.97,0.82
ciq_ecommerce,2024-07,2024-Q3,Petcare Diagnostics,RapidVet Dx,RAPIDVET-DX_S,E-commerce,Region,Midwest,10858,173727.26,0.82
ciq_ecommerce,2024-07,2024-Q3,Parasiticides,Simparica Trio,SIMPARICA-TRIO_L,E-commerce,Region,Midwest,20066,561834.5,0.82
ciq_ecommerce,2024-07,2024-Q3,Parasiticides,Simparica Trio,SIMPARICA-TRIO_S,E-commerce,Region,Midwest,27545,771260.39,0.82
ciq_ecommerce,2024-07,2024-Q3,Dermatology,SkinRelief Pro,SKINRELIEF-PRO_L,E-commerce,Region,Midwest,3767,184566.47,0.82
ciq_ecommerce,2024-07,2024-Q3,Dermatology,SkinRelief Pro,SKINRELIEF-PRO_S,E-commerce,Region,Midwest,5264,257932.44,0.82
ciq_ecommerce,2024-07,2024-Q3,Parasiticides,TickShield Plus,TICKSHIELD-PLUS_L,E-commerce,Region,Midwest,15000,360007.62,0.82
ciq_ecommerce,2024-07,2024-Q3,Parasiticides,TickShield Plus,TICKSHIELD-PLUS_S,E-commerce,Region,Midwest,20585,494041.78,0.82
ciq_ecommerce,2024-07,2024-Q3,Vaccines,Vanguard,VANGUARD_L,E-commerce,Region,Midwest,5061,111349.68,0.82
ciq_ecommerce,2024-07,2024-Q3,Vaccines,Vanguard,VANGUARD_S,E-commerce,Region,Midwest,6784,149243.25,0.82
ciq_ecommerce,2024-07,2024-Q3,Parasiticides,VectraGuard,VECTRAGUARD_L,E-commerce,Region,Midwest,17591,457367.47,0.82
ciq_ecommerce,2024-07,2024-Q3,Parasiticides,VectraGuard,VECTRAGUARD_S,E-commerce,Region,Midwest,24565,638677.77,0.82
ciq_ecommerce,2024-07,2024-Q3,Vaccines,VetGuard Immunize,VETGUARD-IMMUNIZE_L,E-commerce,Region,Midwest,4231,80388.39,0.82
ciq_ecommerce,2024-07,2024-Q3,Vaccines,VetGuard Immunize,VETGUARD-IMMUNIZE_S,E-commerce,Region,Midwest,6106,116020.69,0.82
ciq_ecommerce,2024-07,2024-Q3,Vaccines,VetSelect Core Vax,VETSELECT-CORE-VAX_L,E-commerce,Region,Midwest,4860,68039.27,0.82
ciq_ecommerce,2024-07,2024-Q3,Vaccines,VetSelect Core Vax,VETSELECT-CORE-VAX_S,E-commerce,Region,Midwest,6679,93500.8,0.82
ciq_ecommerce,2024-07,2024-Q3,Dermatology,VetSelect Derma,VETSELECT-DERMA_L,E-commerce,Region,Midwest,4480,170239.32,0.82
ciq_ecommerce,2024-07,2024-Q3,Dermatology,VetSelect Derma,VETSELECT-DERMA_S,E-commerce,Region,Midwest,6296,239234.52,0.82
ciq_ecommerce,2024-07,2024-Q3,Petcare Diagnostics,VetSelect Dx,VETSELECT-DX_L,E-commerce,Region,Midwest,4626,55511.37,0.82
ciq_ecommerce,2024-07,2024-Q3,Petcare Diagnostics,VetSelect Dx,VETSELECT-DX_S,E-commerce,Region,Midwest,6194,74328.31,0.82
ciq_ecommerce,2024-07,2024-Q3,Parasiticides,VetSelect Flea & Tick,VETSELECT-FLEA-TICK_L,E-commerce,Region,Midwest,20338,345746.85,0.82
ciq_ecommerce,2024-07,2024-Q3,Parasiticides,VetSelect Flea & Tick,VETSELECT-FLEA-TICK_S,E-commerce,Region,Midwest,26961,458342.07,0.82
ciq_ecommerce,2024-07,2024-Q3,Pain/Osteoarthritis,VetSelect Joint,VETSELECT-JOINT_L,E-commerce,Region,Midwest,2810,81490.15,0.82
ciq_ecommerce,2024-07,2024-Q3,Pain/Osteoarthritis,VetSelect Joint,VETSELECT-JOINT_S,E-commerce,Region,Midwest,3756,108933.85,0.82
ciq_ecommerce,2024-07,2024-Q3,Petcare Diagnostics,Vetscan,VETSCAN_L,E-commerce,Region,Midwest,7527,135493.18,0.82
ciq_ecommerce,2024-07,2024-Q3,Petcare Diagnostics,Vetscan,VETSCAN_S,E-commerce,Region,Midwest,11004,198076.42,0.82
ciq_ecommerce,2024-07,2024-Q3,Dermatology,AllerVet RX,ALLERVET-RX_L,E-commerce,Region,Northeast,4953,267486.64,0.82
ciq_ecommerce,2024-07,2024-Q3,Dermatology,AllerVet RX,ALLERVET-RX_S,E-commerce,Region,Northeast,6203,334982.31,0.82
ciq_ecommerce,2024-07,2024-Q3,Dermatology,Apoquel,APOQUEL_L,E-commerce,Region,Northeast,6764,439692.3,0.82
ciq_ecommerce,2024-07,2024-Q3,Dermatology,Apoquel,APOQUEL_S,E-commerce,Region,Northeast,9154,595038.25,0.82
ciq_ecommerce,2024-07,2024-Q3,Vaccines,BioShield Vax,BIOSHIELD-VAX_L,E-commerce,Region,Northeast,5562,111231.31,0.82
ciq_ecommerce,2024-07,2024-Q3,Vaccines,BioShield Vax,BIOSHIELD-VAX_S,E-commerce,Region,Northeast,7678,153565.67,0.82
ciq_ecommerce,2024-07,2024-Q3,Dermatology,DermaCalm,DERMACALM_L,E-commerce,Region,Northeast,4873,282632.01,0.82
ciq_ecommerce,2024-07,2024-Q3,Dermatology,DermaCalm,DERMACALM_S,E-commerce,Region,Northeast,6797,394222.25,0.82
ciq_ecommerce,2024-07,2024-Q3,Petcare Diagnostics,DiagnosTech Vet,DIAGNOSTECH-VET_L,E-commerce,Region,Northeast,8951,152173.04,0.82
ciq_ecommerce,2024-07,2024-Q3,Petcare Diagnostics,DiagnosTech Vet,DIAGNOSTECH-VET_S,E-commerce,Region,Northeast,13175,223976.35,0.82
ciq_ecommerce,2024-07,2024-Q3,Parasiticides,FleaStop Pro,FLEASTOP-PRO_L,E-commerce,Region,Northeast,13713,287971.93,0.82
ciq_ecommerce,2024-07,2024-Q3,Parasiticides,FleaStop Pro,FLEASTOP-PRO_S,E-commerce,Region,Northeast,18838,395594.35,0.82
ciq_ecommerce,2024-07,2024-Q3,Pain/Osteoarthritis,FlexiCare Joint,FLEXICARE-JOINT_L,E-commerce,Region,Northeast,2568,113003.51,0.82
ciq_ecommerce,2024-07,2024-Q3,Pain/Osteoarthritis,FlexiCare Joint,FLEXICARE-JOINT_S,E-commerce,Region,Northeast,3621,159302.18,0.82
ciq_ecommerce,2024-07,2024-Q3,Vaccines,ImmunoCore Canine,IMMUNOCORE-CANINE_L,E-commerce,Region,Northeast,6201,130216.21,0.82
ciq_ecommerce,2024-07,2024-Q3,Vaccines,ImmunoCore Canine,IMMUNOCORE-CANINE_S,E-commerce,Region,Northeast,9043,189902.13,0.82
ciq_ecommerce,2024-07,2024-Q3,Pain/Osteoarthritis,Librela,LIBRELA_L,E-commerce,Region,Northeast,2683,128772.65,0.82
ciq_ecommerce,2024-07,2024-Q3,Pain/Osteoarthritis,Librela,LIBRELA_S,E-commerce,Region,Northeast,3635,174503.05,0.82
ciq_ecommerce,2024-07,2024-Q3,Pain/Osteoarthritis,OsteoEase Vet,OSTEOEASE-VET_L,E-commerce,Region,Northeast,2591,106243.21,0.82
ciq_ecommerce,2024-07,2024-Q3,Pain/Osteoarthritis,OsteoEase Vet,OSTEOEASE-VET_S,E-commerce,Region,Northeast,3589,147146.23,0.82
ciq_ecommerce,2024-07,2024-Q3,Pain/Osteoarthritis,PainAway Canine,PAINAWAY-CANINE_L,E-commerce,Region,Northeast,2120,78433.05,0.82
ciq_ecommerce,2024-07,2024-Q3,Pain/Osteoarthritis,PainAway Canine,PAINAWAY-CANINE_S,E-commerce,Region,Northeast,3036,112331.31,0.82
ciq_ecommerce,2024-07,2024-Q3,Petcare Diagnostics,PetLab Analyzer,PETLAB-ANALYZER_L,E-commerce,Region,Northeast,5289,79341.52,0.82
ciq_ecommerce,2024-07,2024-Q3,Petcare Diagnostics,PetLab Analyzer,PETLAB-ANALYZER_S,E-commerce,Region,Northeast,7210,108157.4,0.82
ciq_ecommerce,2024-07,2024-Q3,Petcare Diagnostics,RapidVet Dx,RAPIDVET-DX_L,E-commerce,Region,Northeast,7956,127299.01,0.82
ciq_ecommerce,2024-07,2024-Q3,Petcare Diagnostics,RapidVet Dx,RAPIDVET-DX_S,E-commerce,Region,Northeast,11253,180042.23,0.82
ciq_ecommerce,2024-07,2024-Q3,Parasiticides,Simparica Trio,SIMPARICA-TRIO_L,E-commerce,Region,Northeast,20304,568519.5,0.82
ciq_ecommerce,2024-07,2024-Q3,Parasiticides,Simparica Trio,SIMPARICA-TRIO_S,E-commerce,Region,Northeast,28022,784606.19,0.82
ciq_ecommerce,2024-07,2024-Q3,Dermatology,SkinRelief Pro,SKINRELIEF-PRO_L,E-commerce,Region,Northeast,3897,190966.19,0.82
ciq_ecommerce,2024-07,2024-Q3,Dermatology,SkinRelief Pro,SKINRELIEF-PRO_S,E-commerce,Region,Northeast,6026,295259.61,0.82
ciq_ecommerce,2024-07,2024-Q3,Parasiticides,TickShield Plus,TICKSHIELD-PLUS_L,E-commerce,Region,Northeast,15133,363187.13,0.82
ciq_ecommerce,2024-07,2024-Q3,Parasiticides,TickShield Plus,TICKSHIELD-PLUS_S,E-commerce,Region,Northeast,22730,545527.47,0.82
ciq_ecommerce,2024-07,2024-Q3,Vaccines,Vanguard,VANGUARD_L,E-commerce,Region,Northeast,5415,119135.22,0.82
ciq_ecommerce,2024-07,2024-Q3,Vaccines,Vanguard,VANGUARD_S,E-commerce,Region,Northeast,7073,155605.0,0.82
ciq_ecommerce,2024-07,2024-Q3,Parasiticides,VectraGuard,VECTRAGUARD_L,E-commerce,Region,Northeast,18327,476497.61,0.82
ciq_ecommerce,2024-07,2024-Q3,Parasiticides,VectraGuard,VECTRAGUARD_S,E-commerce,Region,Northeast,25426,661079.93,0.82
ciq_ecommerce,2024-07,2024-Q3,Vaccines,VetGuard Immunize,VETGUARD-IMMUNIZE_L,E-commerce,Region,Northeast,4709,89472.05,0.82
ciq_ecommerce,2024-07,2024-Q3,Vaccines,VetGuard Immunize,VETGUARD-IMMUNIZE_S,E-commerce,Region,Northeast,6791,129031.98,0.82
ciq_ecommerce,2024-07,2024-Q3,Vaccines,VetSelect Core Vax,VETSELECT-CORE-VAX_L,E-commerce,Region,Northeast,4936,69107.02,0.82
ciq_ecommerce,2024-07,2024-Q3,Vaccines,VetSelect Core Vax,VETSELECT-CORE-VAX_S,E-commerce,Region,Northeast,7450,104303.1,0.82
ciq_ecommerce,2024-07,2024-Q3,Dermatology,VetSelect Derma,VETSELECT-DERMA_L,E-commerce,Region,Northeast,4630,175933.18,0.82
ciq_ecommerce,2024-07,2024-Q3,Dermatology,VetSelect Derma,VETSELECT-DERMA_S,E-commerce,Region,Northeast,6385,242624.89,0.82
ciq_ecommerce,2024-07,2024-Q3,Petcare Diagnostics,VetSelect Dx,VETSELECT-DX_L,E-commerce,Region,Northeast,4955,59463.13,0.82
ciq_ecommerce,2024-07,2024-Q3,Petcare Diagnostics,VetSelect Dx,VETSELECT-DX_S,E-commerce,Region,Northeast,7175,86102.89,0.82
ciq_ecommerce,2024-07,2024-Q3,Parasiticides,VetSelect Flea & Tick,VETSELECT-FLEA-TICK_L,E-commerce,Region,Northeast,21842,371316.37,0.82
ciq_ecommerce,2024-07,2024-Q3,Parasiticides,VetSelect Flea & Tick,VETSELECT-FLEA-TICK_S,E-commerce,Region,Northeast,28616,486469.13,0.82
ciq_ecommerce,2024-07,2024-Q3,Pain/Osteoarthritis,VetSelect Joint,VETSELECT-JOINT_L,E-commerce,Region,Northeast,2732,79227.61,0.82
ciq_ecommerce,2024-07,2024-Q3,Pain/Osteoarthritis,VetSelect Joint,VETSELECT-JOINT_S,E-commerce,Region,Northeast,3706,107468.97,0.82
ciq_ecommerce,2024-07,2024-Q3,Petcare Diagnostics,Vetscan,VETSCAN_L,E-commerce,Region,Northeast,8566,154184.25,0.82
ciq_ecommerce,2024-07,2024-Q3,Petcare Diagnostics,Vetscan,VETSCAN_S,E-commerce,Region,Northeast,12246,220420.5,0.82
ciq_ecommerce,2024-07,2024-Q3,Dermatology,AllerVet RX,ALLERVET-RX_L,E-commerce,Region,South,7109,383869.33,0.82
ciq_ecommerce,2024-07,2024-Q3,Dermatology,AllerVet RX,ALLERVET-RX_S,E-commerce,Region,South,9306,502509.98,0.82
ciq_ecommerce,2024-07,2024-Q3,Dermatology,Apoquel,APOQUEL_L,E-commerce,Region,South,9235,600261.12,0.82
ciq_ecommerce,2024-07,2024-Q3,Dermatology,Apoquel,APOQUEL_S,E-commerce,Region,South,12400,805971.77,0.82
ciq_ecommerce,2024-07,2024-Q3,Vaccines,BioShield Vax,BIOSHIELD-VAX_L,E-commerce,Region,South,8230,164593.7,0.82
ciq_ecommerce,2024-07,2024-Q3,Vaccines,BioShield Vax,BIOSHIELD-VAX_S,E-commerce,Region,South,11595,231896.53,0.82
ciq_ecommerce,2024-07,2024-Q3,Dermatology,DermaCalm,DERMACALM_L,E-commerce,Region,South,7422,430449.6,0.82
ciq_ecommerce,2024-07,2024-Q3,Dermatology,DermaCalm,DERMACALM_S,E-commerce,Region,South,11405,661462.8,0.82
ciq_ecommerce,2024-07,2024-Q3,Petcare Diagnostics,DiagnosTech Vet,DIAGNOSTECH-VET_L,E-commerce,Region,South,13867,235737.73,0.82
ciq_ecommerce,2024-07,2024-Q3,Petcare Diagnostics,DiagnosTech Vet,DIAGNOSTECH-VET_S,E-commerce,Region,South,16849,286430.0,0.82
ciq_ecommerce,2024-07,2024-Q3,Parasiticides,FleaStop Pro,FLEASTOP-PRO_L,E-commerce,Region,South,21304,447378.94,0.82
ciq_ecommerce,2024-07,2024-Q3,Parasiticides,FleaStop Pro,FLEASTOP-PRO_S,E-commerce,Region,South,26948,565902.24,0.82
ciq_ecommerce,2024-07,2024-Q3,Pain/Osteoarthritis,FlexiCare Joint,FLEXICARE-JOINT_L,E-commerce,Region,South,4107,180721.54,0.82
ciq_ecommerce,2024-07,2024-Q3,Pain/Osteoarthritis,FlexiCare Joint,FLEXICARE-JOINT_S,E-commerce,Region,South,5867,258141.98,0.82
ciq_ecommerce,2024-07,2024-Q3,Vaccines,ImmunoCore Canine,IMMUNOCORE-CANINE_L,E-commerce,Region,South,9003,189069.0,0.82
ciq_ecommerce,2024-07,2024-Q3,Vaccines,ImmunoCore Canine,IMMUNOCORE-CANINE_S,E-commerce,Region,South,11978,251533.89,0.82
ciq_ecommerce,2024-07,2024-Q3,Pain/Osteoarthritis,Librela,LIBRELA_L,E-commerce,Region,South,3777,181280.42,0.82
ciq_ecommerce,2024-07,2024-Q3,Pain/Osteoarthritis,Librela,LIBRELA_S,E-commerce,Region,South,5561,266928.37,0.82
ciq_ecommerce,2024-07,2024-Q3,Pain/Osteoarthritis,OsteoEase Vet,OSTEOEASE-VET_L,E-commerce,Region,South,4550,186538.46,0.82
ciq_ecommerce,2024-07,2024-Q3,Pain/Osteoarthritis,OsteoEase Vet,OSTEOEASE-VET_S,E-commerce,Region,South,5620,230439.64,0.82
ciq_ecommerce,2024-07,2024-Q3,Pain/Osteoarthritis,PainAway Canine,PAINAWAY-CANINE_L,E-commerce,Region,South,3401,125830.39,0.82
ciq_ecommerce,2024-07,2024-Q3,Pain/Osteoarthritis,PainAway Canine,PAINAWAY-CANINE_S,E-commerce,Region,South,5062,187303.85,0.82
ciq_ecommerce,2024-07,2024-Q3,Petcare Diagnostics,PetLab Analyzer,PETLAB-ANALYZER_L,E-commerce,Region,South,8049,120741.71,0.82
ciq_ecommerce,2024-07,2024-Q3,Petcare Diagnostics,PetLab Analyzer,PETLAB-ANALYZER_S,E-commerce,Region,South,9997,149951.61,0.82
ciq_ecommerce,2024-07,2024-Q3,Petcare Diagnostics,RapidVet Dx,RAPIDVET-DX_L,E-commerce,Region,South,11666,186651.53,0.82
ciq_ecommerce,2024-07,2024-Q3,Petcare Diagnostics,RapidVet Dx,RAPIDVET-DX_S,E-commerce,Region,South,16857,269715.85,0.82
ciq_ecommerce,2024-07,2024-Q3,Parasiticides,Simparica Trio,SIMPARICA-TRIO_L,E-commerce,Region,South,32295,904258.04,0.82
ciq_ecommerce,2024-07,2024-Q3,Parasiticides,Simparica Trio,SIMPARICA-TRIO_S,E-commerce,Region,South,42632,1193687.87,0.82
ciq_ecommerce,2024-07,2024-Q3,Dermatology,SkinRelief Pro,SKINRELIEF-PRO_L,E-commerce,Region,South,5951,291593.87,0.82
ciq_ecommerce,2024-07,2024-Q3,Dermatology,SkinRelief Pro,SKINRELIEF-PRO_S,E-commerce,Region,South,8086,396227.8,0.82
ciq_ecommerce,2024-07,2024-Q3,Parasiticides,TickShield Plus,TICKSHIELD-PLUS_L,E-commerce,Region,South,24069,577646.44,0.82
ciq_ecommerce,2024-07,2024-Q3,Parasiticides,TickShield Plus,TICKSHIELD-PLUS_S,E-commerce,Region,South,32316,775572.2,0.82
ciq_ecommerce,2024-07,2024-Q3,Vaccines,Vanguard,VANGUARD_L,E-commerce,Region,South,8322,183093.31,0.82
ciq_ecommerce,2024-07,2024-Q3,Vaccines,Vanguard,VANGUARD_S,E-commerce,Region,South,11161,245547.47,0.82
ciq_ecommerce,2024-07,2024-Q3,Parasiticides,VectraGuard,VECTRAGUARD_L,E-commerce,Region,South,26266,682908.59,0.82
ciq_ecommerce,2024-07,2024-Q3,Parasiticides,VectraGuard,VECTRAGUARD_S,E-commerce,Region,South,34655,901037.71,0.82
ciq_ecommerce,2024-07,2024-Q3,Vaccines,VetGuard Immunize,VETGUARD-IMMUNIZE_L,E-commerce,Region,South,7102,134934.44,0.82
ciq_ecommerce,2024-07,2024-Q3,Vaccines,VetGuard Immunize,VETGUARD-IMMUNIZE_S,E-commerce,Region,South,9609,182574.35,0.82
ciq_ecommerce,2024-07,2024-Q3,Vaccines,VetSelect Core Vax,VETSELECT-CORE-VAX_L,E-commerce,Region,South,8526,119358.42,0.82
ciq_ecommerce,2024-07,2024-Q3,Vaccines,VetSelect Core Vax,VETSELECT-CORE-VAX_S,E-commerce,Region,South,10949,153292.7,0.82
ciq_ecommerce,2024-07,2024-Q3,Dermatology,VetSelect Derma,VETSELECT-DERMA_L,E-commerce,Region,South,6206,235842.41,0.82
ciq_ecommerce,2024-07,2024-Q3,Dermatology,VetSelect Derma,VETSELECT-DERMA_S,E-commerce,Region,South,9081,345073.72,0.82
ciq_ecommerce,2024-07,2024-Q3,Petcare Diagnostics,VetSelect Dx,VETSELECT-DX_L,E-commerce,Region,South,7792,93509.95,0.82
ciq_ecommerce,2024-07,2024-Q3,Petcare Diagnostics,VetSelect Dx,VETSELECT-DX_S,E-commerce,Region,South,10399,124793.43,0.82
ciq_ecommerce,2024-07,2024-Q3,Parasiticides,VetSelect Flea & Tick,VETSELECT-FLEA-TICK_L,E-commerce,Region,South,33685,572645.57,0.82
ciq_ecommerce,2024-07,2024-Q3,Parasiticides,VetSelect Flea & Tick,VETSELECT-FLEA-TICK_S,E-commerce,Region,South,44779,761241.85,0.82
ciq_ecommerce,2024-07,2024-Q3,Pain/Osteoarthritis,VetSelect Joint,VETSELECT-JOINT_L,E-commerce,Region,South,3928,113923.66,0.82
ciq_ecommerce,2024-07,2024-Q3,Pain/Osteoarthritis,VetSelect Joint,VETSELECT-JOINT_S,E-commerce,Region,South,5859,169923.7,0.82
ciq_ecommerce,2024-07,2024-Q3,Petcare Diagnostics,Vetscan,VETSCAN_L,E-commerce,Region,South,13244,238391.62,0.82
ciq_ecommerce,2024-07,2024-Q3,Petcare Diagnostics,Vetscan,VETSCAN_S,E-commerce,Region,South,17768,319818.06,0.82
ciq_ecommerce,2024-07,2024-Q3,Dermatology,AllerVet RX,ALLERVET-RX_L,E-commerce,Region,West,4829,260768.52,0.82
ciq_ecommerce,2024-07,2024-Q3,Dermatology,AllerVet RX,ALLERVET-RX_S,E-commerce,Region,West,6740,363934.67,0.82
ciq_ecommerce,2024-07,2024-Q3,Dermatology,Apoquel,APOQUEL_L,E-commerce,Region,West,6550,425757.88,0.82
ciq_ecommerce,2024-07,2024-Q3,Dermatology,Apoquel,APOQUEL_S,E-commerce,Region,West,9582,622811.31,0.82
ciq_ecommerce,2024-07,2024-Q3,Vaccines,BioShield Vax,BIOSHIELD-VAX_L,E-commerce,Region,West,5736,114728.15,0.82
ciq_ecommerce,2024-07,2024-Q3,Vaccines,BioShield Vax,BIOSHIELD-VAX_S,E-commerce,Region,West,7420,148391.69,0.82
ciq_ecommerce,2024-07,2024-Q3,Dermatology,DermaCalm,DERMACALM_L,E-commerce,Region,West,5575,323351.6,0.82
ciq_ecommerce,2024-07,2024-Q3,Dermatology,DermaCalm,DERMACALM_S,E-commerce,Region,West,7623,442127.45,0.82
ciq_ecommerce,2024-07,2024-Q3,Petcare Diagnostics,DiagnosTech Vet,DIAGNOSTECH-VET_L,E-commerce,Region,West,9235,156992.51,0.82
ciq_ecommerce,2024-07,2024-Q3,Petcare Diagnostics,DiagnosTech Vet,DIAGNOSTECH-VET_S,E-commerce,Region,West,13238,225040.13,0.82
ciq_ecommerce,2024-07,2024-Q3,Parasiticides,FleaStop Pro,FLEASTOP-PRO_L,E-commerce,Region,West,14161,297388.75,0.82
ciq_ecommerce,2024-07,2024-Q3,Parasiticides,FleaStop Pro,FLEASTOP-PRO_S,E-commerce,Region,West,20905,439009.25,0.82
ciq_ecommerce,2024-07,2024-Q3,Pain/Osteoarthritis,FlexiCare Joint,FLEXICARE-JOINT_L,E-commerce,Region,West,2884,126888.18,0.82
ciq_ecommerce,2024-07,2024-Q3,Pain/Osteoarthritis,FlexiCare Joint,FLEXICARE-JOINT_S,E-commerce,Region,West,4001,176037.35,0.82
ciq_ecommerce,2024-07,2024-Q3,Vaccines,ImmunoCore Canine,IMMUNOCORE-CANINE_L,E-commerce,Region,West,6424,134900.1,0.82
ciq_ecommerce,2024-07,2024-Q3,Vaccines,ImmunoCore Canine,IMMUNOCORE-CANINE_S,E-commerce,Region,West,8928,187479.93,0.82
ciq_ecommerce,2024-07,2024-Q3,Pain/Osteoarthritis,Librela,LIBRELA_L,E-commerce,Region,West,2517,120829.08,0.82
ciq_ecommerce,2024-07,2024-Q3,Pain/Osteoarthritis,Librela,LIBRELA_S,E-commerce,Region,West,3686,176948.19,0.82
ciq_ecommerce,2024-07,2024-Q3,Pain/Osteoarthritis,OsteoEase Vet,OSTEOEASE-VET_L,E-commerce,Region,West,2561,105008.74,0.82
ciq_ecommerce,2024-07,2024-Q3,Pain/Osteoarthritis,OsteoEase Vet,OSTEOEASE-VET_S,E-commerce,Region,West,3904,160061.31,0.82
ciq_ecommerce,2024-07,2024-Q3,Pain/Osteoarthritis,PainAway Canine,PAINAWAY-CANINE_L,E-commerce,Region,West,2581,95503.19,0.82
ciq_ecommerce,2024-07,2024-Q3,Pain/Osteoarthritis,PainAway Canine,PAINAWAY-CANINE_S,E-commerce,Region,West,3349,123927.6,0.82
ciq_ecommerce,2024-07,2024-Q3,Petcare Diagnostics,PetLab Analyzer,PETLAB-ANALYZER_L,E-commerce,Region,West,5171,77568.63,0.82
ciq_ecommerce,2024-07,2024-Q3,Petcare Diagnostics,PetLab Analyzer,PETLAB-ANALYZER_S,E-commerce,Region,West,6877,103154.07,0.82
ciq_ecommerce,2024-07,2024-Q3,Petcare Diagnostics,RapidVet Dx,RAPIDVET-DX_L,E-commerce,Region,West,8626,138013.07,0.82
ciq_ecommerce,2024-07,2024-Q3,Petcare Diagnostics,RapidVet Dx,RAPIDVET-DX_S,E-commerce,Region,West,11684,186941.41,0.82
ciq_ecommerce,2024-07,2024-Q3,Parasiticides,Simparica Trio,SIMPARICA-TRIO_L,E-commerce,Region,West,22611,633105.05,0.82
ciq_ecommerce,2024-07,2024-Q3,Parasiticides,Simparica Trio,SIMPARICA-TRIO_S,E-commerce,Region,West,33164,928601.05,0.82
ciq_ecommerce,2024-07,2024-Q3,Dermatology,SkinRelief Pro,SKINRELIEF-PRO_L,E-commerce,Region,West,4210,206310.52,0.82
ciq_ecommerce,2024-07,2024-Q3,Dermatology,SkinRelief Pro,SKINRELIEF-PRO_S,E-commerce,Region,West,6013,294647.39,0.82
ciq_ecommerce,2024-07,2024-Q3,Parasiticides,TickShield Plus,TICKSHIELD-PLUS_L,E-commerce,Region,West,16075,385792.36,0.82
ciq_ecommerce,2024-07,2024-Q3,Parasiticides,TickShield Plus,TICKSHIELD-PLUS_S,E-commerce,Region,West,21633,519199.65,0.82
ciq_ecommerce,2024-07,2024-Q3,Vaccines,Vanguard,VANGUARD_L,E-commerce,Region,West,5516,121341.35,0.82
ciq_ecommerce,2024-07,2024-Q3,Vaccines,Vanguard,VANGUARD_S,E-commerce,Region,West,7876,173268.03,0.82
ciq_ecommerce,2024-07,2024-Q3,Parasiticides,VectraGuard,VECTRAGUARD_L,E-commerce,Region,West,18931,492200.56,0.82
ciq_ecommerce,2024-07,2024-Q3,Parasiticides,VectraGuard,VECTRAGUARD_S,E-commerce,Region,West,27427,713096.8,0.82
ciq_ecommerce,2024-07,2024-Q3,Vaccines,VetGuard Immunize,VETGUARD-IMMUNIZE_L,E-commerce,Region,West,4792,91047.71,0.82
ciq_ecommerce,2024-07,2024-Q3,Vaccines,VetGuard Immunize,VETGUARD-IMMUNIZE_S,E-commerce,Region,West,6384,121289.03,0.82
ciq_ecommerce,2024-07,2024-Q3,Vaccines,VetSelect Core Vax,VETSELECT-CORE-VAX_L,E-commerce,Region,West,5097,71357.35,0.82
ciq_ecommerce,2024-07,2024-Q3,Vaccines,VetSelect Core Vax,VETSELECT-CORE-VAX_S,E-commerce,Region,West,7138,99925.61,0.82
ciq_ecommerce,2024-07,2024-Q3,Dermatology,VetSelect Derma,VETSELECT-DERMA_L,E-commerce,Region,West,4499,170962.91,0.82
ciq_ecommerce,2024-07,2024-Q3,Dermatology,VetSelect Derma,VETSELECT-DERMA_S,E-commerce,Region,West,6787,257893.91,0.82
ciq_ecommerce,2024-07,2024-Q3,Petcare Diagnostics,VetSelect Dx,VETSELECT-DX_L,E-commerce,Region,West,5018,60220.09,0.82
ciq_ecommerce,2024-07,2024-Q3,Petcare Diagnostics,VetSelect Dx,VETSELECT-DX_S,E-commerce,Region,West,6815,81775.16,0.82
ciq_ecommerce,2024-07,2024-Q3,Parasiticides,VetSelect Flea & Tick,VETSELECT-FLEA-TICK_L,E-commerce,Region,West,23591,401047.07,0.82
ciq_ecommerce,2024-07,2024-Q3,Parasiticides,VetSelect Flea & Tick,VETSELECT-FLEA-TICK_S,E-commerce,Region,West,31121,529053.8,0.82
ciq_ecommerce,2024-07,2024-Q3,Pain/Osteoarthritis,VetSelect Joint,VETSELECT-JOINT_L,E-commerce,Region,West,3070,89026.04,0.82
ciq_ecommerce,2024-07,2024-Q3,Pain/Osteoarthritis,VetSelect Joint,VETSELECT-JOINT_S,E-commerce,Region,West,3986,115607.37,0.82
ciq_ecommerce,2024-07,2024-Q3,Petcare Diagnostics,Vetscan,VETSCAN_L,E-commerce,Region,West,8377,150785.23,0.82
ciq_ecommerce,2024-07,2024-Q3,Petcare Diagnostics,Vetscan,VETSCAN_S,E-commerce,Region,West,12170,219068.2,0.82
ciq_ecommerce,2024-08,2024-Q3,Dermatology,AllerVet RX,ALLERVET-RX_L,E-commerce,National,National,20062,1083317.71,0.82
ciq_ecommerce,2024-08,2024-Q3,Dermatology,AllerVet RX,ALLERVET-RX_S,E-commerce,National,National,27672,1494286.94,0.82
ciq_ecommerce,2024-08,2024-Q3,Dermatology,Apoquel,APOQUEL_L,E-commerce,National,National,31811,2067704.91,0.82
ciq_ecommerce,2024-08,2024-Q3,Dermatology,Apoquel,APOQUEL_S,E-commerce,National,National,41959,2727316.41,0.82
ciq_ecommerce,2024-08,2024-Q3,Vaccines,BioShield Vax,BIOSHIELD-VAX_L,E-commerce,National,National,23830,476591.66,0.82
ciq_ecommerce,2024-08,2024-Q3,Vaccines,BioShield Vax,BIOSHIELD-VAX_S,E-commerce,National,National,32295,645912.03,0.82
ciq_ecommerce,2024-08,2024-Q3,Dermatology,DermaCalm,DERMACALM_L,E-commerce,National,National,23523,1364387.12,0.82
ciq_ecommerce,2024-08,2024-Q3,Dermatology,DermaCalm,DERMACALM_S,E-commerce,National,National,32484,1884089.72,0.82
ciq_ecommerce,2024-08,2024-Q3,Petcare Diagnostics,DiagnosTech Vet,DIAGNOSTECH-VET_L,E-commerce,National,National,41016,697272.07,0.82
ciq_ecommerce,2024-08,2024-Q3,Petcare Diagnostics,DiagnosTech Vet,DIAGNOSTECH-VET_S,E-commerce,National,National,55024,935411.61,0.82
ciq_ecommerce,2024-08,2024-Q3,Parasiticides,FleaStop Pro,FLEASTOP-PRO_L,E-commerce,National,National,58710,1232909.51,0.82
ciq_ecommerce,2024-08,2024-Q3,Parasiticides,FleaStop Pro,FLEASTOP-PRO_S,E-commerce,National,National,81264,1706521.07,0.82
ciq_ecommerce,2024-08,2024-Q3,Pain/Osteoarthritis,FlexiCare Joint,FLEXICARE-JOINT_L,E-commerce,National,National,12631,555759.79,0.82
ciq_ecommerce,2024-08,2024-Q3,Pain/Osteoarthritis,FlexiCare Joint,FLEXICARE-JOINT_S,E-commerce,National,National,17264,759612.3,0.82
ciq_ecommerce,2024-08,2024-Q3,Vaccines,ImmunoCore Canine,IMMUNOCORE-CANINE_L,E-commerce,National,National,29206,613317.67,0.82
ciq_ecommerce,2024-08,2024-Q3,Vaccines,ImmunoCore Canine,IMMUNOCORE-CANINE_S,E-commerce,National,National,40591,852422.95,0.82
ciq_ecommerce,2024-08,2024-Q3,Pain/Osteoarthritis,Librela,LIBRELA_L,E-commerce,National,National,11444,549298.78,0.82
ciq_ecommerce,2024-08,2024-Q3,Pain/Osteoarthritis,Librela,LIBRELA_S,E-commerce,National,National,16361,785343.72,0.82
ciq_ecommerce,2024-08,2024-Q3,Pain/Osteoarthritis,OsteoEase Vet,OSTEOEASE-VET_L,E-commerce,National,National,12170,498942.45,0.82
ciq_ecommerce,2024-08,2024-Q3,Pain/Osteoarthritis,OsteoEase Vet,OSTEOEASE-VET_S,E-commerce,National,National,16985,696430.84,0.82
ciq_ecommerce,2024-08,2024-Q3,Pain/Osteoarthritis,PainAway Canine,PAINAWAY-CANINE_L,E-commerce,National,National,10832,400775.25,0.82
ciq_ecommerce,2024-08,2024-Q3,Pain/Osteoarthritis,PainAway Canine,PAINAWAY-CANINE_S,E-commerce,National,National,15220,563129.16,0.82
ciq_ecommerce,2024-08,2024-Q3,Petcare Diagnostics,PetLab Analyzer,PETLAB-ANALYZER_L,E-commerce,National,National,23812,357178.01,0.82
ciq_ecommerce,2024-08,2024-Q3,Petcare Diagnostics,PetLab Analyzer,PETLAB-ANALYZER_S,E-commerce,National,National,33496,502451.97,0.82
ciq_ecommerce,2024-08,2024-Q3,Petcare Diagnostics,RapidVet Dx,RAPIDVET-DX_L,E-commerce,National,National,38450,615212.99,0.82
ciq_ecommerce,2024-08,2024-Q3,Petcare Diagnostics,RapidVet Dx,RAPIDVET-DX_S,E-commerce,National,National,52106,833693.03,0.82
ciq_ecommerce,2024-08,2024-Q3,Parasiticides,Simparica Trio,SIMPARICA-TRIO_L,E-commerce,National,National,86164,2412588.13,0.82
ciq_ecommerce,2024-08,2024-Q3,Parasiticides,Simparica Trio,SIMPARICA-TRIO_S,E-commerce,National,National,119480,3345439.44,0.82
ciq_ecommerce,2024-08,2024-Q3,Dermatology,SkinRelief Pro,SKINRELIEF-PRO_L,E-commerce,National,National,18384,900811.08,0.82
ciq_ecommerce,2024-08,2024-Q3,Dermatology,SkinRelief Pro,SKINRELIEF-PRO_S,E-commerce,National,National,24081,1179961.02,0.82
ciq_ecommerce,2024-08,2024-Q3,Parasiticides,TickShield Plus,TICKSHIELD-PLUS_L,E-commerce,National,National,63012,1512288.97,0.82
ciq_ecommerce,2024-08,2024-Q3,Parasiticides,TickShield Plus,TICKSHIELD-PLUS_S,E-commerce,National,National,88052,2113255.08,0.82
ciq_ecommerce,2024-08,2024-Q3,Vaccines,Vanguard,VANGUARD_L,E-commerce,National,National,23361,513929.04,0.82
ciq_ecommerce,2024-08,2024-Q3,Vaccines,Vanguard,VANGUARD_S,E-commerce,National,National,32363,711983.49,0.82
ciq_ecommerce,2024-08,2024-Q3,Parasiticides,VectraGuard,VECTRAGUARD_L,E-commerce,National,National,76308,1984004.93,0.82
ciq_ecommerce,2024-08,2024-Q3,Parasiticides,VectraGuard,VECTRAGUARD_S,E-commerce,National,National,105007,2730173.42,0.82
ciq_ecommerce,2024-08,2024-Q3,Vaccines,VetGuard Immunize,VETGUARD-IMMUNIZE_L,E-commerce,National,National,20010,380188.47,0.82
ciq_ecommerce,2024-08,2024-Q3,Vaccines,VetGuard Immunize,VETGUARD-IMMUNIZE_S,E-commerce,National,National,27521,522886.37,0.82
ciq_ecommerce,2024-08,2024-Q3,Vaccines,VetSelect Core Vax,VETSELECT-CORE-VAX_L,E-commerce,National,National,23142,323985.89,0.82
ciq_ecommerce,2024-08,2024-Q3,Vaccines,VetSelect Core Vax,VETSELECT-CORE-VAX_S,E-commerce,National,National,31323,438516.49,0.82
ciq_ecommerce,2024-08,2024-Q3,Dermatology,VetSelect Derma,VETSELECT-DERMA_L,E-commerce,National,National,20104,763950.89,0.82
ciq_ecommerce,2024-08,2024-Q3,Dermatology,VetSelect Derma,VETSELECT-DERMA_S,E-commerce,National,National,26808,1018715.41,0.82
ciq_ecommerce,2024-08,2024-Q3,Petcare Diagnostics,VetSelect Dx,VETSELECT-DX_L,E-commerce,National,National,23325,279890.34,0.82
ciq_ecommerce,2024-08,2024-Q3,Petcare Diagnostics,VetSelect Dx,VETSELECT-DX_S,E-commerce,National,National,32029,384345.97,0.82
ciq_ecommerce,2024-08,2024-Q3,Parasiticides,VetSelect Flea & Tick,VETSELECT-FLEA-TICK_L,E-commerce,National,National,96220,1635763.59,0.82
ciq_ecommerce,2024-08,2024-Q3,Parasiticides,VetSelect Flea & Tick,VETSELECT-FLEA-TICK_S,E-commerce,National,National,134690,2289719.64,0.82
ciq_ecommerce,2024-08,2024-Q3,Pain/Osteoarthritis,VetSelect Joint,VETSELECT-JOINT_L,E-commerce,National,National,12478,361849.24,0.82
ciq_ecommerce,2024-08,2024-Q3,Pain/Osteoarthritis,VetSelect Joint,VETSELECT-JOINT_S,E-commerce,National,National,17498,507412.48,0.82
ciq_ecommerce,2024-08,2024-Q3,Petcare Diagnostics,Vetscan,VETSCAN_L,E-commerce,National,National,38248,688473.36,0.82
ciq_ecommerce,2024-08,2024-Q3,Petcare Diagnostics,Vetscan,VETSCAN_S,E-commerce,National,National,51681,930260.34,0.82
ciq_ecommerce,2024-08,2024-Q3,Dermatology,AllerVet RX,ALLERVET-RX_L,E-commerce,Region,Midwest,4047,218514.12,0.82
ciq_ecommerce,2024-08,2024-Q3,Dermatology,AllerVet RX,ALLERVET-RX_S,E-commerce,Region,Midwest,5902,318729.78,0.82
ciq_ecommerce,2024-08,2024-Q3,Dermatology,Apoquel,APOQUEL_L,E-commerce,Region,Midwest,6272,407690.9,0.82
ciq_ecommerce,2024-08,2024-Q3,Dermatology,Apoquel,APOQUEL_S,E-commerce,Region,Midwest,8947,581561.47,0.82
ciq_ecommerce,2024-08,2024-Q3,Vaccines,BioShield Vax,BIOSHIELD-VAX_L,E-commerce,Region,Midwest,4905,98092.17,0.82
ciq_ecommerce,2024-08,2024-Q3,Vaccines,BioShield Vax,BIOSHIELD-VAX_S,E-commerce,Region,Midwest,7168,143367.19,0.82
ciq_ecommerce,2024-08,2024-Q3,Dermatology,DermaCalm,DERMACALM_L,E-commerce,Region,Midwest,4719,273718.17,0.82
ciq_ecommerce,2024-08,2024-Q3,Dermatology,DermaCalm,DERMACALM_S,E-commerce,Region,Midwest,6039,350246.71,0.82
ciq_ecommerce,2024-08,2024-Q3,Petcare Diagnostics,DiagnosTech Vet,DIAGNOSTECH-VET_L,E-commerce,Region,Midwest,8828,150078.43,0.82
ciq_ecommerce,2024-08,2024-Q3,Petcare Diagnostics,DiagnosTech Vet,DIAGNOSTECH-VET_S,E-commerce,Region,Midwest,11986,203768.14,0.82
ciq_ecommerce,2024-08,2024-Q3,Parasiticides,FleaStop Pro,FLEASTOP-PRO_L,E-commerce,Region,Midwest,11673,245131.83,0.82
ciq_ecommerce,2024-08,2024-Q3,Parasiticides,FleaStop Pro,FLEASTOP-PRO_S,E-commerce,Region,Midwest,17314,363587.95,0.82
ciq_ecommerce,2024-08,2024-Q3,Pain/Osteoarthritis,FlexiCare Joint,FLEXICARE-JOINT_L,E-commerce,Region,Midwest,2625,115516.94,0.82
ciq_ecommerce,2024-08,2024-Q3,Pain/Osteoarthritis,FlexiCare Joint,FLEXICARE-JOINT_S,E-commerce,Region,Midwest,3375,148490.38,0.82
ciq_ecommerce,2024-08,2024-Q3,Vaccines,ImmunoCore Canine,IMMUNOCORE-CANINE_L,E-commerce,Region,Midwest,5759,120934.61,0.82
ciq_ecommerce,2024-08,2024-Q3,Vaccines,ImmunoCore Canine,IMMUNOCORE-CANINE_S,E-commerce,Region,Midwest,8476,178001.74,0.82
ciq_ecommerce,2024-08,2024-Q3,Pain/Osteoarthritis,Librela,LIBRELA_L,E-commerce,Region,Midwest,2438,117037.91,0.82
ciq_ecommerce,2024-08,2024-Q3,Pain/Osteoarthritis,Librela,LIBRELA_S,E-commerce,Region,Midwest,3278,157346.19,0.82
ciq_ecommerce,2024-08,2024-Q3,Pain/Osteoarthritis,OsteoEase Vet,OSTEOEASE-VET_L,E-commerce,Region,Midwest,2544,104301.61,0.82
ciq_ecommerce,2024-08,2024-Q3,Pain/Osteoarthritis,OsteoEase Vet,OSTEOEASE-VET_S,E-commerce,Region,Midwest,3408,139740.99,0.82
ciq_ecommerce,2024-08,2024-Q3,Pain/Osteoarthritis,PainAway Canine,PAINAWAY-CANINE_L,E-commerce,Region,Midwest,2375,87867.8,0.82
ciq_ecommerce,2024-08,2024-Q3,Pain/Osteoarthritis,PainAway Canine,PAINAWAY-CANINE_S,E-commerce,Region,Midwest,3399,125749.75,0.82
ciq_ecommerce,2024-08,2024-Q3,Petcare Diagnostics,PetLab Analyzer,PETLAB-ANALYZER_L,E-commerce,Region,Midwest,4965,74468.28,0.82
ciq_ecommerce,2024-08,2024-Q3,Petcare Diagnostics,PetLab Analyzer,PETLAB-ANALYZER_S,E-commerce,Region,Midwest,6942,104136.1,0.82
ciq_ecommerce,2024-08,2024-Q3,Petcare Diagnostics,RapidVet Dx,RAPIDVET-DX_L,E-commerce,Region,Midwest,7685,122967.83,0.82
ciq_ecommerce,2024-08,2024-Q3,Petcare Diagnostics,RapidVet Dx,RAPIDVET-DX_S,E-commerce,Region,Midwest,11600,185595.5,0.82
ciq_ecommerce,2024-08,2024-Q3,Parasiticides,Simparica Trio,SIMPARICA-TRIO_L,E-commerce,Region,Midwest,19430,544029.95,0.82
ciq_ecommerce,2024-08,2024-Q3,Parasiticides,Simparica Trio,SIMPARICA-TRIO_S,E-commerce,Region,Midwest,25219,706126.0,0.82
ciq_ecommerce,2024-08,2024-Q3,Dermatology,SkinRelief Pro,SKINRELIEF-PRO_L,E-commerce,Region,Midwest,3887,190448.31,0.82
ciq_ecommerce,2024-08,2024-Q3,Dermatology,SkinRelief Pro,SKINRELIEF-PRO_S,E-commerce,Region,Midwest,5097,249739.69,0.82
ciq_ecommerce,2024-08,2024-Q3,Parasiticides,TickShield Plus,TICKSHIELD-PLUS_L,E-commerce,Region,Midwest,12798,307141.66,0.82
ciq_ecommerce,2024-08,2024-Q3,Parasiticides,TickShield Plus,TICKSHIELD-PLUS_S,E-commerce,Region,Midwest,18448,442751.27,0.82
ciq_ecommerce,2024-08,2024-Q3,Vaccines,Vanguard,VANGUARD_L,E-commerce,Region,Midwest,5044,110957.68,0.82
ciq_ecommerce,2024-08,2024-Q3,Vaccines,Vanguard,VANGUARD_S,E-commerce,Region,Midwest,6586,144900.46,0.82
ciq_ecommerce,2024-08,2024-Q3,Parasiticides,VectraGuard,VECTRAGUARD_L,E-commerce,Region,Midwest,16726,434865.06,0.82
ciq_ecommerce,2024-08,2024-Q3,Parasiticides,VectraGuard,VECTRAGUARD_S,E-commerce,Region,Midwest,21862,568411.38,0.82
ciq_ecommerce,2024-08,2024-Q3,Vaccines,VetGuard Immunize,VETGUARD-IMMUNIZE_L,E-commerce,Region,Midwest,4588,87166.76,0.82
ciq_ecommerce,2024-08,2024-Q3,Vaccines,VetGuard Immunize,VETGUARD-IMMUNIZE_S,E-commerce,Region,Midwest,6063,115196.71,0.82
ciq_ecommerce,2024-08,2024-Q3,Vaccines,VetSelect Core Vax,VETSELECT-CORE-VAX_L,E-commerce,Region,Midwest,4604,64449.8,0.82
ciq_ecommerce,2024-08,2024-Q3,Vaccines,VetSelect Core Vax,VETSELECT-CORE-VAX_S,E-commerce,Region,Midwest,6295,88128.44,0.82
ciq_ecommerce,2024-08,2024-Q3,Dermatology,VetSelect Derma,VETSELECT-DERMA_L,E-commerce,Region,Midwest,4446,168963.87,0.82
ciq_ecommerce,2024-08,2024-Q3,Dermatology,VetSelect Derma,VETSELECT-DERMA_S,E-commerce,Region,Midwest,6056,230135.52,0.82
ciq_ecommerce,2024-08,2024-Q3,Petcare Diagnostics,VetSelect Dx,VETSELECT-DX_L,E-commerce,Region,Midwest,4945,59334.45,0.82
ciq_ecommerce,2024-08,2024-Q3,Petcare Diagnostics,VetSelect Dx,VETSELECT-DX_S,E-commerce,Region,Midwest,6969,83625.07,0.82
ciq_ecommerce,2024-08,2024-Q3,Parasiticides,VetSelect Flea & Tick,VETSELECT-FLEA-TICK_L,E-commerce,Region,Midwest,20749,352740.82,0.82
ciq_ecommerce,2024-08,2024-Q3,Parasiticides,VetSelect Flea & Tick,VETSELECT-FLEA-TICK_S,E-commerce,Region,Midwest,27786,472357.32,0.82
ciq_ecommerce,2024-08,2024-Q3,Pain/Osteoarthritis,VetSelect Joint,VETSELECT-JOINT_L,E-commerce,Region,Midwest,2749,79724.12,0.82
ciq_ecommerce,2024-08,2024-Q3,Pain/Osteoarthritis,VetSelect Joint,VETSELECT-JOINT_S,E-commerce,Region,Midwest,3775,109468.68,0.82
ciq_ecommerce,2024-08,2024-Q3,Petcare Diagnostics,Vetscan,VETSCAN_L,E-commerce,Region,Midwest,7937,142872.39,0.82
ciq_ecommerce,2024-08,2024-Q3,Petcare Diagnostics,Vetscan,VETSCAN_S,E-commerce,Region,Midwest,10433,187788.04,0.82
ciq_ecommerce,2024-08,2024-Q3,Dermatology,AllerVet RX,ALLERVET-RX_L,E-commerce,Region,Northeast,4749,256419.08,0.82
ciq_ecommerce,2024-08,2024-Q3,Dermatology,AllerVet RX,ALLERVET-RX_S,E-commerce,Region,Northeast,6017,324932.49,0.82
ciq_ecommerce,2024-08,2024-Q3,Dermatology,Apoquel,APOQUEL_L,E-commerce,Region,Northeast,7024,456579.05,0.82
ciq_ecommerce,2024-08,2024-Q3,Dermatology,Apoquel,APOQUEL_S,E-commerce,Region,Northeast,9654,627483.49,0.82
ciq_ecommerce,2024-08,2024-Q3,Vaccines,BioShield Vax,BIOSHIELD-VAX_L,E-commerce,Region,Northeast,5236,104711.97,0.82
ciq_ecommerce,2024-08,2024-Q3,Vaccines,BioShield Vax,BIOSHIELD-VAX_S,E-commerce,Region,Northeast,7136,142729.63,0.82
ciq_ecommerce,2024-08,2024-Q3,Dermatology,DermaCalm,DERMACALM_L,E-commerce,Region,Northeast,5400,313204.22,0.82
ciq_ecommerce,2024-08,2024-Q3,Dermatology,DermaCalm,DERMACALM_S,E-commerce,Region,Northeast,7230,419351.01,0.82
ciq_ecommerce,2024-08,2024-Q3,Petcare Diagnostics,DiagnosTech Vet,DIAGNOSTECH-VET_L,E-commerce,Region,Northeast,8831,150125.55,0.82
ciq_ecommerce,2024-08,2024-Q3,Petcare Diagnostics,DiagnosTech Vet,DIAGNOSTECH-VET_S,E-commerce,Region,Northeast,12861,218639.22,0.82
ciq_ecommerce,2024-08,2024-Q3,Parasiticides,FleaStop Pro,FLEASTOP-PRO_L,E-commerce,Region,Northeast,13490,283291.19,0.82
ciq_ecommerce,2024-08,2024-Q3,Parasiticides,FleaStop Pro,FLEASTOP-PRO_S,E-commerce,Region,Northeast,17713,371962.89,0.82
ciq_ecommerce,2024-08,2024-Q3,Pain/Osteoarthritis,FlexiCare Joint,FLEXICARE-JOINT_L,E-commerce,Region,Northeast,2836,124776.81,0.82
ciq_ecommerce,2024-08,2024-Q3,Pain/Osteoarthritis,FlexiCare Joint,FLEXICARE-JOINT_S,E-commerce,Region,Northeast,3873,170433.78,0.82
ciq_ecommerce,2024-08,2024-Q3,Vaccines,ImmunoCore Canine,IMMUNOCORE-CANINE_L,E-commerce,Region,Northeast,6393,134250.0,0.82
ciq_ecommerce,2024-08,2024-Q3,Vaccines,ImmunoCore Canine,IMMUNOCORE-CANINE_S,E-commerce,Region,Northeast,8453,177521.13,0.82
ciq_ecommerce,2024-08,2024-Q3,Pain/Osteoarthritis,Librela,LIBRELA_L,E-commerce,Region,Northeast,2827,135674.07,0.82
ciq_ecommerce,2024-08,2024-Q3,Pain/Osteoarthritis,Librela,LIBRELA_S,E-commerce,Region,Northeast,3612,173377.66,0.82
ciq_ecommerce,2024-08,2024-Q3,Pain/Osteoarthritis,OsteoEase Vet,OSTEOEASE-VET_L,E-commerce,Region,Northeast,2571,105397.76,0.82
ciq_ecommerce,2024-08,2024-Q3,Pain/Osteoarthritis,OsteoEase Vet,OSTEOEASE-VET_S,E-commerce,Region,Northeast,3702,151800.9,0.82
ciq_ecommerce,2024-08,2024-Q3,Pain/Osteoarthritis,PainAway Canine,PAINAWAY-CANINE_L,E-commerce,Region,Northeast,2514,93033.97,0.82
ciq_ecommerce,2024-08,2024-Q3,Pain/Osteoarthritis,PainAway Canine,PAINAWAY-CANINE_S,E-commerce,Region,Northeast,3480,128764.15,0.82
ciq_ecommerce,2024-08,2024-Q3,Petcare Diagnostics,PetLab Analyzer,PETLAB-ANALYZER_L,E-commerce,Region,Northeast,4619,69289.6,0.82
ciq_ecommerce,2024-08,2024-Q3,Petcare Diagnostics,PetLab Analyzer,PETLAB-ANALYZER_S,E-commerce,Region,Northeast,6752,101284.63,0.82
ciq_ecommerce,2024-08,2024-Q3,Petcare Diagnostics,RapidVet Dx,RAPIDVET-DX_L,E-commerce,Region,Northeast,8302,132838.36,0.82
ciq_ecommerce,2024-08,2024-Q3,Petcare Diagnostics,RapidVet Dx,RAPIDVET-DX_S,E-commerce,Region,Northeast,10764,172220.43,0.82
ciq_ecommerce,2024-08,2024-Q3,Parasiticides,Simparica Trio,SIMPARICA-TRIO_L,E-commerce,Region,Northeast,18537,519022.95,0.82
ciq_ecommerce,2024-08,2024-Q3,Parasiticides,Simparica Trio,SIMPARICA-TRIO_S,E-commerce,Region,Northeast,25007,700205.91,0.82
ciq_ecommerce,2024-08,2024-Q3,Dermatology,SkinRelief Pro,SKINRELIEF-PRO_L,E-commerce,Region,Northeast,3983,195153.94,0.82
ciq_ecommerce,2024-08,2024-Q3,Dermatology,SkinRelief Pro,SKINRELIEF-PRO_S,E-commerce,Region,Northeast,5232,256380.98,0.82
ciq_ecommerce,2024-08,2024-Q3,Parasiticides,TickShield Plus,TICKSHIELD-PLUS_L,E-commerce,Region,Northeast,15191,364594.18,0.82
ciq_ecommerce,2024-08,2024-Q3,Parasiticides,TickShield Plus,TICKSHIELD-PLUS_S,E-commerce,Region,Northeast,20004,480105.81,0.82
ciq_ecommerce,2024-08,2024-Q3,Vaccines,Vanguard,VANGUARD_L,E-commerce,Region,Northeast,5140,113086.52,0.82
ciq_ecommerce,2024-08,2024-Q3,Vaccines,Vanguard,VANGUARD_S,E-commerce,Region,Northeast,7102,156235.23,0.82
ciq_ecommerce,2024-08,2024-Q3,Parasiticides,VectraGuard,VECTRAGUARD_L,E-commerce,Region,Northeast,15960,414963.46,0.82
ciq_ecommerce,2024-08,2024-Q3,Parasiticides,VectraGuard,VECTRAGUARD_S,E-commerce,Region,Northeast,23578,613025.14,0.82
ciq_ecommerce,2024-08,2024-Q3,Vaccines,VetGuard Immunize,VETGUARD-IMMUNIZE_L,E-commerce,Region,Northeast,4655,88442.75,0.82
ciq_ecommerce,2024-08,2024-Q3,Vaccines,VetGuard Immunize,VETGUARD-IMMUNIZE_S,E-commerce,Region,Northeast,6342,120493.83,0.82
ciq_ecommerce,2024-08,2024-Q3,Vaccines,VetSelect Core Vax,VETSELECT-CORE-VAX_L,E-commerce,Region,Northeast,5289,74041.37,0.82
ciq_ecommerce,2024-08,2024-Q3,Vaccines,VetSelect Core Vax,VETSELECT-CORE-VAX_S,E-commerce,Region,Northeast,6665,93307.15,0.82
ciq_ecommerce,2024-08,2024-Q3,Dermatology,VetSelect Derma,VETSELECT-DERMA_L,E-commerce,Region,Northeast,4395,167018.38,0.82
ciq_ecommerce,2024-08,2024-Q3,Dermatology,VetSelect Derma,VETSELECT-DERMA_S,E-commerce,Region,Northeast,5857,222584.21,0.82
ciq_ecommerce,2024-08,2024-Q3,Petcare Diagnostics,VetSelect Dx,VETSELECT-DX_L,E-commerce,Region,Northeast,4904,58843.01,0.82
ciq_ecommerce,2024-08,2024-Q3,Petcare Diagnostics,VetSelect Dx,VETSELECT-DX_S,E-commerce,Region,Northeast,6687,80243.21,0.82
ciq_ecommerce,2024-08,2024-Q3,Parasiticides,VetSelect Flea & Tick,VETSELECT-FLEA-TICK_L,E-commerce,Region,Northeast,20993,356882.33,0.82
ciq_ecommerce,2024-08,2024-Q3,Parasiticides,VetSelect Flea & Tick,VETSELECT-FLEA-TICK_S,E-commerce,Region,Northeast,29200,496404.7,0.82
ciq_ecommerce,2024-08,2024-Q3,Pain/Osteoarthritis,VetSelect Joint,VETSELECT-JOINT_L,E-commerce,Region,Northeast,2851,82672.16,0.82
ciq_ecommerce,2024-08,2024-Q3,Pain/Osteoarthritis,VetSelect Joint,VETSELECT-JOINT_S,E-commerce,Region,Northeast,3961,114869.49,0.82
ciq_ecommerce,2024-08,2024-Q3,Petcare Diagnostics,Vetscan,VETSCAN_L,E-commerce,Region,Northeast,8352,150331.2,0.82
ciq_ecommerce,2024-08,2024-Q3,Petcare Diagnostics,Vetscan,VETSCAN_S,E-commerce,Region,Northeast,10624,191240.0,0.82
ciq_ecommerce,2024-08,2024-Q3,Dermatology,AllerVet RX,ALLERVET-RX_L,E-commerce,Region,South,6635,358288.22,0.82
ciq_ecommerce,2024-08,2024-Q3,Dermatology,AllerVet RX,ALLERVET-RX_S,E-commerce,Region,South,9504,513204.03,0.82
ciq_ecommerce,2024-08,2024-Q3,Dermatology,Apoquel,APOQUEL_L,E-commerce,Region,South,11464,745134.63,0.82
ciq_ecommerce,2024-08,2024-Q3,Dermatology,Apoquel,APOQUEL_S,E-commerce,Region,South,14129,918405.97,0.82
ciq_ecommerce,2024-08,2024-Q3,Vaccines,BioShield Vax,BIOSHIELD-VAX_L,E-commerce,Region,South,8255,165102.64,0.82
ciq_ecommerce,2024-08,2024-Q3,Vaccines,BioShield Vax,BIOSHIELD-VAX_S,E-commerce,Region,South,10016,200314.23,0.82
ciq_ecommerce,2024-08,2024-Q3,Dermatology,DermaCalm,DERMACALM_L,E-commerce,Region,South,8043,466511.08,0.82
ciq_ecommerce,2024-08,2024-Q3,Dermatology,DermaCalm,DERMACALM_S,E-commerce,Region,South,11966,694045.05,0.82
ciq_ecommerce,2024-08,2024-Q3,Petcare Diagnostics,DiagnosTech Vet,DIAGNOSTECH-VET_L,E-commerce,Region,South,13808,234730.68,0.82
ciq_ecommerce,2024-08,2024-Q3,Petcare Diagnostics,DiagnosTech Vet,DIAGNOSTECH-VET_S,E-commerce,Region,South,17745,301666.21,0.82
ciq_ecommerce,2024-08,2024-Q3,Parasiticides,FleaStop Pro,FLEASTOP-PRO_L,E-commerce,Region,South,19971,419399.48,0.82
ciq_ecommerce,2024-08,2024-Q3,Parasiticides,FleaStop Pro,FLEASTOP-PRO_S,E-commerce,Region,South,28054,589133.17,0.82
ciq_ecommerce,2024-08,2024-Q3,Pain/Osteoarthritis,FlexiCare Joint,FLEXICARE-JOINT_L,E-commerce,Region,South,4148,182501.99,0.82
ciq_ecommerce,2024-08,2024-Q3,Pain/Osteoarthritis,FlexiCare Joint,FLEXICARE-JOINT_S,E-commerce,Region,South,5656,248860.82,0.82
ciq_ecommerce,2024-08,2024-Q3,Vaccines,ImmunoCore Canine,IMMUNOCORE-CANINE_L,E-commerce,Region,South,10575,222073.84,0.82
ciq_ecommerce,2024-08,2024-Q3,Vaccines,ImmunoCore Canine,IMMUNOCORE-CANINE_S,E-commerce,Region,South,14100,296094.48,0.82
ciq_ecommerce,2024-08,2024-Q3,Pain/Osteoarthritis,Librela,LIBRELA_L,E-commerce,Region,South,3794,182104.03,0.82
ciq_ecommerce,2024-08,2024-Q3,Pain/Osteoarthritis,Librela,LIBRELA_S,E-commerce,Region,South,5675,272409.08,0.82
ciq_ecommerce,2024-08,2024-Q3,Pain/Osteoarthritis,OsteoEase Vet,OSTEOEASE-VET_L,E-commerce,Region,South,4234,173576.46,0.82
ciq_ecommerce,2024-08,2024-Q3,Pain/Osteoarthritis,OsteoEase Vet,OSTEOEASE-VET_S,E-commerce,Region,South,5738,235267.79,0.82
ciq_ecommerce,2024-08,2024-Q3,Pain/Osteoarthritis,PainAway Canine,PAINAWAY-CANINE_L,E-commerce,Region,South,3660,135413.74,0.82
ciq_ecommerce,2024-08,2024-Q3,Pain/Osteoarthritis,PainAway Canine,PAINAWAY-CANINE_S,E-commerce,Region,South,5102,188785.37,0.82
ciq_ecommerce,2024-08,2024-Q3,Petcare Diagnostics,PetLab Analyzer,PETLAB-ANALYZER_L,E-commerce,Region,South,8525,127877.71,0.82
ciq_ecommerce,2024-08,2024-Q3,Petcare Diagnostics,PetLab Analyzer,PETLAB-ANALYZER_S,E-commerce,Region,South,11659,174881.2,0.82
ciq_ecommerce,2024-08,2024-Q3,Petcare Diagnostics,RapidVet Dx,RAPIDVET-DX_L,E-commerce,Region,South,13995,223917.94,0.82
ciq_ecommerce,2024-08,2024-Q3,Petcare Diagnostics,RapidVet Dx,RAPIDVET-DX_S,E-commerce,Region,South,17565,281047.31,0.82
ciq_ecommerce,2024-08,2024-Q3,Parasiticides,Simparica Trio,SIMPARICA-TRIO_L,E-commerce,Region,South,28059,785665.53,0.82
ciq_ecommerce,2024-08,2024-Q3,Parasiticides,Simparica Trio,SIMPARICA-TRIO_S,E-commerce,Region,South,40015,1120407.47,0.82
ciq_ecommerce,2024-08,2024-Q3,Dermatology,SkinRelief Pro,SKINRELIEF-PRO_L,E-commerce,Region,South,6154,301554.81,0.82
ciq_ecommerce,2024-08,2024-Q3,Dermatology,SkinRelief Pro,SKINRELIEF-PRO_S,E-commerce,Region,South,7743,379392.37,0.82
ciq_ecommerce,2024-08,2024-Q3,Parasiticides,TickShield Plus,TICKSHIELD-PLUS_L,E-commerce,Region,South,21529,516706.52,0.82
ciq_ecommerce,2024-08,2024-Q3,Parasiticides,TickShield Plus,TICKSHIELD-PLUS_S,E-commerce,Region,South,29870,716883.18,0.82
ciq_ecommerce,2024-08,2024-Q3,Vaccines,Vanguard,VANGUARD_L,E-commerce,Region,South,7805,171710.17,0.82
ciq_ecommerce,2024-08,2024-Q3,Vaccines,Vanguard,VANGUARD_S,E-commerce,Region,South,11039,242858.59,0.82
ciq_ecommerce,2024-08,2024-Q3,Parasiticides,VectraGuard,VECTRAGUARD_L,E-commerce,Region,South,25302,657860.56,0.82
ciq_ecommerce,2024-08,2024-Q3,Parasiticides,VectraGuard,VECTRAGUARD_S,E-commerce,Region,South,36968,961166.96,0.82
ciq_ecommerce,2024-08,2024-Q3,Vaccines,VetGuard Immunize,VETGUARD-IMMUNIZE_L,E-commerce,Region,South,6257,118888.9,0.82
ciq_ecommerce,2024-08,2024-Q3,Vaccines,VetGuard Immunize,VETGUARD-IMMUNIZE_S,E-commerce,Region,South,9039,171741.93,0.82
ciq_ecommerce,2024-08,2024-Q3,Vaccines,VetSelect Core Vax,VETSELECT-CORE-VAX_L,E-commerce,Region,South,7861,110060.25,0.82
ciq_ecommerce,2024-08,2024-Q3,Vaccines,VetSelect Core Vax,VETSELECT-CORE-VAX_S,E-commerce,Region,South,11011,154151.88,0.82
ciq_ecommerce,2024-08,2024-Q3,Dermatology,VetSelect Derma,VETSELECT-DERMA_L,E-commerce,Region,South,6656,252911.1,0.82
ciq_ecommerce,2024-08,2024-Q3,Dermatology,VetSelect Derma,VETSELECT-DERMA_S,E-commerce,Region,South,8900,338184.35,0.82
ciq_ecommerce,2024-08,2024-Q3,Petcare Diagnostics,VetSelect Dx,VETSELECT-DX_L,E-commerce,Region,South,7413,88957.52,0.82
ciq_ecommerce,2024-08,2024-Q3,Petcare Diagnostics,VetSelect Dx,VETSELECT-DX_S,E-commerce,Region,South,10363,124359.39,0.82
ciq_ecommerce,2024-08,2024-Q3,Parasiticides,VetSelect Flea & Tick,VETSELECT-FLEA-TICK_L,E-commerce,Region,South,32576,553799.59,0.82
ciq_ecommerce,2024-08,2024-Q3,Parasiticides,VetSelect Flea & Tick,VETSELECT-FLEA-TICK_S,E-commerce,Region,South,46718,794198.32,0.82
ciq_ecommerce,2024-08,2024-Q3,Pain/Osteoarthritis,VetSelect Joint,VETSELECT-JOINT_L,E-commerce,Region,South,4081,118337.55,0.82
ciq_ecommerce,2024-08,2024-Q3,Pain/Osteoarthritis,VetSelect Joint,VETSELECT-JOINT_S,E-commerce,Region,South,5596,162273.49,0.82
ciq_ecommerce,2024-08,2024-Q3,Petcare Diagnostics,Vetscan,VETSCAN_L,E-commerce,Region,South,12475,224554.25,0.82
ciq_ecommerce,2024-08,2024-Q3,Petcare Diagnostics,Vetscan,VETSCAN_S,E-commerce,Region,South,17849,321290.71,0.82
ciq_ecommerce,2024-08,2024-Q3,Dermatology,AllerVet RX,ALLERVET-RX_L,E-commerce,Region,West,4631,250096.29,0.82
ciq_ecommerce,2024-08,2024-Q3,Dermatology,AllerVet RX,ALLERVET-RX_S,E-commerce,Region,West,6249,337420.64,0.82
ciq_ecommerce,2024-08,2024-Q3,Dermatology,Apoquel,APOQUEL_L,E-commerce,Region,West,7051,458300.33,0.82
ciq_ecommerce,2024-08,2024-Q3,Dermatology,Apoquel,APOQUEL_S,E-commerce,Region,West,9229,599865.48,0.82
ciq_ecommerce,2024-08,2024-Q3,Vaccines,BioShield Vax,BIOSHIELD-VAX_L,E-commerce,Region,West,5434,108684.88,0.82
ciq_ecommerce,2024-08,2024-Q3,Vaccines,BioShield Vax,BIOSHIELD-VAX_S,E-commerce,Region,West,7975,159500.98,0.82
ciq_ecommerce,2024-08,2024-Q3,Dermatology,DermaCalm,DERMACALM_L,E-commerce,Region,West,5361,310953.65,0.82
ciq_ecommerce,2024-08,2024-Q3,Dermatology,DermaCalm,DERMACALM_S,E-commerce,Region,West,7249,420446.95,0.82
ciq_ecommerce,2024-08,2024-Q3,Petcare Diagnostics,DiagnosTech Vet,DIAGNOSTECH-VET_L,E-commerce,Region,West,9549,162337.41,0.82
ciq_ecommerce,2024-08,2024-Q3,Petcare Diagnostics,DiagnosTech Vet,DIAGNOSTECH-VET_S,E-commerce,Region,West,12432,211338.04,0.82
ciq_ecommerce,2024-08,2024-Q3,Parasiticides,FleaStop Pro,FLEASTOP-PRO_L,E-commerce,Region,West,13576,285087.01,0.82
ciq_ecommerce,2024-08,2024-Q3,Parasiticides,FleaStop Pro,FLEASTOP-PRO_S,E-commerce,Region,West,18183,381837.06,0.82
ciq_ecommerce,2024-08,2024-Q3,Pain/Osteoarthritis,FlexiCare Joint,FLEXICARE-JOINT_L,E-commerce,Region,West,3022,132964.05,0.82
ciq_ecommerce,2024-08,2024-Q3,Pain/Osteoarthritis,FlexiCare Joint,FLEXICARE-JOINT_S,E-commerce,Region,West,4360,191827.32,0.82
ciq_ecommerce,2024-08,2024-Q3,Vaccines,ImmunoCore Canine,IMMUNOCORE-CANINE_L,E-commerce,Region,West,6479,136059.22,0.82
ciq_ecommerce,2024-08,2024-Q3,Vaccines,ImmunoCore Canine,IMMUNOCORE-CANINE_S,E-commerce,Region,West,9562,200805.6,0.82
ciq_ecommerce,2024-08,2024-Q3,Pain/Osteoarthritis,Librela,LIBRELA_L,E-commerce,Region,West,2385,114482.77,0.82
ciq_ecommerce,2024-08,2024-Q3,Pain/Osteoarthritis,Librela,LIBRELA_S,E-commerce,Region,West,3796,182210.79,0.82
ciq_ecommerce,2024-08,2024-Q3,Pain/Osteoarthritis,OsteoEase Vet,OSTEOEASE-VET_L,E-commerce,Region,West,2821,115666.62,0.82
ciq_ecommerce,2024-08,2024-Q3,Pain/Osteoarthritis,OsteoEase Vet,OSTEOEASE-VET_S,E-commerce,Region,West,4137,169621.16,0.82
ciq_ecommerce,2024-08,2024-Q3,Pain/Osteoarthritis,PainAway Canine,PAINAWAY-CANINE_L,E-commerce,Region,West,2283,84459.74,0.82
ciq_ecommerce,2024-08,2024-Q3,Pain/Osteoarthritis,PainAway Canine,PAINAWAY-CANINE_S,E-commerce,Region,West,3239,119829.89,0.82
ciq_ecommerce,2024-08,2024-Q3,Petcare Diagnostics,PetLab Analyzer,PETLAB-ANALYZER_L,E-commerce,Region,West,5703,85542.42,0.82
ciq_ecommerce,2024-08,2024-Q3,Petcare Diagnostics,PetLab Analyzer,PETLAB-ANALYZER_S,E-commerce,Region,West,8143,122150.04,0.82
ciq_ecommerce,2024-08,2024-Q3,Petcare Diagnostics,RapidVet Dx,RAPIDVET-DX_L,E-commerce,Region,West,8468,135488.86,0.82
ciq_ecommerce,2024-08,2024-Q3,Petcare Diagnostics,RapidVet Dx,RAPIDVET-DX_S,E-commerce,Region,West,12177,194829.79,0.82
ciq_ecommerce,2024-08,2024-Q3,Parasiticides,Simparica Trio,SIMPARICA-TRIO_L,E-commerce,Region,West,20138,563869.7,0.82
ciq_ecommerce,2024-08,2024-Q3,Parasiticides,Simparica Trio,SIMPARICA-TRIO_S,E-commerce,Region,West,29239,818700.06,0.82
ciq_ecommerce,2024-08,2024-Q3,Dermatology,SkinRelief Pro,SKINRELIEF-PRO_L,E-commerce,Region,West,4360,213654.02,0.82
ciq_ecommerce,2024-08,2024-Q3,Dermatology,SkinRelief Pro,SKINRELIEF-PRO_S,E-commerce,Region,West,6009,294447.98,0.82
ciq_ecommerce,2024-08,2024-Q3,Parasiticides,TickShield Plus,TICKSHIELD-PLUS_L,E-commerce,Region,West,13494,323846.61,0.82
ciq_ecommerce,2024-08,2024-Q3,Parasiticides,TickShield Plus,TICKSHIELD-PLUS_S,E-commerce,Region,West,19730,473514.82,0.82
ciq_ecommerce,2024-08,2024-Q3,Vaccines,Vanguard,VANGUARD_L,E-commerce,Region,West,5372,118174.67,0.82
ciq_ecommerce,2024-08,2024-Q3,Vaccines,Vanguard,VANGUARD_S,E-commerce,Region,West,7636,167989.21,0.82
ciq_ecommerce,2024-08,2024-Q3,Parasiticides,VectraGuard,VECTRAGUARD_L,E-commerce,Region,West,18320,476315.85,0.82
ciq_ecommerce,2024-08,2024-Q3,Parasiticides,VectraGuard,VECTRAGUARD_S,E-commerce,Region,West,22599,587569.94,0.82
ciq_ecommerce,2024-08,2024-Q3,Vaccines,VetGuard Immunize,VETGUARD-IMMUNIZE_L,E-commerce,Region,West,4510,85690.06,0.82
ciq_ecommerce,2024-08,2024-Q3,Vaccines,VetGuard Immunize,VETGUARD-IMMUNIZE_S,E-commerce,Region,West,6077,115453.9,0.82
ciq_ecommerce,2024-08,2024-Q3,Vaccines,VetSelect Core Vax,VETSELECT-CORE-VAX_L,E-commerce,Region,West,5388,75434.47,0.82
ciq_ecommerce,2024-08,2024-Q3,Vaccines,VetSelect Core Vax,VETSELECT-CORE-VAX_S,E-commerce,Region,West,7352,102929.02,0.82
ciq_ecommerce,2024-08,2024-Q3,Dermatology,VetSelect Derma,VETSELECT-DERMA_L,E-commerce,Region,West,4607,175057.54,0.82
ciq_ecommerce,2024-08,2024-Q3,Dermatology,VetSelect Derma,VETSELECT-DERMA_S,E-commerce,Region,West,5995,227811.33,0.82
ciq_ecommerce,2024-08,2024-Q3,Petcare Diagnostics,VetSelect Dx,VETSELECT-DX_L,E-commerce,Region,West,6063,72755.36,0.82
ciq_ecommerce,2024-08,2024-Q3,Petcare Diagnostics,VetSelect Dx,VETSELECT-DX_S,E-commerce,Region,West,8010,96118.3,0.82
ciq_ecommerce,2024-08,2024-Q3,Parasiticides,VetSelect Flea & Tick,VETSELECT-FLEA-TICK_L,E-commerce,Region,West,21902,372340.85,0.82
ciq_ecommerce,2024-08,2024-Q3,Parasiticides,VetSelect Flea & Tick,VETSELECT-FLEA-TICK_S,E-commerce,Region,West,30986,526759.3,0.82
ciq_ecommerce,2024-08,2024-Q3,Pain/Osteoarthritis,VetSelect Joint,VETSELECT-JOINT_L,E-commerce,Region,West,2797,81115.41,0.82
ciq_ecommerce,2024-08,2024-Q3,Pain/Osteoarthritis,VetSelect Joint,VETSELECT-JOINT_S,E-commerce,Region,West,4166,120800.82,0.82
ciq_ecommerce,2024-08,2024-Q3,Petcare Diagnostics,Vetscan,VETSCAN_L,E-commerce,Region,West,9484,170715.52,0.82
ciq_ecommerce,2024-08,2024-Q3,Petcare Diagnostics,Vetscan,VETSCAN_S,E-commerce,Region,West,12775,229941.59,0.82
ciq_ecommerce,2024-09,2024-Q3,Dermatology,AllerVet RX,ALLERVET-RX_L,E-commerce,National,National,21701,1171902.02,0.82
ciq_ecommerce,2024-09,2024-Q3,Dermatology,AllerVet RX,ALLERVET-RX_S,E-commerce,National,National,29570,1596722.47,0.82
ciq_ecommerce,2024-09,2024-Q3,Dermatology,Apoquel,APOQUEL_L,E-commerce,National,National,30480,1981098.7,0.82
ciq_ecommerce,2024-09,2024-Q3,Dermatology,Apoquel,APOQUEL_S,E-commerce,National,National,40383,2624883.04,0.82
ciq_ecommerce,2024-09,2024-Q3,Vaccines,BioShield Vax,BIOSHIELD-VAX_L,E-commerce,National,National,22721,454410.25,0.82
ciq_ecommerce,2024-09,2024-Q3,Vaccines,BioShield Vax,BIOSHIELD-VAX_S,E-commerce,National,National,30962,619229.8,0.82
ciq_ecommerce,2024-09,2024-Q3,Dermatology,DermaCalm,DERMACALM_L,E-commerce,National,National,22678,1315379.64,0.82
ciq_ecommerce,2024-09,2024-Q3,Dermatology,DermaCalm,DERMACALM_S,E-commerce,National,National,30681,1779503.13,0.82
ciq_ecommerce,2024-09,2024-Q3,Petcare Diagnostics,DiagnosTech Vet,DIAGNOSTECH-VET_L,E-commerce,National,National,42106,715804.27,0.82
ciq_ecommerce,2024-09,2024-Q3,Petcare Diagnostics,DiagnosTech Vet,DIAGNOSTECH-VET_S,E-commerce,National,National,58221,989754.02,0.82
ciq_ecommerce,2024-09,2024-Q3,Parasiticides,FleaStop Pro,FLEASTOP-PRO_L,E-commerce,National,National,49855,1046957.92,0.82
ciq_ecommerce,2024-09,2024-Q3,Parasiticides,FleaStop Pro,FLEASTOP-PRO_S,E-commerce,National,National,68667,1442018.73,0.82
ciq_ecommerce,2024-09,2024-Q3,Pain/Osteoarthritis,FlexiCare Joint,FLEXICARE-JOINT_L,E-commerce,National,National,13144,578390.38,0.82
ciq_ecommerce,2024-09,2024-Q3,Pain/Osteoarthritis,FlexiCare Joint,FLEXICARE-JOINT_S,E-commerce,National,National,18177,799775.75,0.82
ciq_ecommerce,2024-09,2024-Q3,Vaccines,ImmunoCore Canine,IMMUNOCORE-CANINE_L,E-commerce,National,National,26729,561305.96,0.82
ciq_ecommerce,2024-09,2024-Q3,Vaccines,ImmunoCore Canine,IMMUNOCORE-CANINE_S,E-commerce,National,National,37327,783852.66,0.82
ciq_ecommerce,2024-09,2024-Q3,Pain/Osteoarthritis,Librela,LIBRELA_L,E-commerce,National,National,11991,575570.74,0.82
ciq_ecommerce,2024-09,2024-Q3,Pain/Osteoarthritis,Librela,LIBRELA_S,E-commerce,National,National,16836,808086.67,0.82
ciq_ecommerce,2024-09,2024-Q3,Pain/Osteoarthritis,OsteoEase Vet,OSTEOEASE-VET_L,E-commerce,National,National,12923,529829.57,0.82
ciq_ecommerce,2024-09,2024-Q3,Pain/Osteoarthritis,OsteoEase Vet,OSTEOEASE-VET_S,E-commerce,National,National,18420,755246.84,0.82
ciq_ecommerce,2024-09,2024-Q3,Pain/Osteoarthritis,PainAway Canine,PAINAWAY-CANINE_L,E-commerce,National,National,10534,389738.88,0.82
ciq_ecommerce,2024-09,2024-Q3,Pain/Osteoarthritis,PainAway Canine,PAINAWAY-CANINE_S,E-commerce,National,National,14581,539513.84,0.82
ciq_ecommerce,2024-09,2024-Q3,Petcare Diagnostics,PetLab Analyzer,PETLAB-ANALYZER_L,E-commerce,National,National,23283,349235.19,0.82
ciq_ecommerce,2024-09,2024-Q3,Petcare Diagnostics,PetLab Analyzer,PETLAB-ANALYZER_S,E-commerce,National,National,32947,494214.56,0.82
ciq_ecommerce,2024-09,2024-Q3,Petcare Diagnostics,RapidVet Dx,RAPIDVET-DX_L,E-commerce,National,National,35881,574090.06,0.82
ciq_ecommerce,2024-09,2024-Q3,Petcare Diagnostics,RapidVet Dx,RAPIDVET-DX_S,E-commerce,National,National,50346,805546.57,0.82
ciq_ecommerce,2024-09,2024-Q3,Parasiticides,Simparica Trio,SIMPARICA-TRIO_L,E-commerce,National,National,75718,2120088.61,0.82
ciq_ecommerce,2024-09,2024-Q3,Parasiticides,Simparica Trio,SIMPARICA-TRIO_S,E-commerce,National,National,105632,2957675.22,0.82
ciq_ecommerce,2024-09,2024-Q3,Dermatology,SkinRelief Pro,SKINRELIEF-PRO_L,E-commerce,National,National,17191,842303.06,0.82
ciq_ecommerce,2024-09,2024-Q3,Dermatology,SkinRelief Pro,SKINRELIEF-PRO_S,E-commerce,National,National,24351,1193218.63,0.82
ciq_ecommerce,2024-09,2024-Q3,Parasiticides,TickShield Plus,TICKSHIELD-PLUS_L,E-commerce,National,National,58794,1411054.15,0.82
ciq_ecommerce,2024-09,2024-Q3,Parasiticides,TickShield Plus,TICKSHIELD-PLUS_S,E-commerce,National,National,78995,1895860.62,0.82
ciq_ecommerce,2024-09,2024-Q3,Vaccines,Vanguard,VANGUARD_L,E-commerce,National,National,23639,520069.73,0.82
ciq_ecommerce,2024-09,2024-Q3,Vaccines,Vanguard,VANGUARD_S,E-commerce,National,National,32869,723128.71,0.82
ciq_ecommerce,2024-09,2024-Q3,Parasiticides,VectraGuard,VECTRAGUARD_L,E-commerce,National,National,68115,1770967.18,0.82
ciq_ecommerce,2024-09,2024-Q3,Parasiticides,VectraGuard,VECTRAGUARD_S,E-commerce,National,National,96486,2508642.72,0.82
ciq_ecommerce,2024-09,2024-Q3,Vaccines,VetGuard Immunize,VETGUARD-IMMUNIZE_L,E-commerce,National,National,19774,375704.36,0.82
ciq_ecommerce,2024-09,2024-Q3,Vaccines,VetGuard Immunize,VETGUARD-IMMUNIZE_S,E-commerce,National,National,28000,532003.47,0.82
ciq_ecommerce,2024-09,2024-Q3,Vaccines,VetSelect Core Vax,VETSELECT-CORE-VAX_L,E-commerce,National,National,22232,311252.41,0.82
ciq_ecommerce,2024-09,2024-Q3,Vaccines,VetSelect Core Vax,VETSELECT-CORE-VAX_S,E-commerce,National,National,29950,419316.76,0.82
ciq_ecommerce,2024-09,2024-Q3,Dermatology,VetSelect Derma,VETSELECT-DERMA_L,E-commerce,National,National,20914,794776.17,0.82
ciq_ecommerce,2024-09,2024-Q3,Dermatology,VetSelect Derma,VETSELECT-DERMA_S,E-commerce,National,National,28758,1092814.42,0.82
ciq_ecommerce,2024-09,2024-Q3,Petcare Diagnostics,VetSelect Dx,VETSELECT-DX_L,E-commerce,National,National,22334,268005.6,0.82
ciq_ecommerce,2024-09,2024-Q3,Petcare Diagnostics,VetSelect Dx,VETSELECT-DX_S,E-commerce,National,National,30778,369320.28,0.82
ciq_ecommerce,2024-09,2024-Q3,Parasiticides,VetSelect Flea & Tick,VETSELECT-FLEA-TICK_L,E-commerce,National,National,81875,1391879.0,0.82
ciq_ecommerce,2024-09,2024-Q3,Parasiticides,VetSelect Flea & Tick,VETSELECT-FLEA-TICK_S,E-commerce,National,National,109006,1853103.04,0.82
ciq_ecommerce,2024-09,2024-Q3,Pain/Osteoarthritis,VetSelect Joint,VETSELECT-JOINT_L,E-commerce,National,National,13193,382594.38,0.82
ciq_ecommerce,2024-09,2024-Q3,Pain/Osteoarthritis,VetSelect Joint,VETSELECT-JOINT_S,E-commerce,National,National,18895,547937.21,0.82
ciq_ecommerce,2024-09,2024-Q3,Petcare Diagnostics,Vetscan,VETSCAN_L,E-commerce,National,National,38126,686280.52,0.82
ciq_ecommerce,2024-09,2024-Q3,Petcare Diagnostics,Vetscan,VETSCAN_S,E-commerce,National,National,52678,948197.59,0.82
ciq_ecommerce,2024-09,2024-Q3,Dermatology,AllerVet RX,ALLERVET-RX_L,E-commerce,Region,Midwest,4846,261694.42,0.82
ciq_ecommerce,2024-09,2024-Q3,Dermatology,AllerVet RX,ALLERVET-RX_S,E-commerce,Region,Midwest,6876,371308.7,0.82
ciq_ecommerce,2024-09,2024-Q3,Dermatology,Apoquel,APOQUEL_L,E-commerce,Region,Midwest,6658,432744.84,0.82
ciq_ecommerce,2024-09,2024-Q3,Dermatology,Apoquel,APOQUEL_S,E-commerce,Region,Midwest,8422,547424.97,0.82
ciq_ecommerce,2024-09,2024-Q3,Vaccines,BioShield Vax,BIOSHIELD-VAX_L,E-commerce,Region,Midwest,4611,92211.42,0.82
ciq_ecommerce,2024-09,2024-Q3,Vaccines,BioShield Vax,BIOSHIELD-VAX_S,E-commerce,Region,Midwest,6602,132042.34,0.82
ciq_ecommerce,2024-09,2024-Q3,Dermatology,DermaCalm,DERMACALM_L,E-commerce,Region,Midwest,4580,265661.51,0.82
ciq_ecommerce,2024-09,2024-Q3,Dermatology,DermaCalm,DERMACALM_S,E-commerce,Region,Midwest,6451,374148.88,0.82
ciq_ecommerce,2024-09,2024-Q3,Petcare Diagnostics,DiagnosTech Vet,DIAGNOSTECH-VET_L,E-commerce,Region,Midwest,9148,155508.4,0.82
ciq_ecommerce,2024-09,2024-Q3,Petcare Diagnostics,DiagnosTech Vet,DIAGNOSTECH-VET_S,E-commerce,Region,Midwest,12324,209513.05,0.82
ciq_ecommerce,2024-09,2024-Q3,Parasiticides,FleaStop Pro,FLEASTOP-PRO_L,E-commerce,Region,Midwest,11314,237595.1,0.82
ciq_ecommerce,2024-09,2024-Q3,Parasiticides,FleaStop Pro,FLEASTOP-PRO_S,E-commerce,Region,Midwest,14221,298651.24,0.82
ciq_ecommerce,2024-09,2024-Q3,Pain/Osteoarthritis,FlexiCare Joint,FLEXICARE-JOINT_L,E-commerce,Region,Midwest,2961,130301.96,0.82
ciq_ecommerce,2024-09,2024-Q3,Pain/Osteoarthritis,FlexiCare Joint,FLEXICARE-JOINT_S,E-commerce,Region,Midwest,3796,167025.36,0.82
ciq_ecommerce,2024-09,2024-Q3,Vaccines,ImmunoCore Canine,IMMUNOCORE-CANINE_L,E-commerce,Region,Midwest,5775,121264.81,0.82
ciq_ecommerce,2024-09,2024-Q3,Vaccines,ImmunoCore Canine,IMMUNOCORE-CANINE_S,E-commerce,Region,Midwest,8202,172237.03,0.82
ciq_ecommerce,2024-09,2024-Q3,Pain/Osteoarthritis,Librela,LIBRELA_L,E-commerce,Region,Midwest,2394,114935.28,0.82
ciq_ecommerce,2024-09,2024-Q3,Pain/Osteoarthritis,Librela,LIBRELA_S,E-commerce,Region,Midwest,3468,166442.78,0.82
ciq_ecommerce,2024-09,2024-Q3,Pain/Osteoarthritis,OsteoEase Vet,OSTEOEASE-VET_L,E-commerce,Region,Midwest,2547,104429.0,0.82
ciq_ecommerce,2024-09,2024-Q3,Pain/Osteoarthritis,OsteoEase Vet,OSTEOEASE-VET_S,E-commerce,Region,Midwest,3823,156758.05,0.82
ciq_ecommerce,2024-09,2024-Q3,Pain/Osteoarthritis,PainAway Canine,PAINAWAY-CANINE_L,E-commerce,Region,Midwest,2079,76926.93,0.82
ciq_ecommerce,2024-09,2024-Q3,Pain/Osteoarthritis,PainAway Canine,PAINAWAY-CANINE_S,E-commerce,Region,Midwest,2976,110126.37,0.82
ciq_ecommerce,2024-09,2024-Q3,Petcare Diagnostics,PetLab Analyzer,PETLAB-ANALYZER_L,E-commerce,Region,Midwest,4976,74635.09,0.82
ciq_ecommerce,2024-09,2024-Q3,Petcare Diagnostics,PetLab Analyzer,PETLAB-ANALYZER_S,E-commerce,Region,Midwest,6585,98772.57,0.82
ciq_ecommerce,2024-09,2024-Q3,Petcare Diagnostics,RapidVet Dx,RAPIDVET-DX_L,E-commerce,Region,Midwest,7016,112259.11,0.82
ciq_ecommerce,2024-09,2024-Q3,Petcare Diagnostics,RapidVet Dx,RAPIDVET-DX_S,E-commerce,Region,Midwest,9335,149366.04,0.82
ciq_ecommerce,2024-09,2024-Q3,Parasiticides,Simparica Trio,SIMPARICA-TRIO_L,E-commerce,Region,Midwest,15969,447122.55,0.82
ciq_ecommerce,2024-09,2024-Q3,Parasiticides,Simparica Trio,SIMPARICA-TRIO_S,E-commerce,Region,Midwest,23129,647603.23,0.82
ciq_ecommerce,2024-09,2024-Q3,Dermatology,SkinRelief Pro,SKINRELIEF-PRO_L,E-commerce,Region,Midwest,3481,170546.81,0.82
ciq_ecommerce,2024-09,2024-Q3,Dermatology,SkinRelief Pro,SKINRELIEF-PRO_S,E-commerce,Region,Midwest,5161,252899.19,0.82
ciq_ecommerce,2024-09,2024-Q3,Parasiticides,TickShield Plus,TICKSHIELD-PLUS_L,E-commerce,Region,Midwest,11739,281724.29,0.82
ciq_ecommerce,2024-09,2024-Q3,Parasiticides,TickShield Plus,TICKSHIELD-PLUS_S,E-commerce,Region,Midwest,16585,398034.4,0.82
ciq_ecommerce,2024-09,2024-Q3,Vaccines,Vanguard,VANGUARD_L,E-commerce,Region,Midwest,4748,104447.98,0.82
ciq_ecommerce,2024-09,2024-Q3,Vaccines,Vanguard,VANGUARD_S,E-commerce,Region,Midwest,6605,145313.77,0.82
ciq_ecommerce,2024-09,2024-Q3,Parasiticides,VectraGuard,VECTRAGUARD_L,E-commerce,Region,Midwest,14768,383968.8,0.82
ciq_ecommerce,2024-09,2024-Q3,Parasiticides,VectraGuard,VECTRAGUARD_S,E-commerce,Region,Midwest,20021,520548.48,0.82
ciq_ecommerce,2024-09,2024-Q3,Vaccines,VetGuard Immunize,VETGUARD-IMMUNIZE_L,E-commerce,Region,Midwest,4117,78229.76,0.82
ciq_ecommerce,2024-09,2024-Q3,Vaccines,VetGuard Immunize,VETGUARD-IMMUNIZE_S,E-commerce,Region,Midwest,6015,114287.3,0.82
ciq_ecommerce,2024-09,2024-Q3,Vaccines,VetSelect Core Vax,VETSELECT-CORE-VAX_L,E-commerce,Region,Midwest,4664,65299.08,0.82
ciq_ecommerce,2024-09,2024-Q3,Vaccines,VetSelect Core Vax,VETSELECT-CORE-VAX_S,E-commerce,Region,Midwest,6169,86367.06,0.82
ciq_ecommerce,2024-09,2024-Q3,Dermatology,VetSelect Derma,VETSELECT-DERMA_L,E-commerce,Region,Midwest,4658,177017.24,0.82
ciq_ecommerce,2024-09,2024-Q3,Dermatology,VetSelect Derma,VETSELECT-DERMA_S,E-commerce,Region,Midwest,6147,233593.28,0.82
ciq_ecommerce,2024-09,2024-Q3,Petcare Diagnostics,VetSelect Dx,VETSELECT-DX_L,E-commerce,Region,Midwest,4539,54468.27,0.82
ciq_ecommerce,2024-09,2024-Q3,Petcare Diagnostics,VetSelect Dx,VETSELECT-DX_S,E-commerce,Region,Midwest,6400,76797.29,0.82
ciq_ecommerce,2024-09,2024-Q3,Parasiticides,VetSelect Flea & Tick,VETSELECT-FLEA-TICK_L,E-commerce,Region,Midwest,16821,285957.66,0.82
ciq_ecommerce,2024-09,2024-Q3,Parasiticides,VetSelect Flea & Tick,VETSELECT-FLEA-TICK_S,E-commerce,Region,Midwest,23265,395510.21,0.82
ciq_ecommerce,2024-09,2024-Q3,Pain/Osteoarthritis,VetSelect Joint,VETSELECT-JOINT_L,E-commerce,Region,Midwest,2592,75168.78,0.82
ciq_ecommerce,2024-09,2024-Q3,Pain/Osteoarthritis,VetSelect Joint,VETSELECT-JOINT_S,E-commerce,Region,Midwest,3801,110227.68,0.82
ciq_ecommerce,2024-09,2024-Q3,Petcare Diagnostics,Vetscan,VETSCAN_L,E-commerce,Region,Midwest,7658,137850.2,0.82
ciq_ecommerce,2024-09,2024-Q3,Petcare Diagnostics,Vetscan,VETSCAN_S,E-commerce,Region,Midwest,10749,193474.66,0.82
ciq_ecommerce,2024-09,2024-Q3,Dermatology,AllerVet RX,ALLERVET-RX_L,E-commerce,Region,Northeast,4862,262572.71,0.82
ciq_ecommerce,2024-09,2024-Q3,Dermatology,AllerVet RX,ALLERVET-RX_S,E-commerce,Region,Northeast,6582,355404.79,0.82
ciq_ecommerce,2024-09,2024-Q3,Dermatology,Apoquel,APOQUEL_L,E-commerce,Region,Northeast,6623,430462.61,0.82
ciq_ecommerce,2024-09,2024-Q3,Dermatology,Apoquel,APOQUEL_S,E-commerce,Region,Northeast,9032,587100.44,0.82
ciq_ecommerce,2024-09,2024-Q3,Vaccines,BioShield Vax,BIOSHIELD-VAX_L,E-commerce,Region,Northeast,5110,102204.93,0.82
ciq_ecommerce,2024-09,2024-Q3,Vaccines,BioShield Vax,BIOSHIELD-VAX_S,E-commerce,Region,Northeast,7563,151264.31,0.82
ciq_ecommerce,2024-09,2024-Q3,Dermatology,DermaCalm,DERMACALM_L,E-commerce,Region,Northeast,4940,286547.8,0.82
ciq_ecommerce,2024-09,2024-Q3,Dermatology,DermaCalm,DERMACALM_S,E-commerce,Region,Northeast,6339,367677.21,0.82
ciq_ecommerce,2024-09,2024-Q3,Petcare Diagnostics,DiagnosTech Vet,DIAGNOSTECH-VET_L,E-commerce,Region,Northeast,9292,157965.46,0.82
ciq_ecommerce,2024-09,2024-Q3,Petcare Diagnostics,DiagnosTech Vet,DIAGNOSTECH-VET_S,E-commerce,Region,Northeast,12345,209856.76,0.82
ciq_ecommerce,2024-09,2024-Q3,Parasiticides,FleaStop Pro,FLEASTOP-PRO_L,E-commerce,Region,Northeast,11311,237528.53,0.82
ciq_ecommerce,2024-09,2024-Q3,Parasiticides,FleaStop Pro,FLEASTOP-PRO_S,E-commerce,Region,Northeast,13800,289797.64,0.82
ciq_ecommerce,2024-09,2024-Q3,Pain/Osteoarthritis,FlexiCare Joint,FLEXICARE-JOINT_L,E-commerce,Region,Northeast,2657,116924.15,0.82
ciq_ecommerce,2024-09,2024-Q3,Pain/Osteoarthritis,FlexiCare Joint,FLEXICARE-JOINT_S,E-commerce,Region,Northeast,3682,161987.53,0.82
ciq_ecommerce,2024-09,2024-Q3,Vaccines,ImmunoCore Canine,IMMUNOCORE-CANINE_L,E-commerce,Region,Northeast,6221,130635.42,0.82
ciq_ecommerce,2024-09,2024-Q3,Vaccines,ImmunoCore Canine,IMMUNOCORE-CANINE_S,E-commerce,Region,Northeast,8670,182076.07,0.82
ciq_ecommerce,2024-09,2024-Q3,Pain/Osteoarthritis,Librela,LIBRELA_L,E-commerce,Region,Northeast,2671,128222.38,0.82
ciq_ecommerce,2024-09,2024-Q3,Pain/Osteoarthritis,Librela,LIBRELA_S,E-commerce,Region,Northeast,3761,180542.53,0.82
ciq_ecommerce,2024-09,2024-Q3,Pain/Osteoarthritis,OsteoEase Vet,OSTEOEASE-VET_L,E-commerce,Region,Northeast,2775,113758.38,0.82
ciq_ecommerce,2024-09,2024-Q3,Pain/Osteoarthritis,OsteoEase Vet,OSTEOEASE-VET_S,E-commerce,Region,Northeast,4039,165581.83,0.82
ciq_ecommerce,2024-09,2024-Q3,Pain/Osteoarthritis,PainAway Canine,PAINAWAY-CANINE_L,E-commerce,Region,Northeast,2394,88574.07,0.82
ciq_ecommerce,2024-09,2024-Q3,Pain/Osteoarthritis,PainAway Canine,PAINAWAY-CANINE_S,E-commerce,Region,Northeast,2992,110717.51,0.82
ciq_ecommerce,2024-09,2024-Q3,Petcare Diagnostics,PetLab Analyzer,PETLAB-ANALYZER_L,E-commerce,Region,Northeast,5044,75664.99,0.82
ciq_ecommerce,2024-09,2024-Q3,Petcare Diagnostics,PetLab Analyzer,PETLAB-ANALYZER_S,E-commerce,Region,Northeast,7756,116341.04,0.82
ciq_ecommerce,2024-09,2024-Q3,Petcare Diagnostics,RapidVet Dx,RAPIDVET-DX_L,E-commerce,Region,Northeast,8528,136445.36,0.82
ciq_ecommerce,2024-09,2024-Q3,Petcare Diagnostics,RapidVet Dx,RAPIDVET-DX_S,E-commerce,Region,Northeast,11845,189523.49,0.82
ciq_ecommerce,2024-09,2024-Q3,Parasiticides,Simparica Trio,SIMPARICA-TRIO_L,E-commerce,Region,Northeast,16323,457053.48,0.82
ciq_ecommerce,2024-09,2024-Q3,Parasiticides,Simparica Trio,SIMPARICA-TRIO_S,E-commerce,Region,Northeast,23952,670660.87,0.82
ciq_ecommerce,2024-09,2024-Q3,Dermatology,SkinRelief Pro,SKINRELIEF-PRO_L,E-commerce,Region,Northeast,3735,183012.51,0.82
ciq_ecommerce,2024-09,2024-Q3,Dermatology,SkinRelief Pro,SKINRELIEF-PRO_S,E-commerce,Region,Northeast,5680,278312.85,0.82
ciq_ecommerce,2024-09,2024-Q3,Parasiticides,TickShield Plus,TICKSHIELD-PLUS_L,E-commerce,Region,Northeast,13396,321510.37,0.82
ciq_ecommerce,2024-09,2024-Q3,Parasiticides,TickShield Plus,TICKSHIELD-PLUS_S,E-commerce,Region,Northeast,18179,436286.17,0.82
ciq_ecommerce,2024-09,2024-Q3,Vaccines,Vanguard,VANGUARD_L,E-commerce,Region,Northeast,5285,116278.6,0.82
ciq_ecommerce,2024-09,2024-Q3,Vaccines,Vanguard,VANGUARD_S,E-commerce,Region,Northeast,7383,162433.87,0.82
ciq_ecommerce,2024-09,2024-Q3,Parasiticides,VectraGuard,VECTRAGUARD_L,E-commerce,Region,Northeast,15033,390849.07,0.82
ciq_ecommerce,2024-09,2024-Q3,Parasiticides,VectraGuard,VECTRAGUARD_S,E-commerce,Region,Northeast,22218,577675.25,0.82
ciq_ecommerce,2024-09,2024-Q3,Vaccines,VetGuard Immunize,VETGUARD-IMMUNIZE_L,E-commerce,Region,Northeast,4952,94078.77,0.82
ciq_ecommerce,2024-09,2024-Q3,Vaccines,VetGuard Immunize,VETGUARD-IMMUNIZE_S,E-commerce,Region,Northeast,6271,119151.66,0.82
ciq_ecommerce,2024-09,2024-Q3,Vaccines,VetSelect Core Vax,VETSELECT-CORE-VAX_L,E-commerce,Region,Northeast,4948,69277.19,0.82
ciq_ecommerce,2024-09,2024-Q3,Vaccines,VetSelect Core Vax,VETSELECT-CORE-VAX_S,E-commerce,Region,Northeast,6702,93833.61,0.82
ciq_ecommerce,2024-09,2024-Q3,Dermatology,VetSelect Derma,VETSELECT-DERMA_L,E-commerce,Region,Northeast,4826,183401.45,0.82
ciq_ecommerce,2024-09,2024-Q3,Dermatology,VetSelect Derma,VETSELECT-DERMA_S,E-commerce,Region,Northeast,6297,239299.24,0.82
ciq_ecommerce,2024-09,2024-Q3,Petcare Diagnostics,VetSelect Dx,VETSELECT-DX_L,E-commerce,Region,Northeast,4826,57917.75,0.82
ciq_ecommerce,2024-09,2024-Q3,Petcare Diagnostics,VetSelect Dx,VETSELECT-DX_S,E-commerce,Region,Northeast,6582,78981.42,0.82
ciq_ecommerce,2024-09,2024-Q3,Parasiticides,VetSelect Flea & Tick,VETSELECT-FLEA-TICK_L,E-commerce,Region,Northeast,19520,331846.37,0.82
ciq_ecommerce,2024-09,2024-Q3,Parasiticides,VetSelect Flea & Tick,VETSELECT-FLEA-TICK_S,E-commerce,Region,Northeast,25763,437973.12,0.82
ciq_ecommerce,2024-09,2024-Q3,Pain/Osteoarthritis,VetSelect Joint,VETSELECT-JOINT_L,E-commerce,Region,Northeast,2771,80352.86,0.82
ciq_ecommerce,2024-09,2024-Q3,Pain/Osteoarthritis,VetSelect Joint,VETSELECT-JOINT_S,E-commerce,Region,Northeast,4118,119418.34,0.82
ciq_ecommerce,2024-09,2024-Q3,Petcare Diagnostics,Vetscan,VETSCAN_L,E-commerce,Region,Northeast,8027,144477.7,0.82
ciq_ecommerce,2024-09,2024-Q3,Petcare Diagnostics,Vetscan,VETSCAN_S,E-commerce,Region,Northeast,11332,203981.25,0.82
ciq_ecommerce,2024-09,2024-Q3,Dermatology,AllerVet RX,ALLERVET-RX_L,E-commerce,Region,South,7234,390639.43,0.82
ciq_ecommerce,2024-09,2024-Q3,Dermatology,AllerVet RX,ALLERVET-RX_S,E-commerce,Region,South,9139,493483.76,0.82
ciq_ecommerce,2024-09,2024-Q3,Dermatology,Apoquel,APOQUEL_L,E-commerce,Region,South,10185,661992.99,0.82
ciq_ecommerce,2024-09,2024-Q3,Dermatology,Apoquel,APOQUEL_S,E-commerce,Region,South,13271,862587.68,0.82
ciq_ecommerce,2024-09,2024-Q3,Vaccines,BioShield Vax,BIOSHIELD-VAX_L,E-commerce,Region,South,7794,155880.8,0.82
ciq_ecommerce,2024-09,2024-Q3,Vaccines,BioShield Vax,BIOSHIELD-VAX_S,E-commerce,Region,South,9951,199010.31,0.82
ciq_ecommerce,2024-09,2024-Q3,Dermatology,DermaCalm,DERMACALM_L,E-commerce,Region,South,7776,451024.34,0.82
ciq_ecommerce,2024-09,2024-Q3,Dermatology,DermaCalm,DERMACALM_S,E-commerce,Region,South,10611,615410.04,0.82
ciq_ecommerce,2024-09,2024-Q3,Petcare Diagnostics,DiagnosTech Vet,DIAGNOSTECH-VET_L,E-commerce,Region,South,13525,229928.34,0.82
ciq_ecommerce,2024-09,2024-Q3,Petcare Diagnostics,DiagnosTech Vet,DIAGNOSTECH-VET_S,E-commerce,Region,South,19805,336684.87,0.82
ciq_ecommerce,2024-09,2024-Q3,Parasiticides,FleaStop Pro,FLEASTOP-PRO_L,E-commerce,Region,South,15784,331460.28,0.82
ciq_ecommerce,2024-09,2024-Q3,Parasiticides,FleaStop Pro,FLEASTOP-PRO_S,E-commerce,Region,South,24050,505049.61,0.82
ciq_ecommerce,2024-09,2024-Q3,Pain/Osteoarthritis,FlexiCare Joint,FLEXICARE-JOINT_L,E-commerce,Region,South,4430,194926.21,0.82
ciq_ecommerce,2024-09,2024-Q3,Pain/Osteoarthritis,FlexiCare Joint,FLEXICARE-JOINT_S,E-commerce,Region,South,6348,279320.33,0.82
ciq_ecommerce,2024-09,2024-Q3,Vaccines,ImmunoCore Canine,IMMUNOCORE-CANINE_L,E-commerce,Region,South,8963,188229.09,0.82
ciq_ecommerce,2024-09,2024-Q3,Vaccines,ImmunoCore Canine,IMMUNOCORE-CANINE_S,E-commerce,Region,South,12587,264319.04,0.82
ciq_ecommerce,2024-09,2024-Q3,Pain/Osteoarthritis,Librela,LIBRELA_L,E-commerce,Region,South,4154,199379.05,0.82
ciq_ecommerce,2024-09,2024-Q3,Pain/Osteoarthritis,Librela,LIBRELA_S,E-commerce,Region,South,5712,274158.74,0.82
ciq_ecommerce,2024-09,2024-Q3,Pain/Osteoarthritis,OsteoEase Vet,OSTEOEASE-VET_L,E-commerce,Region,South,4544,186316.27,0.82
ciq_ecommerce,2024-09,2024-Q3,Pain/Osteoarthritis,OsteoEase Vet,OSTEOEASE-VET_S,E-commerce,Region,South,6383,261722.13,0.82
ciq_ecommerce,2024-09,2024-Q3,Pain/Osteoarthritis,PainAway Canine,PAINAWAY-CANINE_L,E-commerce,Region,South,3731,138031.5,0.82
ciq_ecommerce,2024-09,2024-Q3,Pain/Osteoarthritis,PainAway Canine,PAINAWAY-CANINE_S,E-commerce,Region,South,5366,198544.77,0.82
ciq_ecommerce,2024-09,2024-Q3,Petcare Diagnostics,PetLab Analyzer,PETLAB-ANALYZER_L,E-commerce,Region,South,7606,114084.61,0.82
ciq_ecommerce,2024-09,2024-Q3,Petcare Diagnostics,PetLab Analyzer,PETLAB-ANALYZER_S,E-commerce,Region,South,10961,164420.21,0.82
ciq_ecommerce,2024-09,2024-Q3,Petcare Diagnostics,RapidVet Dx,RAPIDVET-DX_L,E-commerce,Region,South,12080,193279.35,0.82
ciq_ecommerce,2024-09,2024-Q3,Petcare Diagnostics,RapidVet Dx,RAPIDVET-DX_S,E-commerce,Region,South,18087,289392.3,0.82
ciq_ecommerce,2024-09,2024-Q3,Parasiticides,Simparica Trio,SIMPARICA-TRIO_L,E-commerce,Region,South,25418,711691.31,0.82
ciq_ecommerce,2024-09,2024-Q3,Parasiticides,Simparica Trio,SIMPARICA-TRIO_S,E-commerce,Region,South,34750,972993.14,0.82
ciq_ecommerce,2024-09,2024-Q3,Dermatology,SkinRelief Pro,SKINRELIEF-PRO_L,E-commerce,Region,South,5796,283991.68,0.82
ciq_ecommerce,2024-09,2024-Q3,Dermatology,SkinRelief Pro,SKINRELIEF-PRO_S,E-commerce,Region,South,8171,400394.05,0.82
ciq_ecommerce,2024-09,2024-Q3,Parasiticides,TickShield Plus,TICKSHIELD-PLUS_L,E-commerce,Region,South,20930,502324.34,0.82
ciq_ecommerce,2024-09,2024-Q3,Parasiticides,TickShield Plus,TICKSHIELD-PLUS_S,E-commerce,Region,South,26168,628034.42,0.82
ciq_ecommerce,2024-09,2024-Q3,Vaccines,Vanguard,VANGUARD_L,E-commerce,Region,South,8134,178953.55,0.82
ciq_ecommerce,2024-09,2024-Q3,Vaccines,Vanguard,VANGUARD_S,E-commerce,Region,South,10913,240092.41,0.82
ciq_ecommerce,2024-09,2024-Q3,Parasiticides,VectraGuard,VECTRAGUARD_L,E-commerce,Region,South,22779,592251.74,0.82
ciq_ecommerce,2024-09,2024-Q3,Parasiticides,VectraGuard,VECTRAGUARD_S,E-commerce,Region,South,33793,878609.55,0.82
ciq_ecommerce,2024-09,2024-Q3,Vaccines,VetGuard Immunize,VETGUARD-IMMUNIZE_L,E-commerce,Region,South,6301,119717.01,0.82
ciq_ecommerce,2024-09,2024-Q3,Vaccines,VetGuard Immunize,VETGUARD-IMMUNIZE_S,E-commerce,Region,South,9183,174483.45,0.82
ciq_ecommerce,2024-09,2024-Q3,Vaccines,VetSelect Core Vax,VETSELECT-CORE-VAX_L,E-commerce,Region,South,7501,105015.84,0.82
ciq_ecommerce,2024-09,2024-Q3,Vaccines,VetSelect Core Vax,VETSELECT-CORE-VAX_S,E-commerce,Region,South,10499,146989.67,0.82
ciq_ecommerce,2024-09,2024-Q3,Dermatology,VetSelect Derma,VETSELECT-DERMA_L,E-commerce,Region,South,6658,253011.85,0.82
ciq_ecommerce,2024-09,2024-Q3,Dermatology,VetSelect Derma,VETSELECT-DERMA_S,E-commerce,Region,South,9635,366131.45,0.82
ciq_ecommerce,2024-09,2024-Q3,Petcare Diagnostics,VetSelect Dx,VETSELECT-DX_L,E-commerce,Region,South,7918,95012.54,0.82
ciq_ecommerce,2024-09,2024-Q3,Petcare Diagnostics,VetSelect Dx,VETSELECT-DX_S,E-commerce,Region,South,11105,133254.77,0.82
ciq_ecommerce,2024-09,2024-Q3,Parasiticides,VetSelect Flea & Tick,VETSELECT-FLEA-TICK_L,E-commerce,Region,South,27933,474853.32,0.82
ciq_ecommerce,2024-09,2024-Q3,Parasiticides,VetSelect Flea & Tick,VETSELECT-FLEA-TICK_S,E-commerce,Region,South,36854,626519.32,0.82
ciq_ecommerce,2024-09,2024-Q3,Pain/Osteoarthritis,VetSelect Joint,VETSELECT-JOINT_L,E-commerce,Region,South,4994,144840.13,0.82
ciq_ecommerce,2024-09,2024-Q3,Pain/Osteoarthritis,VetSelect Joint,VETSELECT-JOINT_S,E-commerce,Region,South,6725,195013.61,0.82
ciq_ecommerce,2024-09,2024-Q3,Petcare Diagnostics,Vetscan,VETSCAN_L,E-commerce,Region,South,13610,244988.42,0.82
ciq_ecommerce,2024-09,2024-Q3,Petcare Diagnostics,Vetscan,VETSCAN_S,E-commerce,Region,South,18152,326737.19,0.82
ciq_ecommerce,2024-09,2024-Q3,Dermatology,AllerVet RX,ALLERVET-RX_L,E-commerce,Region,West,4759,256995.46,0.82
ciq_ecommerce,2024-09,2024-Q3,Dermatology,AllerVet RX,ALLERVET-RX_S,E-commerce,Region,West,6973,376525.22,0.82
ciq_ecommerce,2024-09,2024-Q3,Dermatology,Apoquel,APOQUEL_L,E-commerce,Region,West,7014,455898.26,0.82
ciq_ecommerce,2024-09,2024-Q3,Dermatology,Apoquel,APOQUEL_S,E-commerce,Region,West,9658,627769.95,0.82
ciq_ecommerce,2024-09,2024-Q3,Vaccines,BioShield Vax,BIOSHIELD-VAX_L,E-commerce,Region,West,5206,104113.1,0.82
ciq_ecommerce,2024-09,2024-Q3,Vaccines,BioShield Vax,BIOSHIELD-VAX_S,E-commerce,Region,West,6846,136912.84,0.82
ciq_ecommerce,2024-09,2024-Q3,Dermatology,DermaCalm,DERMACALM_L,E-commerce,Region,West,5382,312145.99,0.82
ciq_ecommerce,2024-09,2024-Q3,Dermatology,DermaCalm,DERMACALM_S,E-commerce,Region,West,7280,422267.0,0.82
ciq_ecommerce,2024-09,2024-Q3,Petcare Diagnostics,DiagnosTech Vet,DIAGNOSTECH-VET_L,E-commerce,Region,West,10141,172402.07,0.82
ciq_ecommerce,2024-09,2024-Q3,Petcare Diagnostics,DiagnosTech Vet,DIAGNOSTECH-VET_S,E-commerce,Region,West,13747,233699.34,0.82
ciq_ecommerce,2024-09,2024-Q3,Parasiticides,FleaStop Pro,FLEASTOP-PRO_L,E-commerce,Region,West,11446,240374.01,0.82
ciq_ecommerce,2024-09,2024-Q3,Parasiticides,FleaStop Pro,FLEASTOP-PRO_S,E-commerce,Region,West,16596,348520.24,0.82
ciq_ecommerce,2024-09,2024-Q3,Pain/Osteoarthritis,FlexiCare Joint,FLEXICARE-JOINT_L,E-commerce,Region,West,3096,136238.06,0.82
ciq_ecommerce,2024-09,2024-Q3,Pain/Osteoarthritis,FlexiCare Joint,FLEXICARE-JOINT_S,E-commerce,Region,West,4351,191442.53,0.82
ciq_ecommerce,2024-09,2024-Q3,Vaccines,ImmunoCore Canine,IMMUNOCORE-CANINE_L,E-commerce,Region,West,5770,121176.64,0.82
ciq_ecommerce,2024-09,2024-Q3,Vaccines,ImmunoCore Canine,IMMUNOCORE-CANINE_S,E-commerce,Region,West,7868,165220.52,0.82
ciq_ecommerce,2024-09,2024-Q3,Pain/Osteoarthritis,Librela,LIBRELA_L,E-commerce,Region,West,2772,133034.03,0.82
ciq_ecommerce,2024-09,2024-Q3,Pain/Osteoarthritis,Librela,LIBRELA_S,E-commerce,Region,West,3895,186942.62,0.82
ciq_ecommerce,2024-09,2024-Q3,Pain/Osteoarthritis,OsteoEase Vet,OSTEOEASE-VET_L,E-commerce,Region,West,3057,125325.92,0.82
ciq_ecommerce,2024-09,2024-Q3,Pain/Osteoarthritis,OsteoEase Vet,OSTEOEASE-VET_S,E-commerce,Region,West,4175,171184.83,0.82
ciq_ecommerce,2024-09,2024-Q3,Pain/Osteoarthritis,PainAway Canine,PAINAWAY-CANINE_L,E-commerce,Region,West,2330,86206.38,0.82
ciq_ecommerce,2024-09,2024-Q3,Pain/Osteoarthritis,PainAway Canine,PAINAWAY-CANINE_S,E-commerce,Region,West,3247,120125.19,0.82
ciq_ecommerce,2024-09,2024-Q3,Petcare Diagnostics,PetLab Analyzer,PETLAB-ANALYZER_L,E-commerce,Region,West,5657,84850.5,0.82
ciq_ecommerce,2024-09,2024-Q3,Petcare Diagnostics,PetLab Analyzer,PETLAB-ANALYZER_S,E-commerce,Region,West,7645,114680.74,0.82
ciq_ecommerce,2024-09,2024-Q3,Petcare Diagnostics,RapidVet Dx,RAPIDVET-DX_L,E-commerce,Region,West,8257,132106.24,0.82
ciq_ecommerce,2024-09,2024-Q3,Petcare Diagnostics,RapidVet Dx,RAPIDVET-DX_S,E-commerce,Region,West,11079,177264.74,0.82
ciq_ecommerce,2024-09,2024-Q3,Parasiticides,Simparica Trio,SIMPARICA-TRIO_L,E-commerce,Region,West,18008,504221.27,0.82
ciq_ecommerce,2024-09,2024-Q3,Parasiticides,Simparica Trio,SIMPARICA-TRIO_S,E-commerce,Region,West,23801,666417.98,0.82
ciq_ecommerce,2024-09,2024-Q3,Dermatology,SkinRelief Pro,SKINRELIEF-PRO_L,E-commerce,Region,West,4179,204752.06,0.82
ciq_ecommerce,2024-09,2024-Q3,Dermatology,SkinRelief Pro,SKINRELIEF-PRO_S,E-commerce,Region,West,5339,261612.54,0.82
ciq_ecommerce,2024-09,2024-Q3,Parasiticides,TickShield Plus,TICKSHIELD-PLUS_L,E-commerce,Region,West,12729,305495.15,0.82
ciq_ecommerce,2024-09,2024-Q3,Parasiticides,TickShield Plus,TICKSHIELD-PLUS_S,E-commerce,Region,West,18063,433505.63,0.82
ciq_ecommerce,2024-09,2024-Q3,Vaccines,Vanguard,VANGUARD_L,E-commerce,Region,West,5472,120389.6,0.82
ciq_ecommerce,2024-09,2024-Q3,Vaccines,Vanguard,VANGUARD_S,E-commerce,Region,West,7968,175288.66,0.82
ciq_ecommerce,2024-09,2024-Q3,Parasiticides,VectraGuard,VECTRAGUARD_L,E-commerce,Region,West,15535,403897.57,0.82
ciq_ecommerce,2024-09,2024-Q3,Parasiticides,VectraGuard,VECTRAGUARD_S,E-commerce,Region,West,20454,531809.44,0.82
ciq_ecommerce,2024-09,2024-Q3,Vaccines,VetGuard Immunize,VETGUARD-IMMUNIZE_L,E-commerce,Region,West,4404,83678.82,0.82
ciq_ecommerce,2024-09,2024-Q3,Vaccines,VetGuard Immunize,VETGUARD-IMMUNIZE_S,E-commerce,Region,West,6531,124081.06,0.82
ciq_ecommerce,2024-09,2024-Q3,Vaccines,VetSelect Core Vax,VETSELECT-CORE-VAX_L,E-commerce,Region,West,5119,71660.3,0.82
ciq_ecommerce,2024-09,2024-Q3,Vaccines,VetSelect Core Vax,VETSELECT-CORE-VAX_S,E-commerce,Region,West,6580,92126.42,0.82
ciq_ecommerce,2024-09,2024-Q3,Dermatology,VetSelect Derma,VETSELECT-DERMA_L,E-commerce,Region,West,4772,181345.63,0.82
ciq_ecommerce,2024-09,2024-Q3,Dermatology,VetSelect Derma,VETSELECT-DERMA_S,E-commerce,Region,West,6679,253790.45,0.82
ciq_ecommerce,2024-09,2024-Q3,Petcare Diagnostics,VetSelect Dx,VETSELECT-DX_L,E-commerce,Region,West,5051,60607.04,0.82
ciq_ecommerce,2024-09,2024-Q3,Petcare Diagnostics,VetSelect Dx,VETSELECT-DX_S,E-commerce,Region,West,6691,80286.8,0.82
ciq_ecommerce,2024-09,2024-Q3,Parasiticides,VetSelect Flea & Tick,VETSELECT-FLEA-TICK_L,E-commerce,Region,West,17601,299221.65,0.82
ciq_ecommerce,2024-09,2024-Q3,Parasiticides,VetSelect Flea & Tick,VETSELECT-FLEA-TICK_S,E-commerce,Region,West,23124,393100.39,0.82
ciq_ecommerce,2024-09,2024-Q3,Pain/Osteoarthritis,VetSelect Joint,VETSELECT-JOINT_L,E-commerce,Region,West,2836,82232.61,0.82
ciq_ecommerce,2024-09,2024-Q3,Pain/Osteoarthritis,VetSelect Joint,VETSELECT-JOINT_S,E-commerce,Region,West,4251,123277.58,0.82
ciq_ecommerce,2024-09,2024-Q3,Petcare Diagnostics,Vetscan,VETSCAN_L,E-commerce,Region,West,8831,158964.2,0.82
ciq_ecommerce,2024-09,2024-Q3,Petcare Diagnostics,Vetscan,VETSCAN_S,E-commerce,Region,West,12445,224004.49,0.82
ciq_ecommerce,2024-10,2024-Q4,Dermatology,AllerVet RX,ALLERVET-RX_L,E-commerce,National,National,20262,1094189.38,0.82
ciq_ecommerce,2024-10,2024-Q4,Dermatology,AllerVet RX,ALLERVET-RX_S,E-commerce,National,National,27338,1476196.42,0.82
ciq_ecommerce,2024-10,2024-Q4,Dermatology,Apoquel,APOQUEL_L,E-commerce,National,National,29535,1919750.22,0.82
ciq_ecommerce,2024-10,2024-Q4,Dermatology,Apoquel,APOQUEL_S,E-commerce,National,National,40617,2640109.58,0.82
ciq_ecommerce,2024-10,2024-Q4,Vaccines,BioShield Vax,BIOSHIELD-VAX_L,E-commerce,National,National,22704,454091.85,0.82
ciq_ecommerce,2024-10,2024-Q4,Vaccines,BioShield Vax,BIOSHIELD-VAX_S,E-commerce,National,National,30113,602256.91,0.82
ciq_ecommerce,2024-10,2024-Q4,Dermatology,DermaCalm,DERMACALM_L,E-commerce,National,National,21786,1263591.28,0.82
ciq_ecommerce,2024-10,2024-Q4,Dermatology,DermaCalm,DERMACALM_S,E-commerce,National,National,29514,1711758.71,0.82
ciq_ecommerce,2024-10,2024-Q4,Petcare Diagnostics,DiagnosTech Vet,DIAGNOSTECH-VET_L,E-commerce,National,National,39233,666956.23,0.82
ciq_ecommerce,2024-10,2024-Q4,Petcare Diagnostics,DiagnosTech Vet,DIAGNOSTECH-VET_S,E-commerce,National,National,55829,949076.75,0.82
ciq_ecommerce,2024-10,2024-Q4,Parasiticides,FleaStop Pro,FLEASTOP-PRO_L,E-commerce,National,National,44288,930058.62,0.82
ciq_ecommerce,2024-10,2024-Q4,Parasiticides,FleaStop Pro,FLEASTOP-PRO_S,E-commerce,National,National,62287,1308030.88,0.82
ciq_ecommerce,2024-10,2024-Q4,Pain/Osteoarthritis,FlexiCare Joint,FLEXICARE-JOINT_L,E-commerce,National,National,14770,649881.96,0.82
ciq_ecommerce,2024-10,2024-Q4,Pain/Osteoarthritis,FlexiCare Joint,FLEXICARE-JOINT_S,E-commerce,National,National,20255,891233.77,0.82
ciq_ecommerce,2024-10,2024-Q4,Vaccines,ImmunoCore Canine,IMMUNOCORE-CANINE_L,E-commerce,National,National,26491,556318.63,0.82
ciq_ecommerce,2024-10,2024-Q4,Vaccines,ImmunoCore Canine,IMMUNOCORE-CANINE_S,E-commerce,National,National,35482,745116.79,0.82
ciq_ecommerce,2024-10,2024-Q4,Pain/Osteoarthritis,Librela,LIBRELA_L,E-commerce,National,National,12796,614207.88,0.82
ciq_ecommerce,2024-10,2024-Q4,Pain/Osteoarthritis,Librela,LIBRELA_S,E-commerce,National,National,17432,836805.44,0.82
ciq_ecommerce,2024-10,2024-Q4,Pain/Osteoarthritis,OsteoEase Vet,OSTEOEASE-VET_L,E-commerce,National,National,13453,551615.87,0.82
ciq_ecommerce,2024-10,2024-Q4,Pain/Osteoarthritis,OsteoEase Vet,OSTEOEASE-VET_S,E-commerce,National,National,19094,782844.66,0.82
ciq_ecommerce,2024-10,2024-Q4,Pain/Osteoarthritis,PainAway Canine,PAINAWAY-CANINE_L,E-commerce,National,National,12363,457413.34,0.82
ciq_ecommerce,2024-10,2024-Q4,Pain/Osteoarthritis,PainAway Canine,PAINAWAY-CANINE_S,E-commerce,National,National,16644,615839.59,0.82
ciq_ecommerce,2024-10,2024-Q4,Petcare Diagnostics,PetLab Analyzer,PETLAB-ANALYZER_L,E-commerce,National,National,22376,335638.95,0.82
ciq_ecommerce,2024-10,2024-Q4,Petcare Diagnostics,PetLab Analyzer,PETLAB-ANALYZER_S,E-commerce,National,National,32392,485874.07,0.82
ciq_ecommerce,2024-10,2024-Q4,Petcare Diagnostics,RapidVet Dx,RAPIDVET-DX_L,E-commerce,National,National,39212,627403.26,0.82
ciq_ecommerce,2024-10,2024-Q4,Petcare Diagnostics,RapidVet Dx,RAPIDVET-DX_S,E-commerce,National,National,54417,870672.41,0.82
ciq_ecommerce,2024-10,2024-Q4,Parasiticides,Simparica Trio,SIMPARICA-TRIO_L,E-commerce,National,National,67414,1887606.95,0.82
ciq_ecommerce,2024-10,2024-Q4,Parasiticides,Simparica Trio,SIMPARICA-TRIO_S,E-commerce,National,National,92634,2593735.25,0.82
ciq_ecommerce,2024-10,2024-Q4,Dermatology,SkinRelief Pro,SKINRELIEF-PRO_L,E-commerce,National,National,18153,889496.88,0.82
ciq_ecommerce,2024-10,2024-Q4,Dermatology,SkinRelief Pro,SKINRELIEF-PRO_S,E-commerce,National,National,24216,1186607.42,0.82
ciq_ecommerce,2024-10,2024-Q4,Parasiticides,TickShield Plus,TICKSHIELD-PLUS_L,E-commerce,National,National,47673,1144154.65,0.82
ciq_ecommerce,2024-10,2024-Q4,Parasiticides,TickShield Plus,TICKSHIELD-PLUS_S,E-commerce,National,National,67682,1624357.31,0.82
ciq_ecommerce,2024-10,2024-Q4,Vaccines,Vanguard,VANGUARD_L,E-commerce,National,National,23676,520854.15,0.82
ciq_ecommerce,2024-10,2024-Q4,Vaccines,Vanguard,VANGUARD_S,E-commerce,National,National,33811,743859.38,0.82
ciq_ecommerce,2024-10,2024-Q4,Parasiticides,VectraGuard,VECTRAGUARD_L,E-commerce,National,National,55637,1446568.68,0.82
ciq_ecommerce,2024-10,2024-Q4,Parasiticides,VectraGuard,VECTRAGUARD_S,E-commerce,National,National,78260,2034740.43,0.82
ciq_ecommerce,2024-10,2024-Q4,Vaccines,VetGuard Immunize,VETGUARD-IMMUNIZE_L,E-commerce,National,National,20215,384098.94,0.82
ciq_ecommerce,2024-10,2024-Q4,Vaccines,VetGuard Immunize,VETGUARD-IMMUNIZE_S,E-commerce,National,National,26922,511503.42,0.82
ciq_ecommerce,2024-10,2024-Q4,Vaccines,VetSelect Core Vax,VETSELECT-CORE-VAX_L,E-commerce,National,National,22686,317600.19,0.82
ciq_ecommerce,2024-10,2024-Q4,Vaccines,VetSelect Core Vax,VETSELECT-CORE-VAX_S,E-commerce,National,National,30290,424044.48,0.82
ciq_ecommerce,2024-10,2024-Q4,Dermatology,VetSelect Derma,VETSELECT-DERMA_L,E-commerce,National,National,19071,724686.83,0.82
ciq_ecommerce,2024-10,2024-Q4,Dermatology,VetSelect Derma,VETSELECT-DERMA_S,E-commerce,National,National,26509,1007330.06,0.82
ciq_ecommerce,2024-10,2024-Q4,Petcare Diagnostics,VetSelect Dx,VETSELECT-DX_L,E-commerce,National,National,22988,275856.88,0.82
ciq_ecommerce,2024-10,2024-Q4,Petcare Diagnostics,VetSelect Dx,VETSELECT-DX_S,E-commerce,National,National,30734,368808.62,0.82
ciq_ecommerce,2024-10,2024-Q4,Parasiticides,VetSelect Flea & Tick,VETSELECT-FLEA-TICK_L,E-commerce,National,National,68075,1157272.78,0.82
ciq_ecommerce,2024-10,2024-Q4,Parasiticides,VetSelect Flea & Tick,VETSELECT-FLEA-TICK_S,E-commerce,National,National,88980,1512647.34,0.82
ciq_ecommerce,2024-10,2024-Q4,Pain/Osteoarthritis,VetSelect Joint,VETSELECT-JOINT_L,E-commerce,National,National,14429,418466.48,0.82
ciq_ecommerce,2024-10,2024-Q4,Pain/Osteoarthritis,VetSelect Joint,VETSELECT-JOINT_S,E-commerce,National,National,18618,539937.57,0.82
ciq_ecommerce,2024-10,2024-Q4,Petcare Diagnostics,Vetscan,VETSCAN_L,E-commerce,National,National,39309,707567.38,0.82
ciq_ecommerce,2024-10,2024-Q4,Petcare Diagnostics,Vetscan,VETSCAN_S,E-commerce,National,National,54032,972581.37,0.82
ciq_ecommerce,2024-10,2024-Q4,Dermatology,AllerVet RX,ALLERVET-RX_L,E-commerce,Region,Midwest,4305,232494.49,0.82
ciq_ecommerce,2024-10,2024-Q4,Dermatology,AllerVet RX,ALLERVET-RX_S,E-commerce,Region,Midwest,5644,304782.84,0.82
ciq_ecommerce,2024-10,2024-Q4,Dermatology,Apoquel,APOQUEL_L,E-commerce,Region,Midwest,5885,382509.03,0.82
ciq_ecommerce,2024-10,2024-Q4,Dermatology,Apoquel,APOQUEL_S,E-commerce,Region,Midwest,7992,519487.26,0.82
ciq_ecommerce,2024-10,2024-Q4,Vaccines,BioShield Vax,BIOSHIELD-VAX_L,E-commerce,Region,Midwest,4718,94360.65,0.82
ciq_ecommerce,2024-10,2024-Q4,Vaccines,BioShield Vax,BIOSHIELD-VAX_S,E-commerce,Region,Midwest,6531,130620.4,0.82
ciq_ecommerce,2024-10,2024-Q4,Dermatology,DermaCalm,DERMACALM_L,E-commerce,Region,Midwest,4637,268935.72,0.82
ciq_ecommerce,2024-10,2024-Q4,Dermatology,DermaCalm,DERMACALM_S,E-commerce,Region,Midwest,6130,355528.47,0.82
ciq_ecommerce,2024-10,2024-Q4,Petcare Diagnostics,DiagnosTech Vet,DIAGNOSTECH-VET_L,E-commerce,Region,Midwest,7798,132557.71,0.82
ciq_ecommerce,2024-10,2024-Q4,Petcare Diagnostics,DiagnosTech Vet,DIAGNOSTECH-VET_S,E-commerce,Region,Midwest,11506,195597.17,0.82
ciq_ecommerce,2024-10,2024-Q4,Parasiticides,FleaStop Pro,FLEASTOP-PRO_L,E-commerce,Region,Midwest,9236,193959.29,0.82
ciq_ecommerce,2024-10,2024-Q4,Parasiticides,FleaStop Pro,FLEASTOP-PRO_S,E-commerce,Region,Midwest,13130,275737.29,0.82
ciq_ecommerce,2024-10,2024-Q4,Pain/Osteoarthritis,FlexiCare Joint,FLEXICARE-JOINT_L,E-commerce,Region,Midwest,2824,124248.57,0.82
ciq_ecommerce,2024-10,2024-Q4,Pain/Osteoarthritis,FlexiCare Joint,FLEXICARE-JOINT_S,E-commerce,Region,Midwest,4120,181284.95,0.82
ciq_ecommerce,2024-10,2024-Q4,Vaccines,ImmunoCore Canine,IMMUNOCORE-CANINE_L,E-commerce,Region,Midwest,5594,117478.02,0.82
ciq_ecommerce,2024-10,2024-Q4,Vaccines,ImmunoCore Canine,IMMUNOCORE-CANINE_S,E-commerce,Region,Midwest,7004,147076.15,0.82
ciq_ecommerce,2024-10,2024-Q4,Pain/Osteoarthritis,Librela,LIBRELA_L,E-commerce,Region,Midwest,2708,130003.93,0.82
ciq_ecommerce,2024-10,2024-Q4,Pain/Osteoarthritis,Librela,LIBRELA_S,E-commerce,Region,Midwest,3669,176129.27,0.82
ciq_ecommerce,2024-10,2024-Q4,Pain/Osteoarthritis,OsteoEase Vet,OSTEOEASE-VET_L,E-commerce,Region,Midwest,2803,114925.8,0.82
ciq_ecommerce,2024-10,2024-Q4,Pain/Osteoarthritis,OsteoEase Vet,OSTEOEASE-VET_S,E-commerce,Region,Midwest,4094,167855.65,0.82
ciq_ecommerce,2024-10,2024-Q4,Pain/Osteoarthritis,PainAway Canine,PAINAWAY-CANINE_L,E-commerce,Region,Midwest,2423,89638.76,0.82
ciq_ecommerce,2024-10,2024-Q4,Pain/Osteoarthritis,PainAway Canine,PAINAWAY-CANINE_S,E-commerce,Region,Midwest,3410,126172.25,0.82
ciq_ecommerce,2024-10,2024-Q4,Petcare Diagnostics,PetLab Analyzer,PETLAB-ANALYZER_L,E-commerce,Region,Midwest,4792,71881.26,0.82
ciq_ecommerce,2024-10,2024-Q4,Petcare Diagnostics,PetLab Analyzer,PETLAB-ANALYZER_S,E-commerce,Region,Midwest,7459,111883.17,0.82
ciq_ecommerce,2024-10,2024-Q4,Petcare Diagnostics,RapidVet Dx,RAPIDVET-DX_L,E-commerce,Region,Midwest,8043,128689.72,0.82
ciq_ecommerce,2024-10,2024-Q4,Petcare Diagnostics,RapidVet Dx,RAPIDVET-DX_S,E-commerce,Region,Midwest,11732,187710.11,0.82
ciq_ecommerce,2024-10,2024-Q4,Parasiticides,Simparica Trio,SIMPARICA-TRIO_L,E-commerce,Region,Midwest,13254,371108.89,0.82
ciq_ecommerce,2024-10,2024-Q4,Parasiticides,Simparica Trio,SIMPARICA-TRIO_S,E-commerce,Region,Midwest,19097,534708.58,0.82
ciq_ecommerce,2024-10,2024-Q4,Dermatology,SkinRelief Pro,SKINRELIEF-PRO_L,E-commerce,Region,Midwest,3709,181736.59,0.82
ciq_ecommerce,2024-10,2024-Q4,Dermatology,SkinRelief Pro,SKINRELIEF-PRO_S,E-commerce,Region,Midwest,5235,256515.45,0.82
ciq_ecommerce,2024-10,2024-Q4,Parasiticides,TickShield Plus,TICKSHIELD-PLUS_L,E-commerce,Region,Midwest,9903,237670.94,0.82
ciq_ecommerce,2024-10,2024-Q4,Parasiticides,TickShield Plus,TICKSHIELD-PLUS_S,E-commerce,Region,Midwest,14539,348932.11,0.82
ciq_ecommerce,2024-10,2024-Q4,Vaccines,Vanguard,VANGUARD_L,E-commerce,Region,Midwest,5080,111760.71,0.82
ciq_ecommerce,2024-10,2024-Q4,Vaccines,Vanguard,VANGUARD_S,E-commerce,Region,Midwest,7031,154690.54,0.82
ciq_ecommerce,2024-10,2024-Q4,Parasiticides,VectraGuard,VECTRAGUARD_L,E-commerce,Region,Midwest,12255,318640.66,0.82
ciq_ecommerce,2024-10,2024-Q4,Parasiticides,VectraGuard,VECTRAGUARD_S,E-commerce,Region,Midwest,17427,453090.87,0.82
ciq_ecommerce,2024-10,2024-Q4,Vaccines,VetGuard Immunize,VETGUARD-IMMUNIZE_L,E-commerce,Region,Midwest,4358,82804.58,0.82
ciq_ecommerce,2024-10,2024-Q4,Vaccines,VetGuard Immunize,VETGUARD-IMMUNIZE_S,E-commerce,Region,Midwest,5578,105972.64,0.82
ciq_ecommerce,2024-10,2024-Q4,Vaccines,VetSelect Core Vax,VETSELECT-CORE-VAX_L,E-commerce,Region,Midwest,4456,62380.04,0.82
ciq_ecommerce,2024-10,2024-Q4,Vaccines,VetSelect Core Vax,VETSELECT-CORE-VAX_S,E-commerce,Region,Midwest,6274,87837.61,0.82
ciq_ecommerce,2024-10,2024-Q4,Dermatology,VetSelect Derma,VETSELECT-DERMA_L,E-commerce,Region,Midwest,3977,151112.89,0.82
ciq_ecommerce,2024-10,2024-Q4,Dermatology,VetSelect Derma,VETSELECT-DERMA_S,E-commerce,Region,Midwest,5359,203638.51,0.82
ciq_ecommerce,2024-10,2024-Q4,Petcare Diagnostics,VetSelect Dx,VETSELECT-DX_L,E-commerce,Region,Midwest,4680,56161.73,0.82
ciq_ecommerce,2024-10,2024-Q4,Petcare Diagnostics,VetSelect Dx,VETSELECT-DX_S,E-commerce,Region,Midwest,6496,77953.97,0.82
ciq_ecommerce,2024-10,2024-Q4,Parasiticides,VetSelect Flea & Tick,VETSELECT-FLEA-TICK_L,E-commerce,Region,Midwest,14154,240624.67,0.82
ciq_ecommerce,2024-10,2024-Q4,Parasiticides,VetSelect Flea & Tick,VETSELECT-FLEA-TICK_S,E-commerce,Region,Midwest,18968,322449.53,0.82
ciq_ecommerce,2024-10,2024-Q4,Pain/Osteoarthritis,VetSelect Joint,VETSELECT-JOINT_L,E-commerce,Region,Midwest,2897,84026.47,0.82
ciq_ecommerce,2024-10,2024-Q4,Pain/Osteoarthritis,VetSelect Joint,VETSELECT-JOINT_S,E-commerce,Region,Midwest,3895,112953.39,0.82
ciq_ecommerce,2024-10,2024-Q4,Petcare Diagnostics,Vetscan,VETSCAN_L,E-commerce,Region,Midwest,9068,163217.83,0.82
ciq_ecommerce,2024-10,2024-Q4,Petcare Diagnostics,Vetscan,VETSCAN_S,E-commerce,Region,Midwest,11809,212558.02,0.82
ciq_ecommerce,2024-10,2024-Q4,Dermatology,AllerVet RX,ALLERVET-RX_L,E-commerce,Region,Northeast,4377,236377.88,0.82
ciq_ecommerce,2024-10,2024-Q4,Dermatology,AllerVet RX,ALLERVET-RX_S,E-commerce,Region,Northeast,6168,333048.15,0.82
ciq_ecommerce,2024-10,2024-Q4,Dermatology,Apoquel,APOQUEL_L,E-commerce,Region,Northeast,6654,432527.1,0.82
ciq_ecommerce,2024-10,2024-Q4,Dermatology,Apoquel,APOQUEL_S,E-commerce,Region,Northeast,8808,572515.47,0.82
ciq_ecommerce,2024-10,2024-Q4,Vaccines,BioShield Vax,BIOSHIELD-VAX_L,E-commerce,Region,Northeast,5254,105087.88,0.82
ciq_ecommerce,2024-10,2024-Q4,Vaccines,BioShield Vax,BIOSHIELD-VAX_S,E-commerce,Region,Northeast,6791,135822.37,0.82
ciq_ecommerce,2024-10,2024-Q4,Dermatology,DermaCalm,DERMACALM_L,E-commerce,Region,Northeast,4957,287520.58,0.82
ciq_ecommerce,2024-10,2024-Q4,Dermatology,DermaCalm,DERMACALM_S,E-commerce,Region,Northeast,7027,407537.4,0.82
ciq_ecommerce,2024-10,2024-Q4,Petcare Diagnostics,DiagnosTech Vet,DIAGNOSTECH-VET_L,E-commerce,Region,Northeast,8924,151701.47,0.82
ciq_ecommerce,2024-10,2024-Q4,Petcare Diagnostics,DiagnosTech Vet,DIAGNOSTECH-VET_S,E-commerce,Region,Northeast,12266,208516.36,0.82
ciq_ecommerce,2024-10,2024-Q4,Parasiticides,FleaStop Pro,FLEASTOP-PRO_L,E-commerce,Region,Northeast,9231,193846.4,0.82
ciq_ecommerce,2024-10,2024-Q4,Parasiticides,FleaStop Pro,FLEASTOP-PRO_S,E-commerce,Region,Northeast,12476,261998.94,0.82
ciq_ecommerce,2024-10,2024-Q4,Pain/Osteoarthritis,FlexiCare Joint,FLEXICARE-JOINT_L,E-commerce,Region,Northeast,3420,150469.22,0.82
ciq_ecommerce,2024-10,2024-Q4,Pain/Osteoarthritis,FlexiCare Joint,FLEXICARE-JOINT_S,E-commerce,Region,Northeast,4474,196853.69,0.82
ciq_ecommerce,2024-10,2024-Q4,Vaccines,ImmunoCore Canine,IMMUNOCORE-CANINE_L,E-commerce,Region,Northeast,5473,114942.53,0.82
ciq_ecommerce,2024-10,2024-Q4,Vaccines,ImmunoCore Canine,IMMUNOCORE-CANINE_S,E-commerce,Region,Northeast,7360,154561.26,0.82
ciq_ecommerce,2024-10,2024-Q4,Pain/Osteoarthritis,Librela,LIBRELA_L,E-commerce,Region,Northeast,2833,135996.08,0.82
ciq_ecommerce,2024-10,2024-Q4,Pain/Osteoarthritis,Librela,LIBRELA_S,E-commerce,Region,Northeast,3764,180686.49,0.82
ciq_ecommerce,2024-10,2024-Q4,Pain/Osteoarthritis,OsteoEase Vet,OSTEOEASE-VET_L,E-commerce,Region,Northeast,3103,127230.9,0.82
ciq_ecommerce,2024-10,2024-Q4,Pain/Osteoarthritis,OsteoEase Vet,OSTEOEASE-VET_S,E-commerce,Region,Northeast,4445,182233.63,0.82
ciq_ecommerce,2024-10,2024-Q4,Pain/Osteoarthritis,PainAway Canine,PAINAWAY-CANINE_L,E-commerce,Region,Northeast,2677,99060.89,0.82
ciq_ecommerce,2024-10,2024-Q4,Pain/Osteoarthritis,PainAway Canine,PAINAWAY-CANINE_S,E-commerce,Region,Northeast,3698,136822.48,0.82
ciq_ecommerce,2024-10,2024-Q4,Petcare Diagnostics,PetLab Analyzer,PETLAB-ANALYZER_L,E-commerce,Region,Northeast,5106,76591.11,0.82
ciq_ecommerce,2024-10,2024-Q4,Petcare Diagnostics,PetLab Analyzer,PETLAB-ANALYZER_S,E-commerce,Region,Northeast,7502,112531.69,0.82
ciq_ecommerce,2024-10,2024-Q4,Petcare Diagnostics,RapidVet Dx,RAPIDVET-DX_L,E-commerce,Region,Northeast,8008,128131.42,0.82
ciq_ecommerce,2024-10,2024-Q4,Petcare Diagnostics,RapidVet Dx,RAPIDVET-DX_S,E-commerce,Region,Northeast,11233,179726.83,0.82
ciq_ecommerce,2024-10,2024-Q4,Parasiticides,Simparica Trio,SIMPARICA-TRIO_L,E-commerce,Region,Northeast,14098,394744.13,0.82
ciq_ecommerce,2024-10,2024-Q4,Parasiticides,Simparica Trio,SIMPARICA-TRIO_S,E-commerce,Region,Northeast,21034,588959.44,0.82
ciq_ecommerce,2024-10,2024-Q4,Dermatology,SkinRelief Pro,SKINRELIEF-PRO_L,E-commerce,Region,Northeast,3959,193989.1,0.82
ciq_ecommerce,2024-10,2024-Q4,Dermatology,SkinRelief Pro,SKINRELIEF-PRO_S,E-commerce,Region,Northeast,5160,252848.45,0.82
ciq_ecommerce,2024-10,2024-Q4,Parasiticides,TickShield Plus,TICKSHIELD-PLUS_L,E-commerce,Region,Northeast,10505,252117.38,0.82
ciq_ecommerce,2024-10,2024-Q4,Parasiticides,TickShield Plus,TICKSHIELD-PLUS_S,E-commerce,Region,Northeast,15436,370466.81,0.82
ciq_ecommerce,2024-10,2024-Q4,Vaccines,Vanguard,VANGUARD_L,E-commerce,Region,Northeast,5200,114389.77,0.82
ciq_ecommerce,2024-10,2024-Q4,Vaccines,Vanguard,VANGUARD_S,E-commerce,Region,Northeast,7932,174510.51,0.82
ciq_ecommerce,2024-10,2024-Q4,Parasiticides,VectraGuard,VECTRAGUARD_L,E-commerce,Region,Northeast,12871,334643.52,0.82
ciq_ecommerce,2024-10,2024-Q4,Parasiticides,VectraGuard,VECTRAGUARD_S,E-commerce,Region,Northeast,17934,466286.62,0.82
ciq_ecommerce,2024-10,2024-Q4,Vaccines,VetGuard Immunize,VETGUARD-IMMUNIZE_L,E-commerce,Region,Northeast,4173,79288.16,0.82
ciq_ecommerce,2024-10,2024-Q4,Vaccines,VetGuard Immunize,VETGUARD-IMMUNIZE_S,E-commerce,Region,Northeast,5757,109383.61,0.82
ciq_ecommerce,2024-10,2024-Q4,Vaccines,VetSelect Core Vax,VETSELECT-CORE-VAX_L,E-commerce,Region,Northeast,4548,63672.5,0.82
ciq_ecommerce,2024-10,2024-Q4,Vaccines,VetSelect Core Vax,VETSELECT-CORE-VAX_S,E-commerce,Region,Northeast,6057,84792.03,0.82
ciq_ecommerce,2024-10,2024-Q4,Dermatology,VetSelect Derma,VETSELECT-DERMA_L,E-commerce,Region,Northeast,4191,159268.88,0.82
ciq_ecommerce,2024-10,2024-Q4,Dermatology,VetSelect Derma,VETSELECT-DERMA_S,E-commerce,Region,Northeast,6235,236948.72,0.82
ciq_ecommerce,2024-10,2024-Q4,Petcare Diagnostics,VetSelect Dx,VETSELECT-DX_L,E-commerce,Region,Northeast,5107,61285.16,0.82
ciq_ecommerce,2024-10,2024-Q4,Petcare Diagnostics,VetSelect Dx,VETSELECT-DX_S,E-commerce,Region,Northeast,6825,81899.96,0.82
ciq_ecommerce,2024-10,2024-Q4,Parasiticides,VetSelect Flea & Tick,VETSELECT-FLEA-TICK_L,E-commerce,Region,Northeast,15301,260110.55,0.82
ciq_ecommerce,2024-10,2024-Q4,Parasiticides,VetSelect Flea & Tick,VETSELECT-FLEA-TICK_S,E-commerce,Region,Northeast,19425,330230.82,0.82
ciq_ecommerce,2024-10,2024-Q4,Pain/Osteoarthritis,VetSelect Joint,VETSELECT-JOINT_L,E-commerce,Region,Northeast,3300,95701.53,0.82
ciq_ecommerce,2024-10,2024-Q4,Pain/Osteoarthritis,VetSelect Joint,VETSELECT-JOINT_S,E-commerce,Region,Northeast,4145,120203.99,0.82
ciq_ecommerce,2024-10,2024-Q4,Petcare Diagnostics,Vetscan,VETSCAN_L,E-commerce,Region,Northeast,9016,162296.2,0.82
ciq_ecommerce,2024-10,2024-Q4,Petcare Diagnostics,Vetscan,VETSCAN_S,E-commerce,Region,Northeast,11766,211794.79,0.82
ciq_ecommerce,2024-10,2024-Q4,Dermatology,AllerVet RX,ALLERVET-RX_L,E-commerce,Region,South,7136,385352.99,0.82
ciq_ecommerce,2024-10,2024-Q4,Dermatology,AllerVet RX,ALLERVET-RX_S,E-commerce,Region,South,9408,508012.72,0.82
ciq_ecommerce,2024-10,2024-Q4,Dermatology,Apoquel,APOQUEL_L,E-commerce,Region,South,10589,688253.06,0.82
ciq_ecommerce,2024-10,2024-Q4,Dermatology,Apoquel,APOQUEL_S,E-commerce,Region,South,14609,949560.9,0.82
ciq_ecommerce,2024-10,2024-Q4,Vaccines,BioShield Vax,BIOSHIELD-VAX_L,E-commerce,Region,South,7329,146580.58,0.82
ciq_ecommerce,2024-10,2024-Q4,Vaccines,BioShield Vax,BIOSHIELD-VAX_S,E-commerce,Region,South,9563,191261.57,0.82
ciq_ecommerce,2024-10,2024-Q4,Dermatology,DermaCalm,DERMACALM_L,E-commerce,Region,South,7262,421174.34,0.82
ciq_ecommerce,2024-10,2024-Q4,Dermatology,DermaCalm,DERMACALM_S,E-commerce,Region,South,9793,567997.7,0.82
ciq_ecommerce,2024-10,2024-Q4,Petcare Diagnostics,DiagnosTech Vet,DIAGNOSTECH-VET_L,E-commerce,Region,South,13501,229524.13,0.82
ciq_ecommerce,2024-10,2024-Q4,Petcare Diagnostics,DiagnosTech Vet,DIAGNOSTECH-VET_S,E-commerce,Region,South,19064,324082.84,0.82
ciq_ecommerce,2024-10,2024-Q4,Parasiticides,FleaStop Pro,FLEASTOP-PRO_L,E-commerce,Region,South,15324,321812.31,0.82
ciq_ecommerce,2024-10,2024-Q4,Parasiticides,FleaStop Pro,FLEASTOP-PRO_S,E-commerce,Region,South,21667,454999.55,0.82
ciq_ecommerce,2024-10,2024-Q4,Pain/Osteoarthritis,FlexiCare Joint,FLEXICARE-JOINT_L,E-commerce,Region,South,5106,224683.43,0.82
ciq_ecommerce,2024-10,2024-Q4,Pain/Osteoarthritis,FlexiCare Joint,FLEXICARE-JOINT_S,E-commerce,Region,South,7022,308975.72,0.82
ciq_ecommerce,2024-10,2024-Q4,Vaccines,ImmunoCore Canine,IMMUNOCORE-CANINE_L,E-commerce,Region,South,9065,190362.34,0.82
ciq_ecommerce,2024-10,2024-Q4,Vaccines,ImmunoCore Canine,IMMUNOCORE-CANINE_S,E-commerce,Region,South,12193,256051.18,0.82
ciq_ecommerce,2024-10,2024-Q4,Pain/Osteoarthritis,Librela,LIBRELA_L,E-commerce,Region,South,4195,201346.46,0.82
ciq_ecommerce,2024-10,2024-Q4,Pain/Osteoarthritis,Librela,LIBRELA_S,E-commerce,Region,South,5863,281443.5,0.82
ciq_ecommerce,2024-10,2024-Q4,Pain/Osteoarthritis,OsteoEase Vet,OSTEOEASE-VET_L,E-commerce,Region,South,4313,176847.54,0.82
ciq_ecommerce,2024-10,2024-Q4,Pain/Osteoarthritis,OsteoEase Vet,OSTEOEASE-VET_S,E-commerce,Region,South,6080,249284.97,0.82
ciq_ecommerce,2024-10,2024-Q4,Pain/Osteoarthritis,PainAway Canine,PAINAWAY-CANINE_L,E-commerce,Region,South,4425,163719.7,0.82
ciq_ecommerce,2024-10,2024-Q4,Pain/Osteoarthritis,PainAway Canine,PAINAWAY-CANINE_S,E-commerce,Region,South,5675,209973.24,0.82
ciq_ecommerce,2024-10,2024-Q4,Petcare Diagnostics,PetLab Analyzer,PETLAB-ANALYZER_L,E-commerce,Region,South,7257,108848.2,0.82
ciq_ecommerce,2024-10,2024-Q4,Petcare Diagnostics,PetLab Analyzer,PETLAB-ANALYZER_S,E-commerce,Region,South,9750,146245.76,0.82
ciq_ecommerce,2024-10,2024-Q4,Petcare Diagnostics,RapidVet Dx,RAPIDVET-DX_L,E-commerce,Region,South,13542,216671.82,0.82
ciq_ecommerce,2024-10,2024-Q4,Petcare Diagnostics,RapidVet Dx,RAPIDVET-DX_S,E-commerce,Region,South,18984,303751.19,0.82
ciq_ecommerce,2024-10,2024-Q4,Parasiticides,Simparica Trio,SIMPARICA-TRIO_L,E-commerce,Region,South,23990,671727.06,0.82
ciq_ecommerce,2024-10,2024-Q4,Parasiticides,Simparica Trio,SIMPARICA-TRIO_S,E-commerce,Region,South,31334,877347.94,0.82
ciq_ecommerce,2024-10,2024-Q4,Dermatology,SkinRelief Pro,SKINRELIEF-PRO_L,E-commerce,Region,South,6149,301311.21,0.82
ciq_ecommerce,2024-10,2024-Q4,Dermatology,SkinRelief Pro,SKINRELIEF-PRO_S,E-commerce,Region,South,8085,396160.03,0.82
ciq_ecommerce,2024-10,2024-Q4,Parasiticides,TickShield Plus,TICKSHIELD-PLUS_L,E-commerce,Region,South,16244,389867.7,0.82
ciq_ecommerce,2024-10,2024-Q4,Parasiticides,TickShield Plus,TICKSHIELD-PLUS_S,E-commerce,Region,South,22698,544746.76,0.82
ciq_ecommerce,2024-10,2024-Q4,Vaccines,Vanguard,VANGUARD_L,E-commerce,Region,South,8190,180174.36,0.82
ciq_ecommerce,2024-10,2024-Q4,Vaccines,Vanguard,VANGUARD_S,E-commerce,Region,South,11338,249446.85,0.82
ciq_ecommerce,2024-10,2024-Q4,Parasiticides,VectraGuard,VECTRAGUARD_L,E-commerce,Region,South,18444,479531.36,0.82
ciq_ecommerce,2024-10,2024-Q4,Parasiticides,VectraGuard,VECTRAGUARD_S,E-commerce,Region,South,26508,689197.74,0.82
ciq_ecommerce,2024-10,2024-Q4,Vaccines,VetGuard Immunize,VETGUARD-IMMUNIZE_L,E-commerce,Region,South,7060,134143.62,0.82
ciq_ecommerce,2024-10,2024-Q4,Vaccines,VetGuard Immunize,VETGUARD-IMMUNIZE_S,E-commerce,Region,South,9124,173357.13,0.82
ciq_ecommerce,2024-10,2024-Q4,Vaccines,VetSelect Core Vax,VETSELECT-CORE-VAX_L,E-commerce,Region,South,8455,118367.97,0.82
ciq_ecommerce,2024-10,2024-Q4,Vaccines,VetSelect Core Vax,VETSELECT-CORE-VAX_S,E-commerce,Region,South,10811,151349.79,0.82
ciq_ecommerce,2024-10,2024-Q4,Dermatology,VetSelect Derma,VETSELECT-DERMA_L,E-commerce,Region,South,6453,245213.59,0.82
ciq_ecommerce,2024-10,2024-Q4,Dermatology,VetSelect Derma,VETSELECT-DERMA_S,E-commerce,Region,South,8978,341150.93,0.82
ciq_ecommerce,2024-10,2024-Q4,Petcare Diagnostics,VetSelect Dx,VETSELECT-DX_L,E-commerce,Region,South,7779,93347.79,0.82
ciq_ecommerce,2024-10,2024-Q4,Petcare Diagnostics,VetSelect Dx,VETSELECT-DX_S,E-commerce,Region,South,10426,125113.2,0.82
ciq_ecommerce,2024-10,2024-Q4,Parasiticides,VetSelect Flea & Tick,VETSELECT-FLEA-TICK_L,E-commerce,Region,South,23477,399101.18,0.82
ciq_ecommerce,2024-10,2024-Q4,Parasiticides,VetSelect Flea & Tick,VETSELECT-FLEA-TICK_S,E-commerce,Region,South,29550,502342.37,0.82
ciq_ecommerce,2024-10,2024-Q4,Pain/Osteoarthritis,VetSelect Joint,VETSELECT-JOINT_L,E-commerce,Region,South,4776,138501.48,0.82
ciq_ecommerce,2024-10,2024-Q4,Pain/Osteoarthritis,VetSelect Joint,VETSELECT-JOINT_S,E-commerce,Region,South,6030,174878.07,0.82
ciq_ecommerce,2024-10,2024-Q4,Petcare Diagnostics,Vetscan,VETSCAN_L,E-commerce,Region,South,13007,234125.05,0.82
ciq_ecommerce,2024-10,2024-Q4,Petcare Diagnostics,Vetscan,VETSCAN_S,E-commerce,Region,South,18577,334387.38,0.82
ciq_ecommerce,2024-10,2024-Q4,Dermatology,AllerVet RX,ALLERVET-RX_L,E-commerce,Region,West,4444,239964.02,0.82
ciq_ecommerce,2024-10,2024-Q4,Dermatology,AllerVet RX,ALLERVET-RX_S,E-commerce,Region,West,6118,330352.71,0.82
ciq_ecommerce,2024-10,2024-Q4,Dermatology,Apoquel,APOQUEL_L,E-commerce,Region,West,6407,416461.03,0.82
ciq_ecommerce,2024-10,2024-Q4,Dermatology,Apoquel,APOQUEL_S,E-commerce,Region,West,9208,598545.95,0.82
ciq_ecommerce,2024-10,2024-Q4,Vaccines,BioShield Vax,BIOSHIELD-VAX_L,E-commerce,Region,West,5403,108062.74,0.82
ciq_ecommerce,2024-10,2024-Q4,Vaccines,BioShield Vax,BIOSHIELD-VAX_S,E-commerce,Region,West,7228,144552.57,0.82
ciq_ecommerce,2024-10,2024-Q4,Dermatology,DermaCalm,DERMACALM_L,E-commerce,Region,West,4930,285960.64,0.82
ciq_ecommerce,2024-10,2024-Q4,Dermatology,DermaCalm,DERMACALM_S,E-commerce,Region,West,6564,380695.14,0.82
ciq_ecommerce,2024-10,2024-Q4,Petcare Diagnostics,DiagnosTech Vet,DIAGNOSTECH-VET_L,E-commerce,Region,West,9010,153172.92,0.82
ciq_ecommerce,2024-10,2024-Q4,Petcare Diagnostics,DiagnosTech Vet,DIAGNOSTECH-VET_S,E-commerce,Region,West,12993,220880.38,0.82
ciq_ecommerce,2024-10,2024-Q4,Parasiticides,FleaStop Pro,FLEASTOP-PRO_L,E-commerce,Region,West,10497,220440.62,0.82
ciq_ecommerce,2024-10,2024-Q4,Parasiticides,FleaStop Pro,FLEASTOP-PRO_S,E-commerce,Region,West,15014,315295.1,0.82
ciq_ecommerce,2024-10,2024-Q4,Pain/Osteoarthritis,FlexiCare Joint,FLEXICARE-JOINT_L,E-commerce,Region,West,3420,150480.74,0.82
ciq_ecommerce,2024-10,2024-Q4,Pain/Osteoarthritis,FlexiCare Joint,FLEXICARE-JOINT_S,E-commerce,Region,West,4639,204119.41,0.82
ciq_ecommerce,2024-10,2024-Q4,Vaccines,ImmunoCore Canine,IMMUNOCORE-CANINE_L,E-commerce,Region,West,6359,133535.74,0.82
ciq_ecommerce,2024-10,2024-Q4,Vaccines,ImmunoCore Canine,IMMUNOCORE-CANINE_S,E-commerce,Region,West,8925,187428.2,0.82
ciq_ecommerce,2024-10,2024-Q4,Pain/Osteoarthritis,Librela,LIBRELA_L,E-commerce,Region,West,3060,146861.41,0.82
ciq_ecommerce,2024-10,2024-Q4,Pain/Osteoarthritis,Librela,LIBRELA_S,E-commerce,Region,West,4136,198546.18,0.82
ciq_ecommerce,2024-10,2024-Q4,Pain/Osteoarthritis,OsteoEase Vet,OSTEOEASE-VET_L,E-commerce,Region,West,3234,132611.63,0.82
ciq_ecommerce,2024-10,2024-Q4,Pain/Osteoarthritis,OsteoEase Vet,OSTEOEASE-VET_S,E-commerce,Region,West,4475,183470.41,0.82
ciq_ecommerce,2024-10,2024-Q4,Pain/Osteoarthritis,PainAway Canine,PAINAWAY-CANINE_L,E-commerce,Region,West,2838,104993.99,0.82
ciq_ecommerce,2024-10,2024-Q4,Pain/Osteoarthritis,PainAway Canine,PAINAWAY-CANINE_S,E-commerce,Region,West,3861,142871.62,0.82
ciq_ecommerce,2024-10,2024-Q4,Petcare Diagnostics,PetLab Analyzer,PETLAB-ANALYZER_L,E-commerce,Region,West,5221,78318.38,0.82
ciq_ecommerce,2024-10,2024-Q4,Petcare Diagnostics,PetLab Analyzer,PETLAB-ANALYZER_S,E-commerce,Region,West,7681,115213.45,0.82
ciq_ecommerce,2024-10,2024-Q4,Petcare Diagnostics,RapidVet Dx,RAPIDVET-DX_L,E-commerce,Region,West,9619,153910.3,0.82
ciq_ecommerce,2024-10,2024-Q4,Petcare Diagnostics,RapidVet Dx,RAPIDVET-DX_S,E-commerce,Region,West,12468,199484.28,0.82
ciq_ecommerce,2024-10,2024-Q4,Parasiticides,Simparica Trio,SIMPARICA-TRIO_L,E-commerce,Region,West,16072,450026.87,0.82
ciq_ecommerce,2024-10,2024-Q4,Parasiticides,Simparica Trio,SIMPARICA-TRIO_S,E-commerce,Region,West,21169,592719.29,0.82
ciq_ecommerce,2024-10,2024-Q4,Dermatology,SkinRelief Pro,SKINRELIEF-PRO_L,E-commerce,Region,West,4336,212459.98,0.82
ciq_ecommerce,2024-10,2024-Q4,Dermatology,SkinRelief Pro,SKINRELIEF-PRO_S,E-commerce,Region,West,5736,281083.49,0.82
ciq_ecommerce,2024-10,2024-Q4,Parasiticides,TickShield Plus,TICKSHIELD-PLUS_L,E-commerce,Region,West,11021,264498.63,0.82
ciq_ecommerce,2024-10,2024-Q4,Parasiticides,TickShield Plus,TICKSHIELD-PLUS_S,E-commerce,Region,West,15009,360211.63,0.82
ciq_ecommerce,2024-10,2024-Q4,Vaccines,Vanguard,VANGUARD_L,E-commerce,Region,West,5206,114529.31,0.82
ciq_ecommerce,2024-10,2024-Q4,Vaccines,Vanguard,VANGUARD_S,E-commerce,Region,West,7510,165211.48,0.82
ciq_ecommerce,2024-10,2024-Q4,Parasiticides,VectraGuard,VECTRAGUARD_L,E-commerce,Region,West,12067,313753.14,0.82
ciq_ecommerce,2024-10,2024-Q4,Parasiticides,VectraGuard,VECTRAGUARD_S,E-commerce,Region,West,16391,426165.2,0.82
ciq_ecommerce,2024-10,2024-Q4,Vaccines,VetGuard Immunize,VETGUARD-IMMUNIZE_L,E-commerce,Region,West,4624,87862.58,0.82
ciq_ecommerce,2024-10,2024-Q4,Vaccines,VetGuard Immunize,VETGUARD-IMMUNIZE_S,E-commerce,Region,West,6463,122790.04,0.82
ciq_ecommerce,2024-10,2024-Q4,Vaccines,VetSelect Core Vax,VETSELECT-CORE-VAX_L,E-commerce,Region,West,5227,73179.68,0.82
ciq_ecommerce,2024-10,2024-Q4,Vaccines,VetSelect Core Vax,VETSELECT-CORE-VAX_S,E-commerce,Region,West,7148,100065.05,0.82
ciq_ecommerce,2024-10,2024-Q4,Dermatology,VetSelect Derma,VETSELECT-DERMA_L,E-commerce,Region,West,4450,169091.47,0.82
ciq_ecommerce,2024-10,2024-Q4,Dermatology,VetSelect Derma,VETSELECT-DERMA_S,E-commerce,Region,West,5937,225591.9,0.82
ciq_ecommerce,2024-10,2024-Q4,Petcare Diagnostics,VetSelect Dx,VETSELECT-DX_L,E-commerce,Region,West,5422,65062.2,0.82
ciq_ecommerce,2024-10,2024-Q4,Petcare Diagnostics,VetSelect Dx,VETSELECT-DX_S,E-commerce,Region,West,6987,83841.49,0.82
ciq_ecommerce,2024-10,2024-Q4,Parasiticides,VetSelect Flea & Tick,VETSELECT-FLEA-TICK_L,E-commerce,Region,West,15143,257436.38,0.82
ciq_ecommerce,2024-10,2024-Q4,Parasiticides,VetSelect Flea & Tick,VETSELECT-FLEA-TICK_S,E-commerce,Region,West,21037,357624.62,0.82
ciq_ecommerce,2024-10,2024-Q4,Pain/Osteoarthritis,VetSelect Joint,VETSELECT-JOINT_L,E-commerce,Region,West,3456,100237.0,0.82
ciq_ecommerce,2024-10,2024-Q4,Pain/Osteoarthritis,VetSelect Joint,VETSELECT-JOINT_S,E-commerce,Region,West,4548,131902.12,0.82
ciq_ecommerce,2024-10,2024-Q4,Petcare Diagnostics,Vetscan,VETSCAN_L,E-commerce,Region,West,8218,147928.3,0.82
ciq_ecommerce,2024-10,2024-Q4,Petcare Diagnostics,Vetscan,VETSCAN_S,E-commerce,Region,West,11880,213841.18,0.82
ciq_ecommerce,2024-11,2024-Q4,Dermatology,AllerVet RX,ALLERVET-RX_L,E-commerce,National,National,18459,996832.8,0.82
ciq_ecommerce,2024-11,2024-Q4,Dermatology,AllerVet RX,ALLERVET-RX_S,E-commerce,National,National,25950,1401246.03,0.82
ciq_ecommerce,2024-11,2024-Q4,Dermatology,Apoquel,APOQUEL_L,E-commerce,National,National,25536,1659786.1,0.82
ciq_ecommerce,2024-11,2024-Q4,Dermatology,Apoquel,APOQUEL_S,E-commerce,National,National,36713,2386314.0,0.82
ciq_ecommerce,2024-11,2024-Q4,Vaccines,BioShield Vax,BIOSHIELD-VAX_L,E-commerce,National,National,22740,454816.44,0.82
ciq_ecommerce,2024-11,2024-Q4,Vaccines,BioShield Vax,BIOSHIELD-VAX_S,E-commerce,National,National,29907,598133.85,0.82
ciq_ecommerce,2024-11,2024-Q4,Dermatology,DermaCalm,DERMACALM_L,E-commerce,National,National,20360,1180889.34,0.82
ciq_ecommerce,2024-11,2024-Q4,Dermatology,DermaCalm,DERMACALM_S,E-commerce,National,National,28533,1654936.78,0.82
ciq_ecommerce,2024-11,2024-Q4,Petcare Diagnostics,DiagnosTech Vet,DIAGNOSTECH-VET_L,E-commerce,National,National,44981,764704.89,0.82
ciq_ecommerce,2024-11,2024-Q4,Petcare Diagnostics,DiagnosTech Vet,DIAGNOSTECH-VET_S,E-commerce,National,National,62294,1058996.02,0.82
ciq_ecommerce,2024-11,2024-Q4,Parasiticides,FleaStop Pro,FLEASTOP-PRO_L,E-commerce,National,National,35621,748043.46,0.82
ciq_ecommerce,2024-11,2024-Q4,Parasiticides,FleaStop Pro,FLEASTOP-PRO_S,E-commerce,National,National,51097,1073053.12,0.82
ciq_ecommerce,2024-11,2024-Q4,Pain/Osteoarthritis,FlexiCare Joint,FLEXICARE-JOINT_L,E-commerce,National,National,17183,756053.92,0.82
ciq_ecommerce,2024-11,2024-Q4,Pain/Osteoarthritis,FlexiCare Joint,FLEXICARE-JOINT_S,E-commerce,National,National,21938,965303.88,0.82
ciq_ecommerce,2024-11,2024-Q4,Vaccines,ImmunoCore Canine,IMMUNOCORE-CANINE_L,E-commerce,National,National,26643,559515.14,0.82
ciq_ecommerce,2024-11,2024-Q4,Vaccines,ImmunoCore Canine,IMMUNOCORE-CANINE_S,E-commerce,National,National,37100,779113.41,0.82
ciq_ecommerce,2024-11,2024-Q4,Pain/Osteoarthritis,Librela,LIBRELA_L,E-commerce,National,National,15493,743663.93,0.82
ciq_ecommerce,2024-11,2024-Q4,Pain/Osteoarthritis,Librela,LIBRELA_S,E-commerce,National,National,20994,1007681.02,0.82
ciq_ecommerce,2024-11,2024-Q4,Pain/Osteoarthritis,OsteoEase Vet,OSTEOEASE-VET_L,E-commerce,National,National,15642,641362.04,0.82
ciq_ecommerce,2024-11,2024-Q4,Pain/Osteoarthritis,OsteoEase Vet,OSTEOEASE-VET_S,E-commerce,National,National,20378,835498.44,0.82
ciq_ecommerce,2024-11,2024-Q4,Pain/Osteoarthritis,PainAway Canine,PAINAWAY-CANINE_L,E-commerce,National,National,13190,488049.28,0.82
ciq_ecommerce,2024-11,2024-Q4,Pain/Osteoarthritis,PainAway Canine,PAINAWAY-CANINE_S,E-commerce,National,National,18150,671570.54,0.82
ciq_ecommerce,2024-11,2024-Q4,Petcare Diagnostics,PetLab Analyzer,PETLAB-ANALYZER_L,E-commerce,National,National,25144,377169.05,0.82
ciq_ecommerce,2024-11,2024-Q4,Petcare Diagnostics,PetLab Analyzer,PETLAB-ANALYZER_S,E-commerce,National,National,33497,502451.59,0.82
ciq_ecommerce,2024-11,2024-Q4,Petcare Diagnostics,RapidVet Dx,RAPIDVET-DX_L,E-commerce,National,National,40136,642192.37,0.82
ciq_ecommerce,2024-11,2024-Q4,Petcare Diagnostics,RapidVet Dx,RAPIDVET-DX_S,E-commerce,National,National,57154,914454.42,0.82
ciq_ecommerce,2024-11,2024-Q4,Parasiticides,Simparica Trio,SIMPARICA-TRIO_L,E-commerce,National,National,59129,1655610.29,0.82
ciq_ecommerce,2024-11,2024-Q4,Parasiticides,Simparica Trio,SIMPARICA-TRIO_S,E-commerce,National,National,81527,2282744.57,0.82
ciq_ecommerce,2024-11,2024-Q4,Dermatology,SkinRelief Pro,SKINRELIEF-PRO_L,E-commerce,National,National,15733,770898.73,0.82
ciq_ecommerce,2024-11,2024-Q4,Dermatology,SkinRelief Pro,SKINRELIEF-PRO_S,E-commerce,National,National,20934,1025709.54,0.82
ciq_ecommerce,2024-11,2024-Q4,Parasiticides,TickShield Plus,TICKSHIELD-PLUS_L,E-commerce,National,National,40224,965388.36,0.82
ciq_ecommerce,2024-11,2024-Q4,Parasiticides,TickShield Plus,TICKSHIELD-PLUS_S,E-commerce,National,National,56548,1357161.32,0.82
ciq_ecommerce,2024-11,2024-Q4,Vaccines,Vanguard,VANGUARD_L,E-commerce,National,National,23792,523430.67,0.82
ciq_ecommerce,2024-11,2024-Q4,Vaccines,Vanguard,VANGUARD_S,E-commerce,National,National,34475,758441.48,0.82
ciq_ecommerce,2024-11,2024-Q4,Parasiticides,VectraGuard,VECTRAGUARD_L,E-commerce,National,National,49444,1285554.14,0.82
ciq_ecommerce,2024-11,2024-Q4,Parasiticides,VectraGuard,VECTRAGUARD_S,E-commerce,National,National,67585,1757207.82,0.82
ciq_ecommerce,2024-11,2024-Q4,Vaccines,VetGuard Immunize,VETGUARD-IMMUNIZE_L,E-commerce,National,National,19617,372732.32,0.82
ciq_ecommerce,2024-11,2024-Q4,Vaccines,VetGuard Immunize,VETGUARD-IMMUNIZE_S,E-commerce,National,National,27891,529931.09,0.82
ciq_ecommerce,2024-11,2024-Q4,Vaccines,VetSelect Core Vax,VETSELECT-CORE-VAX_L,E-commerce,National,National,22592,316299.34,0.82
ciq_ecommerce,2024-11,2024-Q4,Vaccines,VetSelect Core Vax,VETSELECT-CORE-VAX_S,E-commerce,National,National,31360,439049.12,0.82
ciq_ecommerce,2024-11,2024-Q4,Dermatology,VetSelect Derma,VETSELECT-DERMA_L,E-commerce,National,National,18051,685899.52,0.82
ciq_ecommerce,2024-11,2024-Q4,Dermatology,VetSelect Derma,VETSELECT-DERMA_S,E-commerce,National,National,25255,959680.55,0.82
ciq_ecommerce,2024-11,2024-Q4,Petcare Diagnostics,VetSelect Dx,VETSELECT-DX_L,E-commerce,National,National,24721,296653.64,0.82
ciq_ecommerce,2024-11,2024-Q4,Petcare Diagnostics,VetSelect Dx,VETSELECT-DX_S,E-commerce,National,National,35003,420038.12,0.82
ciq_ecommerce,2024-11,2024-Q4,Parasiticides,VetSelect Flea & Tick,VETSELECT-FLEA-TICK_L,E-commerce,National,National,58807,999717.21,0.82
ciq_ecommerce,2024-11,2024-Q4,Parasiticides,VetSelect Flea & Tick,VETSELECT-FLEA-TICK_S,E-commerce,National,National,80675,1371489.99,0.82
ciq_ecommerce,2024-11,2024-Q4,Pain/Osteoarthritis,VetSelect Joint,VETSELECT-JOINT_L,E-commerce,National,National,17032,493946.36,0.82
ciq_ecommerce,2024-11,2024-Q4,Pain/Osteoarthritis,VetSelect Joint,VETSELECT-JOINT_S,E-commerce,National,National,22136,641960.15,0.82
ciq_ecommerce,2024-11,2024-Q4,Petcare Diagnostics,Vetscan,VETSCAN_L,E-commerce,National,National,41191,741433.57,0.82
ciq_ecommerce,2024-11,2024-Q4,Petcare Diagnostics,Vetscan,VETSCAN_S,E-commerce,National,National,57785,1040145.4,0.82
ciq_ecommerce,2024-11,2024-Q4,Dermatology,AllerVet RX,ALLERVET-RX_L,E-commerce,Region,Midwest,4034,217840.65,0.82
ciq_ecommerce,2024-11,2024-Q4,Dermatology,AllerVet RX,ALLERVET-RX_S,E-commerce,Region,Midwest,5573,300915.84,0.82
ciq_ecommerce,2024-11,2024-Q4,Dermatology,Apoquel,APOQUEL_L,E-commerce,Region,Midwest,5378,349551.05,0.82
ciq_ecommerce,2024-11,2024-Q4,Dermatology,Apoquel,APOQUEL_S,E-commerce,Region,Midwest,7312,475278.37,0.82
ciq_ecommerce,2024-11,2024-Q4,Vaccines,BioShield Vax,BIOSHIELD-VAX_L,E-commerce,Region,Midwest,4368,87353.32,0.82
ciq_ecommerce,2024-11,2024-Q4,Vaccines,BioShield Vax,BIOSHIELD-VAX_S,E-commerce,Region,Midwest,6172,123440.43,0.82
ciq_ecommerce,2024-11,2024-Q4,Dermatology,DermaCalm,DERMACALM_L,E-commerce,Region,Midwest,4360,252887.1,0.82
ciq_ecommerce,2024-11,2024-Q4,Dermatology,DermaCalm,DERMACALM_S,E-commerce,Region,Midwest,6244,362149.56,0.82
ciq_ecommerce,2024-11,2024-Q4,Petcare Diagnostics,DiagnosTech Vet,DIAGNOSTECH-VET_L,E-commerce,Region,Midwest,8930,151816.2,0.82
ciq_ecommerce,2024-11,2024-Q4,Petcare Diagnostics,DiagnosTech Vet,DIAGNOSTECH-VET_S,E-commerce,Region,Midwest,13499,229491.27,0.82
ciq_ecommerce,2024-11,2024-Q4,Parasiticides,FleaStop Pro,FLEASTOP-PRO_L,E-commerce,Region,Midwest,7832,164466.25,0.82
ciq_ecommerce,2024-11,2024-Q4,Parasiticides,FleaStop Pro,FLEASTOP-PRO_S,E-commerce,Region,Midwest,10168,213535.42,0.82
ciq_ecommerce,2024-11,2024-Q4,Pain/Osteoarthritis,FlexiCare Joint,FLEXICARE-JOINT_L,E-commerce,Region,Midwest,3645,160374.78,0.82
ciq_ecommerce,2024-11,2024-Q4,Pain/Osteoarthritis,FlexiCare Joint,FLEXICARE-JOINT_S,E-commerce,Region,Midwest,4655,204834.96,0.82
ciq_ecommerce,2024-11,2024-Q4,Vaccines,ImmunoCore Canine,IMMUNOCORE-CANINE_L,E-commerce,Region,Midwest,6263,131530.74,0.82
ciq_ecommerce,2024-11,2024-Q4,Vaccines,ImmunoCore Canine,IMMUNOCORE-CANINE_S,E-commerce,Region,Midwest,8401,176425.95,0.82
ciq_ecommerce,2024-11,2024-Q4,Pain/Osteoarthritis,Librela,LIBRELA_L,E-commerce,Region,Midwest,3168,152050.64,0.82
ciq_ecommerce,2024-11,2024-Q4,Pain/Osteoarthritis,Librela,LIBRELA_S,E-commerce,Region,Midwest,4098,196711.75,0.82
ciq_ecommerce,2024-11,2024-Q4,Pain/Osteoarthritis,OsteoEase Vet,OSTEOEASE-VET_L,E-commerce,Region,Midwest,3565,146176.02,0.82
ciq_ecommerce,2024-11,2024-Q4,Pain/Osteoarthritis,OsteoEase Vet,OSTEOEASE-VET_S,E-commerce,Region,Midwest,4622,189511.95,0.82
ciq_ecommerce,2024-11,2024-Q4,Pain/Osteoarthritis,PainAway Canine,PAINAWAY-CANINE_L,E-commerce,Region,Midwest,2672,98871.44,0.82
ciq_ecommerce,2024-11,2024-Q4,Pain/Osteoarthritis,PainAway Canine,PAINAWAY-CANINE_S,E-commerce,Region,Midwest,3738,138313.92,0.82
ciq_ecommerce,2024-11,2024-Q4,Petcare Diagnostics,PetLab Analyzer,PETLAB-ANALYZER_L,E-commerce,Region,Midwest,5200,77999.69,0.82
ciq_ecommerce,2024-11,2024-Q4,Petcare Diagnostics,PetLab Analyzer,PETLAB-ANALYZER_S,E-commerce,Region,Midwest,6833,102497.18,0.82
ciq_ecommerce,2024-11,2024-Q4,Petcare Diagnostics,RapidVet Dx,RAPIDVET-DX_L,E-commerce,Region,Midwest,8758,140133.71,0.82
ciq_ecommerce,2024-11,2024-Q4,Petcare Diagnostics,RapidVet Dx,RAPIDVET-DX_S,E-commerce,Region,Midwest,13157,210508.74,0.82
ciq_ecommerce,2024-11,2024-Q4,Parasiticides,Simparica Trio,SIMPARICA-TRIO_L,E-commerce,Region,Midwest,12686,355202.35,0.82
ciq_ecommerce,2024-11,2024-Q4,Parasiticides,Simparica Trio,SIMPARICA-TRIO_S,E-commerce,Region,Midwest,16996,475875.3,0.82
ciq_ecommerce,2024-11,2024-Q4,Dermatology,SkinRelief Pro,SKINRELIEF-PRO_L,E-commerce,Region,Midwest,3603,176533.2,0.82
ciq_ecommerce,2024-11,2024-Q4,Dermatology,SkinRelief Pro,SKINRELIEF-PRO_S,E-commerce,Region,Midwest,4755,232982.41,0.82
ciq_ecommerce,2024-11,2024-Q4,Parasiticides,TickShield Plus,TICKSHIELD-PLUS_L,E-commerce,Region,Midwest,8377,201057.34,0.82
ciq_ecommerce,2024-11,2024-Q4,Parasiticides,TickShield Plus,TICKSHIELD-PLUS_S,E-commerce,Region,Midwest,11677,280244.33,0.82
ciq_ecommerce,2024-11,2024-Q4,Vaccines,Vanguard,VANGUARD_L,E-commerce,Region,Midwest,4857,106847.33,0.82
ciq_ecommerce,2024-11,2024-Q4,Vaccines,Vanguard,VANGUARD_S,E-commerce,Region,Midwest,7210,158610.45,0.82
ciq_ecommerce,2024-11,2024-Q4,Parasiticides,VectraGuard,VECTRAGUARD_L,E-commerce,Region,Midwest,10132,263435.46,0.82
ciq_ecommerce,2024-11,2024-Q4,Parasiticides,VectraGuard,VECTRAGUARD_S,E-commerce,Region,Midwest,13944,362547.48,0.82
ciq_ecommerce,2024-11,2024-Q4,Vaccines,VetGuard Immunize,VETGUARD-IMMUNIZE_L,E-commerce,Region,Midwest,4000,76002.59,0.82
ciq_ecommerce,2024-11,2024-Q4,Vaccines,VetGuard Immunize,VETGUARD-IMMUNIZE_S,E-commerce,Region,Midwest,5953,113098.01,0.82
ciq_ecommerce,2024-11,2024-Q4,Vaccines,VetSelect Core Vax,VETSELECT-CORE-VAX_L,E-commerce,Region,Midwest,4950,69300.87,0.82
ciq_ecommerce,2024-11,2024-Q4,Vaccines,VetSelect Core Vax,VETSELECT-CORE-VAX_S,E-commerce,Region,Midwest,6547,91653.26,0.82
ciq_ecommerce,2024-11,2024-Q4,Dermatology,VetSelect Derma,VETSELECT-DERMA_L,E-commerce,Region,Midwest,3710,140975.55,0.82
ciq_ecommerce,2024-11,2024-Q4,Dermatology,VetSelect Derma,VETSELECT-DERMA_S,E-commerce,Region,Midwest,5481,208259.69,0.82
ciq_ecommerce,2024-11,2024-Q4,Petcare Diagnostics,VetSelect Dx,VETSELECT-DX_L,E-commerce,Region,Midwest,5120,61445.46,0.82
ciq_ecommerce,2024-11,2024-Q4,Petcare Diagnostics,VetSelect Dx,VETSELECT-DX_S,E-commerce,Region,Midwest,7082,84978.96,0.82
ciq_ecommerce,2024-11,2024-Q4,Parasiticides,VetSelect Flea & Tick,VETSELECT-FLEA-TICK_L,E-commerce,Region,Midwest,12140,206376.78,0.82
ciq_ecommerce,2024-11,2024-Q4,Parasiticides,VetSelect Flea & Tick,VETSELECT-FLEA-TICK_S,E-commerce,Region,Midwest,16798,285570.7,0.82
ciq_ecommerce,2024-11,2024-Q4,Pain/Osteoarthritis,VetSelect Joint,VETSELECT-JOINT_L,E-commerce,Region,Midwest,3619,104946.88,0.82
ciq_ecommerce,2024-11,2024-Q4,Pain/Osteoarthritis,VetSelect Joint,VETSELECT-JOINT_S,E-commerce,Region,Midwest,4572,132581.04,0.82
ciq_ecommerce,2024-11,2024-Q4,Petcare Diagnostics,Vetscan,VETSCAN_L,E-commerce,Region,Midwest,8161,146903.04,0.82
ciq_ecommerce,2024-11,2024-Q4,Petcare Diagnostics,Vetscan,VETSCAN_S,E-commerce,Region,Midwest,11843,213168.27,0.82
ciq_ecommerce,2024-11,2024-Q4,Dermatology,AllerVet RX,ALLERVET-RX_L,E-commerce,Region,Northeast,3909,211087.8,0.82
ciq_ecommerce,2024-11,2024-Q4,Dermatology,AllerVet RX,ALLERVET-RX_S,E-commerce,Region,Northeast,5513,297686.92,0.82
ciq_ecommerce,2024-11,2024-Q4,Dermatology,Apoquel,APOQUEL_L,E-commerce,Region,Northeast,5770,375029.87,0.82
ciq_ecommerce,2024-11,2024-Q4,Dermatology,Apoquel,APOQUEL_S,E-commerce,Region,Northeast,7922,514910.88,0.82
ciq_ecommerce,2024-11,2024-Q4,Vaccines,BioShield Vax,BIOSHIELD-VAX_L,E-commerce,Region,Northeast,4918,98367.01,0.82
ciq_ecommerce,2024-11,2024-Q4,Vaccines,BioShield Vax,BIOSHIELD-VAX_S,E-commerce,Region,Northeast,6704,134075.67,0.82
ciq_ecommerce,2024-11,2024-Q4,Dermatology,DermaCalm,DERMACALM_L,E-commerce,Region,Northeast,4115,238693.62,0.82
ciq_ecommerce,2024-11,2024-Q4,Dermatology,DermaCalm,DERMACALM_S,E-commerce,Region,Northeast,6336,367494.86,0.82
ciq_ecommerce,2024-11,2024-Q4,Petcare Diagnostics,DiagnosTech Vet,DIAGNOSTECH-VET_L,E-commerce,Region,Northeast,9498,161472.03,0.82
ciq_ecommerce,2024-11,2024-Q4,Petcare Diagnostics,DiagnosTech Vet,DIAGNOSTECH-VET_S,E-commerce,Region,Northeast,14638,248837.8,0.82
ciq_ecommerce,2024-11,2024-Q4,Parasiticides,FleaStop Pro,FLEASTOP-PRO_L,E-commerce,Region,Northeast,7899,165874.79,0.82
ciq_ecommerce,2024-11,2024-Q4,Parasiticides,FleaStop Pro,FLEASTOP-PRO_S,E-commerce,Region,Northeast,10609,222796.42,0.82
ciq_ecommerce,2024-11,2024-Q4,Pain/Osteoarthritis,FlexiCare Joint,FLEXICARE-JOINT_L,E-commerce,Region,Northeast,3821,168125.83,0.82
ciq_ecommerce,2024-11,2024-Q4,Pain/Osteoarthritis,FlexiCare Joint,FLEXICARE-JOINT_S,E-commerce,Region,Northeast,4767,209754.74,0.82
ciq_ecommerce,2024-11,2024-Q4,Vaccines,ImmunoCore Canine,IMMUNOCORE-CANINE_L,E-commerce,Region,Northeast,5703,119763.85,0.82
ciq_ecommerce,2024-11,2024-Q4,Vaccines,ImmunoCore Canine,IMMUNOCORE-CANINE_S,E-commerce,Region,Northeast,8679,182267.01,0.82
ciq_ecommerce,2024-11,2024-Q4,Pain/Osteoarthritis,Librela,LIBRELA_L,E-commerce,Region,Northeast,3543,170079.15,0.82
ciq_ecommerce,2024-11,2024-Q4,Pain/Osteoarthritis,Librela,LIBRELA_S,E-commerce,Region,Northeast,4604,220979.38,0.82
ciq_ecommerce,2024-11,2024-Q4,Pain/Osteoarthritis,OsteoEase Vet,OSTEOEASE-VET_L,E-commerce,Region,Northeast,3538,145060.19,0.82
ciq_ecommerce,2024-11,2024-Q4,Pain/Osteoarthritis,OsteoEase Vet,OSTEOEASE-VET_S,E-commerce,Region,Northeast,4723,193635.7,0.82
ciq_ecommerce,2024-11,2024-Q4,Pain/Osteoarthritis,PainAway Canine,PAINAWAY-CANINE_L,E-commerce,Region,Northeast,3088,114250.82,0.82
ciq_ecommerce,2024-11,2024-Q4,Pain/Osteoarthritis,PainAway Canine,PAINAWAY-CANINE_S,E-commerce,Region,Northeast,3803,140705.12,0.82
ciq_ecommerce,2024-11,2024-Q4,Petcare Diagnostics,PetLab Analyzer,PETLAB-ANALYZER_L,E-commerce,Region,Northeast,5678,85172.86,0.82
ciq_ecommerce,2024-11,2024-Q4,Petcare Diagnostics,PetLab Analyzer,PETLAB-ANALYZER_S,E-commerce,Region,Northeast,7396,110933.78,0.82
ciq_ecommerce,2024-11,2024-Q4,Petcare Diagnostics,RapidVet Dx,RAPIDVET-DX_L,E-commerce,Region,Northeast,8822,141155.19,0.82
ciq_ecommerce,2024-11,2024-Q4,Petcare Diagnostics,RapidVet Dx,RAPIDVET-DX_S,E-commerce,Region,Northeast,11820,189118.83,0.82
ciq_ecommerce,2024-11,2024-Q4,Parasiticides,Simparica Trio,SIMPARICA-TRIO_L,E-commerce,Region,Northeast,13485,377583.78,0.82
ciq_ecommerce,2024-11,2024-Q4,Parasiticides,Simparica Trio,SIMPARICA-TRIO_S,E-commerce,Region,Northeast,18522,518616.46,0.82
ciq_ecommerce,2024-11,2024-Q4,Dermatology,SkinRelief Pro,SKINRELIEF-PRO_L,E-commerce,Region,Northeast,3304,161913.87,0.82
ciq_ecommerce,2024-11,2024-Q4,Dermatology,SkinRelief Pro,SKINRELIEF-PRO_S,E-commerce,Region,Northeast,4362,213713.81,0.82
ciq_ecommerce,2024-11,2024-Q4,Parasiticides,TickShield Plus,TICKSHIELD-PLUS_L,E-commerce,Region,Northeast,10629,255100.61,0.82
ciq_ecommerce,2024-11,2024-Q4,Parasiticides,TickShield Plus,TICKSHIELD-PLUS_S,E-commerce,Region,Northeast,14096,338307.87,0.82
ciq_ecommerce,2024-11,2024-Q4,Vaccines,Vanguard,VANGUARD_L,E-commerce,Region,Northeast,5324,117132.25,0.82
ciq_ecommerce,2024-11,2024-Q4,Vaccines,Vanguard,VANGUARD_S,E-commerce,Region,Northeast,7341,161495.9,0.82
ciq_ecommerce,2024-11,2024-Q4,Parasiticides,VectraGuard,VECTRAGUARD_L,E-commerce,Region,Northeast,11529,299750.32,0.82
ciq_ecommerce,2024-11,2024-Q4,Parasiticides,VectraGuard,VECTRAGUARD_S,E-commerce,Region,Northeast,14886,387042.26,0.82
ciq_ecommerce,2024-11,2024-Q4,Vaccines,VetGuard Immunize,VETGUARD-IMMUNIZE_L,E-commerce,Region,Northeast,4496,85423.62,0.82
ciq_ecommerce,2024-11,2024-Q4,Vaccines,VetGuard Immunize,VETGUARD-IMMUNIZE_S,E-commerce,Region,Northeast,6423,122041.98,0.82
ciq_ecommerce,2024-11,2024-Q4,Vaccines,VetSelect Core Vax,VETSELECT-CORE-VAX_L,E-commerce,Region,Northeast,5105,71469.94,0.82
ciq_ecommerce,2024-11,2024-Q4,Vaccines,VetSelect Core Vax,VETSELECT-CORE-VAX_S,E-commerce,Region,Northeast,7207,100902.62,0.82
ciq_ecommerce,2024-11,2024-Q4,Dermatology,VetSelect Derma,VETSELECT-DERMA_L,E-commerce,Region,Northeast,3852,146363.68,0.82
ciq_ecommerce,2024-11,2024-Q4,Dermatology,VetSelect Derma,VETSELECT-DERMA_S,E-commerce,Region,Northeast,5496,208857.14,0.82
ciq_ecommerce,2024-11,2024-Q4,Petcare Diagnostics,VetSelect Dx,VETSELECT-DX_L,E-commerce,Region,Northeast,5204,62442.93,0.82
ciq_ecommerce,2024-11,2024-Q4,Petcare Diagnostics,VetSelect Dx,VETSELECT-DX_S,E-commerce,Region,Northeast,7837,94047.56,0.82
ciq_ecommerce,2024-11,2024-Q4,Parasiticides,VetSelect Flea & Tick,VETSELECT-FLEA-TICK_L,E-commerce,Region,Northeast,12986,220768.29,0.82
ciq_ecommerce,2024-11,2024-Q4,Parasiticides,VetSelect Flea & Tick,VETSELECT-FLEA-TICK_S,E-commerce,Region,Northeast,16024,272414.51,0.82
ciq_ecommerce,2024-11,2024-Q4,Pain/Osteoarthritis,VetSelect Joint,VETSELECT-JOINT_L,E-commerce,Region,Northeast,3479,100894.75,0.82
ciq_ecommerce,2024-11,2024-Q4,Pain/Osteoarthritis,VetSelect Joint,VETSELECT-JOINT_S,E-commerce,Region,Northeast,5006,145184.1,0.82
ciq_ecommerce,2024-11,2024-Q4,Petcare Diagnostics,Vetscan,VETSCAN_L,E-commerce,Region,Northeast,9059,163053.35,0.82
ciq_ecommerce,2024-11,2024-Q4,Petcare Diagnostics,Vetscan,VETSCAN_S,E-commerce,Region,Northeast,12274,220940.71,0.82
ciq_ecommerce,2024-11,2024-Q4,Dermatology,AllerVet RX,ALLERVET-RX_L,E-commerce,Region,South,5959,321803.2,0.82
ciq_ecommerce,2024-11,2024-Q4,Dermatology,AllerVet RX,ALLERVET-RX_S,E-commerce,Region,South,8814,475936.01,0.82
ciq_ecommerce,2024-11,2024-Q4,Dermatology,Apoquel,APOQUEL_L,E-commerce,Region,South,8532,554579.52,0.82
ciq_ecommerce,2024-11,2024-Q4,Dermatology,Apoquel,APOQUEL_S,E-commerce,Region,South,13051,848303.53,0.82
ciq_ecommerce,2024-11,2024-Q4,Vaccines,BioShield Vax,BIOSHIELD-VAX_L,E-commerce,Region,South,8167,163348.04,0.82
ciq_ecommerce,2024-11,2024-Q4,Vaccines,BioShield Vax,BIOSHIELD-VAX_S,E-commerce,Region,South,10165,203291.62,0.82
ciq_ecommerce,2024-11,2024-Q4,Dermatology,DermaCalm,DERMACALM_L,E-commerce,Region,South,7323,424723.35,0.82
ciq_ecommerce,2024-11,2024-Q4,Dermatology,DermaCalm,DERMACALM_S,E-commerce,Region,South,9542,553439.45,0.82
ciq_ecommerce,2024-11,2024-Q4,Petcare Diagnostics,DiagnosTech Vet,DIAGNOSTECH-VET_L,E-commerce,Region,South,16773,285148.65,0.82
ciq_ecommerce,2024-11,2024-Q4,Petcare Diagnostics,DiagnosTech Vet,DIAGNOSTECH-VET_S,E-commerce,Region,South,20977,356603.41,0.82
ciq_ecommerce,2024-11,2024-Q4,Parasiticides,FleaStop Pro,FLEASTOP-PRO_L,E-commerce,Region,South,11816,248143.54,0.82
ciq_ecommerce,2024-11,2024-Q4,Parasiticides,FleaStop Pro,FLEASTOP-PRO_S,E-commerce,Region,South,18728,393296.29,0.82
ciq_ecommerce,2024-11,2024-Q4,Pain/Osteoarthritis,FlexiCare Joint,FLEXICARE-JOINT_L,E-commerce,Region,South,5928,260827.49,0.82
ciq_ecommerce,2024-11,2024-Q4,Pain/Osteoarthritis,FlexiCare Joint,FLEXICARE-JOINT_S,E-commerce,Region,South,7891,347224.25,0.82
ciq_ecommerce,2024-11,2024-Q4,Vaccines,ImmunoCore Canine,IMMUNOCORE-CANINE_L,E-commerce,Region,South,8635,181330.73,0.82
ciq_ecommerce,2024-11,2024-Q4,Vaccines,ImmunoCore Canine,IMMUNOCORE-CANINE_S,E-commerce,Region,South,12136,254852.04,0.82
ciq_ecommerce,2024-11,2024-Q4,Pain/Osteoarthritis,Librela,LIBRELA_L,E-commerce,Region,South,5656,271494.76,0.82
ciq_ecommerce,2024-11,2024-Q4,Pain/Osteoarthritis,Librela,LIBRELA_S,E-commerce,Region,South,7360,353273.41,0.82
ciq_ecommerce,2024-11,2024-Q4,Pain/Osteoarthritis,OsteoEase Vet,OSTEOEASE-VET_L,E-commerce,Region,South,5061,207517.56,0.82
ciq_ecommerce,2024-11,2024-Q4,Pain/Osteoarthritis,OsteoEase Vet,OSTEOEASE-VET_S,E-commerce,Region,South,6513,267037.71,0.82
ciq_ecommerce,2024-11,2024-Q4,Pain/Osteoarthritis,PainAway Canine,PAINAWAY-CANINE_L,E-commerce,Region,South,4303,159218.16,0.82
ciq_ecommerce,2024-11,2024-Q4,Pain/Osteoarthritis,PainAway Canine,PAINAWAY-CANINE_S,E-commerce,Region,South,6140,227180.35,0.82
ciq_ecommerce,2024-11,2024-Q4,Petcare Diagnostics,PetLab Analyzer,PETLAB-ANALYZER_L,E-commerce,Region,South,8620,129305.06,0.82
ciq_ecommerce,2024-11,2024-Q4,Petcare Diagnostics,PetLab Analyzer,PETLAB-ANALYZER_S,E-commerce,Region,South,11947,179203.93,0.82
ciq_ecommerce,2024-11,2024-Q4,Petcare Diagnostics,RapidVet Dx,RAPIDVET-DX_L,E-commerce,Region,South,13374,213987.16,0.82
ciq_ecommerce,2024-11,2024-Q4,Petcare Diagnostics,RapidVet Dx,RAPIDVET-DX_S,E-commerce,Region,South,18918,302683.3,0.82
ciq_ecommerce,2024-11,2024-Q4,Parasiticides,Simparica Trio,SIMPARICA-TRIO_L,E-commerce,Region,South,19719,552125.57,0.82
ciq_ecommerce,2024-11,2024-Q4,Parasiticides,Simparica Trio,SIMPARICA-TRIO_S,E-commerce,Region,South,27794,778226.05,0.82
ciq_ecommerce,2024-11,2024-Q4,Dermatology,SkinRelief Pro,SKINRELIEF-PRO_L,E-commerce,Region,South,4965,243276.28,0.82
ciq_ecommerce,2024-11,2024-Q4,Dermatology,SkinRelief Pro,SKINRELIEF-PRO_S,E-commerce,Region,South,6650,325850.53,0.82
ciq_ecommerce,2024-11,2024-Q4,Parasiticides,TickShield Plus,TICKSHIELD-PLUS_L,E-commerce,Region,South,12443,298636.93,0.82
ciq_ecommerce,2024-11,2024-Q4,Parasiticides,TickShield Plus,TICKSHIELD-PLUS_S,E-commerce,Region,South,18153,435681.06,0.82
ciq_ecommerce,2024-11,2024-Q4,Vaccines,Vanguard,VANGUARD_L,E-commerce,Region,South,7810,171819.2,0.82
ciq_ecommerce,2024-11,2024-Q4,Vaccines,Vanguard,VANGUARD_S,E-commerce,Region,South,12079,265739.85,0.82
ciq_ecommerce,2024-11,2024-Q4,Parasiticides,VectraGuard,VECTRAGUARD_L,E-commerce,Region,South,16132,419430.2,0.82
ciq_ecommerce,2024-11,2024-Q4,Parasiticides,VectraGuard,VECTRAGUARD_S,E-commerce,Region,South,23382,607922.1,0.82
ciq_ecommerce,2024-11,2024-Q4,Vaccines,VetGuard Immunize,VETGUARD-IMMUNIZE_L,E-commerce,Region,South,6738,128024.51,0.82
ciq_ecommerce,2024-11,2024-Q4,Vaccines,VetGuard Immunize,VETGUARD-IMMUNIZE_S,E-commerce,Region,South,9204,174885.07,0.82
ciq_ecommerce,2024-11,2024-Q4,Vaccines,VetSelect Core Vax,VETSELECT-CORE-VAX_L,E-commerce,Region,South,7815,109416.45,0.82
ciq_ecommerce,2024-11,2024-Q4,Vaccines,VetSelect Core Vax,VETSELECT-CORE-VAX_S,E-commerce,Region,South,10889,152450.43,0.82
ciq_ecommerce,2024-11,2024-Q4,Dermatology,VetSelect Derma,VETSELECT-DERMA_L,E-commerce,Region,South,6246,237338.16,0.82
ciq_ecommerce,2024-11,2024-Q4,Dermatology,VetSelect Derma,VETSELECT-DERMA_S,E-commerce,Region,South,8438,320654.72,0.82
ciq_ecommerce,2024-11,2024-Q4,Petcare Diagnostics,VetSelect Dx,VETSELECT-DX_L,E-commerce,Region,South,8730,104762.22,0.82
ciq_ecommerce,2024-11,2024-Q4,Petcare Diagnostics,VetSelect Dx,VETSELECT-DX_S,E-commerce,Region,South,12071,144854.85,0.82
ciq_ecommerce,2024-11,2024-Q4,Parasiticides,VetSelect Flea & Tick,VETSELECT-FLEA-TICK_L,E-commerce,Region,South,20538,349139.43,0.82
ciq_ecommerce,2024-11,2024-Q4,Parasiticides,VetSelect Flea & Tick,VETSELECT-FLEA-TICK_S,E-commerce,Region,South,28279,480738.36,0.82
ciq_ecommerce,2024-11,2024-Q4,Pain/Osteoarthritis,VetSelect Joint,VETSELECT-JOINT_L,E-commerce,Region,South,5737,166384.01,0.82
ciq_ecommerce,2024-11,2024-Q4,Pain/Osteoarthritis,VetSelect Joint,VETSELECT-JOINT_S,E-commerce,Region,South,7525,218229.07,0.82
ciq_ecommerce,2024-11,2024-Q4,Petcare Diagnostics,Vetscan,VETSCAN_L,E-commerce,Region,South,14420,259564.56,0.82
ciq_ecommerce,2024-11,2024-Q4,Petcare Diagnostics,Vetscan,VETSCAN_S,E-commerce,Region,South,19801,356425.53,0.82
ciq_ecommerce,2024-11,2024-Q4,Dermatology,AllerVet RX,ALLERVET-RX_L,E-commerce,Region,West,4557,246101.15,0.82
ciq_ecommerce,2024-11,2024-Q4,Dermatology,AllerVet RX,ALLERVET-RX_S,E-commerce,Region,West,6050,326707.26,0.82
ciq_ecommerce,2024-11,2024-Q4,Dermatology,Apoquel,APOQUEL_L,E-commerce,Region,West,5856,380625.66,0.82
ciq_ecommerce,2024-11,2024-Q4,Dermatology,Apoquel,APOQUEL_S,E-commerce,Region,West,8428,547821.22,0.82
ciq_ecommerce,2024-11,2024-Q4,Vaccines,BioShield Vax,BIOSHIELD-VAX_L,E-commerce,Region,West,5287,105748.07,0.82
ciq_ecommerce,2024-11,2024-Q4,Vaccines,BioShield Vax,BIOSHIELD-VAX_S,E-commerce,Region,West,6866,137326.13,0.82
ciq_ecommerce,2024-11,2024-Q4,Dermatology,DermaCalm,DERMACALM_L,E-commerce,Region,West,4562,264585.27,0.82
ciq_ecommerce,2024-11,2024-Q4,Dermatology,DermaCalm,DERMACALM_S,E-commerce,Region,West,6411,371852.91,0.82
ciq_ecommerce,2024-11,2024-Q4,Petcare Diagnostics,DiagnosTech Vet,DIAGNOSTECH-VET_L,E-commerce,Region,West,9780,166268.01,0.82
ciq_ecommerce,2024-11,2024-Q4,Petcare Diagnostics,DiagnosTech Vet,DIAGNOSTECH-VET_S,E-commerce,Region,West,13180,224063.54,0.82
ciq_ecommerce,2024-11,2024-Q4,Parasiticides,FleaStop Pro,FLEASTOP-PRO_L,E-commerce,Region,West,8074,169558.88,0.82
ciq_ecommerce,2024-11,2024-Q4,Parasiticides,FleaStop Pro,FLEASTOP-PRO_S,E-commerce,Region,West,11592,243424.99,0.82
ciq_ecommerce,2024-11,2024-Q4,Pain/Osteoarthritis,FlexiCare Joint,FLEXICARE-JOINT_L,E-commerce,Region,West,3789,166725.82,0.82
ciq_ecommerce,2024-11,2024-Q4,Pain/Osteoarthritis,FlexiCare Joint,FLEXICARE-JOINT_S,E-commerce,Region,West,4625,203489.93,0.82
ciq_ecommerce,2024-11,2024-Q4,Vaccines,ImmunoCore Canine,IMMUNOCORE-CANINE_L,E-commerce,Region,West,6042,126889.82,0.82
ciq_ecommerce,2024-11,2024-Q4,Vaccines,ImmunoCore Canine,IMMUNOCORE-CANINE_S,E-commerce,Region,West,7884,165568.41,0.82
ciq_ecommerce,2024-11,2024-Q4,Pain/Osteoarthritis,Librela,LIBRELA_L,E-commerce,Region,West,3126,150039.38,0.82
ciq_ecommerce,2024-11,2024-Q4,Pain/Osteoarthritis,Librela,LIBRELA_S,E-commerce,Region,West,4932,236716.48,0.82
ciq_ecommerce,2024-11,2024-Q4,Pain/Osteoarthritis,OsteoEase Vet,OSTEOEASE-VET_L,E-commerce,Region,West,3478,142608.27,0.82
ciq_ecommerce,2024-11,2024-Q4,Pain/Osteoarthritis,OsteoEase Vet,OSTEOEASE-VET_S,E-commerce,Region,West,4520,185313.08,0.82
ciq_ecommerce,2024-11,2024-Q4,Pain/Osteoarthritis,PainAway Canine,PAINAWAY-CANINE_L,E-commerce,Region,West,3127,115708.86,0.82
ciq_ecommerce,2024-11,2024-Q4,Pain/Osteoarthritis,PainAway Canine,PAINAWAY-CANINE_S,E-commerce,Region,West,4469,165371.15,0.82
ciq_ecommerce,2024-11,2024-Q4,Petcare Diagnostics,PetLab Analyzer,PETLAB-ANALYZER_L,E-commerce,Region,West,5646,84691.44,0.82
ciq_ecommerce,2024-11,2024-Q4,Petcare Diagnostics,PetLab Analyzer,PETLAB-ANALYZER_S,E-commerce,Region,West,7321,109816.7,0.82
ciq_ecommerce,2024-11,2024-Q4,Petcare Diagnostics,RapidVet Dx,RAPIDVET-DX_L,E-commerce,Region,West,9182,146916.31,0.82
ciq_ecommerce,2024-11,2024-Q4,Petcare Diagnostics,RapidVet Dx,RAPIDVET-DX_S,E-commerce,Region,West,13259,212143.55,0.82
ciq_ecommerce,2024-11,2024-Q4,Parasiticides,Simparica Trio,SIMPARICA-TRIO_L,E-commerce,Region,West,13239,370698.59,0.82
ciq_ecommerce,2024-11,2024-Q4,Parasiticides,Simparica Trio,SIMPARICA-TRIO_S,E-commerce,Region,West,18215,510026.76,0.82
ciq_ecommerce,2024-11,2024-Q4,Dermatology,SkinRelief Pro,SKINRELIEF-PRO_L,E-commerce,Region,West,3861,189175.38,0.82
ciq_ecommerce,2024-11,2024-Q4,Dermatology,SkinRelief Pro,SKINRELIEF-PRO_S,E-commerce,Region,West,5167,253162.79,0.82
ciq_ecommerce,2024-11,2024-Q4,Parasiticides,TickShield Plus,TICKSHIELD-PLUS_L,E-commerce,Region,West,8775,210593.48,0.82
ciq_ecommerce,2024-11,2024-Q4,Parasiticides,TickShield Plus,TICKSHIELD-PLUS_S,E-commerce,Region,West,12622,302928.06,0.82
ciq_ecommerce,2024-11,2024-Q4,Vaccines,Vanguard,VANGUARD_L,E-commerce,Region,West,5801,127631.89,0.82
ciq_ecommerce,2024-11,2024-Q4,Vaccines,Vanguard,VANGUARD_S,E-commerce,Region,West,7845,172595.28,0.82
ciq_ecommerce,2024-11,2024-Q4,Parasiticides,VectraGuard,VECTRAGUARD_L,E-commerce,Region,West,11651,302938.16,0.82
ciq_ecommerce,2024-11,2024-Q4,Parasiticides,VectraGuard,VECTRAGUARD_S,E-commerce,Region,West,15373,399695.98,0.82
ciq_ecommerce,2024-11,2024-Q4,Vaccines,VetGuard Immunize,VETGUARD-IMMUNIZE_L,E-commerce,Region,West,4383,83281.6,0.82
ciq_ecommerce,2024-11,2024-Q4,Vaccines,VetGuard Immunize,VETGUARD-IMMUNIZE_S,E-commerce,Region,West,6311,119906.03,0.82
ciq_ecommerce,2024-11,2024-Q4,Vaccines,VetSelect Core Vax,VETSELECT-CORE-VAX_L,E-commerce,Region,West,4722,66112.08,0.82
ciq_ecommerce,2024-11,2024-Q4,Vaccines,VetSelect Core Vax,VETSELECT-CORE-VAX_S,E-commerce,Region,West,6717,94042.81,0.82
ciq_ecommerce,2024-11,2024-Q4,Dermatology,VetSelect Derma,VETSELECT-DERMA_L,E-commerce,Region,West,4243,161222.13,0.82
ciq_ecommerce,2024-11,2024-Q4,Dermatology,VetSelect Derma,VETSELECT-DERMA_S,E-commerce,Region,West,5840,221909.0,0.82
ciq_ecommerce,2024-11,2024-Q4,Petcare Diagnostics,VetSelect Dx,VETSELECT-DX_L,E-commerce,Region,West,5667,68003.03,0.82
ciq_ecommerce,2024-11,2024-Q4,Petcare Diagnostics,VetSelect Dx,VETSELECT-DX_S,E-commerce,Region,West,8013,96156.75,0.82
ciq_ecommerce,2024-11,2024-Q4,Parasiticides,VetSelect Flea & Tick,VETSELECT-FLEA-TICK_L,E-commerce,Region,West,13143,223432.71,0.82
ciq_ecommerce,2024-11,2024-Q4,Parasiticides,VetSelect Flea & Tick,VETSELECT-FLEA-TICK_S,E-commerce,Region,West,19574,332766.42,0.82
ciq_ecommerce,2024-11,2024-Q4,Pain/Osteoarthritis,VetSelect Joint,VETSELECT-JOINT_L,E-commerce,Region,West,4197,121720.72,0.82
ciq_ecommerce,2024-11,2024-Q4,Pain/Osteoarthritis,VetSelect Joint,VETSELECT-JOINT_S,E-commerce,Region,West,5033,145965.94,0.82
ciq_ecommerce,2024-11,2024-Q4,Petcare Diagnostics,Vetscan,VETSCAN_L,E-commerce,Region,West,9551,171912.62,0.82
ciq_ecommerce,2024-11,2024-Q4,Petcare Diagnostics,Vetscan,VETSCAN_S,E-commerce,Region,West,13867,249610.89,0.82
ciq_ecommerce,2024-12,2024-Q4,Dermatology,AllerVet RX,ALLERVET-RX_L,E-commerce,National,National,16845,909636.22,0.82
ciq_ecommerce,2024-12,2024-Q4,Dermatology,AllerVet RX,ALLERVET-RX_S,E-commerce,National,National,23186,1252044.83,0.82
ciq_ecommerce,2024-12,2024-Q4,Dermatology,Apoquel,APOQUEL_L,E-commerce,National,National,25746,1673448.07,0.82
ciq_ecommerce,2024-12,2024-Q4,Dermatology,Apoquel,APOQUEL_S,E-commerce,National,National,35689,2319758.38,0.82
ciq_ecommerce,2024-12,2024-Q4,Vaccines,BioShield Vax,BIOSHIELD-VAX_L,E-commerce,National,National,22938,458753.96,0.82
ciq_ecommerce,2024-12,2024-Q4,Vaccines,BioShield Vax,BIOSHIELD-VAX_S,E-commerce,National,National,33173,663440.63,0.82
ciq_ecommerce,2024-12,2024-Q4,Dermatology,DermaCalm,DERMACALM_L,E-commerce,National,National,19319,1120564.28,0.82
ciq_ecommerce,2024-12,2024-Q4,Dermatology,DermaCalm,DERMACALM_S,E-commerce,National,National,27009,1566445.9,0.82
ciq_ecommerce,2024-12,2024-Q4,Petcare Diagnostics,DiagnosTech Vet,DIAGNOSTECH-VET_L,E-commerce,National,National,47069,800166.18,0.82
ciq_ecommerce,2024-12,2024-Q4,Petcare Diagnostics,DiagnosTech Vet,DIAGNOSTECH-VET_S,E-commerce,National,National,62297,1059048.71,0.82
ciq_ecommerce,2024-12,2024-Q4,Parasiticides,FleaStop Pro,FLEASTOP-PRO_L,E-commerce,National,National,33488,703272.43,0.82
ciq_ecommerce,2024-12,2024-Q4,Parasiticides,FleaStop Pro,FLEASTOP-PRO_S,E-commerce,National,National,46579,978165.48,0.82
ciq_ecommerce,2024-12,2024-Q4,Pain/Osteoarthritis,FlexiCare Joint,FLEXICARE-JOINT_L,E-commerce,National,National,17660,777033.5,0.82
ciq_ecommerce,2024-12,2024-Q4,Pain/Osteoarthritis,FlexiCare Joint,FLEXICARE-JOINT_S,E-commerce,National,National,25212,1109339.8,0.82
ciq_ecommerce,2024-12,2024-Q4,Vaccines,ImmunoCore Canine,IMMUNOCORE-CANINE_L,E-commerce,National,National,28901,606943.65,0.82
ciq_ecommerce,2024-12,2024-Q4,Vaccines,ImmunoCore Canine,IMMUNOCORE-CANINE_S,E-commerce,National,National,38977,818510.64,0.82
ciq_ecommerce,2024-12,2024-Q4,Pain/Osteoarthritis,Librela,LIBRELA_L,E-commerce,National,National,15484,743224.62,0.82
ciq_ecommerce,2024-12,2024-Q4,Pain/Osteoarthritis,Librela,LIBRELA_S,E-commerce,National,National,22493,1079692.52,0.82
ciq_ecommerce,2024-12,2024-Q4,Pain/Osteoarthritis,OsteoEase Vet,OSTEOEASE-VET_L,E-commerce,National,National,15971,654863.72,0.82
ciq_ecommerce,2024-12,2024-Q4,Pain/Osteoarthritis,OsteoEase Vet,OSTEOEASE-VET_S,E-commerce,National,National,22355,916540.61,0.82
ciq_ecommerce,2024-12,2024-Q4,Pain/Osteoarthritis,PainAway Canine,PAINAWAY-CANINE_L,E-commerce,National,National,15167,561175.06,0.82
ciq_ecommerce,2024-12,2024-Q4,Pain/Osteoarthritis,PainAway Canine,PAINAWAY-CANINE_S,E-commerce,National,National,20342,752647.13,0.82
ciq_ecommerce,2024-12,2024-Q4,Petcare Diagnostics,PetLab Analyzer,PETLAB-ANALYZER_L,E-commerce,National,National,26294,394400.12,0.82
ciq_ecommerce,2024-12,2024-Q4,Petcare Diagnostics,PetLab Analyzer,PETLAB-ANALYZER_S,E-commerce,National,National,36225,543372.46,0.82
ciq_ecommerce,2024-12,2024-Q4,Petcare Diagnostics,RapidVet Dx,RAPIDVET-DX_L,E-commerce,National,National,42223,675568.11,0.82
ciq_ecommerce,2024-12,2024-Q4,Petcare Diagnostics,RapidVet Dx,RAPIDVET-DX_S,E-commerce,National,National,59628,954055.58,0.82
ciq_ecommerce,2024-12,2024-Q4,Parasiticides,Simparica Trio,SIMPARICA-TRIO_L,E-commerce,National,National,53719,1504142.79,0.82
ciq_ecommerce,2024-12,2024-Q4,Parasiticides,Simparica Trio,SIMPARICA-TRIO_S,E-commerce,National,National,77923,2181824.8,0.82
ciq_ecommerce,2024-12,2024-Q4,Dermatology,SkinRelief Pro,SKINRELIEF-PRO_L,E-commerce,National,National,14778,724088.73,0.82
ciq_ecommerce,2024-12,2024-Q4,Dermatology,SkinRelief Pro,SKINRELIEF-PRO_S,E-commerce,National,National,20833,1020787.57,0.82
ciq_ecommerce,2024-12,2024-Q4,Parasiticides,TickShield Plus,TICKSHIELD-PLUS_L,E-commerce,National,National,40257,966184.18,0.82
ciq_ecommerce,2024-12,2024-Q4,Parasiticides,TickShield Plus,TICKSHIELD-PLUS_S,E-commerce,National,National,56197,1348730.68,0.82
ciq_ecommerce,2024-12,2024-Q4,Vaccines,Vanguard,VANGUARD_L,E-commerce,National,National,24850,546686.79,0.82
ciq_ecommerce,2024-12,2024-Q4,Vaccines,Vanguard,VANGUARD_S,E-commerce,National,National,33242,731327.82,0.82
ciq_ecommerce,2024-12,2024-Q4,Parasiticides,VectraGuard,VECTRAGUARD_L,E-commerce,National,National,48460,1259976.94,0.82
ciq_ecommerce,2024-12,2024-Q4,Parasiticides,VectraGuard,VECTRAGUARD_S,E-commerce,National,National,69089,1796334.39,0.82
ciq_ecommerce,2024-12,2024-Q4,Vaccines,VetGuard Immunize,VETGUARD-IMMUNIZE_L,E-commerce,National,National,20047,380909.17,0.82
ciq_ecommerce,2024-12,2024-Q4,Vaccines,VetGuard Immunize,VETGUARD-IMMUNIZE_S,E-commerce,National,National,26909,511277.7,0.82
ciq_ecommerce,2024-12,2024-Q4,Vaccines,VetSelect Core Vax,VETSELECT-CORE-VAX_L,E-commerce,National,National,23851,333910.4,0.82
ciq_ecommerce,2024-12,2024-Q4,Vaccines,VetSelect Core Vax,VETSELECT-CORE-VAX_S,E-commerce,National,National,32836,459685.87,0.82
ciq_ecommerce,2024-12,2024-Q4,Dermatology,VetSelect Derma,VETSELECT-DERMA_L,E-commerce,National,National,17041,647559.46,0.82
ciq_ecommerce,2024-12,2024-Q4,Dermatology,VetSelect Derma,VETSELECT-DERMA_S,E-commerce,National,National,24216,920222.97,0.82
ciq_ecommerce,2024-12,2024-Q4,Petcare Diagnostics,VetSelect Dx,VETSELECT-DX_L,E-commerce,National,National,25150,301805.91,0.82
ciq_ecommerce,2024-12,2024-Q4,Petcare Diagnostics,VetSelect Dx,VETSELECT-DX_S,E-commerce,National,National,36228,434745.06,0.82
ciq_ecommerce,2024-12,2024-Q4,Parasiticides,VetSelect Flea & Tick,VETSELECT-FLEA-TICK_L,E-commerce,National,National,57557,978473.11,0.82
ciq_ecommerce,2024-12,2024-Q4,Parasiticides,VetSelect Flea & Tick,VETSELECT-FLEA-TICK_S,E-commerce,National,National,80815,1373848.65,0.82
ciq_ecommerce,2024-12,2024-Q4,Pain/Osteoarthritis,VetSelect Joint,VETSELECT-JOINT_L,E-commerce,National,National,17656,512023.61,0.82
ciq_ecommerce,2024-12,2024-Q4,Pain/Osteoarthritis,VetSelect Joint,VETSELECT-JOINT_S,E-commerce,National,National,24505,710633.0,0.82
ciq_ecommerce,2024-12,2024-Q4,Petcare Diagnostics,Vetscan,VETSCAN_L,E-commerce,National,National,47032,846557.32,0.82
ciq_ecommerce,2024-12,2024-Q4,Petcare Diagnostics,Vetscan,VETSCAN_S,E-commerce,National,National,61845,1113218.76,0.82
ciq_ecommerce,2024-12,2024-Q4,Dermatology,AllerVet RX,ALLERVET-RX_L,E-commerce,Region,Midwest,3432,185330.1,0.82
ciq_ecommerce,2024-12,2024-Q4,Dermatology,AllerVet RX,ALLERVET-RX_S,E-commerce,Region,Midwest,4987,269293.01,0.82
ciq_ecommerce,2024-12,2024-Q4,Dermatology,Apoquel,APOQUEL_L,E-commerce,Region,Midwest,5422,352402.06,0.82
ciq_ecommerce,2024-12,2024-Q4,Dermatology,Apoquel,APOQUEL_S,E-commerce,Region,Midwest,7205,468317.38,0.82
ciq_ecommerce,2024-12,2024-Q4,Vaccines,BioShield Vax,BIOSHIELD-VAX_L,E-commerce,Region,Midwest,5212,104242.18,0.82
ciq_ecommerce,2024-12,2024-Q4,Vaccines,BioShield Vax,BIOSHIELD-VAX_S,E-commerce,Region,Midwest,7270,145392.57,0.82
ciq_ecommerce,2024-12,2024-Q4,Dermatology,DermaCalm,DERMACALM_L,E-commerce,Region,Midwest,4229,245309.62,0.82
ciq_ecommerce,2024-12,2024-Q4,Dermatology,DermaCalm,DERMACALM_S,E-commerce,Region,Midwest,5736,332662.3,0.82
ciq_ecommerce,2024-12,2024-Q4,Petcare Diagnostics,DiagnosTech Vet,DIAGNOSTECH-VET_L,E-commerce,Region,Midwest,10762,182946.29,0.82
ciq_ecommerce,2024-12,2024-Q4,Petcare Diagnostics,DiagnosTech Vet,DIAGNOSTECH-VET_S,E-commerce,Region,Midwest,13317,226390.49,0.82
ciq_ecommerce,2024-12,2024-Q4,Parasiticides,FleaStop Pro,FLEASTOP-PRO_L,E-commerce,Region,Midwest,7051,148081.04,0.82
ciq_ecommerce,2024-12,2024-Q4,Parasiticides,FleaStop Pro,FLEASTOP-PRO_S,E-commerce,Region,Midwest,9047,189987.29,0.82
ciq_ecommerce,2024-12,2024-Q4,Pain/Osteoarthritis,FlexiCare Joint,FLEXICARE-JOINT_L,E-commerce,Region,Midwest,3897,171454.97,0.82
ciq_ecommerce,2024-12,2024-Q4,Pain/Osteoarthritis,FlexiCare Joint,FLEXICARE-JOINT_S,E-commerce,Region,Midwest,4918,216370.74,0.82
ciq_ecommerce,2024-12,2024-Q4,Vaccines,ImmunoCore Canine,IMMUNOCORE-CANINE_L,E-commerce,Region,Midwest,6305,132405.69,0.82
ciq_ecommerce,2024-12,2024-Q4,Vaccines,ImmunoCore Canine,IMMUNOCORE-CANINE_S,E-commerce,Region,Midwest,8289,174061.23,0.82
ciq_ecommerce,2024-12,2024-Q4,Pain/Osteoarthritis,Librela,LIBRELA_L,E-commerce,Region,Midwest,3228,154966.28,0.82
ciq_ecommerce,2024-12,2024-Q4,Pain/Osteoarthritis,Librela,LIBRELA_S,E-commerce,Region,Midwest,4347,208649.9,0.82
ciq_ecommerce,2024-12,2024-Q4,Pain/Osteoarthritis,OsteoEase Vet,OSTEOEASE-VET_L,E-commerce,Region,Midwest,3790,155395.93,0.82
ciq_ecommerce,2024-12,2024-Q4,Pain/Osteoarthritis,OsteoEase Vet,OSTEOEASE-VET_S,E-commerce,Region,Midwest,4910,201300.38,0.82
ciq_ecommerce,2024-12,2024-Q4,Pain/Osteoarthritis,PainAway Canine,PAINAWAY-CANINE_L,E-commerce,Region,Midwest,3217,119034.79,0.82
ciq_ecommerce,2024-12,2024-Q4,Pain/Osteoarthritis,PainAway Canine,PAINAWAY-CANINE_S,E-commerce,Region,Midwest,4071,150616.07,0.82
ciq_ecommerce,2024-12,2024-Q4,Petcare Diagnostics,PetLab Analyzer,PETLAB-ANALYZER_L,E-commerce,Region,Midwest,5580,83694.64,0.82
ciq_ecommerce,2024-12,2024-Q4,Petcare Diagnostics,PetLab Analyzer,PETLAB-ANALYZER_S,E-commerce,Region,Midwest,8454,126812.21,0.82
ciq_ecommerce,2024-12,2024-Q4,Petcare Diagnostics,RapidVet Dx,RAPIDVET-DX_L,E-commerce,Region,Midwest,8987,143793.72,0.82
ciq_ecommerce,2024-12,2024-Q4,Petcare Diagnostics,RapidVet Dx,RAPIDVET-DX_S,E-commerce,Region,Midwest,12830,205280.14,0.82
ciq_ecommerce,2024-12,2024-Q4,Parasiticides,Simparica Trio,SIMPARICA-TRIO_L,E-commerce,Region,Midwest,11290,316123.0,0.82
ciq_ecommerce,2024-12,2024-Q4,Parasiticides,Simparica Trio,SIMPARICA-TRIO_S,E-commerce,Region,Midwest,15377,430549.3,0.82
ciq_ecommerce,2024-12,2024-Q4,Dermatology,SkinRelief Pro,SKINRELIEF-PRO_L,E-commerce,Region,Midwest,3225,158008.98,0.82
ciq_ecommerce,2024-12,2024-Q4,Dermatology,SkinRelief Pro,SKINRELIEF-PRO_S,E-commerce,Region,Midwest,4311,211238.0,0.82
ciq_ecommerce,2024-12,2024-Q4,Parasiticides,TickShield Plus,TICKSHIELD-PLUS_L,E-commerce,Region,Midwest,9281,222750.66,0.82
ciq_ecommerce,2024-12,2024-Q4,Parasiticides,TickShield Plus,TICKSHIELD-PLUS_S,E-commerce,Region,Midwest,12047,289134.45,0.82
ciq_ecommerce,2024-12,2024-Q4,Vaccines,Vanguard,VANGUARD_L,E-commerce,Region,Midwest,5644,124160.23,0.82
ciq_ecommerce,2024-12,2024-Q4,Vaccines,Vanguard,VANGUARD_S,E-commerce,Region,Midwest,7145,157188.19,0.82
ciq_ecommerce,2024-12,2024-Q4,Parasiticides,VectraGuard,VECTRAGUARD_L,E-commerce,Region,Midwest,9980,259489.74,0.82
ciq_ecommerce,2024-12,2024-Q4,Parasiticides,VectraGuard,VECTRAGUARD_S,E-commerce,Region,Midwest,14221,369757.2,0.82
ciq_ecommerce,2024-12,2024-Q4,Vaccines,VetGuard Immunize,VETGUARD-IMMUNIZE_L,E-commerce,Region,Midwest,4079,77501.54,0.82
ciq_ecommerce,2024-12,2024-Q4,Vaccines,VetGuard Immunize,VETGUARD-IMMUNIZE_S,E-commerce,Region,Midwest,5517,104830.58,0.82
ciq_ecommerce,2024-12,2024-Q4,Vaccines,VetSelect Core Vax,VETSELECT-CORE-VAX_L,E-commerce,Region,Midwest,5262,73667.62,0.82
ciq_ecommerce,2024-12,2024-Q4,Vaccines,VetSelect Core Vax,VETSELECT-CORE-VAX_S,E-commerce,Region,Midwest,6954,97352.1,0.82
ciq_ecommerce,2024-12,2024-Q4,Dermatology,VetSelect Derma,VETSELECT-DERMA_L,E-commerce,Region,Midwest,3546,134738.89,0.82
ciq_ecommerce,2024-12,2024-Q4,Dermatology,VetSelect Derma,VETSELECT-DERMA_S,E-commerce,Region,Midwest,5112,194263.19,0.82
ciq_ecommerce,2024-12,2024-Q4,Petcare Diagnostics,VetSelect Dx,VETSELECT-DX_L,E-commerce,Region,Midwest,5236,62835.16,0.82
ciq_ecommerce,2024-12,2024-Q4,Petcare Diagnostics,VetSelect Dx,VETSELECT-DX_S,E-commerce,Region,Midwest,7206,86477.73,0.82
ciq_ecommerce,2024-12,2024-Q4,Parasiticides,VetSelect Flea & Tick,VETSELECT-FLEA-TICK_L,E-commerce,Region,Midwest,11836,201213.71,0.82
ciq_ecommerce,2024-12,2024-Q4,Parasiticides,VetSelect Flea & Tick,VETSELECT-FLEA-TICK_S,E-commerce,Region,Midwest,15960,271327.56,0.82
ciq_ecommerce,2024-12,2024-Q4,Pain/Osteoarthritis,VetSelect Joint,VETSELECT-JOINT_L,E-commerce,Region,Midwest,3555,103108.92,0.82
ciq_ecommerce,2024-12,2024-Q4,Pain/Osteoarthritis,VetSelect Joint,VETSELECT-JOINT_S,E-commerce,Region,Midwest,5162,149688.01,0.82
ciq_ecommerce,2024-12,2024-Q4,Petcare Diagnostics,Vetscan,VETSCAN_L,E-commerce,Region,Midwest,10645,191608.21,0.82
ciq_ecommerce,2024-12,2024-Q4,Petcare Diagnostics,Vetscan,VETSCAN_S,E-commerce,Region,Midwest,12216,219894.45,0.82
ciq_ecommerce,2024-12,2024-Q4,Dermatology,AllerVet RX,ALLERVET-RX_L,E-commerce,Region,Northeast,3884,209743.49,0.82
ciq_ecommerce,2024-12,2024-Q4,Dermatology,AllerVet RX,ALLERVET-RX_S,E-commerce,Region,Northeast,5261,284104.94,0.82
ciq_ecommerce,2024-12,2024-Q4,Dermatology,Apoquel,APOQUEL_L,E-commerce,Region,Northeast,5388,350202.16,0.82
ciq_ecommerce,2024-12,2024-Q4,Dermatology,Apoquel,APOQUEL_S,E-commerce,Region,Northeast,7498,487361.0,0.82
ciq_ecommerce,2024-12,2024-Q4,Vaccines,BioShield Vax,BIOSHIELD-VAX_L,E-commerce,Region,Northeast,4766,95315.47,0.82
ciq_ecommerce,2024-12,2024-Q4,Vaccines,BioShield Vax,BIOSHIELD-VAX_S,E-commerce,Region,Northeast,7268,145356.98,0.82
ciq_ecommerce,2024-12,2024-Q4,Dermatology,DermaCalm,DERMACALM_L,E-commerce,Region,Northeast,4118,238840.89,0.82
ciq_ecommerce,2024-12,2024-Q4,Dermatology,DermaCalm,DERMACALM_S,E-commerce,Region,Northeast,5497,318797.82,0.82
ciq_ecommerce,2024-12,2024-Q4,Petcare Diagnostics,DiagnosTech Vet,DIAGNOSTECH-VET_L,E-commerce,Region,Northeast,10238,174043.82,0.82
ciq_ecommerce,2024-12,2024-Q4,Petcare Diagnostics,DiagnosTech Vet,DIAGNOSTECH-VET_S,E-commerce,Region,Northeast,14157,240663.19,0.82
ciq_ecommerce,2024-12,2024-Q4,Parasiticides,FleaStop Pro,FLEASTOP-PRO_L,E-commerce,Region,Northeast,7507,157645.14,0.82
ciq_ecommerce,2024-12,2024-Q4,Parasiticides,FleaStop Pro,FLEASTOP-PRO_S,E-commerce,Region,Northeast,9101,191124.65,0.82
ciq_ecommerce,2024-12,2024-Q4,Pain/Osteoarthritis,FlexiCare Joint,FLEXICARE-JOINT_L,E-commerce,Region,Northeast,3578,157418.37,0.82
ciq_ecommerce,2024-12,2024-Q4,Pain/Osteoarthritis,FlexiCare Joint,FLEXICARE-JOINT_S,E-commerce,Region,Northeast,5412,238145.75,0.82
ciq_ecommerce,2024-12,2024-Q4,Vaccines,ImmunoCore Canine,IMMUNOCORE-CANINE_L,E-commerce,Region,Northeast,5965,125274.4,0.82
ciq_ecommerce,2024-12,2024-Q4,Vaccines,ImmunoCore Canine,IMMUNOCORE-CANINE_S,E-commerce,Region,Northeast,8420,176811.92,0.82
ciq_ecommerce,2024-12,2024-Q4,Pain/Osteoarthritis,Librela,LIBRELA_L,E-commerce,Region,Northeast,3355,161025.82,0.82
ciq_ecommerce,2024-12,2024-Q4,Pain/Osteoarthritis,Librela,LIBRELA_S,E-commerce,Region,Northeast,5069,243323.85,0.82
ciq_ecommerce,2024-12,2024-Q4,Pain/Osteoarthritis,OsteoEase Vet,OSTEOEASE-VET_L,E-commerce,Region,Northeast,3435,140849.3,0.82
ciq_ecommerce,2024-12,2024-Q4,Pain/Osteoarthritis,OsteoEase Vet,OSTEOEASE-VET_S,E-commerce,Region,Northeast,4959,203300.66,0.82
ciq_ecommerce,2024-12,2024-Q4,Pain/Osteoarthritis,PainAway Canine,PAINAWAY-CANINE_L,E-commerce,Region,Northeast,3329,123182.86,0.82
ciq_ecommerce,2024-12,2024-Q4,Pain/Osteoarthritis,PainAway Canine,PAINAWAY-CANINE_S,E-commerce,Region,Northeast,4460,165024.71,0.82
ciq_ecommerce,2024-12,2024-Q4,Petcare Diagnostics,PetLab Analyzer,PETLAB-ANALYZER_L,E-commerce,Region,Northeast,6156,92333.61,0.82
ciq_ecommerce,2024-12,2024-Q4,Petcare Diagnostics,PetLab Analyzer,PETLAB-ANALYZER_S,E-commerce,Region,Northeast,8327,124898.77,0.82
ciq_ecommerce,2024-12,2024-Q4,Petcare Diagnostics,RapidVet Dx,RAPIDVET-DX_L,E-commerce,Region,Northeast,8939,143026.26,0.82
ciq_ecommerce,2024-12,2024-Q4,Petcare Diagnostics,RapidVet Dx,RAPIDVET-DX_S,E-commerce,Region,Northeast,12251,196015.87,0.82
ciq_ecommerce,2024-12,2024-Q4,Parasiticides,Simparica Trio,SIMPARICA-TRIO_L,E-commerce,Region,Northeast,12364,346184.15,0.82
ciq_ecommerce,2024-12,2024-Q4,Parasiticides,Simparica Trio,SIMPARICA-TRIO_S,E-commerce,Region,Northeast,17322,485009.92,0.82
ciq_ecommerce,2024-12,2024-Q4,Dermatology,SkinRelief Pro,SKINRELIEF-PRO_L,E-commerce,Region,Northeast,3622,177486.18,0.82
ciq_ecommerce,2024-12,2024-Q4,Dermatology,SkinRelief Pro,SKINRELIEF-PRO_S,E-commerce,Region,Northeast,4949,242486.57,0.82
ciq_ecommerce,2024-12,2024-Q4,Parasiticides,TickShield Plus,TICKSHIELD-PLUS_L,E-commerce,Region,Northeast,8528,204663.23,0.82
ciq_ecommerce,2024-12,2024-Q4,Parasiticides,TickShield Plus,TICKSHIELD-PLUS_S,E-commerce,Region,Northeast,12019,288459.29,0.82
ciq_ecommerce,2024-12,2024-Q4,Vaccines,Vanguard,VANGUARD_L,E-commerce,Region,Northeast,4975,109445.53,0.82
ciq_ecommerce,2024-12,2024-Q4,Vaccines,Vanguard,VANGUARD_S,E-commerce,Region,Northeast,6778,149125.32,0.82
ciq_ecommerce,2024-12,2024-Q4,Parasiticides,VectraGuard,VECTRAGUARD_L,E-commerce,Region,Northeast,11527,299712.03,0.82
ciq_ecommerce,2024-12,2024-Q4,Parasiticides,VectraGuard,VECTRAGUARD_S,E-commerce,Region,Northeast,15044,391153.65,0.82
ciq_ecommerce,2024-12,2024-Q4,Vaccines,VetGuard Immunize,VETGUARD-IMMUNIZE_L,E-commerce,Region,Northeast,4340,82467.81,0.82
ciq_ecommerce,2024-12,2024-Q4,Vaccines,VetGuard Immunize,VETGUARD-IMMUNIZE_S,E-commerce,Region,Northeast,6107,116042.24,0.82
ciq_ecommerce,2024-12,2024-Q4,Vaccines,VetSelect Core Vax,VETSELECT-CORE-VAX_L,E-commerce,Region,Northeast,5245,73429.81,0.82
ciq_ecommerce,2024-12,2024-Q4,Vaccines,VetSelect Core Vax,VETSELECT-CORE-VAX_S,E-commerce,Region,Northeast,7334,102671.82,0.82
ciq_ecommerce,2024-12,2024-Q4,Dermatology,VetSelect Derma,VETSELECT-DERMA_L,E-commerce,Region,Northeast,3771,143314.89,0.82
ciq_ecommerce,2024-12,2024-Q4,Dermatology,VetSelect Derma,VETSELECT-DERMA_S,E-commerce,Region,Northeast,5116,194425.99,0.82
ciq_ecommerce,2024-12,2024-Q4,Petcare Diagnostics,VetSelect Dx,VETSELECT-DX_L,E-commerce,Region,Northeast,5459,65510.6,0.82
ciq_ecommerce,2024-12,2024-Q4,Petcare Diagnostics,VetSelect Dx,VETSELECT-DX_S,E-commerce,Region,Northeast,8514,102173.92,0.82
ciq_ecommerce,2024-12,2024-Q4,Parasiticides,VetSelect Flea & Tick,VETSELECT-FLEA-TICK_L,E-commerce,Region,Northeast,13954,237222.05,0.82
ciq_ecommerce,2024-12,2024-Q4,Parasiticides,VetSelect Flea & Tick,VETSELECT-FLEA-TICK_S,E-commerce,Region,Northeast,18658,317179.11,0.82
ciq_ecommerce,2024-12,2024-Q4,Pain/Osteoarthritis,VetSelect Joint,VETSELECT-JOINT_L,E-commerce,Region,Northeast,4065,117874.29,0.82
ciq_ecommerce,2024-12,2024-Q4,Pain/Osteoarthritis,VetSelect Joint,VETSELECT-JOINT_S,E-commerce,Region,Northeast,5100,147908.04,0.82
ciq_ecommerce,2024-12,2024-Q4,Petcare Diagnostics,Vetscan,VETSCAN_L,E-commerce,Region,Northeast,9356,168405.31,0.82
ciq_ecommerce,2024-12,2024-Q4,Petcare Diagnostics,Vetscan,VETSCAN_S,E-commerce,Region,Northeast,14143,254567.63,0.82
ciq_ecommerce,2024-12,2024-Q4,Dermatology,AllerVet RX,ALLERVET-RX_L,E-commerce,Region,South,5641,304620.44,0.82
ciq_ecommerce,2024-12,2024-Q4,Dermatology,AllerVet RX,ALLERVET-RX_S,E-commerce,Region,South,7366,397764.95,0.82
ciq_ecommerce,2024-12,2024-Q4,Dermatology,Apoquel,APOQUEL_L,E-commerce,Region,South,9310,605122.92,0.82
ciq_ecommerce,2024-12,2024-Q4,Dermatology,Apoquel,APOQUEL_S,E-commerce,Region,South,12953,841952.8,0.82
ciq_ecommerce,2024-12,2024-Q4,Vaccines,BioShield Vax,BIOSHIELD-VAX_L,E-commerce,Region,South,7760,155191.43,0.82
ciq_ecommerce,2024-12,2024-Q4,Vaccines,BioShield Vax,BIOSHIELD-VAX_S,E-commerce,Region,South,11476,229513.05,0.82
ciq_ecommerce,2024-12,2024-Q4,Dermatology,DermaCalm,DERMACALM_L,E-commerce,Region,South,6627,384377.14,0.82
ciq_ecommerce,2024-12,2024-Q4,Dermatology,DermaCalm,DERMACALM_S,E-commerce,Region,South,9705,562874.18,0.82
ciq_ecommerce,2024-12,2024-Q4,Petcare Diagnostics,DiagnosTech Vet,DIAGNOSTECH-VET_L,E-commerce,Region,South,15958,271281.42,0.82
ciq_ecommerce,2024-12,2024-Q4,Petcare Diagnostics,DiagnosTech Vet,DIAGNOSTECH-VET_S,E-commerce,Region,South,21011,357185.44,0.82
ciq_ecommerce,2024-12,2024-Q4,Parasiticides,FleaStop Pro,FLEASTOP-PRO_L,E-commerce,Region,South,11478,241048.25,0.82
ciq_ecommerce,2024-12,2024-Q4,Parasiticides,FleaStop Pro,FLEASTOP-PRO_S,E-commerce,Region,South,17217,361550.78,0.82
ciq_ecommerce,2024-12,2024-Q4,Pain/Osteoarthritis,FlexiCare Joint,FLEXICARE-JOINT_L,E-commerce,Region,South,6022,264986.05,0.82
ciq_ecommerce,2024-12,2024-Q4,Pain/Osteoarthritis,FlexiCare Joint,FLEXICARE-JOINT_S,E-commerce,Region,South,8855,389636.96,0.82
ciq_ecommerce,2024-12,2024-Q4,Vaccines,ImmunoCore Canine,IMMUNOCORE-CANINE_L,E-commerce,Region,South,10145,213052.36,0.82
ciq_ecommerce,2024-12,2024-Q4,Vaccines,ImmunoCore Canine,IMMUNOCORE-CANINE_S,E-commerce,Region,South,12787,268530.62,0.82
ciq_ecommerce,2024-12,2024-Q4,Pain/Osteoarthritis,Librela,LIBRELA_L,E-commerce,Region,South,5355,257025.79,0.82
ciq_ecommerce,2024-12,2024-Q4,Pain/Osteoarthritis,Librela,LIBRELA_S,E-commerce,Region,South,7817,375222.71,0.82
ciq_ecommerce,2024-12,2024-Q4,Pain/Osteoarthritis,OsteoEase Vet,OSTEOEASE-VET_L,E-commerce,Region,South,5098,209036.58,0.82
ciq_ecommerce,2024-12,2024-Q4,Pain/Osteoarthritis,OsteoEase Vet,OSTEOEASE-VET_S,E-commerce,Region,South,7528,308649.61,0.82
ciq_ecommerce,2024-12,2024-Q4,Pain/Osteoarthritis,PainAway Canine,PAINAWAY-CANINE_L,E-commerce,Region,South,5361,198351.35,0.82
ciq_ecommerce,2024-12,2024-Q4,Pain/Osteoarthritis,PainAway Canine,PAINAWAY-CANINE_S,E-commerce,Region,South,7161,264960.07,0.82
ciq_ecommerce,2024-12,2024-Q4,Petcare Diagnostics,PetLab Analyzer,PETLAB-ANALYZER_L,E-commerce,Region,South,8718,130767.52,0.82
ciq_ecommerce,2024-12,2024-Q4,Petcare Diagnostics,PetLab Analyzer,PETLAB-ANALYZER_S,E-commerce,Region,South,10693,160399.53,0.82
ciq_ecommerce,2024-12,2024-Q4,Petcare Diagnostics,RapidVet Dx,RAPIDVET-DX_L,E-commerce,Region,South,14782,236506.85,0.82
ciq_ecommerce,2024-12,2024-Q4,Petcare Diagnostics,RapidVet Dx,RAPIDVET-DX_S,E-commerce,Region,South,21254,340071.02,0.82
ciq_ecommerce,2024-12,2024-Q4,Parasiticides,Simparica Trio,SIMPARICA-TRIO_L,E-commerce,Region,South,18052,505459.67,0.82
ciq_ecommerce,2024-12,2024-Q4,Parasiticides,Simparica Trio,SIMPARICA-TRIO_S,E-commerce,Region,South,28166,788646.34,0.82
ciq_ecommerce,2024-12,2024-Q4,Dermatology,SkinRelief Pro,SKINRELIEF-PRO_L,E-commerce,Region,South,4559,223386.78,0.82
ciq_ecommerce,2024-12,2024-Q4,Dermatology,SkinRelief Pro,SKINRELIEF-PRO_S,E-commerce,Region,South,7026,344272.31,0.82
ciq_ecommerce,2024-12,2024-Q4,Parasiticides,TickShield Plus,TICKSHIELD-PLUS_L,E-commerce,Region,South,13156,315752.82,0.82
ciq_ecommerce,2024-12,2024-Q4,Parasiticides,TickShield Plus,TICKSHIELD-PLUS_S,E-commerce,Region,South,19642,471402.09,0.82
ciq_ecommerce,2024-12,2024-Q4,Vaccines,Vanguard,VANGUARD_L,E-commerce,Region,South,8584,188841.78,0.82
ciq_ecommerce,2024-12,2024-Q4,Vaccines,Vanguard,VANGUARD_S,E-commerce,Region,South,11711,257643.95,0.82
ciq_ecommerce,2024-12,2024-Q4,Parasiticides,VectraGuard,VECTRAGUARD_L,E-commerce,Region,South,15817,411243.3,0.82
ciq_ecommerce,2024-12,2024-Q4,Parasiticides,VectraGuard,VECTRAGUARD_S,E-commerce,Region,South,23743,617320.86,0.82
ciq_ecommerce,2024-12,2024-Q4,Vaccines,VetGuard Immunize,VETGUARD-IMMUNIZE_L,E-commerce,Region,South,7164,136115.87,0.82
ciq_ecommerce,2024-12,2024-Q4,Vaccines,VetGuard Immunize,VETGUARD-IMMUNIZE_S,E-commerce,Region,South,9054,172017.99,0.82
ciq_ecommerce,2024-12,2024-Q4,Vaccines,VetSelect Core Vax,VETSELECT-CORE-VAX_L,E-commerce,Region,South,7623,106715.95,0.82
ciq_ecommerce,2024-12,2024-Q4,Vaccines,VetSelect Core Vax,VETSELECT-CORE-VAX_S,E-commerce,Region,South,10983,153758.31,0.82
ciq_ecommerce,2024-12,2024-Q4,Dermatology,VetSelect Derma,VETSELECT-DERMA_L,E-commerce,Region,South,5801,220427.51,0.82
ciq_ecommerce,2024-12,2024-Q4,Dermatology,VetSelect Derma,VETSELECT-DERMA_S,E-commerce,Region,South,8222,312444.05,0.82
ciq_ecommerce,2024-12,2024-Q4,Petcare Diagnostics,VetSelect Dx,VETSELECT-DX_L,E-commerce,Region,South,8707,104483.51,0.82
ciq_ecommerce,2024-12,2024-Q4,Petcare Diagnostics,VetSelect Dx,VETSELECT-DX_S,E-commerce,Region,South,12091,145089.96,0.82
ciq_ecommerce,2024-12,2024-Q4,Parasiticides,VetSelect Flea & Tick,VETSELECT-FLEA-TICK_L,E-commerce,Region,South,19901,338314.61,0.82
ciq_ecommerce,2024-12,2024-Q4,Parasiticides,VetSelect Flea & Tick,VETSELECT-FLEA-TICK_S,E-commerce,Region,South,28040,476671.79,0.82
ciq_ecommerce,2024-12,2024-Q4,Pain/Osteoarthritis,VetSelect Joint,VETSELECT-JOINT_L,E-commerce,Region,South,5923,171766.61,0.82
ciq_ecommerce,2024-12,2024-Q4,Pain/Osteoarthritis,VetSelect Joint,VETSELECT-JOINT_S,E-commerce,Region,South,8793,254987.06,0.82
ciq_ecommerce,2024-12,2024-Q4,Petcare Diagnostics,Vetscan,VETSCAN_L,E-commerce,Region,South,16284,293105.22,0.82
ciq_ecommerce,2024-12,2024-Q4,Petcare Diagnostics,Vetscan,VETSCAN_S,E-commerce,Region,South,20365,366569.96,0.82
ciq_ecommerce,2024-12,2024-Q4,Dermatology,AllerVet RX,ALLERVET-RX_L,E-commerce,Region,West,3888,209942.19,0.82
ciq_ecommerce,2024-12,2024-Q4,Dermatology,AllerVet RX,ALLERVET-RX_S,E-commerce,Region,West,5572,300881.93,0.82
ciq_ecommerce,2024-12,2024-Q4,Dermatology,Apoquel,APOQUEL_L,E-commerce,Region,West,5626,365720.93,0.82
ciq_ecommerce,2024-12,2024-Q4,Dermatology,Apoquel,APOQUEL_S,E-commerce,Region,West,8033,522127.2,0.82
ciq_ecommerce,2024-12,2024-Q4,Vaccines,BioShield Vax,BIOSHIELD-VAX_L,E-commerce,Region,West,5200,104004.88,0.82
ciq_ecommerce,2024-12,2024-Q4,Vaccines,BioShield Vax,BIOSHIELD-VAX_S,E-commerce,Region,West,7159,143178.03,0.82
ciq_ecommerce,2024-12,2024-Q4,Dermatology,DermaCalm,DERMACALM_L,E-commerce,Region,West,4345,252036.63,0.82
ciq_ecommerce,2024-12,2024-Q4,Dermatology,DermaCalm,DERMACALM_S,E-commerce,Region,West,6071,352111.6,0.82
ciq_ecommerce,2024-12,2024-Q4,Petcare Diagnostics,DiagnosTech Vet,DIAGNOSTECH-VET_L,E-commerce,Region,West,10111,171894.65,0.82
ciq_ecommerce,2024-12,2024-Q4,Petcare Diagnostics,DiagnosTech Vet,DIAGNOSTECH-VET_S,E-commerce,Region,West,13812,234809.59,0.82
ciq_ecommerce,2024-12,2024-Q4,Parasiticides,FleaStop Pro,FLEASTOP-PRO_L,E-commerce,Region,West,7452,156498.0,0.82
ciq_ecommerce,2024-12,2024-Q4,Parasiticides,FleaStop Pro,FLEASTOP-PRO_S,E-commerce,Region,West,11214,235502.76,0.82
ciq_ecommerce,2024-12,2024-Q4,Pain/Osteoarthritis,FlexiCare Joint,FLEXICARE-JOINT_L,E-commerce,Region,West,4163,183174.11,0.82
ciq_ecommerce,2024-12,2024-Q4,Pain/Osteoarthritis,FlexiCare Joint,FLEXICARE-JOINT_S,E-commerce,Region,West,6027,265186.35,0.82
ciq_ecommerce,2024-12,2024-Q4,Vaccines,ImmunoCore Canine,IMMUNOCORE-CANINE_L,E-commerce,Region,West,6486,136211.2,0.82
ciq_ecommerce,2024-12,2024-Q4,Vaccines,ImmunoCore Canine,IMMUNOCORE-CANINE_S,E-commerce,Region,West,9481,199106.87,0.82
ciq_ecommerce,2024-12,2024-Q4,Pain/Osteoarthritis,Librela,LIBRELA_L,E-commerce,Region,West,3546,170206.73,0.82
ciq_ecommerce,2024-12,2024-Q4,Pain/Osteoarthritis,Librela,LIBRELA_S,E-commerce,Region,West,5260,252496.06,0.82
ciq_ecommerce,2024-12,2024-Q4,Pain/Osteoarthritis,OsteoEase Vet,OSTEOEASE-VET_L,E-commerce,Region,West,3648,149581.91,0.82
ciq_ecommerce,2024-12,2024-Q4,Pain/Osteoarthritis,OsteoEase Vet,OSTEOEASE-VET_S,E-commerce,Region,West,4958,203289.96,0.82
ciq_ecommerce,2024-12,2024-Q4,Pain/Osteoarthritis,PainAway Canine,PAINAWAY-CANINE_L,E-commerce,Region,West,3260,120606.06,0.82
ciq_ecommerce,2024-12,2024-Q4,Pain/Osteoarthritis,PainAway Canine,PAINAWAY-CANINE_S,E-commerce,Region,West,4650,172046.28,0.82
ciq_ecommerce,2024-12,2024-Q4,Petcare Diagnostics,PetLab Analyzer,PETLAB-ANALYZER_L,E-commerce,Region,West,5840,87604.35,0.82
ciq_ecommerce,2024-12,2024-Q4,Petcare Diagnostics,PetLab Analyzer,PETLAB-ANALYZER_S,E-commerce,Region,West,8751,131261.95,0.82
ciq_ecommerce,2024-12,2024-Q4,Petcare Diagnostics,RapidVet Dx,RAPIDVET-DX_L,E-commerce,Region,West,9515,152241.28,0.82
ciq_ecommerce,2024-12,2024-Q4,Petcare Diagnostics,RapidVet Dx,RAPIDVET-DX_S,E-commerce,Region,West,13293,212688.55,0.82
ciq_ecommerce,2024-12,2024-Q4,Parasiticides,Simparica Trio,SIMPARICA-TRIO_L,E-commerce,Region,West,12013,336375.97,0.82
ciq_ecommerce,2024-12,2024-Q4,Parasiticides,Simparica Trio,SIMPARICA-TRIO_S,E-commerce,Region,West,17058,477619.24,0.82
ciq_ecommerce,2024-12,2024-Q4,Dermatology,SkinRelief Pro,SKINRELIEF-PRO_L,E-commerce,Region,West,3372,165206.79,0.82
ciq_ecommerce,2024-12,2024-Q4,Dermatology,SkinRelief Pro,SKINRELIEF-PRO_S,E-commerce,Region,West,4547,222790.69,0.82
ciq_ecommerce,2024-12,2024-Q4,Parasiticides,TickShield Plus,TICKSHIELD-PLUS_L,E-commerce,Region,West,9292,223017.47,0.82
ciq_ecommerce,2024-12,2024-Q4,Parasiticides,TickShield Plus,TICKSHIELD-PLUS_S,E-commerce,Region,West,12489,299734.85,0.82
ciq_ecommerce,2024-12,2024-Q4,Vaccines,Vanguard,VANGUARD_L,E-commerce,Region,West,5647,124239.25,0.82
ciq_ecommerce,2024-12,2024-Q4,Vaccines,Vanguard,VANGUARD_S,E-commerce,Region,West,7608,167370.36,0.82
ciq_ecommerce,2024-12,2024-Q4,Parasiticides,VectraGuard,VECTRAGUARD_L,E-commerce,Region,West,11136,289531.87,0.82
ciq_ecommerce,2024-12,2024-Q4,Parasiticides,VectraGuard,VECTRAGUARD_S,E-commerce,Region,West,16081,418102.68,0.82
ciq_ecommerce,2024-12,2024-Q4,Vaccines,VetGuard Immunize,VETGUARD-IMMUNIZE_L,E-commerce,Region,West,4464,84823.95,0.82
ciq_ecommerce,2024-12,2024-Q4,Vaccines,VetGuard Immunize,VETGUARD-IMMUNIZE_S,E-commerce,Region,West,6231,118386.89,0.82
ciq_ecommerce,2024-12,2024-Q4,Vaccines,VetSelect Core Vax,VETSELECT-CORE-VAX_L,E-commerce,Region,West,5721,80097.02,0.82
ciq_ecommerce,2024-12,2024-Q4,Vaccines,VetSelect Core Vax,VETSELECT-CORE-VAX_S,E-commerce,Region,West,7565,105903.64,0.82
ciq_ecommerce,2024-12,2024-Q4,Dermatology,VetSelect Derma,VETSELECT-DERMA_L,E-commerce,Region,West,3923,149078.17,0.82
ciq_ecommerce,2024-12,2024-Q4,Dermatology,VetSelect Derma,VETSELECT-DERMA_S,E-commerce,Region,West,5766,219089.74,0.82
ciq_ecommerce,2024-12,2024-Q4,Petcare Diagnostics,VetSelect Dx,VETSELECT-DX_L,E-commerce,Region,West,5748,68976.64,0.82
ciq_ecommerce,2024-12,2024-Q4,Petcare Diagnostics,VetSelect Dx,VETSELECT-DX_S,E-commerce,Region,West,8417,101003.45,0.82
ciq_ecommerce,2024-12,2024-Q4,Parasiticides,VetSelect Flea & Tick,VETSELECT-FLEA-TICK_L,E-commerce,Region,West,11866,201722.74,0.82
ciq_ecommerce,2024-12,2024-Q4,Parasiticides,VetSelect Flea & Tick,VETSELECT-FLEA-TICK_S,E-commerce,Region,West,18157,308670.19,0.82
ciq_ecommerce,2024-12,2024-Q4,Pain/Osteoarthritis,VetSelect Joint,VETSELECT-JOINT_L,E-commerce,Region,West,4113,119273.79,0.82
ciq_ecommerce,2024-12,2024-Q4,Pain/Osteoarthritis,VetSelect Joint,VETSELECT-JOINT_S,E-commerce,Region,West,5450,158049.89,0.82
ciq_ecommerce,2024-12,2024-Q4,Petcare Diagnostics,Vetscan,VETSCAN_L,E-commerce,Region,West,10747,193438.58,0.82
ciq_ecommerce,2024-12,2024-Q4,Petcare Diagnostics,Vetscan,VETSCAN_S,E-commerce,Region,West,15121,272186.72,0.82
ciq_ecommerce,2025-01,2025-Q1,Dermatology,AllerVet RX,ALLERVET-RX_L,E-commerce,National,National,17711,956342.44,0.82
ciq_ecommerce,2025-01,2025-Q1,Dermatology,AllerVet RX,ALLERVET-RX_S,E-commerce,National,National,23982,1295069.88,0.82
ciq_ecommerce,2025-01,2025-Q1,Dermatology,Apoquel,APOQUEL_L,E-commerce,National,National,23682,1539314.5,0.82
ciq_ecommerce,2025-01,2025-Q1,Dermatology,Apoquel,APOQUEL_S,E-commerce,National,National,32800,2131986.39,0.82
ciq_ecommerce,2025-01,2025-Q1,Vaccines,BioShield Vax,BIOSHIELD-VAX_L,E-commerce,National,National,25314,506278.18,0.82
ciq_ecommerce,2025-01,2025-Q1,Vaccines,BioShield Vax,BIOSHIELD-VAX_S,E-commerce,National,National,34449,688989.7,0.82
ciq_ecommerce,2025-01,2025-Q1,Dermatology,DermaCalm,DERMACALM_L,E-commerce,National,National,19423,1126587.7,0.82
ciq_ecommerce,2025-01,2025-Q1,Dermatology,DermaCalm,DERMACALM_S,E-commerce,National,National,25445,1475823.61,0.82
ciq_ecommerce,2025-01,2025-Q1,Petcare Diagnostics,DiagnosTech Vet,DIAGNOSTECH-VET_L,E-commerce,National,National,48465,823900.57,0.82
ciq_ecommerce,2025-01,2025-Q1,Petcare Diagnostics,DiagnosTech Vet,DIAGNOSTECH-VET_S,E-commerce,National,National,68592,1166057.78,0.82
ciq_ecommerce,2025-01,2025-Q1,Parasiticides,FleaStop Pro,FLEASTOP-PRO_L,E-commerce,National,National,36537,767276.57,0.82
ciq_ecommerce,2025-01,2025-Q1,Parasiticides,FleaStop Pro,FLEASTOP-PRO_S,E-commerce,National,National,53756,1128875.42,0.82
ciq_ecommerce,2025-01,2025-Q1,Pain/Osteoarthritis,FlexiCare Joint,FLEXICARE-JOINT_L,E-commerce,National,National,19602,862448.15,0.82
ciq_ecommerce,2025-01,2025-Q1,Pain/Osteoarthritis,FlexiCare Joint,FLEXICARE-JOINT_S,E-commerce,National,National,28492,1253650.65,0.82
ciq_ecommerce,2025-01,2025-Q1,Vaccines,ImmunoCore Canine,IMMUNOCORE-CANINE_L,E-commerce,National,National,33103,695182.07,0.82
ciq_ecommerce,2025-01,2025-Q1,Vaccines,ImmunoCore Canine,IMMUNOCORE-CANINE_S,E-commerce,National,National,45886,963596.23,0.82
ciq_ecommerce,2025-01,2025-Q1,Pain/Osteoarthritis,Librela,LIBRELA_L,E-commerce,National,National,17215,826270.97,0.82
ciq_ecommerce,2025-01,2025-Q1,Pain/Osteoarthritis,Librela,LIBRELA_S,E-commerce,National,National,23388,1122652.39,0.82
ciq_ecommerce,2025-01,2025-Q1,Pain/Osteoarthritis,OsteoEase Vet,OSTEOEASE-VET_L,E-commerce,National,National,18845,772616.83,0.82
ciq_ecommerce,2025-01,2025-Q1,Pain/Osteoarthritis,OsteoEase Vet,OSTEOEASE-VET_S,E-commerce,National,National,25518,1046278.98,0.82
ciq_ecommerce,2025-01,2025-Q1,Pain/Osteoarthritis,PainAway Canine,PAINAWAY-CANINE_L,E-commerce,National,National,16103,595826.86,0.82
ciq_ecommerce,2025-01,2025-Q1,Pain/Osteoarthritis,PainAway Canine,PAINAWAY-CANINE_S,E-commerce,National,National,21738,804295.15,0.82
ciq_ecommerce,2025-01,2025-Q1,Petcare Diagnostics,PetLab Analyzer,PETLAB-ANALYZER_L,E-commerce,National,National,29429,441433.7,0.82
ciq_ecommerce,2025-01,2025-Q1,Petcare Diagnostics,PetLab Analyzer,PETLAB-ANALYZER_S,E-commerce,National,National,39460,591905.51,0.82
ciq_ecommerce,2025-01,2025-Q1,Petcare Diagnostics,RapidVet Dx,RAPIDVET-DX_L,E-commerce,National,National,45311,724972.53,0.82
ciq_ecommerce,2025-01,2025-Q1,Petcare Diagnostics,RapidVet Dx,RAPIDVET-DX_S,E-commerce,National,National,61590,985429.86,0.82
ciq_ecommerce,2025-01,2025-Q1,Parasiticides,Simparica Trio,SIMPARICA-TRIO_L,E-commerce,National,National,63334,1773378.44,0.82
ciq_ecommerce,2025-01,2025-Q1,Parasiticides,Simparica Trio,SIMPARICA-TRIO_S,E-commerce,National,National,86675,2426876.86,0.82
ciq_ecommerce,2025-01,2025-Q1,Dermatology,SkinRelief Pro,SKINRELIEF-PRO_L,E-commerce,National,National,15788,773606.64,0.82
ciq_ecommerce,2025-01,2025-Q1,Dermatology,SkinRelief Pro,SKINRELIEF-PRO_S,E-commerce,National,National,20903,1024204.85,0.82
ciq_ecommerce,2025-01,2025-Q1,Parasiticides,TickShield Plus,TICKSHIELD-PLUS_L,E-commerce,National,National,42212,1013072.05,0.82
ciq_ecommerce,2025-01,2025-Q1,Parasiticides,TickShield Plus,TICKSHIELD-PLUS_S,E-commerce,National,National,59169,1420066.07,0.82
ciq_ecommerce,2025-01,2025-Q1,Vaccines,Vanguard,VANGUARD_L,E-commerce,National,National,27395,602677.28,0.82
ciq_ecommerce,2025-01,2025-Q1,Vaccines,Vanguard,VANGUARD_S,E-commerce,National,National,40536,891781.31,0.82
ciq_ecommerce,2025-01,2025-Q1,Parasiticides,VectraGuard,VECTRAGUARD_L,E-commerce,National,National,48861,1270381.43,0.82
ciq_ecommerce,2025-01,2025-Q1,Parasiticides,VectraGuard,VECTRAGUARD_S,E-commerce,National,National,64767,1683919.04,0.82
ciq_ecommerce,2025-01,2025-Q1,Vaccines,VetGuard Immunize,VETGUARD-IMMUNIZE_L,E-commerce,National,National,22369,425010.84,0.82
ciq_ecommerce,2025-01,2025-Q1,Vaccines,VetGuard Immunize,VETGUARD-IMMUNIZE_S,E-commerce,National,National,31311,594931.2,0.82
ciq_ecommerce,2025-01,2025-Q1,Vaccines,VetSelect Core Vax,VETSELECT-CORE-VAX_L,E-commerce,National,National,25410,355758.2,0.82
ciq_ecommerce,2025-01,2025-Q1,Vaccines,VetSelect Core Vax,VETSELECT-CORE-VAX_S,E-commerce,National,National,34509,483132.72,0.82
ciq_ecommerce,2025-01,2025-Q1,Dermatology,VetSelect Derma,VETSELECT-DERMA_L,E-commerce,National,National,16925,643146.9,0.82
ciq_ecommerce,2025-01,2025-Q1,Dermatology,VetSelect Derma,VETSELECT-DERMA_S,E-commerce,National,National,23462,891561.69,0.82
ciq_ecommerce,2025-01,2025-Q1,Petcare Diagnostics,VetSelect Dx,VETSELECT-DX_L,E-commerce,National,National,26565,318791.94,0.82
ciq_ecommerce,2025-01,2025-Q1,Petcare Diagnostics,VetSelect Dx,VETSELECT-DX_S,E-commerce,National,National,37229,446757.55,0.82
ciq_ecommerce,2025-01,2025-Q1,Parasiticides,VetSelect Flea & Tick,VETSELECT-FLEA-TICK_L,E-commerce,National,National,62706,1066008.99,0.82
ciq_ecommerce,2025-01,2025-Q1,Parasiticides,VetSelect Flea & Tick,VETSELECT-FLEA-TICK_S,E-commerce,National,National,88221,1499748.5,0.82
ciq_ecommerce,2025-01,2025-Q1,Pain/Osteoarthritis,VetSelect Joint,VETSELECT-JOINT_L,E-commerce,National,National,20642,598601.98,0.82
ciq_ecommerce,2025-01,2025-Q1,Pain/Osteoarthritis,VetSelect Joint,VETSELECT-JOINT_S,E-commerce,National,National,26903,780178.89,0.82
ciq_ecommerce,2025-01,2025-Q1,Petcare Diagnostics,Vetscan,VETSCAN_L,E-commerce,National,National,46217,831905.91,0.82
ciq_ecommerce,2025-01,2025-Q1,Petcare Diagnostics,Vetscan,VETSCAN_S,E-commerce,National,National,63840,1149114.65,0.82
ciq_ecommerce,2025-01,2025-Q1,Dermatology,AllerVet RX,ALLERVET-RX_L,E-commerce,Region,Midwest,3527,190448.17,0.82
ciq_ecommerce,2025-01,2025-Q1,Dermatology,AllerVet RX,ALLERVET-RX_S,E-commerce,Region,Midwest,4783,258290.29,0.82
ciq_ecommerce,2025-01,2025-Q1,Dermatology,Apoquel,APOQUEL_L,E-commerce,Region,Midwest,5214,338878.73,0.82
ciq_ecommerce,2025-01,2025-Q1,Dermatology,Apoquel,APOQUEL_S,E-commerce,Region,Midwest,7127,463249.12,0.82
ciq_ecommerce,2025-01,2025-Q1,Vaccines,BioShield Vax,BIOSHIELD-VAX_L,E-commerce,Region,Midwest,5183,103663.89,0.82
ciq_ecommerce,2025-01,2025-Q1,Vaccines,BioShield Vax,BIOSHIELD-VAX_S,E-commerce,Region,Midwest,6705,134102.34,0.82
ciq_ecommerce,2025-01,2025-Q1,Dermatology,DermaCalm,DERMACALM_L,E-commerce,Region,Midwest,4186,242798.89,0.82
ciq_ecommerce,2025-01,2025-Q1,Dermatology,DermaCalm,DERMACALM_S,E-commerce,Region,Midwest,5552,321993.5,0.82
ciq_ecommerce,2025-01,2025-Q1,Petcare Diagnostics,DiagnosTech Vet,DIAGNOSTECH-VET_L,E-commerce,Region,Midwest,9274,157659.51,0.82
ciq_ecommerce,2025-01,2025-Q1,Petcare Diagnostics,DiagnosTech Vet,DIAGNOSTECH-VET_S,E-commerce,Region,Midwest,13838,235240.33,0.82
ciq_ecommerce,2025-01,2025-Q1,Parasiticides,FleaStop Pro,FLEASTOP-PRO_L,E-commerce,Region,Midwest,7391,155210.62,0.82
ciq_ecommerce,2025-01,2025-Q1,Parasiticides,FleaStop Pro,FLEASTOP-PRO_S,E-commerce,Region,Midwest,11181,234807.3,0.82
ciq_ecommerce,2025-01,2025-Q1,Pain/Osteoarthritis,FlexiCare Joint,FLEXICARE-JOINT_L,E-commerce,Region,Midwest,4009,176380.03,0.82
ciq_ecommerce,2025-01,2025-Q1,Pain/Osteoarthritis,FlexiCare Joint,FLEXICARE-JOINT_S,E-commerce,Region,Midwest,6148,270520.1,0.82
ciq_ecommerce,2025-01,2025-Q1,Vaccines,ImmunoCore Canine,IMMUNOCORE-CANINE_L,E-commerce,Region,Midwest,6906,145031.94,0.82
ciq_ecommerce,2025-01,2025-Q1,Vaccines,ImmunoCore Canine,IMMUNOCORE-CANINE_S,E-commerce,Region,Midwest,9519,199888.77,0.82
ciq_ecommerce,2025-01,2025-Q1,Pain/Osteoarthritis,Librela,LIBRELA_L,E-commerce,Region,Midwest,3738,179413.17,0.82
ciq_ecommerce,2025-01,2025-Q1,Pain/Osteoarthritis,Librela,LIBRELA_S,E-commerce,Region,Midwest,4861,233329.58,0.82
ciq_ecommerce,2025-01,2025-Q1,Pain/Osteoarthritis,OsteoEase Vet,OSTEOEASE-VET_L,E-commerce,Region,Midwest,4097,167963.9,0.82
ciq_ecommerce,2025-01,2025-Q1,Pain/Osteoarthritis,OsteoEase Vet,OSTEOEASE-VET_S,E-commerce,Region,Midwest,5503,225642.4,0.82
ciq_ecommerce,2025-01,2025-Q1,Pain/Osteoarthritis,PainAway Canine,PAINAWAY-CANINE_L,E-commerce,Region,Midwest,668,24713.71,0.82
ciq_ecommerce,2025-01,2025-Q1,Pain/Osteoarthritis,PainAway Canine,PAINAWAY-CANINE_S,E-commerce,Region,Midwest,896,33161.46,0.82
ciq_ecommerce,2025-01,2025-Q1,Petcare Diagnostics,PetLab Analyzer,PETLAB-ANALYZER_L,E-commerce,Region,Midwest,6563,98447.06,0.82
ciq_ecommerce,2025-01,2025-Q1,Petcare Diagnostics,PetLab Analyzer,PETLAB-ANALYZER_S,E-commerce,Region,Midwest,8524,127864.56,0.82
ciq_ecommerce,2025-01,2025-Q1,Petcare Diagnostics,RapidVet Dx,RAPIDVET-DX_L,E-commerce,Region,Midwest,9866,157850.9,0.82
ciq_ecommerce,2025-01,2025-Q1,Petcare Diagnostics,RapidVet Dx,RAPIDVET-DX_S,E-commerce,Region,Midwest,13030,208480.08,0.82
ciq_ecommerce,2025-01,2025-Q1,Parasiticides,Simparica Trio,SIMPARICA-TRIO_L,E-commerce,Region,Midwest,14073,394045.73,0.82
ciq_ecommerce,2025-01,2025-Q1,Parasiticides,Simparica Trio,SIMPARICA-TRIO_S,E-commerce,Region,Midwest,18509,518240.61,0.82
ciq_ecommerce,2025-01,2025-Q1,Dermatology,SkinRelief Pro,SKINRELIEF-PRO_L,E-commerce,Region,Midwest,3190,156311.06,0.82
ciq_ecommerce,2025-01,2025-Q1,Dermatology,SkinRelief Pro,SKINRELIEF-PRO_S,E-commerce,Region,Midwest,3965,194274.88,0.82
ciq_ecommerce,2025-01,2025-Q1,Parasiticides,TickShield Plus,TICKSHIELD-PLUS_L,E-commerce,Region,Midwest,8633,207184.57,0.82
ciq_ecommerce,2025-01,2025-Q1,Parasiticides,TickShield Plus,TICKSHIELD-PLUS_S,E-commerce,Region,Midwest,12417,298017.25,0.82
ciq_ecommerce,2025-01,2025-Q1,Vaccines,Vanguard,VANGUARD_L,E-commerce,Region,Midwest,5818,127993.34,0.82
ciq_ecommerce,2025-01,2025-Q1,Vaccines,Vanguard,VANGUARD_S,E-commerce,Region,Midwest,8124,178735.91,0.82
ciq_ecommerce,2025-01,2025-Q1,Parasiticides,VectraGuard,VECTRAGUARD_L,E-commerce,Region,Midwest,9988,259690.1,0.82
ciq_ecommerce,2025-01,2025-Q1,Parasiticides,VectraGuard,VECTRAGUARD_S,E-commerce,Region,Midwest,13769,357994.92,0.82
ciq_ecommerce,2025-01,2025-Q1,Vaccines,VetGuard Immunize,VETGUARD-IMMUNIZE_L,E-commerce,Region,Midwest,4772,90661.4,0.82
ciq_ecommerce,2025-01,2025-Q1,Vaccines,VetGuard Immunize,VETGUARD-IMMUNIZE_S,E-commerce,Region,Midwest,6223,118243.8,0.82
ciq_ecommerce,2025-01,2025-Q1,Vaccines,VetSelect Core Vax,VETSELECT-CORE-VAX_L,E-commerce,Region,Midwest,5262,73673.01,0.82
ciq_ecommerce,2025-01,2025-Q1,Vaccines,VetSelect Core Vax,VETSELECT-CORE-VAX_S,E-commerce,Region,Midwest,7479,104702.47,0.82
ciq_ecommerce,2025-01,2025-Q1,Dermatology,VetSelect Derma,VETSELECT-DERMA_L,E-commerce,Region,Midwest,3734,141907.98,0.82
ciq_ecommerce,2025-01,2025-Q1,Dermatology,VetSelect Derma,VETSELECT-DERMA_S,E-commerce,Region,Midwest,5005,190190.61,0.82
ciq_ecommerce,2025-01,2025-Q1,Petcare Diagnostics,VetSelect Dx,VETSELECT-DX_L,E-commerce,Region,Midwest,5430,65164.85,0.82
ciq_ecommerce,2025-01,2025-Q1,Petcare Diagnostics,VetSelect Dx,VETSELECT-DX_S,E-commerce,Region,Midwest,7725,92698.74,0.82
ciq_ecommerce,2025-01,2025-Q1,Parasiticides,VetSelect Flea & Tick,VETSELECT-FLEA-TICK_L,E-commerce,Region,Midwest,12707,216023.39,0.82
ciq_ecommerce,2025-01,2025-Q1,Parasiticides,VetSelect Flea & Tick,VETSELECT-FLEA-TICK_S,E-commerce,Region,Midwest,17221,292748.62,0.82
ciq_ecommerce,2025-01,2025-Q1,Pain/Osteoarthritis,VetSelect Joint,VETSELECT-JOINT_L,E-commerce,Region,Midwest,4270,123820.09,0.82
ciq_ecommerce,2025-01,2025-Q1,Pain/Osteoarthritis,VetSelect Joint,VETSELECT-JOINT_S,E-commerce,Region,Midwest,5526,160241.39,0.82
ciq_ecommerce,2025-01,2025-Q1,Petcare Diagnostics,Vetscan,VETSCAN_L,E-commerce,Region,Midwest,9470,170461.89,0.82
ciq_ecommerce,2025-01,2025-Q1,Petcare Diagnostics,Vetscan,VETSCAN_S,E-commerce,Region,Midwest,13167,237008.36,0.82
ciq_ecommerce,2025-01,2025-Q1,Dermatology,AllerVet RX,ALLERVET-RX_L,E-commerce,Region,Northeast,3880,209512.28,0.82
ciq_ecommerce,2025-01,2025-Q1,Dermatology,AllerVet RX,ALLERVET-RX_S,E-commerce,Region,Northeast,5625,303756.94,0.82
ciq_ecommerce,2025-01,2025-Q1,Dermatology,Apoquel,APOQUEL_L,E-commerce,Region,Northeast,5105,331857.1,0.82
ciq_ecommerce,2025-01,2025-Q1,Dermatology,Apoquel,APOQUEL_S,E-commerce,Region,Northeast,7251,471341.37,0.82
ciq_ecommerce,2025-01,2025-Q1,Vaccines,BioShield Vax,BIOSHIELD-VAX_L,E-commerce,Region,Northeast,5861,117216.37,0.82
ciq_ecommerce,2025-01,2025-Q1,Vaccines,BioShield Vax,BIOSHIELD-VAX_S,E-commerce,Region,Northeast,7569,151388.18,0.82
ciq_ecommerce,2025-01,2025-Q1,Dermatology,DermaCalm,DERMACALM_L,E-commerce,Region,Northeast,4004,232248.77,0.82
ciq_ecommerce,2025-01,2025-Q1,Dermatology,DermaCalm,DERMACALM_S,E-commerce,Region,Northeast,4991,289503.18,0.82
ciq_ecommerce,2025-01,2025-Q1,Petcare Diagnostics,DiagnosTech Vet,DIAGNOSTECH-VET_L,E-commerce,Region,Northeast,11064,188084.04,0.82
ciq_ecommerce,2025-01,2025-Q1,Petcare Diagnostics,DiagnosTech Vet,DIAGNOSTECH-VET_S,E-commerce,Region,Northeast,15613,265416.71,0.82
ciq_ecommerce,2025-01,2025-Q1,Parasiticides,FleaStop Pro,FLEASTOP-PRO_L,E-commerce,Region,Northeast,8154,171234.52,0.82
ciq_ecommerce,2025-01,2025-Q1,Parasiticides,FleaStop Pro,FLEASTOP-PRO_S,E-commerce,Region,Northeast,11792,247626.27,0.82
ciq_ecommerce,2025-01,2025-Q1,Pain/Osteoarthritis,FlexiCare Joint,FLEXICARE-JOINT_L,E-commerce,Region,Northeast,4207,185101.8,0.82
ciq_ecommerce,2025-01,2025-Q1,Pain/Osteoarthritis,FlexiCare Joint,FLEXICARE-JOINT_S,E-commerce,Region,Northeast,6021,264916.14,0.82
ciq_ecommerce,2025-01,2025-Q1,Vaccines,ImmunoCore Canine,IMMUNOCORE-CANINE_L,E-commerce,Region,Northeast,6740,141548.87,0.82
ciq_ecommerce,2025-01,2025-Q1,Vaccines,ImmunoCore Canine,IMMUNOCORE-CANINE_S,E-commerce,Region,Northeast,10204,214288.27,0.82
ciq_ecommerce,2025-01,2025-Q1,Pain/Osteoarthritis,Librela,LIBRELA_L,E-commerce,Region,Northeast,3865,185515.51,0.82
ciq_ecommerce,2025-01,2025-Q1,Pain/Osteoarthritis,Librela,LIBRELA_S,E-commerce,Region,Northeast,5210,250075.92,0.82
ciq_ecommerce,2025-01,2025-Q1,Pain/Osteoarthritis,OsteoEase Vet,OSTEOEASE-VET_L,E-commerce,Region,Northeast,3910,160295.4,0.82
ciq_ecommerce,2025-01,2025-Q1,Pain/Osteoarthritis,OsteoEase Vet,OSTEOEASE-VET_S,E-commerce,Region,Northeast,5477,224562.5,0.82
ciq_ecommerce,2025-01,2025-Q1,Pain/Osteoarthritis,PainAway Canine,PAINAWAY-CANINE_L,E-commerce,Region,Northeast,3472,128474.66,0.82
ciq_ecommerce,2025-01,2025-Q1,Pain/Osteoarthritis,PainAway Canine,PAINAWAY-CANINE_S,E-commerce,Region,Northeast,4709,174221.34,0.82
ciq_ecommerce,2025-01,2025-Q1,Petcare Diagnostics,PetLab Analyzer,PETLAB-ANALYZER_L,E-commerce,Region,Northeast,6412,96173.47,0.82
ciq_ecommerce,2025-01,2025-Q1,Petcare Diagnostics,PetLab Analyzer,PETLAB-ANALYZER_S,E-commerce,Region,Northeast,9069,136030.84,0.82
ciq_ecommerce,2025-01,2025-Q1,Petcare Diagnostics,RapidVet Dx,RAPIDVET-DX_L,E-commerce,Region,Northeast,9578,153253.76,0.82
ciq_ecommerce,2025-01,2025-Q1,Petcare Diagnostics,RapidVet Dx,RAPIDVET-DX_S,E-commerce,Region,Northeast,12246,195935.92,0.82
ciq_ecommerce,2025-01,2025-Q1,Parasiticides,Simparica Trio,SIMPARICA-TRIO_L,E-commerce,Region,Northeast,14137,395847.28,0.82
ciq_ecommerce,2025-01,2025-Q1,Parasiticides,Simparica Trio,SIMPARICA-TRIO_S,E-commerce,Region,Northeast,19985,559576.9,0.82
ciq_ecommerce,2025-01,2025-Q1,Dermatology,SkinRelief Pro,SKINRELIEF-PRO_L,E-commerce,Region,Northeast,3419,167514.0,0.82
ciq_ecommerce,2025-01,2025-Q1,Dermatology,SkinRelief Pro,SKINRELIEF-PRO_S,E-commerce,Region,Northeast,4754,232925.75,0.82
ciq_ecommerce,2025-01,2025-Q1,Parasiticides,TickShield Plus,TICKSHIELD-PLUS_L,E-commerce,Region,Northeast,9123,218948.93,0.82
ciq_ecommerce,2025-01,2025-Q1,Parasiticides,TickShield Plus,TICKSHIELD-PLUS_S,E-commerce,Region,Northeast,12800,307206.41,0.82
ciq_ecommerce,2025-01,2025-Q1,Vaccines,Vanguard,VANGUARD_L,E-commerce,Region,Northeast,6144,135158.99,0.82
ciq_ecommerce,2025-01,2025-Q1,Vaccines,Vanguard,VANGUARD_S,E-commerce,Region,Northeast,9152,201336.52,0.82
ciq_ecommerce,2025-01,2025-Q1,Parasiticides,VectraGuard,VECTRAGUARD_L,E-commerce,Region,Northeast,10869,282595.15,0.82
ciq_ecommerce,2025-01,2025-Q1,Parasiticides,VectraGuard,VECTRAGUARD_S,E-commerce,Region,Northeast,14207,369371.15,0.82
ciq_ecommerce,2025-01,2025-Q1,Vaccines,VetGuard Immunize,VETGUARD-IMMUNIZE_L,E-commerce,Region,Northeast,5006,95120.95,0.82
ciq_ecommerce,2025-01,2025-Q1,Vaccines,VetGuard Immunize,VETGUARD-IMMUNIZE_S,E-commerce,Region,Northeast,7073,134391.45,0.82
ciq_ecommerce,2025-01,2025-Q1,Vaccines,VetSelect Core Vax,VETSELECT-CORE-VAX_L,E-commerce,Region,Northeast,5606,78489.3,0.82
ciq_ecommerce,2025-01,2025-Q1,Vaccines,VetSelect Core Vax,VETSELECT-CORE-VAX_S,E-commerce,Region,Northeast,7616,106628.93,0.82
ciq_ecommerce,2025-01,2025-Q1,Dermatology,VetSelect Derma,VETSELECT-DERMA_L,E-commerce,Region,Northeast,3659,139046.67,0.82
ciq_ecommerce,2025-01,2025-Q1,Dermatology,VetSelect Derma,VETSELECT-DERMA_S,E-commerce,Region,Northeast,5033,191259.73,0.82
ciq_ecommerce,2025-01,2025-Q1,Petcare Diagnostics,VetSelect Dx,VETSELECT-DX_L,E-commerce,Region,Northeast,5823,69881.45,0.82
ciq_ecommerce,2025-01,2025-Q1,Petcare Diagnostics,VetSelect Dx,VETSELECT-DX_S,E-commerce,Region,Northeast,8010,96123.15,0.82
ciq_ecommerce,2025-01,2025-Q1,Parasiticides,VetSelect Flea & Tick,VETSELECT-FLEA-TICK_L,E-commerce,Region,Northeast,14562,247557.58,0.82
ciq_ecommerce,2025-01,2025-Q1,Parasiticides,VetSelect Flea & Tick,VETSELECT-FLEA-TICK_S,E-commerce,Region,Northeast,19351,328962.95,0.82
ciq_ecommerce,2025-01,2025-Q1,Pain/Osteoarthritis,VetSelect Joint,VETSELECT-JOINT_L,E-commerce,Region,Northeast,4425,128311.72,0.82
ciq_ecommerce,2025-01,2025-Q1,Pain/Osteoarthritis,VetSelect Joint,VETSELECT-JOINT_S,E-commerce,Region,Northeast,5842,169403.68,0.82
ciq_ecommerce,2025-01,2025-Q1,Petcare Diagnostics,Vetscan,VETSCAN_L,E-commerce,Region,Northeast,10644,191584.5,0.82
ciq_ecommerce,2025-01,2025-Q1,Petcare Diagnostics,Vetscan,VETSCAN_S,E-commerce,Region,Northeast,13834,249010.19,0.82
ciq_ecommerce,2025-01,2025-Q1,Dermatology,AllerVet RX,ALLERVET-RX_L,E-commerce,Region,South,6180,333711.14,0.82
ciq_ecommerce,2025-01,2025-Q1,Dermatology,AllerVet RX,ALLERVET-RX_S,E-commerce,Region,South,8046,434506.25,0.82
ciq_ecommerce,2025-01,2025-Q1,Dermatology,Apoquel,APOQUEL_L,E-commerce,Region,South,7995,519667.63,0.82
ciq_ecommerce,2025-01,2025-Q1,Dermatology,Apoquel,APOQUEL_S,E-commerce,Region,South,11215,728958.83,0.82
ciq_ecommerce,2025-01,2025-Q1,Vaccines,BioShield Vax,BIOSHIELD-VAX_L,E-commerce,Region,South,8436,168726.64,0.82
ciq_ecommerce,2025-01,2025-Q1,Vaccines,BioShield Vax,BIOSHIELD-VAX_S,E-commerce,Region,South,11924,238478.24,0.82
ciq_ecommerce,2025-01,2025-Q1,Dermatology,DermaCalm,DERMACALM_L,E-commerce,Region,South,6766,392433.57,0.82
ciq_ecommerce,2025-01,2025-Q1,Dermatology,DermaCalm,DERMACALM_S,E-commerce,Region,South,9250,536502.73,0.82
ciq_ecommerce,2025-01,2025-Q1,Petcare Diagnostics,DiagnosTech Vet,DIAGNOSTECH-VET_L,E-commerce,Region,South,16851,286465.85,0.82
ciq_ecommerce,2025-01,2025-Q1,Petcare Diagnostics,DiagnosTech Vet,DIAGNOSTECH-VET_S,E-commerce,Region,South,23011,391184.35,0.82
ciq_ecommerce,2025-01,2025-Q1,Parasiticides,FleaStop Pro,FLEASTOP-PRO_L,E-commerce,Region,South,12793,268653.4,0.82
ciq_ecommerce,2025-01,2025-Q1,Parasiticides,FleaStop Pro,FLEASTOP-PRO_S,E-commerce,Region,South,18183,381833.82,0.82
ciq_ecommerce,2025-01,2025-Q1,Pain/Osteoarthritis,FlexiCare Joint,FLEXICARE-JOINT_L,E-commerce,Region,South,6480,285118.65,0.82
ciq_ecommerce,2025-01,2025-Q1,Pain/Osteoarthritis,FlexiCare Joint,FLEXICARE-JOINT_S,E-commerce,Region,South,9945,437574.35,0.82
ciq_ecommerce,2025-01,2025-Q1,Vaccines,ImmunoCore Canine,IMMUNOCORE-CANINE_L,E-commerce,Region,South,11431,240048.33,0.82
ciq_ecommerce,2025-01,2025-Q1,Vaccines,ImmunoCore Canine,IMMUNOCORE-CANINE_S,E-commerce,Region,South,15216,319542.35,0.82
ciq_ecommerce,2025-01,2025-Q1,Pain/Osteoarthritis,Librela,LIBRELA_L,E-commerce,Region,South,5694,273300.43,0.82
ciq_ecommerce,2025-01,2025-Q1,Pain/Osteoarthritis,Librela,LIBRELA_S,E-commerce,Region,South,7769,372920.21,0.82
ciq_ecommerce,2025-01,2025-Q1,Pain/Osteoarthritis,OsteoEase Vet,OSTEOEASE-VET_L,E-commerce,Region,South,6261,256699.06,0.82
ciq_ecommerce,2025-01,2025-Q1,Pain/Osteoarthritis,OsteoEase Vet,OSTEOEASE-VET_S,E-commerce,Region,South,8558,350875.89,0.82
ciq_ecommerce,2025-01,2025-Q1,Pain/Osteoarthritis,PainAway Canine,PAINAWAY-CANINE_L,E-commerce,Region,South,5317,196715.07,0.82
ciq_ecommerce,2025-01,2025-Q1,Pain/Osteoarthritis,PainAway Canine,PAINAWAY-CANINE_S,E-commerce,Region,South,7296,269960.53,0.82
ciq_ecommerce,2025-01,2025-Q1,Petcare Diagnostics,PetLab Analyzer,PETLAB-ANALYZER_L,E-commerce,Region,South,9799,146991.31,0.82
ciq_ecommerce,2025-01,2025-Q1,Petcare Diagnostics,PetLab Analyzer,PETLAB-ANALYZER_S,E-commerce,Region,South,12869,193038.07,0.82
ciq_ecommerce,2025-01,2025-Q1,Petcare Diagnostics,RapidVet Dx,RAPIDVET-DX_L,E-commerce,Region,South,15199,243179.69,0.82
ciq_ecommerce,2025-01,2025-Q1,Petcare Diagnostics,RapidVet Dx,RAPIDVET-DX_S,E-commerce,Region,South,21649,346378.57,0.82
ciq_ecommerce,2025-01,2025-Q1,Parasiticides,Simparica Trio,SIMPARICA-TRIO_L,E-commerce,Region,South,21761,609308.52,0.82
ciq_ecommerce,2025-01,2025-Q1,Parasiticides,Simparica Trio,SIMPARICA-TRIO_S,E-commerce,Region,South,29673,830831.88,0.82
ciq_ecommerce,2025-01,2025-Q1,Dermatology,SkinRelief Pro,SKINRELIEF-PRO_L,E-commerce,Region,South,5329,261131.66,0.82
ciq_ecommerce,2025-01,2025-Q1,Dermatology,SkinRelief Pro,SKINRELIEF-PRO_S,E-commerce,Region,South,7372,361225.73,0.82
ciq_ecommerce,2025-01,2025-Q1,Parasiticides,TickShield Plus,TICKSHIELD-PLUS_L,E-commerce,Region,South,14715,353159.48,0.82
ciq_ecommerce,2025-01,2025-Q1,Parasiticides,TickShield Plus,TICKSHIELD-PLUS_S,E-commerce,Region,South,20690,496549.33,0.82
ciq_ecommerce,2025-01,2025-Q1,Vaccines,Vanguard,VANGUARD_L,E-commerce,Region,South,9175,201859.72,0.82
ciq_ecommerce,2025-01,2025-Q1,Vaccines,Vanguard,VANGUARD_S,E-commerce,Region,South,13866,305050.03,0.82
ciq_ecommerce,2025-01,2025-Q1,Parasiticides,VectraGuard,VECTRAGUARD_L,E-commerce,Region,South,16927,440089.23,0.82
ciq_ecommerce,2025-01,2025-Q1,Parasiticides,VectraGuard,VECTRAGUARD_S,E-commerce,Region,South,23226,603874.45,0.82
ciq_ecommerce,2025-01,2025-Q1,Vaccines,VetGuard Immunize,VETGUARD-IMMUNIZE_L,E-commerce,Region,South,7898,150066.77,0.82
ciq_ecommerce,2025-01,2025-Q1,Vaccines,VetGuard Immunize,VETGUARD-IMMUNIZE_S,E-commerce,Region,South,10826,205696.51,0.82
ciq_ecommerce,2025-01,2025-Q1,Vaccines,VetSelect Core Vax,VETSELECT-CORE-VAX_L,E-commerce,Region,South,8583,120164.59,0.82
ciq_ecommerce,2025-01,2025-Q1,Vaccines,VetSelect Core Vax,VETSELECT-CORE-VAX_S,E-commerce,Region,South,11994,167917.96,0.82
ciq_ecommerce,2025-01,2025-Q1,Dermatology,VetSelect Derma,VETSELECT-DERMA_L,E-commerce,Region,South,5504,209134.84,0.82
ciq_ecommerce,2025-01,2025-Q1,Dermatology,VetSelect Derma,VETSELECT-DERMA_S,E-commerce,Region,South,8098,307741.23,0.82
ciq_ecommerce,2025-01,2025-Q1,Petcare Diagnostics,VetSelect Dx,VETSELECT-DX_L,E-commerce,Region,South,9252,111024.94,0.82
ciq_ecommerce,2025-01,2025-Q1,Petcare Diagnostics,VetSelect Dx,VETSELECT-DX_S,E-commerce,Region,South,13352,160227.16,0.82
ciq_ecommerce,2025-01,2025-Q1,Parasiticides,VetSelect Flea & Tick,VETSELECT-FLEA-TICK_L,E-commerce,Region,South,20963,356377.64,0.82
ciq_ecommerce,2025-01,2025-Q1,Parasiticides,VetSelect Flea & Tick,VETSELECT-FLEA-TICK_S,E-commerce,Region,South,29442,500509.62,0.82
ciq_ecommerce,2025-01,2025-Q1,Pain/Osteoarthritis,VetSelect Joint,VETSELECT-JOINT_L,E-commerce,Region,South,7337,212784.45,0.82
ciq_ecommerce,2025-01,2025-Q1,Pain/Osteoarthritis,VetSelect Joint,VETSELECT-JOINT_S,E-commerce,Region,South,9274,268956.56,0.82
ciq_ecommerce,2025-01,2025-Q1,Petcare Diagnostics,Vetscan,VETSCAN_L,E-commerce,Region,South,15895,286112.02,0.82
ciq_ecommerce,2025-01,2025-Q1,Petcare Diagnostics,Vetscan,VETSCAN_S,E-commerce,Region,South,22797,410346.02,0.82
ciq_ecommerce,2025-01,2025-Q1,Dermatology,AllerVet RX,ALLERVET-RX_L,E-commerce,Region,West,4124,222670.85,0.82
ciq_ecommerce,2025-01,2025-Q1,Dermatology,AllerVet RX,ALLERVET-RX_S,E-commerce,Region,West,5528,298516.4,0.82
ciq_ecommerce,2025-01,2025-Q1,Dermatology,Apoquel,APOQUEL_L,E-commerce,Region,West,5368,348911.04,0.82
ciq_ecommerce,2025-01,2025-Q1,Dermatology,Apoquel,APOQUEL_S,E-commerce,Region,West,7207,468437.07,0.82
ciq_ecommerce,2025-01,2025-Q1,Vaccines,BioShield Vax,BIOSHIELD-VAX_L,E-commerce,Region,West,5834,116671.28,0.82
ciq_ecommerce,2025-01,2025-Q1,Vaccines,BioShield Vax,BIOSHIELD-VAX_S,E-commerce,Region,West,8251,165020.94,0.82
ciq_ecommerce,2025-01,2025-Q1,Dermatology,DermaCalm,DERMACALM_L,E-commerce,Region,West,4467,259106.47,0.82
ciq_ecommerce,2025-01,2025-Q1,Dermatology,DermaCalm,DERMACALM_S,E-commerce,Region,West,5652,327824.2,0.82
ciq_ecommerce,2025-01,2025-Q1,Petcare Diagnostics,DiagnosTech Vet,DIAGNOSTECH-VET_L,E-commerce,Region,West,11276,191691.17,0.82
ciq_ecommerce,2025-01,2025-Q1,Petcare Diagnostics,DiagnosTech Vet,DIAGNOSTECH-VET_S,E-commerce,Region,West,16130,274216.39,0.82
ciq_ecommerce,2025-01,2025-Q1,Parasiticides,FleaStop Pro,FLEASTOP-PRO_L,E-commerce,Region,West,8199,172178.03,0.82
ciq_ecommerce,2025-01,2025-Q1,Parasiticides,FleaStop Pro,FLEASTOP-PRO_S,E-commerce,Region,West,12600,264608.03,0.82
ciq_ecommerce,2025-01,2025-Q1,Pain/Osteoarthritis,FlexiCare Joint,FLEXICARE-JOINT_L,E-commerce,Region,West,4906,215847.67,0.82
ciq_ecommerce,2025-01,2025-Q1,Pain/Osteoarthritis,FlexiCare Joint,FLEXICARE-JOINT_S,E-commerce,Region,West,6378,280640.06,0.82
ciq_ecommerce,2025-01,2025-Q1,Vaccines,ImmunoCore Canine,IMMUNOCORE-CANINE_L,E-commerce,Region,West,8026,168552.93,0.82
ciq_ecommerce,2025-01,2025-Q1,Vaccines,ImmunoCore Canine,IMMUNOCORE-CANINE_S,E-commerce,Region,West,10947,229876.84,0.82
ciq_ecommerce,2025-01,2025-Q1,Pain/Osteoarthritis,Librela,LIBRELA_L,E-commerce,Region,West,3918,188041.86,0.82
ciq_ecommerce,2025-01,2025-Q1,Pain/Osteoarthritis,Librela,LIBRELA_S,E-commerce,Region,West,5548,266326.68,0.82
ciq_ecommerce,2025-01,2025-Q1,Pain/Osteoarthritis,OsteoEase Vet,OSTEOEASE-VET_L,E-commerce,Region,West,4577,187658.47,0.82
ciq_ecommerce,2025-01,2025-Q1,Pain/Osteoarthritis,OsteoEase Vet,OSTEOEASE-VET_S,E-commerce,Region,West,5980,245198.19,0.82
ciq_ecommerce,2025-01,2025-Q1,Pain/Osteoarthritis,PainAway Canine,PAINAWAY-CANINE_L,E-commerce,Region,West,3937,145679.24,0.82
ciq_ecommerce,2025-01,2025-Q1,Pain/Osteoarthritis,PainAway Canine,PAINAWAY-CANINE_S,E-commerce,Region,West,5201,192441.75,0.82
ciq_ecommerce,2025-01,2025-Q1,Petcare Diagnostics,PetLab Analyzer,PETLAB-ANALYZER_L,E-commerce,Region,West,6655,99821.86,0.82
ciq_ecommerce,2025-01,2025-Q1,Petcare Diagnostics,PetLab Analyzer,PETLAB-ANALYZER_S,E-commerce,Region,West,8998,134972.04,0.82
ciq_ecommerce,2025-01,2025-Q1,Petcare Diagnostics,RapidVet Dx,RAPIDVET-DX_L,E-commerce,Region,West,10668,170688.18,0.82
ciq_ecommerce,2025-01,2025-Q1,Petcare Diagnostics,RapidVet Dx,RAPIDVET-DX_S,E-commerce,Region,West,14665,234635.29,0.82
ciq_ecommerce,2025-01,2025-Q1,Parasiticides,Simparica Trio,SIMPARICA-TRIO_L,E-commerce,Region,West,13363,374176.91,0.82
ciq_ecommerce,2025-01,2025-Q1,Parasiticides,Simparica Trio,SIMPARICA-TRIO_S,E-commerce,Region,West,18508,518227.47,0.82
ciq_ecommerce,2025-01,2025-Q1,Dermatology,SkinRelief Pro,SKINRELIEF-PRO_L,E-commerce,Region,West,3850,188649.92,0.82
ciq_ecommerce,2025-01,2025-Q1,Dermatology,SkinRelief Pro,SKINRELIEF-PRO_S,E-commerce,Region,West,4812,235778.49,0.82
ciq_ecommerce,2025-01,2025-Q1,Parasiticides,TickShield Plus,TICKSHIELD-PLUS_L,E-commerce,Region,West,9741,233779.07,0.82
ciq_ecommerce,2025-01,2025-Q1,Parasiticides,TickShield Plus,TICKSHIELD-PLUS_S,E-commerce,Region,West,13262,318293.08,0.82
ciq_ecommerce,2025-01,2025-Q1,Vaccines,Vanguard,VANGUARD_L,E-commerce,Region,West,6258,137665.23,0.82
ciq_ecommerce,2025-01,2025-Q1,Vaccines,Vanguard,VANGUARD_S,E-commerce,Region,West,9394,206658.85,0.82
ciq_ecommerce,2025-01,2025-Q1,Parasiticides,VectraGuard,VECTRAGUARD_L,E-commerce,Region,West,11077,288006.95,0.82
ciq_ecommerce,2025-01,2025-Q1,Parasiticides,VectraGuard,VECTRAGUARD_S,E-commerce,Region,West,13565,352678.52,0.82
ciq_ecommerce,2025-01,2025-Q1,Vaccines,VetGuard Immunize,VETGUARD-IMMUNIZE_L,E-commerce,Region,West,4693,89161.72,0.82
ciq_ecommerce,2025-01,2025-Q1,Vaccines,VetGuard Immunize,VETGUARD-IMMUNIZE_S,E-commerce,Region,West,7189,136599.44,0.82
ciq_ecommerce,2025-01,2025-Q1,Vaccines,VetSelect Core Vax,VETSELECT-CORE-VAX_L,E-commerce,Region,West,5959,83431.3,0.82
ciq_ecommerce,2025-01,2025-Q1,Vaccines,VetSelect Core Vax,VETSELECT-CORE-VAX_S,E-commerce,Region,West,7420,103883.36,0.82
ciq_ecommerce,2025-01,2025-Q1,Dermatology,VetSelect Derma,VETSELECT-DERMA_L,E-commerce,Region,West,4028,153057.41,0.82
ciq_ecommerce,2025-01,2025-Q1,Dermatology,VetSelect Derma,VETSELECT-DERMA_S,E-commerce,Region,West,5326,202370.12,0.82
ciq_ecommerce,2025-01,2025-Q1,Petcare Diagnostics,VetSelect Dx,VETSELECT-DX_L,E-commerce,Region,West,6060,72720.7,0.82
ciq_ecommerce,2025-01,2025-Q1,Petcare Diagnostics,VetSelect Dx,VETSELECT-DX_S,E-commerce,Region,West,8142,97708.5,0.82
ciq_ecommerce,2025-01,2025-Q1,Parasiticides,VetSelect Flea & Tick,VETSELECT-FLEA-TICK_L,E-commerce,Region,West,14474,246050.38,0.82
ciq_ecommerce,2025-01,2025-Q1,Parasiticides,VetSelect Flea & Tick,VETSELECT-FLEA-TICK_S,E-commerce,Region,West,22207,377527.31,0.82
ciq_ecommerce,2025-01,2025-Q1,Pain/Osteoarthritis,VetSelect Joint,VETSELECT-JOINT_L,E-commerce,Region,West,4610,133685.72,0.82
ciq_ecommerce,2025-01,2025-Q1,Pain/Osteoarthritis,VetSelect Joint,VETSELECT-JOINT_S,E-commerce,Region,West,6261,181577.26,0.82
ciq_ecommerce,2025-01,2025-Q1,Petcare Diagnostics,Vetscan,VETSCAN_L,E-commerce,Region,West,10208,183747.5,0.82
ciq_ecommerce,2025-01,2025-Q1,Petcare Diagnostics,Vetscan,VETSCAN_S,E-commerce,Region,West,14042,252750.08,0.82
ciq_ecommerce,2025-02,2025-Q1,Dermatology,AllerVet RX,ALLERVET-RX_L,E-commerce,National,National,18581,1003364.08,0.82
ciq_ecommerce,2025-02,2025-Q1,Dermatology,AllerVet RX,ALLERVET-RX_S,E-commerce,National,National,25187,1360093.36,0.82
ciq_ecommerce,2025-02,2025-Q1,Dermatology,Apoquel,APOQUEL_L,E-commerce,National,National,25768,1674913.25,0.82
ciq_ecommerce,2025-02,2025-Q1,Dermatology,Apoquel,APOQUEL_S,E-commerce,National,National,34867,2266365.67,0.82
ciq_ecommerce,2025-02,2025-Q1,Vaccines,BioShield Vax,BIOSHIELD-VAX_L,E-commerce,National,National,28603,572072.1,0.82
ciq_ecommerce,2025-02,2025-Q1,Vaccines,BioShield Vax,BIOSHIELD-VAX_S,E-commerce,National,National,38364,767292.42,0.82
ciq_ecommerce,2025-02,2025-Q1,Dermatology,DermaCalm,DERMACALM_L,E-commerce,National,National,19509,1131502.88,0.82
ciq_ecommerce,2025-02,2025-Q1,Dermatology,DermaCalm,DERMACALM_S,E-commerce,National,National,27685,1605680.78,0.82
ciq_ecommerce,2025-02,2025-Q1,Petcare Diagnostics,DiagnosTech Vet,DIAGNOSTECH-VET_L,E-commerce,National,National,49764,845981.14,0.82
ciq_ecommerce,2025-02,2025-Q1,Petcare Diagnostics,DiagnosTech Vet,DIAGNOSTECH-VET_S,E-commerce,National,National,69842,1187299.44,0.82
ciq_ecommerce,2025-02,2025-Q1,Parasiticides,FleaStop Pro,FLEASTOP-PRO_L,E-commerce,National,National,42207,886328.25,0.82
ciq_ecommerce,2025-02,2025-Q1,Parasiticides,FleaStop Pro,FLEASTOP-PRO_S,E-commerce,National,National,57520,1207928.41,0.82
ciq_ecommerce,2025-02,2025-Q1,Pain/Osteoarthritis,FlexiCare Joint,FLEXICARE-JOINT_L,E-commerce,National,National,19980,879066.31,0.82
ciq_ecommerce,2025-02,2025-Q1,Pain/Osteoarthritis,FlexiCare Joint,FLEXICARE-JOINT_S,E-commerce,National,National,27164,1195187.06,0.82
ciq_ecommerce,2025-02,2025-Q1,Vaccines,ImmunoCore Canine,IMMUNOCORE-CANINE_L,E-commerce,National,National,35152,738167.77,0.82
ciq_ecommerce,2025-02,2025-Q1,Vaccines,ImmunoCore Canine,IMMUNOCORE-CANINE_S,E-commerce,National,National,47169,990555.12,0.82
ciq_ecommerce,2025-02,2025-Q1,Pain/Osteoarthritis,Librela,LIBRELA_L,E-commerce,National,National,17307,830763.72,0.82
ciq_ecommerce,2025-02,2025-Q1,Pain/Osteoarthritis,Librela,LIBRELA_S,E-commerce,National,National,24305,1166657.37,0.82
ciq_ecommerce,2025-02,2025-Q1,Pain/Osteoarthritis,OsteoEase Vet,OSTEOEASE-VET_L,E-commerce,National,National,17954,736065.74,0.82
ciq_ecommerce,2025-02,2025-Q1,Pain/Osteoarthritis,OsteoEase Vet,OSTEOEASE-VET_S,E-commerce,National,National,24415,1000981.3,0.82
ciq_ecommerce,2025-02,2025-Q1,Pain/Osteoarthritis,PainAway Canine,PAINAWAY-CANINE_L,E-commerce,National,National,16133,596881.66,0.82
ciq_ecommerce,2025-02,2025-Q1,Pain/Osteoarthritis,PainAway Canine,PAINAWAY-CANINE_S,E-commerce,National,National,22550,834344.26,0.82
ciq_ecommerce,2025-02,2025-Q1,Petcare Diagnostics,PetLab Analyzer,PETLAB-ANALYZER_L,E-commerce,National,National,30334,455007.53,0.82
ciq_ecommerce,2025-02,2025-Q1,Petcare Diagnostics,PetLab Analyzer,PETLAB-ANALYZER_S,E-commerce,National,National,41171,617559.01,0.82
ciq_ecommerce,2025-02,2025-Q1,Petcare Diagnostics,RapidVet Dx,RAPIDVET-DX_L,E-commerce,National,National,47562,760986.57,0.82
ciq_ecommerce,2025-02,2025-Q1,Petcare Diagnostics,RapidVet Dx,RAPIDVET-DX_S,E-commerce,National,National,64156,1026515.94,0.82
ciq_ecommerce,2025-02,2025-Q1,Parasiticides,Simparica Trio,SIMPARICA-TRIO_L,E-commerce,National,National,71765,2009402.31,0.82
ciq_ecommerce,2025-02,2025-Q1,Parasiticides,Simparica Trio,SIMPARICA-TRIO_S,E-commerce,National,National,99256,2779162.14,0.82
ciq_ecommerce,2025-02,2025-Q1,Dermatology,SkinRelief Pro,SKINRELIEF-PRO_L,E-commerce,National,National,15159,742781.59,0.82
ciq_ecommerce,2025-02,2025-Q1,Dermatology,SkinRelief Pro,SKINRELIEF-PRO_S,E-commerce,National,National,22213,1088387.44,0.82
ciq_ecommerce,2025-02,2025-Q1,Parasiticides,TickShield Plus,TICKSHIELD-PLUS_L,E-commerce,National,National,51542,1236992.69,0.82
ciq_ecommerce,2025-02,2025-Q1,Parasiticides,TickShield Plus,TICKSHIELD-PLUS_S,E-commerce,National,National,71702,1720854.41,0.82
ciq_ecommerce,2025-02,2025-Q1,Vaccines,Vanguard,VANGUARD_L,E-commerce,National,National,31688,697121.36,0.82
ciq_ecommerce,2025-02,2025-Q1,Vaccines,Vanguard,VANGUARD_S,E-commerce,National,National,43239,951233.21,0.82
ciq_ecommerce,2025-02,2025-Q1,Parasiticides,VectraGuard,VECTRAGUARD_L,E-commerce,National,National,57660,1499148.09,0.82
ciq_ecommerce,2025-02,2025-Q1,Parasiticides,VectraGuard,VECTRAGUARD_S,E-commerce,National,National,85748,2229429.02,0.82
ciq_ecommerce,2025-02,2025-Q1,Vaccines,VetGuard Immunize,VETGUARD-IMMUNIZE_L,E-commerce,National,National,25810,490394.35,0.82
ciq_ecommerce,2025-02,2025-Q1,Vaccines,VetGuard Immunize,VETGUARD-IMMUNIZE_S,E-commerce,National,National,35311,670918.34,0.82
ciq_ecommerce,2025-02,2025-Q1,Vaccines,VetSelect Core Vax,VETSELECT-CORE-VAX_L,E-commerce,National,National,29044,406622.58,0.82
ciq_ecommerce,2025-02,2025-Q1,Vaccines,VetSelect Core Vax,VETSELECT-CORE-VAX_S,E-commerce,National,National,40622,568693.96,0.82
ciq_ecommerce,2025-02,2025-Q1,Dermatology,VetSelect Derma,VETSELECT-DERMA_L,E-commerce,National,National,17531,666163.48,0.82
ciq_ecommerce,2025-02,2025-Q1,Dermatology,VetSelect Derma,VETSELECT-DERMA_S,E-commerce,National,National,23427,890246.17,0.82
ciq_ecommerce,2025-02,2025-Q1,Petcare Diagnostics,VetSelect Dx,VETSELECT-DX_L,E-commerce,National,National,30219,362616.02,0.82
ciq_ecommerce,2025-02,2025-Q1,Petcare Diagnostics,VetSelect Dx,VETSELECT-DX_S,E-commerce,National,National,41641,499696.13,0.82
ciq_ecommerce,2025-02,2025-Q1,Parasiticides,VetSelect Flea & Tick,VETSELECT-FLEA-TICK_L,E-commerce,National,National,72269,1228598.38,0.82
ciq_ecommerce,2025-02,2025-Q1,Parasiticides,VetSelect Flea & Tick,VETSELECT-FLEA-TICK_S,E-commerce,National,National,106898,1817284.27,0.82
ciq_ecommerce,2025-02,2025-Q1,Pain/Osteoarthritis,VetSelect Joint,VETSELECT-JOINT_L,E-commerce,National,National,20000,580005.0,0.82
ciq_ecommerce,2025-02,2025-Q1,Pain/Osteoarthritis,VetSelect Joint,VETSELECT-JOINT_S,E-commerce,National,National,27111,786213.04,0.82
ciq_ecommerce,2025-02,2025-Q1,Petcare Diagnostics,Vetscan,VETSCAN_L,E-commerce,National,National,45850,825291.09,0.82
ciq_ecommerce,2025-02,2025-Q1,Petcare Diagnostics,Vetscan,VETSCAN_S,E-commerce,National,National,64467,1160383.41,0.82
ciq_ecommerce,2025-02,2025-Q1,Dermatology,AllerVet RX,ALLERVET-RX_L,E-commerce,Region,Midwest,4030,217631.36,0.82
ciq_ecommerce,2025-02,2025-Q1,Dermatology,AllerVet RX,ALLERVET-RX_S,E-commerce,Region,Midwest,5511,297589.02,0.82
ciq_ecommerce,2025-02,2025-Q1,Dermatology,Apoquel,APOQUEL_L,E-commerce,Region,Midwest,5415,351955.33,0.82
ciq_ecommerce,2025-02,2025-Q1,Dermatology,Apoquel,APOQUEL_S,E-commerce,Region,Midwest,7512,488273.59,0.82
ciq_ecommerce,2025-02,2025-Q1,Vaccines,BioShield Vax,BIOSHIELD-VAX_L,E-commerce,Region,Midwest,6016,120327.64,0.82
ciq_ecommerce,2025-02,2025-Q1,Vaccines,BioShield Vax,BIOSHIELD-VAX_S,E-commerce,Region,Midwest,8101,162020.24,0.82
ciq_ecommerce,2025-02,2025-Q1,Dermatology,DermaCalm,DERMACALM_L,E-commerce,Region,Midwest,4012,232702.49,0.82
ciq_ecommerce,2025-02,2025-Q1,Dermatology,DermaCalm,DERMACALM_S,E-commerce,Region,Midwest,5697,330410.06,0.82
ciq_ecommerce,2025-02,2025-Q1,Petcare Diagnostics,DiagnosTech Vet,DIAGNOSTECH-VET_L,E-commerce,Region,Midwest,10916,185568.27,0.82
ciq_ecommerce,2025-02,2025-Q1,Petcare Diagnostics,DiagnosTech Vet,DIAGNOSTECH-VET_S,E-commerce,Region,Midwest,15378,261421.84,0.82
ciq_ecommerce,2025-02,2025-Q1,Parasiticides,FleaStop Pro,FLEASTOP-PRO_L,E-commerce,Region,Midwest,8488,178246.06,0.82
ciq_ecommerce,2025-02,2025-Q1,Parasiticides,FleaStop Pro,FLEASTOP-PRO_S,E-commerce,Region,Midwest,12150,255149.94,0.82
ciq_ecommerce,2025-02,2025-Q1,Pain/Osteoarthritis,FlexiCare Joint,FLEXICARE-JOINT_L,E-commerce,Region,Midwest,4218,185576.43,0.82
ciq_ecommerce,2025-02,2025-Q1,Pain/Osteoarthritis,FlexiCare Joint,FLEXICARE-JOINT_S,E-commerce,Region,Midwest,6048,266116.99,0.82
ciq_ecommerce,2025-02,2025-Q1,Vaccines,ImmunoCore Canine,IMMUNOCORE-CANINE_L,E-commerce,Region,Midwest,6883,144536.98,0.82
ciq_ecommerce,2025-02,2025-Q1,Vaccines,ImmunoCore Canine,IMMUNOCORE-CANINE_S,E-commerce,Region,Midwest,8853,185915.16,0.82
ciq_ecommerce,2025-02,2025-Q1,Pain/Osteoarthritis,Librela,LIBRELA_L,E-commerce,Region,Midwest,3797,182268.75,0.82
ciq_ecommerce,2025-02,2025-Q1,Pain/Osteoarthritis,Librela,LIBRELA_S,E-commerce,Region,Midwest,5070,243352.25,0.82
ciq_ecommerce,2025-02,2025-Q1,Pain/Osteoarthritis,OsteoEase Vet,OSTEOEASE-VET_L,E-commerce,Region,Midwest,3759,154110.08,0.82
ciq_ecommerce,2025-02,2025-Q1,Pain/Osteoarthritis,OsteoEase Vet,OSTEOEASE-VET_S,E-commerce,Region,Midwest,5096,208922.61,0.82
ciq_ecommerce,2025-02,2025-Q1,Pain/Osteoarthritis,PainAway Canine,PAINAWAY-CANINE_L,E-commerce,Region,Midwest,3416,126386.71,0.82
ciq_ecommerce,2025-02,2025-Q1,Pain/Osteoarthritis,PainAway Canine,PAINAWAY-CANINE_S,E-commerce,Region,Midwest,4525,167419.01,0.82
ciq_ecommerce,2025-02,2025-Q1,Petcare Diagnostics,PetLab Analyzer,PETLAB-ANALYZER_L,E-commerce,Region,Midwest,6543,98148.0,0.82
ciq_ecommerce,2025-02,2025-Q1,Petcare Diagnostics,PetLab Analyzer,PETLAB-ANALYZER_S,E-commerce,Region,Midwest,8749,131232.35,0.82
ciq_ecommerce,2025-02,2025-Q1,Petcare Diagnostics,RapidVet Dx,RAPIDVET-DX_L,E-commerce,Region,Midwest,10500,168005.72,0.82
ciq_ecommerce,2025-02,2025-Q1,Petcare Diagnostics,RapidVet Dx,RAPIDVET-DX_S,E-commerce,Region,Midwest,13567,217076.35,0.82
ciq_ecommerce,2025-02,2025-Q1,Parasiticides,Simparica Trio,SIMPARICA-TRIO_L,E-commerce,Region,Midwest,15933,446118.44,0.82
ciq_ecommerce,2025-02,2025-Q1,Parasiticides,Simparica Trio,SIMPARICA-TRIO_S,E-commerce,Region,Midwest,21675,606909.64,0.82
ciq_ecommerce,2025-02,2025-Q1,Dermatology,SkinRelief Pro,SKINRELIEF-PRO_L,E-commerce,Region,Midwest,3295,161464.42,0.82
ciq_ecommerce,2025-02,2025-Q1,Dermatology,SkinRelief Pro,SKINRELIEF-PRO_S,E-commerce,Region,Midwest,4534,222171.89,0.82
ciq_ecommerce,2025-02,2025-Q1,Parasiticides,TickShield Plus,TICKSHIELD-PLUS_L,E-commerce,Region,Midwest,10812,259483.79,0.82
ciq_ecommerce,2025-02,2025-Q1,Parasiticides,TickShield Plus,TICKSHIELD-PLUS_S,E-commerce,Region,Midwest,15039,360940.05,0.82
ciq_ecommerce,2025-02,2025-Q1,Vaccines,Vanguard,VANGUARD_L,E-commerce,Region,Midwest,6137,135012.99,0.82
ciq_ecommerce,2025-02,2025-Q1,Vaccines,Vanguard,VANGUARD_S,E-commerce,Region,Midwest,8962,197154.21,0.82
ciq_ecommerce,2025-02,2025-Q1,Parasiticides,VectraGuard,VECTRAGUARD_L,E-commerce,Region,Midwest,12350,321092.98,0.82
ciq_ecommerce,2025-02,2025-Q1,Parasiticides,VectraGuard,VECTRAGUARD_S,E-commerce,Region,Midwest,17555,456425.83,0.82
ciq_ecommerce,2025-02,2025-Q1,Vaccines,VetGuard Immunize,VETGUARD-IMMUNIZE_L,E-commerce,Region,Midwest,5674,107810.33,0.82
ciq_ecommerce,2025-02,2025-Q1,Vaccines,VetGuard Immunize,VETGUARD-IMMUNIZE_S,E-commerce,Region,Midwest,7882,149757.84,0.82
ciq_ecommerce,2025-02,2025-Q1,Vaccines,VetSelect Core Vax,VETSELECT-CORE-VAX_L,E-commerce,Region,Midwest,5810,81343.51,0.82
ciq_ecommerce,2025-02,2025-Q1,Vaccines,VetSelect Core Vax,VETSELECT-CORE-VAX_S,E-commerce,Region,Midwest,8262,115671.01,0.82
ciq_ecommerce,2025-02,2025-Q1,Dermatology,VetSelect Derma,VETSELECT-DERMA_L,E-commerce,Region,Midwest,3972,150943.85,0.82
ciq_ecommerce,2025-02,2025-Q1,Dermatology,VetSelect Derma,VETSELECT-DERMA_S,E-commerce,Region,Midwest,5172,196542.25,0.82
ciq_ecommerce,2025-02,2025-Q1,Petcare Diagnostics,VetSelect Dx,VETSELECT-DX_L,E-commerce,Region,Midwest,6173,74076.41,0.82
ciq_ecommerce,2025-02,2025-Q1,Petcare Diagnostics,VetSelect Dx,VETSELECT-DX_S,E-commerce,Region,Midwest,9198,110378.2,0.82
ciq_ecommerce,2025-02,2025-Q1,Parasiticides,VetSelect Flea & Tick,VETSELECT-FLEA-TICK_L,E-commerce,Region,Midwest,14833,252168.34,0.82
ciq_ecommerce,2025-02,2025-Q1,Parasiticides,VetSelect Flea & Tick,VETSELECT-FLEA-TICK_S,E-commerce,Region,Midwest,21929,372795.88,0.82
ciq_ecommerce,2025-02,2025-Q1,Pain/Osteoarthritis,VetSelect Joint,VETSELECT-JOINT_L,E-commerce,Region,Midwest,4195,121653.96,0.82
ciq_ecommerce,2025-02,2025-Q1,Pain/Osteoarthritis,VetSelect Joint,VETSELECT-JOINT_S,E-commerce,Region,Midwest,5467,158539.3,0.82
ciq_ecommerce,2025-02,2025-Q1,Petcare Diagnostics,Vetscan,VETSCAN_L,E-commerce,Region,Midwest,9571,172269.2,0.82
ciq_ecommerce,2025-02,2025-Q1,Petcare Diagnostics,Vetscan,VETSCAN_S,E-commerce,Region,Midwest,13411,241393.12,0.82
ciq_ecommerce,2025-02,2025-Q1,Dermatology,AllerVet RX,ALLERVET-RX_L,E-commerce,Region,Northeast,4217,227718.13,0.82
ciq_ecommerce,2025-02,2025-Q1,Dermatology,AllerVet RX,ALLERVET-RX_S,E-commerce,Region,Northeast,5346,288703.61,0.82
ciq_ecommerce,2025-02,2025-Q1,Dermatology,Apoquel,APOQUEL_L,E-commerce,Region,Northeast,5365,348756.69,0.82
ciq_ecommerce,2025-02,2025-Q1,Dermatology,Apoquel,APOQUEL_S,E-commerce,Region,Northeast,7671,498589.74,0.82
ciq_ecommerce,2025-02,2025-Q1,Vaccines,BioShield Vax,BIOSHIELD-VAX_L,E-commerce,Region,Northeast,6121,122420.14,0.82
ciq_ecommerce,2025-02,2025-Q1,Vaccines,BioShield Vax,BIOSHIELD-VAX_S,E-commerce,Region,Northeast,8147,162946.88,0.82
ciq_ecommerce,2025-02,2025-Q1,Dermatology,DermaCalm,DERMACALM_L,E-commerce,Region,Northeast,4546,263652.91,0.82
ciq_ecommerce,2025-02,2025-Q1,Dermatology,DermaCalm,DERMACALM_S,E-commerce,Region,Northeast,6241,361962.35,0.82
ciq_ecommerce,2025-02,2025-Q1,Petcare Diagnostics,DiagnosTech Vet,DIAGNOSTECH-VET_L,E-commerce,Region,Northeast,10654,181111.03,0.82
ciq_ecommerce,2025-02,2025-Q1,Petcare Diagnostics,DiagnosTech Vet,DIAGNOSTECH-VET_S,E-commerce,Region,Northeast,15734,267473.97,0.82
ciq_ecommerce,2025-02,2025-Q1,Parasiticides,FleaStop Pro,FLEASTOP-PRO_L,E-commerce,Region,Northeast,9331,195951.29,0.82
ciq_ecommerce,2025-02,2025-Q1,Parasiticides,FleaStop Pro,FLEASTOP-PRO_S,E-commerce,Region,Northeast,12338,259094.57,0.82
ciq_ecommerce,2025-02,2025-Q1,Pain/Osteoarthritis,FlexiCare Joint,FLEXICARE-JOINT_L,E-commerce,Region,Northeast,4206,185043.42,0.82
ciq_ecommerce,2025-02,2025-Q1,Pain/Osteoarthritis,FlexiCare Joint,FLEXICARE-JOINT_S,E-commerce,Region,Northeast,5928,260823.72,0.82
ciq_ecommerce,2025-02,2025-Q1,Vaccines,ImmunoCore Canine,IMMUNOCORE-CANINE_L,E-commerce,Region,Northeast,7574,159044.23,0.82
ciq_ecommerce,2025-02,2025-Q1,Vaccines,ImmunoCore Canine,IMMUNOCORE-CANINE_S,E-commerce,Region,Northeast,9730,204331.26,0.82
ciq_ecommerce,2025-02,2025-Q1,Pain/Osteoarthritis,Librela,LIBRELA_L,E-commerce,Region,Northeast,3786,181725.55,0.82
ciq_ecommerce,2025-02,2025-Q1,Pain/Osteoarthritis,Librela,LIBRELA_S,E-commerce,Region,Northeast,5046,242223.37,0.82
ciq_ecommerce,2025-02,2025-Q1,Pain/Osteoarthritis,OsteoEase Vet,OSTEOEASE-VET_L,E-commerce,Region,Northeast,3783,155093.85,0.82
ciq_ecommerce,2025-02,2025-Q1,Pain/Osteoarthritis,OsteoEase Vet,OSTEOEASE-VET_S,E-commerce,Region,Northeast,5423,222333.93,0.82
ciq_ecommerce,2025-02,2025-Q1,Pain/Osteoarthritis,PainAway Canine,PAINAWAY-CANINE_L,E-commerce,Region,Northeast,3593,132922.73,0.82
ciq_ecommerce,2025-02,2025-Q1,Pain/Osteoarthritis,PainAway Canine,PAINAWAY-CANINE_S,E-commerce,Region,Northeast,5104,188843.4,0.82
ciq_ecommerce,2025-02,2025-Q1,Petcare Diagnostics,PetLab Analyzer,PETLAB-ANALYZER_L,E-commerce,Region,Northeast,6886,103282.68,0.82
ciq_ecommerce,2025-02,2025-Q1,Petcare Diagnostics,PetLab Analyzer,PETLAB-ANALYZER_S,E-commerce,Region,Northeast,8889,133334.72,0.82
ciq_ecommerce,2025-02,2025-Q1,Petcare Diagnostics,RapidVet Dx,RAPIDVET-DX_L,E-commerce,Region,Northeast,10264,164216.77,0.82
ciq_ecommerce,2025-02,2025-Q1,Petcare Diagnostics,RapidVet Dx,RAPIDVET-DX_S,E-commerce,Region,Northeast,14068,225094.36,0.82
ciq_ecommerce,2025-02,2025-Q1,Parasiticides,Simparica Trio,SIMPARICA-TRIO_L,E-commerce,Region,Northeast,15532,434899.34,0.82
ciq_ecommerce,2025-02,2025-Q1,Parasiticides,Simparica Trio,SIMPARICA-TRIO_S,E-commerce,Region,Northeast,21847,611706.42,0.82
ciq_ecommerce,2025-02,2025-Q1,Dermatology,SkinRelief Pro,SKINRELIEF-PRO_L,E-commerce,Region,Northeast,3438,168461.39,0.82
ciq_ecommerce,2025-02,2025-Q1,Dermatology,SkinRelief Pro,SKINRELIEF-PRO_S,E-commerce,Region,Northeast,5072,248505.1,0.82
ciq_ecommerce,2025-02,2025-Q1,Parasiticides,TickShield Plus,TICKSHIELD-PLUS_L,E-commerce,Region,Northeast,10918,262037.51,0.82
ciq_ecommerce,2025-02,2025-Q1,Parasiticides,TickShield Plus,TICKSHIELD-PLUS_S,E-commerce,Region,Northeast,16138,387313.14,0.82
ciq_ecommerce,2025-02,2025-Q1,Vaccines,Vanguard,VANGUARD_L,E-commerce,Region,Northeast,7392,162625.06,0.82
ciq_ecommerce,2025-02,2025-Q1,Vaccines,Vanguard,VANGUARD_S,E-commerce,Region,Northeast,10095,222079.86,0.82
ciq_ecommerce,2025-02,2025-Q1,Parasiticides,VectraGuard,VECTRAGUARD_L,E-commerce,Region,Northeast,12306,319944.02,0.82
ciq_ecommerce,2025-02,2025-Q1,Parasiticides,VectraGuard,VECTRAGUARD_S,E-commerce,Region,Northeast,19643,510709.48,0.82
ciq_ecommerce,2025-02,2025-Q1,Vaccines,VetGuard Immunize,VETGUARD-IMMUNIZE_L,E-commerce,Region,Northeast,5355,101753.28,0.82
ciq_ecommerce,2025-02,2025-Q1,Vaccines,VetGuard Immunize,VETGUARD-IMMUNIZE_S,E-commerce,Region,Northeast,7241,137585.54,0.82
ciq_ecommerce,2025-02,2025-Q1,Vaccines,VetSelect Core Vax,VETSELECT-CORE-VAX_L,E-commerce,Region,Northeast,6326,88569.69,0.82
ciq_ecommerce,2025-02,2025-Q1,Vaccines,VetSelect Core Vax,VETSELECT-CORE-VAX_S,E-commerce,Region,Northeast,8478,118685.45,0.82
ciq_ecommerce,2025-02,2025-Q1,Dermatology,VetSelect Derma,VETSELECT-DERMA_L,E-commerce,Region,Northeast,3729,141697.58,0.82
ciq_ecommerce,2025-02,2025-Q1,Dermatology,VetSelect Derma,VETSELECT-DERMA_S,E-commerce,Region,Northeast,5110,194187.87,0.82
ciq_ecommerce,2025-02,2025-Q1,Petcare Diagnostics,VetSelect Dx,VETSELECT-DX_L,E-commerce,Region,Northeast,6820,81834.96,0.82
ciq_ecommerce,2025-02,2025-Q1,Petcare Diagnostics,VetSelect Dx,VETSELECT-DX_S,E-commerce,Region,Northeast,9333,112001.38,0.82
ciq_ecommerce,2025-02,2025-Q1,Parasiticides,VetSelect Flea & Tick,VETSELECT-FLEA-TICK_L,E-commerce,Region,Northeast,14779,251248.93,0.82
ciq_ecommerce,2025-02,2025-Q1,Parasiticides,VetSelect Flea & Tick,VETSELECT-FLEA-TICK_S,E-commerce,Region,Northeast,23508,399640.89,0.82
ciq_ecommerce,2025-02,2025-Q1,Pain/Osteoarthritis,VetSelect Joint,VETSELECT-JOINT_L,E-commerce,Region,Northeast,4394,127420.77,0.82
ciq_ecommerce,2025-02,2025-Q1,Pain/Osteoarthritis,VetSelect Joint,VETSELECT-JOINT_S,E-commerce,Region,Northeast,5621,163016.43,0.82
ciq_ecommerce,2025-02,2025-Q1,Petcare Diagnostics,Vetscan,VETSCAN_L,E-commerce,Region,Northeast,9980,179646.31,0.82
ciq_ecommerce,2025-02,2025-Q1,Petcare Diagnostics,Vetscan,VETSCAN_S,E-commerce,Region,Northeast,13638,245477.28,0.82
ciq_ecommerce,2025-02,2025-Q1,Dermatology,AllerVet RX,ALLERVET-RX_L,E-commerce,Region,South,6226,336204.34,0.82
ciq_ecommerce,2025-02,2025-Q1,Dermatology,AllerVet RX,ALLERVET-RX_S,E-commerce,Region,South,8589,463808.85,0.82
ciq_ecommerce,2025-02,2025-Q1,Dermatology,Apoquel,APOQUEL_L,E-commerce,Region,South,9208,598504.8,0.82
ciq_ecommerce,2025-02,2025-Q1,Dermatology,Apoquel,APOQUEL_S,E-commerce,Region,South,12204,793291.34,0.82
ciq_ecommerce,2025-02,2025-Q1,Vaccines,BioShield Vax,BIOSHIELD-VAX_L,E-commerce,Region,South,9932,198643.61,0.82
ciq_ecommerce,2025-02,2025-Q1,Vaccines,BioShield Vax,BIOSHIELD-VAX_S,E-commerce,Region,South,13089,261778.03,0.82
ciq_ecommerce,2025-02,2025-Q1,Dermatology,DermaCalm,DERMACALM_L,E-commerce,Region,South,6113,354550.29,0.82
ciq_ecommerce,2025-02,2025-Q1,Dermatology,DermaCalm,DERMACALM_S,E-commerce,Region,South,9154,530930.88,0.82
ciq_ecommerce,2025-02,2025-Q1,Petcare Diagnostics,DiagnosTech Vet,DIAGNOSTECH-VET_L,E-commerce,Region,South,16663,283276.07,0.82
ciq_ecommerce,2025-02,2025-Q1,Petcare Diagnostics,DiagnosTech Vet,DIAGNOSTECH-VET_S,E-commerce,Region,South,22217,377691.08,0.82
ciq_ecommerce,2025-02,2025-Q1,Parasiticides,FleaStop Pro,FLEASTOP-PRO_L,E-commerce,Region,South,14039,294808.56,0.82
ciq_ecommerce,2025-02,2025-Q1,Parasiticides,FleaStop Pro,FLEASTOP-PRO_S,E-commerce,Region,South,19069,400455.86,0.82
ciq_ecommerce,2025-02,2025-Q1,Pain/Osteoarthritis,FlexiCare Joint,FLEXICARE-JOINT_L,E-commerce,Region,South,7362,323926.83,0.82
ciq_ecommerce,2025-02,2025-Q1,Pain/Osteoarthritis,FlexiCare Joint,FLEXICARE-JOINT_S,E-commerce,Region,South,8932,392988.4,0.82
ciq_ecommerce,2025-02,2025-Q1,Vaccines,ImmunoCore Canine,IMMUNOCORE-CANINE_L,E-commerce,Region,South,12883,270538.03,0.82
ciq_ecommerce,2025-02,2025-Q1,Vaccines,ImmunoCore Canine,IMMUNOCORE-CANINE_S,E-commerce,Region,South,17589,369368.68,0.82
ciq_ecommerce,2025-02,2025-Q1,Pain/Osteoarthritis,Librela,LIBRELA_L,E-commerce,Region,South,5795,278162.52,0.82
ciq_ecommerce,2025-02,2025-Q1,Pain/Osteoarthritis,Librela,LIBRELA_S,E-commerce,Region,South,8733,419188.5,0.82
ciq_ecommerce,2025-02,2025-Q1,Pain/Osteoarthritis,OsteoEase Vet,OSTEOEASE-VET_L,E-commerce,Region,South,5804,237951.72,0.82
ciq_ecommerce,2025-02,2025-Q1,Pain/Osteoarthritis,OsteoEase Vet,OSTEOEASE-VET_S,E-commerce,Region,South,7968,326694.75,0.82
ciq_ecommerce,2025-02,2025-Q1,Pain/Osteoarthritis,PainAway Canine,PAINAWAY-CANINE_L,E-commerce,Region,South,5547,205232.88,0.82
ciq_ecommerce,2025-02,2025-Q1,Pain/Osteoarthritis,PainAway Canine,PAINAWAY-CANINE_S,E-commerce,Region,South,7687,284415.14,0.82
ciq_ecommerce,2025-02,2025-Q1,Petcare Diagnostics,PetLab Analyzer,PETLAB-ANALYZER_L,E-commerce,Region,South,10187,152801.75,0.82
ciq_ecommerce,2025-02,2025-Q1,Petcare Diagnostics,PetLab Analyzer,PETLAB-ANALYZER_S,E-commerce,Region,South,13772,206577.02,0.82
ciq_ecommerce,2025-02,2025-Q1,Petcare Diagnostics,RapidVet Dx,RAPIDVET-DX_L,E-commerce,Region,South,15987,255785.97,0.82
ciq_ecommerce,2025-02,2025-Q1,Petcare Diagnostics,RapidVet Dx,RAPIDVET-DX_S,E-commerce,Region,South,21886,350180.36,0.82
ciq_ecommerce,2025-02,2025-Q1,Parasiticides,Simparica Trio,SIMPARICA-TRIO_L,E-commerce,Region,South,23679,663007.1,0.82
ciq_ecommerce,2025-02,2025-Q1,Parasiticides,Simparica Trio,SIMPARICA-TRIO_S,E-commerce,Region,South,34158,956412.38,0.82
ciq_ecommerce,2025-02,2025-Q1,Dermatology,SkinRelief Pro,SKINRELIEF-PRO_L,E-commerce,Region,South,5260,257723.82,0.82
ciq_ecommerce,2025-02,2025-Q1,Dermatology,SkinRelief Pro,SKINRELIEF-PRO_S,E-commerce,Region,South,7829,383597.89,0.82
ciq_ecommerce,2025-02,2025-Q1,Parasiticides,TickShield Plus,TICKSHIELD-PLUS_L,E-commerce,Region,South,17945,430669.66,0.82
ciq_ecommerce,2025-02,2025-Q1,Parasiticides,TickShield Plus,TICKSHIELD-PLUS_S,E-commerce,Region,South,24272,582523.21,0.82
ciq_ecommerce,2025-02,2025-Q1,Vaccines,Vanguard,VANGUARD_L,E-commerce,Region,South,10930,240454.65,0.82
ciq_ecommerce,2025-02,2025-Q1,Vaccines,Vanguard,VANGUARD_S,E-commerce,Region,South,14359,315889.26,0.82
ciq_ecommerce,2025-02,2025-Q1,Parasiticides,VectraGuard,VECTRAGUARD_L,E-commerce,Region,South,18802,488849.66,0.82
ciq_ecommerce,2025-02,2025-Q1,Parasiticides,VectraGuard,VECTRAGUARD_S,E-commerce,Region,South,29182,758727.47,0.82
ciq_ecommerce,2025-02,2025-Q1,Vaccines,VetGuard Immunize,VETGUARD-IMMUNIZE_L,E-commerce,Region,South,8824,167656.28,0.82
ciq_ecommerce,2025-02,2025-Q1,Vaccines,VetGuard Immunize,VETGUARD-IMMUNIZE_S,E-commerce,Region,South,12066,229250.05,0.82
ciq_ecommerce,2025-02,2025-Q1,Vaccines,VetSelect Core Vax,VETSELECT-CORE-VAX_L,E-commerce,Region,South,10136,141907.75,0.82
ciq_ecommerce,2025-02,2025-Q1,Vaccines,VetSelect Core Vax,VETSELECT-CORE-VAX_S,E-commerce,Region,South,14162,198263.77,0.82
ciq_ecommerce,2025-02,2025-Q1,Dermatology,VetSelect Derma,VETSELECT-DERMA_L,E-commerce,Region,South,5934,225481.33,0.82
ciq_ecommerce,2025-02,2025-Q1,Dermatology,VetSelect Derma,VETSELECT-DERMA_S,E-commerce,Region,South,7961,302531.12,0.82
ciq_ecommerce,2025-02,2025-Q1,Petcare Diagnostics,VetSelect Dx,VETSELECT-DX_L,E-commerce,Region,South,10606,127270.05,0.82
ciq_ecommerce,2025-02,2025-Q1,Petcare Diagnostics,VetSelect Dx,VETSELECT-DX_S,E-commerce,Region,South,14069,168825.76,0.82
ciq_ecommerce,2025-02,2025-Q1,Parasiticides,VetSelect Flea & Tick,VETSELECT-FLEA-TICK_L,E-commerce,Region,South,25349,430937.07,0.82
ciq_ecommerce,2025-02,2025-Q1,Parasiticides,VetSelect Flea & Tick,VETSELECT-FLEA-TICK_S,E-commerce,Region,South,37095,630623.45,0.82
ciq_ecommerce,2025-02,2025-Q1,Pain/Osteoarthritis,VetSelect Joint,VETSELECT-JOINT_L,E-commerce,Region,South,6960,201842.6,0.82
ciq_ecommerce,2025-02,2025-Q1,Pain/Osteoarthritis,VetSelect Joint,VETSELECT-JOINT_S,E-commerce,Region,South,9655,279986.32,0.82
ciq_ecommerce,2025-02,2025-Q1,Petcare Diagnostics,Vetscan,VETSCAN_L,E-commerce,Region,South,16292,293247.55,0.82
ciq_ecommerce,2025-02,2025-Q1,Petcare Diagnostics,Vetscan,VETSCAN_S,E-commerce,Region,South,22157,398817.58,0.82
ciq_ecommerce,2025-02,2025-Q1,Dermatology,AllerVet RX,ALLERVET-RX_L,E-commerce,Region,West,4108,221810.25,0.82
ciq_ecommerce,2025-02,2025-Q1,Dermatology,AllerVet RX,ALLERVET-RX_S,E-commerce,Region,West,5741,309991.88,0.82
ciq_ecommerce,2025-02,2025-Q1,Dermatology,Apoquel,APOQUEL_L,E-commerce,Region,West,5780,375696.43,0.82
ciq_ecommerce,2025-02,2025-Q1,Dermatology,Apoquel,APOQUEL_S,E-commerce,Region,West,7480,486211.0,0.82
ciq_ecommerce,2025-02,2025-Q1,Vaccines,BioShield Vax,BIOSHIELD-VAX_L,E-commerce,Region,West,6534,130680.71,0.82
ciq_ecommerce,2025-02,2025-Q1,Vaccines,BioShield Vax,BIOSHIELD-VAX_S,E-commerce,Region,West,9027,180547.27,0.82
ciq_ecommerce,2025-02,2025-Q1,Dermatology,DermaCalm,DERMACALM_L,E-commerce,Region,West,4838,280597.19,0.82
ciq_ecommerce,2025-02,2025-Q1,Dermatology,DermaCalm,DERMACALM_S,E-commerce,Region,West,6593,382377.49,0.82
ciq_ecommerce,2025-02,2025-Q1,Petcare Diagnostics,DiagnosTech Vet,DIAGNOSTECH-VET_L,E-commerce,Region,West,11531,196025.77,0.82
ciq_ecommerce,2025-02,2025-Q1,Petcare Diagnostics,DiagnosTech Vet,DIAGNOSTECH-VET_S,E-commerce,Region,West,16513,280712.55,0.82
ciq_ecommerce,2025-02,2025-Q1,Parasiticides,FleaStop Pro,FLEASTOP-PRO_L,E-commerce,Region,West,10349,217322.34,0.82
ciq_ecommerce,2025-02,2025-Q1,Parasiticides,FleaStop Pro,FLEASTOP-PRO_S,E-commerce,Region,West,13963,293228.04,0.82
ciq_ecommerce,2025-02,2025-Q1,Pain/Osteoarthritis,FlexiCare Joint,FLEXICARE-JOINT_L,E-commerce,Region,West,4194,184519.63,0.82
ciq_ecommerce,2025-02,2025-Q1,Pain/Osteoarthritis,FlexiCare Joint,FLEXICARE-JOINT_S,E-commerce,Region,West,6256,275257.95,0.82
ciq_ecommerce,2025-02,2025-Q1,Vaccines,ImmunoCore Canine,IMMUNOCORE-CANINE_L,E-commerce,Region,West,7812,164048.53,0.82
ciq_ecommerce,2025-02,2025-Q1,Vaccines,ImmunoCore Canine,IMMUNOCORE-CANINE_S,E-commerce,Region,West,10997,230940.02,0.82
ciq_ecommerce,2025-02,2025-Q1,Pain/Osteoarthritis,Librela,LIBRELA_L,E-commerce,Region,West,3929,188606.9,0.82
ciq_ecommerce,2025-02,2025-Q1,Pain/Osteoarthritis,Librela,LIBRELA_S,E-commerce,Region,West,5456,261893.25,0.82
ciq_ecommerce,2025-02,2025-Q1,Pain/Osteoarthritis,OsteoEase Vet,OSTEOEASE-VET_L,E-commerce,Region,West,4608,188910.09,0.82
ciq_ecommerce,2025-02,2025-Q1,Pain/Osteoarthritis,OsteoEase Vet,OSTEOEASE-VET_S,E-commerce,Region,West,5928,243030.01,0.82
ciq_ecommerce,2025-02,2025-Q1,Pain/Osteoarthritis,PainAway Canine,PAINAWAY-CANINE_L,E-commerce,Region,West,3577,132339.34,0.82
ciq_ecommerce,2025-02,2025-Q1,Pain/Osteoarthritis,PainAway Canine,PAINAWAY-CANINE_S,E-commerce,Region,West,5234,193666.71,0.82
ciq_ecommerce,2025-02,2025-Q1,Petcare Diagnostics,PetLab Analyzer,PETLAB-ANALYZER_L,E-commerce,Region,West,6718,100775.1,0.82
ciq_ecommerce,2025-02,2025-Q1,Petcare Diagnostics,PetLab Analyzer,PETLAB-ANALYZER_S,E-commerce,Region,West,9761,146414.92,0.82
ciq_ecommerce,2025-02,2025-Q1,Petcare Diagnostics,RapidVet Dx,RAPIDVET-DX_L,E-commerce,Region,West,10811,172978.11,0.82
ciq_ecommerce,2025-02,2025-Q1,Petcare Diagnostics,RapidVet Dx,RAPIDVET-DX_S,E-commerce,Region,West,14635,234164.87,0.82
ciq_ecommerce,2025-02,2025-Q1,Parasiticides,Simparica Trio,SIMPARICA-TRIO_L,E-commerce,Region,West,16621,465377.43,0.82
ciq_ecommerce,2025-02,2025-Q1,Parasiticides,Simparica Trio,SIMPARICA-TRIO_S,E-commerce,Region,West,21576,604133.7,0.82
ciq_ecommerce,2025-02,2025-Q1,Dermatology,SkinRelief Pro,SKINRELIEF-PRO_L,E-commerce,Region,West,3166,155131.96,0.82
ciq_ecommerce,2025-02,2025-Q1,Dermatology,SkinRelief Pro,SKINRELIEF-PRO_S,E-commerce,Region,West,4778,234112.56,0.82
ciq_ecommerce,2025-02,2025-Q1,Parasiticides,TickShield Plus,TICKSHIELD-PLUS_L,E-commerce,Region,West,11867,284801.73,0.82
ciq_ecommerce,2025-02,2025-Q1,Parasiticides,TickShield Plus,TICKSHIELD-PLUS_S,E-commerce,Region,West,16253,390078.01,0.82
ciq_ecommerce,2025-02,2025-Q1,Vaccines,Vanguard,VANGUARD_L,E-commerce,Region,West,7229,159028.66,0.82
ciq_ecommerce,2025-02,2025-Q1,Vaccines,Vanguard,VANGUARD_S,E-commerce,Region,West,9823,216109.88,0.82
ciq_ecommerce,2025-02,2025-Q1,Parasiticides,VectraGuard,VECTRAGUARD_L,E-commerce,Region,West,14202,369261.43,0.82
ciq_ecommerce,2025-02,2025-Q1,Parasiticides,VectraGuard,VECTRAGUARD_S,E-commerce,Region,West,19368,503566.24,0.82
ciq_ecommerce,2025-02,2025-Q1,Vaccines,VetGuard Immunize,VETGUARD-IMMUNIZE_L,E-commerce,Region,West,5957,113174.46,0.82
ciq_ecommerce,2025-02,2025-Q1,Vaccines,VetGuard Immunize,VETGUARD-IMMUNIZE_S,E-commerce,Region,West,8122,154324.91,0.82
ciq_ecommerce,2025-02,2025-Q1,Vaccines,VetSelect Core Vax,VETSELECT-CORE-VAX_L,E-commerce,Region,West,6772,94801.63,0.82
ciq_ecommerce,2025-02,2025-Q1,Vaccines,VetSelect Core Vax,VETSELECT-CORE-VAX_S,E-commerce,Region,West,9720,136073.73,0.82
ciq_ecommerce,2025-02,2025-Q1,Dermatology,VetSelect Derma,VETSELECT-DERMA_L,E-commerce,Region,West,3896,148040.72,0.82
ciq_ecommerce,2025-02,2025-Q1,Dermatology,VetSelect Derma,VETSELECT-DERMA_S,E-commerce,Region,West,5184,196984.93,0.82
ciq_ecommerce,2025-02,2025-Q1,Petcare Diagnostics,VetSelect Dx,VETSELECT-DX_L,E-commerce,Region,West,6620,79434.6,0.82
ciq_ecommerce,2025-02,2025-Q1,Petcare Diagnostics,VetSelect Dx,VETSELECT-DX_S,E-commerce,Region,West,9041,108490.79,0.82
ciq_ecommerce,2025-02,2025-Q1,Parasiticides,VetSelect Flea & Tick,VETSELECT-FLEA-TICK_L,E-commerce,Region,West,17308,294244.04,0.82
ciq_ecommerce,2025-02,2025-Q1,Parasiticides,VetSelect Flea & Tick,VETSELECT-FLEA-TICK_S,E-commerce,Region,West,24366,414224.05,0.82
ciq_ecommerce,2025-02,2025-Q1,Pain/Osteoarthritis,VetSelect Joint,VETSELECT-JOINT_L,E-commerce,Region,West,4451,129087.67,0.82
ciq_ecommerce,2025-02,2025-Q1,Pain/Osteoarthritis,VetSelect Joint,VETSELECT-JOINT_S,E-commerce,Region,West,6368,184670.99,0.82
ciq_ecommerce,2025-02,2025-Q1,Petcare Diagnostics,Vetscan,VETSCAN_L,E-commerce,Region,West,10007,180128.03,0.82
ciq_ecommerce,2025-02,2025-Q1,Petcare Diagnostics,Vetscan,VETSCAN_S,E-commerce,Region,West,15261,274695.43,0.82
ciq_ecommerce,2025-03,2025-Q1,Dermatology,AllerVet RX,ALLERVET-RX_L,E-commerce,National,National,21249,1147406.25,0.82
ciq_ecommerce,2025-03,2025-Q1,Dermatology,AllerVet RX,ALLERVET-RX_S,E-commerce,National,National,30802,1663308.75,0.82
ciq_ecommerce,2025-03,2025-Q1,Dermatology,Apoquel,APOQUEL_L,E-commerce,National,National,29237,1900458.35,0.82
ciq_ecommerce,2025-03,2025-Q1,Dermatology,Apoquel,APOQUEL_S,E-commerce,National,National,39652,2577395.57,0.82
ciq_ecommerce,2025-03,2025-Q1,Vaccines,BioShield Vax,BIOSHIELD-VAX_L,E-commerce,National,National,30786,615731.97,0.82
ciq_ecommerce,2025-03,2025-Q1,Vaccines,BioShield Vax,BIOSHIELD-VAX_S,E-commerce,National,National,43878,877562.69,0.82
ciq_ecommerce,2025-03,2025-Q1,Dermatology,DermaCalm,DERMACALM_L,E-commerce,National,National,21944,1272732.81,0.82
ciq_ecommerce,2025-03,2025-Q1,Dermatology,DermaCalm,DERMACALM_S,E-commerce,National,National,32482,1883996.31,0.82
ciq_ecommerce,2025-03,2025-Q1,Petcare Diagnostics,DiagnosTech Vet,DIAGNOSTECH-VET_L,E-commerce,National,National,52168,886843.58,0.82
ciq_ecommerce,2025-03,2025-Q1,Petcare Diagnostics,DiagnosTech Vet,DIAGNOSTECH-VET_S,E-commerce,National,National,74956,1274246.88,0.82
ciq_ecommerce,2025-03,2025-Q1,Parasiticides,FleaStop Pro,FLEASTOP-PRO_L,E-commerce,National,National,57165,1200486.8,0.82
ciq_ecommerce,2025-03,2025-Q1,Parasiticides,FleaStop Pro,FLEASTOP-PRO_S,E-commerce,National,National,75894,1593753.09,0.82
ciq_ecommerce,2025-03,2025-Q1,Pain/Osteoarthritis,FlexiCare Joint,FLEXICARE-JOINT_L,E-commerce,National,National,19678,865819.28,0.82
ciq_ecommerce,2025-03,2025-Q1,Pain/Osteoarthritis,FlexiCare Joint,FLEXICARE-JOINT_S,E-commerce,National,National,27544,1211916.27,0.82
ciq_ecommerce,2025-03,2025-Q1,Vaccines,ImmunoCore Canine,IMMUNOCORE-CANINE_L,E-commerce,National,National,35803,751847.51,0.82
ciq_ecommerce,2025-03,2025-Q1,Vaccines,ImmunoCore Canine,IMMUNOCORE-CANINE_S,E-commerce,National,National,49692,1043547.15,0.82
ciq_ecommerce,2025-03,2025-Q1,Pain/Osteoarthritis,Librela,LIBRELA_L,E-commerce,National,National,19049,914303.88,0.82
ciq_ecommerce,2025-03,2025-Q1,Pain/Osteoarthritis,Librela,LIBRELA_S,E-commerce,National,National,25759,1236385.1,0.82
ciq_ecommerce,2025-03,2025-Q1,Pain/Osteoarthritis,OsteoEase Vet,OSTEOEASE-VET_L,E-commerce,National,National,18405,754630.5,0.82
ciq_ecommerce,2025-03,2025-Q1,Pain/Osteoarthritis,OsteoEase Vet,OSTEOEASE-VET_S,E-commerce,National,National,25351,1039344.37,0.82
ciq_ecommerce,2025-03,2025-Q1,Pain/Osteoarthritis,PainAway Canine,PAINAWAY-CANINE_L,E-commerce,National,National,16804,621780.43,0.82
ciq_ecommerce,2025-03,2025-Q1,Pain/Osteoarthritis,PainAway Canine,PAINAWAY-CANINE_S,E-commerce,National,National,22341,826639.64,0.82
ciq_ecommerce,2025-03,2025-Q1,Petcare Diagnostics,PetLab Analyzer,PETLAB-ANALYZER_L,E-commerce,National,National,31043,465643.21,0.82
ciq_ecommerce,2025-03,2025-Q1,Petcare Diagnostics,PetLab Analyzer,PETLAB-ANALYZER_S,E-commerce,National,National,41202,618024.05,0.82
ciq_ecommerce,2025-03,2025-Q1,Petcare Diagnostics,RapidVet Dx,RAPIDVET-DX_L,E-commerce,National,National,46141,738277.32,0.82
ciq_ecommerce,2025-03,2025-Q1,Petcare Diagnostics,RapidVet Dx,RAPIDVET-DX_S,E-commerce,National,National,66921,1070724.53,0.82
ciq_ecommerce,2025-03,2025-Q1,Parasiticides,Simparica Trio,SIMPARICA-TRIO_L,E-commerce,National,National,92094,2578624.03,0.82
ciq_ecommerce,2025-03,2025-Q1,Parasiticides,Simparica Trio,SIMPARICA-TRIO_S,E-commerce,National,National,129486,3625625.95,0.82
ciq_ecommerce,2025-03,2025-Q1,Dermatology,SkinRelief Pro,SKINRELIEF-PRO_L,E-commerce,National,National,17708,867691.46,0.82
ciq_ecommerce,2025-03,2025-Q1,Dermatology,SkinRelief Pro,SKINRELIEF-PRO_S,E-commerce,National,National,25400,1244601.84,0.82
ciq_ecommerce,2025-03,2025-Q1,Parasiticides,TickShield Plus,TICKSHIELD-PLUS_L,E-commerce,National,National,66581,1597947.89,0.82
ciq_ecommerce,2025-03,2025-Q1,Parasiticides,TickShield Plus,TICKSHIELD-PLUS_S,E-commerce,National,National,93428,2242256.62,0.82
ciq_ecommerce,2025-03,2025-Q1,Vaccines,Vanguard,VANGUARD_L,E-commerce,National,National,35537,781805.8,0.82
ciq_ecommerce,2025-03,2025-Q1,Vaccines,Vanguard,VANGUARD_S,E-commerce,National,National,48032,1056701.3,0.82
ciq_ecommerce,2025-03,2025-Q1,Parasiticides,VectraGuard,VECTRAGUARD_L,E-commerce,National,National,81743,2125329.73,0.82
ciq_ecommerce,2025-03,2025-Q1,Parasiticides,VectraGuard,VECTRAGUARD_S,E-commerce,National,National,112271,2919050.84,0.82
ciq_ecommerce,2025-03,2025-Q1,Vaccines,VetGuard Immunize,VETGUARD-IMMUNIZE_L,E-commerce,National,National,27578,523972.05,0.82
ciq_ecommerce,2025-03,2025-Q1,Vaccines,VetGuard Immunize,VETGUARD-IMMUNIZE_S,E-commerce,National,National,38992,740835.53,0.82
ciq_ecommerce,2025-03,2025-Q1,Vaccines,VetSelect Core Vax,VETSELECT-CORE-VAX_L,E-commerce,National,National,32199,450779.71,0.82
ciq_ecommerce,2025-03,2025-Q1,Vaccines,VetSelect Core Vax,VETSELECT-CORE-VAX_S,E-commerce,National,National,43960,615445.24,0.82
ciq_ecommerce,2025-03,2025-Q1,Dermatology,VetSelect Derma,VETSELECT-DERMA_L,E-commerce,National,National,19611,745209.06,0.82
ciq_ecommerce,2025-03,2025-Q1,Dermatology,VetSelect Derma,VETSELECT-DERMA_S,E-commerce,National,National,27352,1039419.7,0.82
ciq_ecommerce,2025-03,2025-Q1,Petcare Diagnostics,VetSelect Dx,VETSELECT-DX_L,E-commerce,National,National,30216,362591.04,0.82
ciq_ecommerce,2025-03,2025-Q1,Petcare Diagnostics,VetSelect Dx,VETSELECT-DX_S,E-commerce,National,National,39830,477963.34,0.82
ciq_ecommerce,2025-03,2025-Q1,Parasiticides,VetSelect Flea & Tick,VETSELECT-FLEA-TICK_L,E-commerce,National,National,92094,1565592.76,0.82
ciq_ecommerce,2025-03,2025-Q1,Parasiticides,VetSelect Flea & Tick,VETSELECT-FLEA-TICK_S,E-commerce,National,National,132085,2245451.76,0.82
ciq_ecommerce,2025-03,2025-Q1,Pain/Osteoarthritis,VetSelect Joint,VETSELECT-JOINT_L,E-commerce,National,National,20535,595498.79,0.82
ciq_ecommerce,2025-03,2025-Q1,Pain/Osteoarthritis,VetSelect Joint,VETSELECT-JOINT_S,E-commerce,National,National,28583,828907.55,0.82
ciq_ecommerce,2025-03,2025-Q1,Petcare Diagnostics,Vetscan,VETSCAN_L,E-commerce,National,National,51468,926420.65,0.82
ciq_ecommerce,2025-03,2025-Q1,Petcare Diagnostics,Vetscan,VETSCAN_S,E-commerce,National,National,71178,1281219.98,0.82
ciq_ecommerce,2025-03,2025-Q1,Dermatology,AllerVet RX,ALLERVET-RX_L,E-commerce,Region,Midwest,4698,253668.21,0.82
ciq_ecommerce,2025-03,2025-Q1,Dermatology,AllerVet RX,ALLERVET-RX_S,E-commerce,Region,Midwest,6759,364988.83,0.82
ciq_ecommerce,2025-03,2025-Q1,Dermatology,Apoquel,APOQUEL_L,E-commerce,Region,Midwest,6319,410764.0,0.82
ciq_ecommerce,2025-03,2025-Q1,Dermatology,Apoquel,APOQUEL_S,E-commerce,Region,Midwest,8782,570817.45,0.82
ciq_ecommerce,2025-03,2025-Q1,Vaccines,BioShield Vax,BIOSHIELD-VAX_L,E-commerce,Region,Midwest,6672,133447.04,0.82
ciq_ecommerce,2025-03,2025-Q1,Vaccines,BioShield Vax,BIOSHIELD-VAX_S,E-commerce,Region,Midwest,9255,185103.75,0.82
ciq_ecommerce,2025-03,2025-Q1,Dermatology,DermaCalm,DERMACALM_L,E-commerce,Region,Midwest,4818,279435.13,0.82
ciq_ecommerce,2025-03,2025-Q1,Dermatology,DermaCalm,DERMACALM_S,E-commerce,Region,Midwest,7178,416351.83,0.82
ciq_ecommerce,2025-03,2025-Q1,Petcare Diagnostics,DiagnosTech Vet,DIAGNOSTECH-VET_L,E-commerce,Region,Midwest,11915,202549.31,0.82
ciq_ecommerce,2025-03,2025-Q1,Petcare Diagnostics,DiagnosTech Vet,DIAGNOSTECH-VET_S,E-commerce,Region,Midwest,16298,277067.97,0.82
ciq_ecommerce,2025-03,2025-Q1,Parasiticides,FleaStop Pro,FLEASTOP-PRO_L,E-commerce,Region,Midwest,12169,255555.02,0.82
ciq_ecommerce,2025-03,2025-Q1,Parasiticides,FleaStop Pro,FLEASTOP-PRO_S,E-commerce,Region,Midwest,15977,335520.7,0.82
ciq_ecommerce,2025-03,2025-Q1,Pain/Osteoarthritis,FlexiCare Joint,FLEXICARE-JOINT_L,E-commerce,Region,Midwest,4223,185794.94,0.82
ciq_ecommerce,2025-03,2025-Q1,Pain/Osteoarthritis,FlexiCare Joint,FLEXICARE-JOINT_S,E-commerce,Region,Midwest,6102,268492.18,0.82
ciq_ecommerce,2025-03,2025-Q1,Vaccines,ImmunoCore Canine,IMMUNOCORE-CANINE_L,E-commerce,Region,Midwest,7423,155880.68,0.82
ciq_ecommerce,2025-03,2025-Q1,Vaccines,ImmunoCore Canine,IMMUNOCORE-CANINE_S,E-commerce,Region,Midwest,9832,206478.76,0.82
ciq_ecommerce,2025-03,2025-Q1,Pain/Osteoarthritis,Librela,LIBRELA_L,E-commerce,Region,Midwest,4015,192696.15,0.82
ciq_ecommerce,2025-03,2025-Q1,Pain/Osteoarthritis,Librela,LIBRELA_S,E-commerce,Region,Midwest,5598,268697.84,0.82
ciq_ecommerce,2025-03,2025-Q1,Pain/Osteoarthritis,OsteoEase Vet,OSTEOEASE-VET_L,E-commerce,Region,Midwest,4151,170190.82,0.82
ciq_ecommerce,2025-03,2025-Q1,Pain/Osteoarthritis,OsteoEase Vet,OSTEOEASE-VET_S,E-commerce,Region,Midwest,5063,207565.29,0.82
ciq_ecommerce,2025-03,2025-Q1,Pain/Osteoarthritis,PainAway Canine,PAINAWAY-CANINE_L,E-commerce,Region,Midwest,3382,125151.89,0.82
ciq_ecommerce,2025-03,2025-Q1,Pain/Osteoarthritis,PainAway Canine,PAINAWAY-CANINE_S,E-commerce,Region,Midwest,4770,176478.69,0.82
ciq_ecommerce,2025-03,2025-Q1,Petcare Diagnostics,PetLab Analyzer,PETLAB-ANALYZER_L,E-commerce,Region,Midwest,6081,91220.15,0.82
ciq_ecommerce,2025-03,2025-Q1,Petcare Diagnostics,PetLab Analyzer,PETLAB-ANALYZER_S,E-commerce,Region,Midwest,8152,122277.79,0.82
ciq_ecommerce,2025-03,2025-Q1,Petcare Diagnostics,RapidVet Dx,RAPIDVET-DX_L,E-commerce,Region,Midwest,9899,158391.32,0.82
ciq_ecommerce,2025-03,2025-Q1,Petcare Diagnostics,RapidVet Dx,RAPIDVET-DX_S,E-commerce,Region,Midwest,14645,234318.42,0.82
ciq_ecommerce,2025-03,2025-Q1,Parasiticides,Simparica Trio,SIMPARICA-TRIO_L,E-commerce,Region,Midwest,21112,591123.09,0.82
ciq_ecommerce,2025-03,2025-Q1,Parasiticides,Simparica Trio,SIMPARICA-TRIO_S,E-commerce,Region,Midwest,26231,734456.28,0.82
ciq_ecommerce,2025-03,2025-Q1,Dermatology,SkinRelief Pro,SKINRELIEF-PRO_L,E-commerce,Region,Midwest,3640,178351.03,0.82
ciq_ecommerce,2025-03,2025-Q1,Dermatology,SkinRelief Pro,SKINRELIEF-PRO_S,E-commerce,Region,Midwest,5054,247659.45,0.82
ciq_ecommerce,2025-03,2025-Q1,Parasiticides,TickShield Plus,TICKSHIELD-PLUS_L,E-commerce,Region,Midwest,13604,326501.77,0.82
ciq_ecommerce,2025-03,2025-Q1,Parasiticides,TickShield Plus,TICKSHIELD-PLUS_S,E-commerce,Region,Midwest,18975,455390.17,0.82
ciq_ecommerce,2025-03,2025-Q1,Vaccines,Vanguard,VANGUARD_L,E-commerce,Region,Midwest,7113,156487.62,0.82
ciq_ecommerce,2025-03,2025-Q1,Vaccines,Vanguard,VANGUARD_S,E-commerce,Region,Midwest,10067,221477.5,0.82
ciq_ecommerce,2025-03,2025-Q1,Parasiticides,VectraGuard,VECTRAGUARD_L,E-commerce,Region,Midwest,17803,462879.62,0.82
ciq_ecommerce,2025-03,2025-Q1,Parasiticides,VectraGuard,VECTRAGUARD_S,E-commerce,Region,Midwest,24545,638163.51,0.82
ciq_ecommerce,2025-03,2025-Q1,Vaccines,VetGuard Immunize,VETGUARD-IMMUNIZE_L,E-commerce,Region,Midwest,5537,105201.66,0.82
ciq_ecommerce,2025-03,2025-Q1,Vaccines,VetGuard Immunize,VETGUARD-IMMUNIZE_S,E-commerce,Region,Midwest,7919,150463.0,0.82
ciq_ecommerce,2025-03,2025-Q1,Vaccines,VetSelect Core Vax,VETSELECT-CORE-VAX_L,E-commerce,Region,Midwest,6673,93416.1,0.82
ciq_ecommerce,2025-03,2025-Q1,Vaccines,VetSelect Core Vax,VETSELECT-CORE-VAX_S,E-commerce,Region,Midwest,9562,133865.11,0.82
ciq_ecommerce,2025-03,2025-Q1,Dermatology,VetSelect Derma,VETSELECT-DERMA_L,E-commerce,Region,Midwest,3963,150590.25,0.82
ciq_ecommerce,2025-03,2025-Q1,Dermatology,VetSelect Derma,VETSELECT-DERMA_S,E-commerce,Region,Midwest,5837,221820.03,0.82
ciq_ecommerce,2025-03,2025-Q1,Petcare Diagnostics,VetSelect Dx,VETSELECT-DX_L,E-commerce,Region,Midwest,6566,78792.49,0.82
ciq_ecommerce,2025-03,2025-Q1,Petcare Diagnostics,VetSelect Dx,VETSELECT-DX_S,E-commerce,Region,Midwest,8891,106691.98,0.82
ciq_ecommerce,2025-03,2025-Q1,Parasiticides,VetSelect Flea & Tick,VETSELECT-FLEA-TICK_L,E-commerce,Region,Midwest,18157,308664.73,0.82
ciq_ecommerce,2025-03,2025-Q1,Parasiticides,VetSelect Flea & Tick,VETSELECT-FLEA-TICK_S,E-commerce,Region,Midwest,25388,431593.11,0.82
ciq_ecommerce,2025-03,2025-Q1,Pain/Osteoarthritis,VetSelect Joint,VETSELECT-JOINT_L,E-commerce,Region,Midwest,4337,125781.29,0.82
ciq_ecommerce,2025-03,2025-Q1,Pain/Osteoarthritis,VetSelect Joint,VETSELECT-JOINT_S,E-commerce,Region,Midwest,6362,184497.1,0.82
ciq_ecommerce,2025-03,2025-Q1,Petcare Diagnostics,Vetscan,VETSCAN_L,E-commerce,Region,Midwest,11275,202951.23,0.82
ciq_ecommerce,2025-03,2025-Q1,Petcare Diagnostics,Vetscan,VETSCAN_S,E-commerce,Region,Midwest,15036,270648.04,0.82
ciq_ecommerce,2025-03,2025-Q1,Dermatology,AllerVet RX,ALLERVET-RX_L,E-commerce,Region,Northeast,4883,263680.3,0.82
ciq_ecommerce,2025-03,2025-Q1,Dermatology,AllerVet RX,ALLERVET-RX_S,E-commerce,Region,Northeast,7024,379289.66,0.82
ciq_ecommerce,2025-03,2025-Q1,Dermatology,Apoquel,APOQUEL_L,E-commerce,Region,Northeast,6512,423294.21,0.82
ciq_ecommerce,2025-03,2025-Q1,Dermatology,Apoquel,APOQUEL_S,E-commerce,Region,Northeast,8993,584566.3,0.82
ciq_ecommerce,2025-03,2025-Q1,Vaccines,BioShield Vax,BIOSHIELD-VAX_L,E-commerce,Region,Northeast,6650,133006.44,0.82
ciq_ecommerce,2025-03,2025-Q1,Vaccines,BioShield Vax,BIOSHIELD-VAX_S,E-commerce,Region,Northeast,9688,193761.85,0.82
ciq_ecommerce,2025-03,2025-Q1,Dermatology,DermaCalm,DERMACALM_L,E-commerce,Region,Northeast,5109,296321.42,0.82
ciq_ecommerce,2025-03,2025-Q1,Dermatology,DermaCalm,DERMACALM_S,E-commerce,Region,Northeast,7812,453083.46,0.82
ciq_ecommerce,2025-03,2025-Q1,Petcare Diagnostics,DiagnosTech Vet,DIAGNOSTECH-VET_L,E-commerce,Region,Northeast,11792,200464.13,0.82
ciq_ecommerce,2025-03,2025-Q1,Petcare Diagnostics,DiagnosTech Vet,DIAGNOSTECH-VET_S,E-commerce,Region,Northeast,16736,284515.91,0.82
ciq_ecommerce,2025-03,2025-Q1,Parasiticides,FleaStop Pro,FLEASTOP-PRO_L,E-commerce,Region,Northeast,12663,265926.6,0.82
ciq_ecommerce,2025-03,2025-Q1,Parasiticides,FleaStop Pro,FLEASTOP-PRO_S,E-commerce,Region,Northeast,18024,378495.72,0.82
ciq_ecommerce,2025-03,2025-Q1,Pain/Osteoarthritis,FlexiCare Joint,FLEXICARE-JOINT_L,E-commerce,Region,Northeast,4294,188950.24,0.82
ciq_ecommerce,2025-03,2025-Q1,Pain/Osteoarthritis,FlexiCare Joint,FLEXICARE-JOINT_S,E-commerce,Region,Northeast,5766,253682.73,0.82
ciq_ecommerce,2025-03,2025-Q1,Vaccines,ImmunoCore Canine,IMMUNOCORE-CANINE_L,E-commerce,Region,Northeast,8436,177154.19,0.82
ciq_ecommerce,2025-03,2025-Q1,Vaccines,ImmunoCore Canine,IMMUNOCORE-CANINE_S,E-commerce,Region,Northeast,11752,246801.77,0.82
ciq_ecommerce,2025-03,2025-Q1,Pain/Osteoarthritis,Librela,LIBRELA_L,E-commerce,Region,Northeast,4224,202732.59,0.82
ciq_ecommerce,2025-03,2025-Q1,Pain/Osteoarthritis,Librela,LIBRELA_S,E-commerce,Region,Northeast,5489,263461.43,0.82
ciq_ecommerce,2025-03,2025-Q1,Pain/Osteoarthritis,OsteoEase Vet,OSTEOEASE-VET_L,E-commerce,Region,Northeast,3921,160778.01,0.82
ciq_ecommerce,2025-03,2025-Q1,Pain/Osteoarthritis,OsteoEase Vet,OSTEOEASE-VET_S,E-commerce,Region,Northeast,5803,237908.16,0.82
ciq_ecommerce,2025-03,2025-Q1,Pain/Osteoarthritis,PainAway Canine,PAINAWAY-CANINE_L,E-commerce,Region,Northeast,3560,131720.86,0.82
ciq_ecommerce,2025-03,2025-Q1,Pain/Osteoarthritis,PainAway Canine,PAINAWAY-CANINE_S,E-commerce,Region,Northeast,4887,180830.99,0.82
ciq_ecommerce,2025-03,2025-Q1,Petcare Diagnostics,PetLab Analyzer,PETLAB-ANALYZER_L,E-commerce,Region,Northeast,7122,106832.29,0.82
ciq_ecommerce,2025-03,2025-Q1,Petcare Diagnostics,PetLab Analyzer,PETLAB-ANALYZER_S,E-commerce,Region,Northeast,9633,144493.47,0.82
ciq_ecommerce,2025-03,2025-Q1,Petcare Diagnostics,RapidVet Dx,RAPIDVET-DX_L,E-commerce,Region,Northeast,10163,162610.02,0.82
ciq_ecommerce,2025-03,2025-Q1,Petcare Diagnostics,RapidVet Dx,RAPIDVET-DX_S,E-commerce,Region,Northeast,15057,240911.02,0.82
ciq_ecommerce,2025-03,2025-Q1,Parasiticides,Simparica Trio,SIMPARICA-TRIO_L,E-commerce,Region,Northeast,18630,521644.9,0.82
ciq_ecommerce,2025-03,2025-Q1,Parasiticides,Simparica Trio,SIMPARICA-TRIO_S,E-commerce,Region,Northeast,27795,778269.72,0.82
ciq_ecommerce,2025-03,2025-Q1,Dermatology,SkinRelief Pro,SKINRELIEF-PRO_L,E-commerce,Region,Northeast,4057,198798.17,0.82
ciq_ecommerce,2025-03,2025-Q1,Dermatology,SkinRelief Pro,SKINRELIEF-PRO_S,E-commerce,Region,Northeast,5972,292608.05,0.82
ciq_ecommerce,2025-03,2025-Q1,Parasiticides,TickShield Plus,TICKSHIELD-PLUS_L,E-commerce,Region,Northeast,16031,384737.31,0.82
ciq_ecommerce,2025-03,2025-Q1,Parasiticides,TickShield Plus,TICKSHIELD-PLUS_S,E-commerce,Region,Northeast,23088,554120.75,0.82
ciq_ecommerce,2025-03,2025-Q1,Vaccines,Vanguard,VANGUARD_L,E-commerce,Region,Northeast,7219,158816.7,0.82
ciq_ecommerce,2025-03,2025-Q1,Vaccines,Vanguard,VANGUARD_S,E-commerce,Region,Northeast,9554,210187.75,0.82
ciq_ecommerce,2025-03,2025-Q1,Parasiticides,VectraGuard,VECTRAGUARD_L,E-commerce,Region,Northeast,17298,449747.09,0.82
ciq_ecommerce,2025-03,2025-Q1,Parasiticides,VectraGuard,VECTRAGUARD_S,E-commerce,Region,Northeast,22857,594277.18,0.82
ciq_ecommerce,2025-03,2025-Q1,Vaccines,VetGuard Immunize,VETGUARD-IMMUNIZE_L,E-commerce,Region,Northeast,6235,118459.1,0.82
ciq_ecommerce,2025-03,2025-Q1,Vaccines,VetGuard Immunize,VETGUARD-IMMUNIZE_S,E-commerce,Region,Northeast,8794,167078.28,0.82
ciq_ecommerce,2025-03,2025-Q1,Vaccines,VetSelect Core Vax,VETSELECT-CORE-VAX_L,E-commerce,Region,Northeast,7393,103500.98,0.82
ciq_ecommerce,2025-03,2025-Q1,Vaccines,VetSelect Core Vax,VETSELECT-CORE-VAX_S,E-commerce,Region,Northeast,9884,138379.29,0.82
ciq_ecommerce,2025-03,2025-Q1,Dermatology,VetSelect Derma,VETSELECT-DERMA_L,E-commerce,Region,Northeast,4621,175594.8,0.82
ciq_ecommerce,2025-03,2025-Q1,Dermatology,VetSelect Derma,VETSELECT-DERMA_S,E-commerce,Region,Northeast,6550,248917.19,0.82
ciq_ecommerce,2025-03,2025-Q1,Petcare Diagnostics,VetSelect Dx,VETSELECT-DX_L,E-commerce,Region,Northeast,6347,76161.81,0.82
ciq_ecommerce,2025-03,2025-Q1,Petcare Diagnostics,VetSelect Dx,VETSELECT-DX_S,E-commerce,Region,Northeast,9007,108089.4,0.82
ciq_ecommerce,2025-03,2025-Q1,Parasiticides,VetSelect Flea & Tick,VETSELECT-FLEA-TICK_L,E-commerce,Region,Northeast,19895,338211.3,0.82
ciq_ecommerce,2025-03,2025-Q1,Parasiticides,VetSelect Flea & Tick,VETSELECT-FLEA-TICK_S,E-commerce,Region,Northeast,29145,495463.68,0.82
ciq_ecommerce,2025-03,2025-Q1,Pain/Osteoarthritis,VetSelect Joint,VETSELECT-JOINT_L,E-commerce,Region,Northeast,4478,129854.97,0.82
ciq_ecommerce,2025-03,2025-Q1,Pain/Osteoarthritis,VetSelect Joint,VETSELECT-JOINT_S,E-commerce,Region,Northeast,6268,181762.85,0.82
ciq_ecommerce,2025-03,2025-Q1,Petcare Diagnostics,Vetscan,VETSCAN_L,E-commerce,Region,Northeast,10192,183457.34,0.82
ciq_ecommerce,2025-03,2025-Q1,Petcare Diagnostics,Vetscan,VETSCAN_S,E-commerce,Region,Northeast,14243,256380.0,0.82
ciq_ecommerce,2025-03,2025-Q1,Dermatology,AllerVet RX,ALLERVET-RX_L,E-commerce,Region,South,6775,365826.67,0.82
ciq_ecommerce,2025-03,2025-Q1,Dermatology,AllerVet RX,ALLERVET-RX_S,E-commerce,Region,South,10041,542221.15,0.82
ciq_ecommerce,2025-03,2025-Q1,Dermatology,Apoquel,APOQUEL_L,E-commerce,Region,South,9950,646767.92,0.82
ciq_ecommerce,2025-03,2025-Q1,Dermatology,Apoquel,APOQUEL_S,E-commerce,Region,South,13690,889877.85,0.82
ciq_ecommerce,2025-03,2025-Q1,Vaccines,BioShield Vax,BIOSHIELD-VAX_L,E-commerce,Region,South,10317,206342.63,0.82
ciq_ecommerce,2025-03,2025-Q1,Vaccines,BioShield Vax,BIOSHIELD-VAX_S,E-commerce,Region,South,15436,308720.7,0.82
ciq_ecommerce,2025-03,2025-Q1,Dermatology,DermaCalm,DERMACALM_L,E-commerce,Region,South,7074,410300.22,0.82
ciq_ecommerce,2025-03,2025-Q1,Dermatology,DermaCalm,DERMACALM_S,E-commerce,Region,South,10218,592657.55,0.82
ciq_ecommerce,2025-03,2025-Q1,Petcare Diagnostics,DiagnosTech Vet,DIAGNOSTECH-VET_L,E-commerce,Region,South,16688,283692.72,0.82
ciq_ecommerce,2025-03,2025-Q1,Petcare Diagnostics,DiagnosTech Vet,DIAGNOSTECH-VET_S,E-commerce,Region,South,25206,428495.86,0.82
ciq_ecommerce,2025-03,2025-Q1,Parasiticides,FleaStop Pro,FLEASTOP-PRO_L,E-commerce,Region,South,19256,404381.47,0.82
ciq_ecommerce,2025-03,2025-Q1,Parasiticides,FleaStop Pro,FLEASTOP-PRO_S,E-commerce,Region,South,24303,510354.15,0.82
ciq_ecommerce,2025-03,2025-Q1,Pain/Osteoarthritis,FlexiCare Joint,FLEXICARE-JOINT_L,E-commerce,Region,South,6669,293427.29,0.82
ciq_ecommerce,2025-03,2025-Q1,Pain/Osteoarthritis,FlexiCare Joint,FLEXICARE-JOINT_S,E-commerce,Region,South,9406,413860.64,0.82
ciq_ecommerce,2025-03,2025-Q1,Vaccines,ImmunoCore Canine,IMMUNOCORE-CANINE_L,E-commerce,Region,South,11627,244164.01,0.82
ciq_ecommerce,2025-03,2025-Q1,Vaccines,ImmunoCore Canine,IMMUNOCORE-CANINE_S,E-commerce,Region,South,16538,347292.66,0.82
ciq_ecommerce,2025-03,2025-Q1,Pain/Osteoarthritis,Librela,LIBRELA_L,E-commerce,Region,South,6121,293816.6,0.82
ciq_ecommerce,2025-03,2025-Q1,Pain/Osteoarthritis,Librela,LIBRELA_S,E-commerce,Region,South,8720,418547.42,0.82
ciq_ecommerce,2025-03,2025-Q1,Pain/Osteoarthritis,OsteoEase Vet,OSTEOEASE-VET_L,E-commerce,Region,South,6001,246032.28,0.82
ciq_ecommerce,2025-03,2025-Q1,Pain/Osteoarthritis,OsteoEase Vet,OSTEOEASE-VET_S,E-commerce,Region,South,8312,340785.38,0.82
ciq_ecommerce,2025-03,2025-Q1,Pain/Osteoarthritis,PainAway Canine,PAINAWAY-CANINE_L,E-commerce,Region,South,5896,218164.8,0.82
ciq_ecommerce,2025-03,2025-Q1,Pain/Osteoarthritis,PainAway Canine,PAINAWAY-CANINE_S,E-commerce,Region,South,7542,279070.58,0.82
ciq_ecommerce,2025-03,2025-Q1,Petcare Diagnostics,PetLab Analyzer,PETLAB-ANALYZER_L,E-commerce,Region,South,10271,154058.07,0.82
ciq_ecommerce,2025-03,2025-Q1,Petcare Diagnostics,PetLab Analyzer,PETLAB-ANALYZER_S,E-commerce,Region,South,14395,215924.6,0.82
ciq_ecommerce,2025-03,2025-Q1,Petcare Diagnostics,RapidVet Dx,RAPIDVET-DX_L,E-commerce,Region,South,15960,255364.58,0.82
ciq_ecommerce,2025-03,2025-Q1,Petcare Diagnostics,RapidVet Dx,RAPIDVET-DX_S,E-commerce,Region,South,22078,353242.94,0.82
ciq_ecommerce,2025-03,2025-Q1,Parasiticides,Simparica Trio,SIMPARICA-TRIO_L,E-commerce,Region,South,32241,902760.5,0.82
ciq_ecommerce,2025-03,2025-Q1,Parasiticides,Simparica Trio,SIMPARICA-TRIO_S,E-commerce,Region,South,44944,1258441.21,0.82
ciq_ecommerce,2025-03,2025-Q1,Dermatology,SkinRelief Pro,SKINRELIEF-PRO_L,E-commerce,Region,South,5996,293815.91,0.82
ciq_ecommerce,2025-03,2025-Q1,Dermatology,SkinRelief Pro,SKINRELIEF-PRO_S,E-commerce,Region,South,8764,429421.8,0.82
ciq_ecommerce,2025-03,2025-Q1,Parasiticides,TickShield Plus,TICKSHIELD-PLUS_L,E-commerce,Region,South,21913,525915.67,0.82
ciq_ecommerce,2025-03,2025-Q1,Parasiticides,TickShield Plus,TICKSHIELD-PLUS_S,E-commerce,Region,South,31195,748673.63,0.82
ciq_ecommerce,2025-03,2025-Q1,Vaccines,Vanguard,VANGUARD_L,E-commerce,Region,South,12715,279722.36,0.82
ciq_ecommerce,2025-03,2025-Q1,Vaccines,Vanguard,VANGUARD_S,E-commerce,Region,South,17226,378975.12,0.82
ciq_ecommerce,2025-03,2025-Q1,Parasiticides,VectraGuard,VECTRAGUARD_L,E-commerce,Region,South,26262,682811.11,0.82
ciq_ecommerce,2025-03,2025-Q1,Parasiticides,VectraGuard,VECTRAGUARD_S,E-commerce,Region,South,38645,1004781.96,0.82
ciq_ecommerce,2025-03,2025-Q1,Vaccines,VetGuard Immunize,VETGUARD-IMMUNIZE_L,E-commerce,Region,South,9378,178179.71,0.82
ciq_ecommerce,2025-03,2025-Q1,Vaccines,VetGuard Immunize,VETGUARD-IMMUNIZE_S,E-commerce,Region,South,13693,260163.03,0.82
ciq_ecommerce,2025-03,2025-Q1,Vaccines,VetSelect Core Vax,VETSELECT-CORE-VAX_L,E-commerce,Region,South,11376,159270.36,0.82
ciq_ecommerce,2025-03,2025-Q1,Vaccines,VetSelect Core Vax,VETSELECT-CORE-VAX_S,E-commerce,Region,South,15455,216375.84,0.82
ciq_ecommerce,2025-03,2025-Q1,Dermatology,VetSelect Derma,VETSELECT-DERMA_L,E-commerce,Region,South,6473,245969.54,0.82
ciq_ecommerce,2025-03,2025-Q1,Dermatology,VetSelect Derma,VETSELECT-DERMA_S,E-commerce,Region,South,8719,331325.04,0.82
ciq_ecommerce,2025-03,2025-Q1,Petcare Diagnostics,VetSelect Dx,VETSELECT-DX_L,E-commerce,Region,South,10288,123459.99,0.82
ciq_ecommerce,2025-03,2025-Q1,Petcare Diagnostics,VetSelect Dx,VETSELECT-DX_S,E-commerce,Region,South,13188,158251.06,0.82
ciq_ecommerce,2025-03,2025-Q1,Parasiticides,VetSelect Flea & Tick,VETSELECT-FLEA-TICK_L,E-commerce,Region,South,31932,542849.4,0.82
ciq_ecommerce,2025-03,2025-Q1,Parasiticides,VetSelect Flea & Tick,VETSELECT-FLEA-TICK_S,E-commerce,Region,South,46017,782297.29,0.82
ciq_ecommerce,2025-03,2025-Q1,Pain/Osteoarthritis,VetSelect Joint,VETSELECT-JOINT_L,E-commerce,Region,South,6691,194025.96,0.82
ciq_ecommerce,2025-03,2025-Q1,Pain/Osteoarthritis,VetSelect Joint,VETSELECT-JOINT_S,E-commerce,Region,South,9410,272897.12,0.82
ciq_ecommerce,2025-03,2025-Q1,Petcare Diagnostics,Vetscan,VETSCAN_L,E-commerce,Region,South,18233,328194.48,0.82
ciq_ecommerce,2025-03,2025-Q1,Petcare Diagnostics,Vetscan,VETSCAN_S,E-commerce,Region,South,24420,439562.35,0.82
ciq_ecommerce,2025-03,2025-Q1,Dermatology,AllerVet RX,ALLERVET-RX_L,E-commerce,Region,West,4893,264231.07,0.82
ciq_ecommerce,2025-03,2025-Q1,Dermatology,AllerVet RX,ALLERVET-RX_S,E-commerce,Region,West,6978,376809.11,0.82
ciq_ecommerce,2025-03,2025-Q1,Dermatology,Apoquel,APOQUEL_L,E-commerce,Region,West,6456,419632.22,0.82
ciq_ecommerce,2025-03,2025-Q1,Dermatology,Apoquel,APOQUEL_S,E-commerce,Region,West,8187,532133.97,0.82
ciq_ecommerce,2025-03,2025-Q1,Vaccines,BioShield Vax,BIOSHIELD-VAX_L,E-commerce,Region,West,7147,142935.86,0.82
ciq_ecommerce,2025-03,2025-Q1,Vaccines,BioShield Vax,BIOSHIELD-VAX_S,E-commerce,Region,West,9499,189976.39,0.82
ciq_ecommerce,2025-03,2025-Q1,Dermatology,DermaCalm,DERMACALM_L,E-commerce,Region,West,4943,286676.04,0.82
ciq_ecommerce,2025-03,2025-Q1,Dermatology,DermaCalm,DERMACALM_S,E-commerce,Region,West,7274,421903.47,0.82
ciq_ecommerce,2025-03,2025-Q1,Petcare Diagnostics,DiagnosTech Vet,DIAGNOSTECH-VET_L,E-commerce,Region,West,11773,200137.42,0.82
ciq_ecommerce,2025-03,2025-Q1,Petcare Diagnostics,DiagnosTech Vet,DIAGNOSTECH-VET_S,E-commerce,Region,West,16716,284167.14,0.82
ciq_ecommerce,2025-03,2025-Q1,Parasiticides,FleaStop Pro,FLEASTOP-PRO_L,E-commerce,Region,West,13077,274623.71,0.82
ciq_ecommerce,2025-03,2025-Q1,Parasiticides,FleaStop Pro,FLEASTOP-PRO_S,E-commerce,Region,West,17590,369382.52,0.82
ciq_ecommerce,2025-03,2025-Q1,Pain/Osteoarthritis,FlexiCare Joint,FLEXICARE-JOINT_L,E-commerce,Region,West,4492,197646.81,0.82
ciq_ecommerce,2025-03,2025-Q1,Pain/Osteoarthritis,FlexiCare Joint,FLEXICARE-JOINT_S,E-commerce,Region,West,6270,275880.72,0.82
ciq_ecommerce,2025-03,2025-Q1,Vaccines,ImmunoCore Canine,IMMUNOCORE-CANINE_L,E-commerce,Region,West,8317,174648.63,0.82
ciq_ecommerce,2025-03,2025-Q1,Vaccines,ImmunoCore Canine,IMMUNOCORE-CANINE_S,E-commerce,Region,West,11570,242973.96,0.82
ciq_ecommerce,2025-03,2025-Q1,Pain/Osteoarthritis,Librela,LIBRELA_L,E-commerce,Region,West,4689,225058.54,0.82
ciq_ecommerce,2025-03,2025-Q1,Pain/Osteoarthritis,Librela,LIBRELA_S,E-commerce,Region,West,5952,285678.41,0.82
ciq_ecommerce,2025-03,2025-Q1,Pain/Osteoarthritis,OsteoEase Vet,OSTEOEASE-VET_L,E-commerce,Region,West,4332,177629.39,0.82
ciq_ecommerce,2025-03,2025-Q1,Pain/Osteoarthritis,OsteoEase Vet,OSTEOEASE-VET_S,E-commerce,Region,West,6173,253085.54,0.82
ciq_ecommerce,2025-03,2025-Q1,Pain/Osteoarthritis,PainAway Canine,PAINAWAY-CANINE_L,E-commerce,Region,West,3966,146742.88,0.82
ciq_ecommerce,2025-03,2025-Q1,Pain/Osteoarthritis,PainAway Canine,PAINAWAY-CANINE_S,E-commerce,Region,West,5142,190259.38,0.82
ciq_ecommerce,2025-03,2025-Q1,Petcare Diagnostics,PetLab Analyzer,PETLAB-ANALYZER_L,E-commerce,Region,West,7569,113532.7,0.82
ciq_ecommerce,2025-03,2025-Q1,Petcare Diagnostics,PetLab Analyzer,PETLAB-ANALYZER_S,E-commerce,Region,West,9022,135328.19,0.82
ciq_ecommerce,2025-03,2025-Q1,Petcare Diagnostics,RapidVet Dx,RAPIDVET-DX_L,E-commerce,Region,West,10119,161911.4,0.82
ciq_ecommerce,2025-03,2025-Q1,Petcare Diagnostics,RapidVet Dx,RAPIDVET-DX_S,E-commerce,Region,West,15141,242252.15,0.82
ciq_ecommerce,2025-03,2025-Q1,Parasiticides,Simparica Trio,SIMPARICA-TRIO_L,E-commerce,Region,West,20111,563095.54,0.82
ciq_ecommerce,2025-03,2025-Q1,Parasiticides,Simparica Trio,SIMPARICA-TRIO_S,E-commerce,Region,West,30516,854458.74,0.82
ciq_ecommerce,2025-03,2025-Q1,Dermatology,SkinRelief Pro,SKINRELIEF-PRO_L,E-commerce,Region,West,4015,196726.35,0.82
ciq_ecommerce,2025-03,2025-Q1,Dermatology,SkinRelief Pro,SKINRELIEF-PRO_S,E-commerce,Region,West,5610,274912.54,0.82
ciq_ecommerce,2025-03,2025-Q1,Parasiticides,TickShield Plus,TICKSHIELD-PLUS_L,E-commerce,Region,West,15033,360793.14,0.82
ciq_ecommerce,2025-03,2025-Q1,Parasiticides,TickShield Plus,TICKSHIELD-PLUS_S,E-commerce,Region,West,20170,484072.07,0.82
ciq_ecommerce,2025-03,2025-Q1,Vaccines,Vanguard,VANGUARD_L,E-commerce,Region,West,8490,186779.12,0.82
ciq_ecommerce,2025-03,2025-Q1,Vaccines,Vanguard,VANGUARD_S,E-commerce,Region,West,11185,246060.93,0.82
ciq_ecommerce,2025-03,2025-Q1,Parasiticides,VectraGuard,VECTRAGUARD_L,E-commerce,Region,West,20380,529891.91,0.82
ciq_ecommerce,2025-03,2025-Q1,Parasiticides,VectraGuard,VECTRAGUARD_S,E-commerce,Region,West,26224,681828.19,0.82
ciq_ecommerce,2025-03,2025-Q1,Vaccines,VetGuard Immunize,VETGUARD-IMMUNIZE_L,E-commerce,Region,West,6428,122131.58,0.82
ciq_ecommerce,2025-03,2025-Q1,Vaccines,VetGuard Immunize,VETGUARD-IMMUNIZE_S,E-commerce,Region,West,8586,163131.22,0.82
ciq_ecommerce,2025-03,2025-Q1,Vaccines,VetSelect Core Vax,VETSELECT-CORE-VAX_L,E-commerce,Region,West,6757,94592.27,0.82
ciq_ecommerce,2025-03,2025-Q1,Vaccines,VetSelect Core Vax,VETSELECT-CORE-VAX_S,E-commerce,Region,West,9059,126825.0,0.82
ciq_ecommerce,2025-03,2025-Q1,Dermatology,VetSelect Derma,VETSELECT-DERMA_L,E-commerce,Region,West,4554,173054.47,0.82
ciq_ecommerce,2025-03,2025-Q1,Dermatology,VetSelect Derma,VETSELECT-DERMA_S,E-commerce,Region,West,6246,237357.44,0.82
ciq_ecommerce,2025-03,2025-Q1,Petcare Diagnostics,VetSelect Dx,VETSELECT-DX_L,E-commerce,Region,West,7015,84176.75,0.82
ciq_ecommerce,2025-03,2025-Q1,Petcare Diagnostics,VetSelect Dx,VETSELECT-DX_S,E-commerce,Region,West,8744,104930.9,0.82
ciq_ecommerce,2025-03,2025-Q1,Parasiticides,VetSelect Flea & Tick,VETSELECT-FLEA-TICK_L,E-commerce,Region,West,22110,375867.33,0.82
ciq_ecommerce,2025-03,2025-Q1,Parasiticides,VetSelect Flea & Tick,VETSELECT-FLEA-TICK_S,E-commerce,Region,West,31535,536097.68,0.82
ciq_ecommerce,2025-03,2025-Q1,Pain/Osteoarthritis,VetSelect Joint,VETSELECT-JOINT_L,E-commerce,Region,West,5029,145836.57,0.82
ciq_ecommerce,2025-03,2025-Q1,Pain/Osteoarthritis,VetSelect Joint,VETSELECT-JOINT_S,E-commerce,Region,West,6543,189750.48,0.82
ciq_ecommerce,2025-03,2025-Q1,Petcare Diagnostics,Vetscan,VETSCAN_L,E-commerce,Region,West,11768,211817.6,0.82
ciq_ecommerce,2025-03,2025-Q1,Petcare Diagnostics,Vetscan,VETSCAN_S,E-commerce,Region,West,17479,314629.59,0.82
ciq_ecommerce,2025-04,2025-Q2,Dermatology,AllerVet RX,ALLERVET-RX_L,E-commerce,National,National,22806,1231564.16,0.82
ciq_ecommerce,2025-04,2025-Q2,Dermatology,AllerVet RX,ALLERVET-RX_S,E-commerce,National,National,31019,1675052.36,0.82
ciq_ecommerce,2025-04,2025-Q2,Dermatology,Apoquel,APOQUEL_L,E-commerce,National,National,33437,2173363.49,0.82
ciq_ecommerce,2025-04,2025-Q2,Dermatology,Apoquel,APOQUEL_S,E-commerce,National,National,47479,3086186.81,0.82
ciq_ecommerce,2025-04,2025-Q2,Vaccines,BioShield Vax,BIOSHIELD-VAX_L,E-commerce,National,National,34238,684764.76,0.82
ciq_ecommerce,2025-04,2025-Q2,Vaccines,BioShield Vax,BIOSHIELD-VAX_S,E-commerce,National,National,44834,896678.04,0.82
ciq_ecommerce,2025-04,2025-Q2,Dermatology,DermaCalm,DERMACALM_L,E-commerce,National,National,25548,1481808.34,0.82
ciq_ecommerce,2025-04,2025-Q2,Dermatology,DermaCalm,DERMACALM_S,E-commerce,National,National,34748,2015386.74,0.82
ciq_ecommerce,2025-04,2025-Q2,Petcare Diagnostics,DiagnosTech Vet,DIAGNOSTECH-VET_L,E-commerce,National,National,55132,937244.9,0.82
ciq_ecommerce,2025-04,2025-Q2,Petcare Diagnostics,DiagnosTech Vet,DIAGNOSTECH-VET_S,E-commerce,National,National,76009,1292149.25,0.82
ciq_ecommerce,2025-04,2025-Q2,Parasiticides,FleaStop Pro,FLEASTOP-PRO_L,E-commerce,National,National,69230,1453827.71,0.82
ciq_ecommerce,2025-04,2025-Q2,Parasiticides,FleaStop Pro,FLEASTOP-PRO_S,E-commerce,National,National,94289,1980076.29,0.82
ciq_ecommerce,2025-04,2025-Q2,Pain/Osteoarthritis,FlexiCare Joint,FLEXICARE-JOINT_L,E-commerce,National,National,19995,879815.46,0.82
ciq_ecommerce,2025-04,2025-Q2,Pain/Osteoarthritis,FlexiCare Joint,FLEXICARE-JOINT_S,E-commerce,National,National,27048,1190119.57,0.82
ciq_ecommerce,2025-04,2025-Q2,Vaccines,ImmunoCore Canine,IMMUNOCORE-CANINE_L,E-commerce,National,National,39144,822011.23,0.82
ciq_ecommerce,2025-04,2025-Q2,Vaccines,ImmunoCore Canine,IMMUNOCORE-CANINE_S,E-commerce,National,National,54729,1149309.09,0.82
ciq_ecommerce,2025-04,2025-Q2,Pain/Osteoarthritis,Librela,LIBRELA_L,E-commerce,National,National,19582,939922.18,0.82
ciq_ecommerce,2025-04,2025-Q2,Pain/Osteoarthritis,Librela,LIBRELA_S,E-commerce,National,National,26476,1270817.09,0.82
ciq_ecommerce,2025-04,2025-Q2,Pain/Osteoarthritis,OsteoEase Vet,OSTEOEASE-VET_L,E-commerce,National,National,19456,797683.9,0.82
ciq_ecommerce,2025-04,2025-Q2,Pain/Osteoarthritis,OsteoEase Vet,OSTEOEASE-VET_S,E-commerce,National,National,25703,1053812.03,0.82
ciq_ecommerce,2025-04,2025-Q2,Pain/Osteoarthritis,PainAway Canine,PAINAWAY-CANINE_L,E-commerce,National,National,16260,601629.08,0.82
ciq_ecommerce,2025-04,2025-Q2,Pain/Osteoarthritis,PainAway Canine,PAINAWAY-CANINE_S,E-commerce,National,National,22688,839453.07,0.82
ciq_ecommerce,2025-04,2025-Q2,Petcare Diagnostics,PetLab Analyzer,PETLAB-ANALYZER_L,E-commerce,National,National,31318,469784.42,0.82
ciq_ecommerce,2025-04,2025-Q2,Petcare Diagnostics,PetLab Analyzer,PETLAB-ANALYZER_S,E-commerce,National,National,44369,665538.18,0.82
ciq_ecommerce,2025-04,2025-Q2,Petcare Diagnostics,RapidVet Dx,RAPIDVET-DX_L,E-commerce,National,National,50899,814385.38,0.82
ciq_ecommerce,2025-04,2025-Q2,Petcare Diagnostics,RapidVet Dx,RAPIDVET-DX_S,E-commerce,National,National,66697,1067166.87,0.82
ciq_ecommerce,2025-04,2025-Q2,Parasiticides,Simparica Trio,SIMPARICA-TRIO_L,E-commerce,National,National,108138,3027860.4,0.82
ciq_ecommerce,2025-04,2025-Q2,Parasiticides,Simparica Trio,SIMPARICA-TRIO_S,E-commerce,National,National,146256,4095161.56,0.82
ciq_ecommerce,2025-04,2025-Q2,Dermatology,SkinRelief Pro,SKINRELIEF-PRO_L,E-commerce,National,National,20139,986802.4,0.82
ciq_ecommerce,2025-04,2025-Q2,Dermatology,SkinRelief Pro,SKINRELIEF-PRO_S,E-commerce,National,National,26662,1306427.04,0.82
ciq_ecommerce,2025-04,2025-Q2,Parasiticides,TickShield Plus,TICKSHIELD-PLUS_L,E-commerce,National,National,79637,1911305.22,0.82
ciq_ecommerce,2025-04,2025-Q2,Parasiticides,TickShield Plus,TICKSHIELD-PLUS_S,E-commerce,National,National,110808,2659368.21,0.82
ciq_ecommerce,2025-04,2025-Q2,Vaccines,Vanguard,VANGUARD_L,E-commerce,National,National,37427,823388.68,0.82
ciq_ecommerce,2025-04,2025-Q2,Vaccines,Vanguard,VANGUARD_S,E-commerce,National,National,48336,1063382.79,0.82
ciq_ecommerce,2025-04,2025-Q2,Parasiticides,VectraGuard,VECTRAGUARD_L,E-commerce,National,National,95397,2480316.2,0.82
ciq_ecommerce,2025-04,2025-Q2,Parasiticides,VectraGuard,VECTRAGUARD_S,E-commerce,National,National,129013,3354348.49,0.82
ciq_ecommerce,2025-04,2025-Q2,Vaccines,VetGuard Immunize,VETGUARD-IMMUNIZE_L,E-commerce,National,National,28960,550245.69,0.82
ciq_ecommerce,2025-04,2025-Q2,Vaccines,VetGuard Immunize,VETGUARD-IMMUNIZE_S,E-commerce,National,National,40594,771300.36,0.82
ciq_ecommerce,2025-04,2025-Q2,Vaccines,VetSelect Core Vax,VETSELECT-CORE-VAX_L,E-commerce,National,National,31225,437151.95,0.82
ciq_ecommerce,2025-04,2025-Q2,Vaccines,VetSelect Core Vax,VETSELECT-CORE-VAX_S,E-commerce,National,National,44070,616990.6,0.82
ciq_ecommerce,2025-04,2025-Q2,Dermatology,VetSelect Derma,VETSELECT-DERMA_L,E-commerce,National,National,22087,839329.94,0.82
ciq_ecommerce,2025-04,2025-Q2,Dermatology,VetSelect Derma,VETSELECT-DERMA_S,E-commerce,National,National,29884,1135586.61,0.82
ciq_ecommerce,2025-04,2025-Q2,Petcare Diagnostics,VetSelect Dx,VETSELECT-DX_L,E-commerce,National,National,31973,383681.23,0.82
ciq_ecommerce,2025-04,2025-Q2,Petcare Diagnostics,VetSelect Dx,VETSELECT-DX_S,E-commerce,National,National,41985,503809.87,0.82
ciq_ecommerce,2025-04,2025-Q2,Parasiticides,VetSelect Flea & Tick,VETSELECT-FLEA-TICK_L,E-commerce,National,National,106411,1808979.01,0.82
ciq_ecommerce,2025-04,2025-Q2,Parasiticides,VetSelect Flea & Tick,VETSELECT-FLEA-TICK_S,E-commerce,National,National,153495,2609420.17,0.82
ciq_ecommerce,2025-04,2025-Q2,Pain/Osteoarthritis,VetSelect Joint,VETSELECT-JOINT_L,E-commerce,National,National,21326,618444.65,0.82
ciq_ecommerce,2025-04,2025-Q2,Pain/Osteoarthritis,VetSelect Joint,VETSELECT-JOINT_S,E-commerce,National,National,28610,829677.15,0.82
ciq_ecommerce,2025-04,2025-Q2,Petcare Diagnostics,Vetscan,VETSCAN_L,E-commerce,National,National,52950,953099.83,0.82
ciq_ecommerce,2025-04,2025-Q2,Petcare Diagnostics,Vetscan,VETSCAN_S,E-commerce,National,National,72868,1311614.04,0.82
ciq_ecommerce,2025-04,2025-Q2,Dermatology,AllerVet RX,ALLERVET-RX_L,E-commerce,Region,Midwest,5079,274283.14,0.82
ciq_ecommerce,2025-04,2025-Q2,Dermatology,AllerVet RX,ALLERVET-RX_S,E-commerce,Region,Midwest,6447,348145.01,0.82
ciq_ecommerce,2025-04,2025-Q2,Dermatology,Apoquel,APOQUEL_L,E-commerce,Region,Midwest,7384,479944.09,0.82
ciq_ecommerce,2025-04,2025-Q2,Dermatology,Apoquel,APOQUEL_S,E-commerce,Region,Midwest,10994,714625.94,0.82
ciq_ecommerce,2025-04,2025-Q2,Vaccines,BioShield Vax,BIOSHIELD-VAX_L,E-commerce,Region,Midwest,6674,133477.73,0.82
ciq_ecommerce,2025-04,2025-Q2,Vaccines,BioShield Vax,BIOSHIELD-VAX_S,E-commerce,Region,Midwest,9683,193668.08,0.82
ciq_ecommerce,2025-04,2025-Q2,Dermatology,DermaCalm,DERMACALM_L,E-commerce,Region,Midwest,5281,306319.76,0.82
ciq_ecommerce,2025-04,2025-Q2,Dermatology,DermaCalm,DERMACALM_S,E-commerce,Region,Midwest,7204,417811.93,0.82
ciq_ecommerce,2025-04,2025-Q2,Petcare Diagnostics,DiagnosTech Vet,DIAGNOSTECH-VET_L,E-commerce,Region,Midwest,11324,192507.13,0.82
ciq_ecommerce,2025-04,2025-Q2,Petcare Diagnostics,DiagnosTech Vet,DIAGNOSTECH-VET_S,E-commerce,Region,Midwest,15660,266213.88,0.82
ciq_ecommerce,2025-04,2025-Q2,Parasiticides,FleaStop Pro,FLEASTOP-PRO_L,E-commerce,Region,Midwest,15327,321869.28,0.82
ciq_ecommerce,2025-04,2025-Q2,Parasiticides,FleaStop Pro,FLEASTOP-PRO_S,E-commerce,Region,Midwest,21208,445369.66,0.82
ciq_ecommerce,2025-04,2025-Q2,Pain/Osteoarthritis,FlexiCare Joint,FLEXICARE-JOINT_L,E-commerce,Region,Midwest,3789,166714.11,0.82
ciq_ecommerce,2025-04,2025-Q2,Pain/Osteoarthritis,FlexiCare Joint,FLEXICARE-JOINT_S,E-commerce,Region,Midwest,5508,242370.21,0.82
ciq_ecommerce,2025-04,2025-Q2,Vaccines,ImmunoCore Canine,IMMUNOCORE-CANINE_L,E-commerce,Region,Midwest,8404,176478.2,0.82
ciq_ecommerce,2025-04,2025-Q2,Vaccines,ImmunoCore Canine,IMMUNOCORE-CANINE_S,E-commerce,Region,Midwest,12545,263453.13,0.82
ciq_ecommerce,2025-04,2025-Q2,Pain/Osteoarthritis,Librela,LIBRELA_L,E-commerce,Region,Midwest,3963,190208.22,0.82
ciq_ecommerce,2025-04,2025-Q2,Pain/Osteoarthritis,Librela,LIBRELA_S,E-commerce,Region,Midwest,5690,273118.2,0.82
ciq_ecommerce,2025-04,2025-Q2,Pain/Osteoarthritis,OsteoEase Vet,OSTEOEASE-VET_L,E-commerce,Region,Midwest,4309,176660.85,0.82
ciq_ecommerce,2025-04,2025-Q2,Pain/Osteoarthritis,OsteoEase Vet,OSTEOEASE-VET_S,E-commerce,Region,Midwest,5710,234127.29,0.82
ciq_ecommerce,2025-04,2025-Q2,Pain/Osteoarthritis,PainAway Canine,PAINAWAY-CANINE_L,E-commerce,Region,Midwest,3551,131387.35,0.82
ciq_ecommerce,2025-04,2025-Q2,Pain/Osteoarthritis,PainAway Canine,PAINAWAY-CANINE_S,E-commerce,Region,Midwest,4555,168536.97,0.82
ciq_ecommerce,2025-04,2025-Q2,Petcare Diagnostics,PetLab Analyzer,PETLAB-ANALYZER_L,E-commerce,Region,Midwest,6870,103057.43,0.82
ciq_ecommerce,2025-04,2025-Q2,Petcare Diagnostics,PetLab Analyzer,PETLAB-ANALYZER_S,E-commerce,Region,Midwest,10091,151367.76,0.82
ciq_ecommerce,2025-04,2025-Q2,Petcare Diagnostics,RapidVet Dx,RAPIDVET-DX_L,E-commerce,Region,Midwest,10040,160640.96,0.82
ciq_ecommerce,2025-04,2025-Q2,Petcare Diagnostics,RapidVet Dx,RAPIDVET-DX_S,E-commerce,Region,Midwest,14478,231654.51,0.82
ciq_ecommerce,2025-04,2025-Q2,Parasiticides,Simparica Trio,SIMPARICA-TRIO_L,E-commerce,Region,Midwest,23770,665556.42,0.82
ciq_ecommerce,2025-04,2025-Q2,Parasiticides,Simparica Trio,SIMPARICA-TRIO_S,E-commerce,Region,Midwest,31194,873437.18,0.82
ciq_ecommerce,2025-04,2025-Q2,Dermatology,SkinRelief Pro,SKINRELIEF-PRO_L,E-commerce,Region,Midwest,4292,210330.09,0.82
ciq_ecommerce,2025-04,2025-Q2,Dermatology,SkinRelief Pro,SKINRELIEF-PRO_S,E-commerce,Region,Midwest,5559,272376.01,0.82
ciq_ecommerce,2025-04,2025-Q2,Parasiticides,TickShield Plus,TICKSHIELD-PLUS_L,E-commerce,Region,Midwest,15345,368288.4,0.82
ciq_ecommerce,2025-04,2025-Q2,Parasiticides,TickShield Plus,TICKSHIELD-PLUS_S,E-commerce,Region,Midwest,22331,535932.25,0.82
ciq_ecommerce,2025-04,2025-Q2,Vaccines,Vanguard,VANGUARD_L,E-commerce,Region,Midwest,8222,180875.75,0.82
ciq_ecommerce,2025-04,2025-Q2,Vaccines,Vanguard,VANGUARD_S,E-commerce,Region,Midwest,10352,227740.66,0.82
ciq_ecommerce,2025-04,2025-Q2,Parasiticides,VectraGuard,VECTRAGUARD_L,E-commerce,Region,Midwest,19598,509549.1,0.82
ciq_ecommerce,2025-04,2025-Q2,Parasiticides,VectraGuard,VECTRAGUARD_S,E-commerce,Region,Midwest,27185,706809.0,0.82
ciq_ecommerce,2025-04,2025-Q2,Vaccines,VetGuard Immunize,VETGUARD-IMMUNIZE_L,E-commerce,Region,Midwest,5985,113723.3,0.82
ciq_ecommerce,2025-04,2025-Q2,Vaccines,VetGuard Immunize,VETGUARD-IMMUNIZE_S,E-commerce,Region,Midwest,8267,157075.47,0.82
ciq_ecommerce,2025-04,2025-Q2,Vaccines,VetSelect Core Vax,VETSELECT-CORE-VAX_L,E-commerce,Region,Midwest,6472,90614.15,0.82
ciq_ecommerce,2025-04,2025-Q2,Vaccines,VetSelect Core Vax,VETSELECT-CORE-VAX_S,E-commerce,Region,Midwest,9549,133684.86,0.82
ciq_ecommerce,2025-04,2025-Q2,Dermatology,VetSelect Derma,VETSELECT-DERMA_L,E-commerce,Region,Midwest,4720,179371.05,0.82
ciq_ecommerce,2025-04,2025-Q2,Dermatology,VetSelect Derma,VETSELECT-DERMA_S,E-commerce,Region,Midwest,6544,248679.08,0.82
ciq_ecommerce,2025-04,2025-Q2,Petcare Diagnostics,VetSelect Dx,VETSELECT-DX_L,E-commerce,Region,Midwest,6330,75956.77,0.82
ciq_ecommerce,2025-04,2025-Q2,Petcare Diagnostics,VetSelect Dx,VETSELECT-DX_S,E-commerce,Region,Midwest,9075,108903.38,0.82
ciq_ecommerce,2025-04,2025-Q2,Parasiticides,VetSelect Flea & Tick,VETSELECT-FLEA-TICK_L,E-commerce,Region,Midwest,22131,376221.82,0.82
ciq_ecommerce,2025-04,2025-Q2,Parasiticides,VetSelect Flea & Tick,VETSELECT-FLEA-TICK_S,E-commerce,Region,Midwest,31870,541781.64,0.82
ciq_ecommerce,2025-04,2025-Q2,Pain/Osteoarthritis,VetSelect Joint,VETSELECT-JOINT_L,E-commerce,Region,Midwest,4651,134872.39,0.82
ciq_ecommerce,2025-04,2025-Q2,Pain/Osteoarthritis,VetSelect Joint,VETSELECT-JOINT_S,E-commerce,Region,Midwest,5687,164910.64,0.82
ciq_ecommerce,2025-04,2025-Q2,Petcare Diagnostics,Vetscan,VETSCAN_L,E-commerce,Region,Midwest,10909,196362.55,0.82
ciq_ecommerce,2025-04,2025-Q2,Petcare Diagnostics,Vetscan,VETSCAN_S,E-commerce,Region,Midwest,14852,267334.83,0.82
ciq_ecommerce,2025-04,2025-Q2,Dermatology,AllerVet RX,ALLERVET-RX_L,E-commerce,Region,Northeast,5112,276042.57,0.82
ciq_ecommerce,2025-04,2025-Q2,Dermatology,AllerVet RX,ALLERVET-RX_S,E-commerce,Region,Northeast,6847,369742.94,0.82
ciq_ecommerce,2025-04,2025-Q2,Dermatology,Apoquel,APOQUEL_L,E-commerce,Region,Northeast,7563,491577.9,0.82
ciq_ecommerce,2025-04,2025-Q2,Dermatology,Apoquel,APOQUEL_S,E-commerce,Region,Northeast,10272,667685.73,0.82
ciq_ecommerce,2025-04,2025-Q2,Vaccines,BioShield Vax,BIOSHIELD-VAX_L,E-commerce,Region,Northeast,7934,158687.57,0.82
ciq_ecommerce,2025-04,2025-Q2,Vaccines,BioShield Vax,BIOSHIELD-VAX_S,E-commerce,Region,Northeast,10012,200239.61,0.82
ciq_ecommerce,2025-04,2025-Q2,Dermatology,DermaCalm,DERMACALM_L,E-commerce,Region,Northeast,5484,318053.9,0.82
ciq_ecommerce,2025-04,2025-Q2,Dermatology,DermaCalm,DERMACALM_S,E-commerce,Region,Northeast,7559,438446.23,0.82
ciq_ecommerce,2025-04,2025-Q2,Petcare Diagnostics,DiagnosTech Vet,DIAGNOSTECH-VET_L,E-commerce,Region,Northeast,12218,207708.27,0.82
ciq_ecommerce,2025-04,2025-Q2,Petcare Diagnostics,DiagnosTech Vet,DIAGNOSTECH-VET_S,E-commerce,Region,Northeast,17170,291892.8,0.82
ciq_ecommerce,2025-04,2025-Q2,Parasiticides,FleaStop Pro,FLEASTOP-PRO_L,E-commerce,Region,Northeast,15157,318302.07,0.82
ciq_ecommerce,2025-04,2025-Q2,Parasiticides,FleaStop Pro,FLEASTOP-PRO_S,E-commerce,Region,Northeast,21771,457193.19,0.82
ciq_ecommerce,2025-04,2025-Q2,Pain/Osteoarthritis,FlexiCare Joint,FLEXICARE-JOINT_L,E-commerce,Region,Northeast,4449,195765.84,0.82
ciq_ecommerce,2025-04,2025-Q2,Pain/Osteoarthritis,FlexiCare Joint,FLEXICARE-JOINT_S,E-commerce,Region,Northeast,6077,267405.59,0.82
ciq_ecommerce,2025-04,2025-Q2,Vaccines,ImmunoCore Canine,IMMUNOCORE-CANINE_L,E-commerce,Region,Northeast,8347,175290.6,0.82
ciq_ecommerce,2025-04,2025-Q2,Vaccines,ImmunoCore Canine,IMMUNOCORE-CANINE_S,E-commerce,Region,Northeast,11920,250322.31,0.82
ciq_ecommerce,2025-04,2025-Q2,Pain/Osteoarthritis,Librela,LIBRELA_L,E-commerce,Region,Northeast,4196,201421.56,0.82
ciq_ecommerce,2025-04,2025-Q2,Pain/Osteoarthritis,Librela,LIBRELA_S,E-commerce,Region,Northeast,5786,277704.74,0.82
ciq_ecommerce,2025-04,2025-Q2,Pain/Osteoarthritis,OsteoEase Vet,OSTEOEASE-VET_L,E-commerce,Region,Northeast,4204,172370.2,0.82
ciq_ecommerce,2025-04,2025-Q2,Pain/Osteoarthritis,OsteoEase Vet,OSTEOEASE-VET_S,E-commerce,Region,Northeast,5484,224837.6,0.82
ciq_ecommerce,2025-04,2025-Q2,Pain/Osteoarthritis,PainAway Canine,PAINAWAY-CANINE_L,E-commerce,Region,Northeast,3796,140460.0,0.82
ciq_ecommerce,2025-04,2025-Q2,Pain/Osteoarthritis,PainAway Canine,PAINAWAY-CANINE_S,E-commerce,Region,Northeast,4925,182224.62,0.82
ciq_ecommerce,2025-04,2025-Q2,Petcare Diagnostics,PetLab Analyzer,PETLAB-ANALYZER_L,E-commerce,Region,Northeast,6831,102471.46,0.82
ciq_ecommerce,2025-04,2025-Q2,Petcare Diagnostics,PetLab Analyzer,PETLAB-ANALYZER_S,E-commerce,Region,Northeast,10172,152575.95,0.82
ciq_ecommerce,2025-04,2025-Q2,Petcare Diagnostics,RapidVet Dx,RAPIDVET-DX_L,E-commerce,Region,Northeast,10832,173314.52,0.82
ciq_ecommerce,2025-04,2025-Q2,Petcare Diagnostics,RapidVet Dx,RAPIDVET-DX_S,E-commerce,Region,Northeast,15541,248661.23,0.82
ciq_ecommerce,2025-04,2025-Q2,Parasiticides,Simparica Trio,SIMPARICA-TRIO_L,E-commerce,Region,Northeast,23120,647352.17,0.82
ciq_ecommerce,2025-04,2025-Q2,Parasiticides,Simparica Trio,SIMPARICA-TRIO_S,E-commerce,Region,Northeast,31741,888745.45,0.82
ciq_ecommerce,2025-04,2025-Q2,Dermatology,SkinRelief Pro,SKINRELIEF-PRO_L,E-commerce,Region,Northeast,4947,242381.36,0.82
ciq_ecommerce,2025-04,2025-Q2,Dermatology,SkinRelief Pro,SKINRELIEF-PRO_S,E-commerce,Region,Northeast,6451,316104.76,0.82
ciq_ecommerce,2025-04,2025-Q2,Parasiticides,TickShield Plus,TICKSHIELD-PLUS_L,E-commerce,Region,Northeast,16627,399055.63,0.82
ciq_ecommerce,2025-04,2025-Q2,Parasiticides,TickShield Plus,TICKSHIELD-PLUS_S,E-commerce,Region,Northeast,24337,584079.29,0.82
ciq_ecommerce,2025-04,2025-Q2,Vaccines,Vanguard,VANGUARD_L,E-commerce,Region,Northeast,8109,178387.37,0.82
ciq_ecommerce,2025-04,2025-Q2,Vaccines,Vanguard,VANGUARD_S,E-commerce,Region,Northeast,10338,227446.57,0.82
ciq_ecommerce,2025-04,2025-Q2,Parasiticides,VectraGuard,VECTRAGUARD_L,E-commerce,Region,Northeast,19669,511386.16,0.82
ciq_ecommerce,2025-04,2025-Q2,Parasiticides,VectraGuard,VECTRAGUARD_S,E-commerce,Region,Northeast,25757,669683.03,0.82
ciq_ecommerce,2025-04,2025-Q2,Vaccines,VetGuard Immunize,VETGUARD-IMMUNIZE_L,E-commerce,Region,Northeast,6132,116503.43,0.82
ciq_ecommerce,2025-04,2025-Q2,Vaccines,VetGuard Immunize,VETGUARD-IMMUNIZE_S,E-commerce,Region,Northeast,8969,170418.59,0.82
ciq_ecommerce,2025-04,2025-Q2,Vaccines,VetSelect Core Vax,VETSELECT-CORE-VAX_L,E-commerce,Region,Northeast,6497,90952.82,0.82
ciq_ecommerce,2025-04,2025-Q2,Vaccines,VetSelect Core Vax,VETSELECT-CORE-VAX_S,E-commerce,Region,Northeast,8823,123525.34,0.82
ciq_ecommerce,2025-04,2025-Q2,Dermatology,VetSelect Derma,VETSELECT-DERMA_L,E-commerce,Region,Northeast,4847,184198.95,0.82
ciq_ecommerce,2025-04,2025-Q2,Dermatology,VetSelect Derma,VETSELECT-DERMA_S,E-commerce,Region,Northeast,6435,244529.64,0.82
ciq_ecommerce,2025-04,2025-Q2,Petcare Diagnostics,VetSelect Dx,VETSELECT-DX_L,E-commerce,Region,Northeast,7382,88589.13,0.82
ciq_ecommerce,2025-04,2025-Q2,Petcare Diagnostics,VetSelect Dx,VETSELECT-DX_S,E-commerce,Region,Northeast,8988,107852.41,0.82
ciq_ecommerce,2025-04,2025-Q2,Parasiticides,VetSelect Flea & Tick,VETSELECT-FLEA-TICK_L,E-commerce,Region,Northeast,23236,395017.27,0.82
ciq_ecommerce,2025-04,2025-Q2,Parasiticides,VetSelect Flea & Tick,VETSELECT-FLEA-TICK_S,E-commerce,Region,Northeast,34546,587288.58,0.82
ciq_ecommerce,2025-04,2025-Q2,Pain/Osteoarthritis,VetSelect Joint,VETSELECT-JOINT_L,E-commerce,Region,Northeast,4738,137409.4,0.82
ciq_ecommerce,2025-04,2025-Q2,Pain/Osteoarthritis,VetSelect Joint,VETSELECT-JOINT_S,E-commerce,Region,Northeast,6383,185097.2,0.82
ciq_ecommerce,2025-04,2025-Q2,Petcare Diagnostics,Vetscan,VETSCAN_L,E-commerce,Region,Northeast,11084,199512.84,0.82
ciq_ecommerce,2025-04,2025-Q2,Petcare Diagnostics,Vetscan,VETSCAN_S,E-commerce,Region,Northeast,15796,284325.3,0.82
ciq_ecommerce,2025-04,2025-Q2,Dermatology,AllerVet RX,ALLERVET-RX_L,E-commerce,Region,South,7034,379856.52,0.82
ciq_ecommerce,2025-04,2025-Q2,Dermatology,AllerVet RX,ALLERVET-RX_S,E-commerce,Region,South,10078,544209.31,0.82
ciq_ecommerce,2025-04,2025-Q2,Dermatology,Apoquel,APOQUEL_L,E-commerce,Region,South,11523,748967.84,0.82
ciq_ecommerce,2025-04,2025-Q2,Dermatology,Apoquel,APOQUEL_S,E-commerce,Region,South,15929,1035393.18,0.82
ciq_ecommerce,2025-04,2025-Q2,Vaccines,BioShield Vax,BIOSHIELD-VAX_L,E-commerce,Region,South,11738,234761.95,0.82
ciq_ecommerce,2025-04,2025-Q2,Vaccines,BioShield Vax,BIOSHIELD-VAX_S,E-commerce,Region,South,15018,300351.21,0.82
ciq_ecommerce,2025-04,2025-Q2,Dermatology,DermaCalm,DERMACALM_L,E-commerce,Region,South,8665,502578.33,0.82
ciq_ecommerce,2025-04,2025-Q2,Dermatology,DermaCalm,DERMACALM_S,E-commerce,Region,South,11251,652557.68,0.82
ciq_ecommerce,2025-04,2025-Q2,Petcare Diagnostics,DiagnosTech Vet,DIAGNOSTECH-VET_L,E-commerce,Region,South,19650,334055.05,0.82
ciq_ecommerce,2025-04,2025-Q2,Petcare Diagnostics,DiagnosTech Vet,DIAGNOSTECH-VET_S,E-commerce,Region,South,26521,450864.98,0.82
ciq_ecommerce,2025-04,2025-Q2,Parasiticides,FleaStop Pro,FLEASTOP-PRO_L,E-commerce,Region,South,22471,471883.83,0.82
ciq_ecommerce,2025-04,2025-Q2,Parasiticides,FleaStop Pro,FLEASTOP-PRO_S,E-commerce,Region,South,29546,620472.2,0.82
ciq_ecommerce,2025-04,2025-Q2,Pain/Osteoarthritis,FlexiCare Joint,FLEXICARE-JOINT_L,E-commerce,Region,South,7320,322090.68,0.82
ciq_ecommerce,2025-04,2025-Q2,Pain/Osteoarthritis,FlexiCare Joint,FLEXICARE-JOINT_S,E-commerce,Region,South,9576,421328.81,0.82
ciq_ecommerce,2025-04,2025-Q2,Vaccines,ImmunoCore Canine,IMMUNOCORE-CANINE_L,E-commerce,Region,South,13543,284398.51,0.82
ciq_ecommerce,2025-04,2025-Q2,Vaccines,ImmunoCore Canine,IMMUNOCORE-CANINE_S,E-commerce,Region,South,18075,379569.44,0.82
ciq_ecommerce,2025-04,2025-Q2,Pain/Osteoarthritis,Librela,LIBRELA_L,E-commerce,Region,South,7019,336910.37,0.82
ciq_ecommerce,2025-04,2025-Q2,Pain/Osteoarthritis,Librela,LIBRELA_S,E-commerce,Region,South,9232,443120.9,0.82
ciq_ecommerce,2025-04,2025-Q2,Pain/Osteoarthritis,OsteoEase Vet,OSTEOEASE-VET_L,E-commerce,Region,South,6592,270279.59,0.82
ciq_ecommerce,2025-04,2025-Q2,Pain/Osteoarthritis,OsteoEase Vet,OSTEOEASE-VET_S,E-commerce,Region,South,8425,345421.01,0.82
ciq_ecommerce,2025-04,2025-Q2,Pain/Osteoarthritis,PainAway Canine,PAINAWAY-CANINE_L,E-commerce,Region,South,5001,185051.09,0.82
ciq_ecommerce,2025-04,2025-Q2,Pain/Osteoarthritis,PainAway Canine,PAINAWAY-CANINE_S,E-commerce,Region,South,7879,291519.92,0.82
ciq_ecommerce,2025-04,2025-Q2,Petcare Diagnostics,PetLab Analyzer,PETLAB-ANALYZER_L,E-commerce,Region,South,10048,150714.14,0.82
ciq_ecommerce,2025-04,2025-Q2,Petcare Diagnostics,PetLab Analyzer,PETLAB-ANALYZER_S,E-commerce,Region,South,14303,214546.37,0.82
ciq_ecommerce,2025-04,2025-Q2,Petcare Diagnostics,RapidVet Dx,RAPIDVET-DX_L,E-commerce,Region,South,17820,285112.25,0.82
ciq_ecommerce,2025-04,2025-Q2,Petcare Diagnostics,RapidVet Dx,RAPIDVET-DX_S,E-commerce,Region,South,21930,350879.25,0.82
ciq_ecommerce,2025-04,2025-Q2,Parasiticides,Simparica Trio,SIMPARICA-TRIO_L,E-commerce,Region,South,35561,995708.94,0.82
ciq_ecommerce,2025-04,2025-Q2,Parasiticides,Simparica Trio,SIMPARICA-TRIO_S,E-commerce,Region,South,50358,1410017.43,0.82
ciq_ecommerce,2025-04,2025-Q2,Dermatology,SkinRelief Pro,SKINRELIEF-PRO_L,E-commerce,Region,South,6283,307863.68,0.82
ciq_ecommerce,2025-04,2025-Q2,Dermatology,SkinRelief Pro,SKINRELIEF-PRO_S,E-commerce,Region,South,8418,412502.69,0.82
ciq_ecommerce,2025-04,2025-Q2,Parasiticides,TickShield Plus,TICKSHIELD-PLUS_L,E-commerce,Region,South,27725,665402.79,0.82
ciq_ecommerce,2025-04,2025-Q2,Parasiticides,TickShield Plus,TICKSHIELD-PLUS_S,E-commerce,Region,South,36590,878165.01,0.82
ciq_ecommerce,2025-04,2025-Q2,Vaccines,Vanguard,VANGUARD_L,E-commerce,Region,South,12739,280260.58,0.82
ciq_ecommerce,2025-04,2025-Q2,Vaccines,Vanguard,VANGUARD_S,E-commerce,Region,South,16018,352387.33,0.82
ciq_ecommerce,2025-04,2025-Q2,Parasiticides,VectraGuard,VECTRAGUARD_L,E-commerce,Region,South,34062,885600.19,0.82
ciq_ecommerce,2025-04,2025-Q2,Parasiticides,VectraGuard,VECTRAGUARD_S,E-commerce,Region,South,46328,1204538.84,0.82
ciq_ecommerce,2025-04,2025-Q2,Vaccines,VetGuard Immunize,VETGUARD-IMMUNIZE_L,E-commerce,Region,South,9817,186525.38,0.82
ciq_ecommerce,2025-04,2025-Q2,Vaccines,VetGuard Immunize,VETGUARD-IMMUNIZE_S,E-commerce,Region,South,14129,268452.57,0.82
ciq_ecommerce,2025-04,2025-Q2,Vaccines,VetSelect Core Vax,VETSELECT-CORE-VAX_L,E-commerce,Region,South,11095,155335.72,0.82
ciq_ecommerce,2025-04,2025-Q2,Vaccines,VetSelect Core Vax,VETSELECT-CORE-VAX_S,E-commerce,Region,South,15051,210718.84,0.82
ciq_ecommerce,2025-04,2025-Q2,Dermatology,VetSelect Derma,VETSELECT-DERMA_L,E-commerce,Region,South,7586,288255.13,0.82
ciq_ecommerce,2025-04,2025-Q2,Dermatology,VetSelect Derma,VETSELECT-DERMA_S,E-commerce,Region,South,9791,372055.29,0.82
ciq_ecommerce,2025-04,2025-Q2,Petcare Diagnostics,VetSelect Dx,VETSELECT-DX_L,E-commerce,Region,South,10841,130089.99,0.82
ciq_ecommerce,2025-04,2025-Q2,Petcare Diagnostics,VetSelect Dx,VETSELECT-DX_S,E-commerce,Region,South,14184,170203.94,0.82
ciq_ecommerce,2025-04,2025-Q2,Parasiticides,VetSelect Flea & Tick,VETSELECT-FLEA-TICK_L,E-commerce,Region,South,36022,612369.27,0.82
ciq_ecommerce,2025-04,2025-Q2,Parasiticides,VetSelect Flea & Tick,VETSELECT-FLEA-TICK_S,E-commerce,Region,South,51604,877267.01,0.82
ciq_ecommerce,2025-04,2025-Q2,Pain/Osteoarthritis,VetSelect Joint,VETSELECT-JOINT_L,E-commerce,Region,South,7049,204409.19,0.82
ciq_ecommerce,2025-04,2025-Q2,Pain/Osteoarthritis,VetSelect Joint,VETSELECT-JOINT_S,E-commerce,Region,South,9773,283425.42,0.82
ciq_ecommerce,2025-04,2025-Q2,Petcare Diagnostics,Vetscan,VETSCAN_L,E-commerce,Region,South,17868,321622.74,0.82
ciq_ecommerce,2025-04,2025-Q2,Petcare Diagnostics,Vetscan,VETSCAN_S,E-commerce,Region,South,25321,455777.61,0.82
ciq_ecommerce,2025-04,2025-Q2,Dermatology,AllerVet RX,ALLERVET-RX_L,E-commerce,Region,West,5581,301381.93,0.82
ciq_ecommerce,2025-04,2025-Q2,Dermatology,AllerVet RX,ALLERVET-RX_S,E-commerce,Region,West,7647,412955.1,0.82
ciq_ecommerce,2025-04,2025-Q2,Dermatology,Apoquel,APOQUEL_L,E-commerce,Region,West,6967,452873.66,0.82
ciq_ecommerce,2025-04,2025-Q2,Dermatology,Apoquel,APOQUEL_S,E-commerce,Region,West,10284,668481.96,0.82
ciq_ecommerce,2025-04,2025-Q2,Vaccines,BioShield Vax,BIOSHIELD-VAX_L,E-commerce,Region,West,7892,157837.51,0.82
ciq_ecommerce,2025-04,2025-Q2,Vaccines,BioShield Vax,BIOSHIELD-VAX_S,E-commerce,Region,West,10121,202419.14,0.82
ciq_ecommerce,2025-04,2025-Q2,Dermatology,DermaCalm,DERMACALM_L,E-commerce,Region,West,6118,354856.35,0.82
ciq_ecommerce,2025-04,2025-Q2,Dermatology,DermaCalm,DERMACALM_S,E-commerce,Region,West,8734,506570.9,0.82
ciq_ecommerce,2025-04,2025-Q2,Petcare Diagnostics,DiagnosTech Vet,DIAGNOSTECH-VET_L,E-commerce,Region,West,11940,202974.45,0.82
ciq_ecommerce,2025-04,2025-Q2,Petcare Diagnostics,DiagnosTech Vet,DIAGNOSTECH-VET_S,E-commerce,Region,West,16658,283177.59,0.82
ciq_ecommerce,2025-04,2025-Q2,Parasiticides,FleaStop Pro,FLEASTOP-PRO_L,E-commerce,Region,West,16275,341772.53,0.82
ciq_ecommerce,2025-04,2025-Q2,Parasiticides,FleaStop Pro,FLEASTOP-PRO_S,E-commerce,Region,West,21764,457041.24,0.82
ciq_ecommerce,2025-04,2025-Q2,Pain/Osteoarthritis,FlexiCare Joint,FLEXICARE-JOINT_L,E-commerce,Region,West,4437,195244.83,0.82
ciq_ecommerce,2025-04,2025-Q2,Pain/Osteoarthritis,FlexiCare Joint,FLEXICARE-JOINT_S,E-commerce,Region,West,5887,259014.96,0.82
ciq_ecommerce,2025-04,2025-Q2,Vaccines,ImmunoCore Canine,IMMUNOCORE-CANINE_L,E-commerce,Region,West,8850,185843.92,0.82
ciq_ecommerce,2025-04,2025-Q2,Vaccines,ImmunoCore Canine,IMMUNOCORE-CANINE_S,E-commerce,Region,West,12189,255964.21,0.82
ciq_ecommerce,2025-04,2025-Q2,Pain/Osteoarthritis,Librela,LIBRELA_L,E-commerce,Region,West,4404,211382.03,0.82
ciq_ecommerce,2025-04,2025-Q2,Pain/Osteoarthritis,Librela,LIBRELA_S,E-commerce,Region,West,5768,276873.25,0.82
ciq_ecommerce,2025-04,2025-Q2,Pain/Osteoarthritis,OsteoEase Vet,OSTEOEASE-VET_L,E-commerce,Region,West,4351,178373.26,0.82
ciq_ecommerce,2025-04,2025-Q2,Pain/Osteoarthritis,OsteoEase Vet,OSTEOEASE-VET_S,E-commerce,Region,West,6084,249426.13,0.82
ciq_ecommerce,2025-04,2025-Q2,Pain/Osteoarthritis,PainAway Canine,PAINAWAY-CANINE_L,E-commerce,Region,West,3912,144730.64,0.82
ciq_ecommerce,2025-04,2025-Q2,Pain/Osteoarthritis,PainAway Canine,PAINAWAY-CANINE_S,E-commerce,Region,West,5329,197171.56,0.82
ciq_ecommerce,2025-04,2025-Q2,Petcare Diagnostics,PetLab Analyzer,PETLAB-ANALYZER_L,E-commerce,Region,West,7569,113541.39,0.82
ciq_ecommerce,2025-04,2025-Q2,Petcare Diagnostics,PetLab Analyzer,PETLAB-ANALYZER_S,E-commerce,Region,West,9803,147048.1,0.82
ciq_ecommerce,2025-04,2025-Q2,Petcare Diagnostics,RapidVet Dx,RAPIDVET-DX_L,E-commerce,Region,West,12207,195317.65,0.82
ciq_ecommerce,2025-04,2025-Q2,Petcare Diagnostics,RapidVet Dx,RAPIDVET-DX_S,E-commerce,Region,West,14748,235971.88,0.82
ciq_ecommerce,2025-04,2025-Q2,Parasiticides,Simparica Trio,SIMPARICA-TRIO_L,E-commerce,Region,West,25687,719242.87,0.82
ciq_ecommerce,2025-04,2025-Q2,Parasiticides,Simparica Trio,SIMPARICA-TRIO_S,E-commerce,Region,West,32963,922961.5,0.82
ciq_ecommerce,2025-04,2025-Q2,Dermatology,SkinRelief Pro,SKINRELIEF-PRO_L,E-commerce,Region,West,4617,226227.27,0.82
ciq_ecommerce,2025-04,2025-Q2,Dermatology,SkinRelief Pro,SKINRELIEF-PRO_S,E-commerce,Region,West,6234,305443.58,0.82
ciq_ecommerce,2025-04,2025-Q2,Parasiticides,TickShield Plus,TICKSHIELD-PLUS_L,E-commerce,Region,West,19940,478558.4,0.82
ciq_ecommerce,2025-04,2025-Q2,Parasiticides,TickShield Plus,TICKSHIELD-PLUS_S,E-commerce,Region,West,27550,661191.66,0.82
ciq_ecommerce,2025-04,2025-Q2,Vaccines,Vanguard,VANGUARD_L,E-commerce,Region,West,8357,183864.98,0.82
ciq_ecommerce,2025-04,2025-Q2,Vaccines,Vanguard,VANGUARD_S,E-commerce,Region,West,11628,255808.23,0.82
ciq_ecommerce,2025-04,2025-Q2,Parasiticides,VectraGuard,VECTRAGUARD_L,E-commerce,Region,West,22068,573780.75,0.82
ciq_ecommerce,2025-04,2025-Q2,Parasiticides,VectraGuard,VECTRAGUARD_S,E-commerce,Region,West,29743,773317.62,0.82
ciq_ecommerce,2025-04,2025-Q2,Vaccines,VetGuard Immunize,VETGUARD-IMMUNIZE_L,E-commerce,Region,West,7026,133493.58,0.82
ciq_ecommerce,2025-04,2025-Q2,Vaccines,VetGuard Immunize,VETGUARD-IMMUNIZE_S,E-commerce,Region,West,9229,175353.73,0.82
ciq_ecommerce,2025-04,2025-Q2,Vaccines,VetSelect Core Vax,VETSELECT-CORE-VAX_L,E-commerce,Region,West,7161,100249.26,0.82
ciq_ecommerce,2025-04,2025-Q2,Vaccines,VetSelect Core Vax,VETSELECT-CORE-VAX_S,E-commerce,Region,West,10647,149061.56,0.82
ciq_ecommerce,2025-04,2025-Q2,Dermatology,VetSelect Derma,VETSELECT-DERMA_L,E-commerce,Region,West,4934,187504.81,0.82
ciq_ecommerce,2025-04,2025-Q2,Dermatology,VetSelect Derma,VETSELECT-DERMA_S,E-commerce,Region,West,7114,270322.6,0.82
ciq_ecommerce,2025-04,2025-Q2,Petcare Diagnostics,VetSelect Dx,VETSELECT-DX_L,E-commerce,Region,West,7420,89045.34,0.82
ciq_ecommerce,2025-04,2025-Q2,Petcare Diagnostics,VetSelect Dx,VETSELECT-DX_S,E-commerce,Region,West,9738,116850.14,0.82
ciq_ecommerce,2025-04,2025-Q2,Parasiticides,VetSelect Flea & Tick,VETSELECT-FLEA-TICK_L,E-commerce,Region,West,25022,425370.65,0.82
ciq_ecommerce,2025-04,2025-Q2,Parasiticides,VetSelect Flea & Tick,VETSELECT-FLEA-TICK_S,E-commerce,Region,West,35475,603082.94,0.82
ciq_ecommerce,2025-04,2025-Q2,Pain/Osteoarthritis,VetSelect Joint,VETSELECT-JOINT_L,E-commerce,Region,West,4888,141753.67,0.82
ciq_ecommerce,2025-04,2025-Q2,Pain/Osteoarthritis,VetSelect Joint,VETSELECT-JOINT_S,E-commerce,Region,West,6767,196243.89,0.82
ciq_ecommerce,2025-04,2025-Q2,Petcare Diagnostics,Vetscan,VETSCAN_L,E-commerce,Region,West,13089,235601.7,0.82
ciq_ecommerce,2025-04,2025-Q2,Petcare Diagnostics,Vetscan,VETSCAN_S,E-commerce,Region,West,16899,304176.3,0.82
ciq_ecommerce,2025-05,2025-Q2,Dermatology,AllerVet RX,ALLERVET-RX_L,E-commerce,National,National,25849,1395803.97,0.82
ciq_ecommerce,2025-05,2025-Q2,Dermatology,AllerVet RX,ALLERVET-RX_S,E-commerce,National,National,35573,1920875.8,0.82
ciq_ecommerce,2025-05,2025-Q2,Dermatology,Apoquel,APOQUEL_L,E-commerce,National,National,38064,2474164.06,0.82
ciq_ecommerce,2025-05,2025-Q2,Dermatology,Apoquel,APOQUEL_S,E-commerce,National,National,53586,3483080.66,0.82
ciq_ecommerce,2025-05,2025-Q2,Vaccines,BioShield Vax,BIOSHIELD-VAX_L,E-commerce,National,National,34713,694253.22,0.82
ciq_ecommerce,2025-05,2025-Q2,Vaccines,BioShield Vax,BIOSHIELD-VAX_S,E-commerce,National,National,48572,971428.94,0.82
ciq_ecommerce,2025-05,2025-Q2,Dermatology,DermaCalm,DERMACALM_L,E-commerce,National,National,28648,1661598.08,0.82
ciq_ecommerce,2025-05,2025-Q2,Dermatology,DermaCalm,DERMACALM_S,E-commerce,National,National,38859,2253826.52,0.82
ciq_ecommerce,2025-05,2025-Q2,Petcare Diagnostics,DiagnosTech Vet,DIAGNOSTECH-VET_L,E-commerce,National,National,57382,975487.48,0.82
ciq_ecommerce,2025-05,2025-Q2,Petcare Diagnostics,DiagnosTech Vet,DIAGNOSTECH-VET_S,E-commerce,National,National,79596,1353140.87,0.82
ciq_ecommerce,2025-05,2025-Q2,Parasiticides,FleaStop Pro,FLEASTOP-PRO_L,E-commerce,National,National,76021,1596446.41,0.82
ciq_ecommerce,2025-05,2025-Q2,Parasiticides,FleaStop Pro,FLEASTOP-PRO_S,E-commerce,National,National,106992,2246841.93,0.82
ciq_ecommerce,2025-05,2025-Q2,Pain/Osteoarthritis,FlexiCare Joint,FLEXICARE-JOINT_L,E-commerce,National,National,18322,806140.93,0.82
ciq_ecommerce,2025-05,2025-Q2,Pain/Osteoarthritis,FlexiCare Joint,FLEXICARE-JOINT_S,E-commerce,National,National,25833,1136642.63,0.82
ciq_ecommerce,2025-05,2025-Q2,Vaccines,ImmunoCore Canine,IMMUNOCORE-CANINE_L,E-commerce,National,National,41099,863101.14,0.82
ciq_ecommerce,2025-05,2025-Q2,Vaccines,ImmunoCore Canine,IMMUNOCORE-CANINE_S,E-commerce,National,National,59161,1242381.44,0.82
ciq_ecommerce,2025-05,2025-Q2,Pain/Osteoarthritis,Librela,LIBRELA_L,E-commerce,National,National,16675,800388.19,0.82
ciq_ecommerce,2025-05,2025-Q2,Pain/Osteoarthritis,Librela,LIBRELA_S,E-commerce,National,National,24451,1173643.44,0.82
ciq_ecommerce,2025-05,2025-Q2,Pain/Osteoarthritis,OsteoEase Vet,OSTEOEASE-VET_L,E-commerce,National,National,19263,789807.34,0.82
ciq_ecommerce,2025-05,2025-Q2,Pain/Osteoarthritis,OsteoEase Vet,OSTEOEASE-VET_S,E-commerce,National,National,26899,1102844.21,0.82
ciq_ecommerce,2025-05,2025-Q2,Pain/Osteoarthritis,PainAway Canine,PAINAWAY-CANINE_L,E-commerce,National,National,16498,610455.69,0.82
ciq_ecommerce,2025-05,2025-Q2,Pain/Osteoarthritis,PainAway Canine,PAINAWAY-CANINE_S,E-commerce,National,National,22502,832596.87,0.82
ciq_ecommerce,2025-05,2025-Q2,Petcare Diagnostics,PetLab Analyzer,PETLAB-ANALYZER_L,E-commerce,National,National,32164,482446.91,0.82
ciq_ecommerce,2025-05,2025-Q2,Petcare Diagnostics,PetLab Analyzer,PETLAB-ANALYZER_S,E-commerce,National,National,44791,671876.38,0.82
ciq_ecommerce,2025-05,2025-Q2,Petcare Diagnostics,RapidVet Dx,RAPIDVET-DX_L,E-commerce,National,National,54319,869106.99,0.82
ciq_ecommerce,2025-05,2025-Q2,Petcare Diagnostics,RapidVet Dx,RAPIDVET-DX_S,E-commerce,National,National,76815,1229058.89,0.82
ciq_ecommerce,2025-05,2025-Q2,Parasiticides,Simparica Trio,SIMPARICA-TRIO_L,E-commerce,National,National,123745,3464856.54,0.82
ciq_ecommerce,2025-05,2025-Q2,Parasiticides,Simparica Trio,SIMPARICA-TRIO_S,E-commerce,National,National,167272,4683628.66,0.82
ciq_ecommerce,2025-05,2025-Q2,Dermatology,SkinRelief Pro,SKINRELIEF-PRO_L,E-commerce,National,National,23860,1169097.96,0.82
ciq_ecommerce,2025-05,2025-Q2,Dermatology,SkinRelief Pro,SKINRELIEF-PRO_S,E-commerce,National,National,32656,1600130.78,0.82
ciq_ecommerce,2025-05,2025-Q2,Parasiticides,TickShield Plus,TICKSHIELD-PLUS_L,E-commerce,National,National,84294,2023052.92,0.82
ciq_ecommerce,2025-05,2025-Q2,Parasiticides,TickShield Plus,TICKSHIELD-PLUS_S,E-commerce,National,National,117861,2828635.31,0.82
ciq_ecommerce,2025-05,2025-Q2,Vaccines,Vanguard,VANGUARD_L,E-commerce,National,National,38872,855175.99,0.82
ciq_ecommerce,2025-05,2025-Q2,Vaccines,Vanguard,VANGUARD_S,E-commerce,National,National,52680,1158945.56,0.82
ciq_ecommerce,2025-05,2025-Q2,Parasiticides,VectraGuard,VECTRAGUARD_L,E-commerce,National,National,105512,2743326.15,0.82
ciq_ecommerce,2025-05,2025-Q2,Parasiticides,VectraGuard,VECTRAGUARD_S,E-commerce,National,National,152451,3963722.41,0.82
ciq_ecommerce,2025-05,2025-Q2,Vaccines,VetGuard Immunize,VETGUARD-IMMUNIZE_L,E-commerce,National,National,30803,585265.19,0.82
ciq_ecommerce,2025-05,2025-Q2,Vaccines,VetGuard Immunize,VETGUARD-IMMUNIZE_S,E-commerce,National,National,42515,807793.22,0.82
ciq_ecommerce,2025-05,2025-Q2,Vaccines,VetSelect Core Vax,VETSELECT-CORE-VAX_L,E-commerce,National,National,37137,519926.39,0.82
ciq_ecommerce,2025-05,2025-Q2,Vaccines,VetSelect Core Vax,VETSELECT-CORE-VAX_S,E-commerce,National,National,49289,690043.7,0.82
ciq_ecommerce,2025-05,2025-Q2,Dermatology,VetSelect Derma,VETSELECT-DERMA_L,E-commerce,National,National,25204,957734.15,0.82
ciq_ecommerce,2025-05,2025-Q2,Dermatology,VetSelect Derma,VETSELECT-DERMA_S,E-commerce,National,National,33687,1280096.3,0.82
ciq_ecommerce,2025-05,2025-Q2,Petcare Diagnostics,VetSelect Dx,VETSELECT-DX_L,E-commerce,National,National,32863,394366.24,0.82
ciq_ecommerce,2025-05,2025-Q2,Petcare Diagnostics,VetSelect Dx,VETSELECT-DX_S,E-commerce,National,National,44582,534985.81,0.82
ciq_ecommerce,2025-05,2025-Q2,Parasiticides,VetSelect Flea & Tick,VETSELECT-FLEA-TICK_L,E-commerce,National,National,119634,2033770.97,0.82
ciq_ecommerce,2025-05,2025-Q2,Parasiticides,VetSelect Flea & Tick,VETSELECT-FLEA-TICK_S,E-commerce,National,National,167704,2850957.26,0.82
ciq_ecommerce,2025-05,2025-Q2,Pain/Osteoarthritis,VetSelect Joint,VETSELECT-JOINT_L,E-commerce,National,National,19232,557694.38,0.82
ciq_ecommerce,2025-05,2025-Q2,Pain/Osteoarthritis,VetSelect Joint,VETSELECT-JOINT_S,E-commerce,National,National,26932,781021.46,0.82
ciq_ecommerce,2025-05,2025-Q2,Petcare Diagnostics,Vetscan,VETSCAN_L,E-commerce,National,National,55183,993283.48,0.82
ciq_ecommerce,2025-05,2025-Q2,Petcare Diagnostics,Vetscan,VETSCAN_S,E-commerce,National,National,74207,1335723.99,0.82
ciq_ecommerce,2025-05,2025-Q2,Dermatology,AllerVet RX,ALLERVET-RX_L,E-commerce,Region,Midwest,5572,300873.87,0.82
ciq_ecommerce,2025-05,2025-Q2,Dermatology,AllerVet RX,ALLERVET-RX_S,E-commerce,Region,Midwest,7327,395644.34,0.82
ciq_ecommerce,2025-05,2025-Q2,Dermatology,Apoquel,APOQUEL_L,E-commerce,Region,Midwest,8126,528162.01,0.82
ciq_ecommerce,2025-05,2025-Q2,Dermatology,Apoquel,APOQUEL_S,E-commerce,Region,Midwest,10436,678343.92,0.82
ciq_ecommerce,2025-05,2025-Q2,Vaccines,BioShield Vax,BIOSHIELD-VAX_L,E-commerce,Region,Midwest,7048,140964.43,0.82
ciq_ecommerce,2025-05,2025-Q2,Vaccines,BioShield Vax,BIOSHIELD-VAX_S,E-commerce,Region,Midwest,10700,213997.45,0.82
ciq_ecommerce,2025-05,2025-Q2,Dermatology,DermaCalm,DERMACALM_L,E-commerce,Region,Midwest,6018,349043.84,0.82
ciq_ecommerce,2025-05,2025-Q2,Dermatology,DermaCalm,DERMACALM_S,E-commerce,Region,Midwest,8387,486451.89,0.82
ciq_ecommerce,2025-05,2025-Q2,Petcare Diagnostics,DiagnosTech Vet,DIAGNOSTECH-VET_L,E-commerce,Region,Midwest,12033,204558.71,0.82
ciq_ecommerce,2025-05,2025-Q2,Petcare Diagnostics,DiagnosTech Vet,DIAGNOSTECH-VET_S,E-commerce,Region,Midwest,18192,309263.33,0.82
ciq_ecommerce,2025-05,2025-Q2,Parasiticides,FleaStop Pro,FLEASTOP-PRO_L,E-commerce,Region,Midwest,14823,311282.76,0.82
ciq_ecommerce,2025-05,2025-Q2,Parasiticides,FleaStop Pro,FLEASTOP-PRO_S,E-commerce,Region,Midwest,21978,461541.29,0.82
ciq_ecommerce,2025-05,2025-Q2,Pain/Osteoarthritis,FlexiCare Joint,FLEXICARE-JOINT_L,E-commerce,Region,Midwest,3759,165393.19,0.82
ciq_ecommerce,2025-05,2025-Q2,Pain/Osteoarthritis,FlexiCare Joint,FLEXICARE-JOINT_S,E-commerce,Region,Midwest,5342,235058.44,0.82
ciq_ecommerce,2025-05,2025-Q2,Vaccines,ImmunoCore Canine,IMMUNOCORE-CANINE_L,E-commerce,Region,Midwest,8170,171579.19,0.82
ciq_ecommerce,2025-05,2025-Q2,Vaccines,ImmunoCore Canine,IMMUNOCORE-CANINE_S,E-commerce,Region,Midwest,12723,267187.05,0.82
ciq_ecommerce,2025-05,2025-Q2,Pain/Osteoarthritis,Librela,LIBRELA_L,E-commerce,Region,Midwest,3470,166583.47,0.82
ciq_ecommerce,2025-05,2025-Q2,Pain/Osteoarthritis,Librela,LIBRELA_S,E-commerce,Region,Midwest,5055,242633.39,0.82
ciq_ecommerce,2025-05,2025-Q2,Pain/Osteoarthritis,OsteoEase Vet,OSTEOEASE-VET_L,E-commerce,Region,Midwest,3978,163110.49,0.82
ciq_ecommerce,2025-05,2025-Q2,Pain/Osteoarthritis,OsteoEase Vet,OSTEOEASE-VET_S,E-commerce,Region,Midwest,5387,220850.55,0.82
ciq_ecommerce,2025-05,2025-Q2,Pain/Osteoarthritis,PainAway Canine,PAINAWAY-CANINE_L,E-commerce,Region,Midwest,3183,117786.06,0.82
ciq_ecommerce,2025-05,2025-Q2,Pain/Osteoarthritis,PainAway Canine,PAINAWAY-CANINE_S,E-commerce,Region,Midwest,4677,173053.15,0.82
ciq_ecommerce,2025-05,2025-Q2,Petcare Diagnostics,PetLab Analyzer,PETLAB-ANALYZER_L,E-commerce,Region,Midwest,6597,98951.65,0.82
ciq_ecommerce,2025-05,2025-Q2,Petcare Diagnostics,PetLab Analyzer,PETLAB-ANALYZER_S,E-commerce,Region,Midwest,9027,135412.13,0.82
ciq_ecommerce,2025-05,2025-Q2,Petcare Diagnostics,RapidVet Dx,RAPIDVET-DX_L,E-commerce,Region,Midwest,10463,167404.79,0.82
ciq_ecommerce,2025-05,2025-Q2,Petcare Diagnostics,RapidVet Dx,RAPIDVET-DX_S,E-commerce,Region,Midwest,14236,227780.74,0.82
ciq_ecommerce,2025-05,2025-Q2,Parasiticides,Simparica Trio,SIMPARICA-TRIO_L,E-commerce,Region,Midwest,26196,733489.49,0.82
ciq_ecommerce,2025-05,2025-Q2,Parasiticides,Simparica Trio,SIMPARICA-TRIO_S,E-commerce,Region,Midwest,36053,1009477.68,0.82
ciq_ecommerce,2025-05,2025-Q2,Dermatology,SkinRelief Pro,SKINRELIEF-PRO_L,E-commerce,Region,Midwest,5288,259104.42,0.82
ciq_ecommerce,2025-05,2025-Q2,Dermatology,SkinRelief Pro,SKINRELIEF-PRO_S,E-commerce,Region,Midwest,6746,330553.11,0.82
ciq_ecommerce,2025-05,2025-Q2,Parasiticides,TickShield Plus,TICKSHIELD-PLUS_L,E-commerce,Region,Midwest,18675,448195.78,0.82
ciq_ecommerce,2025-05,2025-Q2,Parasiticides,TickShield Plus,TICKSHIELD-PLUS_S,E-commerce,Region,Midwest,25218,605220.26,0.82
ciq_ecommerce,2025-05,2025-Q2,Vaccines,Vanguard,VANGUARD_L,E-commerce,Region,Midwest,8013,176287.54,0.82
ciq_ecommerce,2025-05,2025-Q2,Vaccines,Vanguard,VANGUARD_S,E-commerce,Region,Midwest,11638,256037.49,0.82
ciq_ecommerce,2025-05,2025-Q2,Parasiticides,VectraGuard,VECTRAGUARD_L,E-commerce,Region,Midwest,21752,565563.25,0.82
ciq_ecommerce,2025-05,2025-Q2,Parasiticides,VectraGuard,VECTRAGUARD_S,E-commerce,Region,Midwest,30566,794707.98,0.82
ciq_ecommerce,2025-05,2025-Q2,Vaccines,VetGuard Immunize,VETGUARD-IMMUNIZE_L,E-commerce,Region,Midwest,6683,126985.61,0.82
ciq_ecommerce,2025-05,2025-Q2,Vaccines,VetGuard Immunize,VETGUARD-IMMUNIZE_S,E-commerce,Region,Midwest,10064,191208.75,0.82
ciq_ecommerce,2025-05,2025-Q2,Vaccines,VetSelect Core Vax,VETSELECT-CORE-VAX_L,E-commerce,Region,Midwest,8030,112422.6,0.82
ciq_ecommerce,2025-05,2025-Q2,Vaccines,VetSelect Core Vax,VETSELECT-CORE-VAX_S,E-commerce,Region,Midwest,10259,143620.33,0.82
ciq_ecommerce,2025-05,2025-Q2,Dermatology,VetSelect Derma,VETSELECT-DERMA_L,E-commerce,Region,Midwest,5611,213201.33,0.82
ciq_ecommerce,2025-05,2025-Q2,Dermatology,VetSelect Derma,VETSELECT-DERMA_S,E-commerce,Region,Midwest,7058,268201.11,0.82
ciq_ecommerce,2025-05,2025-Q2,Petcare Diagnostics,VetSelect Dx,VETSELECT-DX_L,E-commerce,Region,Midwest,6550,78604.85,0.82
ciq_ecommerce,2025-05,2025-Q2,Petcare Diagnostics,VetSelect Dx,VETSELECT-DX_S,E-commerce,Region,Midwest,8877,106524.36,0.82
ciq_ecommerce,2025-05,2025-Q2,Parasiticides,VetSelect Flea & Tick,VETSELECT-FLEA-TICK_L,E-commerce,Region,Midwest,26857,456564.26,0.82
ciq_ecommerce,2025-05,2025-Q2,Parasiticides,VetSelect Flea & Tick,VETSELECT-FLEA-TICK_S,E-commerce,Region,Midwest,36100,613696.55,0.82
ciq_ecommerce,2025-05,2025-Q2,Pain/Osteoarthritis,VetSelect Joint,VETSELECT-JOINT_L,E-commerce,Region,Midwest,4271,123844.74,0.82
ciq_ecommerce,2025-05,2025-Q2,Pain/Osteoarthritis,VetSelect Joint,VETSELECT-JOINT_S,E-commerce,Region,Midwest,5868,170160.34,0.82
ciq_ecommerce,2025-05,2025-Q2,Petcare Diagnostics,Vetscan,VETSCAN_L,E-commerce,Region,Midwest,11465,206365.98,0.82
ciq_ecommerce,2025-05,2025-Q2,Petcare Diagnostics,Vetscan,VETSCAN_S,E-commerce,Region,Midwest,14226,256074.99,0.82
ciq_ecommerce,2025-05,2025-Q2,Dermatology,AllerVet RX,ALLERVET-RX_L,E-commerce,Region,Northeast,5859,316372.38,0.82
ciq_ecommerce,2025-05,2025-Q2,Dermatology,AllerVet RX,ALLERVET-RX_S,E-commerce,Region,Northeast,8227,444235.07,0.82
ciq_ecommerce,2025-05,2025-Q2,Dermatology,Apoquel,APOQUEL_L,E-commerce,Region,Northeast,8227,534767.67,0.82
ciq_ecommerce,2025-05,2025-Q2,Dermatology,Apoquel,APOQUEL_S,E-commerce,Region,Northeast,12281,798264.25,0.82
ciq_ecommerce,2025-05,2025-Q2,Vaccines,BioShield Vax,BIOSHIELD-VAX_L,E-commerce,Region,Northeast,7684,153677.11,0.82
ciq_ecommerce,2025-05,2025-Q2,Vaccines,BioShield Vax,BIOSHIELD-VAX_S,E-commerce,Region,Northeast,10514,210271.64,0.82
ciq_ecommerce,2025-05,2025-Q2,Dermatology,DermaCalm,DERMACALM_L,E-commerce,Region,Northeast,5927,343791.66,0.82
ciq_ecommerce,2025-05,2025-Q2,Dermatology,DermaCalm,DERMACALM_S,E-commerce,Region,Northeast,8262,479203.93,0.82
ciq_ecommerce,2025-05,2025-Q2,Petcare Diagnostics,DiagnosTech Vet,DIAGNOSTECH-VET_L,E-commerce,Region,Northeast,13170,223892.51,0.82
ciq_ecommerce,2025-05,2025-Q2,Petcare Diagnostics,DiagnosTech Vet,DIAGNOSTECH-VET_S,E-commerce,Region,Northeast,18189,309207.22,0.82
ciq_ecommerce,2025-05,2025-Q2,Parasiticides,FleaStop Pro,FLEASTOP-PRO_L,E-commerce,Region,Northeast,16342,343184.73,0.82
ciq_ecommerce,2025-05,2025-Q2,Parasiticides,FleaStop Pro,FLEASTOP-PRO_S,E-commerce,Region,Northeast,23646,496573.33,0.82
ciq_ecommerce,2025-05,2025-Q2,Pain/Osteoarthritis,FlexiCare Joint,FLEXICARE-JOINT_L,E-commerce,Region,Northeast,4204,184974.13,0.82
ciq_ecommerce,2025-05,2025-Q2,Pain/Osteoarthritis,FlexiCare Joint,FLEXICARE-JOINT_S,E-commerce,Region,Northeast,5418,238380.17,0.82
ciq_ecommerce,2025-05,2025-Q2,Vaccines,ImmunoCore Canine,IMMUNOCORE-CANINE_L,E-commerce,Region,Northeast,9627,202173.08,0.82
ciq_ecommerce,2025-05,2025-Q2,Vaccines,ImmunoCore Canine,IMMUNOCORE-CANINE_S,E-commerce,Region,Northeast,13224,277708.16,0.82
ciq_ecommerce,2025-05,2025-Q2,Pain/Osteoarthritis,Librela,LIBRELA_L,E-commerce,Region,Northeast,3817,183206.7,0.82
ciq_ecommerce,2025-05,2025-Q2,Pain/Osteoarthritis,Librela,LIBRELA_S,E-commerce,Region,Northeast,5711,274104.57,0.82
ciq_ecommerce,2025-05,2025-Q2,Pain/Osteoarthritis,OsteoEase Vet,OSTEOEASE-VET_L,E-commerce,Region,Northeast,3928,161056.64,0.82
ciq_ecommerce,2025-05,2025-Q2,Pain/Osteoarthritis,OsteoEase Vet,OSTEOEASE-VET_S,E-commerce,Region,Northeast,5734,235084.61,0.82
ciq_ecommerce,2025-05,2025-Q2,Pain/Osteoarthritis,PainAway Canine,PAINAWAY-CANINE_L,E-commerce,Region,Northeast,3847,142329.97,0.82
ciq_ecommerce,2025-05,2025-Q2,Pain/Osteoarthritis,PainAway Canine,PAINAWAY-CANINE_S,E-commerce,Region,Northeast,5211,192797.67,0.82
ciq_ecommerce,2025-05,2025-Q2,Petcare Diagnostics,PetLab Analyzer,PETLAB-ANALYZER_L,E-commerce,Region,Northeast,6998,104972.53,0.82
ciq_ecommerce,2025-05,2025-Q2,Petcare Diagnostics,PetLab Analyzer,PETLAB-ANALYZER_S,E-commerce,Region,Northeast,10324,154861.68,0.82
ciq_ecommerce,2025-05,2025-Q2,Petcare Diagnostics,RapidVet Dx,RAPIDVET-DX_L,E-commerce,Region,Northeast,12633,202132.92,0.82
ciq_ecommerce,2025-05,2025-Q2,Petcare Diagnostics,RapidVet Dx,RAPIDVET-DX_S,E-commerce,Region,Northeast,17341,277457.53,0.82
ciq_ecommerce,2025-05,2025-Q2,Parasiticides,Simparica Trio,SIMPARICA-TRIO_L,E-commerce,Region,Northeast,26870,752370.83,0.82
ciq_ecommerce,2025-05,2025-Q2,Parasiticides,Simparica Trio,SIMPARICA-TRIO_S,E-commerce,Region,Northeast,37457,1048805.38,0.82
ciq_ecommerce,2025-05,2025-Q2,Dermatology,SkinRelief Pro,SKINRELIEF-PRO_L,E-commerce,Region,Northeast,4852,237733.58,0.82
ciq_ecommerce,2025-05,2025-Q2,Dermatology,SkinRelief Pro,SKINRELIEF-PRO_S,E-commerce,Region,Northeast,7066,346216.08,0.82
ciq_ecommerce,2025-05,2025-Q2,Parasiticides,TickShield Plus,TICKSHIELD-PLUS_L,E-commerce,Region,Northeast,16964,407135.94,0.82
ciq_ecommerce,2025-05,2025-Q2,Parasiticides,TickShield Plus,TICKSHIELD-PLUS_S,E-commerce,Region,Northeast,25730,617509.79,0.82
ciq_ecommerce,2025-05,2025-Q2,Vaccines,Vanguard,VANGUARD_L,E-commerce,Region,Northeast,8870,195139.29,0.82
ciq_ecommerce,2025-05,2025-Q2,Vaccines,Vanguard,VANGUARD_S,E-commerce,Region,Northeast,11522,253481.77,0.82
ciq_ecommerce,2025-05,2025-Q2,Parasiticides,VectraGuard,VECTRAGUARD_L,E-commerce,Region,Northeast,22234,578085.94,0.82
ciq_ecommerce,2025-05,2025-Q2,Parasiticides,VectraGuard,VECTRAGUARD_S,E-commerce,Region,Northeast,32555,846439.32,0.82
ciq_ecommerce,2025-05,2025-Q2,Vaccines,VetGuard Immunize,VETGUARD-IMMUNIZE_L,E-commerce,Region,Northeast,6608,125545.56,0.82
ciq_ecommerce,2025-05,2025-Q2,Vaccines,VetGuard Immunize,VETGUARD-IMMUNIZE_S,E-commerce,Region,Northeast,9002,171045.04,0.82
ciq_ecommerce,2025-05,2025-Q2,Vaccines,VetSelect Core Vax,VETSELECT-CORE-VAX_L,E-commerce,Region,Northeast,7924,110941.01,0.82
ciq_ecommerce,2025-05,2025-Q2,Vaccines,VetSelect Core Vax,VETSELECT-CORE-VAX_S,E-commerce,Region,Northeast,10734,150271.99,0.82
ciq_ecommerce,2025-05,2025-Q2,Dermatology,VetSelect Derma,VETSELECT-DERMA_L,E-commerce,Region,Northeast,5611,213220.26,0.82
ciq_ecommerce,2025-05,2025-Q2,Dermatology,VetSelect Derma,VETSELECT-DERMA_S,E-commerce,Region,Northeast,7508,285299.98,0.82
ciq_ecommerce,2025-05,2025-Q2,Petcare Diagnostics,VetSelect Dx,VETSELECT-DX_L,E-commerce,Region,Northeast,7147,85769.91,0.82
ciq_ecommerce,2025-05,2025-Q2,Petcare Diagnostics,VetSelect Dx,VETSELECT-DX_S,E-commerce,Region,Northeast,9377,112525.5,0.82
ciq_ecommerce,2025-05,2025-Q2,Parasiticides,VetSelect Flea & Tick,VETSELECT-FLEA-TICK_L,E-commerce,Region,Northeast,24980,424663.84,0.82
ciq_ecommerce,2025-05,2025-Q2,Parasiticides,VetSelect Flea & Tick,VETSELECT-FLEA-TICK_S,E-commerce,Region,Northeast,35844,609339.76,0.82
ciq_ecommerce,2025-05,2025-Q2,Pain/Osteoarthritis,VetSelect Joint,VETSELECT-JOINT_L,E-commerce,Region,Northeast,4058,117676.13,0.82
ciq_ecommerce,2025-05,2025-Q2,Pain/Osteoarthritis,VetSelect Joint,VETSELECT-JOINT_S,E-commerce,Region,Northeast,5799,168159.83,0.82
ciq_ecommerce,2025-05,2025-Q2,Petcare Diagnostics,Vetscan,VETSCAN_L,E-commerce,Region,Northeast,12097,217748.35,0.82
ciq_ecommerce,2025-05,2025-Q2,Petcare Diagnostics,Vetscan,VETSCAN_S,E-commerce,Region,Northeast,17406,313301.22,0.82
ciq_ecommerce,2025-05,2025-Q2,Dermatology,AllerVet RX,ALLERVET-RX_L,E-commerce,Region,South,8801,475244.99,0.82
ciq_ecommerce,2025-05,2025-Q2,Dermatology,AllerVet RX,ALLERVET-RX_S,E-commerce,Region,South,11838,639230.24,0.82
ciq_ecommerce,2025-05,2025-Q2,Dermatology,Apoquel,APOQUEL_L,E-commerce,Region,South,12425,807630.13,0.82
ciq_ecommerce,2025-05,2025-Q2,Dermatology,Apoquel,APOQUEL_S,E-commerce,Region,South,18484,1201459.96,0.82
ciq_ecommerce,2025-05,2025-Q2,Vaccines,BioShield Vax,BIOSHIELD-VAX_L,E-commerce,Region,South,12092,241830.95,0.82
ciq_ecommerce,2025-05,2025-Q2,Vaccines,BioShield Vax,BIOSHIELD-VAX_S,E-commerce,Region,South,16548,330964.76,0.82
ciq_ecommerce,2025-05,2025-Q2,Dermatology,DermaCalm,DERMACALM_L,E-commerce,Region,South,9971,578302.88,0.82
ciq_ecommerce,2025-05,2025-Q2,Dermatology,DermaCalm,DERMACALM_S,E-commerce,Region,South,12556,728261.69,0.82
ciq_ecommerce,2025-05,2025-Q2,Petcare Diagnostics,DiagnosTech Vet,DIAGNOSTECH-VET_L,E-commerce,Region,South,18787,319372.63,0.82
ciq_ecommerce,2025-05,2025-Q2,Petcare Diagnostics,DiagnosTech Vet,DIAGNOSTECH-VET_S,E-commerce,Region,South,25477,433117.33,0.82
ciq_ecommerce,2025-05,2025-Q2,Parasiticides,FleaStop Pro,FLEASTOP-PRO_L,E-commerce,Region,South,27178,570740.22,0.82
ciq_ecommerce,2025-05,2025-Q2,Parasiticides,FleaStop Pro,FLEASTOP-PRO_S,E-commerce,Region,South,36617,768951.64,0.82
ciq_ecommerce,2025-05,2025-Q2,Pain/Osteoarthritis,FlexiCare Joint,FLEXICARE-JOINT_L,E-commerce,Region,South,6319,278027.27,0.82
ciq_ecommerce,2025-05,2025-Q2,Pain/Osteoarthritis,FlexiCare Joint,FLEXICARE-JOINT_S,E-commerce,Region,South,9229,406086.46,0.82
ciq_ecommerce,2025-05,2025-Q2,Vaccines,ImmunoCore Canine,IMMUNOCORE-CANINE_L,E-commerce,Region,South,13641,286461.23,0.82
ciq_ecommerce,2025-05,2025-Q2,Vaccines,ImmunoCore Canine,IMMUNOCORE-CANINE_S,E-commerce,Region,South,19889,417659.08,0.82
ciq_ecommerce,2025-05,2025-Q2,Pain/Osteoarthritis,Librela,LIBRELA_L,E-commerce,Region,South,5367,257593.53,0.82
ciq_ecommerce,2025-05,2025-Q2,Pain/Osteoarthritis,Librela,LIBRELA_S,E-commerce,Region,South,8385,402492.34,0.82
ciq_ecommerce,2025-05,2025-Q2,Pain/Osteoarthritis,OsteoEase Vet,OSTEOEASE-VET_L,E-commerce,Region,South,6430,263635.17,0.82
ciq_ecommerce,2025-05,2025-Q2,Pain/Osteoarthritis,OsteoEase Vet,OSTEOEASE-VET_S,E-commerce,Region,South,9449,387401.52,0.82
ciq_ecommerce,2025-05,2025-Q2,Pain/Osteoarthritis,PainAway Canine,PAINAWAY-CANINE_L,E-commerce,Region,South,5783,213986.98,0.82
ciq_ecommerce,2025-05,2025-Q2,Pain/Osteoarthritis,PainAway Canine,PAINAWAY-CANINE_S,E-commerce,Region,South,7613,281698.21,0.82
ciq_ecommerce,2025-05,2025-Q2,Petcare Diagnostics,PetLab Analyzer,PETLAB-ANALYZER_L,E-commerce,Region,South,10575,158618.59,0.82
ciq_ecommerce,2025-05,2025-Q2,Petcare Diagnostics,PetLab Analyzer,PETLAB-ANALYZER_S,E-commerce,Region,South,14738,221071.42,0.82
ciq_ecommerce,2025-05,2025-Q2,Petcare Diagnostics,RapidVet Dx,RAPIDVET-DX_L,E-commerce,Region,South,18212,291386.9,0.82
ciq_ecommerce,2025-05,2025-Q2,Petcare Diagnostics,RapidVet Dx,RAPIDVET-DX_S,E-commerce,Region,South,25930,414887.51,0.82
ciq_ecommerce,2025-05,2025-Q2,Parasiticides,Simparica Trio,SIMPARICA-TRIO_L,E-commerce,Region,South,43265,1211411.76,0.82
ciq_ecommerce,2025-05,2025-Q2,Parasiticides,Simparica Trio,SIMPARICA-TRIO_S,E-commerce,Region,South,58208,1629835.26,0.82
ciq_ecommerce,2025-05,2025-Q2,Dermatology,SkinRelief Pro,SKINRELIEF-PRO_L,E-commerce,Region,South,8289,406154.09,0.82
ciq_ecommerce,2025-05,2025-Q2,Dermatology,SkinRelief Pro,SKINRELIEF-PRO_S,E-commerce,Region,South,10861,532205.51,0.82
ciq_ecommerce,2025-05,2025-Q2,Parasiticides,TickShield Plus,TICKSHIELD-PLUS_L,E-commerce,Region,South,29067,697614.07,0.82
ciq_ecommerce,2025-05,2025-Q2,Parasiticides,TickShield Plus,TICKSHIELD-PLUS_S,E-commerce,Region,South,39186,940453.36,0.82
ciq_ecommerce,2025-05,2025-Q2,Vaccines,Vanguard,VANGUARD_L,E-commerce,Region,South,12989,285751.69,0.82
ciq_ecommerce,2025-05,2025-Q2,Vaccines,Vanguard,VANGUARD_S,E-commerce,Region,South,17286,380286.06,0.82
ciq_ecommerce,2025-05,2025-Q2,Parasiticides,VectraGuard,VECTRAGUARD_L,E-commerce,Region,South,37804,982901.24,0.82
ciq_ecommerce,2025-05,2025-Q2,Parasiticides,VectraGuard,VECTRAGUARD_S,E-commerce,Region,South,52856,1374246.08,0.82
ciq_ecommerce,2025-05,2025-Q2,Vaccines,VetGuard Immunize,VETGUARD-IMMUNIZE_L,E-commerce,Region,South,9428,179134.18,0.82
ciq_ecommerce,2025-05,2025-Q2,Vaccines,VetGuard Immunize,VETGUARD-IMMUNIZE_S,E-commerce,Region,South,13191,250630.08,0.82
ciq_ecommerce,2025-05,2025-Q2,Vaccines,VetSelect Core Vax,VETSELECT-CORE-VAX_L,E-commerce,Region,South,12596,176346.78,0.82
ciq_ecommerce,2025-05,2025-Q2,Vaccines,VetSelect Core Vax,VETSELECT-CORE-VAX_S,E-commerce,Region,South,17339,242751.15,0.82
ciq_ecommerce,2025-05,2025-Q2,Dermatology,VetSelect Derma,VETSELECT-DERMA_L,E-commerce,Region,South,8269,314229.12,0.82
ciq_ecommerce,2025-05,2025-Q2,Dermatology,VetSelect Derma,VETSELECT-DERMA_S,E-commerce,Region,South,11079,420984.11,0.82
ciq_ecommerce,2025-05,2025-Q2,Petcare Diagnostics,VetSelect Dx,VETSELECT-DX_L,E-commerce,Region,South,11200,134404.88,0.82
ciq_ecommerce,2025-05,2025-Q2,Petcare Diagnostics,VetSelect Dx,VETSELECT-DX_S,E-commerce,Region,South,15803,189631.94,0.82
ciq_ecommerce,2025-05,2025-Q2,Parasiticides,VetSelect Flea & Tick,VETSELECT-FLEA-TICK_L,E-commerce,Region,South,38263,650469.84,0.82
ciq_ecommerce,2025-05,2025-Q2,Parasiticides,VetSelect Flea & Tick,VETSELECT-FLEA-TICK_S,E-commerce,Region,South,55303,940154.4,0.82
ciq_ecommerce,2025-05,2025-Q2,Pain/Osteoarthritis,VetSelect Joint,VETSELECT-JOINT_L,E-commerce,Region,South,6303,182784.9,0.82
ciq_ecommerce,2025-05,2025-Q2,Pain/Osteoarthritis,VetSelect Joint,VETSELECT-JOINT_S,E-commerce,Region,South,9111,264229.73,0.82
ciq_ecommerce,2025-05,2025-Q2,Petcare Diagnostics,Vetscan,VETSCAN_L,E-commerce,Region,South,18521,333369.33,0.82
ciq_ecommerce,2025-05,2025-Q2,Petcare Diagnostics,Vetscan,VETSCAN_S,E-commerce,Region,South,23437,421869.63,0.82
ciq_ecommerce,2025-05,2025-Q2,Dermatology,AllerVet RX,ALLERVET-RX_L,E-commerce,Region,West,5617,303312.73,0.82
ciq_ecommerce,2025-05,2025-Q2,Dermatology,AllerVet RX,ALLERVET-RX_S,E-commerce,Region,West,8181,441766.15,0.82
ciq_ecommerce,2025-05,2025-Q2,Dermatology,Apoquel,APOQUEL_L,E-commerce,Region,West,9286,603604.25,0.82
ciq_ecommerce,2025-05,2025-Q2,Dermatology,Apoquel,APOQUEL_S,E-commerce,Region,West,12385,805012.53,0.82
ciq_ecommerce,2025-05,2025-Q2,Vaccines,BioShield Vax,BIOSHIELD-VAX_L,E-commerce,Region,West,7889,157780.73,0.82
ciq_ecommerce,2025-05,2025-Q2,Vaccines,BioShield Vax,BIOSHIELD-VAX_S,E-commerce,Region,West,10810,216195.09,0.82
ciq_ecommerce,2025-05,2025-Q2,Dermatology,DermaCalm,DERMACALM_L,E-commerce,Region,West,6732,390459.7,0.82
ciq_ecommerce,2025-05,2025-Q2,Dermatology,DermaCalm,DERMACALM_S,E-commerce,Region,West,9654,559909.01,0.82
ciq_ecommerce,2025-05,2025-Q2,Petcare Diagnostics,DiagnosTech Vet,DIAGNOSTECH-VET_L,E-commerce,Region,West,13392,227663.63,0.82
ciq_ecommerce,2025-05,2025-Q2,Petcare Diagnostics,DiagnosTech Vet,DIAGNOSTECH-VET_S,E-commerce,Region,West,17738,301552.99,0.82
ciq_ecommerce,2025-05,2025-Q2,Parasiticides,FleaStop Pro,FLEASTOP-PRO_L,E-commerce,Region,West,17678,371238.7,0.82
ciq_ecommerce,2025-05,2025-Q2,Parasiticides,FleaStop Pro,FLEASTOP-PRO_S,E-commerce,Region,West,24751,519775.67,0.82
ciq_ecommerce,2025-05,2025-Q2,Pain/Osteoarthritis,FlexiCare Joint,FLEXICARE-JOINT_L,E-commerce,Region,West,4040,177746.34,0.82
ciq_ecommerce,2025-05,2025-Q2,Pain/Osteoarthritis,FlexiCare Joint,FLEXICARE-JOINT_S,E-commerce,Region,West,5844,257117.56,0.82
ciq_ecommerce,2025-05,2025-Q2,Vaccines,ImmunoCore Canine,IMMUNOCORE-CANINE_L,E-commerce,Region,West,9661,202887.64,0.82
ciq_ecommerce,2025-05,2025-Q2,Vaccines,ImmunoCore Canine,IMMUNOCORE-CANINE_S,E-commerce,Region,West,13325,279827.15,0.82
ciq_ecommerce,2025-05,2025-Q2,Pain/Osteoarthritis,Librela,LIBRELA_L,E-commerce,Region,West,4021,193004.49,0.82
ciq_ecommerce,2025-05,2025-Q2,Pain/Osteoarthritis,Librela,LIBRELA_S,E-commerce,Region,West,5300,254413.14,0.82
ciq_ecommerce,2025-05,2025-Q2,Pain/Osteoarthritis,OsteoEase Vet,OSTEOEASE-VET_L,E-commerce,Region,West,4927,202005.04,0.82
ciq_ecommerce,2025-05,2025-Q2,Pain/Osteoarthritis,OsteoEase Vet,OSTEOEASE-VET_S,E-commerce,Region,West,6329,259507.53,0.82
ciq_ecommerce,2025-05,2025-Q2,Pain/Osteoarthritis,PainAway Canine,PAINAWAY-CANINE_L,E-commerce,Region,West,3685,136352.68,0.82
ciq_ecommerce,2025-05,2025-Q2,Pain/Osteoarthritis,PainAway Canine,PAINAWAY-CANINE_S,E-commerce,Region,West,5001,185047.84,0.82
ciq_ecommerce,2025-05,2025-Q2,Petcare Diagnostics,PetLab Analyzer,PETLAB-ANALYZER_L,E-commerce,Region,West,7994,119904.14,0.82
ciq_ecommerce,2025-05,2025-Q2,Petcare Diagnostics,PetLab Analyzer,PETLAB-ANALYZER_S,E-commerce,Region,West,10702,160531.15,0.82
ciq_ecommerce,2025-05,2025-Q2,Petcare Diagnostics,RapidVet Dx,RAPIDVET-DX_L,E-commerce,Region,West,13011,208182.38,0.82
ciq_ecommerce,2025-05,2025-Q2,Petcare Diagnostics,RapidVet Dx,RAPIDVET-DX_S,E-commerce,Region,West,19308,308933.11,0.82
ciq_ecommerce,2025-05,2025-Q2,Parasiticides,Simparica Trio,SIMPARICA-TRIO_L,E-commerce,Region,West,27414,767584.46,0.82
ciq_ecommerce,2025-05,2025-Q2,Parasiticides,Simparica Trio,SIMPARICA-TRIO_S,E-commerce,Region,West,35554,995510.34,0.82
ciq_ecommerce,2025-05,2025-Q2,Dermatology,SkinRelief Pro,SKINRELIEF-PRO_L,E-commerce,Region,West,5431,266105.87,0.82
ciq_ecommerce,2025-05,2025-Q2,Dermatology,SkinRelief Pro,SKINRELIEF-PRO_S,E-commerce,Region,West,7983,391156.08,0.82
ciq_ecommerce,2025-05,2025-Q2,Parasiticides,TickShield Plus,TICKSHIELD-PLUS_L,E-commerce,Region,West,19588,470107.13,0.82
ciq_ecommerce,2025-05,2025-Q2,Parasiticides,TickShield Plus,TICKSHIELD-PLUS_S,E-commerce,Region,West,27727,665451.9,0.82
ciq_ecommerce,2025-05,2025-Q2,Vaccines,Vanguard,VANGUARD_L,E-commerce,Region,West,9000,197997.47,0.82
ciq_ecommerce,2025-05,2025-Q2,Vaccines,Vanguard,VANGUARD_S,E-commerce,Region,West,12234,269140.24,0.82
ciq_ecommerce,2025-05,2025-Q2,Parasiticides,VectraGuard,VECTRAGUARD_L,E-commerce,Region,West,23722,616775.72,0.82
ciq_ecommerce,2025-05,2025-Q2,Parasiticides,VectraGuard,VECTRAGUARD_S,E-commerce,Region,West,36474,948329.03,0.82
ciq_ecommerce,2025-05,2025-Q2,Vaccines,VetGuard Immunize,VETGUARD-IMMUNIZE_L,E-commerce,Region,West,8084,153599.84,0.82
ciq_ecommerce,2025-05,2025-Q2,Vaccines,VetGuard Immunize,VETGUARD-IMMUNIZE_S,E-commerce,Region,West,10258,194909.35,0.82
ciq_ecommerce,2025-05,2025-Q2,Vaccines,VetSelect Core Vax,VETSELECT-CORE-VAX_L,E-commerce,Region,West,8587,120216.0,0.82
ciq_ecommerce,2025-05,2025-Q2,Vaccines,VetSelect Core Vax,VETSELECT-CORE-VAX_S,E-commerce,Region,West,10957,153400.23,0.82
ciq_ecommerce,2025-05,2025-Q2,Dermatology,VetSelect Derma,VETSELECT-DERMA_L,E-commerce,Region,West,5713,217083.44,0.82
ciq_ecommerce,2025-05,2025-Q2,Dermatology,VetSelect Derma,VETSELECT-DERMA_S,E-commerce,Region,West,8042,305611.1,0.82
ciq_ecommerce,2025-05,2025-Q2,Petcare Diagnostics,VetSelect Dx,VETSELECT-DX_L,E-commerce,Region,West,7966,95586.6,0.82
ciq_ecommerce,2025-05,2025-Q2,Petcare Diagnostics,VetSelect Dx,VETSELECT-DX_S,E-commerce,Region,West,10525,126304.01,0.82
ciq_ecommerce,2025-05,2025-Q2,Parasiticides,VetSelect Flea & Tick,VETSELECT-FLEA-TICK_L,E-commerce,Region,West,29534,502073.03,0.82
ciq_ecommerce,2025-05,2025-Q2,Parasiticides,VetSelect Flea & Tick,VETSELECT-FLEA-TICK_S,E-commerce,Region,West,40457,687766.55,0.82
ciq_ecommerce,2025-05,2025-Q2,Pain/Osteoarthritis,VetSelect Joint,VETSELECT-JOINT_L,E-commerce,Region,West,4600,133388.61,0.82
ciq_ecommerce,2025-05,2025-Q2,Pain/Osteoarthritis,VetSelect Joint,VETSELECT-JOINT_S,E-commerce,Region,West,6154,178471.56,0.82
ciq_ecommerce,2025-05,2025-Q2,Petcare Diagnostics,Vetscan,VETSCAN_L,E-commerce,Region,West,13100,235799.82,0.82
ciq_ecommerce,2025-05,2025-Q2,Petcare Diagnostics,Vetscan,VETSCAN_S,E-commerce,Region,West,19138,344478.15,0.82
ciq_ecommerce,2025-06,2025-Q2,Dermatology,AllerVet RX,ALLERVET-RX_L,E-commerce,National,National,28078,1516206.67,0.82
ciq_ecommerce,2025-06,2025-Q2,Dermatology,AllerVet RX,ALLERVET-RX_S,E-commerce,National,National,38437,2075582.13,0.82
ciq_ecommerce,2025-06,2025-Q2,Dermatology,Apoquel,APOQUEL_L,E-commerce,National,National,37740,2453084.32,0.82
ciq_ecommerce,2025-06,2025-Q2,Dermatology,Apoquel,APOQUEL_S,E-commerce,National,National,53071,3449576.38,0.82
ciq_ecommerce,2025-06,2025-Q2,Vaccines,BioShield Vax,BIOSHIELD-VAX_L,E-commerce,National,National,36156,723116.8,0.82
ciq_ecommerce,2025-06,2025-Q2,Vaccines,BioShield Vax,BIOSHIELD-VAX_S,E-commerce,National,National,50612,1012244.49,0.82
ciq_ecommerce,2025-06,2025-Q2,Dermatology,DermaCalm,DERMACALM_L,E-commerce,National,National,29079,1686572.46,0.82
ciq_ecommerce,2025-06,2025-Q2,Dermatology,DermaCalm,DERMACALM_S,E-commerce,National,National,42630,2472600.33,0.82
ciq_ecommerce,2025-06,2025-Q2,Petcare Diagnostics,DiagnosTech Vet,DIAGNOSTECH-VET_L,E-commerce,National,National,53317,906378.17,0.82
ciq_ecommerce,2025-06,2025-Q2,Petcare Diagnostics,DiagnosTech Vet,DIAGNOSTECH-VET_S,E-commerce,National,National,75458,1282787.24,0.82
ciq_ecommerce,2025-06,2025-Q2,Parasiticides,FleaStop Pro,FLEASTOP-PRO_L,E-commerce,National,National,79428,1667986.34,0.82
ciq_ecommerce,2025-06,2025-Q2,Parasiticides,FleaStop Pro,FLEASTOP-PRO_S,E-commerce,National,National,106558,2237687.16,0.82
ciq_ecommerce,2025-06,2025-Q2,Pain/Osteoarthritis,FlexiCare Joint,FLEXICARE-JOINT_L,E-commerce,National,National,18959,834196.71,0.82
ciq_ecommerce,2025-06,2025-Q2,Pain/Osteoarthritis,FlexiCare Joint,FLEXICARE-JOINT_S,E-commerce,National,National,27452,1207884.01,0.82
ciq_ecommerce,2025-06,2025-Q2,Vaccines,ImmunoCore Canine,IMMUNOCORE-CANINE_L,E-commerce,National,National,43004,903083.62,0.82
ciq_ecommerce,2025-06,2025-Q2,Vaccines,ImmunoCore Canine,IMMUNOCORE-CANINE_S,E-commerce,National,National,60236,1264935.79,0.82
ciq_ecommerce,2025-06,2025-Q2,Pain/Osteoarthritis,Librela,LIBRELA_L,E-commerce,National,National,16868,809651.82,0.82
ciq_ecommerce,2025-06,2025-Q2,Pain/Osteoarthritis,Librela,LIBRELA_S,E-commerce,National,National,24081,1155916.99,0.82
ciq_ecommerce,2025-06,2025-Q2,Pain/Osteoarthritis,OsteoEase Vet,OSTEOEASE-VET_L,E-commerce,National,National,18766,769399.88,0.82
ciq_ecommerce,2025-06,2025-Q2,Pain/Osteoarthritis,OsteoEase Vet,OSTEOEASE-VET_S,E-commerce,National,National,25150,1031183.48,0.82
ciq_ecommerce,2025-06,2025-Q2,Pain/Osteoarthritis,PainAway Canine,PAINAWAY-CANINE_L,E-commerce,National,National,16136,596998.76,0.82
ciq_ecommerce,2025-06,2025-Q2,Pain/Osteoarthritis,PainAway Canine,PAINAWAY-CANINE_S,E-commerce,National,National,22406,829027.2,0.82
ciq_ecommerce,2025-06,2025-Q2,Petcare Diagnostics,PetLab Analyzer,PETLAB-ANALYZER_L,E-commerce,National,National,34043,510642.08,0.82
ciq_ecommerce,2025-06,2025-Q2,Petcare Diagnostics,PetLab Analyzer,PETLAB-ANALYZER_S,E-commerce,National,National,49154,737321.03,0.82
ciq_ecommerce,2025-06,2025-Q2,Petcare Diagnostics,RapidVet Dx,RAPIDVET-DX_L,E-commerce,National,National,52429,838863.78,0.82
ciq_ecommerce,2025-06,2025-Q2,Petcare Diagnostics,RapidVet Dx,RAPIDVET-DX_S,E-commerce,National,National,70034,1120539.19,0.82
ciq_ecommerce,2025-06,2025-Q2,Parasiticides,Simparica Trio,SIMPARICA-TRIO_L,E-commerce,National,National,130787,3662060.12,0.82
ciq_ecommerce,2025-06,2025-Q2,Parasiticides,Simparica Trio,SIMPARICA-TRIO_S,E-commerce,National,National,182759,5117262.61,0.82
ciq_ecommerce,2025-06,2025-Q2,Dermatology,SkinRelief Pro,SKINRELIEF-PRO_L,E-commerce,National,National,24867,1218448.33,0.82
ciq_ecommerce,2025-06,2025-Q2,Dermatology,SkinRelief Pro,SKINRELIEF-PRO_S,E-commerce,National,National,34632,1696975.95,0.82
ciq_ecommerce,2025-06,2025-Q2,Parasiticides,TickShield Plus,TICKSHIELD-PLUS_L,E-commerce,National,National,93717,2249232.93,0.82
ciq_ecommerce,2025-06,2025-Q2,Parasiticides,TickShield Plus,TICKSHIELD-PLUS_S,E-commerce,National,National,130577,3133856.55,0.82
ciq_ecommerce,2025-06,2025-Q2,Vaccines,Vanguard,VANGUARD_L,E-commerce,National,National,37560,826331.36,0.82
ciq_ecommerce,2025-06,2025-Q2,Vaccines,Vanguard,VANGUARD_S,E-commerce,National,National,52667,1158676.78,0.82
ciq_ecommerce,2025-06,2025-Q2,Parasiticides,VectraGuard,VECTRAGUARD_L,E-commerce,National,National,115552,3004355.86,0.82
ciq_ecommerce,2025-06,2025-Q2,Parasiticides,VectraGuard,VECTRAGUARD_S,E-commerce,National,National,158852,4130165.9,0.82
ciq_ecommerce,2025-06,2025-Q2,Vaccines,VetGuard Immunize,VETGUARD-IMMUNIZE_L,E-commerce,National,National,31080,590520.96,0.82
ciq_ecommerce,2025-06,2025-Q2,Vaccines,VetGuard Immunize,VETGUARD-IMMUNIZE_S,E-commerce,National,National,42302,803740.38,0.82
ciq_ecommerce,2025-06,2025-Q2,Vaccines,VetSelect Core Vax,VETSELECT-CORE-VAX_L,E-commerce,National,National,35048,490677.5,0.82
ciq_ecommerce,2025-06,2025-Q2,Vaccines,VetSelect Core Vax,VETSELECT-CORE-VAX_S,E-commerce,National,National,49039,686547.17,0.82
ciq_ecommerce,2025-06,2025-Q2,Dermatology,VetSelect Derma,VETSELECT-DERMA_L,E-commerce,National,National,28900,1098166.51,0.82
ciq_ecommerce,2025-06,2025-Q2,Dermatology,VetSelect Derma,VETSELECT-DERMA_S,E-commerce,National,National,38543,1464626.8,0.82
ciq_ecommerce,2025-06,2025-Q2,Petcare Diagnostics,VetSelect Dx,VETSELECT-DX_L,E-commerce,National,National,30965,371572.37,0.82
ciq_ecommerce,2025-06,2025-Q2,Petcare Diagnostics,VetSelect Dx,VETSELECT-DX_S,E-commerce,National,National,44382,532576.94,0.82
ciq_ecommerce,2025-06,2025-Q2,Parasiticides,VetSelect Flea & Tick,VETSELECT-FLEA-TICK_L,E-commerce,National,National,129723,2205288.35,0.82
ciq_ecommerce,2025-06,2025-Q2,Parasiticides,VetSelect Flea & Tick,VETSELECT-FLEA-TICK_S,E-commerce,National,National,184291,3132946.04,0.82
ciq_ecommerce,2025-06,2025-Q2,Pain/Osteoarthritis,VetSelect Joint,VETSELECT-JOINT_L,E-commerce,National,National,18637,540478.58,0.82
ciq_ecommerce,2025-06,2025-Q2,Pain/Osteoarthritis,VetSelect Joint,VETSELECT-JOINT_S,E-commerce,National,National,25222,731457.65,0.82
ciq_ecommerce,2025-06,2025-Q2,Petcare Diagnostics,Vetscan,VETSCAN_L,E-commerce,National,National,53217,957907.01,0.82
ciq_ecommerce,2025-06,2025-Q2,Petcare Diagnostics,Vetscan,VETSCAN_S,E-commerce,National,National,72823,1310816.74,0.82
ciq_ecommerce,2025-06,2025-Q2,Dermatology,AllerVet RX,ALLERVET-RX_L,E-commerce,Region,Midwest,5738,309856.27,0.82
ciq_ecommerce,2025-06,2025-Q2,Dermatology,AllerVet RX,ALLERVET-RX_S,E-commerce,Region,Midwest,8264,446264.4,0.82
ciq_ecommerce,2025-06,2025-Q2,Dermatology,Apoquel,APOQUEL_L,E-commerce,Region,Midwest,8314,540398.93,0.82
ciq_ecommerce,2025-06,2025-Q2,Dermatology,Apoquel,APOQUEL_S,E-commerce,Region,Midwest,11072,719677.98,0.82
ciq_ecommerce,2025-06,2025-Q2,Vaccines,BioShield Vax,BIOSHIELD-VAX_L,E-commerce,Region,Midwest,7785,155703.51,0.82
ciq_ecommerce,2025-06,2025-Q2,Vaccines,BioShield Vax,BIOSHIELD-VAX_S,E-commerce,Region,Midwest,10425,208499.04,0.82
ciq_ecommerce,2025-06,2025-Q2,Dermatology,DermaCalm,DERMACALM_L,E-commerce,Region,Midwest,6030,349747.39,0.82
ciq_ecommerce,2025-06,2025-Q2,Dermatology,DermaCalm,DERMACALM_S,E-commerce,Region,Midwest,8716,505509.95,0.82
ciq_ecommerce,2025-06,2025-Q2,Petcare Diagnostics,DiagnosTech Vet,DIAGNOSTECH-VET_L,E-commerce,Region,Midwest,11308,192233.55,0.82
ciq_ecommerce,2025-06,2025-Q2,Petcare Diagnostics,DiagnosTech Vet,DIAGNOSTECH-VET_S,E-commerce,Region,Midwest,14691,249753.93,0.82
ciq_ecommerce,2025-06,2025-Q2,Parasiticides,FleaStop Pro,FLEASTOP-PRO_L,E-commerce,Region,Midwest,16686,350395.88,0.82
ciq_ecommerce,2025-06,2025-Q2,Parasiticides,FleaStop Pro,FLEASTOP-PRO_S,E-commerce,Region,Midwest,22975,482468.08,0.82
ciq_ecommerce,2025-06,2025-Q2,Pain/Osteoarthritis,FlexiCare Joint,FLEXICARE-JOINT_L,E-commerce,Region,Midwest,3835,168740.54,0.82
ciq_ecommerce,2025-06,2025-Q2,Pain/Osteoarthritis,FlexiCare Joint,FLEXICARE-JOINT_S,E-commerce,Region,Midwest,5827,256373.49,0.82
ciq_ecommerce,2025-06,2025-Q2,Vaccines,ImmunoCore Canine,IMMUNOCORE-CANINE_L,E-commerce,Region,Midwest,9340,196143.01,0.82
ciq_ecommerce,2025-06,2025-Q2,Vaccines,ImmunoCore Canine,IMMUNOCORE-CANINE_S,E-commerce,Region,Midwest,12530,263123.16,0.82
ciq_ecommerce,2025-06,2025-Q2,Pain/Osteoarthritis,Librela,LIBRELA_L,E-commerce,Region,Midwest,3636,174522.7,0.82
ciq_ecommerce,2025-06,2025-Q2,Pain/Osteoarthritis,Librela,LIBRELA_S,E-commerce,Region,Midwest,5341,256382.14,0.82
ciq_ecommerce,2025-06,2025-Q2,Pain/Osteoarthritis,OsteoEase Vet,OSTEOEASE-VET_L,E-commerce,Region,Midwest,3676,150722.02,0.82
ciq_ecommerce,2025-06,2025-Q2,Pain/Osteoarthritis,OsteoEase Vet,OSTEOEASE-VET_S,E-commerce,Region,Midwest,5290,216893.43,0.82
ciq_ecommerce,2025-06,2025-Q2,Pain/Osteoarthritis,PainAway Canine,PAINAWAY-CANINE_L,E-commerce,Region,Midwest,3301,122119.79,0.82
ciq_ecommerce,2025-06,2025-Q2,Pain/Osteoarthritis,PainAway Canine,PAINAWAY-CANINE_S,E-commerce,Region,Midwest,4357,161211.29,0.82
ciq_ecommerce,2025-06,2025-Q2,Petcare Diagnostics,PetLab Analyzer,PETLAB-ANALYZER_L,E-commerce,Region,Midwest,6953,104296.92,0.82
ciq_ecommerce,2025-06,2025-Q2,Petcare Diagnostics,PetLab Analyzer,PETLAB-ANALYZER_S,E-commerce,Region,Midwest,10033,150499.53,0.82
ciq_ecommerce,2025-06,2025-Q2,Petcare Diagnostics,RapidVet Dx,RAPIDVET-DX_L,E-commerce,Region,Midwest,10615,169843.08,0.82
ciq_ecommerce,2025-06,2025-Q2,Petcare Diagnostics,RapidVet Dx,RAPIDVET-DX_S,E-commerce,Region,Midwest,14488,231809.37,0.82
ciq_ecommerce,2025-06,2025-Q2,Parasiticides,Simparica Trio,SIMPARICA-TRIO_L,E-commerce,Region,Midwest,30532,854907.04,0.82
ciq_ecommerce,2025-06,2025-Q2,Parasiticides,Simparica Trio,SIMPARICA-TRIO_S,E-commerce,Region,Midwest,39616,1109261.59,0.82
ciq_ecommerce,2025-06,2025-Q2,Dermatology,SkinRelief Pro,SKINRELIEF-PRO_L,E-commerce,Region,Midwest,5135,251603.47,0.82
ciq_ecommerce,2025-06,2025-Q2,Dermatology,SkinRelief Pro,SKINRELIEF-PRO_S,E-commerce,Region,Midwest,7301,357765.74,0.82
ciq_ecommerce,2025-06,2025-Q2,Parasiticides,TickShield Plus,TICKSHIELD-PLUS_L,E-commerce,Region,Midwest,19130,459128.22,0.82
ciq_ecommerce,2025-06,2025-Q2,Parasiticides,TickShield Plus,TICKSHIELD-PLUS_S,E-commerce,Region,Midwest,26796,643104.76,0.82
ciq_ecommerce,2025-06,2025-Q2,Vaccines,Vanguard,VANGUARD_L,E-commerce,Region,Midwest,8032,176705.69,0.82
ciq_ecommerce,2025-06,2025-Q2,Vaccines,Vanguard,VANGUARD_S,E-commerce,Region,Midwest,11063,243389.7,0.82
ciq_ecommerce,2025-06,2025-Q2,Parasiticides,VectraGuard,VECTRAGUARD_L,E-commerce,Region,Midwest,23197,603113.86,0.82
ciq_ecommerce,2025-06,2025-Q2,Parasiticides,VectraGuard,VECTRAGUARD_S,E-commerce,Region,Midwest,32917,855852.74,0.82
ciq_ecommerce,2025-06,2025-Q2,Vaccines,VetGuard Immunize,VETGUARD-IMMUNIZE_L,E-commerce,Region,Midwest,6174,117297.13,0.82
ciq_ecommerce,2025-06,2025-Q2,Vaccines,VetGuard Immunize,VETGUARD-IMMUNIZE_S,E-commerce,Region,Midwest,8547,162395.81,0.82
ciq_ecommerce,2025-06,2025-Q2,Vaccines,VetSelect Core Vax,VETSELECT-CORE-VAX_L,E-commerce,Region,Midwest,7217,101044.14,0.82
ciq_ecommerce,2025-06,2025-Q2,Vaccines,VetSelect Core Vax,VETSELECT-CORE-VAX_S,E-commerce,Region,Midwest,10288,144029.64,0.82
ciq_ecommerce,2025-06,2025-Q2,Dermatology,VetSelect Derma,VETSELECT-DERMA_L,E-commerce,Region,Midwest,5977,227118.78,0.82
ciq_ecommerce,2025-06,2025-Q2,Dermatology,VetSelect Derma,VETSELECT-DERMA_S,E-commerce,Region,Midwest,8193,311343.76,0.82
ciq_ecommerce,2025-06,2025-Q2,Petcare Diagnostics,VetSelect Dx,VETSELECT-DX_L,E-commerce,Region,Midwest,6666,79990.37,0.82
ciq_ecommerce,2025-06,2025-Q2,Petcare Diagnostics,VetSelect Dx,VETSELECT-DX_S,E-commerce,Region,Midwest,9609,115311.0,0.82
ciq_ecommerce,2025-06,2025-Q2,Parasiticides,VetSelect Flea & Tick,VETSELECT-FLEA-TICK_L,E-commerce,Region,Midwest,28086,477453.9,0.82
ciq_ecommerce,2025-06,2025-Q2,Parasiticides,VetSelect Flea & Tick,VETSELECT-FLEA-TICK_S,E-commerce,Region,Midwest,40108,681830.94,0.82
ciq_ecommerce,2025-06,2025-Q2,Pain/Osteoarthritis,VetSelect Joint,VETSELECT-JOINT_L,E-commerce,Region,Midwest,3914,113507.5,0.82
ciq_ecommerce,2025-06,2025-Q2,Pain/Osteoarthritis,VetSelect Joint,VETSELECT-JOINT_S,E-commerce,Region,Midwest,5148,149289.66,0.82
ciq_ecommerce,2025-06,2025-Q2,Petcare Diagnostics,Vetscan,VETSCAN_L,E-commerce,Region,Midwest,10623,191222.5,0.82
ciq_ecommerce,2025-06,2025-Q2,Petcare Diagnostics,Vetscan,VETSCAN_S,E-commerce,Region,Midwest,14398,259165.71,0.82
ciq_ecommerce,2025-06,2025-Q2,Dermatology,AllerVet RX,ALLERVET-RX_L,E-commerce,Region,Northeast,5639,304509.95,0.82
ciq_ecommerce,2025-06,2025-Q2,Dermatology,AllerVet RX,ALLERVET-RX_S,E-commerce,Region,Northeast,7884,425716.72,0.82
ciq_ecommerce,2025-06,2025-Q2,Dermatology,Apoquel,APOQUEL_L,E-commerce,Region,Northeast,8402,546143.69,0.82
ciq_ecommerce,2025-06,2025-Q2,Dermatology,Apoquel,APOQUEL_S,E-commerce,Region,Northeast,11682,759322.72,0.82
ciq_ecommerce,2025-06,2025-Q2,Vaccines,BioShield Vax,BIOSHIELD-VAX_L,E-commerce,Region,Northeast,7647,152932.35,0.82
ciq_ecommerce,2025-06,2025-Q2,Vaccines,BioShield Vax,BIOSHIELD-VAX_S,E-commerce,Region,Northeast,12147,242949.37,0.82
ciq_ecommerce,2025-06,2025-Q2,Dermatology,DermaCalm,DERMACALM_L,E-commerce,Region,Northeast,6115,354659.76,0.82
ciq_ecommerce,2025-06,2025-Q2,Dermatology,DermaCalm,DERMACALM_S,E-commerce,Region,Northeast,8984,521100.02,0.82
ciq_ecommerce,2025-06,2025-Q2,Petcare Diagnostics,DiagnosTech Vet,DIAGNOSTECH-VET_L,E-commerce,Region,Northeast,12113,205922.01,0.82
ciq_ecommerce,2025-06,2025-Q2,Petcare Diagnostics,DiagnosTech Vet,DIAGNOSTECH-VET_S,E-commerce,Region,Northeast,17398,295763.64,0.82
ciq_ecommerce,2025-06,2025-Q2,Parasiticides,FleaStop Pro,FLEASTOP-PRO_L,E-commerce,Region,Northeast,17333,363998.92,0.82
ciq_ecommerce,2025-06,2025-Q2,Parasiticides,FleaStop Pro,FLEASTOP-PRO_S,E-commerce,Region,Northeast,22437,471172.87,0.82
ciq_ecommerce,2025-06,2025-Q2,Pain/Osteoarthritis,FlexiCare Joint,FLEXICARE-JOINT_L,E-commerce,Region,Northeast,4234,186316.53,0.82
ciq_ecommerce,2025-06,2025-Q2,Pain/Osteoarthritis,FlexiCare Joint,FLEXICARE-JOINT_S,E-commerce,Region,Northeast,5877,258601.47,0.82
ciq_ecommerce,2025-06,2025-Q2,Vaccines,ImmunoCore Canine,IMMUNOCORE-CANINE_L,E-commerce,Region,Northeast,9100,191103.47,0.82
ciq_ecommerce,2025-06,2025-Q2,Vaccines,ImmunoCore Canine,IMMUNOCORE-CANINE_S,E-commerce,Region,Northeast,14339,301119.43,0.82
ciq_ecommerce,2025-06,2025-Q2,Pain/Osteoarthritis,Librela,LIBRELA_L,E-commerce,Region,Northeast,3464,166288.46,0.82
ciq_ecommerce,2025-06,2025-Q2,Pain/Osteoarthritis,Librela,LIBRELA_S,E-commerce,Region,Northeast,5233,251166.95,0.82
ciq_ecommerce,2025-06,2025-Q2,Pain/Osteoarthritis,OsteoEase Vet,OSTEOEASE-VET_L,E-commerce,Region,Northeast,4087,167552.64,0.82
ciq_ecommerce,2025-06,2025-Q2,Pain/Osteoarthritis,OsteoEase Vet,OSTEOEASE-VET_S,E-commerce,Region,Northeast,5397,221292.59,0.82
ciq_ecommerce,2025-06,2025-Q2,Pain/Osteoarthritis,PainAway Canine,PAINAWAY-CANINE_L,E-commerce,Region,Northeast,3675,135975.36,0.82
ciq_ecommerce,2025-06,2025-Q2,Pain/Osteoarthritis,PainAway Canine,PAINAWAY-CANINE_S,E-commerce,Region,Northeast,4906,181526.88,0.82
ciq_ecommerce,2025-06,2025-Q2,Petcare Diagnostics,PetLab Analyzer,PETLAB-ANALYZER_L,E-commerce,Region,Northeast,7634,114509.61,0.82
ciq_ecommerce,2025-06,2025-Q2,Petcare Diagnostics,PetLab Analyzer,PETLAB-ANALYZER_S,E-commerce,Region,Northeast,10700,160501.45,0.82
ciq_ecommerce,2025-06,2025-Q2,Petcare Diagnostics,RapidVet Dx,RAPIDVET-DX_L,E-commerce,Region,Northeast,12135,194154.54,0.82
ciq_ecommerce,2025-06,2025-Q2,Petcare Diagnostics,RapidVet Dx,RAPIDVET-DX_S,E-commerce,Region,Northeast,16067,257071.88,0.82
ciq_ecommerce,2025-06,2025-Q2,Parasiticides,Simparica Trio,SIMPARICA-TRIO_L,E-commerce,Region,Northeast,29503,826094.41,0.82
ciq_ecommerce,2025-06,2025-Q2,Parasiticides,Simparica Trio,SIMPARICA-TRIO_S,E-commerce,Region,Northeast,37045,1037270.93,0.82
ciq_ecommerce,2025-06,2025-Q2,Dermatology,SkinRelief Pro,SKINRELIEF-PRO_L,E-commerce,Region,Northeast,5464,267726.88,0.82
ciq_ecommerce,2025-06,2025-Q2,Dermatology,SkinRelief Pro,SKINRELIEF-PRO_S,E-commerce,Region,Northeast,7565,370690.37,0.82
ciq_ecommerce,2025-06,2025-Q2,Parasiticides,TickShield Plus,TICKSHIELD-PLUS_L,E-commerce,Region,Northeast,20569,493665.8,0.82
ciq_ecommerce,2025-06,2025-Q2,Parasiticides,TickShield Plus,TICKSHIELD-PLUS_S,E-commerce,Region,Northeast,28381,681142.97,0.82
ciq_ecommerce,2025-06,2025-Q2,Vaccines,Vanguard,VANGUARD_L,E-commerce,Region,Northeast,8517,187367.25,0.82
ciq_ecommerce,2025-06,2025-Q2,Vaccines,Vanguard,VANGUARD_S,E-commerce,Region,Northeast,11470,252329.57,0.82
ciq_ecommerce,2025-06,2025-Q2,Parasiticides,VectraGuard,VECTRAGUARD_L,E-commerce,Region,Northeast,24327,632510.73,0.82
ciq_ecommerce,2025-06,2025-Q2,Parasiticides,VectraGuard,VECTRAGUARD_S,E-commerce,Region,Northeast,34610,899864.64,0.82
ciq_ecommerce,2025-06,2025-Q2,Vaccines,VetGuard Immunize,VETGUARD-IMMUNIZE_L,E-commerce,Region,Northeast,6951,132069.52,0.82
ciq_ecommerce,2025-06,2025-Q2,Vaccines,VetGuard Immunize,VETGUARD-IMMUNIZE_S,E-commerce,Region,Northeast,8566,162762.73,0.82
ciq_ecommerce,2025-06,2025-Q2,Vaccines,VetSelect Core Vax,VETSELECT-CORE-VAX_L,E-commerce,Region,Northeast,7938,111135.71,0.82
ciq_ecommerce,2025-06,2025-Q2,Vaccines,VetSelect Core Vax,VETSELECT-CORE-VAX_S,E-commerce,Region,Northeast,11304,158259.87,0.82
ciq_ecommerce,2025-06,2025-Q2,Dermatology,VetSelect Derma,VETSELECT-DERMA_L,E-commerce,Region,Northeast,6533,248254.01,0.82
ciq_ecommerce,2025-06,2025-Q2,Dermatology,VetSelect Derma,VETSELECT-DERMA_S,E-commerce,Region,Northeast,8772,333339.88,0.82
ciq_ecommerce,2025-06,2025-Q2,Petcare Diagnostics,VetSelect Dx,VETSELECT-DX_L,E-commerce,Region,Northeast,6820,81834.89,0.82
ciq_ecommerce,2025-06,2025-Q2,Petcare Diagnostics,VetSelect Dx,VETSELECT-DX_S,E-commerce,Region,Northeast,9575,114899.32,0.82
ciq_ecommerce,2025-06,2025-Q2,Parasiticides,VetSelect Flea & Tick,VETSELECT-FLEA-TICK_L,E-commerce,Region,Northeast,26834,456184.62,0.82
ciq_ecommerce,2025-06,2025-Q2,Parasiticides,VetSelect Flea & Tick,VETSELECT-FLEA-TICK_S,E-commerce,Region,Northeast,38982,662697.81,0.82
ciq_ecommerce,2025-06,2025-Q2,Pain/Osteoarthritis,VetSelect Joint,VETSELECT-JOINT_L,E-commerce,Region,Northeast,4286,124301.54,0.82
ciq_ecommerce,2025-06,2025-Q2,Pain/Osteoarthritis,VetSelect Joint,VETSELECT-JOINT_S,E-commerce,Region,Northeast,5973,173224.98,0.82
ciq_ecommerce,2025-06,2025-Q2,Petcare Diagnostics,Vetscan,VETSCAN_L,E-commerce,Region,Northeast,11260,202674.06,0.82
ciq_ecommerce,2025-06,2025-Q2,Petcare Diagnostics,Vetscan,VETSCAN_S,E-commerce,Region,Northeast,15801,284416.56,0.82
ciq_ecommerce,2025-06,2025-Q2,Dermatology,AllerVet RX,ALLERVET-RX_L,E-commerce,Region,South,9843,531525.26,0.82
ciq_ecommerce,2025-06,2025-Q2,Dermatology,AllerVet RX,ALLERVET-RX_S,E-commerce,Region,South,13521,730137.69,0.82
ciq_ecommerce,2025-06,2025-Q2,Dermatology,Apoquel,APOQUEL_L,E-commerce,Region,South,12761,829478.78,0.82
ciq_ecommerce,2025-06,2025-Q2,Dermatology,Apoquel,APOQUEL_S,E-commerce,Region,South,18460,1199880.43,0.82
ciq_ecommerce,2025-06,2025-Q2,Vaccines,BioShield Vax,BIOSHIELD-VAX_L,E-commerce,Region,South,13192,263835.66,0.82
ciq_ecommerce,2025-06,2025-Q2,Vaccines,BioShield Vax,BIOSHIELD-VAX_S,E-commerce,Region,South,16614,332280.35,0.82
ciq_ecommerce,2025-06,2025-Q2,Dermatology,DermaCalm,DERMACALM_L,E-commerce,Region,South,9938,576423.72,0.82
ciq_ecommerce,2025-06,2025-Q2,Dermatology,DermaCalm,DERMACALM_S,E-commerce,Region,South,14887,863471.87,0.82
ciq_ecommerce,2025-06,2025-Q2,Petcare Diagnostics,DiagnosTech Vet,DIAGNOSTECH-VET_L,E-commerce,Region,South,17816,302868.34,0.82
ciq_ecommerce,2025-06,2025-Q2,Petcare Diagnostics,DiagnosTech Vet,DIAGNOSTECH-VET_S,E-commerce,Region,South,25254,429319.27,0.82
ciq_ecommerce,2025-06,2025-Q2,Parasiticides,FleaStop Pro,FLEASTOP-PRO_L,E-commerce,Region,South,27141,569971.25,0.82
ciq_ecommerce,2025-06,2025-Q2,Parasiticides,FleaStop Pro,FLEASTOP-PRO_S,E-commerce,Region,South,36055,757144.97,0.82
ciq_ecommerce,2025-06,2025-Q2,Pain/Osteoarthritis,FlexiCare Joint,FLEXICARE-JOINT_L,E-commerce,Region,South,6684,294086.03,0.82
ciq_ecommerce,2025-06,2025-Q2,Pain/Osteoarthritis,FlexiCare Joint,FLEXICARE-JOINT_S,E-commerce,Region,South,9437,415214.41,0.82
ciq_ecommerce,2025-06,2025-Q2,Vaccines,ImmunoCore Canine,IMMUNOCORE-CANINE_L,E-commerce,Region,South,15251,320270.24,0.82
ciq_ecommerce,2025-06,2025-Q2,Vaccines,ImmunoCore Canine,IMMUNOCORE-CANINE_S,E-commerce,Region,South,19415,407708.65,0.82
ciq_ecommerce,2025-06,2025-Q2,Pain/Osteoarthritis,Librela,LIBRELA_L,E-commerce,Region,South,5527,265274.46,0.82
ciq_ecommerce,2025-06,2025-Q2,Pain/Osteoarthritis,Librela,LIBRELA_S,E-commerce,Region,South,7737,371387.93,0.82
ciq_ecommerce,2025-06,2025-Q2,Pain/Osteoarthritis,OsteoEase Vet,OSTEOEASE-VET_L,E-commerce,Region,South,6672,273547.81,0.82
ciq_ecommerce,2025-06,2025-Q2,Pain/Osteoarthritis,OsteoEase Vet,OSTEOEASE-VET_S,E-commerce,Region,South,8557,350857.15,0.82
ciq_ecommerce,2025-06,2025-Q2,Pain/Osteoarthritis,PainAway Canine,PAINAWAY-CANINE_L,E-commerce,Region,South,5429,200860.16,0.82
ciq_ecommerce,2025-06,2025-Q2,Pain/Osteoarthritis,PainAway Canine,PAINAWAY-CANINE_S,E-commerce,Region,South,8118,300349.87,0.82
ciq_ecommerce,2025-06,2025-Q2,Petcare Diagnostics,PetLab Analyzer,PETLAB-ANALYZER_L,E-commerce,Region,South,11275,169126.82,0.82
ciq_ecommerce,2025-06,2025-Q2,Petcare Diagnostics,PetLab Analyzer,PETLAB-ANALYZER_S,E-commerce,Region,South,17310,259654.01,0.82
ciq_ecommerce,2025-06,2025-Q2,Petcare Diagnostics,RapidVet Dx,RAPIDVET-DX_L,E-commerce,Region,South,18668,298695.77,0.82
ciq_ecommerce,2025-06,2025-Q2,Petcare Diagnostics,RapidVet Dx,RAPIDVET-DX_S,E-commerce,Region,South,23591,377453.78,0.82
ciq_ecommerce,2025-06,2025-Q2,Parasiticides,Simparica Trio,SIMPARICA-TRIO_L,E-commerce,Region,South,43217,1210081.51,0.82
ciq_ecommerce,2025-06,2025-Q2,Parasiticides,Simparica Trio,SIMPARICA-TRIO_S,E-commerce,Region,South,67788,1898060.52,0.82
ciq_ecommerce,2025-06,2025-Q2,Dermatology,SkinRelief Pro,SKINRELIEF-PRO_L,E-commerce,Region,South,8323,407806.88,0.82
ciq_ecommerce,2025-06,2025-Q2,Dermatology,SkinRelief Pro,SKINRELIEF-PRO_S,E-commerce,Region,South,11796,577980.8,0.82
ciq_ecommerce,2025-06,2025-Q2,Parasiticides,TickShield Plus,TICKSHIELD-PLUS_L,E-commerce,Region,South,32859,788622.88,0.82
ciq_ecommerce,2025-06,2025-Q2,Parasiticides,TickShield Plus,TICKSHIELD-PLUS_S,E-commerce,Region,South,44698,1072752.2,0.82
ciq_ecommerce,2025-06,2025-Q2,Vaccines,Vanguard,VANGUARD_L,E-commerce,Region,South,11935,262576.02,0.82
ciq_ecommerce,2025-06,2025-Q2,Vaccines,Vanguard,VANGUARD_S,E-commerce,Region,South,17508,385182.56,0.82
ciq_ecommerce,2025-06,2025-Q2,Parasiticides,VectraGuard,VECTRAGUARD_L,E-commerce,Region,South,41024,1066620.4,0.82
ciq_ecommerce,2025-06,2025-Q2,Parasiticides,VectraGuard,VECTRAGUARD_S,E-commerce,Region,South,54195,1409069.88,0.82
ciq_ecommerce,2025-06,2025-Q2,Vaccines,VetGuard Immunize,VETGUARD-IMMUNIZE_L,E-commerce,Region,South,10373,197095.15,0.82
ciq_ecommerce,2025-06,2025-Q2,Vaccines,VetGuard Immunize,VETGUARD-IMMUNIZE_S,E-commerce,Region,South,14536,276182.29,0.82
ciq_ecommerce,2025-06,2025-Q2,Vaccines,VetSelect Core Vax,VETSELECT-CORE-VAX_L,E-commerce,Region,South,12428,173991.62,0.82
ciq_ecommerce,2025-06,2025-Q2,Vaccines,VetSelect Core Vax,VETSELECT-CORE-VAX_S,E-commerce,Region,South,16493,230906.67,0.82
ciq_ecommerce,2025-06,2025-Q2,Dermatology,VetSelect Derma,VETSELECT-DERMA_L,E-commerce,Region,South,9612,365241.41,0.82
ciq_ecommerce,2025-06,2025-Q2,Dermatology,VetSelect Derma,VETSELECT-DERMA_S,E-commerce,Region,South,12868,488971.93,0.82
ciq_ecommerce,2025-06,2025-Q2,Petcare Diagnostics,VetSelect Dx,VETSELECT-DX_L,E-commerce,Region,South,10704,128452.67,0.82
ciq_ecommerce,2025-06,2025-Q2,Petcare Diagnostics,VetSelect Dx,VETSELECT-DX_S,E-commerce,Region,South,15800,189594.35,0.82
ciq_ecommerce,2025-06,2025-Q2,Parasiticides,VetSelect Flea & Tick,VETSELECT-FLEA-TICK_L,E-commerce,Region,South,44676,759493.71,0.82
ciq_ecommerce,2025-06,2025-Q2,Parasiticides,VetSelect Flea & Tick,VETSELECT-FLEA-TICK_S,E-commerce,Region,South,64983,1104706.8,0.82
ciq_ecommerce,2025-06,2025-Q2,Pain/Osteoarthritis,VetSelect Joint,VETSELECT-JOINT_L,E-commerce,Region,South,6041,175193.25,0.82
ciq_ecommerce,2025-06,2025-Q2,Pain/Osteoarthritis,VetSelect Joint,VETSELECT-JOINT_S,E-commerce,Region,South,8090,234611.82,0.82
ciq_ecommerce,2025-06,2025-Q2,Petcare Diagnostics,Vetscan,VETSCAN_L,E-commerce,Region,South,19220,345960.1,0.82
ciq_ecommerce,2025-06,2025-Q2,Petcare Diagnostics,Vetscan,VETSCAN_S,E-commerce,Region,South,24682,444271.37,0.82
ciq_ecommerce,2025-06,2025-Q2,Dermatology,AllerVet RX,ALLERVET-RX_L,E-commerce,Region,West,6858,370315.19,0.82
ciq_ecommerce,2025-06,2025-Q2,Dermatology,AllerVet RX,ALLERVET-RX_S,E-commerce,Region,West,8768,473463.32,0.82
ciq_ecommerce,2025-06,2025-Q2,Dermatology,Apoquel,APOQUEL_L,E-commerce,Region,West,8263,537062.92,0.82
ciq_ecommerce,2025-06,2025-Q2,Dermatology,Apoquel,APOQUEL_S,E-commerce,Region,West,11857,770695.25,0.82
ciq_ecommerce,2025-06,2025-Q2,Vaccines,BioShield Vax,BIOSHIELD-VAX_L,E-commerce,Region,West,7532,150645.28,0.82
ciq_ecommerce,2025-06,2025-Q2,Vaccines,BioShield Vax,BIOSHIELD-VAX_S,E-commerce,Region,West,11426,228515.73,0.82
ciq_ecommerce,2025-06,2025-Q2,Dermatology,DermaCalm,DERMACALM_L,E-commerce,Region,West,6996,405741.59,0.82
ciq_ecommerce,2025-06,2025-Q2,Dermatology,DermaCalm,DERMACALM_S,E-commerce,Region,West,10043,582518.49,0.82
ciq_ecommerce,2025-06,2025-Q2,Petcare Diagnostics,DiagnosTech Vet,DIAGNOSTECH-VET_L,E-commerce,Region,West,12080,205354.27,0.82
ciq_ecommerce,2025-06,2025-Q2,Petcare Diagnostics,DiagnosTech Vet,DIAGNOSTECH-VET_S,E-commerce,Region,West,18115,307950.4,0.82
ciq_ecommerce,2025-06,2025-Q2,Parasiticides,FleaStop Pro,FLEASTOP-PRO_L,E-commerce,Region,West,18268,383620.29,0.82
ciq_ecommerce,2025-06,2025-Q2,Parasiticides,FleaStop Pro,FLEASTOP-PRO_S,E-commerce,Region,West,25091,526901.24,0.82
ciq_ecommerce,2025-06,2025-Q2,Pain/Osteoarthritis,FlexiCare Joint,FLEXICARE-JOINT_L,E-commerce,Region,West,4206,185053.61,0.82
ciq_ecommerce,2025-06,2025-Q2,Pain/Osteoarthritis,FlexiCare Joint,FLEXICARE-JOINT_S,E-commerce,Region,West,6311,277694.64,0.82
ciq_ecommerce,2025-06,2025-Q2,Vaccines,ImmunoCore Canine,IMMUNOCORE-CANINE_L,E-commerce,Region,West,9313,195566.9,0.82
ciq_ecommerce,2025-06,2025-Q2,Vaccines,ImmunoCore Canine,IMMUNOCORE-CANINE_S,E-commerce,Region,West,13952,292984.55,0.82
ciq_ecommerce,2025-06,2025-Q2,Pain/Osteoarthritis,Librela,LIBRELA_L,E-commerce,Region,West,4241,203566.2,0.82
ciq_ecommerce,2025-06,2025-Q2,Pain/Osteoarthritis,Librela,LIBRELA_S,E-commerce,Region,West,5770,276979.97,0.82
ciq_ecommerce,2025-06,2025-Q2,Pain/Osteoarthritis,OsteoEase Vet,OSTEOEASE-VET_L,E-commerce,Region,West,4331,177577.41,0.82
ciq_ecommerce,2025-06,2025-Q2,Pain/Osteoarthritis,OsteoEase Vet,OSTEOEASE-VET_S,E-commerce,Region,West,5906,242140.31,0.82
ciq_ecommerce,2025-06,2025-Q2,Pain/Osteoarthritis,PainAway Canine,PAINAWAY-CANINE_L,E-commerce,Region,West,3731,138043.45,0.82
ciq_ecommerce,2025-06,2025-Q2,Pain/Osteoarthritis,PainAway Canine,PAINAWAY-CANINE_S,E-commerce,Region,West,5025,185939.16,0.82
ciq_ecommerce,2025-06,2025-Q2,Petcare Diagnostics,PetLab Analyzer,PETLAB-ANALYZER_L,E-commerce,Region,West,8181,122708.73,0.82
ciq_ecommerce,2025-06,2025-Q2,Petcare Diagnostics,PetLab Analyzer,PETLAB-ANALYZER_S,E-commerce,Region,West,11111,166666.04,0.82
ciq_ecommerce,2025-06,2025-Q2,Petcare Diagnostics,RapidVet Dx,RAPIDVET-DX_L,E-commerce,Region,West,11011,176170.39,0.82
ciq_ecommerce,2025-06,2025-Q2,Petcare Diagnostics,RapidVet Dx,RAPIDVET-DX_S,E-commerce,Region,West,15888,254204.16,0.82
ciq_ecommerce,2025-06,2025-Q2,Parasiticides,Simparica Trio,SIMPARICA-TRIO_L,E-commerce,Region,West,27535,770977.16,0.82
ciq_ecommerce,2025-06,2025-Q2,Parasiticides,Simparica Trio,SIMPARICA-TRIO_S,E-commerce,Region,West,38310,1072669.57,0.82
ciq_ecommerce,2025-06,2025-Q2,Dermatology,SkinRelief Pro,SKINRELIEF-PRO_L,E-commerce,Region,West,5945,291311.1,0.82
ciq_ecommerce,2025-06,2025-Q2,Dermatology,SkinRelief Pro,SKINRELIEF-PRO_S,E-commerce,Region,West,7970,390539.04,0.82
ciq_ecommerce,2025-06,2025-Q2,Parasiticides,TickShield Plus,TICKSHIELD-PLUS_L,E-commerce,Region,West,21159,507816.03,0.82
ciq_ecommerce,2025-06,2025-Q2,Parasiticides,TickShield Plus,TICKSHIELD-PLUS_S,E-commerce,Region,West,30702,736856.62,0.82
ciq_ecommerce,2025-06,2025-Q2,Vaccines,Vanguard,VANGUARD_L,E-commerce,Region,West,9076,199682.4,0.82
ciq_ecommerce,2025-06,2025-Q2,Vaccines,Vanguard,VANGUARD_S,E-commerce,Region,West,12626,277774.95,0.82
ciq_ecommerce,2025-06,2025-Q2,Parasiticides,VectraGuard,VECTRAGUARD_L,E-commerce,Region,West,27004,702110.87,0.82
ciq_ecommerce,2025-06,2025-Q2,Parasiticides,VectraGuard,VECTRAGUARD_S,E-commerce,Region,West,37130,965378.64,0.82
ciq_ecommerce,2025-06,2025-Q2,Vaccines,VetGuard Immunize,VETGUARD-IMMUNIZE_L,E-commerce,Region,West,7582,144059.16,0.82
ciq_ecommerce,2025-06,2025-Q2,Vaccines,VetGuard Immunize,VETGUARD-IMMUNIZE_S,E-commerce,Region,West,10653,202399.55,0.82
ciq_ecommerce,2025-06,2025-Q2,Vaccines,VetSelect Core Vax,VETSELECT-CORE-VAX_L,E-commerce,Region,West,7465,104506.03,0.82
ciq_ecommerce,2025-06,2025-Q2,Vaccines,VetSelect Core Vax,VETSELECT-CORE-VAX_S,E-commerce,Region,West,10954,153350.99,0.82
ciq_ecommerce,2025-06,2025-Q2,Dermatology,VetSelect Derma,VETSELECT-DERMA_L,E-commerce,Region,West,6778,257552.31,0.82
ciq_ecommerce,2025-06,2025-Q2,Dermatology,VetSelect Derma,VETSELECT-DERMA_S,E-commerce,Region,West,8710,330971.23,0.82
ciq_ecommerce,2025-06,2025-Q2,Petcare Diagnostics,VetSelect Dx,VETSELECT-DX_L,E-commerce,Region,West,6775,81294.44,0.82
ciq_ecommerce,2025-06,2025-Q2,Petcare Diagnostics,VetSelect Dx,VETSELECT-DX_S,E-commerce,Region,West,9398,112772.27,0.82
ciq_ecommerce,2025-06,2025-Q2,Parasiticides,VetSelect Flea & Tick,VETSELECT-FLEA-TICK_L,E-commerce,Region,West,30127,512156.12,0.82
ciq_ecommerce,2025-06,2025-Q2,Parasiticides,VetSelect Flea & Tick,VETSELECT-FLEA-TICK_S,E-commerce,Region,West,40218,683710.49,0.82
ciq_ecommerce,2025-06,2025-Q2,Pain/Osteoarthritis,VetSelect Joint,VETSELECT-JOINT_L,E-commerce,Region,West,4396,127476.29,0.82
ciq_ecommerce,2025-06,2025-Q2,Pain/Osteoarthritis,VetSelect Joint,VETSELECT-JOINT_S,E-commerce,Region,West,6011,174331.19,0.82
ciq_ecommerce,2025-06,2025-Q2,Petcare Diagnostics,Vetscan,VETSCAN_L,E-commerce,Region,West,12114,218050.35,0.82
ciq_ecommerce,2025-06,2025-Q2,Petcare Diagnostics,Vetscan,VETSCAN_S,E-commerce,Region,West,17942,322963.1,0.82
ciq_ecommerce,2025-07,2025-Q3,Dermatology,AllerVet RX,ALLERVET-RX_L,E-commerce,National,National,30202,1630952.55,0.82
ciq_ecommerce,2025-07,2025-Q3,Dermatology,AllerVet RX,ALLERVET-RX_S,E-commerce,National,National,41286,2229449.74,0.82
ciq_ecommerce,2025-07,2025-Q3,Dermatology,Apoquel,APOQUEL_L,E-commerce,National,National,44960,2922370.92,0.82
ciq_ecommerce,2025-07,2025-Q3,Dermatology,Apoquel,APOQUEL_S,E-commerce,National,National,59507,3867957.5,0.82
ciq_ecommerce,2025-07,2025-Q3,Vaccines,BioShield Vax,BIOSHIELD-VAX_L,E-commerce,National,National,34892,697844.95,0.82
ciq_ecommerce,2025-07,2025-Q3,Vaccines,BioShield Vax,BIOSHIELD-VAX_S,E-commerce,National,National,47500,950011.14,0.82
ciq_ecommerce,2025-07,2025-Q3,Dermatology,DermaCalm,DERMACALM_L,E-commerce,National,National,33043,1916495.08,0.82
ciq_ecommerce,2025-07,2025-Q3,Dermatology,DermaCalm,DERMACALM_S,E-commerce,National,National,44855,2601581.63,0.82
ciq_ecommerce,2025-07,2025-Q3,Petcare Diagnostics,DiagnosTech Vet,DIAGNOSTECH-VET_L,E-commerce,National,National,56273,956641.09,0.82
ciq_ecommerce,2025-07,2025-Q3,Petcare Diagnostics,DiagnosTech Vet,DIAGNOSTECH-VET_S,E-commerce,National,National,79441,1350503.05,0.82
ciq_ecommerce,2025-07,2025-Q3,Parasiticides,FleaStop Pro,FLEASTOP-PRO_L,E-commerce,National,National,79314,1665611.37,0.82
ciq_ecommerce,2025-07,2025-Q3,Parasiticides,FleaStop Pro,FLEASTOP-PRO_S,E-commerce,National,National,108565,2279893.78,0.82
ciq_ecommerce,2025-07,2025-Q3,Pain/Osteoarthritis,FlexiCare Joint,FLEXICARE-JOINT_L,E-commerce,National,National,18376,808537.2,0.82
ciq_ecommerce,2025-07,2025-Q3,Pain/Osteoarthritis,FlexiCare Joint,FLEXICARE-JOINT_S,E-commerce,National,National,25298,1113061.15,0.82
ciq_ecommerce,2025-07,2025-Q3,Vaccines,ImmunoCore Canine,IMMUNOCORE-CANINE_L,E-commerce,National,National,42031,882662.43,0.82
ciq_ecommerce,2025-07,2025-Q3,Vaccines,ImmunoCore Canine,IMMUNOCORE-CANINE_S,E-commerce,National,National,59267,1244607.54,0.82
ciq_ecommerce,2025-07,2025-Q3,Pain/Osteoarthritis,Librela,LIBRELA_L,E-commerce,National,National,17350,832776.31,0.82
ciq_ecommerce,2025-07,2025-Q3,Pain/Osteoarthritis,Librela,LIBRELA_S,E-commerce,National,National,23487,1127348.73,0.82
ciq_ecommerce,2025-07,2025-Q3,Pain/Osteoarthritis,OsteoEase Vet,OSTEOEASE-VET_L,E-commerce,National,National,17493,717182.49,0.82
ciq_ecommerce,2025-07,2025-Q3,Pain/Osteoarthritis,OsteoEase Vet,OSTEOEASE-VET_S,E-commerce,National,National,23489,963043.88,0.82
ciq_ecommerce,2025-07,2025-Q3,Pain/Osteoarthritis,PainAway Canine,PAINAWAY-CANINE_L,E-commerce,National,National,14822,548458.18,0.82
ciq_ecommerce,2025-07,2025-Q3,Pain/Osteoarthritis,PainAway Canine,PAINAWAY-CANINE_S,E-commerce,National,National,20941,774789.24,0.82
ciq_ecommerce,2025-07,2025-Q3,Petcare Diagnostics,PetLab Analyzer,PETLAB-ANALYZER_L,E-commerce,National,National,34561,518421.05,0.82
ciq_ecommerce,2025-07,2025-Q3,Petcare Diagnostics,PetLab Analyzer,PETLAB-ANALYZER_S,E-commerce,National,National,49632,744489.76,0.82
ciq_ecommerce,2025-07,2025-Q3,Petcare Diagnostics,RapidVet Dx,RAPIDVET-DX_L,E-commerce,National,National,53755,860082.31,0.82
ciq_ecommerce,2025-07,2025-Q3,Petcare Diagnostics,RapidVet Dx,RAPIDVET-DX_S,E-commerce,National,National,71421,1142744.93,0.82
ciq_ecommerce,2025-07,2025-Q3,Parasiticides,Simparica Trio,SIMPARICA-TRIO_L,E-commerce,National,National,129704,3631691.7,0.82
ciq_ecommerce,2025-07,2025-Q3,Parasiticides,Simparica Trio,SIMPARICA-TRIO_S,E-commerce,National,National,179577,5028157.82,0.82
ciq_ecommerce,2025-07,2025-Q3,Dermatology,SkinRelief Pro,SKINRELIEF-PRO_L,E-commerce,National,National,25843,1266327.69,0.82
ciq_ecommerce,2025-07,2025-Q3,Dermatology,SkinRelief Pro,SKINRELIEF-PRO_S,E-commerce,National,National,34745,1702517.02,0.82
ciq_ecommerce,2025-07,2025-Q3,Parasiticides,TickShield Plus,TICKSHIELD-PLUS_L,E-commerce,National,National,89711,2153078.9,0.82
ciq_ecommerce,2025-07,2025-Q3,Parasiticides,TickShield Plus,TICKSHIELD-PLUS_S,E-commerce,National,National,119577,2869839.23,0.82
ciq_ecommerce,2025-07,2025-Q3,Vaccines,Vanguard,VANGUARD_L,E-commerce,National,National,41648,916253.94,0.82
ciq_ecommerce,2025-07,2025-Q3,Vaccines,Vanguard,VANGUARD_S,E-commerce,National,National,57346,1261591.59,0.82
ciq_ecommerce,2025-07,2025-Q3,Parasiticides,VectraGuard,VECTRAGUARD_L,E-commerce,National,National,109768,2853958.53,0.82
ciq_ecommerce,2025-07,2025-Q3,Parasiticides,VectraGuard,VECTRAGUARD_S,E-commerce,National,National,156937,4080356.74,0.82
ciq_ecommerce,2025-07,2025-Q3,Vaccines,VetGuard Immunize,VETGUARD-IMMUNIZE_L,E-commerce,National,National,30936,587790.03,0.82
ciq_ecommerce,2025-07,2025-Q3,Vaccines,VetGuard Immunize,VETGUARD-IMMUNIZE_S,E-commerce,National,National,43344,823546.06,0.82
ciq_ecommerce,2025-07,2025-Q3,Vaccines,VetSelect Core Vax,VETSELECT-CORE-VAX_L,E-commerce,National,National,32849,459893.16,0.82
ciq_ecommerce,2025-07,2025-Q3,Vaccines,VetSelect Core Vax,VETSELECT-CORE-VAX_S,E-commerce,National,National,47471,664587.6,0.82
ciq_ecommerce,2025-07,2025-Q3,Dermatology,VetSelect Derma,VETSELECT-DERMA_L,E-commerce,National,National,29837,1133769.85,0.82
ciq_ecommerce,2025-07,2025-Q3,Dermatology,VetSelect Derma,VETSELECT-DERMA_S,E-commerce,National,National,41109,1562104.15,0.82
ciq_ecommerce,2025-07,2025-Q3,Petcare Diagnostics,VetSelect Dx,VETSELECT-DX_L,E-commerce,National,National,33063,396766.9,0.82
ciq_ecommerce,2025-07,2025-Q3,Petcare Diagnostics,VetSelect Dx,VETSELECT-DX_S,E-commerce,National,National,46647,559756.73,0.82
ciq_ecommerce,2025-07,2025-Q3,Parasiticides,VetSelect Flea & Tick,VETSELECT-FLEA-TICK_L,E-commerce,National,National,133467,2268933.51,0.82
ciq_ecommerce,2025-07,2025-Q3,Parasiticides,VetSelect Flea & Tick,VETSELECT-FLEA-TICK_S,E-commerce,National,National,184456,3135746.91,0.82
ciq_ecommerce,2025-07,2025-Q3,Pain/Osteoarthritis,VetSelect Joint,VETSELECT-JOINT_L,E-commerce,National,National,18460,535351.99,0.82
ciq_ecommerce,2025-07,2025-Q3,Pain/Osteoarthritis,VetSelect Joint,VETSELECT-JOINT_S,E-commerce,National,National,25991,753736.5,0.82
ciq_ecommerce,2025-07,2025-Q3,Petcare Diagnostics,Vetscan,VETSCAN_L,E-commerce,National,National,55277,995007.59,0.82
ciq_ecommerce,2025-07,2025-Q3,Petcare Diagnostics,Vetscan,VETSCAN_S,E-commerce,National,National,78068,1405232.97,0.82
ciq_ecommerce,2025-07,2025-Q3,Dermatology,AllerVet RX,ALLERVET-RX_L,E-commerce,Region,Midwest,6515,351818.52,0.82
ciq_ecommerce,2025-07,2025-Q3,Dermatology,AllerVet RX,ALLERVET-RX_S,E-commerce,Region,Midwest,9524,514314.94,0.82
ciq_ecommerce,2025-07,2025-Q3,Dermatology,Apoquel,APOQUEL_L,E-commerce,Region,Midwest,9588,623187.55,0.82
ciq_ecommerce,2025-07,2025-Q3,Dermatology,Apoquel,APOQUEL_S,E-commerce,Region,Midwest,13320,865784.76,0.82
ciq_ecommerce,2025-07,2025-Q3,Vaccines,BioShield Vax,BIOSHIELD-VAX_L,E-commerce,Region,Midwest,7796,155911.75,0.82
ciq_ecommerce,2025-07,2025-Q3,Vaccines,BioShield Vax,BIOSHIELD-VAX_S,E-commerce,Region,Midwest,10413,208269.34,0.82
ciq_ecommerce,2025-07,2025-Q3,Dermatology,DermaCalm,DERMACALM_L,E-commerce,Region,Midwest,7250,420471.78,0.82
ciq_ecommerce,2025-07,2025-Q3,Dermatology,DermaCalm,DERMACALM_S,E-commerce,Region,Midwest,8984,521072.45,0.82
ciq_ecommerce,2025-07,2025-Q3,Petcare Diagnostics,DiagnosTech Vet,DIAGNOSTECH-VET_L,E-commerce,Region,Midwest,11843,201329.75,0.82
ciq_ecommerce,2025-07,2025-Q3,Petcare Diagnostics,DiagnosTech Vet,DIAGNOSTECH-VET_S,E-commerce,Region,Midwest,17213,292619.67,0.82
ciq_ecommerce,2025-07,2025-Q3,Parasiticides,FleaStop Pro,FLEASTOP-PRO_L,E-commerce,Region,Midwest,16405,344513.97,0.82
ciq_ecommerce,2025-07,2025-Q3,Parasiticides,FleaStop Pro,FLEASTOP-PRO_S,E-commerce,Region,Midwest,22275,467785.0,0.82
ciq_ecommerce,2025-07,2025-Q3,Pain/Osteoarthritis,FlexiCare Joint,FLEXICARE-JOINT_L,E-commerce,Region,Midwest,3694,162546.42,0.82
ciq_ecommerce,2025-07,2025-Q3,Pain/Osteoarthritis,FlexiCare Joint,FLEXICARE-JOINT_S,E-commerce,Region,Midwest,5356,235666.45,0.82
ciq_ecommerce,2025-07,2025-Q3,Vaccines,ImmunoCore Canine,IMMUNOCORE-CANINE_L,E-commerce,Region,Midwest,8780,184383.48,0.82
ciq_ecommerce,2025-07,2025-Q3,Vaccines,ImmunoCore Canine,IMMUNOCORE-CANINE_S,E-commerce,Region,Midwest,12203,256262.33,0.82
ciq_ecommerce,2025-07,2025-Q3,Pain/Osteoarthritis,Librela,LIBRELA_L,E-commerce,Region,Midwest,3435,164871.5,0.82
ciq_ecommerce,2025-07,2025-Q3,Pain/Osteoarthritis,Librela,LIBRELA_S,E-commerce,Region,Midwest,4893,234862.95,0.82
ciq_ecommerce,2025-07,2025-Q3,Pain/Osteoarthritis,OsteoEase Vet,OSTEOEASE-VET_L,E-commerce,Region,Midwest,3538,145040.22,0.82
ciq_ecommerce,2025-07,2025-Q3,Pain/Osteoarthritis,OsteoEase Vet,OSTEOEASE-VET_S,E-commerce,Region,Midwest,4756,194990.61,0.82
ciq_ecommerce,2025-07,2025-Q3,Pain/Osteoarthritis,PainAway Canine,PAINAWAY-CANINE_L,E-commerce,Region,Midwest,3222,119228.13,0.82
ciq_ecommerce,2025-07,2025-Q3,Pain/Osteoarthritis,PainAway Canine,PAINAWAY-CANINE_S,E-commerce,Region,Midwest,4004,148137.45,0.82
ciq_ecommerce,2025-07,2025-Q3,Petcare Diagnostics,PetLab Analyzer,PETLAB-ANALYZER_L,E-commerce,Region,Midwest,7247,108711.03,0.82
ciq_ecommerce,2025-07,2025-Q3,Petcare Diagnostics,PetLab Analyzer,PETLAB-ANALYZER_S,E-commerce,Region,Midwest,10885,163280.0,0.82
ciq_ecommerce,2025-07,2025-Q3,Petcare Diagnostics,RapidVet Dx,RAPIDVET-DX_L,E-commerce,Region,Midwest,11313,181012.91,0.82
ciq_ecommerce,2025-07,2025-Q3,Petcare Diagnostics,RapidVet Dx,RAPIDVET-DX_S,E-commerce,Region,Midwest,16123,257965.77,0.82
ciq_ecommerce,2025-07,2025-Q3,Parasiticides,Simparica Trio,SIMPARICA-TRIO_L,E-commerce,Region,Midwest,26967,755073.65,0.82
ciq_ecommerce,2025-07,2025-Q3,Parasiticides,Simparica Trio,SIMPARICA-TRIO_S,E-commerce,Region,Midwest,36756,1029159.27,0.82
ciq_ecommerce,2025-07,2025-Q3,Dermatology,SkinRelief Pro,SKINRELIEF-PRO_L,E-commerce,Region,Midwest,6164,302026.62,0.82
ciq_ecommerce,2025-07,2025-Q3,Dermatology,SkinRelief Pro,SKINRELIEF-PRO_S,E-commerce,Region,Midwest,7616,373189.54,0.82
ciq_ecommerce,2025-07,2025-Q3,Parasiticides,TickShield Plus,TICKSHIELD-PLUS_L,E-commerce,Region,Midwest,19359,464619.96,0.82
ciq_ecommerce,2025-07,2025-Q3,Parasiticides,TickShield Plus,TICKSHIELD-PLUS_S,E-commerce,Region,Midwest,27593,662223.96,0.82
ciq_ecommerce,2025-07,2025-Q3,Vaccines,Vanguard,VANGUARD_L,E-commerce,Region,Midwest,9166,201652.23,0.82
ciq_ecommerce,2025-07,2025-Q3,Vaccines,Vanguard,VANGUARD_S,E-commerce,Region,Midwest,11427,251385.86,0.82
ciq_ecommerce,2025-07,2025-Q3,Parasiticides,VectraGuard,VECTRAGUARD_L,E-commerce,Region,Midwest,23949,622671.91,0.82
ciq_ecommerce,2025-07,2025-Q3,Parasiticides,VectraGuard,VECTRAGUARD_S,E-commerce,Region,Midwest,35991,935760.29,0.82
ciq_ecommerce,2025-07,2025-Q3,Vaccines,VetGuard Immunize,VETGUARD-IMMUNIZE_L,E-commerce,Region,Midwest,6522,123915.24,0.82
ciq_ecommerce,2025-07,2025-Q3,Vaccines,VetGuard Immunize,VETGUARD-IMMUNIZE_S,E-commerce,Region,Midwest,8829,167754.42,0.82
ciq_ecommerce,2025-07,2025-Q3,Vaccines,VetSelect Core Vax,VETSELECT-CORE-VAX_L,E-commerce,Region,Midwest,7480,104725.68,0.82
ciq_ecommerce,2025-07,2025-Q3,Vaccines,VetSelect Core Vax,VETSELECT-CORE-VAX_S,E-commerce,Region,Midwest,10393,145496.76,0.82
ciq_ecommerce,2025-07,2025-Q3,Dermatology,VetSelect Derma,VETSELECT-DERMA_L,E-commerce,Region,Midwest,6055,230071.32,0.82
ciq_ecommerce,2025-07,2025-Q3,Dermatology,VetSelect Derma,VETSELECT-DERMA_S,E-commerce,Region,Midwest,7997,303875.03,0.82
ciq_ecommerce,2025-07,2025-Q3,Petcare Diagnostics,VetSelect Dx,VETSELECT-DX_L,E-commerce,Region,Midwest,6795,81542.53,0.82
ciq_ecommerce,2025-07,2025-Q3,Petcare Diagnostics,VetSelect Dx,VETSELECT-DX_S,E-commerce,Region,Midwest,10275,123296.76,0.82
ciq_ecommerce,2025-07,2025-Q3,Parasiticides,VetSelect Flea & Tick,VETSELECT-FLEA-TICK_L,E-commerce,Region,Midwest,25549,434329.0,0.82
ciq_ecommerce,2025-07,2025-Q3,Parasiticides,VetSelect Flea & Tick,VETSELECT-FLEA-TICK_S,E-commerce,Region,Midwest,34936,593907.85,0.82
ciq_ecommerce,2025-07,2025-Q3,Pain/Osteoarthritis,VetSelect Joint,VETSELECT-JOINT_L,E-commerce,Region,Midwest,4354,126269.45,0.82
ciq_ecommerce,2025-07,2025-Q3,Pain/Osteoarthritis,VetSelect Joint,VETSELECT-JOINT_S,E-commerce,Region,Midwest,5463,158434.29,0.82
ciq_ecommerce,2025-07,2025-Q3,Petcare Diagnostics,Vetscan,VETSCAN_L,E-commerce,Region,Midwest,11407,205330.83,0.82
ciq_ecommerce,2025-07,2025-Q3,Petcare Diagnostics,Vetscan,VETSCAN_S,E-commerce,Region,Midwest,17058,307051.31,0.82
ciq_ecommerce,2025-07,2025-Q3,Dermatology,AllerVet RX,ALLERVET-RX_L,E-commerce,Region,Northeast,6529,352585.63,0.82
ciq_ecommerce,2025-07,2025-Q3,Dermatology,AllerVet RX,ALLERVET-RX_S,E-commerce,Region,Northeast,7960,429828.23,0.82
ciq_ecommerce,2025-07,2025-Q3,Dermatology,Apoquel,APOQUEL_L,E-commerce,Region,Northeast,9917,644607.59,0.82
ciq_ecommerce,2025-07,2025-Q3,Dermatology,Apoquel,APOQUEL_S,E-commerce,Region,Northeast,12891,837920.67,0.82
ciq_ecommerce,2025-07,2025-Q3,Vaccines,BioShield Vax,BIOSHIELD-VAX_L,E-commerce,Region,Northeast,7459,149185.0,0.82
ciq_ecommerce,2025-07,2025-Q3,Vaccines,BioShield Vax,BIOSHIELD-VAX_S,E-commerce,Region,Northeast,10215,204303.61,0.82
ciq_ecommerce,2025-07,2025-Q3,Dermatology,DermaCalm,DERMACALM_L,E-commerce,Region,Northeast,7126,413322.46,0.82
ciq_ecommerce,2025-07,2025-Q3,Dermatology,DermaCalm,DERMACALM_S,E-commerce,Region,Northeast,10091,585250.63,0.82
ciq_ecommerce,2025-07,2025-Q3,Petcare Diagnostics,DiagnosTech Vet,DIAGNOSTECH-VET_L,E-commerce,Region,Northeast,12117,205983.92,0.82
ciq_ecommerce,2025-07,2025-Q3,Petcare Diagnostics,DiagnosTech Vet,DIAGNOSTECH-VET_S,E-commerce,Region,Northeast,18145,308470.78,0.82
ciq_ecommerce,2025-07,2025-Q3,Parasiticides,FleaStop Pro,FLEASTOP-PRO_L,E-commerce,Region,Northeast,17313,363574.21,0.82
ciq_ecommerce,2025-07,2025-Q3,Parasiticides,FleaStop Pro,FLEASTOP-PRO_S,E-commerce,Region,Northeast,24742,519590.01,0.82
ciq_ecommerce,2025-07,2025-Q3,Pain/Osteoarthritis,FlexiCare Joint,FLEXICARE-JOINT_L,E-commerce,Region,Northeast,3999,175955.08,0.82
ciq_ecommerce,2025-07,2025-Q3,Pain/Osteoarthritis,FlexiCare Joint,FLEXICARE-JOINT_S,E-commerce,Region,Northeast,5245,230760.61,0.82
ciq_ecommerce,2025-07,2025-Q3,Vaccines,ImmunoCore Canine,IMMUNOCORE-CANINE_L,E-commerce,Region,Northeast,8961,188178.5,0.82
ciq_ecommerce,2025-07,2025-Q3,Vaccines,ImmunoCore Canine,IMMUNOCORE-CANINE_S,E-commerce,Region,Northeast,12347,259290.99,0.82
ciq_ecommerce,2025-07,2025-Q3,Pain/Osteoarthritis,Librela,LIBRELA_L,E-commerce,Region,Northeast,3777,181297.64,0.82
ciq_ecommerce,2025-07,2025-Q3,Pain/Osteoarthritis,Librela,LIBRELA_S,E-commerce,Region,Northeast,5367,257616.09,0.82
ciq_ecommerce,2025-07,2025-Q3,Pain/Osteoarthritis,OsteoEase Vet,OSTEOEASE-VET_L,E-commerce,Region,Northeast,3777,154858.5,0.82
ciq_ecommerce,2025-07,2025-Q3,Pain/Osteoarthritis,OsteoEase Vet,OSTEOEASE-VET_S,E-commerce,Region,Northeast,4389,179962.06,0.82
ciq_ecommerce,2025-07,2025-Q3,Pain/Osteoarthritis,PainAway Canine,PAINAWAY-CANINE_L,E-commerce,Region,Northeast,3097,114599.05,0.82
ciq_ecommerce,2025-07,2025-Q3,Pain/Osteoarthritis,PainAway Canine,PAINAWAY-CANINE_S,E-commerce,Region,Northeast,4633,171433.1,0.82
ciq_ecommerce,2025-07,2025-Q3,Petcare Diagnostics,PetLab Analyzer,PETLAB-ANALYZER_L,E-commerce,Region,Northeast,6842,102631.39,0.82
ciq_ecommerce,2025-07,2025-Q3,Petcare Diagnostics,PetLab Analyzer,PETLAB-ANALYZER_S,E-commerce,Region,Northeast,9993,149900.26,0.82
ciq_ecommerce,2025-07,2025-Q3,Petcare Diagnostics,RapidVet Dx,RAPIDVET-DX_L,E-commerce,Region,Northeast,11622,185955.22,0.82
ciq_ecommerce,2025-07,2025-Q3,Petcare Diagnostics,RapidVet Dx,RAPIDVET-DX_S,E-commerce,Region,Northeast,14930,238887.34,0.82
ciq_ecommerce,2025-07,2025-Q3,Parasiticides,Simparica Trio,SIMPARICA-TRIO_L,E-commerce,Region,Northeast,28348,793734.12,0.82
ciq_ecommerce,2025-07,2025-Q3,Parasiticides,Simparica Trio,SIMPARICA-TRIO_S,E-commerce,Region,Northeast,38571,1079997.11,0.82
ciq_ecommerce,2025-07,2025-Q3,Dermatology,SkinRelief Pro,SKINRELIEF-PRO_L,E-commerce,Region,Northeast,5581,273485.13,0.82
ciq_ecommerce,2025-07,2025-Q3,Dermatology,SkinRelief Pro,SKINRELIEF-PRO_S,E-commerce,Region,Northeast,7726,378559.55,0.82
ciq_ecommerce,2025-07,2025-Q3,Parasiticides,TickShield Plus,TICKSHIELD-PLUS_L,E-commerce,Region,Northeast,19494,467864.81,0.82
ciq_ecommerce,2025-07,2025-Q3,Parasiticides,TickShield Plus,TICKSHIELD-PLUS_S,E-commerce,Region,Northeast,25174,604182.51,0.82
ciq_ecommerce,2025-07,2025-Q3,Vaccines,Vanguard,VANGUARD_L,E-commerce,Region,Northeast,8647,190231.45,0.82
ciq_ecommerce,2025-07,2025-Q3,Vaccines,Vanguard,VANGUARD_S,E-commerce,Region,Northeast,11262,247759.29,0.82
ciq_ecommerce,2025-07,2025-Q3,Parasiticides,VectraGuard,VECTRAGUARD_L,E-commerce,Region,Northeast,24451,635728.56,0.82
ciq_ecommerce,2025-07,2025-Q3,Parasiticides,VectraGuard,VECTRAGUARD_S,E-commerce,Region,Northeast,34240,890230.27,0.82
ciq_ecommerce,2025-07,2025-Q3,Vaccines,VetGuard Immunize,VETGUARD-IMMUNIZE_L,E-commerce,Region,Northeast,6939,131844.11,0.82
ciq_ecommerce,2025-07,2025-Q3,Vaccines,VetGuard Immunize,VETGUARD-IMMUNIZE_S,E-commerce,Region,Northeast,9829,186750.14,0.82
ciq_ecommerce,2025-07,2025-Q3,Vaccines,VetSelect Core Vax,VETSELECT-CORE-VAX_L,E-commerce,Region,Northeast,6890,96460.96,0.82
ciq_ecommerce,2025-07,2025-Q3,Vaccines,VetSelect Core Vax,VETSELECT-CORE-VAX_S,E-commerce,Region,Northeast,10394,145516.02,0.82
ciq_ecommerce,2025-07,2025-Q3,Dermatology,VetSelect Derma,VETSELECT-DERMA_L,E-commerce,Region,Northeast,6608,251094.58,0.82
ciq_ecommerce,2025-07,2025-Q3,Dermatology,VetSelect Derma,VETSELECT-DERMA_S,E-commerce,Region,Northeast,8996,341834.97,0.82
ciq_ecommerce,2025-07,2025-Q3,Petcare Diagnostics,VetSelect Dx,VETSELECT-DX_L,E-commerce,Region,Northeast,7427,89128.19,0.82
ciq_ecommerce,2025-07,2025-Q3,Petcare Diagnostics,VetSelect Dx,VETSELECT-DX_S,E-commerce,Region,Northeast,10230,122761.35,0.82
ciq_ecommerce,2025-07,2025-Q3,Parasiticides,VetSelect Flea & Tick,VETSELECT-FLEA-TICK_L,E-commerce,Region,Northeast,29611,503389.71,0.82
ciq_ecommerce,2025-07,2025-Q3,Parasiticides,VetSelect Flea & Tick,VETSELECT-FLEA-TICK_S,E-commerce,Region,Northeast,42351,719966.89,0.82
ciq_ecommerce,2025-07,2025-Q3,Pain/Osteoarthritis,VetSelect Joint,VETSELECT-JOINT_L,E-commerce,Region,Northeast,4048,117386.64,0.82
ciq_ecommerce,2025-07,2025-Q3,Pain/Osteoarthritis,VetSelect Joint,VETSELECT-JOINT_S,E-commerce,Region,Northeast,5681,164752.37,0.82
ciq_ecommerce,2025-07,2025-Q3,Petcare Diagnostics,Vetscan,VETSCAN_L,E-commerce,Region,Northeast,13246,238435.35,0.82
ciq_ecommerce,2025-07,2025-Q3,Petcare Diagnostics,Vetscan,VETSCAN_S,E-commerce,Region,Northeast,18858,339450.74,0.82
ciq_ecommerce,2025-07,2025-Q3,Dermatology,AllerVet RX,ALLERVET-RX_L,E-commerce,Region,South,10134,547249.98,0.82
ciq_ecommerce,2025-07,2025-Q3,Dermatology,AllerVet RX,ALLERVET-RX_S,E-commerce,Region,South,13986,755253.67,0.82
ciq_ecommerce,2025-07,2025-Q3,Dermatology,Apoquel,APOQUEL_L,E-commerce,Region,South,15314,995388.99,0.82
ciq_ecommerce,2025-07,2025-Q3,Dermatology,Apoquel,APOQUEL_S,E-commerce,Region,South,19461,1264987.15,0.82
ciq_ecommerce,2025-07,2025-Q3,Vaccines,BioShield Vax,BIOSHIELD-VAX_L,E-commerce,Region,South,11204,224087.44,0.82
ciq_ecommerce,2025-07,2025-Q3,Vaccines,BioShield Vax,BIOSHIELD-VAX_S,E-commerce,Region,South,15649,312971.5,0.82
ciq_ecommerce,2025-07,2025-Q3,Dermatology,DermaCalm,DERMACALM_L,E-commerce,Region,South,11083,642836.83,0.82
ciq_ecommerce,2025-07,2025-Q3,Dermatology,DermaCalm,DERMACALM_S,E-commerce,Region,South,14885,863340.72,0.82
ciq_ecommerce,2025-07,2025-Q3,Petcare Diagnostics,DiagnosTech Vet,DIAGNOSTECH-VET_L,E-commerce,Region,South,19724,335306.16,0.82
ciq_ecommerce,2025-07,2025-Q3,Petcare Diagnostics,DiagnosTech Vet,DIAGNOSTECH-VET_S,E-commerce,Region,South,26845,456358.96,0.82
ciq_ecommerce,2025-07,2025-Q3,Parasiticides,FleaStop Pro,FLEASTOP-PRO_L,E-commerce,Region,South,26995,566896.68,0.82
ciq_ecommerce,2025-07,2025-Q3,Parasiticides,FleaStop Pro,FLEASTOP-PRO_S,E-commerce,Region,South,36373,763834.37,0.82
ciq_ecommerce,2025-07,2025-Q3,Pain/Osteoarthritis,FlexiCare Joint,FLEXICARE-JOINT_L,E-commerce,Region,South,6436,283162.84,0.82
ciq_ecommerce,2025-07,2025-Q3,Pain/Osteoarthritis,FlexiCare Joint,FLEXICARE-JOINT_S,E-commerce,Region,South,9066,398885.66,0.82
ciq_ecommerce,2025-07,2025-Q3,Vaccines,ImmunoCore Canine,IMMUNOCORE-CANINE_L,E-commerce,Region,South,14168,297537.67,0.82
ciq_ecommerce,2025-07,2025-Q3,Vaccines,ImmunoCore Canine,IMMUNOCORE-CANINE_S,E-commerce,Region,South,20106,422232.0,0.82
ciq_ecommerce,2025-07,2025-Q3,Pain/Osteoarthritis,Librela,LIBRELA_L,E-commerce,Region,South,6186,296919.84,0.82
ciq_ecommerce,2025-07,2025-Q3,Pain/Osteoarthritis,Librela,LIBRELA_S,E-commerce,Region,South,7719,370490.2,0.82
ciq_ecommerce,2025-07,2025-Q3,Pain/Osteoarthritis,OsteoEase Vet,OSTEOEASE-VET_L,E-commerce,Region,South,5975,244966.85,0.82
ciq_ecommerce,2025-07,2025-Q3,Pain/Osteoarthritis,OsteoEase Vet,OSTEOEASE-VET_S,E-commerce,Region,South,8952,367024.32,0.82
ciq_ecommerce,2025-07,2025-Q3,Pain/Osteoarthritis,PainAway Canine,PAINAWAY-CANINE_L,E-commerce,Region,South,5034,186270.72,0.82
ciq_ecommerce,2025-07,2025-Q3,Pain/Osteoarthritis,PainAway Canine,PAINAWAY-CANINE_S,E-commerce,Region,South,7009,259321.59,0.82
ciq_ecommerce,2025-07,2025-Q3,Petcare Diagnostics,PetLab Analyzer,PETLAB-ANALYZER_L,E-commerce,Region,South,12618,189272.48,0.82
ciq_ecommerce,2025-07,2025-Q3,Petcare Diagnostics,PetLab Analyzer,PETLAB-ANALYZER_S,E-commerce,Region,South,17783,266751.43,0.82
ciq_ecommerce,2025-07,2025-Q3,Petcare Diagnostics,RapidVet Dx,RAPIDVET-DX_L,E-commerce,Region,South,18130,290079.04,0.82
ciq_ecommerce,2025-07,2025-Q3,Petcare Diagnostics,RapidVet Dx,RAPIDVET-DX_S,E-commerce,Region,South,23569,377111.15,0.82
ciq_ecommerce,2025-07,2025-Q3,Parasiticides,Simparica Trio,SIMPARICA-TRIO_L,E-commerce,Region,South,43773,1225645.11,0.82
ciq_ecommerce,2025-07,2025-Q3,Parasiticides,Simparica Trio,SIMPARICA-TRIO_S,E-commerce,Region,South,63570,1779951.09,0.82
ciq_ecommerce,2025-07,2025-Q3,Dermatology,SkinRelief Pro,SKINRELIEF-PRO_L,E-commerce,Region,South,8290,406218.39,0.82
ciq_ecommerce,2025-07,2025-Q3,Dermatology,SkinRelief Pro,SKINRELIEF-PRO_S,E-commerce,Region,South,12284,601930.02,0.82
ciq_ecommerce,2025-07,2025-Q3,Parasiticides,TickShield Plus,TICKSHIELD-PLUS_L,E-commerce,Region,South,30912,741890.06,0.82
ciq_ecommerce,2025-07,2025-Q3,Parasiticides,TickShield Plus,TICKSHIELD-PLUS_S,E-commerce,Region,South,37625,902990.24,0.82
ciq_ecommerce,2025-07,2025-Q3,Vaccines,Vanguard,VANGUARD_L,E-commerce,Region,South,14265,313823.17,0.82
ciq_ecommerce,2025-07,2025-Q3,Vaccines,Vanguard,VANGUARD_S,E-commerce,Region,South,20057,441250.75,0.82
ciq_ecommerce,2025-07,2025-Q3,Parasiticides,VectraGuard,VECTRAGUARD_L,E-commerce,Region,South,36101,938619.68,0.82
ciq_ecommerce,2025-07,2025-Q3,Parasiticides,VectraGuard,VECTRAGUARD_S,E-commerce,Region,South,52238,1358187.02,0.82
ciq_ecommerce,2025-07,2025-Q3,Vaccines,VetGuard Immunize,VETGUARD-IMMUNIZE_L,E-commerce,Region,South,10552,200493.33,0.82
ciq_ecommerce,2025-07,2025-Q3,Vaccines,VetGuard Immunize,VETGUARD-IMMUNIZE_S,E-commerce,Region,South,15168,288190.98,0.82
ciq_ecommerce,2025-07,2025-Q3,Vaccines,VetSelect Core Vax,VETSELECT-CORE-VAX_L,E-commerce,Region,South,10788,151031.99,0.82
ciq_ecommerce,2025-07,2025-Q3,Vaccines,VetSelect Core Vax,VETSELECT-CORE-VAX_S,E-commerce,Region,South,15992,223885.9,0.82
ciq_ecommerce,2025-07,2025-Q3,Dermatology,VetSelect Derma,VETSELECT-DERMA_L,E-commerce,Region,South,10330,392528.42,0.82
ciq_ecommerce,2025-07,2025-Q3,Dermatology,VetSelect Derma,VETSELECT-DERMA_S,E-commerce,Region,South,14734,559893.78,0.82
ciq_ecommerce,2025-07,2025-Q3,Petcare Diagnostics,VetSelect Dx,VETSELECT-DX_L,E-commerce,Region,South,11318,135817.78,0.82
ciq_ecommerce,2025-07,2025-Q3,Petcare Diagnostics,VetSelect Dx,VETSELECT-DX_S,E-commerce,Region,South,15754,189047.72,0.82
ciq_ecommerce,2025-07,2025-Q3,Parasiticides,VetSelect Flea & Tick,VETSELECT-FLEA-TICK_L,E-commerce,Region,South,46249,786228.24,0.82
ciq_ecommerce,2025-07,2025-Q3,Parasiticides,VetSelect Flea & Tick,VETSELECT-FLEA-TICK_S,E-commerce,Region,South,63571,1080701.88,0.82
ciq_ecommerce,2025-07,2025-Q3,Pain/Osteoarthritis,VetSelect Joint,VETSELECT-JOINT_L,E-commerce,Region,South,5814,168606.55,0.82
ciq_ecommerce,2025-07,2025-Q3,Pain/Osteoarthritis,VetSelect Joint,VETSELECT-JOINT_S,E-commerce,Region,South,8641,250589.49,0.82
ciq_ecommerce,2025-07,2025-Q3,Petcare Diagnostics,Vetscan,VETSCAN_L,E-commerce,Region,South,18376,330768.8,0.82
ciq_ecommerce,2025-07,2025-Q3,Petcare Diagnostics,Vetscan,VETSCAN_S,E-commerce,Region,South,25496,458920.09,0.82
ciq_ecommerce,2025-07,2025-Q3,Dermatology,AllerVet RX,ALLERVET-RX_L,E-commerce,Region,West,7024,379298.42,0.82
ciq_ecommerce,2025-07,2025-Q3,Dermatology,AllerVet RX,ALLERVET-RX_S,E-commerce,Region,West,9816,530052.9,0.82
ciq_ecommerce,2025-07,2025-Q3,Dermatology,Apoquel,APOQUEL_L,E-commerce,Region,West,10141,659186.79,0.82
ciq_ecommerce,2025-07,2025-Q3,Dermatology,Apoquel,APOQUEL_S,E-commerce,Region,West,13835,899264.92,0.82
ciq_ecommerce,2025-07,2025-Q3,Vaccines,BioShield Vax,BIOSHIELD-VAX_L,E-commerce,Region,West,8433,168660.76,0.82
ciq_ecommerce,2025-07,2025-Q3,Vaccines,BioShield Vax,BIOSHIELD-VAX_S,E-commerce,Region,West,11223,224466.69,0.82
ciq_ecommerce,2025-07,2025-Q3,Dermatology,DermaCalm,DERMACALM_L,E-commerce,Region,West,7584,439864.01,0.82
ciq_ecommerce,2025-07,2025-Q3,Dermatology,DermaCalm,DERMACALM_S,E-commerce,Region,West,10895,631917.83,0.82
ciq_ecommerce,2025-07,2025-Q3,Petcare Diagnostics,DiagnosTech Vet,DIAGNOSTECH-VET_L,E-commerce,Region,West,12589,214021.26,0.82
ciq_ecommerce,2025-07,2025-Q3,Petcare Diagnostics,DiagnosTech Vet,DIAGNOSTECH-VET_S,E-commerce,Region,West,17238,293053.64,0.82
ciq_ecommerce,2025-07,2025-Q3,Parasiticides,FleaStop Pro,FLEASTOP-PRO_L,E-commerce,Region,West,18601,390626.51,0.82
ciq_ecommerce,2025-07,2025-Q3,Parasiticides,FleaStop Pro,FLEASTOP-PRO_S,E-commerce,Region,West,25175,528684.4,0.82
ciq_ecommerce,2025-07,2025-Q3,Pain/Osteoarthritis,FlexiCare Joint,FLEXICARE-JOINT_L,E-commerce,Region,West,4247,186872.86,0.82
ciq_ecommerce,2025-07,2025-Q3,Pain/Osteoarthritis,FlexiCare Joint,FLEXICARE-JOINT_S,E-commerce,Region,West,5631,247748.43,0.82
ciq_ecommerce,2025-07,2025-Q3,Vaccines,ImmunoCore Canine,IMMUNOCORE-CANINE_L,E-commerce,Region,West,10122,212562.78,0.82
ciq_ecommerce,2025-07,2025-Q3,Vaccines,ImmunoCore Canine,IMMUNOCORE-CANINE_S,E-commerce,Region,West,14611,306822.22,0.82
ciq_ecommerce,2025-07,2025-Q3,Pain/Osteoarthritis,Librela,LIBRELA_L,E-commerce,Region,West,3952,189687.33,0.82
ciq_ecommerce,2025-07,2025-Q3,Pain/Osteoarthritis,Librela,LIBRELA_S,E-commerce,Region,West,5508,264379.49,0.82
ciq_ecommerce,2025-07,2025-Q3,Pain/Osteoarthritis,OsteoEase Vet,OSTEOEASE-VET_L,E-commerce,Region,West,4203,172316.92,0.82
ciq_ecommerce,2025-07,2025-Q3,Pain/Osteoarthritis,OsteoEase Vet,OSTEOEASE-VET_S,E-commerce,Region,West,5392,221066.89,0.82
ciq_ecommerce,2025-07,2025-Q3,Pain/Osteoarthritis,PainAway Canine,PAINAWAY-CANINE_L,E-commerce,Region,West,3469,128360.28,0.82
ciq_ecommerce,2025-07,2025-Q3,Pain/Osteoarthritis,PainAway Canine,PAINAWAY-CANINE_S,E-commerce,Region,West,5295,195897.1,0.82
ciq_ecommerce,2025-07,2025-Q3,Petcare Diagnostics,PetLab Analyzer,PETLAB-ANALYZER_L,E-commerce,Region,West,7854,117806.15,0.82
ciq_ecommerce,2025-07,2025-Q3,Petcare Diagnostics,PetLab Analyzer,PETLAB-ANALYZER_S,E-commerce,Region,West,10971,164558.07,0.82
ciq_ecommerce,2025-07,2025-Q3,Petcare Diagnostics,RapidVet Dx,RAPIDVET-DX_L,E-commerce,Region,West,12690,203035.14,0.82
ciq_ecommerce,2025-07,2025-Q3,Petcare Diagnostics,RapidVet Dx,RAPIDVET-DX_S,E-commerce,Region,West,16799,268780.67,0.82
ciq_ecommerce,2025-07,2025-Q3,Parasiticides,Simparica Trio,SIMPARICA-TRIO_L,E-commerce,Region,West,30616,857238.82,0.82
ciq_ecommerce,2025-07,2025-Q3,Parasiticides,Simparica Trio,SIMPARICA-TRIO_S,E-commerce,Region,West,40680,1139050.35,0.82
ciq_ecommerce,2025-07,2025-Q3,Dermatology,SkinRelief Pro,SKINRELIEF-PRO_L,E-commerce,Region,West,5808,284597.55,0.82
ciq_ecommerce,2025-07,2025-Q3,Dermatology,SkinRelief Pro,SKINRELIEF-PRO_S,E-commerce,Region,West,7119,348837.91,0.82
ciq_ecommerce,2025-07,2025-Q3,Parasiticides,TickShield Plus,TICKSHIELD-PLUS_L,E-commerce,Region,West,19946,478704.07,0.82
ciq_ecommerce,2025-07,2025-Q3,Parasiticides,TickShield Plus,TICKSHIELD-PLUS_S,E-commerce,Region,West,29185,700442.52,0.82
ciq_ecommerce,2025-07,2025-Q3,Vaccines,Vanguard,VANGUARD_L,E-commerce,Region,West,9570,210547.09,0.82
ciq_ecommerce,2025-07,2025-Q3,Vaccines,Vanguard,VANGUARD_S,E-commerce,Region,West,14600,321195.69,0.82
ciq_ecommerce,2025-07,2025-Q3,Parasiticides,VectraGuard,VECTRAGUARD_L,E-commerce,Region,West,25267,656938.38,0.82
ciq_ecommerce,2025-07,2025-Q3,Parasiticides,VectraGuard,VECTRAGUARD_S,E-commerce,Region,West,34468,896179.16,0.82
ciq_ecommerce,2025-07,2025-Q3,Vaccines,VetGuard Immunize,VETGUARD-IMMUNIZE_L,E-commerce,Region,West,6923,131537.35,0.82
ciq_ecommerce,2025-07,2025-Q3,Vaccines,VetGuard Immunize,VETGUARD-IMMUNIZE_S,E-commerce,Region,West,9518,180850.52,0.82
ciq_ecommerce,2025-07,2025-Q3,Vaccines,VetSelect Core Vax,VETSELECT-CORE-VAX_L,E-commerce,Region,West,7691,107674.53,0.82
ciq_ecommerce,2025-07,2025-Q3,Vaccines,VetSelect Core Vax,VETSELECT-CORE-VAX_S,E-commerce,Region,West,10692,149688.92,0.82
ciq_ecommerce,2025-07,2025-Q3,Dermatology,VetSelect Derma,VETSELECT-DERMA_L,E-commerce,Region,West,6844,260075.53,0.82
ciq_ecommerce,2025-07,2025-Q3,Dermatology,VetSelect Derma,VETSELECT-DERMA_S,E-commerce,Region,West,9382,356500.37,0.82
ciq_ecommerce,2025-07,2025-Q3,Petcare Diagnostics,VetSelect Dx,VETSELECT-DX_L,E-commerce,Region,West,7523,90278.4,0.82
ciq_ecommerce,2025-07,2025-Q3,Petcare Diagnostics,VetSelect Dx,VETSELECT-DX_S,E-commerce,Region,West,10388,124650.9,0.82
ciq_ecommerce,2025-07,2025-Q3,Parasiticides,VetSelect Flea & Tick,VETSELECT-FLEA-TICK_L,E-commerce,Region,West,32058,544986.56,0.82
ciq_ecommerce,2025-07,2025-Q3,Parasiticides,VetSelect Flea & Tick,VETSELECT-FLEA-TICK_S,E-commerce,Region,West,43598,741170.29,0.82
ciq_ecommerce,2025-07,2025-Q3,Pain/Osteoarthritis,VetSelect Joint,VETSELECT-JOINT_L,E-commerce,Region,West,4244,123089.35,0.82
ciq_ecommerce,2025-07,2025-Q3,Pain/Osteoarthritis,VetSelect Joint,VETSELECT-JOINT_S,E-commerce,Region,West,6206,179960.35,0.82
ciq_ecommerce,2025-07,2025-Q3,Petcare Diagnostics,Vetscan,VETSCAN_L,E-commerce,Region,West,12248,220472.61,0.82
ciq_ecommerce,2025-07,2025-Q3,Petcare Diagnostics,Vetscan,VETSCAN_S,E-commerce,Region,West,16656,299810.83,0.82
ciq_ecommerce,2025-08,2025-Q3,Dermatology,AllerVet RX,ALLERVET-RX_L,E-commerce,National,National,30333,1637984.21,0.82
ciq_ecommerce,2025-08,2025-Q3,Dermatology,AllerVet RX,ALLERVET-RX_S,E-commerce,National,National,40126,2166828.73,0.82
ciq_ecommerce,2025-08,2025-Q3,Dermatology,Apoquel,APOQUEL_L,E-commerce,National,National,41983,2728912.06,0.82
ciq_ecommerce,2025-08,2025-Q3,Dermatology,Apoquel,APOQUEL_S,E-commerce,National,National,58002,3770162.93,0.82
ciq_ecommerce,2025-08,2025-Q3,Vaccines,BioShield Vax,BIOSHIELD-VAX_L,E-commerce,National,National,32658,653162.01,0.82
ciq_ecommerce,2025-08,2025-Q3,Vaccines,BioShield Vax,BIOSHIELD-VAX_S,E-commerce,National,National,45321,906416.41,0.82
ciq_ecommerce,2025-08,2025-Q3,Dermatology,DermaCalm,DERMACALM_L,E-commerce,National,National,31495,1826714.31,0.82
ciq_ecommerce,2025-08,2025-Q3,Dermatology,DermaCalm,DERMACALM_S,E-commerce,National,National,44239,2565866.23,0.82
ciq_ecommerce,2025-08,2025-Q3,Petcare Diagnostics,DiagnosTech Vet,DIAGNOSTECH-VET_L,E-commerce,National,National,51357,873066.56,0.82
ciq_ecommerce,2025-08,2025-Q3,Petcare Diagnostics,DiagnosTech Vet,DIAGNOSTECH-VET_S,E-commerce,National,National,75305,1280191.34,0.82
ciq_ecommerce,2025-08,2025-Q3,Parasiticides,FleaStop Pro,FLEASTOP-PRO_L,E-commerce,National,National,74425,1562947.73,0.82
ciq_ecommerce,2025-08,2025-Q3,Parasiticides,FleaStop Pro,FLEASTOP-PRO_S,E-commerce,National,National,100472,2109929.02,0.82
ciq_ecommerce,2025-08,2025-Q3,Pain/Osteoarthritis,FlexiCare Joint,FLEXICARE-JOINT_L,E-commerce,National,National,18243,802734.94,0.82
ciq_ecommerce,2025-08,2025-Q3,Pain/Osteoarthritis,FlexiCare Joint,FLEXICARE-JOINT_S,E-commerce,National,National,24964,1098407.88,0.82
ciq_ecommerce,2025-08,2025-Q3,Vaccines,ImmunoCore Canine,IMMUNOCORE-CANINE_L,E-commerce,National,National,40409,848600.41,0.82
ciq_ecommerce,2025-08,2025-Q3,Vaccines,ImmunoCore Canine,IMMUNOCORE-CANINE_S,E-commerce,National,National,54972,1154399.74,0.82
ciq_ecommerce,2025-08,2025-Q3,Pain/Osteoarthritis,Librela,LIBRELA_L,E-commerce,National,National,17562,842943.15,0.82
ciq_ecommerce,2025-08,2025-Q3,Pain/Osteoarthritis,Librela,LIBRELA_S,E-commerce,National,National,24199,1161541.73,0.82
ciq_ecommerce,2025-08,2025-Q3,Pain/Osteoarthritis,OsteoEase Vet,OSTEOEASE-VET_L,E-commerce,National,National,16677,683753.62,0.82
ciq_ecommerce,2025-08,2025-Q3,Pain/Osteoarthritis,OsteoEase Vet,OSTEOEASE-VET_S,E-commerce,National,National,22719,931502.76,0.82
ciq_ecommerce,2025-08,2025-Q3,Pain/Osteoarthritis,PainAway Canine,PAINAWAY-CANINE_L,E-commerce,National,National,15428,570851.78,0.82
ciq_ecommerce,2025-08,2025-Q3,Pain/Osteoarthritis,PainAway Canine,PAINAWAY-CANINE_S,E-commerce,National,National,21302,788202.75,0.82
ciq_ecommerce,2025-08,2025-Q3,Petcare Diagnostics,PetLab Analyzer,PETLAB-ANALYZER_L,E-commerce,National,National,34264,513952.73,0.82
ciq_ecommerce,2025-08,2025-Q3,Petcare Diagnostics,PetLab Analyzer,PETLAB-ANALYZER_S,E-commerce,National,National,47845,717663.19,0.82
ciq_ecommerce,2025-08,2025-Q3,Petcare Diagnostics,RapidVet Dx,RAPIDVET-DX_L,E-commerce,National,National,50230,803681.7,0.82
ciq_ecommerce,2025-08,2025-Q3,Petcare Diagnostics,RapidVet Dx,RAPIDVET-DX_S,E-commerce,National,National,69895,1118311.77,0.82
ciq_ecommerce,2025-08,2025-Q3,Parasiticides,Simparica Trio,SIMPARICA-TRIO_L,E-commerce,National,National,111379,3118621.59,0.82
ciq_ecommerce,2025-08,2025-Q3,Parasiticides,Simparica Trio,SIMPARICA-TRIO_S,E-commerce,National,National,156249,4374973.65,0.82
ciq_ecommerce,2025-08,2025-Q3,Dermatology,SkinRelief Pro,SKINRELIEF-PRO_L,E-commerce,National,National,24698,1210222.52,0.82
ciq_ecommerce,2025-08,2025-Q3,Dermatology,SkinRelief Pro,SKINRELIEF-PRO_S,E-commerce,National,National,35444,1736715.61,0.82
ciq_ecommerce,2025-08,2025-Q3,Parasiticides,TickShield Plus,TICKSHIELD-PLUS_L,E-commerce,National,National,82037,1968878.5,0.82
ciq_ecommerce,2025-08,2025-Q3,Parasiticides,TickShield Plus,TICKSHIELD-PLUS_S,E-commerce,National,National,114313,2743522.09,0.82
ciq_ecommerce,2025-08,2025-Q3,Vaccines,Vanguard,VANGUARD_L,E-commerce,National,National,37074,815636.89,0.82
ciq_ecommerce,2025-08,2025-Q3,Vaccines,Vanguard,VANGUARD_S,E-commerce,National,National,54028,1188636.57,0.82
ciq_ecommerce,2025-08,2025-Q3,Parasiticides,VectraGuard,VECTRAGUARD_L,E-commerce,National,National,103128,2681323.88,0.82
ciq_ecommerce,2025-08,2025-Q3,Parasiticides,VectraGuard,VECTRAGUARD_S,E-commerce,National,National,144792,3764605.96,0.82
ciq_ecommerce,2025-08,2025-Q3,Vaccines,VetGuard Immunize,VETGUARD-IMMUNIZE_L,E-commerce,National,National,28966,550360.5,0.82
ciq_ecommerce,2025-08,2025-Q3,Vaccines,VetGuard Immunize,VETGUARD-IMMUNIZE_S,E-commerce,National,National,42270,803142.89,0.82
ciq_ecommerce,2025-08,2025-Q3,Vaccines,VetSelect Core Vax,VETSELECT-CORE-VAX_L,E-commerce,National,National,32053,448730.7,0.82
ciq_ecommerce,2025-08,2025-Q3,Vaccines,VetSelect Core Vax,VETSELECT-CORE-VAX_S,E-commerce,National,National,45909,642726.24,0.82
ciq_ecommerce,2025-08,2025-Q3,Dermatology,VetSelect Derma,VETSELECT-DERMA_L,E-commerce,National,National,26724,1015475.75,0.82
ciq_ecommerce,2025-08,2025-Q3,Dermatology,VetSelect Derma,VETSELECT-DERMA_S,E-commerce,National,National,37793,1436160.15,0.82
ciq_ecommerce,2025-08,2025-Q3,Petcare Diagnostics,VetSelect Dx,VETSELECT-DX_L,E-commerce,National,National,32436,389230.93,0.82
ciq_ecommerce,2025-08,2025-Q3,Petcare Diagnostics,VetSelect Dx,VETSELECT-DX_S,E-commerce,National,National,43332,519987.85,0.82
ciq_ecommerce,2025-08,2025-Q3,Parasiticides,VetSelect Flea & Tick,VETSELECT-FLEA-TICK_L,E-commerce,National,National,120236,2044000.32,0.82
ciq_ecommerce,2025-08,2025-Q3,Parasiticides,VetSelect Flea & Tick,VETSELECT-FLEA-TICK_S,E-commerce,National,National,168981,2872677.38,0.82
ciq_ecommerce,2025-08,2025-Q3,Pain/Osteoarthritis,VetSelect Joint,VETSELECT-JOINT_L,E-commerce,National,National,18204,527953.4,0.82
ciq_ecommerce,2025-08,2025-Q3,Pain/Osteoarthritis,VetSelect Joint,VETSELECT-JOINT_S,E-commerce,National,National,24624,714099.25,0.82
ciq_ecommerce,2025-08,2025-Q3,Petcare Diagnostics,Vetscan,VETSCAN_L,E-commerce,National,National,54281,977041.12,0.82
ciq_ecommerce,2025-08,2025-Q3,Petcare Diagnostics,Vetscan,VETSCAN_S,E-commerce,National,National,73957,1331224.16,0.82
ciq_ecommerce,2025-08,2025-Q3,Dermatology,AllerVet RX,ALLERVET-RX_L,E-commerce,Region,Midwest,6702,361894.47,0.82
ciq_ecommerce,2025-08,2025-Q3,Dermatology,AllerVet RX,ALLERVET-RX_S,E-commerce,Region,Midwest,8814,475953.18,0.82
ciq_ecommerce,2025-08,2025-Q3,Dermatology,Apoquel,APOQUEL_L,E-commerce,Region,Midwest,8515,553450.13,0.82
ciq_ecommerce,2025-08,2025-Q3,Dermatology,Apoquel,APOQUEL_S,E-commerce,Region,Midwest,11938,775978.68,0.82
ciq_ecommerce,2025-08,2025-Q3,Vaccines,BioShield Vax,BIOSHIELD-VAX_L,E-commerce,Region,Midwest,6719,134388.73,0.82
ciq_ecommerce,2025-08,2025-Q3,Vaccines,BioShield Vax,BIOSHIELD-VAX_S,E-commerce,Region,Midwest,10149,202986.09,0.82
ciq_ecommerce,2025-08,2025-Q3,Dermatology,DermaCalm,DERMACALM_L,E-commerce,Region,Midwest,7027,407589.69,0.82
ciq_ecommerce,2025-08,2025-Q3,Dermatology,DermaCalm,DERMACALM_S,E-commerce,Region,Midwest,9618,557869.53,0.82
ciq_ecommerce,2025-08,2025-Q3,Petcare Diagnostics,DiagnosTech Vet,DIAGNOSTECH-VET_L,E-commerce,Region,Midwest,11019,187322.3,0.82
ciq_ecommerce,2025-08,2025-Q3,Petcare Diagnostics,DiagnosTech Vet,DIAGNOSTECH-VET_S,E-commerce,Region,Midwest,14128,240183.63,0.82
ciq_ecommerce,2025-08,2025-Q3,Parasiticides,FleaStop Pro,FLEASTOP-PRO_L,E-commerce,Region,Midwest,15491,325318.69,0.82
ciq_ecommerce,2025-08,2025-Q3,Parasiticides,FleaStop Pro,FLEASTOP-PRO_S,E-commerce,Region,Midwest,20733,435402.09,0.82
ciq_ecommerce,2025-08,2025-Q3,Pain/Osteoarthritis,FlexiCare Joint,FLEXICARE-JOINT_L,E-commerce,Region,Midwest,3725,163918.59,0.82
ciq_ecommerce,2025-08,2025-Q3,Pain/Osteoarthritis,FlexiCare Joint,FLEXICARE-JOINT_S,E-commerce,Region,Midwest,5101,224447.04,0.82
ciq_ecommerce,2025-08,2025-Q3,Vaccines,ImmunoCore Canine,IMMUNOCORE-CANINE_L,E-commerce,Region,Midwest,7894,165778.25,0.82
ciq_ecommerce,2025-08,2025-Q3,Vaccines,ImmunoCore Canine,IMMUNOCORE-CANINE_S,E-commerce,Region,Midwest,10681,224298.19,0.82
ciq_ecommerce,2025-08,2025-Q3,Pain/Osteoarthritis,Librela,LIBRELA_L,E-commerce,Region,Midwest,3794,182107.28,0.82
ciq_ecommerce,2025-08,2025-Q3,Pain/Osteoarthritis,Librela,LIBRELA_S,E-commerce,Region,Midwest,5574,267566.03,0.82
ciq_ecommerce,2025-08,2025-Q3,Pain/Osteoarthritis,OsteoEase Vet,OSTEOEASE-VET_L,E-commerce,Region,Midwest,3662,150136.46,0.82
ciq_ecommerce,2025-08,2025-Q3,Pain/Osteoarthritis,OsteoEase Vet,OSTEOEASE-VET_S,E-commerce,Region,Midwest,4637,190136.77,0.82
ciq_ecommerce,2025-08,2025-Q3,Pain/Osteoarthritis,PainAway Canine,PAINAWAY-CANINE_L,E-commerce,Region,Midwest,3518,130181.4,0.82
ciq_ecommerce,2025-08,2025-Q3,Pain/Osteoarthritis,PainAway Canine,PAINAWAY-CANINE_S,E-commerce,Region,Midwest,4687,173433.27,0.82
ciq_ecommerce,2025-08,2025-Q3,Petcare Diagnostics,PetLab Analyzer,PETLAB-ANALYZER_L,E-commerce,Region,Midwest,7387,110798.41,0.82
ciq_ecommerce,2025-08,2025-Q3,Petcare Diagnostics,PetLab Analyzer,PETLAB-ANALYZER_S,E-commerce,Region,Midwest,9814,147203.08,0.82
ciq_ecommerce,2025-08,2025-Q3,Petcare Diagnostics,RapidVet Dx,RAPIDVET-DX_L,E-commerce,Region,Midwest,10505,168083.84,0.82
ciq_ecommerce,2025-08,2025-Q3,Petcare Diagnostics,RapidVet Dx,RAPIDVET-DX_S,E-commerce,Region,Midwest,14800,236798.84,0.82
ciq_ecommerce,2025-08,2025-Q3,Parasiticides,Simparica Trio,SIMPARICA-TRIO_L,E-commerce,Region,Midwest,23081,646267.12,0.82
ciq_ecommerce,2025-08,2025-Q3,Parasiticides,Simparica Trio,SIMPARICA-TRIO_S,E-commerce,Region,Midwest,32960,922883.78,0.82
ciq_ecommerce,2025-08,2025-Q3,Dermatology,SkinRelief Pro,SKINRELIEF-PRO_L,E-commerce,Region,Midwest,5475,268272.35,0.82
ciq_ecommerce,2025-08,2025-Q3,Dermatology,SkinRelief Pro,SKINRELIEF-PRO_S,E-commerce,Region,Midwest,7671,375872.52,0.82
ciq_ecommerce,2025-08,2025-Q3,Parasiticides,TickShield Plus,TICKSHIELD-PLUS_L,E-commerce,Region,Midwest,16038,384918.09,0.82
ciq_ecommerce,2025-08,2025-Q3,Parasiticides,TickShield Plus,TICKSHIELD-PLUS_S,E-commerce,Region,Midwest,22793,547039.07,0.82
ciq_ecommerce,2025-08,2025-Q3,Vaccines,Vanguard,VANGUARD_L,E-commerce,Region,Midwest,7640,168084.16,0.82
ciq_ecommerce,2025-08,2025-Q3,Vaccines,Vanguard,VANGUARD_S,E-commerce,Region,Midwest,10967,241284.88,0.82
ciq_ecommerce,2025-08,2025-Q3,Parasiticides,VectraGuard,VECTRAGUARD_L,E-commerce,Region,Midwest,21731,565018.35,0.82
ciq_ecommerce,2025-08,2025-Q3,Parasiticides,VectraGuard,VECTRAGUARD_S,E-commerce,Region,Midwest,30241,786269.57,0.82
ciq_ecommerce,2025-08,2025-Q3,Vaccines,VetGuard Immunize,VETGUARD-IMMUNIZE_L,E-commerce,Region,Midwest,6307,119831.2,0.82
ciq_ecommerce,2025-08,2025-Q3,Vaccines,VetGuard Immunize,VETGUARD-IMMUNIZE_S,E-commerce,Region,Midwest,8719,165670.33,0.82
ciq_ecommerce,2025-08,2025-Q3,Vaccines,VetSelect Core Vax,VETSELECT-CORE-VAX_L,E-commerce,Region,Midwest,7138,99931.5,0.82
ciq_ecommerce,2025-08,2025-Q3,Vaccines,VetSelect Core Vax,VETSELECT-CORE-VAX_S,E-commerce,Region,Midwest,9573,134023.4,0.82
ciq_ecommerce,2025-08,2025-Q3,Dermatology,VetSelect Derma,VETSELECT-DERMA_L,E-commerce,Region,Midwest,5039,191467.31,0.82
ciq_ecommerce,2025-08,2025-Q3,Dermatology,VetSelect Derma,VETSELECT-DERMA_S,E-commerce,Region,Midwest,7478,284179.69,0.82
ciq_ecommerce,2025-08,2025-Q3,Petcare Diagnostics,VetSelect Dx,VETSELECT-DX_L,E-commerce,Region,Midwest,6466,77589.47,0.82
ciq_ecommerce,2025-08,2025-Q3,Petcare Diagnostics,VetSelect Dx,VETSELECT-DX_S,E-commerce,Region,Midwest,8739,104871.05,0.82
ciq_ecommerce,2025-08,2025-Q3,Parasiticides,VetSelect Flea & Tick,VETSELECT-FLEA-TICK_L,E-commerce,Region,Midwest,25952,441179.44,0.82
ciq_ecommerce,2025-08,2025-Q3,Parasiticides,VetSelect Flea & Tick,VETSELECT-FLEA-TICK_S,E-commerce,Region,Midwest,33484,569235.74,0.82
ciq_ecommerce,2025-08,2025-Q3,Pain/Osteoarthritis,VetSelect Joint,VETSELECT-JOINT_L,E-commerce,Region,Midwest,4060,117752.67,0.82
ciq_ecommerce,2025-08,2025-Q3,Pain/Osteoarthritis,VetSelect Joint,VETSELECT-JOINT_S,E-commerce,Region,Midwest,5190,150515.63,0.82
ciq_ecommerce,2025-08,2025-Q3,Petcare Diagnostics,Vetscan,VETSCAN_L,E-commerce,Region,Midwest,11568,208215.9,0.82
ciq_ecommerce,2025-08,2025-Q3,Petcare Diagnostics,Vetscan,VETSCAN_S,E-commerce,Region,Midwest,16422,295598.49,0.82
ciq_ecommerce,2025-08,2025-Q3,Dermatology,AllerVet RX,ALLERVET-RX_L,E-commerce,Region,Northeast,6351,342939.48,0.82
ciq_ecommerce,2025-08,2025-Q3,Dermatology,AllerVet RX,ALLERVET-RX_S,E-commerce,Region,Northeast,8680,468742.0,0.82
ciq_ecommerce,2025-08,2025-Q3,Dermatology,Apoquel,APOQUEL_L,E-commerce,Region,Northeast,9203,598226.81,0.82
ciq_ecommerce,2025-08,2025-Q3,Dermatology,Apoquel,APOQUEL_S,E-commerce,Region,Northeast,11954,776986.02,0.82
ciq_ecommerce,2025-08,2025-Q3,Vaccines,BioShield Vax,BIOSHIELD-VAX_L,E-commerce,Region,Northeast,7256,145122.2,0.82
ciq_ecommerce,2025-08,2025-Q3,Vaccines,BioShield Vax,BIOSHIELD-VAX_S,E-commerce,Region,Northeast,10168,203367.33,0.82
ciq_ecommerce,2025-08,2025-Q3,Dermatology,DermaCalm,DERMACALM_L,E-commerce,Region,Northeast,6959,403600.02,0.82
ciq_ecommerce,2025-08,2025-Q3,Dermatology,DermaCalm,DERMACALM_S,E-commerce,Region,Northeast,9387,544433.32,0.82
ciq_ecommerce,2025-08,2025-Q3,Petcare Diagnostics,DiagnosTech Vet,DIAGNOSTECH-VET_L,E-commerce,Region,Northeast,11828,201073.46,0.82
ciq_ecommerce,2025-08,2025-Q3,Petcare Diagnostics,DiagnosTech Vet,DIAGNOSTECH-VET_S,E-commerce,Region,Northeast,17687,300670.87,0.82
ciq_ecommerce,2025-08,2025-Q3,Parasiticides,FleaStop Pro,FLEASTOP-PRO_L,E-commerce,Region,Northeast,16258,341420.11,0.82
ciq_ecommerce,2025-08,2025-Q3,Parasiticides,FleaStop Pro,FLEASTOP-PRO_S,E-commerce,Region,Northeast,22462,471691.56,0.82
ciq_ecommerce,2025-08,2025-Q3,Pain/Osteoarthritis,FlexiCare Joint,FLEXICARE-JOINT_L,E-commerce,Region,Northeast,3931,172985.07,0.82
ciq_ecommerce,2025-08,2025-Q3,Pain/Osteoarthritis,FlexiCare Joint,FLEXICARE-JOINT_S,E-commerce,Region,Northeast,5656,248879.74,0.82
ciq_ecommerce,2025-08,2025-Q3,Vaccines,ImmunoCore Canine,IMMUNOCORE-CANINE_L,E-commerce,Region,Northeast,8952,187998.37,0.82
ciq_ecommerce,2025-08,2025-Q3,Vaccines,ImmunoCore Canine,IMMUNOCORE-CANINE_S,E-commerce,Region,Northeast,12228,256790.19,0.82
ciq_ecommerce,2025-08,2025-Q3,Pain/Osteoarthritis,Librela,LIBRELA_L,E-commerce,Region,Northeast,3616,173559.21,0.82
ciq_ecommerce,2025-08,2025-Q3,Pain/Osteoarthritis,Librela,LIBRELA_S,E-commerce,Region,Northeast,4608,221175.13,0.82
ciq_ecommerce,2025-08,2025-Q3,Pain/Osteoarthritis,OsteoEase Vet,OSTEOEASE-VET_L,E-commerce,Region,Northeast,3847,157735.85,0.82
ciq_ecommerce,2025-08,2025-Q3,Pain/Osteoarthritis,OsteoEase Vet,OSTEOEASE-VET_S,E-commerce,Region,Northeast,5297,217177.34,0.82
ciq_ecommerce,2025-08,2025-Q3,Pain/Osteoarthritis,PainAway Canine,PAINAWAY-CANINE_L,E-commerce,Region,Northeast,3308,122391.06,0.82
ciq_ecommerce,2025-08,2025-Q3,Pain/Osteoarthritis,PainAway Canine,PAINAWAY-CANINE_S,E-commerce,Region,Northeast,5014,185533.03,0.82
ciq_ecommerce,2025-08,2025-Q3,Petcare Diagnostics,PetLab Analyzer,PETLAB-ANALYZER_L,E-commerce,Region,Northeast,7439,111579.63,0.82
ciq_ecommerce,2025-08,2025-Q3,Petcare Diagnostics,PetLab Analyzer,PETLAB-ANALYZER_S,E-commerce,Region,Northeast,9904,148557.09,0.82
ciq_ecommerce,2025-08,2025-Q3,Petcare Diagnostics,RapidVet Dx,RAPIDVET-DX_L,E-commerce,Region,Northeast,10930,174881.99,0.82
ciq_ecommerce,2025-08,2025-Q3,Petcare Diagnostics,RapidVet Dx,RAPIDVET-DX_S,E-commerce,Region,Northeast,15536,248568.05,0.82
ciq_ecommerce,2025-08,2025-Q3,Parasiticides,Simparica Trio,SIMPARICA-TRIO_L,E-commerce,Region,Northeast,23860,668073.99,0.82
ciq_ecommerce,2025-08,2025-Q3,Parasiticides,Simparica Trio,SIMPARICA-TRIO_S,E-commerce,Region,Northeast,35793,1002190.49,0.82
ciq_ecommerce,2025-08,2025-Q3,Dermatology,SkinRelief Pro,SKINRELIEF-PRO_L,E-commerce,Region,Northeast,5155,252591.59,0.82
ciq_ecommerce,2025-08,2025-Q3,Dermatology,SkinRelief Pro,SKINRELIEF-PRO_S,E-commerce,Region,Northeast,7421,363608.24,0.82
ciq_ecommerce,2025-08,2025-Q3,Parasiticides,TickShield Plus,TICKSHIELD-PLUS_L,E-commerce,Region,Northeast,18116,434776.6,0.82
ciq_ecommerce,2025-08,2025-Q3,Parasiticides,TickShield Plus,TICKSHIELD-PLUS_S,E-commerce,Region,Northeast,26763,642309.31,0.82
ciq_ecommerce,2025-08,2025-Q3,Vaccines,Vanguard,VANGUARD_L,E-commerce,Region,Northeast,8641,190112.04,0.82
ciq_ecommerce,2025-08,2025-Q3,Vaccines,Vanguard,VANGUARD_S,E-commerce,Region,Northeast,11626,255782.35,0.82
ciq_ecommerce,2025-08,2025-Q3,Parasiticides,VectraGuard,VECTRAGUARD_L,E-commerce,Region,Northeast,23957,622875.88,0.82
ciq_ecommerce,2025-08,2025-Q3,Parasiticides,VectraGuard,VECTRAGUARD_S,E-commerce,Region,Northeast,30371,789648.9,0.82
ciq_ecommerce,2025-08,2025-Q3,Vaccines,VetGuard Immunize,VETGUARD-IMMUNIZE_L,E-commerce,Region,Northeast,6161,117067.78,0.82
ciq_ecommerce,2025-08,2025-Q3,Vaccines,VetGuard Immunize,VETGUARD-IMMUNIZE_S,E-commerce,Region,Northeast,8736,165987.91,0.82
ciq_ecommerce,2025-08,2025-Q3,Vaccines,VetSelect Core Vax,VETSELECT-CORE-VAX_L,E-commerce,Region,Northeast,7180,100520.3,0.82
ciq_ecommerce,2025-08,2025-Q3,Vaccines,VetSelect Core Vax,VETSELECT-CORE-VAX_S,E-commerce,Region,Northeast,10758,150618.74,0.82
ciq_ecommerce,2025-08,2025-Q3,Dermatology,VetSelect Derma,VETSELECT-DERMA_L,E-commerce,Region,Northeast,5933,225454.24,0.82
ciq_ecommerce,2025-08,2025-Q3,Dermatology,VetSelect Derma,VETSELECT-DERMA_S,E-commerce,Region,Northeast,8026,304982.31,0.82
ciq_ecommerce,2025-08,2025-Q3,Petcare Diagnostics,VetSelect Dx,VETSELECT-DX_L,E-commerce,Region,Northeast,7482,89786.84,0.82
ciq_ecommerce,2025-08,2025-Q3,Petcare Diagnostics,VetSelect Dx,VETSELECT-DX_S,E-commerce,Region,Northeast,9965,119579.47,0.82
ciq_ecommerce,2025-08,2025-Q3,Parasiticides,VetSelect Flea & Tick,VETSELECT-FLEA-TICK_L,E-commerce,Region,Northeast,26396,448727.88,0.82
ciq_ecommerce,2025-08,2025-Q3,Parasiticides,VetSelect Flea & Tick,VETSELECT-FLEA-TICK_S,E-commerce,Region,Northeast,37944,645042.4,0.82
ciq_ecommerce,2025-08,2025-Q3,Pain/Osteoarthritis,VetSelect Joint,VETSELECT-JOINT_L,E-commerce,Region,Northeast,3929,113954.65,0.82
ciq_ecommerce,2025-08,2025-Q3,Pain/Osteoarthritis,VetSelect Joint,VETSELECT-JOINT_S,E-commerce,Region,Northeast,5615,162839.53,0.82
ciq_ecommerce,2025-08,2025-Q3,Petcare Diagnostics,Vetscan,VETSCAN_L,E-commerce,Region,Northeast,11143,200574.53,0.82
ciq_ecommerce,2025-08,2025-Q3,Petcare Diagnostics,Vetscan,VETSCAN_S,E-commerce,Region,Northeast,15222,274002.87,0.82
ciq_ecommerce,2025-08,2025-Q3,Dermatology,AllerVet RX,ALLERVET-RX_L,E-commerce,Region,South,10462,564964.23,0.82
ciq_ecommerce,2025-08,2025-Q3,Dermatology,AllerVet RX,ALLERVET-RX_S,E-commerce,Region,South,13554,731933.11,0.82
ciq_ecommerce,2025-08,2025-Q3,Dermatology,Apoquel,APOQUEL_L,E-commerce,Region,South,14739,958033.76,0.82
ciq_ecommerce,2025-08,2025-Q3,Dermatology,Apoquel,APOQUEL_S,E-commerce,Region,South,20962,1362550.6,0.82
ciq_ecommerce,2025-08,2025-Q3,Vaccines,BioShield Vax,BIOSHIELD-VAX_L,E-commerce,Region,South,11117,222334.99,0.82
ciq_ecommerce,2025-08,2025-Q3,Vaccines,BioShield Vax,BIOSHIELD-VAX_S,E-commerce,Region,South,14549,290972.93,0.82
ciq_ecommerce,2025-08,2025-Q3,Dermatology,DermaCalm,DERMACALM_L,E-commerce,Region,South,10480,607814.76,0.82
ciq_ecommerce,2025-08,2025-Q3,Dermatology,DermaCalm,DERMACALM_S,E-commerce,Region,South,14701,852641.69,0.82
ciq_ecommerce,2025-08,2025-Q3,Petcare Diagnostics,DiagnosTech Vet,DIAGNOSTECH-VET_L,E-commerce,Region,South,16824,286000.75,0.82
ciq_ecommerce,2025-08,2025-Q3,Petcare Diagnostics,DiagnosTech Vet,DIAGNOSTECH-VET_S,E-commerce,Region,South,26633,452767.79,0.82
ciq_ecommerce,2025-08,2025-Q3,Parasiticides,FleaStop Pro,FLEASTOP-PRO_L,E-commerce,Region,South,25577,537120.47,0.82
ciq_ecommerce,2025-08,2025-Q3,Parasiticides,FleaStop Pro,FLEASTOP-PRO_S,E-commerce,Region,South,34813,731080.96,0.82
ciq_ecommerce,2025-08,2025-Q3,Pain/Osteoarthritis,FlexiCare Joint,FLEXICARE-JOINT_L,E-commerce,Region,South,6597,290263.25,0.82
ciq_ecommerce,2025-08,2025-Q3,Pain/Osteoarthritis,FlexiCare Joint,FLEXICARE-JOINT_S,E-commerce,Region,South,8271,363917.41,0.82
ciq_ecommerce,2025-08,2025-Q3,Vaccines,ImmunoCore Canine,IMMUNOCORE-CANINE_L,E-commerce,Region,South,14397,302332.22,0.82
ciq_ecommerce,2025-08,2025-Q3,Vaccines,ImmunoCore Canine,IMMUNOCORE-CANINE_S,E-commerce,Region,South,20216,424530.76,0.82
ciq_ecommerce,2025-08,2025-Q3,Pain/Osteoarthritis,Librela,LIBRELA_L,E-commerce,Region,South,6262,300569.97,0.82
ciq_ecommerce,2025-08,2025-Q3,Pain/Osteoarthritis,Librela,LIBRELA_S,E-commerce,Region,South,8390,402719.71,0.82
ciq_ecommerce,2025-08,2025-Q3,Pain/Osteoarthritis,OsteoEase Vet,OSTEOEASE-VET_L,E-commerce,Region,South,5456,223689.0,0.82
ciq_ecommerce,2025-08,2025-Q3,Pain/Osteoarthritis,OsteoEase Vet,OSTEOEASE-VET_S,E-commerce,Region,South,7717,316411.73,0.82
ciq_ecommerce,2025-08,2025-Q3,Pain/Osteoarthritis,PainAway Canine,PAINAWAY-CANINE_L,E-commerce,Region,South,5102,188770.35,0.82
ciq_ecommerce,2025-08,2025-Q3,Pain/Osteoarthritis,PainAway Canine,PAINAWAY-CANINE_S,E-commerce,Region,South,6883,254683.64,0.82
ciq_ecommerce,2025-08,2025-Q3,Petcare Diagnostics,PetLab Analyzer,PETLAB-ANALYZER_L,E-commerce,Region,South,11656,174839.33,0.82
ciq_ecommerce,2025-08,2025-Q3,Petcare Diagnostics,PetLab Analyzer,PETLAB-ANALYZER_S,E-commerce,Region,South,17326,259891.5,0.82
ciq_ecommerce,2025-08,2025-Q3,Petcare Diagnostics,RapidVet Dx,RAPIDVET-DX_L,E-commerce,Region,South,17673,282769.12,0.82
ciq_ecommerce,2025-08,2025-Q3,Petcare Diagnostics,RapidVet Dx,RAPIDVET-DX_S,E-commerce,Region,South,23727,379625.46,0.82
ciq_ecommerce,2025-08,2025-Q3,Parasiticides,Simparica Trio,SIMPARICA-TRIO_L,E-commerce,Region,South,39156,1096373.9,0.82
ciq_ecommerce,2025-08,2025-Q3,Parasiticides,Simparica Trio,SIMPARICA-TRIO_S,E-commerce,Region,South,51835,1451383.41,0.82
ciq_ecommerce,2025-08,2025-Q3,Dermatology,SkinRelief Pro,SKINRELIEF-PRO_L,E-commerce,Region,South,8217,402645.51,0.82
ciq_ecommerce,2025-08,2025-Q3,Dermatology,SkinRelief Pro,SKINRELIEF-PRO_S,E-commerce,Region,South,12268,601136.64,0.82
ciq_ecommerce,2025-08,2025-Q3,Parasiticides,TickShield Plus,TICKSHIELD-PLUS_L,E-commerce,Region,South,27980,671516.61,0.82
ciq_ecommerce,2025-08,2025-Q3,Parasiticides,TickShield Plus,TICKSHIELD-PLUS_S,E-commerce,Region,South,36214,869145.89,0.82
ciq_ecommerce,2025-08,2025-Q3,Vaccines,Vanguard,VANGUARD_L,E-commerce,Region,South,11696,257310.82,0.82
ciq_ecommerce,2025-08,2025-Q3,Vaccines,Vanguard,VANGUARD_S,E-commerce,Region,South,18651,410327.71,0.82
ciq_ecommerce,2025-08,2025-Q3,Parasiticides,VectraGuard,VECTRAGUARD_L,E-commerce,Region,South,35201,915226.77,0.82
ciq_ecommerce,2025-08,2025-Q3,Parasiticides,VectraGuard,VECTRAGUARD_S,E-commerce,Region,South,50319,1308306.63,0.82
ciq_ecommerce,2025-08,2025-Q3,Vaccines,VetGuard Immunize,VETGUARD-IMMUNIZE_L,E-commerce,Region,South,9788,185976.91,0.82
ciq_ecommerce,2025-08,2025-Q3,Vaccines,VetGuard Immunize,VETGUARD-IMMUNIZE_S,E-commerce,Region,South,15555,295536.88,0.82
ciq_ecommerce,2025-08,2025-Q3,Vaccines,VetSelect Core Vax,VETSELECT-CORE-VAX_L,E-commerce,Region,South,11065,154904.72,0.82
ciq_ecommerce,2025-08,2025-Q3,Vaccines,VetSelect Core Vax,VETSELECT-CORE-VAX_S,E-commerce,Region,South,15379,215301.84,0.82
ciq_ecommerce,2025-08,2025-Q3,Dermatology,VetSelect Derma,VETSELECT-DERMA_L,E-commerce,Region,South,9472,359919.15,0.82
ciq_ecommerce,2025-08,2025-Q3,Dermatology,VetSelect Derma,VETSELECT-DERMA_S,E-commerce,Region,South,13812,524866.74,0.82
ciq_ecommerce,2025-08,2025-Q3,Petcare Diagnostics,VetSelect Dx,VETSELECT-DX_L,E-commerce,Region,South,11162,133948.58,0.82
ciq_ecommerce,2025-08,2025-Q3,Petcare Diagnostics,VetSelect Dx,VETSELECT-DX_S,E-commerce,Region,South,15258,183096.94,0.82
ciq_ecommerce,2025-08,2025-Q3,Parasiticides,VetSelect Flea & Tick,VETSELECT-FLEA-TICK_L,E-commerce,Region,South,39846,677379.08,0.82
ciq_ecommerce,2025-08,2025-Q3,Parasiticides,VetSelect Flea & Tick,VETSELECT-FLEA-TICK_S,E-commerce,Region,South,58888,1001087.9,0.82
ciq_ecommerce,2025-08,2025-Q3,Pain/Osteoarthritis,VetSelect Joint,VETSELECT-JOINT_L,E-commerce,Region,South,5970,173142.77,0.82
ciq_ecommerce,2025-08,2025-Q3,Pain/Osteoarthritis,VetSelect Joint,VETSELECT-JOINT_S,E-commerce,Region,South,7838,227304.63,0.82
ciq_ecommerce,2025-08,2025-Q3,Petcare Diagnostics,Vetscan,VETSCAN_L,E-commerce,Region,South,19638,353481.94,0.82
ciq_ecommerce,2025-08,2025-Q3,Petcare Diagnostics,Vetscan,VETSCAN_S,E-commerce,Region,South,25665,461966.75,0.82
ciq_ecommerce,2025-08,2025-Q3,Dermatology,AllerVet RX,ALLERVET-RX_L,E-commerce,Region,West,6818,368186.03,0.82
ciq_ecommerce,2025-08,2025-Q3,Dermatology,AllerVet RX,ALLERVET-RX_S,E-commerce,Region,West,9078,490200.44,0.82
ciq_ecommerce,2025-08,2025-Q3,Dermatology,Apoquel,APOQUEL_L,E-commerce,Region,West,9526,619201.36,0.82
ciq_ecommerce,2025-08,2025-Q3,Dermatology,Apoquel,APOQUEL_S,E-commerce,Region,West,13148,854647.63,0.82
ciq_ecommerce,2025-08,2025-Q3,Vaccines,BioShield Vax,BIOSHIELD-VAX_L,E-commerce,Region,West,7566,151316.09,0.82
ciq_ecommerce,2025-08,2025-Q3,Vaccines,BioShield Vax,BIOSHIELD-VAX_S,E-commerce,Region,West,10455,209090.06,0.82
ciq_ecommerce,2025-08,2025-Q3,Dermatology,DermaCalm,DERMACALM_L,E-commerce,Region,West,7029,407709.84,0.82
ciq_ecommerce,2025-08,2025-Q3,Dermatology,DermaCalm,DERMACALM_S,E-commerce,Region,West,10533,610921.69,0.82
ciq_ecommerce,2025-08,2025-Q3,Petcare Diagnostics,DiagnosTech Vet,DIAGNOSTECH-VET_L,E-commerce,Region,West,11686,198670.05,0.82
ciq_ecommerce,2025-08,2025-Q3,Petcare Diagnostics,DiagnosTech Vet,DIAGNOSTECH-VET_S,E-commerce,Region,West,16857,286569.05,0.82
ciq_ecommerce,2025-08,2025-Q3,Parasiticides,FleaStop Pro,FLEASTOP-PRO_L,E-commerce,Region,West,17099,359088.46,0.82
ciq_ecommerce,2025-08,2025-Q3,Parasiticides,FleaStop Pro,FLEASTOP-PRO_S,E-commerce,Region,West,22464,471754.41,0.82
ciq_ecommerce,2025-08,2025-Q3,Pain/Osteoarthritis,FlexiCare Joint,FLEXICARE-JOINT_L,E-commerce,Region,West,3990,175568.03,0.82
ciq_ecommerce,2025-08,2025-Q3,Pain/Osteoarthritis,FlexiCare Joint,FLEXICARE-JOINT_S,E-commerce,Region,West,5936,261163.69,0.82
ciq_ecommerce,2025-08,2025-Q3,Vaccines,ImmunoCore Canine,IMMUNOCORE-CANINE_L,E-commerce,Region,West,9166,192491.57,0.82
ciq_ecommerce,2025-08,2025-Q3,Vaccines,ImmunoCore Canine,IMMUNOCORE-CANINE_S,E-commerce,Region,West,11847,248780.6,0.82
ciq_ecommerce,2025-08,2025-Q3,Pain/Osteoarthritis,Librela,LIBRELA_L,E-commerce,Region,West,3890,186706.69,0.82
ciq_ecommerce,2025-08,2025-Q3,Pain/Osteoarthritis,Librela,LIBRELA_S,E-commerce,Region,West,5627,270080.86,0.82
ciq_ecommerce,2025-08,2025-Q3,Pain/Osteoarthritis,OsteoEase Vet,OSTEOEASE-VET_L,E-commerce,Region,West,3712,152192.31,0.82
ciq_ecommerce,2025-08,2025-Q3,Pain/Osteoarthritis,OsteoEase Vet,OSTEOEASE-VET_S,E-commerce,Region,West,5068,207776.92,0.82
ciq_ecommerce,2025-08,2025-Q3,Pain/Osteoarthritis,PainAway Canine,PAINAWAY-CANINE_L,E-commerce,Region,West,3500,129508.97,0.82
ciq_ecommerce,2025-08,2025-Q3,Pain/Osteoarthritis,PainAway Canine,PAINAWAY-CANINE_S,E-commerce,Region,West,4718,174552.81,0.82
ciq_ecommerce,2025-08,2025-Q3,Petcare Diagnostics,PetLab Analyzer,PETLAB-ANALYZER_L,E-commerce,Region,West,7782,116735.36,0.82
ciq_ecommerce,2025-08,2025-Q3,Petcare Diagnostics,PetLab Analyzer,PETLAB-ANALYZER_S,E-commerce,Region,West,10801,162011.52,0.82
ciq_ecommerce,2025-08,2025-Q3,Petcare Diagnostics,RapidVet Dx,RAPIDVET-DX_L,E-commerce,Region,West,11122,177946.75,0.82
ciq_ecommerce,2025-08,2025-Q3,Petcare Diagnostics,RapidVet Dx,RAPIDVET-DX_S,E-commerce,Region,West,15832,253319.42,0.82
ciq_ecommerce,2025-08,2025-Q3,Parasiticides,Simparica Trio,SIMPARICA-TRIO_L,E-commerce,Region,West,25282,707906.58,0.82
ciq_ecommerce,2025-08,2025-Q3,Parasiticides,Simparica Trio,SIMPARICA-TRIO_S,E-commerce,Region,West,35661,998515.97,0.82
ciq_ecommerce,2025-08,2025-Q3,Dermatology,SkinRelief Pro,SKINRELIEF-PRO_L,E-commerce,Region,West,5851,286713.07,0.82
ciq_ecommerce,2025-08,2025-Q3,Dermatology,SkinRelief Pro,SKINRELIEF-PRO_S,E-commerce,Region,West,8084,396098.21,0.82
ciq_ecommerce,2025-08,2025-Q3,Parasiticides,TickShield Plus,TICKSHIELD-PLUS_L,E-commerce,Region,West,19903,477667.2,0.82
ciq_ecommerce,2025-08,2025-Q3,Parasiticides,TickShield Plus,TICKSHIELD-PLUS_S,E-commerce,Region,West,28543,685027.82,0.82
ciq_ecommerce,2025-08,2025-Q3,Vaccines,Vanguard,VANGUARD_L,E-commerce,Region,West,9097,200129.87,0.82
ciq_ecommerce,2025-08,2025-Q3,Vaccines,Vanguard,VANGUARD_S,E-commerce,Region,West,12784,281241.63,0.82
ciq_ecommerce,2025-08,2025-Q3,Parasiticides,VectraGuard,VECTRAGUARD_L,E-commerce,Region,West,22239,578202.88,0.82
ciq_ecommerce,2025-08,2025-Q3,Parasiticides,VectraGuard,VECTRAGUARD_S,E-commerce,Region,West,33861,880380.86,0.82
ciq_ecommerce,2025-08,2025-Q3,Vaccines,VetGuard Immunize,VETGUARD-IMMUNIZE_L,E-commerce,Region,West,6710,127484.61,0.82
ciq_ecommerce,2025-08,2025-Q3,Vaccines,VetGuard Immunize,VETGUARD-IMMUNIZE_S,E-commerce,Region,West,9260,175947.77,0.82
ciq_ecommerce,2025-08,2025-Q3,Vaccines,VetSelect Core Vax,VETSELECT-CORE-VAX_L,E-commerce,Region,West,6670,93374.18,0.82
ciq_ecommerce,2025-08,2025-Q3,Vaccines,VetSelect Core Vax,VETSELECT-CORE-VAX_S,E-commerce,Region,West,10199,142782.26,0.82
ciq_ecommerce,2025-08,2025-Q3,Dermatology,VetSelect Derma,VETSELECT-DERMA_L,E-commerce,Region,West,6280,238635.05,0.82
ciq_ecommerce,2025-08,2025-Q3,Dermatology,VetSelect Derma,VETSELECT-DERMA_S,E-commerce,Region,West,8477,322131.41,0.82
ciq_ecommerce,2025-08,2025-Q3,Petcare Diagnostics,VetSelect Dx,VETSELECT-DX_L,E-commerce,Region,West,7326,87906.04,0.82
ciq_ecommerce,2025-08,2025-Q3,Petcare Diagnostics,VetSelect Dx,VETSELECT-DX_S,E-commerce,Region,West,9370,112440.39,0.82
ciq_ecommerce,2025-08,2025-Q3,Parasiticides,VetSelect Flea & Tick,VETSELECT-FLEA-TICK_L,E-commerce,Region,West,28042,476713.92,0.82
ciq_ecommerce,2025-08,2025-Q3,Parasiticides,VetSelect Flea & Tick,VETSELECT-FLEA-TICK_S,E-commerce,Region,West,38665,657311.34,0.82
ciq_ecommerce,2025-08,2025-Q3,Pain/Osteoarthritis,VetSelect Joint,VETSELECT-JOINT_L,E-commerce,Region,West,4245,123103.31,0.82
ciq_ecommerce,2025-08,2025-Q3,Pain/Osteoarthritis,VetSelect Joint,VETSELECT-JOINT_S,E-commerce,Region,West,5981,173439.46,0.82
ciq_ecommerce,2025-08,2025-Q3,Petcare Diagnostics,Vetscan,VETSCAN_L,E-commerce,Region,West,11932,214768.75,0.82
ciq_ecommerce,2025-08,2025-Q3,Petcare Diagnostics,Vetscan,VETSCAN_S,E-commerce,Region,West,16648,299656.05,0.82
ciq_ecommerce,2025-09,2025-Q3,Dermatology,AllerVet RX,ALLERVET-RX_L,E-commerce,National,National,28462,1536906.88,0.82
ciq_ecommerce,2025-09,2025-Q3,Dermatology,AllerVet RX,ALLERVET-RX_S,E-commerce,National,National,40308,2176629.56,0.82
ciq_ecommerce,2025-09,2025-Q3,Dermatology,Apoquel,APOQUEL_L,E-commerce,National,National,42451,2759321.48,0.82
ciq_ecommerce,2025-09,2025-Q3,Dermatology,Apoquel,APOQUEL_S,E-commerce,National,National,55953,3636923.11,0.82
ciq_ecommerce,2025-09,2025-Q3,Vaccines,BioShield Vax,BIOSHIELD-VAX_L,E-commerce,National,National,33361,667222.22,0.82
ciq_ecommerce,2025-09,2025-Q3,Vaccines,BioShield Vax,BIOSHIELD-VAX_S,E-commerce,National,National,44613,892263.74,0.82
ciq_ecommerce,2025-09,2025-Q3,Dermatology,DermaCalm,DERMACALM_L,E-commerce,National,National,29782,1727396.56,0.82
ciq_ecommerce,2025-09,2025-Q3,Dermatology,DermaCalm,DERMACALM_S,E-commerce,National,National,42377,2457864.37,0.82
ciq_ecommerce,2025-09,2025-Q3,Petcare Diagnostics,DiagnosTech Vet,DIAGNOSTECH-VET_L,E-commerce,National,National,58409,992968.15,0.82
ciq_ecommerce,2025-09,2025-Q3,Petcare Diagnostics,DiagnosTech Vet,DIAGNOSTECH-VET_S,E-commerce,National,National,78573,1335740.78,0.82
ciq_ecommerce,2025-09,2025-Q3,Parasiticides,FleaStop Pro,FLEASTOP-PRO_L,E-commerce,National,National,67588,1419339.46,0.82
ciq_ecommerce,2025-09,2025-Q3,Parasiticides,FleaStop Pro,FLEASTOP-PRO_S,E-commerce,National,National,92280,1937884.04,0.82
ciq_ecommerce,2025-09,2025-Q3,Pain/Osteoarthritis,FlexiCare Joint,FLEXICARE-JOINT_L,E-commerce,National,National,19728,868053.92,0.82
ciq_ecommerce,2025-09,2025-Q3,Pain/Osteoarthritis,FlexiCare Joint,FLEXICARE-JOINT_S,E-commerce,National,National,26277,1156208.53,0.82
ciq_ecommerce,2025-09,2025-Q3,Vaccines,ImmunoCore Canine,IMMUNOCORE-CANINE_L,E-commerce,National,National,38475,807967.83,0.82
ciq_ecommerce,2025-09,2025-Q3,Vaccines,ImmunoCore Canine,IMMUNOCORE-CANINE_S,E-commerce,National,National,55934,1174603.82,0.82
ciq_ecommerce,2025-09,2025-Q3,Pain/Osteoarthritis,Librela,LIBRELA_L,E-commerce,National,National,17584,843972.69,0.82
ciq_ecommerce,2025-09,2025-Q3,Pain/Osteoarthritis,Librela,LIBRELA_S,E-commerce,National,National,23344,1120503.26,0.82
ciq_ecommerce,2025-09,2025-Q3,Pain/Osteoarthritis,OsteoEase Vet,OSTEOEASE-VET_L,E-commerce,National,National,18621,763451.01,0.82
ciq_ecommerce,2025-09,2025-Q3,Pain/Osteoarthritis,OsteoEase Vet,OSTEOEASE-VET_S,E-commerce,National,National,25030,1026223.69,0.82
ciq_ecommerce,2025-09,2025-Q3,Pain/Osteoarthritis,PainAway Canine,PAINAWAY-CANINE_L,E-commerce,National,National,15344,567770.3,0.82
ciq_ecommerce,2025-09,2025-Q3,Pain/Osteoarthritis,PainAway Canine,PAINAWAY-CANINE_S,E-commerce,National,National,21290,787701.05,0.82
ciq_ecommerce,2025-09,2025-Q3,Petcare Diagnostics,PetLab Analyzer,PETLAB-ANALYZER_L,E-commerce,National,National,32711,490663.67,0.82
ciq_ecommerce,2025-09,2025-Q3,Petcare Diagnostics,PetLab Analyzer,PETLAB-ANALYZER_S,E-commerce,National,National,46382,695740.47,0.82
ciq_ecommerce,2025-09,2025-Q3,Petcare Diagnostics,RapidVet Dx,RAPIDVET-DX_L,E-commerce,National,National,49748,795981.52,0.82
ciq_ecommerce,2025-09,2025-Q3,Petcare Diagnostics,RapidVet Dx,RAPIDVET-DX_S,E-commerce,National,National,71484,1143735.42,0.82
ciq_ecommerce,2025-09,2025-Q3,Parasiticides,Simparica Trio,SIMPARICA-TRIO_L,E-commerce,National,National,99909,2797443.73,0.82
ciq_ecommerce,2025-09,2025-Q3,Parasiticides,Simparica Trio,SIMPARICA-TRIO_S,E-commerce,National,National,142535,3990968.16,0.82
ciq_ecommerce,2025-09,2025-Q3,Dermatology,SkinRelief Pro,SKINRELIEF-PRO_L,E-commerce,National,National,24646,1207635.45,0.82
ciq_ecommerce,2025-09,2025-Q3,Dermatology,SkinRelief Pro,SKINRELIEF-PRO_S,E-commerce,National,National,35349,1732060.53,0.82
ciq_ecommerce,2025-09,2025-Q3,Parasiticides,TickShield Plus,TICKSHIELD-PLUS_L,E-commerce,National,National,74109,1778629.91,0.82
ciq_ecommerce,2025-09,2025-Q3,Parasiticides,TickShield Plus,TICKSHIELD-PLUS_S,E-commerce,National,National,99930,2398334.44,0.82
ciq_ecommerce,2025-09,2025-Q3,Vaccines,Vanguard,VANGUARD_L,E-commerce,National,National,36589,804968.19,0.82
ciq_ecommerce,2025-09,2025-Q3,Vaccines,Vanguard,VANGUARD_S,E-commerce,National,National,50682,1115016.56,0.82
ciq_ecommerce,2025-09,2025-Q3,Parasiticides,VectraGuard,VECTRAGUARD_L,E-commerce,National,National,87819,2283284.81,0.82
ciq_ecommerce,2025-09,2025-Q3,Parasiticides,VectraGuard,VECTRAGUARD_S,E-commerce,National,National,123732,3217012.24,0.82
ciq_ecommerce,2025-09,2025-Q3,Vaccines,VetGuard Immunize,VETGUARD-IMMUNIZE_L,E-commerce,National,National,29012,551202.68,0.82
ciq_ecommerce,2025-09,2025-Q3,Vaccines,VetGuard Immunize,VETGUARD-IMMUNIZE_S,E-commerce,National,National,40270,765125.06,0.82
ciq_ecommerce,2025-09,2025-Q3,Vaccines,VetSelect Core Vax,VETSELECT-CORE-VAX_L,E-commerce,National,National,31284,437966.81,0.82
ciq_ecommerce,2025-09,2025-Q3,Vaccines,VetSelect Core Vax,VETSELECT-CORE-VAX_S,E-commerce,National,National,42433,594067.29,0.82
ciq_ecommerce,2025-09,2025-Q3,Dermatology,VetSelect Derma,VETSELECT-DERMA_L,E-commerce,National,National,27784,1055826.54,0.82
ciq_ecommerce,2025-09,2025-Q3,Dermatology,VetSelect Derma,VETSELECT-DERMA_S,E-commerce,National,National,40354,1533432.52,0.82
ciq_ecommerce,2025-09,2025-Q3,Petcare Diagnostics,VetSelect Dx,VETSELECT-DX_L,E-commerce,National,National,35349,424189.88,0.82
ciq_ecommerce,2025-09,2025-Q3,Petcare Diagnostics,VetSelect Dx,VETSELECT-DX_S,E-commerce,National,National,45704,548454.5,0.82
ciq_ecommerce,2025-09,2025-Q3,Parasiticides,VetSelect Flea & Tick,VETSELECT-FLEA-TICK_L,E-commerce,National,National,100345,1705864.83,0.82
ciq_ecommerce,2025-09,2025-Q3,Parasiticides,VetSelect Flea & Tick,VETSELECT-FLEA-TICK_S,E-commerce,National,National,137339,2334748.28,0.82
ciq_ecommerce,2025-09,2025-Q3,Pain/Osteoarthritis,VetSelect Joint,VETSELECT-JOINT_L,E-commerce,National,National,19878,576480.21,0.82
ciq_ecommerce,2025-09,2025-Q3,Pain/Osteoarthritis,VetSelect Joint,VETSELECT-JOINT_S,E-commerce,National,National,27352,793234.15,0.82
ciq_ecommerce,2025-09,2025-Q3,Petcare Diagnostics,Vetscan,VETSCAN_L,E-commerce,National,National,53987,971775.57,0.82
ciq_ecommerce,2025-09,2025-Q3,Petcare Diagnostics,Vetscan,VETSCAN_S,E-commerce,National,National,72907,1312328.49,0.82
ciq_ecommerce,2025-09,2025-Q3,Dermatology,AllerVet RX,ALLERVET-RX_L,E-commerce,Region,Midwest,5715,308598.04,0.82
ciq_ecommerce,2025-09,2025-Q3,Dermatology,AllerVet RX,ALLERVET-RX_S,E-commerce,Region,Midwest,8015,432795.39,0.82
ciq_ecommerce,2025-09,2025-Q3,Dermatology,Apoquel,APOQUEL_L,E-commerce,Region,Midwest,9364,608691.29,0.82
ciq_ecommerce,2025-09,2025-Q3,Dermatology,Apoquel,APOQUEL_S,E-commerce,Region,Midwest,11481,746264.08,0.82
ciq_ecommerce,2025-09,2025-Q3,Vaccines,BioShield Vax,BIOSHIELD-VAX_L,E-commerce,Region,Midwest,6996,139914.99,0.82
ciq_ecommerce,2025-09,2025-Q3,Vaccines,BioShield Vax,BIOSHIELD-VAX_S,E-commerce,Region,Midwest,8999,179977.29,0.82
ciq_ecommerce,2025-09,2025-Q3,Dermatology,DermaCalm,DERMACALM_L,E-commerce,Region,Midwest,6128,355449.74,0.82
ciq_ecommerce,2025-09,2025-Q3,Dermatology,DermaCalm,DERMACALM_S,E-commerce,Region,Midwest,8964,519936.66,0.82
ciq_ecommerce,2025-09,2025-Q3,Petcare Diagnostics,DiagnosTech Vet,DIAGNOSTECH-VET_L,E-commerce,Region,Midwest,12461,211839.28,0.82
ciq_ecommerce,2025-09,2025-Q3,Petcare Diagnostics,DiagnosTech Vet,DIAGNOSTECH-VET_S,E-commerce,Region,Midwest,15575,264771.08,0.82
ciq_ecommerce,2025-09,2025-Q3,Parasiticides,FleaStop Pro,FLEASTOP-PRO_L,E-commerce,Region,Midwest,13823,290282.88,0.82
ciq_ecommerce,2025-09,2025-Q3,Parasiticides,FleaStop Pro,FLEASTOP-PRO_S,E-commerce,Region,Midwest,19695,413591.11,0.82
ciq_ecommerce,2025-09,2025-Q3,Pain/Osteoarthritis,FlexiCare Joint,FLEXICARE-JOINT_L,E-commerce,Region,Midwest,4372,192370.04,0.82
ciq_ecommerce,2025-09,2025-Q3,Pain/Osteoarthritis,FlexiCare Joint,FLEXICARE-JOINT_S,E-commerce,Region,Midwest,5597,246273.41,0.82
ciq_ecommerce,2025-09,2025-Q3,Vaccines,ImmunoCore Canine,IMMUNOCORE-CANINE_L,E-commerce,Region,Midwest,8152,171187.86,0.82
ciq_ecommerce,2025-09,2025-Q3,Vaccines,ImmunoCore Canine,IMMUNOCORE-CANINE_S,E-commerce,Region,Midwest,12636,265350.67,0.82
ciq_ecommerce,2025-09,2025-Q3,Pain/Osteoarthritis,Librela,LIBRELA_L,E-commerce,Region,Midwest,3529,169384.44,0.82
ciq_ecommerce,2025-09,2025-Q3,Pain/Osteoarthritis,Librela,LIBRELA_S,E-commerce,Region,Midwest,4477,214892.66,0.82
ciq_ecommerce,2025-09,2025-Q3,Pain/Osteoarthritis,OsteoEase Vet,OSTEOEASE-VET_L,E-commerce,Region,Midwest,3875,158859.71,0.82
ciq_ecommerce,2025-09,2025-Q3,Pain/Osteoarthritis,OsteoEase Vet,OSTEOEASE-VET_S,E-commerce,Region,Midwest,4897,200785.98,0.82
ciq_ecommerce,2025-09,2025-Q3,Pain/Osteoarthritis,PainAway Canine,PAINAWAY-CANINE_L,E-commerce,Region,Midwest,2974,110039.18,0.82
ciq_ecommerce,2025-09,2025-Q3,Pain/Osteoarthritis,PainAway Canine,PAINAWAY-CANINE_S,E-commerce,Region,Midwest,4431,163943.1,0.82
ciq_ecommerce,2025-09,2025-Q3,Petcare Diagnostics,PetLab Analyzer,PETLAB-ANALYZER_L,E-commerce,Region,Midwest,6658,99876.13,0.82
ciq_ecommerce,2025-09,2025-Q3,Petcare Diagnostics,PetLab Analyzer,PETLAB-ANALYZER_S,E-commerce,Region,Midwest,9904,148559.25,0.82
ciq_ecommerce,2025-09,2025-Q3,Petcare Diagnostics,RapidVet Dx,RAPIDVET-DX_L,E-commerce,Region,Midwest,11034,176550.67,0.82
ciq_ecommerce,2025-09,2025-Q3,Petcare Diagnostics,RapidVet Dx,RAPIDVET-DX_S,E-commerce,Region,Midwest,16449,263182.77,0.82
ciq_ecommerce,2025-09,2025-Q3,Parasiticides,Simparica Trio,SIMPARICA-TRIO_L,E-commerce,Region,Midwest,19913,557551.43,0.82
ciq_ecommerce,2025-09,2025-Q3,Parasiticides,Simparica Trio,SIMPARICA-TRIO_S,E-commerce,Region,Midwest,27585,772377.76,0.82
ciq_ecommerce,2025-09,2025-Q3,Dermatology,SkinRelief Pro,SKINRELIEF-PRO_L,E-commerce,Region,Midwest,5235,256504.8,0.82
ciq_ecommerce,2025-09,2025-Q3,Dermatology,SkinRelief Pro,SKINRELIEF-PRO_S,E-commerce,Region,Midwest,7061,345981.55,0.82
ciq_ecommerce,2025-09,2025-Q3,Parasiticides,TickShield Plus,TICKSHIELD-PLUS_L,E-commerce,Region,Midwest,15501,372028.64,0.82
ciq_ecommerce,2025-09,2025-Q3,Parasiticides,TickShield Plus,TICKSHIELD-PLUS_S,E-commerce,Region,Midwest,20937,502488.75,0.82
ciq_ecommerce,2025-09,2025-Q3,Vaccines,Vanguard,VANGUARD_L,E-commerce,Region,Midwest,7315,160935.81,0.82
ciq_ecommerce,2025-09,2025-Q3,Vaccines,Vanguard,VANGUARD_S,E-commerce,Region,Midwest,10905,239917.06,0.82
ciq_ecommerce,2025-09,2025-Q3,Parasiticides,VectraGuard,VECTRAGUARD_L,E-commerce,Region,Midwest,16629,432354.25,0.82
ciq_ecommerce,2025-09,2025-Q3,Parasiticides,VectraGuard,VECTRAGUARD_S,E-commerce,Region,Midwest,25081,652105.04,0.82
ciq_ecommerce,2025-09,2025-Q3,Vaccines,VetGuard Immunize,VETGUARD-IMMUNIZE_L,E-commerce,Region,Midwest,6021,114393.43,0.82
ciq_ecommerce,2025-09,2025-Q3,Vaccines,VetGuard Immunize,VETGUARD-IMMUNIZE_S,E-commerce,Region,Midwest,8505,161588.17,0.82
ciq_ecommerce,2025-09,2025-Q3,Vaccines,VetSelect Core Vax,VETSELECT-CORE-VAX_L,E-commerce,Region,Midwest,5927,82976.86,0.82
ciq_ecommerce,2025-09,2025-Q3,Vaccines,VetSelect Core Vax,VETSELECT-CORE-VAX_S,E-commerce,Region,Midwest,8291,116076.37,0.82
ciq_ecommerce,2025-09,2025-Q3,Dermatology,VetSelect Derma,VETSELECT-DERMA_L,E-commerce,Region,Midwest,5501,209027.53,0.82
ciq_ecommerce,2025-09,2025-Q3,Dermatology,VetSelect Derma,VETSELECT-DERMA_S,E-commerce,Region,Midwest,9001,342039.0,0.82
ciq_ecommerce,2025-09,2025-Q3,Petcare Diagnostics,VetSelect Dx,VETSELECT-DX_L,E-commerce,Region,Midwest,6915,82978.52,0.82
ciq_ecommerce,2025-09,2025-Q3,Petcare Diagnostics,VetSelect Dx,VETSELECT-DX_S,E-commerce,Region,Midwest,9435,113223.86,0.82
ciq_ecommerce,2025-09,2025-Q3,Parasiticides,VetSelect Flea & Tick,VETSELECT-FLEA-TICK_L,E-commerce,Region,Midwest,20275,344668.25,0.82
ciq_ecommerce,2025-09,2025-Q3,Parasiticides,VetSelect Flea & Tick,VETSELECT-FLEA-TICK_S,E-commerce,Region,Midwest,28963,492365.17,0.82
ciq_ecommerce,2025-09,2025-Q3,Pain/Osteoarthritis,VetSelect Joint,VETSELECT-JOINT_L,E-commerce,Region,Midwest,4264,123669.5,0.82
ciq_ecommerce,2025-09,2025-Q3,Pain/Osteoarthritis,VetSelect Joint,VETSELECT-JOINT_S,E-commerce,Region,Midwest,5536,160554.38,0.82
ciq_ecommerce,2025-09,2025-Q3,Petcare Diagnostics,Vetscan,VETSCAN_L,E-commerce,Region,Midwest,10798,194366.72,0.82
ciq_ecommerce,2025-09,2025-Q3,Petcare Diagnostics,Vetscan,VETSCAN_S,E-commerce,Region,Midwest,15447,278041.16,0.82
ciq_ecommerce,2025-09,2025-Q3,Dermatology,AllerVet RX,ALLERVET-RX_L,E-commerce,Region,Northeast,6372,344068.11,0.82
ciq_ecommerce,2025-09,2025-Q3,Dermatology,AllerVet RX,ALLERVET-RX_S,E-commerce,Region,Northeast,8917,481517.5,0.82
ciq_ecommerce,2025-09,2025-Q3,Dermatology,Apoquel,APOQUEL_L,E-commerce,Region,Northeast,8196,532730.42,0.82
ciq_ecommerce,2025-09,2025-Q3,Dermatology,Apoquel,APOQUEL_S,E-commerce,Region,Northeast,12934,840704.99,0.82
ciq_ecommerce,2025-09,2025-Q3,Vaccines,BioShield Vax,BIOSHIELD-VAX_L,E-commerce,Region,Northeast,7189,143785.2,0.82
ciq_ecommerce,2025-09,2025-Q3,Vaccines,BioShield Vax,BIOSHIELD-VAX_S,E-commerce,Region,Northeast,9341,186823.85,0.82
ciq_ecommerce,2025-09,2025-Q3,Dermatology,DermaCalm,DERMACALM_L,E-commerce,Region,Northeast,6476,375619.59,0.82
ciq_ecommerce,2025-09,2025-Q3,Dermatology,DermaCalm,DERMACALM_S,E-commerce,Region,Northeast,9513,551729.33,0.82
ciq_ecommerce,2025-09,2025-Q3,Petcare Diagnostics,DiagnosTech Vet,DIAGNOSTECH-VET_L,E-commerce,Region,Northeast,12983,220714.25,0.82
ciq_ecommerce,2025-09,2025-Q3,Petcare Diagnostics,DiagnosTech Vet,DIAGNOSTECH-VET_S,E-commerce,Region,Northeast,18394,312706.24,0.82
ciq_ecommerce,2025-09,2025-Q3,Parasiticides,FleaStop Pro,FLEASTOP-PRO_L,E-commerce,Region,Northeast,14817,311152.03,0.82
ciq_ecommerce,2025-09,2025-Q3,Parasiticides,FleaStop Pro,FLEASTOP-PRO_S,E-commerce,Region,Northeast,19797,415734.91,0.82
ciq_ecommerce,2025-09,2025-Q3,Pain/Osteoarthritis,FlexiCare Joint,FLEXICARE-JOINT_L,E-commerce,Region,Northeast,4315,189879.91,0.82
ciq_ecommerce,2025-09,2025-Q3,Pain/Osteoarthritis,FlexiCare Joint,FLEXICARE-JOINT_S,E-commerce,Region,Northeast,5943,261482.33,0.82
ciq_ecommerce,2025-09,2025-Q3,Vaccines,ImmunoCore Canine,IMMUNOCORE-CANINE_L,E-commerce,Region,Northeast,8414,176693.7,0.82
ciq_ecommerce,2025-09,2025-Q3,Vaccines,ImmunoCore Canine,IMMUNOCORE-CANINE_S,E-commerce,Region,Northeast,12327,258856.92,0.82
ciq_ecommerce,2025-09,2025-Q3,Pain/Osteoarthritis,Librela,LIBRELA_L,E-commerce,Region,Northeast,3558,170763.49,0.82
ciq_ecommerce,2025-09,2025-Q3,Pain/Osteoarthritis,Librela,LIBRELA_S,E-commerce,Region,Northeast,5228,250941.34,0.82
ciq_ecommerce,2025-09,2025-Q3,Pain/Osteoarthritis,OsteoEase Vet,OSTEOEASE-VET_L,E-commerce,Region,Northeast,4341,178000.62,0.82
ciq_ecommerce,2025-09,2025-Q3,Pain/Osteoarthritis,OsteoEase Vet,OSTEOEASE-VET_S,E-commerce,Region,Northeast,5883,241194.22,0.82
ciq_ecommerce,2025-09,2025-Q3,Pain/Osteoarthritis,PainAway Canine,PAINAWAY-CANINE_L,E-commerce,Region,Northeast,3491,129180.34,0.82
ciq_ecommerce,2025-09,2025-Q3,Pain/Osteoarthritis,PainAway Canine,PAINAWAY-CANINE_S,E-commerce,Region,Northeast,4730,175003.28,0.82
ciq_ecommerce,2025-09,2025-Q3,Petcare Diagnostics,PetLab Analyzer,PETLAB-ANALYZER_L,E-commerce,Region,Northeast,7960,119393.86,0.82
ciq_ecommerce,2025-09,2025-Q3,Petcare Diagnostics,PetLab Analyzer,PETLAB-ANALYZER_S,E-commerce,Region,Northeast,10320,154806.83,0.82
ciq_ecommerce,2025-09,2025-Q3,Petcare Diagnostics,RapidVet Dx,RAPIDVET-DX_L,E-commerce,Region,Northeast,10906,174498.36,0.82
ciq_ecommerce,2025-09,2025-Q3,Petcare Diagnostics,RapidVet Dx,RAPIDVET-DX_S,E-commerce,Region,Northeast,15167,242665.39,0.82
ciq_ecommerce,2025-09,2025-Q3,Parasiticides,Simparica Trio,SIMPARICA-TRIO_L,E-commerce,Region,Northeast,22346,625684.22,0.82
ciq_ecommerce,2025-09,2025-Q3,Parasiticides,Simparica Trio,SIMPARICA-TRIO_S,E-commerce,Region,Northeast,31673,886845.62,0.82
ciq_ecommerce,2025-09,2025-Q3,Dermatology,SkinRelief Pro,SKINRELIEF-PRO_L,E-commerce,Region,Northeast,5571,273003.31,0.82
ciq_ecommerce,2025-09,2025-Q3,Dermatology,SkinRelief Pro,SKINRELIEF-PRO_S,E-commerce,Region,Northeast,7665,375577.26,0.82
ciq_ecommerce,2025-09,2025-Q3,Parasiticides,TickShield Plus,TICKSHIELD-PLUS_L,E-commerce,Region,Northeast,17199,412784.59,0.82
ciq_ecommerce,2025-09,2025-Q3,Parasiticides,TickShield Plus,TICKSHIELD-PLUS_S,E-commerce,Region,Northeast,23294,559062.48,0.82
ciq_ecommerce,2025-09,2025-Q3,Vaccines,Vanguard,VANGUARD_L,E-commerce,Region,Northeast,8514,187316.93,0.82
ciq_ecommerce,2025-09,2025-Q3,Vaccines,Vanguard,VANGUARD_S,E-commerce,Region,Northeast,11637,256015.68,0.82
ciq_ecommerce,2025-09,2025-Q3,Parasiticides,VectraGuard,VECTRAGUARD_L,E-commerce,Region,Northeast,19929,518143.27,0.82
ciq_ecommerce,2025-09,2025-Q3,Parasiticides,VectraGuard,VECTRAGUARD_S,E-commerce,Region,Northeast,27103,704666.21,0.82
ciq_ecommerce,2025-09,2025-Q3,Vaccines,VetGuard Immunize,VETGUARD-IMMUNIZE_L,E-commerce,Region,Northeast,6678,126878.5,0.82
ciq_ecommerce,2025-09,2025-Q3,Vaccines,VetGuard Immunize,VETGUARD-IMMUNIZE_S,E-commerce,Region,Northeast,9255,175846.59,0.82
ciq_ecommerce,2025-09,2025-Q3,Vaccines,VetSelect Core Vax,VETSELECT-CORE-VAX_L,E-commerce,Region,Northeast,7033,98464.66,0.82
ciq_ecommerce,2025-09,2025-Q3,Vaccines,VetSelect Core Vax,VETSELECT-CORE-VAX_S,E-commerce,Region,Northeast,8894,124519.19,0.82
ciq_ecommerce,2025-09,2025-Q3,Dermatology,VetSelect Derma,VETSELECT-DERMA_L,E-commerce,Region,Northeast,6112,232267.74,0.82
ciq_ecommerce,2025-09,2025-Q3,Dermatology,VetSelect Derma,VETSELECT-DERMA_S,E-commerce,Region,Northeast,8510,323388.48,0.82
ciq_ecommerce,2025-09,2025-Q3,Petcare Diagnostics,VetSelect Dx,VETSELECT-DX_L,E-commerce,Region,Northeast,7810,93722.0,0.82
ciq_ecommerce,2025-09,2025-Q3,Petcare Diagnostics,VetSelect Dx,VETSELECT-DX_S,E-commerce,Region,Northeast,9959,119502.79,0.82
ciq_ecommerce,2025-09,2025-Q3,Parasiticides,VetSelect Flea & Tick,VETSELECT-FLEA-TICK_L,E-commerce,Region,Northeast,22752,386779.49,0.82
ciq_ecommerce,2025-09,2025-Q3,Parasiticides,VetSelect Flea & Tick,VETSELECT-FLEA-TICK_S,E-commerce,Region,Northeast,29244,497144.39,0.82
ciq_ecommerce,2025-09,2025-Q3,Pain/Osteoarthritis,VetSelect Joint,VETSELECT-JOINT_L,E-commerce,Region,Northeast,4339,125826.76,0.82
ciq_ecommerce,2025-09,2025-Q3,Pain/Osteoarthritis,VetSelect Joint,VETSELECT-JOINT_S,E-commerce,Region,Northeast,6041,175179.92,0.82
ciq_ecommerce,2025-09,2025-Q3,Petcare Diagnostics,Vetscan,VETSCAN_L,E-commerce,Region,Northeast,11735,211225.37,0.82
ciq_ecommerce,2025-09,2025-Q3,Petcare Diagnostics,Vetscan,VETSCAN_S,E-commerce,Region,Northeast,16102,289839.69,0.82
ciq_ecommerce,2025-09,2025-Q3,Dermatology,AllerVet RX,ALLERVET-RX_L,E-commerce,Region,South,9777,527937.36,0.82
ciq_ecommerce,2025-09,2025-Q3,Dermatology,AllerVet RX,ALLERVET-RX_S,E-commerce,Region,South,13939,752732.01,0.82
ciq_ecommerce,2025-09,2025-Q3,Dermatology,Apoquel,APOQUEL_L,E-commerce,Region,South,14806,962372.2,0.82
ciq_ecommerce,2025-09,2025-Q3,Dermatology,Apoquel,APOQUEL_S,E-commerce,Region,South,18995,1234644.24,0.82
ciq_ecommerce,2025-09,2025-Q3,Vaccines,BioShield Vax,BIOSHIELD-VAX_L,E-commerce,Region,South,11899,237972.23,0.82
ciq_ecommerce,2025-09,2025-Q3,Vaccines,BioShield Vax,BIOSHIELD-VAX_S,E-commerce,Region,South,16249,324975.67,0.82
ciq_ecommerce,2025-09,2025-Q3,Dermatology,DermaCalm,DERMACALM_L,E-commerce,Region,South,10191,591054.33,0.82
ciq_ecommerce,2025-09,2025-Q3,Dermatology,DermaCalm,DERMACALM_S,E-commerce,Region,South,14171,821891.19,0.82
ciq_ecommerce,2025-09,2025-Q3,Petcare Diagnostics,DiagnosTech Vet,DIAGNOSTECH-VET_L,E-commerce,Region,South,20289,344917.61,0.82
ciq_ecommerce,2025-09,2025-Q3,Petcare Diagnostics,DiagnosTech Vet,DIAGNOSTECH-VET_S,E-commerce,Region,South,26793,455480.24,0.82
ciq_ecommerce,2025-09,2025-Q3,Parasiticides,FleaStop Pro,FLEASTOP-PRO_L,E-commerce,Region,South,23391,491215.3,0.82
ciq_ecommerce,2025-09,2025-Q3,Parasiticides,FleaStop Pro,FLEASTOP-PRO_S,E-commerce,Region,South,32488,682250.17,0.82
ciq_ecommerce,2025-09,2025-Q3,Pain/Osteoarthritis,FlexiCare Joint,FLEXICARE-JOINT_L,E-commerce,Region,South,6777,298200.07,0.82
ciq_ecommerce,2025-09,2025-Q3,Pain/Osteoarthritis,FlexiCare Joint,FLEXICARE-JOINT_S,E-commerce,Region,South,9092,400060.47,0.82
ciq_ecommerce,2025-09,2025-Q3,Vaccines,ImmunoCore Canine,IMMUNOCORE-CANINE_L,E-commerce,Region,South,13697,287633.53,0.82
ciq_ecommerce,2025-09,2025-Q3,Vaccines,ImmunoCore Canine,IMMUNOCORE-CANINE_S,E-commerce,Region,South,19304,405387.89,0.82
ciq_ecommerce,2025-09,2025-Q3,Pain/Osteoarthritis,Librela,LIBRELA_L,E-commerce,Region,South,6137,294554.77,0.82
ciq_ecommerce,2025-09,2025-Q3,Pain/Osteoarthritis,Librela,LIBRELA_S,E-commerce,Region,South,8202,393672.34,0.82
ciq_ecommerce,2025-09,2025-Q3,Pain/Osteoarthritis,OsteoEase Vet,OSTEOEASE-VET_L,E-commerce,Region,South,5995,245793.19,0.82
ciq_ecommerce,2025-09,2025-Q3,Pain/Osteoarthritis,OsteoEase Vet,OSTEOEASE-VET_S,E-commerce,Region,South,8576,351621.14,0.82
ciq_ecommerce,2025-09,2025-Q3,Pain/Osteoarthritis,PainAway Canine,PAINAWAY-CANINE_L,E-commerce,Region,South,5192,192121.57,0.82
ciq_ecommerce,2025-09,2025-Q3,Pain/Osteoarthritis,PainAway Canine,PAINAWAY-CANINE_S,E-commerce,Region,South,6960,257508.69,0.82
ciq_ecommerce,2025-09,2025-Q3,Petcare Diagnostics,PetLab Analyzer,PETLAB-ANALYZER_L,E-commerce,Region,South,9952,149285.78,0.82
ciq_ecommerce,2025-09,2025-Q3,Petcare Diagnostics,PetLab Analyzer,PETLAB-ANALYZER_S,E-commerce,Region,South,16011,240170.84,0.82
ciq_ecommerce,2025-09,2025-Q3,Petcare Diagnostics,RapidVet Dx,RAPIDVET-DX_L,E-commerce,Region,South,16282,260519.27,0.82
ciq_ecommerce,2025-09,2025-Q3,Petcare Diagnostics,RapidVet Dx,RAPIDVET-DX_S,E-commerce,Region,South,23403,374441.22,0.82
ciq_ecommerce,2025-09,2025-Q3,Parasiticides,Simparica Trio,SIMPARICA-TRIO_L,E-commerce,Region,South,35800,1002400.69,0.82
ciq_ecommerce,2025-09,2025-Q3,Parasiticides,Simparica Trio,SIMPARICA-TRIO_S,E-commerce,Region,South,52020,1456548.31,0.82
ciq_ecommerce,2025-09,2025-Q3,Dermatology,SkinRelief Pro,SKINRELIEF-PRO_L,E-commerce,Region,South,8393,411242.9,0.82
ciq_ecommerce,2025-09,2025-Q3,Dermatology,SkinRelief Pro,SKINRELIEF-PRO_S,E-commerce,Region,South,12455,610279.48,0.82
ciq_ecommerce,2025-09,2025-Q3,Parasiticides,TickShield Plus,TICKSHIELD-PLUS_L,E-commerce,Region,South,24259,582216.32,0.82
ciq_ecommerce,2025-09,2025-Q3,Parasiticides,TickShield Plus,TICKSHIELD-PLUS_S,E-commerce,Region,South,34021,816505.18,0.82
ciq_ecommerce,2025-09,2025-Q3,Vaccines,Vanguard,VANGUARD_L,E-commerce,Region,South,12090,265979.86,0.82
ciq_ecommerce,2025-09,2025-Q3,Vaccines,Vanguard,VANGUARD_S,E-commerce,Region,South,17127,376790.22,0.82
ciq_ecommerce,2025-09,2025-Q3,Parasiticides,VectraGuard,VECTRAGUARD_L,E-commerce,Region,South,30466,792105.64,0.82
ciq_ecommerce,2025-09,2025-Q3,Parasiticides,VectraGuard,VECTRAGUARD_S,E-commerce,Region,South,42297,1099711.86,0.82
ciq_ecommerce,2025-09,2025-Q3,Vaccines,VetGuard Immunize,VETGUARD-IMMUNIZE_L,E-commerce,Region,South,9410,178781.68,0.82
ciq_ecommerce,2025-09,2025-Q3,Vaccines,VetGuard Immunize,VETGUARD-IMMUNIZE_S,E-commerce,Region,South,13069,248318.05,0.82
ciq_ecommerce,2025-09,2025-Q3,Vaccines,VetSelect Core Vax,VETSELECT-CORE-VAX_L,E-commerce,Region,South,11674,163432.04,0.82
ciq_ecommerce,2025-09,2025-Q3,Vaccines,VetSelect Core Vax,VETSELECT-CORE-VAX_S,E-commerce,Region,South,15291,214069.95,0.82
ciq_ecommerce,2025-09,2025-Q3,Dermatology,VetSelect Derma,VETSELECT-DERMA_L,E-commerce,Region,South,9533,362270.79,0.82
ciq_ecommerce,2025-09,2025-Q3,Dermatology,VetSelect Derma,VETSELECT-DERMA_S,E-commerce,Region,South,13613,517281.79,0.82
ciq_ecommerce,2025-09,2025-Q3,Petcare Diagnostics,VetSelect Dx,VETSELECT-DX_L,E-commerce,Region,South,12141,145687.43,0.82
ciq_ecommerce,2025-09,2025-Q3,Petcare Diagnostics,VetSelect Dx,VETSELECT-DX_S,E-commerce,Region,South,15638,187660.66,0.82
ciq_ecommerce,2025-09,2025-Q3,Parasiticides,VetSelect Flea & Tick,VETSELECT-FLEA-TICK_L,E-commerce,Region,South,34521,586860.22,0.82
ciq_ecommerce,2025-09,2025-Q3,Parasiticides,VetSelect Flea & Tick,VETSELECT-FLEA-TICK_S,E-commerce,Region,South,46617,792488.31,0.82
ciq_ecommerce,2025-09,2025-Q3,Pain/Osteoarthritis,VetSelect Joint,VETSELECT-JOINT_L,E-commerce,Region,South,6800,197210.66,0.82
ciq_ecommerce,2025-09,2025-Q3,Pain/Osteoarthritis,VetSelect Joint,VETSELECT-JOINT_S,E-commerce,Region,South,9409,272873.65,0.82
ciq_ecommerce,2025-09,2025-Q3,Petcare Diagnostics,Vetscan,VETSCAN_L,E-commerce,Region,South,18435,331834.53,0.82
ciq_ecommerce,2025-09,2025-Q3,Petcare Diagnostics,Vetscan,VETSCAN_S,E-commerce,Region,South,23658,425846.22,0.82
ciq_ecommerce,2025-09,2025-Q3,Dermatology,AllerVet RX,ALLERVET-RX_L,E-commerce,Region,West,6598,356303.37,0.82
ciq_ecommerce,2025-09,2025-Q3,Dermatology,AllerVet RX,ALLERVET-RX_S,E-commerce,Region,West,9437,509584.66,0.82
ciq_ecommerce,2025-09,2025-Q3,Dermatology,Apoquel,APOQUEL_L,E-commerce,Region,West,10085,655527.57,0.82
ciq_ecommerce,2025-09,2025-Q3,Dermatology,Apoquel,APOQUEL_S,E-commerce,Region,West,12543,815309.8,0.82
ciq_ecommerce,2025-09,2025-Q3,Vaccines,BioShield Vax,BIOSHIELD-VAX_L,E-commerce,Region,West,7277,145549.8,0.82
ciq_ecommerce,2025-09,2025-Q3,Vaccines,BioShield Vax,BIOSHIELD-VAX_S,E-commerce,Region,West,10024,200486.93,0.82
ciq_ecommerce,2025-09,2025-Q3,Dermatology,DermaCalm,DERMACALM_L,E-commerce,Region,West,6987,405272.9,0.82
ciq_ecommerce,2025-09,2025-Q3,Dermatology,DermaCalm,DERMACALM_S,E-commerce,Region,West,9729,564307.19,0.82
ciq_ecommerce,2025-09,2025-Q3,Petcare Diagnostics,DiagnosTech Vet,DIAGNOSTECH-VET_L,E-commerce,Region,West,12676,215497.01,0.82
ciq_ecommerce,2025-09,2025-Q3,Petcare Diagnostics,DiagnosTech Vet,DIAGNOSTECH-VET_S,E-commerce,Region,West,17811,302783.22,0.82
ciq_ecommerce,2025-09,2025-Q3,Parasiticides,FleaStop Pro,FLEASTOP-PRO_L,E-commerce,Region,West,15557,326689.25,0.82
ciq_ecommerce,2025-09,2025-Q3,Parasiticides,FleaStop Pro,FLEASTOP-PRO_S,E-commerce,Region,West,20300,426307.85,0.82
ciq_ecommerce,2025-09,2025-Q3,Pain/Osteoarthritis,FlexiCare Joint,FLEXICARE-JOINT_L,E-commerce,Region,West,4264,187603.9,0.82
ciq_ecommerce,2025-09,2025-Q3,Pain/Osteoarthritis,FlexiCare Joint,FLEXICARE-JOINT_S,E-commerce,Region,West,5645,248392.32,0.82
ciq_ecommerce,2025-09,2025-Q3,Vaccines,ImmunoCore Canine,IMMUNOCORE-CANINE_L,E-commerce,Region,West,8212,172452.74,0.82
ciq_ecommerce,2025-09,2025-Q3,Vaccines,ImmunoCore Canine,IMMUNOCORE-CANINE_S,E-commerce,Region,West,11667,245008.34,0.82
ciq_ecommerce,2025-09,2025-Q3,Pain/Osteoarthritis,Librela,LIBRELA_L,E-commerce,Region,West,4360,209269.99,0.82
ciq_ecommerce,2025-09,2025-Q3,Pain/Osteoarthritis,Librela,LIBRELA_S,E-commerce,Region,West,5437,260996.92,0.82
ciq_ecommerce,2025-09,2025-Q3,Pain/Osteoarthritis,OsteoEase Vet,OSTEOEASE-VET_L,E-commerce,Region,West,4410,180797.49,0.82
ciq_ecommerce,2025-09,2025-Q3,Pain/Osteoarthritis,OsteoEase Vet,OSTEOEASE-VET_S,E-commerce,Region,West,5674,232622.35,0.82
ciq_ecommerce,2025-09,2025-Q3,Pain/Osteoarthritis,PainAway Canine,PAINAWAY-CANINE_L,E-commerce,Region,West,3687,136429.21,0.82
ciq_ecommerce,2025-09,2025-Q3,Pain/Osteoarthritis,PainAway Canine,PAINAWAY-CANINE_S,E-commerce,Region,West,5169,191245.98,0.82
ciq_ecommerce,2025-09,2025-Q3,Petcare Diagnostics,PetLab Analyzer,PETLAB-ANALYZER_L,E-commerce,Region,West,8141,122107.9,0.82
ciq_ecommerce,2025-09,2025-Q3,Petcare Diagnostics,PetLab Analyzer,PETLAB-ANALYZER_S,E-commerce,Region,West,10147,152203.55,0.82
ciq_ecommerce,2025-09,2025-Q3,Petcare Diagnostics,RapidVet Dx,RAPIDVET-DX_L,E-commerce,Region,West,11526,184413.22,0.82
ciq_ecommerce,2025-09,2025-Q3,Petcare Diagnostics,RapidVet Dx,RAPIDVET-DX_S,E-commerce,Region,West,16465,263446.04,0.82
ciq_ecommerce,2025-09,2025-Q3,Parasiticides,Simparica Trio,SIMPARICA-TRIO_L,E-commerce,Region,West,21850,611807.39,0.82
ciq_ecommerce,2025-09,2025-Q3,Parasiticides,Simparica Trio,SIMPARICA-TRIO_S,E-commerce,Region,West,31257,875196.47,0.82
ciq_ecommerce,2025-09,2025-Q3,Dermatology,SkinRelief Pro,SKINRELIEF-PRO_L,E-commerce,Region,West,5447,266884.44,0.82
ciq_ecommerce,2025-09,2025-Q3,Dermatology,SkinRelief Pro,SKINRELIEF-PRO_S,E-commerce,Region,West,8168,400222.24,0.82
ciq_ecommerce,2025-09,2025-Q3,Parasiticides,TickShield Plus,TICKSHIELD-PLUS_L,E-commerce,Region,West,17150,411600.36,0.82
ciq_ecommerce,2025-09,2025-Q3,Parasiticides,TickShield Plus,TICKSHIELD-PLUS_S,E-commerce,Region,West,21678,520278.03,0.82
ciq_ecommerce,2025-09,2025-Q3,Vaccines,Vanguard,VANGUARD_L,E-commerce,Region,West,8670,190735.59,0.82
ciq_ecommerce,2025-09,2025-Q3,Vaccines,Vanguard,VANGUARD_S,E-commerce,Region,West,11013,242293.6,0.82
ciq_ecommerce,2025-09,2025-Q3,Parasiticides,VectraGuard,VECTRAGUARD_L,E-commerce,Region,West,20795,540681.65,0.82
ciq_ecommerce,2025-09,2025-Q3,Parasiticides,VectraGuard,VECTRAGUARD_S,E-commerce,Region,West,29251,760529.13,0.82
ciq_ecommerce,2025-09,2025-Q3,Vaccines,VetGuard Immunize,VETGUARD-IMMUNIZE_L,E-commerce,Region,West,6903,131149.07,0.82
ciq_ecommerce,2025-09,2025-Q3,Vaccines,VetGuard Immunize,VETGUARD-IMMUNIZE_S,E-commerce,Region,West,9441,179372.25,0.82
ciq_ecommerce,2025-09,2025-Q3,Vaccines,VetSelect Core Vax,VETSELECT-CORE-VAX_L,E-commerce,Region,West,6650,93093.25,0.82
ciq_ecommerce,2025-09,2025-Q3,Vaccines,VetSelect Core Vax,VETSELECT-CORE-VAX_S,E-commerce,Region,West,9957,139401.78,0.82
ciq_ecommerce,2025-09,2025-Q3,Dermatology,VetSelect Derma,VETSELECT-DERMA_L,E-commerce,Region,West,6638,252260.48,0.82
ciq_ecommerce,2025-09,2025-Q3,Dermatology,VetSelect Derma,VETSELECT-DERMA_S,E-commerce,Region,West,9230,350723.25,0.82
ciq_ecommerce,2025-09,2025-Q3,Petcare Diagnostics,VetSelect Dx,VETSELECT-DX_L,E-commerce,Region,West,8483,101801.93,0.82
ciq_ecommerce,2025-09,2025-Q3,Petcare Diagnostics,VetSelect Dx,VETSELECT-DX_S,E-commerce,Region,West,10672,128067.19,0.82
ciq_ecommerce,2025-09,2025-Q3,Parasiticides,VetSelect Flea & Tick,VETSELECT-FLEA-TICK_L,E-commerce,Region,West,22797,387556.87,0.82
ciq_ecommerce,2025-09,2025-Q3,Parasiticides,VetSelect Flea & Tick,VETSELECT-FLEA-TICK_S,E-commerce,Region,West,32515,552750.41,0.82
ciq_ecommerce,2025-09,2025-Q3,Pain/Osteoarthritis,VetSelect Joint,VETSELECT-JOINT_L,E-commerce,Region,West,4475,129773.29,0.82
ciq_ecommerce,2025-09,2025-Q3,Pain/Osteoarthritis,VetSelect Joint,VETSELECT-JOINT_S,E-commerce,Region,West,6366,184626.2,0.82
ciq_ecommerce,2025-09,2025-Q3,Petcare Diagnostics,Vetscan,VETSCAN_L,E-commerce,Region,West,13019,234348.95,0.82
ciq_ecommerce,2025-09,2025-Q3,Petcare Diagnostics,Vetscan,VETSCAN_S,E-commerce,Region,West,17700,318601.42,0.82
ciq_ecommerce,2025-10,2025-Q4,Dermatology,AllerVet RX,ALLERVET-RX_L,E-commerce,National,National,27828,1502669.87,0.82
ciq_ecommerce,2025-10,2025-Q4,Dermatology,AllerVet RX,ALLERVET-RX_S,E-commerce,National,National,37735,2037700.88,0.82
ciq_ecommerce,2025-10,2025-Q4,Dermatology,Apoquel,APOQUEL_L,E-commerce,National,National,40655,2642520.04,0.82
ciq_ecommerce,2025-10,2025-Q4,Dermatology,Apoquel,APOQUEL_S,E-commerce,National,National,55445,3603983.12,0.82
ciq_ecommerce,2025-10,2025-Q4,Vaccines,BioShield Vax,BIOSHIELD-VAX_L,E-commerce,National,National,32289,645806.94,0.82
ciq_ecommerce,2025-10,2025-Q4,Vaccines,BioShield Vax,BIOSHIELD-VAX_S,E-commerce,National,National,44929,898594.35,0.82
ciq_ecommerce,2025-10,2025-Q4,Dermatology,DermaCalm,DERMACALM_L,E-commerce,National,National,29095,1687492.45,0.82
ciq_ecommerce,2025-10,2025-Q4,Dermatology,DermaCalm,DERMACALM_S,E-commerce,National,National,38799,2250346.58,0.82
ciq_ecommerce,2025-10,2025-Q4,Petcare Diagnostics,DiagnosTech Vet,DIAGNOSTECH-VET_L,E-commerce,National,National,58126,988143.99,0.82
ciq_ecommerce,2025-10,2025-Q4,Petcare Diagnostics,DiagnosTech Vet,DIAGNOSTECH-VET_S,E-commerce,National,National,79364,1349207.69,0.82
ciq_ecommerce,2025-10,2025-Q4,Parasiticides,FleaStop Pro,FLEASTOP-PRO_L,E-commerce,National,National,55342,1162175.64,0.82
ciq_ecommerce,2025-10,2025-Q4,Parasiticides,FleaStop Pro,FLEASTOP-PRO_S,E-commerce,National,National,76128,1598696.87,0.82
ciq_ecommerce,2025-10,2025-Q4,Pain/Osteoarthritis,FlexiCare Joint,FLEXICARE-JOINT_L,E-commerce,National,National,22133,973818.83,0.82
ciq_ecommerce,2025-10,2025-Q4,Pain/Osteoarthritis,FlexiCare Joint,FLEXICARE-JOINT_S,E-commerce,National,National,30662,1349131.68,0.82
ciq_ecommerce,2025-10,2025-Q4,Vaccines,ImmunoCore Canine,IMMUNOCORE-CANINE_L,E-commerce,National,National,37592,789414.3,0.82
ciq_ecommerce,2025-10,2025-Q4,Vaccines,ImmunoCore Canine,IMMUNOCORE-CANINE_S,E-commerce,National,National,52321,1098752.14,0.82
ciq_ecommerce,2025-10,2025-Q4,Pain/Osteoarthritis,Librela,LIBRELA_L,E-commerce,National,National,18674,896349.82,0.82
ciq_ecommerce,2025-10,2025-Q4,Pain/Osteoarthritis,Librela,LIBRELA_S,E-commerce,National,National,26183,1256789.12,0.82
ciq_ecommerce,2025-10,2025-Q4,Pain/Osteoarthritis,OsteoEase Vet,OSTEOEASE-VET_L,E-commerce,National,National,20197,828061.13,0.82
ciq_ecommerce,2025-10,2025-Q4,Pain/Osteoarthritis,OsteoEase Vet,OSTEOEASE-VET_S,E-commerce,National,National,27791,1139464.95,0.82
ciq_ecommerce,2025-10,2025-Q4,Pain/Osteoarthritis,PainAway Canine,PAINAWAY-CANINE_L,E-commerce,National,National,18633,689437.91,0.82
ciq_ecommerce,2025-10,2025-Q4,Pain/Osteoarthritis,PainAway Canine,PAINAWAY-CANINE_S,E-commerce,National,National,24929,922372.87,0.82
ciq_ecommerce,2025-10,2025-Q4,Petcare Diagnostics,PetLab Analyzer,PETLAB-ANALYZER_L,E-commerce,National,National,35876,538145.89,0.82
ciq_ecommerce,2025-10,2025-Q4,Petcare Diagnostics,PetLab Analyzer,PETLAB-ANALYZER_S,E-commerce,National,National,48976,734641.52,0.82
ciq_ecommerce,2025-10,2025-Q4,Petcare Diagnostics,RapidVet Dx,RAPIDVET-DX_L,E-commerce,National,National,54467,871461.07,0.82
ciq_ecommerce,2025-10,2025-Q4,Petcare Diagnostics,RapidVet Dx,RAPIDVET-DX_S,E-commerce,National,National,76383,1222127.57,0.82
ciq_ecommerce,2025-10,2025-Q4,Parasiticides,Simparica Trio,SIMPARICA-TRIO_L,E-commerce,National,National,87026,2436714.55,0.82
ciq_ecommerce,2025-10,2025-Q4,Parasiticides,Simparica Trio,SIMPARICA-TRIO_S,E-commerce,National,National,119324,3341051.91,0.82
ciq_ecommerce,2025-10,2025-Q4,Dermatology,SkinRelief Pro,SKINRELIEF-PRO_L,E-commerce,National,National,22424,1098801.02,0.82
ciq_ecommerce,2025-10,2025-Q4,Dermatology,SkinRelief Pro,SKINRELIEF-PRO_S,E-commerce,National,National,32848,1609565.49,0.82
ciq_ecommerce,2025-10,2025-Q4,Parasiticides,TickShield Plus,TICKSHIELD-PLUS_L,E-commerce,National,National,66019,1584446.1,0.82
ciq_ecommerce,2025-10,2025-Q4,Parasiticides,TickShield Plus,TICKSHIELD-PLUS_S,E-commerce,National,National,91813,2203491.75,0.82
ciq_ecommerce,2025-10,2025-Q4,Vaccines,Vanguard,VANGUARD_L,E-commerce,National,National,35302,776647.26,0.82
ciq_ecommerce,2025-10,2025-Q4,Vaccines,Vanguard,VANGUARD_S,E-commerce,National,National,50962,1121147.47,0.82
ciq_ecommerce,2025-10,2025-Q4,Parasiticides,VectraGuard,VECTRAGUARD_L,E-commerce,National,National,78702,2046251.31,0.82
ciq_ecommerce,2025-10,2025-Q4,Parasiticides,VectraGuard,VECTRAGUARD_S,E-commerce,National,National,107645,2798798.1,0.82
ciq_ecommerce,2025-10,2025-Q4,Vaccines,VetGuard Immunize,VETGUARD-IMMUNIZE_L,E-commerce,National,National,27238,517539.36,0.82
ciq_ecommerce,2025-10,2025-Q4,Vaccines,VetGuard Immunize,VETGUARD-IMMUNIZE_S,E-commerce,National,National,40331,766284.64,0.82
ciq_ecommerce,2025-10,2025-Q4,Vaccines,VetSelect Core Vax,VETSELECT-CORE-VAX_L,E-commerce,National,National,32179,450509.36,0.82
ciq_ecommerce,2025-10,2025-Q4,Vaccines,VetSelect Core Vax,VETSELECT-CORE-VAX_S,E-commerce,National,National,45832,641655.19,0.82
ciq_ecommerce,2025-10,2025-Q4,Dermatology,VetSelect Derma,VETSELECT-DERMA_L,E-commerce,National,National,25797,980279.18,0.82
ciq_ecommerce,2025-10,2025-Q4,Dermatology,VetSelect Derma,VETSELECT-DERMA_S,E-commerce,National,National,35164,1336251.34,0.82
ciq_ecommerce,2025-10,2025-Q4,Petcare Diagnostics,VetSelect Dx,VETSELECT-DX_L,E-commerce,National,National,35187,422244.57,0.82
ciq_ecommerce,2025-10,2025-Q4,Petcare Diagnostics,VetSelect Dx,VETSELECT-DX_S,E-commerce,National,National,45597,547166.3,0.82
ciq_ecommerce,2025-10,2025-Q4,Parasiticides,VetSelect Flea & Tick,VETSELECT-FLEA-TICK_L,E-commerce,National,National,92435,1571401.98,0.82
ciq_ecommerce,2025-10,2025-Q4,Parasiticides,VetSelect Flea & Tick,VETSELECT-FLEA-TICK_S,E-commerce,National,National,131140,2229401.78,0.82
ciq_ecommerce,2025-10,2025-Q4,Pain/Osteoarthritis,VetSelect Joint,VETSELECT-JOINT_L,E-commerce,National,National,20733,601269.44,0.82
ciq_ecommerce,2025-10,2025-Q4,Pain/Osteoarthritis,VetSelect Joint,VETSELECT-JOINT_S,E-commerce,National,National,30160,874641.92,0.82
ciq_ecommerce,2025-10,2025-Q4,Petcare Diagnostics,Vetscan,VETSCAN_L,E-commerce,National,National,59031,1062568.53,0.82
ciq_ecommerce,2025-10,2025-Q4,Petcare Diagnostics,Vetscan,VETSCAN_S,E-commerce,National,National,80422,1447611.78,0.82
ciq_ecommerce,2025-10,2025-Q4,Dermatology,AllerVet RX,ALLERVET-RX_L,E-commerce,Region,Midwest,5980,322909.98,0.82
ciq_ecommerce,2025-10,2025-Q4,Dermatology,AllerVet RX,ALLERVET-RX_S,E-commerce,Region,Midwest,7583,409501.87,0.82
ciq_ecommerce,2025-10,2025-Q4,Dermatology,Apoquel,APOQUEL_L,E-commerce,Region,Midwest,8579,557624.27,0.82
ciq_ecommerce,2025-10,2025-Q4,Dermatology,Apoquel,APOQUEL_S,E-commerce,Region,Midwest,12194,792611.1,0.82
ciq_ecommerce,2025-10,2025-Q4,Vaccines,BioShield Vax,BIOSHIELD-VAX_L,E-commerce,Region,Midwest,6330,126604.45,0.82
ciq_ecommerce,2025-10,2025-Q4,Vaccines,BioShield Vax,BIOSHIELD-VAX_S,E-commerce,Region,Midwest,8912,178244.19,0.82
ciq_ecommerce,2025-10,2025-Q4,Dermatology,DermaCalm,DERMACALM_L,E-commerce,Region,Midwest,6314,366190.75,0.82
ciq_ecommerce,2025-10,2025-Q4,Dermatology,DermaCalm,DERMACALM_S,E-commerce,Region,Midwest,8462,490768.75,0.82
ciq_ecommerce,2025-10,2025-Q4,Petcare Diagnostics,DiagnosTech Vet,DIAGNOSTECH-VET_L,E-commerce,Region,Midwest,11599,197191.46,0.82
ciq_ecommerce,2025-10,2025-Q4,Petcare Diagnostics,DiagnosTech Vet,DIAGNOSTECH-VET_S,E-commerce,Region,Midwest,15740,267586.93,0.82
ciq_ecommerce,2025-10,2025-Q4,Parasiticides,FleaStop Pro,FLEASTOP-PRO_L,E-commerce,Region,Midwest,11101,233117.17,0.82
ciq_ecommerce,2025-10,2025-Q4,Parasiticides,FleaStop Pro,FLEASTOP-PRO_S,E-commerce,Region,Midwest,15745,330638.82,0.82
ciq_ecommerce,2025-10,2025-Q4,Pain/Osteoarthritis,FlexiCare Joint,FLEXICARE-JOINT_L,E-commerce,Region,Midwest,4765,209664.05,0.82
ciq_ecommerce,2025-10,2025-Q4,Pain/Osteoarthritis,FlexiCare Joint,FLEXICARE-JOINT_S,E-commerce,Region,Midwest,6380,280729.65,0.82
ciq_ecommerce,2025-10,2025-Q4,Vaccines,ImmunoCore Canine,IMMUNOCORE-CANINE_L,E-commerce,Region,Midwest,7413,155664.83,0.82
ciq_ecommerce,2025-10,2025-Q4,Vaccines,ImmunoCore Canine,IMMUNOCORE-CANINE_S,E-commerce,Region,Midwest,10541,221362.2,0.82
ciq_ecommerce,2025-10,2025-Q4,Pain/Osteoarthritis,Librela,LIBRELA_L,E-commerce,Region,Midwest,3954,189811.95,0.82
ciq_ecommerce,2025-10,2025-Q4,Pain/Osteoarthritis,Librela,LIBRELA_S,E-commerce,Region,Midwest,5537,265764.05,0.82
ciq_ecommerce,2025-10,2025-Q4,Pain/Osteoarthritis,OsteoEase Vet,OSTEOEASE-VET_L,E-commerce,Region,Midwest,4179,171320.99,0.82
ciq_ecommerce,2025-10,2025-Q4,Pain/Osteoarthritis,OsteoEase Vet,OSTEOEASE-VET_S,E-commerce,Region,Midwest,6229,255405.18,0.82
ciq_ecommerce,2025-10,2025-Q4,Pain/Osteoarthritis,PainAway Canine,PAINAWAY-CANINE_L,E-commerce,Region,Midwest,3595,133017.52,0.82
ciq_ecommerce,2025-10,2025-Q4,Pain/Osteoarthritis,PainAway Canine,PAINAWAY-CANINE_S,E-commerce,Region,Midwest,5126,189658.7,0.82
ciq_ecommerce,2025-10,2025-Q4,Petcare Diagnostics,PetLab Analyzer,PETLAB-ANALYZER_L,E-commerce,Region,Midwest,7497,112458.76,0.82
ciq_ecommerce,2025-10,2025-Q4,Petcare Diagnostics,PetLab Analyzer,PETLAB-ANALYZER_S,E-commerce,Region,Midwest,10952,164283.98,0.82
ciq_ecommerce,2025-10,2025-Q4,Petcare Diagnostics,RapidVet Dx,RAPIDVET-DX_L,E-commerce,Region,Midwest,11439,183020.39,0.82
ciq_ecommerce,2025-10,2025-Q4,Petcare Diagnostics,RapidVet Dx,RAPIDVET-DX_S,E-commerce,Region,Midwest,14875,238004.0,0.82
ciq_ecommerce,2025-10,2025-Q4,Parasiticides,Simparica Trio,SIMPARICA-TRIO_L,E-commerce,Region,Midwest,18057,505602.01,0.82
ciq_ecommerce,2025-10,2025-Q4,Parasiticides,Simparica Trio,SIMPARICA-TRIO_S,E-commerce,Region,Midwest,24436,684207.26,0.82
ciq_ecommerce,2025-10,2025-Q4,Dermatology,SkinRelief Pro,SKINRELIEF-PRO_L,E-commerce,Region,Midwest,4397,215464.23,0.82
ciq_ecommerce,2025-10,2025-Q4,Dermatology,SkinRelief Pro,SKINRELIEF-PRO_S,E-commerce,Region,Midwest,6640,325357.53,0.82
ciq_ecommerce,2025-10,2025-Q4,Parasiticides,TickShield Plus,TICKSHIELD-PLUS_L,E-commerce,Region,Midwest,14399,345564.11,0.82
ciq_ecommerce,2025-10,2025-Q4,Parasiticides,TickShield Plus,TICKSHIELD-PLUS_S,E-commerce,Region,Midwest,19852,476451.38,0.82
ciq_ecommerce,2025-10,2025-Q4,Vaccines,Vanguard,VANGUARD_L,E-commerce,Region,Midwest,7540,165879.65,0.82
ciq_ecommerce,2025-10,2025-Q4,Vaccines,Vanguard,VANGUARD_S,E-commerce,Region,Midwest,10710,235613.09,0.82
ciq_ecommerce,2025-10,2025-Q4,Parasiticides,VectraGuard,VECTRAGUARD_L,E-commerce,Region,Midwest,16992,441784.12,0.82
ciq_ecommerce,2025-10,2025-Q4,Parasiticides,VectraGuard,VECTRAGUARD_S,E-commerce,Region,Midwest,23780,618280.46,0.82
ciq_ecommerce,2025-10,2025-Q4,Vaccines,VetGuard Immunize,VETGUARD-IMMUNIZE_L,E-commerce,Region,Midwest,5784,109904.94,0.82
ciq_ecommerce,2025-10,2025-Q4,Vaccines,VetGuard Immunize,VETGUARD-IMMUNIZE_S,E-commerce,Region,Midwest,8819,167554.37,0.82
ciq_ecommerce,2025-10,2025-Q4,Vaccines,VetSelect Core Vax,VETSELECT-CORE-VAX_L,E-commerce,Region,Midwest,7158,100214.9,0.82
ciq_ecommerce,2025-10,2025-Q4,Vaccines,VetSelect Core Vax,VETSELECT-CORE-VAX_S,E-commerce,Region,Midwest,9300,130205.39,0.82
ciq_ecommerce,2025-10,2025-Q4,Dermatology,VetSelect Derma,VETSELECT-DERMA_L,E-commerce,Region,Midwest,5503,209132.11,0.82
ciq_ecommerce,2025-10,2025-Q4,Dermatology,VetSelect Derma,VETSELECT-DERMA_S,E-commerce,Region,Midwest,7776,295494.15,0.82
ciq_ecommerce,2025-10,2025-Q4,Petcare Diagnostics,VetSelect Dx,VETSELECT-DX_L,E-commerce,Region,Midwest,7206,86467.5,0.82
ciq_ecommerce,2025-10,2025-Q4,Petcare Diagnostics,VetSelect Dx,VETSELECT-DX_S,E-commerce,Region,Midwest,9910,118920.63,0.82
ciq_ecommerce,2025-10,2025-Q4,Parasiticides,VetSelect Flea & Tick,VETSELECT-FLEA-TICK_L,E-commerce,Region,Midwest,18609,316360.59,0.82
ciq_ecommerce,2025-10,2025-Q4,Parasiticides,VetSelect Flea & Tick,VETSELECT-FLEA-TICK_S,E-commerce,Region,Midwest,26643,452939.14,0.82
ciq_ecommerce,2025-10,2025-Q4,Pain/Osteoarthritis,VetSelect Joint,VETSELECT-JOINT_L,E-commerce,Region,Midwest,4482,129982.99,0.82
ciq_ecommerce,2025-10,2025-Q4,Pain/Osteoarthritis,VetSelect Joint,VETSELECT-JOINT_S,E-commerce,Region,Midwest,6405,185742.58,0.82
ciq_ecommerce,2025-10,2025-Q4,Petcare Diagnostics,Vetscan,VETSCAN_L,E-commerce,Region,Midwest,13378,240800.93,0.82
ciq_ecommerce,2025-10,2025-Q4,Petcare Diagnostics,Vetscan,VETSCAN_S,E-commerce,Region,Midwest,16523,297416.81,0.82
ciq_ecommerce,2025-10,2025-Q4,Dermatology,AllerVet RX,ALLERVET-RX_L,E-commerce,Region,Northeast,6454,348516.74,0.82
ciq_ecommerce,2025-10,2025-Q4,Dermatology,AllerVet RX,ALLERVET-RX_S,E-commerce,Region,Northeast,8595,464122.09,0.82
ciq_ecommerce,2025-10,2025-Q4,Dermatology,Apoquel,APOQUEL_L,E-commerce,Region,Northeast,9075,589843.05,0.82
ciq_ecommerce,2025-10,2025-Q4,Dermatology,Apoquel,APOQUEL_S,E-commerce,Region,Northeast,12099,786437.82,0.82
ciq_ecommerce,2025-10,2025-Q4,Vaccines,BioShield Vax,BIOSHIELD-VAX_L,E-commerce,Region,Northeast,6689,133789.69,0.82
ciq_ecommerce,2025-10,2025-Q4,Vaccines,BioShield Vax,BIOSHIELD-VAX_S,E-commerce,Region,Northeast,9842,196835.85,0.82
ciq_ecommerce,2025-10,2025-Q4,Dermatology,DermaCalm,DERMACALM_L,E-commerce,Region,Northeast,6356,368634.55,0.82
ciq_ecommerce,2025-10,2025-Q4,Dermatology,DermaCalm,DERMACALM_S,E-commerce,Region,Northeast,8729,506295.69,0.82
ciq_ecommerce,2025-10,2025-Q4,Petcare Diagnostics,DiagnosTech Vet,DIAGNOSTECH-VET_L,E-commerce,Region,Northeast,13166,223818.75,0.82
ciq_ecommerce,2025-10,2025-Q4,Petcare Diagnostics,DiagnosTech Vet,DIAGNOSTECH-VET_S,E-commerce,Region,Northeast,18435,313401.11,0.82
ciq_ecommerce,2025-10,2025-Q4,Parasiticides,FleaStop Pro,FLEASTOP-PRO_L,E-commerce,Region,Northeast,12374,259845.77,0.82
ciq_ecommerce,2025-10,2025-Q4,Parasiticides,FleaStop Pro,FLEASTOP-PRO_S,E-commerce,Region,Northeast,15343,322211.18,0.82
ciq_ecommerce,2025-10,2025-Q4,Pain/Osteoarthritis,FlexiCare Joint,FLEXICARE-JOINT_L,E-commerce,Region,Northeast,5202,228886.98,0.82
ciq_ecommerce,2025-10,2025-Q4,Pain/Osteoarthritis,FlexiCare Joint,FLEXICARE-JOINT_S,E-commerce,Region,Northeast,6501,286029.78,0.82
ciq_ecommerce,2025-10,2025-Q4,Vaccines,ImmunoCore Canine,IMMUNOCORE-CANINE_L,E-commerce,Region,Northeast,8905,187009.44,0.82
ciq_ecommerce,2025-10,2025-Q4,Vaccines,ImmunoCore Canine,IMMUNOCORE-CANINE_S,E-commerce,Region,Northeast,11760,246964.35,0.82
ciq_ecommerce,2025-10,2025-Q4,Pain/Osteoarthritis,Librela,LIBRELA_L,E-commerce,Region,Northeast,4282,205526.21,0.82
ciq_ecommerce,2025-10,2025-Q4,Pain/Osteoarthritis,Librela,LIBRELA_S,E-commerce,Region,Northeast,5946,285388.48,0.82
ciq_ecommerce,2025-10,2025-Q4,Pain/Osteoarthritis,OsteoEase Vet,OSTEOEASE-VET_L,E-commerce,Region,Northeast,4352,178415.92,0.82
ciq_ecommerce,2025-10,2025-Q4,Pain/Osteoarthritis,OsteoEase Vet,OSTEOEASE-VET_S,E-commerce,Region,Northeast,5730,234939.29,0.82
ciq_ecommerce,2025-10,2025-Q4,Pain/Osteoarthritis,PainAway Canine,PAINAWAY-CANINE_L,E-commerce,Region,Northeast,3968,146813.94,0.82
ciq_ecommerce,2025-10,2025-Q4,Pain/Osteoarthritis,PainAway Canine,PAINAWAY-CANINE_S,E-commerce,Region,Northeast,5399,199762.17,0.82
ciq_ecommerce,2025-10,2025-Q4,Petcare Diagnostics,PetLab Analyzer,PETLAB-ANALYZER_L,E-commerce,Region,Northeast,7798,116968.92,0.82
ciq_ecommerce,2025-10,2025-Q4,Petcare Diagnostics,PetLab Analyzer,PETLAB-ANALYZER_S,E-commerce,Region,Northeast,10922,163833.04,0.82
ciq_ecommerce,2025-10,2025-Q4,Petcare Diagnostics,RapidVet Dx,RAPIDVET-DX_L,E-commerce,Region,Northeast,11537,184596.64,0.82
ciq_ecommerce,2025-10,2025-Q4,Petcare Diagnostics,RapidVet Dx,RAPIDVET-DX_S,E-commerce,Region,Northeast,17004,272056.51,0.82
ciq_ecommerce,2025-10,2025-Q4,Parasiticides,Simparica Trio,SIMPARICA-TRIO_L,E-commerce,Region,Northeast,19766,553445.9,0.82
ciq_ecommerce,2025-10,2025-Q4,Parasiticides,Simparica Trio,SIMPARICA-TRIO_S,E-commerce,Region,Northeast,26123,731436.7,0.82
ciq_ecommerce,2025-10,2025-Q4,Dermatology,SkinRelief Pro,SKINRELIEF-PRO_L,E-commerce,Region,Northeast,5224,255985.38,0.82
ciq_ecommerce,2025-10,2025-Q4,Dermatology,SkinRelief Pro,SKINRELIEF-PRO_S,E-commerce,Region,Northeast,7004,343189.73,0.82
ciq_ecommerce,2025-10,2025-Q4,Parasiticides,TickShield Plus,TICKSHIELD-PLUS_L,E-commerce,Region,Northeast,14312,343488.64,0.82
ciq_ecommerce,2025-10,2025-Q4,Parasiticides,TickShield Plus,TICKSHIELD-PLUS_S,E-commerce,Region,Northeast,21035,504828.17,0.82
ciq_ecommerce,2025-10,2025-Q4,Vaccines,Vanguard,VANGUARD_L,E-commerce,Region,Northeast,7931,174477.34,0.82
ciq_ecommerce,2025-10,2025-Q4,Vaccines,Vanguard,VANGUARD_S,E-commerce,Region,Northeast,11007,242151.25,0.82
ciq_ecommerce,2025-10,2025-Q4,Parasiticides,VectraGuard,VECTRAGUARD_L,E-commerce,Region,Northeast,17142,445700.01,0.82
ciq_ecommerce,2025-10,2025-Q4,Parasiticides,VectraGuard,VECTRAGUARD_S,E-commerce,Region,Northeast,21312,554123.58,0.82
ciq_ecommerce,2025-10,2025-Q4,Vaccines,VetGuard Immunize,VETGUARD-IMMUNIZE_L,E-commerce,Region,Northeast,6306,119811.22,0.82
ciq_ecommerce,2025-10,2025-Q4,Vaccines,VetGuard Immunize,VETGUARD-IMMUNIZE_S,E-commerce,Region,Northeast,9160,174039.78,0.82
ciq_ecommerce,2025-10,2025-Q4,Vaccines,VetSelect Core Vax,VETSELECT-CORE-VAX_L,E-commerce,Region,Northeast,6803,95235.85,0.82
ciq_ecommerce,2025-10,2025-Q4,Vaccines,VetSelect Core Vax,VETSELECT-CORE-VAX_S,E-commerce,Region,Northeast,9953,139338.8,0.82
ciq_ecommerce,2025-10,2025-Q4,Dermatology,VetSelect Derma,VETSELECT-DERMA_L,E-commerce,Region,Northeast,5603,212908.52,0.82
ciq_ecommerce,2025-10,2025-Q4,Dermatology,VetSelect Derma,VETSELECT-DERMA_S,E-commerce,Region,Northeast,7925,301165.84,0.82
ciq_ecommerce,2025-10,2025-Q4,Petcare Diagnostics,VetSelect Dx,VETSELECT-DX_L,E-commerce,Region,Northeast,7760,93124.35,0.82
ciq_ecommerce,2025-10,2025-Q4,Petcare Diagnostics,VetSelect Dx,VETSELECT-DX_S,E-commerce,Region,Northeast,10464,125570.3,0.82
ciq_ecommerce,2025-10,2025-Q4,Parasiticides,VetSelect Flea & Tick,VETSELECT-FLEA-TICK_L,E-commerce,Region,Northeast,19147,325492.07,0.82
ciq_ecommerce,2025-10,2025-Q4,Parasiticides,VetSelect Flea & Tick,VETSELECT-FLEA-TICK_S,E-commerce,Region,Northeast,26331,447633.17,0.82
ciq_ecommerce,2025-10,2025-Q4,Pain/Osteoarthritis,VetSelect Joint,VETSELECT-JOINT_L,E-commerce,Region,Northeast,4705,136454.45,0.82
ciq_ecommerce,2025-10,2025-Q4,Pain/Osteoarthritis,VetSelect Joint,VETSELECT-JOINT_S,E-commerce,Region,Northeast,6914,200513.96,0.82
ciq_ecommerce,2025-10,2025-Q4,Petcare Diagnostics,Vetscan,VETSCAN_L,E-commerce,Region,Northeast,12126,218269.56,0.82
ciq_ecommerce,2025-10,2025-Q4,Petcare Diagnostics,Vetscan,VETSCAN_S,E-commerce,Region,Northeast,17338,312084.49,0.82
ciq_ecommerce,2025-10,2025-Q4,Dermatology,AllerVet RX,ALLERVET-RX_L,E-commerce,Region,South,9220,497863.72,0.82
ciq_ecommerce,2025-10,2025-Q4,Dermatology,AllerVet RX,ALLERVET-RX_S,E-commerce,Region,South,12457,672655.77,0.82
ciq_ecommerce,2025-10,2025-Q4,Dermatology,Apoquel,APOQUEL_L,E-commerce,Region,South,13129,853395.15,0.82
ciq_ecommerce,2025-10,2025-Q4,Dermatology,Apoquel,APOQUEL_S,E-commerce,Region,South,18622,1210452.96,0.82
ciq_ecommerce,2025-10,2025-Q4,Vaccines,BioShield Vax,BIOSHIELD-VAX_L,E-commerce,Region,South,11809,236186.22,0.82
ciq_ecommerce,2025-10,2025-Q4,Vaccines,BioShield Vax,BIOSHIELD-VAX_S,E-commerce,Region,South,16550,331004.35,0.82
ciq_ecommerce,2025-10,2025-Q4,Dermatology,DermaCalm,DERMACALM_L,E-commerce,Region,South,9834,570375.93,0.82
ciq_ecommerce,2025-10,2025-Q4,Dermatology,DermaCalm,DERMACALM_S,E-commerce,Region,South,12574,729293.53,0.82
ciq_ecommerce,2025-10,2025-Q4,Petcare Diagnostics,DiagnosTech Vet,DIAGNOSTECH-VET_L,E-commerce,Region,South,19714,335134.75,0.82
ciq_ecommerce,2025-10,2025-Q4,Petcare Diagnostics,DiagnosTech Vet,DIAGNOSTECH-VET_S,E-commerce,Region,South,26120,444039.25,0.82
ciq_ecommerce,2025-10,2025-Q4,Parasiticides,FleaStop Pro,FLEASTOP-PRO_L,E-commerce,Region,South,19638,412406.87,0.82
ciq_ecommerce,2025-10,2025-Q4,Parasiticides,FleaStop Pro,FLEASTOP-PRO_S,E-commerce,Region,South,26708,560878.14,0.82
ciq_ecommerce,2025-10,2025-Q4,Pain/Osteoarthritis,FlexiCare Joint,FLEXICARE-JOINT_L,E-commerce,Region,South,7405,325804.94,0.82
ciq_ecommerce,2025-10,2025-Q4,Pain/Osteoarthritis,FlexiCare Joint,FLEXICARE-JOINT_S,E-commerce,Region,South,10954,481994.78,0.82
ciq_ecommerce,2025-10,2025-Q4,Vaccines,ImmunoCore Canine,IMMUNOCORE-CANINE_L,E-commerce,Region,South,12704,266775.2,0.82
ciq_ecommerce,2025-10,2025-Q4,Vaccines,ImmunoCore Canine,IMMUNOCORE-CANINE_S,E-commerce,Region,South,18330,384935.86,0.82
ciq_ecommerce,2025-10,2025-Q4,Pain/Osteoarthritis,Librela,LIBRELA_L,E-commerce,Region,South,6029,289378.15,0.82
ciq_ecommerce,2025-10,2025-Q4,Pain/Osteoarthritis,Librela,LIBRELA_S,E-commerce,Region,South,8848,424723.54,0.82
ciq_ecommerce,2025-10,2025-Q4,Pain/Osteoarthritis,OsteoEase Vet,OSTEOEASE-VET_L,E-commerce,Region,South,6815,279418.81,0.82
ciq_ecommerce,2025-10,2025-Q4,Pain/Osteoarthritis,OsteoEase Vet,OSTEOEASE-VET_S,E-commerce,Region,South,9533,390852.35,0.82
ciq_ecommerce,2025-10,2025-Q4,Pain/Osteoarthritis,PainAway Canine,PAINAWAY-CANINE_L,E-commerce,Region,South,6637,245581.05,0.82
ciq_ecommerce,2025-10,2025-Q4,Pain/Osteoarthritis,PainAway Canine,PAINAWAY-CANINE_S,E-commerce,Region,South,8608,318494.64,0.82
ciq_ecommerce,2025-10,2025-Q4,Petcare Diagnostics,PetLab Analyzer,PETLAB-ANALYZER_L,E-commerce,Region,South,12717,190759.12,0.82
ciq_ecommerce,2025-10,2025-Q4,Petcare Diagnostics,PetLab Analyzer,PETLAB-ANALYZER_S,E-commerce,Region,South,16646,249690.64,0.82
ciq_ecommerce,2025-10,2025-Q4,Petcare Diagnostics,RapidVet Dx,RAPIDVET-DX_L,E-commerce,Region,South,19076,305210.32,0.82
ciq_ecommerce,2025-10,2025-Q4,Petcare Diagnostics,RapidVet Dx,RAPIDVET-DX_S,E-commerce,Region,South,27099,433582.08,0.82
ciq_ecommerce,2025-10,2025-Q4,Parasiticides,Simparica Trio,SIMPARICA-TRIO_L,E-commerce,Region,South,29225,818290.71,0.82
ciq_ecommerce,2025-10,2025-Q4,Parasiticides,Simparica Trio,SIMPARICA-TRIO_S,E-commerce,Region,South,40947,1146507.21,0.82
ciq_ecommerce,2025-10,2025-Q4,Dermatology,SkinRelief Pro,SKINRELIEF-PRO_L,E-commerce,Region,South,7273,356398.81,0.82
ciq_ecommerce,2025-10,2025-Q4,Dermatology,SkinRelief Pro,SKINRELIEF-PRO_S,E-commerce,Region,South,11462,561648.71,0.82
ciq_ecommerce,2025-10,2025-Q4,Parasiticides,TickShield Plus,TICKSHIELD-PLUS_L,E-commerce,Region,South,23086,554069.79,0.82
ciq_ecommerce,2025-10,2025-Q4,Parasiticides,TickShield Plus,TICKSHIELD-PLUS_S,E-commerce,Region,South,31036,744859.51,0.82
ciq_ecommerce,2025-10,2025-Q4,Vaccines,Vanguard,VANGUARD_L,E-commerce,Region,South,11453,251972.83,0.82
ciq_ecommerce,2025-10,2025-Q4,Vaccines,Vanguard,VANGUARD_S,E-commerce,Region,South,17605,387299.14,0.82
ciq_ecommerce,2025-10,2025-Q4,Parasiticides,VectraGuard,VECTRAGUARD_L,E-commerce,Region,South,27194,707032.26,0.82
ciq_ecommerce,2025-10,2025-Q4,Parasiticides,VectraGuard,VECTRAGUARD_S,E-commerce,Region,South,39913,1037750.72,0.82
ciq_ecommerce,2025-10,2025-Q4,Vaccines,VetGuard Immunize,VETGUARD-IMMUNIZE_L,E-commerce,Region,South,8596,163328.2,0.82
ciq_ecommerce,2025-10,2025-Q4,Vaccines,VetGuard Immunize,VETGUARD-IMMUNIZE_S,E-commerce,Region,South,13902,264141.78,0.82
ciq_ecommerce,2025-10,2025-Q4,Vaccines,VetSelect Core Vax,VETSELECT-CORE-VAX_L,E-commerce,Region,South,10951,153319.91,0.82
ciq_ecommerce,2025-10,2025-Q4,Vaccines,VetSelect Core Vax,VETSELECT-CORE-VAX_S,E-commerce,Region,South,15995,223931.73,0.82
ciq_ecommerce,2025-10,2025-Q4,Dermatology,VetSelect Derma,VETSELECT-DERMA_L,E-commerce,Region,South,8429,320289.87,0.82
ciq_ecommerce,2025-10,2025-Q4,Dermatology,VetSelect Derma,VETSELECT-DERMA_S,E-commerce,Region,South,11920,452964.65,0.82
ciq_ecommerce,2025-10,2025-Q4,Petcare Diagnostics,VetSelect Dx,VETSELECT-DX_L,E-commerce,Region,South,11694,140332.35,0.82
ciq_ecommerce,2025-10,2025-Q4,Petcare Diagnostics,VetSelect Dx,VETSELECT-DX_S,E-commerce,Region,South,14718,176610.34,0.82
ciq_ecommerce,2025-10,2025-Q4,Parasiticides,VetSelect Flea & Tick,VETSELECT-FLEA-TICK_L,E-commerce,Region,South,32396,550739.42,0.82
ciq_ecommerce,2025-10,2025-Q4,Parasiticides,VetSelect Flea & Tick,VETSELECT-FLEA-TICK_S,E-commerce,Region,South,46520,790844.78,0.82
ciq_ecommerce,2025-10,2025-Q4,Pain/Osteoarthritis,VetSelect Joint,VETSELECT-JOINT_L,E-commerce,Region,South,7246,210140.41,0.82
ciq_ecommerce,2025-10,2025-Q4,Pain/Osteoarthritis,VetSelect Joint,VETSELECT-JOINT_S,E-commerce,Region,South,10369,300711.52,0.82
ciq_ecommerce,2025-10,2025-Q4,Petcare Diagnostics,Vetscan,VETSCAN_L,E-commerce,Region,South,19721,354985.71,0.82
ciq_ecommerce,2025-10,2025-Q4,Petcare Diagnostics,Vetscan,VETSCAN_S,E-commerce,Region,South,27406,493316.99,0.82
ciq_ecommerce,2025-10,2025-Q4,Dermatology,AllerVet RX,ALLERVET-RX_L,E-commerce,Region,West,6174,333379.43,0.82
ciq_ecommerce,2025-10,2025-Q4,Dermatology,AllerVet RX,ALLERVET-RX_S,E-commerce,Region,West,9100,491421.15,0.82
ciq_ecommerce,2025-10,2025-Q4,Dermatology,Apoquel,APOQUEL_L,E-commerce,Region,West,9872,641657.57,0.82
ciq_ecommerce,2025-10,2025-Q4,Dermatology,Apoquel,APOQUEL_S,E-commerce,Region,West,12530,814481.24,0.82
ciq_ecommerce,2025-10,2025-Q4,Vaccines,BioShield Vax,BIOSHIELD-VAX_L,E-commerce,Region,West,7461,149226.58,0.82
ciq_ecommerce,2025-10,2025-Q4,Vaccines,BioShield Vax,BIOSHIELD-VAX_S,E-commerce,Region,West,9625,192509.96,0.82
ciq_ecommerce,2025-10,2025-Q4,Dermatology,DermaCalm,DERMACALM_L,E-commerce,Region,West,6591,382291.22,0.82
ciq_ecommerce,2025-10,2025-Q4,Dermatology,DermaCalm,DERMACALM_S,E-commerce,Region,West,9034,523988.61,0.82
ciq_ecommerce,2025-10,2025-Q4,Petcare Diagnostics,DiagnosTech Vet,DIAGNOSTECH-VET_L,E-commerce,Region,West,13647,231999.03,0.82
ciq_ecommerce,2025-10,2025-Q4,Petcare Diagnostics,DiagnosTech Vet,DIAGNOSTECH-VET_S,E-commerce,Region,West,19069,324180.4,0.82
ciq_ecommerce,2025-10,2025-Q4,Parasiticides,FleaStop Pro,FLEASTOP-PRO_L,E-commerce,Region,West,12229,256805.83,0.82
ciq_ecommerce,2025-10,2025-Q4,Parasiticides,FleaStop Pro,FLEASTOP-PRO_S,E-commerce,Region,West,18332,384968.73,0.82
ciq_ecommerce,2025-10,2025-Q4,Pain/Osteoarthritis,FlexiCare Joint,FLEXICARE-JOINT_L,E-commerce,Region,West,4761,209462.86,0.82
ciq_ecommerce,2025-10,2025-Q4,Pain/Osteoarthritis,FlexiCare Joint,FLEXICARE-JOINT_S,E-commerce,Region,West,6827,300377.47,0.82
ciq_ecommerce,2025-10,2025-Q4,Vaccines,ImmunoCore Canine,IMMUNOCORE-CANINE_L,E-commerce,Region,West,8570,179964.83,0.82
ciq_ecommerce,2025-10,2025-Q4,Vaccines,ImmunoCore Canine,IMMUNOCORE-CANINE_S,E-commerce,Region,West,11690,245489.73,0.82
ciq_ecommerce,2025-10,2025-Q4,Pain/Osteoarthritis,Librela,LIBRELA_L,E-commerce,Region,West,4409,211633.51,0.82
ciq_ecommerce,2025-10,2025-Q4,Pain/Osteoarthritis,Librela,LIBRELA_S,E-commerce,Region,West,5852,280913.05,0.82
ciq_ecommerce,2025-10,2025-Q4,Pain/Osteoarthritis,OsteoEase Vet,OSTEOEASE-VET_L,E-commerce,Region,West,4851,198905.41,0.82
ciq_ecommerce,2025-10,2025-Q4,Pain/Osteoarthritis,OsteoEase Vet,OSTEOEASE-VET_S,E-commerce,Region,West,6299,258268.13,0.82
ciq_ecommerce,2025-10,2025-Q4,Pain/Osteoarthritis,PainAway Canine,PAINAWAY-CANINE_L,E-commerce,Region,West,4433,164025.4,0.82
ciq_ecommerce,2025-10,2025-Q4,Pain/Osteoarthritis,PainAway Canine,PAINAWAY-CANINE_S,E-commerce,Region,West,5796,214457.36,0.82
ciq_ecommerce,2025-10,2025-Q4,Petcare Diagnostics,PetLab Analyzer,PETLAB-ANALYZER_L,E-commerce,Region,West,7864,117959.09,0.82
ciq_ecommerce,2025-10,2025-Q4,Petcare Diagnostics,PetLab Analyzer,PETLAB-ANALYZER_S,E-commerce,Region,West,10456,156833.86,0.82
ciq_ecommerce,2025-10,2025-Q4,Petcare Diagnostics,RapidVet Dx,RAPIDVET-DX_L,E-commerce,Region,West,12415,198633.72,0.82
ciq_ecommerce,2025-10,2025-Q4,Petcare Diagnostics,RapidVet Dx,RAPIDVET-DX_S,E-commerce,Region,West,17405,278484.98,0.82
ciq_ecommerce,2025-10,2025-Q4,Parasiticides,Simparica Trio,SIMPARICA-TRIO_L,E-commerce,Region,West,19978,559375.93,0.82
ciq_ecommerce,2025-10,2025-Q4,Parasiticides,Simparica Trio,SIMPARICA-TRIO_S,E-commerce,Region,West,27818,778900.74,0.82
ciq_ecommerce,2025-10,2025-Q4,Dermatology,SkinRelief Pro,SKINRELIEF-PRO_L,E-commerce,Region,West,5530,270952.6,0.82
ciq_ecommerce,2025-10,2025-Q4,Dermatology,SkinRelief Pro,SKINRELIEF-PRO_S,E-commerce,Region,West,7742,379369.52,0.82
ciq_ecommerce,2025-10,2025-Q4,Parasiticides,TickShield Plus,TICKSHIELD-PLUS_L,E-commerce,Region,West,14222,341323.56,0.82
ciq_ecommerce,2025-10,2025-Q4,Parasiticides,TickShield Plus,TICKSHIELD-PLUS_S,E-commerce,Region,West,19890,477352.69,0.82
ciq_ecommerce,2025-10,2025-Q4,Vaccines,Vanguard,VANGUARD_L,E-commerce,Region,West,8378,184317.44,0.82
ciq_ecommerce,2025-10,2025-Q4,Vaccines,Vanguard,VANGUARD_S,E-commerce,Region,West,11640,256083.99,0.82
ciq_ecommerce,2025-10,2025-Q4,Parasiticides,VectraGuard,VECTRAGUARD_L,E-commerce,Region,West,17374,451734.92,0.82
ciq_ecommerce,2025-10,2025-Q4,Parasiticides,VectraGuard,VECTRAGUARD_S,E-commerce,Region,West,22640,588643.34,0.82
ciq_ecommerce,2025-10,2025-Q4,Vaccines,VetGuard Immunize,VETGUARD-IMMUNIZE_L,E-commerce,Region,West,6552,124495.0,0.82
ciq_ecommerce,2025-10,2025-Q4,Vaccines,VetGuard Immunize,VETGUARD-IMMUNIZE_S,E-commerce,Region,West,8450,160548.71,0.82
ciq_ecommerce,2025-10,2025-Q4,Vaccines,VetSelect Core Vax,VETSELECT-CORE-VAX_L,E-commerce,Region,West,7267,101738.7,0.82
ciq_ecommerce,2025-10,2025-Q4,Vaccines,VetSelect Core Vax,VETSELECT-CORE-VAX_S,E-commerce,Region,West,10584,148179.27,0.82
ciq_ecommerce,2025-10,2025-Q4,Dermatology,VetSelect Derma,VETSELECT-DERMA_L,E-commerce,Region,West,6262,237948.68,0.82
ciq_ecommerce,2025-10,2025-Q4,Dermatology,VetSelect Derma,VETSELECT-DERMA_S,E-commerce,Region,West,7543,286626.7,0.82
ciq_ecommerce,2025-10,2025-Q4,Petcare Diagnostics,VetSelect Dx,VETSELECT-DX_L,E-commerce,Region,West,8527,102320.37,0.82
ciq_ecommerce,2025-10,2025-Q4,Petcare Diagnostics,VetSelect Dx,VETSELECT-DX_S,E-commerce,Region,West,10505,126065.03,0.82
ciq_ecommerce,2025-10,2025-Q4,Parasiticides,VetSelect Flea & Tick,VETSELECT-FLEA-TICK_L,E-commerce,Region,West,22283,378809.9,0.82
ciq_ecommerce,2025-10,2025-Q4,Parasiticides,VetSelect Flea & Tick,VETSELECT-FLEA-TICK_S,E-commerce,Region,West,31646,537984.69,0.82
ciq_ecommerce,2025-10,2025-Q4,Pain/Osteoarthritis,VetSelect Joint,VETSELECT-JOINT_L,E-commerce,Region,West,4300,124691.59,0.82
ciq_ecommerce,2025-10,2025-Q4,Pain/Osteoarthritis,VetSelect Joint,VETSELECT-JOINT_S,E-commerce,Region,West,6472,187673.86,0.82
ciq_ecommerce,2025-10,2025-Q4,Petcare Diagnostics,Vetscan,VETSCAN_L,E-commerce,Region,West,13806,248512.33,0.82
ciq_ecommerce,2025-10,2025-Q4,Petcare Diagnostics,Vetscan,VETSCAN_S,E-commerce,Region,West,19155,344793.49,0.82
ciq_ecommerce,2025-11,2025-Q4,Dermatology,AllerVet RX,ALLERVET-RX_L,E-commerce,National,National,26051,1406706.96,0.82
ciq_ecommerce,2025-11,2025-Q4,Dermatology,AllerVet RX,ALLERVET-RX_S,E-commerce,National,National,34895,1884373.82,0.82
ciq_ecommerce,2025-11,2025-Q4,Dermatology,Apoquel,APOQUEL_L,E-commerce,National,National,35833,2329154.31,0.82
ciq_ecommerce,2025-11,2025-Q4,Dermatology,Apoquel,APOQUEL_S,E-commerce,National,National,48248,3136082.6,0.82
ciq_ecommerce,2025-11,2025-Q4,Vaccines,BioShield Vax,BIOSHIELD-VAX_L,E-commerce,National,National,32617,652344.2,0.82
ciq_ecommerce,2025-11,2025-Q4,Vaccines,BioShield Vax,BIOSHIELD-VAX_S,E-commerce,National,National,45985,919696.27,0.82
ciq_ecommerce,2025-11,2025-Q4,Dermatology,DermaCalm,DERMACALM_L,E-commerce,National,National,28250,1638440.58,0.82
ciq_ecommerce,2025-11,2025-Q4,Dermatology,DermaCalm,DERMACALM_S,E-commerce,National,National,36848,2137250.5,0.82
ciq_ecommerce,2025-11,2025-Q4,Petcare Diagnostics,DiagnosTech Vet,DIAGNOSTECH-VET_L,E-commerce,National,National,60021,1020342.8,0.82
ciq_ecommerce,2025-11,2025-Q4,Petcare Diagnostics,DiagnosTech Vet,DIAGNOSTECH-VET_S,E-commerce,National,National,82249,1398236.1,0.82
ciq_ecommerce,2025-11,2025-Q4,Parasiticides,FleaStop Pro,FLEASTOP-PRO_L,E-commerce,National,National,48961,1028191.8,0.82
ciq_ecommerce,2025-11,2025-Q4,Parasiticides,FleaStop Pro,FLEASTOP-PRO_S,E-commerce,National,National,64779,1360359.66,0.82
ciq_ecommerce,2025-11,2025-Q4,Pain/Osteoarthritis,FlexiCare Joint,FLEXICARE-JOINT_L,E-commerce,National,National,22868,1006206.1,0.82
ciq_ecommerce,2025-11,2025-Q4,Pain/Osteoarthritis,FlexiCare Joint,FLEXICARE-JOINT_S,E-commerce,National,National,32405,1425822.94,0.82
ciq_ecommerce,2025-11,2025-Q4,Vaccines,ImmunoCore Canine,IMMUNOCORE-CANINE_L,E-commerce,National,National,39039,819828.81,0.82
ciq_ecommerce,2025-11,2025-Q4,Vaccines,ImmunoCore Canine,IMMUNOCORE-CANINE_S,E-commerce,National,National,52761,1107981.14,0.82
ciq_ecommerce,2025-11,2025-Q4,Pain/Osteoarthritis,Librela,LIBRELA_L,E-commerce,National,National,21235,1019293.69,0.82
ciq_ecommerce,2025-11,2025-Q4,Pain/Osteoarthritis,Librela,LIBRELA_S,E-commerce,National,National,28661,1375715.69,0.82
ciq_ecommerce,2025-11,2025-Q4,Pain/Osteoarthritis,OsteoEase Vet,OSTEOEASE-VET_L,E-commerce,National,National,21381,876657.0,0.82
ciq_ecommerce,2025-11,2025-Q4,Pain/Osteoarthritis,OsteoEase Vet,OSTEOEASE-VET_S,E-commerce,National,National,28977,1188061.16,0.82
ciq_ecommerce,2025-11,2025-Q4,Pain/Osteoarthritis,PainAway Canine,PAINAWAY-CANINE_L,E-commerce,National,National,19471,720481.15,0.82
ciq_ecommerce,2025-11,2025-Q4,Pain/Osteoarthritis,PainAway Canine,PAINAWAY-CANINE_S,E-commerce,National,National,26906,995487.93,0.82
ciq_ecommerce,2025-11,2025-Q4,Petcare Diagnostics,PetLab Analyzer,PETLAB-ANALYZER_L,E-commerce,National,National,36779,551683.99,0.82
ciq_ecommerce,2025-11,2025-Q4,Petcare Diagnostics,PetLab Analyzer,PETLAB-ANALYZER_S,E-commerce,National,National,50973,764606.37,0.82
ciq_ecommerce,2025-11,2025-Q4,Petcare Diagnostics,RapidVet Dx,RAPIDVET-DX_L,E-commerce,National,National,54697,875139.63,0.82
ciq_ecommerce,2025-11,2025-Q4,Petcare Diagnostics,RapidVet Dx,RAPIDVET-DX_S,E-commerce,National,National,74847,1197545.67,0.82
ciq_ecommerce,2025-11,2025-Q4,Parasiticides,Simparica Trio,SIMPARICA-TRIO_L,E-commerce,National,National,76056,2129567.45,0.82
ciq_ecommerce,2025-11,2025-Q4,Parasiticides,Simparica Trio,SIMPARICA-TRIO_S,E-commerce,National,National,107201,3001646.83,0.82
ciq_ecommerce,2025-11,2025-Q4,Dermatology,SkinRelief Pro,SKINRELIEF-PRO_L,E-commerce,National,National,21672,1061920.62,0.82
ciq_ecommerce,2025-11,2025-Q4,Dermatology,SkinRelief Pro,SKINRELIEF-PRO_S,E-commerce,National,National,29263,1433888.41,0.82
ciq_ecommerce,2025-11,2025-Q4,Parasiticides,TickShield Plus,TICKSHIELD-PLUS_L,E-commerce,National,National,55096,1322304.84,0.82
ciq_ecommerce,2025-11,2025-Q4,Parasiticides,TickShield Plus,TICKSHIELD-PLUS_S,E-commerce,National,National,73450,1762776.68,0.82
ciq_ecommerce,2025-11,2025-Q4,Vaccines,Vanguard,VANGUARD_L,E-commerce,National,National,36242,797311.54,0.82
ciq_ecommerce,2025-11,2025-Q4,Vaccines,Vanguard,VANGUARD_S,E-commerce,National,National,50467,1110268.01,0.82
ciq_ecommerce,2025-11,2025-Q4,Parasiticides,VectraGuard,VECTRAGUARD_L,E-commerce,National,National,61437,1597371.96,0.82
ciq_ecommerce,2025-11,2025-Q4,Parasiticides,VectraGuard,VECTRAGUARD_S,E-commerce,National,National,84165,2188275.09,0.82
ciq_ecommerce,2025-11,2025-Q4,Vaccines,VetGuard Immunize,VETGUARD-IMMUNIZE_L,E-commerce,National,National,29019,551353.83,0.82
ciq_ecommerce,2025-11,2025-Q4,Vaccines,VetGuard Immunize,VETGUARD-IMMUNIZE_S,E-commerce,National,National,40069,761291.11,0.82
ciq_ecommerce,2025-11,2025-Q4,Vaccines,VetSelect Core Vax,VETSELECT-CORE-VAX_L,E-commerce,National,National,33280,465907.9,0.82
ciq_ecommerce,2025-11,2025-Q4,Vaccines,VetSelect Core Vax,VETSELECT-CORE-VAX_S,E-commerce,National,National,43753,612536.01,0.82
ciq_ecommerce,2025-11,2025-Q4,Dermatology,VetSelect Derma,VETSELECT-DERMA_L,E-commerce,National,National,25002,950076.79,0.82
ciq_ecommerce,2025-11,2025-Q4,Dermatology,VetSelect Derma,VETSELECT-DERMA_S,E-commerce,National,National,33731,1281759.6,0.82
ciq_ecommerce,2025-11,2025-Q4,Petcare Diagnostics,VetSelect Dx,VETSELECT-DX_L,E-commerce,National,National,32918,395012.07,0.82
ciq_ecommerce,2025-11,2025-Q4,Petcare Diagnostics,VetSelect Dx,VETSELECT-DX_S,E-commerce,National,National,47602,571226.98,0.82
ciq_ecommerce,2025-11,2025-Q4,Parasiticides,VetSelect Flea & Tick,VETSELECT-FLEA-TICK_L,E-commerce,National,National,75487,1283271.83,0.82
ciq_ecommerce,2025-11,2025-Q4,Parasiticides,VetSelect Flea & Tick,VETSELECT-FLEA-TICK_S,E-commerce,National,National,109508,1861634.42,0.82
ciq_ecommerce,2025-11,2025-Q4,Pain/Osteoarthritis,VetSelect Joint,VETSELECT-JOINT_L,E-commerce,National,National,22600,655414.78,0.82
ciq_ecommerce,2025-11,2025-Q4,Pain/Osteoarthritis,VetSelect Joint,VETSELECT-JOINT_S,E-commerce,National,National,30941,897277.1,0.82
ciq_ecommerce,2025-11,2025-Q4,Petcare Diagnostics,Vetscan,VETSCAN_L,E-commerce,National,National,59974,1079529.23,0.82
ciq_ecommerce,2025-11,2025-Q4,Petcare Diagnostics,Vetscan,VETSCAN_S,E-commerce,National,National,78106,1405918.97,0.82
ciq_ecommerce,2025-11,2025-Q4,Dermatology,AllerVet RX,ALLERVET-RX_L,E-commerce,Region,Midwest,5745,310206.68,0.82
ciq_ecommerce,2025-11,2025-Q4,Dermatology,AllerVet RX,ALLERVET-RX_S,E-commerce,Region,Midwest,7338,396235.04,0.82
ciq_ecommerce,2025-11,2025-Q4,Dermatology,Apoquel,APOQUEL_L,E-commerce,Region,Midwest,7118,462676.17,0.82
ciq_ecommerce,2025-11,2025-Q4,Dermatology,Apoquel,APOQUEL_S,E-commerce,Region,Midwest,10183,661866.0,0.82
ciq_ecommerce,2025-11,2025-Q4,Vaccines,BioShield Vax,BIOSHIELD-VAX_L,E-commerce,Region,Midwest,6900,138003.37,0.82
ciq_ecommerce,2025-11,2025-Q4,Vaccines,BioShield Vax,BIOSHIELD-VAX_S,E-commerce,Region,Midwest,9323,186450.45,0.82
ciq_ecommerce,2025-11,2025-Q4,Dermatology,DermaCalm,DERMACALM_L,E-commerce,Region,Midwest,5663,328441.08,0.82
ciq_ecommerce,2025-11,2025-Q4,Dermatology,DermaCalm,DERMACALM_S,E-commerce,Region,Midwest,7321,424639.94,0.82
ciq_ecommerce,2025-11,2025-Q4,Petcare Diagnostics,DiagnosTech Vet,DIAGNOSTECH-VET_L,E-commerce,Region,Midwest,12425,211218.03,0.82
ciq_ecommerce,2025-11,2025-Q4,Petcare Diagnostics,DiagnosTech Vet,DIAGNOSTECH-VET_S,E-commerce,Region,Midwest,15846,269389.26,0.82
ciq_ecommerce,2025-11,2025-Q4,Parasiticides,FleaStop Pro,FLEASTOP-PRO_L,E-commerce,Region,Midwest,10237,214985.3,0.82
ciq_ecommerce,2025-11,2025-Q4,Parasiticides,FleaStop Pro,FLEASTOP-PRO_S,E-commerce,Region,Midwest,13546,284468.54,0.82
ciq_ecommerce,2025-11,2025-Q4,Pain/Osteoarthritis,FlexiCare Joint,FLEXICARE-JOINT_L,E-commerce,Region,Midwest,4452,195902.41,0.82
ciq_ecommerce,2025-11,2025-Q4,Pain/Osteoarthritis,FlexiCare Joint,FLEXICARE-JOINT_S,E-commerce,Region,Midwest,6775,298117.32,0.82
ciq_ecommerce,2025-11,2025-Q4,Vaccines,ImmunoCore Canine,IMMUNOCORE-CANINE_L,E-commerce,Region,Midwest,8429,177018.69,0.82
ciq_ecommerce,2025-11,2025-Q4,Vaccines,ImmunoCore Canine,IMMUNOCORE-CANINE_S,E-commerce,Region,Midwest,12107,254243.72,0.82
ciq_ecommerce,2025-11,2025-Q4,Pain/Osteoarthritis,Librela,LIBRELA_L,E-commerce,Region,Midwest,4369,209709.88,0.82
ciq_ecommerce,2025-11,2025-Q4,Pain/Osteoarthritis,Librela,LIBRELA_S,E-commerce,Region,Midwest,6059,290819.42,0.82
ciq_ecommerce,2025-11,2025-Q4,Pain/Osteoarthritis,OsteoEase Vet,OSTEOEASE-VET_L,E-commerce,Region,Midwest,4356,178616.46,0.82
ciq_ecommerce,2025-11,2025-Q4,Pain/Osteoarthritis,OsteoEase Vet,OSTEOEASE-VET_S,E-commerce,Region,Midwest,6366,260994.53,0.82
ciq_ecommerce,2025-11,2025-Q4,Pain/Osteoarthritis,PainAway Canine,PAINAWAY-CANINE_L,E-commerce,Region,Midwest,4003,148119.48,0.82
ciq_ecommerce,2025-11,2025-Q4,Pain/Osteoarthritis,PainAway Canine,PAINAWAY-CANINE_S,E-commerce,Region,Midwest,5568,206023.38,0.82
ciq_ecommerce,2025-11,2025-Q4,Petcare Diagnostics,PetLab Analyzer,PETLAB-ANALYZER_L,E-commerce,Region,Midwest,43166,647460.02,0.82
ciq_ecommerce,2025-11,2025-Q4,Petcare Diagnostics,PetLab Analyzer,PETLAB-ANALYZER_S,E-commerce,Region,Midwest,55896,838454.31,0.82
ciq_ecommerce,2025-11,2025-Q4,Petcare Diagnostics,RapidVet Dx,RAPIDVET-DX_L,E-commerce,Region,Midwest,11506,184096.59,0.82
ciq_ecommerce,2025-11,2025-Q4,Petcare Diagnostics,RapidVet Dx,RAPIDVET-DX_S,E-commerce,Region,Midwest,15220,243515.95,0.82
ciq_ecommerce,2025-11,2025-Q4,Parasiticides,Simparica Trio,SIMPARICA-TRIO_L,E-commerce,Region,Midwest,15295,428248.5,0.82
ciq_ecommerce,2025-11,2025-Q4,Parasiticides,Simparica Trio,SIMPARICA-TRIO_S,E-commerce,Region,Midwest,20505,574149.96,0.82
ciq_ecommerce,2025-11,2025-Q4,Dermatology,SkinRelief Pro,SKINRELIEF-PRO_L,E-commerce,Region,Midwest,4662,228427.1,0.82
ciq_ecommerce,2025-11,2025-Q4,Dermatology,SkinRelief Pro,SKINRELIEF-PRO_S,E-commerce,Region,Midwest,6189,303249.71,0.82
ciq_ecommerce,2025-11,2025-Q4,Parasiticides,TickShield Plus,TICKSHIELD-PLUS_L,E-commerce,Region,Midwest,12268,294432.96,0.82
ciq_ecommerce,2025-11,2025-Q4,Parasiticides,TickShield Plus,TICKSHIELD-PLUS_S,E-commerce,Region,Midwest,16273,390554.56,0.82
ciq_ecommerce,2025-11,2025-Q4,Vaccines,Vanguard,VANGUARD_L,E-commerce,Region,Midwest,7281,160184.4,0.82
ciq_ecommerce,2025-11,2025-Q4,Vaccines,Vanguard,VANGUARD_S,E-commerce,Region,Midwest,10704,235489.84,0.82
ciq_ecommerce,2025-11,2025-Q4,Parasiticides,VectraGuard,VECTRAGUARD_L,E-commerce,Region,Midwest,12621,328156.36,0.82
ciq_ecommerce,2025-11,2025-Q4,Parasiticides,VectraGuard,VECTRAGUARD_S,E-commerce,Region,Midwest,18475,480352.03,0.82
ciq_ecommerce,2025-11,2025-Q4,Vaccines,VetGuard Immunize,VETGUARD-IMMUNIZE_L,E-commerce,Region,Midwest,5804,110283.03,0.82
ciq_ecommerce,2025-11,2025-Q4,Vaccines,VetGuard Immunize,VETGUARD-IMMUNIZE_S,E-commerce,Region,Midwest,7952,151089.65,0.82
ciq_ecommerce,2025-11,2025-Q4,Vaccines,VetSelect Core Vax,VETSELECT-CORE-VAX_L,E-commerce,Region,Midwest,6765,94706.13,0.82
ciq_ecommerce,2025-11,2025-Q4,Vaccines,VetSelect Core Vax,VETSELECT-CORE-VAX_S,E-commerce,Region,Midwest,9059,126819.34,0.82
ciq_ecommerce,2025-11,2025-Q4,Dermatology,VetSelect Derma,VETSELECT-DERMA_L,E-commerce,Region,Midwest,5418,205899.07,0.82
ciq_ecommerce,2025-11,2025-Q4,Dermatology,VetSelect Derma,VETSELECT-DERMA_S,E-commerce,Region,Midwest,6976,265083.62,0.82
ciq_ecommerce,2025-11,2025-Q4,Petcare Diagnostics,VetSelect Dx,VETSELECT-DX_L,E-commerce,Region,Midwest,7008,84098.64,0.82
ciq_ecommerce,2025-11,2025-Q4,Petcare Diagnostics,VetSelect Dx,VETSELECT-DX_S,E-commerce,Region,Midwest,9868,118420.64,0.82
ciq_ecommerce,2025-11,2025-Q4,Parasiticides,VetSelect Flea & Tick,VETSELECT-FLEA-TICK_L,E-commerce,Region,Midwest,16391,278655.01,0.82
ciq_ecommerce,2025-11,2025-Q4,Parasiticides,VetSelect Flea & Tick,VETSELECT-FLEA-TICK_S,E-commerce,Region,Midwest,23123,393088.21,0.82
ciq_ecommerce,2025-11,2025-Q4,Pain/Osteoarthritis,VetSelect Joint,VETSELECT-JOINT_L,E-commerce,Region,Midwest,4664,135250.04,0.82
ciq_ecommerce,2025-11,2025-Q4,Pain/Osteoarthritis,VetSelect Joint,VETSELECT-JOINT_S,E-commerce,Region,Midwest,6083,176402.51,0.82
ciq_ecommerce,2025-11,2025-Q4,Petcare Diagnostics,Vetscan,VETSCAN_L,E-commerce,Region,Midwest,11142,200561.71,0.82
ciq_ecommerce,2025-11,2025-Q4,Petcare Diagnostics,Vetscan,VETSCAN_S,E-commerce,Region,Midwest,15668,282020.39,0.82
ciq_ecommerce,2025-11,2025-Q4,Dermatology,AllerVet RX,ALLERVET-RX_L,E-commerce,Region,Northeast,5679,306642.09,0.82
ciq_ecommerce,2025-11,2025-Q4,Dermatology,AllerVet RX,ALLERVET-RX_S,E-commerce,Region,Northeast,8051,434778.97,0.82
ciq_ecommerce,2025-11,2025-Q4,Dermatology,Apoquel,APOQUEL_L,E-commerce,Region,Northeast,8011,520741.42,0.82
ciq_ecommerce,2025-11,2025-Q4,Dermatology,Apoquel,APOQUEL_S,E-commerce,Region,Northeast,10189,662303.32,0.82
ciq_ecommerce,2025-11,2025-Q4,Vaccines,BioShield Vax,BIOSHIELD-VAX_L,E-commerce,Region,Northeast,7272,145441.65,0.82
ciq_ecommerce,2025-11,2025-Q4,Vaccines,BioShield Vax,BIOSHIELD-VAX_S,E-commerce,Region,Northeast,9654,193071.88,0.82
ciq_ecommerce,2025-11,2025-Q4,Dermatology,DermaCalm,DERMACALM_L,E-commerce,Region,Northeast,6021,349206.22,0.82
ciq_ecommerce,2025-11,2025-Q4,Dermatology,DermaCalm,DERMACALM_S,E-commerce,Region,Northeast,8317,482406.17,0.82
ciq_ecommerce,2025-11,2025-Q4,Petcare Diagnostics,DiagnosTech Vet,DIAGNOSTECH-VET_L,E-commerce,Region,Northeast,12627,214662.4,0.82
ciq_ecommerce,2025-11,2025-Q4,Petcare Diagnostics,DiagnosTech Vet,DIAGNOSTECH-VET_S,E-commerce,Region,Northeast,18070,307182.43,0.82
ciq_ecommerce,2025-11,2025-Q4,Parasiticides,FleaStop Pro,FLEASTOP-PRO_L,E-commerce,Region,Northeast,10851,227878.59,0.82
ciq_ecommerce,2025-11,2025-Q4,Parasiticides,FleaStop Pro,FLEASTOP-PRO_S,E-commerce,Region,Northeast,14870,312262.3,0.82
ciq_ecommerce,2025-11,2025-Q4,Pain/Osteoarthritis,FlexiCare Joint,FLEXICARE-JOINT_L,E-commerce,Region,Northeast,5157,226901.23,0.82
ciq_ecommerce,2025-11,2025-Q4,Pain/Osteoarthritis,FlexiCare Joint,FLEXICARE-JOINT_S,E-commerce,Region,Northeast,6988,307453.09,0.82
ciq_ecommerce,2025-11,2025-Q4,Vaccines,ImmunoCore Canine,IMMUNOCORE-CANINE_L,E-commerce,Region,Northeast,8722,183169.0,0.82
ciq_ecommerce,2025-11,2025-Q4,Vaccines,ImmunoCore Canine,IMMUNOCORE-CANINE_S,E-commerce,Region,Northeast,11910,250108.42,0.82
ciq_ecommerce,2025-11,2025-Q4,Pain/Osteoarthritis,Librela,LIBRELA_L,E-commerce,Region,Northeast,362,17366.33,0.82
ciq_ecommerce,2025-11,2025-Q4,Pain/Osteoarthritis,Librela,LIBRELA_S,E-commerce,Region,Northeast,486,23327.04,0.82
ciq_ecommerce,2025-11,2025-Q4,Pain/Osteoarthritis,OsteoEase Vet,OSTEOEASE-VET_L,E-commerce,Region,Northeast,4916,201562.7,0.82
ciq_ecommerce,2025-11,2025-Q4,Pain/Osteoarthritis,OsteoEase Vet,OSTEOEASE-VET_S,E-commerce,Region,Northeast,6103,250234.67,0.82
ciq_ecommerce,2025-11,2025-Q4,Pain/Osteoarthritis,PainAway Canine,PAINAWAY-CANINE_L,E-commerce,Region,Northeast,4183,154785.93,0.82
ciq_ecommerce,2025-11,2025-Q4,Pain/Osteoarthritis,PainAway Canine,PAINAWAY-CANINE_S,E-commerce,Region,Northeast,5700,210886.4,0.82
ciq_ecommerce,2025-11,2025-Q4,Petcare Diagnostics,PetLab Analyzer,PETLAB-ANALYZER_L,E-commerce,Region,Northeast,8015,120225.37,0.82
ciq_ecommerce,2025-11,2025-Q4,Petcare Diagnostics,PetLab Analyzer,PETLAB-ANALYZER_S,E-commerce,Region,Northeast,11071,166071.54,0.82
ciq_ecommerce,2025-11,2025-Q4,Petcare Diagnostics,RapidVet Dx,RAPIDVET-DX_L,E-commerce,Region,Northeast,11644,186299.42,0.82
ciq_ecommerce,2025-11,2025-Q4,Petcare Diagnostics,RapidVet Dx,RAPIDVET-DX_S,E-commerce,Region,Northeast,15459,247350.84,0.82
ciq_ecommerce,2025-11,2025-Q4,Parasiticides,Simparica Trio,SIMPARICA-TRIO_L,E-commerce,Region,Northeast,16224,454261.77,0.82
ciq_ecommerce,2025-11,2025-Q4,Parasiticides,Simparica Trio,SIMPARICA-TRIO_S,E-commerce,Region,Northeast,23857,668004.18,0.82
ciq_ecommerce,2025-11,2025-Q4,Dermatology,SkinRelief Pro,SKINRELIEF-PRO_L,E-commerce,Region,Northeast,4678,229208.42,0.82
ciq_ecommerce,2025-11,2025-Q4,Dermatology,SkinRelief Pro,SKINRELIEF-PRO_S,E-commerce,Region,Northeast,6361,311709.8,0.82
ciq_ecommerce,2025-11,2025-Q4,Parasiticides,TickShield Plus,TICKSHIELD-PLUS_L,E-commerce,Region,Northeast,12368,296839.29,0.82
ciq_ecommerce,2025-11,2025-Q4,Parasiticides,TickShield Plus,TICKSHIELD-PLUS_S,E-commerce,Region,Northeast,15201,364816.76,0.82
ciq_ecommerce,2025-11,2025-Q4,Vaccines,Vanguard,VANGUARD_L,E-commerce,Region,Northeast,7671,168765.24,0.82
ciq_ecommerce,2025-11,2025-Q4,Vaccines,Vanguard,VANGUARD_S,E-commerce,Region,Northeast,10224,224929.83,0.82
ciq_ecommerce,2025-11,2025-Q4,Parasiticides,VectraGuard,VECTRAGUARD_L,E-commerce,Region,Northeast,13376,347783.08,0.82
ciq_ecommerce,2025-11,2025-Q4,Parasiticides,VectraGuard,VECTRAGUARD_S,E-commerce,Region,Northeast,19164,498259.42,0.82
ciq_ecommerce,2025-11,2025-Q4,Vaccines,VetGuard Immunize,VETGUARD-IMMUNIZE_L,E-commerce,Region,Northeast,6956,132156.92,0.82
ciq_ecommerce,2025-11,2025-Q4,Vaccines,VetGuard Immunize,VETGUARD-IMMUNIZE_S,E-commerce,Region,Northeast,9711,184502.82,0.82
ciq_ecommerce,2025-11,2025-Q4,Vaccines,VetSelect Core Vax,VETSELECT-CORE-VAX_L,E-commerce,Region,Northeast,7659,107230.04,0.82
ciq_ecommerce,2025-11,2025-Q4,Vaccines,VetSelect Core Vax,VETSELECT-CORE-VAX_S,E-commerce,Region,Northeast,8924,124936.17,0.82
ciq_ecommerce,2025-11,2025-Q4,Dermatology,VetSelect Derma,VETSELECT-DERMA_L,E-commerce,Region,Northeast,5436,206569.05,0.82
ciq_ecommerce,2025-11,2025-Q4,Dermatology,VetSelect Derma,VETSELECT-DERMA_S,E-commerce,Region,Northeast,7723,293463.13,0.82
ciq_ecommerce,2025-11,2025-Q4,Petcare Diagnostics,VetSelect Dx,VETSELECT-DX_L,E-commerce,Region,Northeast,7207,86478.74,0.82
ciq_ecommerce,2025-11,2025-Q4,Petcare Diagnostics,VetSelect Dx,VETSELECT-DX_S,E-commerce,Region,Northeast,9880,118555.69,0.82
ciq_ecommerce,2025-11,2025-Q4,Parasiticides,VetSelect Flea & Tick,VETSELECT-FLEA-TICK_L,E-commerce,Region,Northeast,16575,281768.46,0.82
ciq_ecommerce,2025-11,2025-Q4,Parasiticides,VetSelect Flea & Tick,VETSELECT-FLEA-TICK_S,E-commerce,Region,Northeast,24154,410615.14,0.82
ciq_ecommerce,2025-11,2025-Q4,Pain/Osteoarthritis,VetSelect Joint,VETSELECT-JOINT_L,E-commerce,Region,Northeast,5179,150195.2,0.82
ciq_ecommerce,2025-11,2025-Q4,Pain/Osteoarthritis,VetSelect Joint,VETSELECT-JOINT_S,E-commerce,Region,Northeast,6780,196626.98,0.82
ciq_ecommerce,2025-11,2025-Q4,Petcare Diagnostics,Vetscan,VETSCAN_L,E-commerce,Region,Northeast,13432,241769.12,0.82
ciq_ecommerce,2025-11,2025-Q4,Petcare Diagnostics,Vetscan,VETSCAN_S,E-commerce,Region,Northeast,18039,324704.18,0.82
ciq_ecommerce,2025-11,2025-Q4,Dermatology,AllerVet RX,ALLERVET-RX_L,E-commerce,Region,South,8584,463553.65,0.82
ciq_ecommerce,2025-11,2025-Q4,Dermatology,AllerVet RX,ALLERVET-RX_S,E-commerce,Region,South,11446,618094.2,0.82
ciq_ecommerce,2025-11,2025-Q4,Dermatology,Apoquel,APOQUEL_L,E-commerce,Region,South,12056,783635.25,0.82
ciq_ecommerce,2025-11,2025-Q4,Dermatology,Apoquel,APOQUEL_S,E-commerce,Region,South,17282,1123319.54,0.82
ciq_ecommerce,2025-11,2025-Q4,Vaccines,BioShield Vax,BIOSHIELD-VAX_L,E-commerce,Region,South,11250,225006.62,0.82
ciq_ecommerce,2025-11,2025-Q4,Vaccines,BioShield Vax,BIOSHIELD-VAX_S,E-commerce,Region,South,16243,324864.77,0.82
ciq_ecommerce,2025-11,2025-Q4,Dermatology,DermaCalm,DERMACALM_L,E-commerce,Region,South,9683,561592.16,0.82
ciq_ecommerce,2025-11,2025-Q4,Dermatology,DermaCalm,DERMACALM_S,E-commerce,Region,South,12763,740251.24,0.82
ciq_ecommerce,2025-11,2025-Q4,Petcare Diagnostics,DiagnosTech Vet,DIAGNOSTECH-VET_L,E-commerce,Region,South,20307,345213.06,0.82
ciq_ecommerce,2025-11,2025-Q4,Petcare Diagnostics,DiagnosTech Vet,DIAGNOSTECH-VET_S,E-commerce,Region,South,29511,501691.58,0.82
ciq_ecommerce,2025-11,2025-Q4,Parasiticides,FleaStop Pro,FLEASTOP-PRO_L,E-commerce,Region,South,16530,347126.15,0.82
ciq_ecommerce,2025-11,2025-Q4,Parasiticides,FleaStop Pro,FLEASTOP-PRO_S,E-commerce,Region,South,21398,449366.17,0.82
ciq_ecommerce,2025-11,2025-Q4,Pain/Osteoarthritis,FlexiCare Joint,FLEXICARE-JOINT_L,E-commerce,Region,South,7818,343999.88,0.82
ciq_ecommerce,2025-11,2025-Q4,Pain/Osteoarthritis,FlexiCare Joint,FLEXICARE-JOINT_S,E-commerce,Region,South,10899,479539.42,0.82
ciq_ecommerce,2025-11,2025-Q4,Vaccines,ImmunoCore Canine,IMMUNOCORE-CANINE_L,E-commerce,Region,South,12379,259962.19,0.82
ciq_ecommerce,2025-11,2025-Q4,Vaccines,ImmunoCore Canine,IMMUNOCORE-CANINE_S,E-commerce,Region,South,17174,360656.21,0.82
ciq_ecommerce,2025-11,2025-Q4,Pain/Osteoarthritis,Librela,LIBRELA_L,E-commerce,Region,South,7360,353296.54,0.82
ciq_ecommerce,2025-11,2025-Q4,Pain/Osteoarthritis,Librela,LIBRELA_S,E-commerce,Region,South,9910,475666.23,0.82
ciq_ecommerce,2025-11,2025-Q4,Pain/Osteoarthritis,OsteoEase Vet,OSTEOEASE-VET_L,E-commerce,Region,South,7190,294790.37,0.82
ciq_ecommerce,2025-11,2025-Q4,Pain/Osteoarthritis,OsteoEase Vet,OSTEOEASE-VET_S,E-commerce,Region,South,9495,389290.31,0.82
ciq_ecommerce,2025-11,2025-Q4,Pain/Osteoarthritis,PainAway Canine,PAINAWAY-CANINE_L,E-commerce,Region,South,6795,251432.45,0.82
ciq_ecommerce,2025-11,2025-Q4,Pain/Osteoarthritis,PainAway Canine,PAINAWAY-CANINE_S,E-commerce,Region,South,9319,344789.51,0.82
ciq_ecommerce,2025-11,2025-Q4,Petcare Diagnostics,PetLab Analyzer,PETLAB-ANALYZER_L,E-commerce,Region,South,11937,179052.61,0.82
ciq_ecommerce,2025-11,2025-Q4,Petcare Diagnostics,PetLab Analyzer,PETLAB-ANALYZER_S,E-commerce,Region,South,17996,269935.45,0.82
ciq_ecommerce,2025-11,2025-Q4,Petcare Diagnostics,RapidVet Dx,RAPIDVET-DX_L,E-commerce,Region,South,18764,300222.32,0.82
ciq_ecommerce,2025-11,2025-Q4,Petcare Diagnostics,RapidVet Dx,RAPIDVET-DX_S,E-commerce,Region,South,26618,425881.37,0.82
ciq_ecommerce,2025-11,2025-Q4,Parasiticides,Simparica Trio,SIMPARICA-TRIO_L,E-commerce,Region,South,25763,721375.63,0.82
ciq_ecommerce,2025-11,2025-Q4,Parasiticides,Simparica Trio,SIMPARICA-TRIO_S,E-commerce,Region,South,37473,1049248.0,0.82
ciq_ecommerce,2025-11,2025-Q4,Dermatology,SkinRelief Pro,SKINRELIEF-PRO_L,E-commerce,Region,South,7453,365209.7,0.82
ciq_ecommerce,2025-11,2025-Q4,Dermatology,SkinRelief Pro,SKINRELIEF-PRO_S,E-commerce,Region,South,10111,495414.88,0.82
ciq_ecommerce,2025-11,2025-Q4,Parasiticides,TickShield Plus,TICKSHIELD-PLUS_L,E-commerce,Region,South,18708,448994.2,0.82
ciq_ecommerce,2025-11,2025-Q4,Parasiticides,TickShield Plus,TICKSHIELD-PLUS_S,E-commerce,Region,South,25269,606444.72,0.82
ciq_ecommerce,2025-11,2025-Q4,Vaccines,Vanguard,VANGUARD_L,E-commerce,Region,South,13184,290037.36,0.82
ciq_ecommerce,2025-11,2025-Q4,Vaccines,Vanguard,VANGUARD_S,E-commerce,Region,South,18112,398455.07,0.82
ciq_ecommerce,2025-11,2025-Q4,Parasiticides,VectraGuard,VECTRAGUARD_L,E-commerce,Region,South,21533,559859.56,0.82
ciq_ecommerce,2025-11,2025-Q4,Parasiticides,VectraGuard,VECTRAGUARD_S,E-commerce,Region,South,27430,713178.3,0.82
ciq_ecommerce,2025-11,2025-Q4,Vaccines,VetGuard Immunize,VETGUARD-IMMUNIZE_L,E-commerce,Region,South,9461,179753.1,0.82
ciq_ecommerce,2025-11,2025-Q4,Vaccines,VetGuard Immunize,VETGUARD-IMMUNIZE_S,E-commerce,Region,South,13256,251856.18,0.82
ciq_ecommerce,2025-11,2025-Q4,Vaccines,VetSelect Core Vax,VETSELECT-CORE-VAX_L,E-commerce,Region,South,11225,157143.8,0.82
ciq_ecommerce,2025-11,2025-Q4,Vaccines,VetSelect Core Vax,VETSELECT-CORE-VAX_S,E-commerce,Region,South,15282,213944.42,0.82
ciq_ecommerce,2025-11,2025-Q4,Dermatology,VetSelect Derma,VETSELECT-DERMA_L,E-commerce,Region,South,8625,327739.12,0.82
ciq_ecommerce,2025-11,2025-Q4,Dermatology,VetSelect Derma,VETSELECT-DERMA_S,E-commerce,Region,South,11602,440872.19,0.82
ciq_ecommerce,2025-11,2025-Q4,Petcare Diagnostics,VetSelect Dx,VETSELECT-DX_L,E-commerce,Region,South,10583,127000.39,0.82
ciq_ecommerce,2025-11,2025-Q4,Petcare Diagnostics,VetSelect Dx,VETSELECT-DX_S,E-commerce,Region,South,15844,190126.64,0.82
ciq_ecommerce,2025-11,2025-Q4,Parasiticides,VetSelect Flea & Tick,VETSELECT-FLEA-TICK_L,E-commerce,Region,South,25365,431202.96,0.82
ciq_ecommerce,2025-11,2025-Q4,Parasiticides,VetSelect Flea & Tick,VETSELECT-FLEA-TICK_S,E-commerce,Region,South,37647,640006.91,0.82
ciq_ecommerce,2025-11,2025-Q4,Pain/Osteoarthritis,VetSelect Joint,VETSELECT-JOINT_L,E-commerce,Region,South,7691,223045.04,0.82
ciq_ecommerce,2025-11,2025-Q4,Pain/Osteoarthritis,VetSelect Joint,VETSELECT-JOINT_S,E-commerce,Region,South,10679,309678.19,0.82
ciq_ecommerce,2025-11,2025-Q4,Petcare Diagnostics,Vetscan,VETSCAN_L,E-commerce,Region,South,21829,392928.16,0.82
ciq_ecommerce,2025-11,2025-Q4,Petcare Diagnostics,Vetscan,VETSCAN_S,E-commerce,Region,South,26301,473423.07,0.82
ciq_ecommerce,2025-11,2025-Q4,Dermatology,AllerVet RX,ALLERVET-RX_L,E-commerce,Region,West,6043,326304.54,0.82
ciq_ecommerce,2025-11,2025-Q4,Dermatology,AllerVet RX,ALLERVET-RX_S,E-commerce,Region,West,8060,435265.61,0.82
ciq_ecommerce,2025-11,2025-Q4,Dermatology,Apoquel,APOQUEL_L,E-commerce,Region,West,8648,562101.47,0.82
ciq_ecommerce,2025-11,2025-Q4,Dermatology,Apoquel,APOQUEL_S,E-commerce,Region,West,10594,688593.74,0.82
ciq_ecommerce,2025-11,2025-Q4,Vaccines,BioShield Vax,BIOSHIELD-VAX_L,E-commerce,Region,West,7195,143892.56,0.82
ciq_ecommerce,2025-11,2025-Q4,Vaccines,BioShield Vax,BIOSHIELD-VAX_S,E-commerce,Region,West,10765,215309.17,0.82
ciq_ecommerce,2025-11,2025-Q4,Dermatology,DermaCalm,DERMACALM_L,E-commerce,Region,West,6883,399201.12,0.82
ciq_ecommerce,2025-11,2025-Q4,Dermatology,DermaCalm,DERMACALM_S,E-commerce,Region,West,8447,489953.15,0.82
ciq_ecommerce,2025-11,2025-Q4,Petcare Diagnostics,DiagnosTech Vet,DIAGNOSTECH-VET_L,E-commerce,Region,West,14662,249249.31,0.82
ciq_ecommerce,2025-11,2025-Q4,Petcare Diagnostics,DiagnosTech Vet,DIAGNOSTECH-VET_S,E-commerce,Region,West,18822,319972.83,0.82
ciq_ecommerce,2025-11,2025-Q4,Parasiticides,FleaStop Pro,FLEASTOP-PRO_L,E-commerce,Region,West,11343,238201.76,0.82
ciq_ecommerce,2025-11,2025-Q4,Parasiticides,FleaStop Pro,FLEASTOP-PRO_S,E-commerce,Region,West,14965,314262.65,0.82
ciq_ecommerce,2025-11,2025-Q4,Pain/Osteoarthritis,FlexiCare Joint,FLEXICARE-JOINT_L,E-commerce,Region,West,5441,239402.58,0.82
ciq_ecommerce,2025-11,2025-Q4,Pain/Osteoarthritis,FlexiCare Joint,FLEXICARE-JOINT_S,E-commerce,Region,West,7743,340713.11,0.82
ciq_ecommerce,2025-11,2025-Q4,Vaccines,ImmunoCore Canine,IMMUNOCORE-CANINE_L,E-commerce,Region,West,9509,199678.93,0.82
ciq_ecommerce,2025-11,2025-Q4,Vaccines,ImmunoCore Canine,IMMUNOCORE-CANINE_S,E-commerce,Region,West,11570,242972.79,0.82
ciq_ecommerce,2025-11,2025-Q4,Pain/Osteoarthritis,Librela,LIBRELA_L,E-commerce,Region,West,4812,230998.77,0.82
ciq_ecommerce,2025-11,2025-Q4,Pain/Osteoarthritis,Librela,LIBRELA_S,E-commerce,Region,West,6388,306614.91,0.82
ciq_ecommerce,2025-11,2025-Q4,Pain/Osteoarthritis,OsteoEase Vet,OSTEOEASE-VET_L,E-commerce,Region,West,4919,201687.47,0.82
ciq_ecommerce,2025-11,2025-Q4,Pain/Osteoarthritis,OsteoEase Vet,OSTEOEASE-VET_S,E-commerce,Region,West,7013,287541.65,0.82
ciq_ecommerce,2025-11,2025-Q4,Pain/Osteoarthritis,PainAway Canine,PAINAWAY-CANINE_L,E-commerce,Region,West,4490,166143.29,0.82
ciq_ecommerce,2025-11,2025-Q4,Pain/Osteoarthritis,PainAway Canine,PAINAWAY-CANINE_S,E-commerce,Region,West,6319,233788.64,0.82
ciq_ecommerce,2025-11,2025-Q4,Petcare Diagnostics,PetLab Analyzer,PETLAB-ANALYZER_L,E-commerce,Region,West,8743,131152.38,0.82
ciq_ecommerce,2025-11,2025-Q4,Petcare Diagnostics,PetLab Analyzer,PETLAB-ANALYZER_S,E-commerce,Region,West,11438,171577.13,0.82
ciq_ecommerce,2025-11,2025-Q4,Petcare Diagnostics,RapidVet Dx,RAPIDVET-DX_L,E-commerce,Region,West,12783,204521.3,0.82
ciq_ecommerce,2025-11,2025-Q4,Petcare Diagnostics,RapidVet Dx,RAPIDVET-DX_S,E-commerce,Region,West,17550,280797.51,0.82
ciq_ecommerce,2025-11,2025-Q4,Parasiticides,Simparica Trio,SIMPARICA-TRIO_L,E-commerce,Region,West,18774,525681.55,0.82
ciq_ecommerce,2025-11,2025-Q4,Parasiticides,Simparica Trio,SIMPARICA-TRIO_S,E-commerce,Region,West,25366,710244.69,0.82
ciq_ecommerce,2025-11,2025-Q4,Dermatology,SkinRelief Pro,SKINRELIEF-PRO_L,E-commerce,Region,West,4879,239075.4,0.82
ciq_ecommerce,2025-11,2025-Q4,Dermatology,SkinRelief Pro,SKINRELIEF-PRO_S,E-commerce,Region,West,6602,323514.02,0.82
ciq_ecommerce,2025-11,2025-Q4,Parasiticides,TickShield Plus,TICKSHIELD-PLUS_L,E-commerce,Region,West,11752,282038.39,0.82
ciq_ecommerce,2025-11,2025-Q4,Parasiticides,TickShield Plus,TICKSHIELD-PLUS_S,E-commerce,Region,West,16707,400960.64,0.82
ciq_ecommerce,2025-11,2025-Q4,Vaccines,Vanguard,VANGUARD_L,E-commerce,Region,West,8106,178324.54,0.82
ciq_ecommerce,2025-11,2025-Q4,Vaccines,Vanguard,VANGUARD_S,E-commerce,Region,West,11427,251393.27,0.82
ciq_ecommerce,2025-11,2025-Q4,Parasiticides,VectraGuard,VECTRAGUARD_L,E-commerce,Region,West,13907,361572.96,0.82
ciq_ecommerce,2025-11,2025-Q4,Parasiticides,VectraGuard,VECTRAGUARD_S,E-commerce,Region,West,19096,496485.34,0.82
ciq_ecommerce,2025-11,2025-Q4,Vaccines,VetGuard Immunize,VETGUARD-IMMUNIZE_L,E-commerce,Region,West,6798,129160.78,0.82
ciq_ecommerce,2025-11,2025-Q4,Vaccines,VetGuard Immunize,VETGUARD-IMMUNIZE_S,E-commerce,Region,West,9150,173842.46,0.82
ciq_ecommerce,2025-11,2025-Q4,Vaccines,VetSelect Core Vax,VETSELECT-CORE-VAX_L,E-commerce,Region,West,7631,106827.93,0.82
ciq_ecommerce,2025-11,2025-Q4,Vaccines,VetSelect Core Vax,VETSELECT-CORE-VAX_S,E-commerce,Region,West,10488,146836.08,0.82
ciq_ecommerce,2025-11,2025-Q4,Dermatology,VetSelect Derma,VETSELECT-DERMA_L,E-commerce,Region,West,5523,209869.55,0.82
ciq_ecommerce,2025-11,2025-Q4,Dermatology,VetSelect Derma,VETSELECT-DERMA_S,E-commerce,Region,West,7430,282340.66,0.82
ciq_ecommerce,2025-11,2025-Q4,Petcare Diagnostics,VetSelect Dx,VETSELECT-DX_L,E-commerce,Region,West,8120,97434.3,0.82
ciq_ecommerce,2025-11,2025-Q4,Petcare Diagnostics,VetSelect Dx,VETSELECT-DX_S,E-commerce,Region,West,12010,144124.01,0.82
ciq_ecommerce,2025-11,2025-Q4,Parasiticides,VetSelect Flea & Tick,VETSELECT-FLEA-TICK_L,E-commerce,Region,West,17156,291645.4,0.82
ciq_ecommerce,2025-11,2025-Q4,Parasiticides,VetSelect Flea & Tick,VETSELECT-FLEA-TICK_S,E-commerce,Region,West,24584,417924.16,0.82
ciq_ecommerce,2025-11,2025-Q4,Pain/Osteoarthritis,VetSelect Joint,VETSELECT-JOINT_L,E-commerce,Region,West,5066,146924.5,0.82
ciq_ecommerce,2025-11,2025-Q4,Pain/Osteoarthritis,VetSelect Joint,VETSELECT-JOINT_S,E-commerce,Region,West,7399,214569.42,0.82
ciq_ecommerce,2025-11,2025-Q4,Petcare Diagnostics,Vetscan,VETSCAN_L,E-commerce,Region,West,13571,244270.24,0.82
ciq_ecommerce,2025-11,2025-Q4,Petcare Diagnostics,Vetscan,VETSCAN_S,E-commerce,Region,West,18098,325771.33,0.82
ciq_ecommerce,2025-12,2025-Q4,Dermatology,AllerVet RX,ALLERVET-RX_L,E-commerce,National,National,25346,1368655.71,0.82
ciq_ecommerce,2025-12,2025-Q4,Dermatology,AllerVet RX,ALLERVET-RX_S,E-commerce,National,National,33524,1810312.78,0.82
ciq_ecommerce,2025-12,2025-Q4,Dermatology,Apoquel,APOQUEL_L,E-commerce,National,National,33006,2145300.67,0.82
ciq_ecommerce,2025-12,2025-Q4,Dermatology,Apoquel,APOQUEL_S,E-commerce,National,National,44835,2914327.01,0.82
ciq_ecommerce,2025-12,2025-Q4,Vaccines,BioShield Vax,BIOSHIELD-VAX_L,E-commerce,National,National,33938,678763.54,0.82
ciq_ecommerce,2025-12,2025-Q4,Vaccines,BioShield Vax,BIOSHIELD-VAX_S,E-commerce,National,National,45831,916607.81,0.82
ciq_ecommerce,2025-12,2025-Q4,Dermatology,DermaCalm,DERMACALM_L,E-commerce,National,National,25950,1505080.4,0.82
ciq_ecommerce,2025-12,2025-Q4,Dermatology,DermaCalm,DERMACALM_S,E-commerce,National,National,35784,2075475.67,0.82
ciq_ecommerce,2025-12,2025-Q4,Petcare Diagnostics,DiagnosTech Vet,DIAGNOSTECH-VET_L,E-commerce,National,National,62603,1064242.22,0.82
ciq_ecommerce,2025-12,2025-Q4,Petcare Diagnostics,DiagnosTech Vet,DIAGNOSTECH-VET_S,E-commerce,National,National,86440,1469472.95,0.82
ciq_ecommerce,2025-12,2025-Q4,Parasiticides,FleaStop Pro,FLEASTOP-PRO_L,E-commerce,National,National,42238,887008.16,0.82
ciq_ecommerce,2025-12,2025-Q4,Parasiticides,FleaStop Pro,FLEASTOP-PRO_S,E-commerce,National,National,60031,1260648.17,0.82
ciq_ecommerce,2025-12,2025-Q4,Pain/Osteoarthritis,FlexiCare Joint,FLEXICARE-JOINT_L,E-commerce,National,National,25501,1122033.8,0.82
ciq_ecommerce,2025-12,2025-Q4,Pain/Osteoarthritis,FlexiCare Joint,FLEXICARE-JOINT_S,E-commerce,National,National,35082,1543589.27,0.82
ciq_ecommerce,2025-12,2025-Q4,Vaccines,ImmunoCore Canine,IMMUNOCORE-CANINE_L,E-commerce,National,National,41043,861915.56,0.82
ciq_ecommerce,2025-12,2025-Q4,Vaccines,ImmunoCore Canine,IMMUNOCORE-CANINE_S,E-commerce,National,National,57446,1206353.12,0.82
ciq_ecommerce,2025-12,2025-Q4,Pain/Osteoarthritis,Librela,LIBRELA_L,E-commerce,National,National,22479,1079001.15,0.82
ciq_ecommerce,2025-12,2025-Q4,Pain/Osteoarthritis,Librela,LIBRELA_S,E-commerce,National,National,30893,1482885.28,0.82
ciq_ecommerce,2025-12,2025-Q4,Pain/Osteoarthritis,OsteoEase Vet,OSTEOEASE-VET_L,E-commerce,National,National,24330,997515.5,0.82
ciq_ecommerce,2025-12,2025-Q4,Pain/Osteoarthritis,OsteoEase Vet,OSTEOEASE-VET_S,E-commerce,National,National,31746,1301567.7,0.82
ciq_ecommerce,2025-12,2025-Q4,Pain/Osteoarthritis,PainAway Canine,PAINAWAY-CANINE_L,E-commerce,National,National,21436,793123.36,0.82
ciq_ecommerce,2025-12,2025-Q4,Pain/Osteoarthritis,PainAway Canine,PAINAWAY-CANINE_S,E-commerce,National,National,29702,1098983.75,0.82
ciq_ecommerce,2025-12,2025-Q4,Petcare Diagnostics,PetLab Analyzer,PETLAB-ANALYZER_L,E-commerce,National,National,36799,551997.5,0.82
ciq_ecommerce,2025-12,2025-Q4,Petcare Diagnostics,PetLab Analyzer,PETLAB-ANALYZER_S,E-commerce,National,National,49637,744554.54,0.82
ciq_ecommerce,2025-12,2025-Q4,Petcare Diagnostics,RapidVet Dx,RAPIDVET-DX_L,E-commerce,National,National,58354,933644.68,0.82
ciq_ecommerce,2025-12,2025-Q4,Petcare Diagnostics,RapidVet Dx,RAPIDVET-DX_S,E-commerce,National,National,79834,1277339.53,0.82
ciq_ecommerce,2025-12,2025-Q4,Parasiticides,Simparica Trio,SIMPARICA-TRIO_L,E-commerce,National,National,74344,2081626.71,0.82
ciq_ecommerce,2025-12,2025-Q4,Parasiticides,Simparica Trio,SIMPARICA-TRIO_S,E-commerce,National,National,99702,2791673.68,0.82
ciq_ecommerce,2025-12,2025-Q4,Dermatology,SkinRelief Pro,SKINRELIEF-PRO_L,E-commerce,National,National,20185,989056.89,0.82
ciq_ecommerce,2025-12,2025-Q4,Dermatology,SkinRelief Pro,SKINRELIEF-PRO_S,E-commerce,National,National,26759,1311205.07,0.82
ciq_ecommerce,2025-12,2025-Q4,Parasiticides,TickShield Plus,TICKSHIELD-PLUS_L,E-commerce,National,National,53578,1285860.38,0.82
ciq_ecommerce,2025-12,2025-Q4,Parasiticides,TickShield Plus,TICKSHIELD-PLUS_S,E-commerce,National,National,75986,1823652.32,0.82
ciq_ecommerce,2025-12,2025-Q4,Vaccines,Vanguard,VANGUARD_L,E-commerce,National,National,37126,816777.66,0.82
ciq_ecommerce,2025-12,2025-Q4,Vaccines,Vanguard,VANGUARD_S,E-commerce,National,National,51816,1139950.04,0.82
ciq_ecommerce,2025-12,2025-Q4,Parasiticides,VectraGuard,VECTRAGUARD_L,E-commerce,National,National,62334,1620661.52,0.82
ciq_ecommerce,2025-12,2025-Q4,Parasiticides,VectraGuard,VECTRAGUARD_S,E-commerce,National,National,84838,2205771.51,0.82
ciq_ecommerce,2025-12,2025-Q4,Vaccines,VetGuard Immunize,VETGUARD-IMMUNIZE_L,E-commerce,National,National,30718,583658.01,0.82
ciq_ecommerce,2025-12,2025-Q4,Vaccines,VetGuard Immunize,VETGUARD-IMMUNIZE_S,E-commerce,National,National,43535,827173.17,0.82
ciq_ecommerce,2025-12,2025-Q4,Vaccines,VetSelect Core Vax,VETSELECT-CORE-VAX_L,E-commerce,National,National,33870,474190.07,0.82
ciq_ecommerce,2025-12,2025-Q4,Vaccines,VetSelect Core Vax,VETSELECT-CORE-VAX_S,E-commerce,National,National,46860,656036.37,0.82
ciq_ecommerce,2025-12,2025-Q4,Dermatology,VetSelect Derma,VETSELECT-DERMA_L,E-commerce,National,National,23121,878622.62,0.82
ciq_ecommerce,2025-12,2025-Q4,Dermatology,VetSelect Derma,VETSELECT-DERMA_S,E-commerce,National,National,30546,1160732.35,0.82
ciq_ecommerce,2025-12,2025-Q4,Petcare Diagnostics,VetSelect Dx,VETSELECT-DX_L,E-commerce,National,National,37749,452989.35,0.82
ciq_ecommerce,2025-12,2025-Q4,Petcare Diagnostics,VetSelect Dx,VETSELECT-DX_S,E-commerce,National,National,50116,601390.88,0.82
ciq_ecommerce,2025-12,2025-Q4,Parasiticides,VetSelect Flea & Tick,VETSELECT-FLEA-TICK_L,E-commerce,National,National,69580,1182875.09,0.82
ciq_ecommerce,2025-12,2025-Q4,Parasiticides,VetSelect Flea & Tick,VETSELECT-FLEA-TICK_S,E-commerce,National,National,96122,1634087.43,0.82
ciq_ecommerce,2025-12,2025-Q4,Pain/Osteoarthritis,VetSelect Joint,VETSELECT-JOINT_L,E-commerce,National,National,23780,689628.73,0.82
ciq_ecommerce,2025-12,2025-Q4,Pain/Osteoarthritis,VetSelect Joint,VETSELECT-JOINT_S,E-commerce,National,National,34228,992572.86,0.82
ciq_ecommerce,2025-12,2025-Q4,Petcare Diagnostics,Vetscan,VETSCAN_L,E-commerce,National,National,63388,1140982.83,0.82
ciq_ecommerce,2025-12,2025-Q4,Petcare Diagnostics,Vetscan,VETSCAN_S,E-commerce,National,National,86328,1553902.67,0.82
ciq_ecommerce,2025-12,2025-Q4,Dermatology,AllerVet RX,ALLERVET-RX_L,E-commerce,Region,Midwest,4905,264870.71,0.82
ciq_ecommerce,2025-12,2025-Q4,Dermatology,AllerVet RX,ALLERVET-RX_S,E-commerce,Region,Midwest,6902,372709.3,0.82
ciq_ecommerce,2025-12,2025-Q4,Dermatology,Apoquel,APOQUEL_L,E-commerce,Region,Midwest,6733,437613.94,0.82
ciq_ecommerce,2025-12,2025-Q4,Dermatology,Apoquel,APOQUEL_S,E-commerce,Region,Midwest,8936,580861.47,0.82
ciq_ecommerce,2025-12,2025-Q4,Vaccines,BioShield Vax,BIOSHIELD-VAX_L,E-commerce,Region,Midwest,6603,132067.99,0.82
ciq_ecommerce,2025-12,2025-Q4,Vaccines,BioShield Vax,BIOSHIELD-VAX_S,E-commerce,Region,Midwest,9130,182602.41,0.82
ciq_ecommerce,2025-12,2025-Q4,Dermatology,DermaCalm,DERMACALM_L,E-commerce,Region,Midwest,5761,334125.54,0.82
ciq_ecommerce,2025-12,2025-Q4,Dermatology,DermaCalm,DERMACALM_S,E-commerce,Region,Midwest,7442,431615.42,0.82
ciq_ecommerce,2025-12,2025-Q4,Petcare Diagnostics,DiagnosTech Vet,DIAGNOSTECH-VET_L,E-commerce,Region,Midwest,13339,226756.35,0.82
ciq_ecommerce,2025-12,2025-Q4,Petcare Diagnostics,DiagnosTech Vet,DIAGNOSTECH-VET_S,E-commerce,Region,Midwest,18496,314435.37,0.82
ciq_ecommerce,2025-12,2025-Q4,Parasiticides,FleaStop Pro,FLEASTOP-PRO_L,E-commerce,Region,Midwest,9380,196972.44,0.82
ciq_ecommerce,2025-12,2025-Q4,Parasiticides,FleaStop Pro,FLEASTOP-PRO_S,E-commerce,Region,Midwest,11849,248821.62,0.82
ciq_ecommerce,2025-12,2025-Q4,Pain/Osteoarthritis,FlexiCare Joint,FLEXICARE-JOINT_L,E-commerce,Region,Midwest,5509,242399.57,0.82
ciq_ecommerce,2025-12,2025-Q4,Pain/Osteoarthritis,FlexiCare Joint,FLEXICARE-JOINT_S,E-commerce,Region,Midwest,7968,350593.17,0.82
ciq_ecommerce,2025-12,2025-Q4,Vaccines,ImmunoCore Canine,IMMUNOCORE-CANINE_L,E-commerce,Region,Midwest,8066,169386.68,0.82
ciq_ecommerce,2025-12,2025-Q4,Vaccines,ImmunoCore Canine,IMMUNOCORE-CANINE_S,E-commerce,Region,Midwest,12726,267239.02,0.82
ciq_ecommerce,2025-12,2025-Q4,Pain/Osteoarthritis,Librela,LIBRELA_L,E-commerce,Region,Midwest,4753,228164.79,0.82
ciq_ecommerce,2025-12,2025-Q4,Pain/Osteoarthritis,Librela,LIBRELA_S,E-commerce,Region,Midwest,6416,307951.72,0.82
ciq_ecommerce,2025-12,2025-Q4,Pain/Osteoarthritis,OsteoEase Vet,OSTEOEASE-VET_L,E-commerce,Region,Midwest,5084,208441.58,0.82
ciq_ecommerce,2025-12,2025-Q4,Pain/Osteoarthritis,OsteoEase Vet,OSTEOEASE-VET_S,E-commerce,Region,Midwest,6796,278647.81,0.82
ciq_ecommerce,2025-12,2025-Q4,Pain/Osteoarthritis,PainAway Canine,PAINAWAY-CANINE_L,E-commerce,Region,Midwest,4203,155500.17,0.82
ciq_ecommerce,2025-12,2025-Q4,Pain/Osteoarthritis,PainAway Canine,PAINAWAY-CANINE_S,E-commerce,Region,Midwest,5700,210916.07,0.82
ciq_ecommerce,2025-12,2025-Q4,Petcare Diagnostics,PetLab Analyzer,PETLAB-ANALYZER_L,E-commerce,Region,Midwest,7351,110263.53,0.82
ciq_ecommerce,2025-12,2025-Q4,Petcare Diagnostics,PetLab Analyzer,PETLAB-ANALYZER_S,E-commerce,Region,Midwest,10028,150423.38,0.82
ciq_ecommerce,2025-12,2025-Q4,Petcare Diagnostics,RapidVet Dx,RAPIDVET-DX_L,E-commerce,Region,Midwest,12566,201052.34,0.82
ciq_ecommerce,2025-12,2025-Q4,Petcare Diagnostics,RapidVet Dx,RAPIDVET-DX_S,E-commerce,Region,Midwest,18390,294238.48,0.82
ciq_ecommerce,2025-12,2025-Q4,Parasiticides,Simparica Trio,SIMPARICA-TRIO_L,E-commerce,Region,Midwest,14924,417878.36,0.82
ciq_ecommerce,2025-12,2025-Q4,Parasiticides,Simparica Trio,SIMPARICA-TRIO_S,E-commerce,Region,Midwest,21981,615467.48,0.82
ciq_ecommerce,2025-12,2025-Q4,Dermatology,SkinRelief Pro,SKINRELIEF-PRO_L,E-commerce,Region,Midwest,4266,209050.65,0.82
ciq_ecommerce,2025-12,2025-Q4,Dermatology,SkinRelief Pro,SKINRELIEF-PRO_S,E-commerce,Region,Midwest,5733,280908.51,0.82
ciq_ecommerce,2025-12,2025-Q4,Parasiticides,TickShield Plus,TICKSHIELD-PLUS_L,E-commerce,Region,Midwest,11770,282474.42,0.82
ciq_ecommerce,2025-12,2025-Q4,Parasiticides,TickShield Plus,TICKSHIELD-PLUS_S,E-commerce,Region,Midwest,15918,382022.35,0.82
ciq_ecommerce,2025-12,2025-Q4,Vaccines,Vanguard,VANGUARD_L,E-commerce,Region,Midwest,8231,181083.68,0.82
ciq_ecommerce,2025-12,2025-Q4,Vaccines,Vanguard,VANGUARD_S,E-commerce,Region,Midwest,11071,243556.14,0.82
ciq_ecommerce,2025-12,2025-Q4,Parasiticides,VectraGuard,VECTRAGUARD_L,E-commerce,Region,Midwest,12372,321674.74,0.82
ciq_ecommerce,2025-12,2025-Q4,Parasiticides,VectraGuard,VECTRAGUARD_S,E-commerce,Region,Midwest,18720,486709.02,0.82
ciq_ecommerce,2025-12,2025-Q4,Vaccines,VetGuard Immunize,VETGUARD-IMMUNIZE_L,E-commerce,Region,Midwest,5919,112469.13,0.82
ciq_ecommerce,2025-12,2025-Q4,Vaccines,VetGuard Immunize,VETGUARD-IMMUNIZE_S,E-commerce,Region,Midwest,8894,168978.17,0.82
ciq_ecommerce,2025-12,2025-Q4,Vaccines,VetSelect Core Vax,VETSELECT-CORE-VAX_L,E-commerce,Region,Midwest,7120,99681.83,0.82
ciq_ecommerce,2025-12,2025-Q4,Vaccines,VetSelect Core Vax,VETSELECT-CORE-VAX_S,E-commerce,Region,Midwest,10352,144926.8,0.82
ciq_ecommerce,2025-12,2025-Q4,Dermatology,VetSelect Derma,VETSELECT-DERMA_L,E-commerce,Region,Midwest,4464,169641.2,0.82
ciq_ecommerce,2025-12,2025-Q4,Dermatology,VetSelect Derma,VETSELECT-DERMA_S,E-commerce,Region,Midwest,6299,239361.07,0.82
ciq_ecommerce,2025-12,2025-Q4,Petcare Diagnostics,VetSelect Dx,VETSELECT-DX_L,E-commerce,Region,Midwest,7772,93264.89,0.82
ciq_ecommerce,2025-12,2025-Q4,Petcare Diagnostics,VetSelect Dx,VETSELECT-DX_S,E-commerce,Region,Midwest,10581,126970.63,0.82
ciq_ecommerce,2025-12,2025-Q4,Parasiticides,VetSelect Flea & Tick,VETSELECT-FLEA-TICK_L,E-commerce,Region,Midwest,15065,256111.61,0.82
ciq_ecommerce,2025-12,2025-Q4,Parasiticides,VetSelect Flea & Tick,VETSELECT-FLEA-TICK_S,E-commerce,Region,Midwest,21560,366527.22,0.82
ciq_ecommerce,2025-12,2025-Q4,Pain/Osteoarthritis,VetSelect Joint,VETSELECT-JOINT_L,E-commerce,Region,Midwest,4834,140186.07,0.82
ciq_ecommerce,2025-12,2025-Q4,Pain/Osteoarthritis,VetSelect Joint,VETSELECT-JOINT_S,E-commerce,Region,Midwest,6561,190260.8,0.82
ciq_ecommerce,2025-12,2025-Q4,Petcare Diagnostics,Vetscan,VETSCAN_L,E-commerce,Region,Midwest,12378,222811.26,0.82
ciq_ecommerce,2025-12,2025-Q4,Petcare Diagnostics,Vetscan,VETSCAN_S,E-commerce,Region,Midwest,16460,296285.67,0.82
ciq_ecommerce,2025-12,2025-Q4,Dermatology,AllerVet RX,ALLERVET-RX_L,E-commerce,Region,Northeast,6048,326585.87,0.82
ciq_ecommerce,2025-12,2025-Q4,Dermatology,AllerVet RX,ALLERVET-RX_S,E-commerce,Region,Northeast,7865,424725.16,0.82
ciq_ecommerce,2025-12,2025-Q4,Dermatology,Apoquel,APOQUEL_L,E-commerce,Region,Northeast,7150,464735.43,0.82
ciq_ecommerce,2025-12,2025-Q4,Dermatology,Apoquel,APOQUEL_S,E-commerce,Region,Northeast,9941,646134.59,0.82
ciq_ecommerce,2025-12,2025-Q4,Vaccines,BioShield Vax,BIOSHIELD-VAX_L,E-commerce,Region,Northeast,7006,140113.7,0.82
ciq_ecommerce,2025-12,2025-Q4,Vaccines,BioShield Vax,BIOSHIELD-VAX_S,E-commerce,Region,Northeast,10314,206276.88,0.82
ciq_ecommerce,2025-12,2025-Q4,Dermatology,DermaCalm,DERMACALM_L,E-commerce,Region,Northeast,5928,343815.87,0.82
ciq_ecommerce,2025-12,2025-Q4,Dermatology,DermaCalm,DERMACALM_S,E-commerce,Region,Northeast,7816,453334.5,0.82
ciq_ecommerce,2025-12,2025-Q4,Petcare Diagnostics,DiagnosTech Vet,DIAGNOSTECH-VET_L,E-commerce,Region,Northeast,12437,211421.45,0.82
ciq_ecommerce,2025-12,2025-Q4,Petcare Diagnostics,DiagnosTech Vet,DIAGNOSTECH-VET_S,E-commerce,Region,Northeast,16807,285714.47,0.82
ciq_ecommerce,2025-12,2025-Q4,Parasiticides,FleaStop Pro,FLEASTOP-PRO_L,E-commerce,Region,Northeast,9447,198390.86,0.82
ciq_ecommerce,2025-12,2025-Q4,Parasiticides,FleaStop Pro,FLEASTOP-PRO_S,E-commerce,Region,Northeast,13388,281150.16,0.82
ciq_ecommerce,2025-12,2025-Q4,Pain/Osteoarthritis,FlexiCare Joint,FLEXICARE-JOINT_L,E-commerce,Region,Northeast,5709,251183.92,0.82
ciq_ecommerce,2025-12,2025-Q4,Pain/Osteoarthritis,FlexiCare Joint,FLEXICARE-JOINT_S,E-commerce,Region,Northeast,7752,341069.68,0.82
ciq_ecommerce,2025-12,2025-Q4,Vaccines,ImmunoCore Canine,IMMUNOCORE-CANINE_L,E-commerce,Region,Northeast,9572,201020.76,0.82
ciq_ecommerce,2025-12,2025-Q4,Vaccines,ImmunoCore Canine,IMMUNOCORE-CANINE_S,E-commerce,Region,Northeast,12491,262307.61,0.82
ciq_ecommerce,2025-12,2025-Q4,Pain/Osteoarthritis,Librela,LIBRELA_L,E-commerce,Region,Northeast,5035,241676.49,0.82
ciq_ecommerce,2025-12,2025-Q4,Pain/Osteoarthritis,Librela,LIBRELA_S,E-commerce,Region,Northeast,6498,311917.17,0.82
ciq_ecommerce,2025-12,2025-Q4,Pain/Osteoarthritis,OsteoEase Vet,OSTEOEASE-VET_L,E-commerce,Region,Northeast,5240,214844.32,0.82
ciq_ecommerce,2025-12,2025-Q4,Pain/Osteoarthritis,OsteoEase Vet,OSTEOEASE-VET_S,E-commerce,Region,Northeast,6844,280595.54,0.82
ciq_ecommerce,2025-12,2025-Q4,Pain/Osteoarthritis,PainAway Canine,PAINAWAY-CANINE_L,E-commerce,Region,Northeast,4550,168334.62,0.82
ciq_ecommerce,2025-12,2025-Q4,Pain/Osteoarthritis,PainAway Canine,PAINAWAY-CANINE_S,E-commerce,Region,Northeast,6698,247821.93,0.82
ciq_ecommerce,2025-12,2025-Q4,Petcare Diagnostics,PetLab Analyzer,PETLAB-ANALYZER_L,E-commerce,Region,Northeast,8817,132261.76,0.82
ciq_ecommerce,2025-12,2025-Q4,Petcare Diagnostics,PetLab Analyzer,PETLAB-ANALYZER_S,E-commerce,Region,Northeast,11108,166618.67,0.82
ciq_ecommerce,2025-12,2025-Q4,Petcare Diagnostics,RapidVet Dx,RAPIDVET-DX_L,E-commerce,Region,Northeast,12569,201099.39,0.82
ciq_ecommerce,2025-12,2025-Q4,Petcare Diagnostics,RapidVet Dx,RAPIDVET-DX_S,E-commerce,Region,Northeast,17209,275342.36,0.82
ciq_ecommerce,2025-12,2025-Q4,Parasiticides,Simparica Trio,SIMPARICA-TRIO_L,E-commerce,Region,Northeast,16673,466850.12,0.82
ciq_ecommerce,2025-12,2025-Q4,Parasiticides,Simparica Trio,SIMPARICA-TRIO_S,E-commerce,Region,Northeast,20873,584443.9,0.82
ciq_ecommerce,2025-12,2025-Q4,Dermatology,SkinRelief Pro,SKINRELIEF-PRO_L,E-commerce,Region,Northeast,4484,219692.62,0.82
ciq_ecommerce,2025-12,2025-Q4,Dermatology,SkinRelief Pro,SKINRELIEF-PRO_S,E-commerce,Region,Northeast,5817,285036.93,0.82
ciq_ecommerce,2025-12,2025-Q4,Parasiticides,TickShield Plus,TICKSHIELD-PLUS_L,E-commerce,Region,Northeast,12593,302222.95,0.82
ciq_ecommerce,2025-12,2025-Q4,Parasiticides,TickShield Plus,TICKSHIELD-PLUS_S,E-commerce,Region,Northeast,17886,429261.1,0.82
ciq_ecommerce,2025-12,2025-Q4,Vaccines,Vanguard,VANGUARD_L,E-commerce,Region,Northeast,7998,175962.13,0.82
ciq_ecommerce,2025-12,2025-Q4,Vaccines,Vanguard,VANGUARD_S,E-commerce,Region,Northeast,10530,231665.48,0.82
ciq_ecommerce,2025-12,2025-Q4,Parasiticides,VectraGuard,VECTRAGUARD_L,E-commerce,Region,Northeast,14644,380737.09,0.82
ciq_ecommerce,2025-12,2025-Q4,Parasiticides,VectraGuard,VECTRAGUARD_S,E-commerce,Region,Northeast,18920,491915.22,0.82
ciq_ecommerce,2025-12,2025-Q4,Vaccines,VetGuard Immunize,VETGUARD-IMMUNIZE_L,E-commerce,Region,Northeast,6697,127243.71,0.82
ciq_ecommerce,2025-12,2025-Q4,Vaccines,VetGuard Immunize,VETGUARD-IMMUNIZE_S,E-commerce,Region,Northeast,9205,174903.05,0.82
ciq_ecommerce,2025-12,2025-Q4,Vaccines,VetSelect Core Vax,VETSELECT-CORE-VAX_L,E-commerce,Region,Northeast,7794,109115.31,0.82
ciq_ecommerce,2025-12,2025-Q4,Vaccines,VetSelect Core Vax,VETSELECT-CORE-VAX_S,E-commerce,Region,Northeast,9468,132557.76,0.82
ciq_ecommerce,2025-12,2025-Q4,Dermatology,VetSelect Derma,VETSELECT-DERMA_L,E-commerce,Region,Northeast,5305,201589.63,0.82
ciq_ecommerce,2025-12,2025-Q4,Dermatology,VetSelect Derma,VETSELECT-DERMA_S,E-commerce,Region,Northeast,6969,264810.32,0.82
ciq_ecommerce,2025-12,2025-Q4,Petcare Diagnostics,VetSelect Dx,VETSELECT-DX_L,E-commerce,Region,Northeast,8378,100537.03,0.82
ciq_ecommerce,2025-12,2025-Q4,Petcare Diagnostics,VetSelect Dx,VETSELECT-DX_S,E-commerce,Region,Northeast,12091,145087.95,0.82
ciq_ecommerce,2025-12,2025-Q4,Parasiticides,VetSelect Flea & Tick,VETSELECT-FLEA-TICK_L,E-commerce,Region,Northeast,14530,247005.15,0.82
ciq_ecommerce,2025-12,2025-Q4,Parasiticides,VetSelect Flea & Tick,VETSELECT-FLEA-TICK_S,E-commerce,Region,Northeast,20484,348222.11,0.82
ciq_ecommerce,2025-12,2025-Q4,Pain/Osteoarthritis,VetSelect Joint,VETSELECT-JOINT_L,E-commerce,Region,Northeast,4960,143851.02,0.82
ciq_ecommerce,2025-12,2025-Q4,Pain/Osteoarthritis,VetSelect Joint,VETSELECT-JOINT_S,E-commerce,Region,Northeast,7530,218358.77,0.82
ciq_ecommerce,2025-12,2025-Q4,Petcare Diagnostics,Vetscan,VETSCAN_L,E-commerce,Region,Northeast,14355,258390.65,0.82
ciq_ecommerce,2025-12,2025-Q4,Petcare Diagnostics,Vetscan,VETSCAN_S,E-commerce,Region,Northeast,20257,364622.39,0.82
ciq_ecommerce,2025-12,2025-Q4,Dermatology,AllerVet RX,ALLERVET-RX_L,E-commerce,Region,South,8660,467619.54,0.82
ciq_ecommerce,2025-12,2025-Q4,Dermatology,AllerVet RX,ALLERVET-RX_S,E-commerce,Region,South,11274,608787.47,0.82
ciq_ecommerce,2025-12,2025-Q4,Dermatology,Apoquel,APOQUEL_L,E-commerce,Region,South,11604,754242.72,0.82
ciq_ecommerce,2025-12,2025-Q4,Dermatology,Apoquel,APOQUEL_S,E-commerce,Region,South,14997,974835.2,0.82
ciq_ecommerce,2025-12,2025-Q4,Vaccines,BioShield Vax,BIOSHIELD-VAX_L,E-commerce,Region,South,12473,249467.3,0.82
ciq_ecommerce,2025-12,2025-Q4,Vaccines,BioShield Vax,BIOSHIELD-VAX_S,E-commerce,Region,South,15616,312315.21,0.82
ciq_ecommerce,2025-12,2025-Q4,Dermatology,DermaCalm,DERMACALM_L,E-commerce,Region,South,8502,493134.11,0.82
ciq_ecommerce,2025-12,2025-Q4,Dermatology,DermaCalm,DERMACALM_S,E-commerce,Region,South,12770,740650.93,0.82
ciq_ecommerce,2025-12,2025-Q4,Petcare Diagnostics,DiagnosTech Vet,DIAGNOSTECH-VET_L,E-commerce,Region,South,21704,368965.65,0.82
ciq_ecommerce,2025-12,2025-Q4,Petcare Diagnostics,DiagnosTech Vet,DIAGNOSTECH-VET_S,E-commerce,Region,South,31853,541493.55,0.82
ciq_ecommerce,2025-12,2025-Q4,Parasiticides,FleaStop Pro,FLEASTOP-PRO_L,E-commerce,Region,South,13502,283549.88,0.82
ciq_ecommerce,2025-12,2025-Q4,Parasiticides,FleaStop Pro,FLEASTOP-PRO_S,E-commerce,Region,South,20371,427801.47,0.82
ciq_ecommerce,2025-12,2025-Q4,Pain/Osteoarthritis,FlexiCare Joint,FLEXICARE-JOINT_L,E-commerce,Region,South,8745,384797.38,0.82
ciq_ecommerce,2025-12,2025-Q4,Pain/Osteoarthritis,FlexiCare Joint,FLEXICARE-JOINT_S,E-commerce,Region,South,11428,502830.77,0.82
ciq_ecommerce,2025-12,2025-Q4,Vaccines,ImmunoCore Canine,IMMUNOCORE-CANINE_L,E-commerce,Region,South,14380,301981.66,0.82
ciq_ecommerce,2025-12,2025-Q4,Vaccines,ImmunoCore Canine,IMMUNOCORE-CANINE_S,E-commerce,Region,South,19569,410945.8,0.82
ciq_ecommerce,2025-12,2025-Q4,Pain/Osteoarthritis,Librela,LIBRELA_L,E-commerce,Region,South,7388,354622.74,0.82
ciq_ecommerce,2025-12,2025-Q4,Pain/Osteoarthritis,Librela,LIBRELA_S,E-commerce,Region,South,10524,505164.22,0.82
ciq_ecommerce,2025-12,2025-Q4,Pain/Osteoarthritis,OsteoEase Vet,OSTEOEASE-VET_L,E-commerce,Region,South,8282,339563.47,0.82
ciq_ecommerce,2025-12,2025-Q4,Pain/Osteoarthritis,OsteoEase Vet,OSTEOEASE-VET_S,E-commerce,Region,South,10797,442665.56,0.82
ciq_ecommerce,2025-12,2025-Q4,Pain/Osteoarthritis,PainAway Canine,PAINAWAY-CANINE_L,E-commerce,Region,South,7841,290120.43,0.82
ciq_ecommerce,2025-12,2025-Q4,Pain/Osteoarthritis,PainAway Canine,PAINAWAY-CANINE_S,E-commerce,Region,South,10991,406649.12,0.82
ciq_ecommerce,2025-12,2025-Q4,Petcare Diagnostics,PetLab Analyzer,PETLAB-ANALYZER_L,E-commerce,Region,South,11759,176388.25,0.82
ciq_ecommerce,2025-12,2025-Q4,Petcare Diagnostics,PetLab Analyzer,PETLAB-ANALYZER_S,E-commerce,Region,South,17222,258322.91,0.82
ciq_ecommerce,2025-12,2025-Q4,Petcare Diagnostics,RapidVet Dx,RAPIDVET-DX_L,E-commerce,Region,South,20044,320696.69,0.82
ciq_ecommerce,2025-12,2025-Q4,Petcare Diagnostics,RapidVet Dx,RAPIDVET-DX_S,E-commerce,Region,South,26943,431091.11,0.82
ciq_ecommerce,2025-12,2025-Q4,Parasiticides,Simparica Trio,SIMPARICA-TRIO_L,E-commerce,Region,South,26089,730488.02,0.82
ciq_ecommerce,2025-12,2025-Q4,Parasiticides,Simparica Trio,SIMPARICA-TRIO_S,E-commerce,Region,South,34882,976701.35,0.82
ciq_ecommerce,2025-12,2025-Q4,Dermatology,SkinRelief Pro,SKINRELIEF-PRO_L,E-commerce,Region,South,7155,350616.29,0.82
ciq_ecommerce,2025-12,2025-Q4,Dermatology,SkinRelief Pro,SKINRELIEF-PRO_S,E-commerce,Region,South,9733,476940.67,0.82
ciq_ecommerce,2025-12,2025-Q4,Parasiticides,TickShield Plus,TICKSHIELD-PLUS_L,E-commerce,Region,South,18056,433341.78,0.82
ciq_ecommerce,2025-12,2025-Q4,Parasiticides,TickShield Plus,TICKSHIELD-PLUS_S,E-commerce,Region,South,26443,634627.06,0.82
ciq_ecommerce,2025-12,2025-Q4,Vaccines,Vanguard,VANGUARD_L,E-commerce,Region,South,11704,257495.93,0.82
ciq_ecommerce,2025-12,2025-Q4,Vaccines,Vanguard,VANGUARD_S,E-commerce,Region,South,17345,381592.66,0.82
ciq_ecommerce,2025-12,2025-Q4,Parasiticides,VectraGuard,VECTRAGUARD_L,E-commerce,Region,South,21024,546613.62,0.82
ciq_ecommerce,2025-12,2025-Q4,Parasiticides,VectraGuard,VECTRAGUARD_S,E-commerce,Region,South,28287,735469.83,0.82
ciq_ecommerce,2025-12,2025-Q4,Vaccines,VetGuard Immunize,VETGUARD-IMMUNIZE_L,E-commerce,Region,South,11174,212310.54,0.82
ciq_ecommerce,2025-12,2025-Q4,Vaccines,VetGuard Immunize,VETGUARD-IMMUNIZE_S,E-commerce,Region,South,15418,292949.87,0.82
ciq_ecommerce,2025-12,2025-Q4,Vaccines,VetSelect Core Vax,VETSELECT-CORE-VAX_L,E-commerce,Region,South,11119,155672.13,0.82
ciq_ecommerce,2025-12,2025-Q4,Vaccines,VetSelect Core Vax,VETSELECT-CORE-VAX_S,E-commerce,Region,South,15965,223507.34,0.82
ciq_ecommerce,2025-12,2025-Q4,Dermatology,VetSelect Derma,VETSELECT-DERMA_L,E-commerce,Region,South,8414,319744.17,0.82
ciq_ecommerce,2025-12,2025-Q4,Dermatology,VetSelect Derma,VETSELECT-DERMA_S,E-commerce,Region,South,10481,398283.72,0.82
ciq_ecommerce,2025-12,2025-Q4,Petcare Diagnostics,VetSelect Dx,VETSELECT-DX_L,E-commerce,Region,South,12907,154878.43,0.82
ciq_ecommerce,2025-12,2025-Q4,Petcare Diagnostics,VetSelect Dx,VETSELECT-DX_S,E-commerce,Region,South,16047,192563.76,0.82
ciq_ecommerce,2025-12,2025-Q4,Parasiticides,VetSelect Flea & Tick,VETSELECT-FLEA-TICK_L,E-commerce,Region,South,22677,385515.35,0.82
ciq_ecommerce,2025-12,2025-Q4,Parasiticides,VetSelect Flea & Tick,VETSELECT-FLEA-TICK_S,E-commerce,Region,South,31445,534572.5,0.82
ciq_ecommerce,2025-12,2025-Q4,Pain/Osteoarthritis,VetSelect Joint,VETSELECT-JOINT_L,E-commerce,Region,South,8938,259211.2,0.82
ciq_ecommerce,2025-12,2025-Q4,Pain/Osteoarthritis,VetSelect Joint,VETSELECT-JOINT_S,E-commerce,Region,South,12677,367618.57,0.82
ciq_ecommerce,2025-12,2025-Q4,Petcare Diagnostics,Vetscan,VETSCAN_L,E-commerce,Region,South,22123,398208.05,0.82
ciq_ecommerce,2025-12,2025-Q4,Petcare Diagnostics,Vetscan,VETSCAN_S,E-commerce,Region,South,28299,509376.83,0.82
ciq_ecommerce,2025-12,2025-Q4,Dermatology,AllerVet RX,ALLERVET-RX_L,E-commerce,Region,West,5733,309579.59,0.82
ciq_ecommerce,2025-12,2025-Q4,Dermatology,AllerVet RX,ALLERVET-RX_S,E-commerce,Region,West,7483,404090.85,0.82
ciq_ecommerce,2025-12,2025-Q4,Dermatology,Apoquel,APOQUEL_L,E-commerce,Region,West,7519,488708.58,0.82
ciq_ecommerce,2025-12,2025-Q4,Dermatology,Apoquel,APOQUEL_S,E-commerce,Region,West,10961,712495.75,0.82
ciq_ecommerce,2025-12,2025-Q4,Vaccines,BioShield Vax,BIOSHIELD-VAX_L,E-commerce,Region,West,7856,157114.55,0.82
ciq_ecommerce,2025-12,2025-Q4,Vaccines,BioShield Vax,BIOSHIELD-VAX_S,E-commerce,Region,West,10771,215413.31,0.82
ciq_ecommerce,2025-12,2025-Q4,Dermatology,DermaCalm,DERMACALM_L,E-commerce,Region,West,5759,334004.88,0.82
ciq_ecommerce,2025-12,2025-Q4,Dermatology,DermaCalm,DERMACALM_S,E-commerce,Region,West,7756,449874.82,0.82
ciq_ecommerce,2025-12,2025-Q4,Petcare Diagnostics,DiagnosTech Vet,DIAGNOSTECH-VET_L,E-commerce,Region,West,15123,257098.77,0.82
ciq_ecommerce,2025-12,2025-Q4,Petcare Diagnostics,DiagnosTech Vet,DIAGNOSTECH-VET_S,E-commerce,Region,West,19284,327829.56,0.82
ciq_ecommerce,2025-12,2025-Q4,Parasiticides,FleaStop Pro,FLEASTOP-PRO_L,E-commerce,Region,West,9909,208094.98,0.82
ciq_ecommerce,2025-12,2025-Q4,Parasiticides,FleaStop Pro,FLEASTOP-PRO_S,E-commerce,Region,West,14423,302874.92,0.82
ciq_ecommerce,2025-12,2025-Q4,Pain/Osteoarthritis,FlexiCare Joint,FLEXICARE-JOINT_L,E-commerce,Region,West,5538,243652.93,0.82
ciq_ecommerce,2025-12,2025-Q4,Pain/Osteoarthritis,FlexiCare Joint,FLEXICARE-JOINT_S,E-commerce,Region,West,7934,349095.65,0.82
ciq_ecommerce,2025-12,2025-Q4,Vaccines,ImmunoCore Canine,IMMUNOCORE-CANINE_L,E-commerce,Region,West,9025,189526.46,0.82
ciq_ecommerce,2025-12,2025-Q4,Vaccines,ImmunoCore Canine,IMMUNOCORE-CANINE_S,E-commerce,Region,West,12660,265860.69,0.82
ciq_ecommerce,2025-12,2025-Q4,Pain/Osteoarthritis,Librela,LIBRELA_L,E-commerce,Region,West,5303,254537.13,0.82
ciq_ecommerce,2025-12,2025-Q4,Pain/Osteoarthritis,Librela,LIBRELA_S,E-commerce,Region,West,7455,357852.17,0.82
ciq_ecommerce,2025-12,2025-Q4,Pain/Osteoarthritis,OsteoEase Vet,OSTEOEASE-VET_L,E-commerce,Region,West,5724,234666.13,0.82
ciq_ecommerce,2025-12,2025-Q4,Pain/Osteoarthritis,OsteoEase Vet,OSTEOEASE-VET_S,E-commerce,Region,West,7309,299658.79,0.82
ciq_ecommerce,2025-12,2025-Q4,Pain/Osteoarthritis,PainAway Canine,PAINAWAY-CANINE_L,E-commerce,Region,West,4842,179168.14,0.82
ciq_ecommerce,2025-12,2025-Q4,Pain/Osteoarthritis,PainAway Canine,PAINAWAY-CANINE_S,E-commerce,Region,West,6313,233596.63,0.82
ciq_ecommerce,2025-12,2025-Q4,Petcare Diagnostics,PetLab Analyzer,PETLAB-ANALYZER_L,E-commerce,Region,West,8872,133083.96,0.82
ciq_ecommerce,2025-12,2025-Q4,Petcare Diagnostics,PetLab Analyzer,PETLAB-ANALYZER_S,E-commerce,Region,West,11279,169189.58,0.82
ciq_ecommerce,2025-12,2025-Q4,Petcare Diagnostics,RapidVet Dx,RAPIDVET-DX_L,E-commerce,Region,West,13175,210796.26,0.82
ciq_ecommerce,2025-12,2025-Q4,Petcare Diagnostics,RapidVet Dx,RAPIDVET-DX_S,E-commerce,Region,West,17292,276667.58,0.82
ciq_ecommerce,2025-12,2025-Q4,Parasiticides,Simparica Trio,SIMPARICA-TRIO_L,E-commerce,Region,West,16658,466410.21,0.82
ciq_ecommerce,2025-12,2025-Q4,Parasiticides,Simparica Trio,SIMPARICA-TRIO_S,E-commerce,Region,West,21966,615060.95,0.82
ciq_ecommerce,2025-12,2025-Q4,Dermatology,SkinRelief Pro,SKINRELIEF-PRO_L,E-commerce,Region,West,4280,209697.33,0.82
ciq_ecommerce,2025-12,2025-Q4,Dermatology,SkinRelief Pro,SKINRELIEF-PRO_S,E-commerce,Region,West,5476,268318.96,0.82
ciq_ecommerce,2025-12,2025-Q4,Parasiticides,TickShield Plus,TICKSHIELD-PLUS_L,E-commerce,Region,West,11159,267821.23,0.82
ciq_ecommerce,2025-12,2025-Q4,Parasiticides,TickShield Plus,TICKSHIELD-PLUS_S,E-commerce,Region,West,15739,377741.81,0.82
ciq_ecommerce,2025-12,2025-Q4,Vaccines,Vanguard,VANGUARD_L,E-commerce,Region,West,9193,202235.92,0.82
ciq_ecommerce,2025-12,2025-Q4,Vaccines,Vanguard,VANGUARD_S,E-commerce,Region,West,12870,283135.76,0.82
ciq_ecommerce,2025-12,2025-Q4,Parasiticides,VectraGuard,VECTRAGUARD_L,E-commerce,Region,West,14294,371636.07,0.82
ciq_ecommerce,2025-12,2025-Q4,Parasiticides,VectraGuard,VECTRAGUARD_S,E-commerce,Region,West,18911,491677.44,0.82
ciq_ecommerce,2025-12,2025-Q4,Vaccines,VetGuard Immunize,VETGUARD-IMMUNIZE_L,E-commerce,Region,West,6928,131634.63,0.82
ciq_ecommerce,2025-12,2025-Q4,Vaccines,VetGuard Immunize,VETGUARD-IMMUNIZE_S,E-commerce,Region,West,10018,190342.08,0.82
ciq_ecommerce,2025-12,2025-Q4,Vaccines,VetSelect Core Vax,VETSELECT-CORE-VAX_L,E-commerce,Region,West,7837,109720.8,0.82
ciq_ecommerce,2025-12,2025-Q4,Vaccines,VetSelect Core Vax,VETSELECT-CORE-VAX_S,E-commerce,Region,West,11075,155044.47,0.82
ciq_ecommerce,2025-12,2025-Q4,Dermatology,VetSelect Derma,VETSELECT-DERMA_L,E-commerce,Region,West,4938,187647.62,0.82
ciq_ecommerce,2025-12,2025-Q4,Dermatology,VetSelect Derma,VETSELECT-DERMA_S,E-commerce,Region,West,6797,258277.24,0.82
ciq_ecommerce,2025-12,2025-Q4,Petcare Diagnostics,VetSelect Dx,VETSELECT-DX_L,E-commerce,Region,West,8692,104309.0,0.82
ciq_ecommerce,2025-12,2025-Q4,Petcare Diagnostics,VetSelect Dx,VETSELECT-DX_S,E-commerce,Region,West,11397,136768.54,0.82
ciq_ecommerce,2025-12,2025-Q4,Parasiticides,VetSelect Flea & Tick,VETSELECT-FLEA-TICK_L,E-commerce,Region,West,1232,20941.46,0.82
ciq_ecommerce,2025-12,2025-Q4,Parasiticides,VetSelect Flea & Tick,VETSELECT-FLEA-TICK_S,E-commerce,Region,West,1611,27384.01,0.82
ciq_ecommerce,2025-12,2025-Q4,Pain/Osteoarthritis,VetSelect Joint,VETSELECT-JOINT_L,E-commerce,Region,West,5048,146380.44,0.82
ciq_ecommerce,2025-12,2025-Q4,Pain/Osteoarthritis,VetSelect Joint,VETSELECT-JOINT_S,E-commerce,Region,West,7460,216334.72,0.82
ciq_ecommerce,2025-12,2025-Q4,Petcare Diagnostics,Vetscan,VETSCAN_L,E-commerce,Region,West,14532,261572.87,0.82
ciq_ecommerce,2025-12,2025-Q4,Petcare Diagnostics,Vetscan,VETSCAN_S,E-commerce,Region,West,21312,383617.78,0.82
ciq_ecommerce,2026-01,2026-Q1,Dermatology,AllerVet RX,ALLERVET-RX_L,E-commerce,National,National,23603,1274589.08,0.82
ciq_ecommerce,2026-01,2026-Q1,Dermatology,AllerVet RX,ALLERVET-RX_S,E-commerce,National,National,32754,1768724.59,0.82
ciq_ecommerce,2026-01,2026-Q1,Dermatology,Apoquel,APOQUEL_L,E-commerce,National,National,34229,2224834.79,0.82
ciq_ecommerce,2026-01,2026-Q1,Dermatology,Apoquel,APOQUEL_S,E-commerce,National,National,48473,3150757.62,0.82
ciq_ecommerce,2026-01,2026-Q1,Vaccines,BioShield Vax,BIOSHIELD-VAX_L,E-commerce,National,National,37764,755278.32,0.82
ciq_ecommerce,2026-01,2026-Q1,Vaccines,BioShield Vax,BIOSHIELD-VAX_S,E-commerce,National,National,51298,1025962.08,0.82
ciq_ecommerce,2026-01,2026-Q1,Dermatology,DermaCalm,DERMACALM_L,E-commerce,National,National,25767,1494454.32,0.82
ciq_ecommerce,2026-01,2026-Q1,Dermatology,DermaCalm,DERMACALM_S,E-commerce,National,National,36448,2114012.49,0.82
ciq_ecommerce,2026-01,2026-Q1,Petcare Diagnostics,DiagnosTech Vet,DIAGNOSTECH-VET_L,E-commerce,National,National,63534,1080079.3,0.82
ciq_ecommerce,2026-01,2026-Q1,Petcare Diagnostics,DiagnosTech Vet,DIAGNOSTECH-VET_S,E-commerce,National,National,86075,1463284.07,0.82
ciq_ecommerce,2026-01,2026-Q1,Parasiticides,FleaStop Pro,FLEASTOP-PRO_L,E-commerce,National,National,50642,1063473.55,0.82
ciq_ecommerce,2026-01,2026-Q1,Parasiticides,FleaStop Pro,FLEASTOP-PRO_S,E-commerce,National,National,68713,1442968.34,0.82
ciq_ecommerce,2026-01,2026-Q1,Pain/Osteoarthritis,FlexiCare Joint,FLEXICARE-JOINT_L,E-commerce,National,National,27233,1198225.18,0.82
ciq_ecommerce,2026-01,2026-Q1,Pain/Osteoarthritis,FlexiCare Joint,FLEXICARE-JOINT_S,E-commerce,National,National,36264,1595607.03,0.82
ciq_ecommerce,2026-01,2026-Q1,Vaccines,ImmunoCore Canine,IMMUNOCORE-CANINE_L,E-commerce,National,National,43151,906176.71,0.82
ciq_ecommerce,2026-01,2026-Q1,Vaccines,ImmunoCore Canine,IMMUNOCORE-CANINE_S,E-commerce,National,National,60018,1260370.77,0.82
ciq_ecommerce,2026-01,2026-Q1,Pain/Osteoarthritis,Librela,LIBRELA_L,E-commerce,National,National,23739,1139430.2,0.82
ciq_ecommerce,2026-01,2026-Q1,Pain/Osteoarthritis,Librela,LIBRELA_S,E-commerce,National,National,33498,1607888.33,0.82
ciq_ecommerce,2026-01,2026-Q1,Pain/Osteoarthritis,OsteoEase Vet,OSTEOEASE-VET_L,E-commerce,National,National,23600,967595.66,0.82
ciq_ecommerce,2026-01,2026-Q1,Pain/Osteoarthritis,OsteoEase Vet,OSTEOEASE-VET_S,E-commerce,National,National,33320,1366093.68,0.82
ciq_ecommerce,2026-01,2026-Q1,Pain/Osteoarthritis,PainAway Canine,PAINAWAY-CANINE_L,E-commerce,National,National,22291,824796.17,0.82
ciq_ecommerce,2026-01,2026-Q1,Pain/Osteoarthritis,PainAway Canine,PAINAWAY-CANINE_S,E-commerce,National,National,30871,1142270.18,0.82
ciq_ecommerce,2026-01,2026-Q1,Petcare Diagnostics,PetLab Analyzer,PETLAB-ANALYZER_L,E-commerce,National,National,38719,580783.23,0.82
ciq_ecommerce,2026-01,2026-Q1,Petcare Diagnostics,PetLab Analyzer,PETLAB-ANALYZER_S,E-commerce,National,National,51687,775308.8,0.82
ciq_ecommerce,2026-01,2026-Q1,Petcare Diagnostics,RapidVet Dx,RAPIDVET-DX_L,E-commerce,National,National,61519,984291.76,0.82
ciq_ecommerce,2026-01,2026-Q1,Petcare Diagnostics,RapidVet Dx,RAPIDVET-DX_S,E-commerce,National,National,85016,1360263.59,0.82
ciq_ecommerce,2026-01,2026-Q1,Parasiticides,Simparica Trio,SIMPARICA-TRIO_L,E-commerce,National,National,73141,2047958.81,0.82
ciq_ecommerce,2026-01,2026-Q1,Parasiticides,Simparica Trio,SIMPARICA-TRIO_S,E-commerce,National,National,98521,2758580.77,0.82
ciq_ecommerce,2026-01,2026-Q1,Dermatology,SkinRelief Pro,SKINRELIEF-PRO_L,E-commerce,National,National,20285,993970.08,0.82
ciq_ecommerce,2026-01,2026-Q1,Dermatology,SkinRelief Pro,SKINRELIEF-PRO_S,E-commerce,National,National,27787,1361563.52,0.82
ciq_ecommerce,2026-01,2026-Q1,Parasiticides,TickShield Plus,TICKSHIELD-PLUS_L,E-commerce,National,National,57275,1374609.12,0.82
ciq_ecommerce,2026-01,2026-Q1,Parasiticides,TickShield Plus,TICKSHIELD-PLUS_S,E-commerce,National,National,77973,1871360.46,0.82
ciq_ecommerce,2026-01,2026-Q1,Vaccines,Vanguard,VANGUARD_L,E-commerce,National,National,39268,863902.88,0.82
ciq_ecommerce,2026-01,2026-Q1,Vaccines,Vanguard,VANGUARD_S,E-commerce,National,National,55941,1230701.26,0.82
ciq_ecommerce,2026-01,2026-Q1,Parasiticides,VectraGuard,VECTRAGUARD_L,E-commerce,National,National,66126,1719263.65,0.82
ciq_ecommerce,2026-01,2026-Q1,Parasiticides,VectraGuard,VECTRAGUARD_S,E-commerce,National,National,89588,2329288.67,0.82
ciq_ecommerce,2026-01,2026-Q1,Vaccines,VetGuard Immunize,VETGUARD-IMMUNIZE_L,E-commerce,National,National,31496,598422.96,0.82
ciq_ecommerce,2026-01,2026-Q1,Vaccines,VetGuard Immunize,VETGUARD-IMMUNIZE_S,E-commerce,National,National,42144,800724.72,0.82
ciq_ecommerce,2026-01,2026-Q1,Vaccines,VetSelect Core Vax,VETSELECT-CORE-VAX_L,E-commerce,National,National,35961,503451.42,0.82
ciq_ecommerce,2026-01,2026-Q1,Vaccines,VetSelect Core Vax,VETSELECT-CORE-VAX_S,E-commerce,National,National,49079,687109.69,0.82
ciq_ecommerce,2026-01,2026-Q1,Dermatology,VetSelect Derma,VETSELECT-DERMA_L,E-commerce,National,National,21729,825687.21,0.82
ciq_ecommerce,2026-01,2026-Q1,Dermatology,VetSelect Derma,VETSELECT-DERMA_S,E-commerce,National,National,29601,1124837.37,0.82
ciq_ecommerce,2026-01,2026-Q1,Petcare Diagnostics,VetSelect Dx,VETSELECT-DX_L,E-commerce,National,National,37383,448591.13,0.82
ciq_ecommerce,2026-01,2026-Q1,Petcare Diagnostics,VetSelect Dx,VETSELECT-DX_S,E-commerce,National,National,48888,586646.05,0.82
ciq_ecommerce,2026-01,2026-Q1,Parasiticides,VetSelect Flea & Tick,VETSELECT-FLEA-TICK_L,E-commerce,National,National,80345,1365875.83,0.82
ciq_ecommerce,2026-01,2026-Q1,Parasiticides,VetSelect Flea & Tick,VETSELECT-FLEA-TICK_S,E-commerce,National,National,113922,1936677.84,0.82
ciq_ecommerce,2026-01,2026-Q1,Pain/Osteoarthritis,VetSelect Joint,VETSELECT-JOINT_L,E-commerce,National,National,27369,793699.59,0.82
ciq_ecommerce,2026-01,2026-Q1,Pain/Osteoarthritis,VetSelect Joint,VETSELECT-JOINT_S,E-commerce,National,National,36888,1069752.19,0.82
ciq_ecommerce,2026-01,2026-Q1,Petcare Diagnostics,Vetscan,VETSCAN_L,E-commerce,National,National,64394,1159100.2,0.82
ciq_ecommerce,2026-01,2026-Q1,Petcare Diagnostics,Vetscan,VETSCAN_S,E-commerce,National,National,88649,1595679.2,0.82
ciq_ecommerce,2026-01,2026-Q1,Dermatology,AllerVet RX,ALLERVET-RX_L,E-commerce,Region,Midwest,4874,263202.18,0.82
ciq_ecommerce,2026-01,2026-Q1,Dermatology,AllerVet RX,ALLERVET-RX_S,E-commerce,Region,Midwest,7256,391826.1,0.82
ciq_ecommerce,2026-01,2026-Q1,Dermatology,Apoquel,APOQUEL_L,E-commerce,Region,Midwest,7178,466539.18,0.82
ciq_ecommerce,2026-01,2026-Q1,Dermatology,Apoquel,APOQUEL_S,E-commerce,Region,Midwest,9886,642559.75,0.82
ciq_ecommerce,2026-01,2026-Q1,Vaccines,BioShield Vax,BIOSHIELD-VAX_L,E-commerce,Region,Midwest,7640,152800.28,0.82
ciq_ecommerce,2026-01,2026-Q1,Vaccines,BioShield Vax,BIOSHIELD-VAX_S,E-commerce,Region,Midwest,10801,216027.8,0.82
ciq_ecommerce,2026-01,2026-Q1,Dermatology,DermaCalm,DERMACALM_L,E-commerce,Region,Midwest,5091,295259.93,0.82
ciq_ecommerce,2026-01,2026-Q1,Dermatology,DermaCalm,DERMACALM_S,E-commerce,Region,Midwest,7299,423341.1,0.82
ciq_ecommerce,2026-01,2026-Q1,Petcare Diagnostics,DiagnosTech Vet,DIAGNOSTECH-VET_L,E-commerce,Region,Midwest,12942,220018.51,0.82
ciq_ecommerce,2026-01,2026-Q1,Petcare Diagnostics,DiagnosTech Vet,DIAGNOSTECH-VET_S,E-commerce,Region,Midwest,16293,276976.42,0.82
ciq_ecommerce,2026-01,2026-Q1,Parasiticides,FleaStop Pro,FLEASTOP-PRO_L,E-commerce,Region,Midwest,10114,212397.82,0.82
ciq_ecommerce,2026-01,2026-Q1,Parasiticides,FleaStop Pro,FLEASTOP-PRO_S,E-commerce,Region,Midwest,13061,274276.02,0.82
ciq_ecommerce,2026-01,2026-Q1,Pain/Osteoarthritis,FlexiCare Joint,FLEXICARE-JOINT_L,E-commerce,Region,Midwest,5957,262092.03,0.82
ciq_ecommerce,2026-01,2026-Q1,Pain/Osteoarthritis,FlexiCare Joint,FLEXICARE-JOINT_S,E-commerce,Region,Midwest,7850,345397.29,0.82
ciq_ecommerce,2026-01,2026-Q1,Vaccines,ImmunoCore Canine,IMMUNOCORE-CANINE_L,E-commerce,Region,Midwest,8979,188563.29,0.82
ciq_ecommerce,2026-01,2026-Q1,Vaccines,ImmunoCore Canine,IMMUNOCORE-CANINE_S,E-commerce,Region,Midwest,11518,241883.26,0.82
ciq_ecommerce,2026-01,2026-Q1,Pain/Osteoarthritis,Librela,LIBRELA_L,E-commerce,Region,Midwest,4912,235776.54,0.82
ciq_ecommerce,2026-01,2026-Q1,Pain/Osteoarthritis,Librela,LIBRELA_S,E-commerce,Region,Midwest,7008,336373.68,0.82
ciq_ecommerce,2026-01,2026-Q1,Pain/Osteoarthritis,OsteoEase Vet,OSTEOEASE-VET_L,E-commerce,Region,Midwest,5277,216357.17,0.82
ciq_ecommerce,2026-01,2026-Q1,Pain/Osteoarthritis,OsteoEase Vet,OSTEOEASE-VET_S,E-commerce,Region,Midwest,7243,296950.65,0.82
ciq_ecommerce,2026-01,2026-Q1,Pain/Osteoarthritis,PainAway Canine,PAINAWAY-CANINE_L,E-commerce,Region,Midwest,4798,177536.76,0.82
ciq_ecommerce,2026-01,2026-Q1,Pain/Osteoarthritis,PainAway Canine,PAINAWAY-CANINE_S,E-commerce,Region,Midwest,6634,245463.43,0.82
ciq_ecommerce,2026-01,2026-Q1,Petcare Diagnostics,PetLab Analyzer,PETLAB-ANALYZER_L,E-commerce,Region,Midwest,8938,134065.33,0.82
ciq_ecommerce,2026-01,2026-Q1,Petcare Diagnostics,PetLab Analyzer,PETLAB-ANALYZER_S,E-commerce,Region,Midwest,12425,186380.07,0.82
ciq_ecommerce,2026-01,2026-Q1,Petcare Diagnostics,RapidVet Dx,RAPIDVET-DX_L,E-commerce,Region,Midwest,13785,220558.24,0.82
ciq_ecommerce,2026-01,2026-Q1,Petcare Diagnostics,RapidVet Dx,RAPIDVET-DX_S,E-commerce,Region,Midwest,18824,301188.08,0.82
ciq_ecommerce,2026-01,2026-Q1,Parasiticides,Simparica Trio,SIMPARICA-TRIO_L,E-commerce,Region,Midwest,13987,391640.93,0.82
ciq_ecommerce,2026-01,2026-Q1,Parasiticides,Simparica Trio,SIMPARICA-TRIO_S,E-commerce,Region,Midwest,19448,544554.65,0.82
ciq_ecommerce,2026-01,2026-Q1,Dermatology,SkinRelief Pro,SKINRELIEF-PRO_L,E-commerce,Region,Midwest,4362,213746.36,0.82
ciq_ecommerce,2026-01,2026-Q1,Dermatology,SkinRelief Pro,SKINRELIEF-PRO_S,E-commerce,Region,Midwest,6074,297642.55,0.82
ciq_ecommerce,2026-01,2026-Q1,Parasiticides,TickShield Plus,TICKSHIELD-PLUS_L,E-commerce,Region,Midwest,12340,296160.18,0.82
ciq_ecommerce,2026-01,2026-Q1,Parasiticides,TickShield Plus,TICKSHIELD-PLUS_S,E-commerce,Region,Midwest,16846,404301.34,0.82
ciq_ecommerce,2026-01,2026-Q1,Vaccines,Vanguard,VANGUARD_L,E-commerce,Region,Midwest,8360,183917.85,0.82
ciq_ecommerce,2026-01,2026-Q1,Vaccines,Vanguard,VANGUARD_S,E-commerce,Region,Midwest,12006,264124.74,0.82
ciq_ecommerce,2026-01,2026-Q1,Parasiticides,VectraGuard,VECTRAGUARD_L,E-commerce,Region,Midwest,13189,342918.5,0.82
ciq_ecommerce,2026-01,2026-Q1,Parasiticides,VectraGuard,VECTRAGUARD_S,E-commerce,Region,Midwest,18868,490575.55,0.82
ciq_ecommerce,2026-01,2026-Q1,Vaccines,VetGuard Immunize,VETGUARD-IMMUNIZE_L,E-commerce,Region,Midwest,6256,118864.07,0.82
ciq_ecommerce,2026-01,2026-Q1,Vaccines,VetGuard Immunize,VETGUARD-IMMUNIZE_S,E-commerce,Region,Midwest,8954,170127.02,0.82
ciq_ecommerce,2026-01,2026-Q1,Vaccines,VetSelect Core Vax,VETSELECT-CORE-VAX_L,E-commerce,Region,Midwest,7641,106967.9,0.82
ciq_ecommerce,2026-01,2026-Q1,Vaccines,VetSelect Core Vax,VETSELECT-CORE-VAX_S,E-commerce,Region,Midwest,10142,141987.48,0.82
ciq_ecommerce,2026-01,2026-Q1,Dermatology,VetSelect Derma,VETSELECT-DERMA_L,E-commerce,Region,Midwest,4448,169016.95,0.82
ciq_ecommerce,2026-01,2026-Q1,Dermatology,VetSelect Derma,VETSELECT-DERMA_S,E-commerce,Region,Midwest,6105,231976.42,0.82
ciq_ecommerce,2026-01,2026-Q1,Petcare Diagnostics,VetSelect Dx,VETSELECT-DX_L,E-commerce,Region,Midwest,7911,94927.08,0.82
ciq_ecommerce,2026-01,2026-Q1,Petcare Diagnostics,VetSelect Dx,VETSELECT-DX_S,E-commerce,Region,Midwest,10191,122286.39,0.82
ciq_ecommerce,2026-01,2026-Q1,Parasiticides,VetSelect Flea & Tick,VETSELECT-FLEA-TICK_L,E-commerce,Region,Midwest,15990,271824.35,0.82
ciq_ecommerce,2026-01,2026-Q1,Parasiticides,VetSelect Flea & Tick,VETSELECT-FLEA-TICK_S,E-commerce,Region,Midwest,22783,387304.05,0.82
ciq_ecommerce,2026-01,2026-Q1,Pain/Osteoarthritis,VetSelect Joint,VETSELECT-JOINT_L,E-commerce,Region,Midwest,5571,161560.5,0.82
ciq_ecommerce,2026-01,2026-Q1,Pain/Osteoarthritis,VetSelect Joint,VETSELECT-JOINT_S,E-commerce,Region,Midwest,8110,235179.69,0.82
ciq_ecommerce,2026-01,2026-Q1,Petcare Diagnostics,Vetscan,VETSCAN_L,E-commerce,Region,Midwest,13067,235204.62,0.82
ciq_ecommerce,2026-01,2026-Q1,Petcare Diagnostics,Vetscan,VETSCAN_S,E-commerce,Region,Midwest,18016,324292.68,0.82
ciq_ecommerce,2026-01,2026-Q1,Dermatology,AllerVet RX,ALLERVET-RX_L,E-commerce,Region,Northeast,5147,277955.64,0.82
ciq_ecommerce,2026-01,2026-Q1,Dermatology,AllerVet RX,ALLERVET-RX_S,E-commerce,Region,Northeast,7479,403878.73,0.82
ciq_ecommerce,2026-01,2026-Q1,Dermatology,Apoquel,APOQUEL_L,E-commerce,Region,Northeast,7561,491483.33,0.82
ciq_ecommerce,2026-01,2026-Q1,Dermatology,Apoquel,APOQUEL_S,E-commerce,Region,Northeast,10428,677839.65,0.82
ciq_ecommerce,2026-01,2026-Q1,Vaccines,BioShield Vax,BIOSHIELD-VAX_L,E-commerce,Region,Northeast,8578,171568.15,0.82
ciq_ecommerce,2026-01,2026-Q1,Vaccines,BioShield Vax,BIOSHIELD-VAX_S,E-commerce,Region,Northeast,11116,222316.53,0.82
ciq_ecommerce,2026-01,2026-Q1,Dermatology,DermaCalm,DERMACALM_L,E-commerce,Region,Northeast,5215,302482.44,0.82
ciq_ecommerce,2026-01,2026-Q1,Dermatology,DermaCalm,DERMACALM_S,E-commerce,Region,Northeast,7413,429961.53,0.82
ciq_ecommerce,2026-01,2026-Q1,Petcare Diagnostics,DiagnosTech Vet,DIAGNOSTECH-VET_L,E-commerce,Region,Northeast,13545,230268.02,0.82
ciq_ecommerce,2026-01,2026-Q1,Petcare Diagnostics,DiagnosTech Vet,DIAGNOSTECH-VET_S,E-commerce,Region,Northeast,19764,335992.71,0.82
ciq_ecommerce,2026-01,2026-Q1,Parasiticides,FleaStop Pro,FLEASTOP-PRO_L,E-commerce,Region,Northeast,11306,237424.17,0.82
ciq_ecommerce,2026-01,2026-Q1,Parasiticides,FleaStop Pro,FLEASTOP-PRO_S,E-commerce,Region,Northeast,15651,328668.63,0.82
ciq_ecommerce,2026-01,2026-Q1,Pain/Osteoarthritis,FlexiCare Joint,FLEXICARE-JOINT_L,E-commerce,Region,Northeast,6254,275186.46,0.82
ciq_ecommerce,2026-01,2026-Q1,Pain/Osteoarthritis,FlexiCare Joint,FLEXICARE-JOINT_S,E-commerce,Region,Northeast,8172,359560.39,0.82
ciq_ecommerce,2026-01,2026-Q1,Vaccines,ImmunoCore Canine,IMMUNOCORE-CANINE_L,E-commerce,Region,Northeast,9390,197188.04,0.82
ciq_ecommerce,2026-01,2026-Q1,Vaccines,ImmunoCore Canine,IMMUNOCORE-CANINE_S,E-commerce,Region,Northeast,12987,272722.54,0.82
ciq_ecommerce,2026-01,2026-Q1,Pain/Osteoarthritis,Librela,LIBRELA_L,E-commerce,Region,Northeast,5502,264082.91,0.82
ciq_ecommerce,2026-01,2026-Q1,Pain/Osteoarthritis,Librela,LIBRELA_S,E-commerce,Region,Northeast,7404,355371.1,0.82
ciq_ecommerce,2026-01,2026-Q1,Pain/Osteoarthritis,OsteoEase Vet,OSTEOEASE-VET_L,E-commerce,Region,Northeast,5099,209075.14,0.82
ciq_ecommerce,2026-01,2026-Q1,Pain/Osteoarthritis,OsteoEase Vet,OSTEOEASE-VET_S,E-commerce,Region,Northeast,7360,301749.94,0.82
ciq_ecommerce,2026-01,2026-Q1,Pain/Osteoarthritis,PainAway Canine,PAINAWAY-CANINE_L,E-commerce,Region,Northeast,4677,173050.72,0.82
ciq_ecommerce,2026-01,2026-Q1,Pain/Osteoarthritis,PainAway Canine,PAINAWAY-CANINE_S,E-commerce,Region,Northeast,6720,248655.0,0.82
ciq_ecommerce,2026-01,2026-Q1,Petcare Diagnostics,PetLab Analyzer,PETLAB-ANALYZER_L,E-commerce,Region,Northeast,8527,127912.11,0.82
ciq_ecommerce,2026-01,2026-Q1,Petcare Diagnostics,PetLab Analyzer,PETLAB-ANALYZER_S,E-commerce,Region,Northeast,10957,164348.2,0.82
ciq_ecommerce,2026-01,2026-Q1,Petcare Diagnostics,RapidVet Dx,RAPIDVET-DX_L,E-commerce,Region,Northeast,13168,210685.55,0.82
ciq_ecommerce,2026-01,2026-Q1,Petcare Diagnostics,RapidVet Dx,RAPIDVET-DX_S,E-commerce,Region,Northeast,18660,298562.28,0.82
ciq_ecommerce,2026-01,2026-Q1,Parasiticides,Simparica Trio,SIMPARICA-TRIO_L,E-commerce,Region,Northeast,16898,473150.13,0.82
ciq_ecommerce,2026-01,2026-Q1,Parasiticides,Simparica Trio,SIMPARICA-TRIO_S,E-commerce,Region,Northeast,20937,586238.29,0.82
ciq_ecommerce,2026-01,2026-Q1,Dermatology,SkinRelief Pro,SKINRELIEF-PRO_L,E-commerce,Region,Northeast,4525,221720.83,0.82
ciq_ecommerce,2026-01,2026-Q1,Dermatology,SkinRelief Pro,SKINRELIEF-PRO_S,E-commerce,Region,Northeast,5942,291145.56,0.82
ciq_ecommerce,2026-01,2026-Q1,Parasiticides,TickShield Plus,TICKSHIELD-PLUS_L,E-commerce,Region,Northeast,11862,284680.43,0.82
ciq_ecommerce,2026-01,2026-Q1,Parasiticides,TickShield Plus,TICKSHIELD-PLUS_S,E-commerce,Region,Northeast,16262,390291.15,0.82
ciq_ecommerce,2026-01,2026-Q1,Vaccines,Vanguard,VANGUARD_L,E-commerce,Region,Northeast,8245,181400.93,0.82
ciq_ecommerce,2026-01,2026-Q1,Vaccines,Vanguard,VANGUARD_S,E-commerce,Region,Northeast,11926,262381.13,0.82
ciq_ecommerce,2026-01,2026-Q1,Parasiticides,VectraGuard,VECTRAGUARD_L,E-commerce,Region,Northeast,13972,363263.0,0.82
ciq_ecommerce,2026-01,2026-Q1,Parasiticides,VectraGuard,VECTRAGUARD_S,E-commerce,Region,Northeast,19207,499389.75,0.82
ciq_ecommerce,2026-01,2026-Q1,Vaccines,VetGuard Immunize,VETGUARD-IMMUNIZE_L,E-commerce,Region,Northeast,6875,130626.07,0.82
ciq_ecommerce,2026-01,2026-Q1,Vaccines,VetGuard Immunize,VETGUARD-IMMUNIZE_S,E-commerce,Region,Northeast,9261,175958.71,0.82
ciq_ecommerce,2026-01,2026-Q1,Vaccines,VetSelect Core Vax,VETSELECT-CORE-VAX_L,E-commerce,Region,Northeast,9019,126267.52,0.82
ciq_ecommerce,2026-01,2026-Q1,Vaccines,VetSelect Core Vax,VETSELECT-CORE-VAX_S,E-commerce,Region,Northeast,12200,170798.21,0.82
ciq_ecommerce,2026-01,2026-Q1,Dermatology,VetSelect Derma,VETSELECT-DERMA_L,E-commerce,Region,Northeast,4794,182163.76,0.82
ciq_ecommerce,2026-01,2026-Q1,Dermatology,VetSelect Derma,VETSELECT-DERMA_S,E-commerce,Region,Northeast,6652,252758.38,0.82
ciq_ecommerce,2026-01,2026-Q1,Petcare Diagnostics,VetSelect Dx,VETSELECT-DX_L,E-commerce,Region,Northeast,8488,101859.16,0.82
ciq_ecommerce,2026-01,2026-Q1,Petcare Diagnostics,VetSelect Dx,VETSELECT-DX_S,E-commerce,Region,Northeast,10428,125130.98,0.82
ciq_ecommerce,2026-01,2026-Q1,Parasiticides,VetSelect Flea & Tick,VETSELECT-FLEA-TICK_L,E-commerce,Region,Northeast,16353,278008.09,0.82
ciq_ecommerce,2026-01,2026-Q1,Parasiticides,VetSelect Flea & Tick,VETSELECT-FLEA-TICK_S,E-commerce,Region,Northeast,24551,417365.48,0.82
ciq_ecommerce,2026-01,2026-Q1,Pain/Osteoarthritis,VetSelect Joint,VETSELECT-JOINT_L,E-commerce,Region,Northeast,6006,174175.33,0.82
ciq_ecommerce,2026-01,2026-Q1,Pain/Osteoarthritis,VetSelect Joint,VETSELECT-JOINT_S,E-commerce,Region,Northeast,7961,230880.59,0.82
ciq_ecommerce,2026-01,2026-Q1,Petcare Diagnostics,Vetscan,VETSCAN_L,E-commerce,Region,Northeast,14301,257423.73,0.82
ciq_ecommerce,2026-01,2026-Q1,Petcare Diagnostics,Vetscan,VETSCAN_S,E-commerce,Region,Northeast,19420,349555.29,0.82
ciq_ecommerce,2026-01,2026-Q1,Dermatology,AllerVet RX,ALLERVET-RX_L,E-commerce,Region,South,8091,436917.86,0.82
ciq_ecommerce,2026-01,2026-Q1,Dermatology,AllerVet RX,ALLERVET-RX_S,E-commerce,Region,South,10493,566605.0,0.82
ciq_ecommerce,2026-01,2026-Q1,Dermatology,Apoquel,APOQUEL_L,E-commerce,Region,South,11537,749899.44,0.82
ciq_ecommerce,2026-01,2026-Q1,Dermatology,Apoquel,APOQUEL_S,E-commerce,Region,South,16632,1081102.55,0.82
ciq_ecommerce,2026-01,2026-Q1,Vaccines,BioShield Vax,BIOSHIELD-VAX_L,E-commerce,Region,South,12658,253154.36,0.82
ciq_ecommerce,2026-01,2026-Q1,Vaccines,BioShield Vax,BIOSHIELD-VAX_S,E-commerce,Region,South,17564,351281.77,0.82
ciq_ecommerce,2026-01,2026-Q1,Dermatology,DermaCalm,DERMACALM_L,E-commerce,Region,South,9412,545879.69,0.82
ciq_ecommerce,2026-01,2026-Q1,Dermatology,DermaCalm,DERMACALM_S,E-commerce,Region,South,13627,790385.71,0.82
ciq_ecommerce,2026-01,2026-Q1,Petcare Diagnostics,DiagnosTech Vet,DIAGNOSTECH-VET_L,E-commerce,Region,South,22303,379150.41,0.82
ciq_ecommerce,2026-01,2026-Q1,Petcare Diagnostics,DiagnosTech Vet,DIAGNOSTECH-VET_S,E-commerce,Region,South,28186,479166.14,0.82
ciq_ecommerce,2026-01,2026-Q1,Parasiticides,FleaStop Pro,FLEASTOP-PRO_L,E-commerce,Region,South,17389,365158.79,0.82
ciq_ecommerce,2026-01,2026-Q1,Parasiticides,FleaStop Pro,FLEASTOP-PRO_S,E-commerce,Region,South,24467,513806.63,0.82
ciq_ecommerce,2026-01,2026-Q1,Pain/Osteoarthritis,FlexiCare Joint,FLEXICARE-JOINT_L,E-commerce,Region,South,8800,387199.73,0.82
ciq_ecommerce,2026-01,2026-Q1,Pain/Osteoarthritis,FlexiCare Joint,FLEXICARE-JOINT_S,E-commerce,Region,South,11988,527479.11,0.82
ciq_ecommerce,2026-01,2026-Q1,Vaccines,ImmunoCore Canine,IMMUNOCORE-CANINE_L,E-commerce,Region,South,15138,317892.15,0.82
ciq_ecommerce,2026-01,2026-Q1,Vaccines,ImmunoCore Canine,IMMUNOCORE-CANINE_S,E-commerce,Region,South,21291,447110.84,0.82
ciq_ecommerce,2026-01,2026-Q1,Pain/Osteoarthritis,Librela,LIBRELA_L,E-commerce,Region,South,7872,377846.53,0.82
ciq_ecommerce,2026-01,2026-Q1,Pain/Osteoarthritis,Librela,LIBRELA_S,E-commerce,Region,South,11721,562624.54,0.82
ciq_ecommerce,2026-01,2026-Q1,Pain/Osteoarthritis,OsteoEase Vet,OSTEOEASE-VET_L,E-commerce,Region,South,7674,314628.18,0.82
ciq_ecommerce,2026-01,2026-Q1,Pain/Osteoarthritis,OsteoEase Vet,OSTEOEASE-VET_S,E-commerce,Region,South,10656,436907.62,0.82
ciq_ecommerce,2026-01,2026-Q1,Pain/Osteoarthritis,PainAway Canine,PAINAWAY-CANINE_L,E-commerce,Region,South,7623,282055.53,0.82
ciq_ecommerce,2026-01,2026-Q1,Pain/Osteoarthritis,PainAway Canine,PAINAWAY-CANINE_S,E-commerce,Region,South,10548,390294.25,0.82
ciq_ecommerce,2026-01,2026-Q1,Petcare Diagnostics,PetLab Analyzer,PETLAB-ANALYZER_L,E-commerce,Region,South,12874,193111.67,0.82
ciq_ecommerce,2026-01,2026-Q1,Petcare Diagnostics,PetLab Analyzer,PETLAB-ANALYZER_S,E-commerce,Region,South,17032,255484.57,0.82
ciq_ecommerce,2026-01,2026-Q1,Petcare Diagnostics,RapidVet Dx,RAPIDVET-DX_L,E-commerce,Region,South,20576,329215.15,0.82
ciq_ecommerce,2026-01,2026-Q1,Petcare Diagnostics,RapidVet Dx,RAPIDVET-DX_S,E-commerce,Region,South,28021,448334.58,0.82
ciq_ecommerce,2026-01,2026-Q1,Parasiticides,Simparica Trio,SIMPARICA-TRIO_L,E-commerce,Region,South,24632,689695.95,0.82
ciq_ecommerce,2026-01,2026-Q1,Parasiticides,Simparica Trio,SIMPARICA-TRIO_S,E-commerce,Region,South,34498,965932.44,0.82
ciq_ecommerce,2026-01,2026-Q1,Dermatology,SkinRelief Pro,SKINRELIEF-PRO_L,E-commerce,Region,South,6828,334558.68,0.82
ciq_ecommerce,2026-01,2026-Q1,Dermatology,SkinRelief Pro,SKINRELIEF-PRO_S,E-commerce,Region,South,9250,453229.2,0.82
ciq_ecommerce,2026-01,2026-Q1,Parasiticides,TickShield Plus,TICKSHIELD-PLUS_L,E-commerce,Region,South,20072,481734.74,0.82
ciq_ecommerce,2026-01,2026-Q1,Parasiticides,TickShield Plus,TICKSHIELD-PLUS_S,E-commerce,Region,South,26963,647122.5,0.82
ciq_ecommerce,2026-01,2026-Q1,Vaccines,Vanguard,VANGUARD_L,E-commerce,Region,South,13746,302404.95,0.82
ciq_ecommerce,2026-01,2026-Q1,Vaccines,Vanguard,VANGUARD_S,E-commerce,Region,South,20244,445361.03,0.82
ciq_ecommerce,2026-01,2026-Q1,Parasiticides,VectraGuard,VECTRAGUARD_L,E-commerce,Region,South,22400,582398.49,0.82
ciq_ecommerce,2026-01,2026-Q1,Parasiticides,VectraGuard,VECTRAGUARD_S,E-commerce,Region,South,31730,824972.87,0.82
ciq_ecommerce,2026-01,2026-Q1,Vaccines,VetGuard Immunize,VETGUARD-IMMUNIZE_L,E-commerce,Region,South,10639,202136.78,0.82
ciq_ecommerce,2026-01,2026-Q1,Vaccines,VetGuard Immunize,VETGUARD-IMMUNIZE_S,E-commerce,Region,South,14091,267723.2,0.82
ciq_ecommerce,2026-01,2026-Q1,Vaccines,VetSelect Core Vax,VETSELECT-CORE-VAX_L,E-commerce,Region,South,11387,159419.5,0.82
ciq_ecommerce,2026-01,2026-Q1,Vaccines,VetSelect Core Vax,VETSELECT-CORE-VAX_S,E-commerce,Region,South,15715,220012.98,0.82
ciq_ecommerce,2026-01,2026-Q1,Dermatology,VetSelect Derma,VETSELECT-DERMA_L,E-commerce,Region,South,7566,287526.19,0.82
ciq_ecommerce,2026-01,2026-Q1,Dermatology,VetSelect Derma,VETSELECT-DERMA_S,E-commerce,Region,South,10221,388416.73,0.82
ciq_ecommerce,2026-01,2026-Q1,Petcare Diagnostics,VetSelect Dx,VETSELECT-DX_L,E-commerce,Region,South,12027,144321.34,0.82
ciq_ecommerce,2026-01,2026-Q1,Petcare Diagnostics,VetSelect Dx,VETSELECT-DX_S,E-commerce,Region,South,16160,193919.35,0.82
ciq_ecommerce,2026-01,2026-Q1,Parasiticides,VetSelect Flea & Tick,VETSELECT-FLEA-TICK_L,E-commerce,Region,South,29716,505179.93,0.82
ciq_ecommerce,2026-01,2026-Q1,Parasiticides,VetSelect Flea & Tick,VETSELECT-FLEA-TICK_S,E-commerce,Region,South,40737,692537.38,0.82
ciq_ecommerce,2026-01,2026-Q1,Pain/Osteoarthritis,VetSelect Joint,VETSELECT-JOINT_L,E-commerce,Region,South,9153,265427.15,0.82
ciq_ecommerce,2026-01,2026-Q1,Pain/Osteoarthritis,VetSelect Joint,VETSELECT-JOINT_S,E-commerce,Region,South,11426,331342.93,0.82
ciq_ecommerce,2026-01,2026-Q1,Petcare Diagnostics,Vetscan,VETSCAN_L,E-commerce,Region,South,23072,415296.2,0.82
ciq_ecommerce,2026-01,2026-Q1,Petcare Diagnostics,Vetscan,VETSCAN_S,E-commerce,Region,South,31392,565054.34,0.82
ciq_ecommerce,2026-01,2026-Q1,Dermatology,AllerVet RX,ALLERVET-RX_L,E-commerce,Region,West,5491,296513.4,0.82
ciq_ecommerce,2026-01,2026-Q1,Dermatology,AllerVet RX,ALLERVET-RX_S,E-commerce,Region,West,7526,406414.76,0.82
ciq_ecommerce,2026-01,2026-Q1,Dermatology,Apoquel,APOQUEL_L,E-commerce,Region,West,7953,516912.84,0.82
ciq_ecommerce,2026-01,2026-Q1,Dermatology,Apoquel,APOQUEL_S,E-commerce,Region,West,11527,749255.67,0.82
ciq_ecommerce,2026-01,2026-Q1,Vaccines,BioShield Vax,BIOSHIELD-VAX_L,E-commerce,Region,West,8888,177755.53,0.82
ciq_ecommerce,2026-01,2026-Q1,Vaccines,BioShield Vax,BIOSHIELD-VAX_S,E-commerce,Region,West,11817,236335.98,0.82
ciq_ecommerce,2026-01,2026-Q1,Dermatology,DermaCalm,DERMACALM_L,E-commerce,Region,West,6049,350832.26,0.82
ciq_ecommerce,2026-01,2026-Q1,Dermatology,DermaCalm,DERMACALM_S,E-commerce,Region,West,8109,470324.15,0.82
ciq_ecommerce,2026-01,2026-Q1,Petcare Diagnostics,DiagnosTech Vet,DIAGNOSTECH-VET_L,E-commerce,Region,West,14744,250642.36,0.82
ciq_ecommerce,2026-01,2026-Q1,Petcare Diagnostics,DiagnosTech Vet,DIAGNOSTECH-VET_S,E-commerce,Region,West,21832,371148.8,0.82
ciq_ecommerce,2026-01,2026-Q1,Parasiticides,FleaStop Pro,FLEASTOP-PRO_L,E-commerce,Region,West,11833,248492.77,0.82
ciq_ecommerce,2026-01,2026-Q1,Parasiticides,FleaStop Pro,FLEASTOP-PRO_S,E-commerce,Region,West,15534,326217.06,0.82
ciq_ecommerce,2026-01,2026-Q1,Pain/Osteoarthritis,FlexiCare Joint,FLEXICARE-JOINT_L,E-commerce,Region,West,6222,273746.96,0.82
ciq_ecommerce,2026-01,2026-Q1,Pain/Osteoarthritis,FlexiCare Joint,FLEXICARE-JOINT_S,E-commerce,Region,West,8254,363170.24,0.82
ciq_ecommerce,2026-01,2026-Q1,Vaccines,ImmunoCore Canine,IMMUNOCORE-CANINE_L,E-commerce,Region,West,9644,202533.23,0.82
ciq_ecommerce,2026-01,2026-Q1,Vaccines,ImmunoCore Canine,IMMUNOCORE-CANINE_S,E-commerce,Region,West,14222,298654.13,0.82
ciq_ecommerce,2026-01,2026-Q1,Pain/Osteoarthritis,Librela,LIBRELA_L,E-commerce,Region,West,5453,261724.22,0.82
ciq_ecommerce,2026-01,2026-Q1,Pain/Osteoarthritis,Librela,LIBRELA_S,E-commerce,Region,West,7365,353519.01,0.82
ciq_ecommerce,2026-01,2026-Q1,Pain/Osteoarthritis,OsteoEase Vet,OSTEOEASE-VET_L,E-commerce,Region,West,5550,227535.17,0.82
ciq_ecommerce,2026-01,2026-Q1,Pain/Osteoarthritis,OsteoEase Vet,OSTEOEASE-VET_S,E-commerce,Region,West,8061,330485.47,0.82
ciq_ecommerce,2026-01,2026-Q1,Pain/Osteoarthritis,PainAway Canine,PAINAWAY-CANINE_L,E-commerce,Region,West,5193,192153.16,0.82
ciq_ecommerce,2026-01,2026-Q1,Pain/Osteoarthritis,PainAway Canine,PAINAWAY-CANINE_S,E-commerce,Region,West,6969,257857.5,0.82
ciq_ecommerce,2026-01,2026-Q1,Petcare Diagnostics,PetLab Analyzer,PETLAB-ANALYZER_L,E-commerce,Region,West,8380,125694.12,0.82
ciq_ecommerce,2026-01,2026-Q1,Petcare Diagnostics,PetLab Analyzer,PETLAB-ANALYZER_S,E-commerce,Region,West,11273,169095.96,0.82
ciq_ecommerce,2026-01,2026-Q1,Petcare Diagnostics,RapidVet Dx,RAPIDVET-DX_L,E-commerce,Region,West,13990,223832.82,0.82
ciq_ecommerce,2026-01,2026-Q1,Petcare Diagnostics,RapidVet Dx,RAPIDVET-DX_S,E-commerce,Region,West,19511,312178.65,0.82
ciq_ecommerce,2026-01,2026-Q1,Parasiticides,Simparica Trio,SIMPARICA-TRIO_L,E-commerce,Region,West,17624,493471.8,0.82
ciq_ecommerce,2026-01,2026-Q1,Parasiticides,Simparica Trio,SIMPARICA-TRIO_S,E-commerce,Region,West,23638,661855.39,0.82
ciq_ecommerce,2026-01,2026-Q1,Dermatology,SkinRelief Pro,SKINRELIEF-PRO_L,E-commerce,Region,West,4570,223944.21,0.82
ciq_ecommerce,2026-01,2026-Q1,Dermatology,SkinRelief Pro,SKINRELIEF-PRO_S,E-commerce,Region,West,6521,319546.21,0.82
ciq_ecommerce,2026-01,2026-Q1,Parasiticides,TickShield Plus,TICKSHIELD-PLUS_L,E-commerce,Region,West,13001,312033.77,0.82
ciq_ecommerce,2026-01,2026-Q1,Parasiticides,TickShield Plus,TICKSHIELD-PLUS_S,E-commerce,Region,West,17902,429645.47,0.82
ciq_ecommerce,2026-01,2026-Q1,Vaccines,Vanguard,VANGUARD_L,E-commerce,Region,West,8917,196179.15,0.82
ciq_ecommerce,2026-01,2026-Q1,Vaccines,Vanguard,VANGUARD_S,E-commerce,Region,West,11765,258834.36,0.82
ciq_ecommerce,2026-01,2026-Q1,Parasiticides,VectraGuard,VECTRAGUARD_L,E-commerce,Region,West,16565,430683.66,0.82
ciq_ecommerce,2026-01,2026-Q1,Parasiticides,VectraGuard,VECTRAGUARD_S,E-commerce,Region,West,19783,514350.5,0.82
ciq_ecommerce,2026-01,2026-Q1,Vaccines,VetGuard Immunize,VETGUARD-IMMUNIZE_L,E-commerce,Region,West,7726,146796.04,0.82
ciq_ecommerce,2026-01,2026-Q1,Vaccines,VetGuard Immunize,VETGUARD-IMMUNIZE_S,E-commerce,Region,West,9838,186915.79,0.82
ciq_ecommerce,2026-01,2026-Q1,Vaccines,VetSelect Core Vax,VETSELECT-CORE-VAX_L,E-commerce,Region,West,7914,110796.5,0.82
ciq_ecommerce,2026-01,2026-Q1,Vaccines,VetSelect Core Vax,VETSELECT-CORE-VAX_S,E-commerce,Region,West,11022,154311.02,0.82
ciq_ecommerce,2026-01,2026-Q1,Dermatology,VetSelect Derma,VETSELECT-DERMA_L,E-commerce,Region,West,4921,186980.31,0.82
ciq_ecommerce,2026-01,2026-Q1,Dermatology,VetSelect Derma,VETSELECT-DERMA_S,E-commerce,Region,West,6623,251685.84,0.82
ciq_ecommerce,2026-01,2026-Q1,Petcare Diagnostics,VetSelect Dx,VETSELECT-DX_L,E-commerce,Region,West,8957,107483.55,0.82
ciq_ecommerce,2026-01,2026-Q1,Petcare Diagnostics,VetSelect Dx,VETSELECT-DX_S,E-commerce,Region,West,12109,145309.33,0.82
ciq_ecommerce,2026-01,2026-Q1,Parasiticides,VetSelect Flea & Tick,VETSELECT-FLEA-TICK_L,E-commerce,Region,West,18286,310863.46,0.82
ciq_ecommerce,2026-01,2026-Q1,Parasiticides,VetSelect Flea & Tick,VETSELECT-FLEA-TICK_S,E-commerce,Region,West,25851,439470.93,0.82
ciq_ecommerce,2026-01,2026-Q1,Pain/Osteoarthritis,VetSelect Joint,VETSELECT-JOINT_L,E-commerce,Region,West,6639,192536.61,0.82
ciq_ecommerce,2026-01,2026-Q1,Pain/Osteoarthritis,VetSelect Joint,VETSELECT-JOINT_S,E-commerce,Region,West,9391,272348.98,0.82
ciq_ecommerce,2026-01,2026-Q1,Petcare Diagnostics,Vetscan,VETSCAN_L,E-commerce,Region,West,13954,251175.65,0.82
ciq_ecommerce,2026-01,2026-Q1,Petcare Diagnostics,Vetscan,VETSCAN_S,E-commerce,Region,West,19821,356776.89,0.82
ciq_ecommerce,2026-02,2026-Q1,Dermatology,AllerVet RX,ALLERVET-RX_L,E-commerce,National,National,25741,1390027.41,0.82
ciq_ecommerce,2026-02,2026-Q1,Dermatology,AllerVet RX,ALLERVET-RX_S,E-commerce,National,National,34402,1857762.23,0.82
ciq_ecommerce,2026-02,2026-Q1,Dermatology,Apoquel,APOQUEL_L,E-commerce,National,National,38007,2470419.05,0.82
ciq_ecommerce,2026-02,2026-Q1,Dermatology,Apoquel,APOQUEL_S,E-commerce,National,National,52808,3432499.43,0.82
ciq_ecommerce,2026-02,2026-Q1,Vaccines,BioShield Vax,BIOSHIELD-VAX_L,E-commerce,National,National,39739,794794.47,0.82
ciq_ecommerce,2026-02,2026-Q1,Vaccines,BioShield Vax,BIOSHIELD-VAX_S,E-commerce,National,National,56164,1123279.82,0.82
ciq_ecommerce,2026-02,2026-Q1,Dermatology,DermaCalm,DERMACALM_L,E-commerce,National,National,28898,1676053.79,0.82
ciq_ecommerce,2026-02,2026-Q1,Dermatology,DermaCalm,DERMACALM_S,E-commerce,National,National,39141,2270230.81,0.82
ciq_ecommerce,2026-02,2026-Q1,Petcare Diagnostics,DiagnosTech Vet,DIAGNOSTECH-VET_L,E-commerce,National,National,67569,1148663.71,0.82
ciq_ecommerce,2026-02,2026-Q1,Petcare Diagnostics,DiagnosTech Vet,DIAGNOSTECH-VET_S,E-commerce,National,National,96254,1636326.2,0.82
ciq_ecommerce,2026-02,2026-Q1,Parasiticides,FleaStop Pro,FLEASTOP-PRO_L,E-commerce,National,National,57657,1210785.83,0.82
ciq_ecommerce,2026-02,2026-Q1,Parasiticides,FleaStop Pro,FLEASTOP-PRO_S,E-commerce,National,National,77765,1633068.03,0.82
ciq_ecommerce,2026-02,2026-Q1,Pain/Osteoarthritis,FlexiCare Joint,FLEXICARE-JOINT_L,E-commerce,National,National,26342,1159037.24,0.82
ciq_ecommerce,2026-02,2026-Q1,Pain/Osteoarthritis,FlexiCare Joint,FLEXICARE-JOINT_S,E-commerce,National,National,37668,1657357.66,0.82
ciq_ecommerce,2026-02,2026-Q1,Vaccines,ImmunoCore Canine,IMMUNOCORE-CANINE_L,E-commerce,National,National,46956,986070.15,0.82
ciq_ecommerce,2026-02,2026-Q1,Vaccines,ImmunoCore Canine,IMMUNOCORE-CANINE_S,E-commerce,National,National,66554,1397645.21,0.82
ciq_ecommerce,2026-02,2026-Q1,Pain/Osteoarthritis,Librela,LIBRELA_L,E-commerce,National,National,24652,1183240.84,0.82
ciq_ecommerce,2026-02,2026-Q1,Pain/Osteoarthritis,Librela,LIBRELA_S,E-commerce,National,National,35526,1705269.98,0.82
ciq_ecommerce,2026-02,2026-Q1,Pain/Osteoarthritis,OsteoEase Vet,OSTEOEASE-VET_L,E-commerce,National,National,25544,1047284.08,0.82
ciq_ecommerce,2026-02,2026-Q1,Pain/Osteoarthritis,OsteoEase Vet,OSTEOEASE-VET_S,E-commerce,National,National,35337,1448752.14,0.82
ciq_ecommerce,2026-02,2026-Q1,Pain/Osteoarthritis,PainAway Canine,PAINAWAY-CANINE_L,E-commerce,National,National,22902,847412.14,0.82
ciq_ecommerce,2026-02,2026-Q1,Pain/Osteoarthritis,PainAway Canine,PAINAWAY-CANINE_S,E-commerce,National,National,31979,1183234.28,0.82
ciq_ecommerce,2026-02,2026-Q1,Petcare Diagnostics,PetLab Analyzer,PETLAB-ANALYZER_L,E-commerce,National,National,42687,640297.33,0.82
ciq_ecommerce,2026-02,2026-Q1,Petcare Diagnostics,PetLab Analyzer,PETLAB-ANALYZER_S,E-commerce,National,National,56493,847403.47,0.82
ciq_ecommerce,2026-02,2026-Q1,Petcare Diagnostics,RapidVet Dx,RAPIDVET-DX_L,E-commerce,National,National,63876,1022016.48,0.82
ciq_ecommerce,2026-02,2026-Q1,Petcare Diagnostics,RapidVet Dx,RAPIDVET-DX_S,E-commerce,National,National,89357,1429726.06,0.82
ciq_ecommerce,2026-02,2026-Q1,Parasiticides,Simparica Trio,SIMPARICA-TRIO_L,E-commerce,National,National,93879,2628596.38,0.82
ciq_ecommerce,2026-02,2026-Q1,Parasiticides,Simparica Trio,SIMPARICA-TRIO_S,E-commerce,National,National,132559,3711641.58,0.82
ciq_ecommerce,2026-02,2026-Q1,Dermatology,SkinRelief Pro,SKINRELIEF-PRO_L,E-commerce,National,National,21491,1053101.72,0.82
ciq_ecommerce,2026-02,2026-Q1,Dermatology,SkinRelief Pro,SKINRELIEF-PRO_S,E-commerce,National,National,29799,1460144.45,0.82
ciq_ecommerce,2026-02,2026-Q1,Parasiticides,TickShield Plus,TICKSHIELD-PLUS_L,E-commerce,National,National,62465,1499166.74,0.82
ciq_ecommerce,2026-02,2026-Q1,Parasiticides,TickShield Plus,TICKSHIELD-PLUS_S,E-commerce,National,National,85261,2046241.94,0.82
ciq_ecommerce,2026-02,2026-Q1,Vaccines,Vanguard,VANGUARD_L,E-commerce,National,National,44417,977190.67,0.82
ciq_ecommerce,2026-02,2026-Q1,Vaccines,Vanguard,VANGUARD_S,E-commerce,National,National,61044,1342974.83,0.82
ciq_ecommerce,2026-02,2026-Q1,Parasiticides,VectraGuard,VECTRAGUARD_L,E-commerce,National,National,84766,2203904.93,0.82
ciq_ecommerce,2026-02,2026-Q1,Parasiticides,VectraGuard,VECTRAGUARD_S,E-commerce,National,National,120494,3132856.71,0.82
ciq_ecommerce,2026-02,2026-Q1,Vaccines,VetGuard Immunize,VETGUARD-IMMUNIZE_L,E-commerce,National,National,35426,673085.6,0.82
ciq_ecommerce,2026-02,2026-Q1,Vaccines,VetGuard Immunize,VETGUARD-IMMUNIZE_S,E-commerce,National,National,48084,913591.29,0.82
ciq_ecommerce,2026-02,2026-Q1,Vaccines,VetSelect Core Vax,VETSELECT-CORE-VAX_L,E-commerce,National,National,36964,517492.75,0.82
ciq_ecommerce,2026-02,2026-Q1,Vaccines,VetSelect Core Vax,VETSELECT-CORE-VAX_S,E-commerce,National,National,50671,709400.98,0.82
ciq_ecommerce,2026-02,2026-Q1,Dermatology,VetSelect Derma,VETSELECT-DERMA_L,E-commerce,National,National,22655,860863.33,0.82
ciq_ecommerce,2026-02,2026-Q1,Dermatology,VetSelect Derma,VETSELECT-DERMA_S,E-commerce,National,National,31183,1184978.68,0.82
ciq_ecommerce,2026-02,2026-Q1,Petcare Diagnostics,VetSelect Dx,VETSELECT-DX_L,E-commerce,National,National,39971,479652.52,0.82
ciq_ecommerce,2026-02,2026-Q1,Petcare Diagnostics,VetSelect Dx,VETSELECT-DX_S,E-commerce,National,National,53850,646209.78,0.82
ciq_ecommerce,2026-02,2026-Q1,Parasiticides,VetSelect Flea & Tick,VETSELECT-FLEA-TICK_L,E-commerce,National,National,95468,1622969.53,0.82
ciq_ecommerce,2026-02,2026-Q1,Parasiticides,VetSelect Flea & Tick,VETSELECT-FLEA-TICK_S,E-commerce,National,National,131214,2230657.72,0.82
ciq_ecommerce,2026-02,2026-Q1,Pain/Osteoarthritis,VetSelect Joint,VETSELECT-JOINT_L,E-commerce,National,National,26368,764684.59,0.82
ciq_ecommerce,2026-02,2026-Q1,Pain/Osteoarthritis,VetSelect Joint,VETSELECT-JOINT_S,E-commerce,National,National,36265,1051679.03,0.82
ciq_ecommerce,2026-02,2026-Q1,Petcare Diagnostics,Vetscan,VETSCAN_L,E-commerce,National,National,65551,1179913.29,0.82
ciq_ecommerce,2026-02,2026-Q1,Petcare Diagnostics,Vetscan,VETSCAN_S,E-commerce,National,National,87715,1578871.83,0.82
ciq_ecommerce,2026-02,2026-Q1,Dermatology,AllerVet RX,ALLERVET-RX_L,E-commerce,Region,Midwest,5545,299455.71,0.82
ciq_ecommerce,2026-02,2026-Q1,Dermatology,AllerVet RX,ALLERVET-RX_S,E-commerce,Region,Midwest,7280,393144.57,0.82
ciq_ecommerce,2026-02,2026-Q1,Dermatology,Apoquel,APOQUEL_L,E-commerce,Region,Midwest,35912,2334160.56,0.82
ciq_ecommerce,2026-02,2026-Q1,Dermatology,Apoquel,APOQUEL_S,E-commerce,Region,Midwest,46007,2990379.46,0.82
ciq_ecommerce,2026-02,2026-Q1,Vaccines,BioShield Vax,BIOSHIELD-VAX_L,E-commerce,Region,Midwest,8923,178469.88,0.82
ciq_ecommerce,2026-02,2026-Q1,Vaccines,BioShield Vax,BIOSHIELD-VAX_S,E-commerce,Region,Midwest,12833,256659.1,0.82
ciq_ecommerce,2026-02,2026-Q1,Dermatology,DermaCalm,DERMACALM_L,E-commerce,Region,Midwest,6353,368447.92,0.82
ciq_ecommerce,2026-02,2026-Q1,Dermatology,DermaCalm,DERMACALM_S,E-commerce,Region,Midwest,8547,495729.56,0.82
ciq_ecommerce,2026-02,2026-Q1,Petcare Diagnostics,DiagnosTech Vet,DIAGNOSTECH-VET_L,E-commerce,Region,Midwest,13859,235601.33,0.82
ciq_ecommerce,2026-02,2026-Q1,Petcare Diagnostics,DiagnosTech Vet,DIAGNOSTECH-VET_S,E-commerce,Region,Midwest,20464,347895.22,0.82
ciq_ecommerce,2026-02,2026-Q1,Parasiticides,FleaStop Pro,FLEASTOP-PRO_L,E-commerce,Region,Midwest,12362,259593.63,0.82
ciq_ecommerce,2026-02,2026-Q1,Parasiticides,FleaStop Pro,FLEASTOP-PRO_S,E-commerce,Region,Midwest,16199,340173.4,0.82
ciq_ecommerce,2026-02,2026-Q1,Pain/Osteoarthritis,FlexiCare Joint,FLEXICARE-JOINT_L,E-commerce,Region,Midwest,5923,260614.46,0.82
ciq_ecommerce,2026-02,2026-Q1,Pain/Osteoarthritis,FlexiCare Joint,FLEXICARE-JOINT_S,E-commerce,Region,Midwest,7939,349295.59,0.82
ciq_ecommerce,2026-02,2026-Q1,Vaccines,ImmunoCore Canine,IMMUNOCORE-CANINE_L,E-commerce,Region,Midwest,9822,206268.02,0.82
ciq_ecommerce,2026-02,2026-Q1,Vaccines,ImmunoCore Canine,IMMUNOCORE-CANINE_S,E-commerce,Region,Midwest,14235,298940.43,0.82
ciq_ecommerce,2026-02,2026-Q1,Pain/Osteoarthritis,Librela,LIBRELA_L,E-commerce,Region,Midwest,5385,258464.9,0.82
ciq_ecommerce,2026-02,2026-Q1,Pain/Osteoarthritis,Librela,LIBRELA_S,E-commerce,Region,Midwest,7696,369426.53,0.82
ciq_ecommerce,2026-02,2026-Q1,Pain/Osteoarthritis,OsteoEase Vet,OSTEOEASE-VET_L,E-commerce,Region,Midwest,5286,216716.08,0.82
ciq_ecommerce,2026-02,2026-Q1,Pain/Osteoarthritis,OsteoEase Vet,OSTEOEASE-VET_S,E-commerce,Region,Midwest,7145,292928.76,0.82
ciq_ecommerce,2026-02,2026-Q1,Pain/Osteoarthritis,PainAway Canine,PAINAWAY-CANINE_L,E-commerce,Region,Midwest,4789,177198.66,0.82
ciq_ecommerce,2026-02,2026-Q1,Pain/Osteoarthritis,PainAway Canine,PAINAWAY-CANINE_S,E-commerce,Region,Midwest,6788,251165.27,0.82
ciq_ecommerce,2026-02,2026-Q1,Petcare Diagnostics,PetLab Analyzer,PETLAB-ANALYZER_L,E-commerce,Region,Midwest,8368,125517.9,0.82
ciq_ecommerce,2026-02,2026-Q1,Petcare Diagnostics,PetLab Analyzer,PETLAB-ANALYZER_S,E-commerce,Region,Midwest,12153,182299.51,0.82
ciq_ecommerce,2026-02,2026-Q1,Petcare Diagnostics,RapidVet Dx,RAPIDVET-DX_L,E-commerce,Region,Midwest,12867,205868.01,0.82
ciq_ecommerce,2026-02,2026-Q1,Petcare Diagnostics,RapidVet Dx,RAPIDVET-DX_S,E-commerce,Region,Midwest,18623,297975.27,0.82
ciq_ecommerce,2026-02,2026-Q1,Parasiticides,Simparica Trio,SIMPARICA-TRIO_L,E-commerce,Region,Midwest,19829,555207.08,0.82
ciq_ecommerce,2026-02,2026-Q1,Parasiticides,Simparica Trio,SIMPARICA-TRIO_S,E-commerce,Region,Midwest,29460,824878.46,0.82
ciq_ecommerce,2026-02,2026-Q1,Dermatology,SkinRelief Pro,SKINRELIEF-PRO_L,E-commerce,Region,Midwest,4430,217075.97,0.82
ciq_ecommerce,2026-02,2026-Q1,Dermatology,SkinRelief Pro,SKINRELIEF-PRO_S,E-commerce,Region,Midwest,5876,287924.77,0.82
ciq_ecommerce,2026-02,2026-Q1,Parasiticides,TickShield Plus,TICKSHIELD-PLUS_L,E-commerce,Region,Midwest,12629,303103.58,0.82
ciq_ecommerce,2026-02,2026-Q1,Parasiticides,TickShield Plus,TICKSHIELD-PLUS_S,E-commerce,Region,Midwest,17528,420663.33,0.82
ciq_ecommerce,2026-02,2026-Q1,Vaccines,Vanguard,VANGUARD_L,E-commerce,Region,Midwest,9997,219942.99,0.82
ciq_ecommerce,2026-02,2026-Q1,Vaccines,Vanguard,VANGUARD_S,E-commerce,Region,Midwest,13441,295701.66,0.82
ciq_ecommerce,2026-02,2026-Q1,Parasiticides,VectraGuard,VECTRAGUARD_L,E-commerce,Region,Midwest,17372,451672.78,0.82
ciq_ecommerce,2026-02,2026-Q1,Parasiticides,VectraGuard,VECTRAGUARD_S,E-commerce,Region,Midwest,25492,662802.45,0.82
ciq_ecommerce,2026-02,2026-Q1,Vaccines,VetGuard Immunize,VETGUARD-IMMUNIZE_L,E-commerce,Region,Midwest,7156,135959.61,0.82
ciq_ecommerce,2026-02,2026-Q1,Vaccines,VetGuard Immunize,VETGUARD-IMMUNIZE_S,E-commerce,Region,Midwest,9432,179202.67,0.82
ciq_ecommerce,2026-02,2026-Q1,Vaccines,VetSelect Core Vax,VETSELECT-CORE-VAX_L,E-commerce,Region,Midwest,8216,115021.83,0.82
ciq_ecommerce,2026-02,2026-Q1,Vaccines,VetSelect Core Vax,VETSELECT-CORE-VAX_S,E-commerce,Region,Midwest,10780,150925.95,0.82
ciq_ecommerce,2026-02,2026-Q1,Dermatology,VetSelect Derma,VETSELECT-DERMA_L,E-commerce,Region,Midwest,4836,183753.84,0.82
ciq_ecommerce,2026-02,2026-Q1,Dermatology,VetSelect Derma,VETSELECT-DERMA_S,E-commerce,Region,Midwest,6873,261156.85,0.82
ciq_ecommerce,2026-02,2026-Q1,Petcare Diagnostics,VetSelect Dx,VETSELECT-DX_L,E-commerce,Region,Midwest,7912,94947.36,0.82
ciq_ecommerce,2026-02,2026-Q1,Petcare Diagnostics,VetSelect Dx,VETSELECT-DX_S,E-commerce,Region,Midwest,10473,125680.91,0.82
ciq_ecommerce,2026-02,2026-Q1,Parasiticides,VetSelect Flea & Tick,VETSELECT-FLEA-TICK_L,E-commerce,Region,Midwest,20142,342421.53,0.82
ciq_ecommerce,2026-02,2026-Q1,Parasiticides,VetSelect Flea & Tick,VETSELECT-FLEA-TICK_S,E-commerce,Region,Midwest,26014,442244.85,0.82
ciq_ecommerce,2026-02,2026-Q1,Pain/Osteoarthritis,VetSelect Joint,VETSELECT-JOINT_L,E-commerce,Region,Midwest,5822,168851.2,0.82
ciq_ecommerce,2026-02,2026-Q1,Pain/Osteoarthritis,VetSelect Joint,VETSELECT-JOINT_S,E-commerce,Region,Midwest,7957,230739.83,0.82
ciq_ecommerce,2026-02,2026-Q1,Petcare Diagnostics,Vetscan,VETSCAN_L,E-commerce,Region,Midwest,13002,234029.79,0.82
ciq_ecommerce,2026-02,2026-Q1,Petcare Diagnostics,Vetscan,VETSCAN_S,E-commerce,Region,Midwest,17998,323970.49,0.82
ciq_ecommerce,2026-02,2026-Q1,Dermatology,AllerVet RX,ALLERVET-RX_L,E-commerce,Region,Northeast,5912,319224.34,0.82
ciq_ecommerce,2026-02,2026-Q1,Dermatology,AllerVet RX,ALLERVET-RX_S,E-commerce,Region,Northeast,7628,411938.13,0.82
ciq_ecommerce,2026-02,2026-Q1,Dermatology,Apoquel,APOQUEL_L,E-commerce,Region,Northeast,8131,528487.81,0.82
ciq_ecommerce,2026-02,2026-Q1,Dermatology,Apoquel,APOQUEL_S,E-commerce,Region,Northeast,11171,726103.69,0.82
ciq_ecommerce,2026-02,2026-Q1,Vaccines,BioShield Vax,BIOSHIELD-VAX_L,E-commerce,Region,Northeast,8454,169089.58,0.82
ciq_ecommerce,2026-02,2026-Q1,Vaccines,BioShield Vax,BIOSHIELD-VAX_S,E-commerce,Region,Northeast,12304,246071.71,0.82
ciq_ecommerce,2026-02,2026-Q1,Dermatology,DermaCalm,DERMACALM_L,E-commerce,Region,Northeast,6480,375859.31,0.82
ciq_ecommerce,2026-02,2026-Q1,Dermatology,DermaCalm,DERMACALM_S,E-commerce,Region,Northeast,8856,513667.76,0.82
ciq_ecommerce,2026-02,2026-Q1,Petcare Diagnostics,DiagnosTech Vet,DIAGNOSTECH-VET_L,E-commerce,Region,Northeast,14921,253648.78,0.82
ciq_ecommerce,2026-02,2026-Q1,Petcare Diagnostics,DiagnosTech Vet,DIAGNOSTECH-VET_S,E-commerce,Region,Northeast,19010,323162.21,0.82
ciq_ecommerce,2026-02,2026-Q1,Parasiticides,FleaStop Pro,FLEASTOP-PRO_L,E-commerce,Region,Northeast,13863,291129.11,0.82
ciq_ecommerce,2026-02,2026-Q1,Parasiticides,FleaStop Pro,FLEASTOP-PRO_S,E-commerce,Region,Northeast,16608,348775.69,0.82
ciq_ecommerce,2026-02,2026-Q1,Pain/Osteoarthritis,FlexiCare Joint,FLEXICARE-JOINT_L,E-commerce,Region,Northeast,5892,259232.4,0.82
ciq_ecommerce,2026-02,2026-Q1,Pain/Osteoarthritis,FlexiCare Joint,FLEXICARE-JOINT_S,E-commerce,Region,Northeast,7911,348089.9,0.82
ciq_ecommerce,2026-02,2026-Q1,Vaccines,ImmunoCore Canine,IMMUNOCORE-CANINE_L,E-commerce,Region,Northeast,9939,208725.39,0.82
ciq_ecommerce,2026-02,2026-Q1,Vaccines,ImmunoCore Canine,IMMUNOCORE-CANINE_S,E-commerce,Region,Northeast,13888,291651.49,0.82
ciq_ecommerce,2026-02,2026-Q1,Pain/Osteoarthritis,Librela,LIBRELA_L,E-commerce,Region,Northeast,5513,264602.21,0.82
ciq_ecommerce,2026-02,2026-Q1,Pain/Osteoarthritis,Librela,LIBRELA_S,E-commerce,Region,Northeast,7798,374288.16,0.82
ciq_ecommerce,2026-02,2026-Q1,Pain/Osteoarthritis,OsteoEase Vet,OSTEOEASE-VET_L,E-commerce,Region,Northeast,4936,202377.32,0.82
ciq_ecommerce,2026-02,2026-Q1,Pain/Osteoarthritis,OsteoEase Vet,OSTEOEASE-VET_S,E-commerce,Region,Northeast,7423,304326.35,0.82
ciq_ecommerce,2026-02,2026-Q1,Pain/Osteoarthritis,PainAway Canine,PAINAWAY-CANINE_L,E-commerce,Region,Northeast,5326,197071.17,0.82
ciq_ecommerce,2026-02,2026-Q1,Pain/Osteoarthritis,PainAway Canine,PAINAWAY-CANINE_S,E-commerce,Region,Northeast,7121,263461.26,0.82
ciq_ecommerce,2026-02,2026-Q1,Petcare Diagnostics,PetLab Analyzer,PETLAB-ANALYZER_L,E-commerce,Region,Northeast,10320,154795.0,0.82
ciq_ecommerce,2026-02,2026-Q1,Petcare Diagnostics,PetLab Analyzer,PETLAB-ANALYZER_S,E-commerce,Region,Northeast,12627,189409.96,0.82
ciq_ecommerce,2026-02,2026-Q1,Petcare Diagnostics,RapidVet Dx,RAPIDVET-DX_L,E-commerce,Region,Northeast,14686,234983.24,0.82
ciq_ecommerce,2026-02,2026-Q1,Petcare Diagnostics,RapidVet Dx,RAPIDVET-DX_S,E-commerce,Region,Northeast,20297,324758.09,0.82
ciq_ecommerce,2026-02,2026-Q1,Parasiticides,Simparica Trio,SIMPARICA-TRIO_L,E-commerce,Region,Northeast,18304,512521.49,0.82
ciq_ecommerce,2026-02,2026-Q1,Parasiticides,Simparica Trio,SIMPARICA-TRIO_S,E-commerce,Region,Northeast,27686,775209.46,0.82
ciq_ecommerce,2026-02,2026-Q1,Dermatology,SkinRelief Pro,SKINRELIEF-PRO_L,E-commerce,Region,Northeast,4683,229472.05,0.82
ciq_ecommerce,2026-02,2026-Q1,Dermatology,SkinRelief Pro,SKINRELIEF-PRO_S,E-commerce,Region,Northeast,6725,329502.53,0.82
ciq_ecommerce,2026-02,2026-Q1,Parasiticides,TickShield Plus,TICKSHIELD-PLUS_L,E-commerce,Region,Northeast,13860,332631.58,0.82
ciq_ecommerce,2026-02,2026-Q1,Parasiticides,TickShield Plus,TICKSHIELD-PLUS_S,E-commerce,Region,Northeast,19141,459376.37,0.82
ciq_ecommerce,2026-02,2026-Q1,Vaccines,Vanguard,VANGUARD_L,E-commerce,Region,Northeast,9258,203683.43,0.82
ciq_ecommerce,2026-02,2026-Q1,Vaccines,Vanguard,VANGUARD_S,E-commerce,Region,Northeast,13583,298823.45,0.82
ciq_ecommerce,2026-02,2026-Q1,Parasiticides,VectraGuard,VECTRAGUARD_L,E-commerce,Region,Northeast,20474,532319.13,0.82
ciq_ecommerce,2026-02,2026-Q1,Parasiticides,VectraGuard,VECTRAGUARD_S,E-commerce,Region,Northeast,28319,736294.18,0.82
ciq_ecommerce,2026-02,2026-Q1,Vaccines,VetGuard Immunize,VETGUARD-IMMUNIZE_L,E-commerce,Region,Northeast,8408,159745.35,0.82
ciq_ecommerce,2026-02,2026-Q1,Vaccines,VetGuard Immunize,VETGUARD-IMMUNIZE_S,E-commerce,Region,Northeast,11330,215264.79,0.82
ciq_ecommerce,2026-02,2026-Q1,Vaccines,VetSelect Core Vax,VETSELECT-CORE-VAX_L,E-commerce,Region,Northeast,8151,114120.29,0.82
ciq_ecommerce,2026-02,2026-Q1,Vaccines,VetSelect Core Vax,VETSELECT-CORE-VAX_S,E-commerce,Region,Northeast,11503,161048.48,0.82
ciq_ecommerce,2026-02,2026-Q1,Dermatology,VetSelect Derma,VETSELECT-DERMA_L,E-commerce,Region,Northeast,5196,197440.13,0.82
ciq_ecommerce,2026-02,2026-Q1,Dermatology,VetSelect Derma,VETSELECT-DERMA_S,E-commerce,Region,Northeast,6420,243978.93,0.82
ciq_ecommerce,2026-02,2026-Q1,Petcare Diagnostics,VetSelect Dx,VETSELECT-DX_L,E-commerce,Region,Northeast,8480,101758.86,0.82
ciq_ecommerce,2026-02,2026-Q1,Petcare Diagnostics,VetSelect Dx,VETSELECT-DX_S,E-commerce,Region,Northeast,11171,134053.31,0.82
ciq_ecommerce,2026-02,2026-Q1,Parasiticides,VetSelect Flea & Tick,VETSELECT-FLEA-TICK_L,E-commerce,Region,Northeast,22047,374806.71,0.82
ciq_ecommerce,2026-02,2026-Q1,Parasiticides,VetSelect Flea & Tick,VETSELECT-FLEA-TICK_S,E-commerce,Region,Northeast,30090,511537.76,0.82
ciq_ecommerce,2026-02,2026-Q1,Pain/Osteoarthritis,VetSelect Joint,VETSELECT-JOINT_L,E-commerce,Region,Northeast,6294,182535.0,0.82
ciq_ecommerce,2026-02,2026-Q1,Pain/Osteoarthritis,VetSelect Joint,VETSELECT-JOINT_S,E-commerce,Region,Northeast,8155,236495.95,0.82
ciq_ecommerce,2026-02,2026-Q1,Petcare Diagnostics,Vetscan,VETSCAN_L,E-commerce,Region,Northeast,14635,263427.54,0.82
ciq_ecommerce,2026-02,2026-Q1,Petcare Diagnostics,Vetscan,VETSCAN_S,E-commerce,Region,Northeast,18928,340706.28,0.82
ciq_ecommerce,2026-02,2026-Q1,Dermatology,AllerVet RX,ALLERVET-RX_L,E-commerce,Region,South,8450,456296.21,0.82
ciq_ecommerce,2026-02,2026-Q1,Dermatology,AllerVet RX,ALLERVET-RX_S,E-commerce,Region,South,11984,647142.65,0.82
ciq_ecommerce,2026-02,2026-Q1,Dermatology,Apoquel,APOQUEL_L,E-commerce,Region,South,13237,860415.2,0.82
ciq_ecommerce,2026-02,2026-Q1,Dermatology,Apoquel,APOQUEL_S,E-commerce,Region,South,18536,1204817.85,0.82
ciq_ecommerce,2026-02,2026-Q1,Vaccines,BioShield Vax,BIOSHIELD-VAX_L,E-commerce,Region,South,13274,265470.11,0.82
ciq_ecommerce,2026-02,2026-Q1,Vaccines,BioShield Vax,BIOSHIELD-VAX_S,E-commerce,Region,South,18175,363506.88,0.82
ciq_ecommerce,2026-02,2026-Q1,Dermatology,DermaCalm,DERMACALM_L,E-commerce,Region,South,9772,566751.72,0.82
ciq_ecommerce,2026-02,2026-Q1,Dermatology,DermaCalm,DERMACALM_S,E-commerce,Region,South,12802,742535.08,0.82
ciq_ecommerce,2026-02,2026-Q1,Petcare Diagnostics,DiagnosTech Vet,DIAGNOSTECH-VET_L,E-commerce,Region,South,22967,390442.7,0.82
ciq_ecommerce,2026-02,2026-Q1,Petcare Diagnostics,DiagnosTech Vet,DIAGNOSTECH-VET_S,E-commerce,Region,South,34050,578856.13,0.82
ciq_ecommerce,2026-02,2026-Q1,Parasiticides,FleaStop Pro,FLEASTOP-PRO_L,E-commerce,Region,South,18417,386756.09,0.82
ciq_ecommerce,2026-02,2026-Q1,Parasiticides,FleaStop Pro,FLEASTOP-PRO_S,E-commerce,Region,South,26420,554817.99,0.82
ciq_ecommerce,2026-02,2026-Q1,Pain/Osteoarthritis,FlexiCare Joint,FLEXICARE-JOINT_L,E-commerce,Region,South,8512,374512.54,0.82
ciq_ecommerce,2026-02,2026-Q1,Pain/Osteoarthritis,FlexiCare Joint,FLEXICARE-JOINT_S,E-commerce,Region,South,13431,590950.26,0.82
ciq_ecommerce,2026-02,2026-Q1,Vaccines,ImmunoCore Canine,IMMUNOCORE-CANINE_L,E-commerce,Region,South,16462,345693.86,0.82
ciq_ecommerce,2026-02,2026-Q1,Vaccines,ImmunoCore Canine,IMMUNOCORE-CANINE_S,E-commerce,Region,South,23258,488409.87,0.82
ciq_ecommerce,2026-02,2026-Q1,Pain/Osteoarthritis,Librela,LIBRELA_L,E-commerce,Region,South,8013,384605.84,0.82
ciq_ecommerce,2026-02,2026-Q1,Pain/Osteoarthritis,Librela,LIBRELA_S,E-commerce,Region,South,11934,572848.69,0.82
ciq_ecommerce,2026-02,2026-Q1,Pain/Osteoarthritis,OsteoEase Vet,OSTEOEASE-VET_L,E-commerce,Region,South,9217,377880.73,0.82
ciq_ecommerce,2026-02,2026-Q1,Pain/Osteoarthritis,OsteoEase Vet,OSTEOEASE-VET_S,E-commerce,Region,South,12247,502113.0,0.82
ciq_ecommerce,2026-02,2026-Q1,Pain/Osteoarthritis,PainAway Canine,PAINAWAY-CANINE_L,E-commerce,Region,South,7739,286358.63,0.82
ciq_ecommerce,2026-02,2026-Q1,Pain/Osteoarthritis,PainAway Canine,PAINAWAY-CANINE_S,E-commerce,Region,South,10422,385624.15,0.82
ciq_ecommerce,2026-02,2026-Q1,Petcare Diagnostics,PetLab Analyzer,PETLAB-ANALYZER_L,E-commerce,Region,South,14277,214155.93,0.82
ciq_ecommerce,2026-02,2026-Q1,Petcare Diagnostics,PetLab Analyzer,PETLAB-ANALYZER_S,E-commerce,Region,South,18602,279032.6,0.82
ciq_ecommerce,2026-02,2026-Q1,Petcare Diagnostics,RapidVet Dx,RAPIDVET-DX_L,E-commerce,Region,South,21384,342144.46,0.82
ciq_ecommerce,2026-02,2026-Q1,Petcare Diagnostics,RapidVet Dx,RAPIDVET-DX_S,E-commerce,Region,South,31431,502897.8,0.82
ciq_ecommerce,2026-02,2026-Q1,Parasiticides,Simparica Trio,SIMPARICA-TRIO_L,E-commerce,Region,South,32734,916545.27,0.82
ciq_ecommerce,2026-02,2026-Q1,Parasiticides,Simparica Trio,SIMPARICA-TRIO_S,E-commerce,Region,South,43180,1209038.77,0.82
ciq_ecommerce,2026-02,2026-Q1,Dermatology,SkinRelief Pro,SKINRELIEF-PRO_L,E-commerce,Region,South,7281,356777.35,0.82
ciq_ecommerce,2026-02,2026-Q1,Dermatology,SkinRelief Pro,SKINRELIEF-PRO_S,E-commerce,Region,South,10118,495802.8,0.82
ciq_ecommerce,2026-02,2026-Q1,Parasiticides,TickShield Plus,TICKSHIELD-PLUS_L,E-commerce,Region,South,21324,511780.01,0.82
ciq_ecommerce,2026-02,2026-Q1,Vaccines,Vanguard,VANGUARD_L,E-commerce,Region,South,14625,321742.27,0.82
ciq_ecommerce,2026-02,2026-Q1,Vaccines,Vanguard,VANGUARD_S,E-commerce,Region,South,20795,457491.94,0.82
ciq_ecommerce,2026-02,2026-Q1,Parasiticides,VectraGuard,VECTRAGUARD_L,E-commerce,Region,South,28215,733587.54,0.82
ciq_ecommerce,2026-02,2026-Q1,Parasiticides,VectraGuard,VECTRAGUARD_S,E-commerce,Region,South,40185,1044812.66,0.82
ciq_ecommerce,2026-02,2026-Q1,Vaccines,VetGuard Immunize,VETGUARD-IMMUNIZE_L,E-commerce,Region,South,12021,228400.63,0.82
ciq_ecommerce,2026-02,2026-Q1,Vaccines,VetGuard Immunize,VETGUARD-IMMUNIZE_S,E-commerce,Region,South,16279,309301.38,0.82
ciq_ecommerce,2026-02,2026-Q1,Vaccines,VetSelect Core Vax,VETSELECT-CORE-VAX_L,E-commerce,Region,South,12197,170751.06,0.82
ciq_ecommerce,2026-02,2026-Q1,Vaccines,VetSelect Core Vax,VETSELECT-CORE-VAX_S,E-commerce,Region,South,16783,234958.36,0.82
ciq_ecommerce,2026-02,2026-Q1,Dermatology,VetSelect Derma,VETSELECT-DERMA_L,E-commerce,Region,South,7610,289185.35,0.82
ciq_ecommerce,2026-02,2026-Q1,Dermatology,VetSelect Derma,VETSELECT-DERMA_S,E-commerce,Region,South,11386,432677.41,0.82
ciq_ecommerce,2026-02,2026-Q1,Petcare Diagnostics,VetSelect Dx,VETSELECT-DX_L,E-commerce,Region,South,14160,169917.81,0.82
ciq_ecommerce,2026-02,2026-Q1,Petcare Diagnostics,VetSelect Dx,VETSELECT-DX_S,E-commerce,Region,South,19376,232510.48,0.82
ciq_ecommerce,2026-02,2026-Q1,Parasiticides,VetSelect Flea & Tick,VETSELECT-FLEA-TICK_L,E-commerce,Region,South,30444,517542.56,0.82
ciq_ecommerce,2026-02,2026-Q1,Parasiticides,VetSelect Flea & Tick,VETSELECT-FLEA-TICK_S,E-commerce,Region,South,43526,739946.21,0.82
ciq_ecommerce,2026-02,2026-Q1,Pain/Osteoarthritis,VetSelect Joint,VETSELECT-JOINT_L,E-commerce,Region,South,8056,233623.62,0.82
ciq_ecommerce,2026-02,2026-Q1,Pain/Osteoarthritis,VetSelect Joint,VETSELECT-JOINT_S,E-commerce,Region,South,11613,336789.46,0.82
ciq_ecommerce,2026-02,2026-Q1,Petcare Diagnostics,Vetscan,VETSCAN_L,E-commerce,Region,South,22730,409138.7,0.82
ciq_ecommerce,2026-02,2026-Q1,Petcare Diagnostics,Vetscan,VETSCAN_S,E-commerce,Region,South,30193,543469.82,0.82
ciq_ecommerce,2026-02,2026-Q1,Dermatology,AllerVet RX,ALLERVET-RX_L,E-commerce,Region,West,5834,315051.15,0.82
ciq_ecommerce,2026-02,2026-Q1,Dermatology,AllerVet RX,ALLERVET-RX_S,E-commerce,Region,West,7510,405536.88,0.82
ciq_ecommerce,2026-02,2026-Q1,Dermatology,Apoquel,APOQUEL_L,E-commerce,Region,West,8638,561479.44,0.82
ciq_ecommerce,2026-02,2026-Q1,Dermatology,Apoquel,APOQUEL_S,E-commerce,Region,West,12851,835339.76,0.82
ciq_ecommerce,2026-02,2026-Q1,Vaccines,BioShield Vax,BIOSHIELD-VAX_L,E-commerce,Region,West,9088,181764.9,0.82
ciq_ecommerce,2026-02,2026-Q1,Vaccines,BioShield Vax,BIOSHIELD-VAX_S,E-commerce,Region,West,12852,257042.13,0.82
ciq_ecommerce,2026-02,2026-Q1,Dermatology,DermaCalm,DERMACALM_L,E-commerce,Region,West,6293,364994.84,0.82
ciq_ecommerce,2026-02,2026-Q1,Dermatology,DermaCalm,DERMACALM_S,E-commerce,Region,West,8936,518298.41,0.82
ciq_ecommerce,2026-02,2026-Q1,Petcare Diagnostics,DiagnosTech Vet,DIAGNOSTECH-VET_L,E-commerce,Region,West,15822,268970.9,0.82
ciq_ecommerce,2026-02,2026-Q1,Petcare Diagnostics,DiagnosTech Vet,DIAGNOSTECH-VET_S,E-commerce,Region,West,22730,386412.64,0.82
ciq_ecommerce,2026-02,2026-Q1,Parasiticides,FleaStop Pro,FLEASTOP-PRO_L,E-commerce,Region,West,13015,273307.0,0.82
ciq_ecommerce,2026-02,2026-Q1,Parasiticides,FleaStop Pro,FLEASTOP-PRO_S,E-commerce,Region,West,18538,389300.95,0.82
ciq_ecommerce,2026-02,2026-Q1,Pain/Osteoarthritis,FlexiCare Joint,FLEXICARE-JOINT_L,E-commerce,Region,West,6015,264677.84,0.82
ciq_ecommerce,2026-02,2026-Q1,Pain/Osteoarthritis,FlexiCare Joint,FLEXICARE-JOINT_S,E-commerce,Region,West,8387,369021.91,0.82
ciq_ecommerce,2026-02,2026-Q1,Vaccines,ImmunoCore Canine,IMMUNOCORE-CANINE_L,E-commerce,Region,West,10733,225382.88,0.82
ciq_ecommerce,2026-02,2026-Q1,Vaccines,ImmunoCore Canine,IMMUNOCORE-CANINE_S,E-commerce,Region,West,15173,318643.42,0.82
ciq_ecommerce,2026-02,2026-Q1,Pain/Osteoarthritis,Librela,LIBRELA_L,E-commerce,Region,West,5741,275567.89,0.82
ciq_ecommerce,2026-02,2026-Q1,Pain/Osteoarthritis,Librela,LIBRELA_S,E-commerce,Region,West,8098,388706.6,0.82
ciq_ecommerce,2026-02,2026-Q1,Pain/Osteoarthritis,OsteoEase Vet,OSTEOEASE-VET_L,E-commerce,Region,West,6105,250309.95,0.82
ciq_ecommerce,2026-02,2026-Q1,Pain/Osteoarthritis,OsteoEase Vet,OSTEOEASE-VET_S,E-commerce,Region,West,8522,349384.03,0.82
ciq_ecommerce,2026-02,2026-Q1,Pain/Osteoarthritis,PainAway Canine,PAINAWAY-CANINE_L,E-commerce,Region,West,5048,186783.68,0.82
ciq_ecommerce,2026-02,2026-Q1,Pain/Osteoarthritis,PainAway Canine,PAINAWAY-CANINE_S,E-commerce,Region,West,7648,282983.6,0.82
ciq_ecommerce,2026-02,2026-Q1,Petcare Diagnostics,PetLab Analyzer,PETLAB-ANALYZER_L,E-commerce,Region,West,9722,145828.5,0.82
ciq_ecommerce,2026-02,2026-Q1,Petcare Diagnostics,PetLab Analyzer,PETLAB-ANALYZER_S,E-commerce,Region,West,13111,196661.4,0.82
ciq_ecommerce,2026-02,2026-Q1,Petcare Diagnostics,RapidVet Dx,RAPIDVET-DX_L,E-commerce,Region,West,14939,239020.77,0.82
ciq_ecommerce,2026-02,2026-Q1,Petcare Diagnostics,RapidVet Dx,RAPIDVET-DX_S,E-commerce,Region,West,19006,304094.9,0.82
ciq_ecommerce,2026-02,2026-Q1,Parasiticides,Simparica Trio,SIMPARICA-TRIO_L,E-commerce,Region,West,23012,644322.54,0.82
ciq_ecommerce,2026-02,2026-Q1,Parasiticides,Simparica Trio,SIMPARICA-TRIO_S,E-commerce,Region,West,32233,902514.89,0.82
ciq_ecommerce,2026-02,2026-Q1,Dermatology,SkinRelief Pro,SKINRELIEF-PRO_L,E-commerce,Region,West,5097,249776.35,0.82
ciq_ecommerce,2026-02,2026-Q1,Dermatology,SkinRelief Pro,SKINRELIEF-PRO_S,E-commerce,Region,West,7080,346914.35,0.82
ciq_ecommerce,2026-02,2026-Q1,Parasiticides,TickShield Plus,TICKSHIELD-PLUS_L,E-commerce,Region,West,14652,351651.57,0.82
ciq_ecommerce,2026-02,2026-Q1,Parasiticides,TickShield Plus,TICKSHIELD-PLUS_S,E-commerce,Region,West,19416,465983.44,0.82
ciq_ecommerce,2026-02,2026-Q1,Vaccines,Vanguard,VANGUARD_L,E-commerce,Region,West,10537,231821.98,0.82
ciq_ecommerce,2026-02,2026-Q1,Vaccines,Vanguard,VANGUARD_S,E-commerce,Region,West,13225,290957.78,0.82
ciq_ecommerce,2026-02,2026-Q1,Parasiticides,VectraGuard,VECTRAGUARD_L,E-commerce,Region,West,18705,486325.48,0.82
ciq_ecommerce,2026-02,2026-Q1,Parasiticides,VectraGuard,VECTRAGUARD_S,E-commerce,Region,West,26498,688947.42,0.82
ciq_ecommerce,2026-02,2026-Q1,Vaccines,VetGuard Immunize,VETGUARD-IMMUNIZE_L,E-commerce,Region,West,7841,148980.01,0.82
ciq_ecommerce,2026-02,2026-Q1,Vaccines,VetGuard Immunize,VETGUARD-IMMUNIZE_S,E-commerce,Region,West,11043,209822.45,0.82
ciq_ecommerce,2026-02,2026-Q1,Vaccines,VetSelect Core Vax,VETSELECT-CORE-VAX_L,E-commerce,Region,West,8400,117599.57,0.82
ciq_ecommerce,2026-02,2026-Q1,Vaccines,VetSelect Core Vax,VETSELECT-CORE-VAX_S,E-commerce,Region,West,11605,162468.19,0.82
ciq_ecommerce,2026-02,2026-Q1,Dermatology,VetSelect Derma,VETSELECT-DERMA_L,E-commerce,Region,West,5013,190484.01,0.82
ciq_ecommerce,2026-02,2026-Q1,Dermatology,VetSelect Derma,VETSELECT-DERMA_S,E-commerce,Region,West,6504,247165.49,0.82
ciq_ecommerce,2026-02,2026-Q1,Petcare Diagnostics,VetSelect Dx,VETSELECT-DX_L,E-commerce,Region,West,9419,113028.49,0.82
ciq_ecommerce,2026-02,2026-Q1,Petcare Diagnostics,VetSelect Dx,VETSELECT-DX_S,E-commerce,Region,West,12830,153965.08,0.82
ciq_ecommerce,2026-02,2026-Q1,Parasiticides,VetSelect Flea & Tick,VETSELECT-FLEA-TICK_L,E-commerce,Region,West,22835,388198.73,0.82
ciq_ecommerce,2026-02,2026-Q1,Parasiticides,VetSelect Flea & Tick,VETSELECT-FLEA-TICK_S,E-commerce,Region,West,31584,536928.9,0.82
ciq_ecommerce,2026-02,2026-Q1,Pain/Osteoarthritis,VetSelect Joint,VETSELECT-JOINT_L,E-commerce,Region,West,6196,179674.77,0.82
ciq_ecommerce,2026-02,2026-Q1,Pain/Osteoarthritis,VetSelect Joint,VETSELECT-JOINT_S,E-commerce,Region,West,8540,247653.79,0.82
ciq_ecommerce,2026-02,2026-Q1,Petcare Diagnostics,Vetscan,VETSCAN_L,E-commerce,Region,West,15184,273317.26,0.82
ciq_ecommerce,2026-02,2026-Q1,Petcare Diagnostics,Vetscan,VETSCAN_S,E-commerce,Region,West,20596,370725.24,0.82
ciq_ecommerce,2026-03,2026-Q1,Dermatology,AllerVet RX,ALLERVET-RX_L,E-commerce,National,National,28866,1558777.14,0.82
ciq_ecommerce,2026-03,2026-Q1,Dermatology,AllerVet RX,ALLERVET-RX_S,E-commerce,National,National,39924,2155911.13,0.82
ciq_ecommerce,2026-03,2026-Q1,Dermatology,Apoquel,APOQUEL_L,E-commerce,National,National,40152,2609926.25,0.82
ciq_ecommerce,2026-03,2026-Q1,Dermatology,Apoquel,APOQUEL_S,E-commerce,National,National,57231,3719960.94,0.82
ciq_ecommerce,2026-03,2026-Q1,Vaccines,BioShield Vax,BIOSHIELD-VAX_L,E-commerce,National,National,44879,897597.42,0.82
ciq_ecommerce,2026-03,2026-Q1,Vaccines,BioShield Vax,BIOSHIELD-VAX_S,E-commerce,National,National,62847,1256943.57,0.82
ciq_ecommerce,2026-03,2026-Q1,Dermatology,DermaCalm,DERMACALM_L,E-commerce,National,National,30129,1747505.74,0.82
ciq_ecommerce,2026-03,2026-Q1,Dermatology,DermaCalm,DERMACALM_S,E-commerce,National,National,42625,2472235.3,0.82
ciq_ecommerce,2026-03,2026-Q1,Petcare Diagnostics,DiagnosTech Vet,DIAGNOSTECH-VET_L,E-commerce,National,National,69906,1188388.79,0.82
ciq_ecommerce,2026-03,2026-Q1,Petcare Diagnostics,DiagnosTech Vet,DIAGNOSTECH-VET_S,E-commerce,National,National,101307,1722220.09,0.82
ciq_ecommerce,2026-03,2026-Q1,Parasiticides,FleaStop Pro,FLEASTOP-PRO_L,E-commerce,National,National,77390,1625175.96,0.82
ciq_ecommerce,2026-03,2026-Q1,Parasiticides,FleaStop Pro,FLEASTOP-PRO_S,E-commerce,National,National,106544,2237434.36,0.82
ciq_ecommerce,2026-03,2026-Q1,Pain/Osteoarthritis,FlexiCare Joint,FLEXICARE-JOINT_L,E-commerce,National,National,28206,1241064.08,0.82
ciq_ecommerce,2026-03,2026-Q1,Pain/Osteoarthritis,FlexiCare Joint,FLEXICARE-JOINT_S,E-commerce,National,National,38382,1688785.21,0.82
ciq_ecommerce,2026-03,2026-Q1,Vaccines,ImmunoCore Canine,IMMUNOCORE-CANINE_L,E-commerce,National,National,54069,1135440.87,0.82
ciq_ecommerce,2026-03,2026-Q1,Vaccines,ImmunoCore Canine,IMMUNOCORE-CANINE_S,E-commerce,National,National,70487,1480238.71,0.82
ciq_ecommerce,2026-03,2026-Q1,Pain/Osteoarthritis,Librela,LIBRELA_L,E-commerce,National,National,25787,1237772.65,0.82
ciq_ecommerce,2026-03,2026-Q1,Pain/Osteoarthritis,Librela,LIBRELA_S,E-commerce,National,National,35153,1687404.86,0.82
ciq_ecommerce,2026-03,2026-Q1,Pain/Osteoarthritis,OsteoEase Vet,OSTEOEASE-VET_L,E-commerce,National,National,25177,1032269.15,0.82
ciq_ecommerce,2026-03,2026-Q1,Pain/Osteoarthritis,OsteoEase Vet,OSTEOEASE-VET_S,E-commerce,National,National,36166,1482818.23,0.82
ciq_ecommerce,2026-03,2026-Q1,Pain/Osteoarthritis,PainAway Canine,PAINAWAY-CANINE_L,E-commerce,National,National,23643,874793.21,0.82
ciq_ecommerce,2026-03,2026-Q1,Pain/Osteoarthritis,PainAway Canine,PAINAWAY-CANINE_S,E-commerce,National,National,32654,1208177.9,0.82
ciq_ecommerce,2026-03,2026-Q1,Petcare Diagnostics,PetLab Analyzer,PETLAB-ANALYZER_L,E-commerce,National,National,42258,633885.28,0.82
ciq_ecommerce,2026-03,2026-Q1,Petcare Diagnostics,PetLab Analyzer,PETLAB-ANALYZER_S,E-commerce,National,National,59603,894034.3,0.82
ciq_ecommerce,2026-03,2026-Q1,Petcare Diagnostics,RapidVet Dx,RAPIDVET-DX_L,E-commerce,National,National,68159,1090555.22,0.82
ciq_ecommerce,2026-03,2026-Q1,Petcare Diagnostics,RapidVet Dx,RAPIDVET-DX_S,E-commerce,National,National,94911,1518561.33,0.82
ciq_ecommerce,2026-03,2026-Q1,Parasiticides,Simparica Trio,SIMPARICA-TRIO_L,E-commerce,National,National,114052,3193474.24,0.82
ciq_ecommerce,2026-03,2026-Q1,Parasiticides,Simparica Trio,SIMPARICA-TRIO_S,E-commerce,National,National,159510,4466252.34,0.82
ciq_ecommerce,2026-03,2026-Q1,Dermatology,SkinRelief Pro,SKINRELIEF-PRO_L,E-commerce,National,National,23585,1155686.16,0.82
ciq_ecommerce,2026-03,2026-Q1,Dermatology,SkinRelief Pro,SKINRELIEF-PRO_S,E-commerce,National,National,31533,1545111.38,0.82
ciq_ecommerce,2026-03,2026-Q1,Parasiticides,TickShield Plus,TICKSHIELD-PLUS_L,E-commerce,National,National,80740,1937760.31,0.82
ciq_ecommerce,2026-03,2026-Q1,Parasiticides,TickShield Plus,TICKSHIELD-PLUS_S,E-commerce,National,National,115133,2763182.3,0.82
ciq_ecommerce,2026-03,2026-Q1,Vaccines,Vanguard,VANGUARD_L,E-commerce,National,National,47370,1042126.93,0.82
ciq_ecommerce,2026-03,2026-Q1,Vaccines,Vanguard,VANGUARD_S,E-commerce,National,National,64359,1415892.71,0.82
ciq_ecommerce,2026-03,2026-Q1,Parasiticides,VectraGuard,VECTRAGUARD_L,E-commerce,National,National,97056,2523441.72,0.82
ciq_ecommerce,2026-03,2026-Q1,Parasiticides,VectraGuard,VECTRAGUARD_S,E-commerce,National,National,138854,3610188.97,0.82
ciq_ecommerce,2026-03,2026-Q1,Vaccines,VetGuard Immunize,VETGUARD-IMMUNIZE_L,E-commerce,National,National,38134,724545.12,0.82
ciq_ecommerce,2026-03,2026-Q1,Vaccines,VetGuard Immunize,VETGUARD-IMMUNIZE_S,E-commerce,National,National,53485,1016235.9,0.82
ciq_ecommerce,2026-03,2026-Q1,Vaccines,VetSelect Core Vax,VETSELECT-CORE-VAX_L,E-commerce,National,National,43494,608915.25,0.82
ciq_ecommerce,2026-03,2026-Q1,Vaccines,VetSelect Core Vax,VETSELECT-CORE-VAX_S,E-commerce,National,National,58113,813589.26,0.82
ciq_ecommerce,2026-03,2026-Q1,Dermatology,VetSelect Derma,VETSELECT-DERMA_L,E-commerce,National,National,26666,1013303.87,0.82
ciq_ecommerce,2026-03,2026-Q1,Dermatology,VetSelect Derma,VETSELECT-DERMA_S,E-commerce,National,National,37107,1410057.99,0.82
ciq_ecommerce,2026-03,2026-Q1,Petcare Diagnostics,VetSelect Dx,VETSELECT-DX_L,E-commerce,National,National,40666,487988.33,0.82
ciq_ecommerce,2026-03,2026-Q1,Petcare Diagnostics,VetSelect Dx,VETSELECT-DX_S,E-commerce,National,National,56070,672843.01,0.82
ciq_ecommerce,2026-03,2026-Q1,Parasiticides,VetSelect Flea & Tick,VETSELECT-FLEA-TICK_L,E-commerce,National,National,121141,2059404.18,0.82
ciq_ecommerce,2026-03,2026-Q1,Parasiticides,VetSelect Flea & Tick,VETSELECT-FLEA-TICK_S,E-commerce,National,National,160166,2722846.63,0.82
ciq_ecommerce,2026-03,2026-Q1,Pain/Osteoarthritis,VetSelect Joint,VETSELECT-JOINT_L,E-commerce,National,National,28302,820755.09,0.82
ciq_ecommerce,2026-03,2026-Q1,Pain/Osteoarthritis,VetSelect Joint,VETSELECT-JOINT_S,E-commerce,National,National,38639,1120509.73,0.82
ciq_ecommerce,2026-03,2026-Q1,Petcare Diagnostics,Vetscan,VETSCAN_L,E-commerce,National,National,72718,1308921.53,0.82
ciq_ecommerce,2026-03,2026-Q1,Petcare Diagnostics,Vetscan,VETSCAN_S,E-commerce,National,National,98593,1774685.43,0.82
ciq_ecommerce,2026-03,2026-Q1,Dermatology,AllerVet RX,ALLERVET-RX_L,E-commerce,Region,Midwest,5837,315224.9,0.82
ciq_ecommerce,2026-03,2026-Q1,Dermatology,AllerVet RX,ALLERVET-RX_S,E-commerce,Region,Midwest,8181,441785.31,0.82
ciq_ecommerce,2026-03,2026-Q1,Dermatology,Apoquel,APOQUEL_L,E-commerce,Region,Midwest,8416,547039.88,0.82
ciq_ecommerce,2026-03,2026-Q1,Dermatology,Apoquel,APOQUEL_S,E-commerce,Region,Midwest,12708,826012.01,0.82
ciq_ecommerce,2026-03,2026-Q1,Vaccines,BioShield Vax,BIOSHIELD-VAX_L,E-commerce,Region,Midwest,9509,190187.46,0.82
ciq_ecommerce,2026-03,2026-Q1,Vaccines,BioShield Vax,BIOSHIELD-VAX_S,E-commerce,Region,Midwest,13098,261962.85,0.82
ciq_ecommerce,2026-03,2026-Q1,Dermatology,DermaCalm,DERMACALM_L,E-commerce,Region,Midwest,6588,382116.76,0.82
ciq_ecommerce,2026-03,2026-Q1,Dermatology,DermaCalm,DERMACALM_S,E-commerce,Region,Midwest,9136,529873.1,0.82
ciq_ecommerce,2026-03,2026-Q1,Petcare Diagnostics,DiagnosTech Vet,DIAGNOSTECH-VET_L,E-commerce,Region,Midwest,13877,235907.83,0.82
ciq_ecommerce,2026-03,2026-Q1,Petcare Diagnostics,DiagnosTech Vet,DIAGNOSTECH-VET_S,E-commerce,Region,Midwest,20747,352704.49,0.82
ciq_ecommerce,2026-03,2026-Q1,Parasiticides,FleaStop Pro,FLEASTOP-PRO_L,E-commerce,Region,Midwest,14615,306907.31,0.82
ciq_ecommerce,2026-03,2026-Q1,Parasiticides,FleaStop Pro,FLEASTOP-PRO_S,E-commerce,Region,Midwest,24010,504217.18,0.82
ciq_ecommerce,2026-03,2026-Q1,Pain/Osteoarthritis,FlexiCare Joint,FLEXICARE-JOINT_L,E-commerce,Region,Midwest,5814,255837.73,0.82
ciq_ecommerce,2026-03,2026-Q1,Pain/Osteoarthritis,FlexiCare Joint,FLEXICARE-JOINT_S,E-commerce,Region,Midwest,8712,383312.86,0.82
ciq_ecommerce,2026-03,2026-Q1,Vaccines,ImmunoCore Canine,IMMUNOCORE-CANINE_L,E-commerce,Region,Midwest,11368,238724.84,0.82
ciq_ecommerce,2026-03,2026-Q1,Vaccines,ImmunoCore Canine,IMMUNOCORE-CANINE_S,E-commerce,Region,Midwest,15422,323870.45,0.82
ciq_ecommerce,2026-03,2026-Q1,Pain/Osteoarthritis,Librela,LIBRELA_L,E-commerce,Region,Midwest,5361,257318.88,0.82
ciq_ecommerce,2026-03,2026-Q1,Pain/Osteoarthritis,Librela,LIBRELA_S,E-commerce,Region,Midwest,7144,342929.61,0.82
ciq_ecommerce,2026-03,2026-Q1,Pain/Osteoarthritis,OsteoEase Vet,OSTEOEASE-VET_L,E-commerce,Region,Midwest,4950,202957.86,0.82
ciq_ecommerce,2026-03,2026-Q1,Pain/Osteoarthritis,OsteoEase Vet,OSTEOEASE-VET_S,E-commerce,Region,Midwest,7592,311290.5,0.82
ciq_ecommerce,2026-03,2026-Q1,Pain/Osteoarthritis,PainAway Canine,PAINAWAY-CANINE_L,E-commerce,Region,Midwest,4698,173809.36,0.82
ciq_ecommerce,2026-03,2026-Q1,Pain/Osteoarthritis,PainAway Canine,PAINAWAY-CANINE_S,E-commerce,Region,Midwest,6899,255259.52,0.82
ciq_ecommerce,2026-03,2026-Q1,Petcare Diagnostics,PetLab Analyzer,PETLAB-ANALYZER_L,E-commerce,Region,Midwest,8574,128617.48,0.82
ciq_ecommerce,2026-03,2026-Q1,Petcare Diagnostics,PetLab Analyzer,PETLAB-ANALYZER_S,E-commerce,Region,Midwest,13500,202499.55,0.82
ciq_ecommerce,2026-03,2026-Q1,Petcare Diagnostics,RapidVet Dx,RAPIDVET-DX_L,E-commerce,Region,Midwest,13628,218051.09,0.82
ciq_ecommerce,2026-03,2026-Q1,Petcare Diagnostics,RapidVet Dx,RAPIDVET-DX_S,E-commerce,Region,Midwest,19931,318893.74,0.82
ciq_ecommerce,2026-03,2026-Q1,Parasiticides,Simparica Trio,SIMPARICA-TRIO_L,E-commerce,Region,Midwest,26175,732907.14,0.82
ciq_ecommerce,2026-03,2026-Q1,Parasiticides,Simparica Trio,SIMPARICA-TRIO_S,E-commerce,Region,Midwest,35631,997671.55,0.82
ciq_ecommerce,2026-03,2026-Q1,Dermatology,SkinRelief Pro,SKINRELIEF-PRO_L,E-commerce,Region,Midwest,4872,238726.28,0.82
ciq_ecommerce,2026-03,2026-Q1,Dermatology,SkinRelief Pro,SKINRELIEF-PRO_S,E-commerce,Region,Midwest,6448,315948.16,0.82
ciq_ecommerce,2026-03,2026-Q1,Parasiticides,TickShield Plus,TICKSHIELD-PLUS_L,E-commerce,Region,Midwest,15643,375435.91,0.82
ciq_ecommerce,2026-03,2026-Q1,Parasiticides,TickShield Plus,TICKSHIELD-PLUS_S,E-commerce,Region,Midwest,22551,541221.01,0.82
ciq_ecommerce,2026-03,2026-Q1,Vaccines,Vanguard,VANGUARD_L,E-commerce,Region,Midwest,10596,233104.07,0.82
ciq_ecommerce,2026-03,2026-Q1,Vaccines,Vanguard,VANGUARD_S,E-commerce,Region,Midwest,14188,312143.22,0.82
ciq_ecommerce,2026-03,2026-Q1,Parasiticides,VectraGuard,VECTRAGUARD_L,E-commerce,Region,Midwest,19402,504450.16,0.82
ciq_ecommerce,2026-03,2026-Q1,Parasiticides,VectraGuard,VECTRAGUARD_S,E-commerce,Region,Midwest,28559,742523.88,0.82
ciq_ecommerce,2026-03,2026-Q1,Vaccines,VetGuard Immunize,VETGUARD-IMMUNIZE_L,E-commerce,Region,Midwest,8226,156288.93,0.82
ciq_ecommerce,2026-03,2026-Q1,Vaccines,VetGuard Immunize,VETGUARD-IMMUNIZE_S,E-commerce,Region,Midwest,11634,221048.74,0.82
ciq_ecommerce,2026-03,2026-Q1,Vaccines,VetSelect Core Vax,VETSELECT-CORE-VAX_L,E-commerce,Region,Midwest,9066,126929.6,0.82
ciq_ecommerce,2026-03,2026-Q1,Vaccines,VetSelect Core Vax,VETSELECT-CORE-VAX_S,E-commerce,Region,Midwest,12826,179565.38,0.82
ciq_ecommerce,2026-03,2026-Q1,Dermatology,VetSelect Derma,VETSELECT-DERMA_L,E-commerce,Region,Midwest,5518,209685.72,0.82
ciq_ecommerce,2026-03,2026-Q1,Dermatology,VetSelect Derma,VETSELECT-DERMA_S,E-commerce,Region,Midwest,7905,300402.6,0.82
ciq_ecommerce,2026-03,2026-Q1,Petcare Diagnostics,VetSelect Dx,VETSELECT-DX_L,E-commerce,Region,Midwest,7989,95868.21,0.82
ciq_ecommerce,2026-03,2026-Q1,Petcare Diagnostics,VetSelect Dx,VETSELECT-DX_S,E-commerce,Region,Midwest,11743,140916.49,0.82
ciq_ecommerce,2026-03,2026-Q1,Parasiticides,VetSelect Flea & Tick,VETSELECT-FLEA-TICK_L,E-commerce,Region,Midwest,23514,399738.17,0.82
ciq_ecommerce,2026-03,2026-Q1,Parasiticides,VetSelect Flea & Tick,VETSELECT-FLEA-TICK_S,E-commerce,Region,Midwest,32701,555918.24,0.82
ciq_ecommerce,2026-03,2026-Q1,Pain/Osteoarthritis,VetSelect Joint,VETSELECT-JOINT_L,E-commerce,Region,Midwest,6133,177850.85,0.82
ciq_ecommerce,2026-03,2026-Q1,Pain/Osteoarthritis,VetSelect Joint,VETSELECT-JOINT_S,E-commerce,Region,Midwest,8235,238800.62,0.82
ciq_ecommerce,2026-03,2026-Q1,Petcare Diagnostics,Vetscan,VETSCAN_L,E-commerce,Region,Midwest,15655,281789.89,0.82
ciq_ecommerce,2026-03,2026-Q1,Petcare Diagnostics,Vetscan,VETSCAN_S,E-commerce,Region,Midwest,20078,361410.17,0.82
ciq_ecommerce,2026-03,2026-Q1,Dermatology,AllerVet RX,ALLERVET-RX_L,E-commerce,Region,Northeast,6295,339930.19,0.82
ciq_ecommerce,2026-03,2026-Q1,Dermatology,AllerVet RX,ALLERVET-RX_S,E-commerce,Region,Northeast,8664,467847.5,0.82
ciq_ecommerce,2026-03,2026-Q1,Dermatology,Apoquel,APOQUEL_L,E-commerce,Region,Northeast,8806,572421.03,0.82
ciq_ecommerce,2026-03,2026-Q1,Dermatology,Apoquel,APOQUEL_S,E-commerce,Region,Northeast,12471,810584.57,0.82
ciq_ecommerce,2026-03,2026-Q1,Vaccines,BioShield Vax,BIOSHIELD-VAX_L,E-commerce,Region,Northeast,10861,217218.26,0.82
ciq_ecommerce,2026-03,2026-Q1,Vaccines,BioShield Vax,BIOSHIELD-VAX_S,E-commerce,Region,Northeast,14315,286301.86,0.82
ciq_ecommerce,2026-03,2026-Q1,Dermatology,DermaCalm,DERMACALM_L,E-commerce,Region,Northeast,6862,397995.08,0.82
ciq_ecommerce,2026-03,2026-Q1,Dermatology,DermaCalm,DERMACALM_S,E-commerce,Region,Northeast,10110,586408.92,0.82
ciq_ecommerce,2026-03,2026-Q1,Petcare Diagnostics,DiagnosTech Vet,DIAGNOSTECH-VET_L,E-commerce,Region,Northeast,15802,268632.45,0.82
ciq_ecommerce,2026-03,2026-Q1,Petcare Diagnostics,DiagnosTech Vet,DIAGNOSTECH-VET_S,E-commerce,Region,Northeast,23476,399094.89,0.82
ciq_ecommerce,2026-03,2026-Q1,Parasiticides,FleaStop Pro,FLEASTOP-PRO_L,E-commerce,Region,Northeast,17488,367244.41,0.82
ciq_ecommerce,2026-03,2026-Q1,Parasiticides,FleaStop Pro,FLEASTOP-PRO_S,E-commerce,Region,Northeast,23892,501742.13,0.82
ciq_ecommerce,2026-03,2026-Q1,Pain/Osteoarthritis,FlexiCare Joint,FLEXICARE-JOINT_L,E-commerce,Region,Northeast,6504,286173.4,0.82
ciq_ecommerce,2026-03,2026-Q1,Pain/Osteoarthritis,FlexiCare Joint,FLEXICARE-JOINT_S,E-commerce,Region,Northeast,7964,350435.03,0.82
ciq_ecommerce,2026-03,2026-Q1,Vaccines,ImmunoCore Canine,IMMUNOCORE-CANINE_L,E-commerce,Region,Northeast,11855,248953.64,0.82
ciq_ecommerce,2026-03,2026-Q1,Vaccines,ImmunoCore Canine,IMMUNOCORE-CANINE_S,E-commerce,Region,Northeast,15494,325379.35,0.82
ciq_ecommerce,2026-03,2026-Q1,Pain/Osteoarthritis,Librela,LIBRELA_L,E-commerce,Region,Northeast,5496,263818.28,0.82
ciq_ecommerce,2026-03,2026-Q1,Pain/Osteoarthritis,Librela,LIBRELA_S,E-commerce,Region,Northeast,7862,377396.23,0.82
ciq_ecommerce,2026-03,2026-Q1,Pain/Osteoarthritis,OsteoEase Vet,OSTEOEASE-VET_L,E-commerce,Region,Northeast,5260,215665.61,0.82
ciq_ecommerce,2026-03,2026-Q1,Pain/Osteoarthritis,OsteoEase Vet,OSTEOEASE-VET_S,E-commerce,Region,Northeast,7857,322146.7,0.82
ciq_ecommerce,2026-03,2026-Q1,Pain/Osteoarthritis,PainAway Canine,PAINAWAY-CANINE_L,E-commerce,Region,Northeast,5415,200356.12,0.82
ciq_ecommerce,2026-03,2026-Q1,Pain/Osteoarthritis,PainAway Canine,PAINAWAY-CANINE_S,E-commerce,Region,Northeast,7188,265946.49,0.82
ciq_ecommerce,2026-03,2026-Q1,Petcare Diagnostics,PetLab Analyzer,PETLAB-ANALYZER_L,E-commerce,Region,Northeast,9796,146944.99,0.82
ciq_ecommerce,2026-03,2026-Q1,Petcare Diagnostics,PetLab Analyzer,PETLAB-ANALYZER_S,E-commerce,Region,Northeast,13410,201143.2,0.82
ciq_ecommerce,2026-03,2026-Q1,Petcare Diagnostics,RapidVet Dx,RAPIDVET-DX_L,E-commerce,Region,Northeast,15765,252246.0,0.82
ciq_ecommerce,2026-03,2026-Q1,Petcare Diagnostics,RapidVet Dx,RAPIDVET-DX_S,E-commerce,Region,Northeast,21683,346921.99,0.82
ciq_ecommerce,2026-03,2026-Q1,Parasiticides,Simparica Trio,SIMPARICA-TRIO_L,E-commerce,Region,Northeast,25411,711520.39,0.82
ciq_ecommerce,2026-03,2026-Q1,Parasiticides,Simparica Trio,SIMPARICA-TRIO_S,E-commerce,Region,Northeast,36135,1011766.17,0.82
ciq_ecommerce,2026-03,2026-Q1,Dermatology,SkinRelief Pro,SKINRELIEF-PRO_L,E-commerce,Region,Northeast,4801,235247.54,0.82
ciq_ecommerce,2026-03,2026-Q1,Dermatology,SkinRelief Pro,SKINRELIEF-PRO_S,E-commerce,Region,Northeast,6945,340305.06,0.82
ciq_ecommerce,2026-03,2026-Q1,Parasiticides,TickShield Plus,TICKSHIELD-PLUS_L,E-commerce,Region,Northeast,17665,423957.76,0.82
ciq_ecommerce,2026-03,2026-Q1,Parasiticides,TickShield Plus,TICKSHIELD-PLUS_S,E-commerce,Region,Northeast,25351,608414.36,0.82
ciq_ecommerce,2026-03,2026-Q1,Vaccines,Vanguard,VANGUARD_L,E-commerce,Region,Northeast,10656,234442.68,0.82
ciq_ecommerce,2026-03,2026-Q1,Vaccines,Vanguard,VANGUARD_S,E-commerce,Region,Northeast,14716,323744.3,0.82
ciq_ecommerce,2026-03,2026-Q1,Parasiticides,VectraGuard,VECTRAGUARD_L,E-commerce,Region,Northeast,21623,562196.22,0.82
ciq_ecommerce,2026-03,2026-Q1,Parasiticides,VectraGuard,VECTRAGUARD_S,E-commerce,Region,Northeast,31000,805996.8,0.82
ciq_ecommerce,2026-03,2026-Q1,Vaccines,VetGuard Immunize,VETGUARD-IMMUNIZE_L,E-commerce,Region,Northeast,8558,162600.1,0.82
ciq_ecommerce,2026-03,2026-Q1,Vaccines,VetGuard Immunize,VETGUARD-IMMUNIZE_S,E-commerce,Region,Northeast,11695,222210.42,0.82
ciq_ecommerce,2026-03,2026-Q1,Vaccines,VetSelect Core Vax,VETSELECT-CORE-VAX_L,E-commerce,Region,Northeast,9374,131240.1,0.82
ciq_ecommerce,2026-03,2026-Q1,Vaccines,VetSelect Core Vax,VETSELECT-CORE-VAX_S,E-commerce,Region,Northeast,12500,175003.87,0.82
ciq_ecommerce,2026-03,2026-Q1,Dermatology,VetSelect Derma,VETSELECT-DERMA_L,E-commerce,Region,Northeast,5798,220334.93,0.82
ciq_ecommerce,2026-03,2026-Q1,Dermatology,VetSelect Derma,VETSELECT-DERMA_S,E-commerce,Region,Northeast,8302,315479.88,0.82
ciq_ecommerce,2026-03,2026-Q1,Petcare Diagnostics,VetSelect Dx,VETSELECT-DX_L,E-commerce,Region,Northeast,9581,114971.89,0.82
ciq_ecommerce,2026-03,2026-Q1,Petcare Diagnostics,VetSelect Dx,VETSELECT-DX_S,E-commerce,Region,Northeast,11579,138953.37,0.82
ciq_ecommerce,2026-03,2026-Q1,Parasiticides,VetSelect Flea & Tick,VETSELECT-FLEA-TICK_L,E-commerce,Region,Northeast,26908,457433.33,0.82
ciq_ecommerce,2026-03,2026-Q1,Parasiticides,VetSelect Flea & Tick,VETSELECT-FLEA-TICK_S,E-commerce,Region,Northeast,36869,626781.25,0.82
ciq_ecommerce,2026-03,2026-Q1,Pain/Osteoarthritis,VetSelect Joint,VETSELECT-JOINT_L,E-commerce,Region,Northeast,6207,180009.94,0.82
ciq_ecommerce,2026-03,2026-Q1,Pain/Osteoarthritis,VetSelect Joint,VETSELECT-JOINT_S,E-commerce,Region,Northeast,8659,251097.47,0.82
ciq_ecommerce,2026-03,2026-Q1,Petcare Diagnostics,Vetscan,VETSCAN_L,E-commerce,Region,Northeast,16883,303889.92,0.82
ciq_ecommerce,2026-03,2026-Q1,Petcare Diagnostics,Vetscan,VETSCAN_S,E-commerce,Region,Northeast,22426,403670.47,0.82
ciq_ecommerce,2026-03,2026-Q1,Dermatology,AllerVet RX,ALLERVET-RX_L,E-commerce,Region,South,10078,544213.78,0.82
ciq_ecommerce,2026-03,2026-Q1,Dermatology,AllerVet RX,ALLERVET-RX_S,E-commerce,Region,South,13382,722643.63,0.82
ciq_ecommerce,2026-03,2026-Q1,Dermatology,Apoquel,APOQUEL_L,E-commerce,Region,South,13627,885780.78,0.82
ciq_ecommerce,2026-03,2026-Q1,Dermatology,Apoquel,APOQUEL_S,E-commerce,Region,South,19445,1263937.89,0.82
ciq_ecommerce,2026-03,2026-Q1,Vaccines,BioShield Vax,BIOSHIELD-VAX_L,E-commerce,Region,South,13922,278448.28,0.82
ciq_ecommerce,2026-03,2026-Q1,Vaccines,BioShield Vax,BIOSHIELD-VAX_S,E-commerce,Region,South,21136,422716.12,0.82
ciq_ecommerce,2026-03,2026-Q1,Dermatology,DermaCalm,DERMACALM_L,E-commerce,Region,South,10101,585881.73,0.82
ciq_ecommerce,2026-03,2026-Q1,Dermatology,DermaCalm,DERMACALM_S,E-commerce,Region,South,14083,816788.23,0.82
ciq_ecommerce,2026-03,2026-Q1,Petcare Diagnostics,DiagnosTech Vet,DIAGNOSTECH-VET_L,E-commerce,Region,South,24765,421002.92,0.82
ciq_ecommerce,2026-03,2026-Q1,Petcare Diagnostics,DiagnosTech Vet,DIAGNOSTECH-VET_S,E-commerce,Region,South,34845,592363.67,0.82
ciq_ecommerce,2026-03,2026-Q1,Parasiticides,FleaStop Pro,FLEASTOP-PRO_L,E-commerce,Region,South,26871,564289.15,0.82
ciq_ecommerce,2026-03,2026-Q1,Parasiticides,FleaStop Pro,FLEASTOP-PRO_S,E-commerce,Region,South,34856,731968.54,0.82
ciq_ecommerce,2026-03,2026-Q1,Pain/Osteoarthritis,FlexiCare Joint,FLEXICARE-JOINT_L,E-commerce,Region,South,9401,413626.26,0.82
ciq_ecommerce,2026-03,2026-Q1,Pain/Osteoarthritis,FlexiCare Joint,FLEXICARE-JOINT_S,E-commerce,Region,South,12880,566713.19,0.82
ciq_ecommerce,2026-03,2026-Q1,Vaccines,ImmunoCore Canine,IMMUNOCORE-CANINE_L,E-commerce,Region,South,17776,373300.05,0.82
ciq_ecommerce,2026-03,2026-Q1,Vaccines,ImmunoCore Canine,IMMUNOCORE-CANINE_S,E-commerce,Region,South,22935,481642.48,0.82
ciq_ecommerce,2026-03,2026-Q1,Pain/Osteoarthritis,Librela,LIBRELA_L,E-commerce,Region,South,8460,406060.63,0.82
ciq_ecommerce,2026-03,2026-Q1,Pain/Osteoarthritis,Librela,LIBRELA_S,E-commerce,Region,South,11571,555430.91,0.82
ciq_ecommerce,2026-03,2026-Q1,Pain/Osteoarthritis,OsteoEase Vet,OSTEOEASE-VET_L,E-commerce,Region,South,8432,345717.15,0.82
ciq_ecommerce,2026-03,2026-Q1,Pain/Osteoarthritis,OsteoEase Vet,OSTEOEASE-VET_S,E-commerce,Region,South,11795,483578.73,0.82
ciq_ecommerce,2026-03,2026-Q1,Pain/Osteoarthritis,PainAway Canine,PAINAWAY-CANINE_L,E-commerce,Region,South,7913,292782.54,0.82
ciq_ecommerce,2026-03,2026-Q1,Pain/Osteoarthritis,PainAway Canine,PAINAWAY-CANINE_S,E-commerce,Region,South,10883,402679.18,0.82
ciq_ecommerce,2026-03,2026-Q1,Petcare Diagnostics,PetLab Analyzer,PETLAB-ANALYZER_L,E-commerce,Region,South,14309,214632.23,0.82
ciq_ecommerce,2026-03,2026-Q1,Petcare Diagnostics,PetLab Analyzer,PETLAB-ANALYZER_S,E-commerce,Region,South,19826,297391.38,0.82
ciq_ecommerce,2026-03,2026-Q1,Petcare Diagnostics,RapidVet Dx,RAPIDVET-DX_L,E-commerce,Region,South,23144,370305.75,0.82
ciq_ecommerce,2026-03,2026-Q1,Petcare Diagnostics,RapidVet Dx,RAPIDVET-DX_S,E-commerce,Region,South,32248,515968.5,0.82
ciq_ecommerce,2026-03,2026-Q1,Parasiticides,Simparica Trio,SIMPARICA-TRIO_L,E-commerce,Region,South,36136,1011801.09,0.82
ciq_ecommerce,2026-03,2026-Q1,Parasiticides,Simparica Trio,SIMPARICA-TRIO_S,E-commerce,Region,South,50749,1420964.3,0.82
ciq_ecommerce,2026-03,2026-Q1,Dermatology,SkinRelief Pro,SKINRELIEF-PRO_L,E-commerce,Region,South,8329,408130.57,0.82
ciq_ecommerce,2026-03,2026-Q1,Dermatology,SkinRelief Pro,SKINRELIEF-PRO_S,E-commerce,Region,South,10642,521448.85,0.82
ciq_ecommerce,2026-03,2026-Q1,Parasiticides,TickShield Plus,TICKSHIELD-PLUS_L,E-commerce,Region,South,28116,674777.4,0.82
ciq_ecommerce,2026-03,2026-Q1,Parasiticides,TickShield Plus,TICKSHIELD-PLUS_S,E-commerce,Region,South,40167,964018.68,0.82
ciq_ecommerce,2026-03,2026-Q1,Vaccines,Vanguard,VANGUARD_L,E-commerce,Region,South,16248,357450.12,0.82
ciq_ecommerce,2026-03,2026-Q1,Vaccines,Vanguard,VANGUARD_S,E-commerce,Region,South,22405,492911.0,0.82
ciq_ecommerce,2026-03,2026-Q1,Parasiticides,VectraGuard,VECTRAGUARD_L,E-commerce,Region,South,33282,865334.16,0.82
ciq_ecommerce,2026-03,2026-Q1,Parasiticides,VectraGuard,VECTRAGUARD_S,E-commerce,Region,South,47624,1238227.8,0.82
ciq_ecommerce,2026-03,2026-Q1,Vaccines,VetGuard Immunize,VETGUARD-IMMUNIZE_L,E-commerce,Region,South,12608,239551.12,0.82
ciq_ecommerce,2026-03,2026-Q1,Vaccines,VetGuard Immunize,VETGUARD-IMMUNIZE_S,E-commerce,Region,South,17682,335965.81,0.82
ciq_ecommerce,2026-03,2026-Q1,Vaccines,VetSelect Core Vax,VETSELECT-CORE-VAX_L,E-commerce,Region,South,15283,213955.78,0.82
ciq_ecommerce,2026-03,2026-Q1,Vaccines,VetSelect Core Vax,VETSELECT-CORE-VAX_S,E-commerce,Region,South,19351,270916.92,0.82
ciq_ecommerce,2026-03,2026-Q1,Dermatology,VetSelect Derma,VETSELECT-DERMA_L,E-commerce,Region,South,9144,347467.09,0.82
ciq_ecommerce,2026-03,2026-Q1,Dermatology,VetSelect Derma,VETSELECT-DERMA_S,E-commerce,Region,South,12588,478329.11,0.82
ciq_ecommerce,2026-03,2026-Q1,Petcare Diagnostics,VetSelect Dx,VETSELECT-DX_L,E-commerce,Region,South,13798,165572.97,0.82
ciq_ecommerce,2026-03,2026-Q1,Petcare Diagnostics,VetSelect Dx,VETSELECT-DX_S,E-commerce,Region,South,20006,240072.44,0.82
ciq_ecommerce,2026-03,2026-Q1,Parasiticides,VetSelect Flea & Tick,VETSELECT-FLEA-TICK_L,E-commerce,Region,South,40794,693500.79,0.82
ciq_ecommerce,2026-03,2026-Q1,Parasiticides,VetSelect Flea & Tick,VETSELECT-FLEA-TICK_S,E-commerce,Region,South,52350,889957.27,0.82
ciq_ecommerce,2026-03,2026-Q1,Pain/Osteoarthritis,VetSelect Joint,VETSELECT-JOINT_L,E-commerce,Region,South,9660,280133.07,0.82
ciq_ecommerce,2026-03,2026-Q1,Pain/Osteoarthritis,VetSelect Joint,VETSELECT-JOINT_S,E-commerce,Region,South,12911,374418.5,0.82
ciq_ecommerce,2026-03,2026-Q1,Petcare Diagnostics,Vetscan,VETSCAN_L,E-commerce,Region,South,24300,437403.42,0.82
ciq_ecommerce,2026-03,2026-Q1,Petcare Diagnostics,Vetscan,VETSCAN_S,E-commerce,Region,South,33124,596239.7,0.82
ciq_ecommerce,2026-03,2026-Q1,Dermatology,AllerVet RX,ALLERVET-RX_L,E-commerce,Region,West,6656,359408.27,0.82
ciq_ecommerce,2026-03,2026-Q1,Dermatology,AllerVet RX,ALLERVET-RX_S,E-commerce,Region,West,9697,523634.69,0.82
ciq_ecommerce,2026-03,2026-Q1,Dermatology,Apoquel,APOQUEL_L,E-commerce,Region,West,9303,604684.56,0.82
ciq_ecommerce,2026-03,2026-Q1,Dermatology,Apoquel,APOQUEL_S,E-commerce,Region,West,12607,819426.47,0.82
ciq_ecommerce,2026-03,2026-Q1,Vaccines,BioShield Vax,BIOSHIELD-VAX_L,E-commerce,Region,West,10587,211743.42,0.82
ciq_ecommerce,2026-03,2026-Q1,Vaccines,BioShield Vax,BIOSHIELD-VAX_S,E-commerce,Region,West,14298,285962.74,0.82
ciq_ecommerce,2026-03,2026-Q1,Dermatology,DermaCalm,DERMACALM_L,E-commerce,Region,West,6578,381512.17,0.82
ciq_ecommerce,2026-03,2026-Q1,Dermatology,DermaCalm,DERMACALM_S,E-commerce,Region,West,9296,539165.05,0.82
ciq_ecommerce,2026-03,2026-Q1,Petcare Diagnostics,DiagnosTech Vet,DIAGNOSTECH-VET_L,E-commerce,Region,West,15462,262845.59,0.82
ciq_ecommerce,2026-03,2026-Q1,Petcare Diagnostics,DiagnosTech Vet,DIAGNOSTECH-VET_S,E-commerce,Region,West,22239,378057.04,0.82
ciq_ecommerce,2026-03,2026-Q1,Parasiticides,FleaStop Pro,FLEASTOP-PRO_L,E-commerce,Region,West,18416,386735.09,0.82
ciq_ecommerce,2026-03,2026-Q1,Parasiticides,FleaStop Pro,FLEASTOP-PRO_S,E-commerce,Region,West,23786,499506.51,0.82
ciq_ecommerce,2026-03,2026-Q1,Pain/Osteoarthritis,FlexiCare Joint,FLEXICARE-JOINT_L,E-commerce,Region,West,6487,285426.69,0.82
ciq_ecommerce,2026-03,2026-Q1,Pain/Osteoarthritis,FlexiCare Joint,FLEXICARE-JOINT_S,E-commerce,Region,West,8826,388324.13,0.82
ciq_ecommerce,2026-03,2026-Q1,Vaccines,ImmunoCore Canine,IMMUNOCORE-CANINE_L,E-commerce,Region,West,13070,274462.34,0.82
ciq_ecommerce,2026-03,2026-Q1,Vaccines,ImmunoCore Canine,IMMUNOCORE-CANINE_S,E-commerce,Region,West,16636,349346.43,0.82
ciq_ecommerce,2026-03,2026-Q1,Pain/Osteoarthritis,Librela,LIBRELA_L,E-commerce,Region,West,6470,310574.86,0.82
ciq_ecommerce,2026-03,2026-Q1,Pain/Osteoarthritis,Librela,LIBRELA_S,E-commerce,Region,West,8576,411648.11,0.82
ciq_ecommerce,2026-03,2026-Q1,Pain/Osteoarthritis,OsteoEase Vet,OSTEOEASE-VET_L,E-commerce,Region,West,6535,267928.53,0.82
ciq_ecommerce,2026-03,2026-Q1,Pain/Osteoarthritis,OsteoEase Vet,OSTEOEASE-VET_S,E-commerce,Region,West,8922,365802.3,0.82
ciq_ecommerce,2026-03,2026-Q1,Pain/Osteoarthritis,PainAway Canine,PAINAWAY-CANINE_L,E-commerce,Region,West,5617,207845.19,0.82
ciq_ecommerce,2026-03,2026-Q1,Pain/Osteoarthritis,PainAway Canine,PAINAWAY-CANINE_S,E-commerce,Region,West,7684,284292.71,0.82
ciq_ecommerce,2026-03,2026-Q1,Petcare Diagnostics,PetLab Analyzer,PETLAB-ANALYZER_L,E-commerce,Region,West,9579,143690.58,0.82
ciq_ecommerce,2026-03,2026-Q1,Petcare Diagnostics,PetLab Analyzer,PETLAB-ANALYZER_S,E-commerce,Region,West,12867,193000.17,0.82
ciq_ecommerce,2026-03,2026-Q1,Petcare Diagnostics,RapidVet Dx,RAPIDVET-DX_L,E-commerce,Region,West,15622,249952.38,0.82
ciq_ecommerce,2026-03,2026-Q1,Petcare Diagnostics,RapidVet Dx,RAPIDVET-DX_S,E-commerce,Region,West,21049,336777.1,0.82
ciq_ecommerce,2026-03,2026-Q1,Parasiticides,Simparica Trio,SIMPARICA-TRIO_L,E-commerce,Region,West,26330,737245.62,0.82
ciq_ecommerce,2026-03,2026-Q1,Parasiticides,Simparica Trio,SIMPARICA-TRIO_S,E-commerce,Region,West,36995,1035850.32,0.82
ciq_ecommerce,2026-03,2026-Q1,Dermatology,SkinRelief Pro,SKINRELIEF-PRO_L,E-commerce,Region,West,5583,273581.77,0.82
ciq_ecommerce,2026-03,2026-Q1,Dermatology,SkinRelief Pro,SKINRELIEF-PRO_S,E-commerce,Region,West,7498,367409.31,0.82
ciq_ecommerce,2026-03,2026-Q1,Parasiticides,TickShield Plus,TICKSHIELD-PLUS_L,E-commerce,Region,West,19316,463589.24,0.82
ciq_ecommerce,2026-03,2026-Q1,Parasiticides,TickShield Plus,TICKSHIELD-PLUS_S,E-commerce,Region,West,27064,649528.25,0.82
ciq_ecommerce,2026-03,2026-Q1,Vaccines,Vanguard,VANGUARD_L,E-commerce,Region,West,9870,217130.06,0.82
ciq_ecommerce,2026-03,2026-Q1,Vaccines,Vanguard,VANGUARD_S,E-commerce,Region,West,13050,287094.19,0.82
ciq_ecommerce,2026-03,2026-Q1,Parasiticides,VectraGuard,VECTRAGUARD_L,E-commerce,Region,West,22749,591461.18,0.82
ciq_ecommerce,2026-03,2026-Q1,Parasiticides,VectraGuard,VECTRAGUARD_S,E-commerce,Region,West,31671,823440.49,0.82
ciq_ecommerce,2026-03,2026-Q1,Vaccines,VetGuard Immunize,VETGUARD-IMMUNIZE_L,E-commerce,Region,West,8742,166104.97,0.82
ciq_ecommerce,2026-03,2026-Q1,Vaccines,VetGuard Immunize,VETGUARD-IMMUNIZE_S,E-commerce,Region,West,12474,237010.93,0.82
ciq_ecommerce,2026-03,2026-Q1,Vaccines,VetSelect Core Vax,VETSELECT-CORE-VAX_L,E-commerce,Region,West,9771,136789.77,0.82
ciq_ecommerce,2026-03,2026-Q1,Vaccines,VetSelect Core Vax,VETSELECT-CORE-VAX_S,E-commerce,Region,West,13436,188103.09,0.82
ciq_ecommerce,2026-03,2026-Q1,Dermatology,VetSelect Derma,VETSELECT-DERMA_L,E-commerce,Region,West,6206,235816.13,0.82
ciq_ecommerce,2026-03,2026-Q1,Dermatology,VetSelect Derma,VETSELECT-DERMA_S,E-commerce,Region,West,8312,315846.4,0.82
ciq_ecommerce,2026-03,2026-Q1,Petcare Diagnostics,VetSelect Dx,VETSELECT-DX_L,E-commerce,Region,West,9298,111575.26,0.82
ciq_ecommerce,2026-03,2026-Q1,Petcare Diagnostics,VetSelect Dx,VETSELECT-DX_S,E-commerce,Region,West,12742,152900.71,0.82
ciq_ecommerce,2026-03,2026-Q1,Parasiticides,VetSelect Flea & Tick,VETSELECT-FLEA-TICK_L,E-commerce,Region,West,29925,508731.89,0.82
ciq_ecommerce,2026-03,2026-Q1,Parasiticides,VetSelect Flea & Tick,VETSELECT-FLEA-TICK_S,E-commerce,Region,West,38246,650189.87,0.82
ciq_ecommerce,2026-03,2026-Q1,Pain/Osteoarthritis,VetSelect Joint,VETSELECT-JOINT_L,E-commerce,Region,West,6302,182761.23,0.82
ciq_ecommerce,2026-03,2026-Q1,Pain/Osteoarthritis,VetSelect Joint,VETSELECT-JOINT_S,E-commerce,Region,West,8834,256193.14,0.82
ciq_ecommerce,2026-03,2026-Q1,Petcare Diagnostics,Vetscan,VETSCAN_L,E-commerce,Region,West,15880,285838.3,0.82
ciq_ecommerce,2026-03,2026-Q1,Petcare Diagnostics,Vetscan,VETSCAN_S,E-commerce,Region,West,22965,413365.09,0.82
