month,quarter,category,brand,is_zoetis,channel,geo_level,geo,true_sales,true_units
2024-04,2024-Q2,Parasiticides,Simparica Trio,True,Veterinary,Region,Northeast,3891678.11,138989
2024-04,2024-Q2,Parasiticides,Simparica Trio,True,Veterinary,Region,South,6025581.98,215199
2024-04,2024-Q2,Parasiticides,Simparica Trio,True,Veterinary,Region,Midwest,3812792.55,136171
2024-04,2024-Q2,Parasiticides,Simparica Trio,True,Veterinary,Region,West,4074132.47,145505
2024-04,2024-Q2,Parasiticides,Simparica Trio,True,Veterinary,National,National,17804185.11,635864
2024-04,2024-Q2,Parasiticides,Simparica Trio,True,Retail,Region,Northeast,2822055.03,100788
2024-04,2024-Q2,Parasiticides,Simparica Trio,True,Retail,Region,South,4612012.95,164715
2024-04,2024-Q2,Parasiticides,Simparica Trio,True,Retail,Region,Midwest,2797856.77,99923
2024-04,2024-Q2,Parasiticides,Simparica Trio,True,Retail,Region,West,3068988.06,109607
2024-04,2024-Q2,Parasiticides,Simparica Trio,True,Retail,National,National,13300912.81,475033
2024-04,2024-Q2,Parasiticides,Simparica Trio,True,E-commerce,Region,Northeast,1461648.42,52202
2024-04,2024-Q2,Parasiticides,Simparica Trio,True,E-commerce,Region,South,2266772.86,80956
2024-04,2024-Q2,Parasiticides,Simparica Trio,True,E-commerce,Region,Midwest,1438909.68,51390
2024-04,2024-Q2,Parasiticides,Simparica Trio,True,E-commerce,Region,West,1552790.58,55457
2024-04,2024-Q2,Parasiticides,Simparica Trio,True,E-commerce,National,National,6720121.55,240004
2024-05,2024-Q2,Parasiticides,Simparica Trio,True,Veterinary,Region,Northeast,4259858.74,152138
2024-05,2024-Q2,Parasiticides,Simparica Trio,True,Veterinary,Region,South,6527603.79,233129
2024-05,2024-Q2,Parasiticides,Simparica Trio,True,Veterinary,Region,Midwest,4189065.64,149609
2024-05,2024-Q2,Parasiticides,Simparica Trio,True,Veterinary,Region,West,4733500.57,169054
2024-05,2024-Q2,Parasiticides,Simparica Trio,True,Veterinary,National,National,19710028.73,703930
2024-05,2024-Q2,Parasiticides,Simparica Trio,True,Retail,Region,Northeast,3301135.14,117898
2024-05,2024-Q2,Parasiticides,Simparica Trio,True,Retail,Region,South,5079133.83,181398
2024-05,2024-Q2,Parasiticides,Simparica Trio,True,Retail,Region,Midwest,3197357.93,114191
2024-05,2024-Q2,Parasiticides,Simparica Trio,True,Retail,Region,West,3296573.31,117735
2024-05,2024-Q2,Parasiticides,Simparica Trio,True,Retail,National,National,14874200.21,531221
2024-05,2024-Q2,Parasiticides,Simparica Trio,True,E-commerce,Region,Northeast,1654116.06,59076
2024-05,2024-Q2,Parasiticides,Simparica Trio,True,E-commerce,Region,South,2618498.43,93518
2024-05,2024-Q2,Parasiticides,Simparica Trio,True,E-commerce,Region,Midwest,1635623.32,58415
2024-05,2024-Q2,Parasiticides,Simparica Trio,True,E-commerce,Region,West,1733055.32,61895
2024-05,2024-Q2,Parasiticides,Simparica Trio,True,E-commerce,National,National,7641293.14,272903
2024-06,2024-Q2,Parasiticides,Simparica Trio,True,Veterinary,Region,Northeast,4566278.18,163081
2024-06,2024-Q2,Parasiticides,Simparica Trio,True,Veterinary,Region,South,7169216.32,256043
2024-06,2024-Q2,Parasiticides,Simparica Trio,True,Veterinary,Region,Midwest,4182012.41,149358
2024-06,2024-Q2,Parasiticides,Simparica Trio,True,Veterinary,Region,West,4819331.66,172119
2024-06,2024-Q2,Parasiticides,Simparica Trio,True,Veterinary,National,National,20736838.56,740601
2024-06,2024-Q2,Parasiticides,Simparica Trio,True,Retail,Region,Northeast,3281084.16,117182
2024-06,2024-Q2,Parasiticides,Simparica Trio,True,Retail,Region,South,4894601.71,174807
2024-06,2024-Q2,Parasiticides,Simparica Trio,True,Retail,Region,Midwest,3221282.48,115046
2024-06,2024-Q2,Parasiticides,Simparica Trio,True,Retail,Region,West,3494768.26,124813
2024-06,2024-Q2,Parasiticides,Simparica Trio,True,Retail,National,National,14891736.61,531848
2024-06,2024-Q2,Parasiticides,Simparica Trio,True,E-commerce,Region,Northeast,1834347.05,65512
2024-06,2024-Q2,Parasiticides,Simparica Trio,True,E-commerce,Region,South,2817352.75,100620
2024-06,2024-Q2,Parasiticides,Simparica Trio,True,E-commerce,Region,Midwest,1643732.92,58705
2024-06,2024-Q2,Parasiticides,Simparica Trio,True,E-commerce,Region,West,1916120.34,68433
2024-06,2024-Q2,Parasiticides,Simparica Trio,True,E-commerce,National,National,8211553.07,293270
2024-07,2024-Q3,Parasiticides,Simparica Trio,True,Veterinary,Region,Northeast,4240006.89,151429
2024-07,2024-Q3,Parasiticides,Simparica Trio,True,Veterinary,Region,South,6511810.59,232565
2024-07,2024-Q3,Parasiticides,Simparica Trio,True,Veterinary,Region,Midwest,4071706.77,145418
2024-07,2024-Q3,Parasiticides,Simparica Trio,True,Veterinary,Region,West,4553379.43,162621
2024-07,2024-Q3,Parasiticides,Simparica Trio,True,Veterinary,National,National,19376903.69,692032
2024-07,2024-Q3,Parasiticides,Simparica Trio,True,Retail,Region,Northeast,3292170.0,117577
2024-07,2024-Q3,Parasiticides,Simparica Trio,True,Retail,Region,South,5044686.57,180167
2024-07,2024-Q3,Parasiticides,Simparica Trio,True,Retail,Region,Midwest,3143592.88,112271
2024-07,2024-Q3,Parasiticides,Simparica Trio,True,Retail,Region,West,3425611.78,122343
2024-07,2024-Q3,Parasiticides,Simparica Trio,True,Retail,National,National,14906061.22,532359
2024-07,2024-Q3,Parasiticides,Simparica Trio,True,E-commerce,Region,Northeast,1691334.53,60405
2024-07,2024-Q3,Parasiticides,Simparica Trio,True,E-commerce,Region,South,2606657.04,93095
2024-07,2024-Q3,Parasiticides,Simparica Trio,True,E-commerce,Region,Midwest,1622206.39,57936
2024-07,2024-Q3,Parasiticides,Simparica Trio,True,E-commerce,Region,West,1829105.51,65325
2024-07,2024-Q3,Parasiticides,Simparica Trio,True,E-commerce,National,National,7749303.47,276761
2024-08,2024-Q3,Parasiticides,Simparica Trio,True,Veterinary,Region,Northeast,4160315.49,148583
2024-08,2024-Q3,Parasiticides,Simparica Trio,True,Veterinary,Region,South,5860861.36,209316
2024-08,2024-Q3,Parasiticides,Simparica Trio,True,Veterinary,Region,Midwest,3588816.57,128172
2024-08,2024-Q3,Parasiticides,Simparica Trio,True,Veterinary,Region,West,4158309.51,148511
2024-08,2024-Q3,Parasiticides,Simparica Trio,True,Veterinary,National,National,17768302.92,634582
2024-08,2024-Q3,Parasiticides,Simparica Trio,True,Retail,Region,Northeast,3086676.76,110238
2024-08,2024-Q3,Parasiticides,Simparica Trio,True,Retail,Region,South,4644571.57,165878
2024-08,2024-Q3,Parasiticides,Simparica Trio,True,Retail,Region,Midwest,2896692.31,103453
2024-08,2024-Q3,Parasiticides,Simparica Trio,True,Retail,Region,West,3227397.61,115264
2024-08,2024-Q3,Parasiticides,Simparica Trio,True,Retail,National,National,13855338.25,494834
2024-08,2024-Q3,Parasiticides,Simparica Trio,True,E-commerce,Region,Northeast,1615685.27,57703
2024-08,2024-Q3,Parasiticides,Simparica Trio,True,E-commerce,Region,South,2397137.55,85612
2024-08,2024-Q3,Parasiticides,Simparica Trio,True,E-commerce,Region,Midwest,1521920.33,54354
2024-08,2024-Q3,Parasiticides,Simparica Trio,True,E-commerce,Region,West,1742327.12,62226
2024-08,2024-Q3,Parasiticides,Simparica Trio,True,E-commerce,National,National,7277070.27,259895
2024-09,2024-Q3,Parasiticides,Simparica Trio,True,Veterinary,Region,Northeast,3229283.05,115332
2024-09,2024-Q3,Parasiticides,Simparica Trio,True,Veterinary,Region,South,5023571.79,179413
2024-09,2024-Q3,Parasiticides,Simparica Trio,True,Veterinary,Region,Midwest,3050244.74,108937
2024-09,2024-Q3,Parasiticides,Simparica Trio,True,Veterinary,Region,West,3445893.23,123068
2024-09,2024-Q3,Parasiticides,Simparica Trio,True,Veterinary,National,National,14748992.81,526750
2024-09,2024-Q3,Parasiticides,Simparica Trio,True,Retail,Region,Northeast,2504381.93,89442
2024-09,2024-Q3,Parasiticides,Simparica Trio,True,Retail,Region,South,4069055.66,145323
2024-09,2024-Q3,Parasiticides,Simparica Trio,True,Retail,Region,Midwest,2393308.69,85475
2024-09,2024-Q3,Parasiticides,Simparica Trio,True,Retail,Region,West,2526333.65,90226
2024-09,2024-Q3,Parasiticides,Simparica Trio,True,Retail,National,National,11493079.93,410467
2024-09,2024-Q3,Parasiticides,Simparica Trio,True,E-commerce,Region,Northeast,1357785.3,48492
2024-09,2024-Q3,Parasiticides,Simparica Trio,True,E-commerce,Region,South,2081120.95,74326
2024-09,2024-Q3,Parasiticides,Simparica Trio,True,E-commerce,Region,Midwest,1355947.16,48427
2024-09,2024-Q3,Parasiticides,Simparica Trio,True,E-commerce,Region,West,1419284.72,50689
2024-09,2024-Q3,Parasiticides,Simparica Trio,True,E-commerce,National,National,6214138.13,221934
2024-10,2024-Q4,Parasiticides,Simparica Trio,True,Veterinary,Region,Northeast,2795270.5,99831
2024-10,2024-Q4,Parasiticides,Simparica Trio,True,Veterinary,Region,South,4133290.92,147618
2024-10,2024-Q4,Parasiticides,Simparica Trio,True,Veterinary,Region,Midwest,2586562.94,92377
2024-10,2024-Q4,Parasiticides,Simparica Trio,True,Veterinary,Region,West,2700204.85,96436
2024-10,2024-Q4,Parasiticides,Simparica Trio,True,Veterinary,National,National,12215329.22,436262
2024-10,2024-Q4,Parasiticides,Simparica Trio,True,Retail,Region,Northeast,2022365.49,72227
2024-10,2024-Q4,Parasiticides,Simparica Trio,True,Retail,Region,South,3175358.3,113406
2024-10,2024-Q4,Parasiticides,Simparica Trio,True,Retail,Region,Midwest,2020119.93,72147
2024-10,2024-Q4,Parasiticides,Simparica Trio,True,Retail,Region,West,2263498.63,80839
2024-10,2024-Q4,Parasiticides,Simparica Trio,True,Retail,National,National,9481342.36,338619
2024-10,2024-Q4,Parasiticides,Simparica Trio,True,E-commerce,Region,Northeast,1200997.72,42893
2024-10,2024-Q4,Parasiticides,Simparica Trio,True,E-commerce,Region,South,1871677.75,66846
2024-10,2024-Q4,Parasiticides,Simparica Trio,True,E-commerce,Region,Midwest,1152822.42,41172
2024-10,2024-Q4,Parasiticides,Simparica Trio,True,E-commerce,Region,West,1297166.82,46327
2024-10,2024-Q4,Parasiticides,Simparica Trio,True,E-commerce,National,National,5522664.71,197238
2024-11,2024-Q4,Parasiticides,Simparica Trio,True,Veterinary,Region,Northeast,2370597.33,84664
2024-11,2024-Q4,Parasiticides,Simparica Trio,True,Veterinary,Region,South,3523606.4,125843
2024-11,2024-Q4,Parasiticides,Simparica Trio,True,Veterinary,Region,Midwest,2305241.6,82330
2024-11,2024-Q4,Parasiticides,Simparica Trio,True,Veterinary,Region,West,2486268.56,88795
2024-11,2024-Q4,Parasiticides,Simparica Trio,True,Veterinary,National,National,10685713.89,381633
2024-11,2024-Q4,Parasiticides,Simparica Trio,True,Retail,Region,Northeast,1867830.06,66708
2024-11,2024-Q4,Parasiticides,Simparica Trio,True,Retail,Region,South,2781668.23,99345
2024-11,2024-Q4,Parasiticides,Simparica Trio,True,Retail,Region,Midwest,1820390.5,65014
2024-11,2024-Q4,Parasiticides,Simparica Trio,True,Retail,Region,West,1863129.23,66540
2024-11,2024-Q4,Parasiticides,Simparica Trio,True,Retail,National,National,8333018.02,297608
2024-11,2024-Q4,Parasiticides,Simparica Trio,True,E-commerce,Region,Northeast,1111400.76,39693
2024-11,2024-Q4,Parasiticides,Simparica Trio,True,E-commerce,Region,South,1644936.76,58748
2024-11,2024-Q4,Parasiticides,Simparica Trio,True,E-commerce,Region,Midwest,996812.06,35600
2024-11,2024-Q4,Parasiticides,Simparica Trio,True,E-commerce,Region,West,1071380.8,38264
2024-11,2024-Q4,Parasiticides,Simparica Trio,True,E-commerce,National,National,4824530.38,172305
2024-12,2024-Q4,Parasiticides,Simparica Trio,True,Veterinary,Region,Northeast,2237304.92,79904
2024-12,2024-Q4,Parasiticides,Simparica Trio,True,Veterinary,Region,South,3397272.94,121331
2024-12,2024-Q4,Parasiticides,Simparica Trio,True,Veterinary,Region,Midwest,2090482.03,74660
2024-12,2024-Q4,Parasiticides,Simparica Trio,True,Veterinary,Region,West,2083328.23,74405
2024-12,2024-Q4,Parasiticides,Simparica Trio,True,Veterinary,National,National,9808388.11,350300
2024-12,2024-Q4,Parasiticides,Simparica Trio,True,Retail,Region,Northeast,1682577.99,60092
2024-12,2024-Q4,Parasiticides,Simparica Trio,True,Retail,Region,South,2588500.17,92446
2024-12,2024-Q4,Parasiticides,Simparica Trio,True,Retail,Region,Midwest,1546612.54,55236
2024-12,2024-Q4,Parasiticides,Simparica Trio,True,Retail,Region,West,1689906.74,60354
2024-12,2024-Q4,Parasiticides,Simparica Trio,True,Retail,National,National,7507597.44,268128
2024-12,2024-Q4,Parasiticides,Simparica Trio,True,E-commerce,Region,Northeast,992922.73,35462
2024-12,2024-Q4,Parasiticides,Simparica Trio,True,E-commerce,Region,South,1614034.37,57644
2024-12,2024-Q4,Parasiticides,Simparica Trio,True,E-commerce,Region,Midwest,917853.08,32780
2024-12,2024-Q4,Parasiticides,Simparica Trio,True,E-commerce,Region,West,1024804.05,36600
2024-12,2024-Q4,Parasiticides,Simparica Trio,True,E-commerce,National,National,4549614.22,162486
2025-01,2025-Q1,Parasiticides,Simparica Trio,True,Veterinary,Region,Northeast,2335914.61,83426
2025-01,2025-Q1,Parasiticides,Simparica Trio,True,Veterinary,Region,South,3619040.01,129251
2025-01,2025-Q1,Parasiticides,Simparica Trio,True,Veterinary,Region,Midwest,2266614.7,80951
2025-01,2025-Q1,Parasiticides,Simparica Trio,True,Veterinary,Region,West,2383048.21,85109
2025-01,2025-Q1,Parasiticides,Simparica Trio,True,Veterinary,National,National,10604617.53,378736
2025-01,2025-Q1,Parasiticides,Simparica Trio,True,Retail,Region,Northeast,1833692.52,65489
2025-01,2025-Q1,Parasiticides,Simparica Trio,True,Retail,Region,South,2713148.47,96898
2025-01,2025-Q1,Parasiticides,Simparica Trio,True,Retail,Region,Midwest,1785046.49,63752
2025-01,2025-Q1,Parasiticides,Simparica Trio,True,Retail,Region,West,1904657.49,68023
2025-01,2025-Q1,Parasiticides,Simparica Trio,True,Retail,National,National,8236544.98,294162
2025-01,2025-Q1,Parasiticides,Simparica Trio,True,E-commerce,Region,Northeast,1200541.93,42876
2025-01,2025-Q1,Parasiticides,Simparica Trio,True,E-commerce,Region,South,1751062.07,62538
2025-01,2025-Q1,Parasiticides,Simparica Trio,True,E-commerce,Region,Midwest,1116443.43,39873
2025-01,2025-Q1,Parasiticides,Simparica Trio,True,E-commerce,Region,West,1128719.16,40311
2025-01,2025-Q1,Parasiticides,Simparica Trio,True,E-commerce,National,National,5196766.59,185599
2025-02,2025-Q1,Parasiticides,Simparica Trio,True,Veterinary,Region,Northeast,2745078.92,98039
2025-02,2025-Q1,Parasiticides,Simparica Trio,True,Veterinary,Region,South,4421710.11,157918
2025-02,2025-Q1,Parasiticides,Simparica Trio,True,Veterinary,Region,Midwest,2464277.73,88010
2025-02,2025-Q1,Parasiticides,Simparica Trio,True,Veterinary,Region,West,2926770.09,104528
2025-02,2025-Q1,Parasiticides,Simparica Trio,True,Veterinary,National,National,12557836.86,448494
2025-02,2025-Q1,Parasiticides,Simparica Trio,True,Retail,Region,Northeast,2133474.55,76196
2025-02,2025-Q1,Parasiticides,Simparica Trio,True,Retail,Region,South,3388760.92,121027
2025-02,2025-Q1,Parasiticides,Simparica Trio,True,Retail,Region,Midwest,2043763.96,72992
2025-02,2025-Q1,Parasiticides,Simparica Trio,True,Retail,Region,West,2194994.37,78393
2025-02,2025-Q1,Parasiticides,Simparica Trio,True,Retail,National,National,9760993.81,348607
2025-02,2025-Q1,Parasiticides,Simparica Trio,True,E-commerce,Region,Northeast,1301818.43,46494
2025-02,2025-Q1,Parasiticides,Simparica Trio,True,E-commerce,Region,South,1967352.85,70263
2025-02,2025-Q1,Parasiticides,Simparica Trio,True,E-commerce,Region,Midwest,1269801.85,45350
2025-02,2025-Q1,Parasiticides,Simparica Trio,True,E-commerce,Region,West,1374678.07,49096
2025-02,2025-Q1,Parasiticides,Simparica Trio,True,E-commerce,National,National,5913651.2,211202
2025-03,2025-Q1,Parasiticides,Simparica Trio,True,Veterinary,Region,Northeast,3370012.16,120358
2025-03,2025-Q1,Parasiticides,Simparica Trio,True,Veterinary,Region,South,5356448.24,191302
2025-03,2025-Q1,Parasiticides,Simparica Trio,True,Veterinary,Region,Midwest,3122654.04,111523
2025-03,2025-Q1,Parasiticides,Simparica Trio,True,Veterinary,Region,West,3546404.01,126657
2025-03,2025-Q1,Parasiticides,Simparica Trio,True,Veterinary,National,National,15395518.44,549840
2025-03,2025-Q1,Parasiticides,Simparica Trio,True,Retail,Region,Northeast,2673448.2,95480
2025-03,2025-Q1,Parasiticides,Simparica Trio,True,Retail,Region,South,4200911.38,150033
2025-03,2025-Q1,Parasiticides,Simparica Trio,True,Retail,Region,Midwest,2642092.05,94360
2025-03,2025-Q1,Parasiticides,Simparica Trio,True,Retail,Region,West,2769568.78,98913
2025-03,2025-Q1,Parasiticides,Simparica Trio,True,Retail,National,National,12286020.41,438786
2025-03,2025-Q1,Parasiticides,Simparica Trio,True,E-commerce,Region,Northeast,1653775.72,59063
2025-03,2025-Q1,Parasiticides,Simparica Trio,True,E-commerce,Region,South,2680794.01,95743
2025-03,2025-Q1,Parasiticides,Simparica Trio,True,E-commerce,Region,Midwest,1658682.26,59239
2025-03,2025-Q1,Parasiticides,Simparica Trio,True,E-commerce,Region,West,1815292.68,64832
2025-03,2025-Q1,Parasiticides,Simparica Trio,True,E-commerce,National,National,7808544.67,278877
2025-04,2025-Q2,Parasiticides,Simparica Trio,True,Veterinary,Region,Northeast,3948017.29,141001
2025-04,2025-Q2,Parasiticides,Simparica Trio,True,Veterinary,Region,South,5916403.35,211300
2025-04,2025-Q2,Parasiticides,Simparica Trio,True,Veterinary,Region,Midwest,3721156.9,132898
2025-04,2025-Q2,Parasiticides,Simparica Trio,True,Veterinary,Region,West,4144320.45,148011
2025-04,2025-Q2,Parasiticides,Simparica Trio,True,Veterinary,National,National,17729898.01,633211
2025-04,2025-Q2,Parasiticides,Simparica Trio,True,Retail,Region,Northeast,3010773.99,107528
2025-04,2025-Q2,Parasiticides,Simparica Trio,True,Retail,Region,South,4608769.38,164599
2025-04,2025-Q2,Parasiticides,Simparica Trio,True,Retail,Region,Midwest,3004610.72,107308
2025-04,2025-Q2,Parasiticides,Simparica Trio,True,Retail,Region,West,3113726.72,111205
2025-04,2025-Q2,Parasiticides,Simparica Trio,True,Retail,National,National,13737880.81,490639
2025-04,2025-Q2,Parasiticides,Simparica Trio,True,E-commerce,Region,Northeast,1932081.56,69003
2025-04,2025-Q2,Parasiticides,Simparica Trio,True,E-commerce,Region,South,3022813.4,107958
2025-04,2025-Q2,Parasiticides,Simparica Trio,True,E-commerce,Region,Midwest,1943554.67,69413
2025-04,2025-Q2,Parasiticides,Simparica Trio,True,E-commerce,Region,West,2045256.77,73045
2025-04,2025-Q2,Parasiticides,Simparica Trio,True,E-commerce,National,National,8943706.4,319418
2025-05,2025-Q2,Parasiticides,Simparica Trio,True,Veterinary,Region,Northeast,4489454.32,160338
2025-05,2025-Q2,Parasiticides,Simparica Trio,True,Veterinary,Region,South,6594924.63,235533
2025-05,2025-Q2,Parasiticides,Simparica Trio,True,Veterinary,Region,Midwest,3922702.6,140097
2025-05,2025-Q2,Parasiticides,Simparica Trio,True,Veterinary,Region,West,4571685.64,163274
2025-05,2025-Q2,Parasiticides,Simparica Trio,True,Veterinary,National,National,19578767.19,699242
2025-05,2025-Q2,Parasiticides,Simparica Trio,True,Retail,Region,Northeast,3386636.61,120951
2025-05,2025-Q2,Parasiticides,Simparica Trio,True,Retail,Region,South,5103253.29,182259
2025-05,2025-Q2,Parasiticides,Simparica Trio,True,Retail,Region,Midwest,3294471.73,117660
2025-05,2025-Q2,Parasiticides,Simparica Trio,True,Retail,Region,West,3580432.27,127873
2025-05,2025-Q2,Parasiticides,Simparica Trio,True,Retail,National,National,15364793.89,548743
2025-05,2025-Q2,Parasiticides,Simparica Trio,True,E-commerce,Region,Northeast,2198074.55,78503
2025-05,2025-Q2,Parasiticides,Simparica Trio,True,E-commerce,Region,South,3555981.56,126999
2025-05,2025-Q2,Parasiticides,Simparica Trio,True,E-commerce,Region,Midwest,2149995.13,76786
2025-05,2025-Q2,Parasiticides,Simparica Trio,True,E-commerce,Region,West,2263307.04,80832
2025-05,2025-Q2,Parasiticides,Simparica Trio,True,E-commerce,National,National,10167358.28,363120
2025-06,2025-Q2,Parasiticides,Simparica Trio,True,Veterinary,Region,Northeast,4472434.3,159730
2025-06,2025-Q2,Parasiticides,Simparica Trio,True,Veterinary,Region,South,6766581.77,241664
2025-06,2025-Q2,Parasiticides,Simparica Trio,True,Veterinary,Region,Midwest,4342007.37,155072
2025-06,2025-Q2,Parasiticides,Simparica Trio,True,Veterinary,Region,West,4750636.44,169666
2025-06,2025-Q2,Parasiticides,Simparica Trio,True,Veterinary,National,National,20331659.87,726131
2025-06,2025-Q2,Parasiticides,Simparica Trio,True,Retail,Region,Northeast,3422884.84,122246
2025-06,2025-Q2,Parasiticides,Simparica Trio,True,Retail,Region,South,5447837.65,194566
2025-06,2025-Q2,Parasiticides,Simparica Trio,True,Retail,Region,Midwest,3426156.78,122363
2025-06,2025-Q2,Parasiticides,Simparica Trio,True,Retail,Region,West,3563708.04,127275
2025-06,2025-Q2,Parasiticides,Simparica Trio,True,Retail,National,National,15860587.32,566450
2025-06,2025-Q2,Parasiticides,Simparica Trio,True,E-commerce,Region,Northeast,2423903.54,86568
2025-06,2025-Q2,Parasiticides,Simparica Trio,True,E-commerce,Region,South,3704017.74,132286
2025-06,2025-Q2,Parasiticides,Simparica Trio,True,E-commerce,Region,Midwest,2443097.38,87253
2025-06,2025-Q2,Parasiticides,Simparica Trio,True,E-commerce,Region,West,2365474.61,84481
2025-06,2025-Q2,Parasiticides,Simparica Trio,True,E-commerce,National,National,10936493.27,390589
2025-07,2025-Q3,Parasiticides,Simparica Trio,True,Veterinary,Region,Northeast,4298415.1,153515
2025-07,2025-Q3,Parasiticides,Simparica Trio,True,Veterinary,Region,South,6684449.14,238730
2025-07,2025-Q3,Parasiticides,Simparica Trio,True,Veterinary,Region,Midwest,4377316.98,156333
2025-07,2025-Q3,Parasiticides,Simparica Trio,True,Veterinary,Region,West,4534300.02,161939
2025-07,2025-Q3,Parasiticides,Simparica Trio,True,Veterinary,National,National,19894481.25,710517
2025-07,2025-Q3,Parasiticides,Simparica Trio,True,Retail,Region,Northeast,3608957.01,128891
2025-07,2025-Q3,Parasiticides,Simparica Trio,True,Retail,Region,South,5156813.05,184172
2025-07,2025-Q3,Parasiticides,Simparica Trio,True,Retail,Region,Midwest,3261849.39,116495
2025-07,2025-Q3,Parasiticides,Simparica Trio,True,Retail,Region,West,3483267.3,124402
2025-07,2025-Q3,Parasiticides,Simparica Trio,True,Retail,National,National,15510886.75,553960
2025-07,2025-Q3,Parasiticides,Simparica Trio,True,E-commerce,Region,Northeast,2326293.61,83082
2025-07,2025-Q3,Parasiticides,Simparica Trio,True,E-commerce,Region,South,3678133.46,131362
2025-07,2025-Q3,Parasiticides,Simparica Trio,True,E-commerce,Region,Midwest,2248315.58,80297
2025-07,2025-Q3,Parasiticides,Simparica Trio,True,E-commerce,Region,West,2498580.41,89235
2025-07,2025-Q3,Parasiticides,Simparica Trio,True,E-commerce,National,National,10751323.05,383976
2025-08,2025-Q3,Parasiticides,Simparica Trio,True,Veterinary,Region,Northeast,3912721.37,139740
2025-08,2025-Q3,Parasiticides,Simparica Trio,True,Veterinary,Region,South,5675677.62,202703
2025-08,2025-Q3,Parasiticides,Simparica Trio,True,Veterinary,Region,Midwest,3707435.58,132408
2025-08,2025-Q3,Parasiticides,Simparica Trio,True,Veterinary,Region,West,3742174.86,133649
2025-08,2025-Q3,Parasiticides,Simparica Trio,True,Veterinary,National,National,17038009.42,608500
2025-08,2025-Q3,Parasiticides,Simparica Trio,True,Retail,Region,Northeast,2908775.67,103885
2025-08,2025-Q3,Parasiticides,Simparica Trio,True,Retail,Region,South,4879387.31,174264
2025-08,2025-Q3,Parasiticides,Simparica Trio,True,Retail,Region,Midwest,2680587.94,95735
2025-08,2025-Q3,Parasiticides,Simparica Trio,True,Retail,Region,West,2879307.86,102832
2025-08,2025-Q3,Parasiticides,Simparica Trio,True,Retail,National,National,13348058.79,476716
2025-08,2025-Q3,Parasiticides,Simparica Trio,True,E-commerce,Region,Northeast,2033600.49,72629
2025-08,2025-Q3,Parasiticides,Simparica Trio,True,E-commerce,Region,South,3240514.91,115733
2025-08,2025-Q3,Parasiticides,Simparica Trio,True,E-commerce,Region,Midwest,2014570.16,71949
2025-08,2025-Q3,Parasiticides,Simparica Trio,True,E-commerce,Region,West,2245147.73,80184
2025-08,2025-Q3,Parasiticides,Simparica Trio,True,E-commerce,National,National,9533833.29,340494
2025-09,2025-Q3,Parasiticides,Simparica Trio,True,Veterinary,Region,Northeast,3101631.64,110773
2025-09,2025-Q3,Parasiticides,Simparica Trio,True,Veterinary,Region,South,4969756.03,177491
2025-09,2025-Q3,Parasiticides,Simparica Trio,True,Veterinary,Region,Midwest,3225863.56,115209
2025-09,2025-Q3,Parasiticides,Simparica Trio,True,Veterinary,Region,West,3453935.99,123355
2025-09,2025-Q3,Parasiticides,Simparica Trio,True,Veterinary,National,National,14751187.21,526828
2025-09,2025-Q3,Parasiticides,Simparica Trio,True,Retail,Region,Northeast,2401338.41,85762
2025-09,2025-Q3,Parasiticides,Simparica Trio,True,Retail,Region,South,3938477.71,140660
2025-09,2025-Q3,Parasiticides,Simparica Trio,True,Retail,Region,Midwest,2537292.31,90618
2025-09,2025-Q3,Parasiticides,Simparica Trio,True,Retail,Region,West,2837218.39,101329
2025-09,2025-Q3,Parasiticides,Simparica Trio,True,Retail,National,National,11714326.81,418369
2025-09,2025-Q3,Parasiticides,Simparica Trio,True,E-commerce,Region,Northeast,1897917.67,67783
2025-09,2025-Q3,Parasiticides,Simparica Trio,True,E-commerce,Region,South,2911305.12,103975
2025-09,2025-Q3,Parasiticides,Simparica Trio,True,E-commerce,Region,Midwest,1715339.68,61262
2025-09,2025-Q3,Parasiticides,Simparica Trio,True,E-commerce,Region,West,1901943.24,67927
2025-09,2025-Q3,Parasiticides,Simparica Trio,True,E-commerce,National,National,8426505.7,300947
2025-10,2025-Q4,Parasiticides,Simparica Trio,True,Veterinary,Region,Northeast,2741691.73,97918
2025-10,2025-Q4,Parasiticides,Simparica Trio,True,Veterinary,Region,South,4246800.53,151671
2025-10,2025-Q4,Parasiticides,Simparica Trio,True,Veterinary,Region,Midwest,2541163.01,90756
2025-10,2025-Q4,Parasiticides,Simparica Trio,True,Veterinary,Region,West,2726106.12,97361
2025-10,2025-Q4,Parasiticides,Simparica Trio,True,Veterinary,National,National,12255761.4,437706
2025-10,2025-Q4,Parasiticides,Simparica Trio,True,Retail,Region,Northeast,2070056.98,73931
2025-10,2025-Q4,Parasiticides,Simparica Trio,True,Retail,Region,South,3161916.35,112926
2025-10,2025-Q4,Parasiticides,Simparica Trio,True,Retail,Region,Midwest,2062222.85,73651
2025-10,2025-Q4,Parasiticides,Simparica Trio,True,Retail,Region,West,2062143.68,73648
2025-10,2025-Q4,Parasiticides,Simparica Trio,True,Retail,National,National,9356339.86,334155
2025-10,2025-Q4,Parasiticides,Simparica Trio,True,E-commerce,Region,Northeast,1566011.45,55929
2025-10,2025-Q4,Parasiticides,Simparica Trio,True,E-commerce,Region,South,2477635.61,88487
2025-10,2025-Q4,Parasiticides,Simparica Trio,True,E-commerce,Region,Midwest,1578869.65,56388
2025-10,2025-Q4,Parasiticides,Simparica Trio,True,E-commerce,Region,West,1657265.63,59188
2025-10,2025-Q4,Parasiticides,Simparica Trio,True,E-commerce,National,National,7279782.35,259992
2025-11,2025-Q4,Parasiticides,Simparica Trio,True,Veterinary,Region,Northeast,2294114.66,81933
2025-11,2025-Q4,Parasiticides,Simparica Trio,True,Veterinary,Region,South,3508266.91,125295
2025-11,2025-Q4,Parasiticides,Simparica Trio,True,Veterinary,Region,Midwest,2171525.84,77554
2025-11,2025-Q4,Parasiticides,Simparica Trio,True,Veterinary,Region,West,2538675.38,90667
2025-11,2025-Q4,Parasiticides,Simparica Trio,True,Veterinary,National,National,10512582.79,375449
2025-11,2025-Q4,Parasiticides,Simparica Trio,True,Retail,Region,Northeast,1880703.49,67168
2025-11,2025-Q4,Parasiticides,Simparica Trio,True,Retail,Region,South,2863628.63,102272
2025-11,2025-Q4,Parasiticides,Simparica Trio,True,Retail,Region,Midwest,1917384.5,68478
2025-11,2025-Q4,Parasiticides,Simparica Trio,True,Retail,Region,West,1907391.27,68121
2025-11,2025-Q4,Parasiticides,Simparica Trio,True,Retail,National,National,8569107.88,306040
2025-11,2025-Q4,Parasiticides,Simparica Trio,True,E-commerce,Region,Northeast,1415774.52,50563
2025-11,2025-Q4,Parasiticides,Simparica Trio,True,E-commerce,Region,South,2167860.67,77424
2025-11,2025-Q4,Parasiticides,Simparica Trio,True,E-commerce,Region,Midwest,1317898.57,47068
2025-11,2025-Q4,Parasiticides,Simparica Trio,True,E-commerce,Region,West,1554053.12,55502
2025-11,2025-Q4,Parasiticides,Simparica Trio,True,E-commerce,National,National,6455586.88,230557
2025-12,2025-Q4,Parasiticides,Simparica Trio,True,Veterinary,Region,Northeast,2092460.19,74731
2025-12,2025-Q4,Parasiticides,Simparica Trio,True,Veterinary,Region,South,3335030.61,119108
2025-12,2025-Q4,Parasiticides,Simparica Trio,True,Veterinary,Region,Midwest,2111671.73,75417
2025-12,2025-Q4,Parasiticides,Simparica Trio,True,Veterinary,Region,West,2337091.46,83468
2025-12,2025-Q4,Parasiticides,Simparica Trio,True,Veterinary,National,National,9876253.99,352723
2025-12,2025-Q4,Parasiticides,Simparica Trio,True,Retail,Region,Northeast,1652174.49,59006
2025-12,2025-Q4,Parasiticides,Simparica Trio,True,Retail,Region,South,2480945.42,88605
2025-12,2025-Q4,Parasiticides,Simparica Trio,True,Retail,Region,Midwest,1549566.35,55342
2025-12,2025-Q4,Parasiticides,Simparica Trio,True,Retail,Region,West,1796253.03,64152
2025-12,2025-Q4,Parasiticides,Simparica Trio,True,Retail,National,National,7478939.29,267105
2025-12,2025-Q4,Parasiticides,Simparica Trio,True,E-commerce,Region,Northeast,1331860.49,47566
2025-12,2025-Q4,Parasiticides,Simparica Trio,True,E-commerce,Region,South,2086105.89,74504
2025-12,2025-Q4,Parasiticides,Simparica Trio,True,E-commerce,Region,Midwest,1245823.44,44494
2025-12,2025-Q4,Parasiticides,Simparica Trio,True,E-commerce,Region,West,1345426.33,48051
2025-12,2025-Q4,Parasiticides,Simparica Trio,True,E-commerce,National,National,6009216.15,214615
2026-01,2026-Q1,Parasiticides,Simparica Trio,True,Veterinary,Region,Northeast,2199751.59,78563
2026-01,2026-Q1,Parasiticides,Simparica Trio,True,Veterinary,Region,South,3403743.25,121562
2026-01,2026-Q1,Parasiticides,Simparica Trio,True,Veterinary,Region,Midwest,2141169.04,76470
2026-01,2026-Q1,Parasiticides,Simparica Trio,True,Veterinary,Region,West,2331276.24,83260
2026-01,2026-Q1,Parasiticides,Simparica Trio,True,Veterinary,National,National,10075940.11,359855
2026-01,2026-Q1,Parasiticides,Simparica Trio,True,Retail,Region,Northeast,1711277.88,61117
2026-01,2026-Q1,Parasiticides,Simparica Trio,True,Retail,Region,South,2767588.66,98842
2026-01,2026-Q1,Parasiticides,Simparica Trio,True,Retail,Region,Midwest,1636171.2,58435
2026-01,2026-Q1,Parasiticides,Simparica Trio,True,Retail,Region,West,1763685.77,62989
2026-01,2026-Q1,Parasiticides,Simparica Trio,True,Retail,National,National,7878723.51,281383
2026-01,2026-Q1,Parasiticides,Simparica Trio,True,E-commerce,Region,Northeast,1339865.16,47852
2026-01,2026-Q1,Parasiticides,Simparica Trio,True,E-commerce,Region,South,2066647.17,73809
2026-01,2026-Q1,Parasiticides,Simparica Trio,True,E-commerce,Region,Midwest,1214837.89,43387
2026-01,2026-Q1,Parasiticides,Simparica Trio,True,E-commerce,Region,West,1429665.0,51059
2026-01,2026-Q1,Parasiticides,Simparica Trio,True,E-commerce,National,National,6051015.23,216108
2026-02,2026-Q1,Parasiticides,Simparica Trio,True,Veterinary,Region,Northeast,2667728.48,95276
2026-02,2026-Q1,Parasiticides,Simparica Trio,True,Veterinary,Region,South,4078890.48,145675
2026-02,2026-Q1,Parasiticides,Simparica Trio,True,Veterinary,Region,Midwest,2603162.8,92970
2026-02,2026-Q1,Parasiticides,Simparica Trio,True,Veterinary,Region,West,2964860.89,105888
2026-02,2026-Q1,Parasiticides,Simparica Trio,True,Veterinary,National,National,12314642.65,439809
2026-02,2026-Q1,Parasiticides,Simparica Trio,True,Retail,Region,Northeast,2138460.5,76374
2026-02,2026-Q1,Parasiticides,Simparica Trio,True,Retail,Region,South,3250832.42,116101
2026-02,2026-Q1,Parasiticides,Simparica Trio,True,Retail,Region,Midwest,2002740.41,71526
2026-02,2026-Q1,Parasiticides,Simparica Trio,True,Retail,Region,West,2228427.23,79587
2026-02,2026-Q1,Parasiticides,Simparica Trio,True,Retail,National,National,9620460.57,343588
2026-02,2026-Q1,Parasiticides,Simparica Trio,True,E-commerce,Region,Northeast,1655940.72,59141
2026-02,2026-Q1,Parasiticides,Simparica Trio,True,E-commerce,Region,South,2650117.49,94647
2026-02,2026-Q1,Parasiticides,Simparica Trio,True,E-commerce,Region,Midwest,1646027.11,58787
2026-02,2026-Q1,Parasiticides,Simparica Trio,True,E-commerce,Region,West,1899073.05,67824
2026-02,2026-Q1,Parasiticides,Simparica Trio,True,E-commerce,National,National,7851158.36,280399
2026-03,2026-Q1,Parasiticides,Simparica Trio,True,Veterinary,Region,Northeast,3412202.64,121864
2026-03,2026-Q1,Parasiticides,Simparica Trio,True,Veterinary,Region,South,5005343.94,178762
2026-03,2026-Q1,Parasiticides,Simparica Trio,True,Veterinary,Region,Midwest,3222594.89,115093
2026-03,2026-Q1,Parasiticides,Simparica Trio,True,Veterinary,Region,West,3341704.49,119347
2026-03,2026-Q1,Parasiticides,Simparica Trio,True,Veterinary,National,National,14981845.96,535066
2026-03,2026-Q1,Parasiticides,Simparica Trio,True,Retail,Region,Northeast,2651827.64,94708
2026-03,2026-Q1,Parasiticides,Simparica Trio,True,Retail,Region,South,4111285.37,146832
2026-03,2026-Q1,Parasiticides,Simparica Trio,True,Retail,Region,Midwest,2450159.29,87506
2026-03,2026-Q1,Parasiticides,Simparica Trio,True,Retail,Region,West,2911408.25,103979
2026-03,2026-Q1,Parasiticides,Simparica Trio,True,Retail,National,National,12124680.55,433024
2026-03,2026-Q1,Parasiticides,Simparica Trio,True,E-commerce,Region,Northeast,2193398.83,78336
2026-03,2026-Q1,Parasiticides,Simparica Trio,True,E-commerce,Region,South,3142807.85,112243
2026-03,2026-Q1,Parasiticides,Simparica Trio,True,E-commerce,Region,Midwest,2092802.52,74743
2026-03,2026-Q1,Parasiticides,Simparica Trio,True,E-commerce,Region,West,2227162.71,79542
2026-03,2026-Q1,Parasiticides,Simparica Trio,True,E-commerce,National,National,9656171.92,344863
2024-04,2024-Q2,Parasiticides,VectraGuard,False,Veterinary,Region,Northeast,2522897.5,97035
2024-04,2024-Q2,Parasiticides,VectraGuard,False,Veterinary,Region,South,3890344.72,149629
2024-04,2024-Q2,Parasiticides,VectraGuard,False,Veterinary,Region,Midwest,2229742.5,85759
2024-04,2024-Q2,Parasiticides,VectraGuard,False,Veterinary,Region,West,2510836.24,96571
2024-04,2024-Q2,Parasiticides,VectraGuard,False,Veterinary,National,National,11153820.95,428993
2024-04,2024-Q2,Parasiticides,VectraGuard,False,Retail,Region,Northeast,2303345.29,88590
2024-04,2024-Q2,Parasiticides,VectraGuard,False,Retail,Region,South,3614884.54,139034
2024-04,2024-Q2,Parasiticides,VectraGuard,False,Retail,Region,Midwest,2271527.55,87366
2024-04,2024-Q2,Parasiticides,VectraGuard,False,Retail,Region,West,2480804.11,95416
2024-04,2024-Q2,Parasiticides,VectraGuard,False,Retail,National,National,10670561.48,410406
2024-04,2024-Q2,Parasiticides,VectraGuard,False,E-commerce,Region,Northeast,1111760.79,42760
2024-04,2024-Q2,Parasiticides,VectraGuard,False,E-commerce,Region,South,1873361.84,72052
2024-04,2024-Q2,Parasiticides,VectraGuard,False,E-commerce,Region,Midwest,1065950.71,40998
2024-04,2024-Q2,Parasiticides,VectraGuard,False,E-commerce,Region,West,1298641.97,49948
2024-04,2024-Q2,Parasiticides,VectraGuard,False,E-commerce,National,National,5349715.31,205758
2024-05,2024-Q2,Parasiticides,VectraGuard,False,Veterinary,Region,Northeast,2669118.0,102658
2024-05,2024-Q2,Parasiticides,VectraGuard,False,Veterinary,Region,South,4528768.5,174183
2024-05,2024-Q2,Parasiticides,VectraGuard,False,Veterinary,Region,Midwest,2689076.32,103426
2024-05,2024-Q2,Parasiticides,VectraGuard,False,Veterinary,Region,West,2725432.69,104824
2024-05,2024-Q2,Parasiticides,VectraGuard,False,Veterinary,National,National,12612395.51,485092
2024-05,2024-Q2,Parasiticides,VectraGuard,False,Retail,Region,Northeast,2537780.94,97607
2024-05,2024-Q2,Parasiticides,VectraGuard,False,Retail,Region,South,3802521.05,146251
2024-05,2024-Q2,Parasiticides,VectraGuard,False,Retail,Region,Midwest,2409303.8,92666
2024-05,2024-Q2,Parasiticides,VectraGuard,False,Retail,Region,West,2593276.58,99741
2024-05,2024-Q2,Parasiticides,VectraGuard,False,Retail,National,National,11342882.36,436265
2024-05,2024-Q2,Parasiticides,VectraGuard,False,E-commerce,Region,Northeast,1411772.95,54299
2024-05,2024-Q2,Parasiticides,VectraGuard,False,E-commerce,Region,South,2006012.45,77154
2024-05,2024-Q2,Parasiticides,VectraGuard,False,E-commerce,Region,Midwest,1306595.5,50254
2024-05,2024-Q2,Parasiticides,VectraGuard,False,E-commerce,Region,West,1494685.45,57488
2024-05,2024-Q2,Parasiticides,VectraGuard,False,E-commerce,National,National,6219066.35,239195
2024-06,2024-Q2,Parasiticides,VectraGuard,False,Veterinary,Region,Northeast,2809404.24,108054
2024-06,2024-Q2,Parasiticides,VectraGuard,False,Veterinary,Region,South,4340687.31,166950
2024-06,2024-Q2,Parasiticides,VectraGuard,False,Veterinary,Region,Midwest,2609724.68,100374
2024-06,2024-Q2,Parasiticides,VectraGuard,False,Veterinary,Region,West,2975389.51,114438
2024-06,2024-Q2,Parasiticides,VectraGuard,False,Veterinary,National,National,12735205.74,489816
2024-06,2024-Q2,Parasiticides,VectraGuard,False,Retail,Region,Northeast,2564109.83,98620
2024-06,2024-Q2,Parasiticides,VectraGuard,False,Retail,Region,South,3839340.47,147667
2024-06,2024-Q2,Parasiticides,VectraGuard,False,Retail,Region,Midwest,2569457.56,98825
2024-06,2024-Q2,Parasiticides,VectraGuard,False,Retail,Region,West,2736354.89,105244
2024-06,2024-Q2,Parasiticides,VectraGuard,False,Retail,National,National,11709262.75,450356
2024-06,2024-Q2,Parasiticides,VectraGuard,False,E-commerce,Region,Northeast,1403502.88,53981
2024-06,2024-Q2,Parasiticides,VectraGuard,False,E-commerce,Region,South,2138340.48,82244
2024-06,2024-Q2,Parasiticides,VectraGuard,False,E-commerce,Region,Midwest,1314774.05,50568
2024-06,2024-Q2,Parasiticides,VectraGuard,False,E-commerce,Region,West,1529149.15,58813
2024-06,2024-Q2,Parasiticides,VectraGuard,False,E-commerce,National,National,6385766.56,245606
2024-07,2024-Q3,Parasiticides,VectraGuard,False,Veterinary,Region,Northeast,2759785.16,106146
2024-07,2024-Q3,Parasiticides,VectraGuard,False,Veterinary,Region,South,4183853.94,160917
2024-07,2024-Q3,Parasiticides,VectraGuard,False,Veterinary,Region,Midwest,2646577.19,101791
2024-07,2024-Q3,Parasiticides,VectraGuard,False,Veterinary,Region,West,2836100.76,109081
2024-07,2024-Q3,Parasiticides,VectraGuard,False,Veterinary,National,National,12426317.06,477935
2024-07,2024-Q3,Parasiticides,VectraGuard,False,Retail,Region,Northeast,2565894.76,98688
2024-07,2024-Q3,Parasiticides,VectraGuard,False,Retail,Region,South,3855330.9,148282
2024-07,2024-Q3,Parasiticides,VectraGuard,False,Retail,Region,Midwest,2453984.93,94384
2024-07,2024-Q3,Parasiticides,VectraGuard,False,Retail,Region,West,2675330.14,102897
2024-07,2024-Q3,Parasiticides,VectraGuard,False,Retail,National,National,11550540.73,444252
2024-07,2024-Q3,Parasiticides,VectraGuard,False,E-commerce,Region,Northeast,1411085.84,54273
2024-07,2024-Q3,Parasiticides,VectraGuard,False,E-commerce,Region,South,2131978.04,81999
2024-07,2024-Q3,Parasiticides,VectraGuard,False,E-commerce,Region,Midwest,1313552.05,50521
2024-07,2024-Q3,Parasiticides,VectraGuard,False,E-commerce,Region,West,1447507.28,55673
2024-07,2024-Q3,Parasiticides,VectraGuard,False,E-commerce,National,National,6304123.2,242466
2024-08,2024-Q3,Parasiticides,VectraGuard,False,Veterinary,Region,Northeast,2466983.11,94884
2024-08,2024-Q3,Parasiticides,VectraGuard,False,Veterinary,Region,South,3710893.61,142727
2024-08,2024-Q3,Parasiticides,VectraGuard,False,Veterinary,Region,Midwest,2403343.77,92436
2024-08,2024-Q3,Parasiticides,VectraGuard,False,Veterinary,Region,West,2685719.97,103297
2024-08,2024-Q3,Parasiticides,VectraGuard,False,Veterinary,National,National,11266940.46,433344
2024-08,2024-Q3,Parasiticides,VectraGuard,False,Retail,Region,Northeast,2231086.24,85811
2024-08,2024-Q3,Parasiticides,VectraGuard,False,Retail,Region,South,3285526.0,126366
2024-08,2024-Q3,Parasiticides,VectraGuard,False,Retail,Region,Midwest,2103773.33,80914
2024-08,2024-Q3,Parasiticides,VectraGuard,False,Retail,Region,West,2325536.84,89444
2024-08,2024-Q3,Parasiticides,VectraGuard,False,Retail,National,National,9945922.41,382535
2024-08,2024-Q3,Parasiticides,VectraGuard,False,E-commerce,Region,Northeast,1229742.03,47298
2024-08,2024-Q3,Parasiticides,VectraGuard,False,E-commerce,Region,South,1974391.49,75938
2024-08,2024-Q3,Parasiticides,VectraGuard,False,E-commerce,Region,Midwest,1239287.83,47665
2024-08,2024-Q3,Parasiticides,VectraGuard,False,E-commerce,Region,West,1327182.68,51045
2024-08,2024-Q3,Parasiticides,VectraGuard,False,E-commerce,National,National,5770604.03,221946
2024-09,2024-Q3,Parasiticides,VectraGuard,False,Veterinary,Region,Northeast,2001129.25,76967
2024-09,2024-Q3,Parasiticides,VectraGuard,False,Veterinary,Region,South,3334320.3,128243
2024-09,2024-Q3,Parasiticides,VectraGuard,False,Veterinary,Region,Midwest,1945300.6,74819
2024-09,2024-Q3,Parasiticides,VectraGuard,False,Veterinary,Region,West,2087518.59,80289
2024-09,2024-Q3,Parasiticides,VectraGuard,False,Veterinary,National,National,9368268.75,360318
2024-09,2024-Q3,Parasiticides,VectraGuard,False,Retail,Region,Northeast,1889261.4,72664
2024-09,2024-Q3,Parasiticides,VectraGuard,False,Retail,Region,South,3037340.05,116821
2024-09,2024-Q3,Parasiticides,VectraGuard,False,Retail,Region,Midwest,1786326.73,68705
2024-09,2024-Q3,Parasiticides,VectraGuard,False,Retail,Region,West,2026357.11,77937
2024-09,2024-Q3,Parasiticides,VectraGuard,False,Retail,National,National,8739285.29,336126
2024-09,2024-Q3,Parasiticides,VectraGuard,False,E-commerce,Region,Northeast,1152433.11,44324
2024-09,2024-Q3,Parasiticides,VectraGuard,False,E-commerce,Region,South,1782143.24,68544
2024-09,2024-Q3,Parasiticides,VectraGuard,False,E-commerce,Region,Midwest,1121746.73,43144
2024-09,2024-Q3,Parasiticides,VectraGuard,False,E-commerce,Region,West,1159597.93,44600
2024-09,2024-Q3,Parasiticides,VectraGuard,False,E-commerce,National,National,5215921.02,200612
2024-10,2024-Q4,Parasiticides,VectraGuard,False,Veterinary,Region,Northeast,1706357.64,65629
2024-10,2024-Q4,Parasiticides,VectraGuard,False,Veterinary,Region,South,2669215.65,102662
2024-10,2024-Q4,Parasiticides,VectraGuard,False,Veterinary,Region,Midwest,1728351.27,66475
2024-10,2024-Q4,Parasiticides,VectraGuard,False,Veterinary,Region,West,1872468.7,72018
2024-10,2024-Q4,Parasiticides,VectraGuard,False,Veterinary,National,National,7976393.27,306784
2024-10,2024-Q4,Parasiticides,VectraGuard,False,Retail,Region,Northeast,1641408.84,63131
2024-10,2024-Q4,Parasiticides,VectraGuard,False,Retail,Region,South,2445900.24,94073
2024-10,2024-Q4,Parasiticides,VectraGuard,False,Retail,Region,Midwest,1593099.35,61273
2024-10,2024-Q4,Parasiticides,VectraGuard,False,Retail,Region,West,1683460.46,64748
2024-10,2024-Q4,Parasiticides,VectraGuard,False,Retail,National,National,7363868.89,283226
2024-10,2024-Q4,Parasiticides,VectraGuard,False,E-commerce,Region,Northeast,962672.16,37026
2024-10,2024-Q4,Parasiticides,VectraGuard,False,E-commerce,Region,South,1500424.49,57709
2024-10,2024-Q4,Parasiticides,VectraGuard,False,E-commerce,Region,Midwest,952098.42,36619
2024-10,2024-Q4,Parasiticides,VectraGuard,False,E-commerce,Region,West,969254.26,37279
2024-10,2024-Q4,Parasiticides,VectraGuard,False,E-commerce,National,National,4384449.33,168633
2024-11,2024-Q4,Parasiticides,VectraGuard,False,Veterinary,Region,Northeast,1456118.14,56005
2024-11,2024-Q4,Parasiticides,VectraGuard,False,Veterinary,Region,South,2199427.42,84593
2024-11,2024-Q4,Parasiticides,VectraGuard,False,Veterinary,Region,Midwest,1425730.22,54836
2024-11,2024-Q4,Parasiticides,VectraGuard,False,Veterinary,Region,West,1542183.28,59315
2024-11,2024-Q4,Parasiticides,VectraGuard,False,Veterinary,National,National,6623459.06,254748
2024-11,2024-Q4,Parasiticides,VectraGuard,False,Retail,Region,Northeast,1344069.8,51695
2024-11,2024-Q4,Parasiticides,VectraGuard,False,Retail,Region,South,2073153.66,79737
2024-11,2024-Q4,Parasiticides,VectraGuard,False,Retail,Region,Midwest,1333995.0,51307
2024-11,2024-Q4,Parasiticides,VectraGuard,False,Retail,Region,West,1366101.3,52542
2024-11,2024-Q4,Parasiticides,VectraGuard,False,Retail,National,National,6117319.76,235282
2024-11,2024-Q4,Parasiticides,VectraGuard,False,E-commerce,Region,Northeast,835248.47,32125
2024-11,2024-Q4,Parasiticides,VectraGuard,False,E-commerce,Region,South,1279165.54,49199
2024-11,2024-Q4,Parasiticides,VectraGuard,False,E-commerce,Region,Midwest,807006.85,31039
2024-11,2024-Q4,Parasiticides,VectraGuard,False,E-commerce,Region,West,887602.16,34139
2024-11,2024-Q4,Parasiticides,VectraGuard,False,E-commerce,National,National,3809023.03,146501
2024-12,2024-Q4,Parasiticides,VectraGuard,False,Veterinary,Region,Northeast,1382597.63,53177
2024-12,2024-Q4,Parasiticides,VectraGuard,False,Veterinary,Region,South,2080528.62,80020
2024-12,2024-Q4,Parasiticides,VectraGuard,False,Veterinary,Region,Midwest,1264239.34,48625
2024-12,2024-Q4,Parasiticides,VectraGuard,False,Veterinary,Region,West,1347074.57,51811
2024-12,2024-Q4,Parasiticides,VectraGuard,False,Veterinary,National,National,6074440.16,233632
2024-12,2024-Q4,Parasiticides,VectraGuard,False,Retail,Region,Northeast,1299395.65,49977
2024-12,2024-Q4,Parasiticides,VectraGuard,False,Retail,Region,South,1996734.66,76797
2024-12,2024-Q4,Parasiticides,VectraGuard,False,Retail,Region,Midwest,1266881.83,48726
2024-12,2024-Q4,Parasiticides,VectraGuard,False,Retail,Region,West,1299848.62,49994
2024-12,2024-Q4,Parasiticides,VectraGuard,False,Retail,National,National,5862860.75,225495
2024-12,2024-Q4,Parasiticides,VectraGuard,False,E-commerce,Region,Northeast,801101.35,30812
2024-12,2024-Q4,Parasiticides,VectraGuard,False,E-commerce,Region,South,1234907.05,47496
2024-12,2024-Q4,Parasiticides,VectraGuard,False,E-commerce,Region,Midwest,762073.83,29311
2024-12,2024-Q4,Parasiticides,VectraGuard,False,E-commerce,Region,West,837112.66,32197
2024-12,2024-Q4,Parasiticides,VectraGuard,False,E-commerce,National,National,3635194.89,139815
2025-01,2025-Q1,Parasiticides,VectraGuard,False,Veterinary,Region,Northeast,1411862.0,54302
2025-01,2025-Q1,Parasiticides,VectraGuard,False,Veterinary,Region,South,2170995.59,83500
2025-01,2025-Q1,Parasiticides,VectraGuard,False,Veterinary,Region,Midwest,1359739.21,52298
2025-01,2025-Q1,Parasiticides,VectraGuard,False,Veterinary,Region,West,1537596.39,59138
2025-01,2025-Q1,Parasiticides,VectraGuard,False,Veterinary,National,National,6480193.2,249238
2025-01,2025-Q1,Parasiticides,VectraGuard,False,Retail,Region,Northeast,1306576.89,50253
2025-01,2025-Q1,Parasiticides,VectraGuard,False,Retail,Region,South,2036553.53,78329
2025-01,2025-Q1,Parasiticides,VectraGuard,False,Retail,Region,Midwest,1259606.28,48446
2025-01,2025-Q1,Parasiticides,VectraGuard,False,Retail,Region,West,1459521.75,56135
2025-01,2025-Q1,Parasiticides,VectraGuard,False,Retail,National,National,6062258.45,233164
2025-01,2025-Q1,Parasiticides,VectraGuard,False,E-commerce,Region,Northeast,803594.7,30907
2025-01,2025-Q1,Parasiticides,VectraGuard,False,E-commerce,Region,South,1329043.61,51117
2025-01,2025-Q1,Parasiticides,VectraGuard,False,E-commerce,Region,Midwest,773387.99,29746
2025-01,2025-Q1,Parasiticides,VectraGuard,False,E-commerce,Region,West,817515.7,31443
2025-01,2025-Q1,Parasiticides,VectraGuard,False,E-commerce,National,National,3723541.99,143213
2025-02,2025-Q1,Parasiticides,VectraGuard,False,Veterinary,Region,Northeast,1547099.59,59504
2025-02,2025-Q1,Parasiticides,VectraGuard,False,Veterinary,Region,South,2574367.81,99014
2025-02,2025-Q1,Parasiticides,VectraGuard,False,Veterinary,Region,Midwest,1500506.22,57712
2025-02,2025-Q1,Parasiticides,VectraGuard,False,Veterinary,Region,West,1675854.75,64456
2025-02,2025-Q1,Parasiticides,VectraGuard,False,Veterinary,National,National,7297828.37,280686
2025-02,2025-Q1,Parasiticides,VectraGuard,False,Retail,Region,Northeast,1501408.7,57746
2025-02,2025-Q1,Parasiticides,VectraGuard,False,Retail,Region,South,2448348.16,94167
2025-02,2025-Q1,Parasiticides,VectraGuard,False,Retail,Region,Midwest,1435904.95,55227
2025-02,2025-Q1,Parasiticides,VectraGuard,False,Retail,Region,West,1690717.45,65028
2025-02,2025-Q1,Parasiticides,VectraGuard,False,Retail,National,National,7076379.25,272168
2025-02,2025-Q1,Parasiticides,VectraGuard,False,E-commerce,Region,Northeast,989745.47,38067
2025-02,2025-Q1,Parasiticides,VectraGuard,False,E-commerce,Region,South,1540403.57,59246
2025-02,2025-Q1,Parasiticides,VectraGuard,False,E-commerce,Region,Midwest,977354.33,37591
2025-02,2025-Q1,Parasiticides,VectraGuard,False,E-commerce,Region,West,1067299.2,41050
2025-02,2025-Q1,Parasiticides,VectraGuard,False,E-commerce,National,National,4574802.57,175954
2025-03,2025-Q1,Parasiticides,VectraGuard,False,Veterinary,Region,Northeast,2095585.91,80599
2025-03,2025-Q1,Parasiticides,VectraGuard,False,Veterinary,Region,South,3110046.66,119617
2025-03,2025-Q1,Parasiticides,VectraGuard,False,Veterinary,Region,Midwest,1959627.71,75370
2025-03,2025-Q1,Parasiticides,VectraGuard,False,Veterinary,Region,West,2145443.67,82517
2025-03,2025-Q1,Parasiticides,VectraGuard,False,Veterinary,National,National,9310703.95,358104
2025-03,2025-Q1,Parasiticides,VectraGuard,False,Retail,Region,Northeast,2070283.37,79626
2025-03,2025-Q1,Parasiticides,VectraGuard,False,Retail,Region,South,3167471.04,121826
2025-03,2025-Q1,Parasiticides,VectraGuard,False,Retail,Region,Midwest,1927182.77,74122
2025-03,2025-Q1,Parasiticides,VectraGuard,False,Retail,Region,West,2173574.17,83599
2025-03,2025-Q1,Parasiticides,VectraGuard,False,Retail,National,National,9338511.36,359174
2025-03,2025-Q1,Parasiticides,VectraGuard,False,E-commerce,Region,Northeast,1334071.2,51310
2025-03,2025-Q1,Parasiticides,VectraGuard,False,E-commerce,Region,South,2086399.66,80246
2025-03,2025-Q1,Parasiticides,VectraGuard,False,E-commerce,Region,Midwest,1300963.82,50037
2025-03,2025-Q1,Parasiticides,VectraGuard,False,E-commerce,Region,West,1482151.27,57006
2025-03,2025-Q1,Parasiticides,VectraGuard,False,E-commerce,National,National,6203585.95,238599
2025-04,2025-Q2,Parasiticides,VectraGuard,False,Veterinary,Region,Northeast,2345621.12,90216
2025-04,2025-Q2,Parasiticides,VectraGuard,False,Veterinary,Region,South,3548660.44,136487
2025-04,2025-Q2,Parasiticides,VectraGuard,False,Veterinary,Region,Midwest,2309388.07,88823
2025-04,2025-Q2,Parasiticides,VectraGuard,False,Veterinary,Region,West,2434630.81,93640
2025-04,2025-Q2,Parasiticides,VectraGuard,False,Veterinary,National,National,10638300.43,409165
2025-04,2025-Q2,Parasiticides,VectraGuard,False,Retail,Region,Northeast,2339953.06,89998
2025-04,2025-Q2,Parasiticides,VectraGuard,False,Retail,Region,South,3375187.8,129815
2025-04,2025-Q2,Parasiticides,VectraGuard,False,Retail,Region,Midwest,2279985.26,87692
2025-04,2025-Q2,Parasiticides,VectraGuard,False,Retail,Region,West,2324596.53,89408
2025-04,2025-Q2,Parasiticides,VectraGuard,False,Retail,National,National,10319722.66,396912
2025-04,2025-Q2,Parasiticides,VectraGuard,False,E-commerce,Region,Northeast,1543524.4,59366
2025-04,2025-Q2,Parasiticides,VectraGuard,False,E-commerce,Region,South,2519968.83,96922
2025-04,2025-Q2,Parasiticides,VectraGuard,False,E-commerce,Region,Midwest,1448150.62,55698
2025-04,2025-Q2,Parasiticides,VectraGuard,False,E-commerce,Region,West,1648276.39,63395
2025-04,2025-Q2,Parasiticides,VectraGuard,False,E-commerce,National,National,7159920.24,275382
2025-05,2025-Q2,Parasiticides,VectraGuard,False,Veterinary,Region,Northeast,2547912.88,97997
2025-05,2025-Q2,Parasiticides,VectraGuard,False,Veterinary,Region,South,4222826.87,162416
2025-05,2025-Q2,Parasiticides,VectraGuard,False,Veterinary,Region,Midwest,2619938.69,100767
2025-05,2025-Q2,Parasiticides,VectraGuard,False,Veterinary,Region,West,2583566.72,99368
2025-05,2025-Q2,Parasiticides,VectraGuard,False,Veterinary,National,National,11974245.15,460548
2025-05,2025-Q2,Parasiticides,VectraGuard,False,Retail,Region,Northeast,2471614.7,95062
2025-05,2025-Q2,Parasiticides,VectraGuard,False,Retail,Region,South,4090185.12,157315
2025-05,2025-Q2,Parasiticides,VectraGuard,False,Retail,Region,Midwest,2370069.28,91157
2025-05,2025-Q2,Parasiticides,VectraGuard,False,Retail,Region,West,2669893.61,102688
2025-05,2025-Q2,Parasiticides,VectraGuard,False,Retail,National,National,11601762.71,446222
2025-05,2025-Q2,Parasiticides,VectraGuard,False,E-commerce,Region,Northeast,1804774.07,69414
2025-05,2025-Q2,Parasiticides,VectraGuard,False,E-commerce,Region,South,2836064.92,109079
2025-05,2025-Q2,Parasiticides,VectraGuard,False,E-commerce,Region,Midwest,1704575.77,65561
2025-05,2025-Q2,Parasiticides,VectraGuard,False,E-commerce,Region,West,1884873.49,72495
2025-05,2025-Q2,Parasiticides,VectraGuard,False,E-commerce,National,National,8230288.24,316550
2025-06,2025-Q2,Parasiticides,VectraGuard,False,Veterinary,Region,Northeast,2766187.57,106392
2025-06,2025-Q2,Parasiticides,VectraGuard,False,Veterinary,Region,South,4054304.09,155935
2025-06,2025-Q2,Parasiticides,VectraGuard,False,Veterinary,Region,Midwest,2567807.16,98762
2025-06,2025-Q2,Parasiticides,VectraGuard,False,Veterinary,Region,West,2741254.08,105433
2025-06,2025-Q2,Parasiticides,VectraGuard,False,Veterinary,National,National,12129552.9,466521
2025-06,2025-Q2,Parasiticides,VectraGuard,False,Retail,Region,Northeast,2646411.84,101785
2025-06,2025-Q2,Parasiticides,VectraGuard,False,Retail,Region,South,4056337.54,156013
2025-06,2025-Q2,Parasiticides,VectraGuard,False,Retail,Region,Midwest,2505815.46,96378
2025-06,2025-Q2,Parasiticides,VectraGuard,False,Retail,Region,West,2674029.0,102847
2025-06,2025-Q2,Parasiticides,VectraGuard,False,Retail,National,National,11882593.85,457023
2025-06,2025-Q2,Parasiticides,VectraGuard,False,E-commerce,Region,Northeast,1915620.89,73678
2025-06,2025-Q2,Parasiticides,VectraGuard,False,E-commerce,Region,South,3014079.85,115926
2025-06,2025-Q2,Parasiticides,VectraGuard,False,E-commerce,Region,Midwest,1798905.31,69189
2025-06,2025-Q2,Parasiticides,VectraGuard,False,E-commerce,Region,West,1998934.57,76882
2025-06,2025-Q2,Parasiticides,VectraGuard,False,E-commerce,National,National,8727540.63,335675
2025-07,2025-Q3,Parasiticides,VectraGuard,False,Veterinary,Region,Northeast,2716277.04,104472
2025-07,2025-Q3,Parasiticides,VectraGuard,False,Veterinary,Region,South,4121349.76,158513
2025-07,2025-Q3,Parasiticides,VectraGuard,False,Veterinary,Region,Midwest,2538645.38,97640
2025-07,2025-Q3,Parasiticides,VectraGuard,False,Veterinary,Region,West,2834441.33,109017
2025-07,2025-Q3,Parasiticides,VectraGuard,False,Veterinary,National,National,12210713.5,469643
2025-07,2025-Q3,Parasiticides,VectraGuard,False,Retail,Region,Northeast,2641901.93,101612
2025-07,2025-Q3,Parasiticides,VectraGuard,False,Retail,Region,South,3955477.91,152134
2025-07,2025-Q3,Parasiticides,VectraGuard,False,Retail,Region,Midwest,2518419.25,96862
2025-07,2025-Q3,Parasiticides,VectraGuard,False,Retail,Region,West,2600145.71,100006
2025-07,2025-Q3,Parasiticides,VectraGuard,False,Retail,National,National,11715944.8,450613
2025-07,2025-Q3,Parasiticides,VectraGuard,False,E-commerce,Region,Northeast,1905159.41,73275
2025-07,2025-Q3,Parasiticides,VectraGuard,False,E-commerce,Region,South,2981378.22,114668
2025-07,2025-Q3,Parasiticides,VectraGuard,False,E-commerce,Region,Midwest,1886326.35,72551
2025-07,2025-Q3,Parasiticides,VectraGuard,False,E-commerce,Region,West,2001151.01,76967
2025-07,2025-Q3,Parasiticides,VectraGuard,False,E-commerce,National,National,8774014.98,337462
2025-08,2025-Q3,Parasiticides,VectraGuard,False,Veterinary,Region,Northeast,2376020.25,91385
2025-08,2025-Q3,Parasiticides,VectraGuard,False,Veterinary,Region,South,3559341.58,136898
2025-08,2025-Q3,Parasiticides,VectraGuard,False,Veterinary,Region,Midwest,2172023.26,83539
2025-08,2025-Q3,Parasiticides,VectraGuard,False,Veterinary,Region,West,2411794.84,92761
2025-08,2025-Q3,Parasiticides,VectraGuard,False,Veterinary,National,National,10519179.92,404584
2025-08,2025-Q3,Parasiticides,VectraGuard,False,Retail,Region,Northeast,2289553.9,88060
2025-08,2025-Q3,Parasiticides,VectraGuard,False,Retail,Region,South,3759762.59,144606
2025-08,2025-Q3,Parasiticides,VectraGuard,False,Retail,Region,Midwest,2264688.06,87103
2025-08,2025-Q3,Parasiticides,VectraGuard,False,Retail,Region,West,2538622.1,97639
2025-08,2025-Q3,Parasiticides,VectraGuard,False,Retail,National,National,10852626.65,417409
2025-08,2025-Q3,Parasiticides,VectraGuard,False,E-commerce,Region,Northeast,1761815.74,67762
2025-08,2025-Q3,Parasiticides,VectraGuard,False,E-commerce,Region,South,2801916.02,107766
2025-08,2025-Q3,Parasiticides,VectraGuard,False,E-commerce,Region,Midwest,1731407.86,66593
2025-08,2025-Q3,Parasiticides,VectraGuard,False,E-commerce,Region,West,1802268.57,69318
2025-08,2025-Q3,Parasiticides,VectraGuard,False,E-commerce,National,National,8097408.18,311439
2025-09,2025-Q3,Parasiticides,VectraGuard,False,Veterinary,Region,Northeast,1933690.24,74373
2025-09,2025-Q3,Parasiticides,VectraGuard,False,Veterinary,Region,South,2889259.42,111125
2025-09,2025-Q3,Parasiticides,VectraGuard,False,Veterinary,Region,Midwest,1913776.04,73607
2025-09,2025-Q3,Parasiticides,VectraGuard,False,Veterinary,Region,West,2127693.63,81834
2025-09,2025-Q3,Parasiticides,VectraGuard,False,Veterinary,National,National,8864419.32,340939
2025-09,2025-Q3,Parasiticides,VectraGuard,False,Retail,Region,Northeast,1988394.5,76477
2025-09,2025-Q3,Parasiticides,VectraGuard,False,Retail,Region,South,3028090.3,116465
2025-09,2025-Q3,Parasiticides,VectraGuard,False,Retail,Region,Midwest,1960507.58,75404
2025-09,2025-Q3,Parasiticides,VectraGuard,False,Retail,Region,West,1932909.29,74343
2025-09,2025-Q3,Parasiticides,VectraGuard,False,Retail,National,National,8909901.67,342689
2025-09,2025-Q3,Parasiticides,VectraGuard,False,E-commerce,Region,Northeast,1499525.1,57674
2025-09,2025-Q3,Parasiticides,VectraGuard,False,E-commerce,Region,South,2315083.39,89042
2025-09,2025-Q3,Parasiticides,VectraGuard,False,E-commerce,Region,Midwest,1399400.96,53823
2025-09,2025-Q3,Parasiticides,VectraGuard,False,E-commerce,Region,West,1624482.7,62480
2025-09,2025-Q3,Parasiticides,VectraGuard,False,E-commerce,National,National,6838492.15,263019
2025-10,2025-Q4,Parasiticides,VectraGuard,False,Veterinary,Region,Northeast,1640838.28,63109
2025-10,2025-Q4,Parasiticides,VectraGuard,False,Veterinary,Region,South,2549217.96,98047
2025-10,2025-Q4,Parasiticides,VectraGuard,False,Veterinary,Region,Midwest,1560246.48,60009
2025-10,2025-Q4,Parasiticides,VectraGuard,False,Veterinary,Region,West,1702404.64,65477
2025-10,2025-Q4,Parasiticides,VectraGuard,False,Veterinary,National,National,7452707.35,286643
2025-10,2025-Q4,Parasiticides,VectraGuard,False,Retail,Region,Northeast,1619817.76,62301
2025-10,2025-Q4,Parasiticides,VectraGuard,False,Retail,Region,South,2713483.08,104365
2025-10,2025-Q4,Parasiticides,VectraGuard,False,Retail,Region,Midwest,1658982.6,63807
2025-10,2025-Q4,Parasiticides,VectraGuard,False,Retail,Region,West,1804827.64,69416
2025-10,2025-Q4,Parasiticides,VectraGuard,False,Retail,National,National,7797111.08,299889
2025-10,2025-Q4,Parasiticides,VectraGuard,False,E-commerce,Region,Northeast,1245353.63,47898
2025-10,2025-Q4,Parasiticides,VectraGuard,False,E-commerce,Region,South,2114192.71,81315
2025-10,2025-Q4,Parasiticides,VectraGuard,False,E-commerce,Region,Midwest,1302112.55,50081
2025-10,2025-Q4,Parasiticides,VectraGuard,False,E-commerce,Region,West,1353749.61,52067
2025-10,2025-Q4,Parasiticides,VectraGuard,False,E-commerce,National,National,6015408.49,231362
2025-11,2025-Q4,Parasiticides,VectraGuard,False,Veterinary,Region,Northeast,1304185.95,50161
2025-11,2025-Q4,Parasiticides,VectraGuard,False,Veterinary,Region,South,2095332.16,80590
2025-11,2025-Q4,Parasiticides,VectraGuard,False,Veterinary,Region,Midwest,1243118.56,47812
2025-11,2025-Q4,Parasiticides,VectraGuard,False,Veterinary,Region,West,1398416.67,53785
2025-11,2025-Q4,Parasiticides,VectraGuard,False,Veterinary,National,National,6041053.35,232348
2025-11,2025-Q4,Parasiticides,VectraGuard,False,Retail,Region,Northeast,1420091.56,54619
2025-11,2025-Q4,Parasiticides,VectraGuard,False,Retail,Region,South,2029204.29,78046
2025-11,2025-Q4,Parasiticides,VectraGuard,False,Retail,Region,Midwest,1391656.83,53525
2025-11,2025-Q4,Parasiticides,VectraGuard,False,Retail,Region,West,1505260.36,57895
2025-11,2025-Q4,Parasiticides,VectraGuard,False,Retail,National,National,6346213.03,244085
2025-11,2025-Q4,Parasiticides,VectraGuard,False,E-commerce,Region,Northeast,1029536.77,39598
2025-11,2025-Q4,Parasiticides,VectraGuard,False,E-commerce,Region,South,1582349.92,60860
2025-11,2025-Q4,Parasiticides,VectraGuard,False,E-commerce,Region,Midwest,1011939.42,38921
2025-11,2025-Q4,Parasiticides,VectraGuard,False,E-commerce,Region,West,1083240.09,41663
2025-11,2025-Q4,Parasiticides,VectraGuard,False,E-commerce,National,National,4707066.21,181041
2025-12,2025-Q4,Parasiticides,VectraGuard,False,Veterinary,Region,Northeast,1161371.39,44668
2025-12,2025-Q4,Parasiticides,VectraGuard,False,Veterinary,Region,South,1932149.23,74313
2025-12,2025-Q4,Parasiticides,VectraGuard,False,Veterinary,Region,Midwest,1266621.79,48716
2025-12,2025-Q4,Parasiticides,VectraGuard,False,Veterinary,Region,West,1271986.21,48923
2025-12,2025-Q4,Parasiticides,VectraGuard,False,Veterinary,National,National,5632128.62,216620
2025-12,2025-Q4,Parasiticides,VectraGuard,False,Retail,Region,Northeast,1291912.23,49689
2025-12,2025-Q4,Parasiticides,VectraGuard,False,Retail,Region,South,1923121.72,73966
2025-12,2025-Q4,Parasiticides,VectraGuard,False,Retail,Region,Midwest,1267181.8,48738
2025-12,2025-Q4,Parasiticides,VectraGuard,False,Retail,Region,West,1352586.26,52023
2025-12,2025-Q4,Parasiticides,VectraGuard,False,Retail,National,National,5834802.01,224415
2025-12,2025-Q4,Parasiticides,VectraGuard,False,E-commerce,Region,Northeast,1090837.6,41955
2025-12,2025-Q4,Parasiticides,VectraGuard,False,E-commerce,Region,South,1602972.61,61653
2025-12,2025-Q4,Parasiticides,VectraGuard,False,E-commerce,Region,Midwest,972979.26,37422
2025-12,2025-Q4,Parasiticides,VectraGuard,False,E-commerce,Region,West,1095467.12,42133
2025-12,2025-Q4,Parasiticides,VectraGuard,False,E-commerce,National,National,4762256.58,183164
2026-01,2026-Q1,Parasiticides,VectraGuard,False,Veterinary,Region,Northeast,1282537.46,49328
2026-01,2026-Q1,Parasiticides,VectraGuard,False,Veterinary,Region,South,2083782.92,80145
2026-01,2026-Q1,Parasiticides,VectraGuard,False,Veterinary,Region,Midwest,1268797.17,48800
2026-01,2026-Q1,Parasiticides,VectraGuard,False,Veterinary,Region,West,1403933.64,53997
2026-01,2026-Q1,Parasiticides,VectraGuard,False,Veterinary,National,National,6039051.18,232271
2026-01,2026-Q1,Parasiticides,VectraGuard,False,Retail,Region,Northeast,1408850.09,54187
2026-01,2026-Q1,Parasiticides,VectraGuard,False,Retail,Region,South,2120099.78,81542
2026-01,2026-Q1,Parasiticides,VectraGuard,False,Retail,Region,Midwest,1346651.36,51794
2026-01,2026-Q1,Parasiticides,VectraGuard,False,Retail,Region,West,1532411.09,58939
2026-01,2026-Q1,Parasiticides,VectraGuard,False,Retail,National,National,6408012.32,246462
2026-01,2026-Q1,Parasiticides,VectraGuard,False,E-commerce,Region,Northeast,1084609.01,41716
2026-01,2026-Q1,Parasiticides,VectraGuard,False,E-commerce,Region,South,1824208.55,70162
2026-01,2026-Q1,Parasiticides,VectraGuard,False,E-commerce,Region,Midwest,1063098.3,40888
2026-01,2026-Q1,Parasiticides,VectraGuard,False,E-commerce,Region,West,1145914.16,44074
2026-01,2026-Q1,Parasiticides,VectraGuard,False,E-commerce,National,National,5117830.02,196840
2026-02,2026-Q1,Parasiticides,VectraGuard,False,Veterinary,Region,Northeast,1674647.16,64410
2026-02,2026-Q1,Parasiticides,VectraGuard,False,Veterinary,Region,South,2682019.77,103155
2026-02,2026-Q1,Parasiticides,VectraGuard,False,Veterinary,Region,Midwest,1630153.95,62698
2026-02,2026-Q1,Parasiticides,VectraGuard,False,Veterinary,Region,West,1654801.66,63646
2026-02,2026-Q1,Parasiticides,VectraGuard,False,Veterinary,National,National,7641622.55,293909
2026-02,2026-Q1,Parasiticides,VectraGuard,False,Retail,Region,Northeast,1757642.49,67602
2026-02,2026-Q1,Parasiticides,VectraGuard,False,Retail,Region,South,2663892.39,102457
2026-02,2026-Q1,Parasiticides,VectraGuard,False,Retail,Region,Midwest,1604398.6,61708
2026-02,2026-Q1,Parasiticides,VectraGuard,False,Retail,Region,West,1733584.33,66676
2026-02,2026-Q1,Parasiticides,VectraGuard,False,Retail,National,National,7759517.81,298443
2026-02,2026-Q1,Parasiticides,VectraGuard,False,E-commerce,Region,Northeast,1439198.68,55354
2026-02,2026-Q1,Parasiticides,VectraGuard,False,E-commerce,Region,South,2256676.57,86795
2026-02,2026-Q1,Parasiticides,VectraGuard,False,E-commerce,Region,Midwest,1385629.24,53293
2026-02,2026-Q1,Parasiticides,VectraGuard,False,E-commerce,Region,West,1486251.29,57164
2026-02,2026-Q1,Parasiticides,VectraGuard,False,E-commerce,National,National,6567755.78,252606
2026-03,2026-Q1,Parasiticides,VectraGuard,False,Veterinary,Region,Northeast,1830258.02,70395
2026-03,2026-Q1,Parasiticides,VectraGuard,False,Veterinary,Region,South,2866331.22,110244
2026-03,2026-Q1,Parasiticides,VectraGuard,False,Veterinary,Region,Midwest,1744569.49,67099
2026-03,2026-Q1,Parasiticides,VectraGuard,False,Veterinary,Region,West,1959804.53,75377
2026-03,2026-Q1,Parasiticides,VectraGuard,False,Veterinary,National,National,8400963.27,323114
2026-03,2026-Q1,Parasiticides,VectraGuard,False,Retail,Region,Northeast,1995673.23,76757
2026-03,2026-Q1,Parasiticides,VectraGuard,False,Retail,Region,South,3003381.63,115515
2026-03,2026-Q1,Parasiticides,VectraGuard,False,Retail,Region,Midwest,1892999.18,72808
2026-03,2026-Q1,Parasiticides,VectraGuard,False,Retail,Region,West,2040196.85,78469
2026-03,2026-Q1,Parasiticides,VectraGuard,False,Retail,National,National,8932250.89,343548
2026-03,2026-Q1,Parasiticides,VectraGuard,False,E-commerce,Region,Northeast,1663980.4,63999
2026-03,2026-Q1,Parasiticides,VectraGuard,False,E-commerce,Region,South,2611077.3,100426
2026-03,2026-Q1,Parasiticides,VectraGuard,False,E-commerce,Region,Midwest,1597046.94,61425
2026-03,2026-Q1,Parasiticides,VectraGuard,False,E-commerce,Region,West,1764493.45,67865
2026-03,2026-Q1,Parasiticides,VectraGuard,False,E-commerce,National,National,7636598.09,293715
2024-04,2024-Q2,Parasiticides,TickShield Plus,False,Veterinary,Region,Northeast,1837949.99,76581
2024-04,2024-Q2,Parasiticides,TickShield Plus,False,Veterinary,Region,South,2896962.33,120707
2024-04,2024-Q2,Parasiticides,TickShield Plus,False,Veterinary,Region,Midwest,1808701.06,75363
2024-04,2024-Q2,Parasiticides,TickShield Plus,False,Veterinary,Region,West,1850398.78,77100
2024-04,2024-Q2,Parasiticides,TickShield Plus,False,Veterinary,National,National,8394012.15,349751
2024-04,2024-Q2,Parasiticides,TickShield Plus,False,Retail,Region,Northeast,1690048.55,70419
2024-04,2024-Q2,Parasiticides,TickShield Plus,False,Retail,Region,South,2693561.78,112232
2024-04,2024-Q2,Parasiticides,TickShield Plus,False,Retail,Region,Midwest,1596957.94,66540
2024-04,2024-Q2,Parasiticides,TickShield Plus,False,Retail,Region,West,1753472.75,73061
2024-04,2024-Q2,Parasiticides,TickShield Plus,False,Retail,National,National,7734041.02,322252
2024-04,2024-Q2,Parasiticides,TickShield Plus,False,E-commerce,Region,Northeast,897235.06,37385
2024-04,2024-Q2,Parasiticides,TickShield Plus,False,E-commerce,Region,South,1378290.08,57429
2024-04,2024-Q2,Parasiticides,TickShield Plus,False,E-commerce,Region,Midwest,862134.84,35922
2024-04,2024-Q2,Parasiticides,TickShield Plus,False,E-commerce,Region,West,927521.98,38647
2024-04,2024-Q2,Parasiticides,TickShield Plus,False,E-commerce,National,National,4065181.96,169383
2024-05,2024-Q2,Parasiticides,TickShield Plus,False,Veterinary,Region,Northeast,2081297.81,86721
2024-05,2024-Q2,Parasiticides,TickShield Plus,False,Veterinary,Region,South,3277027.26,136543
2024-05,2024-Q2,Parasiticides,TickShield Plus,False,Veterinary,Region,Midwest,2110931.03,87955
2024-05,2024-Q2,Parasiticides,TickShield Plus,False,Veterinary,Region,West,2214557.71,92273
2024-05,2024-Q2,Parasiticides,TickShield Plus,False,Veterinary,National,National,9683813.81,403492
2024-05,2024-Q2,Parasiticides,TickShield Plus,False,Retail,Region,Northeast,1930186.74,80424
2024-05,2024-Q2,Parasiticides,TickShield Plus,False,Retail,Region,South,2953969.02,123082
2024-05,2024-Q2,Parasiticides,TickShield Plus,False,Retail,Region,Midwest,1895547.17,78981
2024-05,2024-Q2,Parasiticides,TickShield Plus,False,Retail,Region,West,1976175.6,82341
2024-05,2024-Q2,Parasiticides,TickShield Plus,False,Retail,National,National,8755878.53,364828
2024-05,2024-Q2,Parasiticides,TickShield Plus,False,E-commerce,Region,Northeast,1074202.42,44758
2024-05,2024-Q2,Parasiticides,TickShield Plus,False,E-commerce,Region,South,1570565.94,65440
2024-05,2024-Q2,Parasiticides,TickShield Plus,False,E-commerce,Region,Midwest,966438.05,40268
2024-05,2024-Q2,Parasiticides,TickShield Plus,False,E-commerce,Region,West,1099923.6,45830
2024-05,2024-Q2,Parasiticides,TickShield Plus,False,E-commerce,National,National,4711130.01,196297
2024-06,2024-Q2,Parasiticides,TickShield Plus,False,Veterinary,Region,Northeast,2218893.36,92454
2024-06,2024-Q2,Parasiticides,TickShield Plus,False,Veterinary,Region,South,3507200.56,146133
2024-06,2024-Q2,Parasiticides,TickShield Plus,False,Veterinary,Region,Midwest,2073316.23,86388
2024-06,2024-Q2,Parasiticides,TickShield Plus,False,Veterinary,Region,West,2329783.88,97074
2024-06,2024-Q2,Parasiticides,TickShield Plus,False,Veterinary,National,National,10129194.03,422050
2024-06,2024-Q2,Parasiticides,TickShield Plus,False,Retail,Region,Northeast,1959087.43,81629
2024-06,2024-Q2,Parasiticides,TickShield Plus,False,Retail,Region,South,3230218.68,134592
2024-06,2024-Q2,Parasiticides,TickShield Plus,False,Retail,Region,Midwest,1958989.32,81625
2024-06,2024-Q2,Parasiticides,TickShield Plus,False,Retail,Region,West,2139499.37,89146
2024-06,2024-Q2,Parasiticides,TickShield Plus,False,Retail,National,National,9287794.79,386991
2024-06,2024-Q2,Parasiticides,TickShield Plus,False,E-commerce,Region,Northeast,1117468.79,46561
2024-06,2024-Q2,Parasiticides,TickShield Plus,False,E-commerce,Region,South,1676844.09,69869
2024-06,2024-Q2,Parasiticides,TickShield Plus,False,E-commerce,Region,Midwest,1050279.04,43762
2024-06,2024-Q2,Parasiticides,TickShield Plus,False,E-commerce,Region,West,1179202.73,49133
2024-06,2024-Q2,Parasiticides,TickShield Plus,False,E-commerce,National,National,5023794.66,209325
2024-07,2024-Q3,Parasiticides,TickShield Plus,False,Veterinary,Region,Northeast,2116767.75,88199
2024-07,2024-Q3,Parasiticides,TickShield Plus,False,Veterinary,Region,South,3126308.31,130263
2024-07,2024-Q3,Parasiticides,TickShield Plus,False,Veterinary,Region,Midwest,2024014.5,84334
2024-07,2024-Q3,Parasiticides,TickShield Plus,False,Veterinary,Region,West,2159032.67,89960
2024-07,2024-Q3,Parasiticides,TickShield Plus,False,Veterinary,National,National,9426123.23,392755
2024-07,2024-Q3,Parasiticides,TickShield Plus,False,Retail,Region,Northeast,1880111.91,78338
2024-07,2024-Q3,Parasiticides,TickShield Plus,False,Retail,Region,South,2989296.16,124554
2024-07,2024-Q3,Parasiticides,TickShield Plus,False,Retail,Region,Midwest,1751626.93,72984
2024-07,2024-Q3,Parasiticides,TickShield Plus,False,Retail,Region,West,2074175.11,86424
2024-07,2024-Q3,Parasiticides,TickShield Plus,False,Retail,National,National,8695210.11,362300
2024-07,2024-Q3,Parasiticides,TickShield Plus,False,E-commerce,Region,Northeast,1125046.21,46877
2024-07,2024-Q3,Parasiticides,TickShield Plus,False,E-commerce,Region,South,1692655.56,70527
2024-07,2024-Q3,Parasiticides,TickShield Plus,False,E-commerce,Region,Midwest,1015923.44,42330
2024-07,2024-Q3,Parasiticides,TickShield Plus,False,E-commerce,Region,West,1114343.77,46431
2024-07,2024-Q3,Parasiticides,TickShield Plus,False,E-commerce,National,National,4947968.98,206165
2024-08,2024-Q3,Parasiticides,TickShield Plus,False,Veterinary,Region,Northeast,1752235.89,73010
2024-08,2024-Q3,Parasiticides,TickShield Plus,False,Veterinary,Region,South,2936156.73,122340
2024-08,2024-Q3,Parasiticides,TickShield Plus,False,Veterinary,Region,Midwest,1839696.49,76654
2024-08,2024-Q3,Parasiticides,TickShield Plus,False,Veterinary,Region,West,1957042.86,81543
2024-08,2024-Q3,Parasiticides,TickShield Plus,False,Veterinary,National,National,8485131.97,353547
2024-08,2024-Q3,Parasiticides,TickShield Plus,False,Retail,Region,Northeast,1726073.24,71920
2024-08,2024-Q3,Parasiticides,TickShield Plus,False,Retail,Region,South,2722510.5,113438
2024-08,2024-Q3,Parasiticides,TickShield Plus,False,Retail,Region,Midwest,1690013.56,70417
2024-08,2024-Q3,Parasiticides,TickShield Plus,False,Retail,Region,West,1891823.71,78826
2024-08,2024-Q3,Parasiticides,TickShield Plus,False,Retail,National,National,8030421.01,334601
2024-08,2024-Q3,Parasiticides,TickShield Plus,False,E-commerce,Region,Northeast,1012140.23,42173
2024-08,2024-Q3,Parasiticides,TickShield Plus,False,E-commerce,Region,South,1531003.85,63792
2024-08,2024-Q3,Parasiticides,TickShield Plus,False,E-commerce,Region,Midwest,952239.0,39677
2024-08,2024-Q3,Parasiticides,TickShield Plus,False,E-commerce,Region,West,1063335.51,44306
2024-08,2024-Q3,Parasiticides,TickShield Plus,False,E-commerce,National,National,4558718.59,189947
2024-09,2024-Q3,Parasiticides,TickShield Plus,False,Veterinary,Region,Northeast,1641139.75,68381
2024-09,2024-Q3,Parasiticides,TickShield Plus,False,Veterinary,Region,South,2480049.78,103335
2024-09,2024-Q3,Parasiticides,TickShield Plus,False,Veterinary,Region,Midwest,1540451.69,64185
2024-09,2024-Q3,Parasiticides,TickShield Plus,False,Veterinary,Region,West,1623432.51,67643
2024-09,2024-Q3,Parasiticides,TickShield Plus,False,Veterinary,National,National,7285073.73,303545
2024-09,2024-Q3,Parasiticides,TickShield Plus,False,Retail,Region,Northeast,1561410.15,65059
2024-09,2024-Q3,Parasiticides,TickShield Plus,False,Retail,Region,South,2291863.26,95494
2024-09,2024-Q3,Parasiticides,TickShield Plus,False,Retail,Region,Midwest,1421221.61,59218
2024-09,2024-Q3,Parasiticides,TickShield Plus,False,Retail,Region,West,1520570.69,63357
2024-09,2024-Q3,Parasiticides,TickShield Plus,False,Retail,National,National,6795065.71,283128
2024-09,2024-Q3,Parasiticides,TickShield Plus,False,E-commerce,Region,Northeast,882026.76,36751
2024-09,2024-Q3,Parasiticides,TickShield Plus,False,E-commerce,Region,South,1434489.25,59770
2024-09,2024-Q3,Parasiticides,TickShield Plus,False,E-commerce,Region,Midwest,836881.1,34870
2024-09,2024-Q3,Parasiticides,TickShield Plus,False,E-commerce,Region,West,904038.68,37668
2024-09,2024-Q3,Parasiticides,TickShield Plus,False,E-commerce,National,National,4057435.78,169060
2024-10,2024-Q4,Parasiticides,TickShield Plus,False,Veterinary,Region,Northeast,1311897.02,54662
2024-10,2024-Q4,Parasiticides,TickShield Plus,False,Veterinary,Region,South,2075002.82,86458
2024-10,2024-Q4,Parasiticides,TickShield Plus,False,Veterinary,Region,Midwest,1293324.01,53889
2024-10,2024-Q4,Parasiticides,TickShield Plus,False,Veterinary,Region,West,1385358.35,57723
2024-10,2024-Q4,Parasiticides,TickShield Plus,False,Veterinary,National,National,6065582.21,252733
2024-10,2024-Q4,Parasiticides,TickShield Plus,False,Retail,Region,Northeast,1196151.1,49840
2024-10,2024-Q4,Parasiticides,TickShield Plus,False,Retail,Region,South,1916340.0,79847
2024-10,2024-Q4,Parasiticides,TickShield Plus,False,Retail,Region,Midwest,1205863.88,50244
2024-10,2024-Q4,Parasiticides,TickShield Plus,False,Retail,Region,West,1278423.02,53268
2024-10,2024-Q4,Parasiticides,TickShield Plus,False,Retail,National,National,5596778.0,233199
2024-10,2024-Q4,Parasiticides,TickShield Plus,False,E-commerce,Region,Northeast,718429.43,29935
2024-10,2024-Q4,Parasiticides,TickShield Plus,False,E-commerce,Region,South,1198720.35,49947
2024-10,2024-Q4,Parasiticides,TickShield Plus,False,E-commerce,Region,Midwest,707751.53,29490
2024-10,2024-Q4,Parasiticides,TickShield Plus,False,E-commerce,Region,West,775298.14,32304
2024-10,2024-Q4,Parasiticides,TickShield Plus,False,E-commerce,National,National,3400199.46,141675
2024-11,2024-Q4,Parasiticides,TickShield Plus,False,Veterinary,Region,Northeast,1146045.18,47752
2024-11,2024-Q4,Parasiticides,TickShield Plus,False,Veterinary,Region,South,1731636.02,72152
2024-11,2024-Q4,Parasiticides,TickShield Plus,False,Veterinary,Region,Midwest,1050539.65,43772
2024-11,2024-Q4,Parasiticides,TickShield Plus,False,Veterinary,Region,West,1185992.85,49416
2024-11,2024-Q4,Parasiticides,TickShield Plus,False,Veterinary,National,National,5114213.7,213092
2024-11,2024-Q4,Parasiticides,TickShield Plus,False,Retail,Region,Northeast,1118267.06,46594
2024-11,2024-Q4,Parasiticides,TickShield Plus,False,Retail,Region,South,1691248.79,70469
2024-11,2024-Q4,Parasiticides,TickShield Plus,False,Retail,Region,Midwest,1023086.42,42629
2024-11,2024-Q4,Parasiticides,TickShield Plus,False,Retail,Region,West,1061371.98,44224
2024-11,2024-Q4,Parasiticides,TickShield Plus,False,Retail,National,National,4893974.25,203916
2024-11,2024-Q4,Parasiticides,TickShield Plus,False,E-commerce,Region,Northeast,720340.5,30014
2024-11,2024-Q4,Parasiticides,TickShield Plus,False,E-commerce,Region,South,964639.68,40193
2024-11,2024-Q4,Parasiticides,TickShield Plus,False,E-commerce,Region,Midwest,611137.51,25464
2024-11,2024-Q4,Parasiticides,TickShield Plus,False,E-commerce,Region,West,662678.72,27612
2024-11,2024-Q4,Parasiticides,TickShield Plus,False,E-commerce,National,National,2958796.42,123283
2024-12,2024-Q4,Parasiticides,TickShield Plus,False,Veterinary,Region,Northeast,1079468.54,44978
2024-12,2024-Q4,Parasiticides,TickShield Plus,False,Veterinary,Region,South,1576963.59,65707
2024-12,2024-Q4,Parasiticides,TickShield Plus,False,Veterinary,Region,Midwest,1025741.73,42739
2024-12,2024-Q4,Parasiticides,TickShield Plus,False,Veterinary,Region,West,1132770.3,47199
2024-12,2024-Q4,Parasiticides,TickShield Plus,False,Veterinary,National,National,4814944.17,200623
2024-12,2024-Q4,Parasiticides,TickShield Plus,False,Retail,Region,Northeast,1004338.98,41847
2024-12,2024-Q4,Parasiticides,TickShield Plus,False,Retail,Region,South,1509767.39,62907
2024-12,2024-Q4,Parasiticides,TickShield Plus,False,Retail,Region,Midwest,946881.77,39453
2024-12,2024-Q4,Parasiticides,TickShield Plus,False,Retail,Region,West,1046226.28,43593
2024-12,2024-Q4,Parasiticides,TickShield Plus,False,Retail,National,National,4507214.42,187801
2024-12,2024-Q4,Parasiticides,TickShield Plus,False,E-commerce,Region,Northeast,638634.34,26610
2024-12,2024-Q4,Parasiticides,TickShield Plus,False,E-commerce,Region,South,970924.0,40455
2024-12,2024-Q4,Parasiticides,TickShield Plus,False,E-commerce,Region,Midwest,622626.74,25943
2024-12,2024-Q4,Parasiticides,TickShield Plus,False,E-commerce,Region,West,648193.79,27008
2024-12,2024-Q4,Parasiticides,TickShield Plus,False,E-commerce,National,National,2880378.86,120016
2025-01,2025-Q1,Parasiticides,TickShield Plus,False,Veterinary,Region,Northeast,1040656.27,43361
2025-01,2025-Q1,Parasiticides,TickShield Plus,False,Veterinary,Region,South,1711329.44,71305
2025-01,2025-Q1,Parasiticides,TickShield Plus,False,Veterinary,Region,Midwest,998420.06,41601
2025-01,2025-Q1,Parasiticides,TickShield Plus,False,Veterinary,Region,West,1190773.44,49616
2025-01,2025-Q1,Parasiticides,TickShield Plus,False,Veterinary,National,National,4941179.21,205882
2025-01,2025-Q1,Parasiticides,TickShield Plus,False,Retail,Region,Northeast,1034051.47,43085
2025-01,2025-Q1,Parasiticides,TickShield Plus,False,Retail,Region,South,1519844.78,63327
2025-01,2025-Q1,Parasiticides,TickShield Plus,False,Retail,Region,Midwest,948361.54,39515
2025-01,2025-Q1,Parasiticides,TickShield Plus,False,Retail,Region,West,1073124.06,44714
2025-01,2025-Q1,Parasiticides,TickShield Plus,False,Retail,National,National,4575381.85,190641
2025-01,2025-Q1,Parasiticides,TickShield Plus,False,E-commerce,Region,Northeast,631616.46,26317
2025-01,2025-Q1,Parasiticides,TickShield Plus,False,E-commerce,Region,South,1083967.62,45165
2025-01,2025-Q1,Parasiticides,TickShield Plus,False,E-commerce,Region,Midwest,606408.17,25267
2025-01,2025-Q1,Parasiticides,TickShield Plus,False,E-commerce,Region,West,698492.93,29104
2025-01,2025-Q1,Parasiticides,TickShield Plus,False,E-commerce,National,National,3020485.18,125854
2025-02,2025-Q1,Parasiticides,TickShield Plus,False,Veterinary,Region,Northeast,1333288.73,55554
2025-02,2025-Q1,Parasiticides,TickShield Plus,False,Veterinary,Region,South,2005547.06,83564
2025-02,2025-Q1,Parasiticides,TickShield Plus,False,Veterinary,Region,Midwest,1266407.64,52767
2025-02,2025-Q1,Parasiticides,TickShield Plus,False,Veterinary,Region,West,1413670.69,58903
2025-02,2025-Q1,Parasiticides,TickShield Plus,False,Veterinary,National,National,6018914.13,250788
2025-02,2025-Q1,Parasiticides,TickShield Plus,False,Retail,Region,Northeast,1323232.52,55135
2025-02,2025-Q1,Parasiticides,TickShield Plus,False,Retail,Region,South,1996034.35,83168
2025-02,2025-Q1,Parasiticides,TickShield Plus,False,Retail,Region,Midwest,1179050.88,49127
2025-02,2025-Q1,Parasiticides,TickShield Plus,False,Retail,Region,West,1349676.49,56237
2025-02,2025-Q1,Parasiticides,TickShield Plus,False,Retail,National,National,5847994.24,243666
2025-02,2025-Q1,Parasiticides,TickShield Plus,False,E-commerce,Region,Northeast,828401.18,34517
2025-02,2025-Q1,Parasiticides,TickShield Plus,False,E-commerce,Region,South,1221069.84,50878
2025-02,2025-Q1,Parasiticides,TickShield Plus,False,E-commerce,Region,Midwest,790160.61,32923
2025-02,2025-Q1,Parasiticides,TickShield Plus,False,E-commerce,Region,West,845926.66,35247
2025-02,2025-Q1,Parasiticides,TickShield Plus,False,E-commerce,National,National,3685558.29,153565
2025-03,2025-Q1,Parasiticides,TickShield Plus,False,Veterinary,Region,Northeast,1679773.77,69991
2025-03,2025-Q1,Parasiticides,TickShield Plus,False,Veterinary,Region,South,2589728.74,107905
2025-03,2025-Q1,Parasiticides,TickShield Plus,False,Veterinary,Region,Midwest,1489001.64,62042
2025-03,2025-Q1,Parasiticides,TickShield Plus,False,Veterinary,Region,West,1636078.8,68170
2025-03,2025-Q1,Parasiticides,TickShield Plus,False,Veterinary,National,National,7394582.95,308108
2025-03,2025-Q1,Parasiticides,TickShield Plus,False,Retail,Region,Northeast,1572024.86,65501
2025-03,2025-Q1,Parasiticides,TickShield Plus,False,Retail,Region,South,2456093.16,102337
2025-03,2025-Q1,Parasiticides,TickShield Plus,False,Retail,Region,Midwest,1451721.21,60488
2025-03,2025-Q1,Parasiticides,TickShield Plus,False,Retail,Region,West,1603317.86,66805
2025-03,2025-Q1,Parasiticides,TickShield Plus,False,Retail,National,National,7083157.08,295132
2025-03,2025-Q1,Parasiticides,TickShield Plus,False,E-commerce,Region,Northeast,1098636.42,45777
2025-03,2025-Q1,Parasiticides,TickShield Plus,False,E-commerce,Region,South,1587325.93,66139
2025-03,2025-Q1,Parasiticides,TickShield Plus,False,E-commerce,Region,Midwest,969257.26,40386
2025-03,2025-Q1,Parasiticides,TickShield Plus,False,E-commerce,Region,West,1081127.2,45047
2025-03,2025-Q1,Parasiticides,TickShield Plus,False,E-commerce,National,National,4736346.8,197348
2025-04,2025-Q2,Parasiticides,TickShield Plus,False,Veterinary,Region,Northeast,1799793.71,74991
2025-04,2025-Q2,Parasiticides,TickShield Plus,False,Veterinary,Region,South,2848062.4,118669
2025-04,2025-Q2,Parasiticides,TickShield Plus,False,Veterinary,Region,Midwest,1710290.34,71262
2025-04,2025-Q2,Parasiticides,TickShield Plus,False,Veterinary,Region,West,1924891.57,80204
2025-04,2025-Q2,Parasiticides,TickShield Plus,False,Veterinary,National,National,8283038.03,345127
2025-04,2025-Q2,Parasiticides,TickShield Plus,False,Retail,Region,Northeast,1916160.64,79840
2025-04,2025-Q2,Parasiticides,TickShield Plus,False,Retail,Region,South,2865863.62,119411
2025-04,2025-Q2,Parasiticides,TickShield Plus,False,Retail,Region,Midwest,1726754.76,71948
2025-04,2025-Q2,Parasiticides,TickShield Plus,False,Retail,Region,West,1843384.12,76808
2025-04,2025-Q2,Parasiticides,TickShield Plus,False,Retail,National,National,8352163.14,348007
2025-04,2025-Q2,Parasiticides,TickShield Plus,False,E-commerce,Region,Northeast,1226236.3,51093
2025-04,2025-Q2,Parasiticides,TickShield Plus,False,E-commerce,Region,South,1973264.28,82219
2025-04,2025-Q2,Parasiticides,TickShield Plus,False,E-commerce,Region,Midwest,1161626.88,48401
2025-04,2025-Q2,Parasiticides,TickShield Plus,False,E-commerce,Region,West,1350371.88,56265
2025-04,2025-Q2,Parasiticides,TickShield Plus,False,E-commerce,National,National,5711499.35,237979
2025-05,2025-Q2,Parasiticides,TickShield Plus,False,Veterinary,Region,Northeast,1953806.19,81409
2025-05,2025-Q2,Parasiticides,TickShield Plus,False,Veterinary,Region,South,3205278.31,133553
2025-05,2025-Q2,Parasiticides,TickShield Plus,False,Veterinary,Region,Midwest,1768042.86,73668
2025-05,2025-Q2,Parasiticides,TickShield Plus,False,Veterinary,Region,West,2134008.54,88917
2025-05,2025-Q2,Parasiticides,TickShield Plus,False,Veterinary,National,National,9061135.9,377547
2025-05,2025-Q2,Parasiticides,TickShield Plus,False,Retail,Region,Northeast,1831253.79,76302
2025-05,2025-Q2,Parasiticides,TickShield Plus,False,Retail,Region,South,2988454.05,124519
2025-05,2025-Q2,Parasiticides,TickShield Plus,False,Retail,Region,Midwest,1841231.6,76718
2025-05,2025-Q2,Parasiticides,TickShield Plus,False,Retail,Region,West,2077206.48,86550
2025-05,2025-Q2,Parasiticides,TickShield Plus,False,Retail,National,National,8738145.92,364089
2025-05,2025-Q2,Parasiticides,TickShield Plus,False,E-commerce,Region,Northeast,1221363.14,50890
2025-05,2025-Q2,Parasiticides,TickShield Plus,False,E-commerce,Region,South,1964913.89,81871
2025-05,2025-Q2,Parasiticides,TickShield Plus,False,E-commerce,Region,Midwest,1265844.86,52744
2025-05,2025-Q2,Parasiticides,TickShield Plus,False,E-commerce,Region,West,1411910.99,58830
2025-05,2025-Q2,Parasiticides,TickShield Plus,False,E-commerce,National,National,5864032.87,244335
2025-06,2025-Q2,Parasiticides,TickShield Plus,False,Veterinary,Region,Northeast,2039256.93,84969
2025-06,2025-Q2,Parasiticides,TickShield Plus,False,Veterinary,Region,South,3059702.97,127488
2025-06,2025-Q2,Parasiticides,TickShield Plus,False,Veterinary,Region,Midwest,1935958.01,80665
2025-06,2025-Q2,Parasiticides,TickShield Plus,False,Veterinary,Region,West,2091651.83,87152
2025-06,2025-Q2,Parasiticides,TickShield Plus,False,Veterinary,National,National,9126569.75,380274
2025-06,2025-Q2,Parasiticides,TickShield Plus,False,Retail,Region,Northeast,2048516.13,85355
2025-06,2025-Q2,Parasiticides,TickShield Plus,False,Retail,Region,South,3197700.66,133238
2025-06,2025-Q2,Parasiticides,TickShield Plus,False,Retail,Region,Midwest,2024638.73,84360
2025-06,2025-Q2,Parasiticides,TickShield Plus,False,Retail,Region,West,2084198.65,86842
2025-06,2025-Q2,Parasiticides,TickShield Plus,False,Retail,National,National,9355054.18,389794
2025-06,2025-Q2,Parasiticides,TickShield Plus,False,E-commerce,Region,Northeast,1428530.74,59522
2025-06,2025-Q2,Parasiticides,TickShield Plus,False,E-commerce,Region,South,2232186.11,93008
2025-06,2025-Q2,Parasiticides,TickShield Plus,False,E-commerce,Region,Midwest,1364550.47,56856
2025-06,2025-Q2,Parasiticides,TickShield Plus,False,E-commerce,Region,West,1505496.65,62729
2025-06,2025-Q2,Parasiticides,TickShield Plus,False,E-commerce,National,National,6530763.97,272115
2025-07,2025-Q3,Parasiticides,TickShield Plus,False,Veterinary,Region,Northeast,1967375.48,81974
2025-07,2025-Q3,Parasiticides,TickShield Plus,False,Veterinary,Region,South,2924395.72,121850
2025-07,2025-Q3,Parasiticides,TickShield Plus,False,Veterinary,Region,Midwest,1803917.11,75163
2025-07,2025-Q3,Parasiticides,TickShield Plus,False,Veterinary,Region,West,1937202.88,80717
2025-07,2025-Q3,Parasiticides,TickShield Plus,False,Veterinary,National,National,8632891.2,359704
2025-07,2025-Q3,Parasiticides,TickShield Plus,False,Retail,Region,Northeast,2008684.12,83695
2025-07,2025-Q3,Parasiticides,TickShield Plus,False,Retail,Region,South,2987191.08,124466
2025-07,2025-Q3,Parasiticides,TickShield Plus,False,Retail,Region,Midwest,1916740.53,79864
2025-07,2025-Q3,Parasiticides,TickShield Plus,False,Retail,Region,West,2045884.59,85245
2025-07,2025-Q3,Parasiticides,TickShield Plus,False,Retail,National,National,8958500.33,373271
2025-07,2025-Q3,Parasiticides,TickShield Plus,False,E-commerce,Region,Northeast,1331220.73,55468
2025-07,2025-Q3,Parasiticides,TickShield Plus,False,E-commerce,Region,South,2097646.61,87402
2025-07,2025-Q3,Parasiticides,TickShield Plus,False,E-commerce,Region,Midwest,1369591.31,57066
2025-07,2025-Q3,Parasiticides,TickShield Plus,False,E-commerce,Region,West,1432988.96,59708
2025-07,2025-Q3,Parasiticides,TickShield Plus,False,E-commerce,National,National,6231447.61,259644
2025-08,2025-Q3,Parasiticides,TickShield Plus,False,Veterinary,Region,Northeast,1753786.66,73074
2025-08,2025-Q3,Parasiticides,TickShield Plus,False,Veterinary,Region,South,2710594.76,112941
2025-08,2025-Q3,Parasiticides,TickShield Plus,False,Veterinary,Region,Midwest,1632033.59,68001
2025-08,2025-Q3,Parasiticides,TickShield Plus,False,Veterinary,Region,West,1825387.67,76058
2025-08,2025-Q3,Parasiticides,TickShield Plus,False,Veterinary,National,National,7921802.69,330075
2025-08,2025-Q3,Parasiticides,TickShield Plus,False,Retail,Region,Northeast,1746259.85,72761
2025-08,2025-Q3,Parasiticides,TickShield Plus,False,Retail,Region,South,2525322.45,105222
2025-08,2025-Q3,Parasiticides,TickShield Plus,False,Retail,Region,Midwest,1716663.18,71528
2025-08,2025-Q3,Parasiticides,TickShield Plus,False,Retail,Region,West,1807138.12,75297
2025-08,2025-Q3,Parasiticides,TickShield Plus,False,Retail,National,National,7795383.61,324808
2025-08,2025-Q3,Parasiticides,TickShield Plus,False,E-commerce,Region,Northeast,1355623.41,56484
2025-08,2025-Q3,Parasiticides,TickShield Plus,False,E-commerce,Region,South,1946590.88,81108
2025-08,2025-Q3,Parasiticides,TickShield Plus,False,E-commerce,Region,Midwest,1186261.76,49428
2025-08,2025-Q3,Parasiticides,TickShield Plus,False,E-commerce,Region,West,1412463.02,58853
2025-08,2025-Q3,Parasiticides,TickShield Plus,False,E-commerce,National,National,5900939.07,245872
2025-09,2025-Q3,Parasiticides,TickShield Plus,False,Veterinary,Region,Northeast,1450244.79,60427
2025-09,2025-Q3,Parasiticides,TickShield Plus,False,Veterinary,Region,South,2325840.7,96910
2025-09,2025-Q3,Parasiticides,TickShield Plus,False,Veterinary,Region,Midwest,1397302.29,58221
2025-09,2025-Q3,Parasiticides,TickShield Plus,False,Veterinary,Region,West,1468900.24,61204
2025-09,2025-Q3,Parasiticides,TickShield Plus,False,Veterinary,National,National,6642288.02,276762
2025-09,2025-Q3,Parasiticides,TickShield Plus,False,Retail,Region,Northeast,1504714.92,62696
2025-09,2025-Q3,Parasiticides,TickShield Plus,False,Retail,Region,South,2298943.29,95789
2025-09,2025-Q3,Parasiticides,TickShield Plus,False,Retail,Region,Midwest,1483272.32,61803
2025-09,2025-Q3,Parasiticides,TickShield Plus,False,Retail,Region,West,1591911.25,66330
2025-09,2025-Q3,Parasiticides,TickShield Plus,False,Retail,National,National,6878841.79,286618
2025-09,2025-Q3,Parasiticides,TickShield Plus,False,E-commerce,Region,Northeast,1224406.65,51017
2025-09,2025-Q3,Parasiticides,TickShield Plus,False,E-commerce,Region,South,1648682.89,68695
2025-09,2025-Q3,Parasiticides,TickShield Plus,False,E-commerce,Region,Midwest,1070499.88,44604
2025-09,2025-Q3,Parasiticides,TickShield Plus,False,E-commerce,Region,West,1135672.66,47320
2025-09,2025-Q3,Parasiticides,TickShield Plus,False,E-commerce,National,National,5079262.08,211636
2025-10,2025-Q4,Parasiticides,TickShield Plus,False,Veterinary,Region,Northeast,1314167.69,54757
2025-10,2025-Q4,Parasiticides,TickShield Plus,False,Veterinary,Region,South,2026954.8,84456
2025-10,2025-Q4,Parasiticides,TickShield Plus,False,Veterinary,Region,Midwest,1195699.34,49821
2025-10,2025-Q4,Parasiticides,TickShield Plus,False,Veterinary,Region,West,1310869.94,54620
2025-10,2025-Q4,Parasiticides,TickShield Plus,False,Veterinary,National,National,5847691.77,243654
2025-10,2025-Q4,Parasiticides,TickShield Plus,False,Retail,Region,Northeast,1227895.89,51162
2025-10,2025-Q4,Parasiticides,TickShield Plus,False,Retail,Region,South,2124329.94,88514
2025-10,2025-Q4,Parasiticides,TickShield Plus,False,Retail,Region,Midwest,1267107.36,52796
2025-10,2025-Q4,Parasiticides,TickShield Plus,False,Retail,Region,West,1356245.62,56510
2025-10,2025-Q4,Parasiticides,TickShield Plus,False,Retail,National,National,5975578.82,248982
2025-10,2025-Q4,Parasiticides,TickShield Plus,False,E-commerce,Region,Northeast,1026541.81,42773
2025-10,2025-Q4,Parasiticides,TickShield Plus,False,E-commerce,Region,South,1578019.77,65751
2025-10,2025-Q4,Parasiticides,TickShield Plus,False,E-commerce,Region,Midwest,981074.65,40878
2025-10,2025-Q4,Parasiticides,TickShield Plus,False,E-commerce,Region,West,993118.51,41380
2025-10,2025-Q4,Parasiticides,TickShield Plus,False,E-commerce,National,National,4578754.73,190781
2025-11,2025-Q4,Parasiticides,TickShield Plus,False,Veterinary,Region,Northeast,1044776.61,43532
2025-11,2025-Q4,Parasiticides,TickShield Plus,False,Veterinary,Region,South,1622358.92,67598
2025-11,2025-Q4,Parasiticides,TickShield Plus,False,Veterinary,Region,Midwest,1019945.69,42498
2025-11,2025-Q4,Parasiticides,TickShield Plus,False,Veterinary,Region,West,1053041.24,43877
2025-11,2025-Q4,Parasiticides,TickShield Plus,False,Veterinary,National,National,4740122.45,197505
2025-11,2025-Q4,Parasiticides,TickShield Plus,False,Retail,Region,Northeast,1070830.17,44618
2025-11,2025-Q4,Parasiticides,TickShield Plus,False,Retail,Region,South,1757701.97,73238
2025-11,2025-Q4,Parasiticides,TickShield Plus,False,Retail,Region,Midwest,1039406.98,43309
2025-11,2025-Q4,Parasiticides,TickShield Plus,False,Retail,Region,West,1144374.99,47682
2025-11,2025-Q4,Parasiticides,TickShield Plus,False,Retail,National,National,5012314.11,208846
2025-11,2025-Q4,Parasiticides,TickShield Plus,False,E-commerce,Region,Northeast,828940.56,34539
2025-11,2025-Q4,Parasiticides,TickShield Plus,False,E-commerce,Region,South,1311346.76,54639
2025-11,2025-Q4,Parasiticides,TickShield Plus,False,E-commerce,Region,Midwest,834564.66,34774
2025-11,2025-Q4,Parasiticides,TickShield Plus,False,E-commerce,Region,West,869892.94,36246
2025-11,2025-Q4,Parasiticides,TickShield Plus,False,E-commerce,National,National,3844744.91,160198
2025-12,2025-Q4,Parasiticides,TickShield Plus,False,Veterinary,Region,Northeast,975542.69,40648
2025-12,2025-Q4,Parasiticides,TickShield Plus,False,Veterinary,Region,South,1575716.02,65655
2025-12,2025-Q4,Parasiticides,TickShield Plus,False,Veterinary,Region,Midwest,982248.16,40927
2025-12,2025-Q4,Parasiticides,TickShield Plus,False,Veterinary,Region,West,1023754.66,42656
2025-12,2025-Q4,Parasiticides,TickShield Plus,False,Veterinary,National,National,4557261.54,189886
2025-12,2025-Q4,Parasiticides,TickShield Plus,False,Retail,Region,Northeast,1070799.96,44617
2025-12,2025-Q4,Parasiticides,TickShield Plus,False,Retail,Region,South,1569639.48,65402
2025-12,2025-Q4,Parasiticides,TickShield Plus,False,Retail,Region,Midwest,965624.26,40234
2025-12,2025-Q4,Parasiticides,TickShield Plus,False,Retail,Region,West,1083730.52,45155
2025-12,2025-Q4,Parasiticides,TickShield Plus,False,Retail,National,National,4689794.22,195408
2025-12,2025-Q4,Parasiticides,TickShield Plus,False,E-commerce,Region,Northeast,867917.99,36163
2025-12,2025-Q4,Parasiticides,TickShield Plus,False,E-commerce,Region,South,1279602.69,53317
2025-12,2025-Q4,Parasiticides,TickShield Plus,False,E-commerce,Region,Midwest,805063.92,33544
2025-12,2025-Q4,Parasiticides,TickShield Plus,False,E-commerce,Region,West,838830.16,34951
2025-12,2025-Q4,Parasiticides,TickShield Plus,False,E-commerce,National,National,3791414.76,157976
2026-01,2026-Q1,Parasiticides,TickShield Plus,False,Veterinary,Region,Northeast,1007840.93,41993
2026-01,2026-Q1,Parasiticides,TickShield Plus,False,Veterinary,Region,South,1586898.43,66121
2026-01,2026-Q1,Parasiticides,TickShield Plus,False,Veterinary,Region,Midwest,1022228.61,42593
2026-01,2026-Q1,Parasiticides,TickShield Plus,False,Veterinary,Region,West,1090944.91,45456
2026-01,2026-Q1,Parasiticides,TickShield Plus,False,Veterinary,National,National,4707912.89,196163
2026-01,2026-Q1,Parasiticides,TickShield Plus,False,Retail,Region,Northeast,1136651.42,47360
2026-01,2026-Q1,Parasiticides,TickShield Plus,False,Retail,Region,South,1673129.69,69714
2026-01,2026-Q1,Parasiticides,TickShield Plus,False,Retail,Region,Midwest,1033543.39,43064
2026-01,2026-Q1,Parasiticides,TickShield Plus,False,Retail,Region,West,1182352.18,49265
2026-01,2026-Q1,Parasiticides,TickShield Plus,False,Retail,National,National,5025676.68,209403
2026-01,2026-Q1,Parasiticides,TickShield Plus,False,E-commerce,Region,Northeast,860074.59,35836
2026-01,2026-Q1,Parasiticides,TickShield Plus,False,E-commerce,Region,South,1293778.76,53907
2026-01,2026-Q1,Parasiticides,TickShield Plus,False,E-commerce,Region,Midwest,869958.05,36248
2026-01,2026-Q1,Parasiticides,TickShield Plus,False,E-commerce,Region,West,928407.04,38684
2026-01,2026-Q1,Parasiticides,TickShield Plus,False,E-commerce,National,National,3952218.44,164676
2026-02,2026-Q1,Parasiticides,TickShield Plus,False,Veterinary,Region,Northeast,1176796.7,49033
2026-02,2026-Q1,Parasiticides,TickShield Plus,False,Veterinary,Region,South,1794258.04,74761
2026-02,2026-Q1,Parasiticides,TickShield Plus,False,Veterinary,Region,Midwest,1180528.56,49189
2026-02,2026-Q1,Parasiticides,TickShield Plus,False,Veterinary,Region,West,1201775.96,50074
2026-02,2026-Q1,Parasiticides,TickShield Plus,False,Veterinary,National,National,5353359.26,223057
2026-02,2026-Q1,Parasiticides,TickShield Plus,False,Retail,Region,Northeast,1213219.1,50551
2026-02,2026-Q1,Parasiticides,TickShield Plus,False,Retail,Region,South,1856104.6,77338
2026-02,2026-Q1,Parasiticides,TickShield Plus,False,Retail,Region,Midwest,1141338.15,47556
2026-02,2026-Q1,Parasiticides,TickShield Plus,False,Retail,Region,West,1263728.88,52655
2026-02,2026-Q1,Parasiticides,TickShield Plus,False,Retail,National,National,5474390.74,228100
2026-02,2026-Q1,Parasiticides,TickShield Plus,False,E-commerce,Region,Northeast,968010.67,40334
2026-02,2026-Q1,Parasiticides,TickShield Plus,False,E-commerce,Region,South,1514998.55,63125
2026-02,2026-Q1,Parasiticides,TickShield Plus,False,E-commerce,Region,Midwest,919066.45,38294
2026-02,2026-Q1,Parasiticides,TickShield Plus,False,E-commerce,Region,West,1010064.57,42086
2026-02,2026-Q1,Parasiticides,TickShield Plus,False,E-commerce,National,National,4412140.24,183839
2026-03,2026-Q1,Parasiticides,TickShield Plus,False,Veterinary,Region,Northeast,1412457.87,58852
2026-03,2026-Q1,Parasiticides,TickShield Plus,False,Veterinary,Region,South,2172076.87,90503
2026-03,2026-Q1,Parasiticides,TickShield Plus,False,Veterinary,Region,Midwest,1319273.93,54970
2026-03,2026-Q1,Parasiticides,TickShield Plus,False,Veterinary,Region,West,1521638.28,63402
2026-03,2026-Q1,Parasiticides,TickShield Plus,False,Veterinary,National,National,6425446.95,267727
2026-03,2026-Q1,Parasiticides,TickShield Plus,False,Retail,Region,Northeast,1517106.25,63213
2026-03,2026-Q1,Parasiticides,TickShield Plus,False,Retail,Region,South,2317576.77,96566
2026-03,2026-Q1,Parasiticides,TickShield Plus,False,Retail,Region,Midwest,1430052.36,59586
2026-03,2026-Q1,Parasiticides,TickShield Plus,False,Retail,Region,West,1664258.29,69344
2026-03,2026-Q1,Parasiticides,TickShield Plus,False,Retail,National,National,6928993.67,288708
2026-03,2026-Q1,Parasiticides,TickShield Plus,False,E-commerce,Region,Northeast,1275189.97,53133
2026-03,2026-Q1,Parasiticides,TickShield Plus,False,E-commerce,Region,South,1984575.79,82691
2026-03,2026-Q1,Parasiticides,TickShield Plus,False,E-commerce,Region,Midwest,1114772.73,46449
2026-03,2026-Q1,Parasiticides,TickShield Plus,False,E-commerce,Region,West,1297671.31,54070
2026-03,2026-Q1,Parasiticides,TickShield Plus,False,E-commerce,National,National,5672209.8,236342
2024-04,2024-Q2,Parasiticides,FleaStop Pro,False,Veterinary,Region,Northeast,1388399.47,66114
2024-04,2024-Q2,Parasiticides,FleaStop Pro,False,Veterinary,Region,South,2197840.59,104659
2024-04,2024-Q2,Parasiticides,FleaStop Pro,False,Veterinary,Region,Midwest,1315298.78,62633
2024-04,2024-Q2,Parasiticides,FleaStop Pro,False,Veterinary,Region,West,1493183.53,71104
2024-04,2024-Q2,Parasiticides,FleaStop Pro,False,Veterinary,National,National,6394722.38,304511
2024-04,2024-Q2,Parasiticides,FleaStop Pro,False,Retail,Region,Northeast,1233398.89,58733
2024-04,2024-Q2,Parasiticides,FleaStop Pro,False,Retail,Region,South,2000468.51,95260
2024-04,2024-Q2,Parasiticides,FleaStop Pro,False,Retail,Region,Midwest,1157991.81,55142
2024-04,2024-Q2,Parasiticides,FleaStop Pro,False,Retail,Region,West,1319835.2,62849
2024-04,2024-Q2,Parasiticides,FleaStop Pro,False,Retail,National,National,5711694.41,271985
2024-04,2024-Q2,Parasiticides,FleaStop Pro,False,E-commerce,Region,Northeast,678139.97,32292
2024-04,2024-Q2,Parasiticides,FleaStop Pro,False,E-commerce,Region,South,1051639.82,50078
2024-04,2024-Q2,Parasiticides,FleaStop Pro,False,E-commerce,Region,Midwest,636823.74,30325
2024-04,2024-Q2,Parasiticides,FleaStop Pro,False,E-commerce,Region,West,740889.25,35280
2024-04,2024-Q2,Parasiticides,FleaStop Pro,False,E-commerce,National,National,3107492.77,147976
2024-05,2024-Q2,Parasiticides,FleaStop Pro,False,Veterinary,Region,Northeast,1589612.75,75696
2024-05,2024-Q2,Parasiticides,FleaStop Pro,False,Veterinary,Region,South,2284202.89,108772
2024-05,2024-Q2,Parasiticides,FleaStop Pro,False,Veterinary,Region,Midwest,1619796.42,77133
2024-05,2024-Q2,Parasiticides,FleaStop Pro,False,Veterinary,Region,West,1666012.01,79334
2024-05,2024-Q2,Parasiticides,FleaStop Pro,False,Veterinary,National,National,7159624.06,340934
2024-05,2024-Q2,Parasiticides,FleaStop Pro,False,Retail,Region,Northeast,1415009.8,67381
2024-05,2024-Q2,Parasiticides,FleaStop Pro,False,Retail,Region,South,2356634.42,112221
2024-05,2024-Q2,Parasiticides,FleaStop Pro,False,Retail,Region,Midwest,1451981.36,69142
2024-05,2024-Q2,Parasiticides,FleaStop Pro,False,Retail,Region,West,1538411.78,73258
2024-05,2024-Q2,Parasiticides,FleaStop Pro,False,Retail,National,National,6762037.36,322002
2024-05,2024-Q2,Parasiticides,FleaStop Pro,False,E-commerce,Region,Northeast,756536.81,36026
2024-05,2024-Q2,Parasiticides,FleaStop Pro,False,E-commerce,Region,South,1237145.36,58912
2024-05,2024-Q2,Parasiticides,FleaStop Pro,False,E-commerce,Region,Midwest,740566.28,35265
2024-05,2024-Q2,Parasiticides,FleaStop Pro,False,E-commerce,Region,West,797474.47,37975
2024-05,2024-Q2,Parasiticides,FleaStop Pro,False,E-commerce,National,National,3531722.91,168177
2024-06,2024-Q2,Parasiticides,FleaStop Pro,False,Veterinary,Region,Northeast,1602867.06,76327
2024-06,2024-Q2,Parasiticides,FleaStop Pro,False,Veterinary,Region,South,2691503.13,128167
2024-06,2024-Q2,Parasiticides,FleaStop Pro,False,Veterinary,Region,Midwest,1657112.34,78910
2024-06,2024-Q2,Parasiticides,FleaStop Pro,False,Veterinary,Region,West,1900416.96,90496
2024-06,2024-Q2,Parasiticides,FleaStop Pro,False,Veterinary,National,National,7851899.48,373900
2024-06,2024-Q2,Parasiticides,FleaStop Pro,False,Retail,Region,Northeast,1583518.31,75406
2024-06,2024-Q2,Parasiticides,FleaStop Pro,False,Retail,Region,South,2273947.49,108283
2024-06,2024-Q2,Parasiticides,FleaStop Pro,False,Retail,Region,Midwest,1459388.64,69495
2024-06,2024-Q2,Parasiticides,FleaStop Pro,False,Retail,Region,West,1642683.36,78223
2024-06,2024-Q2,Parasiticides,FleaStop Pro,False,Retail,National,National,6959537.8,331407
2024-06,2024-Q2,Parasiticides,FleaStop Pro,False,E-commerce,Region,Northeast,874454.1,41641
2024-06,2024-Q2,Parasiticides,FleaStop Pro,False,E-commerce,Region,South,1376511.04,65548
2024-06,2024-Q2,Parasiticides,FleaStop Pro,False,E-commerce,Region,Midwest,777341.74,37016
2024-06,2024-Q2,Parasiticides,FleaStop Pro,False,E-commerce,Region,West,895599.51,42648
2024-06,2024-Q2,Parasiticides,FleaStop Pro,False,E-commerce,National,National,3923906.39,186853
2024-07,2024-Q3,Parasiticides,FleaStop Pro,False,Veterinary,Region,Northeast,1720808.87,81943
2024-07,2024-Q3,Parasiticides,FleaStop Pro,False,Veterinary,Region,South,2683607.6,127791
2024-07,2024-Q3,Parasiticides,FleaStop Pro,False,Veterinary,Region,Midwest,1551497.23,73881
2024-07,2024-Q3,Parasiticides,FleaStop Pro,False,Veterinary,Region,West,1776003.25,84572
2024-07,2024-Q3,Parasiticides,FleaStop Pro,False,Veterinary,National,National,7731916.96,368187
2024-07,2024-Q3,Parasiticides,FleaStop Pro,False,Retail,Region,Northeast,1593254.64,75869
2024-07,2024-Q3,Parasiticides,FleaStop Pro,False,Retail,Region,South,2426213.53,115534
2024-07,2024-Q3,Parasiticides,FleaStop Pro,False,Retail,Region,Midwest,1477957.01,70379
2024-07,2024-Q3,Parasiticides,FleaStop Pro,False,Retail,Region,West,1623663.21,77317
2024-07,2024-Q3,Parasiticides,FleaStop Pro,False,Retail,National,National,7121088.4,339099
2024-07,2024-Q3,Parasiticides,FleaStop Pro,False,E-commerce,Region,Northeast,835215.41,39772
2024-07,2024-Q3,Parasiticides,FleaStop Pro,False,E-commerce,Region,South,1264714.02,60224
2024-07,2024-Q3,Parasiticides,FleaStop Pro,False,E-commerce,Region,Midwest,840679.55,40032
2024-07,2024-Q3,Parasiticides,FleaStop Pro,False,E-commerce,Region,West,885061.07,42146
2024-07,2024-Q3,Parasiticides,FleaStop Pro,False,E-commerce,National,National,3825670.05,182175
2024-08,2024-Q3,Parasiticides,FleaStop Pro,False,Veterinary,Region,Northeast,1423430.58,67782
2024-08,2024-Q3,Parasiticides,FleaStop Pro,False,Veterinary,Region,South,2212326.75,105349
2024-08,2024-Q3,Parasiticides,FleaStop Pro,False,Veterinary,Region,Midwest,1392390.63,66304
2024-08,2024-Q3,Parasiticides,FleaStop Pro,False,Veterinary,Region,West,1467998.94,69905
2024-08,2024-Q3,Parasiticides,FleaStop Pro,False,Veterinary,National,National,6496146.89,309340
2024-08,2024-Q3,Parasiticides,FleaStop Pro,False,Retail,Region,Northeast,1345876.27,64089
2024-08,2024-Q3,Parasiticides,FleaStop Pro,False,Retail,Region,South,2091047.26,99574
2024-08,2024-Q3,Parasiticides,FleaStop Pro,False,Retail,Region,Midwest,1279090.19,60909
2024-08,2024-Q3,Parasiticides,FleaStop Pro,False,Retail,Region,West,1372841.49,65373
2024-08,2024-Q3,Parasiticides,FleaStop Pro,False,Retail,National,National,6088855.21,289945
2024-08,2024-Q3,Parasiticides,FleaStop Pro,False,E-commerce,Region,Northeast,793771.26,37799
2024-08,2024-Q3,Parasiticides,FleaStop Pro,False,E-commerce,Region,South,1265783.7,60275
2024-08,2024-Q3,Parasiticides,FleaStop Pro,False,E-commerce,Region,Midwest,726870.93,34613
2024-08,2024-Q3,Parasiticides,FleaStop Pro,False,E-commerce,Region,West,840744.03,40035
2024-08,2024-Q3,Parasiticides,FleaStop Pro,False,E-commerce,National,National,3627169.92,172722
2024-09,2024-Q3,Parasiticides,FleaStop Pro,False,Veterinary,Region,Northeast,1151213.81,54820
2024-09,2024-Q3,Parasiticides,FleaStop Pro,False,Veterinary,Region,South,1888869.7,89946
2024-09,2024-Q3,Parasiticides,FleaStop Pro,False,Veterinary,Region,Midwest,1171144.68,55769
2024-09,2024-Q3,Parasiticides,FleaStop Pro,False,Veterinary,Region,West,1338293.44,63728
2024-09,2024-Q3,Parasiticides,FleaStop Pro,False,Veterinary,National,National,5549521.64,264263
2024-09,2024-Q3,Parasiticides,FleaStop Pro,False,Retail,Region,Northeast,1173626.33,55887
2024-09,2024-Q3,Parasiticides,FleaStop Pro,False,Retail,Region,South,1829256.06,87107
2024-09,2024-Q3,Parasiticides,FleaStop Pro,False,Retail,Region,Midwest,1135244.59,54059
2024-09,2024-Q3,Parasiticides,FleaStop Pro,False,Retail,Region,West,1187171.56,56532
2024-09,2024-Q3,Parasiticides,FleaStop Pro,False,Retail,National,National,5325298.54,253586
2024-09,2024-Q3,Parasiticides,FleaStop Pro,False,E-commerce,Region,Northeast,673441.95,32069
2024-09,2024-Q3,Parasiticides,FleaStop Pro,False,E-commerce,Region,South,1025560.35,48836
2024-09,2024-Q3,Parasiticides,FleaStop Pro,False,E-commerce,Region,Midwest,654199.06,31152
2024-09,2024-Q3,Parasiticides,FleaStop Pro,False,E-commerce,Region,West,717609.23,34172
2024-09,2024-Q3,Parasiticides,FleaStop Pro,False,E-commerce,National,National,3070810.6,146229
2024-10,2024-Q4,Parasiticides,FleaStop Pro,False,Veterinary,Region,Northeast,991334.4,47206
2024-10,2024-Q4,Parasiticides,FleaStop Pro,False,Veterinary,Region,South,1608831.28,76611
2024-10,2024-Q4,Parasiticides,FleaStop Pro,False,Veterinary,Region,Midwest,993997.14,47333
2024-10,2024-Q4,Parasiticides,FleaStop Pro,False,Veterinary,Region,West,1108669.51,52794
2024-10,2024-Q4,Parasiticides,FleaStop Pro,False,Veterinary,National,National,4702832.33,223944
2024-10,2024-Q4,Parasiticides,FleaStop Pro,False,Retail,Region,Northeast,971931.5,46282
2024-10,2024-Q4,Parasiticides,FleaStop Pro,False,Retail,Region,South,1478877.4,70423
2024-10,2024-Q4,Parasiticides,FleaStop Pro,False,Retail,Region,Midwest,926693.17,44128
2024-10,2024-Q4,Parasiticides,FleaStop Pro,False,Retail,Region,West,1013079.12,48242
2024-10,2024-Q4,Parasiticides,FleaStop Pro,False,Retail,National,National,4390581.19,209075
2024-10,2024-Q4,Parasiticides,FleaStop Pro,False,E-commerce,Region,Northeast,562840.32,26802
2024-10,2024-Q4,Parasiticides,FleaStop Pro,False,E-commerce,Region,South,921510.69,43881
2024-10,2024-Q4,Parasiticides,FleaStop Pro,False,E-commerce,Region,Midwest,576222.95,27439
2024-10,2024-Q4,Parasiticides,FleaStop Pro,False,E-commerce,Region,West,635754.39,30274
2024-10,2024-Q4,Parasiticides,FleaStop Pro,False,E-commerce,National,National,2696328.35,128397
2024-11,2024-Q4,Parasiticides,FleaStop Pro,False,Veterinary,Region,Northeast,858707.67,40891
2024-11,2024-Q4,Parasiticides,FleaStop Pro,False,Veterinary,Region,South,1330724.65,63368
2024-11,2024-Q4,Parasiticides,FleaStop Pro,False,Veterinary,Region,Midwest,811716.44,38653
2024-11,2024-Q4,Parasiticides,FleaStop Pro,False,Veterinary,Region,West,905608.78,43124
2024-11,2024-Q4,Parasiticides,FleaStop Pro,False,Veterinary,National,National,3906757.53,186036
2024-11,2024-Q4,Parasiticides,FleaStop Pro,False,Retail,Region,Northeast,800785.58,38133
2024-11,2024-Q4,Parasiticides,FleaStop Pro,False,Retail,Region,South,1234872.3,58803
2024-11,2024-Q4,Parasiticides,FleaStop Pro,False,Retail,Region,Midwest,807658.65,38460
2024-11,2024-Q4,Parasiticides,FleaStop Pro,False,Retail,Region,West,844391.54,40209
2024-11,2024-Q4,Parasiticides,FleaStop Pro,False,Retail,National,National,3687708.07,175605
2024-11,2024-Q4,Parasiticides,FleaStop Pro,False,E-commerce,Region,Northeast,496303.75,23634
2024-11,2024-Q4,Parasiticides,FleaStop Pro,False,E-commerce,Region,South,785730.99,37416
2024-11,2024-Q4,Parasiticides,FleaStop Pro,False,E-commerce,Region,Midwest,474926.33,22616
2024-11,2024-Q4,Parasiticides,FleaStop Pro,False,E-commerce,Region,West,522352.29,24874
2024-11,2024-Q4,Parasiticides,FleaStop Pro,False,E-commerce,National,National,2279313.36,108539
2024-12,2024-Q4,Parasiticides,FleaStop Pro,False,Veterinary,Region,Northeast,759636.78,36173
2024-12,2024-Q4,Parasiticides,FleaStop Pro,False,Veterinary,Region,South,1217467.83,57975
2024-12,2024-Q4,Parasiticides,FleaStop Pro,False,Veterinary,Region,Midwest,726993.97,34619
2024-12,2024-Q4,Parasiticides,FleaStop Pro,False,Veterinary,Region,West,829544.25,39502
2024-12,2024-Q4,Parasiticides,FleaStop Pro,False,Veterinary,National,National,3533642.83,168269
2024-12,2024-Q4,Parasiticides,FleaStop Pro,False,Retail,Region,Northeast,723458.38,34450
2024-12,2024-Q4,Parasiticides,FleaStop Pro,False,Retail,Region,South,1191034.46,56716
2024-12,2024-Q4,Parasiticides,FleaStop Pro,False,Retail,Region,Midwest,732041.84,34859
2024-12,2024-Q4,Parasiticides,FleaStop Pro,False,Retail,Region,West,790731.88,37654
2024-12,2024-Q4,Parasiticides,FleaStop Pro,False,Retail,National,National,3437266.56,163679
2024-12,2024-Q4,Parasiticides,FleaStop Pro,False,E-commerce,Region,Northeast,470636.5,22411
2024-12,2024-Q4,Parasiticides,FleaStop Pro,False,E-commerce,Region,South,738650.1,35174
2024-12,2024-Q4,Parasiticides,FleaStop Pro,False,E-commerce,Region,Midwest,424034.83,20192
2024-12,2024-Q4,Parasiticides,FleaStop Pro,False,E-commerce,Region,West,477272.78,22727
2024-12,2024-Q4,Parasiticides,FleaStop Pro,False,E-commerce,National,National,2110594.21,100504
2025-01,2025-Q1,Parasiticides,FleaStop Pro,False,Veterinary,Region,Northeast,849239.51,40440
2025-01,2025-Q1,Parasiticides,FleaStop Pro,False,Veterinary,Region,South,1295912.17,61710
2025-01,2025-Q1,Parasiticides,FleaStop Pro,False,Veterinary,Region,Midwest,778146.59,37055
2025-01,2025-Q1,Parasiticides,FleaStop Pro,False,Veterinary,Region,West,882257.44,42012
2025-01,2025-Q1,Parasiticides,FleaStop Pro,False,Veterinary,National,National,3805555.71,181217
2025-01,2025-Q1,Parasiticides,FleaStop Pro,False,Retail,Region,Northeast,793851.85,37802
2025-01,2025-Q1,Parasiticides,FleaStop Pro,False,Retail,Region,South,1203917.86,57329
2025-01,2025-Q1,Parasiticides,FleaStop Pro,False,Retail,Region,Midwest,775817.92,36944
2025-01,2025-Q1,Parasiticides,FleaStop Pro,False,Retail,Region,West,836087.97,39814
2025-01,2025-Q1,Parasiticides,FleaStop Pro,False,Retail,National,National,3609675.6,171889
2025-01,2025-Q1,Parasiticides,FleaStop Pro,False,E-commerce,Region,Northeast,535667.99,25508
2025-01,2025-Q1,Parasiticides,FleaStop Pro,False,E-commerce,Region,South,815121.01,38815
2025-01,2025-Q1,Parasiticides,FleaStop Pro,False,E-commerce,Region,Midwest,504480.91,24023
2025-01,2025-Q1,Parasiticides,FleaStop Pro,False,E-commerce,Region,West,545828.46,25992
2025-01,2025-Q1,Parasiticides,FleaStop Pro,False,E-commerce,National,National,2401098.36,114338
2025-02,2025-Q1,Parasiticides,FleaStop Pro,False,Veterinary,Region,Northeast,949673.89,45223
2025-02,2025-Q1,Parasiticides,FleaStop Pro,False,Veterinary,Region,South,1443417.25,68734
2025-02,2025-Q1,Parasiticides,FleaStop Pro,False,Veterinary,Region,Midwest,1013242.76,48250
2025-02,2025-Q1,Parasiticides,FleaStop Pro,False,Veterinary,Region,West,988433.53,47068
2025-02,2025-Q1,Parasiticides,FleaStop Pro,False,Veterinary,National,National,4394767.43,209275
2025-02,2025-Q1,Parasiticides,FleaStop Pro,False,Retail,Region,Northeast,935880.98,44566
2025-02,2025-Q1,Parasiticides,FleaStop Pro,False,Retail,Region,South,1439787.33,68561
2025-02,2025-Q1,Parasiticides,FleaStop Pro,False,Retail,Region,Midwest,891418.9,42449
2025-02,2025-Q1,Parasiticides,FleaStop Pro,False,Retail,Region,West,967367.14,46065
2025-02,2025-Q1,Parasiticides,FleaStop Pro,False,Retail,National,National,4234454.35,201641
2025-02,2025-Q1,Parasiticides,FleaStop Pro,False,E-commerce,Region,Northeast,582964.51,27760
2025-02,2025-Q1,Parasiticides,FleaStop Pro,False,E-commerce,Region,South,925860.41,44089
2025-02,2025-Q1,Parasiticides,FleaStop Pro,False,E-commerce,Region,Midwest,564913.93,26901
2025-02,2025-Q1,Parasiticides,FleaStop Pro,False,E-commerce,Region,West,643196.24,30628
2025-02,2025-Q1,Parasiticides,FleaStop Pro,False,E-commerce,National,National,2716935.1,129378
2025-03,2025-Q1,Parasiticides,FleaStop Pro,False,Veterinary,Region,Northeast,1158851.73,55183
2025-03,2025-Q1,Parasiticides,FleaStop Pro,False,Veterinary,Region,South,1840494.1,87643
2025-03,2025-Q1,Parasiticides,FleaStop Pro,False,Veterinary,Region,Midwest,1109713.96,52844
2025-03,2025-Q1,Parasiticides,FleaStop Pro,False,Veterinary,Region,West,1271619.48,60553
2025-03,2025-Q1,Parasiticides,FleaStop Pro,False,Veterinary,National,National,5380679.27,256223
2025-03,2025-Q1,Parasiticides,FleaStop Pro,False,Retail,Region,Northeast,1134903.25,54043
2025-03,2025-Q1,Parasiticides,FleaStop Pro,False,Retail,Region,South,1786485.88,85071
2025-03,2025-Q1,Parasiticides,FleaStop Pro,False,Retail,Region,Midwest,1052438.17,50116
2025-03,2025-Q1,Parasiticides,FleaStop Pro,False,Retail,Region,West,1224052.08,58288
2025-03,2025-Q1,Parasiticides,FleaStop Pro,False,Retail,National,National,5197879.38,247518
2025-03,2025-Q1,Parasiticides,FleaStop Pro,False,E-commerce,Region,Northeast,758828.32,36135
2025-03,2025-Q1,Parasiticides,FleaStop Pro,False,E-commerce,Region,South,1201723.17,57225
2025-03,2025-Q1,Parasiticides,FleaStop Pro,False,E-commerce,Region,Midwest,740508.42,35262
2025-03,2025-Q1,Parasiticides,FleaStop Pro,False,E-commerce,Region,West,798903.71,38043
2025-03,2025-Q1,Parasiticides,FleaStop Pro,False,E-commerce,National,National,3499963.62,166665
2025-04,2025-Q2,Parasiticides,FleaStop Pro,False,Veterinary,Region,Northeast,1393366.31,66351
2025-04,2025-Q2,Parasiticides,FleaStop Pro,False,Veterinary,Region,South,2266543.78,107931
2025-04,2025-Q2,Parasiticides,FleaStop Pro,False,Veterinary,Region,Midwest,1383299.9,65871
2025-04,2025-Q2,Parasiticides,FleaStop Pro,False,Veterinary,Region,West,1495067.97,71194
2025-04,2025-Q2,Parasiticides,FleaStop Pro,False,Veterinary,National,National,6538277.95,311347
2025-04,2025-Q2,Parasiticides,FleaStop Pro,False,Retail,Region,Northeast,1328493.82,63262
2025-04,2025-Q2,Parasiticides,FleaStop Pro,False,Retail,Region,South,2058288.49,98014
2025-04,2025-Q2,Parasiticides,FleaStop Pro,False,Retail,Region,Midwest,1288469.55,61356
2025-04,2025-Q2,Parasiticides,FleaStop Pro,False,Retail,Region,West,1429273.85,68061
2025-04,2025-Q2,Parasiticides,FleaStop Pro,False,Retail,National,National,6104525.71,290692
2025-04,2025-Q2,Parasiticides,FleaStop Pro,False,E-commerce,Region,Northeast,952404.61,45353
2025-04,2025-Q2,Parasiticides,FleaStop Pro,False,E-commerce,Region,South,1413314.06,67301
2025-04,2025-Q2,Parasiticides,FleaStop Pro,False,E-commerce,Region,Midwest,928733.69,44225
2025-04,2025-Q2,Parasiticides,FleaStop Pro,False,E-commerce,Region,West,982596.55,46790
2025-04,2025-Q2,Parasiticides,FleaStop Pro,False,E-commerce,National,National,4277048.92,203669
2025-05,2025-Q2,Parasiticides,FleaStop Pro,False,Veterinary,Region,Northeast,1466181.69,69818
2025-05,2025-Q2,Parasiticides,FleaStop Pro,False,Veterinary,Region,South,2120418.82,100972
2025-05,2025-Q2,Parasiticides,FleaStop Pro,False,Veterinary,Region,Midwest,1387763.73,66084
2025-05,2025-Q2,Parasiticides,FleaStop Pro,False,Veterinary,Region,West,1529383.04,72828
2025-05,2025-Q2,Parasiticides,FleaStop Pro,False,Veterinary,National,National,6503747.28,309702
2025-05,2025-Q2,Parasiticides,FleaStop Pro,False,Retail,Region,Northeast,1436438.81,68402
2025-05,2025-Q2,Parasiticides,FleaStop Pro,False,Retail,Region,South,2239296.15,106633
2025-05,2025-Q2,Parasiticides,FleaStop Pro,False,Retail,Region,Midwest,1380209.82,65724
2025-05,2025-Q2,Parasiticides,FleaStop Pro,False,Retail,Region,West,1502496.77,71547
2025-05,2025-Q2,Parasiticides,FleaStop Pro,False,Retail,National,National,6558441.56,312307
2025-05,2025-Q2,Parasiticides,FleaStop Pro,False,E-commerce,Region,Northeast,1063940.55,50664
2025-05,2025-Q2,Parasiticides,FleaStop Pro,False,E-commerce,Region,South,1630697.12,77652
2025-05,2025-Q2,Parasiticides,FleaStop Pro,False,E-commerce,Region,Midwest,938488.44,44690
2025-05,2025-Q2,Parasiticides,FleaStop Pro,False,E-commerce,Region,West,1104363.83,52589
2025-05,2025-Q2,Parasiticides,FleaStop Pro,False,E-commerce,National,National,4737489.94,225595
2025-06,2025-Q2,Parasiticides,FleaStop Pro,False,Veterinary,Region,Northeast,1508760.86,71846
2025-06,2025-Q2,Parasiticides,FleaStop Pro,False,Veterinary,Region,South,2499494.63,119024
2025-06,2025-Q2,Parasiticides,FleaStop Pro,False,Veterinary,Region,Midwest,1377073.39,65575
2025-06,2025-Q2,Parasiticides,FleaStop Pro,False,Veterinary,Region,West,1644734.51,78321
2025-06,2025-Q2,Parasiticides,FleaStop Pro,False,Veterinary,National,National,7030063.39,334765
2025-06,2025-Q2,Parasiticides,FleaStop Pro,False,Retail,Region,Northeast,1474455.35,70212
2025-06,2025-Q2,Parasiticides,FleaStop Pro,False,Retail,Region,South,2357513.6,112263
2025-06,2025-Q2,Parasiticides,FleaStop Pro,False,Retail,Region,Midwest,1454523.01,69263
2025-06,2025-Q2,Parasiticides,FleaStop Pro,False,Retail,Region,West,1683260.77,80155
2025-06,2025-Q2,Parasiticides,FleaStop Pro,False,Retail,National,National,6969752.73,331893
2025-06,2025-Q2,Parasiticides,FleaStop Pro,False,E-commerce,Region,Northeast,1060150.01,50483
2025-06,2025-Q2,Parasiticides,FleaStop Pro,False,E-commerce,Region,South,1675773.02,79799
2025-06,2025-Q2,Parasiticides,FleaStop Pro,False,E-commerce,Region,Midwest,1056693.76,50319
2025-06,2025-Q2,Parasiticides,FleaStop Pro,False,E-commerce,Region,West,1127382.82,53685
2025-06,2025-Q2,Parasiticides,FleaStop Pro,False,E-commerce,National,National,4919999.61,234286
2025-07,2025-Q3,Parasiticides,FleaStop Pro,False,Veterinary,Region,Northeast,1507921.18,71806
2025-07,2025-Q3,Parasiticides,FleaStop Pro,False,Veterinary,Region,South,2341119.09,111482
2025-07,2025-Q3,Parasiticides,FleaStop Pro,False,Veterinary,Region,Midwest,1480182.83,70485
2025-07,2025-Q3,Parasiticides,FleaStop Pro,False,Veterinary,Region,West,1534587.85,73076
2025-07,2025-Q3,Parasiticides,FleaStop Pro,False,Veterinary,National,National,6863810.95,326848
2025-07,2025-Q3,Parasiticides,FleaStop Pro,False,Retail,Region,Northeast,1486727.2,70797
2025-07,2025-Q3,Parasiticides,FleaStop Pro,False,Retail,Region,South,2351615.24,111982
2025-07,2025-Q3,Parasiticides,FleaStop Pro,False,Retail,Region,Midwest,1431317.07,68158
2025-07,2025-Q3,Parasiticides,FleaStop Pro,False,Retail,Region,West,1566776.86,74608
2025-07,2025-Q3,Parasiticides,FleaStop Pro,False,Retail,National,National,6836436.37,325545
2025-07,2025-Q3,Parasiticides,FleaStop Pro,False,E-commerce,Region,Northeast,1088650.6,51841
2025-07,2025-Q3,Parasiticides,FleaStop Pro,False,E-commerce,Region,South,1648179.08,78485
2025-07,2025-Q3,Parasiticides,FleaStop Pro,False,E-commerce,Region,Midwest,1014753.75,48322
2025-07,2025-Q3,Parasiticides,FleaStop Pro,False,E-commerce,Region,West,1153771.56,54942
2025-07,2025-Q3,Parasiticides,FleaStop Pro,False,E-commerce,National,National,4905354.98,233588
2025-08,2025-Q3,Parasiticides,FleaStop Pro,False,Veterinary,Region,Northeast,1395393.11,66447
2025-08,2025-Q3,Parasiticides,FleaStop Pro,False,Veterinary,Region,South,2097252.16,99869
2025-08,2025-Q3,Parasiticides,FleaStop Pro,False,Veterinary,Region,Midwest,1237685.5,58937
2025-08,2025-Q3,Parasiticides,FleaStop Pro,False,Veterinary,Region,West,1421508.54,67691
2025-08,2025-Q3,Parasiticides,FleaStop Pro,False,Veterinary,National,National,6151839.31,292945
2025-08,2025-Q3,Parasiticides,FleaStop Pro,False,Retail,Region,Northeast,1361489.95,64833
2025-08,2025-Q3,Parasiticides,FleaStop Pro,False,Retail,Region,South,2141484.49,101975
2025-08,2025-Q3,Parasiticides,FleaStop Pro,False,Retail,Region,Midwest,1338070.5,63718
2025-08,2025-Q3,Parasiticides,FleaStop Pro,False,Retail,Region,West,1400700.08,66700
2025-08,2025-Q3,Parasiticides,FleaStop Pro,False,Retail,National,National,6241745.02,297226
2025-08,2025-Q3,Parasiticides,FleaStop Pro,False,E-commerce,Region,Northeast,976336.25,46492
2025-08,2025-Q3,Parasiticides,FleaStop Pro,False,E-commerce,Region,South,1513590.52,72076
2025-08,2025-Q3,Parasiticides,FleaStop Pro,False,E-commerce,Region,Midwest,924149.72,44007
2025-08,2025-Q3,Parasiticides,FleaStop Pro,False,E-commerce,Region,West,1019505.07,48548
2025-08,2025-Q3,Parasiticides,FleaStop Pro,False,E-commerce,National,National,4433581.56,211123
2025-09,2025-Q3,Parasiticides,FleaStop Pro,False,Veterinary,Region,Northeast,1174784.03,55942
2025-09,2025-Q3,Parasiticides,FleaStop Pro,False,Veterinary,Region,South,1787993.6,85143
2025-09,2025-Q3,Parasiticides,FleaStop Pro,False,Veterinary,Region,Midwest,1096046.73,52193
2025-09,2025-Q3,Parasiticides,FleaStop Pro,False,Veterinary,Region,West,1240433.26,59068
2025-09,2025-Q3,Parasiticides,FleaStop Pro,False,Veterinary,National,National,5299257.63,252346
2025-09,2025-Q3,Parasiticides,FleaStop Pro,False,Retail,Region,Northeast,1170510.89,55739
2025-09,2025-Q3,Parasiticides,FleaStop Pro,False,Retail,Region,South,1779297.78,84728
2025-09,2025-Q3,Parasiticides,FleaStop Pro,False,Retail,Region,Midwest,1129214.21,53772
2025-09,2025-Q3,Parasiticides,FleaStop Pro,False,Retail,Region,West,1232553.41,58693
2025-09,2025-Q3,Parasiticides,FleaStop Pro,False,Retail,National,National,5311576.29,252932
2025-09,2025-Q3,Parasiticides,FleaStop Pro,False,E-commerce,Region,Northeast,862683.67,41080
2025-09,2025-Q3,Parasiticides,FleaStop Pro,False,E-commerce,Region,South,1411638.44,67221
2025-09,2025-Q3,Parasiticides,FleaStop Pro,False,E-commerce,Region,Midwest,872375.09,41542
2025-09,2025-Q3,Parasiticides,FleaStop Pro,False,E-commerce,Region,West,932951.93,44426
2025-09,2025-Q3,Parasiticides,FleaStop Pro,False,E-commerce,National,National,4079649.13,194269
2025-10,2025-Q4,Parasiticides,FleaStop Pro,False,Veterinary,Region,Northeast,976348.08,46493
2025-10,2025-Q4,Parasiticides,FleaStop Pro,False,Veterinary,Region,South,1484025.65,70668
2025-10,2025-Q4,Parasiticides,FleaStop Pro,False,Veterinary,Region,Midwest,941986.8,44857
2025-10,2025-Q4,Parasiticides,FleaStop Pro,False,Veterinary,Region,West,1054752.16,50226
2025-10,2025-Q4,Parasiticides,FleaStop Pro,False,Veterinary,National,National,4457112.69,212243
2025-10,2025-Q4,Parasiticides,FleaStop Pro,False,Retail,Region,Northeast,982218.05,46772
2025-10,2025-Q4,Parasiticides,FleaStop Pro,False,Retail,Region,South,1534317.08,73063
2025-10,2025-Q4,Parasiticides,FleaStop Pro,False,Retail,Region,Midwest,959821.71,45706
2025-10,2025-Q4,Parasiticides,FleaStop Pro,False,Retail,Region,West,1014001.99,48286
2025-10,2025-Q4,Parasiticides,FleaStop Pro,False,Retail,National,National,4490358.83,213827
2025-10,2025-Q4,Parasiticides,FleaStop Pro,False,E-commerce,Region,Northeast,723005.07,34429
2025-10,2025-Q4,Parasiticides,FleaStop Pro,False,E-commerce,Region,South,1187952.84,56569
2025-10,2025-Q4,Parasiticides,FleaStop Pro,False,E-commerce,Region,Midwest,680702.32,32414
2025-10,2025-Q4,Parasiticides,FleaStop Pro,False,E-commerce,Region,West,824335.78,39254
2025-10,2025-Q4,Parasiticides,FleaStop Pro,False,E-commerce,National,National,3415996.01,162666
2025-11,2025-Q4,Parasiticides,FleaStop Pro,False,Veterinary,Region,Northeast,824437.78,39259
2025-11,2025-Q4,Parasiticides,FleaStop Pro,False,Veterinary,Region,South,1268939.14,60426
2025-11,2025-Q4,Parasiticides,FleaStop Pro,False,Veterinary,Region,Midwest,823673.08,39223
2025-11,2025-Q4,Parasiticides,FleaStop Pro,False,Veterinary,Region,West,832756.28,39655
2025-11,2025-Q4,Parasiticides,FleaStop Pro,False,Veterinary,National,National,3749806.28,178562
2025-11,2025-Q4,Parasiticides,FleaStop Pro,False,Retail,Region,Northeast,812673.17,38699
2025-11,2025-Q4,Parasiticides,FleaStop Pro,False,Retail,Region,South,1277890.6,60852
2025-11,2025-Q4,Parasiticides,FleaStop Pro,False,Retail,Region,Midwest,797394.9,37971
2025-11,2025-Q4,Parasiticides,FleaStop Pro,False,Retail,Region,West,853672.33,40651
2025-11,2025-Q4,Parasiticides,FleaStop Pro,False,Retail,National,National,3741630.99,178173
2025-11,2025-Q4,Parasiticides,FleaStop Pro,False,E-commerce,Region,Northeast,657670.43,31318
2025-11,2025-Q4,Parasiticides,FleaStop Pro,False,E-commerce,Region,South,1015855.97,48374
2025-11,2025-Q4,Parasiticides,FleaStop Pro,False,E-commerce,Region,Midwest,609634.74,29030
2025-11,2025-Q4,Parasiticides,FleaStop Pro,False,E-commerce,Region,West,717319.58,34158
2025-11,2025-Q4,Parasiticides,FleaStop Pro,False,E-commerce,National,National,3000480.72,142880
2025-12,2025-Q4,Parasiticides,FleaStop Pro,False,Veterinary,Region,Northeast,699145.79,33293
2025-12,2025-Q4,Parasiticides,FleaStop Pro,False,Veterinary,Region,South,1136208.65,54105
2025-12,2025-Q4,Parasiticides,FleaStop Pro,False,Veterinary,Region,Midwest,689626.27,32839
2025-12,2025-Q4,Parasiticides,FleaStop Pro,False,Veterinary,Region,West,769560.42,36646
2025-12,2025-Q4,Parasiticides,FleaStop Pro,False,Veterinary,National,National,3294541.13,156883
2025-12,2025-Q4,Parasiticides,FleaStop Pro,False,Retail,Region,Northeast,738277.48,35156
2025-12,2025-Q4,Parasiticides,FleaStop Pro,False,Retail,Region,South,1126522.39,53644
2025-12,2025-Q4,Parasiticides,FleaStop Pro,False,Retail,Region,Midwest,704146.99,33531
2025-12,2025-Q4,Parasiticides,FleaStop Pro,False,Retail,Region,West,770310.84,36681
2025-12,2025-Q4,Parasiticides,FleaStop Pro,False,Retail,National,National,3339257.7,159012
2025-12,2025-Q4,Parasiticides,FleaStop Pro,False,E-commerce,Region,Northeast,604678.55,28794
2025-12,2025-Q4,Parasiticides,FleaStop Pro,False,E-commerce,Region,South,906766.08,43179
2025-12,2025-Q4,Parasiticides,FleaStop Pro,False,E-commerce,Region,Midwest,581223.73,27677
2025-12,2025-Q4,Parasiticides,FleaStop Pro,False,E-commerce,Region,West,633341.69,30159
2025-12,2025-Q4,Parasiticides,FleaStop Pro,False,E-commerce,National,National,2726010.06,129810
2026-01,2026-Q1,Parasiticides,FleaStop Pro,False,Veterinary,Region,Northeast,836267.74,39822
2026-01,2026-Q1,Parasiticides,FleaStop Pro,False,Veterinary,Region,South,1288020.69,61334
2026-01,2026-Q1,Parasiticides,FleaStop Pro,False,Veterinary,Region,Midwest,795204.09,37867
2026-01,2026-Q1,Parasiticides,FleaStop Pro,False,Veterinary,Region,West,838081.62,39909
2026-01,2026-Q1,Parasiticides,FleaStop Pro,False,Veterinary,National,National,3757574.14,178932
2026-01,2026-Q1,Parasiticides,FleaStop Pro,False,Retail,Region,Northeast,842288.16,40109
2026-01,2026-Q1,Parasiticides,FleaStop Pro,False,Retail,Region,South,1239990.79,59047
2026-01,2026-Q1,Parasiticides,FleaStop Pro,False,Retail,Region,Midwest,817461.78,38927
2026-01,2026-Q1,Parasiticides,FleaStop Pro,False,Retail,Region,West,869607.05,41410
2026-01,2026-Q1,Parasiticides,FleaStop Pro,False,Retail,National,National,3769347.78,179493
2026-01,2026-Q1,Parasiticides,FleaStop Pro,False,E-commerce,Region,Northeast,691891.67,32947
2026-01,2026-Q1,Parasiticides,FleaStop Pro,False,E-commerce,Region,South,1073278.97,51109
2026-01,2026-Q1,Parasiticides,FleaStop Pro,False,E-commerce,Region,Midwest,626110.31,29815
2026-01,2026-Q1,Parasiticides,FleaStop Pro,False,E-commerce,Region,West,692992.69,33000
2026-01,2026-Q1,Parasiticides,FleaStop Pro,False,E-commerce,National,National,3084273.63,146870
2026-02,2026-Q1,Parasiticides,FleaStop Pro,False,Veterinary,Region,Northeast,918333.48,43730
2026-02,2026-Q1,Parasiticides,FleaStop Pro,False,Veterinary,Region,South,1448851.71,68993
2026-02,2026-Q1,Parasiticides,FleaStop Pro,False,Veterinary,Region,Midwest,859553.18,40931
2026-02,2026-Q1,Parasiticides,FleaStop Pro,False,Veterinary,Region,West,976599.41,46505
2026-02,2026-Q1,Parasiticides,FleaStop Pro,False,Veterinary,National,National,4203337.77,200159
2026-02,2026-Q1,Parasiticides,FleaStop Pro,False,Retail,Region,Northeast,930405.62,44305
2026-02,2026-Q1,Parasiticides,FleaStop Pro,False,Retail,Region,South,1416696.78,67462
2026-02,2026-Q1,Parasiticides,FleaStop Pro,False,Retail,Region,Midwest,955615.1,45505
2026-02,2026-Q1,Parasiticides,FleaStop Pro,False,Retail,Region,West,984474.69,46880
2026-02,2026-Q1,Parasiticides,FleaStop Pro,False,Retail,National,National,4287192.19,204152
2026-02,2026-Q1,Parasiticides,FleaStop Pro,False,E-commerce,Region,Northeast,789444.93,37593
2026-02,2026-Q1,Parasiticides,FleaStop Pro,False,E-commerce,Region,South,1188131.26,56578
2026-02,2026-Q1,Parasiticides,FleaStop Pro,False,E-commerce,Region,Midwest,734041.04,34954
2026-02,2026-Q1,Parasiticides,FleaStop Pro,False,E-commerce,Region,West,829384.77,39495
2026-02,2026-Q1,Parasiticides,FleaStop Pro,False,E-commerce,National,National,3541001.99,168619
2026-03,2026-Q1,Parasiticides,FleaStop Pro,False,Veterinary,Region,Northeast,1156422.45,55068
2026-03,2026-Q1,Parasiticides,FleaStop Pro,False,Veterinary,Region,South,1759435.38,83783
2026-03,2026-Q1,Parasiticides,FleaStop Pro,False,Veterinary,Region,Midwest,1063850.87,50660
2026-03,2026-Q1,Parasiticides,FleaStop Pro,False,Veterinary,Region,West,1201063.5,57194
2026-03,2026-Q1,Parasiticides,FleaStop Pro,False,Veterinary,National,National,5180772.2,246703
2026-03,2026-Q1,Parasiticides,FleaStop Pro,False,Retail,Region,Northeast,1229227.46,58535
2026-03,2026-Q1,Parasiticides,FleaStop Pro,False,Retail,Region,South,1860824.29,88611
2026-03,2026-Q1,Parasiticides,FleaStop Pro,False,Retail,Region,Midwest,1121484.95,53404
2026-03,2026-Q1,Parasiticides,FleaStop Pro,False,Retail,Region,West,1281447.52,61021
2026-03,2026-Q1,Parasiticides,FleaStop Pro,False,Retail,National,National,5492984.22,261571
2026-03,2026-Q1,Parasiticides,FleaStop Pro,False,E-commerce,Region,Northeast,1043742.25,49702
2026-03,2026-Q1,Parasiticides,FleaStop Pro,False,E-commerce,Region,South,1562140.22,74388
2026-03,2026-Q1,Parasiticides,FleaStop Pro,False,E-commerce,Region,Midwest,996360.59,47446
2026-03,2026-Q1,Parasiticides,FleaStop Pro,False,E-commerce,Region,West,1065012.86,50715
2026-03,2026-Q1,Parasiticides,FleaStop Pro,False,E-commerce,National,National,4667255.92,222250
2024-04,2024-Q2,Parasiticides,VetSelect Flea & Tick,False,Veterinary,Region,Northeast,1215827.27,71519
2024-04,2024-Q2,Parasiticides,VetSelect Flea & Tick,False,Veterinary,Region,South,1877644.28,110450
2024-04,2024-Q2,Parasiticides,VetSelect Flea & Tick,False,Veterinary,Region,Midwest,1198021.54,70472
2024-04,2024-Q2,Parasiticides,VetSelect Flea & Tick,False,Veterinary,Region,West,1248256.07,73427
2024-04,2024-Q2,Parasiticides,VetSelect Flea & Tick,False,Veterinary,National,National,5539749.16,325868
2024-04,2024-Q2,Parasiticides,VetSelect Flea & Tick,False,Retail,Region,Northeast,2423428.85,142555
2024-04,2024-Q2,Parasiticides,VetSelect Flea & Tick,False,Retail,Region,South,3912347.51,230138
2024-04,2024-Q2,Parasiticides,VetSelect Flea & Tick,False,Retail,Region,Midwest,2308171.59,135775
2024-04,2024-Q2,Parasiticides,VetSelect Flea & Tick,False,Retail,Region,West,2620730.41,154161
2024-04,2024-Q2,Parasiticides,VetSelect Flea & Tick,False,Retail,National,National,11264678.36,662628
2024-04,2024-Q2,Parasiticides,VetSelect Flea & Tick,False,E-commerce,Region,Northeast,893320.76,52548
2024-04,2024-Q2,Parasiticides,VetSelect Flea & Tick,False,E-commerce,Region,South,1417607.51,83389
2024-04,2024-Q2,Parasiticides,VetSelect Flea & Tick,False,E-commerce,Region,Midwest,916029.96,53884
2024-04,2024-Q2,Parasiticides,VetSelect Flea & Tick,False,E-commerce,Region,West,979473.75,57616
2024-04,2024-Q2,Parasiticides,VetSelect Flea & Tick,False,E-commerce,National,National,4206431.99,247437
2024-05,2024-Q2,Parasiticides,VetSelect Flea & Tick,False,Veterinary,Region,Northeast,1437466.99,84557
2024-05,2024-Q2,Parasiticides,VetSelect Flea & Tick,False,Veterinary,Region,South,2195676.27,129157
2024-05,2024-Q2,Parasiticides,VetSelect Flea & Tick,False,Veterinary,Region,Midwest,1271030.13,74766
2024-05,2024-Q2,Parasiticides,VetSelect Flea & Tick,False,Veterinary,Region,West,1486215.2,87424
2024-05,2024-Q2,Parasiticides,VetSelect Flea & Tick,False,Veterinary,National,National,6390388.59,375905
2024-05,2024-Q2,Parasiticides,VetSelect Flea & Tick,False,Retail,Region,Northeast,2664869.21,156757
2024-05,2024-Q2,Parasiticides,VetSelect Flea & Tick,False,Retail,Region,South,4193664.79,246686
2024-05,2024-Q2,Parasiticides,VetSelect Flea & Tick,False,Retail,Region,Midwest,2592755.06,152515
2024-05,2024-Q2,Parasiticides,VetSelect Flea & Tick,False,Retail,Region,West,2929759.85,172339
2024-05,2024-Q2,Parasiticides,VetSelect Flea & Tick,False,Retail,National,National,12381048.91,728297
2024-05,2024-Q2,Parasiticides,VetSelect Flea & Tick,False,E-commerce,Region,Northeast,1012991.88,59588
2024-05,2024-Q2,Parasiticides,VetSelect Flea & Tick,False,E-commerce,Region,South,1642396.09,96612
2024-05,2024-Q2,Parasiticides,VetSelect Flea & Tick,False,E-commerce,Region,Midwest,1016587.58,59799
2024-05,2024-Q2,Parasiticides,VetSelect Flea & Tick,False,E-commerce,Region,West,1122859.89,66051
2024-05,2024-Q2,Parasiticides,VetSelect Flea & Tick,False,E-commerce,National,National,4794835.45,282049
2024-06,2024-Q2,Parasiticides,VetSelect Flea & Tick,False,Veterinary,Region,Northeast,1432941.51,84291
2024-06,2024-Q2,Parasiticides,VetSelect Flea & Tick,False,Veterinary,Region,South,2103939.98,123761
2024-06,2024-Q2,Parasiticides,VetSelect Flea & Tick,False,Veterinary,Region,Midwest,1373529.97,80796
2024-06,2024-Q2,Parasiticides,VetSelect Flea & Tick,False,Veterinary,Region,West,1469665.28,86451
2024-06,2024-Q2,Parasiticides,VetSelect Flea & Tick,False,Veterinary,National,National,6380076.74,375299
2024-06,2024-Q2,Parasiticides,VetSelect Flea & Tick,False,Retail,Region,Northeast,2676291.18,157429
2024-06,2024-Q2,Parasiticides,VetSelect Flea & Tick,False,Retail,Region,South,4370264.14,257074
2024-06,2024-Q2,Parasiticides,VetSelect Flea & Tick,False,Retail,Region,Midwest,2680991.66,157705
2024-06,2024-Q2,Parasiticides,VetSelect Flea & Tick,False,Retail,Region,West,2889451.77,169968
2024-06,2024-Q2,Parasiticides,VetSelect Flea & Tick,False,Retail,National,National,12616998.75,742176
2024-06,2024-Q2,Parasiticides,VetSelect Flea & Tick,False,E-commerce,Region,Northeast,1079279.4,63487
2024-06,2024-Q2,Parasiticides,VetSelect Flea & Tick,False,E-commerce,Region,South,1693360.45,99609
2024-06,2024-Q2,Parasiticides,VetSelect Flea & Tick,False,E-commerce,Region,Midwest,1007911.38,59289
2024-06,2024-Q2,Parasiticides,VetSelect Flea & Tick,False,E-commerce,Region,West,1212346.46,71314
2024-06,2024-Q2,Parasiticides,VetSelect Flea & Tick,False,E-commerce,National,National,4992897.69,293700
2024-07,2024-Q3,Parasiticides,VetSelect Flea & Tick,False,Veterinary,Region,Northeast,1280971.04,75351
2024-07,2024-Q3,Parasiticides,VetSelect Flea & Tick,False,Veterinary,Region,South,2089123.68,122890
2024-07,2024-Q3,Parasiticides,VetSelect Flea & Tick,False,Veterinary,Region,Midwest,1269388.14,74670
2024-07,2024-Q3,Parasiticides,VetSelect Flea & Tick,False,Veterinary,Region,West,1395824.57,82107
2024-07,2024-Q3,Parasiticides,VetSelect Flea & Tick,False,Veterinary,National,National,6035307.43,355018
2024-07,2024-Q3,Parasiticides,VetSelect Flea & Tick,False,Retail,Region,Northeast,2776212.44,163307
2024-07,2024-Q3,Parasiticides,VetSelect Flea & Tick,False,Retail,Region,South,4065353.89,239138
2024-07,2024-Q3,Parasiticides,VetSelect Flea & Tick,False,Retail,Region,Midwest,2455113.23,144418
2024-07,2024-Q3,Parasiticides,VetSelect Flea & Tick,False,Retail,Region,West,2846401.29,167435
2024-07,2024-Q3,Parasiticides,VetSelect Flea & Tick,False,Retail,National,National,12143080.86,714299
2024-07,2024-Q3,Parasiticides,VetSelect Flea & Tick,False,E-commerce,Region,Northeast,1098287.44,64605
2024-07,2024-Q3,Parasiticides,VetSelect Flea & Tick,False,E-commerce,Region,South,1641495.31,96559
2024-07,2024-Q3,Parasiticides,VetSelect Flea & Tick,False,E-commerce,Region,Midwest,985030.83,57943
2024-07,2024-Q3,Parasiticides,VetSelect Flea & Tick,False,E-commerce,Region,West,1163108.98,68418
2024-07,2024-Q3,Parasiticides,VetSelect Flea & Tick,False,E-commerce,National,National,4887922.56,287525
2024-08,2024-Q3,Parasiticides,VetSelect Flea & Tick,False,Veterinary,Region,Northeast,1159205.04,68189
2024-08,2024-Q3,Parasiticides,VetSelect Flea & Tick,False,Veterinary,Region,South,1912208.34,112483
2024-08,2024-Q3,Parasiticides,VetSelect Flea & Tick,False,Veterinary,Region,Midwest,1104176.8,64952
2024-08,2024-Q3,Parasiticides,VetSelect Flea & Tick,False,Veterinary,Region,West,1245676.36,73275
2024-08,2024-Q3,Parasiticides,VetSelect Flea & Tick,False,Veterinary,National,National,5421266.54,318898
2024-08,2024-Q3,Parasiticides,VetSelect Flea & Tick,False,Retail,Region,Northeast,2402012.68,141295
2024-08,2024-Q3,Parasiticides,VetSelect Flea & Tick,False,Retail,Region,South,3768152.81,221656
2024-08,2024-Q3,Parasiticides,VetSelect Flea & Tick,False,Retail,Region,Midwest,2313473.47,136087
2024-08,2024-Q3,Parasiticides,VetSelect Flea & Tick,False,Retail,Region,West,2550956.18,150056
2024-08,2024-Q3,Parasiticides,VetSelect Flea & Tick,False,Retail,National,National,11034595.14,649094
2024-08,2024-Q3,Parasiticides,VetSelect Flea & Tick,False,E-commerce,Region,Northeast,1048634.44,61684
2024-08,2024-Q3,Parasiticides,VetSelect Flea & Tick,False,E-commerce,Region,South,1600171.05,94128
2024-08,2024-Q3,Parasiticides,VetSelect Flea & Tick,False,E-commerce,Region,Midwest,998161.5,58715
2024-08,2024-Q3,Parasiticides,VetSelect Flea & Tick,False,E-commerce,Region,West,1108147.92,65185
2024-08,2024-Q3,Parasiticides,VetSelect Flea & Tick,False,E-commerce,National,National,4755114.9,279713
2024-09,2024-Q3,Parasiticides,VetSelect Flea & Tick,False,Veterinary,Region,Northeast,1003189.75,59011
2024-09,2024-Q3,Parasiticides,VetSelect Flea & Tick,False,Veterinary,Region,South,1571647.49,92450
2024-09,2024-Q3,Parasiticides,VetSelect Flea & Tick,False,Veterinary,Region,Midwest,1004213.96,59071
2024-09,2024-Q3,Parasiticides,VetSelect Flea & Tick,False,Veterinary,Region,West,1074502.18,63206
2024-09,2024-Q3,Parasiticides,VetSelect Flea & Tick,False,Veterinary,National,National,4653553.39,273738
2024-09,2024-Q3,Parasiticides,VetSelect Flea & Tick,False,Retail,Region,Northeast,2168855.14,127580
2024-09,2024-Q3,Parasiticides,VetSelect Flea & Tick,False,Retail,Region,South,3316857.8,195109
2024-09,2024-Q3,Parasiticides,VetSelect Flea & Tick,False,Retail,Region,Midwest,2050931.58,120643
2024-09,2024-Q3,Parasiticides,VetSelect Flea & Tick,False,Retail,Region,West,2060634.36,121214
2024-09,2024-Q3,Parasiticides,VetSelect Flea & Tick,False,Retail,National,National,9597278.87,564546
2024-09,2024-Q3,Parasiticides,VetSelect Flea & Tick,False,E-commerce,Region,Northeast,901706.07,53042
2024-09,2024-Q3,Parasiticides,VetSelect Flea & Tick,False,E-commerce,Region,South,1366340.74,80373
2024-09,2024-Q3,Parasiticides,VetSelect Flea & Tick,False,E-commerce,Region,Midwest,839923.69,49407
2024-09,2024-Q3,Parasiticides,VetSelect Flea & Tick,False,E-commerce,Region,West,903895.38,53170
2024-09,2024-Q3,Parasiticides,VetSelect Flea & Tick,False,E-commerce,National,National,4011865.88,235992
2024-10,2024-Q4,Parasiticides,VetSelect Flea & Tick,False,Veterinary,Region,Northeast,827586.0,48682
2024-10,2024-Q4,Parasiticides,VetSelect Flea & Tick,False,Veterinary,Region,South,1295056.99,76180
2024-10,2024-Q4,Parasiticides,VetSelect Flea & Tick,False,Veterinary,Region,Midwest,745168.6,43833
2024-10,2024-Q4,Parasiticides,VetSelect Flea & Tick,False,Veterinary,Region,West,860125.63,50596
2024-10,2024-Q4,Parasiticides,VetSelect Flea & Tick,False,Veterinary,National,National,3727937.22,219290
2024-10,2024-Q4,Parasiticides,VetSelect Flea & Tick,False,Retail,Region,Northeast,1692816.06,99577
2024-10,2024-Q4,Parasiticides,VetSelect Flea & Tick,False,Retail,Region,South,2585028.15,152060
2024-10,2024-Q4,Parasiticides,VetSelect Flea & Tick,False,Retail,Region,Midwest,1662873.2,97816
2024-10,2024-Q4,Parasiticides,VetSelect Flea & Tick,False,Retail,Region,West,1782288.85,104841
2024-10,2024-Q4,Parasiticides,VetSelect Flea & Tick,False,Retail,National,National,7723006.26,454294
2024-10,2024-Q4,Parasiticides,VetSelect Flea & Tick,False,E-commerce,Region,Northeast,727110.77,42771
2024-10,2024-Q4,Parasiticides,VetSelect Flea & Tick,False,E-commerce,Region,South,1119929.17,65878
2024-10,2024-Q4,Parasiticides,VetSelect Flea & Tick,False,E-commerce,Region,Midwest,714034.68,42002
2024-10,2024-Q4,Parasiticides,VetSelect Flea & Tick,False,E-commerce,Region,West,775260.08,45604
2024-10,2024-Q4,Parasiticides,VetSelect Flea & Tick,False,E-commerce,National,National,3336334.71,196255
2024-11,2024-Q4,Parasiticides,VetSelect Flea & Tick,False,Veterinary,Region,Northeast,657904.62,38700
2024-11,2024-Q4,Parasiticides,VetSelect Flea & Tick,False,Veterinary,Region,South,1037367.43,61022
2024-11,2024-Q4,Parasiticides,VetSelect Flea & Tick,False,Veterinary,Region,Midwest,652084.91,38358
2024-11,2024-Q4,Parasiticides,VetSelect Flea & Tick,False,Veterinary,Region,West,683391.19,40199
2024-11,2024-Q4,Parasiticides,VetSelect Flea & Tick,False,Veterinary,National,National,3030748.14,178279
2024-11,2024-Q4,Parasiticides,VetSelect Flea & Tick,False,Retail,Region,Northeast,1460537.46,85914
2024-11,2024-Q4,Parasiticides,VetSelect Flea & Tick,False,Retail,Region,South,2169625.96,127625
2024-11,2024-Q4,Parasiticides,VetSelect Flea & Tick,False,Retail,Region,Midwest,1486469.23,87439
2024-11,2024-Q4,Parasiticides,VetSelect Flea & Tick,False,Retail,Region,West,1462405.98,86024
2024-11,2024-Q4,Parasiticides,VetSelect Flea & Tick,False,Retail,National,National,6579038.63,387002
2024-11,2024-Q4,Parasiticides,VetSelect Flea & Tick,False,E-commerce,Region,Northeast,618115.72,36360
2024-11,2024-Q4,Parasiticides,VetSelect Flea & Tick,False,E-commerce,Region,South,984157.76,57892
2024-11,2024-Q4,Parasiticides,VetSelect Flea & Tick,False,E-commerce,Region,Midwest,587984.32,34587
2024-11,2024-Q4,Parasiticides,VetSelect Flea & Tick,False,E-commerce,Region,West,678335.75,39902
2024-11,2024-Q4,Parasiticides,VetSelect Flea & Tick,False,E-commerce,National,National,2868593.55,168741
2024-12,2024-Q4,Parasiticides,VetSelect Flea & Tick,False,Veterinary,Region,Northeast,652835.05,38402
2024-12,2024-Q4,Parasiticides,VetSelect Flea & Tick,False,Veterinary,Region,South,1026088.26,60358
2024-12,2024-Q4,Parasiticides,VetSelect Flea & Tick,False,Veterinary,Region,Midwest,620699.17,36512
2024-12,2024-Q4,Parasiticides,VetSelect Flea & Tick,False,Veterinary,Region,West,690538.78,40620
2024-12,2024-Q4,Parasiticides,VetSelect Flea & Tick,False,Veterinary,National,National,2990161.26,175892
2024-12,2024-Q4,Parasiticides,VetSelect Flea & Tick,False,Retail,Region,Northeast,1487846.26,87520
2024-12,2024-Q4,Parasiticides,VetSelect Flea & Tick,False,Retail,Region,South,2263848.73,133168
2024-12,2024-Q4,Parasiticides,VetSelect Flea & Tick,False,Retail,Region,Midwest,1324788.66,77929
2024-12,2024-Q4,Parasiticides,VetSelect Flea & Tick,False,Retail,Region,West,1560583.89,91799
2024-12,2024-Q4,Parasiticides,VetSelect Flea & Tick,False,Retail,National,National,6637067.53,390416
2024-12,2024-Q4,Parasiticides,VetSelect Flea & Tick,False,E-commerce,Region,Northeast,662680.56,38981
2024-12,2024-Q4,Parasiticides,VetSelect Flea & Tick,False,E-commerce,Region,South,1004081.86,59064
2024-12,2024-Q4,Parasiticides,VetSelect Flea & Tick,False,E-commerce,Region,Midwest,599161.05,35245
2024-12,2024-Q4,Parasiticides,VetSelect Flea & Tick,False,E-commerce,Region,West,670783.33,39458
2024-12,2024-Q4,Parasiticides,VetSelect Flea & Tick,False,E-commerce,National,National,2936706.79,172747
2025-01,2025-Q1,Parasiticides,VetSelect Flea & Tick,False,Veterinary,Region,Northeast,675576.2,39740
2025-01,2025-Q1,Parasiticides,VetSelect Flea & Tick,False,Veterinary,Region,South,1019853.07,59991
2025-01,2025-Q1,Parasiticides,VetSelect Flea & Tick,False,Veterinary,Region,Midwest,593307.49,34900
2025-01,2025-Q1,Parasiticides,VetSelect Flea & Tick,False,Veterinary,Region,West,715866.78,42110
2025-01,2025-Q1,Parasiticides,VetSelect Flea & Tick,False,Veterinary,National,National,3004603.55,176741
2025-01,2025-Q1,Parasiticides,VetSelect Flea & Tick,False,Retail,Region,Northeast,1465825.44,86225
2025-01,2025-Q1,Parasiticides,VetSelect Flea & Tick,False,Retail,Region,South,2325305.78,136783
2025-01,2025-Q1,Parasiticides,VetSelect Flea & Tick,False,Retail,Region,Midwest,1385522.87,81501
2025-01,2025-Q1,Parasiticides,VetSelect Flea & Tick,False,Retail,Region,West,1532317.36,90136
2025-01,2025-Q1,Parasiticides,VetSelect Flea & Tick,False,Retail,National,National,6708971.45,394645
2025-01,2025-Q1,Parasiticides,VetSelect Flea & Tick,False,E-commerce,Region,Northeast,689776.26,40575
2025-01,2025-Q1,Parasiticides,VetSelect Flea & Tick,False,E-commerce,Region,South,1043504.39,61383
2025-01,2025-Q1,Parasiticides,VetSelect Flea & Tick,False,E-commerce,Region,Midwest,642610.01,37801
2025-01,2025-Q1,Parasiticides,VetSelect Flea & Tick,False,E-commerce,Region,West,765070.43,45004
2025-01,2025-Q1,Parasiticides,VetSelect Flea & Tick,False,E-commerce,National,National,3140961.09,184762
2025-02,2025-Q1,Parasiticides,VetSelect Flea & Tick,False,Veterinary,Region,Northeast,794950.86,46762
2025-02,2025-Q1,Parasiticides,VetSelect Flea & Tick,False,Veterinary,Region,South,1285944.28,75644
2025-02,2025-Q1,Parasiticides,VetSelect Flea & Tick,False,Veterinary,Region,Midwest,736751.69,43338
2025-02,2025-Q1,Parasiticides,VetSelect Flea & Tick,False,Veterinary,Region,West,801064.41,47121
2025-02,2025-Q1,Parasiticides,VetSelect Flea & Tick,False,Veterinary,National,National,3618711.24,212865
2025-02,2025-Q1,Parasiticides,VetSelect Flea & Tick,False,Retail,Region,Northeast,1677616.45,98683
2025-02,2025-Q1,Parasiticides,VetSelect Flea & Tick,False,Retail,Region,South,2752438.65,161908
2025-02,2025-Q1,Parasiticides,VetSelect Flea & Tick,False,Retail,Region,Midwest,1704652.21,100274
2025-02,2025-Q1,Parasiticides,VetSelect Flea & Tick,False,Retail,Region,West,1873369.63,110198
2025-02,2025-Q1,Parasiticides,VetSelect Flea & Tick,False,Retail,National,National,8008076.93,471063
2025-02,2025-Q1,Parasiticides,VetSelect Flea & Tick,False,E-commerce,Region,Northeast,785468.84,46204
2025-02,2025-Q1,Parasiticides,VetSelect Flea & Tick,False,E-commerce,Region,South,1303466.56,76675
2025-02,2025-Q1,Parasiticides,VetSelect Flea & Tick,False,E-commerce,Region,Midwest,809569.82,47622
2025-02,2025-Q1,Parasiticides,VetSelect Flea & Tick,False,E-commerce,Region,West,853429.74,50202
2025-02,2025-Q1,Parasiticides,VetSelect Flea & Tick,False,E-commerce,National,National,3751934.97,220702
2025-03,2025-Q1,Parasiticides,VetSelect Flea & Tick,False,Veterinary,Region,Northeast,972285.42,57193
2025-03,2025-Q1,Parasiticides,VetSelect Flea & Tick,False,Veterinary,Region,South,1488994.52,87588
2025-03,2025-Q1,Parasiticides,VetSelect Flea & Tick,False,Veterinary,Region,Midwest,927172.99,54540
2025-03,2025-Q1,Parasiticides,VetSelect Flea & Tick,False,Veterinary,Region,West,963825.96,56696
2025-03,2025-Q1,Parasiticides,VetSelect Flea & Tick,False,Veterinary,National,National,4352278.88,256016
2025-03,2025-Q1,Parasiticides,VetSelect Flea & Tick,False,Retail,Region,Northeast,2128949.68,125232
2025-03,2025-Q1,Parasiticides,VetSelect Flea & Tick,False,Retail,Region,South,3187213.52,187483
2025-03,2025-Q1,Parasiticides,VetSelect Flea & Tick,False,Retail,Region,Midwest,2081569.94,122445
2025-03,2025-Q1,Parasiticides,VetSelect Flea & Tick,False,Retail,Region,West,2273031.19,133708
2025-03,2025-Q1,Parasiticides,VetSelect Flea & Tick,False,Retail,National,National,9670764.33,568868
2025-03,2025-Q1,Parasiticides,VetSelect Flea & Tick,False,E-commerce,Region,Northeast,1016103.28,59771
2025-03,2025-Q1,Parasiticides,VetSelect Flea & Tick,False,E-commerce,Region,South,1589034.33,93473
2025-03,2025-Q1,Parasiticides,VetSelect Flea & Tick,False,E-commerce,Region,Midwest,927375.18,54551
2025-03,2025-Q1,Parasiticides,VetSelect Flea & Tick,False,E-commerce,Region,West,1092870.51,64287
2025-03,2025-Q1,Parasiticides,VetSelect Flea & Tick,False,E-commerce,National,National,4625383.29,272081
2025-04,2025-Q2,Parasiticides,VetSelect Flea & Tick,False,Veterinary,Region,Northeast,1101478.33,64793
2025-04,2025-Q2,Parasiticides,VetSelect Flea & Tick,False,Veterinary,Region,South,1752460.29,103086
2025-04,2025-Q2,Parasiticides,VetSelect Flea & Tick,False,Veterinary,Region,Midwest,1023586.49,60211
2025-04,2025-Q2,Parasiticides,VetSelect Flea & Tick,False,Veterinary,Region,West,1188305.03,69900
2025-04,2025-Q2,Parasiticides,VetSelect Flea & Tick,False,Veterinary,National,National,5065830.15,297990
2025-04,2025-Q2,Parasiticides,VetSelect Flea & Tick,False,Retail,Region,Northeast,2506801.68,147459
2025-04,2025-Q2,Parasiticides,VetSelect Flea & Tick,False,Retail,Region,South,3863045.18,227238
2025-04,2025-Q2,Parasiticides,VetSelect Flea & Tick,False,Retail,Region,Midwest,2423750.43,142574
2025-04,2025-Q2,Parasiticides,VetSelect Flea & Tick,False,Retail,Region,West,2513347.71,147844
2025-04,2025-Q2,Parasiticides,VetSelect Flea & Tick,False,Retail,National,National,11306945.0,665114
2025-04,2025-Q2,Parasiticides,VetSelect Flea & Tick,False,E-commerce,Region,Northeast,1233783.19,72575
2025-04,2025-Q2,Parasiticides,VetSelect Flea & Tick,False,E-commerce,Region,South,1876823.38,110401
2025-04,2025-Q2,Parasiticides,VetSelect Flea & Tick,False,E-commerce,Region,Midwest,1193050.94,70179
2025-04,2025-Q2,Parasiticides,VetSelect Flea & Tick,False,E-commerce,Region,West,1259034.69,74061
2025-04,2025-Q2,Parasiticides,VetSelect Flea & Tick,False,E-commerce,National,National,5562692.19,327217
2025-05,2025-Q2,Parasiticides,VetSelect Flea & Tick,False,Veterinary,Region,Northeast,1220058.52,71768
2025-05,2025-Q2,Parasiticides,VetSelect Flea & Tick,False,Veterinary,Region,South,1861543.84,109503
2025-05,2025-Q2,Parasiticides,VetSelect Flea & Tick,False,Veterinary,Region,Midwest,1111262.21,65368
2025-05,2025-Q2,Parasiticides,VetSelect Flea & Tick,False,Veterinary,Region,West,1254185.99,73776
2025-05,2025-Q2,Parasiticides,VetSelect Flea & Tick,False,Veterinary,National,National,5447050.56,320415
2025-05,2025-Q2,Parasiticides,VetSelect Flea & Tick,False,Retail,Region,Northeast,2890350.83,170021
2025-05,2025-Q2,Parasiticides,VetSelect Flea & Tick,False,Retail,Region,South,4291238.2,252426
2025-05,2025-Q2,Parasiticides,VetSelect Flea & Tick,False,Retail,Region,Midwest,2588486.73,152264
2025-05,2025-Q2,Parasiticides,VetSelect Flea & Tick,False,Retail,Region,West,2973550.61,174915
2025-05,2025-Q2,Parasiticides,VetSelect Flea & Tick,False,Retail,National,National,12743626.37,749625
2025-05,2025-Q2,Parasiticides,VetSelect Flea & Tick,False,E-commerce,Region,Northeast,1300490.37,76499
2025-05,2025-Q2,Parasiticides,VetSelect Flea & Tick,False,E-commerce,Region,South,1992813.27,117224
2025-05,2025-Q2,Parasiticides,VetSelect Flea & Tick,False,E-commerce,Region,Midwest,1314302.16,77312
2025-05,2025-Q2,Parasiticides,VetSelect Flea & Tick,False,E-commerce,Region,West,1447467.13,85145
2025-05,2025-Q2,Parasiticides,VetSelect Flea & Tick,False,E-commerce,National,National,6055072.92,356181
2025-06,2025-Q2,Parasiticides,VetSelect Flea & Tick,False,Veterinary,Region,Northeast,1217775.46,71634
2025-06,2025-Q2,Parasiticides,VetSelect Flea & Tick,False,Veterinary,Region,South,1925079.69,113240
2025-06,2025-Q2,Parasiticides,VetSelect Flea & Tick,False,Veterinary,Region,Midwest,1144292.63,67311
2025-06,2025-Q2,Parasiticides,VetSelect Flea & Tick,False,Veterinary,Region,West,1316782.86,77458
2025-06,2025-Q2,Parasiticides,VetSelect Flea & Tick,False,Veterinary,National,National,5603930.64,329643
2025-06,2025-Q2,Parasiticides,VetSelect Flea & Tick,False,Retail,Region,Northeast,2785986.3,163882
2025-06,2025-Q2,Parasiticides,VetSelect Flea & Tick,False,Retail,Region,South,4504630.16,264978
2025-06,2025-Q2,Parasiticides,VetSelect Flea & Tick,False,Retail,Region,Midwest,2816716.34,165689
2025-06,2025-Q2,Parasiticides,VetSelect Flea & Tick,False,Retail,Region,West,2899646.03,170567
2025-06,2025-Q2,Parasiticides,VetSelect Flea & Tick,False,Retail,National,National,13006978.83,765116
2025-06,2025-Q2,Parasiticides,VetSelect Flea & Tick,False,E-commerce,Region,Northeast,1451876.56,85405
2025-06,2025-Q2,Parasiticides,VetSelect Flea & Tick,False,E-commerce,Region,South,2333439.6,137261
2025-06,2025-Q2,Parasiticides,VetSelect Flea & Tick,False,E-commerce,Region,Midwest,1473378.11,86669
2025-06,2025-Q2,Parasiticides,VetSelect Flea & Tick,False,E-commerce,Region,West,1472467.48,86616
2025-06,2025-Q2,Parasiticides,VetSelect Flea & Tick,False,E-commerce,National,National,6731161.76,395951
2025-07,2025-Q3,Parasiticides,VetSelect Flea & Tick,False,Veterinary,Region,Northeast,1153072.71,67828
2025-07,2025-Q3,Parasiticides,VetSelect Flea & Tick,False,Veterinary,Region,South,1775952.73,104468
2025-07,2025-Q3,Parasiticides,VetSelect Flea & Tick,False,Veterinary,Region,Midwest,1197774.01,70457
2025-07,2025-Q3,Parasiticides,VetSelect Flea & Tick,False,Veterinary,Region,West,1276998.8,75118
2025-07,2025-Q3,Parasiticides,VetSelect Flea & Tick,False,Veterinary,National,National,5403798.25,317870
2025-07,2025-Q3,Parasiticides,VetSelect Flea & Tick,False,Retail,Region,Northeast,2773344.08,163138
2025-07,2025-Q3,Parasiticides,VetSelect Flea & Tick,False,Retail,Region,South,4420898.13,260053
2025-07,2025-Q3,Parasiticides,VetSelect Flea & Tick,False,Retail,Region,Midwest,2764972.65,162645
2025-07,2025-Q3,Parasiticides,VetSelect Flea & Tick,False,Retail,Region,West,2987244.14,175720
2025-07,2025-Q3,Parasiticides,VetSelect Flea & Tick,False,Retail,National,National,12946459.0,761556
2025-07,2025-Q3,Parasiticides,VetSelect Flea & Tick,False,E-commerce,Region,Northeast,1556297.36,91547
2025-07,2025-Q3,Parasiticides,VetSelect Flea & Tick,False,E-commerce,Region,South,2294224.34,134954
2025-07,2025-Q3,Parasiticides,VetSelect Flea & Tick,False,E-commerce,Region,Midwest,1266765.98,74516
2025-07,2025-Q3,Parasiticides,VetSelect Flea & Tick,False,E-commerce,Region,West,1511003.77,88883
2025-07,2025-Q3,Parasiticides,VetSelect Flea & Tick,False,E-commerce,National,National,6628291.45,389899
2025-08,2025-Q3,Parasiticides,VetSelect Flea & Tick,False,Veterinary,Region,Northeast,1038448.8,61085
2025-08,2025-Q3,Parasiticides,VetSelect Flea & Tick,False,Veterinary,Region,South,1615417.21,95025
2025-08,2025-Q3,Parasiticides,VetSelect Flea & Tick,False,Veterinary,Region,Midwest,977872.17,57522
2025-08,2025-Q3,Parasiticides,VetSelect Flea & Tick,False,Veterinary,Region,West,1056787.95,62164
2025-08,2025-Q3,Parasiticides,VetSelect Flea & Tick,False,Veterinary,National,National,4688526.13,275796
2025-08,2025-Q3,Parasiticides,VetSelect Flea & Tick,False,Retail,Region,Northeast,2618585.58,154034
2025-08,2025-Q3,Parasiticides,VetSelect Flea & Tick,False,Retail,Region,South,3957554.04,232797
2025-08,2025-Q3,Parasiticides,VetSelect Flea & Tick,False,Retail,Region,Midwest,2353018.82,138413
2025-08,2025-Q3,Parasiticides,VetSelect Flea & Tick,False,Retail,Region,West,2683663.08,157863
2025-08,2025-Q3,Parasiticides,VetSelect Flea & Tick,False,Retail,National,National,11612821.52,683107
2025-08,2025-Q3,Parasiticides,VetSelect Flea & Tick,False,E-commerce,Region,Northeast,1340623.23,78860
2025-08,2025-Q3,Parasiticides,VetSelect Flea & Tick,False,E-commerce,Region,South,2107945.91,123997
2025-08,2025-Q3,Parasiticides,VetSelect Flea & Tick,False,E-commerce,Region,Midwest,1214570.1,71445
2025-08,2025-Q3,Parasiticides,VetSelect Flea & Tick,False,E-commerce,Region,West,1405875.59,82699
2025-08,2025-Q3,Parasiticides,VetSelect Flea & Tick,False,E-commerce,National,National,6069014.83,357001
2025-09,2025-Q3,Parasiticides,VetSelect Flea & Tick,False,Veterinary,Region,Northeast,911899.0,53641
2025-09,2025-Q3,Parasiticides,VetSelect Flea & Tick,False,Veterinary,Region,South,1354235.82,79661
2025-09,2025-Q3,Parasiticides,VetSelect Flea & Tick,False,Veterinary,Region,Midwest,783959.75,46115
2025-09,2025-Q3,Parasiticides,VetSelect Flea & Tick,False,Veterinary,Region,West,922397.78,54259
2025-09,2025-Q3,Parasiticides,VetSelect Flea & Tick,False,Veterinary,National,National,3972492.35,233676
2025-09,2025-Q3,Parasiticides,VetSelect Flea & Tick,False,Retail,Region,Northeast,2038161.21,119892
2025-09,2025-Q3,Parasiticides,VetSelect Flea & Tick,False,Retail,Region,South,3306336.91,194490
2025-09,2025-Q3,Parasiticides,VetSelect Flea & Tick,False,Retail,Region,Midwest,2051951.59,120703
2025-09,2025-Q3,Parasiticides,VetSelect Flea & Tick,False,Retail,Region,West,2224201.96,130835
2025-09,2025-Q3,Parasiticides,VetSelect Flea & Tick,False,Retail,National,National,9620651.66,565921
2025-09,2025-Q3,Parasiticides,VetSelect Flea & Tick,False,E-commerce,Region,Northeast,1093788.39,64340
2025-09,2025-Q3,Parasiticides,VetSelect Flea & Tick,False,E-commerce,Region,South,1710102.98,100594
2025-09,2025-Q3,Parasiticides,VetSelect Flea & Tick,False,E-commerce,Region,Midwest,1065129.22,62655
2025-09,2025-Q3,Parasiticides,VetSelect Flea & Tick,False,E-commerce,Region,West,1187987.92,69882
2025-09,2025-Q3,Parasiticides,VetSelect Flea & Tick,False,E-commerce,National,National,5057008.52,297471
2025-10,2025-Q4,Parasiticides,VetSelect Flea & Tick,False,Veterinary,Region,Northeast,762070.79,44828
2025-10,2025-Q4,Parasiticides,VetSelect Flea & Tick,False,Veterinary,Region,South,1136877.68,66875
2025-10,2025-Q4,Parasiticides,VetSelect Flea & Tick,False,Veterinary,Region,Midwest,739499.9,43500
2025-10,2025-Q4,Parasiticides,VetSelect Flea & Tick,False,Veterinary,Region,West,748097.92,44006
2025-10,2025-Q4,Parasiticides,VetSelect Flea & Tick,False,Veterinary,National,National,3386546.3,199209
2025-10,2025-Q4,Parasiticides,VetSelect Flea & Tick,False,Retail,Region,Northeast,1888663.45,111098
2025-10,2025-Q4,Parasiticides,VetSelect Flea & Tick,False,Retail,Region,South,2845031.8,167355
2025-10,2025-Q4,Parasiticides,VetSelect Flea & Tick,False,Retail,Region,Midwest,1779036.27,104649
2025-10,2025-Q4,Parasiticides,VetSelect Flea & Tick,False,Retail,Region,West,1971809.37,115989
2025-10,2025-Q4,Parasiticides,VetSelect Flea & Tick,False,Retail,National,National,8484540.9,499091
2025-10,2025-Q4,Parasiticides,VetSelect Flea & Tick,False,E-commerce,Region,Northeast,980775.65,57693
2025-10,2025-Q4,Parasiticides,VetSelect Flea & Tick,False,E-commerce,Region,South,1584477.85,93205
2025-10,2025-Q4,Parasiticides,VetSelect Flea & Tick,False,E-commerce,Region,Midwest,955411.67,56201
2025-10,2025-Q4,Parasiticides,VetSelect Flea & Tick,False,E-commerce,Region,West,1122428.18,66025
2025-10,2025-Q4,Parasiticides,VetSelect Flea & Tick,False,E-commerce,National,National,4643093.36,273123
2025-11,2025-Q4,Parasiticides,VetSelect Flea & Tick,False,Veterinary,Region,Northeast,626405.99,36847
2025-11,2025-Q4,Parasiticides,VetSelect Flea & Tick,False,Veterinary,Region,South,950677.79,55922
2025-11,2025-Q4,Parasiticides,VetSelect Flea & Tick,False,Veterinary,Region,Midwest,555712.63,32689
2025-11,2025-Q4,Parasiticides,VetSelect Flea & Tick,False,Veterinary,Region,West,656609.7,38624
2025-11,2025-Q4,Parasiticides,VetSelect Flea & Tick,False,Veterinary,National,National,2789406.11,164083
2025-11,2025-Q4,Parasiticides,VetSelect Flea & Tick,False,Retail,Region,Northeast,1471172.75,86540
2025-11,2025-Q4,Parasiticides,VetSelect Flea & Tick,False,Retail,Region,South,2191092.38,128888
2025-11,2025-Q4,Parasiticides,VetSelect Flea & Tick,False,Retail,Region,Midwest,1487573.81,87504
2025-11,2025-Q4,Parasiticides,VetSelect Flea & Tick,False,Retail,Region,West,1639524.25,96443
2025-11,2025-Q4,Parasiticides,VetSelect Flea & Tick,False,Retail,National,National,6789363.19,399374
2025-11,2025-Q4,Parasiticides,VetSelect Flea & Tick,False,E-commerce,Region,Northeast,837615.85,49272
2025-11,2025-Q4,Parasiticides,VetSelect Flea & Tick,False,E-commerce,Region,South,1282359.09,75433
2025-11,2025-Q4,Parasiticides,VetSelect Flea & Tick,False,E-commerce,Region,Midwest,836223.87,49190
2025-11,2025-Q4,Parasiticides,VetSelect Flea & Tick,False,E-commerce,Region,West,892996.79,52529
2025-11,2025-Q4,Parasiticides,VetSelect Flea & Tick,False,E-commerce,National,National,3849195.61,226423
2025-12,2025-Q4,Parasiticides,VetSelect Flea & Tick,False,Veterinary,Region,Northeast,564100.82,33182
2025-12,2025-Q4,Parasiticides,VetSelect Flea & Tick,False,Veterinary,Region,South,821252.22,48309
2025-12,2025-Q4,Parasiticides,VetSelect Flea & Tick,False,Veterinary,Region,Midwest,518061.05,30474
2025-12,2025-Q4,Parasiticides,VetSelect Flea & Tick,False,Veterinary,Region,West,558879.74,32875
2025-12,2025-Q4,Parasiticides,VetSelect Flea & Tick,False,Veterinary,National,National,2462293.83,144841
2025-12,2025-Q4,Parasiticides,VetSelect Flea & Tick,False,Retail,Region,Northeast,1318524.79,77560
2025-12,2025-Q4,Parasiticides,VetSelect Flea & Tick,False,Retail,Region,South,2104658.93,123803
2025-12,2025-Q4,Parasiticides,VetSelect Flea & Tick,False,Retail,Region,Midwest,1396943.18,82173
2025-12,2025-Q4,Parasiticides,VetSelect Flea & Tick,False,Retail,Region,West,1427258.51,83956
2025-12,2025-Q4,Parasiticides,VetSelect Flea & Tick,False,Retail,National,National,6247385.4,367493
2025-12,2025-Q4,Parasiticides,VetSelect Flea & Tick,False,E-commerce,Region,Northeast,777223.16,45719
2025-12,2025-Q4,Parasiticides,VetSelect Flea & Tick,False,E-commerce,Region,South,1178778.49,69340
2025-12,2025-Q4,Parasiticides,VetSelect Flea & Tick,False,E-commerce,Region,Midwest,773931.13,45525
2025-12,2025-Q4,Parasiticides,VetSelect Flea & Tick,False,E-commerce,Region,West,826214.0,48601
2025-12,2025-Q4,Parasiticides,VetSelect Flea & Tick,False,E-commerce,National,National,3556146.78,209185
2026-01,2026-Q1,Parasiticides,VetSelect Flea & Tick,False,Veterinary,Region,Northeast,596051.16,35062
2026-01,2026-Q1,Parasiticides,VetSelect Flea & Tick,False,Veterinary,Region,South,891635.55,52449
2026-01,2026-Q1,Parasiticides,VetSelect Flea & Tick,False,Veterinary,Region,Midwest,554090.75,32594
2026-01,2026-Q1,Parasiticides,VetSelect Flea & Tick,False,Veterinary,Region,West,640828.33,37696
2026-01,2026-Q1,Parasiticides,VetSelect Flea & Tick,False,Veterinary,National,National,2682605.79,157800
2026-01,2026-Q1,Parasiticides,VetSelect Flea & Tick,False,Retail,Region,Northeast,1550930.63,91231
2026-01,2026-Q1,Parasiticides,VetSelect Flea & Tick,False,Retail,Region,South,2456808.65,144518
2026-01,2026-Q1,Parasiticides,VetSelect Flea & Tick,False,Retail,Region,Midwest,1342285.06,78958
2026-01,2026-Q1,Parasiticides,VetSelect Flea & Tick,False,Retail,Region,West,1678316.7,98725
2026-01,2026-Q1,Parasiticides,VetSelect Flea & Tick,False,Retail,National,National,7028341.04,413432
2026-01,2026-Q1,Parasiticides,VetSelect Flea & Tick,False,E-commerce,Region,Northeast,871275.14,51251
2026-01,2026-Q1,Parasiticides,VetSelect Flea & Tick,False,E-commerce,Region,South,1455864.22,85639
2026-01,2026-Q1,Parasiticides,VetSelect Flea & Tick,False,E-commerce,Region,Midwest,831246.56,48897
2026-01,2026-Q1,Parasiticides,VetSelect Flea & Tick,False,E-commerce,Region,West,925364.02,54433
2026-01,2026-Q1,Parasiticides,VetSelect Flea & Tick,False,E-commerce,National,National,4083749.94,240221
2026-02,2026-Q1,Parasiticides,VetSelect Flea & Tick,False,Veterinary,Region,Northeast,682677.88,40158
2026-02,2026-Q1,Parasiticides,VetSelect Flea & Tick,False,Veterinary,Region,South,1111884.52,65405
2026-02,2026-Q1,Parasiticides,VetSelect Flea & Tick,False,Veterinary,Region,Midwest,656276.38,38604
2026-02,2026-Q1,Parasiticides,VetSelect Flea & Tick,False,Veterinary,Region,West,761312.63,44783
2026-02,2026-Q1,Parasiticides,VetSelect Flea & Tick,False,Veterinary,National,National,3212151.41,188950
2026-02,2026-Q1,Parasiticides,VetSelect Flea & Tick,False,Retail,Region,Northeast,1895266.83,111486
2026-02,2026-Q1,Parasiticides,VetSelect Flea & Tick,False,Retail,Region,South,2903508.61,170795
2026-02,2026-Q1,Parasiticides,VetSelect Flea & Tick,False,Retail,Region,Midwest,1728677.8,101687
2026-02,2026-Q1,Parasiticides,VetSelect Flea & Tick,False,Retail,Region,West,1923135.17,113126
2026-02,2026-Q1,Parasiticides,VetSelect Flea & Tick,False,Retail,National,National,8450588.41,497093
2026-02,2026-Q1,Parasiticides,VetSelect Flea & Tick,False,E-commerce,Region,Northeast,1080980.66,63587
2026-02,2026-Q1,Parasiticides,VetSelect Flea & Tick,False,E-commerce,Region,South,1554710.73,91454
2026-02,2026-Q1,Parasiticides,VetSelect Flea & Tick,False,E-commerce,Region,Midwest,1005716.8,59160
2026-02,2026-Q1,Parasiticides,VetSelect Flea & Tick,False,E-commerce,Region,West,1151559.13,67739
2026-02,2026-Q1,Parasiticides,VetSelect Flea & Tick,False,E-commerce,National,National,4792967.32,281939
2026-03,2026-Q1,Parasiticides,VetSelect Flea & Tick,False,Veterinary,Region,Northeast,837628.33,49272
2026-03,2026-Q1,Parasiticides,VetSelect Flea & Tick,False,Veterinary,Region,South,1223182.85,71952
2026-03,2026-Q1,Parasiticides,VetSelect Flea & Tick,False,Veterinary,Region,Midwest,777476.89,45734
2026-03,2026-Q1,Parasiticides,VetSelect Flea & Tick,False,Veterinary,Region,West,814307.54,47900
2026-03,2026-Q1,Parasiticides,VetSelect Flea & Tick,False,Veterinary,National,National,3652595.61,214859
2026-03,2026-Q1,Parasiticides,VetSelect Flea & Tick,False,Retail,Region,Northeast,2196754.6,129221
2026-03,2026-Q1,Parasiticides,VetSelect Flea & Tick,False,Retail,Region,South,3392810.9,199577
2026-03,2026-Q1,Parasiticides,VetSelect Flea & Tick,False,Retail,Region,Midwest,2137329.79,125725
2026-03,2026-Q1,Parasiticides,VetSelect Flea & Tick,False,Retail,Region,West,2355669.05,138569
2026-03,2026-Q1,Parasiticides,VetSelect Flea & Tick,False,Retail,National,National,10082564.33,593092
2026-03,2026-Q1,Parasiticides,VetSelect Flea & Tick,False,E-commerce,Region,Northeast,1321598.4,77741
2026-03,2026-Q1,Parasiticides,VetSelect Flea & Tick,False,E-commerce,Region,South,1980782.84,116517
2026-03,2026-Q1,Parasiticides,VetSelect Flea & Tick,False,E-commerce,Region,Midwest,1171081.28,68887
2026-03,2026-Q1,Parasiticides,VetSelect Flea & Tick,False,E-commerce,Region,West,1384477.05,81440
2026-03,2026-Q1,Parasiticides,VetSelect Flea & Tick,False,E-commerce,National,National,5857939.58,344585
2024-04,2024-Q2,Vaccines,Vanguard,True,Veterinary,Region,Northeast,3411601.32,155073
2024-04,2024-Q2,Vaccines,Vanguard,True,Veterinary,Region,South,5460939.4,248225
2024-04,2024-Q2,Vaccines,Vanguard,True,Veterinary,Region,Midwest,3343871.96,151994
2024-04,2024-Q2,Vaccines,Vanguard,True,Veterinary,Region,West,3786973.94,172135
2024-04,2024-Q2,Vaccines,Vanguard,True,Veterinary,National,National,16003386.62,727427
2024-04,2024-Q2,Vaccines,Vanguard,True,Retail,Region,Northeast,218525.8,9933
2024-04,2024-Q2,Vaccines,Vanguard,True,Retail,Region,South,320637.49,14574
2024-04,2024-Q2,Vaccines,Vanguard,True,Retail,Region,Midwest,206895.46,9404
2024-04,2024-Q2,Vaccines,Vanguard,True,Retail,Region,West,229679.69,10440
2024-04,2024-Q2,Vaccines,Vanguard,True,Retail,National,National,975738.45,44352
2024-04,2024-Q2,Vaccines,Vanguard,True,E-commerce,Region,Northeast,294891.25,13404
2024-04,2024-Q2,Vaccines,Vanguard,True,E-commerce,Region,South,480102.26,21823
2024-04,2024-Q2,Vaccines,Vanguard,True,E-commerce,Region,Midwest,282366.11,12835
2024-04,2024-Q2,Vaccines,Vanguard,True,E-commerce,Region,West,298151.48,13552
2024-04,2024-Q2,Vaccines,Vanguard,True,E-commerce,National,National,1355511.11,61614
2024-05,2024-Q2,Vaccines,Vanguard,True,Veterinary,Region,Northeast,3505188.19,159327
2024-05,2024-Q2,Vaccines,Vanguard,True,Veterinary,Region,South,5896379.72,268017
2024-05,2024-Q2,Vaccines,Vanguard,True,Veterinary,Region,Midwest,3493246.82,158784
2024-05,2024-Q2,Vaccines,Vanguard,True,Veterinary,Region,West,3635413.54,165246
2024-05,2024-Q2,Vaccines,Vanguard,True,Veterinary,National,National,16530228.27,751374
2024-05,2024-Q2,Vaccines,Vanguard,True,Retail,Region,Northeast,233740.22,10625
2024-05,2024-Q2,Vaccines,Vanguard,True,Retail,Region,South,374774.66,17035
2024-05,2024-Q2,Vaccines,Vanguard,True,Retail,Region,Midwest,203124.06,9233
2024-05,2024-Q2,Vaccines,Vanguard,True,Retail,Region,West,243112.74,11051
2024-05,2024-Q2,Vaccines,Vanguard,True,Retail,National,National,1054751.68,47943
2024-05,2024-Q2,Vaccines,Vanguard,True,E-commerce,Region,Northeast,336703.48,15305
2024-05,2024-Q2,Vaccines,Vanguard,True,E-commerce,Region,South,515615.28,23437
2024-05,2024-Q2,Vaccines,Vanguard,True,E-commerce,Region,Midwest,320061.58,14548
2024-05,2024-Q2,Vaccines,Vanguard,True,E-commerce,Region,West,352089.98,16004
2024-05,2024-Q2,Vaccines,Vanguard,True,E-commerce,National,National,1524470.33,69294
2024-06,2024-Q2,Vaccines,Vanguard,True,Veterinary,Region,Northeast,3638964.49,165407
2024-06,2024-Q2,Vaccines,Vanguard,True,Veterinary,Region,South,5177026.44,235319
2024-06,2024-Q2,Vaccines,Vanguard,True,Veterinary,Region,Midwest,3528300.57,160377
2024-06,2024-Q2,Vaccines,Vanguard,True,Veterinary,Region,West,3817149.89,173507
2024-06,2024-Q2,Vaccines,Vanguard,True,Veterinary,National,National,16161441.39,734611
2024-06,2024-Q2,Vaccines,Vanguard,True,Retail,Region,Northeast,207116.49,9414
2024-06,2024-Q2,Vaccines,Vanguard,True,Retail,Region,South,331845.68,15084
2024-06,2024-Q2,Vaccines,Vanguard,True,Retail,Region,Midwest,213728.71,9715
2024-06,2024-Q2,Vaccines,Vanguard,True,Retail,Region,West,221213.07,10055
2024-06,2024-Q2,Vaccines,Vanguard,True,Retail,National,National,973903.95,44268
2024-06,2024-Q2,Vaccines,Vanguard,True,E-commerce,Region,Northeast,335833.31,15265
2024-06,2024-Q2,Vaccines,Vanguard,True,E-commerce,Region,South,515260.4,23421
2024-06,2024-Q2,Vaccines,Vanguard,True,E-commerce,Region,Midwest,333420.31,15155
2024-06,2024-Q2,Vaccines,Vanguard,True,E-commerce,Region,West,346385.45,15745
2024-06,2024-Q2,Vaccines,Vanguard,True,E-commerce,National,National,1530899.47,69586
2024-07,2024-Q3,Vaccines,Vanguard,True,Veterinary,Region,Northeast,3449192.19,156781
2024-07,2024-Q3,Vaccines,Vanguard,True,Veterinary,Region,South,5212888.21,236949
2024-07,2024-Q3,Vaccines,Vanguard,True,Veterinary,Region,Midwest,3155688.72,143440
2024-07,2024-Q3,Vaccines,Vanguard,True,Veterinary,Region,West,3405652.41,154802
2024-07,2024-Q3,Vaccines,Vanguard,True,Veterinary,National,National,15223421.54,691974
2024-07,2024-Q3,Vaccines,Vanguard,True,Retail,Region,Northeast,196501.69,8932
2024-07,2024-Q3,Vaccines,Vanguard,True,Retail,Region,South,306915.06,13951
2024-07,2024-Q3,Vaccines,Vanguard,True,Retail,Region,Midwest,186377.15,8472
2024-07,2024-Q3,Vaccines,Vanguard,True,Retail,Region,West,210543.61,9570
2024-07,2024-Q3,Vaccines,Vanguard,True,Retail,National,National,900337.51,40924
2024-07,2024-Q3,Vaccines,Vanguard,True,E-commerce,Region,Northeast,349095.28,15868
2024-07,2024-Q3,Vaccines,Vanguard,True,E-commerce,Region,South,535562.92,24344
2024-07,2024-Q3,Vaccines,Vanguard,True,E-commerce,Region,Midwest,322062.97,14639
2024-07,2024-Q3,Vaccines,Vanguard,True,E-commerce,Region,West,350658.87,15939
2024-07,2024-Q3,Vaccines,Vanguard,True,E-commerce,National,National,1557380.05,70790
2024-08,2024-Q3,Vaccines,Vanguard,True,Veterinary,Region,Northeast,3004329.19,136560
2024-08,2024-Q3,Vaccines,Vanguard,True,Veterinary,Region,South,4665149.36,212052
2024-08,2024-Q3,Vaccines,Vanguard,True,Veterinary,Region,Midwest,3056490.4,138931
2024-08,2024-Q3,Vaccines,Vanguard,True,Veterinary,Region,West,3139246.33,142693
2024-08,2024-Q3,Vaccines,Vanguard,True,Veterinary,National,National,13865215.29,630237
2024-08,2024-Q3,Vaccines,Vanguard,True,Retail,Region,Northeast,187543.29,8525
2024-08,2024-Q3,Vaccines,Vanguard,True,Retail,Region,South,284317.84,12924
2024-08,2024-Q3,Vaccines,Vanguard,True,Retail,Region,Midwest,191958.29,8725
2024-08,2024-Q3,Vaccines,Vanguard,True,Retail,Region,West,185402.07,8427
2024-08,2024-Q3,Vaccines,Vanguard,True,Retail,National,National,849221.48,38601
2024-08,2024-Q3,Vaccines,Vanguard,True,E-commerce,Region,Northeast,338086.46,15368
2024-08,2024-Q3,Vaccines,Vanguard,True,E-commerce,Region,South,514283.4,23377
2024-08,2024-Q3,Vaccines,Vanguard,True,E-commerce,Region,Midwest,313435.52,14247
2024-08,2024-Q3,Vaccines,Vanguard,True,E-commerce,Region,West,354739.28,16125
2024-08,2024-Q3,Vaccines,Vanguard,True,E-commerce,National,National,1520544.65,69116
2024-09,2024-Q3,Vaccines,Vanguard,True,Veterinary,Region,Northeast,2915219.72,132510
2024-09,2024-Q3,Vaccines,Vanguard,True,Veterinary,Region,South,4714123.84,214278
2024-09,2024-Q3,Vaccines,Vanguard,True,Veterinary,Region,Midwest,2908464.21,132203
2024-09,2024-Q3,Vaccines,Vanguard,True,Veterinary,Region,West,3272393.35,148745
2024-09,2024-Q3,Vaccines,Vanguard,True,Veterinary,National,National,13810201.12,627736
2024-09,2024-Q3,Vaccines,Vanguard,True,Retail,Region,Northeast,174230.63,7920
2024-09,2024-Q3,Vaccines,Vanguard,True,Retail,Region,South,286384.3,13017
2024-09,2024-Q3,Vaccines,Vanguard,True,Retail,Region,Midwest,168410.84,7655
2024-09,2024-Q3,Vaccines,Vanguard,True,Retail,Region,West,174546.31,7934
2024-09,2024-Q3,Vaccines,Vanguard,True,Retail,National,National,803572.07,36526
2024-09,2024-Q3,Vaccines,Vanguard,True,E-commerce,Region,Northeast,344280.02,15649
2024-09,2024-Q3,Vaccines,Vanguard,True,E-commerce,Region,South,522566.21,23753
2024-09,2024-Q3,Vaccines,Vanguard,True,E-commerce,Region,Midwest,314988.81,14318
2024-09,2024-Q3,Vaccines,Vanguard,True,E-commerce,Region,West,364289.37,16559
2024-09,2024-Q3,Vaccines,Vanguard,True,E-commerce,National,National,1546124.41,70278
2024-10,2024-Q4,Vaccines,Vanguard,True,Veterinary,Region,Northeast,2917718.87,132624
2024-10,2024-Q4,Vaccines,Vanguard,True,Veterinary,Region,South,4364857.58,198403
2024-10,2024-Q4,Vaccines,Vanguard,True,Veterinary,Region,Midwest,2763482.44,125613
2024-10,2024-Q4,Vaccines,Vanguard,True,Veterinary,Region,West,3020380.22,137290
2024-10,2024-Q4,Vaccines,Vanguard,True,Veterinary,National,National,13066439.11,593929
2024-10,2024-Q4,Vaccines,Vanguard,True,Retail,Region,Northeast,166712.7,7578
2024-10,2024-Q4,Vaccines,Vanguard,True,Retail,Region,South,246175.35,11190
2024-10,2024-Q4,Vaccines,Vanguard,True,Retail,Region,Midwest,161236.84,7329
2024-10,2024-Q4,Vaccines,Vanguard,True,Retail,Region,West,171963.31,7817
2024-10,2024-Q4,Vaccines,Vanguard,True,Retail,National,National,746088.21,33913
2024-10,2024-Q4,Vaccines,Vanguard,True,E-commerce,Region,Northeast,353833.0,16083
2024-10,2024-Q4,Vaccines,Vanguard,True,E-commerce,Region,South,523254.62,23784
2024-10,2024-Q4,Vaccines,Vanguard,True,E-commerce,Region,Midwest,325790.91,14809
2024-10,2024-Q4,Vaccines,Vanguard,True,E-commerce,Region,West,340947.93,15498
2024-10,2024-Q4,Vaccines,Vanguard,True,E-commerce,National,National,1543826.46,70174
2024-11,2024-Q4,Vaccines,Vanguard,True,Veterinary,Region,Northeast,2788526.99,126751
2024-11,2024-Q4,Vaccines,Vanguard,True,Veterinary,Region,South,4146184.92,188463
2024-11,2024-Q4,Vaccines,Vanguard,True,Veterinary,Region,Midwest,2560894.74,116404
2024-11,2024-Q4,Vaccines,Vanguard,True,Veterinary,Region,West,2897374.89,131699
2024-11,2024-Q4,Vaccines,Vanguard,True,Veterinary,National,National,12392981.55,563317
2024-11,2024-Q4,Vaccines,Vanguard,True,Retail,Region,Northeast,158620.99,7210
2024-11,2024-Q4,Vaccines,Vanguard,True,Retail,Region,South,247205.14,11237
2024-11,2024-Q4,Vaccines,Vanguard,True,Retail,Region,Midwest,156851.62,7130
2024-11,2024-Q4,Vaccines,Vanguard,True,Retail,Region,West,164223.03,7465
2024-11,2024-Q4,Vaccines,Vanguard,True,Retail,National,National,726900.78,33041
2024-11,2024-Q4,Vaccines,Vanguard,True,E-commerce,Region,Northeast,349717.42,15896
2024-11,2024-Q4,Vaccines,Vanguard,True,E-commerce,Region,South,527355.32,23971
2024-11,2024-Q4,Vaccines,Vanguard,True,E-commerce,Region,Midwest,325234.88,14783
2024-11,2024-Q4,Vaccines,Vanguard,True,E-commerce,Region,West,361058.22,16412
2024-11,2024-Q4,Vaccines,Vanguard,True,E-commerce,National,National,1563365.83,71062
2024-12,2024-Q4,Vaccines,Vanguard,True,Veterinary,Region,Northeast,2738128.95,124460
2024-12,2024-Q4,Vaccines,Vanguard,True,Veterinary,Region,South,4142381.02,188290
2024-12,2024-Q4,Vaccines,Vanguard,True,Veterinary,Region,Midwest,2535711.99,115260
2024-12,2024-Q4,Vaccines,Vanguard,True,Veterinary,Region,West,2695173.61,122508
2024-12,2024-Q4,Vaccines,Vanguard,True,Veterinary,National,National,12111395.57,550518
2024-12,2024-Q4,Vaccines,Vanguard,True,Retail,Region,Northeast,151813.94,6901
2024-12,2024-Q4,Vaccines,Vanguard,True,Retail,Region,South,224388.32,10199
2024-12,2024-Q4,Vaccines,Vanguard,True,Retail,Region,Midwest,150698.37,6850
2024-12,2024-Q4,Vaccines,Vanguard,True,Retail,Region,West,159696.98,7259
2024-12,2024-Q4,Vaccines,Vanguard,True,Retail,National,National,686597.61,31209
2024-12,2024-Q4,Vaccines,Vanguard,True,E-commerce,Region,Northeast,333835.16,15174
2024-12,2024-Q4,Vaccines,Vanguard,True,E-commerce,Region,South,532366.74,24198
2024-12,2024-Q4,Vaccines,Vanguard,True,E-commerce,Region,Midwest,343196.49,15600
2024-12,2024-Q4,Vaccines,Vanguard,True,E-commerce,Region,West,360997.6,16409
2024-12,2024-Q4,Vaccines,Vanguard,True,E-commerce,National,National,1570395.99,71382
2025-01,2025-Q1,Vaccines,Vanguard,True,Veterinary,Region,Northeast,2936550.56,133480
2025-01,2025-Q1,Vaccines,Vanguard,True,Veterinary,Region,South,4571472.05,207794
2025-01,2025-Q1,Vaccines,Vanguard,True,Veterinary,Region,Midwest,2689926.23,122269
2025-01,2025-Q1,Vaccines,Vanguard,True,Veterinary,Region,West,3100179.28,140917
2025-01,2025-Q1,Vaccines,Vanguard,True,Veterinary,National,National,13298128.11,604460
2025-01,2025-Q1,Vaccines,Vanguard,True,Retail,Region,Northeast,161809.09,7355
2025-01,2025-Q1,Vaccines,Vanguard,True,Retail,Region,South,276863.47,12585
2025-01,2025-Q1,Vaccines,Vanguard,True,Retail,Region,Midwest,156080.35,7095
2025-01,2025-Q1,Vaccines,Vanguard,True,Retail,Region,West,169692.92,7713
2025-01,2025-Q1,Vaccines,Vanguard,True,Retail,National,National,764445.82,34748
2025-01,2025-Q1,Vaccines,Vanguard,True,E-commerce,Region,Northeast,409946.11,18634
2025-01,2025-Q1,Vaccines,Vanguard,True,E-commerce,Region,South,612426.36,27838
2025-01,2025-Q1,Vaccines,Vanguard,True,E-commerce,Region,Midwest,382930.73,17406
2025-01,2025-Q1,Vaccines,Vanguard,True,E-commerce,Region,West,405321.63,18424
2025-01,2025-Q1,Vaccines,Vanguard,True,E-commerce,National,National,1810624.83,82301
2025-02,2025-Q1,Vaccines,Vanguard,True,Veterinary,Region,Northeast,3209594.81,145891
2025-02,2025-Q1,Vaccines,Vanguard,True,Veterinary,Region,South,5112406.04,232382
2025-02,2025-Q1,Vaccines,Vanguard,True,Veterinary,Region,Midwest,3228575.24,146753
2025-02,2025-Q1,Vaccines,Vanguard,True,Veterinary,Region,West,3388641.57,154029
2025-02,2025-Q1,Vaccines,Vanguard,True,Veterinary,National,National,14939217.66,679055
2025-02,2025-Q1,Vaccines,Vanguard,True,Retail,Region,Northeast,178382.18,8108
2025-02,2025-Q1,Vaccines,Vanguard,True,Retail,Region,South,280533.54,12752
2025-02,2025-Q1,Vaccines,Vanguard,True,Retail,Region,Midwest,173761.97,7898
2025-02,2025-Q1,Vaccines,Vanguard,True,Retail,Region,West,180392.49,8200
2025-02,2025-Q1,Vaccines,Vanguard,True,Retail,National,National,813070.18,36958
2025-02,2025-Q1,Vaccines,Vanguard,True,E-commerce,Region,Northeast,458910.95,20860
2025-02,2025-Q1,Vaccines,Vanguard,True,E-commerce,Region,South,685380.05,31154
2025-02,2025-Q1,Vaccines,Vanguard,True,E-commerce,Region,Midwest,425937.03,19361
2025-02,2025-Q1,Vaccines,Vanguard,True,E-commerce,Region,West,467890.74,21268
2025-02,2025-Q1,Vaccines,Vanguard,True,E-commerce,National,National,2038118.78,92642
2025-03,2025-Q1,Vaccines,Vanguard,True,Veterinary,Region,Northeast,3604698.41,163850
2025-03,2025-Q1,Vaccines,Vanguard,True,Veterinary,Region,South,5731800.93,260536
2025-03,2025-Q1,Vaccines,Vanguard,True,Veterinary,Region,Midwest,3278003.46,149000
2025-03,2025-Q1,Vaccines,Vanguard,True,Veterinary,Region,West,3505516.99,159342
2025-03,2025-Q1,Vaccines,Vanguard,True,Veterinary,National,National,16120019.79,732728
2025-03,2025-Q1,Vaccines,Vanguard,True,Retail,Region,Northeast,179149.01,8143
2025-03,2025-Q1,Vaccines,Vanguard,True,Retail,Region,South,298912.08,13587
2025-03,2025-Q1,Vaccines,Vanguard,True,Retail,Region,Midwest,167999.91,7636
2025-03,2025-Q1,Vaccines,Vanguard,True,Retail,Region,West,191068.29,8685
2025-03,2025-Q1,Vaccines,Vanguard,True,Retail,National,National,837129.29,38051
2025-03,2025-Q1,Vaccines,Vanguard,True,E-commerce,Region,Northeast,490339.23,22288
2025-03,2025-Q1,Vaccines,Vanguard,True,E-commerce,Region,South,811359.64,36880
2025-03,2025-Q1,Vaccines,Vanguard,True,E-commerce,Region,Midwest,461662.07,20985
2025-03,2025-Q1,Vaccines,Vanguard,True,E-commerce,Region,West,538718.11,24487
2025-03,2025-Q1,Vaccines,Vanguard,True,E-commerce,National,National,2302079.04,104640
2025-04,2025-Q2,Vaccines,Vanguard,True,Veterinary,Region,Northeast,3566428.34,162110
2025-04,2025-Q2,Vaccines,Vanguard,True,Veterinary,Region,South,5616825.28,255310
2025-04,2025-Q2,Vaccines,Vanguard,True,Veterinary,Region,Midwest,3263497.38,148341
2025-04,2025-Q2,Vaccines,Vanguard,True,Veterinary,Region,West,3737370.57,169880
2025-04,2025-Q2,Vaccines,Vanguard,True,Veterinary,National,National,16184121.56,735642
2025-04,2025-Q2,Vaccines,Vanguard,True,Retail,Region,Northeast,187829.07,8538
2025-04,2025-Q2,Vaccines,Vanguard,True,Retail,Region,South,269556.01,12253
2025-04,2025-Q2,Vaccines,Vanguard,True,Retail,Region,Midwest,182704.18,8305
2025-04,2025-Q2,Vaccines,Vanguard,True,Retail,Region,West,199747.58,9079
2025-04,2025-Q2,Vaccines,Vanguard,True,Retail,National,National,839836.85,38174
2025-04,2025-Q2,Vaccines,Vanguard,True,E-commerce,Region,Northeast,512073.84,23276
2025-04,2025-Q2,Vaccines,Vanguard,True,E-commerce,Region,South,798417.8,36292
2025-04,2025-Q2,Vaccines,Vanguard,True,E-commerce,Region,Midwest,503382.72,22881
2025-04,2025-Q2,Vaccines,Vanguard,True,E-commerce,Region,West,555048.16,25229
2025-04,2025-Q2,Vaccines,Vanguard,True,E-commerce,National,National,2368922.51,107678
2025-05,2025-Q2,Vaccines,Vanguard,True,Veterinary,Region,Northeast,3415836.45,155265
2025-05,2025-Q2,Vaccines,Vanguard,True,Veterinary,Region,South,5270910.64,239587
2025-05,2025-Q2,Vaccines,Vanguard,True,Veterinary,Region,Midwest,3387935.29,153997
2025-05,2025-Q2,Vaccines,Vanguard,True,Veterinary,Region,West,3624364.72,164744
2025-05,2025-Q2,Vaccines,Vanguard,True,Veterinary,National,National,15699047.09,713593
2025-05,2025-Q2,Vaccines,Vanguard,True,Retail,Region,Northeast,181738.68,8261
2025-05,2025-Q2,Vaccines,Vanguard,True,Retail,Region,South,279830.15,12720
2025-05,2025-Q2,Vaccines,Vanguard,True,Retail,Region,Midwest,176422.51,8019
2025-05,2025-Q2,Vaccines,Vanguard,True,Retail,Region,West,189728.05,8624
2025-05,2025-Q2,Vaccines,Vanguard,True,Retail,National,National,827719.39,37624
2025-05,2025-Q2,Vaccines,Vanguard,True,E-commerce,Region,Northeast,562966.63,25589
2025-05,2025-Q2,Vaccines,Vanguard,True,E-commerce,Region,South,850739.35,38670
2025-05,2025-Q2,Vaccines,Vanguard,True,E-commerce,Region,Midwest,537809.32,24446
2025-05,2025-Q2,Vaccines,Vanguard,True,E-commerce,Region,West,595191.91,27054
2025-05,2025-Q2,Vaccines,Vanguard,True,E-commerce,National,National,2546707.2,115759
2025-06,2025-Q2,Vaccines,Vanguard,True,Veterinary,Region,Northeast,3474786.94,157945
2025-06,2025-Q2,Vaccines,Vanguard,True,Veterinary,Region,South,5505075.05,250231
2025-06,2025-Q2,Vaccines,Vanguard,True,Veterinary,Region,Midwest,3133400.9,142427
2025-06,2025-Q2,Vaccines,Vanguard,True,Veterinary,Region,West,3531575.6,160526
2025-06,2025-Q2,Vaccines,Vanguard,True,Veterinary,National,National,15644838.5,711129
2025-06,2025-Q2,Vaccines,Vanguard,True,Retail,Region,Northeast,170382.27,7745
2025-06,2025-Q2,Vaccines,Vanguard,True,Retail,Region,South,269690.47,12259
2025-06,2025-Q2,Vaccines,Vanguard,True,Retail,Region,Midwest,166963.93,7589
2025-06,2025-Q2,Vaccines,Vanguard,True,Retail,Region,West,176441.09,8020
2025-06,2025-Q2,Vaccines,Vanguard,True,Retail,National,National,783477.77,35613
2025-06,2025-Q2,Vaccines,Vanguard,True,E-commerce,Region,Northeast,567924.01,25815
2025-06,2025-Q2,Vaccines,Vanguard,True,E-commerce,Region,South,822746.43,37398
2025-06,2025-Q2,Vaccines,Vanguard,True,E-commerce,Region,Midwest,519407.22,23609
2025-06,2025-Q2,Vaccines,Vanguard,True,E-commerce,Region,West,588786.66,26763
2025-06,2025-Q2,Vaccines,Vanguard,True,E-commerce,National,National,2498864.32,113585
2025-07,2025-Q3,Vaccines,Vanguard,True,Veterinary,Region,Northeast,3416894.62,155313
2025-07,2025-Q3,Vaccines,Vanguard,True,Veterinary,Region,South,5489005.19,249500
2025-07,2025-Q3,Vaccines,Vanguard,True,Veterinary,Region,Midwest,3334393.57,151563
2025-07,2025-Q3,Vaccines,Vanguard,True,Veterinary,Region,West,3455772.06,157081
2025-07,2025-Q3,Vaccines,Vanguard,True,Veterinary,National,National,15696065.44,713458
2025-07,2025-Q3,Vaccines,Vanguard,True,Retail,Region,Northeast,168628.54,7665
2025-07,2025-Q3,Vaccines,Vanguard,True,Retail,Region,South,258598.89,11754
2025-07,2025-Q3,Vaccines,Vanguard,True,Retail,Region,Midwest,163210.03,7419
2025-07,2025-Q3,Vaccines,Vanguard,True,Retail,Region,West,179224.97,8147
2025-07,2025-Q3,Vaccines,Vanguard,True,Retail,National,National,769662.43,34985
2025-07,2025-Q3,Vaccines,Vanguard,True,E-commerce,Region,Northeast,580663.14,26394
2025-07,2025-Q3,Vaccines,Vanguard,True,E-commerce,Region,South,931005.51,42318
2025-07,2025-Q3,Vaccines,Vanguard,True,E-commerce,Region,Midwest,560824.1,25492
2025-07,2025-Q3,Vaccines,Vanguard,True,E-commerce,Region,West,654824.68,29765
2025-07,2025-Q3,Vaccines,Vanguard,True,E-commerce,National,National,2727317.43,123969
2025-08,2025-Q3,Vaccines,Vanguard,True,Veterinary,Region,Northeast,3205180.87,145690
2025-08,2025-Q3,Vaccines,Vanguard,True,Veterinary,Region,South,4899046.91,222684
2025-08,2025-Q3,Vaccines,Vanguard,True,Veterinary,Region,Midwest,3123806.44,141991
2025-08,2025-Q3,Vaccines,Vanguard,True,Veterinary,Region,West,3236175.23,147099
2025-08,2025-Q3,Vaccines,Vanguard,True,Veterinary,National,National,14464209.45,657464
2025-08,2025-Q3,Vaccines,Vanguard,True,Retail,Region,Northeast,157669.02,7167
2025-08,2025-Q3,Vaccines,Vanguard,True,Retail,Region,South,249258.37,11330
2025-08,2025-Q3,Vaccines,Vanguard,True,Retail,Region,Midwest,143606.2,6528
2025-08,2025-Q3,Vaccines,Vanguard,True,Retail,Region,West,160398.21,7291
2025-08,2025-Q3,Vaccines,Vanguard,True,Retail,National,National,710931.79,32315
2025-08,2025-Q3,Vaccines,Vanguard,True,E-commerce,Region,Northeast,549227.28,24965
2025-08,2025-Q3,Vaccines,Vanguard,True,E-commerce,Region,South,825249.15,37511
2025-08,2025-Q3,Vaccines,Vanguard,True,E-commerce,Region,Midwest,502888.39,22859
2025-08,2025-Q3,Vaccines,Vanguard,True,E-commerce,Region,West,596734.28,27124
2025-08,2025-Q3,Vaccines,Vanguard,True,E-commerce,National,National,2474099.1,112459
2025-09,2025-Q3,Vaccines,Vanguard,True,Veterinary,Region,Northeast,3092836.52,140583
2025-09,2025-Q3,Vaccines,Vanguard,True,Veterinary,Region,South,4474173.53,203372
2025-09,2025-Q3,Vaccines,Vanguard,True,Veterinary,Region,Midwest,2788829.0,126765
2025-09,2025-Q3,Vaccines,Vanguard,True,Veterinary,Region,West,3147027.41,143047
2025-09,2025-Q3,Vaccines,Vanguard,True,Veterinary,National,National,13502866.46,613767
2025-09,2025-Q3,Vaccines,Vanguard,True,Retail,Region,Northeast,140804.18,6400
2025-09,2025-Q3,Vaccines,Vanguard,True,Retail,Region,South,213055.27,9684
2025-09,2025-Q3,Vaccines,Vanguard,True,Retail,Region,Midwest,132319.03,6015
2025-09,2025-Q3,Vaccines,Vanguard,True,Retail,Region,West,149331.48,6788
2025-09,2025-Q3,Vaccines,Vanguard,True,Retail,National,National,635509.96,28887
2025-09,2025-Q3,Vaccines,Vanguard,True,E-commerce,Region,Northeast,514115.06,23369
2025-09,2025-Q3,Vaccines,Vanguard,True,E-commerce,Region,South,812884.88,36949
2025-09,2025-Q3,Vaccines,Vanguard,True,E-commerce,Region,Midwest,466842.67,21220
2025-09,2025-Q3,Vaccines,Vanguard,True,E-commerce,Region,West,539260.75,24512
2025-09,2025-Q3,Vaccines,Vanguard,True,E-commerce,National,National,2333103.35,106050
2025-10,2025-Q4,Vaccines,Vanguard,True,Veterinary,Region,Northeast,2758296.97,125377
2025-10,2025-Q4,Vaccines,Vanguard,True,Veterinary,Region,South,4200356.43,190925
2025-10,2025-Q4,Vaccines,Vanguard,True,Veterinary,Region,Midwest,2603168.72,118326
2025-10,2025-Q4,Vaccines,Vanguard,True,Veterinary,Region,West,2934911.63,133405
2025-10,2025-Q4,Vaccines,Vanguard,True,Veterinary,National,National,12496733.75,568033
2025-10,2025-Q4,Vaccines,Vanguard,True,Retail,Region,Northeast,138323.98,6287
2025-10,2025-Q4,Vaccines,Vanguard,True,Retail,Region,South,196058.52,8912
2025-10,2025-Q4,Vaccines,Vanguard,True,Retail,Region,Midwest,125350.14,5698
2025-10,2025-Q4,Vaccines,Vanguard,True,Retail,Region,West,142493.33,6477
2025-10,2025-Q4,Vaccines,Vanguard,True,Retail,National,National,602225.97,27374
2025-10,2025-Q4,Vaccines,Vanguard,True,E-commerce,Region,Northeast,520941.54,23679
2025-10,2025-Q4,Vaccines,Vanguard,True,E-commerce,Region,South,794851.63,36130
2025-10,2025-Q4,Vaccines,Vanguard,True,E-commerce,Region,Midwest,485665.66,22076
2025-10,2025-Q4,Vaccines,Vanguard,True,E-commerce,Region,West,539424.93,24519
2025-10,2025-Q4,Vaccines,Vanguard,True,E-commerce,National,National,2340883.76,106404
2025-11,2025-Q4,Vaccines,Vanguard,True,Veterinary,Region,Northeast,2571141.04,116870
2025-11,2025-Q4,Vaccines,Vanguard,True,Veterinary,Region,South,4161204.33,189146
2025-11,2025-Q4,Vaccines,Vanguard,True,Veterinary,Region,Midwest,2472935.79,112406
2025-11,2025-Q4,Vaccines,Vanguard,True,Veterinary,Region,West,2988124.94,135824
2025-11,2025-Q4,Vaccines,Vanguard,True,Veterinary,National,National,12193406.09,554246
2025-11,2025-Q4,Vaccines,Vanguard,True,Retail,Region,Northeast,130657.28,5939
2025-11,2025-Q4,Vaccines,Vanguard,True,Retail,Region,South,192401.6,8746
2025-11,2025-Q4,Vaccines,Vanguard,True,Retail,Region,Midwest,124653.43,5666
2025-11,2025-Q4,Vaccines,Vanguard,True,Retail,Region,West,143098.93,6504
2025-11,2025-Q4,Vaccines,Vanguard,True,Retail,National,National,590811.24,26855
2025-11,2025-Q4,Vaccines,Vanguard,True,E-commerce,Region,Northeast,512525.58,23297
2025-11,2025-Q4,Vaccines,Vanguard,True,E-commerce,Region,South,838635.09,38120
2025-11,2025-Q4,Vaccines,Vanguard,True,E-commerce,Region,Midwest,503969.75,22908
2025-11,2025-Q4,Vaccines,Vanguard,True,E-commerce,Region,West,542151.39,24643
2025-11,2025-Q4,Vaccines,Vanguard,True,E-commerce,National,National,2397281.8,108967
2025-12,2025-Q4,Vaccines,Vanguard,True,Veterinary,Region,Northeast,2695891.29,122541
2025-12,2025-Q4,Vaccines,Vanguard,True,Veterinary,Region,South,4186843.95,190311
2025-12,2025-Q4,Vaccines,Vanguard,True,Veterinary,Region,Midwest,2435185.1,110690
2025-12,2025-Q4,Vaccines,Vanguard,True,Veterinary,Region,West,2911846.98,132357
2025-12,2025-Q4,Vaccines,Vanguard,True,Veterinary,National,National,12229767.32,555899
2025-12,2025-Q4,Vaccines,Vanguard,True,Retail,Region,Northeast,123286.49,5604
2025-12,2025-Q4,Vaccines,Vanguard,True,Retail,Region,South,195041.24,8866
2025-12,2025-Q4,Vaccines,Vanguard,True,Retail,Region,Midwest,117335.0,5333
2025-12,2025-Q4,Vaccines,Vanguard,True,Retail,Region,West,141853.04,6448
2025-12,2025-Q4,Vaccines,Vanguard,True,Retail,National,National,577515.77,26251
2025-12,2025-Q4,Vaccines,Vanguard,True,E-commerce,Region,Northeast,509436.51,23156
2025-12,2025-Q4,Vaccines,Vanguard,True,E-commerce,Region,South,805311.65,36605
2025-12,2025-Q4,Vaccines,Vanguard,True,E-commerce,Region,Midwest,522548.47,23752
2025-12,2025-Q4,Vaccines,Vanguard,True,E-commerce,Region,West,600112.51,27278
2025-12,2025-Q4,Vaccines,Vanguard,True,E-commerce,National,National,2437409.14,110791
2026-01,2026-Q1,Vaccines,Vanguard,True,Veterinary,Region,Northeast,3036576.18,138026
2026-01,2026-Q1,Vaccines,Vanguard,True,Veterinary,Region,South,4326369.14,196653
2026-01,2026-Q1,Vaccines,Vanguard,True,Veterinary,Region,Midwest,2854378.52,129744
2026-01,2026-Q1,Vaccines,Vanguard,True,Veterinary,Region,West,3016261.11,137103
2026-01,2026-Q1,Vaccines,Vanguard,True,Veterinary,National,National,13233584.95,601527
2026-01,2026-Q1,Vaccines,Vanguard,True,Retail,Region,Northeast,136572.63,6208
2026-01,2026-Q1,Vaccines,Vanguard,True,Retail,Region,South,208407.86,9473
2026-01,2026-Q1,Vaccines,Vanguard,True,Retail,Region,Midwest,119815.9,5446
2026-01,2026-Q1,Vaccines,Vanguard,True,Retail,Region,West,145613.75,6619
2026-01,2026-Q1,Vaccines,Vanguard,True,Retail,National,National,610410.14,27746
2026-01,2026-Q1,Vaccines,Vanguard,True,E-commerce,Region,Northeast,559906.57,25450
2026-01,2026-Q1,Vaccines,Vanguard,True,E-commerce,Region,South,887085.52,40322
2026-01,2026-Q1,Vaccines,Vanguard,True,E-commerce,Region,Midwest,583108.83,26505
2026-01,2026-Q1,Vaccines,Vanguard,True,E-commerce,Region,West,592433.23,26929
2026-01,2026-Q1,Vaccines,Vanguard,True,E-commerce,National,National,2622534.14,119206
2026-02,2026-Q1,Vaccines,Vanguard,True,Veterinary,Region,Northeast,3091989.46,140545
2026-02,2026-Q1,Vaccines,Vanguard,True,Veterinary,Region,South,4824489.04,219295
2026-02,2026-Q1,Vaccines,Vanguard,True,Veterinary,Region,Midwest,2974071.77,135185
2026-02,2026-Q1,Vaccines,Vanguard,True,Veterinary,Region,West,3147883.38,143086
2026-02,2026-Q1,Vaccines,Vanguard,True,Veterinary,National,National,14038433.65,638111
2026-02,2026-Q1,Vaccines,Vanguard,True,Retail,Region,Northeast,134849.76,6130
2026-02,2026-Q1,Vaccines,Vanguard,True,Retail,Region,South,211142.27,9597
2026-02,2026-Q1,Vaccines,Vanguard,True,Retail,Region,Midwest,133738.08,6079
2026-02,2026-Q1,Vaccines,Vanguard,True,Retail,Region,West,141531.22,6433
2026-02,2026-Q1,Vaccines,Vanguard,True,Retail,National,National,621261.33,28239
2026-02,2026-Q1,Vaccines,Vanguard,True,E-commerce,Region,Northeast,613816.5,27901
2026-02,2026-Q1,Vaccines,Vanguard,True,E-commerce,Region,South,986516.79,44842
2026-02,2026-Q1,Vaccines,Vanguard,True,E-commerce,Region,Midwest,597465.65,27158
2026-02,2026-Q1,Vaccines,Vanguard,True,E-commerce,Region,West,693166.29,31508
2026-02,2026-Q1,Vaccines,Vanguard,True,E-commerce,National,National,2890965.23,131408
2026-03,2026-Q1,Vaccines,Vanguard,True,Veterinary,Region,Northeast,3245374.42,147517
2026-03,2026-Q1,Vaccines,Vanguard,True,Veterinary,Region,South,4775088.02,217049
2026-03,2026-Q1,Vaccines,Vanguard,True,Veterinary,Region,Midwest,3162964.46,143771
2026-03,2026-Q1,Vaccines,Vanguard,True,Veterinary,Region,West,3414056.7,155184
2026-03,2026-Q1,Vaccines,Vanguard,True,Veterinary,National,National,14597483.6,663522
2026-03,2026-Q1,Vaccines,Vanguard,True,Retail,Region,Northeast,136797.19,6218
2026-03,2026-Q1,Vaccines,Vanguard,True,Retail,Region,South,213213.44,9692
2026-03,2026-Q1,Vaccines,Vanguard,True,Retail,Region,Midwest,128414.49,5837
2026-03,2026-Q1,Vaccines,Vanguard,True,Retail,Region,West,144960.81,6589
2026-03,2026-Q1,Vaccines,Vanguard,True,Retail,National,National,623385.94,28336
2026-03,2026-Q1,Vaccines,Vanguard,True,E-commerce,Region,Northeast,678503.14,30841
2026-03,2026-Q1,Vaccines,Vanguard,True,E-commerce,Region,South,1073195.66,48782
2026-03,2026-Q1,Vaccines,Vanguard,True,E-commerce,Region,Midwest,649767.59,29535
2026-03,2026-Q1,Vaccines,Vanguard,True,E-commerce,Region,West,657522.55,29887
2026-03,2026-Q1,Vaccines,Vanguard,True,E-commerce,National,National,3058988.94,139045
2024-04,2024-Q2,Vaccines,ImmunoCore Canine,False,Veterinary,Region,Northeast,2967477.98,141308
2024-04,2024-Q2,Vaccines,ImmunoCore Canine,False,Veterinary,Region,South,4577555.11,217979
2024-04,2024-Q2,Vaccines,ImmunoCore Canine,False,Veterinary,Region,Midwest,2717751.93,129417
2024-04,2024-Q2,Vaccines,ImmunoCore Canine,False,Veterinary,Region,West,2956059.35,140765
2024-04,2024-Q2,Vaccines,ImmunoCore Canine,False,Veterinary,National,National,13218844.37,629469
2024-04,2024-Q2,Vaccines,ImmunoCore Canine,False,Retail,Region,Northeast,274119.11,13053
2024-04,2024-Q2,Vaccines,ImmunoCore Canine,False,Retail,Region,South,436037.94,20764
2024-04,2024-Q2,Vaccines,ImmunoCore Canine,False,Retail,Region,Midwest,268909.0,12805
2024-04,2024-Q2,Vaccines,ImmunoCore Canine,False,Retail,Region,West,280987.46,13380
2024-04,2024-Q2,Vaccines,ImmunoCore Canine,False,Retail,National,National,1260053.51,60003
2024-04,2024-Q2,Vaccines,ImmunoCore Canine,False,E-commerce,Region,Northeast,353000.58,16810
2024-04,2024-Q2,Vaccines,ImmunoCore Canine,False,E-commerce,Region,South,554713.62,26415
2024-04,2024-Q2,Vaccines,ImmunoCore Canine,False,E-commerce,Region,Midwest,320932.35,15282
2024-04,2024-Q2,Vaccines,ImmunoCore Canine,False,E-commerce,Region,West,359834.92,17135
2024-04,2024-Q2,Vaccines,ImmunoCore Canine,False,E-commerce,National,National,1588481.47,75642
2024-05,2024-Q2,Vaccines,ImmunoCore Canine,False,Veterinary,Region,Northeast,2994777.98,142608
2024-05,2024-Q2,Vaccines,ImmunoCore Canine,False,Veterinary,Region,South,4472918.0,212996
2024-05,2024-Q2,Vaccines,ImmunoCore Canine,False,Veterinary,Region,Midwest,2753607.22,131124
2024-05,2024-Q2,Vaccines,ImmunoCore Canine,False,Veterinary,Region,West,3021812.12,143896
2024-05,2024-Q2,Vaccines,ImmunoCore Canine,False,Veterinary,National,National,13243115.32,630625
2024-05,2024-Q2,Vaccines,ImmunoCore Canine,False,Retail,Region,Northeast,287352.37,13683
2024-05,2024-Q2,Vaccines,ImmunoCore Canine,False,Retail,Region,South,444668.04,21175
2024-05,2024-Q2,Vaccines,ImmunoCore Canine,False,Retail,Region,Midwest,270999.19,12905
2024-05,2024-Q2,Vaccines,ImmunoCore Canine,False,Retail,Region,West,284827.15,13563
2024-05,2024-Q2,Vaccines,ImmunoCore Canine,False,Retail,National,National,1287846.75,61326
2024-05,2024-Q2,Vaccines,ImmunoCore Canine,False,E-commerce,Region,Northeast,362347.82,17255
2024-05,2024-Q2,Vaccines,ImmunoCore Canine,False,E-commerce,Region,South,589982.79,28094
2024-05,2024-Q2,Vaccines,ImmunoCore Canine,False,E-commerce,Region,Midwest,344471.13,16403
2024-05,2024-Q2,Vaccines,ImmunoCore Canine,False,E-commerce,Region,West,394283.54,18775
2024-05,2024-Q2,Vaccines,ImmunoCore Canine,False,E-commerce,National,National,1691085.28,80528
2024-06,2024-Q2,Vaccines,ImmunoCore Canine,False,Veterinary,Region,Northeast,2785569.46,132646
2024-06,2024-Q2,Vaccines,ImmunoCore Canine,False,Veterinary,Region,South,4387690.84,208938
2024-06,2024-Q2,Vaccines,ImmunoCore Canine,False,Veterinary,Region,Midwest,2844056.04,135431
2024-06,2024-Q2,Vaccines,ImmunoCore Canine,False,Veterinary,Region,West,2991465.25,142451
2024-06,2024-Q2,Vaccines,ImmunoCore Canine,False,Veterinary,National,National,13008781.58,619466
2024-06,2024-Q2,Vaccines,ImmunoCore Canine,False,Retail,Region,Northeast,270641.01,12888
2024-06,2024-Q2,Vaccines,ImmunoCore Canine,False,Retail,Region,South,403353.39,19207
2024-06,2024-Q2,Vaccines,ImmunoCore Canine,False,Retail,Region,Midwest,264656.58,12603
2024-06,2024-Q2,Vaccines,ImmunoCore Canine,False,Retail,Region,West,295210.04,14058
2024-06,2024-Q2,Vaccines,ImmunoCore Canine,False,Retail,National,National,1233861.02,58755
2024-06,2024-Q2,Vaccines,ImmunoCore Canine,False,E-commerce,Region,Northeast,386164.76,18389
2024-06,2024-Q2,Vaccines,ImmunoCore Canine,False,E-commerce,Region,South,606621.91,28887
2024-06,2024-Q2,Vaccines,ImmunoCore Canine,False,E-commerce,Region,Midwest,367191.51,17485
2024-06,2024-Q2,Vaccines,ImmunoCore Canine,False,E-commerce,Region,West,380990.91,18142
2024-06,2024-Q2,Vaccines,ImmunoCore Canine,False,E-commerce,National,National,1740969.1,82903
2024-07,2024-Q3,Vaccines,ImmunoCore Canine,False,Veterinary,Region,Northeast,2779372.26,132351
2024-07,2024-Q3,Vaccines,ImmunoCore Canine,False,Veterinary,Region,South,4320277.08,205727
2024-07,2024-Q3,Vaccines,ImmunoCore Canine,False,Veterinary,Region,Midwest,2573273.78,122537
2024-07,2024-Q3,Vaccines,ImmunoCore Canine,False,Veterinary,Region,West,2855225.24,135963
2024-07,2024-Q3,Vaccines,ImmunoCore Canine,False,Veterinary,National,National,12528148.36,596578
2024-07,2024-Q3,Vaccines,ImmunoCore Canine,False,Retail,Region,Northeast,264449.52,12593
2024-07,2024-Q3,Vaccines,ImmunoCore Canine,False,Retail,Region,South,419675.45,19985
2024-07,2024-Q3,Vaccines,ImmunoCore Canine,False,Retail,Region,Midwest,257218.39,12248
2024-07,2024-Q3,Vaccines,ImmunoCore Canine,False,Retail,Region,West,278770.77,13275
2024-07,2024-Q3,Vaccines,ImmunoCore Canine,False,Retail,National,National,1220114.13,58101
2024-07,2024-Q3,Vaccines,ImmunoCore Canine,False,E-commerce,Region,Northeast,386622.5,18411
2024-07,2024-Q3,Vaccines,ImmunoCore Canine,False,E-commerce,Region,South,572326.05,27254
2024-07,2024-Q3,Vaccines,ImmunoCore Canine,False,E-commerce,Region,Midwest,352667.47,16794
2024-07,2024-Q3,Vaccines,ImmunoCore Canine,False,E-commerce,Region,West,398347.41,18969
2024-07,2024-Q3,Vaccines,ImmunoCore Canine,False,E-commerce,National,National,1709963.44,81427
2024-08,2024-Q3,Vaccines,ImmunoCore Canine,False,Veterinary,Region,Northeast,2663918.67,126853
2024-08,2024-Q3,Vaccines,ImmunoCore Canine,False,Veterinary,Region,South,4137195.96,197009
2024-08,2024-Q3,Vaccines,ImmunoCore Canine,False,Veterinary,Region,Midwest,2399822.02,114277
2024-08,2024-Q3,Vaccines,ImmunoCore Canine,False,Veterinary,Region,West,2631671.25,125318
2024-08,2024-Q3,Vaccines,ImmunoCore Canine,False,Veterinary,National,National,11832607.9,563458
2024-08,2024-Q3,Vaccines,ImmunoCore Canine,False,Retail,Region,Northeast,258317.75,12301
2024-08,2024-Q3,Vaccines,ImmunoCore Canine,False,Retail,Region,South,385840.59,18373
2024-08,2024-Q3,Vaccines,ImmunoCore Canine,False,Retail,Region,Midwest,229159.36,10912
2024-08,2024-Q3,Vaccines,ImmunoCore Canine,False,Retail,Region,West,268196.14,12771
2024-08,2024-Q3,Vaccines,ImmunoCore Canine,False,Retail,National,National,1141513.84,54358
2024-08,2024-Q3,Vaccines,ImmunoCore Canine,False,E-commerce,Region,Northeast,386369.89,18399
2024-08,2024-Q3,Vaccines,ImmunoCore Canine,False,E-commerce,Region,South,644995.23,30714
2024-08,2024-Q3,Vaccines,ImmunoCore Canine,False,E-commerce,Region,Midwest,379698.63,18081
2024-08,2024-Q3,Vaccines,ImmunoCore Canine,False,E-commerce,Region,West,404998.3,19286
2024-08,2024-Q3,Vaccines,ImmunoCore Canine,False,E-commerce,National,National,1816062.06,86479
2024-09,2024-Q3,Vaccines,ImmunoCore Canine,False,Veterinary,Region,Northeast,2429222.33,115677
2024-09,2024-Q3,Vaccines,ImmunoCore Canine,False,Veterinary,Region,South,3716789.43,176990
2024-09,2024-Q3,Vaccines,ImmunoCore Canine,False,Veterinary,Region,Midwest,2203359.63,104922
2024-09,2024-Q3,Vaccines,ImmunoCore Canine,False,Veterinary,Region,West,2592243.74,123440
2024-09,2024-Q3,Vaccines,ImmunoCore Canine,False,Veterinary,National,National,10941615.13,521029
2024-09,2024-Q3,Vaccines,ImmunoCore Canine,False,Retail,Region,Northeast,229263.63,10917
2024-09,2024-Q3,Vaccines,ImmunoCore Canine,False,Retail,Region,South,322377.14,15351
2024-09,2024-Q3,Vaccines,ImmunoCore Canine,False,Retail,Region,Midwest,212914.53,10139
2024-09,2024-Q3,Vaccines,ImmunoCore Canine,False,Retail,Region,West,231814.13,11039
2024-09,2024-Q3,Vaccines,ImmunoCore Canine,False,Retail,National,National,996369.43,47446
2024-09,2024-Q3,Vaccines,ImmunoCore Canine,False,E-commerce,Region,Northeast,376680.37,17937
2024-09,2024-Q3,Vaccines,ImmunoCore Canine,False,E-commerce,Region,South,564754.14,26893
2024-09,2024-Q3,Vaccines,ImmunoCore Canine,False,E-commerce,Region,Midwest,364866.02,17375
2024-09,2024-Q3,Vaccines,ImmunoCore Canine,False,E-commerce,Region,West,364280.32,17347
2024-09,2024-Q3,Vaccines,ImmunoCore Canine,False,E-commerce,National,National,1670580.85,79551
2024-10,2024-Q4,Vaccines,ImmunoCore Canine,False,Veterinary,Region,Northeast,2324907.69,110710
2024-10,2024-Q4,Vaccines,ImmunoCore Canine,False,Veterinary,Region,South,3413147.54,162531
2024-10,2024-Q4,Vaccines,ImmunoCore Canine,False,Veterinary,Region,Midwest,2082095.81,99147
2024-10,2024-Q4,Vaccines,ImmunoCore Canine,False,Veterinary,Region,West,2317976.71,110380
2024-10,2024-Q4,Vaccines,ImmunoCore Canine,False,Veterinary,National,National,10138127.75,482768
2024-10,2024-Q4,Vaccines,ImmunoCore Canine,False,Retail,Region,Northeast,206010.5,9810
2024-10,2024-Q4,Vaccines,ImmunoCore Canine,False,Retail,Region,South,331078.03,15766
2024-10,2024-Q4,Vaccines,ImmunoCore Canine,False,Retail,Region,Midwest,207983.83,9904
2024-10,2024-Q4,Vaccines,ImmunoCore Canine,False,Retail,Region,West,209905.9,9996
2024-10,2024-Q4,Vaccines,ImmunoCore Canine,False,Retail,National,National,954978.26,45475
2024-10,2024-Q4,Vaccines,ImmunoCore Canine,False,E-commerce,Region,Northeast,352344.91,16778
2024-10,2024-Q4,Vaccines,ImmunoCore Canine,False,E-commerce,Region,South,549559.71,26170
2024-10,2024-Q4,Vaccines,ImmunoCore Canine,False,E-commerce,Region,Midwest,340125.57,16196
2024-10,2024-Q4,Vaccines,ImmunoCore Canine,False,E-commerce,Region,West,380891.37,18138
2024-10,2024-Q4,Vaccines,ImmunoCore Canine,False,E-commerce,National,National,1622921.57,77282
2024-11,2024-Q4,Vaccines,ImmunoCore Canine,False,Veterinary,Region,Northeast,2222790.75,105847
2024-11,2024-Q4,Vaccines,ImmunoCore Canine,False,Veterinary,Region,South,3379415.93,160925
2024-11,2024-Q4,Vaccines,ImmunoCore Canine,False,Veterinary,Region,Midwest,2041110.52,97196
2024-11,2024-Q4,Vaccines,ImmunoCore Canine,False,Veterinary,Region,West,2338633.12,111363
2024-11,2024-Q4,Vaccines,ImmunoCore Canine,False,Veterinary,National,National,9981950.31,475331
2024-11,2024-Q4,Vaccines,ImmunoCore Canine,False,Retail,Region,Northeast,210234.87,10011
2024-11,2024-Q4,Vaccines,ImmunoCore Canine,False,Retail,Region,South,333748.44,15893
2024-11,2024-Q4,Vaccines,ImmunoCore Canine,False,Retail,Region,Midwest,198318.7,9444
2024-11,2024-Q4,Vaccines,ImmunoCore Canine,False,Retail,Region,West,235011.28,11191
2024-11,2024-Q4,Vaccines,ImmunoCore Canine,False,Retail,National,National,977313.29,46539
2024-11,2024-Q4,Vaccines,ImmunoCore Canine,False,E-commerce,Region,Northeast,369991.54,17619
2024-11,2024-Q4,Vaccines,ImmunoCore Canine,False,E-commerce,Region,South,564809.65,26896
2024-11,2024-Q4,Vaccines,ImmunoCore Canine,False,E-commerce,Region,Midwest,358027.68,17049
2024-11,2024-Q4,Vaccines,ImmunoCore Canine,False,E-commerce,Region,West,376410.33,17924
2024-11,2024-Q4,Vaccines,ImmunoCore Canine,False,E-commerce,National,National,1669239.2,79488
2024-12,2024-Q4,Vaccines,ImmunoCore Canine,False,Veterinary,Region,Northeast,2160520.89,102882
2024-12,2024-Q4,Vaccines,ImmunoCore Canine,False,Veterinary,Region,South,3631589.48,172933
2024-12,2024-Q4,Vaccines,ImmunoCore Canine,False,Veterinary,Region,Midwest,2202847.48,104897
2024-12,2024-Q4,Vaccines,ImmunoCore Canine,False,Veterinary,Region,West,2423036.5,115383
2024-12,2024-Q4,Vaccines,ImmunoCore Canine,False,Veterinary,National,National,10417994.35,496095
2024-12,2024-Q4,Vaccines,ImmunoCore Canine,False,Retail,Region,Northeast,213350.25,10160
2024-12,2024-Q4,Vaccines,ImmunoCore Canine,False,Retail,Region,South,315657.51,15031
2024-12,2024-Q4,Vaccines,ImmunoCore Canine,False,Retail,Region,Midwest,197246.25,9393
2024-12,2024-Q4,Vaccines,ImmunoCore Canine,False,Retail,Region,West,232450.07,11069
2024-12,2024-Q4,Vaccines,ImmunoCore Canine,False,Retail,National,National,958704.08,45653
2024-12,2024-Q4,Vaccines,ImmunoCore Canine,False,E-commerce,Region,Northeast,397676.52,18937
2024-12,2024-Q4,Vaccines,ImmunoCore Canine,False,E-commerce,Region,South,594753.89,28322
2024-12,2024-Q4,Vaccines,ImmunoCore Canine,False,E-commerce,Region,Midwest,378775.34,18037
2024-12,2024-Q4,Vaccines,ImmunoCore Canine,False,E-commerce,Region,West,414684.87,19747
2024-12,2024-Q4,Vaccines,ImmunoCore Canine,False,E-commerce,National,National,1785890.62,85042
2025-01,2025-Q1,Vaccines,ImmunoCore Canine,False,Veterinary,Region,Northeast,2578304.94,122776
2025-01,2025-Q1,Vaccines,ImmunoCore Canine,False,Veterinary,Region,South,3903767.48,185894
2025-01,2025-Q1,Vaccines,ImmunoCore Canine,False,Veterinary,Region,Midwest,2349675.51,111889
2025-01,2025-Q1,Vaccines,ImmunoCore Canine,False,Veterinary,Region,West,2748194.92,130866
2025-01,2025-Q1,Vaccines,ImmunoCore Canine,False,Veterinary,National,National,11579942.85,551426
2025-01,2025-Q1,Vaccines,ImmunoCore Canine,False,Retail,Region,Northeast,227640.3,10840
2025-01,2025-Q1,Vaccines,ImmunoCore Canine,False,Retail,Region,South,343667.12,16365
2025-01,2025-Q1,Vaccines,ImmunoCore Canine,False,Retail,Region,Midwest,209978.17,9999
2025-01,2025-Q1,Vaccines,ImmunoCore Canine,False,Retail,Region,West,232538.82,11073
2025-01,2025-Q1,Vaccines,ImmunoCore Canine,False,Retail,National,National,1013824.42,48277
2025-01,2025-Q1,Vaccines,ImmunoCore Canine,False,E-commerce,Region,Northeast,435357.89,20731
2025-01,2025-Q1,Vaccines,ImmunoCore Canine,False,E-commerce,Region,South,695876.03,33137
2025-01,2025-Q1,Vaccines,ImmunoCore Canine,False,E-commerce,Region,Midwest,431668.56,20556
2025-01,2025-Q1,Vaccines,ImmunoCore Canine,False,E-commerce,Region,West,476063.9,22670
2025-01,2025-Q1,Vaccines,ImmunoCore Canine,False,E-commerce,National,National,2038966.38,97094
2025-02,2025-Q1,Vaccines,ImmunoCore Canine,False,Veterinary,Region,Northeast,2621198.72,124819
2025-02,2025-Q1,Vaccines,ImmunoCore Canine,False,Veterinary,Region,South,4220241.29,200964
2025-02,2025-Q1,Vaccines,ImmunoCore Canine,False,Veterinary,Region,Midwest,2507823.99,119420
2025-02,2025-Q1,Vaccines,ImmunoCore Canine,False,Veterinary,Region,West,2802216.93,133439
2025-02,2025-Q1,Vaccines,ImmunoCore Canine,False,Veterinary,National,National,12151480.93,578642
2025-02,2025-Q1,Vaccines,ImmunoCore Canine,False,Retail,Region,Northeast,221709.24,10558
2025-02,2025-Q1,Vaccines,ImmunoCore Canine,False,Retail,Region,South,350919.81,16710
2025-02,2025-Q1,Vaccines,ImmunoCore Canine,False,Retail,Region,Midwest,216682.63,10318
2025-02,2025-Q1,Vaccines,ImmunoCore Canine,False,Retail,Region,West,223291.26,10633
2025-02,2025-Q1,Vaccines,ImmunoCore Canine,False,Retail,National,National,1012602.93,48219
2025-02,2025-Q1,Vaccines,ImmunoCore Canine,False,E-commerce,Region,Northeast,468332.78,22302
2025-02,2025-Q1,Vaccines,ImmunoCore Canine,False,E-commerce,Region,South,752359.14,35827
2025-02,2025-Q1,Vaccines,ImmunoCore Canine,False,E-commerce,Region,Midwest,438895.49,20900
2025-02,2025-Q1,Vaccines,ImmunoCore Canine,False,E-commerce,Region,West,491405.23,23400
2025-02,2025-Q1,Vaccines,ImmunoCore Canine,False,E-commerce,National,National,2150992.65,102428
2025-03,2025-Q1,Vaccines,ImmunoCore Canine,False,Veterinary,Region,Northeast,2612063.17,124384
2025-03,2025-Q1,Vaccines,ImmunoCore Canine,False,Veterinary,Region,South,4132336.8,196778
2025-03,2025-Q1,Vaccines,ImmunoCore Canine,False,Veterinary,Region,Midwest,2439881.73,116185
2025-03,2025-Q1,Vaccines,ImmunoCore Canine,False,Veterinary,Region,West,2869302.01,136633
2025-03,2025-Q1,Vaccines,ImmunoCore Canine,False,Veterinary,National,National,12053583.72,573980
2025-03,2025-Q1,Vaccines,ImmunoCore Canine,False,Retail,Region,Northeast,225120.89,10720
2025-03,2025-Q1,Vaccines,ImmunoCore Canine,False,Retail,Region,South,372732.94,17749
2025-03,2025-Q1,Vaccines,ImmunoCore Canine,False,Retail,Region,Midwest,224651.26,10698
2025-03,2025-Q1,Vaccines,ImmunoCore Canine,False,Retail,Region,West,260885.2,12423
2025-03,2025-Q1,Vaccines,ImmunoCore Canine,False,Retail,National,National,1083390.3,51590
2025-03,2025-Q1,Vaccines,ImmunoCore Canine,False,E-commerce,Region,Northeast,512792.29,24419
2025-03,2025-Q1,Vaccines,ImmunoCore Canine,False,E-commerce,Region,South,726345.59,34588
2025-03,2025-Q1,Vaccines,ImmunoCore Canine,False,E-commerce,Region,Midwest,443769.35,21132
2025-03,2025-Q1,Vaccines,ImmunoCore Canine,False,E-commerce,Region,West,508377.05,24208
2025-03,2025-Q1,Vaccines,ImmunoCore Canine,False,E-commerce,National,National,2191284.29,104347
2025-04,2025-Q2,Vaccines,ImmunoCore Canine,False,Veterinary,Region,Northeast,2759513.39,131405
2025-04,2025-Q2,Vaccines,ImmunoCore Canine,False,Veterinary,Region,South,4292913.86,204424
2025-04,2025-Q2,Vaccines,ImmunoCore Canine,False,Veterinary,Region,Midwest,2702634.66,128697
2025-04,2025-Q2,Vaccines,ImmunoCore Canine,False,Veterinary,Region,West,2782498.89,132500
2025-04,2025-Q2,Vaccines,ImmunoCore Canine,False,Veterinary,National,National,12537560.8,597027
2025-04,2025-Q2,Vaccines,ImmunoCore Canine,False,Retail,Region,Northeast,234667.32,11175
2025-04,2025-Q2,Vaccines,ImmunoCore Canine,False,Retail,Region,South,386279.91,18394
2025-04,2025-Q2,Vaccines,ImmunoCore Canine,False,Retail,Region,Midwest,234226.92,11154
2025-04,2025-Q2,Vaccines,ImmunoCore Canine,False,Retail,Region,West,258538.51,12311
2025-04,2025-Q2,Vaccines,ImmunoCore Canine,False,Retail,National,National,1113712.66,53034
2025-04,2025-Q2,Vaccines,ImmunoCore Canine,False,E-commerce,Region,Northeast,532197.97,25343
2025-04,2025-Q2,Vaccines,ImmunoCore Canine,False,E-commerce,Region,South,834277.85,39728
2025-04,2025-Q2,Vaccines,ImmunoCore Canine,False,E-commerce,Region,Midwest,541080.29,25766
2025-04,2025-Q2,Vaccines,ImmunoCore Canine,False,E-commerce,Region,West,539685.29,25699
2025-04,2025-Q2,Vaccines,ImmunoCore Canine,False,E-commerce,National,National,2447241.4,116535
2025-05,2025-Q2,Vaccines,ImmunoCore Canine,False,Veterinary,Region,Northeast,2822230.57,134392
2025-05,2025-Q2,Vaccines,ImmunoCore Canine,False,Veterinary,Region,South,4480482.07,213356
2025-05,2025-Q2,Vaccines,ImmunoCore Canine,False,Veterinary,Region,Midwest,2626767.0,125084
2025-05,2025-Q2,Vaccines,ImmunoCore Canine,False,Veterinary,Region,West,2785135.54,132626
2025-05,2025-Q2,Vaccines,ImmunoCore Canine,False,Veterinary,National,National,12714615.18,605458
2025-05,2025-Q2,Vaccines,ImmunoCore Canine,False,Retail,Region,Northeast,230767.33,10989
2025-05,2025-Q2,Vaccines,ImmunoCore Canine,False,Retail,Region,South,382383.9,18209
2025-05,2025-Q2,Vaccines,ImmunoCore Canine,False,Retail,Region,Midwest,225563.12,10741
2025-05,2025-Q2,Vaccines,ImmunoCore Canine,False,Retail,Region,West,273417.16,13020
2025-05,2025-Q2,Vaccines,ImmunoCore Canine,False,Retail,National,National,1112131.5,52959
2025-05,2025-Q2,Vaccines,ImmunoCore Canine,False,E-commerce,Region,Northeast,598676.03,28508
2025-05,2025-Q2,Vaccines,ImmunoCore Canine,False,E-commerce,Region,South,870366.4,41446
2025-05,2025-Q2,Vaccines,ImmunoCore Canine,False,E-commerce,Region,Midwest,541730.64,25797
2025-05,2025-Q2,Vaccines,ImmunoCore Canine,False,E-commerce,Region,West,582738.31,27749
2025-05,2025-Q2,Vaccines,ImmunoCore Canine,False,E-commerce,National,National,2593511.39,123501
2025-06,2025-Q2,Vaccines,ImmunoCore Canine,False,Veterinary,Region,Northeast,2855567.81,135979
2025-06,2025-Q2,Vaccines,ImmunoCore Canine,False,Veterinary,Region,South,4421945.66,210569
2025-06,2025-Q2,Vaccines,ImmunoCore Canine,False,Veterinary,Region,Midwest,2837274.99,135108
2025-06,2025-Q2,Vaccines,ImmunoCore Canine,False,Veterinary,Region,West,3041728.06,144844
2025-06,2025-Q2,Vaccines,ImmunoCore Canine,False,Veterinary,National,National,13156516.51,626501
2025-06,2025-Q2,Vaccines,ImmunoCore Canine,False,Retail,Region,Northeast,267187.6,12723
2025-06,2025-Q2,Vaccines,ImmunoCore Canine,False,Retail,Region,South,369056.04,17574
2025-06,2025-Q2,Vaccines,ImmunoCore Canine,False,Retail,Region,Midwest,235722.2,11225
2025-06,2025-Q2,Vaccines,ImmunoCore Canine,False,Retail,Region,West,255428.38,12163
2025-06,2025-Q2,Vaccines,ImmunoCore Canine,False,Retail,National,National,1127394.22,53685
2025-06,2025-Q2,Vaccines,ImmunoCore Canine,False,E-commerce,Region,Northeast,610677.33,29080
2025-06,2025-Q2,Vaccines,ImmunoCore Canine,False,E-commerce,Region,South,906896.72,43186
2025-06,2025-Q2,Vaccines,ImmunoCore Canine,False,E-commerce,Region,Midwest,578835.06,27564
2025-06,2025-Q2,Vaccines,ImmunoCore Canine,False,E-commerce,Region,West,600871.66,28613
2025-06,2025-Q2,Vaccines,ImmunoCore Canine,False,E-commerce,National,National,2697280.77,128442
2025-07,2025-Q3,Vaccines,ImmunoCore Canine,False,Veterinary,Region,Northeast,2854442.55,135926
2025-07,2025-Q3,Vaccines,ImmunoCore Canine,False,Veterinary,Region,South,4329866.2,206184
2025-07,2025-Q3,Vaccines,ImmunoCore Canine,False,Veterinary,Region,Midwest,2405387.43,114542
2025-07,2025-Q3,Vaccines,ImmunoCore Canine,False,Veterinary,Region,West,2822342.56,134397
2025-07,2025-Q3,Vaccines,ImmunoCore Canine,False,Veterinary,National,National,12412038.74,591049
2025-07,2025-Q3,Vaccines,ImmunoCore Canine,False,Retail,Region,Northeast,238641.17,11364
2025-07,2025-Q3,Vaccines,ImmunoCore Canine,False,Retail,Region,South,354560.13,16884
2025-07,2025-Q3,Vaccines,ImmunoCore Canine,False,Retail,Region,Midwest,214932.09,10235
2025-07,2025-Q3,Vaccines,ImmunoCore Canine,False,Retail,Region,West,248288.04,11823
2025-07,2025-Q3,Vaccines,ImmunoCore Canine,False,Retail,National,National,1056421.43,50306
2025-07,2025-Q3,Vaccines,ImmunoCore Canine,False,E-commerce,Region,Northeast,576347.98,27445
2025-07,2025-Q3,Vaccines,ImmunoCore Canine,False,E-commerce,Region,South,902753.76,42988
2025-07,2025-Q3,Vaccines,ImmunoCore Canine,False,E-commerce,Region,Midwest,545890.59,25995
2025-07,2025-Q3,Vaccines,ImmunoCore Canine,False,E-commerce,Region,West,642740.48,30607
2025-07,2025-Q3,Vaccines,ImmunoCore Canine,False,E-commerce,National,National,2667732.81,127035
2025-08,2025-Q3,Vaccines,ImmunoCore Canine,False,Veterinary,Region,Northeast,2435963.1,115998
2025-08,2025-Q3,Vaccines,ImmunoCore Canine,False,Veterinary,Region,South,3880564.11,184789
2025-08,2025-Q3,Vaccines,ImmunoCore Canine,False,Veterinary,Region,Midwest,2412174.77,114865
2025-08,2025-Q3,Vaccines,ImmunoCore Canine,False,Veterinary,Region,West,2478230.03,118011
2025-08,2025-Q3,Vaccines,ImmunoCore Canine,False,Veterinary,National,National,11206932.01,533663
2025-08,2025-Q3,Vaccines,ImmunoCore Canine,False,Retail,Region,Northeast,222120.23,10577
2025-08,2025-Q3,Vaccines,ImmunoCore Canine,False,Retail,Region,South,315963.47,15046
2025-08,2025-Q3,Vaccines,ImmunoCore Canine,False,Retail,Region,Midwest,204120.33,9720
2025-08,2025-Q3,Vaccines,ImmunoCore Canine,False,Retail,Region,West,221458.67,10546
2025-08,2025-Q3,Vaccines,ImmunoCore Canine,False,Retail,National,National,963662.7,45889
2025-08,2025-Q3,Vaccines,ImmunoCore Canine,False,E-commerce,Region,Northeast,536918.66,25568
2025-08,2025-Q3,Vaccines,ImmunoCore Canine,False,E-commerce,Region,South,876603.13,41743
2025-08,2025-Q3,Vaccines,ImmunoCore Canine,False,E-commerce,Region,Midwest,486759.69,23179
2025-08,2025-Q3,Vaccines,ImmunoCore Canine,False,E-commerce,Region,West,560925.62,26711
2025-08,2025-Q3,Vaccines,ImmunoCore Canine,False,E-commerce,National,National,2461207.1,117200
2025-09,2025-Q3,Vaccines,ImmunoCore Canine,False,Veterinary,Region,Northeast,2380938.71,113378
2025-09,2025-Q3,Vaccines,ImmunoCore Canine,False,Veterinary,Region,South,3752295.76,178681
2025-09,2025-Q3,Vaccines,ImmunoCore Canine,False,Veterinary,Region,Midwest,2266108.42,107910
2025-09,2025-Q3,Vaccines,ImmunoCore Canine,False,Veterinary,Region,West,2527029.22,120335
2025-09,2025-Q3,Vaccines,ImmunoCore Canine,False,Veterinary,National,National,10926372.1,520303
2025-09,2025-Q3,Vaccines,ImmunoCore Canine,False,Retail,Region,Northeast,185589.66,8838
2025-09,2025-Q3,Vaccines,ImmunoCore Canine,False,Retail,Region,South,308838.97,14707
2025-09,2025-Q3,Vaccines,ImmunoCore Canine,False,Retail,Region,Midwest,181945.94,8664
2025-09,2025-Q3,Vaccines,ImmunoCore Canine,False,Retail,Region,West,205561.45,9789
2025-09,2025-Q3,Vaccines,ImmunoCore Canine,False,Retail,National,National,881936.02,41997
2025-09,2025-Q3,Vaccines,ImmunoCore Canine,False,E-commerce,Region,Northeast,534188.38,25438
2025-09,2025-Q3,Vaccines,ImmunoCore Canine,False,E-commerce,Region,South,821874.73,39137
2025-09,2025-Q3,Vaccines,ImmunoCore Canine,False,E-commerce,Region,Midwest,527083.41,25099
2025-09,2025-Q3,Vaccines,ImmunoCore Canine,False,E-commerce,Region,West,521491.61,24833
2025-09,2025-Q3,Vaccines,ImmunoCore Canine,False,E-commerce,National,National,2404638.13,114507
2025-10,2025-Q4,Vaccines,ImmunoCore Canine,False,Veterinary,Region,Northeast,2111804.53,100562
2025-10,2025-Q4,Vaccines,ImmunoCore Canine,False,Veterinary,Region,South,3247492.4,154642
2025-10,2025-Q4,Vaccines,ImmunoCore Canine,False,Veterinary,Region,Midwest,2173167.01,103484
2025-10,2025-Q4,Vaccines,ImmunoCore Canine,False,Veterinary,Region,West,2323065.98,110622
2025-10,2025-Q4,Vaccines,ImmunoCore Canine,False,Veterinary,National,National,9855529.93,469311
2025-10,2025-Q4,Vaccines,ImmunoCore Canine,False,Retail,Region,Northeast,196526.58,9358
2025-10,2025-Q4,Vaccines,ImmunoCore Canine,False,Retail,Region,South,300489.73,14309
2025-10,2025-Q4,Vaccines,ImmunoCore Canine,False,Retail,Region,Midwest,179590.5,8552
2025-10,2025-Q4,Vaccines,ImmunoCore Canine,False,Retail,Region,West,190583.16,9075
2025-10,2025-Q4,Vaccines,ImmunoCore Canine,False,Retail,National,National,867189.97,41295
2025-10,2025-Q4,Vaccines,ImmunoCore Canine,False,E-commerce,Region,Northeast,535618.11,25506
2025-10,2025-Q4,Vaccines,ImmunoCore Canine,False,E-commerce,Region,South,787177.25,37485
2025-10,2025-Q4,Vaccines,ImmunoCore Canine,False,E-commerce,Region,Midwest,478633.74,22792
2025-10,2025-Q4,Vaccines,ImmunoCore Canine,False,E-commerce,Region,West,525017.49,25001
2025-10,2025-Q4,Vaccines,ImmunoCore Canine,False,E-commerce,National,National,2326446.59,110783
2025-11,2025-Q4,Vaccines,ImmunoCore Canine,False,Veterinary,Region,Northeast,2291685.1,109128
2025-11,2025-Q4,Vaccines,ImmunoCore Canine,False,Veterinary,Region,South,3417535.11,162740
2025-11,2025-Q4,Vaccines,ImmunoCore Canine,False,Veterinary,Region,Midwest,2184918.96,104044
2025-11,2025-Q4,Vaccines,ImmunoCore Canine,False,Veterinary,Region,West,2314544.13,110216
2025-11,2025-Q4,Vaccines,ImmunoCore Canine,False,Veterinary,National,National,10208683.31,486128
2025-11,2025-Q4,Vaccines,ImmunoCore Canine,False,Retail,Region,Northeast,183520.1,8739
2025-11,2025-Q4,Vaccines,ImmunoCore Canine,False,Retail,Region,South,310751.1,14798
2025-11,2025-Q4,Vaccines,ImmunoCore Canine,False,Retail,Region,Midwest,187142.71,8912
2025-11,2025-Q4,Vaccines,ImmunoCore Canine,False,Retail,Region,West,195496.37,9309
2025-11,2025-Q4,Vaccines,ImmunoCore Canine,False,Retail,National,National,876910.28,41758
2025-11,2025-Q4,Vaccines,ImmunoCore Canine,False,E-commerce,Region,Northeast,521425.04,24830
2025-11,2025-Q4,Vaccines,ImmunoCore Canine,False,E-commerce,Region,South,786577.73,37456
2025-11,2025-Q4,Vaccines,ImmunoCore Canine,False,E-commerce,Region,Midwest,516614.58,24601
2025-11,2025-Q4,Vaccines,ImmunoCore Canine,False,E-commerce,Region,West,554798.61,26419
2025-11,2025-Q4,Vaccines,ImmunoCore Canine,False,E-commerce,National,National,2379415.97,113306
2025-12,2025-Q4,Vaccines,ImmunoCore Canine,False,Veterinary,Region,Northeast,2280682.8,108604
2025-12,2025-Q4,Vaccines,ImmunoCore Canine,False,Veterinary,Region,South,3536550.23,168407
2025-12,2025-Q4,Vaccines,ImmunoCore Canine,False,Veterinary,Region,Midwest,2230003.33,106191
2025-12,2025-Q4,Vaccines,ImmunoCore Canine,False,Veterinary,Region,West,2383725.27,113511
2025-12,2025-Q4,Vaccines,ImmunoCore Canine,False,Veterinary,National,National,10430961.63,496712
2025-12,2025-Q4,Vaccines,ImmunoCore Canine,False,Retail,Region,Northeast,184360.8,8779
2025-12,2025-Q4,Vaccines,ImmunoCore Canine,False,Retail,Region,South,284509.67,13548
2025-12,2025-Q4,Vaccines,ImmunoCore Canine,False,Retail,Region,Midwest,183031.73,8716
2025-12,2025-Q4,Vaccines,ImmunoCore Canine,False,Retail,Region,West,190681.72,9080
2025-12,2025-Q4,Vaccines,ImmunoCore Canine,False,Retail,National,National,842583.92,40123
2025-12,2025-Q4,Vaccines,ImmunoCore Canine,False,E-commerce,Region,Northeast,574862.14,27374
2025-12,2025-Q4,Vaccines,ImmunoCore Canine,False,E-commerce,Region,South,888315.06,42301
2025-12,2025-Q4,Vaccines,ImmunoCore Canine,False,E-commerce,Region,Midwest,536449.01,25545
2025-12,2025-Q4,Vaccines,ImmunoCore Canine,False,E-commerce,Region,West,574522.25,27358
2025-12,2025-Q4,Vaccines,ImmunoCore Canine,False,E-commerce,National,National,2574148.47,122578
2026-01,2026-Q1,Vaccines,ImmunoCore Canine,False,Veterinary,Region,Northeast,2183067.34,103956
2026-01,2026-Q1,Vaccines,ImmunoCore Canine,False,Veterinary,Region,South,3321252.06,158155
2026-01,2026-Q1,Vaccines,ImmunoCore Canine,False,Veterinary,Region,Midwest,2158279.26,102775
2026-01,2026-Q1,Vaccines,ImmunoCore Canine,False,Veterinary,Region,West,2330600.1,110981
2026-01,2026-Q1,Vaccines,ImmunoCore Canine,False,Veterinary,National,National,9993198.76,475867
2026-01,2026-Q1,Vaccines,ImmunoCore Canine,False,Retail,Region,Northeast,181578.72,8647
2026-01,2026-Q1,Vaccines,ImmunoCore Canine,False,Retail,Region,South,296147.36,14102
2026-01,2026-Q1,Vaccines,ImmunoCore Canine,False,Retail,Region,Midwest,178939.9,8521
2026-01,2026-Q1,Vaccines,ImmunoCore Canine,False,Retail,Region,West,195503.06,9310
2026-01,2026-Q1,Vaccines,ImmunoCore Canine,False,Retail,National,National,852169.04,40579
2026-01,2026-Q1,Vaccines,ImmunoCore Canine,False,E-commerce,Region,Northeast,588307.78,28015
2026-01,2026-Q1,Vaccines,ImmunoCore Canine,False,E-commerce,Region,South,922035.2,43906
2026-01,2026-Q1,Vaccines,ImmunoCore Canine,False,E-commerce,Region,Midwest,525760.67,25036
2026-01,2026-Q1,Vaccines,ImmunoCore Canine,False,E-commerce,Region,West,617745.11,29416
2026-01,2026-Q1,Vaccines,ImmunoCore Canine,False,E-commerce,National,National,2653848.77,126374
2026-02,2026-Q1,Vaccines,ImmunoCore Canine,False,Veterinary,Region,Northeast,2339427.82,111401
2026-02,2026-Q1,Vaccines,ImmunoCore Canine,False,Veterinary,Region,South,3816207.06,181724
2026-02,2026-Q1,Vaccines,ImmunoCore Canine,False,Veterinary,Region,Midwest,2335044.69,111193
2026-02,2026-Q1,Vaccines,ImmunoCore Canine,False,Veterinary,Region,West,2555439.42,121688
2026-02,2026-Q1,Vaccines,ImmunoCore Canine,False,Veterinary,National,National,11046118.98,526006
2026-02,2026-Q1,Vaccines,ImmunoCore Canine,False,Retail,Region,Northeast,197279.83,9394
2026-02,2026-Q1,Vaccines,ImmunoCore Canine,False,Retail,Region,South,316084.33,15052
2026-02,2026-Q1,Vaccines,ImmunoCore Canine,False,Retail,Region,Midwest,178632.21,8506
2026-02,2026-Q1,Vaccines,ImmunoCore Canine,False,Retail,Region,West,203248.72,9679
2026-02,2026-Q1,Vaccines,ImmunoCore Canine,False,Retail,National,National,895245.09,42631
2026-02,2026-Q1,Vaccines,ImmunoCore Canine,False,E-commerce,Region,Northeast,631564.53,30075
2026-02,2026-Q1,Vaccines,ImmunoCore Canine,False,E-commerce,Region,South,1034181.71,49247
2026-02,2026-Q1,Vaccines,ImmunoCore Canine,False,E-commerce,Region,Midwest,620541.48,29550
2026-02,2026-Q1,Vaccines,ImmunoCore Canine,False,E-commerce,Region,West,679875.61,32375
2026-02,2026-Q1,Vaccines,ImmunoCore Canine,False,E-commerce,National,National,2966163.32,141246
2026-03,2026-Q1,Vaccines,ImmunoCore Canine,False,Veterinary,Region,Northeast,2764568.56,131646
2026-03,2026-Q1,Vaccines,ImmunoCore Canine,False,Veterinary,Region,South,4059044.97,193288
2026-03,2026-Q1,Vaccines,ImmunoCore Canine,False,Veterinary,Region,Midwest,2397465.55,114165
2026-03,2026-Q1,Vaccines,ImmunoCore Canine,False,Veterinary,Region,West,2898003.82,138000
2026-03,2026-Q1,Vaccines,ImmunoCore Canine,False,Veterinary,National,National,12119082.89,577099
2026-03,2026-Q1,Vaccines,ImmunoCore Canine,False,Retail,Region,Northeast,200993.75,9571
2026-03,2026-Q1,Vaccines,ImmunoCore Canine,False,Retail,Region,South,316061.17,15051
2026-03,2026-Q1,Vaccines,ImmunoCore Canine,False,Retail,Region,Midwest,199030.78,9478
2026-03,2026-Q1,Vaccines,ImmunoCore Canine,False,Retail,Region,West,213070.32,10146
2026-03,2026-Q1,Vaccines,ImmunoCore Canine,False,Retail,National,National,929156.01,44246
2026-03,2026-Q1,Vaccines,ImmunoCore Canine,False,E-commerce,Region,Northeast,711012.24,33858
2026-03,2026-Q1,Vaccines,ImmunoCore Canine,False,E-commerce,Region,South,1090709.59,51939
2026-03,2026-Q1,Vaccines,ImmunoCore Canine,False,E-commerce,Region,Midwest,670401.33,31924
2026-03,2026-Q1,Vaccines,ImmunoCore Canine,False,E-commerce,Region,West,773331.47,36825
2026-03,2026-Q1,Vaccines,ImmunoCore Canine,False,E-commerce,National,National,3245454.64,154545
2024-04,2024-Q2,Vaccines,BioShield Vax,False,Veterinary,Region,Northeast,2286113.79,114306
2024-04,2024-Q2,Vaccines,BioShield Vax,False,Veterinary,Region,South,3309996.05,165500
2024-04,2024-Q2,Vaccines,BioShield Vax,False,Veterinary,Region,Midwest,2188222.83,109411
2024-04,2024-Q2,Vaccines,BioShield Vax,False,Veterinary,Region,West,2427141.17,121357
2024-04,2024-Q2,Vaccines,BioShield Vax,False,Veterinary,National,National,10211473.84,510574
2024-04,2024-Q2,Vaccines,BioShield Vax,False,Retail,Region,Northeast,229046.36,11452
2024-04,2024-Q2,Vaccines,BioShield Vax,False,Retail,Region,South,329225.68,16461
2024-04,2024-Q2,Vaccines,BioShield Vax,False,Retail,Region,Midwest,197377.07,9869
2024-04,2024-Q2,Vaccines,BioShield Vax,False,Retail,Region,West,226195.28,11310
2024-04,2024-Q2,Vaccines,BioShield Vax,False,Retail,National,National,981844.38,49092
2024-04,2024-Q2,Vaccines,BioShield Vax,False,E-commerce,Region,Northeast,267387.37,13369
2024-04,2024-Q2,Vaccines,BioShield Vax,False,E-commerce,Region,South,392008.52,19600
2024-04,2024-Q2,Vaccines,BioShield Vax,False,E-commerce,Region,Midwest,261283.8,13064
2024-04,2024-Q2,Vaccines,BioShield Vax,False,E-commerce,Region,West,272239.41,13612
2024-04,2024-Q2,Vaccines,BioShield Vax,False,E-commerce,National,National,1192919.1,59646
2024-05,2024-Q2,Vaccines,BioShield Vax,False,Veterinary,Region,Northeast,2434037.89,121702
2024-05,2024-Q2,Vaccines,BioShield Vax,False,Veterinary,Region,South,3624984.65,181249
2024-05,2024-Q2,Vaccines,BioShield Vax,False,Veterinary,Region,Midwest,2260468.86,113023
2024-05,2024-Q2,Vaccines,BioShield Vax,False,Veterinary,Region,West,2455071.94,122754
2024-05,2024-Q2,Vaccines,BioShield Vax,False,Veterinary,National,National,10774563.34,538728
2024-05,2024-Q2,Vaccines,BioShield Vax,False,Retail,Region,Northeast,226102.95,11305
2024-05,2024-Q2,Vaccines,BioShield Vax,False,Retail,Region,South,387224.7,19361
2024-05,2024-Q2,Vaccines,BioShield Vax,False,Retail,Region,Midwest,212682.27,10634
2024-05,2024-Q2,Vaccines,BioShield Vax,False,Retail,Region,West,240066.93,12003
2024-05,2024-Q2,Vaccines,BioShield Vax,False,Retail,National,National,1066076.84,53304
2024-05,2024-Q2,Vaccines,BioShield Vax,False,E-commerce,Region,Northeast,311297.75,15565
2024-05,2024-Q2,Vaccines,BioShield Vax,False,E-commerce,Region,South,461813.15,23091
2024-05,2024-Q2,Vaccines,BioShield Vax,False,E-commerce,Region,Midwest,283123.48,14156
2024-05,2024-Q2,Vaccines,BioShield Vax,False,E-commerce,Region,West,303445.34,15172
2024-05,2024-Q2,Vaccines,BioShield Vax,False,E-commerce,National,National,1359679.71,67984
2024-06,2024-Q2,Vaccines,BioShield Vax,False,Veterinary,Region,Northeast,2365543.38,118277
2024-06,2024-Q2,Vaccines,BioShield Vax,False,Veterinary,Region,South,3629846.0,181492
2024-06,2024-Q2,Vaccines,BioShield Vax,False,Veterinary,Region,Midwest,2110726.69,105536
2024-06,2024-Q2,Vaccines,BioShield Vax,False,Veterinary,Region,West,2457928.35,122896
2024-06,2024-Q2,Vaccines,BioShield Vax,False,Veterinary,National,National,10564044.42,528202
2024-06,2024-Q2,Vaccines,BioShield Vax,False,Retail,Region,Northeast,224845.55,11242
2024-06,2024-Q2,Vaccines,BioShield Vax,False,Retail,Region,South,341045.33,17052
2024-06,2024-Q2,Vaccines,BioShield Vax,False,Retail,Region,Midwest,204014.61,10201
2024-06,2024-Q2,Vaccines,BioShield Vax,False,Retail,Region,West,232674.59,11634
2024-06,2024-Q2,Vaccines,BioShield Vax,False,Retail,National,National,1002580.07,50129
2024-06,2024-Q2,Vaccines,BioShield Vax,False,E-commerce,Region,Northeast,301545.98,15077
2024-06,2024-Q2,Vaccines,BioShield Vax,False,E-commerce,Region,South,479676.21,23984
2024-06,2024-Q2,Vaccines,BioShield Vax,False,E-commerce,Region,Midwest,296122.57,14806
2024-06,2024-Q2,Vaccines,BioShield Vax,False,E-commerce,Region,West,320425.66,16021
2024-06,2024-Q2,Vaccines,BioShield Vax,False,E-commerce,National,National,1397770.42,69889
2024-07,2024-Q3,Vaccines,BioShield Vax,False,Veterinary,Region,Northeast,2202051.63,110103
2024-07,2024-Q3,Vaccines,BioShield Vax,False,Veterinary,Region,South,3464051.98,173203
2024-07,2024-Q3,Vaccines,BioShield Vax,False,Veterinary,Region,Midwest,2132568.03,106628
2024-07,2024-Q3,Vaccines,BioShield Vax,False,Veterinary,Region,West,2376482.75,118824
2024-07,2024-Q3,Vaccines,BioShield Vax,False,Veterinary,National,National,10175154.39,508758
2024-07,2024-Q3,Vaccines,BioShield Vax,False,Retail,Region,Northeast,204825.23,10241
2024-07,2024-Q3,Vaccines,BioShield Vax,False,Retail,Region,South,322599.06,16130
2024-07,2024-Q3,Vaccines,BioShield Vax,False,Retail,Region,Midwest,206907.03,10345
2024-07,2024-Q3,Vaccines,BioShield Vax,False,Retail,Region,West,221528.78,11076
2024-07,2024-Q3,Vaccines,BioShield Vax,False,Retail,National,National,955860.09,47793
2024-07,2024-Q3,Vaccines,BioShield Vax,False,E-commerce,Region,Northeast,318499.13,15925
2024-07,2024-Q3,Vaccines,BioShield Vax,False,E-commerce,Region,South,486789.85,24339
2024-07,2024-Q3,Vaccines,BioShield Vax,False,E-commerce,Region,Midwest,290166.01,14508
2024-07,2024-Q3,Vaccines,BioShield Vax,False,E-commerce,Region,West,330606.11,16530
2024-07,2024-Q3,Vaccines,BioShield Vax,False,E-commerce,National,National,1426061.11,71303
2024-08,2024-Q3,Vaccines,BioShield Vax,False,Veterinary,Region,Northeast,2089460.58,104473
2024-08,2024-Q3,Vaccines,BioShield Vax,False,Veterinary,Region,South,3313654.07,165683
2024-08,2024-Q3,Vaccines,BioShield Vax,False,Veterinary,Region,Midwest,2002336.84,100117
2024-08,2024-Q3,Vaccines,BioShield Vax,False,Veterinary,Region,West,2269348.06,113467
2024-08,2024-Q3,Vaccines,BioShield Vax,False,Veterinary,National,National,9674799.54,483740
2024-08,2024-Q3,Vaccines,BioShield Vax,False,Retail,Region,Northeast,183843.49,9192
2024-08,2024-Q3,Vaccines,BioShield Vax,False,Retail,Region,South,293090.2,14655
2024-08,2024-Q3,Vaccines,BioShield Vax,False,Retail,Region,Midwest,182583.57,9129
2024-08,2024-Q3,Vaccines,BioShield Vax,False,Retail,Region,West,199162.44,9958
2024-08,2024-Q3,Vaccines,BioShield Vax,False,Retail,National,National,858679.69,42934
2024-08,2024-Q3,Vaccines,BioShield Vax,False,E-commerce,Region,Northeast,299106.55,14955
2024-08,2024-Q3,Vaccines,BioShield Vax,False,E-commerce,Region,South,452099.26,22605
2024-08,2024-Q3,Vaccines,BioShield Vax,False,E-commerce,Region,Midwest,291725.39,14586
2024-08,2024-Q3,Vaccines,BioShield Vax,False,E-commerce,Region,West,318382.97,15919
2024-08,2024-Q3,Vaccines,BioShield Vax,False,E-commerce,National,National,1361314.16,68066
2024-09,2024-Q3,Vaccines,BioShield Vax,False,Veterinary,Region,Northeast,1872804.15,93640
2024-09,2024-Q3,Vaccines,BioShield Vax,False,Veterinary,Region,South,3033993.62,151700
2024-09,2024-Q3,Vaccines,BioShield Vax,False,Veterinary,Region,Midwest,1880956.96,94048
2024-09,2024-Q3,Vaccines,BioShield Vax,False,Veterinary,Region,West,2040686.41,102034
2024-09,2024-Q3,Vaccines,BioShield Vax,False,Veterinary,National,National,8828441.14,441422
2024-09,2024-Q3,Vaccines,BioShield Vax,False,Retail,Region,Northeast,182218.74,9111
2024-09,2024-Q3,Vaccines,BioShield Vax,False,Retail,Region,South,293177.34,14659
2024-09,2024-Q3,Vaccines,BioShield Vax,False,Retail,Region,Midwest,170920.71,8546
2024-09,2024-Q3,Vaccines,BioShield Vax,False,Retail,Region,West,188236.27,9412
2024-09,2024-Q3,Vaccines,BioShield Vax,False,Retail,National,National,834553.06,41728
2024-09,2024-Q3,Vaccines,BioShield Vax,False,E-commerce,Region,Northeast,298824.49,14941
2024-09,2024-Q3,Vaccines,BioShield Vax,False,E-commerce,Region,South,459968.81,22998
2024-09,2024-Q3,Vaccines,BioShield Vax,False,E-commerce,Region,Midwest,286798.13,14340
2024-09,2024-Q3,Vaccines,BioShield Vax,False,E-commerce,Region,West,303668.69,15183
2024-09,2024-Q3,Vaccines,BioShield Vax,False,E-commerce,National,National,1349260.12,67463
2024-10,2024-Q4,Vaccines,BioShield Vax,False,Veterinary,Region,Northeast,1708856.97,85443
2024-10,2024-Q4,Vaccines,BioShield Vax,False,Veterinary,Region,South,2707191.79,135360
2024-10,2024-Q4,Vaccines,BioShield Vax,False,Veterinary,Region,Midwest,1734351.4,86718
2024-10,2024-Q4,Vaccines,BioShield Vax,False,Veterinary,Region,West,1899518.77,94976
2024-10,2024-Q4,Vaccines,BioShield Vax,False,Veterinary,National,National,8049918.92,402496
2024-10,2024-Q4,Vaccines,BioShield Vax,False,Retail,Region,Northeast,157033.31,7852
2024-10,2024-Q4,Vaccines,BioShield Vax,False,Retail,Region,South,260781.64,13039
2024-10,2024-Q4,Vaccines,BioShield Vax,False,Retail,Region,Midwest,158116.98,7906
2024-10,2024-Q4,Vaccines,BioShield Vax,False,Retail,Region,West,168201.87,8410
2024-10,2024-Q4,Vaccines,BioShield Vax,False,Retail,National,National,744133.81,37207
2024-10,2024-Q4,Vaccines,BioShield Vax,False,E-commerce,Region,Northeast,298424.07,14921
2024-10,2024-Q4,Vaccines,BioShield Vax,False,E-commerce,Region,South,436185.44,21809
2024-10,2024-Q4,Vaccines,BioShield Vax,False,E-commerce,Region,Midwest,273926.88,13696
2024-10,2024-Q4,Vaccines,BioShield Vax,False,E-commerce,Region,West,315297.59,15765
2024-10,2024-Q4,Vaccines,BioShield Vax,False,E-commerce,National,National,1323833.97,66192
2024-11,2024-Q4,Vaccines,BioShield Vax,False,Veterinary,Region,Northeast,1744793.4,87240
2024-11,2024-Q4,Vaccines,BioShield Vax,False,Veterinary,Region,South,2850888.9,142544
2024-11,2024-Q4,Vaccines,BioShield Vax,False,Veterinary,Region,Midwest,1619424.58,80971
2024-11,2024-Q4,Vaccines,BioShield Vax,False,Veterinary,Region,West,1850173.74,92509
2024-11,2024-Q4,Vaccines,BioShield Vax,False,Veterinary,National,National,8065280.62,403264
2024-11,2024-Q4,Vaccines,BioShield Vax,False,Retail,Region,Northeast,164264.71,8213
2024-11,2024-Q4,Vaccines,BioShield Vax,False,Retail,Region,South,260890.75,13045
2024-11,2024-Q4,Vaccines,BioShield Vax,False,Retail,Region,Midwest,158485.34,7924
2024-11,2024-Q4,Vaccines,BioShield Vax,False,Retail,Region,West,166795.39,8340
2024-11,2024-Q4,Vaccines,BioShield Vax,False,Retail,National,National,750436.19,37522
2024-11,2024-Q4,Vaccines,BioShield Vax,False,E-commerce,Region,Northeast,297920.87,14896
2024-11,2024-Q4,Vaccines,BioShield Vax,False,E-commerce,Region,South,458717.36,22936
2024-11,2024-Q4,Vaccines,BioShield Vax,False,E-commerce,Region,Midwest,267607.1,13380
2024-11,2024-Q4,Vaccines,BioShield Vax,False,E-commerce,Region,West,296391.02,14820
2024-11,2024-Q4,Vaccines,BioShield Vax,False,E-commerce,National,National,1320636.34,66032
2024-12,2024-Q4,Vaccines,BioShield Vax,False,Veterinary,Region,Northeast,1734688.18,86734
2024-12,2024-Q4,Vaccines,BioShield Vax,False,Veterinary,Region,South,2865305.41,143265
2024-12,2024-Q4,Vaccines,BioShield Vax,False,Veterinary,Region,Midwest,1698309.84,84915
2024-12,2024-Q4,Vaccines,BioShield Vax,False,Veterinary,Region,West,1862646.4,93132
2024-12,2024-Q4,Vaccines,BioShield Vax,False,Veterinary,National,National,8160949.83,408047
2024-12,2024-Q4,Vaccines,BioShield Vax,False,Retail,Region,Northeast,160503.85,8025
2024-12,2024-Q4,Vaccines,BioShield Vax,False,Retail,Region,South,252991.74,12650
2024-12,2024-Q4,Vaccines,BioShield Vax,False,Retail,Region,Midwest,165175.79,8259
2024-12,2024-Q4,Vaccines,BioShield Vax,False,Retail,Region,West,177079.3,8854
2024-12,2024-Q4,Vaccines,BioShield Vax,False,Retail,National,National,755750.68,37788
2024-12,2024-Q4,Vaccines,BioShield Vax,False,E-commerce,Region,Northeast,290852.2,14543
2024-12,2024-Q4,Vaccines,BioShield Vax,False,E-commerce,Region,South,458394.88,22920
2024-12,2024-Q4,Vaccines,BioShield Vax,False,E-commerce,Region,Midwest,297353.7,14868
2024-12,2024-Q4,Vaccines,BioShield Vax,False,E-commerce,Region,West,314803.67,15740
2024-12,2024-Q4,Vaccines,BioShield Vax,False,E-commerce,National,National,1361404.44,68070
2025-01,2025-Q1,Vaccines,BioShield Vax,False,Veterinary,Region,Northeast,1831479.8,91574
2025-01,2025-Q1,Vaccines,BioShield Vax,False,Veterinary,Region,South,2789451.33,139473
2025-01,2025-Q1,Vaccines,BioShield Vax,False,Veterinary,Region,Midwest,1799686.85,89984
2025-01,2025-Q1,Vaccines,BioShield Vax,False,Veterinary,Region,West,1943044.59,97152
2025-01,2025-Q1,Vaccines,BioShield Vax,False,Veterinary,National,National,8363662.57,418183
2025-01,2025-Q1,Vaccines,BioShield Vax,False,Retail,Region,Northeast,177926.52,8896
2025-01,2025-Q1,Vaccines,BioShield Vax,False,Retail,Region,South,265349.11,13267
2025-01,2025-Q1,Vaccines,BioShield Vax,False,Retail,Region,Midwest,159465.71,7973
2025-01,2025-Q1,Vaccines,BioShield Vax,False,Retail,Region,West,183604.47,9180
2025-01,2025-Q1,Vaccines,BioShield Vax,False,Retail,National,National,786345.8,39317
2025-01,2025-Q1,Vaccines,BioShield Vax,False,E-commerce,Region,Northeast,345038.16,17252
2025-01,2025-Q1,Vaccines,BioShield Vax,False,E-commerce,Region,South,501229.19,25061
2025-01,2025-Q1,Vaccines,BioShield Vax,False,E-commerce,Region,Midwest,300400.57,15020
2025-01,2025-Q1,Vaccines,BioShield Vax,False,E-commerce,Region,West,341737.63,17087
2025-01,2025-Q1,Vaccines,BioShield Vax,False,E-commerce,National,National,1488405.54,74420
2025-02,2025-Q1,Vaccines,BioShield Vax,False,Veterinary,Region,Northeast,2060663.82,103033
2025-02,2025-Q1,Vaccines,BioShield Vax,False,Veterinary,Region,South,2908822.11,145441
2025-02,2025-Q1,Vaccines,BioShield Vax,False,Veterinary,Region,Midwest,1856242.8,92812
2025-02,2025-Q1,Vaccines,BioShield Vax,False,Veterinary,Region,West,2143976.24,107199
2025-02,2025-Q1,Vaccines,BioShield Vax,False,Veterinary,National,National,8969704.97,448485
2025-02,2025-Q1,Vaccines,BioShield Vax,False,Retail,Region,Northeast,183003.74,9150
2025-02,2025-Q1,Vaccines,BioShield Vax,False,Retail,Region,South,271372.98,13569
2025-02,2025-Q1,Vaccines,BioShield Vax,False,Retail,Region,Midwest,166236.86,8312
2025-02,2025-Q1,Vaccines,BioShield Vax,False,Retail,Region,West,185433.79,9272
2025-02,2025-Q1,Vaccines,BioShield Vax,False,Retail,National,National,806047.37,40302
2025-02,2025-Q1,Vaccines,BioShield Vax,False,E-commerce,Region,Northeast,356274.47,17814
2025-02,2025-Q1,Vaccines,BioShield Vax,False,E-commerce,Region,South,579498.87,28975
2025-02,2025-Q1,Vaccines,BioShield Vax,False,E-commerce,Region,Midwest,340958.71,17048
2025-02,2025-Q1,Vaccines,BioShield Vax,False,E-commerce,Region,West,359977.63,17999
2025-02,2025-Q1,Vaccines,BioShield Vax,False,E-commerce,National,National,1636709.67,81835
2025-03,2025-Q1,Vaccines,BioShield Vax,False,Veterinary,Region,Northeast,2245126.44,112256
2025-03,2025-Q1,Vaccines,BioShield Vax,False,Veterinary,Region,South,3342204.03,167110
2025-03,2025-Q1,Vaccines,BioShield Vax,False,Veterinary,Region,Midwest,2126588.53,106329
2025-03,2025-Q1,Vaccines,BioShield Vax,False,Veterinary,Region,West,2279890.74,113995
2025-03,2025-Q1,Vaccines,BioShield Vax,False,Veterinary,National,National,9993809.74,499690
2025-03,2025-Q1,Vaccines,BioShield Vax,False,Retail,Region,Northeast,189082.87,9454
2025-03,2025-Q1,Vaccines,BioShield Vax,False,Retail,Region,South,302458.42,15123
2025-03,2025-Q1,Vaccines,BioShield Vax,False,Retail,Region,Midwest,180837.19,9042
2025-03,2025-Q1,Vaccines,BioShield Vax,False,Retail,Region,West,201201.07,10060
2025-03,2025-Q1,Vaccines,BioShield Vax,False,Retail,National,National,873579.54,43679
2025-03,2025-Q1,Vaccines,BioShield Vax,False,E-commerce,Region,Northeast,400149.81,20007
2025-03,2025-Q1,Vaccines,BioShield Vax,False,E-commerce,Region,South,642691.04,32135
2025-03,2025-Q1,Vaccines,BioShield Vax,False,E-commerce,Region,Midwest,395230.49,19762
2025-03,2025-Q1,Vaccines,BioShield Vax,False,E-commerce,Region,West,413421.06,20671
2025-03,2025-Q1,Vaccines,BioShield Vax,False,E-commerce,National,National,1851492.4,92575
2025-04,2025-Q2,Vaccines,BioShield Vax,False,Veterinary,Region,Northeast,2178359.28,108918
2025-04,2025-Q2,Vaccines,BioShield Vax,False,Veterinary,Region,South,3413730.55,170687
2025-04,2025-Q2,Vaccines,BioShield Vax,False,Veterinary,Region,Midwest,2084017.68,104201
2025-04,2025-Q2,Vaccines,BioShield Vax,False,Veterinary,Region,West,2126776.37,106339
2025-04,2025-Q2,Vaccines,BioShield Vax,False,Veterinary,National,National,9802883.88,490144
2025-04,2025-Q2,Vaccines,BioShield Vax,False,Retail,Region,Northeast,202247.35,10112
2025-04,2025-Q2,Vaccines,BioShield Vax,False,Retail,Region,South,316946.52,15847
2025-04,2025-Q2,Vaccines,BioShield Vax,False,Retail,Region,Midwest,194709.84,9735
2025-04,2025-Q2,Vaccines,BioShield Vax,False,Retail,Region,West,206903.81,10345
2025-04,2025-Q2,Vaccines,BioShield Vax,False,Retail,National,National,920807.52,46040
2025-04,2025-Q2,Vaccines,BioShield Vax,False,E-commerce,Region,Northeast,434557.96,21728
2025-04,2025-Q2,Vaccines,BioShield Vax,False,E-commerce,Region,South,645398.16,32270
2025-04,2025-Q2,Vaccines,BioShield Vax,False,E-commerce,Region,Midwest,408908.6,20445
2025-04,2025-Q2,Vaccines,BioShield Vax,False,E-commerce,Region,West,430227.68,21511
2025-04,2025-Q2,Vaccines,BioShield Vax,False,E-commerce,National,National,1919092.41,95955
2025-05,2025-Q2,Vaccines,BioShield Vax,False,Veterinary,Region,Northeast,2156007.26,107800
2025-05,2025-Q2,Vaccines,BioShield Vax,False,Veterinary,Region,South,3542446.51,177122
2025-05,2025-Q2,Vaccines,BioShield Vax,False,Veterinary,Region,Midwest,2127360.75,106368
2025-05,2025-Q2,Vaccines,BioShield Vax,False,Veterinary,Region,West,2409209.87,120460
2025-05,2025-Q2,Vaccines,BioShield Vax,False,Veterinary,National,National,10235024.4,511751
2025-05,2025-Q2,Vaccines,BioShield Vax,False,Retail,Region,Northeast,200821.56,10041
2025-05,2025-Q2,Vaccines,BioShield Vax,False,Retail,Region,South,304414.38,15221
2025-05,2025-Q2,Vaccines,BioShield Vax,False,Retail,Region,Midwest,195472.46,9774
2025-05,2025-Q2,Vaccines,BioShield Vax,False,Retail,Region,West,201455.72,10073
2025-05,2025-Q2,Vaccines,BioShield Vax,False,Retail,National,National,902164.13,45108
2025-05,2025-Q2,Vaccines,BioShield Vax,False,E-commerce,Region,Northeast,451459.74,22573
2025-05,2025-Q2,Vaccines,BioShield Vax,False,E-commerce,Region,South,691956.99,34598
2025-05,2025-Q2,Vaccines,BioShield Vax,False,E-commerce,Region,Midwest,444085.55,22204
2025-05,2025-Q2,Vaccines,BioShield Vax,False,E-commerce,Region,West,474683.01,23734
2025-05,2025-Q2,Vaccines,BioShield Vax,False,E-commerce,National,National,2062185.29,103109
2025-06,2025-Q2,Vaccines,BioShield Vax,False,Veterinary,Region,Northeast,2257359.82,112868
2025-06,2025-Q2,Vaccines,BioShield Vax,False,Veterinary,Region,South,3192772.65,159639
2025-06,2025-Q2,Vaccines,BioShield Vax,False,Veterinary,Region,Midwest,2062361.62,103118
2025-06,2025-Q2,Vaccines,BioShield Vax,False,Veterinary,Region,West,2331421.97,116571
2025-06,2025-Q2,Vaccines,BioShield Vax,False,Veterinary,National,National,9843916.06,492196
2025-06,2025-Q2,Vaccines,BioShield Vax,False,Retail,Region,Northeast,201360.33,10068
2025-06,2025-Q2,Vaccines,BioShield Vax,False,Retail,Region,South,307207.59,15360
2025-06,2025-Q2,Vaccines,BioShield Vax,False,Retail,Region,Midwest,193876.89,9694
2025-06,2025-Q2,Vaccines,BioShield Vax,False,Retail,Region,West,202949.0,10147
2025-06,2025-Q2,Vaccines,BioShield Vax,False,Retail,National,National,905393.8,45270
2025-06,2025-Q2,Vaccines,BioShield Vax,False,E-commerce,Region,Northeast,464906.69,23245
2025-06,2025-Q2,Vaccines,BioShield Vax,False,E-commerce,Region,South,705587.94,35279
2025-06,2025-Q2,Vaccines,BioShield Vax,False,E-commerce,Region,Midwest,436655.48,21833
2025-06,2025-Q2,Vaccines,BioShield Vax,False,E-commerce,Region,West,472502.92,23625
2025-06,2025-Q2,Vaccines,BioShield Vax,False,E-commerce,National,National,2079653.04,103983
2025-07,2025-Q3,Vaccines,BioShield Vax,False,Veterinary,Region,Northeast,2083096.53,104155
2025-07,2025-Q3,Vaccines,BioShield Vax,False,Veterinary,Region,South,3174543.45,158727
2025-07,2025-Q3,Vaccines,BioShield Vax,False,Veterinary,Region,Midwest,2001431.86,100072
2025-07,2025-Q3,Vaccines,BioShield Vax,False,Veterinary,Region,West,2070797.68,103540
2025-07,2025-Q3,Vaccines,BioShield Vax,False,Veterinary,National,National,9329869.52,466493
2025-07,2025-Q3,Vaccines,BioShield Vax,False,Retail,Region,Northeast,185041.06,9252
2025-07,2025-Q3,Vaccines,BioShield Vax,False,Retail,Region,South,283850.9,14193
2025-07,2025-Q3,Vaccines,BioShield Vax,False,Retail,Region,Midwest,176725.82,8836
2025-07,2025-Q3,Vaccines,BioShield Vax,False,Retail,Region,West,188344.12,9417
2025-07,2025-Q3,Vaccines,BioShield Vax,False,Retail,National,National,833961.9,41698
2025-07,2025-Q3,Vaccines,BioShield Vax,False,E-commerce,Region,Northeast,443934.08,22197
2025-07,2025-Q3,Vaccines,BioShield Vax,False,E-commerce,Region,South,717234.66,35862
2025-07,2025-Q3,Vaccines,BioShield Vax,False,E-commerce,Region,Midwest,428321.54,21416
2025-07,2025-Q3,Vaccines,BioShield Vax,False,E-commerce,Region,West,499386.33,24969
2025-07,2025-Q3,Vaccines,BioShield Vax,False,E-commerce,National,National,2088876.62,104444
2025-08,2025-Q3,Vaccines,BioShield Vax,False,Veterinary,Region,Northeast,1923585.82,96179
2025-08,2025-Q3,Vaccines,BioShield Vax,False,Veterinary,Region,South,2893744.59,144687
2025-08,2025-Q3,Vaccines,BioShield Vax,False,Veterinary,Region,Midwest,1806216.5,90311
2025-08,2025-Q3,Vaccines,BioShield Vax,False,Veterinary,Region,West,1978039.76,98902
2025-08,2025-Q3,Vaccines,BioShield Vax,False,Veterinary,National,National,8601586.66,430079
2025-08,2025-Q3,Vaccines,BioShield Vax,False,Retail,Region,Northeast,165143.77,8257
2025-08,2025-Q3,Vaccines,BioShield Vax,False,Retail,Region,South,265038.53,13252
2025-08,2025-Q3,Vaccines,BioShield Vax,False,Retail,Region,Midwest,154455.17,7723
2025-08,2025-Q3,Vaccines,BioShield Vax,False,Retail,Region,West,178382.49,8919
2025-08,2025-Q3,Vaccines,BioShield Vax,False,Retail,National,National,763019.96,38151
2025-08,2025-Q3,Vaccines,BioShield Vax,False,E-commerce,Region,Northeast,411340.31,20567
2025-08,2025-Q3,Vaccines,BioShield Vax,False,E-commerce,Region,South,656345.49,32817
2025-08,2025-Q3,Vaccines,BioShield Vax,False,E-commerce,Region,Midwest,426631.28,21332
2025-08,2025-Q3,Vaccines,BioShield Vax,False,E-commerce,Region,West,455696.71,22785
2025-08,2025-Q3,Vaccines,BioShield Vax,False,E-commerce,National,National,1950013.78,97501
2025-09,2025-Q3,Vaccines,BioShield Vax,False,Veterinary,Region,Northeast,1916210.27,95811
2025-09,2025-Q3,Vaccines,BioShield Vax,False,Veterinary,Region,South,2956695.97,147835
2025-09,2025-Q3,Vaccines,BioShield Vax,False,Veterinary,Region,Midwest,1828996.7,91450
2025-09,2025-Q3,Vaccines,BioShield Vax,False,Veterinary,Region,West,2048938.49,102447
2025-09,2025-Q3,Vaccines,BioShield Vax,False,Veterinary,National,National,8750841.43,437542
2025-09,2025-Q3,Vaccines,BioShield Vax,False,Retail,Region,Northeast,156177.47,7809
2025-09,2025-Q3,Vaccines,BioShield Vax,False,Retail,Region,South,248597.68,12430
2025-09,2025-Q3,Vaccines,BioShield Vax,False,Retail,Region,Midwest,156813.91,7841
2025-09,2025-Q3,Vaccines,BioShield Vax,False,Retail,Region,West,172316.7,8616
2025-09,2025-Q3,Vaccines,BioShield Vax,False,Retail,National,National,733905.75,36695
2025-09,2025-Q3,Vaccines,BioShield Vax,False,E-commerce,Region,Northeast,437061.79,21853
2025-09,2025-Q3,Vaccines,BioShield Vax,False,E-commerce,Region,South,690376.39,34519
2025-09,2025-Q3,Vaccines,BioShield Vax,False,E-commerce,Region,Midwest,404158.64,20208
2025-09,2025-Q3,Vaccines,BioShield Vax,False,E-commerce,Region,West,431207.32,21560
2025-09,2025-Q3,Vaccines,BioShield Vax,False,E-commerce,National,National,1962804.15,98140
2025-10,2025-Q4,Vaccines,BioShield Vax,False,Veterinary,Region,Northeast,1824534.41,91227
2025-10,2025-Q4,Vaccines,BioShield Vax,False,Veterinary,Region,South,2773387.31,138669
2025-10,2025-Q4,Vaccines,BioShield Vax,False,Veterinary,Region,Midwest,1743511.4,87176
2025-10,2025-Q4,Vaccines,BioShield Vax,False,Veterinary,Region,West,1882776.57,94139
2025-10,2025-Q4,Vaccines,BioShield Vax,False,Veterinary,National,National,8224209.69,411210
2025-10,2025-Q4,Vaccines,BioShield Vax,False,Retail,Region,Northeast,159695.19,7985
2025-10,2025-Q4,Vaccines,BioShield Vax,False,Retail,Region,South,245967.65,12298
2025-10,2025-Q4,Vaccines,BioShield Vax,False,Retail,Region,Midwest,149353.48,7468
2025-10,2025-Q4,Vaccines,BioShield Vax,False,Retail,Region,West,164691.65,8235
2025-10,2025-Q4,Vaccines,BioShield Vax,False,Retail,National,National,719707.97,35985
2025-10,2025-Q4,Vaccines,BioShield Vax,False,E-commerce,Region,Northeast,429855.87,21493
2025-10,2025-Q4,Vaccines,BioShield Vax,False,E-commerce,Region,South,684111.48,34206
2025-10,2025-Q4,Vaccines,BioShield Vax,False,E-commerce,Region,Midwest,380853.1,19043
2025-10,2025-Q4,Vaccines,BioShield Vax,False,E-commerce,Region,West,433221.56,21661
2025-10,2025-Q4,Vaccines,BioShield Vax,False,E-commerce,National,National,1928042.01,96402
2025-11,2025-Q4,Vaccines,BioShield Vax,False,Veterinary,Region,Northeast,1720637.08,86032
2025-11,2025-Q4,Vaccines,BioShield Vax,False,Veterinary,Region,South,2615786.08,130789
2025-11,2025-Q4,Vaccines,BioShield Vax,False,Veterinary,Region,Midwest,1693986.64,84699
2025-11,2025-Q4,Vaccines,BioShield Vax,False,Veterinary,Region,West,1767979.54,88399
2025-11,2025-Q4,Vaccines,BioShield Vax,False,Veterinary,National,National,7798389.33,389919
2025-11,2025-Q4,Vaccines,BioShield Vax,False,Retail,Region,Northeast,147651.08,7383
2025-11,2025-Q4,Vaccines,BioShield Vax,False,Retail,Region,South,227555.03,11378
2025-11,2025-Q4,Vaccines,BioShield Vax,False,Retail,Region,Midwest,140268.95,7013
2025-11,2025-Q4,Vaccines,BioShield Vax,False,Retail,Region,West,149547.47,7477
2025-11,2025-Q4,Vaccines,BioShield Vax,False,Retail,National,National,665022.53,33251
2025-11,2025-Q4,Vaccines,BioShield Vax,False,E-commerce,Region,Northeast,419552.44,20978
2025-11,2025-Q4,Vaccines,BioShield Vax,False,E-commerce,Region,South,676184.04,33809
2025-11,2025-Q4,Vaccines,BioShield Vax,False,E-commerce,Region,Midwest,409384.38,20469
2025-11,2025-Q4,Vaccines,BioShield Vax,False,E-commerce,Region,West,453923.17,22696
2025-11,2025-Q4,Vaccines,BioShield Vax,False,E-commerce,National,National,1959044.03,97952
2025-12,2025-Q4,Vaccines,BioShield Vax,False,Veterinary,Region,Northeast,1678494.39,83925
2025-12,2025-Q4,Vaccines,BioShield Vax,False,Veterinary,Region,South,2695384.97,134769
2025-12,2025-Q4,Vaccines,BioShield Vax,False,Veterinary,Region,Midwest,1680792.24,84040
2025-12,2025-Q4,Vaccines,BioShield Vax,False,Veterinary,Region,West,1921430.33,96072
2025-12,2025-Q4,Vaccines,BioShield Vax,False,Veterinary,National,National,7976101.93,398805
2025-12,2025-Q4,Vaccines,BioShield Vax,False,Retail,Region,Northeast,152602.02,7630
2025-12,2025-Q4,Vaccines,BioShield Vax,False,Retail,Region,South,230974.07,11549
2025-12,2025-Q4,Vaccines,BioShield Vax,False,Retail,Region,Midwest,137245.43,6862
2025-12,2025-Q4,Vaccines,BioShield Vax,False,Retail,Region,West,154875.31,7744
2025-12,2025-Q4,Vaccines,BioShield Vax,False,Retail,National,National,675696.83,33785
2025-12,2025-Q4,Vaccines,BioShield Vax,False,E-commerce,Region,Northeast,437209.08,21860
2025-12,2025-Q4,Vaccines,BioShield Vax,False,E-commerce,Region,South,676059.09,33803
2025-12,2025-Q4,Vaccines,BioShield Vax,False,E-commerce,Region,Midwest,405072.76,20254
2025-12,2025-Q4,Vaccines,BioShield Vax,False,E-commerce,Region,West,467111.23,23356
2025-12,2025-Q4,Vaccines,BioShield Vax,False,E-commerce,National,National,1985452.17,99273
2026-01,2026-Q1,Vaccines,BioShield Vax,False,Veterinary,Region,Northeast,1898070.19,94904
2026-01,2026-Q1,Vaccines,BioShield Vax,False,Veterinary,Region,South,2738667.95,136933
2026-01,2026-Q1,Vaccines,BioShield Vax,False,Veterinary,Region,Midwest,1709290.83,85465
2026-01,2026-Q1,Vaccines,BioShield Vax,False,Veterinary,Region,West,2149538.61,107477
2026-01,2026-Q1,Vaccines,BioShield Vax,False,Veterinary,National,National,8495567.58,424778
2026-01,2026-Q1,Vaccines,BioShield Vax,False,Retail,Region,Northeast,149142.58,7457
2026-01,2026-Q1,Vaccines,BioShield Vax,False,Retail,Region,South,238785.96,11939
2026-01,2026-Q1,Vaccines,BioShield Vax,False,Retail,Region,Midwest,148144.21,7407
2026-01,2026-Q1,Vaccines,BioShield Vax,False,Retail,Region,West,155431.08,7772
2026-01,2026-Q1,Vaccines,BioShield Vax,False,Retail,National,National,691503.82,34575
2026-01,2026-Q1,Vaccines,BioShield Vax,False,E-commerce,Region,Northeast,499264.74,24963
2026-01,2026-Q1,Vaccines,BioShield Vax,False,E-commerce,Region,South,732127.16,36606
2026-01,2026-Q1,Vaccines,BioShield Vax,False,E-commerce,Region,Midwest,455119.97,22756
2026-01,2026-Q1,Vaccines,BioShield Vax,False,E-commerce,Region,West,523310.04,26166
2026-01,2026-Q1,Vaccines,BioShield Vax,False,E-commerce,National,National,2209821.92,110491
2026-02,2026-Q1,Vaccines,BioShield Vax,False,Veterinary,Region,Northeast,1908994.8,95450
2026-02,2026-Q1,Vaccines,BioShield Vax,False,Veterinary,Region,South,2963030.92,148152
2026-02,2026-Q1,Vaccines,BioShield Vax,False,Veterinary,Region,Midwest,1773123.73,88656
2026-02,2026-Q1,Vaccines,BioShield Vax,False,Veterinary,Region,West,2042157.82,102108
2026-02,2026-Q1,Vaccines,BioShield Vax,False,Veterinary,National,National,8687307.27,434365
2026-02,2026-Q1,Vaccines,BioShield Vax,False,Retail,Region,Northeast,160863.31,8043
2026-02,2026-Q1,Vaccines,BioShield Vax,False,Retail,Region,South,246476.28,12324
2026-02,2026-Q1,Vaccines,BioShield Vax,False,Retail,Region,Midwest,154381.53,7719
2026-02,2026-Q1,Vaccines,BioShield Vax,False,Retail,Region,West,170128.33,8506
2026-02,2026-Q1,Vaccines,BioShield Vax,False,Retail,National,National,731849.46,36592
2026-02,2026-Q1,Vaccines,BioShield Vax,False,E-commerce,Region,Northeast,515005.78,25750
2026-02,2026-Q1,Vaccines,BioShield Vax,False,E-commerce,Region,South,782204.96,39110
2026-02,2026-Q1,Vaccines,BioShield Vax,False,E-commerce,Region,Midwest,504469.05,25223
2026-02,2026-Q1,Vaccines,BioShield Vax,False,E-commerce,Region,West,521859.65,26093
2026-02,2026-Q1,Vaccines,BioShield Vax,False,E-commerce,National,National,2323539.44,116177
2026-03,2026-Q1,Vaccines,BioShield Vax,False,Veterinary,Region,Northeast,2127702.16,106385
2026-03,2026-Q1,Vaccines,BioShield Vax,False,Veterinary,Region,South,3383298.11,169165
2026-03,2026-Q1,Vaccines,BioShield Vax,False,Veterinary,Region,Midwest,2154752.8,107738
2026-03,2026-Q1,Vaccines,BioShield Vax,False,Veterinary,Region,West,2085351.79,104268
2026-03,2026-Q1,Vaccines,BioShield Vax,False,Veterinary,National,National,9751104.86,487555
2026-03,2026-Q1,Vaccines,BioShield Vax,False,Retail,Region,Northeast,172520.01,8626
2026-03,2026-Q1,Vaccines,BioShield Vax,False,Retail,Region,South,264918.8,13246
2026-03,2026-Q1,Vaccines,BioShield Vax,False,Retail,Region,Midwest,174117.55,8706
2026-03,2026-Q1,Vaccines,BioShield Vax,False,Retail,Region,West,179194.13,8960
2026-03,2026-Q1,Vaccines,BioShield Vax,False,Retail,National,National,790750.5,39538
2026-03,2026-Q1,Vaccines,BioShield Vax,False,E-commerce,Region,Northeast,625757.01,31288
2026-03,2026-Q1,Vaccines,BioShield Vax,False,E-commerce,Region,South,852921.73,42646
2026-03,2026-Q1,Vaccines,BioShield Vax,False,E-commerce,Region,Midwest,557900.78,27895
2026-03,2026-Q1,Vaccines,BioShield Vax,False,E-commerce,Region,West,597686.04,29884
2026-03,2026-Q1,Vaccines,BioShield Vax,False,E-commerce,National,National,2634265.56,131713
2024-04,2024-Q2,Vaccines,VetGuard Immunize,False,Veterinary,Region,Northeast,1898389.92,99915
2024-04,2024-Q2,Vaccines,VetGuard Immunize,False,Veterinary,Region,South,2944092.24,154952
2024-04,2024-Q2,Vaccines,VetGuard Immunize,False,Veterinary,Region,Midwest,1742548.81,91713
2024-04,2024-Q2,Vaccines,VetGuard Immunize,False,Veterinary,Region,West,2025461.37,106603
2024-04,2024-Q2,Vaccines,VetGuard Immunize,False,Veterinary,National,National,8610492.33,453184
2024-04,2024-Q2,Vaccines,VetGuard Immunize,False,Retail,Region,Northeast,179936.62,9470
2024-04,2024-Q2,Vaccines,VetGuard Immunize,False,Retail,Region,South,279728.27,14723
2024-04,2024-Q2,Vaccines,VetGuard Immunize,False,Retail,Region,Midwest,180307.92,9490
2024-04,2024-Q2,Vaccines,VetGuard Immunize,False,Retail,Region,West,196249.74,10329
2024-04,2024-Q2,Vaccines,VetGuard Immunize,False,Retail,National,National,836222.56,44012
2024-04,2024-Q2,Vaccines,VetGuard Immunize,False,E-commerce,Region,Northeast,242760.28,12777
2024-04,2024-Q2,Vaccines,VetGuard Immunize,False,E-commerce,Region,South,349185.8,18378
2024-04,2024-Q2,Vaccines,VetGuard Immunize,False,E-commerce,Region,Midwest,227638.35,11981
2024-04,2024-Q2,Vaccines,VetGuard Immunize,False,E-commerce,Region,West,248590.55,13084
2024-04,2024-Q2,Vaccines,VetGuard Immunize,False,E-commerce,National,National,1068174.98,56220
2024-05,2024-Q2,Vaccines,VetGuard Immunize,False,Veterinary,Region,Northeast,1878090.02,98847
2024-05,2024-Q2,Vaccines,VetGuard Immunize,False,Veterinary,Region,South,2967151.02,156166
2024-05,2024-Q2,Vaccines,VetGuard Immunize,False,Veterinary,Region,Midwest,1885727.66,99249
2024-05,2024-Q2,Vaccines,VetGuard Immunize,False,Veterinary,Region,West,1989404.83,104706
2024-05,2024-Q2,Vaccines,VetGuard Immunize,False,Veterinary,National,National,8720373.53,458967
2024-05,2024-Q2,Vaccines,VetGuard Immunize,False,Retail,Region,Northeast,191245.94,10066
2024-05,2024-Q2,Vaccines,VetGuard Immunize,False,Retail,Region,South,285867.66,15046
2024-05,2024-Q2,Vaccines,VetGuard Immunize,False,Retail,Region,Midwest,187239.52,9855
2024-05,2024-Q2,Vaccines,VetGuard Immunize,False,Retail,Region,West,195139.48,10270
2024-05,2024-Q2,Vaccines,VetGuard Immunize,False,Retail,National,National,859492.6,45236
2024-05,2024-Q2,Vaccines,VetGuard Immunize,False,E-commerce,Region,Northeast,244645.72,12876
2024-05,2024-Q2,Vaccines,VetGuard Immunize,False,E-commerce,Region,South,361722.68,19038
2024-05,2024-Q2,Vaccines,VetGuard Immunize,False,E-commerce,Region,Midwest,224710.56,11827
2024-05,2024-Q2,Vaccines,VetGuard Immunize,False,E-commerce,Region,West,260061.16,13687
2024-05,2024-Q2,Vaccines,VetGuard Immunize,False,E-commerce,National,National,1091140.12,57428
2024-06,2024-Q2,Vaccines,VetGuard Immunize,False,Veterinary,Region,Northeast,1912296.55,100647
2024-06,2024-Q2,Vaccines,VetGuard Immunize,False,Veterinary,Region,South,2870444.68,151076
2024-06,2024-Q2,Vaccines,VetGuard Immunize,False,Veterinary,Region,Midwest,1801930.58,94838
2024-06,2024-Q2,Vaccines,VetGuard Immunize,False,Veterinary,Region,West,1945396.21,102389
2024-06,2024-Q2,Vaccines,VetGuard Immunize,False,Veterinary,National,National,8530068.03,448951
2024-06,2024-Q2,Vaccines,VetGuard Immunize,False,Retail,Region,Northeast,184147.56,9692
2024-06,2024-Q2,Vaccines,VetGuard Immunize,False,Retail,Region,South,280247.2,14750
2024-06,2024-Q2,Vaccines,VetGuard Immunize,False,Retail,Region,Midwest,183980.79,9683
2024-06,2024-Q2,Vaccines,VetGuard Immunize,False,Retail,Region,West,186888.81,9836
2024-06,2024-Q2,Vaccines,VetGuard Immunize,False,Retail,National,National,835264.36,43961
2024-06,2024-Q2,Vaccines,VetGuard Immunize,False,E-commerce,Region,Northeast,262024.45,13791
2024-06,2024-Q2,Vaccines,VetGuard Immunize,False,E-commerce,Region,South,379402.1,19969
2024-06,2024-Q2,Vaccines,VetGuard Immunize,False,E-commerce,Region,Midwest,238613.76,12559
2024-06,2024-Q2,Vaccines,VetGuard Immunize,False,E-commerce,Region,West,258347.55,13597
2024-06,2024-Q2,Vaccines,VetGuard Immunize,False,E-commerce,National,National,1138387.85,59915
2024-07,2024-Q3,Vaccines,VetGuard Immunize,False,Veterinary,Region,Northeast,1896369.3,99809
2024-07,2024-Q3,Vaccines,VetGuard Immunize,False,Veterinary,Region,South,2904733.04,152881
2024-07,2024-Q3,Vaccines,VetGuard Immunize,False,Veterinary,Region,Midwest,1799314.36,94701
2024-07,2024-Q3,Vaccines,VetGuard Immunize,False,Veterinary,Region,West,1893252.94,99645
2024-07,2024-Q3,Vaccines,VetGuard Immunize,False,Veterinary,National,National,8493669.65,447035
2024-07,2024-Q3,Vaccines,VetGuard Immunize,False,Retail,Region,Northeast,186470.84,9814
2024-07,2024-Q3,Vaccines,VetGuard Immunize,False,Retail,Region,South,288071.16,15162
2024-07,2024-Q3,Vaccines,VetGuard Immunize,False,Retail,Region,Midwest,170630.35,8981
2024-07,2024-Q3,Vaccines,VetGuard Immunize,False,Retail,Region,West,187147.77,9850
2024-07,2024-Q3,Vaccines,VetGuard Immunize,False,Retail,National,National,832320.12,43806
2024-07,2024-Q3,Vaccines,VetGuard Immunize,False,E-commerce,Region,Northeast,266462.63,14024
2024-07,2024-Q3,Vaccines,VetGuard Immunize,False,E-commerce,Region,South,401815.77,21148
2024-07,2024-Q3,Vaccines,VetGuard Immunize,False,E-commerce,Region,Midwest,247993.79,13052
2024-07,2024-Q3,Vaccines,VetGuard Immunize,False,E-commerce,Region,West,269213.4,14169
2024-07,2024-Q3,Vaccines,VetGuard Immunize,False,E-commerce,National,National,1185485.58,62394
2024-08,2024-Q3,Vaccines,VetGuard Immunize,False,Veterinary,Region,Northeast,1683033.84,88581
2024-08,2024-Q3,Vaccines,VetGuard Immunize,False,Veterinary,Region,South,2696514.96,141922
2024-08,2024-Q3,Vaccines,VetGuard Immunize,False,Veterinary,Region,Midwest,1613757.08,84935
2024-08,2024-Q3,Vaccines,VetGuard Immunize,False,Veterinary,Region,West,1762089.52,92742
2024-08,2024-Q3,Vaccines,VetGuard Immunize,False,Veterinary,National,National,7755395.4,408179
2024-08,2024-Q3,Vaccines,VetGuard Immunize,False,Retail,Region,Northeast,159037.11,8370
2024-08,2024-Q3,Vaccines,VetGuard Immunize,False,Retail,Region,South,239226.61,12591
2024-08,2024-Q3,Vaccines,VetGuard Immunize,False,Retail,Region,Midwest,161959.19,8524
2024-08,2024-Q3,Vaccines,VetGuard Immunize,False,Retail,Region,West,172038.06,9055
2024-08,2024-Q3,Vaccines,VetGuard Immunize,False,Retail,National,National,732260.97,38540
2024-08,2024-Q3,Vaccines,VetGuard Immunize,False,E-commerce,Region,Northeast,255116.98,13427
2024-08,2024-Q3,Vaccines,VetGuard Immunize,False,E-commerce,Region,South,378173.36,19904
2024-08,2024-Q3,Vaccines,VetGuard Immunize,False,E-commerce,Region,Midwest,247726.84,13038
2024-08,2024-Q3,Vaccines,VetGuard Immunize,False,E-commerce,Region,West,261088.04,13741
2024-08,2024-Q3,Vaccines,VetGuard Immunize,False,E-commerce,National,National,1142105.22,60111
2024-09,2024-Q3,Vaccines,VetGuard Immunize,False,Veterinary,Region,Northeast,1659349.33,87334
2024-09,2024-Q3,Vaccines,VetGuard Immunize,False,Veterinary,Region,South,2562040.66,134844
2024-09,2024-Q3,Vaccines,VetGuard Immunize,False,Veterinary,Region,Midwest,1559462.83,82077
2024-09,2024-Q3,Vaccines,VetGuard Immunize,False,Veterinary,Region,West,1739504.87,91553
2024-09,2024-Q3,Vaccines,VetGuard Immunize,False,Veterinary,National,National,7520357.68,395808
2024-09,2024-Q3,Vaccines,VetGuard Immunize,False,Retail,Region,Northeast,157525.58,8291
2024-09,2024-Q3,Vaccines,VetGuard Immunize,False,Retail,Region,South,252645.23,13297
2024-09,2024-Q3,Vaccines,VetGuard Immunize,False,Retail,Region,Midwest,156256.25,8224
2024-09,2024-Q3,Vaccines,VetGuard Immunize,False,Retail,Region,West,164023.14,8633
2024-09,2024-Q3,Vaccines,VetGuard Immunize,False,Retail,National,National,730450.21,38445
2024-09,2024-Q3,Vaccines,VetGuard Immunize,False,E-commerce,Region,Northeast,260998.23,13737
2024-09,2024-Q3,Vaccines,VetGuard Immunize,False,E-commerce,Region,South,357404.37,18811
2024-09,2024-Q3,Vaccines,VetGuard Immunize,False,E-commerce,Region,Midwest,236954.0,12471
2024-09,2024-Q3,Vaccines,VetGuard Immunize,False,E-commerce,Region,West,265206.96,13958
2024-09,2024-Q3,Vaccines,VetGuard Immunize,False,E-commerce,National,National,1120563.56,58977
2024-10,2024-Q4,Vaccines,VetGuard Immunize,False,Veterinary,Region,Northeast,1581944.36,83260
2024-10,2024-Q4,Vaccines,VetGuard Immunize,False,Veterinary,Region,South,2410120.18,126848
2024-10,2024-Q4,Vaccines,VetGuard Immunize,False,Veterinary,Region,Midwest,1470466.76,77393
2024-10,2024-Q4,Vaccines,VetGuard Immunize,False,Veterinary,Region,West,1593938.23,83891
2024-10,2024-Q4,Vaccines,VetGuard Immunize,False,Veterinary,National,National,7056469.54,371393
2024-10,2024-Q4,Vaccines,VetGuard Immunize,False,Retail,Region,Northeast,154523.83,8133
2024-10,2024-Q4,Vaccines,VetGuard Immunize,False,Retail,Region,South,233524.86,12291
2024-10,2024-Q4,Vaccines,VetGuard Immunize,False,Retail,Region,Midwest,145012.69,7632
2024-10,2024-Q4,Vaccines,VetGuard Immunize,False,Retail,Region,West,152876.12,8046
2024-10,2024-Q4,Vaccines,VetGuard Immunize,False,Retail,National,National,685937.5,36102
2024-10,2024-Q4,Vaccines,VetGuard Immunize,False,E-commerce,Region,Northeast,242519.09,12764
2024-10,2024-Q4,Vaccines,VetGuard Immunize,False,E-commerce,Region,South,387248.42,20381
2024-10,2024-Q4,Vaccines,VetGuard Immunize,False,E-commerce,Region,Midwest,235094.02,12373
2024-10,2024-Q4,Vaccines,VetGuard Immunize,False,E-commerce,Region,West,256684.19,13510
2024-10,2024-Q4,Vaccines,VetGuard Immunize,False,E-commerce,National,National,1121545.72,59029
2024-11,2024-Q4,Vaccines,VetGuard Immunize,False,Veterinary,Region,Northeast,1475184.53,77641
2024-11,2024-Q4,Vaccines,VetGuard Immunize,False,Veterinary,Region,South,2263205.21,119116
2024-11,2024-Q4,Vaccines,VetGuard Immunize,False,Veterinary,Region,Midwest,1424948.25,74997
2024-11,2024-Q4,Vaccines,VetGuard Immunize,False,Veterinary,Region,West,1506749.84,79303
2024-11,2024-Q4,Vaccines,VetGuard Immunize,False,Veterinary,National,National,6670087.83,351057
2024-11,2024-Q4,Vaccines,VetGuard Immunize,False,Retail,Region,Northeast,142198.65,7484
2024-11,2024-Q4,Vaccines,VetGuard Immunize,False,Retail,Region,South,221317.89,11648
2024-11,2024-Q4,Vaccines,VetGuard Immunize,False,Retail,Region,Midwest,130263.57,6856
2024-11,2024-Q4,Vaccines,VetGuard Immunize,False,Retail,Region,West,138034.75,7265
2024-11,2024-Q4,Vaccines,VetGuard Immunize,False,Retail,National,National,631814.86,33253
2024-11,2024-Q4,Vaccines,VetGuard Immunize,False,E-commerce,Region,Northeast,249425.17,13128
2024-11,2024-Q4,Vaccines,VetGuard Immunize,False,E-commerce,Region,South,383702.04,20195
2024-11,2024-Q4,Vaccines,VetGuard Immunize,False,E-commerce,Region,Midwest,235454.04,12392
2024-11,2024-Q4,Vaccines,VetGuard Immunize,False,E-commerce,Region,West,247402.43,13021
2024-11,2024-Q4,Vaccines,VetGuard Immunize,False,E-commerce,National,National,1115983.68,58736
2024-12,2024-Q4,Vaccines,VetGuard Immunize,False,Veterinary,Region,Northeast,1545890.61,81363
2024-12,2024-Q4,Vaccines,VetGuard Immunize,False,Veterinary,Region,South,2257669.01,118825
2024-12,2024-Q4,Vaccines,VetGuard Immunize,False,Veterinary,Region,Midwest,1424793.39,74989
2024-12,2024-Q4,Vaccines,VetGuard Immunize,False,Veterinary,Region,West,1533963.97,80735
2024-12,2024-Q4,Vaccines,VetGuard Immunize,False,Veterinary,National,National,6762316.99,355911
2024-12,2024-Q4,Vaccines,VetGuard Immunize,False,Retail,Region,Northeast,137261.42,7224
2024-12,2024-Q4,Vaccines,VetGuard Immunize,False,Retail,Region,South,201496.67,10605
2024-12,2024-Q4,Vaccines,VetGuard Immunize,False,Retail,Region,Midwest,127686.22,6720
2024-12,2024-Q4,Vaccines,VetGuard Immunize,False,Retail,Region,West,135978.73,7157
2024-12,2024-Q4,Vaccines,VetGuard Immunize,False,Retail,National,National,602423.04,31706
2024-12,2024-Q4,Vaccines,VetGuard Immunize,False,E-commerce,Region,Northeast,242016.86,12738
2024-12,2024-Q4,Vaccines,VetGuard Immunize,False,E-commerce,Region,South,378412.06,19916
2024-12,2024-Q4,Vaccines,VetGuard Immunize,False,E-commerce,Region,Midwest,225862.24,11887
2024-12,2024-Q4,Vaccines,VetGuard Immunize,False,E-commerce,Region,West,257929.13,13575
2024-12,2024-Q4,Vaccines,VetGuard Immunize,False,E-commerce,National,National,1104220.29,58117
2025-01,2025-Q1,Vaccines,VetGuard Immunize,False,Veterinary,Region,Northeast,1521960.63,80103
2025-01,2025-Q1,Vaccines,VetGuard Immunize,False,Veterinary,Region,South,2429193.74,127852
2025-01,2025-Q1,Vaccines,VetGuard Immunize,False,Veterinary,Region,Midwest,1505875.08,79257
2025-01,2025-Q1,Vaccines,VetGuard Immunize,False,Veterinary,Region,West,1608426.57,84654
2025-01,2025-Q1,Vaccines,VetGuard Immunize,False,Veterinary,National,National,7065456.03,371866
2025-01,2025-Q1,Vaccines,VetGuard Immunize,False,Retail,Region,Northeast,153131.28,8060
2025-01,2025-Q1,Vaccines,VetGuard Immunize,False,Retail,Region,South,227994.92,12000
2025-01,2025-Q1,Vaccines,VetGuard Immunize,False,Retail,Region,Midwest,142488.86,7499
2025-01,2025-Q1,Vaccines,VetGuard Immunize,False,Retail,Region,West,149491.47,7868
2025-01,2025-Q1,Vaccines,VetGuard Immunize,False,Retail,National,National,673106.53,35427
2025-01,2025-Q1,Vaccines,VetGuard Immunize,False,E-commerce,Region,Northeast,285852.53,15045
2025-01,2025-Q1,Vaccines,VetGuard Immunize,False,E-commerce,Region,South,440119.67,23164
2025-01,2025-Q1,Vaccines,VetGuard Immunize,False,E-commerce,Region,Midwest,257615.81,13559
2025-01,2025-Q1,Vaccines,VetGuard Immunize,False,E-commerce,Region,West,285086.96,15005
2025-01,2025-Q1,Vaccines,VetGuard Immunize,False,E-commerce,National,National,1268674.97,66772
2025-02,2025-Q1,Vaccines,VetGuard Immunize,False,Veterinary,Region,Northeast,1776646.9,93508
2025-02,2025-Q1,Vaccines,VetGuard Immunize,False,Veterinary,Region,South,2820627.42,148454
2025-02,2025-Q1,Vaccines,VetGuard Immunize,False,Veterinary,Region,Midwest,1706018.35,89790
2025-02,2025-Q1,Vaccines,VetGuard Immunize,False,Veterinary,Region,West,1927509.56,101448
2025-02,2025-Q1,Vaccines,VetGuard Immunize,False,Veterinary,National,National,8230802.23,433200
2025-02,2025-Q1,Vaccines,VetGuard Immunize,False,Retail,Region,Northeast,158475.7,8341
2025-02,2025-Q1,Vaccines,VetGuard Immunize,False,Retail,Region,South,244835.91,12886
2025-02,2025-Q1,Vaccines,VetGuard Immunize,False,Retail,Region,Midwest,161230.83,8486
2025-02,2025-Q1,Vaccines,VetGuard Immunize,False,Retail,Region,West,171791.77,9042
2025-02,2025-Q1,Vaccines,VetGuard Immunize,False,Retail,National,National,736334.21,38754
2025-02,2025-Q1,Vaccines,VetGuard Immunize,False,E-commerce,Region,Northeast,304260.21,16014
2025-02,2025-Q1,Vaccines,VetGuard Immunize,False,E-commerce,Region,South,508334.42,26754
2025-02,2025-Q1,Vaccines,VetGuard Immunize,False,E-commerce,Region,Midwest,312038.09,16423
2025-02,2025-Q1,Vaccines,VetGuard Immunize,False,E-commerce,Region,West,350958.15,18471
2025-02,2025-Q1,Vaccines,VetGuard Immunize,False,E-commerce,National,National,1475590.88,77663
2025-03,2025-Q1,Vaccines,VetGuard Immunize,False,Veterinary,Region,Northeast,1828287.57,96226
2025-03,2025-Q1,Vaccines,VetGuard Immunize,False,Veterinary,Region,South,2804162.11,147587
2025-03,2025-Q1,Vaccines,VetGuard Immunize,False,Veterinary,Region,Midwest,1742502.87,91711
2025-03,2025-Q1,Vaccines,VetGuard Immunize,False,Veterinary,Region,West,1826546.95,96134
2025-03,2025-Q1,Vaccines,VetGuard Immunize,False,Veterinary,National,National,8201499.5,431658
2025-03,2025-Q1,Vaccines,VetGuard Immunize,False,Retail,Region,Northeast,159068.8,8372
2025-03,2025-Q1,Vaccines,VetGuard Immunize,False,Retail,Region,South,245550.79,12924
2025-03,2025-Q1,Vaccines,VetGuard Immunize,False,Retail,Region,Midwest,149381.14,7862
2025-03,2025-Q1,Vaccines,VetGuard Immunize,False,Retail,Region,West,174497.73,9184
2025-03,2025-Q1,Vaccines,VetGuard Immunize,False,Retail,National,National,728498.45,38342
2025-03,2025-Q1,Vaccines,VetGuard Immunize,False,E-commerce,Region,Northeast,353277.15,18594
2025-03,2025-Q1,Vaccines,VetGuard Immunize,False,E-commerce,Region,South,538618.34,28348
2025-03,2025-Q1,Vaccines,VetGuard Immunize,False,E-commerce,Region,Midwest,320767.09,16882
2025-03,2025-Q1,Vaccines,VetGuard Immunize,False,E-commerce,Region,West,352004.36,18527
2025-03,2025-Q1,Vaccines,VetGuard Immunize,False,E-commerce,National,National,1564666.94,82351
2025-04,2025-Q2,Vaccines,VetGuard Immunize,False,Veterinary,Region,Northeast,1914346.28,100755
2025-04,2025-Q2,Vaccines,VetGuard Immunize,False,Veterinary,Region,South,2908181.27,153062
2025-04,2025-Q2,Vaccines,VetGuard Immunize,False,Veterinary,Region,Midwest,1860539.71,97923
2025-04,2025-Q2,Vaccines,VetGuard Immunize,False,Veterinary,Region,West,1880367.99,98967
2025-04,2025-Q2,Vaccines,VetGuard Immunize,False,Veterinary,National,National,8563435.26,450707
2025-04,2025-Q2,Vaccines,VetGuard Immunize,False,Retail,Region,Northeast,164465.46,8656
2025-04,2025-Q2,Vaccines,VetGuard Immunize,False,Retail,Region,South,246227.67,12959
2025-04,2025-Q2,Vaccines,VetGuard Immunize,False,Retail,Region,Midwest,151339.41,7965
2025-04,2025-Q2,Vaccines,VetGuard Immunize,False,Retail,Region,West,172306.66,9069
2025-04,2025-Q2,Vaccines,VetGuard Immunize,False,Retail,National,National,734339.21,38649
2025-04,2025-Q2,Vaccines,VetGuard Immunize,False,E-commerce,Region,Northeast,358572.11,18872
2025-04,2025-Q2,Vaccines,VetGuard Immunize,False,E-commerce,Region,South,551182.53,29010
2025-04,2025-Q2,Vaccines,VetGuard Immunize,False,E-commerce,Region,Midwest,329836.37,17360
2025-04,2025-Q2,Vaccines,VetGuard Immunize,False,E-commerce,Region,West,380920.06,20048
2025-04,2025-Q2,Vaccines,VetGuard Immunize,False,E-commerce,National,National,1620511.06,85290
2025-05,2025-Q2,Vaccines,VetGuard Immunize,False,Veterinary,Region,Northeast,1933237.0,101749
2025-05,2025-Q2,Vaccines,VetGuard Immunize,False,Veterinary,Region,South,2955943.76,155576
2025-05,2025-Q2,Vaccines,VetGuard Immunize,False,Veterinary,Region,Midwest,1725388.47,90810
2025-05,2025-Q2,Vaccines,VetGuard Immunize,False,Veterinary,Region,West,1990473.08,104762
2025-05,2025-Q2,Vaccines,VetGuard Immunize,False,Veterinary,National,National,8605042.31,452897
2025-05,2025-Q2,Vaccines,VetGuard Immunize,False,Retail,Region,Northeast,163833.23,8623
2025-05,2025-Q2,Vaccines,VetGuard Immunize,False,Retail,Region,South,269682.71,14194
2025-05,2025-Q2,Vaccines,VetGuard Immunize,False,Retail,Region,Midwest,159105.96,8374
2025-05,2025-Q2,Vaccines,VetGuard Immunize,False,Retail,Region,West,171779.13,9041
2025-05,2025-Q2,Vaccines,VetGuard Immunize,False,Retail,National,National,764401.03,40232
2025-05,2025-Q2,Vaccines,VetGuard Immunize,False,E-commerce,Region,Northeast,375484.13,19762
2025-05,2025-Q2,Vaccines,VetGuard Immunize,False,E-commerce,Region,South,561006.99,29527
2025-05,2025-Q2,Vaccines,VetGuard Immunize,False,E-commerce,Region,Midwest,376714.77,19827
2025-05,2025-Q2,Vaccines,VetGuard Immunize,False,E-commerce,Region,West,422665.2,22246
2025-05,2025-Q2,Vaccines,VetGuard Immunize,False,E-commerce,National,National,1735871.09,91362
2025-06,2025-Q2,Vaccines,VetGuard Immunize,False,Veterinary,Region,Northeast,1783410.65,93864
2025-06,2025-Q2,Vaccines,VetGuard Immunize,False,Veterinary,Region,South,2767959.83,145682
2025-06,2025-Q2,Vaccines,VetGuard Immunize,False,Veterinary,Region,Midwest,1684722.61,88670
2025-06,2025-Q2,Vaccines,VetGuard Immunize,False,Veterinary,Region,West,1947286.15,102489
2025-06,2025-Q2,Vaccines,VetGuard Immunize,False,Veterinary,National,National,8183379.24,430704
2025-06,2025-Q2,Vaccines,VetGuard Immunize,False,Retail,Region,Northeast,163934.86,8628
2025-06,2025-Q2,Vaccines,VetGuard Immunize,False,Retail,Region,South,242417.09,12759
2025-06,2025-Q2,Vaccines,VetGuard Immunize,False,Retail,Region,Midwest,160211.29,8432
2025-06,2025-Q2,Vaccines,VetGuard Immunize,False,Retail,Region,West,165366.4,8703
2025-06,2025-Q2,Vaccines,VetGuard Immunize,False,Retail,National,National,731929.64,38523
2025-06,2025-Q2,Vaccines,VetGuard Immunize,False,E-commerce,Region,Northeast,372073.95,19583
2025-06,2025-Q2,Vaccines,VetGuard Immunize,False,E-commerce,Region,South,584088.99,30742
2025-06,2025-Q2,Vaccines,VetGuard Immunize,False,E-commerce,Region,Midwest,349750.82,18408
2025-06,2025-Q2,Vaccines,VetGuard Immunize,False,E-commerce,Region,West,408911.39,21522
2025-06,2025-Q2,Vaccines,VetGuard Immunize,False,E-commerce,National,National,1714825.16,90254
2025-07,2025-Q3,Vaccines,VetGuard Immunize,False,Veterinary,Region,Northeast,1786418.14,94022
2025-07,2025-Q3,Vaccines,VetGuard Immunize,False,Veterinary,Region,South,2775011.85,146053
2025-07,2025-Q3,Vaccines,VetGuard Immunize,False,Veterinary,Region,Midwest,1676632.26,88244
2025-07,2025-Q3,Vaccines,VetGuard Immunize,False,Veterinary,Region,West,1902586.44,100136
2025-07,2025-Q3,Vaccines,VetGuard Immunize,False,Veterinary,National,National,8140648.69,428455
2025-07,2025-Q3,Vaccines,VetGuard Immunize,False,Retail,Region,Northeast,151346.4,7966
2025-07,2025-Q3,Vaccines,VetGuard Immunize,False,Retail,Region,South,243366.06,12809
2025-07,2025-Q3,Vaccines,VetGuard Immunize,False,Retail,Region,Midwest,147967.96,7788
2025-07,2025-Q3,Vaccines,VetGuard Immunize,False,Retail,Region,West,167414.69,8811
2025-07,2025-Q3,Vaccines,VetGuard Immunize,False,Retail,National,National,710095.11,37373
2025-07,2025-Q3,Vaccines,VetGuard Immunize,False,E-commerce,Region,Northeast,400682.8,21089
2025-07,2025-Q3,Vaccines,VetGuard Immunize,False,E-commerce,Region,South,614632.21,32349
2025-07,2025-Q3,Vaccines,VetGuard Immunize,False,E-commerce,Region,Midwest,369506.49,19448
2025-07,2025-Q3,Vaccines,VetGuard Immunize,False,E-commerce,Region,West,397543.9,20923
2025-07,2025-Q3,Vaccines,VetGuard Immunize,False,E-commerce,National,National,1782365.4,93809
2025-08,2025-Q3,Vaccines,VetGuard Immunize,False,Veterinary,Region,Northeast,1668298.75,87805
2025-08,2025-Q3,Vaccines,VetGuard Immunize,False,Veterinary,Region,South,2617325.62,137754
2025-08,2025-Q3,Vaccines,VetGuard Immunize,False,Veterinary,Region,Midwest,1566104.47,82427
2025-08,2025-Q3,Vaccines,VetGuard Immunize,False,Veterinary,Region,West,1694364.14,89177
2025-08,2025-Q3,Vaccines,VetGuard Immunize,False,Veterinary,National,National,7546092.98,397163
2025-08,2025-Q3,Vaccines,VetGuard Immunize,False,Retail,Region,Northeast,145067.12,7635
2025-08,2025-Q3,Vaccines,VetGuard Immunize,False,Retail,Region,South,232126.02,12217
2025-08,2025-Q3,Vaccines,VetGuard Immunize,False,Retail,Region,Midwest,145494.18,7658
2025-08,2025-Q3,Vaccines,VetGuard Immunize,False,Retail,Region,West,154466.35,8130
2025-08,2025-Q3,Vaccines,VetGuard Immunize,False,Retail,National,National,677153.68,35640
2025-08,2025-Q3,Vaccines,VetGuard Immunize,False,E-commerce,Region,Northeast,359284.77,18910
2025-08,2025-Q3,Vaccines,VetGuard Immunize,False,E-commerce,Region,South,596441.3,31392
2025-08,2025-Q3,Vaccines,VetGuard Immunize,False,E-commerce,Region,Midwest,344486.97,18131
2025-08,2025-Q3,Vaccines,VetGuard Immunize,False,E-commerce,Region,West,378167.29,19904
2025-08,2025-Q3,Vaccines,VetGuard Immunize,False,E-commerce,National,National,1678380.33,88336
2025-09,2025-Q3,Vaccines,VetGuard Immunize,False,Veterinary,Region,Northeast,1522823.04,80149
2025-09,2025-Q3,Vaccines,VetGuard Immunize,False,Veterinary,Region,South,2514166.33,132325
2025-09,2025-Q3,Vaccines,VetGuard Immunize,False,Veterinary,Region,Midwest,1513957.77,79682
2025-09,2025-Q3,Vaccines,VetGuard Immunize,False,Veterinary,Region,West,1680702.36,88458
2025-09,2025-Q3,Vaccines,VetGuard Immunize,False,Veterinary,National,National,7231649.5,380613
2025-09,2025-Q3,Vaccines,VetGuard Immunize,False,Retail,Region,Northeast,132802.6,6990
2025-09,2025-Q3,Vaccines,VetGuard Immunize,False,Retail,Region,South,215782.47,11357
2025-09,2025-Q3,Vaccines,VetGuard Immunize,False,Retail,Region,Midwest,131977.75,6946
2025-09,2025-Q3,Vaccines,VetGuard Immunize,False,Retail,Region,West,140804.02,7411
2025-09,2025-Q3,Vaccines,VetGuard Immunize,False,Retail,National,National,621366.85,32704
2025-09,2025-Q3,Vaccines,VetGuard Immunize,False,E-commerce,Region,Northeast,373407.38,19653
2025-09,2025-Q3,Vaccines,VetGuard Immunize,False,E-commerce,Region,South,516384.02,27178
2025-09,2025-Q3,Vaccines,VetGuard Immunize,False,E-commerce,Region,Midwest,350372.51,18441
2025-09,2025-Q3,Vaccines,VetGuard Immunize,False,E-commerce,Region,West,378390.46,19915
2025-09,2025-Q3,Vaccines,VetGuard Immunize,False,E-commerce,National,National,1618554.36,85187
2025-10,2025-Q4,Vaccines,VetGuard Immunize,False,Veterinary,Region,Northeast,1482372.44,78020
2025-10,2025-Q4,Vaccines,VetGuard Immunize,False,Veterinary,Region,South,2312993.09,121736
2025-10,2025-Q4,Vaccines,VetGuard Immunize,False,Veterinary,Region,Midwest,1376390.71,72442
2025-10,2025-Q4,Vaccines,VetGuard Immunize,False,Veterinary,Region,West,1536029.93,80844
2025-10,2025-Q4,Vaccines,VetGuard Immunize,False,Veterinary,National,National,6707786.17,353041
2025-10,2025-Q4,Vaccines,VetGuard Immunize,False,Retail,Region,Northeast,125120.42,6585
2025-10,2025-Q4,Vaccines,VetGuard Immunize,False,Retail,Region,South,195890.51,10310
2025-10,2025-Q4,Vaccines,VetGuard Immunize,False,Retail,Region,Midwest,123982.71,6525
2025-10,2025-Q4,Vaccines,VetGuard Immunize,False,Retail,Region,West,129147.54,6797
2025-10,2025-Q4,Vaccines,VetGuard Immunize,False,Retail,National,National,574141.19,30218
2025-10,2025-Q4,Vaccines,VetGuard Immunize,False,E-commerce,Region,Northeast,360759.65,18987
2025-10,2025-Q4,Vaccines,VetGuard Immunize,False,E-commerce,Region,South,515362.37,27124
2025-10,2025-Q4,Vaccines,VetGuard Immunize,False,E-commerce,Region,Midwest,334262.87,17593
2025-10,2025-Q4,Vaccines,VetGuard Immunize,False,E-commerce,Region,West,344106.12,18111
2025-10,2025-Q4,Vaccines,VetGuard Immunize,False,E-commerce,National,National,1554491.01,81815
2025-11,2025-Q4,Vaccines,VetGuard Immunize,False,Veterinary,Region,Northeast,1502297.98,79068
2025-11,2025-Q4,Vaccines,VetGuard Immunize,False,Veterinary,Region,South,2410409.23,126864
2025-11,2025-Q4,Vaccines,VetGuard Immunize,False,Veterinary,Region,Midwest,1405677.35,73983
2025-11,2025-Q4,Vaccines,VetGuard Immunize,False,Veterinary,Region,West,1502764.17,79093
2025-11,2025-Q4,Vaccines,VetGuard Immunize,False,Veterinary,National,National,6821148.73,359008
2025-11,2025-Q4,Vaccines,VetGuard Immunize,False,Retail,Region,Northeast,127621.09,6717
2025-11,2025-Q4,Vaccines,VetGuard Immunize,False,Retail,Region,South,191576.55,10083
2025-11,2025-Q4,Vaccines,VetGuard Immunize,False,Retail,Region,Midwest,118529.42,6238
2025-11,2025-Q4,Vaccines,VetGuard Immunize,False,Retail,Region,West,132996.94,7000
2025-11,2025-Q4,Vaccines,VetGuard Immunize,False,Retail,National,National,570724.01,30038
2025-11,2025-Q4,Vaccines,VetGuard Immunize,False,E-commerce,Region,Northeast,367837.09,19360
2025-11,2025-Q4,Vaccines,VetGuard Immunize,False,E-commerce,Region,South,521828.47,27465
2025-11,2025-Q4,Vaccines,VetGuard Immunize,False,E-commerce,Region,Midwest,340497.85,17921
2025-11,2025-Q4,Vaccines,VetGuard Immunize,False,E-commerce,Region,West,372167.23,19588
2025-11,2025-Q4,Vaccines,VetGuard Immunize,False,E-commerce,National,National,1602330.65,84333
2025-12,2025-Q4,Vaccines,VetGuard Immunize,False,Veterinary,Region,Northeast,1388885.1,73099
2025-12,2025-Q4,Vaccines,VetGuard Immunize,False,Veterinary,Region,South,2251858.06,118519
2025-12,2025-Q4,Vaccines,VetGuard Immunize,False,Veterinary,Region,Midwest,1374259.92,72329
2025-12,2025-Q4,Vaccines,VetGuard Immunize,False,Veterinary,Region,West,1493191.85,78589
2025-12,2025-Q4,Vaccines,VetGuard Immunize,False,Veterinary,National,National,6508194.93,342537
2025-12,2025-Q4,Vaccines,VetGuard Immunize,False,Retail,Region,Northeast,121306.71,6385
2025-12,2025-Q4,Vaccines,VetGuard Immunize,False,Retail,Region,South,186267.39,9804
2025-12,2025-Q4,Vaccines,VetGuard Immunize,False,Retail,Region,Midwest,116333.31,6123
2025-12,2025-Q4,Vaccines,VetGuard Immunize,False,Retail,Region,West,133369.37,7019
2025-12,2025-Q4,Vaccines,VetGuard Immunize,False,Retail,National,National,557276.78,29330
2025-12,2025-Q4,Vaccines,VetGuard Immunize,False,E-commerce,Region,Northeast,363405.52,19127
2025-12,2025-Q4,Vaccines,VetGuard Immunize,False,E-commerce,Region,South,593845.46,31255
2025-12,2025-Q4,Vaccines,VetGuard Immunize,False,E-commerce,Region,Midwest,360159.48,18956
2025-12,2025-Q4,Vaccines,VetGuard Immunize,False,E-commerce,Region,West,391305.88,20595
2025-12,2025-Q4,Vaccines,VetGuard Immunize,False,E-commerce,National,National,1708716.33,89932
2026-01,2026-Q1,Vaccines,VetGuard Immunize,False,Veterinary,Region,Northeast,1525344.47,80281
2026-01,2026-Q1,Vaccines,VetGuard Immunize,False,Veterinary,Region,South,2312665.66,121719
2026-01,2026-Q1,Vaccines,VetGuard Immunize,False,Veterinary,Region,Midwest,1487268.68,78277
2026-01,2026-Q1,Vaccines,VetGuard Immunize,False,Veterinary,Region,West,1605604.3,84505
2026-01,2026-Q1,Vaccines,VetGuard Immunize,False,Veterinary,National,National,6930883.1,364783
2026-01,2026-Q1,Vaccines,VetGuard Immunize,False,Retail,Region,Northeast,128881.38,6783
2026-01,2026-Q1,Vaccines,VetGuard Immunize,False,Retail,Region,South,198359.57,10440
2026-01,2026-Q1,Vaccines,VetGuard Immunize,False,Retail,Region,Midwest,122025.65,6422
2026-01,2026-Q1,Vaccines,VetGuard Immunize,False,Retail,Region,West,131553.72,6924
2026-01,2026-Q1,Vaccines,VetGuard Immunize,False,Retail,National,National,580820.32,30569
2026-01,2026-Q1,Vaccines,VetGuard Immunize,False,E-commerce,Region,Northeast,382623.68,20138
2026-01,2026-Q1,Vaccines,VetGuard Immunize,False,E-commerce,Region,South,601036.18,31633
2026-01,2026-Q1,Vaccines,VetGuard Immunize,False,E-commerce,Region,Midwest,384301.28,20226
2026-01,2026-Q1,Vaccines,VetGuard Immunize,False,E-commerce,Region,West,410017.3,21580
2026-01,2026-Q1,Vaccines,VetGuard Immunize,False,E-commerce,National,National,1777978.45,93578
2026-02,2026-Q1,Vaccines,VetGuard Immunize,False,Veterinary,Region,Northeast,1698780.67,89410
2026-02,2026-Q1,Vaccines,VetGuard Immunize,False,Veterinary,Region,South,2596200.28,136642
2026-02,2026-Q1,Vaccines,VetGuard Immunize,False,Veterinary,Region,Midwest,1510493.84,79500
2026-02,2026-Q1,Vaccines,VetGuard Immunize,False,Veterinary,Region,West,1726758.57,90882
2026-02,2026-Q1,Vaccines,VetGuard Immunize,False,Veterinary,National,National,7532233.36,396433
2026-02,2026-Q1,Vaccines,VetGuard Immunize,False,Retail,Region,Northeast,132009.26,6948
2026-02,2026-Q1,Vaccines,VetGuard Immunize,False,Retail,Region,South,209149.61,11008
2026-02,2026-Q1,Vaccines,VetGuard Immunize,False,Retail,Region,Midwest,130905.89,6890
2026-02,2026-Q1,Vaccines,VetGuard Immunize,False,Retail,Region,West,143879.65,7573
2026-02,2026-Q1,Vaccines,VetGuard Immunize,False,Retail,National,National,615944.41,32418
2026-02,2026-Q1,Vaccines,VetGuard Immunize,False,E-commerce,Region,Northeast,457451.82,24076
2026-02,2026-Q1,Vaccines,VetGuard Immunize,False,E-commerce,Region,South,663244.23,34908
2026-02,2026-Q1,Vaccines,VetGuard Immunize,False,E-commerce,Region,Midwest,412219.53,21696
2026-02,2026-Q1,Vaccines,VetGuard Immunize,False,E-commerce,Region,West,463353.26,24387
2026-02,2026-Q1,Vaccines,VetGuard Immunize,False,E-commerce,National,National,1996268.84,105067
2026-03,2026-Q1,Vaccines,VetGuard Immunize,False,Veterinary,Region,Northeast,1731657.37,91140
2026-03,2026-Q1,Vaccines,VetGuard Immunize,False,Veterinary,Region,South,2818544.94,148344
2026-03,2026-Q1,Vaccines,VetGuard Immunize,False,Veterinary,Region,Midwest,1739779.2,91567
2026-03,2026-Q1,Vaccines,VetGuard Immunize,False,Veterinary,Region,West,1859748.73,97882
2026-03,2026-Q1,Vaccines,VetGuard Immunize,False,Veterinary,National,National,8149730.25,428933
2026-03,2026-Q1,Vaccines,VetGuard Immunize,False,Retail,Region,Northeast,143666.03,7561
2026-03,2026-Q1,Vaccines,VetGuard Immunize,False,Retail,Region,South,228839.21,12044
2026-03,2026-Q1,Vaccines,VetGuard Immunize,False,Retail,Region,Midwest,140074.42,7372
2026-03,2026-Q1,Vaccines,VetGuard Immunize,False,Retail,Region,West,153294.57,8068
2026-03,2026-Q1,Vaccines,VetGuard Immunize,False,Retail,National,National,665874.23,35046
2026-03,2026-Q1,Vaccines,VetGuard Immunize,False,E-commerce,Region,Northeast,472356.8,24861
2026-03,2026-Q1,Vaccines,VetGuard Immunize,False,E-commerce,Region,South,707826.69,37254
2026-03,2026-Q1,Vaccines,VetGuard Immunize,False,E-commerce,Region,Midwest,459706.8,24195
2026-03,2026-Q1,Vaccines,VetGuard Immunize,False,E-commerce,Region,West,500805.87,26358
2026-03,2026-Q1,Vaccines,VetGuard Immunize,False,E-commerce,National,National,2140696.15,112668
2024-04,2024-Q2,Vaccines,VetSelect Core Vax,False,Veterinary,Region,Northeast,1251455.68,89390
2024-04,2024-Q2,Vaccines,VetSelect Core Vax,False,Veterinary,Region,South,2017158.6,144083
2024-04,2024-Q2,Vaccines,VetSelect Core Vax,False,Veterinary,Region,Midwest,1237636.22,88403
2024-04,2024-Q2,Vaccines,VetSelect Core Vax,False,Veterinary,Region,West,1309319.56,93523
2024-04,2024-Q2,Vaccines,VetSelect Core Vax,False,Veterinary,National,National,5815570.06,415398
2024-04,2024-Q2,Vaccines,VetSelect Core Vax,False,Retail,Region,Northeast,452154.17,32297
2024-04,2024-Q2,Vaccines,VetSelect Core Vax,False,Retail,Region,South,672528.23,48038
2024-04,2024-Q2,Vaccines,VetSelect Core Vax,False,Retail,Region,Midwest,410933.47,29352
2024-04,2024-Q2,Vaccines,VetSelect Core Vax,False,Retail,Region,West,463133.98,33081
2024-04,2024-Q2,Vaccines,VetSelect Core Vax,False,Retail,National,National,1998749.85,142768
2024-04,2024-Q2,Vaccines,VetSelect Core Vax,False,E-commerce,Region,Northeast,191084.59,13649
2024-04,2024-Q2,Vaccines,VetSelect Core Vax,False,E-commerce,Region,South,287421.2,20530
2024-04,2024-Q2,Vaccines,VetSelect Core Vax,False,E-commerce,Region,Midwest,185874.35,13277
2024-04,2024-Q2,Vaccines,VetSelect Core Vax,False,E-commerce,Region,West,199803.57,14272
2024-04,2024-Q2,Vaccines,VetSelect Core Vax,False,E-commerce,National,National,864183.7,61727
2024-05,2024-Q2,Vaccines,VetSelect Core Vax,False,Veterinary,Region,Northeast,1198140.85,85581
2024-05,2024-Q2,Vaccines,VetSelect Core Vax,False,Veterinary,Region,South,1979520.09,141394
2024-05,2024-Q2,Vaccines,VetSelect Core Vax,False,Veterinary,Region,Midwest,1210787.86,86485
2024-05,2024-Q2,Vaccines,VetSelect Core Vax,False,Veterinary,Region,West,1326908.53,94779
2024-05,2024-Q2,Vaccines,VetSelect Core Vax,False,Veterinary,National,National,5715357.33,408240
2024-05,2024-Q2,Vaccines,VetSelect Core Vax,False,Retail,Region,Northeast,452719.81,32337
2024-05,2024-Q2,Vaccines,VetSelect Core Vax,False,Retail,Region,South,621701.33,44407
2024-05,2024-Q2,Vaccines,VetSelect Core Vax,False,Retail,Region,Midwest,430801.8,30772
2024-05,2024-Q2,Vaccines,VetSelect Core Vax,False,Retail,Region,West,473120.37,33794
2024-05,2024-Q2,Vaccines,VetSelect Core Vax,False,Retail,National,National,1978343.3,141310
2024-05,2024-Q2,Vaccines,VetSelect Core Vax,False,E-commerce,Region,Northeast,192172.64,13727
2024-05,2024-Q2,Vaccines,VetSelect Core Vax,False,E-commerce,Region,South,315305.34,22522
2024-05,2024-Q2,Vaccines,VetSelect Core Vax,False,E-commerce,Region,Midwest,184390.7,13171
2024-05,2024-Q2,Vaccines,VetSelect Core Vax,False,E-commerce,Region,West,200520.08,14323
2024-05,2024-Q2,Vaccines,VetSelect Core Vax,False,E-commerce,National,National,892388.76,63742
2024-06,2024-Q2,Vaccines,VetSelect Core Vax,False,Veterinary,Region,Northeast,1328734.79,94910
2024-06,2024-Q2,Vaccines,VetSelect Core Vax,False,Veterinary,Region,South,1967881.7,140563
2024-06,2024-Q2,Vaccines,VetSelect Core Vax,False,Veterinary,Region,Midwest,1204208.42,86015
2024-06,2024-Q2,Vaccines,VetSelect Core Vax,False,Veterinary,Region,West,1351916.59,96565
2024-06,2024-Q2,Vaccines,VetSelect Core Vax,False,Veterinary,National,National,5852741.49,418053
2024-06,2024-Q2,Vaccines,VetSelect Core Vax,False,Retail,Region,Northeast,425557.63,30397
2024-06,2024-Q2,Vaccines,VetSelect Core Vax,False,Retail,Region,South,700304.67,50022
2024-06,2024-Q2,Vaccines,VetSelect Core Vax,False,Retail,Region,Midwest,433448.97,30961
2024-06,2024-Q2,Vaccines,VetSelect Core Vax,False,Retail,Region,West,459205.47,32800
2024-06,2024-Q2,Vaccines,VetSelect Core Vax,False,Retail,National,National,2018516.74,144180
2024-06,2024-Q2,Vaccines,VetSelect Core Vax,False,E-commerce,Region,Northeast,201619.53,14401
2024-06,2024-Q2,Vaccines,VetSelect Core Vax,False,E-commerce,Region,South,329404.59,23529
2024-06,2024-Q2,Vaccines,VetSelect Core Vax,False,E-commerce,Region,Midwest,198859.08,14204
2024-06,2024-Q2,Vaccines,VetSelect Core Vax,False,E-commerce,Region,West,220058.22,15718
2024-06,2024-Q2,Vaccines,VetSelect Core Vax,False,E-commerce,National,National,949941.42,67853
2024-07,2024-Q3,Vaccines,VetSelect Core Vax,False,Veterinary,Region,Northeast,1252279.0,89448
2024-07,2024-Q3,Vaccines,VetSelect Core Vax,False,Veterinary,Region,South,1858603.97,132757
2024-07,2024-Q3,Vaccines,VetSelect Core Vax,False,Veterinary,Region,Midwest,1232661.92,88047
2024-07,2024-Q3,Vaccines,VetSelect Core Vax,False,Veterinary,Region,West,1303107.85,93079
2024-07,2024-Q3,Vaccines,VetSelect Core Vax,False,Veterinary,National,National,5646652.74,403332
2024-07,2024-Q3,Vaccines,VetSelect Core Vax,False,Retail,Region,Northeast,430299.52,30736
2024-07,2024-Q3,Vaccines,VetSelect Core Vax,False,Retail,Region,South,670756.73,47911
2024-07,2024-Q3,Vaccines,VetSelect Core Vax,False,Retail,Region,Midwest,410588.83,29328
2024-07,2024-Q3,Vaccines,VetSelect Core Vax,False,Retail,Region,West,455522.89,32537
2024-07,2024-Q3,Vaccines,VetSelect Core Vax,False,Retail,National,National,1967167.96,140512
2024-07,2024-Q3,Vaccines,VetSelect Core Vax,False,E-commerce,Region,Northeast,213110.38,15222
2024-07,2024-Q3,Vaccines,VetSelect Core Vax,False,E-commerce,Region,South,325668.53,23262
2024-07,2024-Q3,Vaccines,VetSelect Core Vax,False,E-commerce,Region,Midwest,198887.77,14206
2024-07,2024-Q3,Vaccines,VetSelect Core Vax,False,E-commerce,Region,West,218087.66,15578
2024-07,2024-Q3,Vaccines,VetSelect Core Vax,False,E-commerce,National,National,955754.34,68268
2024-08,2024-Q3,Vaccines,VetSelect Core Vax,False,Veterinary,Region,Northeast,1163995.08,83143
2024-08,2024-Q3,Vaccines,VetSelect Core Vax,False,Veterinary,Region,South,1729386.68,123528
2024-08,2024-Q3,Vaccines,VetSelect Core Vax,False,Veterinary,Region,Midwest,1075460.64,76819
2024-08,2024-Q3,Vaccines,VetSelect Core Vax,False,Veterinary,Region,West,1178240.54,84160
2024-08,2024-Q3,Vaccines,VetSelect Core Vax,False,Veterinary,National,National,5147082.94,367649
2024-08,2024-Q3,Vaccines,VetSelect Core Vax,False,Retail,Region,Northeast,396548.74,28325
2024-08,2024-Q3,Vaccines,VetSelect Core Vax,False,Retail,Region,South,614931.1,43924
2024-08,2024-Q3,Vaccines,VetSelect Core Vax,False,Retail,Region,Midwest,394624.71,28187
2024-08,2024-Q3,Vaccines,VetSelect Core Vax,False,Retail,Region,West,390985.82,27928
2024-08,2024-Q3,Vaccines,VetSelect Core Vax,False,Retail,National,National,1797090.37,128364
2024-08,2024-Q3,Vaccines,VetSelect Core Vax,False,E-commerce,Region,Northeast,200882.42,14349
2024-08,2024-Q3,Vaccines,VetSelect Core Vax,False,E-commerce,Region,South,317965.98,22712
2024-08,2024-Q3,Vaccines,VetSelect Core Vax,False,E-commerce,Region,Midwest,183311.24,13094
2024-08,2024-Q3,Vaccines,VetSelect Core Vax,False,E-commerce,Region,West,222506.19,15893
2024-08,2024-Q3,Vaccines,VetSelect Core Vax,False,E-commerce,National,National,924665.84,66048
2024-09,2024-Q3,Vaccines,VetSelect Core Vax,False,Veterinary,Region,Northeast,1037927.68,74138
2024-09,2024-Q3,Vaccines,VetSelect Core Vax,False,Veterinary,Region,South,1691065.88,120790
2024-09,2024-Q3,Vaccines,VetSelect Core Vax,False,Veterinary,Region,Midwest,948000.23,67714
2024-09,2024-Q3,Vaccines,VetSelect Core Vax,False,Veterinary,Region,West,1118661.74,79904
2024-09,2024-Q3,Vaccines,VetSelect Core Vax,False,Veterinary,National,National,4795655.53,342547
2024-09,2024-Q3,Vaccines,VetSelect Core Vax,False,Retail,Region,Northeast,356705.44,25479
2024-09,2024-Q3,Vaccines,VetSelect Core Vax,False,Retail,Region,South,567918.15,40566
2024-09,2024-Q3,Vaccines,VetSelect Core Vax,False,Retail,Region,Midwest,354868.0,25348
2024-09,2024-Q3,Vaccines,VetSelect Core Vax,False,Retail,Region,West,393490.19,28106
2024-09,2024-Q3,Vaccines,VetSelect Core Vax,False,Retail,National,National,1672981.78,119499
2024-09,2024-Q3,Vaccines,VetSelect Core Vax,False,E-commerce,Region,Northeast,200789.42,14342
2024-09,2024-Q3,Vaccines,VetSelect Core Vax,False,E-commerce,Region,South,325714.54,23265
2024-09,2024-Q3,Vaccines,VetSelect Core Vax,False,E-commerce,Region,Midwest,189678.39,13548
2024-09,2024-Q3,Vaccines,VetSelect Core Vax,False,E-commerce,Region,West,205230.42,14659
2024-09,2024-Q3,Vaccines,VetSelect Core Vax,False,E-commerce,National,National,921412.77,65815
2024-10,2024-Q4,Vaccines,VetSelect Core Vax,False,Veterinary,Region,Northeast,1035816.81,73987
2024-10,2024-Q4,Vaccines,VetSelect Core Vax,False,Veterinary,Region,South,1624073.96,116005
2024-10,2024-Q4,Vaccines,VetSelect Core Vax,False,Veterinary,Region,Midwest,873658.27,62404
2024-10,2024-Q4,Vaccines,VetSelect Core Vax,False,Veterinary,Region,West,1099778.48,78556
2024-10,2024-Q4,Vaccines,VetSelect Core Vax,False,Veterinary,National,National,4633327.51,330952
2024-10,2024-Q4,Vaccines,VetSelect Core Vax,False,Retail,Region,Northeast,358583.35,25613
2024-10,2024-Q4,Vaccines,VetSelect Core Vax,False,Retail,Region,South,548173.52,39155
2024-10,2024-Q4,Vaccines,VetSelect Core Vax,False,Retail,Region,Midwest,336298.73,24021
2024-10,2024-Q4,Vaccines,VetSelect Core Vax,False,Retail,Region,West,385905.47,27565
2024-10,2024-Q4,Vaccines,VetSelect Core Vax,False,Retail,National,National,1628961.07,116354
2024-10,2024-Q4,Vaccines,VetSelect Core Vax,False,E-commerce,Region,Northeast,189244.27,13517
2024-10,2024-Q4,Vaccines,VetSelect Core Vax,False,E-commerce,Region,South,340984.68,24356
2024-10,2024-Q4,Vaccines,VetSelect Core Vax,False,E-commerce,Region,Midwest,199091.08,14221
2024-10,2024-Q4,Vaccines,VetSelect Core Vax,False,E-commerce,Region,West,213093.17,15221
2024-10,2024-Q4,Vaccines,VetSelect Core Vax,False,E-commerce,National,National,942413.2,67315
2024-11,2024-Q4,Vaccines,VetSelect Core Vax,False,Veterinary,Region,Northeast,1038128.75,74152
2024-11,2024-Q4,Vaccines,VetSelect Core Vax,False,Veterinary,Region,South,1548545.19,110610
2024-11,2024-Q4,Vaccines,VetSelect Core Vax,False,Veterinary,Region,Midwest,1013126.55,72366
2024-11,2024-Q4,Vaccines,VetSelect Core Vax,False,Veterinary,Region,West,1023613.64,73115
2024-11,2024-Q4,Vaccines,VetSelect Core Vax,False,Veterinary,National,National,4623414.13,330244
2024-11,2024-Q4,Vaccines,VetSelect Core Vax,False,Retail,Region,Northeast,363510.39,25965
2024-11,2024-Q4,Vaccines,VetSelect Core Vax,False,Retail,Region,South,571689.64,40835
2024-11,2024-Q4,Vaccines,VetSelect Core Vax,False,Retail,Region,Midwest,346321.51,24737
2024-11,2024-Q4,Vaccines,VetSelect Core Vax,False,Retail,Region,West,357060.6,25504
2024-11,2024-Q4,Vaccines,VetSelect Core Vax,False,Retail,National,National,1638582.14,117042
2024-11,2024-Q4,Vaccines,VetSelect Core Vax,False,E-commerce,Region,Northeast,209289.05,14949
2024-11,2024-Q4,Vaccines,VetSelect Core Vax,False,E-commerce,Region,South,320281.47,22877
2024-11,2024-Q4,Vaccines,VetSelect Core Vax,False,E-commerce,Region,Midwest,194133.03,13867
2024-11,2024-Q4,Vaccines,VetSelect Core Vax,False,E-commerce,Region,West,202380.85,14456
2024-11,2024-Q4,Vaccines,VetSelect Core Vax,False,E-commerce,National,National,926084.39,66149
2024-12,2024-Q4,Vaccines,VetSelect Core Vax,False,Veterinary,Region,Northeast,968453.5,69175
2024-12,2024-Q4,Vaccines,VetSelect Core Vax,False,Veterinary,Region,South,1570836.49,112203
2024-12,2024-Q4,Vaccines,VetSelect Core Vax,False,Veterinary,Region,Midwest,1016049.2,72575
2024-12,2024-Q4,Vaccines,VetSelect Core Vax,False,Veterinary,Region,West,1054336.69,75310
2024-12,2024-Q4,Vaccines,VetSelect Core Vax,False,Veterinary,National,National,4609675.88,329263
2024-12,2024-Q4,Vaccines,VetSelect Core Vax,False,Retail,Region,Northeast,333423.07,23816
2024-12,2024-Q4,Vaccines,VetSelect Core Vax,False,Retail,Region,South,521104.46,37222
2024-12,2024-Q4,Vaccines,VetSelect Core Vax,False,Retail,Region,Midwest,336559.09,24040
2024-12,2024-Q4,Vaccines,VetSelect Core Vax,False,Retail,Region,West,363595.51,25971
2024-12,2024-Q4,Vaccines,VetSelect Core Vax,False,Retail,National,National,1554682.12,111049
2024-12,2024-Q4,Vaccines,VetSelect Core Vax,False,E-commerce,Region,Northeast,208783.9,14913
2024-12,2024-Q4,Vaccines,VetSelect Core Vax,False,E-commerce,Region,South,321203.84,22943
2024-12,2024-Q4,Vaccines,VetSelect Core Vax,False,E-commerce,Region,Midwest,204070.82,14576
2024-12,2024-Q4,Vaccines,VetSelect Core Vax,False,E-commerce,Region,West,230215.68,16444
2024-12,2024-Q4,Vaccines,VetSelect Core Vax,False,E-commerce,National,National,964274.24,68877
2025-01,2025-Q1,Vaccines,VetSelect Core Vax,False,Veterinary,Region,Northeast,1058556.92,75611
2025-01,2025-Q1,Vaccines,VetSelect Core Vax,False,Veterinary,Region,South,1652834.67,118060
2025-01,2025-Q1,Vaccines,VetSelect Core Vax,False,Veterinary,Region,Midwest,991707.33,70836
2025-01,2025-Q1,Vaccines,VetSelect Core Vax,False,Veterinary,Region,West,1028976.05,73498
2025-01,2025-Q1,Vaccines,VetSelect Core Vax,False,Veterinary,National,National,4732074.98,338005
2025-01,2025-Q1,Vaccines,VetSelect Core Vax,False,Retail,Region,Northeast,371907.62,26565
2025-01,2025-Q1,Vaccines,VetSelect Core Vax,False,Retail,Region,South,553912.71,39565
2025-01,2025-Q1,Vaccines,VetSelect Core Vax,False,Retail,Region,Midwest,363638.48,25974
2025-01,2025-Q1,Vaccines,VetSelect Core Vax,False,Retail,Region,West,385234.36,27517
2025-01,2025-Q1,Vaccines,VetSelect Core Vax,False,Retail,National,National,1674693.17,119621
2025-01,2025-Q1,Vaccines,VetSelect Core Vax,False,E-commerce,Region,Northeast,239807.5,17129
2025-01,2025-Q1,Vaccines,VetSelect Core Vax,False,E-commerce,Region,South,345553.74,24682
2025-01,2025-Q1,Vaccines,VetSelect Core Vax,False,E-commerce,Region,Midwest,226500.28,16179
2025-01,2025-Q1,Vaccines,VetSelect Core Vax,False,E-commerce,Region,West,228185.26,16299
2025-01,2025-Q1,Vaccines,VetSelect Core Vax,False,E-commerce,National,National,1040046.79,74289
2025-02,2025-Q1,Vaccines,VetSelect Core Vax,False,Veterinary,Region,Northeast,1130067.27,80719
2025-02,2025-Q1,Vaccines,VetSelect Core Vax,False,Veterinary,Region,South,1808454.87,129175
2025-02,2025-Q1,Vaccines,VetSelect Core Vax,False,Veterinary,Region,Midwest,1074761.13,76769
2025-02,2025-Q1,Vaccines,VetSelect Core Vax,False,Veterinary,Region,West,1214264.96,86733
2025-02,2025-Q1,Vaccines,VetSelect Core Vax,False,Veterinary,National,National,5227548.24,373396
2025-02,2025-Q1,Vaccines,VetSelect Core Vax,False,Retail,Region,Northeast,402507.34,28751
2025-02,2025-Q1,Vaccines,VetSelect Core Vax,False,Retail,Region,South,619860.24,44276
2025-02,2025-Q1,Vaccines,VetSelect Core Vax,False,Retail,Region,Midwest,383530.76,27395
2025-02,2025-Q1,Vaccines,VetSelect Core Vax,False,Retail,Region,West,435450.94,31104
2025-02,2025-Q1,Vaccines,VetSelect Core Vax,False,Retail,National,National,1841349.27,131525
2025-02,2025-Q1,Vaccines,VetSelect Core Vax,False,E-commerce,Region,Northeast,252752.1,18054
2025-02,2025-Q1,Vaccines,VetSelect Core Vax,False,E-commerce,Region,South,414034.69,29574
2025-02,2025-Q1,Vaccines,VetSelect Core Vax,False,E-commerce,Region,Midwest,242788.6,17342
2025-02,2025-Q1,Vaccines,VetSelect Core Vax,False,E-commerce,Region,West,278498.21,19893
2025-02,2025-Q1,Vaccines,VetSelect Core Vax,False,E-commerce,National,National,1188073.6,84862
2025-03,2025-Q1,Vaccines,VetSelect Core Vax,False,Veterinary,Region,Northeast,1206318.52,86166
2025-03,2025-Q1,Vaccines,VetSelect Core Vax,False,Veterinary,Region,South,1786511.33,127608
2025-03,2025-Q1,Vaccines,VetSelect Core Vax,False,Veterinary,Region,Midwest,1185534.84,84681
2025-03,2025-Q1,Vaccines,VetSelect Core Vax,False,Veterinary,Region,West,1265284.55,90377
2025-03,2025-Q1,Vaccines,VetSelect Core Vax,False,Veterinary,National,National,5443649.25,388832
2025-03,2025-Q1,Vaccines,VetSelect Core Vax,False,Retail,Region,Northeast,424441.6,30317
2025-03,2025-Q1,Vaccines,VetSelect Core Vax,False,Retail,Region,South,659898.45,47136
2025-03,2025-Q1,Vaccines,VetSelect Core Vax,False,Retail,Region,Midwest,405058.55,28933
2025-03,2025-Q1,Vaccines,VetSelect Core Vax,False,Retail,Region,West,470210.67,33586
2025-03,2025-Q1,Vaccines,VetSelect Core Vax,False,Retail,National,National,1959609.27,139972
2025-03,2025-Q1,Vaccines,VetSelect Core Vax,False,E-commerce,Region,Northeast,298967.2,21355
2025-03,2025-Q1,Vaccines,VetSelect Core Vax,False,E-commerce,Region,South,462492.22,33035
2025-03,2025-Q1,Vaccines,VetSelect Core Vax,False,E-commerce,Region,Midwest,295206.06,21086
2025-03,2025-Q1,Vaccines,VetSelect Core Vax,False,E-commerce,Region,West,295357.53,21097
2025-03,2025-Q1,Vaccines,VetSelect Core Vax,False,E-commerce,National,National,1352023.02,96573
2025-04,2025-Q2,Vaccines,VetSelect Core Vax,False,Veterinary,Region,Northeast,1235325.96,88238
2025-04,2025-Q2,Vaccines,VetSelect Core Vax,False,Veterinary,Region,South,1813400.61,129529
2025-04,2025-Q2,Vaccines,VetSelect Core Vax,False,Veterinary,Region,Midwest,1109831.04,79274
2025-04,2025-Q2,Vaccines,VetSelect Core Vax,False,Veterinary,Region,West,1151708.3,82265
2025-04,2025-Q2,Vaccines,VetSelect Core Vax,False,Veterinary,National,National,5310265.92,379305
2025-04,2025-Q2,Vaccines,VetSelect Core Vax,False,Retail,Region,Northeast,390509.71,27894
2025-04,2025-Q2,Vaccines,VetSelect Core Vax,False,Retail,Region,South,642079.09,45863
2025-04,2025-Q2,Vaccines,VetSelect Core Vax,False,Retail,Region,Midwest,386845.46,27632
2025-04,2025-Q2,Vaccines,VetSelect Core Vax,False,Retail,Region,West,398032.79,28431
2025-04,2025-Q2,Vaccines,VetSelect Core Vax,False,Retail,National,National,1817467.04,129819
2025-04,2025-Q2,Vaccines,VetSelect Core Vax,False,E-commerce,Region,Northeast,274130.28,19581
2025-04,2025-Q2,Vaccines,VetSelect Core Vax,False,E-commerce,Region,South,449677.39,32120
2025-04,2025-Q2,Vaccines,VetSelect Core Vax,False,E-commerce,Region,Midwest,279596.14,19971
2025-04,2025-Q2,Vaccines,VetSelect Core Vax,False,E-commerce,Region,West,296806.22,21200
2025-04,2025-Q2,Vaccines,VetSelect Core Vax,False,E-commerce,National,National,1300210.02,92872
2025-05,2025-Q2,Vaccines,VetSelect Core Vax,False,Veterinary,Region,Northeast,1350485.23,96463
2025-05,2025-Q2,Vaccines,VetSelect Core Vax,False,Veterinary,Region,South,2134707.68,152479
2025-05,2025-Q2,Vaccines,VetSelect Core Vax,False,Veterinary,Region,Midwest,1300601.2,92900
2025-05,2025-Q2,Vaccines,VetSelect Core Vax,False,Veterinary,Region,West,1403838.29,100274
2025-05,2025-Q2,Vaccines,VetSelect Core Vax,False,Veterinary,National,National,6189632.41,442117
2025-05,2025-Q2,Vaccines,VetSelect Core Vax,False,Retail,Region,Northeast,440167.01,31441
2025-05,2025-Q2,Vaccines,VetSelect Core Vax,False,Retail,Region,South,674705.38,48193
2025-05,2025-Q2,Vaccines,VetSelect Core Vax,False,Retail,Region,Midwest,428010.65,30572
2025-05,2025-Q2,Vaccines,VetSelect Core Vax,False,Retail,Region,West,483152.44,34511
2025-05,2025-Q2,Vaccines,VetSelect Core Vax,False,Retail,National,National,2026035.49,144717
2025-05,2025-Q2,Vaccines,VetSelect Core Vax,False,E-commerce,Region,Northeast,328227.16,23445
2025-05,2025-Q2,Vaccines,VetSelect Core Vax,False,E-commerce,Region,South,512945.7,36639
2025-05,2025-Q2,Vaccines,VetSelect Core Vax,False,E-commerce,Region,Midwest,313109.62,22365
2025-05,2025-Q2,Vaccines,VetSelect Core Vax,False,E-commerce,Region,West,348053.55,24861
2025-05,2025-Q2,Vaccines,VetSelect Core Vax,False,E-commerce,National,National,1502336.03,107310
2025-06,2025-Q2,Vaccines,VetSelect Core Vax,False,Veterinary,Region,Northeast,1242610.25,88758
2025-06,2025-Q2,Vaccines,VetSelect Core Vax,False,Veterinary,Region,South,1903352.36,135954
2025-06,2025-Q2,Vaccines,VetSelect Core Vax,False,Veterinary,Region,Midwest,1092591.7,78042
2025-06,2025-Q2,Vaccines,VetSelect Core Vax,False,Veterinary,Region,West,1332767.39,95198
2025-06,2025-Q2,Vaccines,VetSelect Core Vax,False,Veterinary,National,National,5571321.7,397952
2025-06,2025-Q2,Vaccines,VetSelect Core Vax,False,Retail,Region,Northeast,425444.07,30389
2025-06,2025-Q2,Vaccines,VetSelect Core Vax,False,Retail,Region,South,654762.05,46769
2025-06,2025-Q2,Vaccines,VetSelect Core Vax,False,Retail,Region,Midwest,426573.43,30470
2025-06,2025-Q2,Vaccines,VetSelect Core Vax,False,Retail,Region,West,467892.8,33421
2025-06,2025-Q2,Vaccines,VetSelect Core Vax,False,Retail,National,National,1974672.35,141048
2025-06,2025-Q2,Vaccines,VetSelect Core Vax,False,E-commerce,Region,Northeast,328224.41,23445
2025-06,2025-Q2,Vaccines,VetSelect Core Vax,False,E-commerce,Region,South,511327.9,36523
2025-06,2025-Q2,Vaccines,VetSelect Core Vax,False,E-commerce,Region,Midwest,296964.11,21212
2025-06,2025-Q2,Vaccines,VetSelect Core Vax,False,E-commerce,Region,West,333971.59,23855
2025-06,2025-Q2,Vaccines,VetSelect Core Vax,False,E-commerce,National,National,1470488.02,105035
2025-07,2025-Q3,Vaccines,VetSelect Core Vax,False,Veterinary,Region,Northeast,1213122.55,86652
2025-07,2025-Q3,Vaccines,VetSelect Core Vax,False,Veterinary,Region,South,1828518.54,130608
2025-07,2025-Q3,Vaccines,VetSelect Core Vax,False,Veterinary,Region,Midwest,1092795.21,78057
2025-07,2025-Q3,Vaccines,VetSelect Core Vax,False,Veterinary,Region,West,1236130.66,88295
2025-07,2025-Q3,Vaccines,VetSelect Core Vax,False,Veterinary,National,National,5370566.96,383612
2025-07,2025-Q3,Vaccines,VetSelect Core Vax,False,Retail,Region,Northeast,409537.17,29253
2025-07,2025-Q3,Vaccines,VetSelect Core Vax,False,Retail,Region,South,623680.36,44549
2025-07,2025-Q3,Vaccines,VetSelect Core Vax,False,Retail,Region,Midwest,391990.84,27999
2025-07,2025-Q3,Vaccines,VetSelect Core Vax,False,Retail,Region,West,434197.03,31014
2025-07,2025-Q3,Vaccines,VetSelect Core Vax,False,Retail,National,National,1859405.41,132815
2025-07,2025-Q3,Vaccines,VetSelect Core Vax,False,E-commerce,Region,Northeast,307089.96,21935
2025-07,2025-Q3,Vaccines,VetSelect Core Vax,False,E-commerce,Region,South,458745.69,32768
2025-07,2025-Q3,Vaccines,VetSelect Core Vax,False,E-commerce,Region,Midwest,297518.29,21251
2025-07,2025-Q3,Vaccines,VetSelect Core Vax,False,E-commerce,Region,West,319869.41,22848
2025-07,2025-Q3,Vaccines,VetSelect Core Vax,False,E-commerce,National,National,1383223.35,98802
2025-08,2025-Q3,Vaccines,VetSelect Core Vax,False,Veterinary,Region,Northeast,1046785.29,74770
2025-08,2025-Q3,Vaccines,VetSelect Core Vax,False,Veterinary,Region,South,1643530.11,117395
2025-08,2025-Q3,Vaccines,VetSelect Core Vax,False,Veterinary,Region,Midwest,1023609.24,73115
2025-08,2025-Q3,Vaccines,VetSelect Core Vax,False,Veterinary,Region,West,1139058.75,81361
2025-08,2025-Q3,Vaccines,VetSelect Core Vax,False,Veterinary,National,National,4852983.39,346642
2025-08,2025-Q3,Vaccines,VetSelect Core Vax,False,Retail,Region,Northeast,374473.28,26748
2025-08,2025-Q3,Vaccines,VetSelect Core Vax,False,Retail,Region,South,590305.49,42165
2025-08,2025-Q3,Vaccines,VetSelect Core Vax,False,Retail,Region,Midwest,355715.34,25408
2025-08,2025-Q3,Vaccines,VetSelect Core Vax,False,Retail,Region,West,400456.12,28604
2025-08,2025-Q3,Vaccines,VetSelect Core Vax,False,Retail,National,National,1720950.22,122925
2025-08,2025-Q3,Vaccines,VetSelect Core Vax,False,E-commerce,Region,Northeast,299313.5,21380
2025-08,2025-Q3,Vaccines,VetSelect Core Vax,False,E-commerce,Region,South,464852.87,33204
2025-08,2025-Q3,Vaccines,VetSelect Core Vax,False,E-commerce,Region,Midwest,294465.75,21033
2025-08,2025-Q3,Vaccines,VetSelect Core Vax,False,E-commerce,Region,West,306556.59,21897
2025-08,2025-Q3,Vaccines,VetSelect Core Vax,False,E-commerce,National,National,1365188.71,97513
2025-09,2025-Q3,Vaccines,VetSelect Core Vax,False,Veterinary,Region,Northeast,992429.69,70888
2025-09,2025-Q3,Vaccines,VetSelect Core Vax,False,Veterinary,Region,South,1574677.78,112477
2025-09,2025-Q3,Vaccines,VetSelect Core Vax,False,Veterinary,Region,Midwest,950247.95,67875
2025-09,2025-Q3,Vaccines,VetSelect Core Vax,False,Veterinary,Region,West,1049894.59,74992
2025-09,2025-Q3,Vaccines,VetSelect Core Vax,False,Veterinary,National,National,4567250.01,326232
2025-09,2025-Q3,Vaccines,VetSelect Core Vax,False,Retail,Region,Northeast,332352.87,23739
2025-09,2025-Q3,Vaccines,VetSelect Core Vax,False,Retail,Region,South,528073.57,37720
2025-09,2025-Q3,Vaccines,VetSelect Core Vax,False,Retail,Region,Midwest,339941.16,24282
2025-09,2025-Q3,Vaccines,VetSelect Core Vax,False,Retail,Region,West,374944.31,26782
2025-09,2025-Q3,Vaccines,VetSelect Core Vax,False,Retail,National,National,1575311.91,112522
2025-09,2025-Q3,Vaccines,VetSelect Core Vax,False,E-commerce,Region,Northeast,276828.16,19773
2025-09,2025-Q3,Vaccines,VetSelect Core Vax,False,E-commerce,Region,South,442497.7,31607
2025-09,2025-Q3,Vaccines,VetSelect Core Vax,False,E-commerce,Region,Midwest,264564.76,18897
2025-09,2025-Q3,Vaccines,VetSelect Core Vax,False,E-commerce,Region,West,285840.41,20417
2025-09,2025-Q3,Vaccines,VetSelect Core Vax,False,E-commerce,National,National,1269731.03,90695
2025-10,2025-Q4,Vaccines,VetSelect Core Vax,False,Veterinary,Region,Northeast,984060.61,70290
2025-10,2025-Q4,Vaccines,VetSelect Core Vax,False,Veterinary,Region,South,1528951.08,109211
2025-10,2025-Q4,Vaccines,VetSelect Core Vax,False,Veterinary,Region,Midwest,953693.71,68121
2025-10,2025-Q4,Vaccines,VetSelect Core Vax,False,Veterinary,Region,West,1073562.7,76683
2025-10,2025-Q4,Vaccines,VetSelect Core Vax,False,Veterinary,National,National,4540268.1,324305
2025-10,2025-Q4,Vaccines,VetSelect Core Vax,False,Retail,Region,Northeast,354847.95,25346
2025-10,2025-Q4,Vaccines,VetSelect Core Vax,False,Retail,Region,South,527452.08,37675
2025-10,2025-Q4,Vaccines,VetSelect Core Vax,False,Retail,Region,Midwest,338628.98,24188
2025-10,2025-Q4,Vaccines,VetSelect Core Vax,False,Retail,Region,West,344830.2,24631
2025-10,2025-Q4,Vaccines,VetSelect Core Vax,False,Retail,National,National,1565759.22,111840
2025-10,2025-Q4,Vaccines,VetSelect Core Vax,False,E-commerce,Region,Northeast,287806.58,20558
2025-10,2025-Q4,Vaccines,VetSelect Core Vax,False,E-commerce,Region,South,457467.44,32676
2025-10,2025-Q4,Vaccines,VetSelect Core Vax,False,E-commerce,Region,Midwest,279477.69,19963
2025-10,2025-Q4,Vaccines,VetSelect Core Vax,False,E-commerce,Region,West,307436.25,21960
2025-10,2025-Q4,Vaccines,VetSelect Core Vax,False,E-commerce,National,National,1332187.95,95156
2025-11,2025-Q4,Vaccines,VetSelect Core Vax,False,Veterinary,Region,Northeast,970111.08,69294
2025-11,2025-Q4,Vaccines,VetSelect Core Vax,False,Veterinary,Region,South,1569896.64,112135
2025-11,2025-Q4,Vaccines,VetSelect Core Vax,False,Veterinary,Region,Midwest,944409.08,67458
2025-11,2025-Q4,Vaccines,VetSelect Core Vax,False,Veterinary,Region,West,1071943.14,76567
2025-11,2025-Q4,Vaccines,VetSelect Core Vax,False,Veterinary,National,National,4556359.94,325454
2025-11,2025-Q4,Vaccines,VetSelect Core Vax,False,Retail,Region,Northeast,351957.58,25140
2025-11,2025-Q4,Vaccines,VetSelect Core Vax,False,Retail,Region,South,554739.02,39624
2025-11,2025-Q4,Vaccines,VetSelect Core Vax,False,Retail,Region,Midwest,350312.95,25022
2025-11,2025-Q4,Vaccines,VetSelect Core Vax,False,Retail,Region,West,373601.83,26686
2025-11,2025-Q4,Vaccines,VetSelect Core Vax,False,Retail,National,National,1630611.38,116472
2025-11,2025-Q4,Vaccines,VetSelect Core Vax,False,E-commerce,Region,Northeast,298116.54,21294
2025-11,2025-Q4,Vaccines,VetSelect Core Vax,False,E-commerce,Region,South,458529.82,32752
2025-11,2025-Q4,Vaccines,VetSelect Core Vax,False,E-commerce,Region,Midwest,280405.83,20029
2025-11,2025-Q4,Vaccines,VetSelect Core Vax,False,E-commerce,Region,West,323409.37,23101
2025-11,2025-Q4,Vaccines,VetSelect Core Vax,False,E-commerce,National,National,1360461.57,97176
2025-12,2025-Q4,Vaccines,VetSelect Core Vax,False,Veterinary,Region,Northeast,988053.76,70575
2025-12,2025-Q4,Vaccines,VetSelect Core Vax,False,Veterinary,Region,South,1454768.05,103912
2025-12,2025-Q4,Vaccines,VetSelect Core Vax,False,Veterinary,Region,Midwest,932048.77,66575
2025-12,2025-Q4,Vaccines,VetSelect Core Vax,False,Veterinary,Region,West,1054140.36,75296
2025-12,2025-Q4,Vaccines,VetSelect Core Vax,False,Veterinary,National,National,4429010.95,316358
2025-12,2025-Q4,Vaccines,VetSelect Core Vax,False,Retail,Region,Northeast,342433.74,24460
2025-12,2025-Q4,Vaccines,VetSelect Core Vax,False,Retail,Region,South,512683.79,36620
2025-12,2025-Q4,Vaccines,VetSelect Core Vax,False,Retail,Region,Midwest,331938.71,23710
2025-12,2025-Q4,Vaccines,VetSelect Core Vax,False,Retail,Region,West,345912.47,24708
2025-12,2025-Q4,Vaccines,VetSelect Core Vax,False,Retail,National,National,1532968.71,109498
2025-12,2025-Q4,Vaccines,VetSelect Core Vax,False,E-commerce,Region,Northeast,312946.26,22353
2025-12,2025-Q4,Vaccines,VetSelect Core Vax,False,E-commerce,Region,South,473204.87,33800
2025-12,2025-Q4,Vaccines,VetSelect Core Vax,False,E-commerce,Region,Midwest,296368.0,21169
2025-12,2025-Q4,Vaccines,VetSelect Core Vax,False,E-commerce,Region,West,336611.52,24044
2025-12,2025-Q4,Vaccines,VetSelect Core Vax,False,E-commerce,National,National,1419130.65,101366
2026-01,2026-Q1,Vaccines,VetSelect Core Vax,False,Veterinary,Region,Northeast,931466.55,66533
2026-01,2026-Q1,Vaccines,VetSelect Core Vax,False,Veterinary,Region,South,1537378.56,109813
2026-01,2026-Q1,Vaccines,VetSelect Core Vax,False,Veterinary,Region,Midwest,963736.58,68838
2026-01,2026-Q1,Vaccines,VetSelect Core Vax,False,Veterinary,Region,West,996237.67,71160
2026-01,2026-Q1,Vaccines,VetSelect Core Vax,False,Veterinary,National,National,4428819.36,316344
2026-01,2026-Q1,Vaccines,VetSelect Core Vax,False,Retail,Region,Northeast,349241.13,24946
2026-01,2026-Q1,Vaccines,VetSelect Core Vax,False,Retail,Region,South,540084.4,38577
2026-01,2026-Q1,Vaccines,VetSelect Core Vax,False,Retail,Region,Midwest,337374.01,24098
2026-01,2026-Q1,Vaccines,VetSelect Core Vax,False,Retail,Region,West,362379.57,25884
2026-01,2026-Q1,Vaccines,VetSelect Core Vax,False,Retail,National,National,1589079.1,113506
2026-01,2026-Q1,Vaccines,VetSelect Core Vax,False,E-commerce,Region,Northeast,344557.35,24611
2026-01,2026-Q1,Vaccines,VetSelect Core Vax,False,E-commerce,Region,South,489214.97,34944
2026-01,2026-Q1,Vaccines,VetSelect Core Vax,False,E-commerce,Region,Midwest,306264.35,21876
2026-01,2026-Q1,Vaccines,VetSelect Core Vax,False,E-commerce,Region,West,328714.94,23480
2026-01,2026-Q1,Vaccines,VetSelect Core Vax,False,E-commerce,National,National,1468751.61,104911
2026-02,2026-Q1,Vaccines,VetSelect Core Vax,False,Veterinary,Region,Northeast,1060471.73,75748
2026-02,2026-Q1,Vaccines,VetSelect Core Vax,False,Veterinary,Region,South,1424679.11,101763
2026-02,2026-Q1,Vaccines,VetSelect Core Vax,False,Veterinary,Region,Midwest,1011566.14,72255
2026-02,2026-Q1,Vaccines,VetSelect Core Vax,False,Veterinary,Region,West,1022370.14,73026
2026-02,2026-Q1,Vaccines,VetSelect Core Vax,False,Veterinary,National,National,4519087.12,322792
2026-02,2026-Q1,Vaccines,VetSelect Core Vax,False,Retail,Region,Northeast,347058.85,24790
2026-02,2026-Q1,Vaccines,VetSelect Core Vax,False,Retail,Region,South,557332.52,39809
2026-02,2026-Q1,Vaccines,VetSelect Core Vax,False,Retail,Region,Midwest,368114.6,26294
2026-02,2026-Q1,Vaccines,VetSelect Core Vax,False,Retail,Region,West,381881.55,27277
2026-02,2026-Q1,Vaccines,VetSelect Core Vax,False,Retail,National,National,1654387.51,118171
2026-02,2026-Q1,Vaccines,VetSelect Core Vax,False,E-commerce,Region,Northeast,333772.86,23841
2026-02,2026-Q1,Vaccines,VetSelect Core Vax,False,E-commerce,Region,South,506858.42,36204
2026-02,2026-Q1,Vaccines,VetSelect Core Vax,False,E-commerce,Region,Midwest,326695.51,23335
2026-02,2026-Q1,Vaccines,VetSelect Core Vax,False,E-commerce,Region,West,347061.49,24790
2026-02,2026-Q1,Vaccines,VetSelect Core Vax,False,E-commerce,National,National,1514388.27,108171
2026-03,2026-Q1,Vaccines,VetSelect Core Vax,False,Veterinary,Region,Northeast,1084101.16,77436
2026-03,2026-Q1,Vaccines,VetSelect Core Vax,False,Veterinary,Region,South,1808519.67,129180
2026-03,2026-Q1,Vaccines,VetSelect Core Vax,False,Veterinary,Region,Midwest,1110084.55,79292
2026-03,2026-Q1,Vaccines,VetSelect Core Vax,False,Veterinary,Region,West,1155173.74,82512
2026-03,2026-Q1,Vaccines,VetSelect Core Vax,False,Veterinary,National,National,5157879.13,368420
2026-03,2026-Q1,Vaccines,VetSelect Core Vax,False,Retail,Region,Northeast,397316.39,28380
2026-03,2026-Q1,Vaccines,VetSelect Core Vax,False,Retail,Region,South,630863.13,45062
2026-03,2026-Q1,Vaccines,VetSelect Core Vax,False,Retail,Region,Midwest,385668.85,27548
2026-03,2026-Q1,Vaccines,VetSelect Core Vax,False,Retail,Region,West,432385.2,30885
2026-03,2026-Q1,Vaccines,VetSelect Core Vax,False,Retail,National,National,1846233.56,131874
2026-03,2026-Q1,Vaccines,VetSelect Core Vax,False,E-commerce,Region,Northeast,373686.69,26692
2026-03,2026-Q1,Vaccines,VetSelect Core Vax,False,E-commerce,Region,South,587475.45,41963
2026-03,2026-Q1,Vaccines,VetSelect Core Vax,False,E-commerce,Region,Midwest,396383.45,28313
2026-03,2026-Q1,Vaccines,VetSelect Core Vax,False,E-commerce,Region,West,397926.55,28423
2026-03,2026-Q1,Vaccines,VetSelect Core Vax,False,E-commerce,National,National,1755472.15,125391
2024-04,2024-Q2,Dermatology,Apoquel,True,Veterinary,Region,Northeast,4527184.46,69649
2024-04,2024-Q2,Dermatology,Apoquel,True,Veterinary,Region,South,6975157.9,107310
2024-04,2024-Q2,Dermatology,Apoquel,True,Veterinary,Region,Midwest,4501783.06,69258
2024-04,2024-Q2,Dermatology,Apoquel,True,Veterinary,Region,West,4676566.7,71947
2024-04,2024-Q2,Dermatology,Apoquel,True,Veterinary,National,National,20680692.12,318164
2024-04,2024-Q2,Dermatology,Apoquel,True,Retail,Region,Northeast,735384.89,11314
2024-04,2024-Q2,Dermatology,Apoquel,True,Retail,Region,South,1079646.53,16610
2024-04,2024-Q2,Dermatology,Apoquel,True,Retail,Region,Midwest,700277.73,10774
2024-04,2024-Q2,Dermatology,Apoquel,True,Retail,Region,West,744772.08,11458
2024-04,2024-Q2,Dermatology,Apoquel,True,Retail,National,National,3260081.22,50155
2024-04,2024-Q2,Dermatology,Apoquel,True,E-commerce,Region,Northeast,961318.59,14790
2024-04,2024-Q2,Dermatology,Apoquel,True,E-commerce,Region,South,1489533.82,22916
2024-04,2024-Q2,Dermatology,Apoquel,True,E-commerce,Region,Midwest,937686.02,14426
2024-04,2024-Q2,Dermatology,Apoquel,True,E-commerce,Region,West,974138.72,14987
2024-04,2024-Q2,Dermatology,Apoquel,True,E-commerce,National,National,4362677.15,67118
2024-05,2024-Q2,Dermatology,Apoquel,True,Veterinary,Region,Northeast,5221649.2,80333
2024-05,2024-Q2,Dermatology,Apoquel,True,Veterinary,Region,South,7720583.25,118778
2024-05,2024-Q2,Dermatology,Apoquel,True,Veterinary,Region,Midwest,4646368.17,71483
2024-05,2024-Q2,Dermatology,Apoquel,True,Veterinary,Region,West,5243675.18,80672
2024-05,2024-Q2,Dermatology,Apoquel,True,Veterinary,National,National,22832275.8,351266
2024-05,2024-Q2,Dermatology,Apoquel,True,Retail,Region,Northeast,770162.3,11849
2024-05,2024-Q2,Dermatology,Apoquel,True,Retail,Region,South,1111864.65,17106
2024-05,2024-Q2,Dermatology,Apoquel,True,Retail,Region,Midwest,740048.13,11385
2024-05,2024-Q2,Dermatology,Apoquel,True,Retail,Region,West,803675.71,12364
2024-05,2024-Q2,Dermatology,Apoquel,True,Retail,National,National,3425750.79,52704
2024-05,2024-Q2,Dermatology,Apoquel,True,E-commerce,Region,Northeast,1088519.74,16746
2024-05,2024-Q2,Dermatology,Apoquel,True,E-commerce,Region,South,1626126.94,25017
2024-05,2024-Q2,Dermatology,Apoquel,True,E-commerce,Region,Midwest,1021470.91,15715
2024-05,2024-Q2,Dermatology,Apoquel,True,E-commerce,Region,West,1164789.95,17920
2024-05,2024-Q2,Dermatology,Apoquel,True,E-commerce,National,National,4900907.54,75399
2024-06,2024-Q2,Dermatology,Apoquel,True,Veterinary,Region,Northeast,5252622.47,80810
2024-06,2024-Q2,Dermatology,Apoquel,True,Veterinary,Region,South,8313577.58,127901
2024-06,2024-Q2,Dermatology,Apoquel,True,Veterinary,Region,Midwest,5019169.13,77218
2024-06,2024-Q2,Dermatology,Apoquel,True,Veterinary,Region,West,5741181.43,88326
2024-06,2024-Q2,Dermatology,Apoquel,True,Veterinary,National,National,24326550.61,374255
2024-06,2024-Q2,Dermatology,Apoquel,True,Retail,Region,Northeast,825979.17,12707
2024-06,2024-Q2,Dermatology,Apoquel,True,Retail,Region,South,1297219.86,19957
2024-06,2024-Q2,Dermatology,Apoquel,True,Retail,Region,Midwest,775841.58,11936
2024-06,2024-Q2,Dermatology,Apoquel,True,Retail,Region,West,835572.95,12855
2024-06,2024-Q2,Dermatology,Apoquel,True,Retail,National,National,3734613.57,57456
2024-06,2024-Q2,Dermatology,Apoquel,True,E-commerce,Region,Northeast,1225964.75,18861
2024-06,2024-Q2,Dermatology,Apoquel,True,E-commerce,Region,South,1869228.03,28757
2024-06,2024-Q2,Dermatology,Apoquel,True,E-commerce,Region,Midwest,1167425.57,17960
2024-06,2024-Q2,Dermatology,Apoquel,True,E-commerce,Region,West,1282344.33,19728
2024-06,2024-Q2,Dermatology,Apoquel,True,E-commerce,National,National,5544962.68,85307
2024-07,2024-Q3,Dermatology,Apoquel,True,Veterinary,Region,Northeast,5322946.13,81891
2024-07,2024-Q3,Dermatology,Apoquel,True,Veterinary,Region,South,7703669.47,118518
2024-07,2024-Q3,Dermatology,Apoquel,True,Veterinary,Region,Midwest,5141683.09,79103
2024-07,2024-Q3,Dermatology,Apoquel,True,Veterinary,Region,West,5364378.57,82529
2024-07,2024-Q3,Dermatology,Apoquel,True,Veterinary,National,National,23532677.26,362041
2024-07,2024-Q3,Dermatology,Apoquel,True,Retail,Region,Northeast,835201.06,12849
2024-07,2024-Q3,Dermatology,Apoquel,True,Retail,Region,South,1300642.42,20010
2024-07,2024-Q3,Dermatology,Apoquel,True,Retail,Region,Midwest,773491.18,11900
2024-07,2024-Q3,Dermatology,Apoquel,True,Retail,Region,West,860497.55,13238
2024-07,2024-Q3,Dermatology,Apoquel,True,Retail,National,National,3769832.21,57997
2024-07,2024-Q3,Dermatology,Apoquel,True,E-commerce,Region,Northeast,1276656.69,19641
2024-07,2024-Q3,Dermatology,Apoquel,True,E-commerce,Region,South,1808792.46,27828
2024-07,2024-Q3,Dermatology,Apoquel,True,E-commerce,Region,Midwest,1198219.23,18434
2024-07,2024-Q3,Dermatology,Apoquel,True,E-commerce,Region,West,1292047.69,19878
2024-07,2024-Q3,Dermatology,Apoquel,True,E-commerce,National,National,5575716.08,85780
2024-08,2024-Q3,Dermatology,Apoquel,True,Veterinary,Region,Northeast,5199095.27,79986
2024-08,2024-Q3,Dermatology,Apoquel,True,Veterinary,Region,South,8454810.7,130074
2024-08,2024-Q3,Dermatology,Apoquel,True,Veterinary,Region,Midwest,5394502.99,82992
2024-08,2024-Q3,Dermatology,Apoquel,True,Veterinary,Region,West,5952008.67,91569
2024-08,2024-Q3,Dermatology,Apoquel,True,Veterinary,National,National,25000417.63,384622
2024-08,2024-Q3,Dermatology,Apoquel,True,Retail,Region,Northeast,825834.92,12705
2024-08,2024-Q3,Dermatology,Apoquel,True,Retail,Region,South,1295483.95,19931
2024-08,2024-Q3,Dermatology,Apoquel,True,Retail,Region,Midwest,851494.84,13100
2024-08,2024-Q3,Dermatology,Apoquel,True,Retail,Region,West,846124.57,13017
2024-08,2024-Q3,Dermatology,Apoquel,True,Retail,National,National,3818938.28,58753
2024-08,2024-Q3,Dermatology,Apoquel,True,E-commerce,Region,Northeast,1304946.05,20076
2024-08,2024-Q3,Dermatology,Apoquel,True,E-commerce,Region,South,2030255.78,31235
2024-08,2024-Q3,Dermatology,Apoquel,True,E-commerce,Region,Midwest,1253888.13,19291
2024-08,2024-Q3,Dermatology,Apoquel,True,E-commerce,Region,West,1327847.48,20428
2024-08,2024-Q3,Dermatology,Apoquel,True,E-commerce,National,National,5916937.44,91030
2024-09,2024-Q3,Dermatology,Apoquel,True,Veterinary,Region,Northeast,5312981.82,81738
2024-09,2024-Q3,Dermatology,Apoquel,True,Veterinary,Region,South,8433535.54,129747
2024-09,2024-Q3,Dermatology,Apoquel,True,Veterinary,Region,Midwest,4822293.9,74189
2024-09,2024-Q3,Dermatology,Apoquel,True,Veterinary,Region,West,5332082.2,82032
2024-09,2024-Q3,Dermatology,Apoquel,True,Veterinary,National,National,23900893.45,367706
2024-09,2024-Q3,Dermatology,Apoquel,True,Retail,Region,Northeast,821978.62,12646
2024-09,2024-Q3,Dermatology,Apoquel,True,Retail,Region,South,1296849.14,19952
2024-09,2024-Q3,Dermatology,Apoquel,True,Retail,Region,Midwest,759398.63,11683
2024-09,2024-Q3,Dermatology,Apoquel,True,Retail,Region,West,793833.04,12213
2024-09,2024-Q3,Dermatology,Apoquel,True,Retail,National,National,3672059.44,56493
2024-09,2024-Q3,Dermatology,Apoquel,True,E-commerce,Region,Northeast,1262849.18,19428
2024-09,2024-Q3,Dermatology,Apoquel,True,E-commerce,Region,South,2021262.97,31096
2024-09,2024-Q3,Dermatology,Apoquel,True,E-commerce,Region,Midwest,1237994.61,19046
2024-09,2024-Q3,Dermatology,Apoquel,True,E-commerce,Region,West,1373234.36,21127
2024-09,2024-Q3,Dermatology,Apoquel,True,E-commerce,National,National,5895341.12,90698
2024-10,2024-Q4,Dermatology,Apoquel,True,Veterinary,Region,Northeast,4788470.53,73669
2024-10,2024-Q4,Dermatology,Apoquel,True,Veterinary,Region,South,7293948.72,112215
2024-10,2024-Q4,Dermatology,Apoquel,True,Veterinary,Region,Midwest,4463649.84,68672
2024-10,2024-Q4,Dermatology,Apoquel,True,Veterinary,Region,West,5053072.87,77740
2024-10,2024-Q4,Dermatology,Apoquel,True,Veterinary,National,National,21599141.95,332294
2024-10,2024-Q4,Dermatology,Apoquel,True,Retail,Region,Northeast,764991.05,11769
2024-10,2024-Q4,Dermatology,Apoquel,True,Retail,Region,South,1206628.71,18564
2024-10,2024-Q4,Dermatology,Apoquel,True,Retail,Region,Midwest,713206.84,10972
2024-10,2024-Q4,Dermatology,Apoquel,True,Retail,Region,West,776381.05,11944
2024-10,2024-Q4,Dermatology,Apoquel,True,Retail,National,National,3461207.64,53249
2024-10,2024-Q4,Dermatology,Apoquel,True,E-commerce,Region,Northeast,1219541.79,18762
2024-10,2024-Q4,Dermatology,Apoquel,True,E-commerce,Region,South,1961910.58,30183
2024-10,2024-Q4,Dermatology,Apoquel,True,E-commerce,Region,Midwest,1142049.18,17570
2024-10,2024-Q4,Dermatology,Apoquel,True,E-commerce,Region,West,1276049.12,19632
2024-10,2024-Q4,Dermatology,Apoquel,True,E-commerce,National,National,5599550.67,86147
2024-11,2024-Q4,Dermatology,Apoquel,True,Veterinary,Region,Northeast,4253209.64,65434
2024-11,2024-Q4,Dermatology,Apoquel,True,Veterinary,Region,South,6935363.43,106698
2024-11,2024-Q4,Dermatology,Apoquel,True,Veterinary,Region,Midwest,3954465.1,60838
2024-11,2024-Q4,Dermatology,Apoquel,True,Veterinary,Region,West,4777954.37,73507
2024-11,2024-Q4,Dermatology,Apoquel,True,Veterinary,National,National,19920992.53,306477
2024-11,2024-Q4,Dermatology,Apoquel,True,Retail,Region,Northeast,635307.76,9774
2024-11,2024-Q4,Dermatology,Apoquel,True,Retail,Region,South,976876.14,15029
2024-11,2024-Q4,Dermatology,Apoquel,True,Retail,Region,Midwest,606326.84,9328
2024-11,2024-Q4,Dermatology,Apoquel,True,Retail,Region,West,690690.02,10626
2024-11,2024-Q4,Dermatology,Apoquel,True,Retail,National,National,2909200.77,44757
2024-11,2024-Q4,Dermatology,Apoquel,True,E-commerce,Region,Northeast,1102896.72,16968
2024-11,2024-Q4,Dermatology,Apoquel,True,E-commerce,Region,South,1762554.18,27116
2024-11,2024-Q4,Dermatology,Apoquel,True,E-commerce,Region,Midwest,1027185.21,15803
2024-11,2024-Q4,Dermatology,Apoquel,True,E-commerce,Region,West,1095613.24,16856
2024-11,2024-Q4,Dermatology,Apoquel,True,E-commerce,National,National,4988249.35,76742
2024-12,2024-Q4,Dermatology,Apoquel,True,Veterinary,Region,Northeast,3969648.82,61072
2024-12,2024-Q4,Dermatology,Apoquel,True,Veterinary,Region,South,5815595.85,89471
2024-12,2024-Q4,Dermatology,Apoquel,True,Veterinary,Region,Midwest,3745664.18,57626
2024-12,2024-Q4,Dermatology,Apoquel,True,Veterinary,Region,West,4181671.03,64333
2024-12,2024-Q4,Dermatology,Apoquel,True,Veterinary,National,National,17712579.89,272501
2024-12,2024-Q4,Dermatology,Apoquel,True,Retail,Region,Northeast,581844.31,8951
2024-12,2024-Q4,Dermatology,Apoquel,True,Retail,Region,South,898735.04,13827
2024-12,2024-Q4,Dermatology,Apoquel,True,Retail,Region,Midwest,550470.38,8469
2024-12,2024-Q4,Dermatology,Apoquel,True,Retail,Region,West,620694.58,9549
2024-12,2024-Q4,Dermatology,Apoquel,True,Retail,National,National,2651744.32,40796
2024-12,2024-Q4,Dermatology,Apoquel,True,E-commerce,Region,Northeast,1061717.04,16334
2024-12,2024-Q4,Dermatology,Apoquel,True,E-commerce,Region,South,1752098.17,26955
2024-12,2024-Q4,Dermatology,Apoquel,True,E-commerce,Region,Midwest,1034718.87,15919
2024-12,2024-Q4,Dermatology,Apoquel,True,E-commerce,Region,West,1053540.22,16208
2024-12,2024-Q4,Dermatology,Apoquel,True,E-commerce,National,National,4902074.31,75417
2025-01,2025-Q1,Dermatology,Apoquel,True,Veterinary,Region,Northeast,3732675.22,57426
2025-01,2025-Q1,Dermatology,Apoquel,True,Veterinary,Region,South,6060780.04,93243
2025-01,2025-Q1,Dermatology,Apoquel,True,Veterinary,Region,Midwest,3645309.84,56082
2025-01,2025-Q1,Dermatology,Apoquel,True,Veterinary,Region,West,3853356.86,59282
2025-01,2025-Q1,Dermatology,Apoquel,True,Veterinary,National,National,17292121.95,266033
2025-01,2025-Q1,Dermatology,Apoquel,True,Retail,Region,Northeast,581305.04,8943
2025-01,2025-Q1,Dermatology,Apoquel,True,Retail,Region,South,908211.08,13972
2025-01,2025-Q1,Dermatology,Apoquel,True,Retail,Region,Midwest,562317.69,8651
2025-01,2025-Q1,Dermatology,Apoquel,True,Retail,Region,West,571123.49,8787
2025-01,2025-Q1,Dermatology,Apoquel,True,Retail,National,National,2622957.3,40353
2025-01,2025-Q1,Dermatology,Apoquel,True,E-commerce,Region,Northeast,1035649.15,15933
2025-01,2025-Q1,Dermatology,Apoquel,True,E-commerce,Region,South,1519096.67,23371
2025-01,2025-Q1,Dermatology,Apoquel,True,E-commerce,Region,Midwest,952191.19,14649
2025-01,2025-Q1,Dermatology,Apoquel,True,E-commerce,Region,West,1027706.69,15811
2025-01,2025-Q1,Dermatology,Apoquel,True,E-commerce,National,National,4534643.71,69764
2025-02,2025-Q1,Dermatology,Apoquel,True,Veterinary,Region,Northeast,3797045.25,58416
2025-02,2025-Q1,Dermatology,Apoquel,True,Veterinary,Region,South,6274907.3,96537
2025-02,2025-Q1,Dermatology,Apoquel,True,Veterinary,Region,Midwest,3786223.97,58250
2025-02,2025-Q1,Dermatology,Apoquel,True,Veterinary,Region,West,4040767.71,62166
2025-02,2025-Q1,Dermatology,Apoquel,True,Veterinary,National,National,17898944.23,275368
2025-02,2025-Q1,Dermatology,Apoquel,True,Retail,Region,Northeast,603495.82,9285
2025-02,2025-Q1,Dermatology,Apoquel,True,Retail,Region,South,961503.53,14792
2025-02,2025-Q1,Dermatology,Apoquel,True,Retail,Region,Midwest,573678.55,8826
2025-02,2025-Q1,Dermatology,Apoquel,True,Retail,Region,West,610982.21,9400
2025-02,2025-Q1,Dermatology,Apoquel,True,Retail,National,National,2749660.11,42302
2025-02,2025-Q1,Dermatology,Apoquel,True,E-commerce,Region,Northeast,1101141.11,16941
2025-02,2025-Q1,Dermatology,Apoquel,True,E-commerce,Region,South,1711018.32,26323
2025-02,2025-Q1,Dermatology,Apoquel,True,E-commerce,Region,Midwest,1037805.55,15966
2025-02,2025-Q1,Dermatology,Apoquel,True,E-commerce,Region,West,1101456.66,16945
2025-02,2025-Q1,Dermatology,Apoquel,True,E-commerce,National,National,4951421.64,76176
2025-03,2025-Q1,Dermatology,Apoquel,True,Veterinary,Region,Northeast,4439469.02,68300
2025-03,2025-Q1,Dermatology,Apoquel,True,Veterinary,Region,South,6450250.94,99235
2025-03,2025-Q1,Dermatology,Apoquel,True,Veterinary,Region,Midwest,3848782.09,59212
2025-03,2025-Q1,Dermatology,Apoquel,True,Veterinary,Region,West,4462530.85,68654
2025-03,2025-Q1,Dermatology,Apoquel,True,Veterinary,National,National,19201032.89,295401
2025-03,2025-Q1,Dermatology,Apoquel,True,Retail,Region,Northeast,659337.62,10144
2025-03,2025-Q1,Dermatology,Apoquel,True,Retail,Region,South,935376.7,14390
2025-03,2025-Q1,Dermatology,Apoquel,True,Retail,Region,Midwest,612685.6,9426
2025-03,2025-Q1,Dermatology,Apoquel,True,Retail,Region,West,675468.54,10392
2025-03,2025-Q1,Dermatology,Apoquel,True,Retail,National,National,2882868.47,44352
2025-03,2025-Q1,Dermatology,Apoquel,True,E-commerce,Region,Northeast,1247529.77,19193
2025-03,2025-Q1,Dermatology,Apoquel,True,E-commerce,Region,South,1929152.62,29679
2025-03,2025-Q1,Dermatology,Apoquel,True,E-commerce,Region,Midwest,1193330.03,18359
2025-03,2025-Q1,Dermatology,Apoquel,True,E-commerce,Region,West,1222570.37,18809
2025-03,2025-Q1,Dermatology,Apoquel,True,E-commerce,National,National,5592582.8,86040
2025-04,2025-Q2,Dermatology,Apoquel,True,Veterinary,Region,Northeast,5010005.51,77077
2025-04,2025-Q2,Dermatology,Apoquel,True,Veterinary,Region,South,7386019.3,113631
2025-04,2025-Q2,Dermatology,Apoquel,True,Veterinary,Region,Midwest,4643663.67,71441
2025-04,2025-Q2,Dermatology,Apoquel,True,Veterinary,Region,West,4876800.08,75028
2025-04,2025-Q2,Dermatology,Apoquel,True,Veterinary,National,National,21916488.56,337177
2025-04,2025-Q2,Dermatology,Apoquel,True,Retail,Region,Northeast,741531.43,11408
2025-04,2025-Q2,Dermatology,Apoquel,True,Retail,Region,South,1082431.54,16653
2025-04,2025-Q2,Dermatology,Apoquel,True,Retail,Region,Midwest,714906.59,10999
2025-04,2025-Q2,Dermatology,Apoquel,True,Retail,Region,West,737569.87,11347
2025-04,2025-Q2,Dermatology,Apoquel,True,Retail,National,National,3276439.43,50407
2025-04,2025-Q2,Dermatology,Apoquel,True,E-commerce,Region,Northeast,1442667.98,22195
2025-04,2025-Q2,Dermatology,Apoquel,True,E-commerce,Region,South,2150179.33,33080
2025-04,2025-Q2,Dermatology,Apoquel,True,E-commerce,Region,Midwest,1425679.05,21934
2025-04,2025-Q2,Dermatology,Apoquel,True,E-commerce,Region,West,1390732.3,21396
2025-04,2025-Q2,Dermatology,Apoquel,True,E-commerce,National,National,6409258.65,98604
2025-05,2025-Q2,Dermatology,Apoquel,True,Veterinary,Region,Northeast,4907029.23,75493
2025-05,2025-Q2,Dermatology,Apoquel,True,Veterinary,Region,South,7795824.83,119936
2025-05,2025-Q2,Dermatology,Apoquel,True,Veterinary,Region,Midwest,5279177.45,81218
2025-05,2025-Q2,Dermatology,Apoquel,True,Veterinary,Region,West,5620445.06,86468
2025-05,2025-Q2,Dermatology,Apoquel,True,Veterinary,National,National,23602476.57,363115
2025-05,2025-Q2,Dermatology,Apoquel,True,Retail,Region,Northeast,725539.22,11162
2025-05,2025-Q2,Dermatology,Apoquel,True,Retail,Region,South,1193045.01,18355
2025-05,2025-Q2,Dermatology,Apoquel,True,Retail,Region,Midwest,723312.94,11128
2025-05,2025-Q2,Dermatology,Apoquel,True,Retail,Region,West,821004.19,12631
2025-05,2025-Q2,Dermatology,Apoquel,True,Retail,National,National,3462901.36,53275
2025-05,2025-Q2,Dermatology,Apoquel,True,E-commerce,Region,Northeast,1662405.23,25575
2025-05,2025-Q2,Dermatology,Apoquel,True,E-commerce,Region,South,2481800.45,38182
2025-05,2025-Q2,Dermatology,Apoquel,True,E-commerce,Region,Midwest,1522988.62,23431
2025-05,2025-Q2,Dermatology,Apoquel,True,E-commerce,Region,West,1671660.33,25718
2025-05,2025-Q2,Dermatology,Apoquel,True,E-commerce,National,National,7338854.62,112905
2025-06,2025-Q2,Dermatology,Apoquel,True,Veterinary,Region,Northeast,5517790.54,84889
2025-06,2025-Q2,Dermatology,Apoquel,True,Veterinary,Region,South,8582606.73,132040
2025-06,2025-Q2,Dermatology,Apoquel,True,Veterinary,Region,Midwest,5063713.43,77903
2025-06,2025-Q2,Dermatology,Apoquel,True,Veterinary,Region,West,5540865.46,85244
2025-06,2025-Q2,Dermatology,Apoquel,True,Veterinary,National,National,24704976.16,380077
2025-06,2025-Q2,Dermatology,Apoquel,True,Retail,Region,Northeast,827441.29,12730
2025-06,2025-Q2,Dermatology,Apoquel,True,Retail,Region,South,1233154.06,18972
2025-06,2025-Q2,Dermatology,Apoquel,True,Retail,Region,Midwest,731080.12,11247
2025-06,2025-Q2,Dermatology,Apoquel,True,Retail,Region,West,818444.72,12591
2025-06,2025-Q2,Dermatology,Apoquel,True,Retail,National,National,3610120.19,55540
2025-06,2025-Q2,Dermatology,Apoquel,True,E-commerce,Region,Northeast,1641840.15,25259
2025-06,2025-Q2,Dermatology,Apoquel,True,E-commerce,Region,South,2567721.82,39503
2025-06,2025-Q2,Dermatology,Apoquel,True,E-commerce,Region,Midwest,1585554.93,24393
2025-06,2025-Q2,Dermatology,Apoquel,True,E-commerce,Region,West,1727341.7,26574
2025-06,2025-Q2,Dermatology,Apoquel,True,E-commerce,National,National,7522458.6,115730
2025-07,2025-Q3,Dermatology,Apoquel,True,Veterinary,Region,Northeast,5991430.09,92176
2025-07,2025-Q3,Dermatology,Apoquel,True,Veterinary,Region,South,9435836.52,145167
2025-07,2025-Q3,Dermatology,Apoquel,True,Veterinary,Region,Midwest,5296100.85,81478
2025-07,2025-Q3,Dermatology,Apoquel,True,Veterinary,Region,West,6131557.19,94332
2025-07,2025-Q3,Dermatology,Apoquel,True,Veterinary,National,National,26854924.65,413153
2025-07,2025-Q3,Dermatology,Apoquel,True,Retail,Region,Northeast,883058.37,13586
2025-07,2025-Q3,Dermatology,Apoquel,True,Retail,Region,South,1346955.09,20722
2025-07,2025-Q3,Dermatology,Apoquel,True,Retail,Region,Midwest,797629.2,12271
2025-07,2025-Q3,Dermatology,Apoquel,True,Retail,Region,West,871544.17,13408
2025-07,2025-Q3,Dermatology,Apoquel,True,Retail,National,National,3899186.83,59987
2025-07,2025-Q3,Dermatology,Apoquel,True,E-commerce,Region,Northeast,1895460.67,29161
2025-07,2025-Q3,Dermatology,Apoquel,True,E-commerce,Region,South,2829190.18,43526
2025-07,2025-Q3,Dermatology,Apoquel,True,E-commerce,Region,Midwest,1792857.3,27582
2025-07,2025-Q3,Dermatology,Apoquel,True,E-commerce,Region,West,1935193.8,29772
2025-07,2025-Q3,Dermatology,Apoquel,True,E-commerce,National,National,8452701.95,130042
2025-08,2025-Q3,Dermatology,Apoquel,True,Veterinary,Region,Northeast,5563179.21,85587
2025-08,2025-Q3,Dermatology,Apoquel,True,Veterinary,Region,South,8353469.27,128515
2025-08,2025-Q3,Dermatology,Apoquel,True,Veterinary,Region,Midwest,5561221.15,85557
2025-08,2025-Q3,Dermatology,Apoquel,True,Veterinary,Region,West,5890408.02,90622
2025-08,2025-Q3,Dermatology,Apoquel,True,Veterinary,National,National,25368277.65,390281
2025-08,2025-Q3,Dermatology,Apoquel,True,Retail,Region,Northeast,838150.17,12895
2025-08,2025-Q3,Dermatology,Apoquel,True,Retail,Region,South,1223400.07,18822
2025-08,2025-Q3,Dermatology,Apoquel,True,Retail,Region,Midwest,755368.27,11621
2025-08,2025-Q3,Dermatology,Apoquel,True,Retail,Region,West,832890.93,12814
2025-08,2025-Q3,Dermatology,Apoquel,True,Retail,National,National,3649809.44,56151
2025-08,2025-Q3,Dermatology,Apoquel,True,E-commerce,Region,Northeast,1740750.85,26781
2025-08,2025-Q3,Dermatology,Apoquel,True,E-commerce,Region,South,2817817.58,43351
2025-08,2025-Q3,Dermatology,Apoquel,True,E-commerce,Region,Midwest,1742174.66,26803
2025-08,2025-Q3,Dermatology,Apoquel,True,E-commerce,Region,West,1839405.13,28299
2025-08,2025-Q3,Dermatology,Apoquel,True,E-commerce,National,National,8140148.23,125233
2025-09,2025-Q3,Dermatology,Apoquel,True,Veterinary,Region,Northeast,5279709.78,81226
2025-09,2025-Q3,Dermatology,Apoquel,True,Veterinary,Region,South,7886228.58,121327
2025-09,2025-Q3,Dermatology,Apoquel,True,Veterinary,Region,Midwest,4922224.33,75727
2025-09,2025-Q3,Dermatology,Apoquel,True,Veterinary,Region,West,5713547.08,87901
2025-09,2025-Q3,Dermatology,Apoquel,True,Veterinary,National,National,23801709.76,366180
2025-09,2025-Q3,Dermatology,Apoquel,True,Retail,Region,Northeast,736462.3,11330
2025-09,2025-Q3,Dermatology,Apoquel,True,Retail,Region,South,1146193.71,17634
2025-09,2025-Q3,Dermatology,Apoquel,True,Retail,Region,Midwest,773126.44,11894
2025-09,2025-Q3,Dermatology,Apoquel,True,Retail,Region,West,737336.98,11344
2025-09,2025-Q3,Dermatology,Apoquel,True,Retail,National,National,3393119.43,52202
2025-09,2025-Q3,Dermatology,Apoquel,True,E-commerce,Region,Northeast,1659601.18,25532
2025-09,2025-Q3,Dermatology,Apoquel,True,E-commerce,Region,South,2802715.84,43119
2025-09,2025-Q3,Dermatology,Apoquel,True,E-commerce,Region,Midwest,1622344.94,24959
2025-09,2025-Q3,Dermatology,Apoquel,True,E-commerce,Region,West,1825931.93,28091
2025-09,2025-Q3,Dermatology,Apoquel,True,E-commerce,National,National,7910593.89,121701
2025-10,2025-Q4,Dermatology,Apoquel,True,Veterinary,Region,Northeast,4930595.06,75855
2025-10,2025-Q4,Dermatology,Apoquel,True,Veterinary,Region,South,7649337.7,117682
2025-10,2025-Q4,Dermatology,Apoquel,True,Veterinary,Region,Midwest,4869220.12,74911
2025-10,2025-Q4,Dermatology,Apoquel,True,Veterinary,Region,West,5256051.13,80862
2025-10,2025-Q4,Dermatology,Apoquel,True,Veterinary,National,National,22705204.01,349311
2025-10,2025-Q4,Dermatology,Apoquel,True,Retail,Region,Northeast,711589.14,10948
2025-10,2025-Q4,Dermatology,Apoquel,True,Retail,Region,South,1112855.12,17121
2025-10,2025-Q4,Dermatology,Apoquel,True,Retail,Region,Midwest,662615.24,10194
2025-10,2025-Q4,Dermatology,Apoquel,True,Retail,Region,West,766397.22,11791
2025-10,2025-Q4,Dermatology,Apoquel,True,Retail,National,National,3253456.73,50053
2025-10,2025-Q4,Dermatology,Apoquel,True,E-commerce,Region,Northeast,1739983.27,26769
2025-10,2025-Q4,Dermatology,Apoquel,True,E-commerce,Region,South,2610682.48,40164
2025-10,2025-Q4,Dermatology,Apoquel,True,E-commerce,Region,Midwest,1609448.97,24761
2025-10,2025-Q4,Dermatology,Apoquel,True,E-commerce,Region,West,1803862.35,27752
2025-10,2025-Q4,Dermatology,Apoquel,True,E-commerce,National,National,7763977.07,119446
2025-11,2025-Q4,Dermatology,Apoquel,True,Veterinary,Region,Northeast,4323530.31,66516
2025-11,2025-Q4,Dermatology,Apoquel,True,Veterinary,Region,South,6730336.45,103544
2025-11,2025-Q4,Dermatology,Apoquel,True,Veterinary,Region,Midwest,4349462.31,66915
2025-11,2025-Q4,Dermatology,Apoquel,True,Veterinary,Region,West,4555490.63,70084
2025-11,2025-Q4,Dermatology,Apoquel,True,Veterinary,National,National,19958819.69,307059
2025-11,2025-Q4,Dermatology,Apoquel,True,Retail,Region,Northeast,620383.01,9544
2025-11,2025-Q4,Dermatology,Apoquel,True,Retail,Region,South,957318.54,14728
2025-11,2025-Q4,Dermatology,Apoquel,True,Retail,Region,Midwest,587369.48,9036
2025-11,2025-Q4,Dermatology,Apoquel,True,Retail,Region,West,631963.52,9723
2025-11,2025-Q4,Dermatology,Apoquel,True,Retail,National,National,2797034.55,43031
2025-11,2025-Q4,Dermatology,Apoquel,True,E-commerce,Region,Northeast,1460571.96,22470
2025-11,2025-Q4,Dermatology,Apoquel,True,E-commerce,Region,South,2381165.17,36633
2025-11,2025-Q4,Dermatology,Apoquel,True,E-commerce,Region,Midwest,1409236.69,21681
2025-11,2025-Q4,Dermatology,Apoquel,True,E-commerce,Region,West,1574609.45,24225
2025-11,2025-Q4,Dermatology,Apoquel,True,E-commerce,National,National,6825583.27,105009
2025-12,2025-Q4,Dermatology,Apoquel,True,Veterinary,Region,Northeast,3902441.99,60038
2025-12,2025-Q4,Dermatology,Apoquel,True,Veterinary,Region,South,6193699.48,95288
2025-12,2025-Q4,Dermatology,Apoquel,True,Veterinary,Region,Midwest,4042199.52,62188
2025-12,2025-Q4,Dermatology,Apoquel,True,Veterinary,Region,West,4196250.9,64558
2025-12,2025-Q4,Dermatology,Apoquel,True,Veterinary,National,National,18334591.89,282071
2025-12,2025-Q4,Dermatology,Apoquel,True,Retail,Region,Northeast,564708.23,8688
2025-12,2025-Q4,Dermatology,Apoquel,True,Retail,Region,South,879371.76,13529
2025-12,2025-Q4,Dermatology,Apoquel,True,Retail,Region,Midwest,544680.44,8380
2025-12,2025-Q4,Dermatology,Apoquel,True,Retail,Region,West,606735.38,9334
2025-12,2025-Q4,Dermatology,Apoquel,True,Retail,National,National,2595495.81,39931
2025-12,2025-Q4,Dermatology,Apoquel,True,E-commerce,Region,Northeast,1411169.67,21710
2025-12,2025-Q4,Dermatology,Apoquel,True,E-commerce,Region,South,2201702.95,33872
2025-12,2025-Q4,Dermatology,Apoquel,True,E-commerce,Region,Midwest,1343782.27,20674
2025-12,2025-Q4,Dermatology,Apoquel,True,E-commerce,Region,West,1509781.54,23227
2025-12,2025-Q4,Dermatology,Apoquel,True,E-commerce,National,National,6466436.43,99484
2026-01,2026-Q1,Dermatology,Apoquel,True,Veterinary,Region,Northeast,4047783.95,62274
2026-01,2026-Q1,Dermatology,Apoquel,True,Veterinary,Region,South,6334259.25,97450
2026-01,2026-Q1,Dermatology,Apoquel,True,Veterinary,Region,Midwest,3827979.7,58892
2026-01,2026-Q1,Dermatology,Apoquel,True,Veterinary,Region,West,4358085.49,67047
2026-01,2026-Q1,Dermatology,Apoquel,True,Veterinary,National,National,18568108.38,285663
2026-01,2026-Q1,Dermatology,Apoquel,True,Retail,Region,Northeast,575000.05,8846
2026-01,2026-Q1,Dermatology,Apoquel,True,Retail,Region,South,915496.85,14085
2026-01,2026-Q1,Dermatology,Apoquel,True,Retail,Region,Midwest,539998.86,8308
2026-01,2026-Q1,Dermatology,Apoquel,True,Retail,Region,West,597684.87,9195
2026-01,2026-Q1,Dermatology,Apoquel,True,Retail,National,National,2628180.64,40434
2026-01,2026-Q1,Dermatology,Apoquel,True,E-commerce,Region,Northeast,1414248.37,21758
2026-01,2026-Q1,Dermatology,Apoquel,True,E-commerce,Region,South,2232367.63,34344
2026-01,2026-Q1,Dermatology,Apoquel,True,E-commerce,Region,Midwest,1411990.6,21723
2026-01,2026-Q1,Dermatology,Apoquel,True,E-commerce,Region,West,1492872.69,22967
2026-01,2026-Q1,Dermatology,Apoquel,True,E-commerce,National,National,6551479.29,100792
2026-02,2026-Q1,Dermatology,Apoquel,True,Veterinary,Region,Northeast,4252807.69,65428
2026-02,2026-Q1,Dermatology,Apoquel,True,Veterinary,Region,South,6879386.36,105837
2026-02,2026-Q1,Dermatology,Apoquel,True,Veterinary,Region,Midwest,3928743.94,60442
2026-02,2026-Q1,Dermatology,Apoquel,True,Veterinary,Region,West,4405795.01,67781
2026-02,2026-Q1,Dermatology,Apoquel,True,Veterinary,National,National,19466733.01,299488
2026-02,2026-Q1,Dermatology,Apoquel,True,Retail,Region,Northeast,586671.79,9026
2026-02,2026-Q1,Dermatology,Apoquel,True,Retail,Region,South,948284.73,14589
2026-02,2026-Q1,Dermatology,Apoquel,True,Retail,Region,Midwest,579420.35,8914
2026-02,2026-Q1,Dermatology,Apoquel,True,Retail,Region,West,621182.56,9557
2026-02,2026-Q1,Dermatology,Apoquel,True,Retail,National,National,2735559.43,42086
2026-02,2026-Q1,Dermatology,Apoquel,True,E-commerce,Region,Northeast,1535755.43,23627
2026-02,2026-Q1,Dermatology,Apoquel,True,E-commerce,Region,South,2404407.02,36991
2026-02,2026-Q1,Dermatology,Apoquel,True,E-commerce,Region,Midwest,1518579.51,23363
2026-02,2026-Q1,Dermatology,Apoquel,True,E-commerce,Region,West,1668634.32,25671
2026-02,2026-Q1,Dermatology,Apoquel,True,E-commerce,National,National,7127376.28,109652
2026-03,2026-Q1,Dermatology,Apoquel,True,Veterinary,Region,Northeast,4395753.06,67627
2026-03,2026-Q1,Dermatology,Apoquel,True,Veterinary,Region,South,6906875.54,106260
2026-03,2026-Q1,Dermatology,Apoquel,True,Veterinary,Region,Midwest,4269482.34,65684
2026-03,2026-Q1,Dermatology,Apoquel,True,Veterinary,Region,West,4693325.22,72205
2026-03,2026-Q1,Dermatology,Apoquel,True,Veterinary,National,National,20265436.16,311776
2026-03,2026-Q1,Dermatology,Apoquel,True,Retail,Region,Northeast,612192.17,9418
2026-03,2026-Q1,Dermatology,Apoquel,True,Retail,Region,South,1009246.42,15527
2026-03,2026-Q1,Dermatology,Apoquel,True,Retail,Region,Midwest,581249.72,8942
2026-03,2026-Q1,Dermatology,Apoquel,True,Retail,Region,West,678287.39,10435
2026-03,2026-Q1,Dermatology,Apoquel,True,Retail,National,National,2880975.69,44323
2026-03,2026-Q1,Dermatology,Apoquel,True,E-commerce,Region,Northeast,1735569.05,26701
2026-03,2026-Q1,Dermatology,Apoquel,True,E-commerce,Region,South,2647752.43,40735
2026-03,2026-Q1,Dermatology,Apoquel,True,E-commerce,Region,Midwest,1679597.41,25840
2026-03,2026-Q1,Dermatology,Apoquel,True,E-commerce,Region,West,1770682.77,27241
2026-03,2026-Q1,Dermatology,Apoquel,True,E-commerce,National,National,7833601.66,120517
2024-04,2024-Q2,Dermatology,DermaCalm,False,Veterinary,Region,Northeast,2509384.55,43265
2024-04,2024-Q2,Dermatology,DermaCalm,False,Veterinary,Region,South,3860645.69,66563
2024-04,2024-Q2,Dermatology,DermaCalm,False,Veterinary,Region,Midwest,2494639.2,43011
2024-04,2024-Q2,Dermatology,DermaCalm,False,Veterinary,Region,West,2546885.09,43912
2024-04,2024-Q2,Dermatology,DermaCalm,False,Veterinary,National,National,11411554.53,196751
2024-04,2024-Q2,Dermatology,DermaCalm,False,Retail,Region,Northeast,502477.66,8663
2024-04,2024-Q2,Dermatology,DermaCalm,False,Retail,Region,South,848462.48,14629
2024-04,2024-Q2,Dermatology,DermaCalm,False,Retail,Region,Midwest,516240.58,8901
2024-04,2024-Q2,Dermatology,DermaCalm,False,Retail,Region,West,555553.03,9579
2024-04,2024-Q2,Dermatology,DermaCalm,False,Retail,National,National,2422733.75,41771
2024-04,2024-Q2,Dermatology,DermaCalm,False,E-commerce,Region,Northeast,693531.87,11957
2024-04,2024-Q2,Dermatology,DermaCalm,False,E-commerce,Region,South,1067158.31,18399
2024-04,2024-Q2,Dermatology,DermaCalm,False,E-commerce,Region,Midwest,640552.8,11044
2024-04,2024-Q2,Dermatology,DermaCalm,False,E-commerce,Region,West,674428.72,11628
2024-04,2024-Q2,Dermatology,DermaCalm,False,E-commerce,National,National,3075671.7,53029
2024-05,2024-Q2,Dermatology,DermaCalm,False,Veterinary,Region,Northeast,2912681.24,50219
2024-05,2024-Q2,Dermatology,DermaCalm,False,Veterinary,Region,South,4258564.11,73424
2024-05,2024-Q2,Dermatology,DermaCalm,False,Veterinary,Region,Midwest,2755273.64,47505
2024-05,2024-Q2,Dermatology,DermaCalm,False,Veterinary,Region,West,2962600.09,51079
2024-05,2024-Q2,Dermatology,DermaCalm,False,Veterinary,National,National,12889119.08,222226
2024-05,2024-Q2,Dermatology,DermaCalm,False,Retail,Region,Northeast,589050.97,10156
2024-05,2024-Q2,Dermatology,DermaCalm,False,Retail,Region,South,904524.84,15595
2024-05,2024-Q2,Dermatology,DermaCalm,False,Retail,Region,Midwest,573558.85,9889
2024-05,2024-Q2,Dermatology,DermaCalm,False,Retail,Region,West,614100.89,10588
2024-05,2024-Q2,Dermatology,DermaCalm,False,Retail,National,National,2681235.56,46228
2024-05,2024-Q2,Dermatology,DermaCalm,False,E-commerce,Region,Northeast,756066.17,13036
2024-05,2024-Q2,Dermatology,DermaCalm,False,E-commerce,Region,South,1234843.15,21290
2024-05,2024-Q2,Dermatology,DermaCalm,False,E-commerce,Region,Midwest,758498.51,13078
2024-05,2024-Q2,Dermatology,DermaCalm,False,E-commerce,Region,West,783780.21,13513
2024-05,2024-Q2,Dermatology,DermaCalm,False,E-commerce,National,National,3533188.04,60917
2024-06,2024-Q2,Dermatology,DermaCalm,False,Veterinary,Region,Northeast,3082015.22,53138
2024-06,2024-Q2,Dermatology,DermaCalm,False,Veterinary,Region,South,4618342.51,79627
2024-06,2024-Q2,Dermatology,DermaCalm,False,Veterinary,Region,Midwest,2881750.2,49685
2024-06,2024-Q2,Dermatology,DermaCalm,False,Veterinary,Region,West,3066565.32,52872
2024-06,2024-Q2,Dermatology,DermaCalm,False,Veterinary,National,National,13648673.26,235322
2024-06,2024-Q2,Dermatology,DermaCalm,False,Retail,Region,Northeast,584326.7,10075
2024-06,2024-Q2,Dermatology,DermaCalm,False,Retail,Region,South,968010.16,16690
2024-06,2024-Q2,Dermatology,DermaCalm,False,Retail,Region,Midwest,587120.92,10123
2024-06,2024-Q2,Dermatology,DermaCalm,False,Retail,Region,West,653046.52,11259
2024-06,2024-Q2,Dermatology,DermaCalm,False,Retail,National,National,2792504.3,48147
2024-06,2024-Q2,Dermatology,DermaCalm,False,E-commerce,Region,Northeast,835738.47,14409
2024-06,2024-Q2,Dermatology,DermaCalm,False,E-commerce,Region,South,1290597.71,22252
2024-06,2024-Q2,Dermatology,DermaCalm,False,E-commerce,Region,Midwest,807320.75,13919
2024-06,2024-Q2,Dermatology,DermaCalm,False,E-commerce,Region,West,878252.68,15142
2024-06,2024-Q2,Dermatology,DermaCalm,False,E-commerce,National,National,3811909.6,65723
2024-07,2024-Q3,Dermatology,DermaCalm,False,Veterinary,Region,Northeast,3059286.06,52746
2024-07,2024-Q3,Dermatology,DermaCalm,False,Veterinary,Region,South,4581374.63,78989
2024-07,2024-Q3,Dermatology,DermaCalm,False,Veterinary,Region,Midwest,2970629.43,51218
2024-07,2024-Q3,Dermatology,DermaCalm,False,Veterinary,Region,West,3112887.32,53670
2024-07,2024-Q3,Dermatology,DermaCalm,False,Veterinary,National,National,13724177.43,236624
2024-07,2024-Q3,Dermatology,DermaCalm,False,Retail,Region,Northeast,587499.6,10129
2024-07,2024-Q3,Dermatology,DermaCalm,False,Retail,Region,South,950321.91,16385
2024-07,2024-Q3,Dermatology,DermaCalm,False,Retail,Region,Midwest,598947.89,10327
2024-07,2024-Q3,Dermatology,DermaCalm,False,Retail,Region,West,648864.11,11187
2024-07,2024-Q3,Dermatology,DermaCalm,False,Retail,National,National,2785633.52,48028
2024-07,2024-Q3,Dermatology,DermaCalm,False,E-commerce,Region,Northeast,852203.58,14693
2024-07,2024-Q3,Dermatology,DermaCalm,False,E-commerce,Region,South,1371386.91,23645
2024-07,2024-Q3,Dermatology,DermaCalm,False,E-commerce,Region,Midwest,883901.63,15240
2024-07,2024-Q3,Dermatology,DermaCalm,False,E-commerce,Region,West,957237.67,16504
2024-07,2024-Q3,Dermatology,DermaCalm,False,E-commerce,National,National,4064729.79,70082
2024-08,2024-Q3,Dermatology,DermaCalm,False,Veterinary,Region,Northeast,3072681.37,52977
2024-08,2024-Q3,Dermatology,DermaCalm,False,Veterinary,Region,South,4559943.02,78620
2024-08,2024-Q3,Dermatology,DermaCalm,False,Veterinary,Region,Midwest,2778623.39,47907
2024-08,2024-Q3,Dermatology,DermaCalm,False,Veterinary,Region,West,3189592.28,54993
2024-08,2024-Q3,Dermatology,DermaCalm,False,Veterinary,National,National,13600840.07,234497
2024-08,2024-Q3,Dermatology,DermaCalm,False,Retail,Region,Northeast,592922.31,10223
2024-08,2024-Q3,Dermatology,DermaCalm,False,Retail,Region,South,956613.43,16493
2024-08,2024-Q3,Dermatology,DermaCalm,False,Retail,Region,Midwest,584537.17,10078
2024-08,2024-Q3,Dermatology,DermaCalm,False,Retail,Region,West,633728.43,10926
2024-08,2024-Q3,Dermatology,DermaCalm,False,Retail,National,National,2767801.33,47721
2024-08,2024-Q3,Dermatology,DermaCalm,False,E-commerce,Region,Northeast,873910.49,15067
2024-08,2024-Q3,Dermatology,DermaCalm,False,E-commerce,Region,South,1416126.51,24416
2024-08,2024-Q3,Dermatology,DermaCalm,False,E-commerce,Region,Midwest,805481.21,13888
2024-08,2024-Q3,Dermatology,DermaCalm,False,E-commerce,Region,West,933839.27,16101
2024-08,2024-Q3,Dermatology,DermaCalm,False,E-commerce,National,National,4029357.47,69472
2024-09,2024-Q3,Dermatology,DermaCalm,False,Veterinary,Region,Northeast,2745883.86,47343
2024-09,2024-Q3,Dermatology,DermaCalm,False,Veterinary,Region,South,4345246.29,74918
2024-09,2024-Q3,Dermatology,DermaCalm,False,Veterinary,Region,Midwest,2706093.9,46657
2024-09,2024-Q3,Dermatology,DermaCalm,False,Veterinary,Region,West,2930721.25,50530
2024-09,2024-Q3,Dermatology,DermaCalm,False,Veterinary,National,National,12727945.3,219447
2024-09,2024-Q3,Dermatology,DermaCalm,False,Retail,Region,Northeast,579164.02,9986
2024-09,2024-Q3,Dermatology,DermaCalm,False,Retail,Region,South,926254.16,15970
2024-09,2024-Q3,Dermatology,DermaCalm,False,Retail,Region,Midwest,538910.81,9292
2024-09,2024-Q3,Dermatology,DermaCalm,False,Retail,Region,West,608607.63,10493
2024-09,2024-Q3,Dermatology,DermaCalm,False,Retail,National,National,2652936.63,45740
2024-09,2024-Q3,Dermatology,DermaCalm,False,E-commerce,Region,Northeast,810438.5,13973
2024-09,2024-Q3,Dermatology,DermaCalm,False,E-commerce,Region,South,1339533.13,23095
2024-09,2024-Q3,Dermatology,DermaCalm,False,E-commerce,Region,Midwest,770457.9,13284
2024-09,2024-Q3,Dermatology,DermaCalm,False,E-commerce,Region,West,910831.86,15704
2024-09,2024-Q3,Dermatology,DermaCalm,False,E-commerce,National,National,3831261.39,66056
2024-10,2024-Q4,Dermatology,DermaCalm,False,Veterinary,Region,Northeast,2584387.01,44558
2024-10,2024-Q4,Dermatology,DermaCalm,False,Veterinary,Region,South,3800938.7,65533
2024-10,2024-Q4,Dermatology,DermaCalm,False,Veterinary,Region,Midwest,2456596.68,42355
2024-10,2024-Q4,Dermatology,DermaCalm,False,Veterinary,Region,West,2755084.35,47501
2024-10,2024-Q4,Dermatology,DermaCalm,False,Veterinary,National,National,11597006.74,199948
2024-10,2024-Q4,Dermatology,DermaCalm,False,Retail,Region,Northeast,535659.22,9236
2024-10,2024-Q4,Dermatology,DermaCalm,False,Retail,Region,South,812303.43,14005
2024-10,2024-Q4,Dermatology,DermaCalm,False,Retail,Region,Midwest,501879.13,8653
2024-10,2024-Q4,Dermatology,DermaCalm,False,Retail,Region,West,568676.19,9805
2024-10,2024-Q4,Dermatology,DermaCalm,False,Retail,National,National,2418517.97,41699
2024-10,2024-Q4,Dermatology,DermaCalm,False,E-commerce,Region,Northeast,821841.89,14170
2024-10,2024-Q4,Dermatology,DermaCalm,False,E-commerce,Region,South,1219389.84,21024
2024-10,2024-Q4,Dermatology,DermaCalm,False,E-commerce,Region,Midwest,754187.16,13003
2024-10,2024-Q4,Dermatology,DermaCalm,False,E-commerce,Region,West,823491.68,14198
2024-10,2024-Q4,Dermatology,DermaCalm,False,E-commerce,National,National,3618910.58,62395
2024-11,2024-Q4,Dermatology,DermaCalm,False,Veterinary,Region,Northeast,2283139.04,39364
2024-11,2024-Q4,Dermatology,DermaCalm,False,Veterinary,Region,South,3419066.03,58949
2024-11,2024-Q4,Dermatology,DermaCalm,False,Veterinary,Region,Midwest,2243195.07,38676
2024-11,2024-Q4,Dermatology,DermaCalm,False,Veterinary,Region,West,2491790.64,42962
2024-11,2024-Q4,Dermatology,DermaCalm,False,Veterinary,National,National,10437190.78,179952
2024-11,2024-Q4,Dermatology,DermaCalm,False,Retail,Region,Northeast,485842.59,8377
2024-11,2024-Q4,Dermatology,DermaCalm,False,Retail,Region,South,770975.63,13293
2024-11,2024-Q4,Dermatology,DermaCalm,False,Retail,Region,Midwest,443297.28,7643
2024-11,2024-Q4,Dermatology,DermaCalm,False,Retail,Region,West,497325.56,8575
2024-11,2024-Q4,Dermatology,DermaCalm,False,Retail,National,National,2197441.06,37887
2024-11,2024-Q4,Dermatology,DermaCalm,False,E-commerce,Region,Northeast,726367.2,12524
2024-11,2024-Q4,Dermatology,DermaCalm,False,E-commerce,Region,South,1181994.48,20379
2024-11,2024-Q4,Dermatology,DermaCalm,False,E-commerce,Region,Midwest,722436.98,12456
2024-11,2024-Q4,Dermatology,DermaCalm,False,E-commerce,Region,West,782281.48,13488
2024-11,2024-Q4,Dermatology,DermaCalm,False,E-commerce,National,National,3413080.14,58846
2024-12,2024-Q4,Dermatology,DermaCalm,False,Veterinary,Region,Northeast,2155032.86,37156
2024-12,2024-Q4,Dermatology,DermaCalm,False,Veterinary,Region,South,3298335.73,56868
2024-12,2024-Q4,Dermatology,DermaCalm,False,Veterinary,Region,Midwest,2201295.66,37953
2024-12,2024-Q4,Dermatology,DermaCalm,False,Veterinary,Region,West,2357760.01,40651
2024-12,2024-Q4,Dermatology,DermaCalm,False,Veterinary,National,National,10012424.25,172628
2024-12,2024-Q4,Dermatology,DermaCalm,False,Retail,Region,Northeast,446670.17,7701
2024-12,2024-Q4,Dermatology,DermaCalm,False,Retail,Region,South,662044.05,11415
2024-12,2024-Q4,Dermatology,DermaCalm,False,Retail,Region,Midwest,425979.44,7344
2024-12,2024-Q4,Dermatology,DermaCalm,False,Retail,Region,West,477657.18,8235
2024-12,2024-Q4,Dermatology,DermaCalm,False,Retail,National,National,2012350.84,34696
2024-12,2024-Q4,Dermatology,DermaCalm,False,E-commerce,Region,Northeast,728796.6,12565
2024-12,2024-Q4,Dermatology,DermaCalm,False,E-commerce,Region,South,1154536.5,19906
2024-12,2024-Q4,Dermatology,DermaCalm,False,E-commerce,Region,Midwest,717617.18,12373
2024-12,2024-Q4,Dermatology,DermaCalm,False,E-commerce,Region,West,756137.46,13037
2024-12,2024-Q4,Dermatology,DermaCalm,False,E-commerce,National,National,3357087.74,57881
2025-01,2025-Q1,Dermatology,DermaCalm,False,Veterinary,Region,Northeast,2089474.27,36025
2025-01,2025-Q1,Dermatology,DermaCalm,False,Veterinary,Region,South,3237144.6,55813
2025-01,2025-Q1,Dermatology,DermaCalm,False,Veterinary,Region,Midwest,2079464.03,35853
2025-01,2025-Q1,Dermatology,DermaCalm,False,Veterinary,Region,West,2189123.06,37744
2025-01,2025-Q1,Dermatology,DermaCalm,False,Veterinary,National,National,9595205.95,165435
2025-01,2025-Q1,Dermatology,DermaCalm,False,Retail,Region,Northeast,410356.6,7075
2025-01,2025-Q1,Dermatology,DermaCalm,False,Retail,Region,South,677179.41,11676
2025-01,2025-Q1,Dermatology,DermaCalm,False,Retail,Region,Midwest,411279.56,7091
2025-01,2025-Q1,Dermatology,DermaCalm,False,Retail,Region,West,445457.8,7680
2025-01,2025-Q1,Dermatology,DermaCalm,False,Retail,National,National,1944273.37,33522
2025-01,2025-Q1,Dermatology,DermaCalm,False,E-commerce,Region,Northeast,674251.17,11625
2025-01,2025-Q1,Dermatology,DermaCalm,False,E-commerce,Region,South,1146113.32,19761
2025-01,2025-Q1,Dermatology,DermaCalm,False,E-commerce,Region,Midwest,698174.75,12037
2025-01,2025-Q1,Dermatology,DermaCalm,False,E-commerce,Region,West,723473.73,12474
2025-01,2025-Q1,Dermatology,DermaCalm,False,E-commerce,National,National,3242012.98,55897
2025-02,2025-Q1,Dermatology,DermaCalm,False,Veterinary,Region,Northeast,2142621.0,36942
2025-02,2025-Q1,Dermatology,DermaCalm,False,Veterinary,Region,South,3282894.78,56602
2025-02,2025-Q1,Dermatology,DermaCalm,False,Veterinary,Region,Midwest,1980860.84,34153
2025-02,2025-Q1,Dermatology,DermaCalm,False,Veterinary,Region,West,2369418.85,40852
2025-02,2025-Q1,Dermatology,DermaCalm,False,Veterinary,National,National,9775795.47,168548
2025-02,2025-Q1,Dermatology,DermaCalm,False,Retail,Region,Northeast,462581.62,7976
2025-02,2025-Q1,Dermatology,DermaCalm,False,Retail,Region,South,690038.45,11897
2025-02,2025-Q1,Dermatology,DermaCalm,False,Retail,Region,Midwest,429426.71,7404
2025-02,2025-Q1,Dermatology,DermaCalm,False,Retail,Region,West,495976.54,8551
2025-02,2025-Q1,Dermatology,DermaCalm,False,Retail,National,National,2078023.32,35828
2025-02,2025-Q1,Dermatology,DermaCalm,False,E-commerce,Region,Northeast,749676.35,12925
2025-02,2025-Q1,Dermatology,DermaCalm,False,E-commerce,Region,South,1143321.21,19712
2025-02,2025-Q1,Dermatology,DermaCalm,False,E-commerce,Region,Midwest,734994.62,12672
2025-02,2025-Q1,Dermatology,DermaCalm,False,E-commerce,Region,West,815145.41,14054
2025-02,2025-Q1,Dermatology,DermaCalm,False,E-commerce,National,National,3443137.58,59364
2025-03,2025-Q1,Dermatology,DermaCalm,False,Veterinary,Region,Northeast,2268916.69,39119
2025-03,2025-Q1,Dermatology,DermaCalm,False,Veterinary,Region,South,3578915.71,61705
2025-03,2025-Q1,Dermatology,DermaCalm,False,Veterinary,Region,Midwest,2309079.69,39812
2025-03,2025-Q1,Dermatology,DermaCalm,False,Veterinary,Region,West,2531203.5,43641
2025-03,2025-Q1,Dermatology,DermaCalm,False,Veterinary,National,National,10688115.59,184278
2025-03,2025-Q1,Dermatology,DermaCalm,False,Retail,Region,Northeast,457626.61,7890
2025-03,2025-Q1,Dermatology,DermaCalm,False,Retail,Region,South,717249.86,12366
2025-03,2025-Q1,Dermatology,DermaCalm,False,Retail,Region,Midwest,446283.26,7695
2025-03,2025-Q1,Dermatology,DermaCalm,False,Retail,Region,West,503287.72,8677
2025-03,2025-Q1,Dermatology,DermaCalm,False,Retail,National,National,2124447.45,36628
2025-03,2025-Q1,Dermatology,DermaCalm,False,E-commerce,Region,Northeast,897208.56,15469
2025-03,2025-Q1,Dermatology,DermaCalm,False,E-commerce,Region,South,1289344.98,22230
2025-03,2025-Q1,Dermatology,DermaCalm,False,E-commerce,Region,Midwest,804744.27,13875
2025-03,2025-Q1,Dermatology,DermaCalm,False,E-commerce,Region,West,858708.89,14805
2025-03,2025-Q1,Dermatology,DermaCalm,False,E-commerce,National,National,3850006.69,66379
2025-04,2025-Q2,Dermatology,DermaCalm,False,Veterinary,Region,Northeast,2710765.67,46737
2025-04,2025-Q2,Dermatology,DermaCalm,False,Veterinary,Region,South,4200906.72,72429
2025-04,2025-Q2,Dermatology,DermaCalm,False,Veterinary,Region,Midwest,2647483.12,45646
2025-04,2025-Q2,Dermatology,DermaCalm,False,Veterinary,Region,West,2771431.15,47783
2025-04,2025-Q2,Dermatology,DermaCalm,False,Veterinary,National,National,12330586.66,212596
2025-04,2025-Q2,Dermatology,DermaCalm,False,Retail,Region,Northeast,573994.41,9896
2025-04,2025-Q2,Dermatology,DermaCalm,False,Retail,Region,South,865852.47,14928
2025-04,2025-Q2,Dermatology,DermaCalm,False,Retail,Region,Midwest,521401.14,8990
2025-04,2025-Q2,Dermatology,DermaCalm,False,Retail,Region,West,575398.15,9921
2025-04,2025-Q2,Dermatology,DermaCalm,False,Retail,National,National,2536646.17,43735
2025-04,2025-Q2,Dermatology,DermaCalm,False,E-commerce,Region,Northeast,947142.42,16330
2025-04,2025-Q2,Dermatology,DermaCalm,False,E-commerce,Region,South,1526083.18,26312
2025-04,2025-Q2,Dermatology,DermaCalm,False,E-commerce,Region,Midwest,893146.04,15399
2025-04,2025-Q2,Dermatology,DermaCalm,False,E-commerce,Region,West,1035660.28,17856
2025-04,2025-Q2,Dermatology,DermaCalm,False,E-commerce,National,National,4402031.91,75897
2025-05,2025-Q2,Dermatology,DermaCalm,False,Veterinary,Region,Northeast,2787503.29,48060
2025-05,2025-Q2,Dermatology,DermaCalm,False,Veterinary,Region,South,4308765.98,74289
2025-05,2025-Q2,Dermatology,DermaCalm,False,Veterinary,Region,Midwest,2640239.99,45521
2025-05,2025-Q2,Dermatology,DermaCalm,False,Veterinary,Region,West,3076453.89,53042
2025-05,2025-Q2,Dermatology,DermaCalm,False,Veterinary,National,National,12812963.15,220913
2025-05,2025-Q2,Dermatology,DermaCalm,False,Retail,Region,Northeast,600142.74,10347
2025-05,2025-Q2,Dermatology,DermaCalm,False,Retail,Region,South,884581.8,15251
2025-05,2025-Q2,Dermatology,DermaCalm,False,Retail,Region,Midwest,567994.32,9793
2025-05,2025-Q2,Dermatology,DermaCalm,False,Retail,Region,West,595922.7,10275
2025-05,2025-Q2,Dermatology,DermaCalm,False,Retail,National,National,2648641.57,45666
2025-05,2025-Q2,Dermatology,DermaCalm,False,E-commerce,Region,Northeast,1047720.49,18064
2025-05,2025-Q2,Dermatology,DermaCalm,False,E-commerce,Region,South,1593402.38,27472
2025-05,2025-Q2,Dermatology,DermaCalm,False,E-commerce,Region,Midwest,1030371.41,17765
2025-05,2025-Q2,Dermatology,DermaCalm,False,E-commerce,Region,West,1125868.9,19412
2025-05,2025-Q2,Dermatology,DermaCalm,False,E-commerce,National,National,4797363.19,82713
2025-06,2025-Q2,Dermatology,DermaCalm,False,Veterinary,Region,Northeast,2980077.52,51381
2025-06,2025-Q2,Dermatology,DermaCalm,False,Veterinary,Region,South,4512481.57,77801
2025-06,2025-Q2,Dermatology,DermaCalm,False,Veterinary,Region,Midwest,2754431.29,47490
2025-06,2025-Q2,Dermatology,DermaCalm,False,Veterinary,Region,West,3098264.14,53418
2025-06,2025-Q2,Dermatology,DermaCalm,False,Veterinary,National,National,13345254.52,230091
2025-06,2025-Q2,Dermatology,DermaCalm,False,Retail,Region,Northeast,565952.85,9758
2025-06,2025-Q2,Dermatology,DermaCalm,False,Retail,Region,South,915997.56,15793
2025-06,2025-Q2,Dermatology,DermaCalm,False,Retail,Region,Midwest,605719.12,10443
2025-06,2025-Q2,Dermatology,DermaCalm,False,Retail,Region,West,636024.18,10966
2025-06,2025-Q2,Dermatology,DermaCalm,False,Retail,National,National,2723693.72,46960
2025-06,2025-Q2,Dermatology,DermaCalm,False,E-commerce,Region,Northeast,1093045.48,18846
2025-06,2025-Q2,Dermatology,DermaCalm,False,E-commerce,Region,South,1777862.58,30653
2025-06,2025-Q2,Dermatology,DermaCalm,False,E-commerce,Region,Midwest,1083031.29,18673
2025-06,2025-Q2,Dermatology,DermaCalm,False,E-commerce,Region,West,1171646.18,20201
2025-06,2025-Q2,Dermatology,DermaCalm,False,E-commerce,National,National,5125585.54,88372
2025-07,2025-Q3,Dermatology,DermaCalm,False,Veterinary,Region,Northeast,3076679.91,53046
2025-07,2025-Q3,Dermatology,DermaCalm,False,Veterinary,Region,South,4670269.31,80522
2025-07,2025-Q3,Dermatology,DermaCalm,False,Veterinary,Region,Midwest,2921510.87,50371
2025-07,2025-Q3,Dermatology,DermaCalm,False,Veterinary,Region,West,3287819.96,56687
2025-07,2025-Q3,Dermatology,DermaCalm,False,Veterinary,National,National,13956280.04,240626
2025-07,2025-Q3,Dermatology,DermaCalm,False,Retail,Region,Northeast,637365.94,10989
2025-07,2025-Q3,Dermatology,DermaCalm,False,Retail,Region,South,924094.89,15933
2025-07,2025-Q3,Dermatology,DermaCalm,False,Retail,Region,Midwest,585517.34,10095
2025-07,2025-Q3,Dermatology,DermaCalm,False,Retail,Region,West,681775.42,11755
2025-07,2025-Q3,Dermatology,DermaCalm,False,Retail,National,National,2828753.59,48772
2025-07,2025-Q3,Dermatology,DermaCalm,False,E-commerce,Region,Northeast,1266435.7,21835
2025-07,2025-Q3,Dermatology,DermaCalm,False,E-commerce,Region,South,1877727.68,32375
2025-07,2025-Q3,Dermatology,DermaCalm,False,E-commerce,Region,Midwest,1202436.53,20732
2025-07,2025-Q3,Dermatology,DermaCalm,False,E-commerce,Region,West,1301826.49,22445
2025-07,2025-Q3,Dermatology,DermaCalm,False,E-commerce,National,National,5648426.39,97387
2025-08,2025-Q3,Dermatology,DermaCalm,False,Veterinary,Region,Northeast,2863921.6,49378
2025-08,2025-Q3,Dermatology,DermaCalm,False,Veterinary,Region,South,4699378.62,81024
2025-08,2025-Q3,Dermatology,DermaCalm,False,Veterinary,Region,Midwest,2796039.86,48208
2025-08,2025-Q3,Dermatology,DermaCalm,False,Veterinary,Region,West,3197865.94,55136
2025-08,2025-Q3,Dermatology,DermaCalm,False,Veterinary,National,National,13557206.03,233745
2025-08,2025-Q3,Dermatology,DermaCalm,False,Retail,Region,Northeast,647441.44,11163
2025-08,2025-Q3,Dermatology,DermaCalm,False,Retail,Region,South,957877.61,16515
2025-08,2025-Q3,Dermatology,DermaCalm,False,Retail,Region,Midwest,573416.1,9886
2025-08,2025-Q3,Dermatology,DermaCalm,False,Retail,Region,West,620614.52,10700
2025-08,2025-Q3,Dermatology,DermaCalm,False,Retail,National,National,2799349.67,48265
2025-08,2025-Q3,Dermatology,DermaCalm,False,E-commerce,Region,Northeast,1145988.9,19758
2025-08,2025-Q3,Dermatology,DermaCalm,False,E-commerce,Region,South,1774287.8,30591
2025-08,2025-Q3,Dermatology,DermaCalm,False,E-commerce,Region,Midwest,1219073.54,21019
2025-08,2025-Q3,Dermatology,DermaCalm,False,E-commerce,Region,West,1305737.51,22513
2025-08,2025-Q3,Dermatology,DermaCalm,False,E-commerce,National,National,5445087.74,93881
2025-09,2025-Q3,Dermatology,DermaCalm,False,Veterinary,Region,Northeast,2864160.08,49382
2025-09,2025-Q3,Dermatology,DermaCalm,False,Veterinary,Region,South,4439902.87,76550
2025-09,2025-Q3,Dermatology,DermaCalm,False,Veterinary,Region,Midwest,2745608.52,47338
2025-09,2025-Q3,Dermatology,DermaCalm,False,Veterinary,Region,West,3133784.73,54031
2025-09,2025-Q3,Dermatology,DermaCalm,False,Veterinary,National,National,13183456.2,227301
2025-09,2025-Q3,Dermatology,DermaCalm,False,Retail,Region,Northeast,587100.55,10122
2025-09,2025-Q3,Dermatology,DermaCalm,False,Retail,Region,South,843502.9,14543
2025-09,2025-Q3,Dermatology,DermaCalm,False,Retail,Region,Midwest,571557.17,9854
2025-09,2025-Q3,Dermatology,DermaCalm,False,Retail,Region,West,571562.67,9855
2025-09,2025-Q3,Dermatology,DermaCalm,False,Retail,National,National,2573723.28,44375
2025-09,2025-Q3,Dermatology,DermaCalm,False,E-commerce,Region,Northeast,1162397.77,20041
2025-09,2025-Q3,Dermatology,DermaCalm,False,E-commerce,Region,South,1742973.45,30051
2025-09,2025-Q3,Dermatology,DermaCalm,False,E-commerce,Region,Midwest,1124609.2,19390
2025-09,2025-Q3,Dermatology,DermaCalm,False,E-commerce,Region,West,1183828.39,20411
2025-09,2025-Q3,Dermatology,DermaCalm,False,E-commerce,National,National,5213808.81,89893
2025-10,2025-Q4,Dermatology,DermaCalm,False,Veterinary,Region,Northeast,2496882.19,43050
2025-10,2025-Q4,Dermatology,DermaCalm,False,Veterinary,Region,South,4081160.3,70365
2025-10,2025-Q4,Dermatology,DermaCalm,False,Veterinary,Region,Midwest,2446931.58,42188
2025-10,2025-Q4,Dermatology,DermaCalm,False,Veterinary,Region,West,2748930.52,47395
2025-10,2025-Q4,Dermatology,DermaCalm,False,Veterinary,National,National,11773904.59,202998
2025-10,2025-Q4,Dermatology,DermaCalm,False,Retail,Region,Northeast,540381.51,9317
2025-10,2025-Q4,Dermatology,DermaCalm,False,Retail,Region,South,808127.67,13933
2025-10,2025-Q4,Dermatology,DermaCalm,False,Retail,Region,Midwest,504070.21,8691
2025-10,2025-Q4,Dermatology,DermaCalm,False,Retail,Region,West,527006.54,9086
2025-10,2025-Q4,Dermatology,DermaCalm,False,Retail,National,National,2379585.93,41027
2025-10,2025-Q4,Dermatology,DermaCalm,False,E-commerce,Region,Northeast,1075589.94,18545
2025-10,2025-Q4,Dermatology,DermaCalm,False,E-commerce,Region,South,1609066.42,27743
2025-10,2025-Q4,Dermatology,DermaCalm,False,E-commerce,Region,Midwest,1046412.26,18042
2025-10,2025-Q4,Dermatology,DermaCalm,False,E-commerce,Region,West,1157988.82,19965
2025-10,2025-Q4,Dermatology,DermaCalm,False,E-commerce,National,National,4889057.43,84294
2025-11,2025-Q4,Dermatology,DermaCalm,False,Veterinary,Region,Northeast,2460564.99,42424
2025-11,2025-Q4,Dermatology,DermaCalm,False,Veterinary,Region,South,3908155.48,67382
2025-11,2025-Q4,Dermatology,DermaCalm,False,Veterinary,Region,Midwest,2340463.07,40353
2025-11,2025-Q4,Dermatology,DermaCalm,False,Veterinary,Region,West,2531222.24,43642
2025-11,2025-Q4,Dermatology,DermaCalm,False,Veterinary,National,National,11240405.77,193800
2025-11,2025-Q4,Dermatology,DermaCalm,False,Retail,Region,Northeast,502781.03,8669
2025-11,2025-Q4,Dermatology,DermaCalm,False,Retail,Region,South,782167.15,13486
2025-11,2025-Q4,Dermatology,DermaCalm,False,Retail,Region,Midwest,504063.25,8691
2025-11,2025-Q4,Dermatology,DermaCalm,False,Retail,Region,West,529162.36,9123
2025-11,2025-Q4,Dermatology,DermaCalm,False,Retail,National,National,2318173.8,39969
2025-11,2025-Q4,Dermatology,DermaCalm,False,E-commerce,Region,Northeast,1018635.76,17563
2025-11,2025-Q4,Dermatology,DermaCalm,False,E-commerce,Region,South,1580253.99,27246
2025-11,2025-Q4,Dermatology,DermaCalm,False,E-commerce,Region,Midwest,966277.6,16660
2025-11,2025-Q4,Dermatology,DermaCalm,False,E-commerce,Region,West,1103867.99,19032
2025-11,2025-Q4,Dermatology,DermaCalm,False,E-commerce,National,National,4669035.34,80501
2025-12,2025-Q4,Dermatology,DermaCalm,False,Veterinary,Region,Northeast,2284775.29,39393
2025-12,2025-Q4,Dermatology,DermaCalm,False,Veterinary,Region,South,3362703.62,57978
2025-12,2025-Q4,Dermatology,DermaCalm,False,Veterinary,Region,Midwest,2135627.57,36821
2025-12,2025-Q4,Dermatology,DermaCalm,False,Veterinary,Region,West,2305282.39,39746
2025-12,2025-Q4,Dermatology,DermaCalm,False,Veterinary,National,National,10088388.87,173938
2025-12,2025-Q4,Dermatology,DermaCalm,False,Retail,Region,Northeast,445436.4,7680
2025-12,2025-Q4,Dermatology,DermaCalm,False,Retail,Region,South,660186.1,11383
2025-12,2025-Q4,Dermatology,DermaCalm,False,Retail,Region,Midwest,420425.59,7249
2025-12,2025-Q4,Dermatology,DermaCalm,False,Retail,Region,West,455019.61,7845
2025-12,2025-Q4,Dermatology,DermaCalm,False,Retail,National,National,1981067.69,34156
2025-12,2025-Q4,Dermatology,DermaCalm,False,E-commerce,Region,Northeast,957032.52,16501
2025-12,2025-Q4,Dermatology,DermaCalm,False,E-commerce,Region,South,1489107.62,25674
2025-12,2025-Q4,Dermatology,DermaCalm,False,E-commerce,Region,Midwest,935048.65,16122
2025-12,2025-Q4,Dermatology,DermaCalm,False,E-commerce,Region,West,989566.67,17061
2025-12,2025-Q4,Dermatology,DermaCalm,False,E-commerce,National,National,4370755.45,75358
2026-01,2026-Q1,Dermatology,DermaCalm,False,Veterinary,Region,Northeast,2241395.84,38645
2026-01,2026-Q1,Dermatology,DermaCalm,False,Veterinary,Region,South,3598730.01,62047
2026-01,2026-Q1,Dermatology,DermaCalm,False,Veterinary,Region,Midwest,1908048.03,32897
2026-01,2026-Q1,Dermatology,DermaCalm,False,Veterinary,Region,West,2275621.83,39235
2026-01,2026-Q1,Dermatology,DermaCalm,False,Veterinary,National,National,10023795.7,172824
2026-01,2026-Q1,Dermatology,DermaCalm,False,Retail,Region,Northeast,461975.01,7965
2026-01,2026-Q1,Dermatology,DermaCalm,False,Retail,Region,South,635947.53,10965
2026-01,2026-Q1,Dermatology,DermaCalm,False,Retail,Region,Midwest,443857.94,7653
2026-01,2026-Q1,Dermatology,DermaCalm,False,Retail,Region,West,466549.35,8044
2026-01,2026-Q1,Dermatology,DermaCalm,False,Retail,National,National,2008329.82,34626
2026-01,2026-Q1,Dermatology,DermaCalm,False,E-commerce,Region,Northeast,931303.82,16057
2026-01,2026-Q1,Dermatology,DermaCalm,False,E-commerce,Region,South,1566598.34,27010
2026-01,2026-Q1,Dermatology,DermaCalm,False,E-commerce,Region,Midwest,917087.69,15812
2026-01,2026-Q1,Dermatology,DermaCalm,False,E-commerce,Region,West,1008778.17,17393
2026-01,2026-Q1,Dermatology,DermaCalm,False,E-commerce,National,National,4423768.02,76272
2026-02,2026-Q1,Dermatology,DermaCalm,False,Veterinary,Region,Northeast,2289993.19,39483
2026-02,2026-Q1,Dermatology,DermaCalm,False,Veterinary,Region,South,3477587.58,59958
2026-02,2026-Q1,Dermatology,DermaCalm,False,Veterinary,Region,Midwest,2344794.72,40427
2026-02,2026-Q1,Dermatology,DermaCalm,False,Veterinary,Region,West,2489710.22,42926
2026-02,2026-Q1,Dermatology,DermaCalm,False,Veterinary,National,National,10602085.71,182795
2026-02,2026-Q1,Dermatology,DermaCalm,False,Retail,Region,Northeast,459387.07,7920
2026-02,2026-Q1,Dermatology,DermaCalm,False,Retail,Region,South,700174.47,12072
2026-02,2026-Q1,Dermatology,DermaCalm,False,Retail,Region,Midwest,440241.45,7590
2026-02,2026-Q1,Dermatology,DermaCalm,False,Retail,Region,West,508093.78,8760
2026-02,2026-Q1,Dermatology,DermaCalm,False,Retail,National,National,2107896.76,36343
2026-02,2026-Q1,Dermatology,DermaCalm,False,E-commerce,Region,Northeast,1027095.77,17709
2026-02,2026-Q1,Dermatology,DermaCalm,False,E-commerce,Region,South,1573033.33,27121
2026-02,2026-Q1,Dermatology,DermaCalm,False,E-commerce,Region,Midwest,1048810.93,18083
2026-02,2026-Q1,Dermatology,DermaCalm,False,E-commerce,Region,West,1097028.94,18914
2026-02,2026-Q1,Dermatology,DermaCalm,False,E-commerce,National,National,4745968.98,81827
2026-03,2026-Q1,Dermatology,DermaCalm,False,Veterinary,Region,Northeast,2473264.25,42642
2026-03,2026-Q1,Dermatology,DermaCalm,False,Veterinary,Region,South,3719026.77,64121
2026-03,2026-Q1,Dermatology,DermaCalm,False,Veterinary,Region,Midwest,2155220.0,37159
2026-03,2026-Q1,Dermatology,DermaCalm,False,Veterinary,Region,West,2529398.49,43610
2026-03,2026-Q1,Dermatology,DermaCalm,False,Veterinary,National,National,10876909.52,187533
2026-03,2026-Q1,Dermatology,DermaCalm,False,Retail,Region,Northeast,505115.73,8709
2026-03,2026-Q1,Dermatology,DermaCalm,False,Retail,Region,South,801662.94,13822
2026-03,2026-Q1,Dermatology,DermaCalm,False,Retail,Region,Midwest,463205.21,7986
2026-03,2026-Q1,Dermatology,DermaCalm,False,Retail,Region,West,508682.39,8770
2026-03,2026-Q1,Dermatology,DermaCalm,False,Retail,National,National,2278666.27,39287
2026-03,2026-Q1,Dermatology,DermaCalm,False,E-commerce,Region,Northeast,1182844.7,20394
2026-03,2026-Q1,Dermatology,DermaCalm,False,E-commerce,Region,South,1787479.34,30819
2026-03,2026-Q1,Dermatology,DermaCalm,False,E-commerce,Region,Midwest,1094260.24,18867
2026-03,2026-Q1,Dermatology,DermaCalm,False,E-commerce,Region,West,1117414.2,19266
2026-03,2026-Q1,Dermatology,DermaCalm,False,E-commerce,National,National,5181998.48,89345
2024-04,2024-Q2,Dermatology,AllerVet RX,False,Veterinary,Region,Northeast,2194857.94,40646
2024-04,2024-Q2,Dermatology,AllerVet RX,False,Veterinary,Region,South,3217254.4,59579
2024-04,2024-Q2,Dermatology,AllerVet RX,False,Veterinary,Region,Midwest,2058820.42,38126
2024-04,2024-Q2,Dermatology,AllerVet RX,False,Veterinary,Region,West,2396794.64,44385
2024-04,2024-Q2,Dermatology,AllerVet RX,False,Veterinary,National,National,9867727.41,182736
2024-04,2024-Q2,Dermatology,AllerVet RX,False,Retail,Region,Northeast,445526.13,8250
2024-04,2024-Q2,Dermatology,AllerVet RX,False,Retail,Region,South,664034.62,12297
2024-04,2024-Q2,Dermatology,AllerVet RX,False,Retail,Region,Midwest,404317.95,7487
2024-04,2024-Q2,Dermatology,AllerVet RX,False,Retail,Region,West,469239.54,8690
2024-04,2024-Q2,Dermatology,AllerVet RX,False,Retail,National,National,1983118.24,36724
2024-04,2024-Q2,Dermatology,AllerVet RX,False,E-commerce,Region,Northeast,567267.56,10505
2024-04,2024-Q2,Dermatology,AllerVet RX,False,E-commerce,Region,South,868903.3,16091
2024-04,2024-Q2,Dermatology,AllerVet RX,False,E-commerce,Region,Midwest,554793.97,10274
2024-04,2024-Q2,Dermatology,AllerVet RX,False,E-commerce,Region,West,608668.85,11272
2024-04,2024-Q2,Dermatology,AllerVet RX,False,E-commerce,National,National,2599633.7,48141
2024-05,2024-Q2,Dermatology,AllerVet RX,False,Veterinary,Region,Northeast,2435698.49,45106
2024-05,2024-Q2,Dermatology,AllerVet RX,False,Veterinary,Region,South,3587749.43,66440
2024-05,2024-Q2,Dermatology,AllerVet RX,False,Veterinary,Region,Midwest,2256582.9,41789
2024-05,2024-Q2,Dermatology,AllerVet RX,False,Veterinary,Region,West,2495258.94,46208
2024-05,2024-Q2,Dermatology,AllerVet RX,False,Veterinary,National,National,10775289.76,199542
2024-05,2024-Q2,Dermatology,AllerVet RX,False,Retail,Region,Northeast,494902.28,9165
2024-05,2024-Q2,Dermatology,AllerVet RX,False,Retail,Region,South,788828.92,14608
2024-05,2024-Q2,Dermatology,AllerVet RX,False,Retail,Region,Midwest,462833.97,8571
2024-05,2024-Q2,Dermatology,AllerVet RX,False,Retail,Region,West,506145.71,9373
2024-05,2024-Q2,Dermatology,AllerVet RX,False,Retail,National,National,2252710.88,41717
2024-05,2024-Q2,Dermatology,AllerVet RX,False,E-commerce,Region,Northeast,686113.75,12706
2024-05,2024-Q2,Dermatology,AllerVet RX,False,E-commerce,Region,South,1019889.02,18887
2024-05,2024-Q2,Dermatology,AllerVet RX,False,E-commerce,Region,Midwest,600656.13,11123
2024-05,2024-Q2,Dermatology,AllerVet RX,False,E-commerce,Region,West,680254.92,12597
2024-05,2024-Q2,Dermatology,AllerVet RX,False,E-commerce,National,National,2986913.82,55313
2024-06,2024-Q2,Dermatology,AllerVet RX,False,Veterinary,Region,Northeast,2404313.75,44524
2024-06,2024-Q2,Dermatology,AllerVet RX,False,Veterinary,Region,South,3692987.56,68389
2024-06,2024-Q2,Dermatology,AllerVet RX,False,Veterinary,Region,Midwest,2319333.11,42951
2024-06,2024-Q2,Dermatology,AllerVet RX,False,Veterinary,Region,West,2763168.62,51170
2024-06,2024-Q2,Dermatology,AllerVet RX,False,Veterinary,National,National,11179803.04,207033
2024-06,2024-Q2,Dermatology,AllerVet RX,False,Retail,Region,Northeast,526852.36,9757
2024-06,2024-Q2,Dermatology,AllerVet RX,False,Retail,Region,South,823026.58,15241
2024-06,2024-Q2,Dermatology,AllerVet RX,False,Retail,Region,Midwest,504033.96,9334
2024-06,2024-Q2,Dermatology,AllerVet RX,False,Retail,Region,West,532431.08,9860
2024-06,2024-Q2,Dermatology,AllerVet RX,False,Retail,National,National,2386343.97,44192
2024-06,2024-Q2,Dermatology,AllerVet RX,False,E-commerce,Region,Northeast,706328.18,13080
2024-06,2024-Q2,Dermatology,AllerVet RX,False,E-commerce,Region,South,1081871.19,20035
2024-06,2024-Q2,Dermatology,AllerVet RX,False,E-commerce,Region,Midwest,644814.48,11941
2024-06,2024-Q2,Dermatology,AllerVet RX,False,E-commerce,Region,West,704160.08,13040
2024-06,2024-Q2,Dermatology,AllerVet RX,False,E-commerce,National,National,3137173.94,58096
2024-07,2024-Q3,Dermatology,AllerVet RX,False,Veterinary,Region,Northeast,2560652.56,47419
2024-07,2024-Q3,Dermatology,AllerVet RX,False,Veterinary,Region,South,4132268.38,76523
2024-07,2024-Q3,Dermatology,AllerVet RX,False,Veterinary,Region,Midwest,2586622.24,47900
2024-07,2024-Q3,Dermatology,AllerVet RX,False,Veterinary,Region,West,2841355.91,52618
2024-07,2024-Q3,Dermatology,AllerVet RX,False,Veterinary,National,National,12120899.09,224461
2024-07,2024-Q3,Dermatology,AllerVet RX,False,Retail,Region,Northeast,551408.3,10211
2024-07,2024-Q3,Dermatology,AllerVet RX,False,Retail,Region,South,812478.92,15046
2024-07,2024-Q3,Dermatology,AllerVet RX,False,Retail,Region,Midwest,529016.91,9797
2024-07,2024-Q3,Dermatology,AllerVet RX,False,Retail,Region,West,567791.18,10515
2024-07,2024-Q3,Dermatology,AllerVet RX,False,Retail,National,National,2460695.31,45568
2024-07,2024-Q3,Dermatology,AllerVet RX,False,E-commerce,Region,Northeast,743802.62,13774
2024-07,2024-Q3,Dermatology,AllerVet RX,False,E-commerce,Region,South,1113587.86,20622
2024-07,2024-Q3,Dermatology,AllerVet RX,False,E-commerce,Region,Midwest,741345.13,13729
2024-07,2024-Q3,Dermatology,AllerVet RX,False,E-commerce,Region,West,763795.35,14144
2024-07,2024-Q3,Dermatology,AllerVet RX,False,E-commerce,National,National,3362530.95,62269
2024-08,2024-Q3,Dermatology,AllerVet RX,False,Veterinary,Region,Northeast,2604764.43,48236
2024-08,2024-Q3,Dermatology,AllerVet RX,False,Veterinary,Region,South,3687116.59,68280
2024-08,2024-Q3,Dermatology,AllerVet RX,False,Veterinary,Region,Midwest,2332717.61,43198
2024-08,2024-Q3,Dermatology,AllerVet RX,False,Veterinary,Region,West,2593054.7,48020
2024-08,2024-Q3,Dermatology,AllerVet RX,False,Veterinary,National,National,11217653.33,207734
2024-08,2024-Q3,Dermatology,AllerVet RX,False,Retail,Region,Northeast,508343.1,9414
2024-08,2024-Q3,Dermatology,AllerVet RX,False,Retail,Region,South,759996.47,14074
2024-08,2024-Q3,Dermatology,AllerVet RX,False,Retail,Region,Midwest,473927.07,8776
2024-08,2024-Q3,Dermatology,AllerVet RX,False,Retail,Region,West,543150.35,10058
2024-08,2024-Q3,Dermatology,AllerVet RX,False,Retail,National,National,2285416.99,42323
2024-08,2024-Q3,Dermatology,AllerVet RX,False,E-commerce,Region,Northeast,727313.61,13469
2024-08,2024-Q3,Dermatology,AllerVet RX,False,E-commerce,Region,South,1132723.16,20976
2024-08,2024-Q3,Dermatology,AllerVet RX,False,E-commerce,Region,Midwest,654687.55,12124
2024-08,2024-Q3,Dermatology,AllerVet RX,False,E-commerce,Region,West,753589.28,13955
2024-08,2024-Q3,Dermatology,AllerVet RX,False,E-commerce,National,National,3268313.6,60524
2024-09,2024-Q3,Dermatology,AllerVet RX,False,Veterinary,Region,Northeast,2408774.54,44607
2024-09,2024-Q3,Dermatology,AllerVet RX,False,Veterinary,Region,South,3697266.82,68468
2024-09,2024-Q3,Dermatology,AllerVet RX,False,Veterinary,Region,Midwest,2377147.76,44021
2024-09,2024-Q3,Dermatology,AllerVet RX,False,Veterinary,Region,West,2620825.06,48534
2024-09,2024-Q3,Dermatology,AllerVet RX,False,Veterinary,National,National,11104014.17,205630
2024-09,2024-Q3,Dermatology,AllerVet RX,False,Retail,Region,Northeast,509211.87,9430
2024-09,2024-Q3,Dermatology,AllerVet RX,False,Retail,Region,South,765923.94,14184
2024-09,2024-Q3,Dermatology,AllerVet RX,False,Retail,Region,Midwest,492070.19,9112
2024-09,2024-Q3,Dermatology,AllerVet RX,False,Retail,Region,West,552838.57,10238
2024-09,2024-Q3,Dermatology,AllerVet RX,False,Retail,National,National,2320044.58,42964
2024-09,2024-Q3,Dermatology,AllerVet RX,False,E-commerce,Region,Northeast,776099.06,14372
2024-09,2024-Q3,Dermatology,AllerVet RX,False,E-commerce,Region,South,1104409.15,20452
2024-09,2024-Q3,Dermatology,AllerVet RX,False,E-commerce,Region,Midwest,778600.77,14419
2024-09,2024-Q3,Dermatology,AllerVet RX,False,E-commerce,Region,West,752690.76,13939
2024-09,2024-Q3,Dermatology,AllerVet RX,False,E-commerce,National,National,3411799.74,63181
2024-10,2024-Q4,Dermatology,AllerVet RX,False,Veterinary,Region,Northeast,2190744.15,40569
2024-10,2024-Q4,Dermatology,AllerVet RX,False,Veterinary,Region,South,3345560.13,61955
2024-10,2024-Q4,Dermatology,AllerVet RX,False,Veterinary,Region,Midwest,2094705.64,38791
2024-10,2024-Q4,Dermatology,AllerVet RX,False,Veterinary,Region,West,2358904.82,43683
2024-10,2024-Q4,Dermatology,AllerVet RX,False,Veterinary,National,National,9989914.74,184998
2024-10,2024-Q4,Dermatology,AllerVet RX,False,Retail,Region,Northeast,456313.8,8450
2024-10,2024-Q4,Dermatology,AllerVet RX,False,Retail,Region,South,667671.2,12364
2024-10,2024-Q4,Dermatology,AllerVet RX,False,Retail,Region,Midwest,424659.45,7864
2024-10,2024-Q4,Dermatology,AllerVet RX,False,Retail,Region,West,478178.86,8855
2024-10,2024-Q4,Dermatology,AllerVet RX,False,Retail,National,National,2026823.32,37534
2024-10,2024-Q4,Dermatology,AllerVet RX,False,E-commerce,Region,Northeast,700210.96,12967
2024-10,2024-Q4,Dermatology,AllerVet RX,False,E-commerce,Region,South,1084395.65,20081
2024-10,2024-Q4,Dermatology,AllerVet RX,False,E-commerce,Region,Midwest,663806.39,12293
2024-10,2024-Q4,Dermatology,AllerVet RX,False,E-commerce,Region,West,724693.91,13420
2024-10,2024-Q4,Dermatology,AllerVet RX,False,E-commerce,National,National,3173106.91,58761
2024-11,2024-Q4,Dermatology,AllerVet RX,False,Veterinary,Region,Northeast,1928770.29,35718
2024-11,2024-Q4,Dermatology,AllerVet RX,False,Veterinary,Region,South,3142885.83,58202
2024-11,2024-Q4,Dermatology,AllerVet RX,False,Veterinary,Region,Midwest,1890793.63,35015
2024-11,2024-Q4,Dermatology,AllerVet RX,False,Veterinary,Region,West,2177850.18,40331
2024-11,2024-Q4,Dermatology,AllerVet RX,False,Veterinary,National,National,9140299.92,169265
2024-11,2024-Q4,Dermatology,AllerVet RX,False,Retail,Region,Northeast,399423.05,7397
2024-11,2024-Q4,Dermatology,AllerVet RX,False,Retail,Region,South,626634.33,11604
2024-11,2024-Q4,Dermatology,AllerVet RX,False,Retail,Region,Midwest,386487.87,7157
2024-11,2024-Q4,Dermatology,AllerVet RX,False,Retail,Region,West,441242.6,8171
2024-11,2024-Q4,Dermatology,AllerVet RX,False,Retail,National,National,1853787.85,34329
2024-11,2024-Q4,Dermatology,AllerVet RX,False,E-commerce,Region,Northeast,659066.72,12205
2024-11,2024-Q4,Dermatology,AllerVet RX,False,E-commerce,Region,South,996784.13,18459
2024-11,2024-Q4,Dermatology,AllerVet RX,False,E-commerce,Region,Midwest,620629.42,11493
2024-11,2024-Q4,Dermatology,AllerVet RX,False,E-commerce,Region,West,706476.29,13083
2024-11,2024-Q4,Dermatology,AllerVet RX,False,E-commerce,National,National,2982956.57,55240
2024-12,2024-Q4,Dermatology,AllerVet RX,False,Veterinary,Region,Northeast,1859978.37,34444
2024-12,2024-Q4,Dermatology,AllerVet RX,False,Veterinary,Region,South,2902508.64,53750
2024-12,2024-Q4,Dermatology,AllerVet RX,False,Veterinary,Region,Midwest,1799722.07,33328
2024-12,2024-Q4,Dermatology,AllerVet RX,False,Veterinary,Region,West,1947630.31,36067
2024-12,2024-Q4,Dermatology,AllerVet RX,False,Veterinary,National,National,8509839.4,157590
2024-12,2024-Q4,Dermatology,AllerVet RX,False,Retail,Region,Northeast,362491.37,6713
2024-12,2024-Q4,Dermatology,AllerVet RX,False,Retail,Region,South,564255.15,10449
2024-12,2024-Q4,Dermatology,AllerVet RX,False,Retail,Region,Midwest,361276.09,6690
2024-12,2024-Q4,Dermatology,AllerVet RX,False,Retail,Region,West,381117.05,7058
2024-12,2024-Q4,Dermatology,AllerVet RX,False,Retail,National,National,1669139.65,30910
2024-12,2024-Q4,Dermatology,AllerVet RX,False,E-commerce,Region,Northeast,595543.38,11029
2024-12,2024-Q4,Dermatology,AllerVet RX,False,E-commerce,Region,South,884083.47,16372
2024-12,2024-Q4,Dermatology,AllerVet RX,False,E-commerce,Region,Midwest,551418.11,10211
2024-12,2024-Q4,Dermatology,AllerVet RX,False,E-commerce,Region,West,632854.21,11720
2024-12,2024-Q4,Dermatology,AllerVet RX,False,E-commerce,National,National,2663899.17,49331
2025-01,2025-Q1,Dermatology,AllerVet RX,False,Veterinary,Region,Northeast,1778069.79,32927
2025-01,2025-Q1,Dermatology,AllerVet RX,False,Veterinary,Region,South,2796089.62,51779
2025-01,2025-Q1,Dermatology,AllerVet RX,False,Veterinary,Region,Midwest,1752485.41,32453
2025-01,2025-Q1,Dermatology,AllerVet RX,False,Veterinary,Region,West,1887281.35,34950
2025-01,2025-Q1,Dermatology,AllerVet RX,False,Veterinary,National,National,8213926.17,152110
2025-01,2025-Q1,Dermatology,AllerVet RX,False,Retail,Region,Northeast,372645.71,6901
2025-01,2025-Q1,Dermatology,AllerVet RX,False,Retail,Region,South,574461.51,10638
2025-01,2025-Q1,Dermatology,AllerVet RX,False,Retail,Region,Midwest,351205.12,6504
2025-01,2025-Q1,Dermatology,AllerVet RX,False,Retail,Region,West,387445.54,7175
2025-01,2025-Q1,Dermatology,AllerVet RX,False,Retail,National,National,1685757.88,31218
2025-01,2025-Q1,Dermatology,AllerVet RX,False,E-commerce,Region,Northeast,598265.13,11079
2025-01,2025-Q1,Dermatology,AllerVet RX,False,E-commerce,Region,South,935581.79,17326
2025-01,2025-Q1,Dermatology,AllerVet RX,False,E-commerce,Region,Midwest,554354.09,10266
2025-01,2025-Q1,Dermatology,AllerVet RX,False,E-commerce,Region,West,620077.62,11483
2025-01,2025-Q1,Dermatology,AllerVet RX,False,E-commerce,National,National,2708278.63,50153
2025-02,2025-Q1,Dermatology,AllerVet RX,False,Veterinary,Region,Northeast,1825464.42,33805
2025-02,2025-Q1,Dermatology,AllerVet RX,False,Veterinary,Region,South,2952164.47,54670
2025-02,2025-Q1,Dermatology,AllerVet RX,False,Veterinary,Region,Midwest,1763114.91,32650
2025-02,2025-Q1,Dermatology,AllerVet RX,False,Veterinary,Region,West,1940273.02,35931
2025-02,2025-Q1,Dermatology,AllerVet RX,False,Veterinary,National,National,8481016.82,157056
2025-02,2025-Q1,Dermatology,AllerVet RX,False,Retail,Region,Northeast,365358.21,6766
2025-02,2025-Q1,Dermatology,AllerVet RX,False,Retail,Region,South,586078.37,10853
2025-02,2025-Q1,Dermatology,AllerVet RX,False,Retail,Region,Midwest,377156.6,6984
2025-02,2025-Q1,Dermatology,AllerVet RX,False,Retail,Region,West,392050.28,7260
2025-02,2025-Q1,Dermatology,AllerVet RX,False,Retail,National,National,1720643.46,31864
2025-02,2025-Q1,Dermatology,AllerVet RX,False,E-commerce,Region,Northeast,624094.62,11557
2025-02,2025-Q1,Dermatology,AllerVet RX,False,E-commerce,Region,South,954388.43,17674
2025-02,2025-Q1,Dermatology,AllerVet RX,False,E-commerce,Region,Midwest,615657.86,11401
2025-02,2025-Q1,Dermatology,AllerVet RX,False,E-commerce,Region,West,650122.86,12039
2025-02,2025-Q1,Dermatology,AllerVet RX,False,E-commerce,National,National,2844263.77,52672
2025-03,2025-Q1,Dermatology,AllerVet RX,False,Veterinary,Region,Northeast,2010048.02,37223
2025-03,2025-Q1,Dermatology,AllerVet RX,False,Veterinary,Region,South,3044560.9,56381
2025-03,2025-Q1,Dermatology,AllerVet RX,False,Veterinary,Region,Midwest,2007268.26,37172
2025-03,2025-Q1,Dermatology,AllerVet RX,False,Veterinary,Region,West,2083118.98,38576
2025-03,2025-Q1,Dermatology,AllerVet RX,False,Veterinary,National,National,9144996.16,169352
2025-03,2025-Q1,Dermatology,AllerVet RX,False,Retail,Region,Northeast,429004.01,7945
2025-03,2025-Q1,Dermatology,AllerVet RX,False,Retail,Region,South,671431.5,12434
2025-03,2025-Q1,Dermatology,AllerVet RX,False,Retail,Region,Midwest,395037.67,7316
2025-03,2025-Q1,Dermatology,AllerVet RX,False,Retail,Region,West,443246.94,8208
2025-03,2025-Q1,Dermatology,AllerVet RX,False,Retail,National,National,1938720.12,35902
2025-03,2025-Q1,Dermatology,AllerVet RX,False,E-commerce,Region,Northeast,766681.09,14198
2025-03,2025-Q1,Dermatology,AllerVet RX,False,E-commerce,Region,South,1121508.37,20769
2025-03,2025-Q1,Dermatology,AllerVet RX,False,E-commerce,Region,Midwest,736179.59,13633
2025-03,2025-Q1,Dermatology,AllerVet RX,False,E-commerce,Region,West,761812.86,14108
2025-03,2025-Q1,Dermatology,AllerVet RX,False,E-commerce,National,National,3386181.91,62707
2025-04,2025-Q2,Dermatology,AllerVet RX,False,Veterinary,Region,Northeast,2214173.15,41003
2025-04,2025-Q2,Dermatology,AllerVet RX,False,Veterinary,Region,South,3434963.03,63610
2025-04,2025-Q2,Dermatology,AllerVet RX,False,Veterinary,Region,Midwest,2179077.56,40353
2025-04,2025-Q2,Dermatology,AllerVet RX,False,Veterinary,Region,West,2369440.27,43879
2025-04,2025-Q2,Dermatology,AllerVet RX,False,Veterinary,National,National,10197654.01,188845
2025-04,2025-Q2,Dermatology,AllerVet RX,False,Retail,Region,Northeast,453127.82,8391
2025-04,2025-Q2,Dermatology,AllerVet RX,False,Retail,Region,South,706244.77,13079
2025-04,2025-Q2,Dermatology,AllerVet RX,False,Retail,Region,Midwest,430110.1,7965
2025-04,2025-Q2,Dermatology,AllerVet RX,False,Retail,Region,West,479664.32,8883
2025-04,2025-Q2,Dermatology,AllerVet RX,False,Retail,National,National,2069147.02,38318
2025-04,2025-Q2,Dermatology,AllerVet RX,False,E-commerce,Region,Northeast,790581.17,14640
2025-04,2025-Q2,Dermatology,AllerVet RX,False,E-commerce,Region,South,1200861.18,22238
2025-04,2025-Q2,Dermatology,AllerVet RX,False,E-commerce,Region,Midwest,771370.73,14285
2025-04,2025-Q2,Dermatology,AllerVet RX,False,E-commerce,Region,West,907314.58,16802
2025-04,2025-Q2,Dermatology,AllerVet RX,False,E-commerce,National,National,3670127.67,67965
2025-05,2025-Q2,Dermatology,AllerVet RX,False,Veterinary,Region,Northeast,2443873.65,45257
2025-05,2025-Q2,Dermatology,AllerVet RX,False,Veterinary,Region,South,4019241.32,74430
2025-05,2025-Q2,Dermatology,AllerVet RX,False,Veterinary,Region,Midwest,2249546.37,41658
2025-05,2025-Q2,Dermatology,AllerVet RX,False,Veterinary,Region,West,2590043.29,47964
2025-05,2025-Q2,Dermatology,AllerVet RX,False,Veterinary,National,National,11302704.63,209309
2025-05,2025-Q2,Dermatology,AllerVet RX,False,Retail,Region,Northeast,512132.63,9484
2025-05,2025-Q2,Dermatology,AllerVet RX,False,Retail,Region,South,766355.14,14192
2025-05,2025-Q2,Dermatology,AllerVet RX,False,Retail,Region,Midwest,474482.66,8787
2025-05,2025-Q2,Dermatology,AllerVet RX,False,Retail,Region,West,526404.66,9748
2025-05,2025-Q2,Dermatology,AllerVet RX,False,Retail,National,National,2279375.09,42211
2025-05,2025-Q2,Dermatology,AllerVet RX,False,E-commerce,Region,Northeast,914989.26,16944
2025-05,2025-Q2,Dermatology,AllerVet RX,False,E-commerce,Region,South,1403653.56,25994
2025-05,2025-Q2,Dermatology,AllerVet RX,False,E-commerce,Region,Midwest,858969.9,15907
2025-05,2025-Q2,Dermatology,AllerVet RX,False,E-commerce,Region,West,926895.39,17165
2025-05,2025-Q2,Dermatology,AllerVet RX,False,E-commerce,National,National,4104508.11,76009
2025-06,2025-Q2,Dermatology,AllerVet RX,False,Veterinary,Region,Northeast,2551267.96,47246
2025-06,2025-Q2,Dermatology,AllerVet RX,False,Veterinary,Region,South,4074320.88,75450
2025-06,2025-Q2,Dermatology,AllerVet RX,False,Veterinary,Region,Midwest,2394127.92,44336
2025-06,2025-Q2,Dermatology,AllerVet RX,False,Veterinary,Region,West,2578132.91,47743
2025-06,2025-Q2,Dermatology,AllerVet RX,False,Veterinary,National,National,11597849.67,214775
2025-06,2025-Q2,Dermatology,AllerVet RX,False,Retail,Region,Northeast,543113.86,10058
2025-06,2025-Q2,Dermatology,AllerVet RX,False,Retail,Region,South,773323.82,14321
2025-06,2025-Q2,Dermatology,AllerVet RX,False,Retail,Region,Midwest,496008.59,9185
2025-06,2025-Q2,Dermatology,AllerVet RX,False,Retail,Region,West,526492.87,9750
2025-06,2025-Q2,Dermatology,AllerVet RX,False,Retail,National,National,2338939.14,43314
2025-06,2025-Q2,Dermatology,AllerVet RX,False,E-commerce,Region,Northeast,955333.74,17691
2025-06,2025-Q2,Dermatology,AllerVet RX,False,E-commerce,Region,South,1526469.32,28268
2025-06,2025-Q2,Dermatology,AllerVet RX,False,E-commerce,Region,Midwest,944904.91,17498
2025-06,2025-Q2,Dermatology,AllerVet RX,False,E-commerce,Region,West,1059696.2,19624
2025-06,2025-Q2,Dermatology,AllerVet RX,False,E-commerce,National,National,4486404.18,83082
2025-07,2025-Q3,Dermatology,AllerVet RX,False,Veterinary,Region,Northeast,2716545.75,50306
2025-07,2025-Q3,Dermatology,AllerVet RX,False,Veterinary,Region,South,4257289.41,78839
2025-07,2025-Q3,Dermatology,AllerVet RX,False,Veterinary,Region,Midwest,2501363.08,46322
2025-07,2025-Q3,Dermatology,AllerVet RX,False,Veterinary,Region,West,2929624.6,54252
2025-07,2025-Q3,Dermatology,AllerVet RX,False,Veterinary,National,National,12404822.84,229719
2025-07,2025-Q3,Dermatology,AllerVet RX,False,Retail,Region,Northeast,555540.33,10288
2025-07,2025-Q3,Dermatology,AllerVet RX,False,Retail,Region,South,857475.41,15879
2025-07,2025-Q3,Dermatology,AllerVet RX,False,Retail,Region,Midwest,531319.48,9839
2025-07,2025-Q3,Dermatology,AllerVet RX,False,Retail,Region,West,546280.47,10116
2025-07,2025-Q3,Dermatology,AllerVet RX,False,Retail,National,National,2490615.69,46123
2025-07,2025-Q3,Dermatology,AllerVet RX,False,E-commerce,Region,Northeast,1020224.53,18893
2025-07,2025-Q3,Dermatology,AllerVet RX,False,E-commerce,Region,South,1638713.47,30347
2025-07,2025-Q3,Dermatology,AllerVet RX,False,E-commerce,Region,Midwest,1012529.25,18751
2025-07,2025-Q3,Dermatology,AllerVet RX,False,E-commerce,Region,West,1123207.64,20800
2025-07,2025-Q3,Dermatology,AllerVet RX,False,E-commerce,National,National,4794674.89,88790
2025-08,2025-Q3,Dermatology,AllerVet RX,False,Veterinary,Region,Northeast,2609138.64,48317
2025-08,2025-Q3,Dermatology,AllerVet RX,False,Veterinary,Region,South,4207749.83,77921
2025-08,2025-Q3,Dermatology,AllerVet RX,False,Veterinary,Region,Midwest,2530668.21,46864
2025-08,2025-Q3,Dermatology,AllerVet RX,False,Veterinary,Region,West,2804359.78,51933
2025-08,2025-Q3,Dermatology,AllerVet RX,False,Veterinary,National,National,12151916.47,225035
2025-08,2025-Q3,Dermatology,AllerVet RX,False,Retail,Region,Northeast,548846.44,10164
2025-08,2025-Q3,Dermatology,AllerVet RX,False,Retail,Region,South,849906.2,15739
2025-08,2025-Q3,Dermatology,AllerVet RX,False,Retail,Region,Midwest,510584.36,9455
2025-08,2025-Q3,Dermatology,AllerVet RX,False,Retail,Region,West,565993.05,10481
2025-08,2025-Q3,Dermatology,AllerVet RX,False,Retail,National,National,2475330.06,45839
2025-08,2025-Q3,Dermatology,AllerVet RX,False,E-commerce,Region,Northeast,1057102.83,19576
2025-08,2025-Q3,Dermatology,AllerVet RX,False,E-commerce,Region,South,1672919.86,30980
2025-08,2025-Q3,Dermatology,AllerVet RX,False,E-commerce,Region,Midwest,1069555.62,19807
2025-08,2025-Q3,Dermatology,AllerVet RX,False,E-commerce,Region,West,1062034.75,19667
2025-08,2025-Q3,Dermatology,AllerVet RX,False,E-commerce,National,National,4861613.06,90030
2025-09,2025-Q3,Dermatology,AllerVet RX,False,Veterinary,Region,Northeast,2551280.86,47246
2025-09,2025-Q3,Dermatology,AllerVet RX,False,Veterinary,Region,South,3785074.43,70094
2025-09,2025-Q3,Dermatology,AllerVet RX,False,Veterinary,Region,Midwest,2294874.39,42498
2025-09,2025-Q3,Dermatology,AllerVet RX,False,Veterinary,Region,West,2493250.35,46171
2025-09,2025-Q3,Dermatology,AllerVet RX,False,Veterinary,National,National,11124480.02,206009
2025-09,2025-Q3,Dermatology,AllerVet RX,False,Retail,Region,Northeast,505020.7,9352
2025-09,2025-Q3,Dermatology,AllerVet RX,False,Retail,Region,South,771899.15,14294
2025-09,2025-Q3,Dermatology,AllerVet RX,False,Retail,Region,Midwest,497120.7,9206
2025-09,2025-Q3,Dermatology,AllerVet RX,False,Retail,Region,West,512129.16,9484
2025-09,2025-Q3,Dermatology,AllerVet RX,False,Retail,National,National,2286169.7,42336
2025-09,2025-Q3,Dermatology,AllerVet RX,False,E-commerce,Region,Northeast,1022998.47,18944
2025-09,2025-Q3,Dermatology,AllerVet RX,False,E-commerce,Region,South,1615740.01,29921
2025-09,2025-Q3,Dermatology,AllerVet RX,False,E-commerce,Region,Midwest,909882.11,16850
2025-09,2025-Q3,Dermatology,AllerVet RX,False,E-commerce,Region,West,1008425.16,18675
2025-09,2025-Q3,Dermatology,AllerVet RX,False,E-commerce,National,National,4557045.76,84390
2025-10,2025-Q4,Dermatology,AllerVet RX,False,Veterinary,Region,Northeast,2245260.65,41579
2025-10,2025-Q4,Dermatology,AllerVet RX,False,Veterinary,Region,South,3485950.69,64555
2025-10,2025-Q4,Dermatology,AllerVet RX,False,Veterinary,Region,Midwest,2137423.12,39582
2025-10,2025-Q4,Dermatology,AllerVet RX,False,Veterinary,Region,West,2377743.8,44032
2025-10,2025-Q4,Dermatology,AllerVet RX,False,Veterinary,National,National,10246378.26,189748
2025-10,2025-Q4,Dermatology,AllerVet RX,False,Retail,Region,Northeast,447639.17,8290
2025-10,2025-Q4,Dermatology,AllerVet RX,False,Retail,Region,South,683790.87,12663
2025-10,2025-Q4,Dermatology,AllerVet RX,False,Retail,Region,Midwest,444278.59,8227
2025-10,2025-Q4,Dermatology,AllerVet RX,False,Retail,Region,West,482833.69,8941
2025-10,2025-Q4,Dermatology,AllerVet RX,False,Retail,National,National,2058542.32,38121
2025-10,2025-Q4,Dermatology,AllerVet RX,False,E-commerce,Region,Northeast,983692.63,18217
2025-10,2025-Q4,Dermatology,AllerVet RX,False,E-commerce,Region,South,1500007.67,27778
2025-10,2025-Q4,Dermatology,AllerVet RX,False,E-commerce,Region,Midwest,923793.6,17107
2025-10,2025-Q4,Dermatology,AllerVet RX,False,E-commerce,Region,West,1021632.86,18919
2025-10,2025-Q4,Dermatology,AllerVet RX,False,E-commerce,National,National,4429126.75,82021
2025-11,2025-Q4,Dermatology,AllerVet RX,False,Veterinary,Region,Northeast,2002551.22,37084
2025-11,2025-Q4,Dermatology,AllerVet RX,False,Veterinary,Region,South,3167740.86,58662
2025-11,2025-Q4,Dermatology,AllerVet RX,False,Veterinary,Region,Midwest,1994969.38,36944
2025-11,2025-Q4,Dermatology,AllerVet RX,False,Veterinary,Region,West,2166582.84,40122
2025-11,2025-Q4,Dermatology,AllerVet RX,False,Veterinary,National,National,9331844.29,172812
2025-11,2025-Q4,Dermatology,AllerVet RX,False,Retail,Region,Northeast,406293.57,7524
2025-11,2025-Q4,Dermatology,AllerVet RX,False,Retail,Region,South,628395.25,11637
2025-11,2025-Q4,Dermatology,AllerVet RX,False,Retail,Region,Midwest,393233.47,7282
2025-11,2025-Q4,Dermatology,AllerVet RX,False,Retail,Region,West,412650.01,7642
2025-11,2025-Q4,Dermatology,AllerVet RX,False,Retail,National,National,1840572.29,34085
2025-11,2025-Q4,Dermatology,AllerVet RX,False,E-commerce,Region,Northeast,891757.09,16514
2025-11,2025-Q4,Dermatology,AllerVet RX,False,E-commerce,Region,South,1375094.94,25465
2025-11,2025-Q4,Dermatology,AllerVet RX,False,E-commerce,Region,Midwest,853226.86,15800
2025-11,2025-Q4,Dermatology,AllerVet RX,False,E-commerce,Region,West,936242.83,17338
2025-11,2025-Q4,Dermatology,AllerVet RX,False,E-commerce,National,National,4056321.73,75117
2025-12,2025-Q4,Dermatology,AllerVet RX,False,Veterinary,Region,Northeast,1851282.56,34283
2025-12,2025-Q4,Dermatology,AllerVet RX,False,Veterinary,Region,South,3052967.86,56536
2025-12,2025-Q4,Dermatology,AllerVet RX,False,Veterinary,Region,Midwest,1792654.46,33197
2025-12,2025-Q4,Dermatology,AllerVet RX,False,Veterinary,Region,West,1992748.94,36903
2025-12,2025-Q4,Dermatology,AllerVet RX,False,Veterinary,National,National,8689653.81,160920
2025-12,2025-Q4,Dermatology,AllerVet RX,False,Retail,Region,Northeast,392544.62,7269
2025-12,2025-Q4,Dermatology,AllerVet RX,False,Retail,Region,South,630703.94,11680
2025-12,2025-Q4,Dermatology,AllerVet RX,False,Retail,Region,Midwest,379937.95,7036
2025-12,2025-Q4,Dermatology,AllerVet RX,False,Retail,Region,West,414889.9,7683
2025-12,2025-Q4,Dermatology,AllerVet RX,False,Retail,National,National,1818076.41,33668
2025-12,2025-Q4,Dermatology,AllerVet RX,False,E-commerce,Region,Northeast,904075.95,16742
2025-12,2025-Q4,Dermatology,AllerVet RX,False,E-commerce,Region,South,1335756.34,24736
2025-12,2025-Q4,Dermatology,AllerVet RX,False,E-commerce,Region,Midwest,795765.68,14736
2025-12,2025-Q4,Dermatology,AllerVet RX,False,E-commerce,Region,West,859599.19,15919
2025-12,2025-Q4,Dermatology,AllerVet RX,False,E-commerce,National,National,3895197.16,72133
2026-01,2026-Q1,Dermatology,AllerVet RX,False,Veterinary,Region,Northeast,1845075.46,34168
2026-01,2026-Q1,Dermatology,AllerVet RX,False,Veterinary,Region,South,2710587.21,50196
2026-01,2026-Q1,Dermatology,AllerVet RX,False,Veterinary,Region,Midwest,1778393.45,32933
2026-01,2026-Q1,Dermatology,AllerVet RX,False,Veterinary,Region,West,1940304.22,35932
2026-01,2026-Q1,Dermatology,AllerVet RX,False,Veterinary,National,National,8274360.34,153229
2026-01,2026-Q1,Dermatology,AllerVet RX,False,Retail,Region,Northeast,360867.28,6683
2026-01,2026-Q1,Dermatology,AllerVet RX,False,Retail,Region,South,571797.3,10589
2026-01,2026-Q1,Dermatology,AllerVet RX,False,Retail,Region,Midwest,357524.24,6621
2026-01,2026-Q1,Dermatology,AllerVet RX,False,Retail,Region,West,378289.22,7005
2026-01,2026-Q1,Dermatology,AllerVet RX,False,Retail,National,National,1668478.05,30898
2026-01,2026-Q1,Dermatology,AllerVet RX,False,E-commerce,Region,Northeast,840043.92,15556
2026-01,2026-Q1,Dermatology,AllerVet RX,False,E-commerce,Region,South,1243008.94,23019
2026-01,2026-Q1,Dermatology,AllerVet RX,False,E-commerce,Region,Midwest,798440.3,14786
2026-01,2026-Q1,Dermatology,AllerVet RX,False,E-commerce,Region,West,896914.04,16610
2026-01,2026-Q1,Dermatology,AllerVet RX,False,E-commerce,National,National,3778407.19,69971
2026-02,2026-Q1,Dermatology,AllerVet RX,False,Veterinary,Region,Northeast,1867626.34,34586
2026-02,2026-Q1,Dermatology,AllerVet RX,False,Veterinary,Region,South,3008967.99,55722
2026-02,2026-Q1,Dermatology,AllerVet RX,False,Veterinary,Region,Midwest,1858054.57,34408
2026-02,2026-Q1,Dermatology,AllerVet RX,False,Veterinary,Region,West,1977625.83,36623
2026-02,2026-Q1,Dermatology,AllerVet RX,False,Veterinary,National,National,8712274.72,161338
2026-02,2026-Q1,Dermatology,AllerVet RX,False,Retail,Region,Northeast,374226.55,6930
2026-02,2026-Q1,Dermatology,AllerVet RX,False,Retail,Region,South,594179.67,11003
2026-02,2026-Q1,Dermatology,AllerVet RX,False,Retail,Region,Midwest,380914.76,7054
2026-02,2026-Q1,Dermatology,AllerVet RX,False,Retail,Region,West,416576.73,7714
2026-02,2026-Q1,Dermatology,AllerVet RX,False,Retail,National,National,1765897.71,32702
2026-02,2026-Q1,Dermatology,AllerVet RX,False,E-commerce,Region,Northeast,918893.54,17017
2026-02,2026-Q1,Dermatology,AllerVet RX,False,E-commerce,Region,South,1368920.85,25350
2026-02,2026-Q1,Dermatology,AllerVet RX,False,E-commerce,Region,Midwest,896549.31,16603
2026-02,2026-Q1,Dermatology,AllerVet RX,False,E-commerce,Region,West,903743.7,16736
2026-02,2026-Q1,Dermatology,AllerVet RX,False,E-commerce,National,National,4088107.4,75706
2026-03,2026-Q1,Dermatology,AllerVet RX,False,Veterinary,Region,Northeast,2086025.42,38630
2026-03,2026-Q1,Dermatology,AllerVet RX,False,Veterinary,Region,South,3392690.17,62828
2026-03,2026-Q1,Dermatology,AllerVet RX,False,Veterinary,Region,Midwest,2007684.56,37179
2026-03,2026-Q1,Dermatology,AllerVet RX,False,Veterinary,Region,West,2128749.63,39421
2026-03,2026-Q1,Dermatology,AllerVet RX,False,Veterinary,National,National,9615149.78,178058
2026-03,2026-Q1,Dermatology,AllerVet RX,False,Retail,Region,Northeast,423300.14,7839
2026-03,2026-Q1,Dermatology,AllerVet RX,False,Retail,Region,South,627617.55,11623
2026-03,2026-Q1,Dermatology,AllerVet RX,False,Retail,Region,Midwest,390651.74,7234
2026-03,2026-Q1,Dermatology,AllerVet RX,False,Retail,Region,West,451563.43,8362
2026-03,2026-Q1,Dermatology,AllerVet RX,False,Retail,National,National,1893132.87,35058
2026-03,2026-Q1,Dermatology,AllerVet RX,False,E-commerce,Region,Northeast,979988.37,18148
2026-03,2026-Q1,Dermatology,AllerVet RX,False,E-commerce,Region,South,1554349.14,28784
2026-03,2026-Q1,Dermatology,AllerVet RX,False,E-commerce,Region,Midwest,911481.39,16879
2026-03,2026-Q1,Dermatology,AllerVet RX,False,E-commerce,Region,West,1065040.29,19723
2026-03,2026-Q1,Dermatology,AllerVet RX,False,E-commerce,National,National,4510859.19,83534
2024-04,2024-Q2,Dermatology,SkinRelief Pro,False,Veterinary,Region,Northeast,1604343.31,32742
2024-04,2024-Q2,Dermatology,SkinRelief Pro,False,Veterinary,Region,South,2563335.61,52313
2024-04,2024-Q2,Dermatology,SkinRelief Pro,False,Veterinary,Region,Midwest,1558747.21,31811
2024-04,2024-Q2,Dermatology,SkinRelief Pro,False,Veterinary,Region,West,1703651.91,34768
2024-04,2024-Q2,Dermatology,SkinRelief Pro,False,Veterinary,National,National,7430078.04,151634
2024-04,2024-Q2,Dermatology,SkinRelief Pro,False,Retail,Region,Northeast,356286.05,7271
2024-04,2024-Q2,Dermatology,SkinRelief Pro,False,Retail,Region,South,548267.47,11189
2024-04,2024-Q2,Dermatology,SkinRelief Pro,False,Retail,Region,Midwest,340898.31,6957
2024-04,2024-Q2,Dermatology,SkinRelief Pro,False,Retail,Region,West,358747.97,7321
2024-04,2024-Q2,Dermatology,SkinRelief Pro,False,Retail,National,National,1604199.8,32739
2024-04,2024-Q2,Dermatology,SkinRelief Pro,False,E-commerce,Region,Northeast,458369.2,9354
2024-04,2024-Q2,Dermatology,SkinRelief Pro,False,E-commerce,Region,South,666557.31,13603
2024-04,2024-Q2,Dermatology,SkinRelief Pro,False,E-commerce,Region,Midwest,424425.69,8662
2024-04,2024-Q2,Dermatology,SkinRelief Pro,False,E-commerce,Region,West,469433.76,9580
2024-04,2024-Q2,Dermatology,SkinRelief Pro,False,E-commerce,National,National,2018785.96,41200
2024-05,2024-Q2,Dermatology,SkinRelief Pro,False,Veterinary,Region,Northeast,1852453.93,37805
2024-05,2024-Q2,Dermatology,SkinRelief Pro,False,Veterinary,Region,South,2852333.87,58211
2024-05,2024-Q2,Dermatology,SkinRelief Pro,False,Veterinary,Region,Midwest,1787854.85,36487
2024-05,2024-Q2,Dermatology,SkinRelief Pro,False,Veterinary,Region,West,1948418.65,39764
2024-05,2024-Q2,Dermatology,SkinRelief Pro,False,Veterinary,National,National,8441061.3,172267
2024-05,2024-Q2,Dermatology,SkinRelief Pro,False,Retail,Region,Northeast,390707.8,7974
2024-05,2024-Q2,Dermatology,SkinRelief Pro,False,Retail,Region,South,578541.63,11807
2024-05,2024-Q2,Dermatology,SkinRelief Pro,False,Retail,Region,Midwest,369644.38,7544
2024-05,2024-Q2,Dermatology,SkinRelief Pro,False,Retail,Region,West,400392.84,8171
2024-05,2024-Q2,Dermatology,SkinRelief Pro,False,Retail,National,National,1739286.65,35496
2024-05,2024-Q2,Dermatology,SkinRelief Pro,False,E-commerce,Region,Northeast,506935.2,10346
2024-05,2024-Q2,Dermatology,SkinRelief Pro,False,E-commerce,Region,South,780893.34,15937
2024-05,2024-Q2,Dermatology,SkinRelief Pro,False,E-commerce,Region,Midwest,449310.87,9170
2024-05,2024-Q2,Dermatology,SkinRelief Pro,False,E-commerce,Region,West,556406.72,11355
2024-05,2024-Q2,Dermatology,SkinRelief Pro,False,E-commerce,National,National,2293546.13,46807
2024-06,2024-Q2,Dermatology,SkinRelief Pro,False,Veterinary,Region,Northeast,1902234.77,38821
2024-06,2024-Q2,Dermatology,SkinRelief Pro,False,Veterinary,Region,South,2982658.3,60871
2024-06,2024-Q2,Dermatology,SkinRelief Pro,False,Veterinary,Region,Midwest,1787109.81,36472
2024-06,2024-Q2,Dermatology,SkinRelief Pro,False,Veterinary,Region,West,2144090.83,43757
2024-06,2024-Q2,Dermatology,SkinRelief Pro,False,Veterinary,National,National,8816093.72,179920
2024-06,2024-Q2,Dermatology,SkinRelief Pro,False,Retail,Region,Northeast,392891.89,8018
2024-06,2024-Q2,Dermatology,SkinRelief Pro,False,Retail,Region,South,606006.53,12367
2024-06,2024-Q2,Dermatology,SkinRelief Pro,False,Retail,Region,Midwest,372625.96,7605
2024-06,2024-Q2,Dermatology,SkinRelief Pro,False,Retail,Region,West,424018.98,8653
2024-06,2024-Q2,Dermatology,SkinRelief Pro,False,Retail,National,National,1795543.36,36644
2024-06,2024-Q2,Dermatology,SkinRelief Pro,False,E-commerce,Region,Northeast,569247.8,11617
2024-06,2024-Q2,Dermatology,SkinRelief Pro,False,E-commerce,Region,South,851296.88,17373
2024-06,2024-Q2,Dermatology,SkinRelief Pro,False,E-commerce,Region,Midwest,509420.58,10396
2024-06,2024-Q2,Dermatology,SkinRelief Pro,False,E-commerce,Region,West,593870.73,12120
2024-06,2024-Q2,Dermatology,SkinRelief Pro,False,E-commerce,National,National,2523835.99,51507
2024-07,2024-Q3,Dermatology,SkinRelief Pro,False,Veterinary,Region,Northeast,1997870.59,40773
2024-07,2024-Q3,Dermatology,SkinRelief Pro,False,Veterinary,Region,South,3149198.54,64269
2024-07,2024-Q3,Dermatology,SkinRelief Pro,False,Veterinary,Region,Midwest,1956985.25,39938
2024-07,2024-Q3,Dermatology,SkinRelief Pro,False,Veterinary,Region,West,2150137.13,43880
2024-07,2024-Q3,Dermatology,SkinRelief Pro,False,Veterinary,National,National,9254191.52,188861
2024-07,2024-Q3,Dermatology,SkinRelief Pro,False,Retail,Region,Northeast,419054.53,8552
2024-07,2024-Q3,Dermatology,SkinRelief Pro,False,Retail,Region,South,648062.97,13226
2024-07,2024-Q3,Dermatology,SkinRelief Pro,False,Retail,Region,Midwest,422340.16,8619
2024-07,2024-Q3,Dermatology,SkinRelief Pro,False,Retail,Region,West,475323.05,9700
2024-07,2024-Q3,Dermatology,SkinRelief Pro,False,Retail,National,National,1964780.71,40098
2024-07,2024-Q3,Dermatology,SkinRelief Pro,False,E-commerce,Region,Northeast,591825.55,12078
2024-07,2024-Q3,Dermatology,SkinRelief Pro,False,E-commerce,Region,South,884879.02,18059
2024-07,2024-Q3,Dermatology,SkinRelief Pro,False,E-commerce,Region,Midwest,544300.21,11108
2024-07,2024-Q3,Dermatology,SkinRelief Pro,False,E-commerce,Region,West,630547.07,12868
2024-07,2024-Q3,Dermatology,SkinRelief Pro,False,E-commerce,National,National,2651551.84,54113
2024-08,2024-Q3,Dermatology,SkinRelief Pro,False,Veterinary,Region,Northeast,1917788.12,39139
2024-08,2024-Q3,Dermatology,SkinRelief Pro,False,Veterinary,Region,South,3015417.68,61539
2024-08,2024-Q3,Dermatology,SkinRelief Pro,False,Veterinary,Region,Midwest,1850687.05,37769
2024-08,2024-Q3,Dermatology,SkinRelief Pro,False,Veterinary,Region,West,1991482.52,40643
2024-08,2024-Q3,Dermatology,SkinRelief Pro,False,Veterinary,National,National,8775375.37,179089
2024-08,2024-Q3,Dermatology,SkinRelief Pro,False,Retail,Region,Northeast,417017.19,8511
2024-08,2024-Q3,Dermatology,SkinRelief Pro,False,Retail,Region,South,625396.19,12763
2024-08,2024-Q3,Dermatology,SkinRelief Pro,False,Retail,Region,Midwest,371933.29,7590
2024-08,2024-Q3,Dermatology,SkinRelief Pro,False,Retail,Region,West,422901.04,8631
2024-08,2024-Q3,Dermatology,SkinRelief Pro,False,Retail,National,National,1837247.71,37495
2024-08,2024-Q3,Dermatology,SkinRelief Pro,False,E-commerce,Region,Northeast,568289.5,11598
2024-08,2024-Q3,Dermatology,SkinRelief Pro,False,E-commerce,Region,South,869461.31,17744
2024-08,2024-Q3,Dermatology,SkinRelief Pro,False,E-commerce,Region,Midwest,538798.61,10996
2024-08,2024-Q3,Dermatology,SkinRelief Pro,False,E-commerce,Region,West,618611.43,12625
2024-08,2024-Q3,Dermatology,SkinRelief Pro,False,E-commerce,National,National,2595160.85,52962
2024-09,2024-Q3,Dermatology,SkinRelief Pro,False,Veterinary,Region,Northeast,1858062.52,37920
2024-09,2024-Q3,Dermatology,SkinRelief Pro,False,Veterinary,Region,South,2965768.74,60526
2024-09,2024-Q3,Dermatology,SkinRelief Pro,False,Veterinary,Region,Midwest,1793623.12,36605
2024-09,2024-Q3,Dermatology,SkinRelief Pro,False,Veterinary,Region,West,1960724.12,40015
2024-09,2024-Q3,Dermatology,SkinRelief Pro,False,Veterinary,National,National,8578178.5,175065
2024-09,2024-Q3,Dermatology,SkinRelief Pro,False,Retail,Region,Northeast,373597.61,7624
2024-09,2024-Q3,Dermatology,SkinRelief Pro,False,Retail,Region,South,630332.61,12864
2024-09,2024-Q3,Dermatology,SkinRelief Pro,False,Retail,Region,Midwest,372811.47,7608
2024-09,2024-Q3,Dermatology,SkinRelief Pro,False,Retail,Region,West,370215.35,7555
2024-09,2024-Q3,Dermatology,SkinRelief Pro,False,Retail,National,National,1746957.04,35652
2024-09,2024-Q3,Dermatology,SkinRelief Pro,False,E-commerce,Region,Northeast,589103.18,12023
2024-09,2024-Q3,Dermatology,SkinRelief Pro,False,E-commerce,Region,South,842348.5,17191
2024-09,2024-Q3,Dermatology,SkinRelief Pro,False,E-commerce,Region,Midwest,518878.45,10589
2024-09,2024-Q3,Dermatology,SkinRelief Pro,False,E-commerce,Region,West,580281.44,11842
2024-09,2024-Q3,Dermatology,SkinRelief Pro,False,E-commerce,National,National,2530611.57,51645
2024-10,2024-Q4,Dermatology,SkinRelief Pro,False,Veterinary,Region,Northeast,1759975.89,35918
2024-10,2024-Q4,Dermatology,SkinRelief Pro,False,Veterinary,Region,South,2759703.05,56320
2024-10,2024-Q4,Dermatology,SkinRelief Pro,False,Veterinary,Region,Midwest,1608959.07,32836
2024-10,2024-Q4,Dermatology,SkinRelief Pro,False,Veterinary,Region,West,1914991.88,39081
2024-10,2024-Q4,Dermatology,SkinRelief Pro,False,Veterinary,National,National,8043629.89,164156
2024-10,2024-Q4,Dermatology,SkinRelief Pro,False,Retail,Region,Northeast,359945.95,7346
2024-10,2024-Q4,Dermatology,SkinRelief Pro,False,Retail,Region,South,539085.81,11002
2024-10,2024-Q4,Dermatology,SkinRelief Pro,False,Retail,Region,Midwest,349736.73,7137
2024-10,2024-Q4,Dermatology,SkinRelief Pro,False,Retail,Region,West,384923.36,7856
2024-10,2024-Q4,Dermatology,SkinRelief Pro,False,Retail,National,National,1633691.84,33341
2024-10,2024-Q4,Dermatology,SkinRelief Pro,False,E-commerce,Region,Northeast,556232.14,11352
2024-10,2024-Q4,Dermatology,SkinRelief Pro,False,E-commerce,Region,South,890664.11,18177
2024-10,2024-Q4,Dermatology,SkinRelief Pro,False,E-commerce,Region,Midwest,538870.7,10997
2024-10,2024-Q4,Dermatology,SkinRelief Pro,False,E-commerce,Region,West,606176.18,12371
2024-10,2024-Q4,Dermatology,SkinRelief Pro,False,E-commerce,National,National,2591943.13,52897
2024-11,2024-Q4,Dermatology,SkinRelief Pro,False,Veterinary,Region,Northeast,1581581.16,32277
2024-11,2024-Q4,Dermatology,SkinRelief Pro,False,Veterinary,Region,South,2499415.34,51008
2024-11,2024-Q4,Dermatology,SkinRelief Pro,False,Veterinary,Region,Midwest,1557049.62,31777
2024-11,2024-Q4,Dermatology,SkinRelief Pro,False,Veterinary,Region,West,1631585.4,33298
2024-11,2024-Q4,Dermatology,SkinRelief Pro,False,Veterinary,National,National,7269631.52,148360
2024-11,2024-Q4,Dermatology,SkinRelief Pro,False,Retail,Region,Northeast,340185.81,6943
2024-11,2024-Q4,Dermatology,SkinRelief Pro,False,Retail,Region,South,499312.43,10190
2024-11,2024-Q4,Dermatology,SkinRelief Pro,False,Retail,Region,Midwest,307379.88,6273
2024-11,2024-Q4,Dermatology,SkinRelief Pro,False,Retail,Region,West,341067.08,6961
2024-11,2024-Q4,Dermatology,SkinRelief Pro,False,Retail,National,National,1487945.2,30366
2024-11,2024-Q4,Dermatology,SkinRelief Pro,False,E-commerce,Region,Northeast,492964.77,10061
2024-11,2024-Q4,Dermatology,SkinRelief Pro,False,E-commerce,Region,South,743316.18,15170
2024-11,2024-Q4,Dermatology,SkinRelief Pro,False,E-commerce,Region,Midwest,512740.72,10464
2024-11,2024-Q4,Dermatology,SkinRelief Pro,False,E-commerce,Region,West,545839.43,11140
2024-11,2024-Q4,Dermatology,SkinRelief Pro,False,E-commerce,National,National,2294861.11,46834
2024-12,2024-Q4,Dermatology,SkinRelief Pro,False,Veterinary,Region,Northeast,1445419.61,29498
2024-12,2024-Q4,Dermatology,SkinRelief Pro,False,Veterinary,Region,South,2266294.78,46251
2024-12,2024-Q4,Dermatology,SkinRelief Pro,False,Veterinary,Region,Midwest,1353952.55,27632
2024-12,2024-Q4,Dermatology,SkinRelief Pro,False,Veterinary,Region,West,1569633.38,32033
2024-12,2024-Q4,Dermatology,SkinRelief Pro,False,Veterinary,National,National,6635300.32,135414
2024-12,2024-Q4,Dermatology,SkinRelief Pro,False,Retail,Region,Northeast,289301.29,5904
2024-12,2024-Q4,Dermatology,SkinRelief Pro,False,Retail,Region,South,467346.34,9538
2024-12,2024-Q4,Dermatology,SkinRelief Pro,False,Retail,Region,Midwest,275008.26,5612
2024-12,2024-Q4,Dermatology,SkinRelief Pro,False,Retail,Region,West,311677.04,6361
2024-12,2024-Q4,Dermatology,SkinRelief Pro,False,Retail,National,National,1343332.94,27415
2024-12,2024-Q4,Dermatology,SkinRelief Pro,False,E-commerce,Region,Northeast,496117.53,10125
2024-12,2024-Q4,Dermatology,SkinRelief Pro,False,E-commerce,Region,South,743089.27,15165
2024-12,2024-Q4,Dermatology,SkinRelief Pro,False,E-commerce,Region,Midwest,445900.07,9100
2024-12,2024-Q4,Dermatology,SkinRelief Pro,False,E-commerce,Region,West,498919.79,10182
2024-12,2024-Q4,Dermatology,SkinRelief Pro,False,E-commerce,National,National,2184026.66,44572
2025-01,2025-Q1,Dermatology,SkinRelief Pro,False,Veterinary,Region,Northeast,1429413.66,29172
2025-01,2025-Q1,Dermatology,SkinRelief Pro,False,Veterinary,Region,South,2211317.87,45129
2025-01,2025-Q1,Dermatology,SkinRelief Pro,False,Veterinary,Region,Midwest,1455252.72,29699
2025-01,2025-Q1,Dermatology,SkinRelief Pro,False,Veterinary,Region,West,1577269.55,32189
2025-01,2025-Q1,Dermatology,SkinRelief Pro,False,Veterinary,National,National,6673253.8,136189
2025-01,2025-Q1,Dermatology,SkinRelief Pro,False,Retail,Region,Northeast,289165.96,5901
2025-01,2025-Q1,Dermatology,SkinRelief Pro,False,Retail,Region,South,437932.45,8937
2025-01,2025-Q1,Dermatology,SkinRelief Pro,False,Retail,Region,Midwest,270782.47,5526
2025-01,2025-Q1,Dermatology,SkinRelief Pro,False,Retail,Region,West,298131.74,6084
2025-01,2025-Q1,Dermatology,SkinRelief Pro,False,Retail,National,National,1296012.62,26449
2025-01,2025-Q1,Dermatology,SkinRelief Pro,False,E-commerce,Region,Northeast,484972.73,9897
2025-01,2025-Q1,Dermatology,SkinRelief Pro,False,E-commerce,Region,South,754225.82,15392
2025-01,2025-Q1,Dermatology,SkinRelief Pro,False,E-commerce,Region,Midwest,447523.41,9133
2025-01,2025-Q1,Dermatology,SkinRelief Pro,False,E-commerce,Region,West,513744.9,10485
2025-01,2025-Q1,Dermatology,SkinRelief Pro,False,E-commerce,National,National,2200466.86,44907
2025-02,2025-Q1,Dermatology,SkinRelief Pro,False,Veterinary,Region,Northeast,1392295.82,28414
2025-02,2025-Q1,Dermatology,SkinRelief Pro,False,Veterinary,Region,South,2246095.85,45839
2025-02,2025-Q1,Dermatology,SkinRelief Pro,False,Veterinary,Region,Midwest,1275213.48,26025
2025-02,2025-Q1,Dermatology,SkinRelief Pro,False,Veterinary,Region,West,1324278.53,27026
2025-02,2025-Q1,Dermatology,SkinRelief Pro,False,Veterinary,National,National,6237883.68,127304
2025-02,2025-Q1,Dermatology,SkinRelief Pro,False,Retail,Region,Northeast,283564.0,5787
2025-02,2025-Q1,Dermatology,SkinRelief Pro,False,Retail,Region,South,445222.53,9086
2025-02,2025-Q1,Dermatology,SkinRelief Pro,False,Retail,Region,Midwest,266029.07,5429
2025-02,2025-Q1,Dermatology,SkinRelief Pro,False,Retail,Region,West,297003.56,6061
2025-02,2025-Q1,Dermatology,SkinRelief Pro,False,Retail,National,National,1291819.15,26364
2025-02,2025-Q1,Dermatology,SkinRelief Pro,False,E-commerce,Region,Northeast,498822.8,10180
2025-02,2025-Q1,Dermatology,SkinRelief Pro,False,E-commerce,Region,South,779775.99,15914
2025-02,2025-Q1,Dermatology,SkinRelief Pro,False,E-commerce,Region,Midwest,466618.25,9523
2025-02,2025-Q1,Dermatology,SkinRelief Pro,False,E-commerce,Region,West,483434.99,9866
2025-02,2025-Q1,Dermatology,SkinRelief Pro,False,E-commerce,National,National,2228652.03,45483
2025-03,2025-Q1,Dermatology,SkinRelief Pro,False,Veterinary,Region,Northeast,1547177.0,31575
2025-03,2025-Q1,Dermatology,SkinRelief Pro,False,Veterinary,Region,South,2463914.37,50284
2025-03,2025-Q1,Dermatology,SkinRelief Pro,False,Veterinary,Region,Midwest,1511514.17,30847
2025-03,2025-Q1,Dermatology,SkinRelief Pro,False,Veterinary,Region,West,1638981.15,33449
2025-03,2025-Q1,Dermatology,SkinRelief Pro,False,Veterinary,National,National,7161586.69,146155
2025-03,2025-Q1,Dermatology,SkinRelief Pro,False,Retail,Region,Northeast,339087.36,6920
2025-03,2025-Q1,Dermatology,SkinRelief Pro,False,Retail,Region,South,497607.38,10155
2025-03,2025-Q1,Dermatology,SkinRelief Pro,False,Retail,Region,Midwest,295710.51,6035
2025-03,2025-Q1,Dermatology,SkinRelief Pro,False,Retail,Region,West,342790.88,6996
2025-03,2025-Q1,Dermatology,SkinRelief Pro,False,Retail,National,National,1475196.13,30106
2025-03,2025-Q1,Dermatology,SkinRelief Pro,False,E-commerce,Region,Northeast,577917.02,11794
2025-03,2025-Q1,Dermatology,SkinRelief Pro,False,E-commerce,Region,South,876471.69,17887
2025-03,2025-Q1,Dermatology,SkinRelief Pro,False,E-commerce,Region,Midwest,527957.47,10775
2025-03,2025-Q1,Dermatology,SkinRelief Pro,False,E-commerce,Region,West,584321.28,11925
2025-03,2025-Q1,Dermatology,SkinRelief Pro,False,E-commerce,National,National,2566667.46,52381
2025-04,2025-Q2,Dermatology,SkinRelief Pro,False,Veterinary,Region,Northeast,1703138.21,34758
2025-04,2025-Q2,Dermatology,SkinRelief Pro,False,Veterinary,Region,South,2616319.16,53394
2025-04,2025-Q2,Dermatology,SkinRelief Pro,False,Veterinary,Region,Midwest,1639768.95,33465
2025-04,2025-Q2,Dermatology,SkinRelief Pro,False,Veterinary,Region,West,1734390.48,35396
2025-04,2025-Q2,Dermatology,SkinRelief Pro,False,Veterinary,National,National,7693616.79,157013
2025-04,2025-Q2,Dermatology,SkinRelief Pro,False,Retail,Region,Northeast,353646.26,7217
2025-04,2025-Q2,Dermatology,SkinRelief Pro,False,Retail,Region,South,529794.21,10812
2025-04,2025-Q2,Dermatology,SkinRelief Pro,False,Retail,Region,Midwest,343907.86,7019
2025-04,2025-Q2,Dermatology,SkinRelief Pro,False,Retail,Region,West,371201.71,7576
2025-04,2025-Q2,Dermatology,SkinRelief Pro,False,Retail,National,National,1598550.04,32623
2025-04,2025-Q2,Dermatology,SkinRelief Pro,False,E-commerce,Region,Northeast,657474.61,13418
2025-04,2025-Q2,Dermatology,SkinRelief Pro,False,E-commerce,Region,South,932390.74,19028
2025-04,2025-Q2,Dermatology,SkinRelief Pro,False,E-commerce,Region,Midwest,625885.87,12773
2025-04,2025-Q2,Dermatology,SkinRelief Pro,False,E-commerce,Region,West,655351.74,13375
2025-04,2025-Q2,Dermatology,SkinRelief Pro,False,E-commerce,National,National,2871102.96,58594
2025-05,2025-Q2,Dermatology,SkinRelief Pro,False,Veterinary,Region,Northeast,1985983.35,40530
2025-05,2025-Q2,Dermatology,SkinRelief Pro,False,Veterinary,Region,South,3075653.32,62768
2025-05,2025-Q2,Dermatology,SkinRelief Pro,False,Veterinary,Region,Midwest,1849837.14,37752
2025-05,2025-Q2,Dermatology,SkinRelief Pro,False,Veterinary,Region,West,2049853.82,41834
2025-05,2025-Q2,Dermatology,SkinRelief Pro,False,Veterinary,National,National,8961327.63,182884
2025-05,2025-Q2,Dermatology,SkinRelief Pro,False,Retail,Region,Northeast,391091.0,7981
2025-05,2025-Q2,Dermatology,SkinRelief Pro,False,Retail,Region,South,619310.68,12639
2025-05,2025-Q2,Dermatology,SkinRelief Pro,False,Retail,Region,Midwest,364328.89,7435
2025-05,2025-Q2,Dermatology,SkinRelief Pro,False,Retail,Region,West,414971.51,8469
2025-05,2025-Q2,Dermatology,SkinRelief Pro,False,Retail,National,National,1789702.08,36525
2025-05,2025-Q2,Dermatology,SkinRelief Pro,False,E-commerce,Region,Northeast,754029.65,15388
2025-05,2025-Q2,Dermatology,SkinRelief Pro,False,E-commerce,Region,South,1180925.84,24101
2025-05,2025-Q2,Dermatology,SkinRelief Pro,False,E-commerce,Region,Midwest,710028.05,14490
2025-05,2025-Q2,Dermatology,SkinRelief Pro,False,E-commerce,Region,West,786539.6,16052
2025-05,2025-Q2,Dermatology,SkinRelief Pro,False,E-commerce,National,National,3431523.15,70031
2025-06,2025-Q2,Dermatology,SkinRelief Pro,False,Veterinary,Region,Northeast,2115703.38,43178
2025-06,2025-Q2,Dermatology,SkinRelief Pro,False,Veterinary,Region,South,3354466.24,68458
2025-06,2025-Q2,Dermatology,SkinRelief Pro,False,Veterinary,Region,Midwest,1954458.99,39887
2025-06,2025-Q2,Dermatology,SkinRelief Pro,False,Veterinary,Region,West,2041959.81,41673
2025-06,2025-Q2,Dermatology,SkinRelief Pro,False,Veterinary,National,National,9466588.43,193196
2025-06,2025-Q2,Dermatology,SkinRelief Pro,False,Retail,Region,Northeast,413136.39,8431
2025-06,2025-Q2,Dermatology,SkinRelief Pro,False,Retail,Region,South,645343.16,13170
2025-06,2025-Q2,Dermatology,SkinRelief Pro,False,Retail,Region,Midwest,386584.99,7889
2025-06,2025-Q2,Dermatology,SkinRelief Pro,False,Retail,Region,West,418532.57,8541
2025-06,2025-Q2,Dermatology,SkinRelief Pro,False,Retail,National,National,1863597.11,38033
2025-06,2025-Q2,Dermatology,SkinRelief Pro,False,E-commerce,Region,Northeast,770920.45,15733
2025-06,2025-Q2,Dermatology,SkinRelief Pro,False,E-commerce,Region,South,1164683.83,23769
2025-06,2025-Q2,Dermatology,SkinRelief Pro,False,E-commerce,Region,Midwest,767375.99,15661
2025-06,2025-Q2,Dermatology,SkinRelief Pro,False,E-commerce,Region,West,859896.9,17549
2025-06,2025-Q2,Dermatology,SkinRelief Pro,False,E-commerce,National,National,3562877.18,72712
2025-07,2025-Q3,Dermatology,SkinRelief Pro,False,Veterinary,Region,Northeast,2015422.62,41131
2025-07,2025-Q3,Dermatology,SkinRelief Pro,False,Veterinary,Region,South,3270942.23,66754
2025-07,2025-Q3,Dermatology,SkinRelief Pro,False,Veterinary,Region,Midwest,1956116.62,39921
2025-07,2025-Q3,Dermatology,SkinRelief Pro,False,Veterinary,Region,West,2217489.96,45255
2025-07,2025-Q3,Dermatology,SkinRelief Pro,False,Veterinary,National,National,9459971.43,193061
2025-07,2025-Q3,Dermatology,SkinRelief Pro,False,Retail,Region,Northeast,414842.75,8466
2025-07,2025-Q3,Dermatology,SkinRelief Pro,False,Retail,Region,South,676735.81,13811
2025-07,2025-Q3,Dermatology,SkinRelief Pro,False,Retail,Region,Midwest,414566.99,8461
2025-07,2025-Q3,Dermatology,SkinRelief Pro,False,Retail,Region,West,440403.33,8988
2025-07,2025-Q3,Dermatology,SkinRelief Pro,False,Retail,National,National,1946548.88,39725
2025-07,2025-Q3,Dermatology,SkinRelief Pro,False,E-commerce,Region,Northeast,833992.86,17020
2025-07,2025-Q3,Dermatology,SkinRelief Pro,False,E-commerce,Region,South,1272089.94,25961
2025-07,2025-Q3,Dermatology,SkinRelief Pro,False,E-commerce,Region,Midwest,824856.08,16834
2025-07,2025-Q3,Dermatology,SkinRelief Pro,False,E-commerce,Region,West,809905.02,16529
2025-07,2025-Q3,Dermatology,SkinRelief Pro,False,E-commerce,National,National,3740843.9,76344
2025-08,2025-Q3,Dermatology,SkinRelief Pro,False,Veterinary,Region,Northeast,2129661.13,43462
2025-08,2025-Q3,Dermatology,SkinRelief Pro,False,Veterinary,Region,South,3138059.16,64042
2025-08,2025-Q3,Dermatology,SkinRelief Pro,False,Veterinary,Region,Midwest,1930434.68,39397
2025-08,2025-Q3,Dermatology,SkinRelief Pro,False,Veterinary,Region,West,2157840.23,44038
2025-08,2025-Q3,Dermatology,SkinRelief Pro,False,Veterinary,National,National,9355995.19,190939
2025-08,2025-Q3,Dermatology,SkinRelief Pro,False,Retail,Region,Northeast,403183.07,8228
2025-08,2025-Q3,Dermatology,SkinRelief Pro,False,Retail,Region,South,630466.58,12867
2025-08,2025-Q3,Dermatology,SkinRelief Pro,False,Retail,Region,Midwest,383616.36,7829
2025-08,2025-Q3,Dermatology,SkinRelief Pro,False,Retail,Region,West,431161.31,8799
2025-08,2025-Q3,Dermatology,SkinRelief Pro,False,Retail,National,National,1848427.32,37723
2025-08,2025-Q3,Dermatology,SkinRelief Pro,False,E-commerce,Region,Northeast,769163.8,15697
2025-08,2025-Q3,Dermatology,SkinRelief Pro,False,E-commerce,Region,South,1245370.56,25416
2025-08,2025-Q3,Dermatology,SkinRelief Pro,False,E-commerce,Region,Midwest,796489.52,16255
2025-08,2025-Q3,Dermatology,SkinRelief Pro,False,E-commerce,Region,West,848228.12,17311
2025-08,2025-Q3,Dermatology,SkinRelief Pro,False,E-commerce,National,National,3659252.0,74679
2025-09,2025-Q3,Dermatology,SkinRelief Pro,False,Veterinary,Region,Northeast,1958881.22,39977
2025-09,2025-Q3,Dermatology,SkinRelief Pro,False,Veterinary,Region,South,3087394.66,63008
2025-09,2025-Q3,Dermatology,SkinRelief Pro,False,Veterinary,Region,Midwest,1780468.71,36336
2025-09,2025-Q3,Dermatology,SkinRelief Pro,False,Veterinary,Region,West,2066226.26,42168
2025-09,2025-Q3,Dermatology,SkinRelief Pro,False,Veterinary,National,National,8892970.84,181489
2025-09,2025-Q3,Dermatology,SkinRelief Pro,False,Retail,Region,Northeast,364491.61,7439
2025-09,2025-Q3,Dermatology,SkinRelief Pro,False,Retail,Region,South,579440.63,11825
2025-09,2025-Q3,Dermatology,SkinRelief Pro,False,Retail,Region,Midwest,373110.05,7614
2025-09,2025-Q3,Dermatology,SkinRelief Pro,False,Retail,Region,West,405288.71,8271
2025-09,2025-Q3,Dermatology,SkinRelief Pro,False,Retail,National,National,1722331.01,35150
2025-09,2025-Q3,Dermatology,SkinRelief Pro,False,E-commerce,Region,Northeast,782860.73,15977
2025-09,2025-Q3,Dermatology,SkinRelief Pro,False,E-commerce,Region,South,1236847.14,25242
2025-09,2025-Q3,Dermatology,SkinRelief Pro,False,E-commerce,Region,Midwest,740086.98,15104
2025-09,2025-Q3,Dermatology,SkinRelief Pro,False,E-commerce,Region,West,834186.57,17024
2025-09,2025-Q3,Dermatology,SkinRelief Pro,False,E-commerce,National,National,3593981.42,73347
2025-10,2025-Q4,Dermatology,SkinRelief Pro,False,Veterinary,Region,Northeast,1717015.8,35041
2025-10,2025-Q4,Dermatology,SkinRelief Pro,False,Veterinary,Region,South,2552361.58,52089
2025-10,2025-Q4,Dermatology,SkinRelief Pro,False,Veterinary,Region,Midwest,1704308.63,34782
2025-10,2025-Q4,Dermatology,SkinRelief Pro,False,Veterinary,Region,West,1781871.49,36365
2025-10,2025-Q4,Dermatology,SkinRelief Pro,False,Veterinary,National,National,7755557.51,158277
2025-10,2025-Q4,Dermatology,SkinRelief Pro,False,Retail,Region,Northeast,363109.69,7410
2025-10,2025-Q4,Dermatology,SkinRelief Pro,False,Retail,Region,South,561204.72,11453
2025-10,2025-Q4,Dermatology,SkinRelief Pro,False,Retail,Region,Midwest,334193.04,6820
2025-10,2025-Q4,Dermatology,SkinRelief Pro,False,Retail,Region,West,369441.61,7540
2025-10,2025-Q4,Dermatology,SkinRelief Pro,False,Retail,National,National,1627949.06,33223
2025-10,2025-Q4,Dermatology,SkinRelief Pro,False,E-commerce,Region,Northeast,736368.95,15028
2025-10,2025-Q4,Dermatology,SkinRelief Pro,False,E-commerce,Region,South,1124351.97,22946
2025-10,2025-Q4,Dermatology,SkinRelief Pro,False,E-commerce,Region,Midwest,668174.99,13636
2025-10,2025-Q4,Dermatology,SkinRelief Pro,False,E-commerce,Region,West,798491.4,16296
2025-10,2025-Q4,Dermatology,SkinRelief Pro,False,E-commerce,National,National,3327387.32,67906
2025-11,2025-Q4,Dermatology,SkinRelief Pro,False,Veterinary,Region,Northeast,1617656.62,33013
2025-11,2025-Q4,Dermatology,SkinRelief Pro,False,Veterinary,Region,South,2482435.58,50662
2025-11,2025-Q4,Dermatology,SkinRelief Pro,False,Veterinary,Region,Midwest,1533191.58,31290
2025-11,2025-Q4,Dermatology,SkinRelief Pro,False,Veterinary,Region,West,1675677.69,34198
2025-11,2025-Q4,Dermatology,SkinRelief Pro,False,Veterinary,National,National,7308961.47,149162
2025-11,2025-Q4,Dermatology,SkinRelief Pro,False,Retail,Region,Northeast,329040.63,6715
2025-11,2025-Q4,Dermatology,SkinRelief Pro,False,Retail,Region,South,482043.97,9838
2025-11,2025-Q4,Dermatology,SkinRelief Pro,False,Retail,Region,Midwest,314817.86,6425
2025-11,2025-Q4,Dermatology,SkinRelief Pro,False,Retail,Region,West,336501.19,6867
2025-11,2025-Q4,Dermatology,SkinRelief Pro,False,Retail,National,National,1462403.66,29845
2025-11,2025-Q4,Dermatology,SkinRelief Pro,False,E-commerce,Region,Northeast,681954.22,13917
2025-11,2025-Q4,Dermatology,SkinRelief Pro,False,E-commerce,Region,South,1039581.36,21216
2025-11,2025-Q4,Dermatology,SkinRelief Pro,False,E-commerce,Region,Midwest,649305.44,13251
2025-11,2025-Q4,Dermatology,SkinRelief Pro,False,E-commerce,Region,West,724486.9,14785
2025-11,2025-Q4,Dermatology,SkinRelief Pro,False,E-commerce,National,National,3095327.92,63170
2025-12,2025-Q4,Dermatology,SkinRelief Pro,False,Veterinary,Region,Northeast,1385789.02,28281
2025-12,2025-Q4,Dermatology,SkinRelief Pro,False,Veterinary,Region,South,2239623.26,45707
2025-12,2025-Q4,Dermatology,SkinRelief Pro,False,Veterinary,Region,Midwest,1424172.46,29065
2025-12,2025-Q4,Dermatology,SkinRelief Pro,False,Veterinary,Region,West,1513926.88,30896
2025-12,2025-Q4,Dermatology,SkinRelief Pro,False,Veterinary,National,National,6563511.62,133949
2025-12,2025-Q4,Dermatology,SkinRelief Pro,False,Retail,Region,Northeast,305564.42,6236
2025-12,2025-Q4,Dermatology,SkinRelief Pro,False,Retail,Region,South,471213.22,9617
2025-12,2025-Q4,Dermatology,SkinRelief Pro,False,Retail,Region,Midwest,291938.42,5958
2025-12,2025-Q4,Dermatology,SkinRelief Pro,False,Retail,Region,West,320200.3,6535
2025-12,2025-Q4,Dermatology,SkinRelief Pro,False,Retail,National,National,1388916.36,28345
2025-12,2025-Q4,Dermatology,SkinRelief Pro,False,E-commerce,Region,Northeast,644072.92,13144
2025-12,2025-Q4,Dermatology,SkinRelief Pro,False,E-commerce,Region,South,1004374.21,20497
2025-12,2025-Q4,Dermatology,SkinRelief Pro,False,E-commerce,Region,Midwest,597492.29,12194
2025-12,2025-Q4,Dermatology,SkinRelief Pro,False,E-commerce,Region,West,614243.96,12536
2025-12,2025-Q4,Dermatology,SkinRelief Pro,False,E-commerce,National,National,2860183.39,58371
2026-01,2026-Q1,Dermatology,SkinRelief Pro,False,Veterinary,Region,Northeast,1433498.64,29255
2026-01,2026-Q1,Dermatology,SkinRelief Pro,False,Veterinary,Region,South,2254226.85,46005
2026-01,2026-Q1,Dermatology,SkinRelief Pro,False,Veterinary,Region,Midwest,1296325.8,26456
2026-01,2026-Q1,Dermatology,SkinRelief Pro,False,Veterinary,Region,West,1575486.59,32153
2026-01,2026-Q1,Dermatology,SkinRelief Pro,False,Veterinary,National,National,6559537.88,133868
2026-01,2026-Q1,Dermatology,SkinRelief Pro,False,Retail,Region,Northeast,292554.25,5970
2026-01,2026-Q1,Dermatology,SkinRelief Pro,False,Retail,Region,South,446820.82,9119
2026-01,2026-Q1,Dermatology,SkinRelief Pro,False,Retail,Region,Midwest,271222.31,5535
2026-01,2026-Q1,Dermatology,SkinRelief Pro,False,Retail,Region,West,300213.08,6127
2026-01,2026-Q1,Dermatology,SkinRelief Pro,False,Retail,National,National,1310810.46,26751
2026-01,2026-Q1,Dermatology,SkinRelief Pro,False,E-commerce,Region,Northeast,639282.48,13047
2026-01,2026-Q1,Dermatology,SkinRelief Pro,False,E-commerce,Region,South,984206.69,20086
2026-01,2026-Q1,Dermatology,SkinRelief Pro,False,E-commerce,Region,Midwest,599589.94,12237
2026-01,2026-Q1,Dermatology,SkinRelief Pro,False,E-commerce,Region,West,681447.65,13907
2026-01,2026-Q1,Dermatology,SkinRelief Pro,False,E-commerce,National,National,2904526.76,59276
2026-02,2026-Q1,Dermatology,SkinRelief Pro,False,Veterinary,Region,Northeast,1528910.51,31202
2026-02,2026-Q1,Dermatology,SkinRelief Pro,False,Veterinary,Region,South,2182438.6,44540
2026-02,2026-Q1,Dermatology,SkinRelief Pro,False,Veterinary,Region,Midwest,1403706.05,28647
2026-02,2026-Q1,Dermatology,SkinRelief Pro,False,Veterinary,Region,West,1516565.03,30950
2026-02,2026-Q1,Dermatology,SkinRelief Pro,False,Veterinary,National,National,6631620.19,135339
2026-02,2026-Q1,Dermatology,SkinRelief Pro,False,Retail,Region,Northeast,301579.44,6155
2026-02,2026-Q1,Dermatology,SkinRelief Pro,False,Retail,Region,South,460633.79,9401
2026-02,2026-Q1,Dermatology,SkinRelief Pro,False,Retail,Region,Midwest,292214.96,5964
2026-02,2026-Q1,Dermatology,SkinRelief Pro,False,Retail,Region,West,329306.31,6721
2026-02,2026-Q1,Dermatology,SkinRelief Pro,False,Retail,National,National,1383734.49,28239
2026-02,2026-Q1,Dermatology,SkinRelief Pro,False,E-commerce,Region,Northeast,680833.53,13895
2026-02,2026-Q1,Dermatology,SkinRelief Pro,False,E-commerce,Region,South,1068892.87,21814
2026-02,2026-Q1,Dermatology,SkinRelief Pro,False,E-commerce,Region,Midwest,635251.02,12964
2026-02,2026-Q1,Dermatology,SkinRelief Pro,False,E-commerce,Region,West,709049.56,14470
2026-02,2026-Q1,Dermatology,SkinRelief Pro,False,E-commerce,National,National,3094026.97,63143
2026-03,2026-Q1,Dermatology,SkinRelief Pro,False,Veterinary,Region,Northeast,1724834.66,35201
2026-03,2026-Q1,Dermatology,SkinRelief Pro,False,Veterinary,Region,South,2419287.77,49373
2026-03,2026-Q1,Dermatology,SkinRelief Pro,False,Veterinary,Region,Midwest,1540936.26,31448
2026-03,2026-Q1,Dermatology,SkinRelief Pro,False,Veterinary,Region,West,1695495.61,34602
2026-03,2026-Q1,Dermatology,SkinRelief Pro,False,Veterinary,National,National,7380554.3,150624
2026-03,2026-Q1,Dermatology,SkinRelief Pro,False,Retail,Region,Northeast,316830.66,6466
2026-03,2026-Q1,Dermatology,SkinRelief Pro,False,Retail,Region,South,506281.69,10332
2026-03,2026-Q1,Dermatology,SkinRelief Pro,False,Retail,Region,Midwest,309563.25,6318
2026-03,2026-Q1,Dermatology,SkinRelief Pro,False,Retail,Region,West,340116.63,6941
2026-03,2026-Q1,Dermatology,SkinRelief Pro,False,Retail,National,National,1472792.24,30057
2026-03,2026-Q1,Dermatology,SkinRelief Pro,False,E-commerce,Region,Northeast,740001.18,15102
2026-03,2026-Q1,Dermatology,SkinRelief Pro,False,E-commerce,Region,South,1194725.36,24382
2026-03,2026-Q1,Dermatology,SkinRelief Pro,False,E-commerce,Region,Midwest,701853.45,14324
2026-03,2026-Q1,Dermatology,SkinRelief Pro,False,E-commerce,Region,West,781941.38,15958
2026-03,2026-Q1,Dermatology,SkinRelief Pro,False,E-commerce,National,National,3418521.37,69766
2024-04,2024-Q2,Dermatology,VetSelect Derma,False,Veterinary,Region,Northeast,1210777.35,31863
2024-04,2024-Q2,Dermatology,VetSelect Derma,False,Veterinary,Region,South,1755468.05,46197
2024-04,2024-Q2,Dermatology,VetSelect Derma,False,Veterinary,Region,Midwest,1129951.17,29736
2024-04,2024-Q2,Dermatology,VetSelect Derma,False,Veterinary,Region,West,1211755.29,31888
2024-04,2024-Q2,Dermatology,VetSelect Derma,False,Veterinary,National,National,5307951.87,139683
2024-04,2024-Q2,Dermatology,VetSelect Derma,False,Retail,Region,Northeast,655750.16,17257
2024-04,2024-Q2,Dermatology,VetSelect Derma,False,Retail,Region,South,985941.51,25946
2024-04,2024-Q2,Dermatology,VetSelect Derma,False,Retail,Region,Midwest,637834.39,16785
2024-04,2024-Q2,Dermatology,VetSelect Derma,False,Retail,Region,West,695301.2,18297
2024-04,2024-Q2,Dermatology,VetSelect Derma,False,Retail,National,National,2974827.27,78285
2024-04,2024-Q2,Dermatology,VetSelect Derma,False,E-commerce,Region,Northeast,383133.96,10082
2024-04,2024-Q2,Dermatology,VetSelect Derma,False,E-commerce,Region,South,603944.76,15893
2024-04,2024-Q2,Dermatology,VetSelect Derma,False,E-commerce,Region,Midwest,368236.08,9690
2024-04,2024-Q2,Dermatology,VetSelect Derma,False,E-commerce,Region,West,411595.47,10831
2024-04,2024-Q2,Dermatology,VetSelect Derma,False,E-commerce,National,National,1766910.26,46498
2024-05,2024-Q2,Dermatology,VetSelect Derma,False,Veterinary,Region,Northeast,1140668.08,30018
2024-05,2024-Q2,Dermatology,VetSelect Derma,False,Veterinary,Region,South,1912827.49,50338
2024-05,2024-Q2,Dermatology,VetSelect Derma,False,Veterinary,Region,Midwest,1158098.39,30476
2024-05,2024-Q2,Dermatology,VetSelect Derma,False,Veterinary,Region,West,1283940.18,33788
2024-05,2024-Q2,Dermatology,VetSelect Derma,False,Veterinary,National,National,5495534.14,144619
2024-05,2024-Q2,Dermatology,VetSelect Derma,False,Retail,Region,Northeast,641592.97,16884
2024-05,2024-Q2,Dermatology,VetSelect Derma,False,Retail,Region,South,987075.87,25976
2024-05,2024-Q2,Dermatology,VetSelect Derma,False,Retail,Region,Midwest,625859.39,16470
2024-05,2024-Q2,Dermatology,VetSelect Derma,False,Retail,Region,West,718071.51,18897
2024-05,2024-Q2,Dermatology,VetSelect Derma,False,Retail,National,National,2972599.74,78226
2024-05,2024-Q2,Dermatology,VetSelect Derma,False,E-commerce,Region,Northeast,421439.28,11091
2024-05,2024-Q2,Dermatology,VetSelect Derma,False,E-commerce,Region,South,653412.62,17195
2024-05,2024-Q2,Dermatology,VetSelect Derma,False,E-commerce,Region,Midwest,415556.85,10936
2024-05,2024-Q2,Dermatology,VetSelect Derma,False,E-commerce,Region,West,444608.3,11700
2024-05,2024-Q2,Dermatology,VetSelect Derma,False,E-commerce,National,National,1935017.05,50922
2024-06,2024-Q2,Dermatology,VetSelect Derma,False,Veterinary,Region,Northeast,1344155.54,35373
2024-06,2024-Q2,Dermatology,VetSelect Derma,False,Veterinary,Region,South,2039300.1,53666
2024-06,2024-Q2,Dermatology,VetSelect Derma,False,Veterinary,Region,Midwest,1326610.32,34911
2024-06,2024-Q2,Dermatology,VetSelect Derma,False,Veterinary,Region,West,1383119.73,36398
2024-06,2024-Q2,Dermatology,VetSelect Derma,False,Veterinary,National,National,6093185.69,160347
2024-06,2024-Q2,Dermatology,VetSelect Derma,False,Retail,Region,Northeast,715605.8,18832
2024-06,2024-Q2,Dermatology,VetSelect Derma,False,Retail,Region,South,1153483.89,30355
2024-06,2024-Q2,Dermatology,VetSelect Derma,False,Retail,Region,Midwest,717997.83,18895
2024-06,2024-Q2,Dermatology,VetSelect Derma,False,Retail,Region,West,753840.04,19838
2024-06,2024-Q2,Dermatology,VetSelect Derma,False,Retail,National,National,3340927.56,87919
2024-06,2024-Q2,Dermatology,VetSelect Derma,False,E-commerce,Region,Northeast,489183.99,12873
2024-06,2024-Q2,Dermatology,VetSelect Derma,False,E-commerce,Region,South,763837.7,20101
2024-06,2024-Q2,Dermatology,VetSelect Derma,False,E-commerce,Region,Midwest,411067.7,10818
2024-06,2024-Q2,Dermatology,VetSelect Derma,False,E-commerce,Region,West,474649.5,12491
2024-06,2024-Q2,Dermatology,VetSelect Derma,False,E-commerce,National,National,2138738.89,56283
2024-07,2024-Q3,Dermatology,VetSelect Derma,False,Veterinary,Region,Northeast,1323414.3,34827
2024-07,2024-Q3,Dermatology,VetSelect Derma,False,Veterinary,Region,South,2210462.12,58170
2024-07,2024-Q3,Dermatology,VetSelect Derma,False,Veterinary,Region,Midwest,1312171.86,34531
2024-07,2024-Q3,Dermatology,VetSelect Derma,False,Veterinary,Region,West,1418965.02,37341
2024-07,2024-Q3,Dermatology,VetSelect Derma,False,Veterinary,National,National,6265013.3,164869
2024-07,2024-Q3,Dermatology,VetSelect Derma,False,Retail,Region,Northeast,754449.01,19854
2024-07,2024-Q3,Dermatology,VetSelect Derma,False,Retail,Region,South,1150547.02,30278
2024-07,2024-Q3,Dermatology,VetSelect Derma,False,Retail,Region,Midwest,704981.81,18552
2024-07,2024-Q3,Dermatology,VetSelect Derma,False,Retail,Region,West,790160.86,20794
2024-07,2024-Q3,Dermatology,VetSelect Derma,False,Retail,National,National,3400138.7,89477
2024-07,2024-Q3,Dermatology,VetSelect Derma,False,E-commerce,Region,Northeast,521052.62,13712
2024-07,2024-Q3,Dermatology,VetSelect Derma,False,E-commerce,Region,South,745460.04,19617
2024-07,2024-Q3,Dermatology,VetSelect Derma,False,E-commerce,Region,Midwest,486328.71,12798
2024-07,2024-Q3,Dermatology,VetSelect Derma,False,E-commerce,Region,West,521692.71,13729
2024-07,2024-Q3,Dermatology,VetSelect Derma,False,E-commerce,National,National,2274534.08,59856
2024-08,2024-Q3,Dermatology,VetSelect Derma,False,Veterinary,Region,Northeast,1295989.89,34105
2024-08,2024-Q3,Dermatology,VetSelect Derma,False,Veterinary,Region,South,2057950.83,54157
2024-08,2024-Q3,Dermatology,VetSelect Derma,False,Veterinary,Region,Midwest,1224916.8,32235
2024-08,2024-Q3,Dermatology,VetSelect Derma,False,Veterinary,Region,West,1385317.81,36456
2024-08,2024-Q3,Dermatology,VetSelect Derma,False,Veterinary,National,National,5964175.32,156952
2024-08,2024-Q3,Dermatology,VetSelect Derma,False,Retail,Region,Northeast,730362.8,19220
2024-08,2024-Q3,Dermatology,VetSelect Derma,False,Retail,Region,South,1080793.11,28442
2024-08,2024-Q3,Dermatology,VetSelect Derma,False,Retail,Region,Midwest,711468.48,18723
2024-08,2024-Q3,Dermatology,VetSelect Derma,False,Retail,Region,West,704653.06,18544
2024-08,2024-Q3,Dermatology,VetSelect Derma,False,Retail,National,National,3227277.46,84928
2024-08,2024-Q3,Dermatology,VetSelect Derma,False,E-commerce,Region,Northeast,501408.05,13195
2024-08,2024-Q3,Dermatology,VetSelect Derma,False,E-commerce,Region,South,748689.67,19702
2024-08,2024-Q3,Dermatology,VetSelect Derma,False,E-commerce,Region,Midwest,487804.87,12837
2024-08,2024-Q3,Dermatology,VetSelect Derma,False,E-commerce,Region,West,524829.74,13811
2024-08,2024-Q3,Dermatology,VetSelect Derma,False,E-commerce,National,National,2262732.33,59546
2024-09,2024-Q3,Dermatology,VetSelect Derma,False,Veterinary,Region,Northeast,1261400.66,33195
2024-09,2024-Q3,Dermatology,VetSelect Derma,False,Veterinary,Region,South,1948798.21,51284
2024-09,2024-Q3,Dermatology,VetSelect Derma,False,Veterinary,Region,Midwest,1252134.43,32951
2024-09,2024-Q3,Dermatology,VetSelect Derma,False,Veterinary,Region,West,1308280.16,34428
2024-09,2024-Q3,Dermatology,VetSelect Derma,False,Veterinary,National,National,5770613.45,151858
2024-09,2024-Q3,Dermatology,VetSelect Derma,False,Retail,Region,Northeast,706575.92,18594
2024-09,2024-Q3,Dermatology,VetSelect Derma,False,Retail,Region,South,1139719.6,29993
2024-09,2024-Q3,Dermatology,VetSelect Derma,False,Retail,Region,Midwest,688464.92,18117
2024-09,2024-Q3,Dermatology,VetSelect Derma,False,Retail,Region,West,783333.05,20614
2024-09,2024-Q3,Dermatology,VetSelect Derma,False,Retail,National,National,3318093.49,87318
2024-09,2024-Q3,Dermatology,VetSelect Derma,False,E-commerce,Region,Northeast,506335.87,13325
2024-09,2024-Q3,Dermatology,VetSelect Derma,False,E-commerce,Region,South,759623.96,19990
2024-09,2024-Q3,Dermatology,VetSelect Derma,False,E-commerce,Region,Midwest,492116.56,12950
2024-09,2024-Q3,Dermatology,VetSelect Derma,False,E-commerce,Region,West,536608.25,14121
2024-09,2024-Q3,Dermatology,VetSelect Derma,False,E-commerce,National,National,2294684.64,60386
2024-10,2024-Q4,Dermatology,VetSelect Derma,False,Veterinary,Region,Northeast,1158224.65,30480
2024-10,2024-Q4,Dermatology,VetSelect Derma,False,Veterinary,Region,South,1757087.27,46239
2024-10,2024-Q4,Dermatology,VetSelect Derma,False,Veterinary,Region,Midwest,1104206.23,29058
2024-10,2024-Q4,Dermatology,VetSelect Derma,False,Veterinary,Region,West,1192729.87,31388
2024-10,2024-Q4,Dermatology,VetSelect Derma,False,Veterinary,National,National,5212248.02,137164
2024-10,2024-Q4,Dermatology,VetSelect Derma,False,Retail,Region,Northeast,635039.58,16712
2024-10,2024-Q4,Dermatology,VetSelect Derma,False,Retail,Region,South,1035181.37,27242
2024-10,2024-Q4,Dermatology,VetSelect Derma,False,Retail,Region,Midwest,616874.8,16234
2024-10,2024-Q4,Dermatology,VetSelect Derma,False,Retail,Region,West,639898.63,16839
2024-10,2024-Q4,Dermatology,VetSelect Derma,False,Retail,National,National,2926994.38,77026
2024-10,2024-Q4,Dermatology,VetSelect Derma,False,E-commerce,Region,Northeast,464237.98,12217
2024-10,2024-Q4,Dermatology,VetSelect Derma,False,E-commerce,Region,South,706601.58,18595
2024-10,2024-Q4,Dermatology,VetSelect Derma,False,E-commerce,Region,Midwest,444518.2,11698
2024-10,2024-Q4,Dermatology,VetSelect Derma,False,E-commerce,Region,West,485795.68,12784
2024-10,2024-Q4,Dermatology,VetSelect Derma,False,E-commerce,National,National,2101153.44,55294
2024-11,2024-Q4,Dermatology,VetSelect Derma,False,Veterinary,Region,Northeast,997313.9,26245
2024-11,2024-Q4,Dermatology,VetSelect Derma,False,Veterinary,Region,South,1547661.23,40728
2024-11,2024-Q4,Dermatology,VetSelect Derma,False,Veterinary,Region,Midwest,1045238.7,27506
2024-11,2024-Q4,Dermatology,VetSelect Derma,False,Veterinary,Region,West,1097745.54,28888
2024-11,2024-Q4,Dermatology,VetSelect Derma,False,Veterinary,National,National,4687959.37,123367
2024-11,2024-Q4,Dermatology,VetSelect Derma,False,Retail,Region,Northeast,613720.01,16151
2024-11,2024-Q4,Dermatology,VetSelect Derma,False,Retail,Region,South,926304.38,24376
2024-11,2024-Q4,Dermatology,VetSelect Derma,False,Retail,Region,Midwest,554207.05,14584
2024-11,2024-Q4,Dermatology,VetSelect Derma,False,Retail,Region,West,585606.8,15411
2024-11,2024-Q4,Dermatology,VetSelect Derma,False,Retail,National,National,2679838.25,70522
2024-11,2024-Q4,Dermatology,VetSelect Derma,False,E-commerce,Region,Northeast,444046.84,11685
2024-11,2024-Q4,Dermatology,VetSelect Derma,False,E-commerce,Region,South,686362.71,18062
2024-11,2024-Q4,Dermatology,VetSelect Derma,False,E-commerce,Region,Midwest,439382.48,11563
2024-11,2024-Q4,Dermatology,VetSelect Derma,False,E-commerce,Region,West,454431.0,11959
2024-11,2024-Q4,Dermatology,VetSelect Derma,False,E-commerce,National,National,2024223.03,53269
2024-12,2024-Q4,Dermatology,VetSelect Derma,False,Veterinary,Region,Northeast,916846.24,24128
2024-12,2024-Q4,Dermatology,VetSelect Derma,False,Veterinary,Region,South,1470933.73,38709
2024-12,2024-Q4,Dermatology,VetSelect Derma,False,Veterinary,Region,Midwest,932192.78,24531
2024-12,2024-Q4,Dermatology,VetSelect Derma,False,Veterinary,Region,West,1002829.21,26390
2024-12,2024-Q4,Dermatology,VetSelect Derma,False,Veterinary,National,National,4322801.96,113758
2024-12,2024-Q4,Dermatology,VetSelect Derma,False,Retail,Region,Northeast,532080.04,14002
2024-12,2024-Q4,Dermatology,VetSelect Derma,False,Retail,Region,South,880362.21,23167
2024-12,2024-Q4,Dermatology,VetSelect Derma,False,Retail,Region,Midwest,546646.7,14385
2024-12,2024-Q4,Dermatology,VetSelect Derma,False,Retail,Region,West,552937.54,14551
2024-12,2024-Q4,Dermatology,VetSelect Derma,False,Retail,National,National,2512026.48,66106
2024-12,2024-Q4,Dermatology,VetSelect Derma,False,E-commerce,Region,Northeast,415861.23,10944
2024-12,2024-Q4,Dermatology,VetSelect Derma,False,E-commerce,Region,South,632555.65,16646
2024-12,2024-Q4,Dermatology,VetSelect Derma,False,E-commerce,Region,Midwest,413413.89,10879
2024-12,2024-Q4,Dermatology,VetSelect Derma,False,E-commerce,Region,West,436565.5,11489
2024-12,2024-Q4,Dermatology,VetSelect Derma,False,E-commerce,National,National,1898396.27,49958
2025-01,2025-Q1,Dermatology,VetSelect Derma,False,Veterinary,Region,Northeast,925057.45,24344
2025-01,2025-Q1,Dermatology,VetSelect Derma,False,Veterinary,Region,South,1529472.65,40249
2025-01,2025-Q1,Dermatology,VetSelect Derma,False,Veterinary,Region,Midwest,900345.69,23693
2025-01,2025-Q1,Dermatology,VetSelect Derma,False,Veterinary,Region,West,1050625.96,27648
2025-01,2025-Q1,Dermatology,VetSelect Derma,False,Veterinary,National,National,4405501.75,115934
2025-01,2025-Q1,Dermatology,VetSelect Derma,False,Retail,Region,Northeast,556175.28,14636
2025-01,2025-Q1,Dermatology,VetSelect Derma,False,Retail,Region,South,816014.01,21474
2025-01,2025-Q1,Dermatology,VetSelect Derma,False,Retail,Region,Midwest,522173.21,13741
2025-01,2025-Q1,Dermatology,VetSelect Derma,False,Retail,Region,West,567115.68,14924
2025-01,2025-Q1,Dermatology,VetSelect Derma,False,Retail,National,National,2461478.17,64776
2025-01,2025-Q1,Dermatology,VetSelect Derma,False,E-commerce,Region,Northeast,415431.55,10932
2025-01,2025-Q1,Dermatology,VetSelect Derma,False,E-commerce,Region,South,660861.27,17391
2025-01,2025-Q1,Dermatology,VetSelect Derma,False,E-commerce,Region,Midwest,398893.52,10497
2025-01,2025-Q1,Dermatology,VetSelect Derma,False,E-commerce,Region,West,437586.46,11515
2025-01,2025-Q1,Dermatology,VetSelect Derma,False,E-commerce,National,National,1912772.8,50336
2025-02,2025-Q1,Dermatology,VetSelect Derma,False,Veterinary,Region,Northeast,934772.83,24599
2025-02,2025-Q1,Dermatology,VetSelect Derma,False,Veterinary,Region,South,1481044.19,38975
2025-02,2025-Q1,Dermatology,VetSelect Derma,False,Veterinary,Region,Midwest,917557.2,24146
2025-02,2025-Q1,Dermatology,VetSelect Derma,False,Veterinary,Region,West,1031848.36,27154
2025-02,2025-Q1,Dermatology,VetSelect Derma,False,Veterinary,National,National,4365222.57,114874
2025-02,2025-Q1,Dermatology,VetSelect Derma,False,Retail,Region,Northeast,521048.64,13712
2025-02,2025-Q1,Dermatology,VetSelect Derma,False,Retail,Region,South,842198.89,22163
2025-02,2025-Q1,Dermatology,VetSelect Derma,False,Retail,Region,Midwest,543221.79,14295
2025-02,2025-Q1,Dermatology,VetSelect Derma,False,Retail,Region,West,556256.9,14638
2025-02,2025-Q1,Dermatology,VetSelect Derma,False,Retail,National,National,2462726.21,64809
2025-02,2025-Q1,Dermatology,VetSelect Derma,False,E-commerce,Region,Northeast,417966.89,10999
2025-02,2025-Q1,Dermatology,VetSelect Derma,False,E-commerce,Region,South,648286.84,17060
2025-02,2025-Q1,Dermatology,VetSelect Derma,False,E-commerce,Region,Midwest,421640.35,11096
2025-02,2025-Q1,Dermatology,VetSelect Derma,False,E-commerce,Region,West,433951.54,11420
2025-02,2025-Q1,Dermatology,VetSelect Derma,False,E-commerce,National,National,1921845.62,50575
2025-03,2025-Q1,Dermatology,VetSelect Derma,False,Veterinary,Region,Northeast,1023515.45,26935
2025-03,2025-Q1,Dermatology,VetSelect Derma,False,Veterinary,Region,South,1586334.86,41746
2025-03,2025-Q1,Dermatology,VetSelect Derma,False,Veterinary,Region,Midwest,987846.29,25996
2025-03,2025-Q1,Dermatology,VetSelect Derma,False,Veterinary,Region,West,1079690.66,28413
2025-03,2025-Q1,Dermatology,VetSelect Derma,False,Veterinary,National,National,4677387.26,123089
2025-03,2025-Q1,Dermatology,VetSelect Derma,False,Retail,Region,Northeast,589092.48,15502
2025-03,2025-Q1,Dermatology,VetSelect Derma,False,Retail,Region,South,919076.31,24186
2025-03,2025-Q1,Dermatology,VetSelect Derma,False,Retail,Region,Midwest,573172.88,15083
2025-03,2025-Q1,Dermatology,VetSelect Derma,False,Retail,Region,West,614263.72,16165
2025-03,2025-Q1,Dermatology,VetSelect Derma,False,Retail,National,National,2695605.4,70937
2025-03,2025-Q1,Dermatology,VetSelect Derma,False,E-commerce,Region,Northeast,490748.67,12914
2025-03,2025-Q1,Dermatology,VetSelect Derma,False,E-commerce,Region,South,737110.69,19398
2025-03,2025-Q1,Dermatology,VetSelect Derma,False,E-commerce,Region,Midwest,455627.78,11990
2025-03,2025-Q1,Dermatology,VetSelect Derma,False,E-commerce,Region,West,506548.16,13330
2025-03,2025-Q1,Dermatology,VetSelect Derma,False,E-commerce,National,National,2190035.3,57633
2025-04,2025-Q2,Dermatology,VetSelect Derma,False,Veterinary,Region,Northeast,1080757.26,28441
2025-04,2025-Q2,Dermatology,VetSelect Derma,False,Veterinary,Region,South,1678120.22,44161
2025-04,2025-Q2,Dermatology,VetSelect Derma,False,Veterinary,Region,Midwest,1025227.52,26980
2025-04,2025-Q2,Dermatology,VetSelect Derma,False,Veterinary,Region,West,1150365.64,30273
2025-04,2025-Q2,Dermatology,VetSelect Derma,False,Veterinary,National,National,4934470.64,129854
2025-04,2025-Q2,Dermatology,VetSelect Derma,False,Retail,Region,Northeast,620482.7,16328
2025-04,2025-Q2,Dermatology,VetSelect Derma,False,Retail,Region,South,953692.82,25097
2025-04,2025-Q2,Dermatology,VetSelect Derma,False,Retail,Region,Midwest,624059.26,16423
2025-04,2025-Q2,Dermatology,VetSelect Derma,False,Retail,Region,West,704714.12,18545
2025-04,2025-Q2,Dermatology,VetSelect Derma,False,Retail,National,National,2902948.9,76393
2025-04,2025-Q2,Dermatology,VetSelect Derma,False,E-commerce,Region,Northeast,542600.71,14279
2025-04,2025-Q2,Dermatology,VetSelect Derma,False,E-commerce,Region,South,821566.7,21620
2025-04,2025-Q2,Dermatology,VetSelect Derma,False,E-commerce,Region,Midwest,519899.23,13682
2025-04,2025-Q2,Dermatology,VetSelect Derma,False,E-commerce,Region,West,556031.33,14632
2025-04,2025-Q2,Dermatology,VetSelect Derma,False,E-commerce,National,National,2440097.97,64213
2025-05,2025-Q2,Dermatology,VetSelect Derma,False,Veterinary,Region,Northeast,1248383.13,32852
2025-05,2025-Q2,Dermatology,VetSelect Derma,False,Veterinary,Region,South,1903511.58,50092
2025-05,2025-Q2,Dermatology,VetSelect Derma,False,Veterinary,Region,Midwest,1109107.68,29187
2025-05,2025-Q2,Dermatology,VetSelect Derma,False,Veterinary,Region,West,1267943.1,33367
2025-05,2025-Q2,Dermatology,VetSelect Derma,False,Veterinary,National,National,5528945.49,145499
2025-05,2025-Q2,Dermatology,VetSelect Derma,False,Retail,Region,Northeast,697498.07,18355
2025-05,2025-Q2,Dermatology,VetSelect Derma,False,Retail,Region,South,1121481.81,29513
2025-05,2025-Q2,Dermatology,VetSelect Derma,False,Retail,Region,Midwest,672921.41,17708
2025-05,2025-Q2,Dermatology,VetSelect Derma,False,Retail,Region,West,707424.83,18616
2025-05,2025-Q2,Dermatology,VetSelect Derma,False,Retail,National,National,3199326.12,84193
2025-05,2025-Q2,Dermatology,VetSelect Derma,False,E-commerce,Region,Northeast,606525.26,15961
2025-05,2025-Q2,Dermatology,VetSelect Derma,False,E-commerce,Region,South,946230.38,24901
2025-05,2025-Q2,Dermatology,VetSelect Derma,False,E-commerce,Region,Midwest,592826.0,15601
2025-05,2025-Q2,Dermatology,VetSelect Derma,False,E-commerce,Region,West,641574.74,16884
2025-05,2025-Q2,Dermatology,VetSelect Derma,False,E-commerce,National,National,2787156.37,73346
2025-06,2025-Q2,Dermatology,VetSelect Derma,False,Veterinary,Region,Northeast,1353566.82,35620
2025-06,2025-Q2,Dermatology,VetSelect Derma,False,Veterinary,Region,South,2232634.25,58754
2025-06,2025-Q2,Dermatology,VetSelect Derma,False,Veterinary,Region,Midwest,1363214.59,35874
2025-06,2025-Q2,Dermatology,VetSelect Derma,False,Veterinary,Region,West,1425205.79,37505
2025-06,2025-Q2,Dermatology,VetSelect Derma,False,Veterinary,National,National,6374621.45,167753
2025-06,2025-Q2,Dermatology,VetSelect Derma,False,Retail,Region,Northeast,799119.44,21029
2025-06,2025-Q2,Dermatology,VetSelect Derma,False,Retail,Region,South,1212015.93,31895
2025-06,2025-Q2,Dermatology,VetSelect Derma,False,Retail,Region,Midwest,762891.84,20076
2025-06,2025-Q2,Dermatology,VetSelect Derma,False,Retail,Region,West,827518.42,21777
2025-06,2025-Q2,Dermatology,VetSelect Derma,False,Retail,National,National,3601545.63,94778
2025-06,2025-Q2,Dermatology,VetSelect Derma,False,E-commerce,Region,Northeast,686210.68,18058
2025-06,2025-Q2,Dermatology,VetSelect Derma,False,E-commerce,Region,South,1074683.57,28281
2025-06,2025-Q2,Dermatology,VetSelect Derma,False,E-commerce,Region,Midwest,643250.09,16928
2025-06,2025-Q2,Dermatology,VetSelect Derma,False,E-commerce,Region,West,751635.97,19780
2025-06,2025-Q2,Dermatology,VetSelect Derma,False,E-commerce,National,National,3155780.32,83047
2025-07,2025-Q3,Dermatology,VetSelect Derma,False,Veterinary,Region,Northeast,1348932.76,35498
2025-07,2025-Q3,Dermatology,VetSelect Derma,False,Veterinary,Region,South,2184227.24,57480
2025-07,2025-Q3,Dermatology,VetSelect Derma,False,Veterinary,Region,Midwest,1273568.03,33515
2025-07,2025-Q3,Dermatology,VetSelect Derma,False,Veterinary,Region,West,1363204.87,35874
2025-07,2025-Q3,Dermatology,VetSelect Derma,False,Veterinary,National,National,6169932.91,162367
2025-07,2025-Q3,Dermatology,VetSelect Derma,False,Retail,Region,Northeast,806064.78,21212
2025-07,2025-Q3,Dermatology,VetSelect Derma,False,Retail,Region,South,1254312.69,33008
2025-07,2025-Q3,Dermatology,VetSelect Derma,False,Retail,Region,Midwest,745318.44,19614
2025-07,2025-Q3,Dermatology,VetSelect Derma,False,Retail,Region,West,847995.91,22316
2025-07,2025-Q3,Dermatology,VetSelect Derma,False,Retail,National,National,3653691.83,96150
2025-07,2025-Q3,Dermatology,VetSelect Derma,False,E-commerce,Region,Northeast,748593.52,19700
2025-07,2025-Q3,Dermatology,VetSelect Derma,False,E-commerce,Region,South,1191397.86,31353
2025-07,2025-Q3,Dermatology,VetSelect Derma,False,E-commerce,Region,Midwest,657200.34,17295
2025-07,2025-Q3,Dermatology,VetSelect Derma,False,E-commerce,Region,West,746391.16,19642
2025-07,2025-Q3,Dermatology,VetSelect Derma,False,E-commerce,National,National,3343582.88,87989
2025-08,2025-Q3,Dermatology,VetSelect Derma,False,Veterinary,Region,Northeast,1403347.36,36930
2025-08,2025-Q3,Dermatology,VetSelect Derma,False,Veterinary,Region,South,1972867.83,51918
2025-08,2025-Q3,Dermatology,VetSelect Derma,False,Veterinary,Region,Midwest,1266533.93,33330
2025-08,2025-Q3,Dermatology,VetSelect Derma,False,Veterinary,Region,West,1356100.07,35687
2025-08,2025-Q3,Dermatology,VetSelect Derma,False,Veterinary,National,National,5998849.19,157864
2025-08,2025-Q3,Dermatology,VetSelect Derma,False,Retail,Region,Northeast,728972.63,19183
2025-08,2025-Q3,Dermatology,VetSelect Derma,False,Retail,Region,South,1156270.97,30428
2025-08,2025-Q3,Dermatology,VetSelect Derma,False,Retail,Region,Midwest,689443.85,18143
2025-08,2025-Q3,Dermatology,VetSelect Derma,False,Retail,Region,West,771956.75,20315
2025-08,2025-Q3,Dermatology,VetSelect Derma,False,Retail,National,National,3346644.2,88070
2025-08,2025-Q3,Dermatology,VetSelect Derma,False,E-commerce,Region,Northeast,675052.3,17765
2025-08,2025-Q3,Dermatology,VetSelect Derma,False,E-commerce,Region,South,1058819.53,27864
2025-08,2025-Q3,Dermatology,VetSelect Derma,False,E-commerce,Region,Midwest,605322.09,15930
2025-08,2025-Q3,Dermatology,VetSelect Derma,False,E-commerce,Region,West,710058.77,18686
2025-08,2025-Q3,Dermatology,VetSelect Derma,False,E-commerce,National,National,3049252.69,80243
2025-09,2025-Q3,Dermatology,VetSelect Derma,False,Veterinary,Region,Northeast,1276567.49,33594
2025-09,2025-Q3,Dermatology,VetSelect Derma,False,Veterinary,Region,South,2050715.07,53966
2025-09,2025-Q3,Dermatology,VetSelect Derma,False,Veterinary,Region,Midwest,1238432.5,32590
2025-09,2025-Q3,Dermatology,VetSelect Derma,False,Veterinary,Region,West,1257502.13,33092
2025-09,2025-Q3,Dermatology,VetSelect Derma,False,Veterinary,National,National,5823217.2,153243
2025-09,2025-Q3,Dermatology,VetSelect Derma,False,Retail,Region,Northeast,745131.23,19609
2025-09,2025-Q3,Dermatology,VetSelect Derma,False,Retail,Region,South,1162674.58,30597
2025-09,2025-Q3,Dermatology,VetSelect Derma,False,Retail,Region,Midwest,751784.7,19784
2025-09,2025-Q3,Dermatology,VetSelect Derma,False,Retail,Region,West,802134.77,21109
2025-09,2025-Q3,Dermatology,VetSelect Derma,False,Retail,National,National,3461725.29,91098
2025-09,2025-Q3,Dermatology,VetSelect Derma,False,E-commerce,Region,Northeast,703928.82,18524
2025-09,2025-Q3,Dermatology,VetSelect Derma,False,E-commerce,Region,South,1117245.93,29401
2025-09,2025-Q3,Dermatology,VetSelect Derma,False,E-commerce,Region,Midwest,679023.01,17869
2025-09,2025-Q3,Dermatology,VetSelect Derma,False,E-commerce,Region,West,737156.17,19399
2025-09,2025-Q3,Dermatology,VetSelect Derma,False,E-commerce,National,National,3237353.94,85194
2025-10,2025-Q4,Dermatology,VetSelect Derma,False,Veterinary,Region,Northeast,1114097.69,29318
2025-10,2025-Q4,Dermatology,VetSelect Derma,False,Veterinary,Region,South,1784824.7,46969
2025-10,2025-Q4,Dermatology,VetSelect Derma,False,Veterinary,Region,Midwest,1150962.71,30288
2025-10,2025-Q4,Dermatology,VetSelect Derma,False,Veterinary,Region,West,1136897.09,29918
2025-10,2025-Q4,Dermatology,VetSelect Derma,False,Veterinary,National,National,5186782.18,136494
2025-10,2025-Q4,Dermatology,VetSelect Derma,False,Retail,Region,Northeast,665932.55,17525
2025-10,2025-Q4,Dermatology,VetSelect Derma,False,Retail,Region,South,1059116.51,27871
2025-10,2025-Q4,Dermatology,VetSelect Derma,False,Retail,Region,Midwest,655582.44,17252
2025-10,2025-Q4,Dermatology,VetSelect Derma,False,Retail,Region,West,705921.82,18577
2025-10,2025-Q4,Dermatology,VetSelect Derma,False,Retail,National,National,3086553.32,81225
2025-10,2025-Q4,Dermatology,VetSelect Derma,False,E-commerce,Region,Northeast,650396.64,17116
2025-10,2025-Q4,Dermatology,VetSelect Derma,False,E-commerce,Region,South,965966.1,25420
2025-10,2025-Q4,Dermatology,VetSelect Derma,False,E-commerce,Region,Midwest,630937.82,16604
2025-10,2025-Q4,Dermatology,VetSelect Derma,False,E-commerce,Region,West,675222.92,17769
2025-10,2025-Q4,Dermatology,VetSelect Derma,False,E-commerce,National,National,2922523.47,76909
2025-11,2025-Q4,Dermatology,VetSelect Derma,False,Veterinary,Region,Northeast,1108574.35,29173
2025-11,2025-Q4,Dermatology,VetSelect Derma,False,Veterinary,Region,South,1698464.28,44696
2025-11,2025-Q4,Dermatology,VetSelect Derma,False,Veterinary,Region,Midwest,1075815.96,28311
2025-11,2025-Q4,Dermatology,VetSelect Derma,False,Veterinary,Region,West,1103022.12,29027
2025-11,2025-Q4,Dermatology,VetSelect Derma,False,Veterinary,National,National,4985876.71,131207
2025-11,2025-Q4,Dermatology,VetSelect Derma,False,Retail,Region,Northeast,631715.18,16624
2025-11,2025-Q4,Dermatology,VetSelect Derma,False,Retail,Region,South,933235.97,24559
2025-11,2025-Q4,Dermatology,VetSelect Derma,False,Retail,Region,Midwest,624239.31,16427
2025-11,2025-Q4,Dermatology,VetSelect Derma,False,Retail,Region,West,699355.42,18404
2025-11,2025-Q4,Dermatology,VetSelect Derma,False,Retail,National,National,2888545.89,76014
2025-11,2025-Q4,Dermatology,VetSelect Derma,False,E-commerce,Region,Northeast,603077.42,15870
2025-11,2025-Q4,Dermatology,VetSelect Derma,False,E-commerce,Region,South,911268.6,23981
2025-11,2025-Q4,Dermatology,VetSelect Derma,False,E-commerce,Region,Midwest,603886.06,15892
2025-11,2025-Q4,Dermatology,VetSelect Derma,False,E-commerce,Region,West,625656.56,16465
2025-11,2025-Q4,Dermatology,VetSelect Derma,False,E-commerce,National,National,2743888.63,72208
2025-12,2025-Q4,Dermatology,VetSelect Derma,False,Veterinary,Region,Northeast,1001846.41,26364
2025-12,2025-Q4,Dermatology,VetSelect Derma,False,Veterinary,Region,South,1464028.53,38527
2025-12,2025-Q4,Dermatology,VetSelect Derma,False,Veterinary,Region,Midwest,908977.64,23920
2025-12,2025-Q4,Dermatology,VetSelect Derma,False,Veterinary,Region,West,1049557.76,27620
2025-12,2025-Q4,Dermatology,VetSelect Derma,False,Veterinary,National,National,4424410.35,116432
2025-12,2025-Q4,Dermatology,VetSelect Derma,False,Retail,Region,Northeast,577025.78,15185
2025-12,2025-Q4,Dermatology,VetSelect Derma,False,Retail,Region,South,848264.37,22323
2025-12,2025-Q4,Dermatology,VetSelect Derma,False,Retail,Region,Midwest,565643.93,14885
2025-12,2025-Q4,Dermatology,VetSelect Derma,False,Retail,Region,West,561781.45,14784
2025-12,2025-Q4,Dermatology,VetSelect Derma,False,Retail,National,National,2552715.53,67177
2025-12,2025-Q4,Dermatology,VetSelect Derma,False,E-commerce,Region,Northeast,572001.18,15053
2025-12,2025-Q4,Dermatology,VetSelect Derma,False,E-commerce,Region,South,870685.34,22913
2025-12,2025-Q4,Dermatology,VetSelect Derma,False,E-commerce,Region,Midwest,521660.88,13728
2025-12,2025-Q4,Dermatology,VetSelect Derma,False,E-commerce,Region,West,566893.62,14918
2025-12,2025-Q4,Dermatology,VetSelect Derma,False,E-commerce,National,National,2531241.02,66612
2026-01,2026-Q1,Dermatology,VetSelect Derma,False,Veterinary,Region,Northeast,966105.64,25424
2026-01,2026-Q1,Dermatology,VetSelect Derma,False,Veterinary,Region,South,1424744.48,37493
2026-01,2026-Q1,Dermatology,VetSelect Derma,False,Veterinary,Region,Midwest,860130.17,22635
2026-01,2026-Q1,Dermatology,VetSelect Derma,False,Veterinary,Region,West,976745.72,25704
2026-01,2026-Q1,Dermatology,VetSelect Derma,False,Veterinary,National,National,4227726.01,111256
2026-01,2026-Q1,Dermatology,VetSelect Derma,False,Retail,Region,Northeast,565923.32,14893
2026-01,2026-Q1,Dermatology,VetSelect Derma,False,Retail,Region,South,852178.48,22426
2026-01,2026-Q1,Dermatology,VetSelect Derma,False,Retail,Region,Midwest,532259.85,14007
2026-01,2026-Q1,Dermatology,VetSelect Derma,False,Retail,Region,West,587354.25,15457
2026-01,2026-Q1,Dermatology,VetSelect Derma,False,Retail,National,National,2537715.9,66782
2026-01,2026-Q1,Dermatology,VetSelect Derma,False,E-commerce,Region,Northeast,546272.33,14376
2026-01,2026-Q1,Dermatology,VetSelect Derma,False,E-commerce,Region,South,850757.91,22388
2026-01,2026-Q1,Dermatology,VetSelect Derma,False,E-commerce,Region,Midwest,518722.66,13651
2026-01,2026-Q1,Dermatology,VetSelect Derma,False,E-commerce,Region,West,553126.0,14556
2026-01,2026-Q1,Dermatology,VetSelect Derma,False,E-commerce,National,National,2468878.91,64970
2026-02,2026-Q1,Dermatology,VetSelect Derma,False,Veterinary,Region,Northeast,954788.18,25126
2026-02,2026-Q1,Dermatology,VetSelect Derma,False,Veterinary,Region,South,1424959.09,37499
2026-02,2026-Q1,Dermatology,VetSelect Derma,False,Veterinary,Region,Midwest,898664.31,23649
2026-02,2026-Q1,Dermatology,VetSelect Derma,False,Veterinary,Region,West,977554.42,25725
2026-02,2026-Q1,Dermatology,VetSelect Derma,False,Veterinary,National,National,4255966.0,111999
2026-02,2026-Q1,Dermatology,VetSelect Derma,False,Retail,Region,Northeast,579082.21,15239
2026-02,2026-Q1,Dermatology,VetSelect Derma,False,Retail,Region,South,876935.49,23077
2026-02,2026-Q1,Dermatology,VetSelect Derma,False,Retail,Region,Midwest,542063.76,14265
2026-02,2026-Q1,Dermatology,VetSelect Derma,False,Retail,Region,West,583223.61,15348
2026-02,2026-Q1,Dermatology,VetSelect Derma,False,Retail,National,National,2581305.07,67929
2026-02,2026-Q1,Dermatology,VetSelect Derma,False,E-commerce,Region,Northeast,570267.31,15007
2026-02,2026-Q1,Dermatology,VetSelect Derma,False,E-commerce,Region,South,875961.92,23052
2026-02,2026-Q1,Dermatology,VetSelect Derma,False,E-commerce,Region,Midwest,550702.16,14492
2026-02,2026-Q1,Dermatology,VetSelect Derma,False,E-commerce,Region,West,567702.36,14940
2026-02,2026-Q1,Dermatology,VetSelect Derma,False,E-commerce,National,National,2564633.75,67490
2026-03,2026-Q1,Dermatology,VetSelect Derma,False,Veterinary,Region,Northeast,1052513.87,27698
2026-03,2026-Q1,Dermatology,VetSelect Derma,False,Veterinary,Region,South,1627853.02,42838
2026-03,2026-Q1,Dermatology,VetSelect Derma,False,Veterinary,Region,Midwest,961593.35,25305
2026-03,2026-Q1,Dermatology,VetSelect Derma,False,Veterinary,Region,West,1074605.04,28279
2026-03,2026-Q1,Dermatology,VetSelect Derma,False,Veterinary,National,National,4716565.28,124120
2026-03,2026-Q1,Dermatology,VetSelect Derma,False,Retail,Region,Northeast,617485.61,16250
2026-03,2026-Q1,Dermatology,VetSelect Derma,False,Retail,Region,South,949685.66,24992
2026-03,2026-Q1,Dermatology,VetSelect Derma,False,Retail,Region,Midwest,574463.04,15117
2026-03,2026-Q1,Dermatology,VetSelect Derma,False,Retail,Region,West,631729.05,16624
2026-03,2026-Q1,Dermatology,VetSelect Derma,False,Retail,National,National,2773363.36,72983
2026-03,2026-Q1,Dermatology,VetSelect Derma,False,E-commerce,Region,Northeast,647931.65,17051
2026-03,2026-Q1,Dermatology,VetSelect Derma,False,E-commerce,Region,South,1012652.72,26649
2026-03,2026-Q1,Dermatology,VetSelect Derma,False,E-commerce,Region,Midwest,621056.69,16344
2026-03,2026-Q1,Dermatology,VetSelect Derma,False,E-commerce,Region,West,659493.32,17355
2026-03,2026-Q1,Dermatology,VetSelect Derma,False,E-commerce,National,National,2941134.37,77398
2024-04,2024-Q2,Pain/Osteoarthritis,Librela,True,Veterinary,Region,Northeast,2159110.3,44981
2024-04,2024-Q2,Pain/Osteoarthritis,Librela,True,Veterinary,Region,South,3306924.1,68894
2024-04,2024-Q2,Pain/Osteoarthritis,Librela,True,Veterinary,Region,Midwest,2015781.06,41995
2024-04,2024-Q2,Pain/Osteoarthritis,Librela,True,Veterinary,Region,West,2236094.92,46585
2024-04,2024-Q2,Pain/Osteoarthritis,Librela,True,Veterinary,National,National,9717910.37,202456
2024-04,2024-Q2,Pain/Osteoarthritis,Librela,True,Retail,Region,Northeast,210644.01,4388
2024-04,2024-Q2,Pain/Osteoarthritis,Librela,True,Retail,Region,South,316927.14,6603
2024-04,2024-Q2,Pain/Osteoarthritis,Librela,True,Retail,Region,Midwest,196108.34,4086
2024-04,2024-Q2,Pain/Osteoarthritis,Librela,True,Retail,Region,West,209107.63,4356
2024-04,2024-Q2,Pain/Osteoarthritis,Librela,True,Retail,National,National,932787.12,19433
2024-04,2024-Q2,Pain/Osteoarthritis,Librela,True,E-commerce,Region,Northeast,402247.58,8380
2024-04,2024-Q2,Pain/Osteoarthritis,Librela,True,E-commerce,Region,South,534657.23,11139
2024-04,2024-Q2,Pain/Osteoarthritis,Librela,True,E-commerce,Region,Midwest,332748.94,6932
2024-04,2024-Q2,Pain/Osteoarthritis,Librela,True,E-commerce,Region,West,381937.22,7957
2024-04,2024-Q2,Pain/Osteoarthritis,Librela,True,E-commerce,National,National,1651590.97,34408
2024-05,2024-Q2,Pain/Osteoarthritis,Librela,True,Veterinary,Region,Northeast,2161854.57,45039
2024-05,2024-Q2,Pain/Osteoarthritis,Librela,True,Veterinary,Region,South,3221159.87,67107
2024-05,2024-Q2,Pain/Osteoarthritis,Librela,True,Veterinary,Region,Midwest,1977022.26,41188
2024-05,2024-Q2,Pain/Osteoarthritis,Librela,True,Veterinary,Region,West,2205148.72,45941
2024-05,2024-Q2,Pain/Osteoarthritis,Librela,True,Veterinary,National,National,9565185.43,199275
2024-05,2024-Q2,Pain/Osteoarthritis,Librela,True,Retail,Region,Northeast,193672.7,4035
2024-05,2024-Q2,Pain/Osteoarthritis,Librela,True,Retail,Region,South,280955.45,5853
2024-05,2024-Q2,Pain/Osteoarthritis,Librela,True,Retail,Region,Midwest,185752.94,3870
2024-05,2024-Q2,Pain/Osteoarthritis,Librela,True,Retail,Region,West,203216.3,4234
2024-05,2024-Q2,Pain/Osteoarthritis,Librela,True,Retail,National,National,863597.39,17992
2024-05,2024-Q2,Pain/Osteoarthritis,Librela,True,E-commerce,Region,Northeast,386652.89,8055
2024-05,2024-Q2,Pain/Osteoarthritis,Librela,True,E-commerce,Region,South,548902.17,11435
2024-05,2024-Q2,Pain/Osteoarthritis,Librela,True,E-commerce,Region,Midwest,359593.97,7492
2024-05,2024-Q2,Pain/Osteoarthritis,Librela,True,E-commerce,Region,West,364038.18,7584
2024-05,2024-Q2,Pain/Osteoarthritis,Librela,True,E-commerce,National,National,1659187.21,34566
2024-06,2024-Q2,Pain/Osteoarthritis,Librela,True,Veterinary,Region,Northeast,1999386.33,41654
2024-06,2024-Q2,Pain/Osteoarthritis,Librela,True,Veterinary,Region,South,3154998.61,65729
2024-06,2024-Q2,Pain/Osteoarthritis,Librela,True,Veterinary,Region,Midwest,1941080.89,40439
2024-06,2024-Q2,Pain/Osteoarthritis,Librela,True,Veterinary,Region,West,2124321.54,44257
2024-06,2024-Q2,Pain/Osteoarthritis,Librela,True,Veterinary,National,National,9219787.37,192079
2024-06,2024-Q2,Pain/Osteoarthritis,Librela,True,Retail,Region,Northeast,186203.27,3879
2024-06,2024-Q2,Pain/Osteoarthritis,Librela,True,Retail,Region,South,281282.43,5860
2024-06,2024-Q2,Pain/Osteoarthritis,Librela,True,Retail,Region,Midwest,176371.85,3674
2024-06,2024-Q2,Pain/Osteoarthritis,Librela,True,Retail,Region,West,189641.97,3951
2024-06,2024-Q2,Pain/Osteoarthritis,Librela,True,Retail,National,National,833499.52,17365
2024-06,2024-Q2,Pain/Osteoarthritis,Librela,True,E-commerce,Region,Northeast,362926.78,7561
2024-06,2024-Q2,Pain/Osteoarthritis,Librela,True,E-commerce,Region,South,535626.08,11159
2024-06,2024-Q2,Pain/Osteoarthritis,Librela,True,E-commerce,Region,Midwest,349401.45,7279
2024-06,2024-Q2,Pain/Osteoarthritis,Librela,True,E-commerce,Region,West,391872.47,8164
2024-06,2024-Q2,Pain/Osteoarthritis,Librela,True,E-commerce,National,National,1639826.78,34163
2024-07,2024-Q3,Pain/Osteoarthritis,Librela,True,Veterinary,Region,Northeast,1971178.03,41066
2024-07,2024-Q3,Pain/Osteoarthritis,Librela,True,Veterinary,Region,South,2944254.64,61339
2024-07,2024-Q3,Pain/Osteoarthritis,Librela,True,Veterinary,Region,Midwest,1801858.2,37539
2024-07,2024-Q3,Pain/Osteoarthritis,Librela,True,Veterinary,Region,West,1967451.08,40989
2024-07,2024-Q3,Pain/Osteoarthritis,Librela,True,Veterinary,National,National,8684741.94,180932
2024-07,2024-Q3,Pain/Osteoarthritis,Librela,True,Retail,Region,Northeast,177228.72,3692
2024-07,2024-Q3,Pain/Osteoarthritis,Librela,True,Retail,Region,South,276536.32,5761
2024-07,2024-Q3,Pain/Osteoarthritis,Librela,True,Retail,Region,Midwest,168900.9,3519
2024-07,2024-Q3,Pain/Osteoarthritis,Librela,True,Retail,Region,West,175737.45,3661
2024-07,2024-Q3,Pain/Osteoarthritis,Librela,True,Retail,National,National,798403.39,16633
2024-07,2024-Q3,Pain/Osteoarthritis,Librela,True,E-commerce,Region,Northeast,373033.68,7772
2024-07,2024-Q3,Pain/Osteoarthritis,Librela,True,E-commerce,Region,South,561549.4,11699
2024-07,2024-Q3,Pain/Osteoarthritis,Librela,True,E-commerce,Region,Midwest,352103.91,7335
2024-07,2024-Q3,Pain/Osteoarthritis,Librela,True,E-commerce,Region,West,375090.43,7814
2024-07,2024-Q3,Pain/Osteoarthritis,Librela,True,E-commerce,National,National,1661777.42,34620
2024-08,2024-Q3,Pain/Osteoarthritis,Librela,True,Veterinary,Region,Northeast,1924709.46,40098
2024-08,2024-Q3,Pain/Osteoarthritis,Librela,True,Veterinary,Region,South,2720925.17,56686
2024-08,2024-Q3,Pain/Osteoarthritis,Librela,True,Veterinary,Region,Midwest,1648364.51,34341
2024-08,2024-Q3,Pain/Osteoarthritis,Librela,True,Veterinary,Region,West,2015519.37,41990
2024-08,2024-Q3,Pain/Osteoarthritis,Librela,True,Veterinary,National,National,8309518.5,173115
2024-08,2024-Q3,Pain/Osteoarthritis,Librela,True,Retail,Region,Northeast,167638.19,3492
2024-08,2024-Q3,Pain/Osteoarthritis,Librela,True,Retail,Region,South,253916.58,5290
2024-08,2024-Q3,Pain/Osteoarthritis,Librela,True,Retail,Region,Midwest,156084.13,3252
2024-08,2024-Q3,Pain/Osteoarthritis,Librela,True,Retail,Region,West,163531.29,3407
2024-08,2024-Q3,Pain/Osteoarthritis,Librela,True,Retail,National,National,741170.19,15441
2024-08,2024-Q3,Pain/Osteoarthritis,Librela,True,E-commerce,Region,Northeast,374494.67,7802
2024-08,2024-Q3,Pain/Osteoarthritis,Librela,True,E-commerce,Region,South,559664.92,11660
2024-08,2024-Q3,Pain/Osteoarthritis,Librela,True,E-commerce,Region,Midwest,343688.62,7160
2024-08,2024-Q3,Pain/Osteoarthritis,Librela,True,E-commerce,Region,West,379920.9,7915
2024-08,2024-Q3,Pain/Osteoarthritis,Librela,True,E-commerce,National,National,1657769.11,34537
2024-09,2024-Q3,Pain/Osteoarthritis,Librela,True,Veterinary,Region,Northeast,1863015.63,38813
2024-09,2024-Q3,Pain/Osteoarthritis,Librela,True,Veterinary,Region,South,2932656.38,61097
2024-09,2024-Q3,Pain/Osteoarthritis,Librela,True,Veterinary,Region,Midwest,1638172.57,34129
2024-09,2024-Q3,Pain/Osteoarthritis,Librela,True,Veterinary,Region,West,1955627.45,40742
2024-09,2024-Q3,Pain/Osteoarthritis,Librela,True,Veterinary,National,National,8389472.02,174781
2024-09,2024-Q3,Pain/Osteoarthritis,Librela,True,Retail,Region,Northeast,170287.98,3548
2024-09,2024-Q3,Pain/Osteoarthritis,Librela,True,Retail,Region,South,258187.0,5379
2024-09,2024-Q3,Pain/Osteoarthritis,Librela,True,Retail,Region,Midwest,154760.67,3224
2024-09,2024-Q3,Pain/Osteoarthritis,Librela,True,Retail,Region,West,173260.92,3610
2024-09,2024-Q3,Pain/Osteoarthritis,Librela,True,Retail,National,National,756496.57,15760
2024-09,2024-Q3,Pain/Osteoarthritis,Librela,True,E-commerce,Region,Northeast,364417.13,7592
2024-09,2024-Q3,Pain/Osteoarthritis,Librela,True,E-commerce,Region,South,577255.3,12026
2024-09,2024-Q3,Pain/Osteoarthritis,Librela,True,E-commerce,Region,Midwest,347070.71,7231
2024-09,2024-Q3,Pain/Osteoarthritis,Librela,True,E-commerce,Region,West,395150.02,8232
2024-09,2024-Q3,Pain/Osteoarthritis,Librela,True,E-commerce,National,National,1683893.16,35081
2024-10,2024-Q4,Pain/Osteoarthritis,Librela,True,Veterinary,Region,Northeast,1923407.25,40071
2024-10,2024-Q4,Pain/Osteoarthritis,Librela,True,Veterinary,Region,South,3125486.75,65114
2024-10,2024-Q4,Pain/Osteoarthritis,Librela,True,Veterinary,Region,Midwest,1856072.47,38668
2024-10,2024-Q4,Pain/Osteoarthritis,Librela,True,Veterinary,Region,West,2075269.06,43235
2024-10,2024-Q4,Pain/Osteoarthritis,Librela,True,Veterinary,National,National,8980235.54,187088
2024-10,2024-Q4,Pain/Osteoarthritis,Librela,True,Retail,Region,Northeast,168544.67,3511
2024-10,2024-Q4,Pain/Osteoarthritis,Librela,True,Retail,Region,South,283393.1,5904
2024-10,2024-Q4,Pain/Osteoarthritis,Librela,True,Retail,Region,Midwest,160106.33,3336
2024-10,2024-Q4,Pain/Osteoarthritis,Librela,True,Retail,Region,West,183875.04,3831
2024-10,2024-Q4,Pain/Osteoarthritis,Librela,True,Retail,National,National,795919.14,16582
2024-10,2024-Q4,Pain/Osteoarthritis,Librela,True,E-commerce,Region,Northeast,402100.13,8377
2024-10,2024-Q4,Pain/Osteoarthritis,Librela,True,E-commerce,Region,South,611320.02,12736
2024-10,2024-Q4,Pain/Osteoarthritis,Librela,True,E-commerce,Region,Midwest,383245.04,7984
2024-10,2024-Q4,Pain/Osteoarthritis,Librela,True,E-commerce,Region,West,438910.61,9144
2024-10,2024-Q4,Pain/Osteoarthritis,Librela,True,E-commerce,National,National,1835575.81,38241
2024-11,2024-Q4,Pain/Osteoarthritis,Librela,True,Veterinary,Region,Northeast,2169622.62,45200
2024-11,2024-Q4,Pain/Osteoarthritis,Librela,True,Veterinary,Region,South,3340812.43,69600
2024-11,2024-Q4,Pain/Osteoarthritis,Librela,True,Veterinary,Region,Midwest,1968300.59,41006
2024-11,2024-Q4,Pain/Osteoarthritis,Librela,True,Veterinary,Region,West,2402003.31,50042
2024-11,2024-Q4,Pain/Osteoarthritis,Librela,True,Veterinary,National,National,9880738.95,205849
2024-11,2024-Q4,Pain/Osteoarthritis,Librela,True,Retail,Region,Northeast,187993.23,3917
2024-11,2024-Q4,Pain/Osteoarthritis,Librela,True,Retail,Region,South,291941.05,6082
2024-11,2024-Q4,Pain/Osteoarthritis,Librela,True,Retail,Region,Midwest,185959.73,3874
2024-11,2024-Q4,Pain/Osteoarthritis,Librela,True,Retail,Region,West,207502.88,4323
2024-11,2024-Q4,Pain/Osteoarthritis,Librela,True,Retail,National,National,873396.89,18196
2024-11,2024-Q4,Pain/Osteoarthritis,Librela,True,E-commerce,Region,Northeast,487517.8,10157
2024-11,2024-Q4,Pain/Osteoarthritis,Librela,True,E-commerce,Region,South,767515.71,15990
2024-11,2024-Q4,Pain/Osteoarthritis,Librela,True,E-commerce,Region,Midwest,455085.58,9481
2024-11,2024-Q4,Pain/Osteoarthritis,Librela,True,E-commerce,Region,West,480383.43,10008
2024-11,2024-Q4,Pain/Osteoarthritis,Librela,True,E-commerce,National,National,2190502.51,45635
2024-12,2024-Q4,Pain/Osteoarthritis,Librela,True,Veterinary,Region,Northeast,2208996.74,46021
2024-12,2024-Q4,Pain/Osteoarthritis,Librela,True,Veterinary,Region,South,3515116.74,73232
2024-12,2024-Q4,Pain/Osteoarthritis,Librela,True,Veterinary,Region,Midwest,2180669.45,45431
2024-12,2024-Q4,Pain/Osteoarthritis,Librela,True,Veterinary,Region,West,2364811.31,49267
2024-12,2024-Q4,Pain/Osteoarthritis,Librela,True,Veterinary,National,National,10269594.23,213950
2024-12,2024-Q4,Pain/Osteoarthritis,Librela,True,Retail,Region,Northeast,184311.06,3840
2024-12,2024-Q4,Pain/Osteoarthritis,Librela,True,Retail,Region,South,296878.96,6185
2024-12,2024-Q4,Pain/Osteoarthritis,Librela,True,Retail,Region,Midwest,194686.39,4056
2024-12,2024-Q4,Pain/Osteoarthritis,Librela,True,Retail,Region,West,201032.63,4188
2024-12,2024-Q4,Pain/Osteoarthritis,Librela,True,Retail,National,National,876909.05,18269
2024-12,2024-Q4,Pain/Osteoarthritis,Librela,True,E-commerce,Region,Northeast,486431.6,10134
2024-12,2024-Q4,Pain/Osteoarthritis,Librela,True,E-commerce,Region,South,815219.45,16984
2024-12,2024-Q4,Pain/Osteoarthritis,Librela,True,E-commerce,Region,Midwest,464410.47,9675
2024-12,2024-Q4,Pain/Osteoarthritis,Librela,True,E-commerce,Region,West,531539.44,11074
2024-12,2024-Q4,Pain/Osteoarthritis,Librela,True,E-commerce,National,National,2297600.96,47867
2025-01,2025-Q1,Pain/Osteoarthritis,Librela,True,Veterinary,Region,Northeast,2498532.38,52053
2025-01,2025-Q1,Pain/Osteoarthritis,Librela,True,Veterinary,Region,South,3726233.91,77630
2025-01,2025-Q1,Pain/Osteoarthritis,Librela,True,Veterinary,Region,Midwest,2172417.17,45259
2025-01,2025-Q1,Pain/Osteoarthritis,Librela,True,Veterinary,Region,West,2488198.41,51837
2025-01,2025-Q1,Pain/Osteoarthritis,Librela,True,Veterinary,National,National,10885381.88,226779
2025-01,2025-Q1,Pain/Osteoarthritis,Librela,True,Retail,Region,Northeast,216891.8,4519
2025-01,2025-Q1,Pain/Osteoarthritis,Librela,True,Retail,Region,South,334689.78,6973
2025-01,2025-Q1,Pain/Osteoarthritis,Librela,True,Retail,Region,Midwest,210256.22,4380
2025-01,2025-Q1,Pain/Osteoarthritis,Librela,True,Retail,Region,West,215077.01,4481
2025-01,2025-Q1,Pain/Osteoarthritis,Librela,True,Retail,National,National,976914.8,20352
2025-01,2025-Q1,Pain/Osteoarthritis,Librela,True,E-commerce,Region,Northeast,554889.11,11560
2025-01,2025-Q1,Pain/Osteoarthritis,Librela,True,E-commerce,Region,South,800026.51,16667
2025-01,2025-Q1,Pain/Osteoarthritis,Librela,True,E-commerce,Region,Midwest,512572.11,10679
2025-01,2025-Q1,Pain/Osteoarthritis,Librela,True,E-commerce,Region,West,585817.8,12205
2025-01,2025-Q1,Pain/Osteoarthritis,Librela,True,E-commerce,National,National,2453305.53,51111
2025-02,2025-Q1,Pain/Osteoarthritis,Librela,True,Veterinary,Region,Northeast,2354900.26,49060
2025-02,2025-Q1,Pain/Osteoarthritis,Librela,True,Veterinary,Region,South,3747447.29,78072
2025-02,2025-Q1,Pain/Osteoarthritis,Librela,True,Veterinary,Region,Midwest,2099573.64,43741
2025-02,2025-Q1,Pain/Osteoarthritis,Librela,True,Veterinary,Region,West,2384400.83,49675
2025-02,2025-Q1,Pain/Osteoarthritis,Librela,True,Veterinary,National,National,10586322.01,220548
2025-02,2025-Q1,Pain/Osteoarthritis,Librela,True,Retail,Region,Northeast,208369.29,4341
2025-02,2025-Q1,Pain/Osteoarthritis,Librela,True,Retail,Region,South,310836.86,6476
2025-02,2025-Q1,Pain/Osteoarthritis,Librela,True,Retail,Region,Midwest,191401.3,3988
2025-02,2025-Q1,Pain/Osteoarthritis,Librela,True,Retail,Region,West,207828.77,4330
2025-02,2025-Q1,Pain/Osteoarthritis,Librela,True,Retail,National,National,918436.23,19134
2025-02,2025-Q1,Pain/Osteoarthritis,Librela,True,E-commerce,Region,Northeast,511439.4,10655
2025-02,2025-Q1,Pain/Osteoarthritis,Librela,True,E-commerce,Region,South,820947.03,17103
2025-02,2025-Q1,Pain/Osteoarthritis,Librela,True,E-commerce,Region,Midwest,528798.62,11017
2025-02,2025-Q1,Pain/Osteoarthritis,Librela,True,E-commerce,Region,West,559090.68,11648
2025-02,2025-Q1,Pain/Osteoarthritis,Librela,True,E-commerce,National,National,2420275.74,50422
2025-03,2025-Q1,Pain/Osteoarthritis,Librela,True,Veterinary,Region,Northeast,2389859.98,49789
2025-03,2025-Q1,Pain/Osteoarthritis,Librela,True,Veterinary,Region,South,3636324.93,75757
2025-03,2025-Q1,Pain/Osteoarthritis,Librela,True,Veterinary,Region,Midwest,2276423.36,47425
2025-03,2025-Q1,Pain/Osteoarthritis,Librela,True,Veterinary,Region,West,2446106.27,50961
2025-03,2025-Q1,Pain/Osteoarthritis,Librela,True,Veterinary,National,National,10748714.54,223932
2025-03,2025-Q1,Pain/Osteoarthritis,Librela,True,Retail,Region,Northeast,197686.88,4118
2025-03,2025-Q1,Pain/Osteoarthritis,Librela,True,Retail,Region,South,318344.19,6632
2025-03,2025-Q1,Pain/Osteoarthritis,Librela,True,Retail,Region,Midwest,195391.51,4071
2025-03,2025-Q1,Pain/Osteoarthritis,Librela,True,Retail,Region,West,209400.05,4363
2025-03,2025-Q1,Pain/Osteoarthritis,Librela,True,Retail,National,National,920822.62,19184
2025-03,2025-Q1,Pain/Osteoarthritis,Librela,True,E-commerce,Region,Northeast,587902.22,12248
2025-03,2025-Q1,Pain/Osteoarthritis,Librela,True,E-commerce,Region,South,865118.18,18023
2025-03,2025-Q1,Pain/Osteoarthritis,Librela,True,E-commerce,Region,Midwest,556718.88,11598
2025-03,2025-Q1,Pain/Osteoarthritis,Librela,True,E-commerce,Region,West,611054.47,12730
2025-03,2025-Q1,Pain/Osteoarthritis,Librela,True,E-commerce,National,National,2620793.75,54600
2025-04,2025-Q2,Pain/Osteoarthritis,Librela,True,Veterinary,Region,Northeast,2400195.06,50004
2025-04,2025-Q2,Pain/Osteoarthritis,Librela,True,Veterinary,Region,South,3758689.33,78306
2025-04,2025-Q2,Pain/Osteoarthritis,Librela,True,Veterinary,Region,Midwest,2272906.7,47352
2025-04,2025-Q2,Pain/Osteoarthritis,Librela,True,Veterinary,Region,West,2378951.67,49561
2025-04,2025-Q2,Pain/Osteoarthritis,Librela,True,Veterinary,National,National,10810742.76,225224
2025-04,2025-Q2,Pain/Osteoarthritis,Librela,True,Retail,Region,Northeast,205675.68,4285
2025-04,2025-Q2,Pain/Osteoarthritis,Librela,True,Retail,Region,South,325520.19,6782
2025-04,2025-Q2,Pain/Osteoarthritis,Librela,True,Retail,Region,Midwest,190699.23,3973
2025-04,2025-Q2,Pain/Osteoarthritis,Librela,True,Retail,Region,West,222811.04,4642
2025-04,2025-Q2,Pain/Osteoarthritis,Librela,True,Retail,National,National,944706.13,19681
2025-04,2025-Q2,Pain/Osteoarthritis,Librela,True,E-commerce,Region,Northeast,597440.05,12447
2025-04,2025-Q2,Pain/Osteoarthritis,Librela,True,E-commerce,Region,South,952347.46,19841
2025-04,2025-Q2,Pain/Osteoarthritis,Librela,True,E-commerce,Region,Midwest,551887.75,11498
2025-04,2025-Q2,Pain/Osteoarthritis,Librela,True,E-commerce,Region,West,591622.23,12325
2025-04,2025-Q2,Pain/Osteoarthritis,Librela,True,E-commerce,National,National,2693297.49,56110
2025-05,2025-Q2,Pain/Osteoarthritis,Librela,True,Veterinary,Region,Northeast,2135565.0,44491
2025-05,2025-Q2,Pain/Osteoarthritis,Librela,True,Veterinary,Region,South,3394014.1,70709
2025-05,2025-Q2,Pain/Osteoarthritis,Librela,True,Veterinary,Region,Midwest,2068789.63,43100
2025-05,2025-Q2,Pain/Osteoarthritis,Librela,True,Veterinary,Region,West,2293626.54,47784
2025-05,2025-Q2,Pain/Osteoarthritis,Librela,True,Veterinary,National,National,9891995.28,206083
2025-05,2025-Q2,Pain/Osteoarthritis,Librela,True,Retail,Region,Northeast,181787.56,3787
2025-05,2025-Q2,Pain/Osteoarthritis,Librela,True,Retail,Region,South,273471.81,5697
2025-05,2025-Q2,Pain/Osteoarthritis,Librela,True,Retail,Region,Midwest,171231.09,3567
2025-05,2025-Q2,Pain/Osteoarthritis,Librela,True,Retail,Region,West,197820.95,4121
2025-05,2025-Q2,Pain/Osteoarthritis,Librela,True,Retail,National,National,824311.42,17173
2025-05,2025-Q2,Pain/Osteoarthritis,Librela,True,E-commerce,Region,Northeast,547039.96,11397
2025-05,2025-Q2,Pain/Osteoarthritis,Librela,True,E-commerce,Region,South,812967.11,16937
2025-05,2025-Q2,Pain/Osteoarthritis,Librela,True,E-commerce,Region,Midwest,491517.21,10240
2025-05,2025-Q2,Pain/Osteoarthritis,Librela,True,E-commerce,Region,West,567454.56,11822
2025-05,2025-Q2,Pain/Osteoarthritis,Librela,True,E-commerce,National,National,2418978.84,50395
2025-06,2025-Q2,Pain/Osteoarthritis,Librela,True,Veterinary,Region,Northeast,1998937.57,41645
2025-06,2025-Q2,Pain/Osteoarthritis,Librela,True,Veterinary,Region,South,3030936.5,63145
2025-06,2025-Q2,Pain/Osteoarthritis,Librela,True,Veterinary,Region,Midwest,2011395.85,41904
2025-06,2025-Q2,Pain/Osteoarthritis,Librela,True,Veterinary,Region,West,2374108.95,49461
2025-06,2025-Q2,Pain/Osteoarthritis,Librela,True,Veterinary,National,National,9415378.87,196154
2025-06,2025-Q2,Pain/Osteoarthritis,Librela,True,Retail,Region,Northeast,175610.06,3659
2025-06,2025-Q2,Pain/Osteoarthritis,Librela,True,Retail,Region,South,256571.17,5345
2025-06,2025-Q2,Pain/Osteoarthritis,Librela,True,Retail,Region,Midwest,162777.86,3391
2025-06,2025-Q2,Pain/Osteoarthritis,Librela,True,Retail,Region,West,178274.12,3714
2025-06,2025-Q2,Pain/Osteoarthritis,Librela,True,Retail,National,National,773233.22,16109
2025-06,2025-Q2,Pain/Osteoarthritis,Librela,True,E-commerce,Region,Northeast,513176.99,10691
2025-06,2025-Q2,Pain/Osteoarthritis,Librela,True,E-commerce,Region,South,789817.29,16455
2025-06,2025-Q2,Pain/Osteoarthritis,Librela,True,E-commerce,Region,Midwest,507100.27,10565
2025-06,2025-Q2,Pain/Osteoarthritis,Librela,True,E-commerce,Region,West,571006.75,11896
2025-06,2025-Q2,Pain/Osteoarthritis,Librela,True,E-commerce,National,National,2381101.31,49606
2025-07,2025-Q3,Pain/Osteoarthritis,Librela,True,Veterinary,Region,Northeast,1944328.13,40507
2025-07,2025-Q3,Pain/Osteoarthritis,Librela,True,Veterinary,Region,South,3114639.75,64888
2025-07,2025-Q3,Pain/Osteoarthritis,Librela,True,Veterinary,Region,Midwest,1924421.07,40092
2025-07,2025-Q3,Pain/Osteoarthritis,Librela,True,Veterinary,Region,West,2014068.02,41960
2025-07,2025-Q3,Pain/Osteoarthritis,Librela,True,Veterinary,National,National,8997456.97,187447
2025-07,2025-Q3,Pain/Osteoarthritis,Librela,True,Retail,Region,Northeast,156178.09,3254
2025-07,2025-Q3,Pain/Osteoarthritis,Librela,True,Retail,Region,South,255367.67,5320
2025-07,2025-Q3,Pain/Osteoarthritis,Librela,True,Retail,Region,Midwest,160006.49,3333
2025-07,2025-Q3,Pain/Osteoarthritis,Librela,True,Retail,Region,West,171529.74,3574
2025-07,2025-Q3,Pain/Osteoarthritis,Librela,True,Retail,National,National,743081.98,15481
2025-07,2025-Q3,Pain/Osteoarthritis,Librela,True,E-commerce,Region,Northeast,542372.09,11299
2025-07,2025-Q3,Pain/Osteoarthritis,Librela,True,E-commerce,Region,South,845200.4,17608
2025-07,2025-Q3,Pain/Osteoarthritis,Librela,True,E-commerce,Region,Midwest,477102.76,9940
2025-07,2025-Q3,Pain/Osteoarthritis,Librela,True,E-commerce,Region,West,555514.72,11573
2025-07,2025-Q3,Pain/Osteoarthritis,Librela,True,E-commerce,National,National,2420189.97,50421
2025-08,2025-Q3,Pain/Osteoarthritis,Librela,True,Veterinary,Region,Northeast,2069335.54,43111
2025-08,2025-Q3,Pain/Osteoarthritis,Librela,True,Veterinary,Region,South,3225310.15,67194
2025-08,2025-Q3,Pain/Osteoarthritis,Librela,True,Veterinary,Region,Midwest,1876636.58,39097
2025-08,2025-Q3,Pain/Osteoarthritis,Librela,True,Veterinary,Region,West,2135035.02,44480
2025-08,2025-Q3,Pain/Osteoarthritis,Librela,True,Veterinary,National,National,9306317.29,193882
2025-08,2025-Q3,Pain/Osteoarthritis,Librela,True,Retail,Region,Northeast,165341.75,3445
2025-08,2025-Q3,Pain/Osteoarthritis,Librela,True,Retail,Region,South,245231.62,5109
2025-08,2025-Q3,Pain/Osteoarthritis,Librela,True,Retail,Region,Midwest,155116.64,3232
2025-08,2025-Q3,Pain/Osteoarthritis,Librela,True,Retail,Region,West,162174.59,3379
2025-08,2025-Q3,Pain/Osteoarthritis,Librela,True,Retail,National,National,727864.59,15164
2025-08,2025-Q3,Pain/Osteoarthritis,Librela,True,E-commerce,Region,Northeast,527308.92,10986
2025-08,2025-Q3,Pain/Osteoarthritis,Librela,True,E-commerce,Region,South,844444.34,17593
2025-08,2025-Q3,Pain/Osteoarthritis,Librela,True,E-commerce,Region,Midwest,532784.4,11100
2025-08,2025-Q3,Pain/Osteoarthritis,Librela,True,E-commerce,Region,West,565669.28,11785
2025-08,2025-Q3,Pain/Osteoarthritis,Librela,True,E-commerce,National,National,2470206.94,51463
2025-09,2025-Q3,Pain/Osteoarthritis,Librela,True,Veterinary,Region,Northeast,2149347.42,44778
2025-09,2025-Q3,Pain/Osteoarthritis,Librela,True,Veterinary,Region,South,3085900.9,64290
2025-09,2025-Q3,Pain/Osteoarthritis,Librela,True,Veterinary,Region,Midwest,1957930.33,40790
2025-09,2025-Q3,Pain/Osteoarthritis,Librela,True,Veterinary,Region,West,2118454.88,44134
2025-09,2025-Q3,Pain/Osteoarthritis,Librela,True,Veterinary,National,National,9311633.52,193992
2025-09,2025-Q3,Pain/Osteoarthritis,Librela,True,Retail,Region,Northeast,168255.53,3505
2025-09,2025-Q3,Pain/Osteoarthritis,Librela,True,Retail,Region,South,259231.16,5401
2025-09,2025-Q3,Pain/Osteoarthritis,Librela,True,Retail,Region,Midwest,153004.45,3188
2025-09,2025-Q3,Pain/Osteoarthritis,Librela,True,Retail,Region,West,176422.79,3675
2025-09,2025-Q3,Pain/Osteoarthritis,Librela,True,Retail,National,National,756913.93,15769
2025-09,2025-Q3,Pain/Osteoarthritis,Librela,True,E-commerce,Region,Northeast,547092.05,11398
2025-09,2025-Q3,Pain/Osteoarthritis,Librela,True,E-commerce,Region,South,911495.61,18989
2025-09,2025-Q3,Pain/Osteoarthritis,Librela,True,E-commerce,Region,Midwest,503977.94,10500
2025-09,2025-Q3,Pain/Osteoarthritis,Librela,True,E-commerce,Region,West,592355.48,12341
2025-09,2025-Q3,Pain/Osteoarthritis,Librela,True,E-commerce,National,National,2554921.09,53228
2025-10,2025-Q4,Pain/Osteoarthritis,Librela,True,Veterinary,Region,Northeast,2117461.93,44114
2025-10,2025-Q4,Pain/Osteoarthritis,Librela,True,Veterinary,Region,South,3231702.79,67327
2025-10,2025-Q4,Pain/Osteoarthritis,Librela,True,Veterinary,Region,Midwest,1850796.87,38558
2025-10,2025-Q4,Pain/Osteoarthritis,Librela,True,Veterinary,Region,West,2082138.77,43378
2025-10,2025-Q4,Pain/Osteoarthritis,Librela,True,Veterinary,National,National,9282100.35,193377
2025-10,2025-Q4,Pain/Osteoarthritis,Librela,True,Retail,Region,Northeast,160810.74,3350
2025-10,2025-Q4,Pain/Osteoarthritis,Librela,True,Retail,Region,South,261966.06,5458
2025-10,2025-Q4,Pain/Osteoarthritis,Librela,True,Retail,Region,Midwest,163900.2,3415
2025-10,2025-Q4,Pain/Osteoarthritis,Librela,True,Retail,Region,West,174636.22,3638
2025-10,2025-Q4,Pain/Osteoarthritis,Librela,True,Retail,National,National,761313.22,15861
2025-10,2025-Q4,Pain/Osteoarthritis,Librela,True,E-commerce,Region,Northeast,613329.76,12778
2025-10,2025-Q4,Pain/Osteoarthritis,Librela,True,E-commerce,Region,South,888527.83,18511
2025-10,2025-Q4,Pain/Osteoarthritis,Librela,True,E-commerce,Region,Midwest,568499.81,11844
2025-10,2025-Q4,Pain/Osteoarthritis,Librela,True,E-commerce,Region,West,617299.45,12860
2025-10,2025-Q4,Pain/Osteoarthritis,Librela,True,E-commerce,National,National,2687656.85,55993
2025-11,2025-Q4,Pain/Osteoarthritis,Librela,True,Veterinary,Region,Northeast,2179701.96,45410
2025-11,2025-Q4,Pain/Osteoarthritis,Librela,True,Veterinary,Region,South,3367970.91,70166
2025-11,2025-Q4,Pain/Osteoarthritis,Librela,True,Veterinary,Region,Midwest,2131498.76,44406
2025-11,2025-Q4,Pain/Osteoarthritis,Librela,True,Veterinary,Region,West,2337214.29,48692
2025-11,2025-Q4,Pain/Osteoarthritis,Librela,True,Veterinary,National,National,10016385.92,208675
2025-11,2025-Q4,Pain/Osteoarthritis,Librela,True,Retail,Region,Northeast,168854.78,3518
2025-11,2025-Q4,Pain/Osteoarthritis,Librela,True,Retail,Region,South,261089.21,5439
2025-11,2025-Q4,Pain/Osteoarthritis,Librela,True,Retail,Region,Midwest,154531.83,3219
2025-11,2025-Q4,Pain/Osteoarthritis,Librela,True,Retail,Region,West,182203.91,3796
2025-11,2025-Q4,Pain/Osteoarthritis,Librela,True,Retail,National,National,766679.73,15972
2025-11,2025-Q4,Pain/Osteoarthritis,Librela,True,E-commerce,Region,Northeast,636869.83,13268
2025-11,2025-Q4,Pain/Osteoarthritis,Librela,True,E-commerce,Region,South,986457.67,20551
2025-11,2025-Q4,Pain/Osteoarthritis,Librela,True,E-commerce,Region,Midwest,619798.21,12912
2025-11,2025-Q4,Pain/Osteoarthritis,Librela,True,E-commerce,Region,West,657964.81,13708
2025-11,2025-Q4,Pain/Osteoarthritis,Librela,True,E-commerce,National,National,2901090.53,60439
2025-12,2025-Q4,Pain/Osteoarthritis,Librela,True,Veterinary,Region,Northeast,2310514.66,48136
2025-12,2025-Q4,Pain/Osteoarthritis,Librela,True,Veterinary,Region,South,3598983.38,74979
2025-12,2025-Q4,Pain/Osteoarthritis,Librela,True,Veterinary,Region,Midwest,2260722.85,47098
2025-12,2025-Q4,Pain/Osteoarthritis,Librela,True,Veterinary,Region,West,2415257.91,50318
2025-12,2025-Q4,Pain/Osteoarthritis,Librela,True,Veterinary,National,National,10585478.81,220531
2025-12,2025-Q4,Pain/Osteoarthritis,Librela,True,Retail,Region,Northeast,178763.33,3724
2025-12,2025-Q4,Pain/Osteoarthritis,Librela,True,Retail,Region,South,268805.19,5600
2025-12,2025-Q4,Pain/Osteoarthritis,Librela,True,Retail,Region,Midwest,170809.83,3559
2025-12,2025-Q4,Pain/Osteoarthritis,Librela,True,Retail,Region,West,179466.84,3739
2025-12,2025-Q4,Pain/Osteoarthritis,Librela,True,Retail,National,National,797845.19,16622
2025-12,2025-Q4,Pain/Osteoarthritis,Librela,True,E-commerce,Region,Northeast,684138.03,14253
2025-12,2025-Q4,Pain/Osteoarthritis,Librela,True,E-commerce,Region,South,1096160.68,22837
2025-12,2025-Q4,Pain/Osteoarthritis,Librela,True,E-commerce,Region,Midwest,669673.73,13952
2025-12,2025-Q4,Pain/Osteoarthritis,Librela,True,E-commerce,Region,West,726280.87,15131
2025-12,2025-Q4,Pain/Osteoarthritis,Librela,True,E-commerce,National,National,3176253.31,66172
2026-01,2026-Q1,Pain/Osteoarthritis,Librela,True,Veterinary,Region,Northeast,2568212.21,53504
2026-01,2026-Q1,Pain/Osteoarthritis,Librela,True,Veterinary,Region,South,3728048.81,77668
2026-01,2026-Q1,Pain/Osteoarthritis,Librela,True,Veterinary,Region,Midwest,2418675.17,50389
2026-01,2026-Q1,Pain/Osteoarthritis,Librela,True,Veterinary,Region,West,2558147.43,53295
2026-01,2026-Q1,Pain/Osteoarthritis,Librela,True,Veterinary,National,National,11273083.62,234856
2026-01,2026-Q1,Pain/Osteoarthritis,Librela,True,Retail,Region,Northeast,191738.63,3995
2026-01,2026-Q1,Pain/Osteoarthritis,Librela,True,Retail,Region,South,292529.51,6094
2026-01,2026-Q1,Pain/Osteoarthritis,Librela,True,Retail,Region,Midwest,178550.15,3720
2026-01,2026-Q1,Pain/Osteoarthritis,Librela,True,Retail,Region,West,200657.23,4180
2026-01,2026-Q1,Pain/Osteoarthritis,Librela,True,Retail,National,National,863475.52,17989
2026-01,2026-Q1,Pain/Osteoarthritis,Librela,True,E-commerce,Region,Northeast,743716.81,15494
2026-01,2026-Q1,Pain/Osteoarthritis,Librela,True,E-commerce,Region,South,1129452.94,23530
2026-01,2026-Q1,Pain/Osteoarthritis,Librela,True,E-commerce,Region,Midwest,713455.91,14864
2026-01,2026-Q1,Pain/Osteoarthritis,Librela,True,E-commerce,Region,West,763048.25,15897
2026-01,2026-Q1,Pain/Osteoarthritis,Librela,True,E-commerce,National,National,3349673.9,69785
2026-02,2026-Q1,Pain/Osteoarthritis,Librela,True,Veterinary,Region,Northeast,2522639.66,52555
2026-02,2026-Q1,Pain/Osteoarthritis,Librela,True,Veterinary,Region,South,3820477.74,79593
2026-02,2026-Q1,Pain/Osteoarthritis,Librela,True,Veterinary,Region,Midwest,2479508.6,51656
2026-02,2026-Q1,Pain/Osteoarthritis,Librela,True,Veterinary,Region,West,2718676.58,56639
2026-02,2026-Q1,Pain/Osteoarthritis,Librela,True,Veterinary,National,National,11541302.58,240444
2026-02,2026-Q1,Pain/Osteoarthritis,Librela,True,Retail,Region,Northeast,191862.12,3997
2026-02,2026-Q1,Pain/Osteoarthritis,Librela,True,Retail,Region,South,295550.42,6157
2026-02,2026-Q1,Pain/Osteoarthritis,Librela,True,Retail,Region,Midwest,189206.42,3942
2026-02,2026-Q1,Pain/Osteoarthritis,Librela,True,Retail,Region,West,200058.9,4168
2026-02,2026-Q1,Pain/Osteoarthritis,Librela,True,Retail,National,National,876677.85,18264
2026-02,2026-Q1,Pain/Osteoarthritis,Librela,True,E-commerce,Region,Northeast,802660.29,16722
2026-02,2026-Q1,Pain/Osteoarthritis,Librela,True,E-commerce,Region,South,1189031.66,24771
2026-02,2026-Q1,Pain/Osteoarthritis,Librela,True,E-commerce,Region,Midwest,773007.4,16104
2026-02,2026-Q1,Pain/Osteoarthritis,Librela,True,E-commerce,Region,West,829127.38,17273
2026-02,2026-Q1,Pain/Osteoarthritis,Librela,True,E-commerce,National,National,3593826.73,74871
2026-03,2026-Q1,Pain/Osteoarthritis,Librela,True,Veterinary,Region,Northeast,2543965.13,52999
2026-03,2026-Q1,Pain/Osteoarthritis,Librela,True,Veterinary,Region,South,3874517.78,80719
2026-03,2026-Q1,Pain/Osteoarthritis,Librela,True,Veterinary,Region,Midwest,2360101.88,49169
2026-03,2026-Q1,Pain/Osteoarthritis,Librela,True,Veterinary,Region,West,2664975.16,55520
2026-03,2026-Q1,Pain/Osteoarthritis,Librela,True,Veterinary,National,National,11443559.96,238407
2026-03,2026-Q1,Pain/Osteoarthritis,Librela,True,Retail,Region,Northeast,187506.36,3906
2026-03,2026-Q1,Pain/Osteoarthritis,Librela,True,Retail,Region,South,282397.36,5883
2026-03,2026-Q1,Pain/Osteoarthritis,Librela,True,Retail,Region,Midwest,188295.11,3923
2026-03,2026-Q1,Pain/Osteoarthritis,Librela,True,Retail,Region,West,204884.69,4268
2026-03,2026-Q1,Pain/Osteoarthritis,Librela,True,Retail,National,National,863083.53,17981
2026-03,2026-Q1,Pain/Osteoarthritis,Librela,True,E-commerce,Region,Northeast,762774.02,15891
2026-03,2026-Q1,Pain/Osteoarthritis,Librela,True,E-commerce,Region,South,1174902.16,24477
2026-03,2026-Q1,Pain/Osteoarthritis,Librela,True,E-commerce,Region,Midwest,740083.42,15418
2026-03,2026-Q1,Pain/Osteoarthritis,Librela,True,E-commerce,Region,West,853273.17,17777
2026-03,2026-Q1,Pain/Osteoarthritis,Librela,True,E-commerce,National,National,3531032.77,73563
2024-04,2024-Q2,Pain/Osteoarthritis,FlexiCare Joint,False,Veterinary,Region,Northeast,1815082.75,41252
2024-04,2024-Q2,Pain/Osteoarthritis,FlexiCare Joint,False,Veterinary,Region,South,2880561.82,65467
2024-04,2024-Q2,Pain/Osteoarthritis,FlexiCare Joint,False,Veterinary,Region,Midwest,1868093.82,42457
2024-04,2024-Q2,Pain/Osteoarthritis,FlexiCare Joint,False,Veterinary,Region,West,1938104.51,44048
2024-04,2024-Q2,Pain/Osteoarthritis,FlexiCare Joint,False,Veterinary,National,National,8501842.9,193224
2024-04,2024-Q2,Pain/Osteoarthritis,FlexiCare Joint,False,Retail,Region,Northeast,262810.54,5973
2024-04,2024-Q2,Pain/Osteoarthritis,FlexiCare Joint,False,Retail,Region,South,404018.95,9182
2024-04,2024-Q2,Pain/Osteoarthritis,FlexiCare Joint,False,Retail,Region,Midwest,242525.88,5512
2024-04,2024-Q2,Pain/Osteoarthritis,FlexiCare Joint,False,Retail,Region,West,272891.64,6202
2024-04,2024-Q2,Pain/Osteoarthritis,FlexiCare Joint,False,Retail,National,National,1182247.01,26869
2024-04,2024-Q2,Pain/Osteoarthritis,FlexiCare Joint,False,E-commerce,Region,Northeast,418300.2,9507
2024-04,2024-Q2,Pain/Osteoarthritis,FlexiCare Joint,False,E-commerce,Region,South,602344.2,13690
2024-04,2024-Q2,Pain/Osteoarthritis,FlexiCare Joint,False,E-commerce,Region,Midwest,386347.54,8781
2024-04,2024-Q2,Pain/Osteoarthritis,FlexiCare Joint,False,E-commerce,Region,West,417342.21,9485
2024-04,2024-Q2,Pain/Osteoarthritis,FlexiCare Joint,False,E-commerce,National,National,1824334.14,41462
2024-05,2024-Q2,Pain/Osteoarthritis,FlexiCare Joint,False,Veterinary,Region,Northeast,1632297.25,37098
2024-05,2024-Q2,Pain/Osteoarthritis,FlexiCare Joint,False,Veterinary,Region,South,2539703.92,57721
2024-05,2024-Q2,Pain/Osteoarthritis,FlexiCare Joint,False,Veterinary,Region,Midwest,1619683.91,36811
2024-05,2024-Q2,Pain/Osteoarthritis,FlexiCare Joint,False,Veterinary,Region,West,1770587.81,40241
2024-05,2024-Q2,Pain/Osteoarthritis,FlexiCare Joint,False,Veterinary,National,National,7562272.89,171870
2024-05,2024-Q2,Pain/Osteoarthritis,FlexiCare Joint,False,Retail,Region,Northeast,237474.2,5397
2024-05,2024-Q2,Pain/Osteoarthritis,FlexiCare Joint,False,Retail,Region,South,354583.22,8059
2024-05,2024-Q2,Pain/Osteoarthritis,FlexiCare Joint,False,Retail,Region,Midwest,226985.26,5159
2024-05,2024-Q2,Pain/Osteoarthritis,FlexiCare Joint,False,Retail,Region,West,247730.57,5630
2024-05,2024-Q2,Pain/Osteoarthritis,FlexiCare Joint,False,Retail,National,National,1066773.25,24245
2024-05,2024-Q2,Pain/Osteoarthritis,FlexiCare Joint,False,E-commerce,Region,Northeast,390897.93,8884
2024-05,2024-Q2,Pain/Osteoarthritis,FlexiCare Joint,False,E-commerce,Region,South,522225.37,11869
2024-05,2024-Q2,Pain/Osteoarthritis,FlexiCare Joint,False,E-commerce,Region,Midwest,352446.16,8010
2024-05,2024-Q2,Pain/Osteoarthritis,FlexiCare Joint,False,E-commerce,Region,West,400670.9,9106
2024-05,2024-Q2,Pain/Osteoarthritis,FlexiCare Joint,False,E-commerce,National,National,1666240.36,37869
2024-06,2024-Q2,Pain/Osteoarthritis,FlexiCare Joint,False,Veterinary,Region,Northeast,1531944.37,34817
2024-06,2024-Q2,Pain/Osteoarthritis,FlexiCare Joint,False,Veterinary,Region,South,2453898.55,55770
2024-06,2024-Q2,Pain/Osteoarthritis,FlexiCare Joint,False,Veterinary,Region,Midwest,1487960.17,33817
2024-06,2024-Q2,Pain/Osteoarthritis,FlexiCare Joint,False,Veterinary,Region,West,1610317.65,36598
2024-06,2024-Q2,Pain/Osteoarthritis,FlexiCare Joint,False,Veterinary,National,National,7084120.74,161003
2024-06,2024-Q2,Pain/Osteoarthritis,FlexiCare Joint,False,Retail,Region,Northeast,219498.56,4989
2024-06,2024-Q2,Pain/Osteoarthritis,FlexiCare Joint,False,Retail,Region,South,318381.72,7236
2024-06,2024-Q2,Pain/Osteoarthritis,FlexiCare Joint,False,Retail,Region,Midwest,205809.99,4677
2024-06,2024-Q2,Pain/Osteoarthritis,FlexiCare Joint,False,Retail,Region,West,217813.12,4950
2024-06,2024-Q2,Pain/Osteoarthritis,FlexiCare Joint,False,Retail,National,National,961503.38,21852
2024-06,2024-Q2,Pain/Osteoarthritis,FlexiCare Joint,False,E-commerce,Region,Northeast,359285.68,8166
2024-06,2024-Q2,Pain/Osteoarthritis,FlexiCare Joint,False,E-commerce,Region,South,547658.21,12447
2024-06,2024-Q2,Pain/Osteoarthritis,FlexiCare Joint,False,E-commerce,Region,Midwest,333314.33,7575
2024-06,2024-Q2,Pain/Osteoarthritis,FlexiCare Joint,False,E-commerce,Region,West,372012.98,8455
2024-06,2024-Q2,Pain/Osteoarthritis,FlexiCare Joint,False,E-commerce,National,National,1612271.2,36643
2024-07,2024-Q3,Pain/Osteoarthritis,FlexiCare Joint,False,Veterinary,Region,Northeast,1516841.02,34474
2024-07,2024-Q3,Pain/Osteoarthritis,FlexiCare Joint,False,Veterinary,Region,South,2309812.6,52496
2024-07,2024-Q3,Pain/Osteoarthritis,FlexiCare Joint,False,Veterinary,Region,Midwest,1403053.97,31888
2024-07,2024-Q3,Pain/Osteoarthritis,FlexiCare Joint,False,Veterinary,Region,West,1594351.13,36235
2024-07,2024-Q3,Pain/Osteoarthritis,FlexiCare Joint,False,Veterinary,National,National,6824058.73,155092
2024-07,2024-Q3,Pain/Osteoarthritis,FlexiCare Joint,False,Retail,Region,Northeast,192623.84,4378
2024-07,2024-Q3,Pain/Osteoarthritis,FlexiCare Joint,False,Retail,Region,South,289160.23,6572
2024-07,2024-Q3,Pain/Osteoarthritis,FlexiCare Joint,False,Retail,Region,Midwest,192202.41,4368
2024-07,2024-Q3,Pain/Osteoarthritis,FlexiCare Joint,False,Retail,Region,West,199288.95,4529
2024-07,2024-Q3,Pain/Osteoarthritis,FlexiCare Joint,False,Retail,National,National,873275.43,19847
2024-07,2024-Q3,Pain/Osteoarthritis,FlexiCare Joint,False,E-commerce,Region,Northeast,338509.07,7693
2024-07,2024-Q3,Pain/Osteoarthritis,FlexiCare Joint,False,E-commerce,Region,South,548675.05,12470
2024-07,2024-Q3,Pain/Osteoarthritis,FlexiCare Joint,False,E-commerce,Region,Midwest,347015.08,7887
2024-07,2024-Q3,Pain/Osteoarthritis,FlexiCare Joint,False,E-commerce,Region,West,360729.7,8198
2024-07,2024-Q3,Pain/Osteoarthritis,FlexiCare Joint,False,E-commerce,National,National,1594928.9,36248
2024-08,2024-Q3,Pain/Osteoarthritis,FlexiCare Joint,False,Veterinary,Region,Northeast,1551012.01,35250
2024-08,2024-Q3,Pain/Osteoarthritis,FlexiCare Joint,False,Veterinary,Region,South,2196203.7,49914
2024-08,2024-Q3,Pain/Osteoarthritis,FlexiCare Joint,False,Veterinary,Region,Midwest,1452535.82,33012
2024-08,2024-Q3,Pain/Osteoarthritis,FlexiCare Joint,False,Veterinary,Region,West,1571414.09,35714
2024-08,2024-Q3,Pain/Osteoarthritis,FlexiCare Joint,False,Veterinary,National,National,6771165.61,153890
2024-08,2024-Q3,Pain/Osteoarthritis,FlexiCare Joint,False,Retail,Region,Northeast,192973.32,4386
2024-08,2024-Q3,Pain/Osteoarthritis,FlexiCare Joint,False,Retail,Region,South,303621.64,6900
2024-08,2024-Q3,Pain/Osteoarthritis,FlexiCare Joint,False,Retail,Region,Midwest,183443.59,4169
2024-08,2024-Q3,Pain/Osteoarthritis,FlexiCare Joint,False,Retail,Region,West,202113.77,4593
2024-08,2024-Q3,Pain/Osteoarthritis,FlexiCare Joint,False,Retail,National,National,882152.31,20049
2024-08,2024-Q3,Pain/Osteoarthritis,FlexiCare Joint,False,E-commerce,Region,Northeast,360885.34,8202
2024-08,2024-Q3,Pain/Osteoarthritis,FlexiCare Joint,False,E-commerce,Region,South,548417.6,12464
2024-08,2024-Q3,Pain/Osteoarthritis,FlexiCare Joint,False,E-commerce,Region,Midwest,328962.54,7476
2024-08,2024-Q3,Pain/Osteoarthritis,FlexiCare Joint,False,E-commerce,Region,West,387126.63,8798
2024-08,2024-Q3,Pain/Osteoarthritis,FlexiCare Joint,False,E-commerce,National,National,1625392.11,36941
2024-09,2024-Q3,Pain/Osteoarthritis,FlexiCare Joint,False,Veterinary,Region,Northeast,1563488.63,35534
2024-09,2024-Q3,Pain/Osteoarthritis,FlexiCare Joint,False,Veterinary,Region,South,2349002.8,53386
2024-09,2024-Q3,Pain/Osteoarthritis,FlexiCare Joint,False,Veterinary,Region,Midwest,1580583.83,35922
2024-09,2024-Q3,Pain/Osteoarthritis,FlexiCare Joint,False,Veterinary,Region,West,1623133.12,36889
2024-09,2024-Q3,Pain/Osteoarthritis,FlexiCare Joint,False,Veterinary,National,National,7116208.39,161732
2024-09,2024-Q3,Pain/Osteoarthritis,FlexiCare Joint,False,Retail,Region,Northeast,193965.37,4408
2024-09,2024-Q3,Pain/Osteoarthritis,FlexiCare Joint,False,Retail,Region,South,299522.8,6807
2024-09,2024-Q3,Pain/Osteoarthritis,FlexiCare Joint,False,Retail,Region,Midwest,187753.3,4267
2024-09,2024-Q3,Pain/Osteoarthritis,FlexiCare Joint,False,Retail,Region,West,208600.2,4741
2024-09,2024-Q3,Pain/Osteoarthritis,FlexiCare Joint,False,Retail,National,National,889841.67,20224
2024-09,2024-Q3,Pain/Osteoarthritis,FlexiCare Joint,False,E-commerce,Region,Northeast,365005.89,8296
2024-09,2024-Q3,Pain/Osteoarthritis,FlexiCare Joint,False,E-commerce,Region,South,573476.09,13034
2024-09,2024-Q3,Pain/Osteoarthritis,FlexiCare Joint,False,E-commerce,Region,Midwest,366755.71,8335
2024-09,2024-Q3,Pain/Osteoarthritis,FlexiCare Joint,False,E-commerce,Region,West,382675.51,8697
2024-09,2024-Q3,Pain/Osteoarthritis,FlexiCare Joint,False,E-commerce,National,National,1687913.2,38362
2024-10,2024-Q4,Pain/Osteoarthritis,FlexiCare Joint,False,Veterinary,Region,Northeast,1637056.16,37206
2024-10,2024-Q4,Pain/Osteoarthritis,FlexiCare Joint,False,Veterinary,Region,South,2436693.55,55379
2024-10,2024-Q4,Pain/Osteoarthritis,FlexiCare Joint,False,Veterinary,Region,Midwest,1579914.28,35907
2024-10,2024-Q4,Pain/Osteoarthritis,FlexiCare Joint,False,Veterinary,Region,West,1703925.13,38726
2024-10,2024-Q4,Pain/Osteoarthritis,FlexiCare Joint,False,Veterinary,National,National,7357589.12,167218
2024-10,2024-Q4,Pain/Osteoarthritis,FlexiCare Joint,False,Retail,Region,Northeast,221297.1,5029
2024-10,2024-Q4,Pain/Osteoarthritis,FlexiCare Joint,False,Retail,Region,South,337746.52,7676
2024-10,2024-Q4,Pain/Osteoarthritis,FlexiCare Joint,False,Retail,Region,Midwest,203224.91,4619
2024-10,2024-Q4,Pain/Osteoarthritis,FlexiCare Joint,False,Retail,Region,West,222949.95,5067
2024-10,2024-Q4,Pain/Osteoarthritis,FlexiCare Joint,False,Retail,National,National,985218.47,22391
2024-10,2024-Q4,Pain/Osteoarthritis,FlexiCare Joint,False,E-commerce,Region,Northeast,426503.27,9693
2024-10,2024-Q4,Pain/Osteoarthritis,FlexiCare Joint,False,E-commerce,Region,South,657501.98,14943
2024-10,2024-Q4,Pain/Osteoarthritis,FlexiCare Joint,False,E-commerce,Region,Midwest,381160.98,8663
2024-10,2024-Q4,Pain/Osteoarthritis,FlexiCare Joint,False,E-commerce,Region,West,452021.3,10273
2024-10,2024-Q4,Pain/Osteoarthritis,FlexiCare Joint,False,E-commerce,National,National,1917187.52,43572
2024-11,2024-Q4,Pain/Osteoarthritis,FlexiCare Joint,False,Veterinary,Region,Northeast,1779937.89,40453
2024-11,2024-Q4,Pain/Osteoarthritis,FlexiCare Joint,False,Veterinary,Region,South,2674603.55,60786
2024-11,2024-Q4,Pain/Osteoarthritis,FlexiCare Joint,False,Veterinary,Region,Midwest,1611109.91,36616
2024-11,2024-Q4,Pain/Osteoarthritis,FlexiCare Joint,False,Veterinary,Region,West,1799607.32,40900
2024-11,2024-Q4,Pain/Osteoarthritis,FlexiCare Joint,False,Veterinary,National,National,7865258.67,178756
2024-11,2024-Q4,Pain/Osteoarthritis,FlexiCare Joint,False,Retail,Region,Northeast,235652.99,5356
2024-11,2024-Q4,Pain/Osteoarthritis,FlexiCare Joint,False,Retail,Region,South,341254.3,7756
2024-11,2024-Q4,Pain/Osteoarthritis,FlexiCare Joint,False,Retail,Region,Midwest,204564.67,4649
2024-11,2024-Q4,Pain/Osteoarthritis,FlexiCare Joint,False,Retail,Region,West,234347.57,5326
2024-11,2024-Q4,Pain/Osteoarthritis,FlexiCare Joint,False,Retail,National,National,1015819.52,23087
2024-11,2024-Q4,Pain/Osteoarthritis,FlexiCare Joint,False,E-commerce,Region,Northeast,475363.36,10804
2024-11,2024-Q4,Pain/Osteoarthritis,FlexiCare Joint,False,E-commerce,Region,South,741634.8,16855
2024-11,2024-Q4,Pain/Osteoarthritis,FlexiCare Joint,False,E-commerce,Region,Midwest,450782.96,10245
2024-11,2024-Q4,Pain/Osteoarthritis,FlexiCare Joint,False,E-commerce,Region,West,448417.78,10191
2024-11,2024-Q4,Pain/Osteoarthritis,FlexiCare Joint,False,E-commerce,National,National,2116198.9,48095
2024-12,2024-Q4,Pain/Osteoarthritis,FlexiCare Joint,False,Veterinary,Region,Northeast,1818564.13,41331
2024-12,2024-Q4,Pain/Osteoarthritis,FlexiCare Joint,False,Veterinary,Region,South,2836309.33,64462
2024-12,2024-Q4,Pain/Osteoarthritis,FlexiCare Joint,False,Veterinary,Region,Midwest,1703309.78,38712
2024-12,2024-Q4,Pain/Osteoarthritis,FlexiCare Joint,False,Veterinary,Region,West,1912975.48,43477
2024-12,2024-Q4,Pain/Osteoarthritis,FlexiCare Joint,False,Veterinary,National,National,8271158.71,187981
2024-12,2024-Q4,Pain/Osteoarthritis,FlexiCare Joint,False,Retail,Region,Northeast,232484.59,5284
2024-12,2024-Q4,Pain/Osteoarthritis,FlexiCare Joint,False,Retail,Region,South,398456.67,9056
2024-12,2024-Q4,Pain/Osteoarthritis,FlexiCare Joint,False,Retail,Region,Midwest,230504.26,5239
2024-12,2024-Q4,Pain/Osteoarthritis,FlexiCare Joint,False,Retail,Region,West,248091.54,5638
2024-12,2024-Q4,Pain/Osteoarthritis,FlexiCare Joint,False,Retail,National,National,1109537.07,25217
2024-12,2024-Q4,Pain/Osteoarthritis,FlexiCare Joint,False,E-commerce,Region,Northeast,485857.78,11042
2024-12,2024-Q4,Pain/Osteoarthritis,FlexiCare Joint,False,E-commerce,Region,South,802281.81,18234
2024-12,2024-Q4,Pain/Osteoarthritis,FlexiCare Joint,False,E-commerce,Region,Midwest,490116.74,11139
2024-12,2024-Q4,Pain/Osteoarthritis,FlexiCare Joint,False,E-commerce,Region,West,545950.2,12408
2024-12,2024-Q4,Pain/Osteoarthritis,FlexiCare Joint,False,E-commerce,National,National,2324206.53,52823
2025-01,2025-Q1,Pain/Osteoarthritis,FlexiCare Joint,False,Veterinary,Region,Northeast,1925432.78,43760
2025-01,2025-Q1,Pain/Osteoarthritis,FlexiCare Joint,False,Veterinary,Region,South,2952180.22,67095
2025-01,2025-Q1,Pain/Osteoarthritis,FlexiCare Joint,False,Veterinary,Region,Midwest,1821366.48,41395
2025-01,2025-Q1,Pain/Osteoarthritis,FlexiCare Joint,False,Veterinary,Region,West,2016836.13,45837
2025-01,2025-Q1,Pain/Osteoarthritis,FlexiCare Joint,False,Veterinary,National,National,8715815.61,198087
2025-01,2025-Q1,Pain/Osteoarthritis,FlexiCare Joint,False,Retail,Region,Northeast,259216.07,5891
2025-01,2025-Q1,Pain/Osteoarthritis,FlexiCare Joint,False,Retail,Region,South,386040.62,8774
2025-01,2025-Q1,Pain/Osteoarthritis,FlexiCare Joint,False,Retail,Region,Midwest,244516.58,5557
2025-01,2025-Q1,Pain/Osteoarthritis,FlexiCare Joint,False,Retail,Region,West,271537.41,6171
2025-01,2025-Q1,Pain/Osteoarthritis,FlexiCare Joint,False,Retail,National,National,1161310.69,26393
2025-01,2025-Q1,Pain/Osteoarthritis,FlexiCare Joint,False,E-commerce,Region,Northeast,541248.45,12301
2025-01,2025-Q1,Pain/Osteoarthritis,FlexiCare Joint,False,E-commerce,Region,South,872920.45,19839
2025-01,2025-Q1,Pain/Osteoarthritis,FlexiCare Joint,False,E-commerce,Region,Midwest,530385.33,12054
2025-01,2025-Q1,Pain/Osteoarthritis,FlexiCare Joint,False,E-commerce,Region,West,580259.29,13188
2025-01,2025-Q1,Pain/Osteoarthritis,FlexiCare Joint,False,E-commerce,National,National,2524813.52,57382
2025-02,2025-Q1,Pain/Osteoarthritis,FlexiCare Joint,False,Veterinary,Region,Northeast,1985853.89,45133
2025-02,2025-Q1,Pain/Osteoarthritis,FlexiCare Joint,False,Veterinary,Region,South,2974353.13,67599
2025-02,2025-Q1,Pain/Osteoarthritis,FlexiCare Joint,False,Veterinary,Region,Midwest,1838341.54,41780
2025-02,2025-Q1,Pain/Osteoarthritis,FlexiCare Joint,False,Veterinary,Region,West,2080880.7,47293
2025-02,2025-Q1,Pain/Osteoarthritis,FlexiCare Joint,False,Veterinary,National,National,8879429.25,201805
2025-02,2025-Q1,Pain/Osteoarthritis,FlexiCare Joint,False,Retail,Region,Northeast,262640.23,5969
2025-02,2025-Q1,Pain/Osteoarthritis,FlexiCare Joint,False,Retail,Region,South,392559.09,8922
2025-02,2025-Q1,Pain/Osteoarthritis,FlexiCare Joint,False,Retail,Region,Midwest,247829.09,5632
2025-02,2025-Q1,Pain/Osteoarthritis,FlexiCare Joint,False,Retail,Region,West,265551.46,6035
2025-02,2025-Q1,Pain/Osteoarthritis,FlexiCare Joint,False,Retail,National,National,1168579.87,26559
2025-02,2025-Q1,Pain/Osteoarthritis,FlexiCare Joint,False,E-commerce,Region,Northeast,556631.55,12651
2025-02,2025-Q1,Pain/Osteoarthritis,FlexiCare Joint,False,E-commerce,Region,South,881267.41,20029
2025-02,2025-Q1,Pain/Osteoarthritis,FlexiCare Joint,False,E-commerce,Region,Midwest,550380.66,12509
2025-02,2025-Q1,Pain/Osteoarthritis,FlexiCare Joint,False,E-commerce,Region,West,583614.5,13264
2025-02,2025-Q1,Pain/Osteoarthritis,FlexiCare Joint,False,E-commerce,National,National,2571894.11,58452
2025-03,2025-Q1,Pain/Osteoarthritis,FlexiCare Joint,False,Veterinary,Region,Northeast,1905039.45,43296
2025-03,2025-Q1,Pain/Osteoarthritis,FlexiCare Joint,False,Veterinary,Region,South,3004957.44,68294
2025-03,2025-Q1,Pain/Osteoarthritis,FlexiCare Joint,False,Veterinary,Region,Midwest,1764186.77,40095
2025-03,2025-Q1,Pain/Osteoarthritis,FlexiCare Joint,False,Veterinary,Region,West,2038301.21,46325
2025-03,2025-Q1,Pain/Osteoarthritis,FlexiCare Joint,False,Veterinary,National,National,8712484.87,198011
2025-03,2025-Q1,Pain/Osteoarthritis,FlexiCare Joint,False,Retail,Region,Northeast,251164.66,5708
2025-03,2025-Q1,Pain/Osteoarthritis,FlexiCare Joint,False,Retail,Region,South,387513.89,8807
2025-03,2025-Q1,Pain/Osteoarthritis,FlexiCare Joint,False,Retail,Region,Midwest,233869.29,5315
2025-03,2025-Q1,Pain/Osteoarthritis,FlexiCare Joint,False,Retail,Region,West,262724.78,5971
2025-03,2025-Q1,Pain/Osteoarthritis,FlexiCare Joint,False,Retail,National,National,1135272.63,25802
2025-03,2025-Q1,Pain/Osteoarthritis,FlexiCare Joint,False,E-commerce,Region,Northeast,553745.71,12585
2025-03,2025-Q1,Pain/Osteoarthritis,FlexiCare Joint,False,E-commerce,Region,South,864871.79,19656
2025-03,2025-Q1,Pain/Osteoarthritis,FlexiCare Joint,False,E-commerce,Region,Midwest,559773.78,12722
2025-03,2025-Q1,Pain/Osteoarthritis,FlexiCare Joint,False,E-commerce,Region,West,574868.39,13065
2025-03,2025-Q1,Pain/Osteoarthritis,FlexiCare Joint,False,E-commerce,National,National,2553259.67,58029
2025-04,2025-Q2,Pain/Osteoarthritis,FlexiCare Joint,False,Veterinary,Region,Northeast,1830949.87,41612
2025-04,2025-Q2,Pain/Osteoarthritis,FlexiCare Joint,False,Veterinary,Region,South,2935677.0,66720
2025-04,2025-Q2,Pain/Osteoarthritis,FlexiCare Joint,False,Veterinary,Region,Midwest,1701713.72,38675
2025-04,2025-Q2,Pain/Osteoarthritis,FlexiCare Joint,False,Veterinary,Region,West,1913519.0,43489
2025-04,2025-Q2,Pain/Osteoarthritis,FlexiCare Joint,False,Veterinary,National,National,8381859.59,190497
2025-04,2025-Q2,Pain/Osteoarthritis,FlexiCare Joint,False,Retail,Region,Northeast,231214.57,5255
2025-04,2025-Q2,Pain/Osteoarthritis,FlexiCare Joint,False,Retail,Region,South,387709.21,8812
2025-04,2025-Q2,Pain/Osteoarthritis,FlexiCare Joint,False,Retail,Region,Midwest,226241.54,5142
2025-04,2025-Q2,Pain/Osteoarthritis,FlexiCare Joint,False,Retail,Region,West,245967.09,5590
2025-04,2025-Q2,Pain/Osteoarthritis,FlexiCare Joint,False,Retail,National,National,1091132.41,24798
2025-04,2025-Q2,Pain/Osteoarthritis,FlexiCare Joint,False,E-commerce,Region,Northeast,568097.96,12911
2025-04,2025-Q2,Pain/Osteoarthritis,FlexiCare Joint,False,E-commerce,Region,South,897664.68,20401
2025-04,2025-Q2,Pain/Osteoarthritis,FlexiCare Joint,False,E-commerce,Region,Midwest,506822.9,11519
2025-04,2025-Q2,Pain/Osteoarthritis,FlexiCare Joint,False,E-commerce,Region,West,572707.4,13016
2025-04,2025-Q2,Pain/Osteoarthritis,FlexiCare Joint,False,E-commerce,National,National,2545292.94,57848
2025-05,2025-Q2,Pain/Osteoarthritis,FlexiCare Joint,False,Veterinary,Region,Northeast,1762543.06,40058
2025-05,2025-Q2,Pain/Osteoarthritis,FlexiCare Joint,False,Veterinary,Region,South,2656247.12,60369
2025-05,2025-Q2,Pain/Osteoarthritis,FlexiCare Joint,False,Veterinary,Region,Midwest,1678356.52,38144
2025-05,2025-Q2,Pain/Osteoarthritis,FlexiCare Joint,False,Veterinary,Region,West,1886969.55,42886
2025-05,2025-Q2,Pain/Osteoarthritis,FlexiCare Joint,False,Veterinary,National,National,7984116.25,181457
2025-05,2025-Q2,Pain/Osteoarthritis,FlexiCare Joint,False,Retail,Region,Northeast,231579.48,5263
2025-05,2025-Q2,Pain/Osteoarthritis,FlexiCare Joint,False,Retail,Region,South,375273.97,8529
2025-05,2025-Q2,Pain/Osteoarthritis,FlexiCare Joint,False,Retail,Region,Midwest,208149.0,4731
2025-05,2025-Q2,Pain/Osteoarthritis,FlexiCare Joint,False,Retail,Region,West,229110.0,5207
2025-05,2025-Q2,Pain/Osteoarthritis,FlexiCare Joint,False,Retail,National,National,1044112.45,23730
2025-05,2025-Q2,Pain/Osteoarthritis,FlexiCare Joint,False,E-commerce,Region,Northeast,539570.32,12263
2025-05,2025-Q2,Pain/Osteoarthritis,FlexiCare Joint,False,E-commerce,Region,South,890486.55,20238
2025-05,2025-Q2,Pain/Osteoarthritis,FlexiCare Joint,False,E-commerce,Region,Midwest,520044.4,11819
2025-05,2025-Q2,Pain/Osteoarthritis,FlexiCare Joint,False,E-commerce,Region,West,558634.13,12696
2025-05,2025-Q2,Pain/Osteoarthritis,FlexiCare Joint,False,E-commerce,National,National,2508735.39,57017
2025-06,2025-Q2,Pain/Osteoarthritis,FlexiCare Joint,False,Veterinary,Region,Northeast,1678144.81,38140
2025-06,2025-Q2,Pain/Osteoarthritis,FlexiCare Joint,False,Veterinary,Region,South,2741132.75,62298
2025-06,2025-Q2,Pain/Osteoarthritis,FlexiCare Joint,False,Veterinary,Region,Midwest,1648789.2,37472
2025-06,2025-Q2,Pain/Osteoarthritis,FlexiCare Joint,False,Veterinary,Region,West,1758635.31,39969
2025-06,2025-Q2,Pain/Osteoarthritis,FlexiCare Joint,False,Veterinary,National,National,7826702.08,177880
2025-06,2025-Q2,Pain/Osteoarthritis,FlexiCare Joint,False,Retail,Region,Northeast,223885.99,5088
2025-06,2025-Q2,Pain/Osteoarthritis,FlexiCare Joint,False,Retail,Region,South,345217.66,7846
2025-06,2025-Q2,Pain/Osteoarthritis,FlexiCare Joint,False,Retail,Region,Midwest,217506.4,4943
2025-06,2025-Q2,Pain/Osteoarthritis,FlexiCare Joint,False,Retail,Region,West,225121.58,5116
2025-06,2025-Q2,Pain/Osteoarthritis,FlexiCare Joint,False,Retail,National,National,1011731.64,22994
2025-06,2025-Q2,Pain/Osteoarthritis,FlexiCare Joint,False,E-commerce,Region,Northeast,543096.79,12343
2025-06,2025-Q2,Pain/Osteoarthritis,FlexiCare Joint,False,E-commerce,Region,South,884853.92,20110
2025-06,2025-Q2,Pain/Osteoarthritis,FlexiCare Joint,False,E-commerce,Region,Midwest,540865.93,12292
2025-06,2025-Q2,Pain/Osteoarthritis,FlexiCare Joint,False,E-commerce,Region,West,577683.54,13129
2025-06,2025-Q2,Pain/Osteoarthritis,FlexiCare Joint,False,E-commerce,National,National,2546500.17,57875
2025-07,2025-Q3,Pain/Osteoarthritis,FlexiCare Joint,False,Veterinary,Region,Northeast,1539569.87,34990
2025-07,2025-Q3,Pain/Osteoarthritis,FlexiCare Joint,False,Veterinary,Region,South,2351053.21,53433
2025-07,2025-Q3,Pain/Osteoarthritis,FlexiCare Joint,False,Veterinary,Region,Midwest,1472160.69,33458
2025-07,2025-Q3,Pain/Osteoarthritis,FlexiCare Joint,False,Veterinary,Region,West,1651450.77,37533
2025-07,2025-Q3,Pain/Osteoarthritis,FlexiCare Joint,False,Veterinary,National,National,7014234.54,159414
2025-07,2025-Q3,Pain/Osteoarthritis,FlexiCare Joint,False,Retail,Region,Northeast,193764.46,4404
2025-07,2025-Q3,Pain/Osteoarthritis,FlexiCare Joint,False,Retail,Region,South,317272.26,7211
2025-07,2025-Q3,Pain/Osteoarthritis,FlexiCare Joint,False,Retail,Region,Midwest,176976.93,4022
2025-07,2025-Q3,Pain/Osteoarthritis,FlexiCare Joint,False,Retail,Region,West,205033.48,4660
2025-07,2025-Q3,Pain/Osteoarthritis,FlexiCare Joint,False,Retail,National,National,893047.14,20297
2025-07,2025-Q3,Pain/Osteoarthritis,FlexiCare Joint,False,E-commerce,Region,Northeast,509838.23,11587
2025-07,2025-Q3,Pain/Osteoarthritis,FlexiCare Joint,False,E-commerce,Region,South,819033.62,18614
2025-07,2025-Q3,Pain/Osteoarthritis,FlexiCare Joint,False,E-commerce,Region,Midwest,504591.22,11468
2025-07,2025-Q3,Pain/Osteoarthritis,FlexiCare Joint,False,E-commerce,Region,West,524025.61,11910
2025-07,2025-Q3,Pain/Osteoarthritis,FlexiCare Joint,False,E-commerce,National,National,2357488.68,53579
2025-08,2025-Q3,Pain/Osteoarthritis,FlexiCare Joint,False,Veterinary,Region,Northeast,1552042.6,35274
2025-08,2025-Q3,Pain/Osteoarthritis,FlexiCare Joint,False,Veterinary,Region,South,2497846.36,56769
2025-08,2025-Q3,Pain/Osteoarthritis,FlexiCare Joint,False,Veterinary,Region,Midwest,1473448.18,33487
2025-08,2025-Q3,Pain/Osteoarthritis,FlexiCare Joint,False,Veterinary,Region,West,1681510.24,38216
2025-08,2025-Q3,Pain/Osteoarthritis,FlexiCare Joint,False,Veterinary,National,National,7204847.38,163747
2025-08,2025-Q3,Pain/Osteoarthritis,FlexiCare Joint,False,Retail,Region,Northeast,210432.73,4783
2025-08,2025-Q3,Pain/Osteoarthritis,FlexiCare Joint,False,Retail,Region,South,330556.1,7513
2025-08,2025-Q3,Pain/Osteoarthritis,FlexiCare Joint,False,Retail,Region,Midwest,198663.72,4515
2025-08,2025-Q3,Pain/Osteoarthritis,FlexiCare Joint,False,Retail,Region,West,204193.46,4641
2025-08,2025-Q3,Pain/Osteoarthritis,FlexiCare Joint,False,Retail,National,National,943846.02,21451
2025-08,2025-Q3,Pain/Osteoarthritis,FlexiCare Joint,False,E-commerce,Region,Northeast,529106.13,12025
2025-08,2025-Q3,Pain/Osteoarthritis,FlexiCare Joint,False,E-commerce,Region,South,807388.05,18350
2025-08,2025-Q3,Pain/Osteoarthritis,FlexiCare Joint,False,E-commerce,Region,Midwest,503652.65,11447
2025-08,2025-Q3,Pain/Osteoarthritis,FlexiCare Joint,False,E-commerce,Region,West,532442.1,12101
2025-08,2025-Q3,Pain/Osteoarthritis,FlexiCare Joint,False,E-commerce,National,National,2372588.93,53922
2025-09,2025-Q3,Pain/Osteoarthritis,FlexiCare Joint,False,Veterinary,Region,Northeast,1664609.9,37832
2025-09,2025-Q3,Pain/Osteoarthritis,FlexiCare Joint,False,Veterinary,Region,South,2655957.95,60363
2025-09,2025-Q3,Pain/Osteoarthritis,FlexiCare Joint,False,Veterinary,Region,Midwest,1557439.71,35396
2025-09,2025-Q3,Pain/Osteoarthritis,FlexiCare Joint,False,Veterinary,Region,West,1694076.23,38502
2025-09,2025-Q3,Pain/Osteoarthritis,FlexiCare Joint,False,Veterinary,National,National,7572083.79,172093
2025-09,2025-Q3,Pain/Osteoarthritis,FlexiCare Joint,False,Retail,Region,Northeast,205652.11,4674
2025-09,2025-Q3,Pain/Osteoarthritis,FlexiCare Joint,False,Retail,Region,South,296764.16,6745
2025-09,2025-Q3,Pain/Osteoarthritis,FlexiCare Joint,False,Retail,Region,Midwest,187537.22,4262
2025-09,2025-Q3,Pain/Osteoarthritis,FlexiCare Joint,False,Retail,Region,West,215835.65,4905
2025-09,2025-Q3,Pain/Osteoarthritis,FlexiCare Joint,False,Retail,National,National,905789.13,20586
2025-09,2025-Q3,Pain/Osteoarthritis,FlexiCare Joint,False,E-commerce,Region,Northeast,549454.01,12488
2025-09,2025-Q3,Pain/Osteoarthritis,FlexiCare Joint,False,E-commerce,Region,South,845692.34,19220
2025-09,2025-Q3,Pain/Osteoarthritis,FlexiCare Joint,False,E-commerce,Region,Midwest,541706.71,12312
2025-09,2025-Q3,Pain/Osteoarthritis,FlexiCare Joint,False,E-commerce,Region,West,545383.53,12395
2025-09,2025-Q3,Pain/Osteoarthritis,FlexiCare Joint,False,E-commerce,National,National,2482236.59,56414
2025-10,2025-Q4,Pain/Osteoarthritis,FlexiCare Joint,False,Veterinary,Region,Northeast,1715804.74,38996
2025-10,2025-Q4,Pain/Osteoarthritis,FlexiCare Joint,False,Veterinary,Region,South,2763847.04,62815
2025-10,2025-Q4,Pain/Osteoarthritis,FlexiCare Joint,False,Veterinary,Region,Midwest,1678744.51,38153
2025-10,2025-Q4,Pain/Osteoarthritis,FlexiCare Joint,False,Veterinary,Region,West,1878769.46,42699
2025-10,2025-Q4,Pain/Osteoarthritis,FlexiCare Joint,False,Veterinary,National,National,8037165.74,182663
2025-10,2025-Q4,Pain/Osteoarthritis,FlexiCare Joint,False,Retail,Region,Northeast,225503.9,5125
2025-10,2025-Q4,Pain/Osteoarthritis,FlexiCare Joint,False,Retail,Region,South,328156.68,7458
2025-10,2025-Q4,Pain/Osteoarthritis,FlexiCare Joint,False,Retail,Region,Midwest,214281.75,4870
2025-10,2025-Q4,Pain/Osteoarthritis,FlexiCare Joint,False,Retail,Region,West,232416.96,5282
2025-10,2025-Q4,Pain/Osteoarthritis,FlexiCare Joint,False,Retail,National,National,1000359.28,22735
2025-10,2025-Q4,Pain/Osteoarthritis,FlexiCare Joint,False,E-commerce,Region,Northeast,645027.56,14660
2025-10,2025-Q4,Pain/Osteoarthritis,FlexiCare Joint,False,E-commerce,Region,South,940833.83,21383
2025-10,2025-Q4,Pain/Osteoarthritis,FlexiCare Joint,False,E-commerce,Region,Midwest,611494.51,13898
2025-10,2025-Q4,Pain/Osteoarthritis,FlexiCare Joint,False,E-commerce,Region,West,660828.9,15019
2025-10,2025-Q4,Pain/Osteoarthritis,FlexiCare Joint,False,E-commerce,National,National,2858184.8,64959
2025-11,2025-Q4,Pain/Osteoarthritis,FlexiCare Joint,False,Veterinary,Region,Northeast,1874519.29,42603
2025-11,2025-Q4,Pain/Osteoarthritis,FlexiCare Joint,False,Veterinary,Region,South,2781098.62,63207
2025-11,2025-Q4,Pain/Osteoarthritis,FlexiCare Joint,False,Veterinary,Region,Midwest,1784730.95,40562
2025-11,2025-Q4,Pain/Osteoarthritis,FlexiCare Joint,False,Veterinary,Region,West,1896854.65,43110
2025-11,2025-Q4,Pain/Osteoarthritis,FlexiCare Joint,False,Veterinary,National,National,8337203.52,189482
2025-11,2025-Q4,Pain/Osteoarthritis,FlexiCare Joint,False,Retail,Region,Northeast,226159.18,5140
2025-11,2025-Q4,Pain/Osteoarthritis,FlexiCare Joint,False,Retail,Region,South,349098.78,7934
2025-11,2025-Q4,Pain/Osteoarthritis,FlexiCare Joint,False,Retail,Region,Midwest,221727.01,5039
2025-11,2025-Q4,Pain/Osteoarthritis,FlexiCare Joint,False,Retail,Region,West,235061.6,5342
2025-11,2025-Q4,Pain/Osteoarthritis,FlexiCare Joint,False,Retail,National,National,1032046.58,23456
2025-11,2025-Q4,Pain/Osteoarthritis,FlexiCare Joint,False,E-commerce,Region,Northeast,666563.53,15149
2025-11,2025-Q4,Pain/Osteoarthritis,FlexiCare Joint,False,E-commerce,Region,South,1030719.43,23425
2025-11,2025-Q4,Pain/Osteoarthritis,FlexiCare Joint,False,E-commerce,Region,Midwest,609250.27,13847
2025-11,2025-Q4,Pain/Osteoarthritis,FlexiCare Joint,False,E-commerce,Region,West,703915.89,15998
2025-11,2025-Q4,Pain/Osteoarthritis,FlexiCare Joint,False,E-commerce,National,National,3010449.12,68419
2025-12,2025-Q4,Pain/Osteoarthritis,FlexiCare Joint,False,Veterinary,Region,Northeast,2043002.54,46432
2025-12,2025-Q4,Pain/Osteoarthritis,FlexiCare Joint,False,Veterinary,Region,South,3147569.38,71536
2025-12,2025-Q4,Pain/Osteoarthritis,FlexiCare Joint,False,Veterinary,Region,Midwest,1871624.38,42537
2025-12,2025-Q4,Pain/Osteoarthritis,FlexiCare Joint,False,Veterinary,Region,West,2184997.77,49659
2025-12,2025-Q4,Pain/Osteoarthritis,FlexiCare Joint,False,Veterinary,National,National,9247194.08,210164
2025-12,2025-Q4,Pain/Osteoarthritis,FlexiCare Joint,False,Retail,Region,Northeast,236523.74,5376
2025-12,2025-Q4,Pain/Osteoarthritis,FlexiCare Joint,False,Retail,Region,South,384825.36,8746
2025-12,2025-Q4,Pain/Osteoarthritis,FlexiCare Joint,False,Retail,Region,Midwest,247666.68,5629
2025-12,2025-Q4,Pain/Osteoarthritis,FlexiCare Joint,False,Retail,Region,West,253844.51,5769
2025-12,2025-Q4,Pain/Osteoarthritis,FlexiCare Joint,False,Retail,National,National,1122860.29,25520
2025-12,2025-Q4,Pain/Osteoarthritis,FlexiCare Joint,False,E-commerce,Region,Northeast,753184.85,17118
2025-12,2025-Q4,Pain/Osteoarthritis,FlexiCare Joint,False,E-commerce,Region,South,1120513.11,25466
2025-12,2025-Q4,Pain/Osteoarthritis,FlexiCare Joint,False,E-commerce,Region,Midwest,721473.76,16397
2025-12,2025-Q4,Pain/Osteoarthritis,FlexiCare Joint,False,E-commerce,Region,West,741983.64,16863
2025-12,2025-Q4,Pain/Osteoarthritis,FlexiCare Joint,False,E-commerce,National,National,3337155.35,75844
2026-01,2026-Q1,Pain/Osteoarthritis,FlexiCare Joint,False,Veterinary,Region,Northeast,1988590.04,45195
2026-01,2026-Q1,Pain/Osteoarthritis,FlexiCare Joint,False,Veterinary,Region,South,3142768.97,71427
2026-01,2026-Q1,Pain/Osteoarthritis,FlexiCare Joint,False,Veterinary,Region,Midwest,1836459.87,41738
2026-01,2026-Q1,Pain/Osteoarthritis,FlexiCare Joint,False,Veterinary,Region,West,2215391.97,50350
2026-01,2026-Q1,Pain/Osteoarthritis,FlexiCare Joint,False,Veterinary,National,National,9183210.86,208709
2026-01,2026-Q1,Pain/Osteoarthritis,FlexiCare Joint,False,Retail,Region,Northeast,250777.67,5699
2026-01,2026-Q1,Pain/Osteoarthritis,FlexiCare Joint,False,Retail,Region,South,378362.27,8599
2026-01,2026-Q1,Pain/Osteoarthritis,FlexiCare Joint,False,Retail,Region,Midwest,247767.1,5631
2026-01,2026-Q1,Pain/Osteoarthritis,FlexiCare Joint,False,Retail,Region,West,259574.89,5899
2026-01,2026-Q1,Pain/Osteoarthritis,FlexiCare Joint,False,Retail,National,National,1136481.93,25829
2026-01,2026-Q1,Pain/Osteoarthritis,FlexiCare Joint,False,E-commerce,Region,Northeast,769780.28,17495
2026-01,2026-Q1,Pain/Osteoarthritis,FlexiCare Joint,False,E-commerce,Region,South,1190786.43,27063
2026-01,2026-Q1,Pain/Osteoarthritis,FlexiCare Joint,False,E-commerce,Region,Midwest,763979.12,17363
2026-01,2026-Q1,Pain/Osteoarthritis,FlexiCare Joint,False,E-commerce,Region,West,802398.91,18236
2026-01,2026-Q1,Pain/Osteoarthritis,FlexiCare Joint,False,E-commerce,National,National,3526944.75,80158
2026-02,2026-Q1,Pain/Osteoarthritis,FlexiCare Joint,False,Veterinary,Region,Northeast,2043759.67,46449
2026-02,2026-Q1,Pain/Osteoarthritis,FlexiCare Joint,False,Veterinary,Region,South,3189762.11,72495
2026-02,2026-Q1,Pain/Osteoarthritis,FlexiCare Joint,False,Veterinary,Region,Midwest,1944133.77,44185
2026-02,2026-Q1,Pain/Osteoarthritis,FlexiCare Joint,False,Veterinary,Region,West,2089411.0,47487
2026-02,2026-Q1,Pain/Osteoarthritis,FlexiCare Joint,False,Veterinary,National,National,9267066.56,210615
2026-02,2026-Q1,Pain/Osteoarthritis,FlexiCare Joint,False,Retail,Region,Northeast,242418.1,5510
2026-02,2026-Q1,Pain/Osteoarthritis,FlexiCare Joint,False,Retail,Region,South,364408.99,8282
2026-02,2026-Q1,Pain/Osteoarthritis,FlexiCare Joint,False,Retail,Region,Midwest,240572.04,5468
2026-02,2026-Q1,Pain/Osteoarthritis,FlexiCare Joint,False,Retail,Region,West,253232.2,5755
2026-02,2026-Q1,Pain/Osteoarthritis,FlexiCare Joint,False,Retail,National,National,1100631.34,25014
2026-02,2026-Q1,Pain/Osteoarthritis,FlexiCare Joint,False,E-commerce,Region,Northeast,770257.63,17506
2026-02,2026-Q1,Pain/Osteoarthritis,FlexiCare Joint,False,E-commerce,Region,South,1232348.48,28008
2026-02,2026-Q1,Pain/Osteoarthritis,FlexiCare Joint,False,E-commerce,Region,Midwest,773969.38,17590
2026-02,2026-Q1,Pain/Osteoarthritis,FlexiCare Joint,False,E-commerce,Region,West,795587.13,18082
2026-02,2026-Q1,Pain/Osteoarthritis,FlexiCare Joint,False,E-commerce,National,National,3572162.62,81186
2026-03,2026-Q1,Pain/Osteoarthritis,FlexiCare Joint,False,Veterinary,Region,Northeast,2022809.84,45973
2026-03,2026-Q1,Pain/Osteoarthritis,FlexiCare Joint,False,Veterinary,Region,South,3211556.95,72990
2026-03,2026-Q1,Pain/Osteoarthritis,FlexiCare Joint,False,Veterinary,Region,Midwest,1892992.91,43023
2026-03,2026-Q1,Pain/Osteoarthritis,FlexiCare Joint,False,Veterinary,Region,West,2088541.88,47467
2026-03,2026-Q1,Pain/Osteoarthritis,FlexiCare Joint,False,Veterinary,National,National,9215901.57,209452
2026-03,2026-Q1,Pain/Osteoarthritis,FlexiCare Joint,False,Retail,Region,Northeast,251248.07,5710
2026-03,2026-Q1,Pain/Osteoarthritis,FlexiCare Joint,False,Retail,Region,South,376520.79,8557
2026-03,2026-Q1,Pain/Osteoarthritis,FlexiCare Joint,False,Retail,Region,Midwest,229534.82,5217
2026-03,2026-Q1,Pain/Osteoarthritis,FlexiCare Joint,False,Retail,Region,West,259312.75,5893
2026-03,2026-Q1,Pain/Osteoarthritis,FlexiCare Joint,False,Retail,National,National,1116616.42,25378
2026-03,2026-Q1,Pain/Osteoarthritis,FlexiCare Joint,False,E-commerce,Region,Northeast,784226.96,17823
2026-03,2026-Q1,Pain/Osteoarthritis,FlexiCare Joint,False,E-commerce,Region,South,1236020.32,28091
2026-03,2026-Q1,Pain/Osteoarthritis,FlexiCare Joint,False,E-commerce,Region,Midwest,799386.14,18168
2026-03,2026-Q1,Pain/Osteoarthritis,FlexiCare Joint,False,E-commerce,Region,West,838580.54,19059
2026-03,2026-Q1,Pain/Osteoarthritis,FlexiCare Joint,False,E-commerce,National,National,3658213.95,83141
2024-04,2024-Q2,Pain/Osteoarthritis,OsteoEase Vet,False,Veterinary,Region,Northeast,1526990.45,37244
2024-04,2024-Q2,Pain/Osteoarthritis,OsteoEase Vet,False,Veterinary,Region,South,2284443.24,55718
2024-04,2024-Q2,Pain/Osteoarthritis,OsteoEase Vet,False,Veterinary,Region,Midwest,1486315.8,36252
2024-04,2024-Q2,Pain/Osteoarthritis,OsteoEase Vet,False,Veterinary,Region,West,1668655.88,40699
2024-04,2024-Q2,Pain/Osteoarthritis,OsteoEase Vet,False,Veterinary,National,National,6966405.38,169912
2024-04,2024-Q2,Pain/Osteoarthritis,OsteoEase Vet,False,Retail,Region,Northeast,217232.62,5298
2024-04,2024-Q2,Pain/Osteoarthritis,OsteoEase Vet,False,Retail,Region,South,351160.69,8565
2024-04,2024-Q2,Pain/Osteoarthritis,OsteoEase Vet,False,Retail,Region,Midwest,198019.89,4830
2024-04,2024-Q2,Pain/Osteoarthritis,OsteoEase Vet,False,Retail,Region,West,220142.87,5369
2024-04,2024-Q2,Pain/Osteoarthritis,OsteoEase Vet,False,Retail,National,National,986556.07,24062
2024-04,2024-Q2,Pain/Osteoarthritis,OsteoEase Vet,False,E-commerce,Region,Northeast,323835.92,7898
2024-04,2024-Q2,Pain/Osteoarthritis,OsteoEase Vet,False,E-commerce,Region,South,546308.21,13325
2024-04,2024-Q2,Pain/Osteoarthritis,OsteoEase Vet,False,E-commerce,Region,Midwest,329174.1,8029
2024-04,2024-Q2,Pain/Osteoarthritis,OsteoEase Vet,False,E-commerce,Region,West,360200.6,8785
2024-04,2024-Q2,Pain/Osteoarthritis,OsteoEase Vet,False,E-commerce,National,National,1559518.82,38037
2024-05,2024-Q2,Pain/Osteoarthritis,OsteoEase Vet,False,Veterinary,Region,Northeast,1483787.24,36190
2024-05,2024-Q2,Pain/Osteoarthritis,OsteoEase Vet,False,Veterinary,Region,South,2127003.02,51878
2024-05,2024-Q2,Pain/Osteoarthritis,OsteoEase Vet,False,Veterinary,Region,Midwest,1475330.98,35984
2024-05,2024-Q2,Pain/Osteoarthritis,OsteoEase Vet,False,Veterinary,Region,West,1588630.68,38747
2024-05,2024-Q2,Pain/Osteoarthritis,OsteoEase Vet,False,Veterinary,National,National,6674751.91,162799
2024-05,2024-Q2,Pain/Osteoarthritis,OsteoEase Vet,False,Retail,Region,Northeast,202054.88,4928
2024-05,2024-Q2,Pain/Osteoarthritis,OsteoEase Vet,False,Retail,Region,South,302188.77,7370
2024-05,2024-Q2,Pain/Osteoarthritis,OsteoEase Vet,False,Retail,Region,Midwest,196372.27,4790
2024-05,2024-Q2,Pain/Osteoarthritis,OsteoEase Vet,False,Retail,Region,West,211497.27,5158
2024-05,2024-Q2,Pain/Osteoarthritis,OsteoEase Vet,False,Retail,National,National,912113.2,22247
2024-05,2024-Q2,Pain/Osteoarthritis,OsteoEase Vet,False,E-commerce,Region,Northeast,334416.37,8156
2024-05,2024-Q2,Pain/Osteoarthritis,OsteoEase Vet,False,E-commerce,Region,South,496674.43,12114
2024-05,2024-Q2,Pain/Osteoarthritis,OsteoEase Vet,False,E-commerce,Region,Midwest,306626.04,7479
2024-05,2024-Q2,Pain/Osteoarthritis,OsteoEase Vet,False,E-commerce,Region,West,346593.45,8453
2024-05,2024-Q2,Pain/Osteoarthritis,OsteoEase Vet,False,E-commerce,National,National,1484310.29,36203
2024-06,2024-Q2,Pain/Osteoarthritis,OsteoEase Vet,False,Veterinary,Region,Northeast,1344115.01,32783
2024-06,2024-Q2,Pain/Osteoarthritis,OsteoEase Vet,False,Veterinary,Region,South,2255747.34,55018
2024-06,2024-Q2,Pain/Osteoarthritis,OsteoEase Vet,False,Veterinary,Region,Midwest,1306913.67,31876
2024-06,2024-Q2,Pain/Osteoarthritis,OsteoEase Vet,False,Veterinary,Region,West,1447621.71,35308
2024-06,2024-Q2,Pain/Osteoarthritis,OsteoEase Vet,False,Veterinary,National,National,6354397.73,154985
2024-06,2024-Q2,Pain/Osteoarthritis,OsteoEase Vet,False,Retail,Region,Northeast,187425.84,4571
2024-06,2024-Q2,Pain/Osteoarthritis,OsteoEase Vet,False,Retail,Region,South,300108.75,7320
2024-06,2024-Q2,Pain/Osteoarthritis,OsteoEase Vet,False,Retail,Region,Midwest,173393.16,4229
2024-06,2024-Q2,Pain/Osteoarthritis,OsteoEase Vet,False,Retail,Region,West,193344.85,4716
2024-06,2024-Q2,Pain/Osteoarthritis,OsteoEase Vet,False,Retail,National,National,854272.61,20836
2024-06,2024-Q2,Pain/Osteoarthritis,OsteoEase Vet,False,E-commerce,Region,Northeast,307075.97,7490
2024-06,2024-Q2,Pain/Osteoarthritis,OsteoEase Vet,False,E-commerce,Region,South,508965.48,12414
2024-06,2024-Q2,Pain/Osteoarthritis,OsteoEase Vet,False,E-commerce,Region,Midwest,308667.16,7528
2024-06,2024-Q2,Pain/Osteoarthritis,OsteoEase Vet,False,E-commerce,Region,West,335384.01,8180
2024-06,2024-Q2,Pain/Osteoarthritis,OsteoEase Vet,False,E-commerce,National,National,1460092.61,35612
2024-07,2024-Q3,Pain/Osteoarthritis,OsteoEase Vet,False,Veterinary,Region,Northeast,1412148.39,34443
2024-07,2024-Q3,Pain/Osteoarthritis,OsteoEase Vet,False,Veterinary,Region,South,2062823.49,50313
2024-07,2024-Q3,Pain/Osteoarthritis,OsteoEase Vet,False,Veterinary,Region,Midwest,1255926.55,30632
2024-07,2024-Q3,Pain/Osteoarthritis,OsteoEase Vet,False,Veterinary,Region,West,1375748.19,33555
2024-07,2024-Q3,Pain/Osteoarthritis,OsteoEase Vet,False,Veterinary,National,National,6106646.62,148943
2024-07,2024-Q3,Pain/Osteoarthritis,OsteoEase Vet,False,Retail,Region,Northeast,184300.77,4495
2024-07,2024-Q3,Pain/Osteoarthritis,OsteoEase Vet,False,Retail,Region,South,281158.1,6858
2024-07,2024-Q3,Pain/Osteoarthritis,OsteoEase Vet,False,Retail,Region,Midwest,173103.76,4222
2024-07,2024-Q3,Pain/Osteoarthritis,OsteoEase Vet,False,Retail,Region,West,183261.77,4470
2024-07,2024-Q3,Pain/Osteoarthritis,OsteoEase Vet,False,Retail,National,National,821824.4,20044
2024-07,2024-Q3,Pain/Osteoarthritis,OsteoEase Vet,False,E-commerce,Region,Northeast,322846.33,7874
2024-07,2024-Q3,Pain/Osteoarthritis,OsteoEase Vet,False,E-commerce,Region,South,499745.3,12189
2024-07,2024-Q3,Pain/Osteoarthritis,OsteoEase Vet,False,E-commerce,Region,Midwest,304165.26,7419
2024-07,2024-Q3,Pain/Osteoarthritis,OsteoEase Vet,False,E-commerce,Region,West,330764.15,8067
2024-07,2024-Q3,Pain/Osteoarthritis,OsteoEase Vet,False,E-commerce,National,National,1457521.03,35549
2024-08,2024-Q3,Pain/Osteoarthritis,OsteoEase Vet,False,Veterinary,Region,Northeast,1342178.25,32736
2024-08,2024-Q3,Pain/Osteoarthritis,OsteoEase Vet,False,Veterinary,Region,South,2020198.22,49273
2024-08,2024-Q3,Pain/Osteoarthritis,OsteoEase Vet,False,Veterinary,Region,Midwest,1254142.77,30589
2024-08,2024-Q3,Pain/Osteoarthritis,OsteoEase Vet,False,Veterinary,Region,West,1315220.11,32079
2024-08,2024-Q3,Pain/Osteoarthritis,OsteoEase Vet,False,Veterinary,National,National,5931739.34,144677
2024-08,2024-Q3,Pain/Osteoarthritis,OsteoEase Vet,False,Retail,Region,Northeast,179468.21,4377
2024-08,2024-Q3,Pain/Osteoarthritis,OsteoEase Vet,False,Retail,Region,South,271579.13,6624
2024-08,2024-Q3,Pain/Osteoarthritis,OsteoEase Vet,False,Retail,Region,Midwest,176117.46,4296
2024-08,2024-Q3,Pain/Osteoarthritis,OsteoEase Vet,False,Retail,Region,West,174455.35,4255
2024-08,2024-Q3,Pain/Osteoarthritis,OsteoEase Vet,False,Retail,National,National,801620.14,19552
2024-08,2024-Q3,Pain/Osteoarthritis,OsteoEase Vet,False,E-commerce,Region,Northeast,325674.26,7943
2024-08,2024-Q3,Pain/Osteoarthritis,OsteoEase Vet,False,E-commerce,Region,South,509675.45,12431
2024-08,2024-Q3,Pain/Osteoarthritis,OsteoEase Vet,False,E-commerce,Region,Midwest,302814.99,7386
2024-08,2024-Q3,Pain/Osteoarthritis,OsteoEase Vet,False,E-commerce,Region,West,343662.55,8382
2024-08,2024-Q3,Pain/Osteoarthritis,OsteoEase Vet,False,E-commerce,National,National,1481827.25,36142
2024-09,2024-Q3,Pain/Osteoarthritis,OsteoEase Vet,False,Veterinary,Region,Northeast,1373152.33,33492
2024-09,2024-Q3,Pain/Osteoarthritis,OsteoEase Vet,False,Veterinary,Region,South,2074337.94,50594
2024-09,2024-Q3,Pain/Osteoarthritis,OsteoEase Vet,False,Veterinary,Region,Midwest,1167276.46,28470
2024-09,2024-Q3,Pain/Osteoarthritis,OsteoEase Vet,False,Veterinary,Region,West,1416549.66,34550
2024-09,2024-Q3,Pain/Osteoarthritis,OsteoEase Vet,False,Veterinary,National,National,6031316.39,147105
2024-09,2024-Q3,Pain/Osteoarthritis,OsteoEase Vet,False,Retail,Region,Northeast,179427.82,4376
2024-09,2024-Q3,Pain/Osteoarthritis,OsteoEase Vet,False,Retail,Region,South,270451.52,6596
2024-09,2024-Q3,Pain/Osteoarthritis,OsteoEase Vet,False,Retail,Region,Midwest,163999.53,4000
2024-09,2024-Q3,Pain/Osteoarthritis,OsteoEase Vet,False,Retail,Region,West,189990.22,4634
2024-09,2024-Q3,Pain/Osteoarthritis,OsteoEase Vet,False,Retail,National,National,803869.09,19607
2024-09,2024-Q3,Pain/Osteoarthritis,OsteoEase Vet,False,E-commerce,Region,Northeast,343996.41,8390
2024-09,2024-Q3,Pain/Osteoarthritis,OsteoEase Vet,False,E-commerce,Region,South,550273.91,13421
2024-09,2024-Q3,Pain/Osteoarthritis,OsteoEase Vet,False,E-commerce,Region,Midwest,316649.56,7723
2024-09,2024-Q3,Pain/Osteoarthritis,OsteoEase Vet,False,E-commerce,Region,West,368045.95,8977
2024-09,2024-Q3,Pain/Osteoarthritis,OsteoEase Vet,False,E-commerce,National,National,1578965.82,38511
2024-10,2024-Q4,Pain/Osteoarthritis,OsteoEase Vet,False,Veterinary,Region,Northeast,1395866.09,34046
2024-10,2024-Q4,Pain/Osteoarthritis,OsteoEase Vet,False,Veterinary,Region,South,2222647.0,54211
2024-10,2024-Q4,Pain/Osteoarthritis,OsteoEase Vet,False,Veterinary,Region,Midwest,1388120.4,33857
2024-10,2024-Q4,Pain/Osteoarthritis,OsteoEase Vet,False,Veterinary,Region,West,1458028.64,35562
2024-10,2024-Q4,Pain/Osteoarthritis,OsteoEase Vet,False,Veterinary,National,National,6464662.13,157675
2024-10,2024-Q4,Pain/Osteoarthritis,OsteoEase Vet,False,Retail,Region,Northeast,195556.61,4770
2024-10,2024-Q4,Pain/Osteoarthritis,OsteoEase Vet,False,Retail,Region,South,288788.92,7044
2024-10,2024-Q4,Pain/Osteoarthritis,OsteoEase Vet,False,Retail,Region,Midwest,171674.51,4187
2024-10,2024-Q4,Pain/Osteoarthritis,OsteoEase Vet,False,Retail,Region,West,188577.37,4599
2024-10,2024-Q4,Pain/Osteoarthritis,OsteoEase Vet,False,Retail,National,National,844597.41,20600
2024-10,2024-Q4,Pain/Osteoarthritis,OsteoEase Vet,False,E-commerce,Region,Northeast,378454.06,9231
2024-10,2024-Q4,Pain/Osteoarthritis,OsteoEase Vet,False,E-commerce,Region,South,557260.61,13592
2024-10,2024-Q4,Pain/Osteoarthritis,OsteoEase Vet,False,E-commerce,Region,Midwest,350930.95,8559
2024-10,2024-Q4,Pain/Osteoarthritis,OsteoEase Vet,False,E-commerce,Region,West,384547.48,9379
2024-10,2024-Q4,Pain/Osteoarthritis,OsteoEase Vet,False,E-commerce,National,National,1671193.1,40761
2024-11,2024-Q4,Pain/Osteoarthritis,OsteoEase Vet,False,Veterinary,Region,Northeast,1554805.73,37922
2024-11,2024-Q4,Pain/Osteoarthritis,OsteoEase Vet,False,Veterinary,Region,South,2300550.33,56111
2024-11,2024-Q4,Pain/Osteoarthritis,OsteoEase Vet,False,Veterinary,Region,Midwest,1393774.49,33994
2024-11,2024-Q4,Pain/Osteoarthritis,OsteoEase Vet,False,Veterinary,Region,West,1470060.24,35855
2024-11,2024-Q4,Pain/Osteoarthritis,OsteoEase Vet,False,Veterinary,National,National,6719190.79,163883
2024-11,2024-Q4,Pain/Osteoarthritis,OsteoEase Vet,False,Retail,Region,Northeast,197504.75,4817
2024-11,2024-Q4,Pain/Osteoarthritis,OsteoEase Vet,False,Retail,Region,South,303896.74,7412
2024-11,2024-Q4,Pain/Osteoarthritis,OsteoEase Vet,False,Retail,Region,Midwest,196228.08,4786
2024-11,2024-Q4,Pain/Osteoarthritis,OsteoEase Vet,False,Retail,Region,West,202841.66,4947
2024-11,2024-Q4,Pain/Osteoarthritis,OsteoEase Vet,False,Retail,National,National,900471.23,21963
2024-11,2024-Q4,Pain/Osteoarthritis,OsteoEase Vet,False,E-commerce,Region,Northeast,414261.97,10104
2024-11,2024-Q4,Pain/Osteoarthritis,OsteoEase Vet,False,E-commerce,Region,South,615769.64,15019
2024-11,2024-Q4,Pain/Osteoarthritis,OsteoEase Vet,False,E-commerce,Region,Midwest,403459.52,9840
2024-11,2024-Q4,Pain/Osteoarthritis,OsteoEase Vet,False,E-commerce,Region,West,407919.19,9949
2024-11,2024-Q4,Pain/Osteoarthritis,OsteoEase Vet,False,E-commerce,National,National,1841410.32,44912
2024-12,2024-Q4,Pain/Osteoarthritis,OsteoEase Vet,False,Veterinary,Region,Northeast,1631637.39,39796
2024-12,2024-Q4,Pain/Osteoarthritis,OsteoEase Vet,False,Veterinary,Region,South,2559418.2,62425
2024-12,2024-Q4,Pain/Osteoarthritis,OsteoEase Vet,False,Veterinary,Region,Midwest,1565042.1,38172
2024-12,2024-Q4,Pain/Osteoarthritis,OsteoEase Vet,False,Veterinary,Region,West,1604807.22,39142
2024-12,2024-Q4,Pain/Osteoarthritis,OsteoEase Vet,False,Veterinary,National,National,7360904.92,179534
2024-12,2024-Q4,Pain/Osteoarthritis,OsteoEase Vet,False,Retail,Region,Northeast,215736.35,5262
2024-12,2024-Q4,Pain/Osteoarthritis,OsteoEase Vet,False,Retail,Region,South,322779.28,7873
2024-12,2024-Q4,Pain/Osteoarthritis,OsteoEase Vet,False,Retail,Region,Midwest,189678.93,4626
2024-12,2024-Q4,Pain/Osteoarthritis,OsteoEase Vet,False,Retail,Region,West,214750.09,5238
2024-12,2024-Q4,Pain/Osteoarthritis,OsteoEase Vet,False,Retail,National,National,942944.65,22999
2024-12,2024-Q4,Pain/Osteoarthritis,OsteoEase Vet,False,E-commerce,Region,Northeast,432784.74,10556
2024-12,2024-Q4,Pain/Osteoarthritis,OsteoEase Vet,False,E-commerce,Region,South,659707.45,16090
2024-12,2024-Q4,Pain/Osteoarthritis,OsteoEase Vet,False,E-commerce,Region,Midwest,433831.61,10581
2024-12,2024-Q4,Pain/Osteoarthritis,OsteoEase Vet,False,E-commerce,Region,West,464599.99,11332
2024-12,2024-Q4,Pain/Osteoarthritis,OsteoEase Vet,False,E-commerce,National,National,1990923.79,48559
2025-01,2025-Q1,Pain/Osteoarthritis,OsteoEase Vet,False,Veterinary,Region,Northeast,1679347.51,40960
2025-01,2025-Q1,Pain/Osteoarthritis,OsteoEase Vet,False,Veterinary,Region,South,2532187.89,61761
2025-01,2025-Q1,Pain/Osteoarthritis,OsteoEase Vet,False,Veterinary,Region,Midwest,1668825.64,40703
2025-01,2025-Q1,Pain/Osteoarthritis,OsteoEase Vet,False,Veterinary,Region,West,1805141.57,44028
2025-01,2025-Q1,Pain/Osteoarthritis,OsteoEase Vet,False,Veterinary,National,National,7685502.61,187451
2025-01,2025-Q1,Pain/Osteoarthritis,OsteoEase Vet,False,Retail,Region,Northeast,230152.01,5613
2025-01,2025-Q1,Pain/Osteoarthritis,OsteoEase Vet,False,Retail,Region,South,353577.13,8624
2025-01,2025-Q1,Pain/Osteoarthritis,OsteoEase Vet,False,Retail,Region,Midwest,215146.27,5247
2025-01,2025-Q1,Pain/Osteoarthritis,OsteoEase Vet,False,Retail,Region,West,240176.84,5858
2025-01,2025-Q1,Pain/Osteoarthritis,OsteoEase Vet,False,Retail,National,National,1039052.26,25343
2025-01,2025-Q1,Pain/Osteoarthritis,OsteoEase Vet,False,E-commerce,Region,Northeast,485778.66,11848
2025-01,2025-Q1,Pain/Osteoarthritis,OsteoEase Vet,False,E-commerce,Region,South,753636.17,18381
2025-01,2025-Q1,Pain/Osteoarthritis,OsteoEase Vet,False,E-commerce,Region,Midwest,490092.78,11953
2025-01,2025-Q1,Pain/Osteoarthritis,OsteoEase Vet,False,E-commerce,Region,West,526298.33,12837
2025-01,2025-Q1,Pain/Osteoarthritis,OsteoEase Vet,False,E-commerce,National,National,2255805.95,55020
2025-02,2025-Q1,Pain/Osteoarthritis,OsteoEase Vet,False,Veterinary,Region,Northeast,1602767.09,39092
2025-02,2025-Q1,Pain/Osteoarthritis,OsteoEase Vet,False,Veterinary,Region,South,2706302.57,66007
2025-02,2025-Q1,Pain/Osteoarthritis,OsteoEase Vet,False,Veterinary,Region,Midwest,1585112.19,38661
2025-02,2025-Q1,Pain/Osteoarthritis,OsteoEase Vet,False,Veterinary,Region,West,1752158.26,42736
2025-02,2025-Q1,Pain/Osteoarthritis,OsteoEase Vet,False,Veterinary,National,National,7646340.11,186496
2025-02,2025-Q1,Pain/Osteoarthritis,OsteoEase Vet,False,Retail,Region,Northeast,214658.58,5236
2025-02,2025-Q1,Pain/Osteoarthritis,OsteoEase Vet,False,Retail,Region,South,339979.26,8292
2025-02,2025-Q1,Pain/Osteoarthritis,OsteoEase Vet,False,Retail,Region,Midwest,205364.51,5009
2025-02,2025-Q1,Pain/Osteoarthritis,OsteoEase Vet,False,Retail,Region,West,219617.96,5357
2025-02,2025-Q1,Pain/Osteoarthritis,OsteoEase Vet,False,Retail,National,National,979620.31,23893
2025-02,2025-Q1,Pain/Osteoarthritis,OsteoEase Vet,False,E-commerce,Region,Northeast,459493.73,11207
2025-02,2025-Q1,Pain/Osteoarthritis,OsteoEase Vet,False,E-commerce,Region,South,696465.49,16987
2025-02,2025-Q1,Pain/Osteoarthritis,OsteoEase Vet,False,E-commerce,Region,Midwest,448767.66,10946
2025-02,2025-Q1,Pain/Osteoarthritis,OsteoEase Vet,False,E-commerce,Region,West,526207.81,12834
2025-02,2025-Q1,Pain/Osteoarthritis,OsteoEase Vet,False,E-commerce,National,National,2130934.69,51974
2025-03,2025-Q1,Pain/Osteoarthritis,OsteoEase Vet,False,Veterinary,Region,Northeast,1668659.6,40699
2025-03,2025-Q1,Pain/Osteoarthritis,OsteoEase Vet,False,Veterinary,Region,South,2667483.37,65061
2025-03,2025-Q1,Pain/Osteoarthritis,OsteoEase Vet,False,Veterinary,Region,Midwest,1656762.63,40409
2025-03,2025-Q1,Pain/Osteoarthritis,OsteoEase Vet,False,Veterinary,Region,West,1716566.82,41867
2025-03,2025-Q1,Pain/Osteoarthritis,OsteoEase Vet,False,Veterinary,National,National,7709472.41,188036
2025-03,2025-Q1,Pain/Osteoarthritis,OsteoEase Vet,False,Retail,Region,Northeast,219788.1,5361
2025-03,2025-Q1,Pain/Osteoarthritis,OsteoEase Vet,False,Retail,Region,South,328828.9,8020
2025-03,2025-Q1,Pain/Osteoarthritis,OsteoEase Vet,False,Retail,Region,Midwest,193468.85,4719
2025-03,2025-Q1,Pain/Osteoarthritis,OsteoEase Vet,False,Retail,Region,West,231439.58,5645
2025-03,2025-Q1,Pain/Osteoarthritis,OsteoEase Vet,False,Retail,National,National,973525.43,23745
2025-03,2025-Q1,Pain/Osteoarthritis,OsteoEase Vet,False,E-commerce,Region,Northeast,496170.58,12102
2025-03,2025-Q1,Pain/Osteoarthritis,OsteoEase Vet,False,E-commerce,Region,South,744174.3,18151
2025-03,2025-Q1,Pain/Osteoarthritis,OsteoEase Vet,False,E-commerce,Region,Midwest,474975.08,11585
2025-03,2025-Q1,Pain/Osteoarthritis,OsteoEase Vet,False,E-commerce,Region,West,522190.63,12736
2025-03,2025-Q1,Pain/Osteoarthritis,OsteoEase Vet,False,E-commerce,National,National,2237510.6,54573
2025-04,2025-Q2,Pain/Osteoarthritis,OsteoEase Vet,False,Veterinary,Region,Northeast,1599003.46,39000
2025-04,2025-Q2,Pain/Osteoarthritis,OsteoEase Vet,False,Veterinary,Region,South,2531774.61,61751
2025-04,2025-Q2,Pain/Osteoarthritis,OsteoEase Vet,False,Veterinary,Region,Midwest,1586390.61,38692
2025-04,2025-Q2,Pain/Osteoarthritis,OsteoEase Vet,False,Veterinary,Region,West,1760628.8,42942
2025-04,2025-Q2,Pain/Osteoarthritis,OsteoEase Vet,False,Veterinary,National,National,7477797.49,182385
2025-04,2025-Q2,Pain/Osteoarthritis,OsteoEase Vet,False,Retail,Region,Northeast,209869.96,5119
2025-04,2025-Q2,Pain/Osteoarthritis,OsteoEase Vet,False,Retail,Region,South,315850.1,7704
2025-04,2025-Q2,Pain/Osteoarthritis,OsteoEase Vet,False,Retail,Region,Midwest,204203.39,4981
2025-04,2025-Q2,Pain/Osteoarthritis,OsteoEase Vet,False,Retail,Region,West,229035.02,5586
2025-04,2025-Q2,Pain/Osteoarthritis,OsteoEase Vet,False,Retail,National,National,958958.47,23389
2025-04,2025-Q2,Pain/Osteoarthritis,OsteoEase Vet,False,E-commerce,Region,Northeast,491468.24,11987
2025-04,2025-Q2,Pain/Osteoarthritis,OsteoEase Vet,False,E-commerce,Region,South,785095.59,19149
2025-04,2025-Q2,Pain/Osteoarthritis,OsteoEase Vet,False,E-commerce,Region,Midwest,492684.52,12017
2025-04,2025-Q2,Pain/Osteoarthritis,OsteoEase Vet,False,E-commerce,Region,West,539765.01,13165
2025-04,2025-Q2,Pain/Osteoarthritis,OsteoEase Vet,False,E-commerce,National,National,2309013.37,56317
2025-05,2025-Q2,Pain/Osteoarthritis,OsteoEase Vet,False,Veterinary,Region,Northeast,1610775.08,39287
2025-05,2025-Q2,Pain/Osteoarthritis,OsteoEase Vet,False,Veterinary,Region,South,2572640.25,62747
2025-05,2025-Q2,Pain/Osteoarthritis,OsteoEase Vet,False,Veterinary,Region,Midwest,1586449.56,38694
2025-05,2025-Q2,Pain/Osteoarthritis,OsteoEase Vet,False,Veterinary,Region,West,1628349.23,39716
2025-05,2025-Q2,Pain/Osteoarthritis,OsteoEase Vet,False,Veterinary,National,National,7398214.12,180444
2025-05,2025-Q2,Pain/Osteoarthritis,OsteoEase Vet,False,Retail,Region,Northeast,205794.03,5019
2025-05,2025-Q2,Pain/Osteoarthritis,OsteoEase Vet,False,Retail,Region,South,317337.77,7740
2025-05,2025-Q2,Pain/Osteoarthritis,OsteoEase Vet,False,Retail,Region,Midwest,190632.65,4650
2025-05,2025-Q2,Pain/Osteoarthritis,OsteoEase Vet,False,Retail,Region,West,211060.41,5148
2025-05,2025-Q2,Pain/Osteoarthritis,OsteoEase Vet,False,Retail,National,National,924824.86,22557
2025-05,2025-Q2,Pain/Osteoarthritis,OsteoEase Vet,False,E-commerce,Region,Northeast,467765.88,11409
2025-05,2025-Q2,Pain/Osteoarthritis,OsteoEase Vet,False,E-commerce,Region,South,785643.63,19162
2025-05,2025-Q2,Pain/Osteoarthritis,OsteoEase Vet,False,E-commerce,Region,Midwest,487224.96,11884
2025-05,2025-Q2,Pain/Osteoarthritis,OsteoEase Vet,False,E-commerce,Region,West,538341.84,13130
2025-05,2025-Q2,Pain/Osteoarthritis,OsteoEase Vet,False,E-commerce,National,National,2278976.31,55585
2025-06,2025-Q2,Pain/Osteoarthritis,OsteoEase Vet,False,Veterinary,Region,Northeast,1480773.32,36116
2025-06,2025-Q2,Pain/Osteoarthritis,OsteoEase Vet,False,Veterinary,Region,South,2319580.7,56575
2025-06,2025-Q2,Pain/Osteoarthritis,OsteoEase Vet,False,Veterinary,Region,Midwest,1506256.35,36738
2025-06,2025-Q2,Pain/Osteoarthritis,OsteoEase Vet,False,Veterinary,Region,West,1627764.53,39702
2025-06,2025-Q2,Pain/Osteoarthritis,OsteoEase Vet,False,Veterinary,National,National,6934374.91,169131
2025-06,2025-Q2,Pain/Osteoarthritis,OsteoEase Vet,False,Retail,Region,Northeast,187361.23,4570
2025-06,2025-Q2,Pain/Osteoarthritis,OsteoEase Vet,False,Retail,Region,South,275141.91,6711
2025-06,2025-Q2,Pain/Osteoarthritis,OsteoEase Vet,False,Retail,Region,Midwest,181635.82,4430
2025-06,2025-Q2,Pain/Osteoarthritis,OsteoEase Vet,False,Retail,Region,West,193888.84,4729
2025-06,2025-Q2,Pain/Osteoarthritis,OsteoEase Vet,False,Retail,National,National,838027.8,20440
2025-06,2025-Q2,Pain/Osteoarthritis,OsteoEase Vet,False,E-commerce,Region,Northeast,482752.66,11774
2025-06,2025-Q2,Pain/Osteoarthritis,OsteoEase Vet,False,E-commerce,Region,South,766362.43,18692
2025-06,2025-Q2,Pain/Osteoarthritis,OsteoEase Vet,False,E-commerce,Region,Midwest,439976.96,10731
2025-06,2025-Q2,Pain/Osteoarthritis,OsteoEase Vet,False,E-commerce,Region,West,507902.44,12388
2025-06,2025-Q2,Pain/Osteoarthritis,OsteoEase Vet,False,E-commerce,National,National,2196994.49,53585
2025-07,2025-Q3,Pain/Osteoarthritis,OsteoEase Vet,False,Veterinary,Region,Northeast,1474063.84,35953
2025-07,2025-Q3,Pain/Osteoarthritis,OsteoEase Vet,False,Veterinary,Region,South,2123484.32,51792
2025-07,2025-Q3,Pain/Osteoarthritis,OsteoEase Vet,False,Veterinary,Region,Midwest,1328204.64,32395
2025-07,2025-Q3,Pain/Osteoarthritis,OsteoEase Vet,False,Veterinary,Region,West,1389332.01,33886
2025-07,2025-Q3,Pain/Osteoarthritis,OsteoEase Vet,False,Veterinary,National,National,6315084.81,154026
2025-07,2025-Q3,Pain/Osteoarthritis,OsteoEase Vet,False,Retail,Region,Northeast,162341.12,3960
2025-07,2025-Q3,Pain/Osteoarthritis,OsteoEase Vet,False,Retail,Region,South,260330.48,6350
2025-07,2025-Q3,Pain/Osteoarthritis,OsteoEase Vet,False,Retail,Region,Midwest,160802.88,3922
2025-07,2025-Q3,Pain/Osteoarthritis,OsteoEase Vet,False,Retail,Region,West,187700.37,4578
2025-07,2025-Q3,Pain/Osteoarthritis,OsteoEase Vet,False,Retail,National,National,771174.86,18809
2025-07,2025-Q3,Pain/Osteoarthritis,OsteoEase Vet,False,E-commerce,Region,Northeast,433740.11,10579
2025-07,2025-Q3,Pain/Osteoarthritis,OsteoEase Vet,False,E-commerce,Region,South,711449.36,17352
2025-07,2025-Q3,Pain/Osteoarthritis,OsteoEase Vet,False,E-commerce,Region,Midwest,434208.18,10590
2025-07,2025-Q3,Pain/Osteoarthritis,OsteoEase Vet,False,E-commerce,Region,West,468051.72,11416
2025-07,2025-Q3,Pain/Osteoarthritis,OsteoEase Vet,False,E-commerce,National,National,2047449.38,49938
2025-08,2025-Q3,Pain/Osteoarthritis,OsteoEase Vet,False,Veterinary,Region,Northeast,1296209.19,31615
2025-08,2025-Q3,Pain/Osteoarthritis,OsteoEase Vet,False,Veterinary,Region,South,2096136.0,51125
2025-08,2025-Q3,Pain/Osteoarthritis,OsteoEase Vet,False,Veterinary,Region,Midwest,1278313.81,31178
2025-08,2025-Q3,Pain/Osteoarthritis,OsteoEase Vet,False,Veterinary,Region,West,1384031.12,33757
2025-08,2025-Q3,Pain/Osteoarthritis,OsteoEase Vet,False,Veterinary,National,National,6054690.12,147675
2025-08,2025-Q3,Pain/Osteoarthritis,OsteoEase Vet,False,Retail,Region,Northeast,158642.67,3869
2025-08,2025-Q3,Pain/Osteoarthritis,OsteoEase Vet,False,Retail,Region,South,257188.74,6273
2025-08,2025-Q3,Pain/Osteoarthritis,OsteoEase Vet,False,Retail,Region,Midwest,159457.99,3889
2025-08,2025-Q3,Pain/Osteoarthritis,OsteoEase Vet,False,Retail,Region,West,170797.54,4166
2025-08,2025-Q3,Pain/Osteoarthritis,OsteoEase Vet,False,Retail,National,National,746086.94,18197
2025-08,2025-Q3,Pain/Osteoarthritis,OsteoEase Vet,False,E-commerce,Region,Northeast,447849.75,10923
2025-08,2025-Q3,Pain/Osteoarthritis,OsteoEase Vet,False,E-commerce,Region,South,668693.96,16310
2025-08,2025-Q3,Pain/Osteoarthritis,OsteoEase Vet,False,E-commerce,Region,Midwest,396590.54,9673
2025-08,2025-Q3,Pain/Osteoarthritis,OsteoEase Vet,False,E-commerce,Region,West,453281.71,11056
2025-08,2025-Q3,Pain/Osteoarthritis,OsteoEase Vet,False,E-commerce,National,National,1966415.95,47961
2025-09,2025-Q3,Pain/Osteoarthritis,OsteoEase Vet,False,Veterinary,Region,Northeast,1449976.37,35365
2025-09,2025-Q3,Pain/Osteoarthritis,OsteoEase Vet,False,Veterinary,Region,South,2208477.23,53865
2025-09,2025-Q3,Pain/Osteoarthritis,OsteoEase Vet,False,Veterinary,Region,Midwest,1333213.12,32517
2025-09,2025-Q3,Pain/Osteoarthritis,OsteoEase Vet,False,Veterinary,Region,West,1438416.11,35083
2025-09,2025-Q3,Pain/Osteoarthritis,OsteoEase Vet,False,Veterinary,National,National,6430082.83,156831
2025-09,2025-Q3,Pain/Osteoarthritis,OsteoEase Vet,False,Retail,Region,Northeast,178007.98,4342
2025-09,2025-Q3,Pain/Osteoarthritis,OsteoEase Vet,False,Retail,Region,South,282700.08,6895
2025-09,2025-Q3,Pain/Osteoarthritis,OsteoEase Vet,False,Retail,Region,Midwest,162269.57,3958
2025-09,2025-Q3,Pain/Osteoarthritis,OsteoEase Vet,False,Retail,Region,West,179524.54,4379
2025-09,2025-Q3,Pain/Osteoarthritis,OsteoEase Vet,False,Retail,National,National,802502.18,19573
2025-09,2025-Q3,Pain/Osteoarthritis,OsteoEase Vet,False,E-commerce,Region,Northeast,497156.16,12126
2025-09,2025-Q3,Pain/Osteoarthritis,OsteoEase Vet,False,E-commerce,Region,South,753405.87,18376
2025-09,2025-Q3,Pain/Osteoarthritis,OsteoEase Vet,False,E-commerce,Region,Midwest,452687.91,11041
2025-09,2025-Q3,Pain/Osteoarthritis,OsteoEase Vet,False,E-commerce,Region,West,519822.06,12679
2025-09,2025-Q3,Pain/Osteoarthritis,OsteoEase Vet,False,E-commerce,National,National,2223072.0,54221
2025-10,2025-Q4,Pain/Osteoarthritis,OsteoEase Vet,False,Veterinary,Region,Northeast,1468127.54,35808
2025-10,2025-Q4,Pain/Osteoarthritis,OsteoEase Vet,False,Veterinary,Region,South,2354207.43,57420
2025-10,2025-Q4,Pain/Osteoarthritis,OsteoEase Vet,False,Veterinary,Region,Midwest,1441874.61,35168
2025-10,2025-Q4,Pain/Osteoarthritis,OsteoEase Vet,False,Veterinary,Region,West,1657850.41,40435
2025-10,2025-Q4,Pain/Osteoarthritis,OsteoEase Vet,False,Veterinary,National,National,6922060.0,168831
2025-10,2025-Q4,Pain/Osteoarthritis,OsteoEase Vet,False,Retail,Region,Northeast,191558.44,4672
2025-10,2025-Q4,Pain/Osteoarthritis,OsteoEase Vet,False,Retail,Region,South,294964.28,7194
2025-10,2025-Q4,Pain/Osteoarthritis,OsteoEase Vet,False,Retail,Region,Midwest,180297.11,4397
2025-10,2025-Q4,Pain/Osteoarthritis,OsteoEase Vet,False,Retail,Region,West,199755.66,4872
2025-10,2025-Q4,Pain/Osteoarthritis,OsteoEase Vet,False,Retail,National,National,866575.5,21136
2025-10,2025-Q4,Pain/Osteoarthritis,OsteoEase Vet,False,E-commerce,Region,Northeast,509273.19,12421
2025-10,2025-Q4,Pain/Osteoarthritis,OsteoEase Vet,False,E-commerce,Region,South,785450.58,19157
2025-10,2025-Q4,Pain/Osteoarthritis,OsteoEase Vet,False,E-commerce,Region,Midwest,513189.34,12517
2025-10,2025-Q4,Pain/Osteoarthritis,OsteoEase Vet,False,E-commerce,Region,West,562237.51,13713
2025-10,2025-Q4,Pain/Osteoarthritis,OsteoEase Vet,False,E-commerce,National,National,2370150.62,57809
2025-11,2025-Q4,Pain/Osteoarthritis,OsteoEase Vet,False,Veterinary,Region,Northeast,1488788.95,36312
2025-11,2025-Q4,Pain/Osteoarthritis,OsteoEase Vet,False,Veterinary,Region,South,2367696.47,57749
2025-11,2025-Q4,Pain/Osteoarthritis,OsteoEase Vet,False,Veterinary,Region,Midwest,1536125.03,37466
2025-11,2025-Q4,Pain/Osteoarthritis,OsteoEase Vet,False,Veterinary,Region,West,1662011.76,40537
2025-11,2025-Q4,Pain/Osteoarthritis,OsteoEase Vet,False,Veterinary,National,National,7054622.2,172064
2025-11,2025-Q4,Pain/Osteoarthritis,OsteoEase Vet,False,Retail,Region,Northeast,192402.49,4693
2025-11,2025-Q4,Pain/Osteoarthritis,OsteoEase Vet,False,Retail,Region,South,294733.18,7189
2025-11,2025-Q4,Pain/Osteoarthritis,OsteoEase Vet,False,Retail,Region,Midwest,188756.99,4604
2025-11,2025-Q4,Pain/Osteoarthritis,OsteoEase Vet,False,Retail,Region,West,204166.09,4980
2025-11,2025-Q4,Pain/Osteoarthritis,OsteoEase Vet,False,Retail,National,National,880058.75,21465
2025-11,2025-Q4,Pain/Osteoarthritis,OsteoEase Vet,False,E-commerce,Region,Northeast,567414.26,13839
2025-11,2025-Q4,Pain/Osteoarthritis,OsteoEase Vet,False,E-commerce,Region,South,867793.06,21166
2025-11,2025-Q4,Pain/Osteoarthritis,OsteoEase Vet,False,E-commerce,Region,Midwest,546677.42,13334
2025-11,2025-Q4,Pain/Osteoarthritis,OsteoEase Vet,False,E-commerce,Region,West,601110.34,14661
2025-11,2025-Q4,Pain/Osteoarthritis,OsteoEase Vet,False,E-commerce,National,National,2582995.08,63000
2025-12,2025-Q4,Pain/Osteoarthritis,OsteoEase Vet,False,Veterinary,Region,Northeast,1762068.91,42977
2025-12,2025-Q4,Pain/Osteoarthritis,OsteoEase Vet,False,Veterinary,Region,South,2548000.83,62146
2025-12,2025-Q4,Pain/Osteoarthritis,OsteoEase Vet,False,Veterinary,Region,Midwest,1610056.42,39270
2025-12,2025-Q4,Pain/Osteoarthritis,OsteoEase Vet,False,Veterinary,Region,West,1672967.2,40804
2025-12,2025-Q4,Pain/Osteoarthritis,OsteoEase Vet,False,Veterinary,National,National,7593093.36,185197
2025-12,2025-Q4,Pain/Osteoarthritis,OsteoEase Vet,False,Retail,Region,Northeast,200603.17,4893
2025-12,2025-Q4,Pain/Osteoarthritis,OsteoEase Vet,False,Retail,Region,South,328426.66,8010
2025-12,2025-Q4,Pain/Osteoarthritis,OsteoEase Vet,False,Retail,Region,Midwest,201702.5,4920
2025-12,2025-Q4,Pain/Osteoarthritis,OsteoEase Vet,False,Retail,Region,West,217593.22,5307
2025-12,2025-Q4,Pain/Osteoarthritis,OsteoEase Vet,False,Retail,National,National,948325.54,23130
2025-12,2025-Q4,Pain/Osteoarthritis,OsteoEase Vet,False,E-commerce,Region,Northeast,605752.16,14774
2025-12,2025-Q4,Pain/Osteoarthritis,OsteoEase Vet,False,E-commerce,Region,South,965575.77,23551
2025-12,2025-Q4,Pain/Osteoarthritis,OsteoEase Vet,False,E-commerce,Region,Midwest,572545.63,13965
2025-12,2025-Q4,Pain/Osteoarthritis,OsteoEase Vet,False,E-commerce,Region,West,667074.65,16270
2025-12,2025-Q4,Pain/Osteoarthritis,OsteoEase Vet,False,E-commerce,National,National,2810948.22,68560
2026-01,2026-Q1,Pain/Osteoarthritis,OsteoEase Vet,False,Veterinary,Region,Northeast,1664680.37,40602
2026-01,2026-Q1,Pain/Osteoarthritis,OsteoEase Vet,False,Veterinary,Region,South,2540499.27,61963
2026-01,2026-Q1,Pain/Osteoarthritis,OsteoEase Vet,False,Veterinary,Region,Midwest,1670029.1,40732
2026-01,2026-Q1,Pain/Osteoarthritis,OsteoEase Vet,False,Veterinary,Region,West,1750226.44,42688
2026-01,2026-Q1,Pain/Osteoarthritis,OsteoEase Vet,False,Veterinary,National,National,7625435.18,185986
2026-01,2026-Q1,Pain/Osteoarthritis,OsteoEase Vet,False,Retail,Region,Northeast,214061.35,5221
2026-01,2026-Q1,Pain/Osteoarthritis,OsteoEase Vet,False,Retail,Region,South,332815.06,8117
2026-01,2026-Q1,Pain/Osteoarthritis,OsteoEase Vet,False,Retail,Region,Midwest,199705.61,4871
2026-01,2026-Q1,Pain/Osteoarthritis,OsteoEase Vet,False,Retail,Region,West,205177.97,5004
2026-01,2026-Q1,Pain/Osteoarthritis,OsteoEase Vet,False,Retail,National,National,951759.99,23214
2026-01,2026-Q1,Pain/Osteoarthritis,OsteoEase Vet,False,E-commerce,Region,Northeast,620217.67,15127
2026-01,2026-Q1,Pain/Osteoarthritis,OsteoEase Vet,False,E-commerce,Region,South,966011.27,23561
2026-01,2026-Q1,Pain/Osteoarthritis,OsteoEase Vet,False,E-commerce,Region,Midwest,613002.44,14951
2026-01,2026-Q1,Pain/Osteoarthritis,OsteoEase Vet,False,E-commerce,Region,West,670968.47,16365
2026-01,2026-Q1,Pain/Osteoarthritis,OsteoEase Vet,False,E-commerce,National,National,2870199.85,70005
2026-02,2026-Q1,Pain/Osteoarthritis,OsteoEase Vet,False,Veterinary,Region,Northeast,1804436.63,44011
2026-02,2026-Q1,Pain/Osteoarthritis,OsteoEase Vet,False,Veterinary,Region,South,2641607.61,64429
2026-02,2026-Q1,Pain/Osteoarthritis,OsteoEase Vet,False,Veterinary,Region,Midwest,1664941.89,40608
2026-02,2026-Q1,Pain/Osteoarthritis,OsteoEase Vet,False,Veterinary,Region,West,1857307.62,45300
2026-02,2026-Q1,Pain/Osteoarthritis,OsteoEase Vet,False,Veterinary,National,National,7968293.74,194349
2026-02,2026-Q1,Pain/Osteoarthritis,OsteoEase Vet,False,Retail,Region,Northeast,214043.52,5221
2026-02,2026-Q1,Pain/Osteoarthritis,OsteoEase Vet,False,Retail,Region,South,347717.4,8481
2026-02,2026-Q1,Pain/Osteoarthritis,OsteoEase Vet,False,Retail,Region,Midwest,212123.76,5174
2026-02,2026-Q1,Pain/Osteoarthritis,OsteoEase Vet,False,Retail,Region,West,215757.89,5262
2026-02,2026-Q1,Pain/Osteoarthritis,OsteoEase Vet,False,Retail,National,National,989642.57,24138
2026-02,2026-Q1,Pain/Osteoarthritis,OsteoEase Vet,False,E-commerce,Region,Northeast,656357.44,16009
2026-02,2026-Q1,Pain/Osteoarthritis,OsteoEase Vet,False,E-commerce,Region,South,1086037.1,26489
2026-02,2026-Q1,Pain/Osteoarthritis,OsteoEase Vet,False,E-commerce,Region,Midwest,650624.96,15869
2026-02,2026-Q1,Pain/Osteoarthritis,OsteoEase Vet,False,E-commerce,Region,West,723563.19,17648
2026-02,2026-Q1,Pain/Osteoarthritis,OsteoEase Vet,False,E-commerce,National,National,3116582.69,76014
2026-03,2026-Q1,Pain/Osteoarthritis,OsteoEase Vet,False,Veterinary,Region,Northeast,1859705.14,45359
2026-03,2026-Q1,Pain/Osteoarthritis,OsteoEase Vet,False,Veterinary,Region,South,2835930.68,69169
2026-03,2026-Q1,Pain/Osteoarthritis,OsteoEase Vet,False,Veterinary,Region,Midwest,1752365.02,42741
2026-03,2026-Q1,Pain/Osteoarthritis,OsteoEase Vet,False,Veterinary,Region,West,1836952.27,44804
2026-03,2026-Q1,Pain/Osteoarthritis,OsteoEase Vet,False,Veterinary,National,National,8284953.11,202072
2026-03,2026-Q1,Pain/Osteoarthritis,OsteoEase Vet,False,Retail,Region,Northeast,221354.92,5399
2026-03,2026-Q1,Pain/Osteoarthritis,OsteoEase Vet,False,Retail,Region,South,319742.01,7799
2026-03,2026-Q1,Pain/Osteoarthritis,OsteoEase Vet,False,Retail,Region,Midwest,206013.06,5025
2026-03,2026-Q1,Pain/Osteoarthritis,OsteoEase Vet,False,Retail,Region,West,222942.33,5438
2026-03,2026-Q1,Pain/Osteoarthritis,OsteoEase Vet,False,Retail,National,National,970052.32,23660
2026-03,2026-Q1,Pain/Osteoarthritis,OsteoEase Vet,False,E-commerce,Region,Northeast,690065.55,16831
2026-03,2026-Q1,Pain/Osteoarthritis,OsteoEase Vet,False,E-commerce,Region,South,1061221.17,25883
2026-03,2026-Q1,Pain/Osteoarthritis,OsteoEase Vet,False,E-commerce,Region,Midwest,633794.89,15458
2026-03,2026-Q1,Pain/Osteoarthritis,OsteoEase Vet,False,E-commerce,Region,West,766085.71,18685
2026-03,2026-Q1,Pain/Osteoarthritis,OsteoEase Vet,False,E-commerce,National,National,3151167.32,76858
2024-04,2024-Q2,Pain/Osteoarthritis,PainAway Canine,False,Veterinary,Region,Northeast,1230623.21,33260
2024-04,2024-Q2,Pain/Osteoarthritis,PainAway Canine,False,Veterinary,Region,South,1940790.6,52454
2024-04,2024-Q2,Pain/Osteoarthritis,PainAway Canine,False,Veterinary,Region,Midwest,1218703.73,32938
2024-04,2024-Q2,Pain/Osteoarthritis,PainAway Canine,False,Veterinary,Region,West,1345311.47,36360
2024-04,2024-Q2,Pain/Osteoarthritis,PainAway Canine,False,Veterinary,National,National,5735429.01,155012
2024-04,2024-Q2,Pain/Osteoarthritis,PainAway Canine,False,Retail,Region,Northeast,165024.7,4460
2024-04,2024-Q2,Pain/Osteoarthritis,PainAway Canine,False,Retail,Region,South,259840.81,7023
2024-04,2024-Q2,Pain/Osteoarthritis,PainAway Canine,False,Retail,Region,Midwest,155255.44,4196
2024-04,2024-Q2,Pain/Osteoarthritis,PainAway Canine,False,Retail,Region,West,178631.5,4828
2024-04,2024-Q2,Pain/Osteoarthritis,PainAway Canine,False,Retail,National,National,758752.46,20507
2024-04,2024-Q2,Pain/Osteoarthritis,PainAway Canine,False,E-commerce,Region,Northeast,267672.02,7234
2024-04,2024-Q2,Pain/Osteoarthritis,PainAway Canine,False,E-commerce,Region,South,424688.97,11478
2024-04,2024-Q2,Pain/Osteoarthritis,PainAway Canine,False,E-commerce,Region,Midwest,261681.27,7072
2024-04,2024-Q2,Pain/Osteoarthritis,PainAway Canine,False,E-commerce,Region,West,286220.69,7736
2024-04,2024-Q2,Pain/Osteoarthritis,PainAway Canine,False,E-commerce,National,National,1240262.95,33521
2024-05,2024-Q2,Pain/Osteoarthritis,PainAway Canine,False,Veterinary,Region,Northeast,1193457.55,32256
2024-05,2024-Q2,Pain/Osteoarthritis,PainAway Canine,False,Veterinary,Region,South,1771048.47,47866
2024-05,2024-Q2,Pain/Osteoarthritis,PainAway Canine,False,Veterinary,Region,Midwest,1147460.04,31012
2024-05,2024-Q2,Pain/Osteoarthritis,PainAway Canine,False,Veterinary,Region,West,1307305.15,35333
2024-05,2024-Q2,Pain/Osteoarthritis,PainAway Canine,False,Veterinary,National,National,5419271.22,146467
2024-05,2024-Q2,Pain/Osteoarthritis,PainAway Canine,False,Retail,Region,Northeast,158126.85,4274
2024-05,2024-Q2,Pain/Osteoarthritis,PainAway Canine,False,Retail,Region,South,242569.34,6556
2024-05,2024-Q2,Pain/Osteoarthritis,PainAway Canine,False,Retail,Region,Midwest,155765.54,4210
2024-05,2024-Q2,Pain/Osteoarthritis,PainAway Canine,False,Retail,Region,West,175907.84,4754
2024-05,2024-Q2,Pain/Osteoarthritis,PainAway Canine,False,Retail,National,National,732369.57,19794
2024-05,2024-Q2,Pain/Osteoarthritis,PainAway Canine,False,E-commerce,Region,Northeast,257319.63,6955
2024-05,2024-Q2,Pain/Osteoarthritis,PainAway Canine,False,E-commerce,Region,South,380745.02,10290
2024-05,2024-Q2,Pain/Osteoarthritis,PainAway Canine,False,E-commerce,Region,Midwest,248865.24,6726
2024-05,2024-Q2,Pain/Osteoarthritis,PainAway Canine,False,E-commerce,Region,West,278519.23,7528
2024-05,2024-Q2,Pain/Osteoarthritis,PainAway Canine,False,E-commerce,National,National,1165449.12,31499
2024-06,2024-Q2,Pain/Osteoarthritis,PainAway Canine,False,Veterinary,Region,Northeast,1100446.68,29742
2024-06,2024-Q2,Pain/Osteoarthritis,PainAway Canine,False,Veterinary,Region,South,1688226.8,45628
2024-06,2024-Q2,Pain/Osteoarthritis,PainAway Canine,False,Veterinary,Region,Midwest,1038148.39,28058
2024-06,2024-Q2,Pain/Osteoarthritis,PainAway Canine,False,Veterinary,Region,West,1130747.54,30561
2024-06,2024-Q2,Pain/Osteoarthritis,PainAway Canine,False,Veterinary,National,National,4957569.41,133988
2024-06,2024-Q2,Pain/Osteoarthritis,PainAway Canine,False,Retail,Region,Northeast,150275.97,4062
2024-06,2024-Q2,Pain/Osteoarthritis,PainAway Canine,False,Retail,Region,South,233709.44,6316
2024-06,2024-Q2,Pain/Osteoarthritis,PainAway Canine,False,Retail,Region,Midwest,135163.31,3653
2024-06,2024-Q2,Pain/Osteoarthritis,PainAway Canine,False,Retail,Region,West,162804.35,4400
2024-06,2024-Q2,Pain/Osteoarthritis,PainAway Canine,False,Retail,National,National,681953.08,18431
2024-06,2024-Q2,Pain/Osteoarthritis,PainAway Canine,False,E-commerce,Region,Northeast,258620.17,6990
2024-06,2024-Q2,Pain/Osteoarthritis,PainAway Canine,False,E-commerce,Region,South,401016.58,10838
2024-06,2024-Q2,Pain/Osteoarthritis,PainAway Canine,False,E-commerce,Region,Midwest,241570.15,6529
2024-06,2024-Q2,Pain/Osteoarthritis,PainAway Canine,False,E-commerce,Region,West,268881.04,7267
2024-06,2024-Q2,Pain/Osteoarthritis,PainAway Canine,False,E-commerce,National,National,1170087.94,31624
2024-07,2024-Q3,Pain/Osteoarthritis,PainAway Canine,False,Veterinary,Region,Northeast,1090820.11,29482
2024-07,2024-Q3,Pain/Osteoarthritis,PainAway Canine,False,Veterinary,Region,South,1677677.51,45343
2024-07,2024-Q3,Pain/Osteoarthritis,PainAway Canine,False,Veterinary,Region,Midwest,986876.41,26672
2024-07,2024-Q3,Pain/Osteoarthritis,PainAway Canine,False,Veterinary,Region,West,1045617.18,28260
2024-07,2024-Q3,Pain/Osteoarthritis,PainAway Canine,False,Veterinary,National,National,4800991.21,129757
2024-07,2024-Q3,Pain/Osteoarthritis,PainAway Canine,False,Retail,Region,Northeast,137737.17,3723
2024-07,2024-Q3,Pain/Osteoarthritis,PainAway Canine,False,Retail,Region,South,218648.7,5909
2024-07,2024-Q3,Pain/Osteoarthritis,PainAway Canine,False,Retail,Region,Midwest,131126.25,3544
2024-07,2024-Q3,Pain/Osteoarthritis,PainAway Canine,False,Retail,Region,West,141862.48,3834
2024-07,2024-Q3,Pain/Osteoarthritis,PainAway Canine,False,Retail,National,National,629374.6,17010
2024-07,2024-Q3,Pain/Osteoarthritis,PainAway Canine,False,E-commerce,Region,Northeast,248187.7,6708
2024-07,2024-Q3,Pain/Osteoarthritis,PainAway Canine,False,E-commerce,Region,South,371713.94,10046
2024-07,2024-Q3,Pain/Osteoarthritis,PainAway Canine,False,E-commerce,Region,Midwest,245212.92,6627
2024-07,2024-Q3,Pain/Osteoarthritis,PainAway Canine,False,E-commerce,Region,West,265547.4,7177
2024-07,2024-Q3,Pain/Osteoarthritis,PainAway Canine,False,E-commerce,National,National,1130661.96,30558
2024-08,2024-Q3,Pain/Osteoarthritis,PainAway Canine,False,Veterinary,Region,Northeast,1042408.64,28173
2024-08,2024-Q3,Pain/Osteoarthritis,PainAway Canine,False,Veterinary,Region,South,1656162.62,44761
2024-08,2024-Q3,Pain/Osteoarthritis,PainAway Canine,False,Veterinary,Region,Midwest,1050449.9,28391
2024-08,2024-Q3,Pain/Osteoarthritis,PainAway Canine,False,Veterinary,Region,West,1043519.63,28203
2024-08,2024-Q3,Pain/Osteoarthritis,PainAway Canine,False,Veterinary,National,National,4792540.78,129528
2024-08,2024-Q3,Pain/Osteoarthritis,PainAway Canine,False,Retail,Region,Northeast,142452.06,3850
2024-08,2024-Q3,Pain/Osteoarthritis,PainAway Canine,False,Retail,Region,South,228033.4,6163
2024-08,2024-Q3,Pain/Osteoarthritis,PainAway Canine,False,Retail,Region,Midwest,142487.31,3851
2024-08,2024-Q3,Pain/Osteoarthritis,PainAway Canine,False,Retail,Region,West,143792.81,3886
2024-08,2024-Q3,Pain/Osteoarthritis,PainAway Canine,False,Retail,National,National,656765.57,17750
2024-08,2024-Q3,Pain/Osteoarthritis,PainAway Canine,False,E-commerce,Region,Northeast,262354.12,7091
2024-08,2024-Q3,Pain/Osteoarthritis,PainAway Canine,False,E-commerce,Region,South,414722.51,11209
2024-08,2024-Q3,Pain/Osteoarthritis,PainAway Canine,False,E-commerce,Region,Midwest,257355.62,6956
2024-08,2024-Q3,Pain/Osteoarthritis,PainAway Canine,False,E-commerce,Region,West,257012.14,6946
2024-08,2024-Q3,Pain/Osteoarthritis,PainAway Canine,False,E-commerce,National,National,1191444.39,32201
2024-09,2024-Q3,Pain/Osteoarthritis,PainAway Canine,False,Veterinary,Region,Northeast,1036815.27,28022
2024-09,2024-Q3,Pain/Osteoarthritis,PainAway Canine,False,Veterinary,Region,South,1618812.0,43752
2024-09,2024-Q3,Pain/Osteoarthritis,PainAway Canine,False,Veterinary,Region,Midwest,981445.83,26526
2024-09,2024-Q3,Pain/Osteoarthritis,PainAway Canine,False,Veterinary,Region,West,1068336.67,28874
2024-09,2024-Q3,Pain/Osteoarthritis,PainAway Canine,False,Veterinary,National,National,4705409.77,127173
2024-09,2024-Q3,Pain/Osteoarthritis,PainAway Canine,False,Retail,Region,Northeast,141849.35,3834
2024-09,2024-Q3,Pain/Osteoarthritis,PainAway Canine,False,Retail,Region,South,220485.19,5959
2024-09,2024-Q3,Pain/Osteoarthritis,PainAway Canine,False,Retail,Region,Midwest,128085.26,3462
2024-09,2024-Q3,Pain/Osteoarthritis,PainAway Canine,False,Retail,Region,West,143496.84,3878
2024-09,2024-Q3,Pain/Osteoarthritis,PainAway Canine,False,Retail,National,National,633916.64,17133
2024-09,2024-Q3,Pain/Osteoarthritis,PainAway Canine,False,E-commerce,Region,Northeast,250553.51,6772
2024-09,2024-Q3,Pain/Osteoarthritis,PainAway Canine,False,E-commerce,Region,South,422026.53,11406
2024-09,2024-Q3,Pain/Osteoarthritis,PainAway Canine,False,E-commerce,Region,Midwest,237326.09,6414
2024-09,2024-Q3,Pain/Osteoarthritis,PainAway Canine,False,E-commerce,Region,West,262648.81,7099
2024-09,2024-Q3,Pain/Osteoarthritis,PainAway Canine,False,E-commerce,National,National,1172554.93,31691
2024-10,2024-Q4,Pain/Osteoarthritis,PainAway Canine,False,Veterinary,Region,Northeast,1078006.6,29135
2024-10,2024-Q4,Pain/Osteoarthritis,PainAway Canine,False,Veterinary,Region,South,1786041.78,48271
2024-10,2024-Q4,Pain/Osteoarthritis,PainAway Canine,False,Veterinary,Region,Midwest,1136421.24,30714
2024-10,2024-Q4,Pain/Osteoarthritis,PainAway Canine,False,Veterinary,Region,West,1172707.36,31695
2024-10,2024-Q4,Pain/Osteoarthritis,PainAway Canine,False,Veterinary,National,National,5173176.98,139816
2024-10,2024-Q4,Pain/Osteoarthritis,PainAway Canine,False,Retail,Region,Northeast,145218.42,3925
2024-10,2024-Q4,Pain/Osteoarthritis,PainAway Canine,False,Retail,Region,South,231623.02,6260
2024-10,2024-Q4,Pain/Osteoarthritis,PainAway Canine,False,Retail,Region,Midwest,136219.02,3682
2024-10,2024-Q4,Pain/Osteoarthritis,PainAway Canine,False,Retail,Region,West,159520.39,4311
2024-10,2024-Q4,Pain/Osteoarthritis,PainAway Canine,False,Retail,National,National,672580.84,18178
2024-10,2024-Q4,Pain/Osteoarthritis,PainAway Canine,False,E-commerce,Region,Northeast,287696.37,7776
2024-10,2024-Q4,Pain/Osteoarthritis,PainAway Canine,False,E-commerce,Region,South,450724.22,12182
2024-10,2024-Q4,Pain/Osteoarthritis,PainAway Canine,False,E-commerce,Region,Midwest,269218.68,7276
2024-10,2024-Q4,Pain/Osteoarthritis,PainAway Canine,False,E-commerce,Region,West,299256.19,8088
2024-10,2024-Q4,Pain/Osteoarthritis,PainAway Canine,False,E-commerce,National,National,1306895.47,35321
2024-11,2024-Q4,Pain/Osteoarthritis,PainAway Canine,False,Veterinary,Region,Northeast,1172494.28,31689
2024-11,2024-Q4,Pain/Osteoarthritis,PainAway Canine,False,Veterinary,Region,South,1859387.59,50254
2024-11,2024-Q4,Pain/Osteoarthritis,PainAway Canine,False,Veterinary,Region,Midwest,1056438.58,28552
2024-11,2024-Q4,Pain/Osteoarthritis,PainAway Canine,False,Veterinary,Region,West,1187987.07,32108
2024-11,2024-Q4,Pain/Osteoarthritis,PainAway Canine,False,Veterinary,National,National,5276307.52,142603
2024-11,2024-Q4,Pain/Osteoarthritis,PainAway Canine,False,Retail,Region,Northeast,151580.17,4097
2024-11,2024-Q4,Pain/Osteoarthritis,PainAway Canine,False,Retail,Region,South,235447.27,6363
2024-11,2024-Q4,Pain/Osteoarthritis,PainAway Canine,False,Retail,Region,Midwest,146389.42,3956
2024-11,2024-Q4,Pain/Osteoarthritis,PainAway Canine,False,Retail,Region,West,160549.28,4339
2024-11,2024-Q4,Pain/Osteoarthritis,PainAway Canine,False,Retail,National,National,693966.13,18756
2024-11,2024-Q4,Pain/Osteoarthritis,PainAway Canine,False,E-commerce,Region,Northeast,314479.46,8499
2024-11,2024-Q4,Pain/Osteoarthritis,PainAway Canine,False,E-commerce,Region,South,481398.28,13011
2024-11,2024-Q4,Pain/Osteoarthritis,PainAway Canine,False,E-commerce,Region,Midwest,282632.54,7639
2024-11,2024-Q4,Pain/Osteoarthritis,PainAway Canine,False,E-commerce,Region,West,329067.06,8894
2024-11,2024-Q4,Pain/Osteoarthritis,PainAway Canine,False,E-commerce,National,National,1407577.34,38043
2024-12,2024-Q4,Pain/Osteoarthritis,PainAway Canine,False,Veterinary,Region,Northeast,1330875.59,35970
2024-12,2024-Q4,Pain/Osteoarthritis,PainAway Canine,False,Veterinary,Region,South,1932416.71,52227
2024-12,2024-Q4,Pain/Osteoarthritis,PainAway Canine,False,Veterinary,Region,Midwest,1269407.46,34308
2024-12,2024-Q4,Pain/Osteoarthritis,PainAway Canine,False,Veterinary,Region,West,1400369.81,37848
2024-12,2024-Q4,Pain/Osteoarthritis,PainAway Canine,False,Veterinary,National,National,5933069.56,160353
2024-12,2024-Q4,Pain/Osteoarthritis,PainAway Canine,False,Retail,Region,Northeast,167418.74,4525
2024-12,2024-Q4,Pain/Osteoarthritis,PainAway Canine,False,Retail,Region,South,267261.09,7223
2024-12,2024-Q4,Pain/Osteoarthritis,PainAway Canine,False,Retail,Region,Midwest,171003.33,4622
2024-12,2024-Q4,Pain/Osteoarthritis,PainAway Canine,False,Retail,Region,West,189134.4,5112
2024-12,2024-Q4,Pain/Osteoarthritis,PainAway Canine,False,Retail,National,National,794817.56,21482
2024-12,2024-Q4,Pain/Osteoarthritis,PainAway Canine,False,E-commerce,Region,Northeast,362574.54,9799
2024-12,2024-Q4,Pain/Osteoarthritis,PainAway Canine,False,E-commerce,Region,South,566722.07,15317
2024-12,2024-Q4,Pain/Osteoarthritis,PainAway Canine,False,E-commerce,Region,Midwest,343077.51,9272
2024-12,2024-Q4,Pain/Osteoarthritis,PainAway Canine,False,E-commerce,Region,West,372979.03,10081
2024-12,2024-Q4,Pain/Osteoarthritis,PainAway Canine,False,E-commerce,National,National,1645353.15,44469
2025-01,2025-Q1,Pain/Osteoarthritis,PainAway Canine,False,Veterinary,Region,Northeast,1426578.67,38556
2025-01,2025-Q1,Pain/Osteoarthritis,PainAway Canine,False,Veterinary,Region,South,2182504.67,58987
2025-01,2025-Q1,Pain/Osteoarthritis,PainAway Canine,False,Veterinary,Region,Midwest,1302612.43,35206
2025-01,2025-Q1,Pain/Osteoarthritis,PainAway Canine,False,Veterinary,Region,West,1513375.41,40902
2025-01,2025-Q1,Pain/Osteoarthritis,PainAway Canine,False,Veterinary,National,National,6425071.18,173651
2025-01,2025-Q1,Pain/Osteoarthritis,PainAway Canine,False,Retail,Region,Northeast,185964.77,5026
2025-01,2025-Q1,Pain/Osteoarthritis,PainAway Canine,False,Retail,Region,South,267901.0,7241
2025-01,2025-Q1,Pain/Osteoarthritis,PainAway Canine,False,Retail,Region,Midwest,177760.35,4804
2025-01,2025-Q1,Pain/Osteoarthritis,PainAway Canine,False,Retail,Region,West,189484.79,5121
2025-01,2025-Q1,Pain/Osteoarthritis,PainAway Canine,False,Retail,National,National,821110.9,22192
2025-01,2025-Q1,Pain/Osteoarthritis,PainAway Canine,False,E-commerce,Region,Northeast,392848.11,10618
2025-01,2025-Q1,Pain/Osteoarthritis,PainAway Canine,False,E-commerce,Region,South,565664.56,15288
2025-01,2025-Q1,Pain/Osteoarthritis,PainAway Canine,False,E-commerce,Region,Midwest,355560.87,9610
2025-01,2025-Q1,Pain/Osteoarthritis,PainAway Canine,False,E-commerce,Region,West,419393.1,11335
2025-01,2025-Q1,Pain/Osteoarthritis,PainAway Canine,False,E-commerce,National,National,1733466.64,46850
2025-02,2025-Q1,Pain/Osteoarthritis,PainAway Canine,False,Veterinary,Region,Northeast,1386934.47,37485
2025-02,2025-Q1,Pain/Osteoarthritis,PainAway Canine,False,Veterinary,Region,South,2009133.86,54301
2025-02,2025-Q1,Pain/Osteoarthritis,PainAway Canine,False,Veterinary,Region,Midwest,1235194.08,33384
2025-02,2025-Q1,Pain/Osteoarthritis,PainAway Canine,False,Veterinary,Region,West,1496615.75,40449
2025-02,2025-Q1,Pain/Osteoarthritis,PainAway Canine,False,Veterinary,National,National,6127878.17,165618
2025-02,2025-Q1,Pain/Osteoarthritis,PainAway Canine,False,Retail,Region,Northeast,180075.95,4867
2025-02,2025-Q1,Pain/Osteoarthritis,PainAway Canine,False,Retail,Region,South,269865.08,7294
2025-02,2025-Q1,Pain/Osteoarthritis,PainAway Canine,False,Retail,Region,Midwest,168448.69,4553
2025-02,2025-Q1,Pain/Osteoarthritis,PainAway Canine,False,Retail,Region,West,179365.75,4848
2025-02,2025-Q1,Pain/Osteoarthritis,PainAway Canine,False,Retail,National,National,797755.47,21561
2025-02,2025-Q1,Pain/Osteoarthritis,PainAway Canine,False,E-commerce,Region,Northeast,394826.52,10671
2025-02,2025-Q1,Pain/Osteoarthritis,PainAway Canine,False,E-commerce,Region,South,625100.5,16895
2025-02,2025-Q1,Pain/Osteoarthritis,PainAway Canine,False,E-commerce,Region,Midwest,368249.44,9953
2025-02,2025-Q1,Pain/Osteoarthritis,PainAway Canine,False,E-commerce,Region,West,414361.43,11199
2025-02,2025-Q1,Pain/Osteoarthritis,PainAway Canine,False,E-commerce,National,National,1802537.9,48717
2025-03,2025-Q1,Pain/Osteoarthritis,PainAway Canine,False,Veterinary,Region,Northeast,1386413.65,37471
2025-03,2025-Q1,Pain/Osteoarthritis,PainAway Canine,False,Veterinary,Region,South,2094038.85,56596
2025-03,2025-Q1,Pain/Osteoarthritis,PainAway Canine,False,Veterinary,Region,Midwest,1254408.15,33903
2025-03,2025-Q1,Pain/Osteoarthritis,PainAway Canine,False,Veterinary,Region,West,1361316.92,36792
2025-03,2025-Q1,Pain/Osteoarthritis,PainAway Canine,False,Veterinary,National,National,6096177.56,164762
2025-03,2025-Q1,Pain/Osteoarthritis,PainAway Canine,False,Retail,Region,Northeast,176684.48,4775
2025-03,2025-Q1,Pain/Osteoarthritis,PainAway Canine,False,Retail,Region,South,258001.66,6973
2025-03,2025-Q1,Pain/Osteoarthritis,PainAway Canine,False,Retail,Region,Midwest,163599.0,4422
2025-03,2025-Q1,Pain/Osteoarthritis,PainAway Canine,False,Retail,Region,West,175545.35,4744
2025-03,2025-Q1,Pain/Osteoarthritis,PainAway Canine,False,Retail,National,National,773830.5,20914
2025-03,2025-Q1,Pain/Osteoarthritis,PainAway Canine,False,E-commerce,Region,Northeast,378761.65,10237
2025-03,2025-Q1,Pain/Osteoarthritis,PainAway Canine,False,E-commerce,Region,South,620786.24,16778
2025-03,2025-Q1,Pain/Osteoarthritis,PainAway Canine,False,E-commerce,Region,Midwest,367240.16,9925
2025-03,2025-Q1,Pain/Osteoarthritis,PainAway Canine,False,E-commerce,Region,West,412922.91,11160
2025-03,2025-Q1,Pain/Osteoarthritis,PainAway Canine,False,E-commerce,National,National,1779710.97,48100
2025-04,2025-Q2,Pain/Osteoarthritis,PainAway Canine,False,Veterinary,Region,Northeast,1298715.26,35100
2025-04,2025-Q2,Pain/Osteoarthritis,PainAway Canine,False,Veterinary,Region,South,2004893.81,54186
2025-04,2025-Q2,Pain/Osteoarthritis,PainAway Canine,False,Veterinary,Region,Midwest,1220250.67,32980
2025-04,2025-Q2,Pain/Osteoarthritis,PainAway Canine,False,Veterinary,Region,West,1393237.8,37655
2025-04,2025-Q2,Pain/Osteoarthritis,PainAway Canine,False,Veterinary,National,National,5917097.54,159922
2025-04,2025-Q2,Pain/Osteoarthritis,PainAway Canine,False,Retail,Region,Northeast,166824.16,4509
2025-04,2025-Q2,Pain/Osteoarthritis,PainAway Canine,False,Retail,Region,South,265182.52,7167
2025-04,2025-Q2,Pain/Osteoarthritis,PainAway Canine,False,Retail,Region,Midwest,163233.99,4412
2025-04,2025-Q2,Pain/Osteoarthritis,PainAway Canine,False,Retail,Region,West,181274.28,4899
2025-04,2025-Q2,Pain/Osteoarthritis,PainAway Canine,False,Retail,National,National,776514.95,20987
2025-04,2025-Q2,Pain/Osteoarthritis,PainAway Canine,False,E-commerce,Region,Northeast,390384.09,10551
2025-04,2025-Q2,Pain/Osteoarthritis,PainAway Canine,False,E-commerce,Region,South,624543.01,16880
2025-04,2025-Q2,Pain/Osteoarthritis,PainAway Canine,False,E-commerce,Region,Midwest,376237.56,10169
2025-04,2025-Q2,Pain/Osteoarthritis,PainAway Canine,False,E-commerce,Region,West,413958.93,11188
2025-04,2025-Q2,Pain/Osteoarthritis,PainAway Canine,False,E-commerce,National,National,1805123.59,48787
2025-05,2025-Q2,Pain/Osteoarthritis,PainAway Canine,False,Veterinary,Region,Northeast,1209059.05,32677
2025-05,2025-Q2,Pain/Osteoarthritis,PainAway Canine,False,Veterinary,Region,South,1931359.85,52199
2025-05,2025-Q2,Pain/Osteoarthritis,PainAway Canine,False,Veterinary,Region,Midwest,1158753.86,31318
2025-05,2025-Q2,Pain/Osteoarthritis,PainAway Canine,False,Veterinary,Region,West,1254205.85,33897
2025-05,2025-Q2,Pain/Osteoarthritis,PainAway Canine,False,Veterinary,National,National,5553378.61,150091
2025-05,2025-Q2,Pain/Osteoarthritis,PainAway Canine,False,Retail,Region,Northeast,160561.3,4339
2025-05,2025-Q2,Pain/Osteoarthritis,PainAway Canine,False,Retail,Region,South,244572.29,6610
2025-05,2025-Q2,Pain/Osteoarthritis,PainAway Canine,False,Retail,Region,Midwest,143995.86,3892
2025-05,2025-Q2,Pain/Osteoarthritis,PainAway Canine,False,Retail,Region,West,164212.84,4438
2025-05,2025-Q2,Pain/Osteoarthritis,PainAway Canine,False,Retail,National,National,713342.28,19280
2025-05,2025-Q2,Pain/Osteoarthritis,PainAway Canine,False,E-commerce,Region,Northeast,395168.28,10680
2025-05,2025-Q2,Pain/Osteoarthritis,PainAway Canine,False,E-commerce,Region,South,610147.24,16490
2025-05,2025-Q2,Pain/Osteoarthritis,PainAway Canine,False,E-commerce,Region,Midwest,358977.35,9702
2025-05,2025-Q2,Pain/Osteoarthritis,PainAway Canine,False,E-commerce,Region,West,386289.74,10440
2025-05,2025-Q2,Pain/Osteoarthritis,PainAway Canine,False,E-commerce,National,National,1750582.61,47313
2025-06,2025-Q2,Pain/Osteoarthritis,PainAway Canine,False,Veterinary,Region,Northeast,1213261.44,32791
2025-06,2025-Q2,Pain/Osteoarthritis,PainAway Canine,False,Veterinary,Region,South,1842579.27,49799
2025-06,2025-Q2,Pain/Osteoarthritis,PainAway Canine,False,Veterinary,Region,Midwest,1036623.39,28017
2025-06,2025-Q2,Pain/Osteoarthritis,PainAway Canine,False,Veterinary,Region,West,1250657.63,33802
2025-06,2025-Q2,Pain/Osteoarthritis,PainAway Canine,False,Veterinary,National,National,5343121.74,144409
2025-06,2025-Q2,Pain/Osteoarthritis,PainAway Canine,False,Retail,Region,Northeast,138305.28,3738
2025-06,2025-Q2,Pain/Osteoarthritis,PainAway Canine,False,Retail,Region,South,242255.25,6547
2025-06,2025-Q2,Pain/Osteoarthritis,PainAway Canine,False,Retail,Region,Midwest,145015.37,3919
2025-06,2025-Q2,Pain/Osteoarthritis,PainAway Canine,False,Retail,Region,West,153064.42,4137
2025-06,2025-Q2,Pain/Osteoarthritis,PainAway Canine,False,Retail,National,National,678640.32,18342
2025-06,2025-Q2,Pain/Osteoarthritis,PainAway Canine,False,E-commerce,Region,Northeast,373804.26,10103
2025-06,2025-Q2,Pain/Osteoarthritis,PainAway Canine,False,E-commerce,Region,South,587269.28,15872
2025-06,2025-Q2,Pain/Osteoarthritis,PainAway Canine,False,E-commerce,Region,Midwest,350407.17,9470
2025-06,2025-Q2,Pain/Osteoarthritis,PainAway Canine,False,E-commerce,Region,West,394962.49,10675
2025-06,2025-Q2,Pain/Osteoarthritis,PainAway Canine,False,E-commerce,National,National,1706443.2,46120
2025-07,2025-Q3,Pain/Osteoarthritis,PainAway Canine,False,Veterinary,Region,Northeast,1113511.99,30095
2025-07,2025-Q3,Pain/Osteoarthritis,PainAway Canine,False,Veterinary,Region,South,1813256.87,49007
2025-07,2025-Q3,Pain/Osteoarthritis,PainAway Canine,False,Veterinary,Region,Midwest,1005453.12,27174
2025-07,2025-Q3,Pain/Osteoarthritis,PainAway Canine,False,Veterinary,Region,West,1174606.9,31746
2025-07,2025-Q3,Pain/Osteoarthritis,PainAway Canine,False,Veterinary,National,National,5106828.87,138022
2025-07,2025-Q3,Pain/Osteoarthritis,PainAway Canine,False,Retail,Region,Northeast,135912.1,3673
2025-07,2025-Q3,Pain/Osteoarthritis,PainAway Canine,False,Retail,Region,South,218009.6,5892
2025-07,2025-Q3,Pain/Osteoarthritis,PainAway Canine,False,Retail,Region,Midwest,132516.48,3582
2025-07,2025-Q3,Pain/Osteoarthritis,PainAway Canine,False,Retail,Region,West,159614.62,4314
2025-07,2025-Q3,Pain/Osteoarthritis,PainAway Canine,False,Retail,National,National,646052.79,17461
2025-07,2025-Q3,Pain/Osteoarthritis,PainAway Canine,False,E-commerce,Region,Northeast,361698.18,9776
2025-07,2025-Q3,Pain/Osteoarthritis,PainAway Canine,False,E-commerce,Region,South,565413.39,15281
2025-07,2025-Q3,Pain/Osteoarthritis,PainAway Canine,False,E-commerce,Region,Midwest,344161.16,9302
2025-07,2025-Q3,Pain/Osteoarthritis,PainAway Canine,False,E-commerce,Region,West,394311.37,10657
2025-07,2025-Q3,Pain/Osteoarthritis,PainAway Canine,False,E-commerce,National,National,1665584.1,45016
2025-08,2025-Q3,Pain/Osteoarthritis,PainAway Canine,False,Veterinary,Region,Northeast,1076629.45,29098
2025-08,2025-Q3,Pain/Osteoarthritis,PainAway Canine,False,Veterinary,Region,South,1792466.57,48445
2025-08,2025-Q3,Pain/Osteoarthritis,PainAway Canine,False,Veterinary,Region,Midwest,1072849.78,28996
2025-08,2025-Q3,Pain/Osteoarthritis,PainAway Canine,False,Veterinary,Region,West,1157391.74,31281
2025-08,2025-Q3,Pain/Osteoarthritis,PainAway Canine,False,Veterinary,National,National,5099337.54,137820
2025-08,2025-Q3,Pain/Osteoarthritis,PainAway Canine,False,Retail,Region,Northeast,148146.25,4004
2025-08,2025-Q3,Pain/Osteoarthritis,PainAway Canine,False,Retail,Region,South,209447.44,5661
2025-08,2025-Q3,Pain/Osteoarthritis,PainAway Canine,False,Retail,Region,Midwest,128654.1,3477
2025-08,2025-Q3,Pain/Osteoarthritis,PainAway Canine,False,Retail,Region,West,140989.66,3811
2025-08,2025-Q3,Pain/Osteoarthritis,PainAway Canine,False,Retail,National,National,627237.44,16952
2025-08,2025-Q3,Pain/Osteoarthritis,PainAway Canine,False,E-commerce,Region,Northeast,381692.43,10316
2025-08,2025-Q3,Pain/Osteoarthritis,PainAway Canine,False,E-commerce,Region,South,558768.7,15102
2025-08,2025-Q3,Pain/Osteoarthritis,PainAway Canine,False,E-commerce,Region,Midwest,364206.68,9843
2025-08,2025-Q3,Pain/Osteoarthritis,PainAway Canine,False,E-commerce,Region,West,377868.2,10213
2025-08,2025-Q3,Pain/Osteoarthritis,PainAway Canine,False,E-commerce,National,National,1682536.01,45474
2025-09,2025-Q3,Pain/Osteoarthritis,PainAway Canine,False,Veterinary,Region,Northeast,1067242.32,28844
2025-09,2025-Q3,Pain/Osteoarthritis,PainAway Canine,False,Veterinary,Region,South,1704575.43,46070
2025-09,2025-Q3,Pain/Osteoarthritis,PainAway Canine,False,Veterinary,Region,Midwest,1081171.37,29221
2025-09,2025-Q3,Pain/Osteoarthritis,PainAway Canine,False,Veterinary,Region,West,1187879.49,32105
2025-09,2025-Q3,Pain/Osteoarthritis,PainAway Canine,False,Veterinary,National,National,5040868.62,136240
2025-09,2025-Q3,Pain/Osteoarthritis,PainAway Canine,False,Retail,Region,Northeast,138371.63,3740
2025-09,2025-Q3,Pain/Osteoarthritis,PainAway Canine,False,Retail,Region,South,215862.9,5834
2025-09,2025-Q3,Pain/Osteoarthritis,PainAway Canine,False,Retail,Region,Midwest,120281.4,3251
2025-09,2025-Q3,Pain/Osteoarthritis,PainAway Canine,False,Retail,Region,West,144215.9,3898
2025-09,2025-Q3,Pain/Osteoarthritis,PainAway Canine,False,Retail,National,National,618731.84,16722
2025-09,2025-Q3,Pain/Osteoarthritis,PainAway Canine,False,E-commerce,Region,Northeast,376120.67,10165
2025-09,2025-Q3,Pain/Osteoarthritis,PainAway Canine,False,E-commerce,Region,South,575224.36,15547
2025-09,2025-Q3,Pain/Osteoarthritis,PainAway Canine,False,E-commerce,Region,Midwest,351445.72,9499
2025-09,2025-Q3,Pain/Osteoarthritis,PainAway Canine,False,E-commerce,Region,West,403128.69,10895
2025-09,2025-Q3,Pain/Osteoarthritis,PainAway Canine,False,E-commerce,National,National,1705919.45,46106
2025-10,2025-Q4,Pain/Osteoarthritis,PainAway Canine,False,Veterinary,Region,Northeast,1294805.31,34995
2025-10,2025-Q4,Pain/Osteoarthritis,PainAway Canine,False,Veterinary,Region,South,1878647.99,50774
2025-10,2025-Q4,Pain/Osteoarthritis,PainAway Canine,False,Veterinary,Region,Midwest,1139287.09,30792
2025-10,2025-Q4,Pain/Osteoarthritis,PainAway Canine,False,Veterinary,Region,West,1350617.46,36503
2025-10,2025-Q4,Pain/Osteoarthritis,PainAway Canine,False,Veterinary,National,National,5663357.86,153064
2025-10,2025-Q4,Pain/Osteoarthritis,PainAway Canine,False,Retail,Region,Northeast,150790.34,4075
2025-10,2025-Q4,Pain/Osteoarthritis,PainAway Canine,False,Retail,Region,South,231626.48,6260
2025-10,2025-Q4,Pain/Osteoarthritis,PainAway Canine,False,Retail,Region,Midwest,139285.05,3764
2025-10,2025-Q4,Pain/Osteoarthritis,PainAway Canine,False,Retail,Region,West,161180.67,4356
2025-10,2025-Q4,Pain/Osteoarthritis,PainAway Canine,False,Retail,National,National,682882.54,18456
2025-10,2025-Q4,Pain/Osteoarthritis,PainAway Canine,False,E-commerce,Region,Northeast,437892.9,11835
2025-10,2025-Q4,Pain/Osteoarthritis,PainAway Canine,False,E-commerce,Region,South,681487.14,18419
2025-10,2025-Q4,Pain/Osteoarthritis,PainAway Canine,False,E-commerce,Region,Midwest,413276.83,11170
2025-10,2025-Q4,Pain/Osteoarthritis,PainAway Canine,False,E-commerce,Region,West,456966.55,12350
2025-10,2025-Q4,Pain/Osteoarthritis,PainAway Canine,False,E-commerce,National,National,1989623.41,53774
2025-11,2025-Q4,Pain/Osteoarthritis,PainAway Canine,False,Veterinary,Region,Northeast,1311373.1,35443
2025-11,2025-Q4,Pain/Osteoarthritis,PainAway Canine,False,Veterinary,Region,South,2066428.12,55849
2025-11,2025-Q4,Pain/Osteoarthritis,PainAway Canine,False,Veterinary,Region,Midwest,1264268.47,34169
2025-11,2025-Q4,Pain/Osteoarthritis,PainAway Canine,False,Veterinary,Region,West,1357793.43,36697
2025-11,2025-Q4,Pain/Osteoarthritis,PainAway Canine,False,Veterinary,National,National,5999863.12,162158
2025-11,2025-Q4,Pain/Osteoarthritis,PainAway Canine,False,Retail,Region,Northeast,157394.19,4254
2025-11,2025-Q4,Pain/Osteoarthritis,PainAway Canine,False,Retail,Region,South,253185.55,6843
2025-11,2025-Q4,Pain/Osteoarthritis,PainAway Canine,False,Retail,Region,Midwest,150057.04,4056
2025-11,2025-Q4,Pain/Osteoarthritis,PainAway Canine,False,Retail,Region,West,166503.0,4500
2025-11,2025-Q4,Pain/Osteoarthritis,PainAway Canine,False,Retail,National,National,727139.79,19652
2025-11,2025-Q4,Pain/Osteoarthritis,PainAway Canine,False,E-commerce,Region,Northeast,454930.41,12295
2025-11,2025-Q4,Pain/Osteoarthritis,PainAway Canine,False,E-commerce,Region,South,764488.56,20662
2025-11,2025-Q4,Pain/Osteoarthritis,PainAway Canine,False,E-commerce,Region,Midwest,430857.35,11645
2025-11,2025-Q4,Pain/Osteoarthritis,PainAway Canine,False,E-commerce,Region,West,495733.59,13398
2025-11,2025-Q4,Pain/Osteoarthritis,PainAway Canine,False,E-commerce,National,National,2146009.9,58000
2025-12,2025-Q4,Pain/Osteoarthritis,PainAway Canine,False,Veterinary,Region,Northeast,1414331.07,38225
2025-12,2025-Q4,Pain/Osteoarthritis,PainAway Canine,False,Veterinary,Region,South,2127267.88,57494
2025-12,2025-Q4,Pain/Osteoarthritis,PainAway Canine,False,Veterinary,Region,Midwest,1318774.82,35643
2025-12,2025-Q4,Pain/Osteoarthritis,PainAway Canine,False,Veterinary,Region,West,1432239.25,38709
2025-12,2025-Q4,Pain/Osteoarthritis,PainAway Canine,False,Veterinary,National,National,6292613.03,170071
2025-12,2025-Q4,Pain/Osteoarthritis,PainAway Canine,False,Retail,Region,Northeast,155959.36,4215
2025-12,2025-Q4,Pain/Osteoarthritis,PainAway Canine,False,Retail,Region,South,256409.94,6930
2025-12,2025-Q4,Pain/Osteoarthritis,PainAway Canine,False,Retail,Region,Midwest,168719.75,4560
2025-12,2025-Q4,Pain/Osteoarthritis,PainAway Canine,False,Retail,Region,West,173176.77,4680
2025-12,2025-Q4,Pain/Osteoarthritis,PainAway Canine,False,Retail,National,National,754265.81,20386
2025-12,2025-Q4,Pain/Osteoarthritis,PainAway Canine,False,E-commerce,Region,Northeast,509685.06,13775
2025-12,2025-Q4,Pain/Osteoarthritis,PainAway Canine,False,E-commerce,Region,South,846594.5,22881
2025-12,2025-Q4,Pain/Osteoarthritis,PainAway Canine,False,E-commerce,Region,Midwest,470480.88,12716
2025-12,2025-Q4,Pain/Osteoarthritis,PainAway Canine,False,E-commerce,Region,West,522668.7,14126
2025-12,2025-Q4,Pain/Osteoarthritis,PainAway Canine,False,E-commerce,National,National,2349429.14,63498
2026-01,2026-Q1,Pain/Osteoarthritis,PainAway Canine,False,Veterinary,Region,Northeast,1330078.45,35948
2026-01,2026-Q1,Pain/Osteoarthritis,PainAway Canine,False,Veterinary,Region,South,2129717.11,57560
2026-01,2026-Q1,Pain/Osteoarthritis,PainAway Canine,False,Veterinary,Region,Midwest,1292707.87,34938
2026-01,2026-Q1,Pain/Osteoarthritis,PainAway Canine,False,Veterinary,Region,West,1503357.92,40631
2026-01,2026-Q1,Pain/Osteoarthritis,PainAway Canine,False,Veterinary,National,National,6255861.36,169077
2026-01,2026-Q1,Pain/Osteoarthritis,PainAway Canine,False,Retail,Region,Northeast,172119.18,4652
2026-01,2026-Q1,Pain/Osteoarthritis,PainAway Canine,False,Retail,Region,South,250844.24,6780
2026-01,2026-Q1,Pain/Osteoarthritis,PainAway Canine,False,Retail,Region,Midwest,169545.45,4582
2026-01,2026-Q1,Pain/Osteoarthritis,PainAway Canine,False,Retail,Region,West,186573.46,5043
2026-01,2026-Q1,Pain/Osteoarthritis,PainAway Canine,False,Retail,National,National,779082.33,21056
2026-01,2026-Q1,Pain/Osteoarthritis,PainAway Canine,False,E-commerce,Region,Northeast,527342.01,14252
2026-01,2026-Q1,Pain/Osteoarthritis,PainAway Canine,False,E-commerce,Region,South,847324.01,22901
2026-01,2026-Q1,Pain/Osteoarthritis,PainAway Canine,False,E-commerce,Region,Midwest,517861.16,13996
2026-01,2026-Q1,Pain/Osteoarthritis,PainAway Canine,False,E-commerce,Region,West,542070.91,14651
2026-01,2026-Q1,Pain/Osteoarthritis,PainAway Canine,False,E-commerce,National,National,2434598.08,65800
2026-02,2026-Q1,Pain/Osteoarthritis,PainAway Canine,False,Veterinary,Region,Northeast,1465104.82,39597
2026-02,2026-Q1,Pain/Osteoarthritis,PainAway Canine,False,Veterinary,Region,South,2195360.09,59334
2026-02,2026-Q1,Pain/Osteoarthritis,PainAway Canine,False,Veterinary,Region,Midwest,1347967.84,36432
2026-02,2026-Q1,Pain/Osteoarthritis,PainAway Canine,False,Veterinary,Region,West,1541900.73,41673
2026-02,2026-Q1,Pain/Osteoarthritis,PainAway Canine,False,Veterinary,National,National,6550333.47,177036
2026-02,2026-Q1,Pain/Osteoarthritis,PainAway Canine,False,Retail,Region,Northeast,189883.34,5132
2026-02,2026-Q1,Pain/Osteoarthritis,PainAway Canine,False,Retail,Region,South,274155.88,7410
2026-02,2026-Q1,Pain/Osteoarthritis,PainAway Canine,False,Retail,Region,Midwest,170590.67,4611
2026-02,2026-Q1,Pain/Osteoarthritis,PainAway Canine,False,Retail,Region,West,179792.81,4859
2026-02,2026-Q1,Pain/Osteoarthritis,PainAway Canine,False,Retail,National,National,814422.71,22011
2026-02,2026-Q1,Pain/Osteoarthritis,PainAway Canine,False,E-commerce,Region,Northeast,557053.45,15055
2026-02,2026-Q1,Pain/Osteoarthritis,PainAway Canine,False,E-commerce,Region,South,862390.16,23308
2026-02,2026-Q1,Pain/Osteoarthritis,PainAway Canine,False,E-commerce,Region,Midwest,529848.93,14320
2026-02,2026-Q1,Pain/Osteoarthritis,PainAway Canine,False,E-commerce,Region,West,575396.54,15551
2026-02,2026-Q1,Pain/Osteoarthritis,PainAway Canine,False,E-commerce,National,National,2524689.08,68235
2026-03,2026-Q1,Pain/Osteoarthritis,PainAway Canine,False,Veterinary,Region,Northeast,1408484.99,38067
2026-03,2026-Q1,Pain/Osteoarthritis,PainAway Canine,False,Veterinary,Region,South,2296606.55,62070
2026-03,2026-Q1,Pain/Osteoarthritis,PainAway Canine,False,Veterinary,Region,Midwest,1451659.7,39234
2026-03,2026-Q1,Pain/Osteoarthritis,PainAway Canine,False,Veterinary,Region,West,1463593.16,39557
2026-03,2026-Q1,Pain/Osteoarthritis,PainAway Canine,False,Veterinary,National,National,6620344.41,178928
2026-03,2026-Q1,Pain/Osteoarthritis,PainAway Canine,False,Retail,Region,Northeast,171764.03,4642
2026-03,2026-Q1,Pain/Osteoarthritis,PainAway Canine,False,Retail,Region,South,271872.08,7348
2026-03,2026-Q1,Pain/Osteoarthritis,PainAway Canine,False,Retail,Region,Midwest,168664.42,4558
2026-03,2026-Q1,Pain/Osteoarthritis,PainAway Canine,False,Retail,Region,West,177393.53,4794
2026-03,2026-Q1,Pain/Osteoarthritis,PainAway Canine,False,Retail,National,National,789694.06,21343
2026-03,2026-Q1,Pain/Osteoarthritis,PainAway Canine,False,E-commerce,Region,Northeast,554724.36,14993
2026-03,2026-Q1,Pain/Osteoarthritis,PainAway Canine,False,E-commerce,Region,South,887588.42,23989
2026-03,2026-Q1,Pain/Osteoarthritis,PainAway Canine,False,E-commerce,Region,Midwest,512256.8,13845
2026-03,2026-Q1,Pain/Osteoarthritis,PainAway Canine,False,E-commerce,Region,West,629253.05,17007
2026-03,2026-Q1,Pain/Osteoarthritis,PainAway Canine,False,E-commerce,National,National,2583822.63,69833
2024-04,2024-Q2,Pain/Osteoarthritis,VetSelect Joint,False,Veterinary,Region,Northeast,925794.29,31924
2024-04,2024-Q2,Pain/Osteoarthritis,VetSelect Joint,False,Veterinary,Region,South,1437434.04,49567
2024-04,2024-Q2,Pain/Osteoarthritis,VetSelect Joint,False,Veterinary,Region,Midwest,863130.14,29763
2024-04,2024-Q2,Pain/Osteoarthritis,VetSelect Joint,False,Veterinary,Region,West,1029607.22,35504
2024-04,2024-Q2,Pain/Osteoarthritis,VetSelect Joint,False,Veterinary,National,National,4255965.69,146757
2024-04,2024-Q2,Pain/Osteoarthritis,VetSelect Joint,False,Retail,Region,Northeast,394901.06,13617
2024-04,2024-Q2,Pain/Osteoarthritis,VetSelect Joint,False,Retail,Region,South,603855.53,20823
2024-04,2024-Q2,Pain/Osteoarthritis,VetSelect Joint,False,Retail,Region,Midwest,397821.67,13718
2024-04,2024-Q2,Pain/Osteoarthritis,VetSelect Joint,False,Retail,Region,West,426706.32,14714
2024-04,2024-Q2,Pain/Osteoarthritis,VetSelect Joint,False,Retail,National,National,1823284.58,62872
2024-04,2024-Q2,Pain/Osteoarthritis,VetSelect Joint,False,E-commerce,Region,Northeast,251896.51,8686
2024-04,2024-Q2,Pain/Osteoarthritis,VetSelect Joint,False,E-commerce,Region,South,396703.42,13679
2024-04,2024-Q2,Pain/Osteoarthritis,VetSelect Joint,False,E-commerce,Region,Midwest,239447.36,8257
2024-04,2024-Q2,Pain/Osteoarthritis,VetSelect Joint,False,E-commerce,Region,West,262013.06,9035
2024-04,2024-Q2,Pain/Osteoarthritis,VetSelect Joint,False,E-commerce,National,National,1150060.35,39657
2024-05,2024-Q2,Pain/Osteoarthritis,VetSelect Joint,False,Veterinary,Region,Northeast,883174.54,30454
2024-05,2024-Q2,Pain/Osteoarthritis,VetSelect Joint,False,Veterinary,Region,South,1397270.92,48182
2024-05,2024-Q2,Pain/Osteoarthritis,VetSelect Joint,False,Veterinary,Region,Midwest,885145.86,30522
2024-05,2024-Q2,Pain/Osteoarthritis,VetSelect Joint,False,Veterinary,Region,West,855505.85,29500
2024-05,2024-Q2,Pain/Osteoarthritis,VetSelect Joint,False,Veterinary,National,National,4021097.17,138659
2024-05,2024-Q2,Pain/Osteoarthritis,VetSelect Joint,False,Retail,Region,Northeast,397723.3,13715
2024-05,2024-Q2,Pain/Osteoarthritis,VetSelect Joint,False,Retail,Region,South,592287.58,20424
2024-05,2024-Q2,Pain/Osteoarthritis,VetSelect Joint,False,Retail,Region,Midwest,355093.85,12245
2024-05,2024-Q2,Pain/Osteoarthritis,VetSelect Joint,False,Retail,Region,West,383704.52,13231
2024-05,2024-Q2,Pain/Osteoarthritis,VetSelect Joint,False,Retail,National,National,1728809.25,59614
2024-05,2024-Q2,Pain/Osteoarthritis,VetSelect Joint,False,E-commerce,Region,Northeast,231537.23,7984
2024-05,2024-Q2,Pain/Osteoarthritis,VetSelect Joint,False,E-commerce,Region,South,392657.82,13540
2024-05,2024-Q2,Pain/Osteoarthritis,VetSelect Joint,False,E-commerce,Region,Midwest,226445.92,7808
2024-05,2024-Q2,Pain/Osteoarthritis,VetSelect Joint,False,E-commerce,Region,West,261447.5,9015
2024-05,2024-Q2,Pain/Osteoarthritis,VetSelect Joint,False,E-commerce,National,National,1112088.47,38348
2024-06,2024-Q2,Pain/Osteoarthritis,VetSelect Joint,False,Veterinary,Region,Northeast,782394.3,26979
2024-06,2024-Q2,Pain/Osteoarthritis,VetSelect Joint,False,Veterinary,Region,South,1287107.27,44383
2024-06,2024-Q2,Pain/Osteoarthritis,VetSelect Joint,False,Veterinary,Region,Midwest,796578.02,27468
2024-06,2024-Q2,Pain/Osteoarthritis,VetSelect Joint,False,Veterinary,Region,West,835755.69,28819
2024-06,2024-Q2,Pain/Osteoarthritis,VetSelect Joint,False,Veterinary,National,National,3701835.27,127649
2024-06,2024-Q2,Pain/Osteoarthritis,VetSelect Joint,False,Retail,Region,Northeast,359255.39,12388
2024-06,2024-Q2,Pain/Osteoarthritis,VetSelect Joint,False,Retail,Region,South,570574.09,19675
2024-06,2024-Q2,Pain/Osteoarthritis,VetSelect Joint,False,Retail,Region,Midwest,339227.39,11697
2024-06,2024-Q2,Pain/Osteoarthritis,VetSelect Joint,False,Retail,Region,West,370883.85,12789
2024-06,2024-Q2,Pain/Osteoarthritis,VetSelect Joint,False,Retail,National,National,1639940.71,56550
2024-06,2024-Q2,Pain/Osteoarthritis,VetSelect Joint,False,E-commerce,Region,Northeast,232742.94,8026
2024-06,2024-Q2,Pain/Osteoarthritis,VetSelect Joint,False,E-commerce,Region,South,356322.11,12287
2024-06,2024-Q2,Pain/Osteoarthritis,VetSelect Joint,False,E-commerce,Region,Midwest,224397.03,7738
2024-06,2024-Q2,Pain/Osteoarthritis,VetSelect Joint,False,E-commerce,Region,West,249314.28,8597
2024-06,2024-Q2,Pain/Osteoarthritis,VetSelect Joint,False,E-commerce,National,National,1062776.35,36647
2024-07,2024-Q3,Pain/Osteoarthritis,VetSelect Joint,False,Veterinary,Region,Northeast,788826.52,27201
2024-07,2024-Q3,Pain/Osteoarthritis,VetSelect Joint,False,Veterinary,Region,South,1318090.48,45451
2024-07,2024-Q3,Pain/Osteoarthritis,VetSelect Joint,False,Veterinary,Region,Midwest,770469.46,26568
2024-07,2024-Q3,Pain/Osteoarthritis,VetSelect Joint,False,Veterinary,Region,West,805333.27,27770
2024-07,2024-Q3,Pain/Osteoarthritis,VetSelect Joint,False,Veterinary,National,National,3682719.73,126990
2024-07,2024-Q3,Pain/Osteoarthritis,VetSelect Joint,False,Retail,Region,Northeast,326536.64,11260
2024-07,2024-Q3,Pain/Osteoarthritis,VetSelect Joint,False,Retail,Region,South,496198.44,17110
2024-07,2024-Q3,Pain/Osteoarthritis,VetSelect Joint,False,Retail,Region,Midwest,313547.15,10812
2024-07,2024-Q3,Pain/Osteoarthritis,VetSelect Joint,False,Retail,Region,West,360282.58,12424
2024-07,2024-Q3,Pain/Osteoarthritis,VetSelect Joint,False,Retail,National,National,1496564.8,51606
2024-07,2024-Q3,Pain/Osteoarthritis,VetSelect Joint,False,E-commerce,Region,Northeast,234909.82,8100
2024-07,2024-Q3,Pain/Osteoarthritis,VetSelect Joint,False,E-commerce,Region,South,358564.69,12364
2024-07,2024-Q3,Pain/Osteoarthritis,VetSelect Joint,False,E-commerce,Region,Midwest,230168.1,7937
2024-07,2024-Q3,Pain/Osteoarthritis,VetSelect Joint,False,E-commerce,Region,West,251788.55,8682
2024-07,2024-Q3,Pain/Osteoarthritis,VetSelect Joint,False,E-commerce,National,National,1075431.15,37084
2024-08,2024-Q3,Pain/Osteoarthritis,VetSelect Joint,False,Veterinary,Region,Northeast,787308.17,27149
2024-08,2024-Q3,Pain/Osteoarthritis,VetSelect Joint,False,Veterinary,Region,South,1215890.14,41927
2024-08,2024-Q3,Pain/Osteoarthritis,VetSelect Joint,False,Veterinary,Region,Midwest,722079.12,24899
2024-08,2024-Q3,Pain/Osteoarthritis,VetSelect Joint,False,Veterinary,Region,West,777839.86,26822
2024-08,2024-Q3,Pain/Osteoarthritis,VetSelect Joint,False,Veterinary,National,National,3503117.29,120797
2024-08,2024-Q3,Pain/Osteoarthritis,VetSelect Joint,False,Retail,Region,Northeast,328888.32,11341
2024-08,2024-Q3,Pain/Osteoarthritis,VetSelect Joint,False,Retail,Region,South,508559.2,17537
2024-08,2024-Q3,Pain/Osteoarthritis,VetSelect Joint,False,Retail,Region,Midwest,313817.97,10821
2024-08,2024-Q3,Pain/Osteoarthritis,VetSelect Joint,False,Retail,Region,West,350531.36,12087
2024-08,2024-Q3,Pain/Osteoarthritis,VetSelect Joint,False,Retail,National,National,1501796.85,51786
2024-08,2024-Q3,Pain/Osteoarthritis,VetSelect Joint,False,E-commerce,Region,Northeast,239078.68,8244
2024-08,2024-Q3,Pain/Osteoarthritis,VetSelect Joint,False,E-commerce,Region,South,360146.06,12419
2024-08,2024-Q3,Pain/Osteoarthritis,VetSelect Joint,False,E-commerce,Region,Midwest,230789.2,7958
2024-08,2024-Q3,Pain/Osteoarthritis,VetSelect Joint,False,E-commerce,Region,West,256107.56,8831
2024-08,2024-Q3,Pain/Osteoarthritis,VetSelect Joint,False,E-commerce,National,National,1086121.5,37452
2024-09,2024-Q3,Pain/Osteoarthritis,VetSelect Joint,False,Veterinary,Region,Northeast,810364.34,27944
2024-09,2024-Q3,Pain/Osteoarthritis,VetSelect Joint,False,Veterinary,Region,South,1233913.61,42549
2024-09,2024-Q3,Pain/Osteoarthritis,VetSelect Joint,False,Veterinary,Region,Midwest,763798.93,26338
2024-09,2024-Q3,Pain/Osteoarthritis,VetSelect Joint,False,Veterinary,Region,West,817614.68,28194
2024-09,2024-Q3,Pain/Osteoarthritis,VetSelect Joint,False,Veterinary,National,National,3625691.56,125024
2024-09,2024-Q3,Pain/Osteoarthritis,VetSelect Joint,False,Retail,Region,Northeast,343521.89,11846
2024-09,2024-Q3,Pain/Osteoarthritis,VetSelect Joint,False,Retail,Region,South,535129.56,18453
2024-09,2024-Q3,Pain/Osteoarthritis,VetSelect Joint,False,Retail,Region,Midwest,305143.84,10522
2024-09,2024-Q3,Pain/Osteoarthritis,VetSelect Joint,False,Retail,Region,West,366105.17,12624
2024-09,2024-Q3,Pain/Osteoarthritis,VetSelect Joint,False,Retail,National,National,1549900.47,53445
2024-09,2024-Q3,Pain/Osteoarthritis,VetSelect Joint,False,E-commerce,Region,Northeast,247182.13,8524
2024-09,2024-Q3,Pain/Osteoarthritis,VetSelect Joint,False,E-commerce,Region,South,395530.23,13639
2024-09,2024-Q3,Pain/Osteoarthritis,VetSelect Joint,False,E-commerce,Region,Midwest,223041.61,7691
2024-09,2024-Q3,Pain/Osteoarthritis,VetSelect Joint,False,E-commerce,Region,West,259024.0,8932
2024-09,2024-Q3,Pain/Osteoarthritis,VetSelect Joint,False,E-commerce,National,National,1124777.97,38785
2024-10,2024-Q4,Pain/Osteoarthritis,VetSelect Joint,False,Veterinary,Region,Northeast,808580.63,27882
2024-10,2024-Q4,Pain/Osteoarthritis,VetSelect Joint,False,Veterinary,Region,South,1262046.04,43519
2024-10,2024-Q4,Pain/Osteoarthritis,VetSelect Joint,False,Veterinary,Region,Midwest,784744.12,27060
2024-10,2024-Q4,Pain/Osteoarthritis,VetSelect Joint,False,Veterinary,Region,West,849641.63,29298
2024-10,2024-Q4,Pain/Osteoarthritis,VetSelect Joint,False,Veterinary,National,National,3705012.42,127759
2024-10,2024-Q4,Pain/Osteoarthritis,VetSelect Joint,False,Retail,Region,Northeast,336198.98,11593
2024-10,2024-Q4,Pain/Osteoarthritis,VetSelect Joint,False,Retail,Region,South,560965.22,19344
2024-10,2024-Q4,Pain/Osteoarthritis,VetSelect Joint,False,Retail,Region,Midwest,319989.46,11034
2024-10,2024-Q4,Pain/Osteoarthritis,VetSelect Joint,False,Retail,Region,West,361518.95,12466
2024-10,2024-Q4,Pain/Osteoarthritis,VetSelect Joint,False,Retail,National,National,1578672.61,54437
2024-10,2024-Q4,Pain/Osteoarthritis,VetSelect Joint,False,E-commerce,Region,Northeast,259373.52,8944
2024-10,2024-Q4,Pain/Osteoarthritis,VetSelect Joint,False,E-commerce,Region,South,402994.74,13896
2024-10,2024-Q4,Pain/Osteoarthritis,VetSelect Joint,False,E-commerce,Region,Midwest,242820.48,8373
2024-10,2024-Q4,Pain/Osteoarthritis,VetSelect Joint,False,E-commerce,Region,West,286674.56,9885
2024-10,2024-Q4,Pain/Osteoarthritis,VetSelect Joint,False,E-commerce,National,National,1191863.29,41099
2024-11,2024-Q4,Pain/Osteoarthritis,VetSelect Joint,False,Veterinary,Region,Northeast,912749.17,31474
2024-11,2024-Q4,Pain/Osteoarthritis,VetSelect Joint,False,Veterinary,Region,South,1401492.77,48327
2024-11,2024-Q4,Pain/Osteoarthritis,VetSelect Joint,False,Veterinary,Region,Midwest,844354.64,29116
2024-11,2024-Q4,Pain/Osteoarthritis,VetSelect Joint,False,Veterinary,Region,West,949047.19,32726
2024-11,2024-Q4,Pain/Osteoarthritis,VetSelect Joint,False,Veterinary,National,National,4107643.78,141643
2024-11,2024-Q4,Pain/Osteoarthritis,VetSelect Joint,False,Retail,Region,Northeast,382041.15,13174
2024-11,2024-Q4,Pain/Osteoarthritis,VetSelect Joint,False,Retail,Region,South,608534.85,20984
2024-11,2024-Q4,Pain/Osteoarthritis,VetSelect Joint,False,Retail,Region,Midwest,379316.01,13080
2024-11,2024-Q4,Pain/Osteoarthritis,VetSelect Joint,False,Retail,Region,West,407547.26,14053
2024-11,2024-Q4,Pain/Osteoarthritis,VetSelect Joint,False,Retail,National,National,1777439.27,61291
2024-11,2024-Q4,Pain/Osteoarthritis,VetSelect Joint,False,E-commerce,Region,Northeast,310301.35,10700
2024-11,2024-Q4,Pain/Osteoarthritis,VetSelect Joint,False,E-commerce,Region,South,482180.9,16627
2024-11,2024-Q4,Pain/Osteoarthritis,VetSelect Joint,False,E-commerce,Region,Midwest,299758.9,10337
2024-11,2024-Q4,Pain/Osteoarthritis,VetSelect Joint,False,E-commerce,Region,West,339560.09,11709
2024-11,2024-Q4,Pain/Osteoarthritis,VetSelect Joint,False,E-commerce,National,National,1431801.24,49372
2024-12,2024-Q4,Pain/Osteoarthritis,VetSelect Joint,False,Veterinary,Region,Northeast,892798.15,30786
2024-12,2024-Q4,Pain/Osteoarthritis,VetSelect Joint,False,Veterinary,Region,South,1380524.33,47604
2024-12,2024-Q4,Pain/Osteoarthritis,VetSelect Joint,False,Veterinary,Region,Midwest,879722.55,30335
2024-12,2024-Q4,Pain/Osteoarthritis,VetSelect Joint,False,Veterinary,Region,West,922893.46,31824
2024-12,2024-Q4,Pain/Osteoarthritis,VetSelect Joint,False,Veterinary,National,National,4075938.49,140550
2024-12,2024-Q4,Pain/Osteoarthritis,VetSelect Joint,False,Retail,Region,Northeast,394439.71,13601
2024-12,2024-Q4,Pain/Osteoarthritis,VetSelect Joint,False,Retail,Region,South,635020.19,21897
2024-12,2024-Q4,Pain/Osteoarthritis,VetSelect Joint,False,Retail,Region,Midwest,390969.23,13482
2024-12,2024-Q4,Pain/Osteoarthritis,VetSelect Joint,False,Retail,Region,West,439647.72,15160
2024-12,2024-Q4,Pain/Osteoarthritis,VetSelect Joint,False,Retail,National,National,1860076.85,64141
2024-12,2024-Q4,Pain/Osteoarthritis,VetSelect Joint,False,E-commerce,Region,Northeast,329454.32,11360
2024-12,2024-Q4,Pain/Osteoarthritis,VetSelect Joint,False,E-commerce,Region,South,511530.22,17639
2024-12,2024-Q4,Pain/Osteoarthritis,VetSelect Joint,False,E-commerce,Region,Midwest,301760.76,10406
2024-12,2024-Q4,Pain/Osteoarthritis,VetSelect Joint,False,E-commerce,Region,West,332221.78,11456
2024-12,2024-Q4,Pain/Osteoarthritis,VetSelect Joint,False,E-commerce,National,National,1474967.07,50861
2025-01,2025-Q1,Pain/Osteoarthritis,VetSelect Joint,False,Veterinary,Region,Northeast,1040797.57,35890
2025-01,2025-Q1,Pain/Osteoarthritis,VetSelect Joint,False,Veterinary,Region,South,1477962.6,50964
2025-01,2025-Q1,Pain/Osteoarthritis,VetSelect Joint,False,Veterinary,Region,Midwest,928194.14,32007
2025-01,2025-Q1,Pain/Osteoarthritis,VetSelect Joint,False,Veterinary,Region,West,1029664.54,35506
2025-01,2025-Q1,Pain/Osteoarthritis,VetSelect Joint,False,Veterinary,National,National,4476618.85,154366
2025-01,2025-Q1,Pain/Osteoarthritis,VetSelect Joint,False,Retail,Region,Northeast,428471.62,14775
2025-01,2025-Q1,Pain/Osteoarthritis,VetSelect Joint,False,Retail,Region,South,706582.95,24365
2025-01,2025-Q1,Pain/Osteoarthritis,VetSelect Joint,False,Retail,Region,Midwest,442572.03,15261
2025-01,2025-Q1,Pain/Osteoarthritis,VetSelect Joint,False,Retail,Region,West,464361.51,16012
2025-01,2025-Q1,Pain/Osteoarthritis,VetSelect Joint,False,Retail,National,National,2041988.12,70413
2025-01,2025-Q1,Pain/Osteoarthritis,VetSelect Joint,False,E-commerce,Region,Northeast,365342.67,12598
2025-01,2025-Q1,Pain/Osteoarthritis,VetSelect Joint,False,E-commerce,Region,South,591468.76,20395
2025-01,2025-Q1,Pain/Osteoarthritis,VetSelect Joint,False,E-commerce,Region,Midwest,349854.43,12064
2025-01,2025-Q1,Pain/Osteoarthritis,VetSelect Joint,False,E-commerce,Region,West,384425.59,13256
2025-01,2025-Q1,Pain/Osteoarthritis,VetSelect Joint,False,E-commerce,National,National,1691091.45,58313
2025-02,2025-Q1,Pain/Osteoarthritis,VetSelect Joint,False,Veterinary,Region,Northeast,1033945.44,35653
2025-02,2025-Q1,Pain/Osteoarthritis,VetSelect Joint,False,Veterinary,Region,South,1644125.17,56694
2025-02,2025-Q1,Pain/Osteoarthritis,VetSelect Joint,False,Veterinary,Region,Midwest,997255.13,34388
2025-02,2025-Q1,Pain/Osteoarthritis,VetSelect Joint,False,Veterinary,Region,West,1071676.63,36954
2025-02,2025-Q1,Pain/Osteoarthritis,VetSelect Joint,False,Veterinary,National,National,4747002.37,163690
2025-02,2025-Q1,Pain/Osteoarthritis,VetSelect Joint,False,Retail,Region,Northeast,439134.26,15143
2025-02,2025-Q1,Pain/Osteoarthritis,VetSelect Joint,False,Retail,Region,South,692119.59,23866
2025-02,2025-Q1,Pain/Osteoarthritis,VetSelect Joint,False,Retail,Region,Midwest,403018.31,13897
2025-02,2025-Q1,Pain/Osteoarthritis,VetSelect Joint,False,Retail,Region,West,470995.44,16241
2025-02,2025-Q1,Pain/Osteoarthritis,VetSelect Joint,False,Retail,National,National,2005267.59,69147
2025-02,2025-Q1,Pain/Osteoarthritis,VetSelect Joint,False,E-commerce,Region,Northeast,376133.95,12970
2025-02,2025-Q1,Pain/Osteoarthritis,VetSelect Joint,False,E-commerce,Region,South,584680.42,20161
2025-02,2025-Q1,Pain/Osteoarthritis,VetSelect Joint,False,E-commerce,Region,Midwest,345271.5,11906
2025-02,2025-Q1,Pain/Osteoarthritis,VetSelect Joint,False,E-commerce,Region,West,397257.68,13699
2025-02,2025-Q1,Pain/Osteoarthritis,VetSelect Joint,False,E-commerce,National,National,1703343.55,58736
2025-03,2025-Q1,Pain/Osteoarthritis,VetSelect Joint,False,Veterinary,Region,Northeast,1006958.5,34723
2025-03,2025-Q1,Pain/Osteoarthritis,VetSelect Joint,False,Veterinary,Region,South,1573822.09,54270
2025-03,2025-Q1,Pain/Osteoarthritis,VetSelect Joint,False,Veterinary,Region,Midwest,937461.26,32326
2025-03,2025-Q1,Pain/Osteoarthritis,VetSelect Joint,False,Veterinary,Region,West,1006946.19,34722
2025-03,2025-Q1,Pain/Osteoarthritis,VetSelect Joint,False,Veterinary,National,National,4525188.04,156041
2025-03,2025-Q1,Pain/Osteoarthritis,VetSelect Joint,False,Retail,Region,Northeast,444879.93,15341
2025-03,2025-Q1,Pain/Osteoarthritis,VetSelect Joint,False,Retail,Region,South,633497.76,21845
2025-03,2025-Q1,Pain/Osteoarthritis,VetSelect Joint,False,Retail,Region,Midwest,426429.43,14704
2025-03,2025-Q1,Pain/Osteoarthritis,VetSelect Joint,False,Retail,Region,West,487311.71,16804
2025-03,2025-Q1,Pain/Osteoarthritis,VetSelect Joint,False,Retail,National,National,1992118.83,68694
2025-03,2025-Q1,Pain/Osteoarthritis,VetSelect Joint,False,E-commerce,Region,Northeast,383595.73,13227
2025-03,2025-Q1,Pain/Osteoarthritis,VetSelect Joint,False,E-commerce,Region,South,601323.17,20735
2025-03,2025-Q1,Pain/Osteoarthritis,VetSelect Joint,False,E-commerce,Region,Midwest,379814.46,13097
2025-03,2025-Q1,Pain/Osteoarthritis,VetSelect Joint,False,E-commerce,Region,West,409044.19,14105
2025-03,2025-Q1,Pain/Osteoarthritis,VetSelect Joint,False,E-commerce,National,National,1773777.55,61165
2025-04,2025-Q2,Pain/Osteoarthritis,VetSelect Joint,False,Veterinary,Region,Northeast,984186.76,33937
2025-04,2025-Q2,Pain/Osteoarthritis,VetSelect Joint,False,Veterinary,Region,South,1545845.45,53305
2025-04,2025-Q2,Pain/Osteoarthritis,VetSelect Joint,False,Veterinary,Region,Midwest,978649.08,33747
2025-04,2025-Q2,Pain/Osteoarthritis,VetSelect Joint,False,Veterinary,Region,West,1005347.89,34667
2025-04,2025-Q2,Pain/Osteoarthritis,VetSelect Joint,False,Veterinary,National,National,4514029.19,155656
2025-04,2025-Q2,Pain/Osteoarthritis,VetSelect Joint,False,Retail,Region,Northeast,441500.34,15224
2025-04,2025-Q2,Pain/Osteoarthritis,VetSelect Joint,False,Retail,Region,South,683817.03,23580
2025-04,2025-Q2,Pain/Osteoarthritis,VetSelect Joint,False,Retail,Region,Midwest,437926.19,15101
2025-04,2025-Q2,Pain/Osteoarthritis,VetSelect Joint,False,Retail,Region,West,476438.52,16429
2025-04,2025-Q2,Pain/Osteoarthritis,VetSelect Joint,False,Retail,National,National,2039682.08,70334
2025-04,2025-Q2,Pain/Osteoarthritis,VetSelect Joint,False,E-commerce,Region,Northeast,400086.24,13796
2025-04,2025-Q2,Pain/Osteoarthritis,VetSelect Joint,False,E-commerce,Region,South,617054.83,21278
2025-04,2025-Q2,Pain/Osteoarthritis,VetSelect Joint,False,E-commerce,Region,Midwest,374006.13,12897
2025-04,2025-Q2,Pain/Osteoarthritis,VetSelect Joint,False,E-commerce,Region,West,412456.89,14223
2025-04,2025-Q2,Pain/Osteoarthritis,VetSelect Joint,False,E-commerce,National,National,1803604.1,62193
2025-05,2025-Q2,Pain/Osteoarthritis,VetSelect Joint,False,Veterinary,Region,Northeast,956757.15,32992
2025-05,2025-Q2,Pain/Osteoarthritis,VetSelect Joint,False,Veterinary,Region,South,1404111.65,48418
2025-05,2025-Q2,Pain/Osteoarthritis,VetSelect Joint,False,Veterinary,Region,Midwest,898320.63,30977
2025-05,2025-Q2,Pain/Osteoarthritis,VetSelect Joint,False,Veterinary,Region,West,968587.71,33400
2025-05,2025-Q2,Pain/Osteoarthritis,VetSelect Joint,False,Veterinary,National,National,4227777.13,145785
2025-05,2025-Q2,Pain/Osteoarthritis,VetSelect Joint,False,Retail,Region,Northeast,410094.22,14141
2025-05,2025-Q2,Pain/Osteoarthritis,VetSelect Joint,False,Retail,Region,South,650548.51,22433
2025-05,2025-Q2,Pain/Osteoarthritis,VetSelect Joint,False,Retail,Region,Midwest,385439.67,13291
2025-05,2025-Q2,Pain/Osteoarthritis,VetSelect Joint,False,Retail,Region,West,413581.49,14261
2025-05,2025-Q2,Pain/Osteoarthritis,VetSelect Joint,False,Retail,National,National,1859663.88,64126
2025-05,2025-Q2,Pain/Osteoarthritis,VetSelect Joint,False,E-commerce,Region,Northeast,358971.65,12378
2025-05,2025-Q2,Pain/Osteoarthritis,VetSelect Joint,False,E-commerce,Region,South,560554.8,19329
2025-05,2025-Q2,Pain/Osteoarthritis,VetSelect Joint,False,E-commerce,Region,Midwest,358724.24,12370
2025-05,2025-Q2,Pain/Osteoarthritis,VetSelect Joint,False,E-commerce,Region,West,383915.06,13238
2025-05,2025-Q2,Pain/Osteoarthritis,VetSelect Joint,False,E-commerce,National,National,1662165.76,57316
2025-06,2025-Q2,Pain/Osteoarthritis,VetSelect Joint,False,Veterinary,Region,Northeast,871855.23,30064
2025-06,2025-Q2,Pain/Osteoarthritis,VetSelect Joint,False,Veterinary,Region,South,1323202.42,45628
2025-06,2025-Q2,Pain/Osteoarthritis,VetSelect Joint,False,Veterinary,Region,Midwest,830463.71,28637
2025-06,2025-Q2,Pain/Osteoarthritis,VetSelect Joint,False,Veterinary,Region,West,949440.93,32739
2025-06,2025-Q2,Pain/Osteoarthritis,VetSelect Joint,False,Veterinary,National,National,3974962.28,137068
2025-06,2025-Q2,Pain/Osteoarthritis,VetSelect Joint,False,Retail,Region,Northeast,395505.82,13638
2025-06,2025-Q2,Pain/Osteoarthritis,VetSelect Joint,False,Retail,Region,South,584568.15,20158
2025-06,2025-Q2,Pain/Osteoarthritis,VetSelect Joint,False,Retail,Region,Midwest,360993.03,12448
2025-06,2025-Q2,Pain/Osteoarthritis,VetSelect Joint,False,Retail,Region,West,404470.42,13947
2025-06,2025-Q2,Pain/Osteoarthritis,VetSelect Joint,False,Retail,National,National,1745537.41,60191
2025-06,2025-Q2,Pain/Osteoarthritis,VetSelect Joint,False,E-commerce,Region,Northeast,361013.68,12449
2025-06,2025-Q2,Pain/Osteoarthritis,VetSelect Joint,False,E-commerce,Region,South,531557.27,18330
2025-06,2025-Q2,Pain/Osteoarthritis,VetSelect Joint,False,E-commerce,Region,Midwest,319683.78,11024
2025-06,2025-Q2,Pain/Osteoarthritis,VetSelect Joint,False,E-commerce,Region,West,372898.48,12859
2025-06,2025-Q2,Pain/Osteoarthritis,VetSelect Joint,False,E-commerce,National,National,1585153.22,54660
2025-07,2025-Q3,Pain/Osteoarthritis,VetSelect Joint,False,Veterinary,Region,Northeast,843460.97,29085
2025-07,2025-Q3,Pain/Osteoarthritis,VetSelect Joint,False,Veterinary,Region,South,1300946.4,44860
2025-07,2025-Q3,Pain/Osteoarthritis,VetSelect Joint,False,Veterinary,Region,Midwest,774082.23,26692
2025-07,2025-Q3,Pain/Osteoarthritis,VetSelect Joint,False,Veterinary,Region,West,852698.0,29403
2025-07,2025-Q3,Pain/Osteoarthritis,VetSelect Joint,False,Veterinary,National,National,3771187.6,130041
2025-07,2025-Q3,Pain/Osteoarthritis,VetSelect Joint,False,Retail,Region,Northeast,376662.19,12988
2025-07,2025-Q3,Pain/Osteoarthritis,VetSelect Joint,False,Retail,Region,South,561254.6,19354
2025-07,2025-Q3,Pain/Osteoarthritis,VetSelect Joint,False,Retail,Region,Midwest,340178.13,11730
2025-07,2025-Q3,Pain/Osteoarthritis,VetSelect Joint,False,Retail,Region,West,378369.48,13047
2025-07,2025-Q3,Pain/Osteoarthritis,VetSelect Joint,False,Retail,National,National,1656464.4,57119
2025-07,2025-Q3,Pain/Osteoarthritis,VetSelect Joint,False,E-commerce,Region,Northeast,350991.92,12103
2025-07,2025-Q3,Pain/Osteoarthritis,VetSelect Joint,False,E-commerce,Region,South,527842.32,18201
2025-07,2025-Q3,Pain/Osteoarthritis,VetSelect Joint,False,E-commerce,Region,Midwest,348344.94,12012
2025-07,2025-Q3,Pain/Osteoarthritis,VetSelect Joint,False,E-commerce,Region,West,371457.48,12809
2025-07,2025-Q3,Pain/Osteoarthritis,VetSelect Joint,False,E-commerce,National,National,1598636.65,55125
2025-08,2025-Q3,Pain/Osteoarthritis,VetSelect Joint,False,Veterinary,Region,Northeast,793408.47,27359
2025-08,2025-Q3,Pain/Osteoarthritis,VetSelect Joint,False,Veterinary,Region,South,1275109.63,43969
2025-08,2025-Q3,Pain/Osteoarthritis,VetSelect Joint,False,Veterinary,Region,Midwest,826545.38,28502
2025-08,2025-Q3,Pain/Osteoarthritis,VetSelect Joint,False,Veterinary,Region,West,812164.83,28006
2025-08,2025-Q3,Pain/Osteoarthritis,VetSelect Joint,False,Veterinary,National,National,3707228.31,127835
2025-08,2025-Q3,Pain/Osteoarthritis,VetSelect Joint,False,Retail,Region,Northeast,348406.69,12014
2025-08,2025-Q3,Pain/Osteoarthritis,VetSelect Joint,False,Retail,Region,South,516154.17,17798
2025-08,2025-Q3,Pain/Osteoarthritis,VetSelect Joint,False,Retail,Region,Midwest,337869.16,11651
2025-08,2025-Q3,Pain/Osteoarthritis,VetSelect Joint,False,Retail,Region,West,369201.89,12731
2025-08,2025-Q3,Pain/Osteoarthritis,VetSelect Joint,False,Retail,National,National,1571631.91,54194
2025-08,2025-Q3,Pain/Osteoarthritis,VetSelect Joint,False,E-commerce,Region,Northeast,341407.31,11773
2025-08,2025-Q3,Pain/Osteoarthritis,VetSelect Joint,False,E-commerce,Region,South,506166.84,17454
2025-08,2025-Q3,Pain/Osteoarthritis,VetSelect Joint,False,E-commerce,Region,Midwest,330717.05,11404
2025-08,2025-Q3,Pain/Osteoarthritis,VetSelect Joint,False,E-commerce,Region,West,373329.56,12873
2025-08,2025-Q3,Pain/Osteoarthritis,VetSelect Joint,False,E-commerce,National,National,1551620.76,53504
2025-09,2025-Q3,Pain/Osteoarthritis,VetSelect Joint,False,Veterinary,Region,Northeast,861238.47,29698
2025-09,2025-Q3,Pain/Osteoarthritis,VetSelect Joint,False,Veterinary,Region,South,1314691.68,45334
2025-09,2025-Q3,Pain/Osteoarthritis,VetSelect Joint,False,Veterinary,Region,Midwest,835170.2,28799
2025-09,2025-Q3,Pain/Osteoarthritis,VetSelect Joint,False,Veterinary,Region,West,886936.13,30584
2025-09,2025-Q3,Pain/Osteoarthritis,VetSelect Joint,False,Veterinary,National,National,3898036.49,134415
2025-09,2025-Q3,Pain/Osteoarthritis,VetSelect Joint,False,Retail,Region,Northeast,348853.35,12029
2025-09,2025-Q3,Pain/Osteoarthritis,VetSelect Joint,False,Retail,Region,South,553335.08,19081
2025-09,2025-Q3,Pain/Osteoarthritis,VetSelect Joint,False,Retail,Region,Midwest,375126.38,12935
2025-09,2025-Q3,Pain/Osteoarthritis,VetSelect Joint,False,Retail,Region,West,410403.45,14152
2025-09,2025-Q3,Pain/Osteoarthritis,VetSelect Joint,False,Retail,National,National,1687718.26,58197
2025-09,2025-Q3,Pain/Osteoarthritis,VetSelect Joint,False,E-commerce,Region,Northeast,373989.12,12896
2025-09,2025-Q3,Pain/Osteoarthritis,VetSelect Joint,False,E-commerce,Region,South,566272.52,19527
2025-09,2025-Q3,Pain/Osteoarthritis,VetSelect Joint,False,E-commerce,Region,Midwest,355109.61,12245
2025-09,2025-Q3,Pain/Osteoarthritis,VetSelect Joint,False,E-commerce,Region,West,377322.84,13011
2025-09,2025-Q3,Pain/Osteoarthritis,VetSelect Joint,False,E-commerce,National,National,1672694.08,57679
2025-10,2025-Q4,Pain/Osteoarthritis,VetSelect Joint,False,Veterinary,Region,Northeast,913667.05,31506
2025-10,2025-Q4,Pain/Osteoarthritis,VetSelect Joint,False,Veterinary,Region,South,1316530.93,45398
2025-10,2025-Q4,Pain/Osteoarthritis,VetSelect Joint,False,Veterinary,Region,Midwest,808954.86,27895
2025-10,2025-Q4,Pain/Osteoarthritis,VetSelect Joint,False,Veterinary,Region,West,871034.96,30036
2025-10,2025-Q4,Pain/Osteoarthritis,VetSelect Joint,False,Veterinary,National,National,3910187.8,134834
2025-10,2025-Q4,Pain/Osteoarthritis,VetSelect Joint,False,Retail,Region,Northeast,388153.03,13385
2025-10,2025-Q4,Pain/Osteoarthritis,VetSelect Joint,False,Retail,Region,South,579203.75,19973
2025-10,2025-Q4,Pain/Osteoarthritis,VetSelect Joint,False,Retail,Region,Midwest,375422.45,12946
2025-10,2025-Q4,Pain/Osteoarthritis,VetSelect Joint,False,Retail,Region,West,399573.61,13778
2025-10,2025-Q4,Pain/Osteoarthritis,VetSelect Joint,False,Retail,National,National,1742352.84,60081
2025-10,2025-Q4,Pain/Osteoarthritis,VetSelect Joint,False,E-commerce,Region,Northeast,411996.74,14207
2025-10,2025-Q4,Pain/Osteoarthritis,VetSelect Joint,False,E-commerce,Region,South,616901.35,21272
2025-10,2025-Q4,Pain/Osteoarthritis,VetSelect Joint,False,E-commerce,Region,Midwest,379743.53,13095
2025-10,2025-Q4,Pain/Osteoarthritis,VetSelect Joint,False,E-commerce,Region,West,392736.03,13543
2025-10,2025-Q4,Pain/Osteoarthritis,VetSelect Joint,False,E-commerce,National,National,1801377.65,62116
2025-11,2025-Q4,Pain/Osteoarthritis,VetSelect Joint,False,Veterinary,Region,Northeast,939860.63,32409
2025-11,2025-Q4,Pain/Osteoarthritis,VetSelect Joint,False,Veterinary,Region,South,1454199.7,50145
2025-11,2025-Q4,Pain/Osteoarthritis,VetSelect Joint,False,Veterinary,Region,Midwest,898516.63,30983
2025-11,2025-Q4,Pain/Osteoarthritis,VetSelect Joint,False,Veterinary,Region,West,977287.99,33700
2025-11,2025-Q4,Pain/Osteoarthritis,VetSelect Joint,False,Veterinary,National,National,4269864.95,147237
2025-11,2025-Q4,Pain/Osteoarthritis,VetSelect Joint,False,Retail,Region,Northeast,400519.7,13811
2025-11,2025-Q4,Pain/Osteoarthritis,VetSelect Joint,False,Retail,Region,South,595140.24,20522
2025-11,2025-Q4,Pain/Osteoarthritis,VetSelect Joint,False,Retail,Region,Midwest,382926.89,13204
2025-11,2025-Q4,Pain/Osteoarthritis,VetSelect Joint,False,Retail,Region,West,447125.38,15418
2025-11,2025-Q4,Pain/Osteoarthritis,VetSelect Joint,False,Retail,National,National,1825712.22,62956
2025-11,2025-Q4,Pain/Osteoarthritis,VetSelect Joint,False,E-commerce,Region,Northeast,441646.57,15229
2025-11,2025-Q4,Pain/Osteoarthritis,VetSelect Joint,False,E-commerce,Region,South,689384.09,23772
2025-11,2025-Q4,Pain/Osteoarthritis,VetSelect Joint,False,E-commerce,Region,Midwest,415739.57,14336
2025-11,2025-Q4,Pain/Osteoarthritis,VetSelect Joint,False,E-commerce,Region,West,453966.42,15654
2025-11,2025-Q4,Pain/Osteoarthritis,VetSelect Joint,False,E-commerce,National,National,2000736.65,68991
2025-12,2025-Q4,Pain/Osteoarthritis,VetSelect Joint,False,Veterinary,Region,Northeast,939143.42,32384
2025-12,2025-Q4,Pain/Osteoarthritis,VetSelect Joint,False,Veterinary,Region,South,1537978.18,53034
2025-12,2025-Q4,Pain/Osteoarthritis,VetSelect Joint,False,Veterinary,Region,Midwest,926520.26,31949
2025-12,2025-Q4,Pain/Osteoarthritis,VetSelect Joint,False,Veterinary,Region,West,1015955.56,35033
2025-12,2025-Q4,Pain/Osteoarthritis,VetSelect Joint,False,Veterinary,National,National,4419597.42,152400
2025-12,2025-Q4,Pain/Osteoarthritis,VetSelect Joint,False,Retail,Region,Northeast,429306.65,14804
2025-12,2025-Q4,Pain/Osteoarthritis,VetSelect Joint,False,Retail,Region,South,682367.31,23530
2025-12,2025-Q4,Pain/Osteoarthritis,VetSelect Joint,False,Retail,Region,Midwest,433907.93,14962
2025-12,2025-Q4,Pain/Osteoarthritis,VetSelect Joint,False,Retail,Region,West,473631.21,16332
2025-12,2025-Q4,Pain/Osteoarthritis,VetSelect Joint,False,Retail,National,National,2019213.09,69628
2025-12,2025-Q4,Pain/Osteoarthritis,VetSelect Joint,False,E-commerce,Region,Northeast,456033.47,15725
2025-12,2025-Q4,Pain/Osteoarthritis,VetSelect Joint,False,E-commerce,Region,South,731196.18,25214
2025-12,2025-Q4,Pain/Osteoarthritis,VetSelect Joint,False,E-commerce,Region,Midwest,447362.13,15426
2025-12,2025-Q4,Pain/Osteoarthritis,VetSelect Joint,False,E-commerce,Region,West,461435.12,15912
2025-12,2025-Q4,Pain/Osteoarthritis,VetSelect Joint,False,E-commerce,National,National,2096026.9,72277
2026-01,2026-Q1,Pain/Osteoarthritis,VetSelect Joint,False,Veterinary,Region,Northeast,1032354.19,35598
2026-01,2026-Q1,Pain/Osteoarthritis,VetSelect Joint,False,Veterinary,Region,South,1655363.7,57082
2026-01,2026-Q1,Pain/Osteoarthritis,VetSelect Joint,False,Veterinary,Region,Midwest,981082.89,33830
2026-01,2026-Q1,Pain/Osteoarthritis,VetSelect Joint,False,Veterinary,Region,West,1126329.35,38839
2026-01,2026-Q1,Pain/Osteoarthritis,VetSelect Joint,False,Veterinary,National,National,4795130.13,165349
2026-01,2026-Q1,Pain/Osteoarthritis,VetSelect Joint,False,Retail,Region,Northeast,489614.45,16883
2026-01,2026-Q1,Pain/Osteoarthritis,VetSelect Joint,False,Retail,Region,South,735082.2,25348
2026-01,2026-Q1,Pain/Osteoarthritis,VetSelect Joint,False,Retail,Region,Midwest,457827.83,15787
2026-01,2026-Q1,Pain/Osteoarthritis,VetSelect Joint,False,Retail,Region,West,483718.1,16680
2026-01,2026-Q1,Pain/Osteoarthritis,VetSelect Joint,False,Retail,National,National,2166242.58,74698
2026-01,2026-Q1,Pain/Osteoarthritis,VetSelect Joint,False,E-commerce,Region,Northeast,506916.84,17480
2026-01,2026-Q1,Pain/Osteoarthritis,VetSelect Joint,False,E-commerce,Region,South,764389.1,26358
2026-01,2026-Q1,Pain/Osteoarthritis,VetSelect Joint,False,E-commerce,Region,Midwest,503949.36,17378
2026-01,2026-Q1,Pain/Osteoarthritis,VetSelect Joint,False,E-commerce,Region,West,554089.69,19107
2026-01,2026-Q1,Pain/Osteoarthritis,VetSelect Joint,False,E-commerce,National,National,2329344.99,80322
2026-02,2026-Q1,Pain/Osteoarthritis,VetSelect Joint,False,Veterinary,Region,Northeast,1042329.83,35942
2026-02,2026-Q1,Pain/Osteoarthritis,VetSelect Joint,False,Veterinary,Region,South,1576860.0,54374
2026-02,2026-Q1,Pain/Osteoarthritis,VetSelect Joint,False,Veterinary,Region,Midwest,954793.01,32924
2026-02,2026-Q1,Pain/Osteoarthritis,VetSelect Joint,False,Veterinary,Region,West,1071662.55,36954
2026-02,2026-Q1,Pain/Osteoarthritis,VetSelect Joint,False,Veterinary,National,National,4645645.39,160195
2026-02,2026-Q1,Pain/Osteoarthritis,VetSelect Joint,False,Retail,Region,Northeast,451306.01,15562
2026-02,2026-Q1,Pain/Osteoarthritis,VetSelect Joint,False,Retail,Region,South,681340.72,23495
2026-02,2026-Q1,Pain/Osteoarthritis,VetSelect Joint,False,Retail,Region,Midwest,450808.38,15545
2026-02,2026-Q1,Pain/Osteoarthritis,VetSelect Joint,False,Retail,Region,West,474778.59,16372
2026-02,2026-Q1,Pain/Osteoarthritis,VetSelect Joint,False,Retail,National,National,2058233.7,70974
2026-02,2026-Q1,Pain/Osteoarthritis,VetSelect Joint,False,E-commerce,Region,Northeast,517718.3,17852
2026-02,2026-Q1,Pain/Osteoarthritis,VetSelect Joint,False,E-commerce,Region,South,737238.49,25422
2026-02,2026-Q1,Pain/Osteoarthritis,VetSelect Joint,False,E-commerce,Region,Midwest,496123.36,17108
2026-02,2026-Q1,Pain/Osteoarthritis,VetSelect Joint,False,E-commerce,Region,West,530678.81,18299
2026-02,2026-Q1,Pain/Osteoarthritis,VetSelect Joint,False,E-commerce,National,National,2281758.96,78681
2026-03,2026-Q1,Pain/Osteoarthritis,VetSelect Joint,False,Veterinary,Region,Northeast,1052689.29,36300
2026-03,2026-Q1,Pain/Osteoarthritis,VetSelect Joint,False,Veterinary,Region,South,1579660.53,54471
2026-03,2026-Q1,Pain/Osteoarthritis,VetSelect Joint,False,Veterinary,Region,Midwest,988053.79,34071
2026-03,2026-Q1,Pain/Osteoarthritis,VetSelect Joint,False,Veterinary,Region,West,1074249.55,37043
2026-03,2026-Q1,Pain/Osteoarthritis,VetSelect Joint,False,Veterinary,National,National,4694653.16,161885
2026-03,2026-Q1,Pain/Osteoarthritis,VetSelect Joint,False,Retail,Region,Northeast,469338.74,16184
2026-03,2026-Q1,Pain/Osteoarthritis,VetSelect Joint,False,Retail,Region,South,698040.32,24070
2026-03,2026-Q1,Pain/Osteoarthritis,VetSelect Joint,False,Retail,Region,Midwest,441475.41,15223
2026-03,2026-Q1,Pain/Osteoarthritis,VetSelect Joint,False,Retail,Region,West,480305.27,16562
2026-03,2026-Q1,Pain/Osteoarthritis,VetSelect Joint,False,Retail,National,National,2089159.74,72040
2026-03,2026-Q1,Pain/Osteoarthritis,VetSelect Joint,False,E-commerce,Region,Northeast,534129.53,18418
2026-03,2026-Q1,Pain/Osteoarthritis,VetSelect Joint,False,E-commerce,Region,South,794304.96,27390
2026-03,2026-Q1,Pain/Osteoarthritis,VetSelect Joint,False,E-commerce,Region,Midwest,510516.11,17604
2026-03,2026-Q1,Pain/Osteoarthritis,VetSelect Joint,False,E-commerce,Region,West,555446.96,19153
2026-03,2026-Q1,Pain/Osteoarthritis,VetSelect Joint,False,E-commerce,National,National,2394397.57,82565
2024-04,2024-Q2,Petcare Diagnostics,Vetscan,True,Veterinary,Region,Northeast,3024045.73,168003
2024-04,2024-Q2,Petcare Diagnostics,Vetscan,True,Veterinary,Region,South,4519056.0,251059
2024-04,2024-Q2,Petcare Diagnostics,Vetscan,True,Veterinary,Region,Midwest,2770772.43,153932
2024-04,2024-Q2,Petcare Diagnostics,Vetscan,True,Veterinary,Region,West,3019748.34,167764
2024-04,2024-Q2,Petcare Diagnostics,Vetscan,True,Veterinary,National,National,13333622.51,740757
2024-04,2024-Q2,Petcare Diagnostics,Vetscan,True,Retail,Region,Northeast,117935.09,6552
2024-04,2024-Q2,Petcare Diagnostics,Vetscan,True,Retail,Region,South,190093.02,10561
2024-04,2024-Q2,Petcare Diagnostics,Vetscan,True,Retail,Region,Midwest,115638.53,6424
2024-04,2024-Q2,Petcare Diagnostics,Vetscan,True,Retail,Region,West,126229.38,7013
2024-04,2024-Q2,Petcare Diagnostics,Vetscan,True,Retail,National,National,549896.03,30550
2024-04,2024-Q2,Petcare Diagnostics,Vetscan,True,E-commerce,Region,Northeast,410668.24,22815
2024-04,2024-Q2,Petcare Diagnostics,Vetscan,True,E-commerce,Region,South,635180.62,35288
2024-04,2024-Q2,Petcare Diagnostics,Vetscan,True,E-commerce,Region,Midwest,383466.5,21304
2024-04,2024-Q2,Petcare Diagnostics,Vetscan,True,E-commerce,Region,West,394304.1,21906
2024-04,2024-Q2,Petcare Diagnostics,Vetscan,True,E-commerce,National,National,1823619.46,101312
2024-05,2024-Q2,Petcare Diagnostics,Vetscan,True,Veterinary,Region,Northeast,2832635.11,157369
2024-05,2024-Q2,Petcare Diagnostics,Vetscan,True,Veterinary,Region,South,4526477.8,251471
2024-05,2024-Q2,Petcare Diagnostics,Vetscan,True,Veterinary,Region,Midwest,2858827.85,158824
2024-05,2024-Q2,Petcare Diagnostics,Vetscan,True,Veterinary,Region,West,3291136.48,182841
2024-05,2024-Q2,Petcare Diagnostics,Vetscan,True,Veterinary,National,National,13509077.25,750504
2024-05,2024-Q2,Petcare Diagnostics,Vetscan,True,Retail,Region,Northeast,112119.51,6229
2024-05,2024-Q2,Petcare Diagnostics,Vetscan,True,Retail,Region,South,178613.56,9923
2024-05,2024-Q2,Petcare Diagnostics,Vetscan,True,Retail,Region,Midwest,113150.56,6286
2024-05,2024-Q2,Petcare Diagnostics,Vetscan,True,Retail,Region,West,129271.03,7182
2024-05,2024-Q2,Petcare Diagnostics,Vetscan,True,Retail,National,National,533154.66,29620
2024-05,2024-Q2,Petcare Diagnostics,Vetscan,True,E-commerce,Region,Northeast,402858.27,22381
2024-05,2024-Q2,Petcare Diagnostics,Vetscan,True,E-commerce,Region,South,638940.53,35497
2024-05,2024-Q2,Petcare Diagnostics,Vetscan,True,E-commerce,Region,Midwest,419056.66,23281
2024-05,2024-Q2,Petcare Diagnostics,Vetscan,True,E-commerce,Region,West,454569.35,25254
2024-05,2024-Q2,Petcare Diagnostics,Vetscan,True,E-commerce,National,National,1915424.8,106412
2024-06,2024-Q2,Petcare Diagnostics,Vetscan,True,Veterinary,Region,Northeast,2985982.72,165888
2024-06,2024-Q2,Petcare Diagnostics,Vetscan,True,Veterinary,Region,South,4489932.06,249441
2024-06,2024-Q2,Petcare Diagnostics,Vetscan,True,Veterinary,Region,Midwest,2690871.53,149493
2024-06,2024-Q2,Petcare Diagnostics,Vetscan,True,Veterinary,Region,West,2964719.11,164707
2024-06,2024-Q2,Petcare Diagnostics,Vetscan,True,Veterinary,National,National,13131505.42,729528
2024-06,2024-Q2,Petcare Diagnostics,Vetscan,True,Retail,Region,Northeast,111807.83,6212
2024-06,2024-Q2,Petcare Diagnostics,Vetscan,True,Retail,Region,South,170410.89,9467
2024-06,2024-Q2,Petcare Diagnostics,Vetscan,True,Retail,Region,Midwest,110271.13,6126
2024-06,2024-Q2,Petcare Diagnostics,Vetscan,True,Retail,Region,West,122742.89,6819
2024-06,2024-Q2,Petcare Diagnostics,Vetscan,True,Retail,National,National,515232.74,28624
2024-06,2024-Q2,Petcare Diagnostics,Vetscan,True,E-commerce,Region,Northeast,405477.33,22527
2024-06,2024-Q2,Petcare Diagnostics,Vetscan,True,E-commerce,Region,South,668038.09,37113
2024-06,2024-Q2,Petcare Diagnostics,Vetscan,True,E-commerce,Region,Midwest,391849.11,21769
2024-06,2024-Q2,Petcare Diagnostics,Vetscan,True,E-commerce,Region,West,442086.39,24560
2024-06,2024-Q2,Petcare Diagnostics,Vetscan,True,E-commerce,National,National,1907450.91,105969
2024-07,2024-Q3,Petcare Diagnostics,Vetscan,True,Veterinary,Region,Northeast,2972201.39,165122
2024-07,2024-Q3,Petcare Diagnostics,Vetscan,True,Veterinary,Region,South,4454604.37,247478
2024-07,2024-Q3,Petcare Diagnostics,Vetscan,True,Veterinary,Region,Midwest,2773906.78,154106
2024-07,2024-Q3,Petcare Diagnostics,Vetscan,True,Veterinary,Region,West,3162981.42,175721
2024-07,2024-Q3,Petcare Diagnostics,Vetscan,True,Veterinary,National,National,13363693.96,742427
2024-07,2024-Q3,Petcare Diagnostics,Vetscan,True,Retail,Region,Northeast,116101.35,6450
2024-07,2024-Q3,Petcare Diagnostics,Vetscan,True,Retail,Region,South,176543.54,9808
2024-07,2024-Q3,Petcare Diagnostics,Vetscan,True,Retail,Region,Midwest,108081.76,6005
2024-07,2024-Q3,Petcare Diagnostics,Vetscan,True,Retail,Region,West,117533.78,6530
2024-07,2024-Q3,Petcare Diagnostics,Vetscan,True,Retail,National,National,518260.43,28792
2024-07,2024-Q3,Petcare Diagnostics,Vetscan,True,E-commerce,Region,Northeast,459266.17,25515
2024-07,2024-Q3,Petcare Diagnostics,Vetscan,True,E-commerce,Region,South,691469.64,38415
2024-07,2024-Q3,Petcare Diagnostics,Vetscan,True,E-commerce,Region,Midwest,409344.68,22741
2024-07,2024-Q3,Petcare Diagnostics,Vetscan,True,E-commerce,Region,West,459094.35,25505
2024-07,2024-Q3,Petcare Diagnostics,Vetscan,True,E-commerce,National,National,2019174.84,112176
2024-08,2024-Q3,Petcare Diagnostics,Vetscan,True,Veterinary,Region,Northeast,2705405.25,150300
2024-08,2024-Q3,Petcare Diagnostics,Vetscan,True,Veterinary,Region,South,4287744.39,238208
2024-08,2024-Q3,Petcare Diagnostics,Vetscan,True,Veterinary,Region,Midwest,2833350.32,157408
2024-08,2024-Q3,Petcare Diagnostics,Vetscan,True,Veterinary,Region,West,2851019.03,158390
2024-08,2024-Q3,Petcare Diagnostics,Vetscan,True,Veterinary,National,National,12677518.99,704307
2024-08,2024-Q3,Petcare Diagnostics,Vetscan,True,Retail,Region,Northeast,107358.9,5964
2024-08,2024-Q3,Petcare Diagnostics,Vetscan,True,Retail,Region,South,164953.4,9164
2024-08,2024-Q3,Petcare Diagnostics,Vetscan,True,Retail,Region,Midwest,103857.29,5770
2024-08,2024-Q3,Petcare Diagnostics,Vetscan,True,Retail,Region,West,107970.46,5998
2024-08,2024-Q3,Petcare Diagnostics,Vetscan,True,Retail,National,National,484140.05,26897
2024-08,2024-Q3,Petcare Diagnostics,Vetscan,True,E-commerce,Region,Northeast,433764.3,24098
2024-08,2024-Q3,Petcare Diagnostics,Vetscan,True,E-commerce,Region,South,687454.67,38192
2024-08,2024-Q3,Petcare Diagnostics,Vetscan,True,E-commerce,Region,Midwest,415928.79,23107
2024-08,2024-Q3,Petcare Diagnostics,Vetscan,True,E-commerce,Region,West,485867.52,26993
2024-08,2024-Q3,Petcare Diagnostics,Vetscan,True,E-commerce,National,National,2023015.28,112390
2024-09,2024-Q3,Petcare Diagnostics,Vetscan,True,Veterinary,Region,Northeast,2833384.74,157410
2024-09,2024-Q3,Petcare Diagnostics,Vetscan,True,Veterinary,Region,South,4142005.69,230111
2024-09,2024-Q3,Petcare Diagnostics,Vetscan,True,Veterinary,Region,Midwest,2683799.84,149100
2024-09,2024-Q3,Petcare Diagnostics,Vetscan,True,Veterinary,Region,West,3103978.01,172443
2024-09,2024-Q3,Petcare Diagnostics,Vetscan,True,Veterinary,National,National,12763168.27,709065
2024-09,2024-Q3,Petcare Diagnostics,Vetscan,True,Retail,Region,Northeast,100698.18,5594
2024-09,2024-Q3,Petcare Diagnostics,Vetscan,True,Retail,Region,South,150639.19,8369
2024-09,2024-Q3,Petcare Diagnostics,Vetscan,True,Retail,Region,Midwest,99568.5,5532
2024-09,2024-Q3,Petcare Diagnostics,Vetscan,True,Retail,Region,West,103948.14,5775
2024-09,2024-Q3,Petcare Diagnostics,Vetscan,True,Retail,National,National,454854.01,25270
2024-09,2024-Q3,Petcare Diagnostics,Vetscan,True,E-commerce,Region,Northeast,432562.8,24031
2024-09,2024-Q3,Petcare Diagnostics,Vetscan,True,E-commerce,Region,South,671861.01,37326
2024-09,2024-Q3,Petcare Diagnostics,Vetscan,True,E-commerce,Region,Midwest,414274.73,23015
2024-09,2024-Q3,Petcare Diagnostics,Vetscan,True,E-commerce,Region,West,477784.39,26544
2024-09,2024-Q3,Petcare Diagnostics,Vetscan,True,E-commerce,National,National,1996482.92,110916
2024-10,2024-Q4,Petcare Diagnostics,Vetscan,True,Veterinary,Region,Northeast,2621525.26,145640
2024-10,2024-Q4,Petcare Diagnostics,Vetscan,True,Veterinary,Region,South,4113462.32,228526
2024-10,2024-Q4,Petcare Diagnostics,Vetscan,True,Veterinary,Region,Midwest,2602166.76,144565
2024-10,2024-Q4,Petcare Diagnostics,Vetscan,True,Veterinary,Region,West,2889188.47,160510
2024-10,2024-Q4,Petcare Diagnostics,Vetscan,True,Veterinary,National,National,12226342.82,679241
2024-10,2024-Q4,Petcare Diagnostics,Vetscan,True,Retail,Region,Northeast,99262.99,5515
2024-10,2024-Q4,Petcare Diagnostics,Vetscan,True,Retail,Region,South,146460.75,8137
2024-10,2024-Q4,Petcare Diagnostics,Vetscan,True,Retail,Region,Midwest,94157.45,5231
2024-10,2024-Q4,Petcare Diagnostics,Vetscan,True,Retail,Region,West,97709.75,5428
2024-10,2024-Q4,Petcare Diagnostics,Vetscan,True,Retail,National,National,437590.94,24311
2024-10,2024-Q4,Petcare Diagnostics,Vetscan,True,E-commerce,Region,Northeast,476731.54,26485
2024-10,2024-Q4,Petcare Diagnostics,Vetscan,True,E-commerce,Region,South,713839.44,39658
2024-10,2024-Q4,Petcare Diagnostics,Vetscan,True,E-commerce,Region,Midwest,436298.33,24239
2024-10,2024-Q4,Petcare Diagnostics,Vetscan,True,E-commerce,Region,West,451483.77,25082
2024-10,2024-Q4,Petcare Diagnostics,Vetscan,True,E-commerce,National,National,2078353.08,115464
2024-11,2024-Q4,Petcare Diagnostics,Vetscan,True,Veterinary,Region,Northeast,2776706.89,154261
2024-11,2024-Q4,Petcare Diagnostics,Vetscan,True,Veterinary,Region,South,4272534.39,237363
2024-11,2024-Q4,Petcare Diagnostics,Vetscan,True,Veterinary,Region,Midwest,2622020.63,145668
2024-11,2024-Q4,Petcare Diagnostics,Vetscan,True,Veterinary,Region,West,2890701.77,160595
2024-11,2024-Q4,Petcare Diagnostics,Vetscan,True,Veterinary,National,National,12561963.68,697887
2024-11,2024-Q4,Petcare Diagnostics,Vetscan,True,Retail,Region,Northeast,98913.61,5495
2024-11,2024-Q4,Petcare Diagnostics,Vetscan,True,Retail,Region,South,152566.82,8476
2024-11,2024-Q4,Petcare Diagnostics,Vetscan,True,Retail,Region,Midwest,93184.88,5177
2024-11,2024-Q4,Petcare Diagnostics,Vetscan,True,Retail,Region,West,107627.21,5979
2024-11,2024-Q4,Petcare Diagnostics,Vetscan,True,Retail,National,National,452292.52,25127
2024-11,2024-Q4,Petcare Diagnostics,Vetscan,True,E-commerce,Region,Northeast,471916.08,26218
2024-11,2024-Q4,Petcare Diagnostics,Vetscan,True,E-commerce,Region,South,764212.64,42456
2024-11,2024-Q4,Petcare Diagnostics,Vetscan,True,E-commerce,Region,Midwest,449347.85,24964
2024-11,2024-Q4,Petcare Diagnostics,Vetscan,True,E-commerce,Region,West,521235.61,28958
2024-11,2024-Q4,Petcare Diagnostics,Vetscan,True,E-commerce,National,National,2206712.18,122595
2024-12,2024-Q4,Petcare Diagnostics,Vetscan,True,Veterinary,Region,Northeast,2864177.25,159121
2024-12,2024-Q4,Petcare Diagnostics,Vetscan,True,Veterinary,Region,South,4475436.04,248635
2024-12,2024-Q4,Petcare Diagnostics,Vetscan,True,Veterinary,Region,Midwest,2770649.82,153925
2024-12,2024-Q4,Petcare Diagnostics,Vetscan,True,Veterinary,Region,West,3025520.37,168084
2024-12,2024-Q4,Petcare Diagnostics,Vetscan,True,Veterinary,National,National,13135783.48,729766
2024-12,2024-Q4,Petcare Diagnostics,Vetscan,True,Retail,Region,Northeast,92012.18,5112
2024-12,2024-Q4,Petcare Diagnostics,Vetscan,True,Retail,Region,South,152266.17,8459
2024-12,2024-Q4,Petcare Diagnostics,Vetscan,True,Retail,Region,Midwest,96442.05,5358
2024-12,2024-Q4,Petcare Diagnostics,Vetscan,True,Retail,Region,West,103745.06,5764
2024-12,2024-Q4,Petcare Diagnostics,Vetscan,True,Retail,National,National,444465.46,24693
2024-12,2024-Q4,Petcare Diagnostics,Vetscan,True,E-commerce,Region,Northeast,508732.06,28263
2024-12,2024-Q4,Petcare Diagnostics,Vetscan,True,E-commerce,Region,South,839143.89,46619
2024-12,2024-Q4,Petcare Diagnostics,Vetscan,True,E-commerce,Region,Midwest,493058.09,27392
2024-12,2024-Q4,Petcare Diagnostics,Vetscan,True,E-commerce,Region,West,554893.63,30827
2024-12,2024-Q4,Petcare Diagnostics,Vetscan,True,E-commerce,National,National,2395827.68,133102
2025-01,2025-Q1,Petcare Diagnostics,Vetscan,True,Veterinary,Region,Northeast,3064312.86,170240
2025-01,2025-Q1,Petcare Diagnostics,Vetscan,True,Veterinary,Region,South,4322458.03,240137
2025-01,2025-Q1,Petcare Diagnostics,Vetscan,True,Veterinary,Region,Midwest,2736993.21,152055
2025-01,2025-Q1,Petcare Diagnostics,Vetscan,True,Veterinary,Region,West,3118985.43,173277
2025-01,2025-Q1,Petcare Diagnostics,Vetscan,True,Veterinary,National,National,13242749.53,735708
2025-01,2025-Q1,Petcare Diagnostics,Vetscan,True,Retail,Region,Northeast,95332.9,5296
2025-01,2025-Q1,Petcare Diagnostics,Vetscan,True,Retail,Region,South,146778.35,8154
2025-01,2025-Q1,Petcare Diagnostics,Vetscan,True,Retail,Region,Midwest,95791.97,5322
2025-01,2025-Q1,Petcare Diagnostics,Vetscan,True,Retail,Region,West,98696.21,5483
2025-01,2025-Q1,Petcare Diagnostics,Vetscan,True,Retail,National,National,436599.43,24256
2025-01,2025-Q1,Petcare Diagnostics,Vetscan,True,E-commerce,Region,Northeast,549686.71,30538
2025-01,2025-Q1,Petcare Diagnostics,Vetscan,True,E-commerce,Region,South,851214.28,47290
2025-01,2025-Q1,Petcare Diagnostics,Vetscan,True,E-commerce,Region,Midwest,516347.71,28686
2025-01,2025-Q1,Petcare Diagnostics,Vetscan,True,E-commerce,Region,West,529868.69,29437
2025-01,2025-Q1,Petcare Diagnostics,Vetscan,True,E-commerce,National,National,2447117.39,135951
2025-02,2025-Q1,Petcare Diagnostics,Vetscan,True,Veterinary,Region,Northeast,2842281.23,157905
2025-02,2025-Q1,Petcare Diagnostics,Vetscan,True,Veterinary,Region,South,4719266.23,262181
2025-02,2025-Q1,Petcare Diagnostics,Vetscan,True,Veterinary,Region,Midwest,2675213.98,148623
2025-02,2025-Q1,Petcare Diagnostics,Vetscan,True,Veterinary,Region,West,2992575.31,166254
2025-02,2025-Q1,Petcare Diagnostics,Vetscan,True,Veterinary,National,National,13229336.75,734963
2025-02,2025-Q1,Petcare Diagnostics,Vetscan,True,Retail,Region,Northeast,96541.54,5363
2025-02,2025-Q1,Petcare Diagnostics,Vetscan,True,Retail,Region,South,140606.78,7811
2025-02,2025-Q1,Petcare Diagnostics,Vetscan,True,Retail,Region,Midwest,88071.28,4893
2025-02,2025-Q1,Petcare Diagnostics,Vetscan,True,Retail,Region,West,95895.68,5328
2025-02,2025-Q1,Petcare Diagnostics,Vetscan,True,Retail,National,National,421115.28,23395
2025-02,2025-Q1,Petcare Diagnostics,Vetscan,True,E-commerce,Region,Northeast,533753.89,29653
2025-02,2025-Q1,Petcare Diagnostics,Vetscan,True,E-commerce,Region,South,824379.37,45799
2025-02,2025-Q1,Petcare Diagnostics,Vetscan,True,E-commerce,Region,Midwest,514748.08,28597
2025-02,2025-Q1,Petcare Diagnostics,Vetscan,True,E-commerce,Region,West,572271.28,31793
2025-02,2025-Q1,Petcare Diagnostics,Vetscan,True,E-commerce,National,National,2445152.62,135842
2025-03,2025-Q1,Petcare Diagnostics,Vetscan,True,Veterinary,Region,Northeast,2944873.63,163604
2025-03,2025-Q1,Petcare Diagnostics,Vetscan,True,Veterinary,Region,South,4655666.3,258648
2025-03,2025-Q1,Petcare Diagnostics,Vetscan,True,Veterinary,Region,Midwest,2955977.05,164221
2025-03,2025-Q1,Petcare Diagnostics,Vetscan,True,Veterinary,Region,West,3346282.72,185905
2025-03,2025-Q1,Petcare Diagnostics,Vetscan,True,Veterinary,National,National,13902799.7,772378
2025-03,2025-Q1,Petcare Diagnostics,Vetscan,True,Retail,Region,Northeast,89966.68,4998
2025-03,2025-Q1,Petcare Diagnostics,Vetscan,True,Retail,Region,South,143283.26,7960
2025-03,2025-Q1,Petcare Diagnostics,Vetscan,True,Retail,Region,Midwest,85163.87,4731
2025-03,2025-Q1,Petcare Diagnostics,Vetscan,True,Retail,Region,West,94322.53,5240
2025-03,2025-Q1,Petcare Diagnostics,Vetscan,True,Retail,National,National,412736.34,22930
2025-03,2025-Q1,Petcare Diagnostics,Vetscan,True,E-commerce,Region,Northeast,558128.4,31007
2025-03,2025-Q1,Petcare Diagnostics,Vetscan,True,E-commerce,Region,South,956610.43,53145
2025-03,2025-Q1,Petcare Diagnostics,Vetscan,True,E-commerce,Region,Midwest,554570.02,30809
2025-03,2025-Q1,Petcare Diagnostics,Vetscan,True,E-commerce,Region,West,632963.24,35165
2025-03,2025-Q1,Petcare Diagnostics,Vetscan,True,E-commerce,National,National,2702272.09,150126
2025-04,2025-Q2,Petcare Diagnostics,Vetscan,True,Veterinary,Region,Northeast,2783353.74,154631
2025-04,2025-Q2,Petcare Diagnostics,Vetscan,True,Veterinary,Region,South,4864174.67,270232
2025-04,2025-Q2,Petcare Diagnostics,Vetscan,True,Veterinary,Region,Midwest,2719365.68,151076
2025-04,2025-Q2,Petcare Diagnostics,Vetscan,True,Veterinary,Region,West,3032991.26,168500
2025-04,2025-Q2,Petcare Diagnostics,Vetscan,True,Veterinary,National,National,13399885.35,744438
2025-04,2025-Q2,Petcare Diagnostics,Vetscan,True,Retail,Region,Northeast,92370.17,5132
2025-04,2025-Q2,Petcare Diagnostics,Vetscan,True,Retail,Region,South,138152.27,7675
2025-04,2025-Q2,Petcare Diagnostics,Vetscan,True,Retail,Region,Midwest,84626.06,4701
2025-04,2025-Q2,Petcare Diagnostics,Vetscan,True,Retail,Region,West,96938.45,5385
2025-04,2025-Q2,Petcare Diagnostics,Vetscan,True,Retail,National,National,412086.95,22894
2025-04,2025-Q2,Petcare Diagnostics,Vetscan,True,E-commerce,Region,Northeast,601573.45,33421
2025-04,2025-Q2,Petcare Diagnostics,Vetscan,True,E-commerce,Region,South,960181.98,53343
2025-04,2025-Q2,Petcare Diagnostics,Vetscan,True,E-commerce,Region,Midwest,557652.7,30981
2025-04,2025-Q2,Petcare Diagnostics,Vetscan,True,E-commerce,Region,West,661454.35,36747
2025-04,2025-Q2,Petcare Diagnostics,Vetscan,True,E-commerce,National,National,2780862.49,154492
2025-05,2025-Q2,Petcare Diagnostics,Vetscan,True,Veterinary,Region,Northeast,3026519.69,168140
2025-05,2025-Q2,Petcare Diagnostics,Vetscan,True,Veterinary,Region,South,4552139.3,252897
2025-05,2025-Q2,Petcare Diagnostics,Vetscan,True,Veterinary,Region,Midwest,2803420.11,155746
2025-05,2025-Q2,Petcare Diagnostics,Vetscan,True,Veterinary,Region,West,3120797.59,173378
2025-05,2025-Q2,Petcare Diagnostics,Vetscan,True,Veterinary,National,National,13502876.69,750160
2025-05,2025-Q2,Petcare Diagnostics,Vetscan,True,Retail,Region,Northeast,89073.75,4949
2025-05,2025-Q2,Petcare Diagnostics,Vetscan,True,Retail,Region,South,132988.2,7388
2025-05,2025-Q2,Petcare Diagnostics,Vetscan,True,Retail,Region,Midwest,83230.54,4624
2025-05,2025-Q2,Petcare Diagnostics,Vetscan,True,Retail,Region,West,89345.9,4964
2025-05,2025-Q2,Petcare Diagnostics,Vetscan,True,Retail,National,National,394638.39,21924
2025-05,2025-Q2,Petcare Diagnostics,Vetscan,True,E-commerce,Region,Northeast,652415.8,36245
2025-05,2025-Q2,Petcare Diagnostics,Vetscan,True,E-commerce,Region,South,927142.25,51508
2025-05,2025-Q2,Petcare Diagnostics,Vetscan,True,E-commerce,Region,Midwest,568845.06,31603
2025-05,2025-Q2,Petcare Diagnostics,Vetscan,True,E-commerce,Region,West,683851.18,37992
2025-05,2025-Q2,Petcare Diagnostics,Vetscan,True,E-commerce,National,National,2832254.29,157347
2025-06,2025-Q2,Petcare Diagnostics,Vetscan,True,Veterinary,Region,Northeast,3014528.11,167474
2025-06,2025-Q2,Petcare Diagnostics,Vetscan,True,Veterinary,Region,South,4428089.09,246005
2025-06,2025-Q2,Petcare Diagnostics,Vetscan,True,Veterinary,Region,Midwest,2771918.59,153995
2025-06,2025-Q2,Petcare Diagnostics,Vetscan,True,Veterinary,Region,West,3025891.87,168105
2025-06,2025-Q2,Petcare Diagnostics,Vetscan,True,Veterinary,National,National,13240427.66,735579
2025-06,2025-Q2,Petcare Diagnostics,Vetscan,True,Retail,Region,Northeast,78145.98,4341
2025-06,2025-Q2,Petcare Diagnostics,Vetscan,True,Retail,Region,South,125115.66,6951
2025-06,2025-Q2,Petcare Diagnostics,Vetscan,True,Retail,Region,Midwest,80746.19,4486
2025-06,2025-Q2,Petcare Diagnostics,Vetscan,True,Retail,Region,West,86392.68,4800
2025-06,2025-Q2,Petcare Diagnostics,Vetscan,True,Retail,National,National,370400.51,20578
2025-06,2025-Q2,Petcare Diagnostics,Vetscan,True,E-commerce,Region,Northeast,601088.37,33394
2025-06,2025-Q2,Petcare Diagnostics,Vetscan,True,E-commerce,Region,South,984547.77,54697
2025-06,2025-Q2,Petcare Diagnostics,Vetscan,True,E-commerce,Region,Midwest,565678.38,31427
2025-06,2025-Q2,Petcare Diagnostics,Vetscan,True,E-commerce,Region,West,637926.56,35440
2025-06,2025-Q2,Petcare Diagnostics,Vetscan,True,E-commerce,National,National,2789241.09,154958
2025-07,2025-Q3,Petcare Diagnostics,Vetscan,True,Veterinary,Region,Northeast,3046128.37,169229
2025-07,2025-Q3,Petcare Diagnostics,Vetscan,True,Veterinary,Region,South,4349734.94,241652
2025-07,2025-Q3,Petcare Diagnostics,Vetscan,True,Veterinary,Region,Midwest,2891437.25,160635
2025-07,2025-Q3,Petcare Diagnostics,Vetscan,True,Veterinary,Region,West,3032076.21,168449
2025-07,2025-Q3,Petcare Diagnostics,Vetscan,True,Veterinary,National,National,13319376.78,739965
2025-07,2025-Q3,Petcare Diagnostics,Vetscan,True,Retail,Region,Northeast,74884.18,4160
2025-07,2025-Q3,Petcare Diagnostics,Vetscan,True,Retail,Region,South,125355.3,6964
2025-07,2025-Q3,Petcare Diagnostics,Vetscan,True,Retail,Region,Midwest,74236.51,4124
2025-07,2025-Q3,Petcare Diagnostics,Vetscan,True,Retail,Region,West,77386.5,4299
2025-07,2025-Q3,Petcare Diagnostics,Vetscan,True,Retail,National,National,351862.49,19548
2025-07,2025-Q3,Petcare Diagnostics,Vetscan,True,E-commerce,Region,Northeast,661868.68,36770
2025-07,2025-Q3,Petcare Diagnostics,Vetscan,True,E-commerce,Region,South,948464.37,52692
2025-07,2025-Q3,Petcare Diagnostics,Vetscan,True,E-commerce,Region,Midwest,610039.41,33891
2025-07,2025-Q3,Petcare Diagnostics,Vetscan,True,E-commerce,Region,West,652962.25,36276
2025-07,2025-Q3,Petcare Diagnostics,Vetscan,True,E-commerce,National,National,2873334.71,159630
2025-08,2025-Q3,Petcare Diagnostics,Vetscan,True,Veterinary,Region,Northeast,2905287.5,161405
2025-08,2025-Q3,Petcare Diagnostics,Vetscan,True,Veterinary,Region,South,4430768.41,246154
2025-08,2025-Q3,Petcare Diagnostics,Vetscan,True,Veterinary,Region,Midwest,2564005.43,142445
2025-08,2025-Q3,Petcare Diagnostics,Vetscan,True,Veterinary,Region,West,2921366.55,162298
2025-08,2025-Q3,Petcare Diagnostics,Vetscan,True,Veterinary,National,National,12821427.89,712302
2025-08,2025-Q3,Petcare Diagnostics,Vetscan,True,Retail,Region,Northeast,72797.27,4044
2025-08,2025-Q3,Petcare Diagnostics,Vetscan,True,Retail,Region,South,116844.19,6491
2025-08,2025-Q3,Petcare Diagnostics,Vetscan,True,Retail,Region,Midwest,70304.72,3906
2025-08,2025-Q3,Petcare Diagnostics,Vetscan,True,Retail,Region,West,73193.85,4066
2025-08,2025-Q3,Petcare Diagnostics,Vetscan,True,Retail,National,National,333140.03,18508
2025-08,2025-Q3,Petcare Diagnostics,Vetscan,True,E-commerce,Region,Northeast,611234.83,33957
2025-08,2025-Q3,Petcare Diagnostics,Vetscan,True,E-commerce,Region,South,1002271.1,55682
2025-08,2025-Q3,Petcare Diagnostics,Vetscan,True,E-commerce,Region,Midwest,620864.32,34492
2025-08,2025-Q3,Petcare Diagnostics,Vetscan,True,E-commerce,Region,West,652785.73,36266
2025-08,2025-Q3,Petcare Diagnostics,Vetscan,True,E-commerce,National,National,2887155.98,160398
2025-09,2025-Q3,Petcare Diagnostics,Vetscan,True,Veterinary,Region,Northeast,2818131.94,156563
2025-09,2025-Q3,Petcare Diagnostics,Vetscan,True,Veterinary,Region,South,4326974.04,240387
2025-09,2025-Q3,Petcare Diagnostics,Vetscan,True,Veterinary,Region,Midwest,2440476.05,135582
2025-09,2025-Q3,Petcare Diagnostics,Vetscan,True,Veterinary,Region,West,2878237.21,159902
2025-09,2025-Q3,Petcare Diagnostics,Vetscan,True,Veterinary,National,National,12463819.24,692434
2025-09,2025-Q3,Petcare Diagnostics,Vetscan,True,Retail,Region,Northeast,70598.09,3922
2025-09,2025-Q3,Petcare Diagnostics,Vetscan,True,Retail,Region,South,101735.01,5652
2025-09,2025-Q3,Petcare Diagnostics,Vetscan,True,Retail,Region,Midwest,67482.23,3749
2025-09,2025-Q3,Petcare Diagnostics,Vetscan,True,Retail,Region,West,69331.37,3852
2025-09,2025-Q3,Petcare Diagnostics,Vetscan,True,Retail,National,National,309146.7,17175
2025-09,2025-Q3,Petcare Diagnostics,Vetscan,True,E-commerce,Region,Northeast,648256.03,36014
2025-09,2025-Q3,Petcare Diagnostics,Vetscan,True,E-commerce,Region,South,969669.1,53871
2025-09,2025-Q3,Petcare Diagnostics,Vetscan,True,E-commerce,Region,Midwest,584733.7,32485
2025-09,2025-Q3,Petcare Diagnostics,Vetscan,True,E-commerce,Region,West,677493.48,37639
2025-09,2025-Q3,Petcare Diagnostics,Vetscan,True,E-commerce,National,National,2880152.31,160008
2025-10,2025-Q4,Petcare Diagnostics,Vetscan,True,Veterinary,Region,Northeast,2917667.76,162093
2025-10,2025-Q4,Petcare Diagnostics,Vetscan,True,Veterinary,Region,South,4419846.09,245547
2025-10,2025-Q4,Petcare Diagnostics,Vetscan,True,Veterinary,Region,Midwest,2536547.52,140919
2025-10,2025-Q4,Petcare Diagnostics,Vetscan,True,Veterinary,Region,West,2945821.06,163657
2025-10,2025-Q4,Petcare Diagnostics,Vetscan,True,Veterinary,National,National,12819882.44,712216
2025-10,2025-Q4,Petcare Diagnostics,Vetscan,True,Retail,Region,Northeast,68405.87,3800
2025-10,2025-Q4,Petcare Diagnostics,Vetscan,True,Retail,Region,South,105309.32,5851
2025-10,2025-Q4,Petcare Diagnostics,Vetscan,True,Retail,Region,Midwest,66969.3,3721
2025-10,2025-Q4,Petcare Diagnostics,Vetscan,True,Retail,Region,West,73540.73,4086
2025-10,2025-Q4,Petcare Diagnostics,Vetscan,True,Retail,National,National,314225.21,17457
2025-10,2025-Q4,Petcare Diagnostics,Vetscan,True,E-commerce,Region,Northeast,649680.13,36093
2025-10,2025-Q4,Petcare Diagnostics,Vetscan,True,E-commerce,Region,South,1037743.43,57652
2025-10,2025-Q4,Petcare Diagnostics,Vetscan,True,E-commerce,Region,Midwest,679222.46,37735
2025-10,2025-Q4,Petcare Diagnostics,Vetscan,True,E-commerce,Region,West,720527.97,40029
2025-10,2025-Q4,Petcare Diagnostics,Vetscan,True,E-commerce,National,National,3087173.99,171510
2025-11,2025-Q4,Petcare Diagnostics,Vetscan,True,Veterinary,Region,Northeast,2655427.05,147524
2025-11,2025-Q4,Petcare Diagnostics,Vetscan,True,Veterinary,Region,South,4099777.14,227765
2025-11,2025-Q4,Petcare Diagnostics,Vetscan,True,Veterinary,Region,Midwest,2708508.18,150473
2025-11,2025-Q4,Petcare Diagnostics,Vetscan,True,Veterinary,Region,West,2899814.72,161101
2025-11,2025-Q4,Petcare Diagnostics,Vetscan,True,Veterinary,National,National,12363527.09,686863
2025-11,2025-Q4,Petcare Diagnostics,Vetscan,True,Retail,Region,Northeast,63105.05,3506
2025-11,2025-Q4,Petcare Diagnostics,Vetscan,True,Retail,Region,South,96359.74,5353
2025-11,2025-Q4,Petcare Diagnostics,Vetscan,True,Retail,Region,Midwest,59006.35,3278
2025-11,2025-Q4,Petcare Diagnostics,Vetscan,True,Retail,Region,West,67565.33,3754
2025-11,2025-Q4,Petcare Diagnostics,Vetscan,True,Retail,National,National,286036.47,15891
2025-11,2025-Q4,Petcare Diagnostics,Vetscan,True,E-commerce,Region,Northeast,678023.45,37668
2025-11,2025-Q4,Petcare Diagnostics,Vetscan,True,E-commerce,Region,South,1062282.53,59016
2025-11,2025-Q4,Petcare Diagnostics,Vetscan,True,E-commerce,Region,Midwest,615923.72,34218
2025-11,2025-Q4,Petcare Diagnostics,Vetscan,True,E-commerce,Region,West,747521.61,41529
2025-11,2025-Q4,Petcare Diagnostics,Vetscan,True,E-commerce,National,National,3103751.31,172431
2025-12,2025-Q4,Petcare Diagnostics,Vetscan,True,Veterinary,Region,Northeast,3041948.58,168997
2025-12,2025-Q4,Petcare Diagnostics,Vetscan,True,Veterinary,Region,South,4272921.73,237385
2025-12,2025-Q4,Petcare Diagnostics,Vetscan,True,Veterinary,Region,Midwest,2888478.35,160471
2025-12,2025-Q4,Petcare Diagnostics,Vetscan,True,Veterinary,Region,West,2948736.52,163819
2025-12,2025-Q4,Petcare Diagnostics,Vetscan,True,Veterinary,National,National,13152085.18,730671
2025-12,2025-Q4,Petcare Diagnostics,Vetscan,True,Retail,Region,Northeast,65035.95,3613
2025-12,2025-Q4,Petcare Diagnostics,Vetscan,True,Retail,Region,South,102694.11,5705
2025-12,2025-Q4,Petcare Diagnostics,Vetscan,True,Retail,Region,Midwest,63261.15,3515
2025-12,2025-Q4,Petcare Diagnostics,Vetscan,True,Retail,Region,West,68590.42,3811
2025-12,2025-Q4,Petcare Diagnostics,Vetscan,True,Retail,National,National,299581.63,16643
2025-12,2025-Q4,Petcare Diagnostics,Vetscan,True,E-commerce,Region,Northeast,777357.38,43187
2025-12,2025-Q4,Petcare Diagnostics,Vetscan,True,E-commerce,Region,South,1143752.47,63542
2025-12,2025-Q4,Petcare Diagnostics,Vetscan,True,E-commerce,Region,Midwest,685923.61,38107
2025-12,2025-Q4,Petcare Diagnostics,Vetscan,True,E-commerce,Region,West,757707.64,42095
2025-12,2025-Q4,Petcare Diagnostics,Vetscan,True,E-commerce,National,National,3364741.11,186930
2026-01,2026-Q1,Petcare Diagnostics,Vetscan,True,Veterinary,Region,Northeast,3033868.21,168548
2026-01,2026-Q1,Petcare Diagnostics,Vetscan,True,Veterinary,Region,South,4427799.19,245989
2026-01,2026-Q1,Petcare Diagnostics,Vetscan,True,Veterinary,Region,Midwest,2893973.88,160776
2026-01,2026-Q1,Petcare Diagnostics,Vetscan,True,Veterinary,Region,West,3091639.76,171758
2026-01,2026-Q1,Petcare Diagnostics,Vetscan,True,Veterinary,National,National,13447281.03,747071
2026-01,2026-Q1,Petcare Diagnostics,Vetscan,True,Retail,Region,Northeast,60600.4,3367
2026-01,2026-Q1,Petcare Diagnostics,Vetscan,True,Retail,Region,South,92304.32,5128
2026-01,2026-Q1,Petcare Diagnostics,Vetscan,True,Retail,Region,Midwest,57825.34,3213
2026-01,2026-Q1,Petcare Diagnostics,Vetscan,True,Retail,Region,West,64829.63,3602
2026-01,2026-Q1,Petcare Diagnostics,Vetscan,True,Retail,National,National,275559.69,15309
2026-01,2026-Q1,Petcare Diagnostics,Vetscan,True,E-commerce,Region,Northeast,752903.85,41828
2026-01,2026-Q1,Petcare Diagnostics,Vetscan,True,E-commerce,Region,South,1196904.64,66495
2026-01,2026-Q1,Petcare Diagnostics,Vetscan,True,E-commerce,Region,Midwest,687952.61,38220
2026-01,2026-Q1,Petcare Diagnostics,Vetscan,True,E-commerce,Region,West,756840.38,42047
2026-01,2026-Q1,Petcare Diagnostics,Vetscan,True,E-commerce,National,National,3394601.48,188589
2026-02,2026-Q1,Petcare Diagnostics,Vetscan,True,Veterinary,Region,Northeast,3073347.8,170742
2026-02,2026-Q1,Petcare Diagnostics,Vetscan,True,Veterinary,Region,South,4577566.76,254309
2026-02,2026-Q1,Petcare Diagnostics,Vetscan,True,Veterinary,Region,Midwest,2842355.85,157909
2026-02,2026-Q1,Petcare Diagnostics,Vetscan,True,Veterinary,Region,West,3164774.72,175821
2026-02,2026-Q1,Petcare Diagnostics,Vetscan,True,Veterinary,National,National,13658045.12,758780
2026-02,2026-Q1,Petcare Diagnostics,Vetscan,True,Retail,Region,Northeast,59858.15,3325
2026-02,2026-Q1,Petcare Diagnostics,Vetscan,True,Retail,Region,South,89268.77,4959
2026-02,2026-Q1,Petcare Diagnostics,Vetscan,True,Retail,Region,Midwest,53634.94,2980
2026-02,2026-Q1,Petcare Diagnostics,Vetscan,True,Retail,Region,West,60710.73,3373
2026-02,2026-Q1,Petcare Diagnostics,Vetscan,True,Retail,National,National,263472.59,14637
2026-02,2026-Q1,Petcare Diagnostics,Vetscan,True,E-commerce,Region,Northeast,743482.15,41305
2026-02,2026-Q1,Petcare Diagnostics,Vetscan,True,E-commerce,Region,South,1201817.65,66768
2026-02,2026-Q1,Petcare Diagnostics,Vetscan,True,E-commerce,Region,Midwest,726692.52,40372
2026-02,2026-Q1,Petcare Diagnostics,Vetscan,True,E-commerce,Region,West,821659.58,45648
2026-02,2026-Q1,Petcare Diagnostics,Vetscan,True,E-commerce,National,National,3493651.9,194092
2026-03,2026-Q1,Petcare Diagnostics,Vetscan,True,Veterinary,Region,Northeast,3075018.97,170834
2026-03,2026-Q1,Petcare Diagnostics,Vetscan,True,Veterinary,Region,South,4896255.63,272014
2026-03,2026-Q1,Petcare Diagnostics,Vetscan,True,Veterinary,Region,Midwest,3220212.25,178901
2026-03,2026-Q1,Petcare Diagnostics,Vetscan,True,Veterinary,Region,West,3070380.32,170577
2026-03,2026-Q1,Petcare Diagnostics,Vetscan,True,Veterinary,National,National,14261867.16,792326
2026-03,2026-Q1,Petcare Diagnostics,Vetscan,True,Retail,Region,Northeast,62380.97,3466
2026-03,2026-Q1,Petcare Diagnostics,Vetscan,True,Retail,Region,South,87242.1,4847
2026-03,2026-Q1,Petcare Diagnostics,Vetscan,True,Retail,Region,Midwest,53249.29,2958
2026-03,2026-Q1,Petcare Diagnostics,Vetscan,True,Retail,Region,West,59037.73,3280
2026-03,2026-Q1,Petcare Diagnostics,Vetscan,True,Retail,National,National,261910.09,14551
2026-03,2026-Q1,Petcare Diagnostics,Vetscan,True,E-commerce,Region,Northeast,851800.37,47322
2026-03,2026-Q1,Petcare Diagnostics,Vetscan,True,E-commerce,Region,South,1296398.16,72022
2026-03,2026-Q1,Petcare Diagnostics,Vetscan,True,E-commerce,Region,Midwest,780768.52,43376
2026-03,2026-Q1,Petcare Diagnostics,Vetscan,True,E-commerce,Region,West,856180.5,47566
2026-03,2026-Q1,Petcare Diagnostics,Vetscan,True,E-commerce,National,National,3785147.54,210286
2024-04,2024-Q2,Petcare Diagnostics,DiagnosTech Vet,False,Veterinary,Region,Northeast,2353864.59,138463
2024-04,2024-Q2,Petcare Diagnostics,DiagnosTech Vet,False,Veterinary,Region,South,3708924.05,218172
2024-04,2024-Q2,Petcare Diagnostics,DiagnosTech Vet,False,Veterinary,Region,Midwest,2190784.27,128870
2024-04,2024-Q2,Petcare Diagnostics,DiagnosTech Vet,False,Veterinary,Region,West,2368671.49,139334
2024-04,2024-Q2,Petcare Diagnostics,DiagnosTech Vet,False,Veterinary,National,National,10622244.4,624838
2024-04,2024-Q2,Petcare Diagnostics,DiagnosTech Vet,False,Retail,Region,Northeast,171504.0,10088
2024-04,2024-Q2,Petcare Diagnostics,DiagnosTech Vet,False,Retail,Region,South,249518.68,14678
2024-04,2024-Q2,Petcare Diagnostics,DiagnosTech Vet,False,Retail,Region,Midwest,165307.06,9724
2024-04,2024-Q2,Petcare Diagnostics,DiagnosTech Vet,False,Retail,Region,West,183429.36,10790
2024-04,2024-Q2,Petcare Diagnostics,DiagnosTech Vet,False,Retail,National,National,769759.1,45280
2024-04,2024-Q2,Petcare Diagnostics,DiagnosTech Vet,False,E-commerce,Region,Northeast,400260.49,23545
2024-04,2024-Q2,Petcare Diagnostics,DiagnosTech Vet,False,E-commerce,Region,South,616042.01,36238
2024-04,2024-Q2,Petcare Diagnostics,DiagnosTech Vet,False,E-commerce,Region,Midwest,399341.55,23491
2024-04,2024-Q2,Petcare Diagnostics,DiagnosTech Vet,False,E-commerce,Region,West,427119.49,25125
2024-04,2024-Q2,Petcare Diagnostics,DiagnosTech Vet,False,E-commerce,National,National,1842763.54,108398
2024-05,2024-Q2,Petcare Diagnostics,DiagnosTech Vet,False,Veterinary,Region,Northeast,2390161.54,140598
2024-05,2024-Q2,Petcare Diagnostics,DiagnosTech Vet,False,Veterinary,Region,South,3654607.11,214977
2024-05,2024-Q2,Petcare Diagnostics,DiagnosTech Vet,False,Veterinary,Region,Midwest,2336167.67,137422
2024-05,2024-Q2,Petcare Diagnostics,DiagnosTech Vet,False,Veterinary,Region,West,2360509.51,138854
2024-05,2024-Q2,Petcare Diagnostics,DiagnosTech Vet,False,Veterinary,National,National,10741445.82,631850
2024-05,2024-Q2,Petcare Diagnostics,DiagnosTech Vet,False,Retail,Region,Northeast,174633.64,10273
2024-05,2024-Q2,Petcare Diagnostics,DiagnosTech Vet,False,Retail,Region,South,251638.13,14802
2024-05,2024-Q2,Petcare Diagnostics,DiagnosTech Vet,False,Retail,Region,Midwest,164747.42,9691
2024-05,2024-Q2,Petcare Diagnostics,DiagnosTech Vet,False,Retail,Region,West,193725.53,11396
2024-05,2024-Q2,Petcare Diagnostics,DiagnosTech Vet,False,Retail,National,National,784744.72,46161
2024-05,2024-Q2,Petcare Diagnostics,DiagnosTech Vet,False,E-commerce,Region,Northeast,410266.43,24133
2024-05,2024-Q2,Petcare Diagnostics,DiagnosTech Vet,False,E-commerce,Region,South,637637.16,37508
2024-05,2024-Q2,Petcare Diagnostics,DiagnosTech Vet,False,E-commerce,Region,Midwest,406401.13,23906
2024-05,2024-Q2,Petcare Diagnostics,DiagnosTech Vet,False,E-commerce,Region,West,457660.87,26921
2024-05,2024-Q2,Petcare Diagnostics,DiagnosTech Vet,False,E-commerce,National,National,1911965.6,112469
2024-06,2024-Q2,Petcare Diagnostics,DiagnosTech Vet,False,Veterinary,Region,Northeast,2291686.04,134805
2024-06,2024-Q2,Petcare Diagnostics,DiagnosTech Vet,False,Veterinary,Region,South,3783783.68,222576
2024-06,2024-Q2,Petcare Diagnostics,DiagnosTech Vet,False,Veterinary,Region,Midwest,2219922.89,130584
2024-06,2024-Q2,Petcare Diagnostics,DiagnosTech Vet,False,Veterinary,Region,West,2518765.7,148163
2024-06,2024-Q2,Petcare Diagnostics,DiagnosTech Vet,False,Veterinary,National,National,10814158.3,636127
2024-06,2024-Q2,Petcare Diagnostics,DiagnosTech Vet,False,Retail,Region,Northeast,179331.7,10549
2024-06,2024-Q2,Petcare Diagnostics,DiagnosTech Vet,False,Retail,Region,South,256704.2,15100
2024-06,2024-Q2,Petcare Diagnostics,DiagnosTech Vet,False,Retail,Region,Midwest,156043.93,9179
2024-06,2024-Q2,Petcare Diagnostics,DiagnosTech Vet,False,Retail,Region,West,181806.15,10694
2024-06,2024-Q2,Petcare Diagnostics,DiagnosTech Vet,False,Retail,National,National,773885.97,45523
2024-06,2024-Q2,Petcare Diagnostics,DiagnosTech Vet,False,E-commerce,Region,Northeast,439256.06,25839
2024-06,2024-Q2,Petcare Diagnostics,DiagnosTech Vet,False,E-commerce,Region,South,675770.41,39751
2024-06,2024-Q2,Petcare Diagnostics,DiagnosTech Vet,False,E-commerce,Region,Midwest,420314.6,24724
2024-06,2024-Q2,Petcare Diagnostics,DiagnosTech Vet,False,E-commerce,Region,West,455295.46,26782
2024-06,2024-Q2,Petcare Diagnostics,DiagnosTech Vet,False,E-commerce,National,National,1990636.53,117096
2024-07,2024-Q3,Petcare Diagnostics,DiagnosTech Vet,False,Veterinary,Region,Northeast,2106148.46,123891
2024-07,2024-Q3,Petcare Diagnostics,DiagnosTech Vet,False,Veterinary,Region,South,3714547.53,218503
2024-07,2024-Q3,Petcare Diagnostics,DiagnosTech Vet,False,Veterinary,Region,Midwest,2227190.32,131011
2024-07,2024-Q3,Petcare Diagnostics,DiagnosTech Vet,False,Veterinary,Region,West,2411245.97,141838
2024-07,2024-Q3,Petcare Diagnostics,DiagnosTech Vet,False,Veterinary,National,National,10459132.28,615243
2024-07,2024-Q3,Petcare Diagnostics,DiagnosTech Vet,False,Retail,Region,Northeast,163368.0,9610
2024-07,2024-Q3,Petcare Diagnostics,DiagnosTech Vet,False,Retail,Region,South,269699.77,15865
2024-07,2024-Q3,Petcare Diagnostics,DiagnosTech Vet,False,Retail,Region,Midwest,155047.75,9120
2024-07,2024-Q3,Petcare Diagnostics,DiagnosTech Vet,False,Retail,Region,West,176510.73,10383
2024-07,2024-Q3,Petcare Diagnostics,DiagnosTech Vet,False,Retail,National,National,764626.25,44978
2024-07,2024-Q3,Petcare Diagnostics,DiagnosTech Vet,False,E-commerce,Region,Northeast,464087.89,27299
2024-07,2024-Q3,Petcare Diagnostics,DiagnosTech Vet,False,E-commerce,Region,South,659123.28,38772
2024-07,2024-Q3,Petcare Diagnostics,DiagnosTech Vet,False,E-commerce,Region,Midwest,432436.48,25437
2024-07,2024-Q3,Petcare Diagnostics,DiagnosTech Vet,False,E-commerce,Region,West,473546.3,27856
2024-07,2024-Q3,Petcare Diagnostics,DiagnosTech Vet,False,E-commerce,National,National,2029193.95,119364
2024-08,2024-Q3,Petcare Diagnostics,DiagnosTech Vet,False,Veterinary,Region,Northeast,2179567.02,128210
2024-08,2024-Q3,Petcare Diagnostics,DiagnosTech Vet,False,Veterinary,Region,South,3476095.56,204476
2024-08,2024-Q3,Petcare Diagnostics,DiagnosTech Vet,False,Veterinary,Region,Midwest,2175677.31,127981
2024-08,2024-Q3,Petcare Diagnostics,DiagnosTech Vet,False,Veterinary,Region,West,2290056.01,134709
2024-08,2024-Q3,Petcare Diagnostics,DiagnosTech Vet,False,Veterinary,National,National,10121395.89,595376
2024-08,2024-Q3,Petcare Diagnostics,DiagnosTech Vet,False,Retail,Region,Northeast,168868.09,9933
2024-08,2024-Q3,Petcare Diagnostics,DiagnosTech Vet,False,Retail,Region,South,237251.73,13956
2024-08,2024-Q3,Petcare Diagnostics,DiagnosTech Vet,False,Retail,Region,Midwest,148621.4,8742
2024-08,2024-Q3,Petcare Diagnostics,DiagnosTech Vet,False,Retail,Region,West,172153.16,10127
2024-08,2024-Q3,Petcare Diagnostics,DiagnosTech Vet,False,Retail,National,National,726894.39,42758
2024-08,2024-Q3,Petcare Diagnostics,DiagnosTech Vet,False,E-commerce,Region,Northeast,439693.9,25864
2024-08,2024-Q3,Petcare Diagnostics,DiagnosTech Vet,False,E-commerce,Region,South,664749.11,39103
2024-08,2024-Q3,Petcare Diagnostics,DiagnosTech Vet,False,E-commerce,Region,Midwest,416794.72,24517
2024-08,2024-Q3,Petcare Diagnostics,DiagnosTech Vet,False,E-commerce,Region,West,483711.31,28454
2024-08,2024-Q3,Petcare Diagnostics,DiagnosTech Vet,False,E-commerce,National,National,2004949.05,117938
2024-09,2024-Q3,Petcare Diagnostics,DiagnosTech Vet,False,Veterinary,Region,Northeast,2126549.17,125091
2024-09,2024-Q3,Petcare Diagnostics,DiagnosTech Vet,False,Veterinary,Region,South,3190455.81,187674
2024-09,2024-Q3,Petcare Diagnostics,DiagnosTech Vet,False,Veterinary,Region,Midwest,2181381.78,128317
2024-09,2024-Q3,Petcare Diagnostics,DiagnosTech Vet,False,Veterinary,Region,West,2303609.95,135506
2024-09,2024-Q3,Petcare Diagnostics,DiagnosTech Vet,False,Veterinary,National,National,9801996.7,576588
2024-09,2024-Q3,Petcare Diagnostics,DiagnosTech Vet,False,Retail,Region,Northeast,153571.81,9034
2024-09,2024-Q3,Petcare Diagnostics,DiagnosTech Vet,False,Retail,Region,South,233841.0,13755
2024-09,2024-Q3,Petcare Diagnostics,DiagnosTech Vet,False,Retail,Region,Midwest,139242.85,8191
2024-09,2024-Q3,Petcare Diagnostics,DiagnosTech Vet,False,Retail,Region,West,156167.88,9186
2024-09,2024-Q3,Petcare Diagnostics,DiagnosTech Vet,False,Retail,National,National,682823.54,40166
2024-09,2024-Q3,Petcare Diagnostics,DiagnosTech Vet,False,E-commerce,Region,Northeast,456122.32,26831
2024-09,2024-Q3,Petcare Diagnostics,DiagnosTech Vet,False,E-commerce,Region,South,688274.52,40487
2024-09,2024-Q3,Petcare Diagnostics,DiagnosTech Vet,False,E-commerce,Region,Midwest,452802.75,26635
2024-09,2024-Q3,Petcare Diagnostics,DiagnosTech Vet,False,E-commerce,Region,West,485626.5,28566
2024-09,2024-Q3,Petcare Diagnostics,DiagnosTech Vet,False,E-commerce,National,National,2082826.09,122519
2024-10,2024-Q4,Petcare Diagnostics,DiagnosTech Vet,False,Veterinary,Region,Northeast,2056413.17,120965
2024-10,2024-Q4,Petcare Diagnostics,DiagnosTech Vet,False,Veterinary,Region,South,3395559.13,199739
2024-10,2024-Q4,Petcare Diagnostics,DiagnosTech Vet,False,Veterinary,Region,Midwest,1996507.35,117442
2024-10,2024-Q4,Petcare Diagnostics,DiagnosTech Vet,False,Veterinary,Region,West,2386782.15,140399
2024-10,2024-Q4,Petcare Diagnostics,DiagnosTech Vet,False,Veterinary,National,National,9835261.8,578545
2024-10,2024-Q4,Petcare Diagnostics,DiagnosTech Vet,False,Retail,Region,Northeast,149159.18,8774
2024-10,2024-Q4,Petcare Diagnostics,DiagnosTech Vet,False,Retail,Region,South,220441.11,12967
2024-10,2024-Q4,Petcare Diagnostics,DiagnosTech Vet,False,Retail,Region,Midwest,133276.91,7840
2024-10,2024-Q4,Petcare Diagnostics,DiagnosTech Vet,False,Retail,Region,West,152058.26,8945
2024-10,2024-Q4,Petcare Diagnostics,DiagnosTech Vet,False,Retail,National,National,654935.45,38526
2024-10,2024-Q4,Petcare Diagnostics,DiagnosTech Vet,False,E-commerce,Region,Northeast,470460.03,27674
2024-10,2024-Q4,Petcare Diagnostics,DiagnosTech Vet,False,E-commerce,Region,South,691691.12,40688
2024-10,2024-Q4,Petcare Diagnostics,DiagnosTech Vet,False,E-commerce,Region,Midwest,398128.83,23419
2024-10,2024-Q4,Petcare Diagnostics,DiagnosTech Vet,False,E-commerce,Region,West,462563.46,27210
2024-10,2024-Q4,Petcare Diagnostics,DiagnosTech Vet,False,E-commerce,National,National,2022843.43,118991
2024-11,2024-Q4,Petcare Diagnostics,DiagnosTech Vet,False,Veterinary,Region,Northeast,2233867.7,131404
2024-11,2024-Q4,Petcare Diagnostics,DiagnosTech Vet,False,Veterinary,Region,South,3359099.38,197594
2024-11,2024-Q4,Petcare Diagnostics,DiagnosTech Vet,False,Veterinary,Region,Midwest,2038941.05,119938
2024-11,2024-Q4,Petcare Diagnostics,DiagnosTech Vet,False,Veterinary,Region,West,2263607.21,133153
2024-11,2024-Q4,Petcare Diagnostics,DiagnosTech Vet,False,Veterinary,National,National,9895515.35,582089
2024-11,2024-Q4,Petcare Diagnostics,DiagnosTech Vet,False,Retail,Region,Northeast,159091.62,9358
2024-11,2024-Q4,Petcare Diagnostics,DiagnosTech Vet,False,Retail,Region,South,237811.76,13989
2024-11,2024-Q4,Petcare Diagnostics,DiagnosTech Vet,False,Retail,Region,Midwest,139194.11,8188
2024-11,2024-Q4,Petcare Diagnostics,DiagnosTech Vet,False,Retail,Region,West,159119.17,9360
2024-11,2024-Q4,Petcare Diagnostics,DiagnosTech Vet,False,Retail,National,National,695216.66,40895
2024-11,2024-Q4,Petcare Diagnostics,DiagnosTech Vet,False,E-commerce,Region,Northeast,487484.55,28676
2024-11,2024-Q4,Petcare Diagnostics,DiagnosTech Vet,False,E-commerce,Region,South,779562.18,45857
2024-11,2024-Q4,Petcare Diagnostics,DiagnosTech Vet,False,E-commerce,Region,Midwest,453917.11,26701
2024-11,2024-Q4,Petcare Diagnostics,DiagnosTech Vet,False,E-commerce,Region,West,488124.11,28713
2024-11,2024-Q4,Petcare Diagnostics,DiagnosTech Vet,False,E-commerce,National,National,2209087.94,129946
2024-12,2024-Q4,Petcare Diagnostics,DiagnosTech Vet,False,Veterinary,Region,Northeast,2186009.34,128589
2024-12,2024-Q4,Petcare Diagnostics,DiagnosTech Vet,False,Veterinary,Region,South,3442971.6,202528
2024-12,2024-Q4,Petcare Diagnostics,DiagnosTech Vet,False,Veterinary,Region,Midwest,2065834.45,121520
2024-12,2024-Q4,Petcare Diagnostics,DiagnosTech Vet,False,Veterinary,Region,West,2320202.05,136482
2024-12,2024-Q4,Petcare Diagnostics,DiagnosTech Vet,False,Veterinary,National,National,10015017.44,589119
2024-12,2024-Q4,Petcare Diagnostics,DiagnosTech Vet,False,Retail,Region,Northeast,145688.04,8570
2024-12,2024-Q4,Petcare Diagnostics,DiagnosTech Vet,False,Retail,Region,South,241405.84,14200
2024-12,2024-Q4,Petcare Diagnostics,DiagnosTech Vet,False,Retail,Region,Midwest,148905.54,8759
2024-12,2024-Q4,Petcare Diagnostics,DiagnosTech Vet,False,Retail,Region,West,151383.47,8905
2024-12,2024-Q4,Petcare Diagnostics,DiagnosTech Vet,False,Retail,National,National,687382.9,40434
2024-12,2024-Q4,Petcare Diagnostics,DiagnosTech Vet,False,E-commerce,Region,Northeast,513246.03,30191
2024-12,2024-Q4,Petcare Diagnostics,DiagnosTech Vet,False,E-commerce,Region,South,762765.93,44869
2024-12,2024-Q4,Petcare Diagnostics,DiagnosTech Vet,False,E-commerce,Region,Midwest,499485.95,29382
2024-12,2024-Q4,Petcare Diagnostics,DiagnosTech Vet,False,E-commerce,Region,West,540625.19,31801
2024-12,2024-Q4,Petcare Diagnostics,DiagnosTech Vet,False,E-commerce,National,National,2316123.09,136243
2025-01,2025-Q1,Petcare Diagnostics,DiagnosTech Vet,False,Veterinary,Region,Northeast,2351138.29,138302
2025-01,2025-Q1,Petcare Diagnostics,DiagnosTech Vet,False,Veterinary,Region,South,3458535.54,203443
2025-01,2025-Q1,Petcare Diagnostics,DiagnosTech Vet,False,Veterinary,Region,Midwest,2067751.03,121632
2025-01,2025-Q1,Petcare Diagnostics,DiagnosTech Vet,False,Veterinary,Region,West,2425005.07,142647
2025-01,2025-Q1,Petcare Diagnostics,DiagnosTech Vet,False,Veterinary,National,National,10302429.93,606025
2025-01,2025-Q1,Petcare Diagnostics,DiagnosTech Vet,False,Retail,Region,Northeast,150811.97,8871
2025-01,2025-Q1,Petcare Diagnostics,DiagnosTech Vet,False,Retail,Region,South,243705.39,14336
2025-01,2025-Q1,Petcare Diagnostics,DiagnosTech Vet,False,Retail,Region,Midwest,142989.13,8411
2025-01,2025-Q1,Petcare Diagnostics,DiagnosTech Vet,False,Retail,Region,West,167767.83,9869
2025-01,2025-Q1,Petcare Diagnostics,DiagnosTech Vet,False,Retail,National,National,705274.32,41487
2025-01,2025-Q1,Petcare Diagnostics,DiagnosTech Vet,False,E-commerce,Region,Northeast,546674.08,32157
2025-01,2025-Q1,Petcare Diagnostics,DiagnosTech Vet,False,E-commerce,Region,South,800049.54,47062
2025-01,2025-Q1,Petcare Diagnostics,DiagnosTech Vet,False,E-commerce,Region,Midwest,499001.09,29353
2025-01,2025-Q1,Petcare Diagnostics,DiagnosTech Vet,False,E-commerce,Region,West,569970.5,33528
2025-01,2025-Q1,Petcare Diagnostics,DiagnosTech Vet,False,E-commerce,National,National,2415695.2,142100
2025-02,2025-Q1,Petcare Diagnostics,DiagnosTech Vet,False,Veterinary,Region,Northeast,2377453.9,139850
2025-02,2025-Q1,Petcare Diagnostics,DiagnosTech Vet,False,Veterinary,Region,South,3573112.52,210183
2025-02,2025-Q1,Petcare Diagnostics,DiagnosTech Vet,False,Veterinary,Region,Midwest,2264791.42,133223
2025-02,2025-Q1,Petcare Diagnostics,DiagnosTech Vet,False,Veterinary,Region,West,2451730.81,144219
2025-02,2025-Q1,Petcare Diagnostics,DiagnosTech Vet,False,Veterinary,National,National,10667088.65,627476
2025-02,2025-Q1,Petcare Diagnostics,DiagnosTech Vet,False,Retail,Region,Northeast,155767.14,9163
2025-02,2025-Q1,Petcare Diagnostics,DiagnosTech Vet,False,Retail,Region,South,234315.15,13783
2025-02,2025-Q1,Petcare Diagnostics,DiagnosTech Vet,False,Retail,Region,Midwest,151297.83,8900
2025-02,2025-Q1,Petcare Diagnostics,DiagnosTech Vet,False,Retail,Region,West,161435.7,9496
2025-02,2025-Q1,Petcare Diagnostics,DiagnosTech Vet,False,Retail,National,National,702815.82,41342
2025-02,2025-Q1,Petcare Diagnostics,DiagnosTech Vet,False,E-commerce,Region,Northeast,563970.48,33175
2025-02,2025-Q1,Petcare Diagnostics,DiagnosTech Vet,False,E-commerce,Region,South,822091.19,48358
2025-02,2025-Q1,Petcare Diagnostics,DiagnosTech Vet,False,E-commerce,Region,Midwest,553968.8,32586
2025-02,2025-Q1,Petcare Diagnostics,DiagnosTech Vet,False,E-commerce,Region,West,581905.69,34230
2025-02,2025-Q1,Petcare Diagnostics,DiagnosTech Vet,False,E-commerce,National,National,2521936.16,148349
2025-03,2025-Q1,Petcare Diagnostics,DiagnosTech Vet,False,Veterinary,Region,Northeast,2474402.0,145553
2025-03,2025-Q1,Petcare Diagnostics,DiagnosTech Vet,False,Veterinary,Region,South,3829952.77,225291
2025-03,2025-Q1,Petcare Diagnostics,DiagnosTech Vet,False,Veterinary,Region,Midwest,2305096.95,135594
2025-03,2025-Q1,Petcare Diagnostics,DiagnosTech Vet,False,Veterinary,Region,West,2399638.29,141155
2025-03,2025-Q1,Petcare Diagnostics,DiagnosTech Vet,False,Veterinary,National,National,11009090.01,647594
2025-03,2025-Q1,Petcare Diagnostics,DiagnosTech Vet,False,Retail,Region,Northeast,156360.26,9198
2025-03,2025-Q1,Petcare Diagnostics,DiagnosTech Vet,False,Retail,Region,South,244469.54,14381
2025-03,2025-Q1,Petcare Diagnostics,DiagnosTech Vet,False,Retail,Region,Midwest,150857.95,8874
2025-03,2025-Q1,Petcare Diagnostics,DiagnosTech Vet,False,Retail,Region,West,164591.96,9682
2025-03,2025-Q1,Petcare Diagnostics,DiagnosTech Vet,False,Retail,National,National,716279.72,42134
2025-03,2025-Q1,Petcare Diagnostics,DiagnosTech Vet,False,E-commerce,Region,Northeast,598220.77,35189
2025-03,2025-Q1,Petcare Diagnostics,DiagnosTech Vet,False,E-commerce,Region,South,920137.42,54126
2025-03,2025-Q1,Petcare Diagnostics,DiagnosTech Vet,False,E-commerce,Region,Midwest,577693.17,33982
2025-03,2025-Q1,Petcare Diagnostics,DiagnosTech Vet,False,E-commerce,Region,West,625454.26,36791
2025-03,2025-Q1,Petcare Diagnostics,DiagnosTech Vet,False,E-commerce,National,National,2721505.63,160089
2025-04,2025-Q2,Petcare Diagnostics,DiagnosTech Vet,False,Veterinary,Region,Northeast,2326223.57,136837
2025-04,2025-Q2,Petcare Diagnostics,DiagnosTech Vet,False,Veterinary,Region,South,3628421.62,213437
2025-04,2025-Q2,Petcare Diagnostics,DiagnosTech Vet,False,Veterinary,Region,Midwest,2269700.42,133512
2025-04,2025-Q2,Petcare Diagnostics,DiagnosTech Vet,False,Veterinary,Region,West,2419225.54,142307
2025-04,2025-Q2,Petcare Diagnostics,DiagnosTech Vet,False,Veterinary,National,National,10643571.15,626092
2025-04,2025-Q2,Petcare Diagnostics,DiagnosTech Vet,False,Retail,Region,Northeast,153477.78,9028
2025-04,2025-Q2,Petcare Diagnostics,DiagnosTech Vet,False,Retail,Region,South,234906.77,13818
2025-04,2025-Q2,Petcare Diagnostics,DiagnosTech Vet,False,Retail,Region,Midwest,144198.36,8482
2025-04,2025-Q2,Petcare Diagnostics,DiagnosTech Vet,False,Retail,Region,West,162493.17,9558
2025-04,2025-Q2,Petcare Diagnostics,DiagnosTech Vet,False,Retail,National,National,695076.09,40887
2025-04,2025-Q2,Petcare Diagnostics,DiagnosTech Vet,False,E-commerce,Region,Northeast,611501.31,35971
2025-04,2025-Q2,Petcare Diagnostics,DiagnosTech Vet,False,E-commerce,Region,South,968851.03,56991
2025-04,2025-Q2,Petcare Diagnostics,DiagnosTech Vet,False,E-commerce,Region,Midwest,585628.13,34449
2025-04,2025-Q2,Petcare Diagnostics,DiagnosTech Vet,False,E-commerce,Region,West,614985.47,36176
2025-04,2025-Q2,Petcare Diagnostics,DiagnosTech Vet,False,E-commerce,National,National,2780965.93,163586
2025-05,2025-Q2,Petcare Diagnostics,DiagnosTech Vet,False,Veterinary,Region,Northeast,2325033.5,136767
2025-05,2025-Q2,Petcare Diagnostics,DiagnosTech Vet,False,Veterinary,Region,South,3801154.56,223597
2025-05,2025-Q2,Petcare Diagnostics,DiagnosTech Vet,False,Veterinary,Region,Midwest,2279966.25,134116
2025-05,2025-Q2,Petcare Diagnostics,DiagnosTech Vet,False,Veterinary,Region,West,2497737.98,146926
2025-05,2025-Q2,Petcare Diagnostics,DiagnosTech Vet,False,Veterinary,National,National,10903892.28,641405
2025-05,2025-Q2,Petcare Diagnostics,DiagnosTech Vet,False,Retail,Region,Northeast,166042.4,9767
2025-05,2025-Q2,Petcare Diagnostics,DiagnosTech Vet,False,Retail,Region,South,239161.04,14068
2025-05,2025-Q2,Petcare Diagnostics,DiagnosTech Vet,False,Retail,Region,Midwest,150707.91,8865
2025-05,2025-Q2,Petcare Diagnostics,DiagnosTech Vet,False,Retail,Region,West,166755.14,9809
2025-05,2025-Q2,Petcare Diagnostics,DiagnosTech Vet,False,Retail,National,National,722666.49,42510
2025-05,2025-Q2,Petcare Diagnostics,DiagnosTech Vet,False,E-commerce,Region,Northeast,632026.87,37178
2025-05,2025-Q2,Petcare Diagnostics,DiagnosTech Vet,False,E-commerce,Region,South,937602.15,55153
2025-05,2025-Q2,Petcare Diagnostics,DiagnosTech Vet,False,E-commerce,Region,Midwest,609701.09,35865
2025-05,2025-Q2,Petcare Diagnostics,DiagnosTech Vet,False,E-commerce,Region,West,654468.05,38498
2025-05,2025-Q2,Petcare Diagnostics,DiagnosTech Vet,False,E-commerce,National,National,2833798.16,166694
2025-06,2025-Q2,Petcare Diagnostics,DiagnosTech Vet,False,Veterinary,Region,Northeast,2323324.3,136666
2025-06,2025-Q2,Petcare Diagnostics,DiagnosTech Vet,False,Veterinary,Region,South,3642265.78,214251
2025-06,2025-Q2,Petcare Diagnostics,DiagnosTech Vet,False,Veterinary,Region,Midwest,2246613.94,132154
2025-06,2025-Q2,Petcare Diagnostics,DiagnosTech Vet,False,Veterinary,Region,West,2319897.93,136465
2025-06,2025-Q2,Petcare Diagnostics,DiagnosTech Vet,False,Veterinary,National,National,10532101.96,619535
2025-06,2025-Q2,Petcare Diagnostics,DiagnosTech Vet,False,Retail,Region,Northeast,148975.81,8763
2025-06,2025-Q2,Petcare Diagnostics,DiagnosTech Vet,False,Retail,Region,South,240832.03,14167
2025-06,2025-Q2,Petcare Diagnostics,DiagnosTech Vet,False,Retail,Region,Midwest,133187.55,7835
2025-06,2025-Q2,Petcare Diagnostics,DiagnosTech Vet,False,Retail,Region,West,150427.65,8849
2025-06,2025-Q2,Petcare Diagnostics,DiagnosTech Vet,False,Retail,National,National,673423.05,39613
2025-06,2025-Q2,Petcare Diagnostics,DiagnosTech Vet,False,E-commerce,Region,Northeast,608734.38,35808
2025-06,2025-Q2,Petcare Diagnostics,DiagnosTech Vet,False,E-commerce,Region,South,903417.67,53142
2025-06,2025-Q2,Petcare Diagnostics,DiagnosTech Vet,False,E-commerce,Region,Midwest,560769.27,32986
2025-06,2025-Q2,Petcare Diagnostics,DiagnosTech Vet,False,E-commerce,Region,West,631150.04,37126
2025-06,2025-Q2,Petcare Diagnostics,DiagnosTech Vet,False,E-commerce,National,National,2704071.37,159063
2025-07,2025-Q3,Petcare Diagnostics,DiagnosTech Vet,False,Veterinary,Region,Northeast,2301949.69,135409
2025-07,2025-Q3,Petcare Diagnostics,DiagnosTech Vet,False,Veterinary,Region,South,3496535.99,205679
2025-07,2025-Q3,Petcare Diagnostics,DiagnosTech Vet,False,Veterinary,Region,Midwest,2210605.97,130036
2025-07,2025-Q3,Petcare Diagnostics,DiagnosTech Vet,False,Veterinary,Region,West,2469093.51,145241
2025-07,2025-Q3,Petcare Diagnostics,DiagnosTech Vet,False,Veterinary,National,National,10478185.16,616364
2025-07,2025-Q3,Petcare Diagnostics,DiagnosTech Vet,False,Retail,Region,Northeast,148279.68,8722
2025-07,2025-Q3,Petcare Diagnostics,DiagnosTech Vet,False,Retail,Region,South,226158.15,13303
2025-07,2025-Q3,Petcare Diagnostics,DiagnosTech Vet,False,Retail,Region,Midwest,150564.18,8857
2025-07,2025-Q3,Petcare Diagnostics,DiagnosTech Vet,False,Retail,Region,West,154007.48,9059
2025-07,2025-Q3,Petcare Diagnostics,DiagnosTech Vet,False,Retail,National,National,679009.49,39942
2025-07,2025-Q3,Petcare Diagnostics,DiagnosTech Vet,False,E-commerce,Region,Northeast,647042.99,38061
2025-07,2025-Q3,Petcare Diagnostics,DiagnosTech Vet,False,E-commerce,Region,South,971423.65,57143
2025-07,2025-Q3,Petcare Diagnostics,DiagnosTech Vet,False,E-commerce,Region,Midwest,593945.19,34938
2025-07,2025-Q3,Petcare Diagnostics,DiagnosTech Vet,False,E-commerce,Region,West,644442.56,37908
2025-07,2025-Q3,Petcare Diagnostics,DiagnosTech Vet,False,E-commerce,National,National,2856854.39,168050
2025-08,2025-Q3,Petcare Diagnostics,DiagnosTech Vet,False,Veterinary,Region,Northeast,2199045.37,129356
2025-08,2025-Q3,Petcare Diagnostics,DiagnosTech Vet,False,Veterinary,Region,South,3359534.9,197620
2025-08,2025-Q3,Petcare Diagnostics,DiagnosTech Vet,False,Veterinary,Region,Midwest,2025919.15,119172
2025-08,2025-Q3,Petcare Diagnostics,DiagnosTech Vet,False,Veterinary,Region,West,2237829.96,131637
2025-08,2025-Q3,Petcare Diagnostics,DiagnosTech Vet,False,Veterinary,National,National,9822329.38,577784
2025-08,2025-Q3,Petcare Diagnostics,DiagnosTech Vet,False,Retail,Region,Northeast,138199.4,8129
2025-08,2025-Q3,Petcare Diagnostics,DiagnosTech Vet,False,Retail,Region,South,205716.04,12101
2025-08,2025-Q3,Petcare Diagnostics,DiagnosTech Vet,False,Retail,Region,Midwest,127985.89,7529
2025-08,2025-Q3,Petcare Diagnostics,DiagnosTech Vet,False,Retail,Region,West,141246.82,8309
2025-08,2025-Q3,Petcare Diagnostics,DiagnosTech Vet,False,Retail,National,National,613148.15,36068
2025-08,2025-Q3,Petcare Diagnostics,DiagnosTech Vet,False,E-commerce,Region,Northeast,618143.99,36361
2025-08,2025-Q3,Petcare Diagnostics,DiagnosTech Vet,False,E-commerce,Region,South,919923.15,54113
2025-08,2025-Q3,Petcare Diagnostics,DiagnosTech Vet,False,E-commerce,Region,Midwest,538409.51,31671
2025-08,2025-Q3,Petcare Diagnostics,DiagnosTech Vet,False,E-commerce,Region,West,599487.0,35264
2025-08,2025-Q3,Petcare Diagnostics,DiagnosTech Vet,False,E-commerce,National,National,2675963.66,157410
2025-09,2025-Q3,Petcare Diagnostics,DiagnosTech Vet,False,Veterinary,Region,Northeast,2158405.62,126965
2025-09,2025-Q3,Petcare Diagnostics,DiagnosTech Vet,False,Veterinary,Region,South,3359600.37,197624
2025-09,2025-Q3,Petcare Diagnostics,DiagnosTech Vet,False,Veterinary,Region,Midwest,1988562.4,116974
2025-09,2025-Q3,Petcare Diagnostics,DiagnosTech Vet,False,Veterinary,Region,West,2241093.39,131829
2025-09,2025-Q3,Petcare Diagnostics,DiagnosTech Vet,False,Veterinary,National,National,9747661.78,573392
2025-09,2025-Q3,Petcare Diagnostics,DiagnosTech Vet,False,Retail,Region,Northeast,134532.88,7914
2025-09,2025-Q3,Petcare Diagnostics,DiagnosTech Vet,False,Retail,Region,South,207418.4,12201
2025-09,2025-Q3,Petcare Diagnostics,DiagnosTech Vet,False,Retail,Region,Midwest,123818.32,7283
2025-09,2025-Q3,Petcare Diagnostics,DiagnosTech Vet,False,Retail,Region,West,135291.22,7958
2025-09,2025-Q3,Petcare Diagnostics,DiagnosTech Vet,False,Retail,National,National,601060.82,35357
2025-09,2025-Q3,Petcare Diagnostics,DiagnosTech Vet,False,E-commerce,Region,Northeast,670835.52,39461
2025-09,2025-Q3,Petcare Diagnostics,DiagnosTech Vet,False,E-commerce,Region,South,972742.3,57220
2025-09,2025-Q3,Petcare Diagnostics,DiagnosTech Vet,False,E-commerce,Region,Midwest,603364.59,35492
2025-09,2025-Q3,Petcare Diagnostics,DiagnosTech Vet,False,E-commerce,Region,West,636314.22,37430
2025-09,2025-Q3,Petcare Diagnostics,DiagnosTech Vet,False,E-commerce,National,National,2883256.63,169603
2025-10,2025-Q4,Petcare Diagnostics,DiagnosTech Vet,False,Veterinary,Region,Northeast,2116122.13,124478
2025-10,2025-Q4,Petcare Diagnostics,DiagnosTech Vet,False,Veterinary,Region,South,3184006.6,187295
2025-10,2025-Q4,Petcare Diagnostics,DiagnosTech Vet,False,Veterinary,Region,Midwest,2042418.63,120142
2025-10,2025-Q4,Petcare Diagnostics,DiagnosTech Vet,False,Veterinary,Region,West,2153493.93,126676
2025-10,2025-Q4,Petcare Diagnostics,DiagnosTech Vet,False,Veterinary,National,National,9496041.28,558591
2025-10,2025-Q4,Petcare Diagnostics,DiagnosTech Vet,False,Retail,Region,Northeast,125468.83,7381
2025-10,2025-Q4,Petcare Diagnostics,DiagnosTech Vet,False,Retail,Region,South,193585.98,11387
2025-10,2025-Q4,Petcare Diagnostics,DiagnosTech Vet,False,Retail,Region,Midwest,116400.35,6847
2025-10,2025-Q4,Petcare Diagnostics,DiagnosTech Vet,False,Retail,Region,West,127815.3,7519
2025-10,2025-Q4,Petcare Diagnostics,DiagnosTech Vet,False,Retail,National,National,563270.47,33134
2025-10,2025-Q4,Petcare Diagnostics,DiagnosTech Vet,False,E-commerce,Region,Northeast,633885.98,37287
2025-10,2025-Q4,Petcare Diagnostics,DiagnosTech Vet,False,E-commerce,Region,South,945943.15,55644
2025-10,2025-Q4,Petcare Diagnostics,DiagnosTech Vet,False,E-commerce,Region,Midwest,599547.87,35268
2025-10,2025-Q4,Petcare Diagnostics,DiagnosTech Vet,False,E-commerce,Region,West,657432.48,38672
2025-10,2025-Q4,Petcare Diagnostics,DiagnosTech Vet,False,E-commerce,National,National,2836809.48,166871
2025-11,2025-Q4,Petcare Diagnostics,DiagnosTech Vet,False,Veterinary,Region,Northeast,2253124.13,132537
2025-11,2025-Q4,Petcare Diagnostics,DiagnosTech Vet,False,Veterinary,Region,South,3333196.75,196070
2025-11,2025-Q4,Petcare Diagnostics,DiagnosTech Vet,False,Veterinary,Region,Midwest,2026963.8,119233
2025-11,2025-Q4,Petcare Diagnostics,DiagnosTech Vet,False,Veterinary,Region,West,2312934.57,136055
2025-11,2025-Q4,Petcare Diagnostics,DiagnosTech Vet,False,Veterinary,National,National,9926219.24,583895
2025-11,2025-Q4,Petcare Diagnostics,DiagnosTech Vet,False,Retail,Region,Northeast,133648.45,7862
2025-11,2025-Q4,Petcare Diagnostics,DiagnosTech Vet,False,Retail,Region,South,199291.36,11723
2025-11,2025-Q4,Petcare Diagnostics,DiagnosTech Vet,False,Retail,Region,Midwest,124132.37,7302
2025-11,2025-Q4,Petcare Diagnostics,DiagnosTech Vet,False,Retail,Region,West,135432.98,7967
2025-11,2025-Q4,Petcare Diagnostics,DiagnosTech Vet,False,Retail,National,National,592505.17,34853
2025-11,2025-Q4,Petcare Diagnostics,DiagnosTech Vet,False,E-commerce,Region,Northeast,664057.99,39062
2025-11,2025-Q4,Petcare Diagnostics,DiagnosTech Vet,False,E-commerce,Region,South,1050688.26,61805
2025-11,2025-Q4,Petcare Diagnostics,DiagnosTech Vet,False,E-commerce,Region,Midwest,629105.35,37006
2025-11,2025-Q4,Petcare Diagnostics,DiagnosTech Vet,False,E-commerce,Region,West,710115.74,41772
2025-11,2025-Q4,Petcare Diagnostics,DiagnosTech Vet,False,E-commerce,National,National,3053967.34,179645
2025-12,2025-Q4,Petcare Diagnostics,DiagnosTech Vet,False,Veterinary,Region,Northeast,2392232.75,140720
2025-12,2025-Q4,Petcare Diagnostics,DiagnosTech Vet,False,Veterinary,Region,South,3397890.84,199876
2025-12,2025-Q4,Petcare Diagnostics,DiagnosTech Vet,False,Veterinary,Region,Midwest,2219132.27,130537
2025-12,2025-Q4,Petcare Diagnostics,DiagnosTech Vet,False,Veterinary,Region,West,2406002.29,141530
2025-12,2025-Q4,Petcare Diagnostics,DiagnosTech Vet,False,Veterinary,National,National,10415258.14,612662
2025-12,2025-Q4,Petcare Diagnostics,DiagnosTech Vet,False,Retail,Region,Northeast,126281.64,7428
2025-12,2025-Q4,Petcare Diagnostics,DiagnosTech Vet,False,Retail,Region,South,206034.91,12120
2025-12,2025-Q4,Petcare Diagnostics,DiagnosTech Vet,False,Retail,Region,Midwest,127428.02,7496
2025-12,2025-Q4,Petcare Diagnostics,DiagnosTech Vet,False,Retail,Region,West,134544.82,7914
2025-12,2025-Q4,Petcare Diagnostics,DiagnosTech Vet,False,Retail,National,National,594289.39,34958
2025-12,2025-Q4,Petcare Diagnostics,DiagnosTech Vet,False,E-commerce,Region,Northeast,646703.63,38041
2025-12,2025-Q4,Petcare Diagnostics,DiagnosTech Vet,False,E-commerce,Region,South,1103264.96,64898
2025-12,2025-Q4,Petcare Diagnostics,DiagnosTech Vet,False,E-commerce,Region,Midwest,640599.53,37682
2025-12,2025-Q4,Petcare Diagnostics,DiagnosTech Vet,False,E-commerce,Region,West,726220.59,42719
2025-12,2025-Q4,Petcare Diagnostics,DiagnosTech Vet,False,E-commerce,National,National,3116788.71,183341
2026-01,2026-Q1,Petcare Diagnostics,DiagnosTech Vet,False,Veterinary,Region,Northeast,2246002.49,132118
2026-01,2026-Q1,Petcare Diagnostics,DiagnosTech Vet,False,Veterinary,Region,South,3222550.58,189562
2026-01,2026-Q1,Petcare Diagnostics,DiagnosTech Vet,False,Veterinary,Region,Midwest,2069291.41,121723
2026-01,2026-Q1,Petcare Diagnostics,DiagnosTech Vet,False,Veterinary,Region,West,2267948.88,133409
2026-01,2026-Q1,Petcare Diagnostics,DiagnosTech Vet,False,Veterinary,National,National,9805793.37,576811
2026-01,2026-Q1,Petcare Diagnostics,DiagnosTech Vet,False,Retail,Region,Northeast,126675.14,7451
2026-01,2026-Q1,Petcare Diagnostics,DiagnosTech Vet,False,Retail,Region,South,187099.39,11006
2026-01,2026-Q1,Petcare Diagnostics,DiagnosTech Vet,False,Retail,Region,Midwest,122609.23,7212
2026-01,2026-Q1,Petcare Diagnostics,DiagnosTech Vet,False,Retail,Region,West,134382.78,7905
2026-01,2026-Q1,Petcare Diagnostics,DiagnosTech Vet,False,Retail,National,National,570766.55,33575
2026-01,2026-Q1,Petcare Diagnostics,DiagnosTech Vet,False,E-commerce,Region,Northeast,694489.27,40852
2026-01,2026-Q1,Petcare Diagnostics,DiagnosTech Vet,False,E-commerce,Region,South,1075863.74,63286
2026-01,2026-Q1,Petcare Diagnostics,DiagnosTech Vet,False,E-commerce,Region,Midwest,614868.42,36169
2026-01,2026-Q1,Petcare Diagnostics,DiagnosTech Vet,False,E-commerce,Region,West,769402.89,45259
2026-01,2026-Q1,Petcare Diagnostics,DiagnosTech Vet,False,E-commerce,National,National,3154624.32,185566
2026-02,2026-Q1,Petcare Diagnostics,DiagnosTech Vet,False,Veterinary,Region,Northeast,2381801.3,140106
2026-02,2026-Q1,Petcare Diagnostics,DiagnosTech Vet,False,Veterinary,Region,South,3630703.45,213571
2026-02,2026-Q1,Petcare Diagnostics,DiagnosTech Vet,False,Veterinary,Region,Midwest,2233978.21,131410
2026-02,2026-Q1,Petcare Diagnostics,DiagnosTech Vet,False,Veterinary,Region,West,2493128.27,146655
2026-02,2026-Q1,Petcare Diagnostics,DiagnosTech Vet,False,Veterinary,National,National,10739611.23,631742
2026-02,2026-Q1,Petcare Diagnostics,DiagnosTech Vet,False,Retail,Region,Northeast,129454.99,7615
2026-02,2026-Q1,Petcare Diagnostics,DiagnosTech Vet,False,Retail,Region,South,210216.47,12366
2026-02,2026-Q1,Petcare Diagnostics,DiagnosTech Vet,False,Retail,Region,Midwest,131941.37,7761
2026-02,2026-Q1,Petcare Diagnostics,DiagnosTech Vet,False,Retail,Region,West,138818.09,8166
2026-02,2026-Q1,Petcare Diagnostics,DiagnosTech Vet,False,Retail,National,National,610430.91,35908
2026-02,2026-Q1,Petcare Diagnostics,DiagnosTech Vet,False,E-commerce,Region,Northeast,757448.94,44556
2026-02,2026-Q1,Petcare Diagnostics,DiagnosTech Vet,False,E-commerce,Region,South,1210631.65,71214
2026-02,2026-Q1,Petcare Diagnostics,DiagnosTech Vet,False,E-commerce,Region,Midwest,735447.03,43262
2026-02,2026-Q1,Petcare Diagnostics,DiagnosTech Vet,False,E-commerce,Region,West,786673.57,46275
2026-02,2026-Q1,Petcare Diagnostics,DiagnosTech Vet,False,E-commerce,National,National,3490201.18,205306
2026-03,2026-Q1,Petcare Diagnostics,DiagnosTech Vet,False,Veterinary,Region,Northeast,2383545.44,140209
2026-03,2026-Q1,Petcare Diagnostics,DiagnosTech Vet,False,Veterinary,Region,South,3753779.96,220811
2026-03,2026-Q1,Petcare Diagnostics,DiagnosTech Vet,False,Veterinary,Region,Midwest,2232446.68,131320
2026-03,2026-Q1,Petcare Diagnostics,DiagnosTech Vet,False,Veterinary,Region,West,2541406.79,149495
2026-03,2026-Q1,Petcare Diagnostics,DiagnosTech Vet,False,Veterinary,National,National,10911178.88,641834
2026-03,2026-Q1,Petcare Diagnostics,DiagnosTech Vet,False,Retail,Region,Northeast,139691.1,8217
2026-03,2026-Q1,Petcare Diagnostics,DiagnosTech Vet,False,Retail,Region,South,207507.41,12206
2026-03,2026-Q1,Petcare Diagnostics,DiagnosTech Vet,False,Retail,Region,Midwest,125690.16,7394
2026-03,2026-Q1,Petcare Diagnostics,DiagnosTech Vet,False,Retail,Region,West,140275.18,8251
2026-03,2026-Q1,Petcare Diagnostics,DiagnosTech Vet,False,Retail,National,National,613163.86,36068
2026-03,2026-Q1,Petcare Diagnostics,DiagnosTech Vet,False,E-commerce,Region,Northeast,781044.34,45944
2026-03,2026-Q1,Petcare Diagnostics,DiagnosTech Vet,False,E-commerce,Region,South,1182209.76,69542
2026-03,2026-Q1,Petcare Diagnostics,DiagnosTech Vet,False,E-commerce,Region,Midwest,738367.86,43433
2026-03,2026-Q1,Petcare Diagnostics,DiagnosTech Vet,False,E-commerce,Region,West,793524.05,46678
2026-03,2026-Q1,Petcare Diagnostics,DiagnosTech Vet,False,E-commerce,National,National,3495146.02,205597
2024-04,2024-Q2,Petcare Diagnostics,RapidVet Dx,False,Veterinary,Region,Northeast,2076241.87,129765
2024-04,2024-Q2,Petcare Diagnostics,RapidVet Dx,False,Veterinary,Region,South,3074642.02,192165
2024-04,2024-Q2,Petcare Diagnostics,RapidVet Dx,False,Veterinary,Region,Midwest,2041476.14,127592
2024-04,2024-Q2,Petcare Diagnostics,RapidVet Dx,False,Veterinary,Region,West,2226124.44,139133
2024-04,2024-Q2,Petcare Diagnostics,RapidVet Dx,False,Veterinary,National,National,9418484.47,588655
2024-04,2024-Q2,Petcare Diagnostics,RapidVet Dx,False,Retail,Region,Northeast,159420.26,9964
2024-04,2024-Q2,Petcare Diagnostics,RapidVet Dx,False,Retail,Region,South,234328.63,14646
2024-04,2024-Q2,Petcare Diagnostics,RapidVet Dx,False,Retail,Region,Midwest,145743.54,9109
2024-04,2024-Q2,Petcare Diagnostics,RapidVet Dx,False,Retail,Region,West,173891.98,10868
2024-04,2024-Q2,Petcare Diagnostics,RapidVet Dx,False,Retail,National,National,713384.41,44587
2024-04,2024-Q2,Petcare Diagnostics,RapidVet Dx,False,E-commerce,Region,Northeast,361934.86,22621
2024-04,2024-Q2,Petcare Diagnostics,RapidVet Dx,False,E-commerce,Region,South,577476.35,36092
2024-04,2024-Q2,Petcare Diagnostics,RapidVet Dx,False,E-commerce,Region,Midwest,353165.09,22073
2024-04,2024-Q2,Petcare Diagnostics,RapidVet Dx,False,E-commerce,Region,West,369356.38,23085
2024-04,2024-Q2,Petcare Diagnostics,RapidVet Dx,False,E-commerce,National,National,1661932.68,103871
2024-05,2024-Q2,Petcare Diagnostics,RapidVet Dx,False,Veterinary,Region,Northeast,2025160.27,126573
2024-05,2024-Q2,Petcare Diagnostics,RapidVet Dx,False,Veterinary,Region,South,3055261.59,190954
2024-05,2024-Q2,Petcare Diagnostics,RapidVet Dx,False,Veterinary,Region,Midwest,1888660.88,118041
2024-05,2024-Q2,Petcare Diagnostics,RapidVet Dx,False,Veterinary,Region,West,2151406.8,134463
2024-05,2024-Q2,Petcare Diagnostics,RapidVet Dx,False,Veterinary,National,National,9120489.53,570031
2024-05,2024-Q2,Petcare Diagnostics,RapidVet Dx,False,Retail,Region,Northeast,140924.87,8808
2024-05,2024-Q2,Petcare Diagnostics,RapidVet Dx,False,Retail,Region,South,228526.7,14283
2024-05,2024-Q2,Petcare Diagnostics,RapidVet Dx,False,Retail,Region,Midwest,146373.26,9148
2024-05,2024-Q2,Petcare Diagnostics,RapidVet Dx,False,Retail,Region,West,158788.53,9924
2024-05,2024-Q2,Petcare Diagnostics,RapidVet Dx,False,Retail,National,National,674613.37,42163
2024-05,2024-Q2,Petcare Diagnostics,RapidVet Dx,False,E-commerce,Region,Northeast,358635.51,22415
2024-05,2024-Q2,Petcare Diagnostics,RapidVet Dx,False,E-commerce,Region,South,566751.98,35422
2024-05,2024-Q2,Petcare Diagnostics,RapidVet Dx,False,E-commerce,Region,Midwest,351658.27,21979
2024-05,2024-Q2,Petcare Diagnostics,RapidVet Dx,False,E-commerce,Region,West,368137.13,23009
2024-05,2024-Q2,Petcare Diagnostics,RapidVet Dx,False,E-commerce,National,National,1645182.89,102824
2024-06,2024-Q2,Petcare Diagnostics,RapidVet Dx,False,Veterinary,Region,Northeast,2013742.06,125859
2024-06,2024-Q2,Petcare Diagnostics,RapidVet Dx,False,Veterinary,Region,South,3038344.87,189897
2024-06,2024-Q2,Petcare Diagnostics,RapidVet Dx,False,Veterinary,Region,Midwest,1975870.86,123492
2024-06,2024-Q2,Petcare Diagnostics,RapidVet Dx,False,Veterinary,Region,West,2012423.72,125776
2024-06,2024-Q2,Petcare Diagnostics,RapidVet Dx,False,Veterinary,National,National,9040381.51,565024
2024-06,2024-Q2,Petcare Diagnostics,RapidVet Dx,False,Retail,Region,Northeast,148508.25,9282
2024-06,2024-Q2,Petcare Diagnostics,RapidVet Dx,False,Retail,Region,South,228403.8,14275
2024-06,2024-Q2,Petcare Diagnostics,RapidVet Dx,False,Retail,Region,Midwest,139679.05,8730
2024-06,2024-Q2,Petcare Diagnostics,RapidVet Dx,False,Retail,Region,West,150884.17,9430
2024-06,2024-Q2,Petcare Diagnostics,RapidVet Dx,False,Retail,National,National,667475.27,41717
2024-06,2024-Q2,Petcare Diagnostics,RapidVet Dx,False,E-commerce,Region,Northeast,357593.45,22350
2024-06,2024-Q2,Petcare Diagnostics,RapidVet Dx,False,E-commerce,Region,South,563794.73,35237
2024-06,2024-Q2,Petcare Diagnostics,RapidVet Dx,False,E-commerce,Region,Midwest,346100.9,21631
2024-06,2024-Q2,Petcare Diagnostics,RapidVet Dx,False,E-commerce,Region,West,385026.31,24064
2024-06,2024-Q2,Petcare Diagnostics,RapidVet Dx,False,E-commerce,National,National,1652515.4,103282
2024-07,2024-Q3,Petcare Diagnostics,RapidVet Dx,False,Veterinary,Region,Northeast,1948652.27,121791
2024-07,2024-Q3,Petcare Diagnostics,RapidVet Dx,False,Veterinary,Region,South,3149339.67,196834
2024-07,2024-Q3,Petcare Diagnostics,RapidVet Dx,False,Veterinary,Region,Midwest,1797824.69,112364
2024-07,2024-Q3,Petcare Diagnostics,RapidVet Dx,False,Veterinary,Region,West,2054535.31,128408
2024-07,2024-Q3,Petcare Diagnostics,RapidVet Dx,False,Veterinary,National,National,8950351.94,559397
2024-07,2024-Q3,Petcare Diagnostics,RapidVet Dx,False,Retail,Region,Northeast,132629.44,8289
2024-07,2024-Q3,Petcare Diagnostics,RapidVet Dx,False,Retail,Region,South,220566.66,13785
2024-07,2024-Q3,Petcare Diagnostics,RapidVet Dx,False,Retail,Region,Midwest,135269.46,8454
2024-07,2024-Q3,Petcare Diagnostics,RapidVet Dx,False,Retail,Region,West,142980.05,8936
2024-07,2024-Q3,Petcare Diagnostics,RapidVet Dx,False,Retail,National,National,631445.62,39465
2024-07,2024-Q3,Petcare Diagnostics,RapidVet Dx,False,E-commerce,Region,Northeast,381146.73,23822
2024-07,2024-Q3,Petcare Diagnostics,RapidVet Dx,False,E-commerce,Region,South,581276.31,36330
2024-07,2024-Q3,Petcare Diagnostics,RapidVet Dx,False,E-commerce,Region,Midwest,377318.49,23582
2024-07,2024-Q3,Petcare Diagnostics,RapidVet Dx,False,E-commerce,Region,West,393320.8,24583
2024-07,2024-Q3,Petcare Diagnostics,RapidVet Dx,False,E-commerce,National,National,1733062.34,108316
2024-08,2024-Q3,Petcare Diagnostics,RapidVet Dx,False,Veterinary,Region,Northeast,1935413.45,120963
2024-08,2024-Q3,Petcare Diagnostics,RapidVet Dx,False,Veterinary,Region,South,2903114.27,181445
2024-08,2024-Q3,Petcare Diagnostics,RapidVet Dx,False,Veterinary,Region,Midwest,2000400.76,125025
2024-08,2024-Q3,Petcare Diagnostics,RapidVet Dx,False,Veterinary,Region,West,2043419.49,127714
2024-08,2024-Q3,Petcare Diagnostics,RapidVet Dx,False,Veterinary,National,National,8882347.96,555147
2024-08,2024-Q3,Petcare Diagnostics,RapidVet Dx,False,Retail,Region,Northeast,141055.76,8816
2024-08,2024-Q3,Petcare Diagnostics,RapidVet Dx,False,Retail,Region,South,216563.03,13535
2024-08,2024-Q3,Petcare Diagnostics,RapidVet Dx,False,Retail,Region,Midwest,127549.09,7972
2024-08,2024-Q3,Petcare Diagnostics,RapidVet Dx,False,Retail,Region,West,140164.52,8760
2024-08,2024-Q3,Petcare Diagnostics,RapidVet Dx,False,Retail,National,National,625332.39,39083
2024-08,2024-Q3,Petcare Diagnostics,RapidVet Dx,False,E-commerce,Region,Northeast,369654.75,23103
2024-08,2024-Q3,Petcare Diagnostics,RapidVet Dx,False,E-commerce,Region,South,625352.65,39085
2024-08,2024-Q3,Petcare Diagnostics,RapidVet Dx,False,E-commerce,Region,Midwest,377119.93,23570
2024-08,2024-Q3,Petcare Diagnostics,RapidVet Dx,False,E-commerce,Region,West,402814.12,25176
2024-08,2024-Q3,Petcare Diagnostics,RapidVet Dx,False,E-commerce,National,National,1774941.44,110934
2024-09,2024-Q3,Petcare Diagnostics,RapidVet Dx,False,Veterinary,Region,Northeast,1794670.02,112167
2024-09,2024-Q3,Petcare Diagnostics,RapidVet Dx,False,Veterinary,Region,South,2835628.58,177227
2024-09,2024-Q3,Petcare Diagnostics,RapidVet Dx,False,Veterinary,Region,Midwest,1691857.28,105741
2024-09,2024-Q3,Petcare Diagnostics,RapidVet Dx,False,Veterinary,Region,West,1974601.28,123413
2024-09,2024-Q3,Petcare Diagnostics,RapidVet Dx,False,Veterinary,National,National,8296757.16,518547
2024-09,2024-Q3,Petcare Diagnostics,RapidVet Dx,False,Retail,Region,Northeast,127726.5,7983
2024-09,2024-Q3,Petcare Diagnostics,RapidVet Dx,False,Retail,Region,South,200565.94,12535
2024-09,2024-Q3,Petcare Diagnostics,RapidVet Dx,False,Retail,Region,Midwest,124557.68,7785
2024-09,2024-Q3,Petcare Diagnostics,RapidVet Dx,False,Retail,Region,West,127849.73,7991
2024-09,2024-Q3,Petcare Diagnostics,RapidVet Dx,False,Retail,National,National,580699.85,36294
2024-09,2024-Q3,Petcare Diagnostics,RapidVet Dx,False,E-commerce,Region,Northeast,389614.19,24351
2024-09,2024-Q3,Petcare Diagnostics,RapidVet Dx,False,E-commerce,Region,South,588569.5,36786
2024-09,2024-Q3,Petcare Diagnostics,RapidVet Dx,False,E-commerce,Region,Midwest,338953.74,21185
2024-09,2024-Q3,Petcare Diagnostics,RapidVet Dx,False,E-commerce,Region,West,393006.62,24563
2024-09,2024-Q3,Petcare Diagnostics,RapidVet Dx,False,E-commerce,National,National,1710144.04,106884
2024-10,2024-Q4,Petcare Diagnostics,RapidVet Dx,False,Veterinary,Region,Northeast,1813075.99,113317
2024-10,2024-Q4,Petcare Diagnostics,RapidVet Dx,False,Veterinary,Region,South,2922039.2,182627
2024-10,2024-Q4,Petcare Diagnostics,RapidVet Dx,False,Veterinary,Region,Midwest,1850635.73,115665
2024-10,2024-Q4,Petcare Diagnostics,RapidVet Dx,False,Veterinary,Region,West,1976546.88,123534
2024-10,2024-Q4,Petcare Diagnostics,RapidVet Dx,False,Veterinary,National,National,8562297.79,535144
2024-10,2024-Q4,Petcare Diagnostics,RapidVet Dx,False,Retail,Region,Northeast,125995.76,7875
2024-10,2024-Q4,Petcare Diagnostics,RapidVet Dx,False,Retail,Region,South,199194.17,12450
2024-10,2024-Q4,Petcare Diagnostics,RapidVet Dx,False,Retail,Region,Midwest,118131.87,7383
2024-10,2024-Q4,Petcare Diagnostics,RapidVet Dx,False,Retail,Region,West,138373.23,8648
2024-10,2024-Q4,Petcare Diagnostics,RapidVet Dx,False,Retail,National,National,581695.04,36356
2024-10,2024-Q4,Petcare Diagnostics,RapidVet Dx,False,E-commerce,Region,Northeast,386927.22,24183
2024-10,2024-Q4,Petcare Diagnostics,RapidVet Dx,False,E-commerce,Region,South,621532.98,38846
2024-10,2024-Q4,Petcare Diagnostics,RapidVet Dx,False,E-commerce,Region,Midwest,389892.84,24368
2024-10,2024-Q4,Petcare Diagnostics,RapidVet Dx,False,E-commerce,Region,West,427989.38,26749
2024-10,2024-Q4,Petcare Diagnostics,RapidVet Dx,False,E-commerce,National,National,1826342.43,114146
2024-11,2024-Q4,Petcare Diagnostics,RapidVet Dx,False,Veterinary,Region,Northeast,1892483.25,118280
2024-11,2024-Q4,Petcare Diagnostics,RapidVet Dx,False,Veterinary,Region,South,2803992.69,175250
2024-11,2024-Q4,Petcare Diagnostics,RapidVet Dx,False,Veterinary,Region,Midwest,1939556.1,121222
2024-11,2024-Q4,Petcare Diagnostics,RapidVet Dx,False,Veterinary,Region,West,2125935.04,132871
2024-11,2024-Q4,Petcare Diagnostics,RapidVet Dx,False,Veterinary,National,National,8761967.09,547623
2024-11,2024-Q4,Petcare Diagnostics,RapidVet Dx,False,Retail,Region,Northeast,132186.14,8262
2024-11,2024-Q4,Petcare Diagnostics,RapidVet Dx,False,Retail,Region,South,207512.91,12970
2024-11,2024-Q4,Petcare Diagnostics,RapidVet Dx,False,Retail,Region,Midwest,122166.07,7635
2024-11,2024-Q4,Petcare Diagnostics,RapidVet Dx,False,Retail,Region,West,136969.56,8561
2024-11,2024-Q4,Petcare Diagnostics,RapidVet Dx,False,Retail,National,National,598834.68,37427
2024-11,2024-Q4,Petcare Diagnostics,RapidVet Dx,False,E-commerce,Region,Northeast,419381.32,26211
2024-11,2024-Q4,Petcare Diagnostics,RapidVet Dx,False,E-commerce,Region,South,636164.13,39760
2024-11,2024-Q4,Petcare Diagnostics,RapidVet Dx,False,E-commerce,Region,Midwest,421093.49,26318
2024-11,2024-Q4,Petcare Diagnostics,RapidVet Dx,False,E-commerce,Region,West,442190.19,27637
2024-11,2024-Q4,Petcare Diagnostics,RapidVet Dx,False,E-commerce,National,National,1918829.13,119927
2024-12,2024-Q4,Petcare Diagnostics,RapidVet Dx,False,Veterinary,Region,Northeast,1890270.61,118142
2024-12,2024-Q4,Petcare Diagnostics,RapidVet Dx,False,Veterinary,Region,South,2979136.82,186196
2024-12,2024-Q4,Petcare Diagnostics,RapidVet Dx,False,Veterinary,Region,Midwest,1739481.47,108718
2024-12,2024-Q4,Petcare Diagnostics,RapidVet Dx,False,Veterinary,Region,West,2029624.85,126852
2024-12,2024-Q4,Petcare Diagnostics,RapidVet Dx,False,Veterinary,National,National,8638513.76,539907
2024-12,2024-Q4,Petcare Diagnostics,RapidVet Dx,False,Retail,Region,Northeast,131302.78,8206
2024-12,2024-Q4,Petcare Diagnostics,RapidVet Dx,False,Retail,Region,South,208640.04,13040
2024-12,2024-Q4,Petcare Diagnostics,RapidVet Dx,False,Retail,Region,Midwest,126821.41,7926
2024-12,2024-Q4,Petcare Diagnostics,RapidVet Dx,False,Retail,Region,West,134741.0,8421
2024-12,2024-Q4,Petcare Diagnostics,RapidVet Dx,False,Retail,National,National,601505.23,37594
2024-12,2024-Q4,Petcare Diagnostics,RapidVet Dx,False,E-commerce,Region,Northeast,424464.11,26529
2024-12,2024-Q4,Petcare Diagnostics,RapidVet Dx,False,E-commerce,Region,South,697280.08,43580
2024-12,2024-Q4,Petcare Diagnostics,RapidVet Dx,False,E-commerce,Region,Midwest,418795.92,26175
2024-12,2024-Q4,Petcare Diagnostics,RapidVet Dx,False,E-commerce,Region,West,460950.89,28809
2024-12,2024-Q4,Petcare Diagnostics,RapidVet Dx,False,E-commerce,National,National,2001491.0,125093
2025-01,2025-Q1,Petcare Diagnostics,RapidVet Dx,False,Veterinary,Region,Northeast,2007851.9,125491
2025-01,2025-Q1,Petcare Diagnostics,RapidVet Dx,False,Veterinary,Region,South,3009293.2,188081
2025-01,2025-Q1,Petcare Diagnostics,RapidVet Dx,False,Veterinary,Region,Midwest,2025525.09,126595
2025-01,2025-Q1,Petcare Diagnostics,RapidVet Dx,False,Veterinary,Region,West,2092624.55,130789
2025-01,2025-Q1,Petcare Diagnostics,RapidVet Dx,False,Veterinary,National,National,9135294.74,570956
2025-01,2025-Q1,Petcare Diagnostics,RapidVet Dx,False,Retail,Region,Northeast,141932.29,8871
2025-01,2025-Q1,Petcare Diagnostics,RapidVet Dx,False,Retail,Region,South,210622.94,13164
2025-01,2025-Q1,Petcare Diagnostics,RapidVet Dx,False,Retail,Region,Midwest,134772.42,8423
2025-01,2025-Q1,Petcare Diagnostics,RapidVet Dx,False,Retail,Region,West,139149.81,8697
2025-01,2025-Q1,Petcare Diagnostics,RapidVet Dx,False,Retail,National,National,626477.45,39155
2025-01,2025-Q1,Petcare Diagnostics,RapidVet Dx,False,E-commerce,Region,Northeast,450642.86,28165
2025-01,2025-Q1,Petcare Diagnostics,RapidVet Dx,False,E-commerce,Region,South,719001.41,44938
2025-01,2025-Q1,Petcare Diagnostics,RapidVet Dx,False,E-commerce,Region,Midwest,441361.53,27585
2025-01,2025-Q1,Petcare Diagnostics,RapidVet Dx,False,E-commerce,Region,West,500221.07,31264
2025-01,2025-Q1,Petcare Diagnostics,RapidVet Dx,False,E-commerce,National,National,2111226.87,131952
2025-02,2025-Q1,Petcare Diagnostics,RapidVet Dx,False,Veterinary,Region,Northeast,1960342.47,122521
2025-02,2025-Q1,Petcare Diagnostics,RapidVet Dx,False,Veterinary,Region,South,3106356.48,194147
2025-02,2025-Q1,Petcare Diagnostics,RapidVet Dx,False,Veterinary,Region,Midwest,1879932.57,117496
2025-02,2025-Q1,Petcare Diagnostics,RapidVet Dx,False,Veterinary,Region,West,2100889.29,131306
2025-02,2025-Q1,Petcare Diagnostics,RapidVet Dx,False,Veterinary,National,National,9047520.82,565470
2025-02,2025-Q1,Petcare Diagnostics,RapidVet Dx,False,Retail,Region,Northeast,137441.84,8590
2025-02,2025-Q1,Petcare Diagnostics,RapidVet Dx,False,Retail,Region,South,209036.6,13065
2025-02,2025-Q1,Petcare Diagnostics,RapidVet Dx,False,Retail,Region,Midwest,136165.57,8510
2025-02,2025-Q1,Petcare Diagnostics,RapidVet Dx,False,Retail,Region,West,145899.71,9119
2025-02,2025-Q1,Petcare Diagnostics,RapidVet Dx,False,Retail,National,National,628543.72,39284
2025-02,2025-Q1,Petcare Diagnostics,RapidVet Dx,False,E-commerce,Region,Northeast,480343.93,30021
2025-02,2025-Q1,Petcare Diagnostics,RapidVet Dx,False,E-commerce,Region,South,791183.57,49449
2025-02,2025-Q1,Petcare Diagnostics,RapidVet Dx,False,E-commerce,Region,Midwest,483354.87,30210
2025-02,2025-Q1,Petcare Diagnostics,RapidVet Dx,False,E-commerce,Region,West,518333.52,32396
2025-02,2025-Q1,Petcare Diagnostics,RapidVet Dx,False,E-commerce,National,National,2273215.89,142076
2025-03,2025-Q1,Petcare Diagnostics,RapidVet Dx,False,Veterinary,Region,Northeast,2185229.16,136577
2025-03,2025-Q1,Petcare Diagnostics,RapidVet Dx,False,Veterinary,Region,South,3268121.56,204258
2025-03,2025-Q1,Petcare Diagnostics,RapidVet Dx,False,Veterinary,Region,Midwest,1907781.87,119236
2025-03,2025-Q1,Petcare Diagnostics,RapidVet Dx,False,Veterinary,Region,West,2169575.0,135598
2025-03,2025-Q1,Petcare Diagnostics,RapidVet Dx,False,Veterinary,National,National,9530707.59,595669
2025-03,2025-Q1,Petcare Diagnostics,RapidVet Dx,False,Retail,Region,Northeast,133322.88,8333
2025-03,2025-Q1,Petcare Diagnostics,RapidVet Dx,False,Retail,Region,South,216996.79,13562
2025-03,2025-Q1,Petcare Diagnostics,RapidVet Dx,False,Retail,Region,Midwest,126496.26,7906
2025-03,2025-Q1,Petcare Diagnostics,RapidVet Dx,False,Retail,Region,West,140223.23,8764
2025-03,2025-Q1,Petcare Diagnostics,RapidVet Dx,False,Retail,National,National,617039.16,38565
2025-03,2025-Q1,Petcare Diagnostics,RapidVet Dx,False,E-commerce,Region,Northeast,499800.58,31238
2025-03,2025-Q1,Petcare Diagnostics,RapidVet Dx,False,E-commerce,Region,South,798343.0,49896
2025-03,2025-Q1,Petcare Diagnostics,RapidVet Dx,False,E-commerce,Region,Midwest,470785.59,29424
2025-03,2025-Q1,Petcare Diagnostics,RapidVet Dx,False,E-commerce,Region,West,532506.2,33282
2025-03,2025-Q1,Petcare Diagnostics,RapidVet Dx,False,E-commerce,National,National,2301435.36,143840
2025-04,2025-Q2,Petcare Diagnostics,RapidVet Dx,False,Veterinary,Region,Northeast,2056982.06,128561
2025-04,2025-Q2,Petcare Diagnostics,RapidVet Dx,False,Veterinary,Region,South,2850140.16,178134
2025-04,2025-Q2,Petcare Diagnostics,RapidVet Dx,False,Veterinary,Region,Midwest,1924796.56,120300
2025-04,2025-Q2,Petcare Diagnostics,RapidVet Dx,False,Veterinary,Region,West,2112704.75,132044
2025-04,2025-Q2,Petcare Diagnostics,RapidVet Dx,False,Veterinary,National,National,8944623.54,559039
2025-04,2025-Q2,Petcare Diagnostics,RapidVet Dx,False,Retail,Region,Northeast,129149.93,8072
2025-04,2025-Q2,Petcare Diagnostics,RapidVet Dx,False,Retail,Region,South,209314.37,13082
2025-04,2025-Q2,Petcare Diagnostics,RapidVet Dx,False,Retail,Region,Midwest,129394.08,8087
2025-04,2025-Q2,Petcare Diagnostics,RapidVet Dx,False,Retail,Region,West,141487.72,8843
2025-04,2025-Q2,Petcare Diagnostics,RapidVet Dx,False,Retail,National,National,609346.1,38084
2025-04,2025-Q2,Petcare Diagnostics,RapidVet Dx,False,E-commerce,Region,Northeast,525651.93,32853
2025-04,2025-Q2,Petcare Diagnostics,RapidVet Dx,False,E-commerce,Region,South,793356.11,49585
2025-04,2025-Q2,Petcare Diagnostics,RapidVet Dx,False,E-commerce,Region,Midwest,479722.53,29983
2025-04,2025-Q2,Petcare Diagnostics,RapidVet Dx,False,E-commerce,Region,West,535661.61,33479
2025-04,2025-Q2,Petcare Diagnostics,RapidVet Dx,False,E-commerce,National,National,2334392.19,145900
2025-05,2025-Q2,Petcare Diagnostics,RapidVet Dx,False,Veterinary,Region,Northeast,2127313.64,132957
2025-05,2025-Q2,Petcare Diagnostics,RapidVet Dx,False,Veterinary,Region,South,3055708.2,190982
2025-05,2025-Q2,Petcare Diagnostics,RapidVet Dx,False,Veterinary,Region,Midwest,1931435.21,120715
2025-05,2025-Q2,Petcare Diagnostics,RapidVet Dx,False,Veterinary,Region,West,2347990.72,146749
2025-05,2025-Q2,Petcare Diagnostics,RapidVet Dx,False,Veterinary,National,National,9462447.76,591403
2025-05,2025-Q2,Petcare Diagnostics,RapidVet Dx,False,Retail,Region,Northeast,134069.52,8379
2025-05,2025-Q2,Petcare Diagnostics,RapidVet Dx,False,Retail,Region,South,208551.75,13034
2025-05,2025-Q2,Petcare Diagnostics,RapidVet Dx,False,Retail,Region,Midwest,134933.75,8433
2025-05,2025-Q2,Petcare Diagnostics,RapidVet Dx,False,Retail,Region,West,147578.37,9224
2025-05,2025-Q2,Petcare Diagnostics,RapidVet Dx,False,Retail,National,National,625133.39,39071
2025-05,2025-Q2,Petcare Diagnostics,RapidVet Dx,False,E-commerce,Region,Northeast,564061.26,35254
2025-05,2025-Q2,Petcare Diagnostics,RapidVet Dx,False,E-commerce,Region,South,861080.76,53818
2025-05,2025-Q2,Petcare Diagnostics,RapidVet Dx,False,E-commerce,Region,Midwest,495835.14,30990
2025-05,2025-Q2,Petcare Diagnostics,RapidVet Dx,False,E-commerce,Region,West,618583.61,38661
2025-05,2025-Q2,Petcare Diagnostics,RapidVet Dx,False,E-commerce,National,National,2539560.77,158723
2025-06,2025-Q2,Petcare Diagnostics,RapidVet Dx,False,Veterinary,Region,Northeast,2101263.44,131329
2025-06,2025-Q2,Petcare Diagnostics,RapidVet Dx,False,Veterinary,Region,South,3157989.6,197374
2025-06,2025-Q2,Petcare Diagnostics,RapidVet Dx,False,Veterinary,Region,Midwest,1911072.79,119442
2025-06,2025-Q2,Petcare Diagnostics,RapidVet Dx,False,Veterinary,Region,West,2110197.01,131887
2025-06,2025-Q2,Petcare Diagnostics,RapidVet Dx,False,Veterinary,National,National,9280522.84,580033
2025-06,2025-Q2,Petcare Diagnostics,RapidVet Dx,False,Retail,Region,Northeast,128871.86,8054
2025-06,2025-Q2,Petcare Diagnostics,RapidVet Dx,False,Retail,Region,South,210092.43,13131
2025-06,2025-Q2,Petcare Diagnostics,RapidVet Dx,False,Retail,Region,Midwest,118843.29,7428
2025-06,2025-Q2,Petcare Diagnostics,RapidVet Dx,False,Retail,Region,West,137026.64,8564
2025-06,2025-Q2,Petcare Diagnostics,RapidVet Dx,False,Retail,National,National,594834.21,37177
2025-06,2025-Q2,Petcare Diagnostics,RapidVet Dx,False,E-commerce,Region,Northeast,573491.69,35843
2025-06,2025-Q2,Petcare Diagnostics,RapidVet Dx,False,E-commerce,Region,South,827895.15,51743
2025-06,2025-Q2,Petcare Diagnostics,RapidVet Dx,False,E-commerce,Region,Midwest,519845.43,32490
2025-06,2025-Q2,Petcare Diagnostics,RapidVet Dx,False,E-commerce,Region,West,548704.07,34294
2025-06,2025-Q2,Petcare Diagnostics,RapidVet Dx,False,E-commerce,National,National,2469936.34,154371
2025-07,2025-Q3,Petcare Diagnostics,RapidVet Dx,False,Veterinary,Region,Northeast,1997840.63,124865
2025-07,2025-Q3,Petcare Diagnostics,RapidVet Dx,False,Veterinary,Region,South,3258203.5,203638
2025-07,2025-Q3,Petcare Diagnostics,RapidVet Dx,False,Veterinary,Region,Midwest,1857696.27,116106
2025-07,2025-Q3,Petcare Diagnostics,RapidVet Dx,False,Veterinary,Region,West,2106253.02,131641
2025-07,2025-Q3,Petcare Diagnostics,RapidVet Dx,False,Veterinary,National,National,9219993.41,576250
2025-07,2025-Q3,Petcare Diagnostics,RapidVet Dx,False,Retail,Region,Northeast,130727.98,8170
2025-07,2025-Q3,Petcare Diagnostics,RapidVet Dx,False,Retail,Region,South,193990.98,12124
2025-07,2025-Q3,Petcare Diagnostics,RapidVet Dx,False,Retail,Region,Midwest,123009.7,7688
2025-07,2025-Q3,Petcare Diagnostics,RapidVet Dx,False,Retail,Region,West,130306.44,8144
2025-07,2025-Q3,Petcare Diagnostics,RapidVet Dx,False,Retail,National,National,578035.1,36127
2025-07,2025-Q3,Petcare Diagnostics,RapidVet Dx,False,E-commerce,Region,Northeast,569060.06,35566
2025-07,2025-Q3,Petcare Diagnostics,RapidVet Dx,False,E-commerce,Region,South,846009.09,52876
2025-07,2025-Q3,Petcare Diagnostics,RapidVet Dx,False,E-commerce,Region,Midwest,524511.15,32782
2025-07,2025-Q3,Petcare Diagnostics,RapidVet Dx,False,E-commerce,Region,West,598072.32,37380
2025-07,2025-Q3,Petcare Diagnostics,RapidVet Dx,False,E-commerce,National,National,2537652.62,158603
2025-08,2025-Q3,Petcare Diagnostics,RapidVet Dx,False,Veterinary,Region,Northeast,1915283.3,119705
2025-08,2025-Q3,Petcare Diagnostics,RapidVet Dx,False,Veterinary,Region,South,2833834.93,177115
2025-08,2025-Q3,Petcare Diagnostics,RapidVet Dx,False,Veterinary,Region,Midwest,1880220.14,117514
2025-08,2025-Q3,Petcare Diagnostics,RapidVet Dx,False,Veterinary,Region,West,1934166.38,120885
2025-08,2025-Q3,Petcare Diagnostics,RapidVet Dx,False,Veterinary,National,National,8563504.75,535219
2025-08,2025-Q3,Petcare Diagnostics,RapidVet Dx,False,Retail,Region,Northeast,113303.54,7081
2025-08,2025-Q3,Petcare Diagnostics,RapidVet Dx,False,Retail,Region,South,180448.02,11278
2025-08,2025-Q3,Petcare Diagnostics,RapidVet Dx,False,Retail,Region,Midwest,114416.96,7151
2025-08,2025-Q3,Petcare Diagnostics,RapidVet Dx,False,Retail,Region,West,112782.79,7049
2025-08,2025-Q3,Petcare Diagnostics,RapidVet Dx,False,Retail,National,National,520951.31,32559
2025-08,2025-Q3,Petcare Diagnostics,RapidVet Dx,False,E-commerce,Region,Northeast,519027.58,32439
2025-08,2025-Q3,Petcare Diagnostics,RapidVet Dx,False,E-commerce,Region,South,848734.32,53046
2025-08,2025-Q3,Petcare Diagnostics,RapidVet Dx,False,E-commerce,Region,Midwest,489400.32,30588
2025-08,2025-Q3,Petcare Diagnostics,RapidVet Dx,False,E-commerce,Region,West,533026.24,33314
2025-08,2025-Q3,Petcare Diagnostics,RapidVet Dx,False,E-commerce,National,National,2390188.46,149387
2025-09,2025-Q3,Petcare Diagnostics,RapidVet Dx,False,Veterinary,Region,Northeast,1838909.54,114932
2025-09,2025-Q3,Petcare Diagnostics,RapidVet Dx,False,Veterinary,Region,South,2763559.89,172722
2025-09,2025-Q3,Petcare Diagnostics,RapidVet Dx,False,Veterinary,Region,Midwest,1797595.07,112350
2025-09,2025-Q3,Petcare Diagnostics,RapidVet Dx,False,Veterinary,Region,West,1855111.76,115944
2025-09,2025-Q3,Petcare Diagnostics,RapidVet Dx,False,Veterinary,National,National,8255176.26,515949
2025-09,2025-Q3,Petcare Diagnostics,RapidVet Dx,False,Retail,Region,Northeast,111789.37,6987
2025-09,2025-Q3,Petcare Diagnostics,RapidVet Dx,False,Retail,Region,South,174260.55,10891
2025-09,2025-Q3,Petcare Diagnostics,RapidVet Dx,False,Retail,Region,Midwest,106278.93,6642
2025-09,2025-Q3,Petcare Diagnostics,RapidVet Dx,False,Retail,Region,West,117719.14,7357
2025-09,2025-Q3,Petcare Diagnostics,RapidVet Dx,False,Retail,National,National,510047.98,31878
2025-09,2025-Q3,Petcare Diagnostics,RapidVet Dx,False,E-commerce,Region,Northeast,521017.43,32564
2025-09,2025-Q3,Petcare Diagnostics,RapidVet Dx,False,E-commerce,Region,South,807033.42,50440
2025-09,2025-Q3,Petcare Diagnostics,RapidVet Dx,False,E-commerce,Region,Midwest,531011.57,33188
2025-09,2025-Q3,Petcare Diagnostics,RapidVet Dx,False,E-commerce,Region,West,568042.95,35503
2025-09,2025-Q3,Petcare Diagnostics,RapidVet Dx,False,E-commerce,National,National,2427105.37,151694
2025-10,2025-Q4,Petcare Diagnostics,RapidVet Dx,False,Veterinary,Region,Northeast,1984631.73,124039
2025-10,2025-Q4,Petcare Diagnostics,RapidVet Dx,False,Veterinary,Region,South,3009044.21,188065
2025-10,2025-Q4,Petcare Diagnostics,RapidVet Dx,False,Veterinary,Region,Midwest,1819456.72,113716
2025-10,2025-Q4,Petcare Diagnostics,RapidVet Dx,False,Veterinary,Region,West,2046144.78,127884
2025-10,2025-Q4,Petcare Diagnostics,RapidVet Dx,False,Veterinary,National,National,8859277.44,553705
2025-10,2025-Q4,Petcare Diagnostics,RapidVet Dx,False,Retail,Region,Northeast,114843.42,7178
2025-10,2025-Q4,Petcare Diagnostics,RapidVet Dx,False,Retail,Region,South,188166.58,11760
2025-10,2025-Q4,Petcare Diagnostics,RapidVet Dx,False,Retail,Region,Midwest,111130.06,6946
2025-10,2025-Q4,Petcare Diagnostics,RapidVet Dx,False,Retail,Region,West,121123.2,7570
2025-10,2025-Q4,Petcare Diagnostics,RapidVet Dx,False,Retail,National,National,535263.26,33454
2025-10,2025-Q4,Petcare Diagnostics,RapidVet Dx,False,E-commerce,Region,Northeast,596110.02,37257
2025-10,2025-Q4,Petcare Diagnostics,RapidVet Dx,False,E-commerce,Region,South,901769.32,56361
2025-10,2025-Q4,Petcare Diagnostics,RapidVet Dx,False,E-commerce,Region,Midwest,532060.04,33254
2025-10,2025-Q4,Petcare Diagnostics,RapidVet Dx,False,E-commerce,Region,West,603831.84,37739
2025-10,2025-Q4,Petcare Diagnostics,RapidVet Dx,False,E-commerce,National,National,2633771.23,164611
2025-11,2025-Q4,Petcare Diagnostics,RapidVet Dx,False,Veterinary,Region,Northeast,1859685.31,116230
2025-11,2025-Q4,Petcare Diagnostics,RapidVet Dx,False,Veterinary,Region,South,2910804.52,181925
2025-11,2025-Q4,Petcare Diagnostics,RapidVet Dx,False,Veterinary,Region,Midwest,1795961.99,112248
2025-11,2025-Q4,Petcare Diagnostics,RapidVet Dx,False,Veterinary,Region,West,1949035.43,121815
2025-11,2025-Q4,Petcare Diagnostics,RapidVet Dx,False,Veterinary,National,National,8515487.24,532218
2025-11,2025-Q4,Petcare Diagnostics,RapidVet Dx,False,Retail,Region,Northeast,107813.64,6738
2025-11,2025-Q4,Petcare Diagnostics,RapidVet Dx,False,Retail,Region,South,173591.6,10849
2025-11,2025-Q4,Petcare Diagnostics,RapidVet Dx,False,Retail,Region,Midwest,107715.46,6732
2025-11,2025-Q4,Petcare Diagnostics,RapidVet Dx,False,Retail,Region,West,113691.89,7106
2025-11,2025-Q4,Petcare Diagnostics,RapidVet Dx,False,Retail,National,National,502812.59,31426
2025-11,2025-Q4,Petcare Diagnostics,RapidVet Dx,False,E-commerce,Region,Northeast,567914.71,35495
2025-11,2025-Q4,Petcare Diagnostics,RapidVet Dx,False,E-commerce,Region,South,891261.92,55704
2025-11,2025-Q4,Petcare Diagnostics,RapidVet Dx,False,E-commerce,Region,Midwest,550475.9,34405
2025-11,2025-Q4,Petcare Diagnostics,RapidVet Dx,False,E-commerce,Region,West,600446.17,37528
2025-11,2025-Q4,Petcare Diagnostics,RapidVet Dx,False,E-commerce,National,National,2610098.7,163131
2025-12,2025-Q4,Petcare Diagnostics,RapidVet Dx,False,Veterinary,Region,Northeast,2015842.98,125990
2025-12,2025-Q4,Petcare Diagnostics,RapidVet Dx,False,Veterinary,Region,South,3126381.23,195399
2025-12,2025-Q4,Petcare Diagnostics,RapidVet Dx,False,Veterinary,Region,Midwest,1915869.81,119742
2025-12,2025-Q4,Petcare Diagnostics,RapidVet Dx,False,Veterinary,Region,West,2038381.3,127399
2025-12,2025-Q4,Petcare Diagnostics,RapidVet Dx,False,Veterinary,National,National,9096475.32,568530
2025-12,2025-Q4,Petcare Diagnostics,RapidVet Dx,False,Retail,Region,Northeast,116658.13,7291
2025-12,2025-Q4,Petcare Diagnostics,RapidVet Dx,False,Retail,Region,South,174922.39,10933
2025-12,2025-Q4,Petcare Diagnostics,RapidVet Dx,False,Retail,Region,Midwest,108314.48,6770
2025-12,2025-Q4,Petcare Diagnostics,RapidVet Dx,False,Retail,Region,West,121986.8,7624
2025-12,2025-Q4,Petcare Diagnostics,RapidVet Dx,False,Retail,National,National,521881.8,32618
2025-12,2025-Q4,Petcare Diagnostics,RapidVet Dx,False,E-commerce,Region,Northeast,616289.2,38518
2025-12,2025-Q4,Petcare Diagnostics,RapidVet Dx,False,E-commerce,Region,South,931467.28,58217
2025-12,2025-Q4,Petcare Diagnostics,RapidVet Dx,False,E-commerce,Region,Midwest,597104.47,37319
2025-12,2025-Q4,Petcare Diagnostics,RapidVet Dx,False,E-commerce,Region,West,628581.29,39286
2025-12,2025-Q4,Petcare Diagnostics,RapidVet Dx,False,E-commerce,National,National,2773442.24,173340
2026-01,2026-Q1,Petcare Diagnostics,RapidVet Dx,False,Veterinary,Region,Northeast,1950835.0,121927
2026-01,2026-Q1,Petcare Diagnostics,RapidVet Dx,False,Veterinary,Region,South,3264799.35,204050
2026-01,2026-Q1,Petcare Diagnostics,RapidVet Dx,False,Veterinary,Region,Midwest,1967951.87,122997
2026-01,2026-Q1,Petcare Diagnostics,RapidVet Dx,False,Veterinary,Region,West,2153839.13,134615
2026-01,2026-Q1,Petcare Diagnostics,RapidVet Dx,False,Veterinary,National,National,9337425.36,583589
2026-01,2026-Q1,Petcare Diagnostics,RapidVet Dx,False,Retail,Region,Northeast,116728.54,7296
2026-01,2026-Q1,Petcare Diagnostics,RapidVet Dx,False,Retail,Region,South,173119.07,10820
2026-01,2026-Q1,Petcare Diagnostics,RapidVet Dx,False,Retail,Region,Midwest,105786.45,6612
2026-01,2026-Q1,Petcare Diagnostics,RapidVet Dx,False,Retail,Region,West,122238.84,7640
2026-01,2026-Q1,Petcare Diagnostics,RapidVet Dx,False,Retail,National,National,517872.9,32367
2026-01,2026-Q1,Petcare Diagnostics,RapidVet Dx,False,E-commerce,Region,Northeast,639329.09,39958
2026-01,2026-Q1,Petcare Diagnostics,RapidVet Dx,False,E-commerce,Region,South,1008974.37,63061
2026-01,2026-Q1,Petcare Diagnostics,RapidVet Dx,False,E-commerce,Region,Midwest,636355.7,39772
2026-01,2026-Q1,Petcare Diagnostics,RapidVet Dx,False,E-commerce,Region,West,684343.24,42771
2026-01,2026-Q1,Petcare Diagnostics,RapidVet Dx,False,E-commerce,National,National,2969002.39,185563
2026-02,2026-Q1,Petcare Diagnostics,RapidVet Dx,False,Veterinary,Region,Northeast,2064334.69,129021
2026-02,2026-Q1,Petcare Diagnostics,RapidVet Dx,False,Veterinary,Region,South,3073480.48,192093
2026-02,2026-Q1,Petcare Diagnostics,RapidVet Dx,False,Veterinary,Region,Midwest,1956947.92,122309
2026-02,2026-Q1,Petcare Diagnostics,RapidVet Dx,False,Veterinary,Region,West,2155850.66,134741
2026-02,2026-Q1,Petcare Diagnostics,RapidVet Dx,False,Veterinary,National,National,9250613.75,578163
2026-02,2026-Q1,Petcare Diagnostics,RapidVet Dx,False,Retail,Region,Northeast,112654.43,7041
2026-02,2026-Q1,Petcare Diagnostics,RapidVet Dx,False,Retail,Region,South,184605.23,11538
2026-02,2026-Q1,Petcare Diagnostics,RapidVet Dx,False,Retail,Region,Midwest,108117.94,6757
2026-02,2026-Q1,Petcare Diagnostics,RapidVet Dx,False,Retail,Region,West,119744.86,7484
2026-02,2026-Q1,Petcare Diagnostics,RapidVet Dx,False,Retail,National,National,525122.46,32820
2026-02,2026-Q1,Petcare Diagnostics,RapidVet Dx,False,E-commerce,Region,Northeast,685015.01,42813
2026-02,2026-Q1,Petcare Diagnostics,RapidVet Dx,False,E-commerce,Region,South,1025478.12,64092
2026-02,2026-Q1,Petcare Diagnostics,RapidVet Dx,False,E-commerce,Region,Midwest,614135.18,38383
2026-02,2026-Q1,Petcare Diagnostics,RapidVet Dx,False,E-commerce,Region,West,682615.51,42663
2026-02,2026-Q1,Petcare Diagnostics,RapidVet Dx,False,E-commerce,National,National,3007243.82,187953
2026-03,2026-Q1,Petcare Diagnostics,RapidVet Dx,False,Veterinary,Region,Northeast,2085663.02,130354
2026-03,2026-Q1,Petcare Diagnostics,RapidVet Dx,False,Veterinary,Region,South,3216959.21,201060
2026-03,2026-Q1,Petcare Diagnostics,RapidVet Dx,False,Veterinary,Region,Midwest,2075038.96,129690
2026-03,2026-Q1,Petcare Diagnostics,RapidVet Dx,False,Veterinary,Region,West,2197034.16,137315
2026-03,2026-Q1,Petcare Diagnostics,RapidVet Dx,False,Veterinary,National,National,9574695.36,598418
2026-03,2026-Q1,Petcare Diagnostics,RapidVet Dx,False,Retail,Region,Northeast,123555.79,7722
2026-03,2026-Q1,Petcare Diagnostics,RapidVet Dx,False,Retail,Region,South,180610.8,11288
2026-03,2026-Q1,Petcare Diagnostics,RapidVet Dx,False,Retail,Region,Midwest,108661.65,6791
2026-03,2026-Q1,Petcare Diagnostics,RapidVet Dx,False,Retail,Region,West,121866.87,7617
2026-03,2026-Q1,Petcare Diagnostics,RapidVet Dx,False,Retail,National,National,534695.11,33418
2026-03,2026-Q1,Petcare Diagnostics,RapidVet Dx,False,E-commerce,Region,Northeast,724278.6,45267
2026-03,2026-Q1,Petcare Diagnostics,RapidVet Dx,False,E-commerce,Region,South,1070014.29,66876
2026-03,2026-Q1,Petcare Diagnostics,RapidVet Dx,False,E-commerce,Region,Midwest,695124.02,43445
2026-03,2026-Q1,Petcare Diagnostics,RapidVet Dx,False,E-commerce,Region,West,736778.29,46049
2026-03,2026-Q1,Petcare Diagnostics,RapidVet Dx,False,E-commerce,National,National,3226195.21,201637
2024-04,2024-Q2,Petcare Diagnostics,PetLab Analyzer,False,Veterinary,Region,Northeast,1204075.82,80272
2024-04,2024-Q2,Petcare Diagnostics,PetLab Analyzer,False,Veterinary,Region,South,1904110.94,126941
2024-04,2024-Q2,Petcare Diagnostics,PetLab Analyzer,False,Veterinary,Region,Midwest,1174721.97,78315
2024-04,2024-Q2,Petcare Diagnostics,PetLab Analyzer,False,Veterinary,Region,West,1327303.59,88487
2024-04,2024-Q2,Petcare Diagnostics,PetLab Analyzer,False,Veterinary,National,National,5610212.32,374014
2024-04,2024-Q2,Petcare Diagnostics,PetLab Analyzer,False,Retail,Region,Northeast,91026.32,6068
2024-04,2024-Q2,Petcare Diagnostics,PetLab Analyzer,False,Retail,Region,South,135982.21,9065
2024-04,2024-Q2,Petcare Diagnostics,PetLab Analyzer,False,Retail,Region,Midwest,85202.22,5680
2024-04,2024-Q2,Petcare Diagnostics,PetLab Analyzer,False,Retail,Region,West,94545.84,6303
2024-04,2024-Q2,Petcare Diagnostics,PetLab Analyzer,False,Retail,National,National,406756.59,27117
2024-04,2024-Q2,Petcare Diagnostics,PetLab Analyzer,False,E-commerce,Region,Northeast,219515.04,14634
2024-04,2024-Q2,Petcare Diagnostics,PetLab Analyzer,False,E-commerce,Region,South,323961.22,21597
2024-04,2024-Q2,Petcare Diagnostics,PetLab Analyzer,False,E-commerce,Region,Midwest,199569.87,13305
2024-04,2024-Q2,Petcare Diagnostics,PetLab Analyzer,False,E-commerce,Region,West,223136.85,14876
2024-04,2024-Q2,Petcare Diagnostics,PetLab Analyzer,False,E-commerce,National,National,966182.98,64412
2024-05,2024-Q2,Petcare Diagnostics,PetLab Analyzer,False,Veterinary,Region,Northeast,1211319.15,80755
2024-05,2024-Q2,Petcare Diagnostics,PetLab Analyzer,False,Veterinary,Region,South,1804665.36,120311
2024-05,2024-Q2,Petcare Diagnostics,PetLab Analyzer,False,Veterinary,Region,Midwest,1148385.9,76559
2024-05,2024-Q2,Petcare Diagnostics,PetLab Analyzer,False,Veterinary,Region,West,1305997.01,87066
2024-05,2024-Q2,Petcare Diagnostics,PetLab Analyzer,False,Veterinary,National,National,5470367.42,364691
2024-05,2024-Q2,Petcare Diagnostics,PetLab Analyzer,False,Retail,Region,Northeast,91221.9,6081
2024-05,2024-Q2,Petcare Diagnostics,PetLab Analyzer,False,Retail,Region,South,140938.09,9396
2024-05,2024-Q2,Petcare Diagnostics,PetLab Analyzer,False,Retail,Region,Midwest,84101.38,5607
2024-05,2024-Q2,Petcare Diagnostics,PetLab Analyzer,False,Retail,Region,West,93462.31,6231
2024-05,2024-Q2,Petcare Diagnostics,PetLab Analyzer,False,Retail,National,National,409723.68,27315
2024-05,2024-Q2,Petcare Diagnostics,PetLab Analyzer,False,E-commerce,Region,Northeast,211844.88,14123
2024-05,2024-Q2,Petcare Diagnostics,PetLab Analyzer,False,E-commerce,Region,South,345957.01,23064
2024-05,2024-Q2,Petcare Diagnostics,PetLab Analyzer,False,E-commerce,Region,Midwest,215412.42,14361
2024-05,2024-Q2,Petcare Diagnostics,PetLab Analyzer,False,E-commerce,Region,West,228502.33,15233
2024-05,2024-Q2,Petcare Diagnostics,PetLab Analyzer,False,E-commerce,National,National,1001716.64,66781
2024-06,2024-Q2,Petcare Diagnostics,PetLab Analyzer,False,Veterinary,Region,Northeast,1156445.64,77096
2024-06,2024-Q2,Petcare Diagnostics,PetLab Analyzer,False,Veterinary,Region,South,1826535.73,121769
2024-06,2024-Q2,Petcare Diagnostics,PetLab Analyzer,False,Veterinary,Region,Midwest,1188837.09,79256
2024-06,2024-Q2,Petcare Diagnostics,PetLab Analyzer,False,Veterinary,Region,West,1213305.96,80887
2024-06,2024-Q2,Petcare Diagnostics,PetLab Analyzer,False,Veterinary,National,National,5385124.42,359008
2024-06,2024-Q2,Petcare Diagnostics,PetLab Analyzer,False,Retail,Region,Northeast,87713.04,5848
2024-06,2024-Q2,Petcare Diagnostics,PetLab Analyzer,False,Retail,Region,South,138340.81,9223
2024-06,2024-Q2,Petcare Diagnostics,PetLab Analyzer,False,Retail,Region,Midwest,82934.33,5529
2024-06,2024-Q2,Petcare Diagnostics,PetLab Analyzer,False,Retail,Region,West,87518.97,5835
2024-06,2024-Q2,Petcare Diagnostics,PetLab Analyzer,False,Retail,National,National,396507.16,26434
2024-06,2024-Q2,Petcare Diagnostics,PetLab Analyzer,False,E-commerce,Region,Northeast,224652.86,14977
2024-06,2024-Q2,Petcare Diagnostics,PetLab Analyzer,False,E-commerce,Region,South,359447.24,23963
2024-06,2024-Q2,Petcare Diagnostics,PetLab Analyzer,False,E-commerce,Region,Midwest,213261.28,14217
2024-06,2024-Q2,Petcare Diagnostics,PetLab Analyzer,False,E-commerce,Region,West,232235.63,15482
2024-06,2024-Q2,Petcare Diagnostics,PetLab Analyzer,False,E-commerce,National,National,1029597.02,68640
2024-07,2024-Q3,Petcare Diagnostics,PetLab Analyzer,False,Veterinary,Region,Northeast,1091784.33,72786
2024-07,2024-Q3,Petcare Diagnostics,PetLab Analyzer,False,Veterinary,Region,South,1819549.85,121303
2024-07,2024-Q3,Petcare Diagnostics,PetLab Analyzer,False,Veterinary,Region,Midwest,1097178.93,73145
2024-07,2024-Q3,Petcare Diagnostics,PetLab Analyzer,False,Veterinary,Region,West,1185901.03,79060
2024-07,2024-Q3,Petcare Diagnostics,PetLab Analyzer,False,Veterinary,National,National,5194414.14,346294
2024-07,2024-Q3,Petcare Diagnostics,PetLab Analyzer,False,Retail,Region,Northeast,87910.95,5861
2024-07,2024-Q3,Petcare Diagnostics,PetLab Analyzer,False,Retail,Region,South,127267.61,8485
2024-07,2024-Q3,Petcare Diagnostics,PetLab Analyzer,False,Retail,Region,Midwest,81156.96,5410
2024-07,2024-Q3,Petcare Diagnostics,PetLab Analyzer,False,Retail,Region,West,85332.94,5689
2024-07,2024-Q3,Petcare Diagnostics,PetLab Analyzer,False,Retail,National,National,381668.45,25445
2024-07,2024-Q3,Petcare Diagnostics,PetLab Analyzer,False,E-commerce,Region,Northeast,228344.26,15223
2024-07,2024-Q3,Petcare Diagnostics,PetLab Analyzer,False,E-commerce,Region,South,334618.71,22308
2024-07,2024-Q3,Petcare Diagnostics,PetLab Analyzer,False,E-commerce,Region,Midwest,217223.45,14482
2024-07,2024-Q3,Petcare Diagnostics,PetLab Analyzer,False,E-commerce,Region,West,237172.46,15811
2024-07,2024-Q3,Petcare Diagnostics,PetLab Analyzer,False,E-commerce,National,National,1017358.87,67824
2024-08,2024-Q3,Petcare Diagnostics,PetLab Analyzer,False,Veterinary,Region,Northeast,1111419.51,74095
2024-08,2024-Q3,Petcare Diagnostics,PetLab Analyzer,False,Veterinary,Region,South,1763773.67,117585
2024-08,2024-Q3,Petcare Diagnostics,PetLab Analyzer,False,Veterinary,Region,Midwest,1076605.52,71774
2024-08,2024-Q3,Petcare Diagnostics,PetLab Analyzer,False,Veterinary,Region,West,1235158.26,82344
2024-08,2024-Q3,Petcare Diagnostics,PetLab Analyzer,False,Veterinary,National,National,5186956.96,345797
2024-08,2024-Q3,Petcare Diagnostics,PetLab Analyzer,False,Retail,Region,Northeast,78835.24,5256
2024-08,2024-Q3,Petcare Diagnostics,PetLab Analyzer,False,Retail,Region,South,126997.58,8467
2024-08,2024-Q3,Petcare Diagnostics,PetLab Analyzer,False,Retail,Region,Midwest,80530.79,5369
2024-08,2024-Q3,Petcare Diagnostics,PetLab Analyzer,False,Retail,Region,West,87386.22,5826
2024-08,2024-Q3,Petcare Diagnostics,PetLab Analyzer,False,Retail,National,National,373749.82,24917
2024-08,2024-Q3,Petcare Diagnostics,PetLab Analyzer,False,E-commerce,Region,Northeast,220881.24,14725
2024-08,2024-Q3,Petcare Diagnostics,PetLab Analyzer,False,E-commerce,Region,South,369795.83,24653
2024-08,2024-Q3,Petcare Diagnostics,PetLab Analyzer,False,E-commerce,Region,Midwest,221414.35,14761
2024-08,2024-Q3,Petcare Diagnostics,PetLab Analyzer,False,E-commerce,Region,West,249324.93,16622
2024-08,2024-Q3,Petcare Diagnostics,PetLab Analyzer,False,E-commerce,National,National,1061416.36,70761
2024-09,2024-Q3,Petcare Diagnostics,PetLab Analyzer,False,Veterinary,Region,Northeast,1111353.91,74090
2024-09,2024-Q3,Petcare Diagnostics,PetLab Analyzer,False,Veterinary,Region,South,1725840.46,115056
2024-09,2024-Q3,Petcare Diagnostics,PetLab Analyzer,False,Veterinary,Region,Midwest,1045769.54,69718
2024-09,2024-Q3,Petcare Diagnostics,PetLab Analyzer,False,Veterinary,Region,West,1237663.21,82511
2024-09,2024-Q3,Petcare Diagnostics,PetLab Analyzer,False,Veterinary,National,National,5120627.12,341375
2024-09,2024-Q3,Petcare Diagnostics,PetLab Analyzer,False,Retail,Region,Northeast,78300.73,5220
2024-09,2024-Q3,Petcare Diagnostics,PetLab Analyzer,False,Retail,Region,South,123244.8,8216
2024-09,2024-Q3,Petcare Diagnostics,PetLab Analyzer,False,Retail,Region,Midwest,73903.19,4927
2024-09,2024-Q3,Petcare Diagnostics,PetLab Analyzer,False,Retail,Region,West,81157.53,5411
2024-09,2024-Q3,Petcare Diagnostics,PetLab Analyzer,False,Retail,National,National,356606.25,23774
2024-09,2024-Q3,Petcare Diagnostics,PetLab Analyzer,False,E-commerce,Region,Northeast,228424.68,15228
2024-09,2024-Q3,Petcare Diagnostics,PetLab Analyzer,False,E-commerce,Region,South,346967.63,23131
2024-09,2024-Q3,Petcare Diagnostics,PetLab Analyzer,False,E-commerce,Region,Midwest,212770.94,14185
2024-09,2024-Q3,Petcare Diagnostics,PetLab Analyzer,False,E-commerce,Region,West,240129.56,16009
2024-09,2024-Q3,Petcare Diagnostics,PetLab Analyzer,False,E-commerce,National,National,1028292.81,68553
2024-10,2024-Q4,Petcare Diagnostics,PetLab Analyzer,False,Veterinary,Region,Northeast,1174286.22,78286
2024-10,2024-Q4,Petcare Diagnostics,PetLab Analyzer,False,Veterinary,Region,South,1696586.2,113106
2024-10,2024-Q4,Petcare Diagnostics,PetLab Analyzer,False,Veterinary,Region,Midwest,1032810.03,68854
2024-10,2024-Q4,Petcare Diagnostics,PetLab Analyzer,False,Veterinary,Region,West,1175368.79,78358
2024-10,2024-Q4,Petcare Diagnostics,PetLab Analyzer,False,Veterinary,National,National,5079051.24,338603
2024-10,2024-Q4,Petcare Diagnostics,PetLab Analyzer,False,Retail,Region,Northeast,81688.84,5446
2024-10,2024-Q4,Petcare Diagnostics,PetLab Analyzer,False,Retail,Region,South,114176.55,7612
2024-10,2024-Q4,Petcare Diagnostics,PetLab Analyzer,False,Retail,Region,Midwest,76813.52,5121
2024-10,2024-Q4,Petcare Diagnostics,PetLab Analyzer,False,Retail,Region,West,78564.56,5238
2024-10,2024-Q4,Petcare Diagnostics,PetLab Analyzer,False,Retail,National,National,351243.47,23416
2024-10,2024-Q4,Petcare Diagnostics,PetLab Analyzer,False,E-commerce,Region,Northeast,231840.9,15456
2024-10,2024-Q4,Petcare Diagnostics,PetLab Analyzer,False,E-commerce,Region,South,348475.62,23232
2024-10,2024-Q4,Petcare Diagnostics,PetLab Analyzer,False,E-commerce,Region,Midwest,221448.09,14763
2024-10,2024-Q4,Petcare Diagnostics,PetLab Analyzer,False,E-commerce,Region,West,235764.64,15718
2024-10,2024-Q4,Petcare Diagnostics,PetLab Analyzer,False,E-commerce,National,National,1037529.24,69169
2024-11,2024-Q4,Petcare Diagnostics,PetLab Analyzer,False,Veterinary,Region,Northeast,1097412.15,73161
2024-11,2024-Q4,Petcare Diagnostics,PetLab Analyzer,False,Veterinary,Region,South,1705817.56,113721
2024-11,2024-Q4,Petcare Diagnostics,PetLab Analyzer,False,Veterinary,Region,Midwest,1066302.39,71087
2024-11,2024-Q4,Petcare Diagnostics,PetLab Analyzer,False,Veterinary,Region,West,1168222.86,77882
2024-11,2024-Q4,Petcare Diagnostics,PetLab Analyzer,False,Veterinary,National,National,5037754.96,335850
2024-11,2024-Q4,Petcare Diagnostics,PetLab Analyzer,False,Retail,Region,Northeast,76875.81,5125
2024-11,2024-Q4,Petcare Diagnostics,PetLab Analyzer,False,Retail,Region,South,123721.07,8248
2024-11,2024-Q4,Petcare Diagnostics,PetLab Analyzer,False,Retail,Region,Midwest,73925.27,4928
2024-11,2024-Q4,Petcare Diagnostics,PetLab Analyzer,False,Retail,Region,West,83472.73,5565
2024-11,2024-Q4,Petcare Diagnostics,PetLab Analyzer,False,Retail,National,National,357994.88,23866
2024-11,2024-Q4,Petcare Diagnostics,PetLab Analyzer,False,E-commerce,Region,Northeast,244560.51,16304
2024-11,2024-Q4,Petcare Diagnostics,PetLab Analyzer,False,E-commerce,Region,South,369252.58,24617
2024-11,2024-Q4,Petcare Diagnostics,PetLab Analyzer,False,E-commerce,Region,Midwest,223055.51,14870
2024-11,2024-Q4,Petcare Diagnostics,PetLab Analyzer,False,E-commerce,Region,West,233334.35,15556
2024-11,2024-Q4,Petcare Diagnostics,PetLab Analyzer,False,E-commerce,National,National,1070202.96,71347
2024-12,2024-Q4,Petcare Diagnostics,PetLab Analyzer,False,Veterinary,Region,Northeast,1095786.53,73052
2024-12,2024-Q4,Petcare Diagnostics,PetLab Analyzer,False,Veterinary,Region,South,1753069.0,116871
2024-12,2024-Q4,Petcare Diagnostics,PetLab Analyzer,False,Veterinary,Region,Midwest,1125195.38,75013
2024-12,2024-Q4,Petcare Diagnostics,PetLab Analyzer,False,Veterinary,Region,West,1106298.2,73753
2024-12,2024-Q4,Petcare Diagnostics,PetLab Analyzer,False,Veterinary,National,National,5080349.11,338690
2024-12,2024-Q4,Petcare Diagnostics,PetLab Analyzer,False,Retail,Region,Northeast,79551.24,5303
2024-12,2024-Q4,Petcare Diagnostics,PetLab Analyzer,False,Retail,Region,South,115033.12,7669
2024-12,2024-Q4,Petcare Diagnostics,PetLab Analyzer,False,Retail,Region,Midwest,70292.68,4686
2024-12,2024-Q4,Petcare Diagnostics,PetLab Analyzer,False,Retail,Region,West,86997.31,5800
2024-12,2024-Q4,Petcare Diagnostics,PetLab Analyzer,False,Retail,National,National,351874.35,23458
2024-12,2024-Q4,Petcare Diagnostics,PetLab Analyzer,False,E-commerce,Region,Northeast,262772.48,17518
2024-12,2024-Q4,Petcare Diagnostics,PetLab Analyzer,False,E-commerce,Region,South,361670.09,24111
2024-12,2024-Q4,Petcare Diagnostics,PetLab Analyzer,False,E-commerce,Region,Midwest,255131.11,17009
2024-12,2024-Q4,Petcare Diagnostics,PetLab Analyzer,False,E-commerce,Region,West,266788.88,17786
2024-12,2024-Q4,Petcare Diagnostics,PetLab Analyzer,False,E-commerce,National,National,1146362.55,76424
2025-01,2025-Q1,Petcare Diagnostics,PetLab Analyzer,False,Veterinary,Region,Northeast,1177178.47,78479
2025-01,2025-Q1,Petcare Diagnostics,PetLab Analyzer,False,Veterinary,Region,South,1882364.01,125491
2025-01,2025-Q1,Petcare Diagnostics,PetLab Analyzer,False,Veterinary,Region,Midwest,1159867.92,77325
2025-01,2025-Q1,Petcare Diagnostics,PetLab Analyzer,False,Veterinary,Region,West,1187200.18,79147
2025-01,2025-Q1,Petcare Diagnostics,PetLab Analyzer,False,Veterinary,National,National,5406610.59,360441
2025-01,2025-Q1,Petcare Diagnostics,PetLab Analyzer,False,Retail,Region,Northeast,82499.85,5500
2025-01,2025-Q1,Petcare Diagnostics,PetLab Analyzer,False,Retail,Region,South,130045.86,8670
2025-01,2025-Q1,Petcare Diagnostics,PetLab Analyzer,False,Retail,Region,Midwest,76195.76,5080
2025-01,2025-Q1,Petcare Diagnostics,PetLab Analyzer,False,Retail,Region,West,87273.11,5818
2025-01,2025-Q1,Petcare Diagnostics,PetLab Analyzer,False,Retail,National,National,376014.58,25068
2025-01,2025-Q1,Petcare Diagnostics,PetLab Analyzer,False,E-commerce,Region,Northeast,287727.92,19182
2025-01,2025-Q1,Petcare Diagnostics,PetLab Analyzer,False,E-commerce,Region,South,436347.02,29090
2025-01,2025-Q1,Petcare Diagnostics,PetLab Analyzer,False,E-commerce,Region,Midwest,278500.23,18567
2025-01,2025-Q1,Petcare Diagnostics,PetLab Analyzer,False,E-commerce,Region,West,300654.51,20044
2025-01,2025-Q1,Petcare Diagnostics,PetLab Analyzer,False,E-commerce,National,National,1303229.69,86882
2025-02,2025-Q1,Petcare Diagnostics,PetLab Analyzer,False,Veterinary,Region,Northeast,1255111.55,83674
2025-02,2025-Q1,Petcare Diagnostics,PetLab Analyzer,False,Veterinary,Region,South,1984787.8,132319
2025-02,2025-Q1,Petcare Diagnostics,PetLab Analyzer,False,Veterinary,Region,Midwest,1183664.31,78911
2025-02,2025-Q1,Petcare Diagnostics,PetLab Analyzer,False,Veterinary,Region,West,1328466.98,88564
2025-02,2025-Q1,Petcare Diagnostics,PetLab Analyzer,False,Veterinary,National,National,5752030.65,383469
2025-02,2025-Q1,Petcare Diagnostics,PetLab Analyzer,False,Retail,Region,Northeast,84355.84,5624
2025-02,2025-Q1,Petcare Diagnostics,PetLab Analyzer,False,Retail,Region,South,130753.93,8717
2025-02,2025-Q1,Petcare Diagnostics,PetLab Analyzer,False,Retail,Region,Midwest,81476.16,5432
2025-02,2025-Q1,Petcare Diagnostics,PetLab Analyzer,False,Retail,Region,West,86464.58,5764
2025-02,2025-Q1,Petcare Diagnostics,PetLab Analyzer,False,Retail,National,National,383050.52,25537
2025-02,2025-Q1,Petcare Diagnostics,PetLab Analyzer,False,E-commerce,Region,Northeast,295740.7,19716
2025-02,2025-Q1,Petcare Diagnostics,PetLab Analyzer,False,E-commerce,Region,South,436541.32,29103
2025-02,2025-Q1,Petcare Diagnostics,PetLab Analyzer,False,E-commerce,Region,Midwest,286992.9,19133
2025-02,2025-Q1,Petcare Diagnostics,PetLab Analyzer,False,E-commerce,Region,West,301207.61,20081
2025-02,2025-Q1,Petcare Diagnostics,PetLab Analyzer,False,E-commerce,National,National,1320482.54,88032
2025-03,2025-Q1,Petcare Diagnostics,PetLab Analyzer,False,Veterinary,Region,Northeast,1196447.65,79763
2025-03,2025-Q1,Petcare Diagnostics,PetLab Analyzer,False,Veterinary,Region,South,1907351.67,127157
2025-03,2025-Q1,Petcare Diagnostics,PetLab Analyzer,False,Veterinary,Region,Midwest,1175287.62,78353
2025-03,2025-Q1,Petcare Diagnostics,PetLab Analyzer,False,Veterinary,Region,West,1282956.68,85530
2025-03,2025-Q1,Petcare Diagnostics,PetLab Analyzer,False,Veterinary,National,National,5562043.62,370803
2025-03,2025-Q1,Petcare Diagnostics,PetLab Analyzer,False,Retail,Region,Northeast,79704.72,5314
2025-03,2025-Q1,Petcare Diagnostics,PetLab Analyzer,False,Retail,Region,South,124897.64,8327
2025-03,2025-Q1,Petcare Diagnostics,PetLab Analyzer,False,Retail,Region,Midwest,74450.78,4963
2025-03,2025-Q1,Petcare Diagnostics,PetLab Analyzer,False,Retail,Region,West,87648.17,5843
2025-03,2025-Q1,Petcare Diagnostics,PetLab Analyzer,False,Retail,National,National,366701.32,24447
2025-03,2025-Q1,Petcare Diagnostics,PetLab Analyzer,False,E-commerce,Region,Northeast,312967.45,20864
2025-03,2025-Q1,Petcare Diagnostics,PetLab Analyzer,False,E-commerce,Region,South,452929.74,30195
2025-03,2025-Q1,Petcare Diagnostics,PetLab Analyzer,False,E-commerce,Region,Midwest,274267.5,18285
2025-03,2025-Q1,Petcare Diagnostics,PetLab Analyzer,False,E-commerce,Region,West,301156.17,20077
2025-03,2025-Q1,Petcare Diagnostics,PetLab Analyzer,False,E-commerce,National,National,1341320.86,89421
2025-04,2025-Q2,Petcare Diagnostics,PetLab Analyzer,False,Veterinary,Region,Northeast,1181553.28,78770
2025-04,2025-Q2,Petcare Diagnostics,PetLab Analyzer,False,Veterinary,Region,South,1895696.48,126380
2025-04,2025-Q2,Petcare Diagnostics,PetLab Analyzer,False,Veterinary,Region,Midwest,1166596.09,77773
2025-04,2025-Q2,Petcare Diagnostics,PetLab Analyzer,False,Veterinary,Region,West,1303124.3,86875
2025-04,2025-Q2,Petcare Diagnostics,PetLab Analyzer,False,Veterinary,National,National,5546970.16,369798
2025-04,2025-Q2,Petcare Diagnostics,PetLab Analyzer,False,Retail,Region,Northeast,79886.14,5326
2025-04,2025-Q2,Petcare Diagnostics,PetLab Analyzer,False,Retail,Region,South,123574.27,8238
2025-04,2025-Q2,Petcare Diagnostics,PetLab Analyzer,False,Retail,Region,Midwest,75162.6,5011
2025-04,2025-Q2,Petcare Diagnostics,PetLab Analyzer,False,Retail,Region,West,86956.38,5797
2025-04,2025-Q2,Petcare Diagnostics,PetLab Analyzer,False,Retail,National,National,365579.38,24372
2025-04,2025-Q2,Petcare Diagnostics,PetLab Analyzer,False,E-commerce,Region,Northeast,322955.1,21530
2025-04,2025-Q2,Petcare Diagnostics,PetLab Analyzer,False,E-commerce,Region,South,464802.07,30987
2025-04,2025-Q2,Petcare Diagnostics,PetLab Analyzer,False,E-commerce,Region,Midwest,296731.49,19782
2025-04,2025-Q2,Petcare Diagnostics,PetLab Analyzer,False,E-commerce,Region,West,319568.86,21305
2025-04,2025-Q2,Petcare Diagnostics,PetLab Analyzer,False,E-commerce,National,National,1404057.52,93604
2025-05,2025-Q2,Petcare Diagnostics,PetLab Analyzer,False,Veterinary,Region,Northeast,1204747.85,80317
2025-05,2025-Q2,Petcare Diagnostics,PetLab Analyzer,False,Veterinary,Region,South,1828527.7,121902
2025-05,2025-Q2,Petcare Diagnostics,PetLab Analyzer,False,Veterinary,Region,Midwest,1160153.34,77344
2025-05,2025-Q2,Petcare Diagnostics,PetLab Analyzer,False,Veterinary,Region,West,1317317.89,87821
2025-05,2025-Q2,Petcare Diagnostics,PetLab Analyzer,False,Veterinary,National,National,5510746.78,367383
2025-05,2025-Q2,Petcare Diagnostics,PetLab Analyzer,False,Retail,Region,Northeast,82324.28,5488
2025-05,2025-Q2,Petcare Diagnostics,PetLab Analyzer,False,Retail,Region,South,125650.81,8377
2025-05,2025-Q2,Petcare Diagnostics,PetLab Analyzer,False,Retail,Region,Midwest,75791.02,5053
2025-05,2025-Q2,Petcare Diagnostics,PetLab Analyzer,False,Retail,Region,West,85989.83,5733
2025-05,2025-Q2,Petcare Diagnostics,PetLab Analyzer,False,Retail,National,National,369755.94,24650
2025-05,2025-Q2,Petcare Diagnostics,PetLab Analyzer,False,E-commerce,Region,Northeast,318313.57,21221
2025-05,2025-Q2,Petcare Diagnostics,PetLab Analyzer,False,E-commerce,Region,South,491277.87,32752
2025-05,2025-Q2,Petcare Diagnostics,PetLab Analyzer,False,E-commerce,Region,Midwest,292430.28,19495
2025-05,2025-Q2,Petcare Diagnostics,PetLab Analyzer,False,E-commerce,Region,West,345442.62,23030
2025-05,2025-Q2,Petcare Diagnostics,PetLab Analyzer,False,E-commerce,National,National,1447464.34,96498
2025-06,2025-Q2,Petcare Diagnostics,PetLab Analyzer,False,Veterinary,Region,Northeast,1200780.5,80052
2025-06,2025-Q2,Petcare Diagnostics,PetLab Analyzer,False,Veterinary,Region,South,1838237.25,122549
2025-06,2025-Q2,Petcare Diagnostics,PetLab Analyzer,False,Veterinary,Region,Midwest,1250387.1,83359
2025-06,2025-Q2,Petcare Diagnostics,PetLab Analyzer,False,Veterinary,Region,West,1301017.9,86735
2025-06,2025-Q2,Petcare Diagnostics,PetLab Analyzer,False,Veterinary,National,National,5590422.75,372695
2025-06,2025-Q2,Petcare Diagnostics,PetLab Analyzer,False,Retail,Region,Northeast,76143.24,5076
2025-06,2025-Q2,Petcare Diagnostics,PetLab Analyzer,False,Retail,Region,South,120478.74,8032
2025-06,2025-Q2,Petcare Diagnostics,PetLab Analyzer,False,Retail,Region,Midwest,76407.57,5094
2025-06,2025-Q2,Petcare Diagnostics,PetLab Analyzer,False,Retail,Region,West,84913.31,5661
2025-06,2025-Q2,Petcare Diagnostics,PetLab Analyzer,False,Retail,National,National,357942.86,23863
2025-06,2025-Q2,Petcare Diagnostics,PetLab Analyzer,False,E-commerce,Region,Northeast,338495.42,22566
2025-06,2025-Q2,Petcare Diagnostics,PetLab Analyzer,False,E-commerce,Region,South,535384.01,35692
2025-06,2025-Q2,Petcare Diagnostics,PetLab Analyzer,False,E-commerce,Region,Midwest,322334.01,21489
2025-06,2025-Q2,Petcare Diagnostics,PetLab Analyzer,False,E-commerce,Region,West,350191.24,23346
2025-06,2025-Q2,Petcare Diagnostics,PetLab Analyzer,False,E-commerce,National,National,1546404.69,103094
2025-07,2025-Q3,Petcare Diagnostics,PetLab Analyzer,False,Veterinary,Region,Northeast,1193934.0,79596
2025-07,2025-Q3,Petcare Diagnostics,PetLab Analyzer,False,Veterinary,Region,South,1840424.3,122695
2025-07,2025-Q3,Petcare Diagnostics,PetLab Analyzer,False,Veterinary,Region,Midwest,1108010.23,73867
2025-07,2025-Q3,Petcare Diagnostics,PetLab Analyzer,False,Veterinary,Region,West,1296296.91,86420
2025-07,2025-Q3,Petcare Diagnostics,PetLab Analyzer,False,Veterinary,National,National,5438665.45,362578
2025-07,2025-Q3,Petcare Diagnostics,PetLab Analyzer,False,Retail,Region,Northeast,74508.0,4967
2025-07,2025-Q3,Petcare Diagnostics,PetLab Analyzer,False,Retail,Region,South,118523.01,7902
2025-07,2025-Q3,Petcare Diagnostics,PetLab Analyzer,False,Retail,Region,Midwest,72874.89,4858
2025-07,2025-Q3,Petcare Diagnostics,PetLab Analyzer,False,Retail,Region,West,78763.06,5251
2025-07,2025-Q3,Petcare Diagnostics,PetLab Analyzer,False,Retail,National,National,344668.96,22978
2025-07,2025-Q3,Petcare Diagnostics,PetLab Analyzer,False,E-commerce,Region,Northeast,328595.63,21906
2025-07,2025-Q3,Petcare Diagnostics,PetLab Analyzer,False,E-commerce,Region,South,529342.43,35289
2025-07,2025-Q3,Petcare Diagnostics,PetLab Analyzer,False,E-commerce,Region,Midwest,332963.8,22198
2025-07,2025-Q3,Petcare Diagnostics,PetLab Analyzer,False,E-commerce,Region,West,343374.51,22892
2025-07,2025-Q3,Petcare Diagnostics,PetLab Analyzer,False,E-commerce,National,National,1534276.37,102285
2025-08,2025-Q3,Petcare Diagnostics,PetLab Analyzer,False,Veterinary,Region,Northeast,1202464.28,80164
2025-08,2025-Q3,Petcare Diagnostics,PetLab Analyzer,False,Veterinary,Region,South,1761448.64,117430
2025-08,2025-Q3,Petcare Diagnostics,PetLab Analyzer,False,Veterinary,Region,Midwest,1066873.43,71125
2025-08,2025-Q3,Petcare Diagnostics,PetLab Analyzer,False,Veterinary,Region,West,1176582.95,78439
2025-08,2025-Q3,Petcare Diagnostics,PetLab Analyzer,False,Veterinary,National,National,5207369.31,347158
2025-08,2025-Q3,Petcare Diagnostics,PetLab Analyzer,False,Retail,Region,Northeast,72184.02,4812
2025-08,2025-Q3,Petcare Diagnostics,PetLab Analyzer,False,Retail,Region,South,108485.38,7232
2025-08,2025-Q3,Petcare Diagnostics,PetLab Analyzer,False,Retail,Region,Midwest,67368.51,4491
2025-08,2025-Q3,Petcare Diagnostics,PetLab Analyzer,False,Retail,Region,West,70732.1,4715
2025-08,2025-Q3,Petcare Diagnostics,PetLab Analyzer,False,Retail,National,National,318770.01,21251
2025-08,2025-Q3,Petcare Diagnostics,PetLab Analyzer,False,E-commerce,Region,Northeast,312552.95,20837
2025-08,2025-Q3,Petcare Diagnostics,PetLab Analyzer,False,E-commerce,Region,South,511102.4,34073
2025-08,2025-Q3,Petcare Diagnostics,PetLab Analyzer,False,E-commerce,Region,Midwest,309320.7,20621
2025-08,2025-Q3,Petcare Diagnostics,PetLab Analyzer,False,E-commerce,Region,West,344699.08,22980
2025-08,2025-Q3,Petcare Diagnostics,PetLab Analyzer,False,E-commerce,National,National,1477675.13,98512
2025-09,2025-Q3,Petcare Diagnostics,PetLab Analyzer,False,Veterinary,Region,Northeast,1076394.65,71760
2025-09,2025-Q3,Petcare Diagnostics,PetLab Analyzer,False,Veterinary,Region,South,1708830.34,113922
2025-09,2025-Q3,Petcare Diagnostics,PetLab Analyzer,False,Veterinary,Region,Midwest,1066772.31,71118
2025-09,2025-Q3,Petcare Diagnostics,PetLab Analyzer,False,Veterinary,Region,West,1216835.67,81122
2025-09,2025-Q3,Petcare Diagnostics,PetLab Analyzer,False,Veterinary,National,National,5068832.98,337922
2025-09,2025-Q3,Petcare Diagnostics,PetLab Analyzer,False,Retail,Region,Northeast,67265.7,4484
2025-09,2025-Q3,Petcare Diagnostics,PetLab Analyzer,False,Retail,Region,South,100568.58,6705
2025-09,2025-Q3,Petcare Diagnostics,PetLab Analyzer,False,Retail,Region,Midwest,62367.8,4158
2025-09,2025-Q3,Petcare Diagnostics,PetLab Analyzer,False,Retail,Region,West,67092.0,4473
2025-09,2025-Q3,Petcare Diagnostics,PetLab Analyzer,False,Retail,National,National,297294.08,19820
2025-09,2025-Q3,Petcare Diagnostics,PetLab Analyzer,False,E-commerce,Region,Northeast,329071.19,21938
2025-09,2025-Q3,Petcare Diagnostics,PetLab Analyzer,False,E-commerce,Region,South,486596.62,32440
2025-09,2025-Q3,Petcare Diagnostics,PetLab Analyzer,False,E-commerce,Region,Midwest,296123.95,19742
2025-09,2025-Q3,Petcare Diagnostics,PetLab Analyzer,False,E-commerce,Region,West,342070.56,22805
2025-09,2025-Q3,Petcare Diagnostics,PetLab Analyzer,False,E-commerce,National,National,1453862.31,96924
2025-10,2025-Q4,Petcare Diagnostics,PetLab Analyzer,False,Veterinary,Region,Northeast,1146535.95,76436
2025-10,2025-Q4,Petcare Diagnostics,PetLab Analyzer,False,Veterinary,Region,South,1761138.55,117409
2025-10,2025-Q4,Petcare Diagnostics,PetLab Analyzer,False,Veterinary,Region,Midwest,1114615.41,74308
2025-10,2025-Q4,Petcare Diagnostics,PetLab Analyzer,False,Veterinary,Region,West,1148764.67,76584
2025-10,2025-Q4,Petcare Diagnostics,PetLab Analyzer,False,Veterinary,National,National,5171054.57,344737
2025-10,2025-Q4,Petcare Diagnostics,PetLab Analyzer,False,Retail,Region,Northeast,70662.79,4711
2025-10,2025-Q4,Petcare Diagnostics,PetLab Analyzer,False,Retail,Region,South,109785.65,7319
2025-10,2025-Q4,Petcare Diagnostics,PetLab Analyzer,False,Retail,Region,Midwest,66822.24,4455
2025-10,2025-Q4,Petcare Diagnostics,PetLab Analyzer,False,Retail,Region,West,74334.39,4956
2025-10,2025-Q4,Petcare Diagnostics,PetLab Analyzer,False,Retail,National,National,321605.07,21440
2025-10,2025-Q4,Petcare Diagnostics,PetLab Analyzer,False,E-commerce,Region,Northeast,342804.77,22854
2025-10,2025-Q4,Petcare Diagnostics,PetLab Analyzer,False,E-commerce,Region,South,532273.62,35485
2025-10,2025-Q4,Petcare Diagnostics,PetLab Analyzer,False,E-commerce,Region,Midwest,340677.77,22712
2025-10,2025-Q4,Petcare Diagnostics,PetLab Analyzer,False,E-commerce,Region,West,359416.18,23961
2025-10,2025-Q4,Petcare Diagnostics,PetLab Analyzer,False,E-commerce,National,National,1575172.34,105011
2025-11,2025-Q4,Petcare Diagnostics,PetLab Analyzer,False,Veterinary,Region,Northeast,1203330.08,80222
2025-11,2025-Q4,Petcare Diagnostics,PetLab Analyzer,False,Veterinary,Region,South,1798699.19,119913
2025-11,2025-Q4,Petcare Diagnostics,PetLab Analyzer,False,Veterinary,Region,Midwest,1118392.28,74559
2025-11,2025-Q4,Petcare Diagnostics,PetLab Analyzer,False,Veterinary,Region,West,1201563.3,80104
2025-11,2025-Q4,Petcare Diagnostics,PetLab Analyzer,False,Veterinary,National,National,5321984.84,354799
2025-11,2025-Q4,Petcare Diagnostics,PetLab Analyzer,False,Retail,Region,Northeast,72035.68,4802
2025-11,2025-Q4,Petcare Diagnostics,PetLab Analyzer,False,Retail,Region,South,116351.13,7757
2025-11,2025-Q4,Petcare Diagnostics,PetLab Analyzer,False,Retail,Region,Midwest,65832.45,4389
2025-11,2025-Q4,Petcare Diagnostics,PetLab Analyzer,False,Retail,Region,West,73305.15,4887
2025-11,2025-Q4,Petcare Diagnostics,PetLab Analyzer,False,Retail,National,National,327524.41,21835
2025-11,2025-Q4,Petcare Diagnostics,PetLab Analyzer,False,E-commerce,Region,Northeast,361020.07,24068
2025-11,2025-Q4,Petcare Diagnostics,PetLab Analyzer,False,E-commerce,Region,South,551453.15,36764
2025-11,2025-Q4,Petcare Diagnostics,PetLab Analyzer,False,E-commerce,Region,Midwest,337968.51,22531
2025-11,2025-Q4,Petcare Diagnostics,PetLab Analyzer,False,E-commerce,Region,West,379107.6,25274
2025-11,2025-Q4,Petcare Diagnostics,PetLab Analyzer,False,E-commerce,National,National,1629549.32,108637
2025-12,2025-Q4,Petcare Diagnostics,PetLab Analyzer,False,Veterinary,Region,Northeast,1095603.09,73040
2025-12,2025-Q4,Petcare Diagnostics,PetLab Analyzer,False,Veterinary,Region,South,1751080.92,116739
2025-12,2025-Q4,Petcare Diagnostics,PetLab Analyzer,False,Veterinary,Region,Midwest,1076093.85,71740
2025-12,2025-Q4,Petcare Diagnostics,PetLab Analyzer,False,Veterinary,Region,West,1183247.89,78883
2025-12,2025-Q4,Petcare Diagnostics,PetLab Analyzer,False,Veterinary,National,National,5106025.75,340402
2025-12,2025-Q4,Petcare Diagnostics,PetLab Analyzer,False,Retail,Region,Northeast,66782.74,4452
2025-12,2025-Q4,Petcare Diagnostics,PetLab Analyzer,False,Retail,Region,South,105071.26,7005
2025-12,2025-Q4,Petcare Diagnostics,PetLab Analyzer,False,Retail,Region,Midwest,60671.99,4045
2025-12,2025-Q4,Petcare Diagnostics,PetLab Analyzer,False,Retail,Region,West,67212.77,4481
2025-12,2025-Q4,Petcare Diagnostics,PetLab Analyzer,False,Retail,National,National,299738.75,19983
2025-12,2025-Q4,Petcare Diagnostics,PetLab Analyzer,False,E-commerce,Region,Northeast,360846.76,24056
2025-12,2025-Q4,Petcare Diagnostics,PetLab Analyzer,False,E-commerce,Region,South,541723.78,36115
2025-12,2025-Q4,Petcare Diagnostics,PetLab Analyzer,False,E-commerce,Region,Midwest,335568.26,22371
2025-12,2025-Q4,Petcare Diagnostics,PetLab Analyzer,False,E-commerce,Region,West,378746.14,25250
2025-12,2025-Q4,Petcare Diagnostics,PetLab Analyzer,False,E-commerce,National,National,1616884.94,107792
2026-01,2026-Q1,Petcare Diagnostics,PetLab Analyzer,False,Veterinary,Region,Northeast,1197352.83,79824
2026-01,2026-Q1,Petcare Diagnostics,PetLab Analyzer,False,Veterinary,Region,South,1781727.51,118782
2026-01,2026-Q1,Petcare Diagnostics,PetLab Analyzer,False,Veterinary,Region,Midwest,1052152.04,70143
2026-01,2026-Q1,Petcare Diagnostics,PetLab Analyzer,False,Veterinary,Region,West,1241786.78,82786
2026-01,2026-Q1,Petcare Diagnostics,PetLab Analyzer,False,Veterinary,National,National,5273019.16,351535
2026-01,2026-Q1,Petcare Diagnostics,PetLab Analyzer,False,Retail,Region,Northeast,69353.25,4624
2026-01,2026-Q1,Petcare Diagnostics,PetLab Analyzer,False,Retail,Region,South,106291.29,7086
2026-01,2026-Q1,Petcare Diagnostics,PetLab Analyzer,False,Retail,Region,Midwest,62338.88,4156
2026-01,2026-Q1,Petcare Diagnostics,PetLab Analyzer,False,Retail,Region,West,70233.6,4682
2026-01,2026-Q1,Petcare Diagnostics,PetLab Analyzer,False,Retail,National,National,308217.01,20548
2026-01,2026-Q1,Petcare Diagnostics,PetLab Analyzer,False,E-commerce,Region,Northeast,370536.4,24702
2026-01,2026-Q1,Petcare Diagnostics,PetLab Analyzer,False,E-commerce,Region,South,540419.63,36028
2026-01,2026-Q1,Petcare Diagnostics,PetLab Analyzer,False,E-commerce,Region,Midwest,374847.02,24990
2026-01,2026-Q1,Petcare Diagnostics,PetLab Analyzer,False,E-commerce,Region,West,369879.58,24659
2026-01,2026-Q1,Petcare Diagnostics,PetLab Analyzer,False,E-commerce,National,National,1655682.63,110379
2026-02,2026-Q1,Petcare Diagnostics,PetLab Analyzer,False,Veterinary,Region,Northeast,1269775.1,84652
2026-02,2026-Q1,Petcare Diagnostics,PetLab Analyzer,False,Veterinary,Region,South,1979787.21,131986
2026-02,2026-Q1,Petcare Diagnostics,PetLab Analyzer,False,Veterinary,Region,Midwest,1203887.18,80259
2026-02,2026-Q1,Petcare Diagnostics,PetLab Analyzer,False,Veterinary,Region,West,1384425.79,92295
2026-02,2026-Q1,Petcare Diagnostics,PetLab Analyzer,False,Veterinary,National,National,5837875.28,389192
2026-02,2026-Q1,Petcare Diagnostics,PetLab Analyzer,False,Retail,Region,Northeast,75649.01,5043
2026-02,2026-Q1,Petcare Diagnostics,PetLab Analyzer,False,Retail,Region,South,111559.69,7437
2026-02,2026-Q1,Petcare Diagnostics,PetLab Analyzer,False,Retail,Region,Midwest,67242.91,4483
2026-02,2026-Q1,Petcare Diagnostics,PetLab Analyzer,False,Retail,Region,West,73485.51,4899
2026-02,2026-Q1,Petcare Diagnostics,PetLab Analyzer,False,Retail,National,National,327937.12,21862
2026-02,2026-Q1,Petcare Diagnostics,PetLab Analyzer,False,E-commerce,Region,Northeast,422295.0,28153
2026-02,2026-Q1,Petcare Diagnostics,PetLab Analyzer,False,E-commerce,Region,South,597030.32,39802
2026-02,2026-Q1,Petcare Diagnostics,PetLab Analyzer,False,E-commerce,Region,Midwest,376085.55,25072
2026-02,2026-Q1,Petcare Diagnostics,PetLab Analyzer,False,E-commerce,Region,West,432917.48,28861
2026-02,2026-Q1,Petcare Diagnostics,PetLab Analyzer,False,E-commerce,National,National,1828328.36,121889
2026-03,2026-Q1,Petcare Diagnostics,PetLab Analyzer,False,Veterinary,Region,Northeast,1232820.23,82188
2026-03,2026-Q1,Petcare Diagnostics,PetLab Analyzer,False,Veterinary,Region,South,1908259.84,127217
2026-03,2026-Q1,Petcare Diagnostics,PetLab Analyzer,False,Veterinary,Region,Midwest,1132397.41,75493
2026-03,2026-Q1,Petcare Diagnostics,PetLab Analyzer,False,Veterinary,Region,West,1292493.71,86166
2026-03,2026-Q1,Petcare Diagnostics,PetLab Analyzer,False,Veterinary,National,National,5565971.19,371065
2026-03,2026-Q1,Petcare Diagnostics,PetLab Analyzer,False,Retail,Region,Northeast,69173.36,4612
2026-03,2026-Q1,Petcare Diagnostics,PetLab Analyzer,False,Retail,Region,South,108345.73,7223
2026-03,2026-Q1,Petcare Diagnostics,PetLab Analyzer,False,Retail,Region,Midwest,67480.44,4499
2026-03,2026-Q1,Petcare Diagnostics,PetLab Analyzer,False,Retail,Region,West,68409.49,4561
2026-03,2026-Q1,Petcare Diagnostics,PetLab Analyzer,False,Retail,National,National,313409.02,20894
2026-03,2026-Q1,Petcare Diagnostics,PetLab Analyzer,False,E-commerce,Region,Northeast,436557.05,29104
2026-03,2026-Q1,Petcare Diagnostics,PetLab Analyzer,False,E-commerce,Region,South,603600.17,40240
2026-03,2026-Q1,Petcare Diagnostics,PetLab Analyzer,False,E-commerce,Region,Midwest,404192.93,26946
2026-03,2026-Q1,Petcare Diagnostics,PetLab Analyzer,False,E-commerce,Region,West,430043.76,28670
2026-03,2026-Q1,Petcare Diagnostics,PetLab Analyzer,False,E-commerce,National,National,1874393.91,124960
2024-04,2024-Q2,Petcare Diagnostics,VetSelect Dx,False,Veterinary,Region,Northeast,791168.19,65931
2024-04,2024-Q2,Petcare Diagnostics,VetSelect Dx,False,Veterinary,Region,South,1195957.79,99663
2024-04,2024-Q2,Petcare Diagnostics,VetSelect Dx,False,Veterinary,Region,Midwest,735914.29,61326
2024-04,2024-Q2,Petcare Diagnostics,VetSelect Dx,False,Veterinary,Region,West,772991.58,64416
2024-04,2024-Q2,Petcare Diagnostics,VetSelect Dx,False,Veterinary,National,National,3496031.85,291336
2024-04,2024-Q2,Petcare Diagnostics,VetSelect Dx,False,Retail,Region,Northeast,250762.66,20897
2024-04,2024-Q2,Petcare Diagnostics,VetSelect Dx,False,Retail,Region,South,380075.05,31673
2024-04,2024-Q2,Petcare Diagnostics,VetSelect Dx,False,Retail,Region,Midwest,233224.23,19435
2024-04,2024-Q2,Petcare Diagnostics,VetSelect Dx,False,Retail,Region,West,254062.19,21172
2024-04,2024-Q2,Petcare Diagnostics,VetSelect Dx,False,Retail,National,National,1118124.13,93177
2024-04,2024-Q2,Petcare Diagnostics,VetSelect Dx,False,E-commerce,Region,Northeast,167678.79,13973
2024-04,2024-Q2,Petcare Diagnostics,VetSelect Dx,False,E-commerce,Region,South,255782.97,21315
2024-04,2024-Q2,Petcare Diagnostics,VetSelect Dx,False,E-commerce,Region,Midwest,164189.59,13682
2024-04,2024-Q2,Petcare Diagnostics,VetSelect Dx,False,E-commerce,Region,West,172399.94,14367
2024-04,2024-Q2,Petcare Diagnostics,VetSelect Dx,False,E-commerce,National,National,760051.3,63338
2024-05,2024-Q2,Petcare Diagnostics,VetSelect Dx,False,Veterinary,Region,Northeast,718542.02,59879
2024-05,2024-Q2,Petcare Diagnostics,VetSelect Dx,False,Veterinary,Region,South,1138315.79,94860
2024-05,2024-Q2,Petcare Diagnostics,VetSelect Dx,False,Veterinary,Region,Midwest,663931.47,55328
2024-05,2024-Q2,Petcare Diagnostics,VetSelect Dx,False,Veterinary,Region,West,799773.99,66648
2024-05,2024-Q2,Petcare Diagnostics,VetSelect Dx,False,Veterinary,National,National,3320563.27,276714
2024-05,2024-Q2,Petcare Diagnostics,VetSelect Dx,False,Retail,Region,Northeast,236384.35,19699
2024-05,2024-Q2,Petcare Diagnostics,VetSelect Dx,False,Retail,Region,South,366407.8,30534
2024-05,2024-Q2,Petcare Diagnostics,VetSelect Dx,False,Retail,Region,Midwest,228122.17,19010
2024-05,2024-Q2,Petcare Diagnostics,VetSelect Dx,False,Retail,Region,West,253828.9,21152
2024-05,2024-Q2,Petcare Diagnostics,VetSelect Dx,False,Retail,National,National,1084743.22,90395
2024-05,2024-Q2,Petcare Diagnostics,VetSelect Dx,False,E-commerce,Region,Northeast,167552.59,13963
2024-05,2024-Q2,Petcare Diagnostics,VetSelect Dx,False,E-commerce,Region,South,248157.3,20680
2024-05,2024-Q2,Petcare Diagnostics,VetSelect Dx,False,E-commerce,Region,Midwest,153454.86,12788
2024-05,2024-Q2,Petcare Diagnostics,VetSelect Dx,False,E-commerce,Region,West,181929.77,15161
2024-05,2024-Q2,Petcare Diagnostics,VetSelect Dx,False,E-commerce,National,National,751094.53,62591
2024-06,2024-Q2,Petcare Diagnostics,VetSelect Dx,False,Veterinary,Region,Northeast,692272.5,57689
2024-06,2024-Q2,Petcare Diagnostics,VetSelect Dx,False,Veterinary,Region,South,1074042.66,89504
2024-06,2024-Q2,Petcare Diagnostics,VetSelect Dx,False,Veterinary,Region,Midwest,699949.1,58329
2024-06,2024-Q2,Petcare Diagnostics,VetSelect Dx,False,Veterinary,Region,West,752706.64,62726
2024-06,2024-Q2,Petcare Diagnostics,VetSelect Dx,False,Veterinary,National,National,3218970.89,268248
2024-06,2024-Q2,Petcare Diagnostics,VetSelect Dx,False,Retail,Region,Northeast,233419.03,19452
2024-06,2024-Q2,Petcare Diagnostics,VetSelect Dx,False,Retail,Region,South,348002.38,29000
2024-06,2024-Q2,Petcare Diagnostics,VetSelect Dx,False,Retail,Region,Midwest,222841.62,18570
2024-06,2024-Q2,Petcare Diagnostics,VetSelect Dx,False,Retail,Region,West,234746.34,19562
2024-06,2024-Q2,Petcare Diagnostics,VetSelect Dx,False,Retail,National,National,1039009.37,86584
2024-06,2024-Q2,Petcare Diagnostics,VetSelect Dx,False,E-commerce,Region,Northeast,162317.36,13526
2024-06,2024-Q2,Petcare Diagnostics,VetSelect Dx,False,E-commerce,Region,South,249324.39,20777
2024-06,2024-Q2,Petcare Diagnostics,VetSelect Dx,False,E-commerce,Region,Midwest,154165.99,12847
2024-06,2024-Q2,Petcare Diagnostics,VetSelect Dx,False,E-commerce,Region,West,167411.65,13951
2024-06,2024-Q2,Petcare Diagnostics,VetSelect Dx,False,E-commerce,National,National,733219.39,61102
2024-07,2024-Q3,Petcare Diagnostics,VetSelect Dx,False,Veterinary,Region,Northeast,736895.38,61408
2024-07,2024-Q3,Petcare Diagnostics,VetSelect Dx,False,Veterinary,Region,South,1101049.43,91754
2024-07,2024-Q3,Petcare Diagnostics,VetSelect Dx,False,Veterinary,Region,Midwest,687539.09,57295
2024-07,2024-Q3,Petcare Diagnostics,VetSelect Dx,False,Veterinary,Region,West,773381.86,64448
2024-07,2024-Q3,Petcare Diagnostics,VetSelect Dx,False,Veterinary,National,National,3298865.76,274905
2024-07,2024-Q3,Petcare Diagnostics,VetSelect Dx,False,Retail,Region,Northeast,237908.95,19826
2024-07,2024-Q3,Petcare Diagnostics,VetSelect Dx,False,Retail,Region,South,381800.77,31817
2024-07,2024-Q3,Petcare Diagnostics,VetSelect Dx,False,Retail,Region,Midwest,224320.98,18693
2024-07,2024-Q3,Petcare Diagnostics,VetSelect Dx,False,Retail,Region,West,250020.74,20835
2024-07,2024-Q3,Petcare Diagnostics,VetSelect Dx,False,Retail,National,National,1094051.44,91171
2024-07,2024-Q3,Petcare Diagnostics,VetSelect Dx,False,E-commerce,Region,Northeast,178252.13,14854
2024-07,2024-Q3,Petcare Diagnostics,VetSelect Dx,False,E-commerce,Region,South,262020.03,21835
2024-07,2024-Q3,Petcare Diagnostics,VetSelect Dx,False,E-commerce,Region,Midwest,161406.1,13451
2024-07,2024-Q3,Petcare Diagnostics,VetSelect Dx,False,E-commerce,Region,West,175186.34,14599
2024-07,2024-Q3,Petcare Diagnostics,VetSelect Dx,False,E-commerce,National,National,776864.6,64739
2024-08,2024-Q3,Petcare Diagnostics,VetSelect Dx,False,Veterinary,Region,Northeast,710830.9,59236
2024-08,2024-Q3,Petcare Diagnostics,VetSelect Dx,False,Veterinary,Region,South,1113621.93,92802
2024-08,2024-Q3,Petcare Diagnostics,VetSelect Dx,False,Veterinary,Region,Midwest,685148.71,57096
2024-08,2024-Q3,Petcare Diagnostics,VetSelect Dx,False,Veterinary,Region,West,752244.28,62687
2024-08,2024-Q3,Petcare Diagnostics,VetSelect Dx,False,Veterinary,National,National,3261845.82,271820
2024-08,2024-Q3,Petcare Diagnostics,VetSelect Dx,False,Retail,Region,Northeast,236587.09,19716
2024-08,2024-Q3,Petcare Diagnostics,VetSelect Dx,False,Retail,Region,South,354488.83,29541
2024-08,2024-Q3,Petcare Diagnostics,VetSelect Dx,False,Retail,Region,Midwest,226606.67,18884
2024-08,2024-Q3,Petcare Diagnostics,VetSelect Dx,False,Retail,Region,West,247178.11,20598
2024-08,2024-Q3,Petcare Diagnostics,VetSelect Dx,False,Retail,National,National,1064860.71,88738
2024-08,2024-Q3,Petcare Diagnostics,VetSelect Dx,False,E-commerce,Region,Northeast,169581.53,14132
2024-08,2024-Q3,Petcare Diagnostics,VetSelect Dx,False,E-commerce,Region,South,271520.51,22627
2024-08,2024-Q3,Petcare Diagnostics,VetSelect Dx,False,E-commerce,Region,Midwest,176749.17,14729
2024-08,2024-Q3,Petcare Diagnostics,VetSelect Dx,False,E-commerce,Region,West,204923.28,17077
2024-08,2024-Q3,Petcare Diagnostics,VetSelect Dx,False,E-commerce,National,National,822774.49,68565
2024-09,2024-Q3,Petcare Diagnostics,VetSelect Dx,False,Veterinary,Region,Northeast,696068.75,58006
2024-09,2024-Q3,Petcare Diagnostics,VetSelect Dx,False,Veterinary,Region,South,1022037.4,85170
2024-09,2024-Q3,Petcare Diagnostics,VetSelect Dx,False,Veterinary,Region,Midwest,666162.3,55514
2024-09,2024-Q3,Petcare Diagnostics,VetSelect Dx,False,Veterinary,Region,West,725678.07,60473
2024-09,2024-Q3,Petcare Diagnostics,VetSelect Dx,False,Veterinary,National,National,3109946.52,259162
2024-09,2024-Q3,Petcare Diagnostics,VetSelect Dx,False,Retail,Region,Northeast,222258.52,18522
2024-09,2024-Q3,Petcare Diagnostics,VetSelect Dx,False,Retail,Region,South,368004.75,30667
2024-09,2024-Q3,Petcare Diagnostics,VetSelect Dx,False,Retail,Region,Midwest,217198.39,18100
2024-09,2024-Q3,Petcare Diagnostics,VetSelect Dx,False,Retail,Region,West,229336.39,19111
2024-09,2024-Q3,Petcare Diagnostics,VetSelect Dx,False,Retail,National,National,1036798.04,86400
2024-09,2024-Q3,Petcare Diagnostics,VetSelect Dx,False,E-commerce,Region,Northeast,172002.41,14334
2024-09,2024-Q3,Petcare Diagnostics,VetSelect Dx,False,E-commerce,Region,South,280893.72,23408
2024-09,2024-Q3,Petcare Diagnostics,VetSelect Dx,False,E-commerce,Region,Midwest,166523.73,13877
2024-09,2024-Q3,Petcare Diagnostics,VetSelect Dx,False,E-commerce,Region,West,180695.72,15058
2024-09,2024-Q3,Petcare Diagnostics,VetSelect Dx,False,E-commerce,National,National,800115.59,66676
2024-10,2024-Q4,Petcare Diagnostics,VetSelect Dx,False,Veterinary,Region,Northeast,665377.21,55448
2024-10,2024-Q4,Petcare Diagnostics,VetSelect Dx,False,Veterinary,Region,South,1050912.2,87576
2024-10,2024-Q4,Petcare Diagnostics,VetSelect Dx,False,Veterinary,Region,Midwest,653231.85,54436
2024-10,2024-Q4,Petcare Diagnostics,VetSelect Dx,False,Veterinary,Region,West,703470.51,58623
2024-10,2024-Q4,Petcare Diagnostics,VetSelect Dx,False,Veterinary,National,National,3072991.78,256083
2024-10,2024-Q4,Petcare Diagnostics,VetSelect Dx,False,Retail,Region,Northeast,228192.72,19016
2024-10,2024-Q4,Petcare Diagnostics,VetSelect Dx,False,Retail,Region,South,324083.65,27007
2024-10,2024-Q4,Petcare Diagnostics,VetSelect Dx,False,Retail,Region,Midwest,208772.33,17398
2024-10,2024-Q4,Petcare Diagnostics,VetSelect Dx,False,Retail,Region,West,229915.19,19160
2024-10,2024-Q4,Petcare Diagnostics,VetSelect Dx,False,Retail,National,National,990963.89,82580
2024-10,2024-Q4,Petcare Diagnostics,VetSelect Dx,False,E-commerce,Region,Northeast,167685.34,13974
2024-10,2024-Q4,Petcare Diagnostics,VetSelect Dx,False,E-commerce,Region,South,271003.29,22584
2024-10,2024-Q4,Petcare Diagnostics,VetSelect Dx,False,E-commerce,Region,Midwest,162815.13,13568
2024-10,2024-Q4,Petcare Diagnostics,VetSelect Dx,False,E-commerce,Region,West,185631.29,15469
2024-10,2024-Q4,Petcare Diagnostics,VetSelect Dx,False,E-commerce,National,National,787135.05,65595
2024-11,2024-Q4,Petcare Diagnostics,VetSelect Dx,False,Veterinary,Region,Northeast,698092.71,58174
2024-11,2024-Q4,Petcare Diagnostics,VetSelect Dx,False,Veterinary,Region,South,1108485.34,92374
2024-11,2024-Q4,Petcare Diagnostics,VetSelect Dx,False,Veterinary,Region,Midwest,649241.9,54103
2024-11,2024-Q4,Petcare Diagnostics,VetSelect Dx,False,Veterinary,Region,West,701859.26,58488
2024-11,2024-Q4,Petcare Diagnostics,VetSelect Dx,False,Veterinary,National,National,3157679.22,263140
2024-11,2024-Q4,Petcare Diagnostics,VetSelect Dx,False,Retail,Region,Northeast,215012.37,17918
2024-11,2024-Q4,Petcare Diagnostics,VetSelect Dx,False,Retail,Region,South,348962.87,29080
2024-11,2024-Q4,Petcare Diagnostics,VetSelect Dx,False,Retail,Region,Midwest,207089.2,17257
2024-11,2024-Q4,Petcare Diagnostics,VetSelect Dx,False,Retail,Region,West,239804.92,19984
2024-11,2024-Q4,Petcare Diagnostics,VetSelect Dx,False,Retail,National,National,1010869.37,84239
2024-11,2024-Q4,Petcare Diagnostics,VetSelect Dx,False,E-commerce,Region,Northeast,195795.36,16316
2024-11,2024-Q4,Petcare Diagnostics,VetSelect Dx,False,E-commerce,Region,South,303208.8,25267
2024-11,2024-Q4,Petcare Diagnostics,VetSelect Dx,False,E-commerce,Region,Midwest,187760.2,15647
2024-11,2024-Q4,Petcare Diagnostics,VetSelect Dx,False,E-commerce,Region,West,195642.37,16304
2024-11,2024-Q4,Petcare Diagnostics,VetSelect Dx,False,E-commerce,National,National,882406.72,73534
2024-12,2024-Q4,Petcare Diagnostics,VetSelect Dx,False,Veterinary,Region,Northeast,699340.43,58278
2024-12,2024-Q4,Petcare Diagnostics,VetSelect Dx,False,Veterinary,Region,South,1062767.71,88564
2024-12,2024-Q4,Petcare Diagnostics,VetSelect Dx,False,Veterinary,Region,Midwest,698863.58,58239
2024-12,2024-Q4,Petcare Diagnostics,VetSelect Dx,False,Veterinary,Region,West,716755.61,59730
2024-12,2024-Q4,Petcare Diagnostics,VetSelect Dx,False,Veterinary,National,National,3177727.33,264811
2024-12,2024-Q4,Petcare Diagnostics,VetSelect Dx,False,Retail,Region,Northeast,240688.93,20057
2024-12,2024-Q4,Petcare Diagnostics,VetSelect Dx,False,Retail,Region,South,351875.9,29323
2024-12,2024-Q4,Petcare Diagnostics,VetSelect Dx,False,Retail,Region,Midwest,221724.53,18477
2024-12,2024-Q4,Petcare Diagnostics,VetSelect Dx,False,Retail,Region,West,257089.56,21424
2024-12,2024-Q4,Petcare Diagnostics,VetSelect Dx,False,Retail,National,National,1071378.92,89282
2024-12,2024-Q4,Petcare Diagnostics,VetSelect Dx,False,E-commerce,Region,Northeast,202748.33,16896
2024-12,2024-Q4,Petcare Diagnostics,VetSelect Dx,False,E-commerce,Region,South,315714.3,26310
2024-12,2024-Q4,Petcare Diagnostics,VetSelect Dx,False,E-commerce,Region,Midwest,190497.61,15875
2024-12,2024-Q4,Petcare Diagnostics,VetSelect Dx,False,E-commerce,Region,West,215755.38,17980
2024-12,2024-Q4,Petcare Diagnostics,VetSelect Dx,False,E-commerce,National,National,924715.62,77060
2025-01,2025-Q1,Petcare Diagnostics,VetSelect Dx,False,Veterinary,Region,Northeast,703867.17,58656
2025-01,2025-Q1,Petcare Diagnostics,VetSelect Dx,False,Veterinary,Region,South,1085832.72,90486
2025-01,2025-Q1,Petcare Diagnostics,VetSelect Dx,False,Veterinary,Region,Midwest,658740.94,54895
2025-01,2025-Q1,Petcare Diagnostics,VetSelect Dx,False,Veterinary,Region,West,728420.93,60702
2025-01,2025-Q1,Petcare Diagnostics,VetSelect Dx,False,Veterinary,National,National,3176861.75,264738
2025-01,2025-Q1,Petcare Diagnostics,VetSelect Dx,False,Retail,Region,Northeast,241378.68,20115
2025-01,2025-Q1,Petcare Diagnostics,VetSelect Dx,False,Retail,Region,South,364761.05,30397
2025-01,2025-Q1,Petcare Diagnostics,VetSelect Dx,False,Retail,Region,Midwest,219385.06,18282
2025-01,2025-Q1,Petcare Diagnostics,VetSelect Dx,False,Retail,Region,West,253194.89,21100
2025-01,2025-Q1,Petcare Diagnostics,VetSelect Dx,False,Retail,National,National,1078719.67,89893
2025-01,2025-Q1,Petcare Diagnostics,VetSelect Dx,False,E-commerce,Region,Northeast,210788.28,17566
2025-01,2025-Q1,Petcare Diagnostics,VetSelect Dx,False,E-commerce,Region,South,328318.66,27360
2025-01,2025-Q1,Petcare Diagnostics,VetSelect Dx,False,E-commerce,Region,Midwest,194156.86,16180
2025-01,2025-Q1,Petcare Diagnostics,VetSelect Dx,False,E-commerce,Region,West,216129.56,18011
2025-01,2025-Q1,Petcare Diagnostics,VetSelect Dx,False,E-commerce,National,National,949393.37,79116
2025-02,2025-Q1,Petcare Diagnostics,VetSelect Dx,False,Veterinary,Region,Northeast,745207.99,62101
2025-02,2025-Q1,Petcare Diagnostics,VetSelect Dx,False,Veterinary,Region,South,1196192.26,99683
2025-02,2025-Q1,Petcare Diagnostics,VetSelect Dx,False,Veterinary,Region,Midwest,733820.54,61152
2025-02,2025-Q1,Petcare Diagnostics,VetSelect Dx,False,Veterinary,Region,West,820772.92,68398
2025-02,2025-Q1,Petcare Diagnostics,VetSelect Dx,False,Veterinary,National,National,3495993.72,291333
2025-02,2025-Q1,Petcare Diagnostics,VetSelect Dx,False,Retail,Region,Northeast,248097.88,20675
2025-02,2025-Q1,Petcare Diagnostics,VetSelect Dx,False,Retail,Region,South,372629.6,31052
2025-02,2025-Q1,Petcare Diagnostics,VetSelect Dx,False,Retail,Region,Midwest,234991.4,19583
2025-02,2025-Q1,Petcare Diagnostics,VetSelect Dx,False,Retail,Region,West,274958.5,22913
2025-02,2025-Q1,Petcare Diagnostics,VetSelect Dx,False,Retail,National,National,1130677.38,94223
2025-02,2025-Q1,Petcare Diagnostics,VetSelect Dx,False,E-commerce,Region,Northeast,231371.82,19281
2025-02,2025-Q1,Petcare Diagnostics,VetSelect Dx,False,E-commerce,Region,South,344697.87,28725
2025-02,2025-Q1,Petcare Diagnostics,VetSelect Dx,False,E-commerce,Region,Midwest,218456.42,18205
2025-02,2025-Q1,Petcare Diagnostics,VetSelect Dx,False,E-commerce,Region,West,232817.08,19401
2025-02,2025-Q1,Petcare Diagnostics,VetSelect Dx,False,E-commerce,National,National,1027343.19,85612
2025-03,2025-Q1,Petcare Diagnostics,VetSelect Dx,False,Veterinary,Region,Northeast,780148.91,65012
2025-03,2025-Q1,Petcare Diagnostics,VetSelect Dx,False,Veterinary,Region,South,1181053.03,98421
2025-03,2025-Q1,Petcare Diagnostics,VetSelect Dx,False,Veterinary,Region,Midwest,740445.67,61704
2025-03,2025-Q1,Petcare Diagnostics,VetSelect Dx,False,Veterinary,Region,West,830199.43,69183
2025-03,2025-Q1,Petcare Diagnostics,VetSelect Dx,False,Veterinary,National,National,3531847.03,294321
2025-03,2025-Q1,Petcare Diagnostics,VetSelect Dx,False,Retail,Region,Northeast,243551.64,20296
2025-03,2025-Q1,Petcare Diagnostics,VetSelect Dx,False,Retail,Region,South,385633.52,32136
2025-03,2025-Q1,Petcare Diagnostics,VetSelect Dx,False,Retail,Region,Midwest,242725.11,20227
2025-03,2025-Q1,Petcare Diagnostics,VetSelect Dx,False,Retail,Region,West,264625.42,22052
2025-03,2025-Q1,Petcare Diagnostics,VetSelect Dx,False,Retail,National,National,1136535.69,94711
2025-03,2025-Q1,Petcare Diagnostics,VetSelect Dx,False,E-commerce,Region,Northeast,229073.39,19089
2025-03,2025-Q1,Petcare Diagnostics,VetSelect Dx,False,E-commerce,Region,South,358591.51,29883
2025-03,2025-Q1,Petcare Diagnostics,VetSelect Dx,False,E-commerce,Region,Midwest,233910.19,19493
2025-03,2025-Q1,Petcare Diagnostics,VetSelect Dx,False,E-commerce,Region,West,238149.35,19846
2025-03,2025-Q1,Petcare Diagnostics,VetSelect Dx,False,E-commerce,National,National,1059724.44,88310
2025-04,2025-Q2,Petcare Diagnostics,VetSelect Dx,False,Veterinary,Region,Northeast,782794.64,65233
2025-04,2025-Q2,Petcare Diagnostics,VetSelect Dx,False,Veterinary,Region,South,1140870.64,95073
2025-04,2025-Q2,Petcare Diagnostics,VetSelect Dx,False,Veterinary,Region,Midwest,750645.62,62554
2025-04,2025-Q2,Petcare Diagnostics,VetSelect Dx,False,Veterinary,Region,West,773909.51,64492
2025-04,2025-Q2,Petcare Diagnostics,VetSelect Dx,False,Veterinary,National,National,3448220.42,287352
2025-04,2025-Q2,Petcare Diagnostics,VetSelect Dx,False,Retail,Region,Northeast,254703.98,21225
2025-04,2025-Q2,Petcare Diagnostics,VetSelect Dx,False,Retail,Region,South,405601.7,33800
2025-04,2025-Q2,Petcare Diagnostics,VetSelect Dx,False,Retail,Region,Midwest,237972.63,19831
2025-04,2025-Q2,Petcare Diagnostics,VetSelect Dx,False,Retail,Region,West,252516.83,21043
2025-04,2025-Q2,Petcare Diagnostics,VetSelect Dx,False,Retail,National,National,1150795.15,95900
2025-04,2025-Q2,Petcare Diagnostics,VetSelect Dx,False,E-commerce,Region,Northeast,243528.05,20294
2025-04,2025-Q2,Petcare Diagnostics,VetSelect Dx,False,E-commerce,Region,South,376408.7,31367
2025-04,2025-Q2,Petcare Diagnostics,VetSelect Dx,False,E-commerce,Region,Midwest,233465.7,19455
2025-04,2025-Q2,Petcare Diagnostics,VetSelect Dx,False,E-commerce,Region,West,256513.21,21376
2025-04,2025-Q2,Petcare Diagnostics,VetSelect Dx,False,E-commerce,National,National,1109915.66,92493
2025-05,2025-Q2,Petcare Diagnostics,VetSelect Dx,False,Veterinary,Region,Northeast,730083.05,60840
2025-05,2025-Q2,Petcare Diagnostics,VetSelect Dx,False,Veterinary,Region,South,1218157.22,101513
2025-05,2025-Q2,Petcare Diagnostics,VetSelect Dx,False,Veterinary,Region,Midwest,681513.92,56793
2025-05,2025-Q2,Petcare Diagnostics,VetSelect Dx,False,Veterinary,Region,West,789815.01,65818
2025-05,2025-Q2,Petcare Diagnostics,VetSelect Dx,False,Veterinary,National,National,3419569.19,284964
2025-05,2025-Q2,Petcare Diagnostics,VetSelect Dx,False,Retail,Region,Northeast,256942.79,21412
2025-05,2025-Q2,Petcare Diagnostics,VetSelect Dx,False,Retail,Region,South,378833.23,31569
2025-05,2025-Q2,Petcare Diagnostics,VetSelect Dx,False,Retail,Region,Midwest,229046.06,19087
2025-05,2025-Q2,Petcare Diagnostics,VetSelect Dx,False,Retail,Region,West,256359.04,21363
2025-05,2025-Q2,Petcare Diagnostics,VetSelect Dx,False,Retail,National,National,1121181.12,93432
2025-05,2025-Q2,Petcare Diagnostics,VetSelect Dx,False,E-commerce,Region,Northeast,244508.72,20376
2025-05,2025-Q2,Petcare Diagnostics,VetSelect Dx,False,E-commerce,Region,South,406544.58,33879
2025-05,2025-Q2,Petcare Diagnostics,VetSelect Dx,False,E-commerce,Region,Midwest,226236.16,18853
2025-05,2025-Q2,Petcare Diagnostics,VetSelect Dx,False,E-commerce,Region,West,262686.92,21891
2025-05,2025-Q2,Petcare Diagnostics,VetSelect Dx,False,E-commerce,National,National,1139976.37,94998
2025-06,2025-Q2,Petcare Diagnostics,VetSelect Dx,False,Veterinary,Region,Northeast,724705.23,60392
2025-06,2025-Q2,Petcare Diagnostics,VetSelect Dx,False,Veterinary,Region,South,1100508.87,91709
2025-06,2025-Q2,Petcare Diagnostics,VetSelect Dx,False,Veterinary,Region,Midwest,683846.73,56987
2025-06,2025-Q2,Petcare Diagnostics,VetSelect Dx,False,Veterinary,Region,West,784654.1,65388
2025-06,2025-Q2,Petcare Diagnostics,VetSelect Dx,False,Veterinary,National,National,3293714.92,274476
2025-06,2025-Q2,Petcare Diagnostics,VetSelect Dx,False,Retail,Region,Northeast,249355.03,20780
2025-06,2025-Q2,Petcare Diagnostics,VetSelect Dx,False,Retail,Region,South,392621.62,32718
2025-06,2025-Q2,Petcare Diagnostics,VetSelect Dx,False,Retail,Region,Midwest,226608.14,18884
2025-06,2025-Q2,Petcare Diagnostics,VetSelect Dx,False,Retail,Region,West,239250.62,19938
2025-06,2025-Q2,Petcare Diagnostics,VetSelect Dx,False,Retail,National,National,1107835.41,92320
2025-06,2025-Q2,Petcare Diagnostics,VetSelect Dx,False,E-commerce,Region,Northeast,252454.55,21038
2025-06,2025-Q2,Petcare Diagnostics,VetSelect Dx,False,E-commerce,Region,South,389590.77,32466
2025-06,2025-Q2,Petcare Diagnostics,VetSelect Dx,False,E-commerce,Region,Midwest,245308.51,20442
2025-06,2025-Q2,Petcare Diagnostics,VetSelect Dx,False,E-commerce,Region,West,244708.74,20392
2025-06,2025-Q2,Petcare Diagnostics,VetSelect Dx,False,E-commerce,National,National,1132062.57,94339
2025-07,2025-Q3,Petcare Diagnostics,VetSelect Dx,False,Veterinary,Region,Northeast,752291.75,62691
2025-07,2025-Q3,Petcare Diagnostics,VetSelect Dx,False,Veterinary,Region,South,1228192.06,102349
2025-07,2025-Q3,Petcare Diagnostics,VetSelect Dx,False,Veterinary,Region,Midwest,710797.2,59233
2025-07,2025-Q3,Petcare Diagnostics,VetSelect Dx,False,Veterinary,Region,West,816099.3,68008
2025-07,2025-Q3,Petcare Diagnostics,VetSelect Dx,False,Veterinary,National,National,3507380.32,292282
2025-07,2025-Q3,Petcare Diagnostics,VetSelect Dx,False,Retail,Region,Northeast,242585.12,20215
2025-07,2025-Q3,Petcare Diagnostics,VetSelect Dx,False,Retail,Region,South,406153.31,33846
2025-07,2025-Q3,Petcare Diagnostics,VetSelect Dx,False,Retail,Region,Midwest,232025.63,19335
2025-07,2025-Q3,Petcare Diagnostics,VetSelect Dx,False,Retail,Region,West,246356.83,20530
2025-07,2025-Q3,Petcare Diagnostics,VetSelect Dx,False,Retail,National,National,1127120.89,93927
2025-07,2025-Q3,Petcare Diagnostics,VetSelect Dx,False,E-commerce,Region,Northeast,259070.45,21589
2025-07,2025-Q3,Petcare Diagnostics,VetSelect Dx,False,E-commerce,Region,South,411156.74,34263
2025-07,2025-Q3,Petcare Diagnostics,VetSelect Dx,False,E-commerce,Region,Midwest,254874.09,21240
2025-07,2025-Q3,Petcare Diagnostics,VetSelect Dx,False,E-commerce,Region,West,268434.73,22370
2025-07,2025-Q3,Petcare Diagnostics,VetSelect Dx,False,E-commerce,National,National,1193536.0,99461
2025-08,2025-Q3,Petcare Diagnostics,VetSelect Dx,False,Veterinary,Region,Northeast,714649.01,59554
2025-08,2025-Q3,Petcare Diagnostics,VetSelect Dx,False,Veterinary,Region,South,1149470.62,95789
2025-08,2025-Q3,Petcare Diagnostics,VetSelect Dx,False,Veterinary,Region,Midwest,703846.82,58654
2025-08,2025-Q3,Petcare Diagnostics,VetSelect Dx,False,Veterinary,Region,West,736110.67,61343
2025-08,2025-Q3,Petcare Diagnostics,VetSelect Dx,False,Veterinary,National,National,3304077.12,275340
2025-08,2025-Q3,Petcare Diagnostics,VetSelect Dx,False,Retail,Region,Northeast,242740.89,20228
2025-08,2025-Q3,Petcare Diagnostics,VetSelect Dx,False,Retail,Region,South,364284.75,30357
2025-08,2025-Q3,Petcare Diagnostics,VetSelect Dx,False,Retail,Region,Midwest,233159.76,19430
2025-08,2025-Q3,Petcare Diagnostics,VetSelect Dx,False,Retail,Region,West,243777.47,20315
2025-08,2025-Q3,Petcare Diagnostics,VetSelect Dx,False,Retail,National,National,1083962.86,90330
2025-08,2025-Q3,Petcare Diagnostics,VetSelect Dx,False,E-commerce,Region,Northeast,252766.14,21064
2025-08,2025-Q3,Petcare Diagnostics,VetSelect Dx,False,E-commerce,Region,South,382917.1,31910
2025-08,2025-Q3,Petcare Diagnostics,VetSelect Dx,False,E-commerce,Region,Midwest,229322.66,19110
2025-08,2025-Q3,Petcare Diagnostics,VetSelect Dx,False,E-commerce,Region,West,253924.26,21160
2025-08,2025-Q3,Petcare Diagnostics,VetSelect Dx,False,E-commerce,National,National,1118930.17,93244
2025-09,2025-Q3,Petcare Diagnostics,VetSelect Dx,False,Veterinary,Region,Northeast,724648.34,60387
2025-09,2025-Q3,Petcare Diagnostics,VetSelect Dx,False,Veterinary,Region,South,1073360.16,89447
2025-09,2025-Q3,Petcare Diagnostics,VetSelect Dx,False,Veterinary,Region,Midwest,689111.43,57426
2025-09,2025-Q3,Petcare Diagnostics,VetSelect Dx,False,Veterinary,Region,West,744495.58,62041
2025-09,2025-Q3,Petcare Diagnostics,VetSelect Dx,False,Veterinary,National,National,3231615.52,269301
2025-09,2025-Q3,Petcare Diagnostics,VetSelect Dx,False,Retail,Region,Northeast,240489.76,20041
2025-09,2025-Q3,Petcare Diagnostics,VetSelect Dx,False,Retail,Region,South,358425.66,29869
2025-09,2025-Q3,Petcare Diagnostics,VetSelect Dx,False,Retail,Region,Midwest,224296.41,18691
2025-09,2025-Q3,Petcare Diagnostics,VetSelect Dx,False,Retail,Region,West,237239.27,19770
2025-09,2025-Q3,Petcare Diagnostics,VetSelect Dx,False,Retail,National,National,1060451.11,88371
2025-09,2025-Q3,Petcare Diagnostics,VetSelect Dx,False,E-commerce,Region,Northeast,266415.79,22201
2025-09,2025-Q3,Petcare Diagnostics,VetSelect Dx,False,E-commerce,Region,South,404298.78,33692
2025-09,2025-Q3,Petcare Diagnostics,VetSelect Dx,False,E-commerce,Region,Midwest,246721.43,20560
2025-09,2025-Q3,Petcare Diagnostics,VetSelect Dx,False,E-commerce,Region,West,289012.2,24084
2025-09,2025-Q3,Petcare Diagnostics,VetSelect Dx,False,E-commerce,National,National,1206448.2,100537
2025-10,2025-Q4,Petcare Diagnostics,VetSelect Dx,False,Veterinary,Region,Northeast,737326.67,61444
2025-10,2025-Q4,Petcare Diagnostics,VetSelect Dx,False,Veterinary,Region,South,1103545.07,91962
2025-10,2025-Q4,Petcare Diagnostics,VetSelect Dx,False,Veterinary,Region,Midwest,664474.49,55373
2025-10,2025-Q4,Petcare Diagnostics,VetSelect Dx,False,Veterinary,Region,West,749277.58,62440
2025-10,2025-Q4,Petcare Diagnostics,VetSelect Dx,False,Veterinary,National,National,3254623.82,271219
2025-10,2025-Q4,Petcare Diagnostics,VetSelect Dx,False,Retail,Region,Northeast,234288.28,19524
2025-10,2025-Q4,Petcare Diagnostics,VetSelect Dx,False,Retail,Region,South,357843.09,29820
2025-10,2025-Q4,Petcare Diagnostics,VetSelect Dx,False,Retail,Region,Midwest,231258.56,19272
2025-10,2025-Q4,Petcare Diagnostics,VetSelect Dx,False,Retail,Region,West,242273.33,20189
2025-10,2025-Q4,Petcare Diagnostics,VetSelect Dx,False,Retail,National,National,1065663.27,88805
2025-10,2025-Q4,Petcare Diagnostics,VetSelect Dx,False,E-commerce,Region,Northeast,264710.73,22059
2025-10,2025-Q4,Petcare Diagnostics,VetSelect Dx,False,E-commerce,Region,South,407560.72,33963
2025-10,2025-Q4,Petcare Diagnostics,VetSelect Dx,False,E-commerce,Region,Midwest,239489.03,19957
2025-10,2025-Q4,Petcare Diagnostics,VetSelect Dx,False,E-commerce,Region,West,279067.1,23256
2025-10,2025-Q4,Petcare Diagnostics,VetSelect Dx,False,E-commerce,National,National,1190827.58,99236
2025-11,2025-Q4,Petcare Diagnostics,VetSelect Dx,False,Veterinary,Region,Northeast,707301.6,58942
2025-11,2025-Q4,Petcare Diagnostics,VetSelect Dx,False,Veterinary,Region,South,1099779.53,91648
2025-11,2025-Q4,Petcare Diagnostics,VetSelect Dx,False,Veterinary,Region,Midwest,667634.83,55636
2025-11,2025-Q4,Petcare Diagnostics,VetSelect Dx,False,Veterinary,Region,West,724458.28,60372
2025-11,2025-Q4,Petcare Diagnostics,VetSelect Dx,False,Veterinary,National,National,3199174.24,266598
2025-11,2025-Q4,Petcare Diagnostics,VetSelect Dx,False,Retail,Region,Northeast,229589.23,19132
2025-11,2025-Q4,Petcare Diagnostics,VetSelect Dx,False,Retail,Region,South,342099.94,28508
2025-11,2025-Q4,Petcare Diagnostics,VetSelect Dx,False,Retail,Region,Midwest,226956.29,18913
2025-11,2025-Q4,Petcare Diagnostics,VetSelect Dx,False,Retail,Region,West,234882.36,19574
2025-11,2025-Q4,Petcare Diagnostics,VetSelect Dx,False,Retail,National,National,1033527.83,86127
2025-11,2025-Q4,Petcare Diagnostics,VetSelect Dx,False,E-commerce,Region,Northeast,265597.03,22133
2025-11,2025-Q4,Petcare Diagnostics,VetSelect Dx,False,E-commerce,Region,South,390021.06,32502
2025-11,2025-Q4,Petcare Diagnostics,VetSelect Dx,False,E-commerce,Region,Midwest,251851.14,20988
2025-11,2025-Q4,Petcare Diagnostics,VetSelect Dx,False,E-commerce,Region,West,286040.34,23837
2025-11,2025-Q4,Petcare Diagnostics,VetSelect Dx,False,E-commerce,National,National,1193509.57,99459
2025-12,2025-Q4,Petcare Diagnostics,VetSelect Dx,False,Veterinary,Region,Northeast,710401.33,59200
2025-12,2025-Q4,Petcare Diagnostics,VetSelect Dx,False,Veterinary,Region,South,1104747.42,92062
2025-12,2025-Q4,Petcare Diagnostics,VetSelect Dx,False,Veterinary,Region,Midwest,643121.19,53593
2025-12,2025-Q4,Petcare Diagnostics,VetSelect Dx,False,Veterinary,Region,West,761443.48,63454
2025-12,2025-Q4,Petcare Diagnostics,VetSelect Dx,False,Veterinary,National,National,3219713.43,268309
2025-12,2025-Q4,Petcare Diagnostics,VetSelect Dx,False,Retail,Region,Northeast,232554.43,19380
2025-12,2025-Q4,Petcare Diagnostics,VetSelect Dx,False,Retail,Region,South,364321.92,30360
2025-12,2025-Q4,Petcare Diagnostics,VetSelect Dx,False,Retail,Region,Midwest,227754.96,18980
2025-12,2025-Q4,Petcare Diagnostics,VetSelect Dx,False,Retail,Region,West,226610.47,18884
2025-12,2025-Q4,Petcare Diagnostics,VetSelect Dx,False,Retail,National,National,1051241.78,87603
2025-12,2025-Q4,Petcare Diagnostics,VetSelect Dx,False,E-commerce,Region,Northeast,289362.79,24114
2025-12,2025-Q4,Petcare Diagnostics,VetSelect Dx,False,E-commerce,Region,South,424511.53,35376
2025-12,2025-Q4,Petcare Diagnostics,VetSelect Dx,False,E-commerce,Region,Midwest,269333.24,22444
2025-12,2025-Q4,Petcare Diagnostics,VetSelect Dx,False,E-commerce,Region,West,287133.14,23928
2025-12,2025-Q4,Petcare Diagnostics,VetSelect Dx,False,E-commerce,National,National,1270340.7,105862
2026-01,2026-Q1,Petcare Diagnostics,VetSelect Dx,False,Veterinary,Region,Northeast,745767.5,62147
2026-01,2026-Q1,Petcare Diagnostics,VetSelect Dx,False,Veterinary,Region,South,1068648.37,89054
2026-01,2026-Q1,Petcare Diagnostics,VetSelect Dx,False,Veterinary,Region,Midwest,690802.21,57567
2026-01,2026-Q1,Petcare Diagnostics,VetSelect Dx,False,Veterinary,Region,West,738052.62,61504
2026-01,2026-Q1,Petcare Diagnostics,VetSelect Dx,False,Veterinary,National,National,3243270.7,270273
2026-01,2026-Q1,Petcare Diagnostics,VetSelect Dx,False,Retail,Region,Northeast,242097.39,20175
2026-01,2026-Q1,Petcare Diagnostics,VetSelect Dx,False,Retail,Region,South,378381.96,31532
2026-01,2026-Q1,Petcare Diagnostics,VetSelect Dx,False,Retail,Region,Midwest,232307.63,19359
2026-01,2026-Q1,Petcare Diagnostics,VetSelect Dx,False,Retail,Region,West,253410.02,21118
2026-01,2026-Q1,Petcare Diagnostics,VetSelect Dx,False,Retail,National,National,1106197.0,92183
2026-01,2026-Q1,Petcare Diagnostics,VetSelect Dx,False,E-commerce,Region,Northeast,282426.54,23536
2026-01,2026-Q1,Petcare Diagnostics,VetSelect Dx,False,E-commerce,Region,South,441187.6,36766
2026-01,2026-Q1,Petcare Diagnostics,VetSelect Dx,False,E-commerce,Region,Midwest,277266.21,23106
2026-01,2026-Q1,Petcare Diagnostics,VetSelect Dx,False,E-commerce,Region,West,311534.65,25961
2026-01,2026-Q1,Petcare Diagnostics,VetSelect Dx,False,E-commerce,National,National,1312415.01,109368
2026-02,2026-Q1,Petcare Diagnostics,VetSelect Dx,False,Veterinary,Region,Northeast,746909.2,62242
2026-02,2026-Q1,Petcare Diagnostics,VetSelect Dx,False,Veterinary,Region,South,1168310.37,97359
2026-02,2026-Q1,Petcare Diagnostics,VetSelect Dx,False,Veterinary,Region,Midwest,736726.1,61394
2026-02,2026-Q1,Petcare Diagnostics,VetSelect Dx,False,Veterinary,Region,West,796368.72,66364
2026-02,2026-Q1,Petcare Diagnostics,VetSelect Dx,False,Veterinary,National,National,3448314.39,287360
2026-02,2026-Q1,Petcare Diagnostics,VetSelect Dx,False,Retail,Region,Northeast,256765.61,21397
2026-02,2026-Q1,Petcare Diagnostics,VetSelect Dx,False,Retail,Region,South,381736.98,31811
2026-02,2026-Q1,Petcare Diagnostics,VetSelect Dx,False,Retail,Region,Midwest,245154.96,20430
2026-02,2026-Q1,Petcare Diagnostics,VetSelect Dx,False,Retail,Region,West,258580.25,21548
2026-02,2026-Q1,Petcare Diagnostics,VetSelect Dx,False,Retail,National,National,1142237.8,95186
2026-02,2026-Q1,Petcare Diagnostics,VetSelect Dx,False,E-commerce,Region,Northeast,309553.92,25796
2026-02,2026-Q1,Petcare Diagnostics,VetSelect Dx,False,E-commerce,Region,South,485292.12,40441
2026-02,2026-Q1,Petcare Diagnostics,VetSelect Dx,False,E-commerce,Region,Midwest,282895.14,23575
2026-02,2026-Q1,Petcare Diagnostics,VetSelect Dx,False,E-commerce,Region,West,320250.57,26688
2026-02,2026-Q1,Petcare Diagnostics,VetSelect Dx,False,E-commerce,National,National,1397991.74,116499
2026-03,2026-Q1,Petcare Diagnostics,VetSelect Dx,False,Veterinary,Region,Northeast,765081.08,63757
2026-03,2026-Q1,Petcare Diagnostics,VetSelect Dx,False,Veterinary,Region,South,1205850.46,100488
2026-03,2026-Q1,Petcare Diagnostics,VetSelect Dx,False,Veterinary,Region,Midwest,676036.46,56336
2026-03,2026-Q1,Petcare Diagnostics,VetSelect Dx,False,Veterinary,Region,West,756187.77,63016
2026-03,2026-Q1,Petcare Diagnostics,VetSelect Dx,False,Veterinary,National,National,3403155.78,283596
2026-03,2026-Q1,Petcare Diagnostics,VetSelect Dx,False,Retail,Region,Northeast,261331.95,21778
2026-03,2026-Q1,Petcare Diagnostics,VetSelect Dx,False,Retail,Region,South,400882.57,33407
2026-03,2026-Q1,Petcare Diagnostics,VetSelect Dx,False,Retail,Region,Midwest,256368.04,21364
2026-03,2026-Q1,Petcare Diagnostics,VetSelect Dx,False,Retail,Region,West,264373.33,22031
2026-03,2026-Q1,Petcare Diagnostics,VetSelect Dx,False,Retail,National,National,1182955.89,98580
2026-03,2026-Q1,Petcare Diagnostics,VetSelect Dx,False,E-commerce,Region,Northeast,332055.44,27671
2026-03,2026-Q1,Petcare Diagnostics,VetSelect Dx,False,E-commerce,Region,South,528466.08,44039
2026-03,2026-Q1,Petcare Diagnostics,VetSelect Dx,False,E-commerce,Region,Midwest,284991.98,23749
2026-03,2026-Q1,Petcare Diagnostics,VetSelect Dx,False,E-commerce,Region,West,318446.46,26537
2026-03,2026-Q1,Petcare Diagnostics,VetSelect Dx,False,E-commerce,National,National,1463959.96,121997
