source,month,quarter,category,brand_reported,sku_raw,channel,geo_level,geo,observed_units,observed_sales,coverage
nielsen_scanner,2024-04,2024-Q2,Dermatology,AllerVet RX,ALLERVET RX LARGE,Retail,National,National,14270,770576.5,0.91
nielsen_scanner,2024-04,2024-Q2,Dermatology,AllerVet RX,ALLERVET RX SMALL,Retail,National,National,19351,1045006.89,0.91
nielsen_scanner,2024-04,2024-Q2,Dermatology,Apoquel,APOQUEL LARGE,Retail,National,National,19079,1240213.63,0.91
nielsen_scanner,2024-04,2024-Q2,Dermatology,Apoquel,APOQUEL SMALL,Retail,National,National,26705,1735818.33,0.91
nielsen_scanner,2024-04,2024-Q2,Vaccines,BioShield Vax,BIOSHIELD VAX LARGE,Retail,National,National,18772,375414.37,0.91
nielsen_scanner,2024-04,2024-Q2,Vaccines,BioShield Vax,BIOSHIELD VAX SMALL,Retail,National,National,26176,523538.37,0.91
nielsen_scanner,2024-04,2024-Q2,Dermatology,DermaCalm,DERMACALM LARGE,Retail,National,National,15877,920864.07,0.91
nielsen_scanner,2024-04,2024-Q2,Dermatology,DermaCalm,DERMACALM SMALL,Retail,National,National,21506,1247312.58,0.91
nielsen_scanner,2024-04,2024-Q2,Petcare Diagnostics,DiagnosTech Vet,DIAGNOSTECH VET LARGE,Retail,National,National,17775,302175.33,0.91
nielsen_scanner,2024-04,2024-Q2,Petcare Diagnostics,DiagnosTech Vet,DIAGNOSTECH VET SMALL,Retail,National,National,23734,403480.83,0.91
nielsen_scanner,2024-04,2024-Q2,Parasiticides,FleaStop Pro,FLEASTOP PRO LARGE,Retail,National,National,102156,2145251.71,0.91
nielsen_scanner,2024-04,2024-Q2,Parasiticides,FleaStop Pro,FLEASTOP PRO SMALL,Retail,National,National,144826,3041354.62,0.91
nielsen_scanner,2024-04,2024-Q2,Pain/Osteoarthritis,FlexiCare Joint,FLEXICARE JOINT LARGE,Retail,National,National,10379,456637.76,0.91
nielsen_scanner,2024-04,2024-Q2,Pain/Osteoarthritis,FlexiCare Joint,FLEXICARE JOINT SMALL,Retail,National,National,14187,624214.24,0.91
nielsen_scanner,2024-04,2024-Q2,Vaccines,ImmunoCore Canine,IMMUNOCORE CANINE LARGE,Retail,National,National,22782,478421.9,0.91
nielsen_scanner,2024-04,2024-Q2,Vaccines,ImmunoCore Canine,IMMUNOCORE CANINE SMALL,Retail,National,National,31520,661911.65,0.91
nielsen_scanner,2024-04,2024-Q2,Pain/Osteoarthritis,Librela,LIBRELA LARGE,Retail,National,National,7288,349801.36,0.91
nielsen_scanner,2024-04,2024-Q2,Pain/Osteoarthritis,Librela,LIBRELA SMALL,Retail,National,National,10635,510526.34,0.91
nielsen_scanner,2024-04,2024-Q2,Pain/Osteoarthritis,OsteoEase Vet,OSTEOEASE VET LARGE,Retail,National,National,9044,370812.8,0.91
nielsen_scanner,2024-04,2024-Q2,Pain/Osteoarthritis,OsteoEase Vet,OSTEOEASE VET SMALL,Retail,National,National,12380,507614.15,0.91
nielsen_scanner,2024-04,2024-Q2,Pain/Osteoarthritis,PainAway Canine,PAINAWAY CANINE LARGE,Retail,National,National,7807,288850.43,0.91
nielsen_scanner,2024-04,2024-Q2,Pain/Osteoarthritis,PainAway Canine,PAINAWAY CANINE SMALL,Retail,National,National,11011,407394.15,0.91
nielsen_scanner,2024-04,2024-Q2,Petcare Diagnostics,PetLab Analyzer,PETLAB ANALYZER LARGE,Retail,National,National,10288,154317.82,0.91
nielsen_scanner,2024-04,2024-Q2,Petcare Diagnostics,PetLab Analyzer,PETLAB ANALYZER SMALL,Retail,National,National,14226,213407.51,0.91
nielsen_scanner,2024-04,2024-Q2,Petcare Diagnostics,RapidVet Dx,RAPIDVET DX LARGE,Retail,National,National,17212,275383.38,0.91
nielsen_scanner,2024-04,2024-Q2,Petcare Diagnostics,RapidVet Dx,RAPIDVET DX SMALL,Retail,National,National,23569,377108.5,0.91
nielsen_scanner,2024-04,2024-Q2,Parasiticides,Simparica Trio,SIMPARICA TRIO LARGE,Retail,National,National,179931,5038061.73,0.91
nielsen_scanner,2024-04,2024-Q2,Parasiticides,Simparica Trio,SIMPARICA TRIO SMALL,Retail,National,National,249417,6983667.83,0.91
nielsen_scanner,2024-04,2024-Q2,Dermatology,SkinRelief Pro,SKINRELIEF PRO LARGE,Retail,National,National,12671,620897.19,0.91
nielsen_scanner,2024-04,2024-Q2,Dermatology,SkinRelief Pro,SKINRELIEF PRO SMALL,Retail,National,National,17231,844397.37,0.91
nielsen_scanner,2024-04,2024-Q2,Parasiticides,TickShield Plus,TICKSHIELD PLUS LARGE,Retail,National,National,122688,2944522.17,0.91
nielsen_scanner,2024-04,2024-Q2,Parasiticides,TickShield Plus,TICKSHIELD PLUS SMALL,Retail,National,National,172236,4133642.67,0.91
nielsen_scanner,2024-04,2024-Q2,Vaccines,Vanguard,VANGUARD LARGE,Retail,National,National,17143,377142.27,0.91
nielsen_scanner,2024-04,2024-Q2,Vaccines,Vanguard,VANGUARD SMALL,Retail,National,National,23758,522662.39,0.91
nielsen_scanner,2024-04,2024-Q2,Parasiticides,VectraGuard,VECTRAGUARD LARGE,Retail,National,National,158599,4123593.67,0.91
nielsen_scanner,2024-04,2024-Q2,Parasiticides,VectraGuard,VECTRAGUARD SMALL,Retail,National,National,207123,5385220.95,0.91
nielsen_scanner,2024-04,2024-Q2,Vaccines,VetGuard Immunize,VETGUARD IMMUNIZE LARGE,Retail,National,National,16951,322077.28,0.91
nielsen_scanner,2024-04,2024-Q2,Vaccines,VetGuard Immunize,VETGUARD IMMUNIZE SMALL,Retail,National,National,23470,445930.3,0.91
nielsen_scanner,2024-04,2024-Q2,Vaccines,VetSelect Core Vax,VETSELECT CORE VAX LARGE,Retail,National,National,54902,768632.93,0.91
nielsen_scanner,2024-04,2024-Q2,Vaccines,VetSelect Core Vax,VETSELECT CORE VAX SMALL,Retail,National,National,74875,1048244.28,0.91
nielsen_scanner,2024-04,2024-Q2,Dermatology,VetSelect Derma,VETSELECT DERMA LARGE,Retail,National,National,29850,1134319.63,0.91
nielsen_scanner,2024-04,2024-Q2,Dermatology,VetSelect Derma,VETSELECT DERMA SMALL,Retail,National,National,41478,1576179.64,0.91
nielsen_scanner,2024-04,2024-Q2,Petcare Diagnostics,VetSelect Dx,VETSELECT DX LARGE,Retail,National,National,36137,433644.9,0.91
nielsen_scanner,2024-04,2024-Q2,Petcare Diagnostics,VetSelect Dx,VETSELECT DX SMALL,Retail,National,National,48051,576619.42,0.91
nielsen_scanner,2024-04,2024-Q2,Parasiticides,VetSelect Flea & Tick,VETSELECT FLEA & TICK LARGE,Retail,National,National,255922,4350678.11,0.91
nielsen_scanner,2024-04,2024-Q2,Parasiticides,VetSelect Flea & Tick,VETSELECT FLEA & TICK SMALL,Retail,National,National,354019,6018312.0,0.91
nielsen_scanner,2024-04,2024-Q2,Pain/Osteoarthritis,VetSelect Joint,VETSELECT JOINT LARGE,Retail,National,National,23549,682919.33,0.91
nielsen_scanner,2024-04,2024-Q2,Pain/Osteoarthritis,VetSelect Joint,VETSELECT JOINT SMALL,Retail,National,National,32792,950975.95,0.91
nielsen_scanner,2024-04,2024-Q2,Petcare Diagnostics,Vetscan,VETSCAN LARGE,Retail,National,National,11920,214564.12,0.91
nielsen_scanner,2024-04,2024-Q2,Petcare Diagnostics,Vetscan,VETSCAN SMALL,Retail,National,National,16021,288401.8,0.91
nielsen_scanner,2024-04,2024-Q2,Dermatology,AllerVet RX,ALLERVET RX LARGE,Retail,Region,Midwest,2883,155673.77,0.91
nielsen_scanner,2024-04,2024-Q2,Dermatology,AllerVet RX,ALLERVET RX SMALL,Retail,Region,Midwest,3766,203355.97,0.91
nielsen_scanner,2024-04,2024-Q2,Dermatology,Apoquel,APOQUEL LARGE,Retail,Region,Midwest,474,30801.93,0.91
nielsen_scanner,2024-04,2024-Q2,Dermatology,Apoquel,APOQUEL SMALL,Retail,Region,Midwest,686,44615.94,0.91
nielsen_scanner,2024-04,2024-Q2,Vaccines,BioShield Vax,BIOSHIELD VAX LARGE,Retail,Region,Midwest,3720,74398.76,0.91
nielsen_scanner,2024-04,2024-Q2,Vaccines,BioShield Vax,BIOSHIELD VAX SMALL,Retail,Region,Midwest,5265,105307.7,0.91
nielsen_scanner,2024-04,2024-Q2,Dermatology,DermaCalm,DERMACALM LARGE,Retail,Region,Midwest,3424,198586.07,0.91
nielsen_scanner,2024-04,2024-Q2,Dermatology,DermaCalm,DERMACALM SMALL,Retail,Region,Midwest,4451,258172.55,0.91
nielsen_scanner,2024-04,2024-Q2,Petcare Diagnostics,DiagnosTech Vet,DIAGNOSTECH VET LARGE,Retail,Region,Midwest,3742,63609.67,0.91
nielsen_scanner,2024-04,2024-Q2,Petcare Diagnostics,DiagnosTech Vet,DIAGNOSTECH VET SMALL,Retail,Region,Midwest,5087,86479.54,0.91
nielsen_scanner,2024-04,2024-Q2,Parasiticides,FleaStop Pro,FLEASTOP PRO LARGE,Retail,Region,Midwest,20806,436920.07,0.91
nielsen_scanner,2024-04,2024-Q2,Parasiticides,FleaStop Pro,FLEASTOP PRO SMALL,Retail,Region,Midwest,29357,616498.47,0.91
nielsen_scanner,2024-04,2024-Q2,Pain/Osteoarthritis,FlexiCare Joint,FLEXICARE JOINT LARGE,Retail,Region,Midwest,2111,92888.46,0.91
nielsen_scanner,2024-04,2024-Q2,Pain/Osteoarthritis,FlexiCare Joint,FLEXICARE JOINT SMALL,Retail,Region,Midwest,2877,126577.2,0.91
nielsen_scanner,2024-04,2024-Q2,Vaccines,ImmunoCore Canine,IMMUNOCORE CANINE LARGE,Retail,Region,Midwest,4783,100453.44,0.91
nielsen_scanner,2024-04,2024-Q2,Vaccines,ImmunoCore Canine,IMMUNOCORE CANINE SMALL,Retail,Region,Midwest,6841,143661.48,0.91
nielsen_scanner,2024-04,2024-Q2,Pain/Osteoarthritis,Librela,LIBRELA LARGE,Retail,Region,Midwest,1530,73433.21,0.91
nielsen_scanner,2024-04,2024-Q2,Pain/Osteoarthritis,Librela,LIBRELA SMALL,Retail,Region,Midwest,2326,111647.32,0.91
nielsen_scanner,2024-04,2024-Q2,Pain/Osteoarthritis,OsteoEase Vet,OSTEOEASE VET LARGE,Retail,Region,Midwest,1796,73622.49,0.91
nielsen_scanner,2024-04,2024-Q2,Pain/Osteoarthritis,OsteoEase Vet,OSTEOEASE VET SMALL,Retail,Region,Midwest,2449,100409.24,0.91
nielsen_scanner,2024-04,2024-Q2,Pain/Osteoarthritis,PainAway Canine,PAINAWAY CANINE LARGE,Retail,Region,Midwest,1475,54558.23,0.91
nielsen_scanner,2024-04,2024-Q2,Pain/Osteoarthritis,PainAway Canine,PAINAWAY CANINE SMALL,Retail,Region,Midwest,2294,84877.64,0.91
nielsen_scanner,2024-04,2024-Q2,Petcare Diagnostics,PetLab Analyzer,PETLAB ANALYZER LARGE,Retail,Region,Midwest,2197,32961.19,0.91
nielsen_scanner,2024-04,2024-Q2,Petcare Diagnostics,PetLab Analyzer,PETLAB ANALYZER SMALL,Retail,Region,Midwest,2936,44046.78,0.91
nielsen_scanner,2024-04,2024-Q2,Petcare Diagnostics,RapidVet Dx,RAPIDVET DX LARGE,Retail,Region,Midwest,3451,55209.58,0.91
nielsen_scanner,2024-04,2024-Q2,Petcare Diagnostics,RapidVet Dx,RAPIDVET DX SMALL,Retail,Region,Midwest,4721,75530.77,0.91
nielsen_scanner,2024-04,2024-Q2,Parasiticides,Simparica Trio,SIMPARICA TRIO LARGE,Retail,Region,Midwest,38898,1089130.1,0.91
nielsen_scanner,2024-04,2024-Q2,Parasiticides,Simparica Trio,SIMPARICA TRIO SMALL,Retail,Region,Midwest,52423,1467848.44,0.91
nielsen_scanner,2024-04,2024-Q2,Dermatology,SkinRelief Pro,SKINRELIEF PRO LARGE,Retail,Region,Midwest,2638,129261.72,0.91
nielsen_scanner,2024-04,2024-Q2,Dermatology,SkinRelief Pro,SKINRELIEF PRO SMALL,Retail,Region,Midwest,3546,173760.46,0.91
nielsen_scanner,2024-04,2024-Q2,Parasiticides,TickShield Plus,TICKSHIELD PLUS LARGE,Retail,Region,Midwest,24725,593400.41,0.91
nielsen_scanner,2024-04,2024-Q2,Parasiticides,TickShield Plus,TICKSHIELD PLUS SMALL,Retail,Region,Midwest,34497,827916.73,0.91
nielsen_scanner,2024-04,2024-Q2,Vaccines,Vanguard,VANGUARD LARGE,Retail,Region,Midwest,3730,82056.64,0.91
nielsen_scanner,2024-04,2024-Q2,Vaccines,Vanguard,VANGUARD SMALL,Retail,Region,Midwest,5079,111736.41,0.91
nielsen_scanner,2024-04,2024-Q2,Parasiticides,VectraGuard,VECTRAGUARD LARGE,Retail,Region,Midwest,33156,862066.15,0.91
nielsen_scanner,2024-04,2024-Q2,Parasiticides,VectraGuard,VECTRAGUARD SMALL,Retail,Region,Midwest,44588,1159297.98,0.91
nielsen_scanner,2024-04,2024-Q2,Vaccines,VetGuard Immunize,VETGUARD IMMUNIZE LARGE,Retail,Region,Midwest,3651,69366.21,0.91
nielsen_scanner,2024-04,2024-Q2,Vaccines,VetGuard Immunize,VETGUARD IMMUNIZE SMALL,Retail,Region,Midwest,4933,93732.41,0.91
nielsen_scanner,2024-04,2024-Q2,Vaccines,VetSelect Core Vax,VETSELECT CORE VAX LARGE,Retail,Region,Midwest,11311,158360.43,0.91
nielsen_scanner,2024-04,2024-Q2,Vaccines,VetSelect Core Vax,VETSELECT CORE VAX SMALL,Retail,Region,Midwest,15497,216953.58,0.91
nielsen_scanner,2024-04,2024-Q2,Dermatology,VetSelect Derma,VETSELECT DERMA LARGE,Retail,Region,Midwest,6482,246303.98,0.91
nielsen_scanner,2024-04,2024-Q2,Dermatology,VetSelect Derma,VETSELECT DERMA SMALL,Retail,Region,Midwest,9021,342811.42,0.91
nielsen_scanner,2024-04,2024-Q2,Petcare Diagnostics,VetSelect Dx,VETSELECT DX LARGE,Retail,Region,Midwest,7282,87387.13,0.91
nielsen_scanner,2024-04,2024-Q2,Petcare Diagnostics,VetSelect Dx,VETSELECT DX SMALL,Retail,Region,Midwest,10095,121143.95,0.91
nielsen_scanner,2024-04,2024-Q2,Parasiticides,VetSelect Flea & Tick,VETSELECT FLEA & TICK LARGE,Retail,Region,Midwest,50963,866366.8,0.91
nielsen_scanner,2024-04,2024-Q2,Parasiticides,VetSelect Flea & Tick,VETSELECT FLEA & TICK SMALL,Retail,Region,Midwest,74492,1266358.71,0.91
nielsen_scanner,2024-04,2024-Q2,Pain/Osteoarthritis,VetSelect Joint,VETSELECT JOINT LARGE,Retail,Region,Midwest,5136,148941.41,0.91
nielsen_scanner,2024-04,2024-Q2,Pain/Osteoarthritis,VetSelect Joint,VETSELECT JOINT SMALL,Retail,Region,Midwest,7205,208952.34,0.91
nielsen_scanner,2024-04,2024-Q2,Petcare Diagnostics,Vetscan,VETSCAN LARGE,Retail,Region,Midwest,2586,46548.36,0.91
nielsen_scanner,2024-04,2024-Q2,Petcare Diagnostics,Vetscan,VETSCAN SMALL,Retail,Region,Midwest,3440,61926.03,0.91
nielsen_scanner,2024-04,2024-Q2,Parasiticides,,PRIVATE LABEL UNSPEC,Retail,Region,Northeast,3439,85982.76,0.91
nielsen_scanner,2024-04,2024-Q2,Dermatology,AllerVet RX,ALLERVET RX LARGE,Retail,Region,Northeast,3286,177452.38,0.91
nielsen_scanner,2024-04,2024-Q2,Dermatology,AllerVet RX,ALLERVET RX SMALL,Retail,Region,Northeast,4513,243715.82,0.91
nielsen_scanner,2024-04,2024-Q2,Dermatology,Apoquel,APOQUEL LARGE,Retail,Region,Northeast,4292,279003.53,0.91
nielsen_scanner,2024-04,2024-Q2,Dermatology,Apoquel,APOQUEL SMALL,Retail,Region,Northeast,6014,390883.64,0.91
nielsen_scanner,2024-04,2024-Q2,Vaccines,BioShield Vax,BIOSHIELD VAX LARGE,Retail,Region,Northeast,4346,86913.36,0.91
nielsen_scanner,2024-04,2024-Q2,Vaccines,BioShield Vax,BIOSHIELD VAX SMALL,Retail,Region,Northeast,6016,120326.96,0.91
nielsen_scanner,2024-04,2024-Q2,Dermatology,DermaCalm,DERMACALM LARGE,Retail,Region,Northeast,3221,186825.44,0.91
nielsen_scanner,2024-04,2024-Q2,Dermatology,DermaCalm,DERMACALM SMALL,Retail,Region,Northeast,4829,280060.61,0.91
nielsen_scanner,2024-04,2024-Q2,Petcare Diagnostics,DiagnosTech Vet,DIAGNOSTECH VET LARGE,Retail,Region,Northeast,4120,70041.53,0.91
nielsen_scanner,2024-04,2024-Q2,Petcare Diagnostics,DiagnosTech Vet,DIAGNOSTECH VET SMALL,Retail,Region,Northeast,5087,86477.93,0.91
nielsen_scanner,2024-04,2024-Q2,Parasiticides,FleaStop Pro,FLEASTOP PRO LARGE,Retail,Region,Northeast,21974,461447.13,0.91
nielsen_scanner,2024-04,2024-Q2,Parasiticides,FleaStop Pro,FLEASTOP PRO SMALL,Retail,Region,Northeast,31387,659121.47,0.91
nielsen_scanner,2024-04,2024-Q2,Pain/Osteoarthritis,FlexiCare Joint,FLEXICARE JOINT LARGE,Retail,Region,Northeast,2237,98407.27,0.91
nielsen_scanner,2024-04,2024-Q2,Pain/Osteoarthritis,FlexiCare Joint,FLEXICARE JOINT SMALL,Retail,Region,Northeast,3101,136428.0,0.91
nielsen_scanner,2024-04,2024-Q2,Vaccines,ImmunoCore Canine,IMMUNOCORE CANINE LARGE,Retail,Region,Northeast,5067,106401.81,0.91
nielsen_scanner,2024-04,2024-Q2,Vaccines,ImmunoCore Canine,IMMUNOCORE CANINE SMALL,Retail,Region,Northeast,6971,146388.02,0.91
nielsen_scanner,2024-04,2024-Q2,Pain/Osteoarthritis,Librela,LIBRELA LARGE,Retail,Region,Northeast,1671,80206.25,0.91
nielsen_scanner,2024-04,2024-Q2,Pain/Osteoarthritis,Librela,LIBRELA SMALL,Retail,Region,Northeast,2326,111670.81,0.91
nielsen_scanner,2024-04,2024-Q2,Pain/Osteoarthritis,OsteoEase Vet,OSTEOEASE VET LARGE,Retail,Region,Northeast,2019,82796.35,0.91
nielsen_scanner,2024-04,2024-Q2,Pain/Osteoarthritis,OsteoEase Vet,OSTEOEASE VET SMALL,Retail,Region,Northeast,2620,107435.3,0.91
nielsen_scanner,2024-04,2024-Q2,Pain/Osteoarthritis,PainAway Canine,PAINAWAY CANINE LARGE,Retail,Region,Northeast,1758,65060.51,0.91
nielsen_scanner,2024-04,2024-Q2,Pain/Osteoarthritis,PainAway Canine,PAINAWAY CANINE SMALL,Retail,Region,Northeast,2245,83051.97,0.91
nielsen_scanner,2024-04,2024-Q2,Petcare Diagnostics,PetLab Analyzer,PETLAB ANALYZER LARGE,Retail,Region,Northeast,2301,34509.03,0.91
nielsen_scanner,2024-04,2024-Q2,Petcare Diagnostics,PetLab Analyzer,PETLAB ANALYZER SMALL,Retail,Region,Northeast,3213,48192.79,0.91
nielsen_scanner,2024-04,2024-Q2,Petcare Diagnostics,RapidVet Dx,RAPIDVET DX LARGE,Retail,Region,Northeast,3936,62973.3,0.91
nielsen_scanner,2024-04,2024-Q2,Petcare Diagnostics,RapidVet Dx,RAPIDVET DX SMALL,Retail,Region,Northeast,5294,84709.83,0.91
nielsen_scanner,2024-04,2024-Q2,Parasiticides,Simparica Trio,SIMPARICA TRIO LARGE,Retail,Region,Northeast,38001,1064033.97,0.91
nielsen_scanner,2024-04,2024-Q2,Parasiticides,Simparica Trio,SIMPARICA TRIO SMALL,Retail,Region,Northeast,51803,1450486.9,0.91
nielsen_scanner,2024-04,2024-Q2,Dermatology,SkinRelief Pro,SKINRELIEF PRO LARGE,Retail,Region,Northeast,2715,133011.8,0.91
nielsen_scanner,2024-04,2024-Q2,Dermatology,SkinRelief Pro,SKINRELIEF PRO SMALL,Retail,Region,Northeast,3757,184116.39,0.91
nielsen_scanner,2024-04,2024-Q2,Parasiticides,TickShield Plus,TICKSHIELD PLUS LARGE,Retail,Region,Northeast,26768,642437.89,0.91
nielsen_scanner,2024-04,2024-Q2,Parasiticides,TickShield Plus,TICKSHIELD PLUS SMALL,Retail,Region,Northeast,36725,881398.41,0.91
nielsen_scanner,2024-04,2024-Q2,Vaccines,Vanguard,VANGUARD LARGE,Retail,Region,Northeast,3797,83538.06,0.91
nielsen_scanner,2024-04,2024-Q2,Vaccines,Vanguard,VANGUARD SMALL,Retail,Region,Northeast,5402,118841.88,0.91
nielsen_scanner,2024-04,2024-Q2,Parasiticides,VectraGuard,VECTRAGUARD LARGE,Retail,Region,Northeast,35683,927770.35,0.91
nielsen_scanner,2024-04,2024-Q2,Parasiticides,VectraGuard,VECTRAGUARD SMALL,Retail,Region,Northeast,44316,1152223.33,0.91
nielsen_scanner,2024-04,2024-Q2,Vaccines,VetGuard Immunize,VETGUARD IMMUNIZE LARGE,Retail,Region,Northeast,3620,68780.73,0.91
nielsen_scanner,2024-04,2024-Q2,Vaccines,VetGuard Immunize,VETGUARD IMMUNIZE SMALL,Retail,Region,Northeast,4994,94885.02,0.91
nielsen_scanner,2024-04,2024-Q2,Vaccines,VetSelect Core Vax,VETSELECT CORE VAX LARGE,Retail,Region,Northeast,12422,173912.91,0.91
nielsen_scanner,2024-04,2024-Q2,Vaccines,VetSelect Core Vax,VETSELECT CORE VAX SMALL,Retail,Region,Northeast,16422,229908.38,0.91
nielsen_scanner,2024-04,2024-Q2,Dermatology,VetSelect Derma,VETSELECT DERMA LARGE,Retail,Region,Northeast,6590,250423.21,0.91
nielsen_scanner,2024-04,2024-Q2,Dermatology,VetSelect Derma,VETSELECT DERMA SMALL,Retail,Region,Northeast,8682,329924.59,0.91
nielsen_scanner,2024-04,2024-Q2,Petcare Diagnostics,VetSelect Dx,VETSELECT DX LARGE,Retail,Region,Northeast,8382,100583.81,0.91
nielsen_scanner,2024-04,2024-Q2,Petcare Diagnostics,VetSelect Dx,VETSELECT DX SMALL,Retail,Region,Northeast,11139,133672.65,0.91
nielsen_scanner,2024-04,2024-Q2,Parasiticides,VetSelect Flea & Tick,VETSELECT FLEA & TICK LARGE,Retail,Region,Northeast,53047,901795.39,0.91
nielsen_scanner,2024-04,2024-Q2,Parasiticides,VetSelect Flea & Tick,VETSELECT FLEA & TICK SMALL,Retail,Region,Northeast,74824,1272005.18,0.91
nielsen_scanner,2024-04,2024-Q2,Pain/Osteoarthritis,VetSelect Joint,VETSELECT JOINT LARGE,Retail,Region,Northeast,5032,145935.5,0.91
nielsen_scanner,2024-04,2024-Q2,Pain/Osteoarthritis,VetSelect Joint,VETSELECT JOINT SMALL,Retail,Region,Northeast,7277,211037.74,0.91
nielsen_scanner,2024-04,2024-Q2,Petcare Diagnostics,Vetscan,VETSCAN LARGE,Retail,Region,Northeast,2533,45601.84,0.91
nielsen_scanner,2024-04,2024-Q2,Petcare Diagnostics,Vetscan,VETSCAN SMALL,Retail,Region,Northeast,3478,62612.85,0.91
nielsen_scanner,2024-04,2024-Q2,Dermatology,AllerVet RX,ALLERVET RX LARGE,Retail,Region,South,4715,254584.27,0.91
nielsen_scanner,2024-04,2024-Q2,Dermatology,AllerVet RX,ALLERVET RX SMALL,Retail,Region,South,6632,358153.91,0.91
nielsen_scanner,2024-04,2024-Q2,Dermatology,Apoquel,APOQUEL LARGE,Retail,Region,South,6547,425586.34,0.91
nielsen_scanner,2024-04,2024-Q2,Dermatology,Apoquel,APOQUEL SMALL,Retail,Region,South,8952,581896.25,0.91
nielsen_scanner,2024-04,2024-Q2,Vaccines,BioShield Vax,BIOSHIELD VAX LARGE,Retail,Region,South,6308,126150.51,0.91
nielsen_scanner,2024-04,2024-Q2,Vaccines,BioShield Vax,BIOSHIELD VAX SMALL,Retail,Region,South,8826,176523.79,0.91
nielsen_scanner,2024-04,2024-Q2,Dermatology,DermaCalm,DERMACALM LARGE,Retail,Region,South,5594,324459.07,0.91
nielsen_scanner,2024-04,2024-Q2,Dermatology,DermaCalm,DERMACALM SMALL,Retail,Region,South,7413,429938.35,0.91
nielsen_scanner,2024-04,2024-Q2,Petcare Diagnostics,DiagnosTech Vet,DIAGNOSTECH VET LARGE,Retail,Region,South,5658,96186.6,0.91
nielsen_scanner,2024-04,2024-Q2,Petcare Diagnostics,DiagnosTech Vet,DIAGNOSTECH VET SMALL,Retail,Region,South,7841,133302.06,0.91
nielsen_scanner,2024-04,2024-Q2,Parasiticides,FleaStop Pro,FLEASTOP PRO LARGE,Retail,Region,South,35888,753639.35,0.91
nielsen_scanner,2024-04,2024-Q2,Parasiticides,FleaStop Pro,FLEASTOP PRO SMALL,Retail,Region,South,50413,1058680.2,0.91
nielsen_scanner,2024-04,2024-Q2,Pain/Osteoarthritis,FlexiCare Joint,FLEXICARE JOINT LARGE,Retail,Region,South,3634,159886.69,0.91
nielsen_scanner,2024-04,2024-Q2,Pain/Osteoarthritis,FlexiCare Joint,FLEXICARE JOINT SMALL,Retail,Region,South,5101,224452.3,0.91
nielsen_scanner,2024-04,2024-Q2,Vaccines,ImmunoCore Canine,IMMUNOCORE CANINE LARGE,Retail,Region,South,8000,168000.75,0.91
nielsen_scanner,2024-04,2024-Q2,Vaccines,ImmunoCore Canine,IMMUNOCORE CANINE SMALL,Retail,Region,South,10818,227171.15,0.91
nielsen_scanner,2024-04,2024-Q2,Pain/Osteoarthritis,Librela,LIBRELA LARGE,Retail,Region,South,2498,119896.56,0.91
nielsen_scanner,2024-04,2024-Q2,Pain/Osteoarthritis,Librela,LIBRELA SMALL,Retail,Region,South,3658,175584.32,0.91
nielsen_scanner,2024-04,2024-Q2,Pain/Osteoarthritis,OsteoEase Vet,OSTEOEASE VET LARGE,Retail,Region,South,3183,130521.7,0.91
nielsen_scanner,2024-04,2024-Q2,Pain/Osteoarthritis,OsteoEase Vet,OSTEOEASE VET SMALL,Retail,Region,South,4433,181765.08,0.91
nielsen_scanner,2024-04,2024-Q2,Pain/Osteoarthritis,PainAway Canine,PAINAWAY CANINE LARGE,Retail,Region,South,2701,99928.61,0.91
nielsen_scanner,2024-04,2024-Q2,Pain/Osteoarthritis,PainAway Canine,PAINAWAY CANINE SMALL,Retail,Region,South,3906,144532.39,0.91
nielsen_scanner,2024-04,2024-Q2,Petcare Diagnostics,PetLab Analyzer,PETLAB ANALYZER LARGE,Retail,Region,South,3477,52152.8,0.91
nielsen_scanner,2024-04,2024-Q2,Petcare Diagnostics,PetLab Analyzer,PETLAB ANALYZER SMALL,Retail,Region,South,4695,70432.23,0.91
nielsen_scanner,2024-04,2024-Q2,Petcare Diagnostics,RapidVet Dx,RAPIDVET DX LARGE,Retail,Region,South,5589,89426.13,0.91
nielsen_scanner,2024-04,2024-Q2,Petcare Diagnostics,RapidVet Dx,RAPIDVET DX SMALL,Retail,Region,South,7759,124141.8,0.91
nielsen_scanner,2024-04,2024-Q2,Parasiticides,Simparica Trio,SIMPARICA TRIO LARGE,Retail,Region,South,62508,1750219.32,0.91
nielsen_scanner,2024-04,2024-Q2,Parasiticides,Simparica Trio,SIMPARICA TRIO SMALL,Retail,Region,South,86307,2416583.51,0.91
nielsen_scanner,2024-04,2024-Q2,Dermatology,SkinRelief Pro,SKINRELIEF PRO LARGE,Retail,Region,South,4448,217969.81,0.91
nielsen_scanner,2024-04,2024-Q2,Dermatology,SkinRelief Pro,SKINRELIEF PRO SMALL,Retail,Region,South,6062,297062.14,0.91
nielsen_scanner,2024-04,2024-Q2,Parasiticides,TickShield Plus,TICKSHIELD PLUS LARGE,Retail,Region,South,42366,1016784.68,0.91
nielsen_scanner,2024-04,2024-Q2,Parasiticides,TickShield Plus,TICKSHIELD PLUS SMALL,Retail,Region,South,64000,1535997.62,0.91
nielsen_scanner,2024-04,2024-Q2,Vaccines,Vanguard,VANGUARD LARGE,Retail,Region,South,5648,124250.65,0.91
nielsen_scanner,2024-04,2024-Q2,Vaccines,Vanguard,VANGUARD SMALL,Retail,Region,South,7859,172895.67,0.91
nielsen_scanner,2024-04,2024-Q2,Parasiticides,VectraGuard,VECTRAGUARD LARGE,Retail,Region,South,53060,1379563.37,0.91
nielsen_scanner,2024-04,2024-Q2,Parasiticides,VectraGuard,VECTRAGUARD SMALL,Retail,Region,South,68237,1774174.74,0.91
nielsen_scanner,2024-04,2024-Q2,Vaccines,VetGuard Immunize,VETGUARD IMMUNIZE LARGE,Retail,Region,South,5718,108649.39,0.91
nielsen_scanner,2024-04,2024-Q2,Vaccines,VetGuard Immunize,VETGUARD IMMUNIZE SMALL,Retail,Region,South,7879,149700.34,0.91
nielsen_scanner,2024-04,2024-Q2,Vaccines,VetSelect Core Vax,VETSELECT CORE VAX LARGE,Retail,Region,South,18154,254153.64,0.91
nielsen_scanner,2024-04,2024-Q2,Vaccines,VetSelect Core Vax,VETSELECT CORE VAX SMALL,Retail,Region,South,25587,358222.2,0.91
nielsen_scanner,2024-04,2024-Q2,Dermatology,VetSelect Derma,VETSELECT DERMA LARGE,Retail,Region,South,9805,372604.89,0.91
nielsen_scanner,2024-04,2024-Q2,Dermatology,VetSelect Derma,VETSELECT DERMA SMALL,Retail,Region,South,13804,524555.82,0.91
nielsen_scanner,2024-04,2024-Q2,Petcare Diagnostics,VetSelect Dx,VETSELECT DX LARGE,Retail,Region,South,12439,149264.18,0.91
nielsen_scanner,2024-04,2024-Q2,Petcare Diagnostics,VetSelect Dx,VETSELECT DX SMALL,Retail,Region,South,16218,194610.99,0.91
nielsen_scanner,2024-04,2024-Q2,Parasiticides,VetSelect Flea & Tick,VETSELECT FLEA & TICK LARGE,Retail,Region,South,92478,1572133.18,0.91
nielsen_scanner,2024-04,2024-Q2,Parasiticides,VetSelect Flea & Tick,VETSELECT FLEA & TICK SMALL,Retail,Region,South,122104,2075769.26,0.91
nielsen_scanner,2024-04,2024-Q2,Pain/Osteoarthritis,VetSelect Joint,VETSELECT JOINT LARGE,Retail,Region,South,8078,234256.52,0.91
nielsen_scanner,2024-04,2024-Q2,Pain/Osteoarthritis,VetSelect Joint,VETSELECT JOINT SMALL,Retail,Region,South,10796,313070.34,0.91
nielsen_scanner,2024-04,2024-Q2,Petcare Diagnostics,Vetscan,VETSCAN LARGE,Retail,Region,South,4104,73870.22,0.91
nielsen_scanner,2024-04,2024-Q2,Petcare Diagnostics,Vetscan,VETSCAN SMALL,Retail,Region,South,5391,97042.23,0.91
nielsen_scanner,2024-04,2024-Q2,Dermatology,AllerVet RX,ALLERVET RX LARGE,Retail,Region,West,3386,182866.08,0.91
nielsen_scanner,2024-04,2024-Q2,Dermatology,AllerVet RX,ALLERVET RX SMALL,Retail,Region,West,4440,239781.19,0.91
nielsen_scanner,2024-04,2024-Q2,Dermatology,Apoquel,APOQUEL LARGE,Retail,Region,West,4267,277376.64,0.91
nielsen_scanner,2024-04,2024-Q2,Dermatology,Apoquel,APOQUEL SMALL,Retail,Region,West,5984,388972.95,0.91
nielsen_scanner,2024-04,2024-Q2,Vaccines,BioShield Vax,BIOSHIELD VAX LARGE,Retail,Region,West,4398,87951.74,0.91
nielsen_scanner,2024-04,2024-Q2,Vaccines,BioShield Vax,BIOSHIELD VAX SMALL,Retail,Region,West,6069,121379.92,0.91
nielsen_scanner,2024-04,2024-Q2,Dermatology,DermaCalm,DERMACALM LARGE,Retail,Region,West,3638,210993.49,0.91
nielsen_scanner,2024-04,2024-Q2,Dermatology,DermaCalm,DERMACALM SMALL,Retail,Region,West,4813,279141.07,0.91
nielsen_scanner,2024-04,2024-Q2,Petcare Diagnostics,DiagnosTech Vet,DIAGNOSTECH VET LARGE,Retail,Region,West,4255,72337.53,0.91
nielsen_scanner,2024-04,2024-Q2,Petcare Diagnostics,DiagnosTech Vet,DIAGNOSTECH VET SMALL,Retail,Region,West,5719,97221.3,0.91
nielsen_scanner,2024-04,2024-Q2,Parasiticides,FleaStop Pro,FLEASTOP PRO LARGE,Retail,Region,West,23488,493245.16,0.91
nielsen_scanner,2024-04,2024-Q2,Parasiticides,FleaStop Pro,FLEASTOP PRO SMALL,Retail,Region,West,33669,707054.48,0.91
nielsen_scanner,2024-04,2024-Q2,Pain/Osteoarthritis,FlexiCare Joint,FLEXICARE JOINT LARGE,Retail,Region,West,2397,105455.34,0.91
nielsen_scanner,2024-04,2024-Q2,Pain/Osteoarthritis,FlexiCare Joint,FLEXICARE JOINT SMALL,Retail,Region,West,3108,136756.74,0.91
nielsen_scanner,2024-04,2024-Q2,Vaccines,ImmunoCore Canine,IMMUNOCORE CANINE LARGE,Retail,Region,West,4932,103565.9,0.91
nielsen_scanner,2024-04,2024-Q2,Vaccines,ImmunoCore Canine,IMMUNOCORE CANINE SMALL,Retail,Region,West,6890,144691.0,0.91
nielsen_scanner,2024-04,2024-Q2,Pain/Osteoarthritis,Librela,LIBRELA LARGE,Retail,Region,West,1589,76265.34,0.91
nielsen_scanner,2024-04,2024-Q2,Pain/Osteoarthritis,Librela,LIBRELA SMALL,Retail,Region,West,2325,111623.89,0.91
nielsen_scanner,2024-04,2024-Q2,Pain/Osteoarthritis,OsteoEase Vet,OSTEOEASE VET LARGE,Retail,Region,West,2046,83872.26,0.91
nielsen_scanner,2024-04,2024-Q2,Pain/Osteoarthritis,OsteoEase Vet,OSTEOEASE VET SMALL,Retail,Region,West,2878,118004.53,0.91
nielsen_scanner,2024-04,2024-Q2,Pain/Osteoarthritis,PainAway Canine,PAINAWAY CANINE LARGE,Retail,Region,West,1873,69303.08,0.91
nielsen_scanner,2024-04,2024-Q2,Pain/Osteoarthritis,PainAway Canine,PAINAWAY CANINE SMALL,Retail,Region,West,2566,94932.15,0.91
nielsen_scanner,2024-04,2024-Q2,Petcare Diagnostics,PetLab Analyzer,PETLAB ANALYZER LARGE,Retail,Region,West,2313,34694.8,0.91
nielsen_scanner,2024-04,2024-Q2,Petcare Diagnostics,PetLab Analyzer,PETLAB ANALYZER SMALL,Retail,Region,West,3382,50735.71,0.91
nielsen_scanner,2024-04,2024-Q2,Petcare Diagnostics,RapidVet Dx,RAPIDVET DX LARGE,Retail,Region,West,4236,67774.37,0.91
nielsen_scanner,2024-04,2024-Q2,Petcare Diagnostics,RapidVet Dx,RAPIDVET DX SMALL,Retail,Region,West,5795,92726.1,0.91
nielsen_scanner,2024-04,2024-Q2,Parasiticides,Simparica Trio,SIMPARICA TRIO LARGE,Retail,Region,West,40524,1134678.34,0.91
nielsen_scanner,2024-04,2024-Q2,Parasiticides,Simparica Trio,SIMPARICA TRIO SMALL,Retail,Region,West,58884,1648748.98,0.91
nielsen_scanner,2024-04,2024-Q2,Dermatology,SkinRelief Pro,SKINRELIEF PRO LARGE,Retail,Region,West,2870,140653.86,0.91
nielsen_scanner,2024-04,2024-Q2,Dermatology,SkinRelief Pro,SKINRELIEF PRO SMALL,Retail,Region,West,3866,189458.38,0.91
nielsen_scanner,2024-04,2024-Q2,Parasiticides,TickShield Plus,TICKSHIELD PLUS LARGE,Retail,Region,West,28829,691899.19,0.91
nielsen_scanner,2024-04,2024-Q2,Parasiticides,TickShield Plus,TICKSHIELD PLUS SMALL,Retail,Region,West,37014,888329.91,0.91
nielsen_scanner,2024-04,2024-Q2,Vaccines,Vanguard,VANGUARD LARGE,Retail,Region,West,3968,87296.92,0.91
nielsen_scanner,2024-04,2024-Q2,Vaccines,Vanguard,VANGUARD SMALL,Retail,Region,West,5418,119188.43,0.91
nielsen_scanner,2024-04,2024-Q2,Parasiticides,VectraGuard,VECTRAGUARD LARGE,Retail,Region,West,36700,954193.8,0.91
nielsen_scanner,2024-04,2024-Q2,Parasiticides,VectraGuard,VECTRAGUARD SMALL,Retail,Region,West,49982,1299524.9,0.91
nielsen_scanner,2024-04,2024-Q2,Vaccines,VetGuard Immunize,VETGUARD IMMUNIZE LARGE,Retail,Region,West,3962,75280.95,0.91
nielsen_scanner,2024-04,2024-Q2,Vaccines,VetGuard Immunize,VETGUARD IMMUNIZE SMALL,Retail,Region,West,5664,107612.53,0.91
nielsen_scanner,2024-04,2024-Q2,Vaccines,VetSelect Core Vax,VETSELECT CORE VAX LARGE,Retail,Region,West,13015,182205.95,0.91
nielsen_scanner,2024-04,2024-Q2,Vaccines,VetSelect Core Vax,VETSELECT CORE VAX SMALL,Retail,Region,West,17369,243160.12,0.91
nielsen_scanner,2024-04,2024-Q2,Dermatology,VetSelect Derma,VETSELECT DERMA LARGE,Retail,Region,West,6973,264987.55,0.91
nielsen_scanner,2024-04,2024-Q2,Dermatology,VetSelect Derma,VETSELECT DERMA SMALL,Retail,Region,West,9971,378887.81,0.91
nielsen_scanner,2024-04,2024-Q2,Petcare Diagnostics,VetSelect Dx,VETSELECT DX LARGE,Retail,Region,West,8034,96409.78,0.91
nielsen_scanner,2024-04,2024-Q2,Petcare Diagnostics,VetSelect Dx,VETSELECT DX SMALL,Retail,Region,West,10599,127191.83,0.91
nielsen_scanner,2024-04,2024-Q2,Parasiticides,VetSelect Flea & Tick,VETSELECT FLEA & TICK LARGE,Retail,Region,West,59434,1010382.74,0.91
nielsen_scanner,2024-04,2024-Q2,Parasiticides,VetSelect Flea & Tick,VETSELECT FLEA & TICK SMALL,Retail,Region,West,82599,1404178.85,0.91
nielsen_scanner,2024-04,2024-Q2,Pain/Osteoarthritis,VetSelect Joint,VETSELECT JOINT LARGE,Retail,Region,West,5303,153785.9,0.91
nielsen_scanner,2024-04,2024-Q2,Pain/Osteoarthritis,VetSelect Joint,VETSELECT JOINT SMALL,Retail,Region,West,7514,217915.53,0.91
nielsen_scanner,2024-04,2024-Q2,Petcare Diagnostics,Vetscan,VETSCAN LARGE,Retail,Region,West,2697,48543.7,0.91
nielsen_scanner,2024-04,2024-Q2,Petcare Diagnostics,Vetscan,VETSCAN SMALL,Retail,Region,West,3712,66820.69,0.91
nielsen_scanner,2024-05,2024-Q2,Dermatology,AllerVet RX,ALLERVET RX LARGE,Retail,National,National,15993,863640.94,0.91
nielsen_scanner,2024-05,2024-Q2,Dermatology,AllerVet RX,ALLERVET RX SMALL,Retail,National,National,21452,1158390.68,0.91
nielsen_scanner,2024-05,2024-Q2,Dermatology,Apoquel,APOQUEL LARGE,Retail,National,National,19981,1298711.58,0.91
nielsen_scanner,2024-05,2024-Q2,Dermatology,Apoquel,APOQUEL SMALL,Retail,National,National,27532,1789647.01,0.91
nielsen_scanner,2024-05,2024-Q2,Vaccines,BioShield Vax,BIOSHIELD VAX LARGE,Retail,National,National,20475,409501.75,0.91
nielsen_scanner,2024-05,2024-Q2,Vaccines,BioShield Vax,BIOSHIELD VAX SMALL,Retail,National,National,28563,571266.74,0.91
nielsen_scanner,2024-05,2024-Q2,Dermatology,DermaCalm,DERMACALM LARGE,Retail,National,National,17860,1035860.93,0.91
nielsen_scanner,2024-05,2024-Q2,Dermatology,DermaCalm,DERMACALM SMALL,Retail,National,National,24635,1428838.88,0.91
nielsen_scanner,2024-05,2024-Q2,Petcare Diagnostics,DiagnosTech Vet,DIAGNOSTECH VET LARGE,Retail,National,National,17610,299367.14,0.91
nielsen_scanner,2024-05,2024-Q2,Petcare Diagnostics,DiagnosTech Vet,DIAGNOSTECH VET SMALL,Retail,National,National,24666,419336.51,0.91
nielsen_scanner,2024-05,2024-Q2,Parasiticides,FleaStop Pro,FLEASTOP PRO LARGE,Retail,National,National,121829,2558411.86,0.91
nielsen_scanner,2024-05,2024-Q2,Parasiticides,FleaStop Pro,FLEASTOP PRO SMALL,Retail,National,National,176411,3704637.54,0.91
nielsen_scanner,2024-05,2024-Q2,Pain/Osteoarthritis,FlexiCare Joint,FLEXICARE JOINT LARGE,Retail,National,National,9270,407893.88,0.91
nielsen_scanner,2024-05,2024-Q2,Pain/Osteoarthritis,FlexiCare Joint,FLEXICARE JOINT SMALL,Retail,National,National,12925,568725.98,0.91
nielsen_scanner,2024-05,2024-Q2,Vaccines,ImmunoCore Canine,IMMUNOCORE CANINE LARGE,Retail,National,National,22827,479395.57,0.91
nielsen_scanner,2024-05,2024-Q2,Vaccines,ImmunoCore Canine,IMMUNOCORE CANINE SMALL,Retail,National,National,31554,662628.9,0.91
nielsen_scanner,2024-05,2024-Q2,Pain/Osteoarthritis,Librela,LIBRELA LARGE,Retail,National,National,6763,324613.59,0.91
nielsen_scanner,2024-05,2024-Q2,Pain/Osteoarthritis,Librela,LIBRELA SMALL,Retail,National,National,9645,462968.7,0.91
nielsen_scanner,2024-05,2024-Q2,Pain/Osteoarthritis,OsteoEase Vet,OSTEOEASE VET LARGE,Retail,National,National,8510,348908.37,0.91
nielsen_scanner,2024-05,2024-Q2,Pain/Osteoarthritis,OsteoEase Vet,OSTEOEASE VET SMALL,Retail,National,National,11678,478801.87,0.91
nielsen_scanner,2024-05,2024-Q2,Pain/Osteoarthritis,PainAway Canine,PAINAWAY CANINE LARGE,Retail,National,National,7444,275421.76,0.91
nielsen_scanner,2024-05,2024-Q2,Pain/Osteoarthritis,PainAway Canine,PAINAWAY CANINE SMALL,Retail,National,National,10479,387720.28,0.91
nielsen_scanner,2024-05,2024-Q2,Petcare Diagnostics,PetLab Analyzer,PETLAB ANALYZER LARGE,Retail,National,National,10568,158533.57,0.91
nielsen_scanner,2024-05,2024-Q2,Petcare Diagnostics,PetLab Analyzer,PETLAB ANALYZER SMALL,Retail,National,National,13967,209509.73,0.91
nielsen_scanner,2024-05,2024-Q2,Petcare Diagnostics,RapidVet Dx,RAPIDVET DX LARGE,Retail,National,National,15845,253513.34,0.91
nielsen_scanner,2024-05,2024-Q2,Petcare Diagnostics,RapidVet Dx,RAPIDVET DX SMALL,Retail,National,National,22257,356111.43,0.91
nielsen_scanner,2024-05,2024-Q2,Parasiticides,Simparica Trio,SIMPARICA TRIO LARGE,Retail,National,National,202209,5661850.8,0.91
nielsen_scanner,2024-05,2024-Q2,Parasiticides,Simparica Trio,SIMPARICA TRIO SMALL,Retail,National,National,278702,7803656.36,0.91
nielsen_scanner,2024-05,2024-Q2,Dermatology,SkinRelief Pro,SKINRELIEF PRO LARGE,Retail,National,National,13548,663849.91,0.91
nielsen_scanner,2024-05,2024-Q2,Dermatology,SkinRelief Pro,SKINRELIEF PRO SMALL,Retail,National,National,18429,903020.08,0.91
nielsen_scanner,2024-05,2024-Q2,Parasiticides,TickShield Plus,TICKSHIELD PLUS LARGE,Retail,National,National,137920,3310053.52,0.91
nielsen_scanner,2024-05,2024-Q2,Parasiticides,TickShield Plus,TICKSHIELD PLUS SMALL,Retail,National,National,193373,4640962.93,0.91
nielsen_scanner,2024-05,2024-Q2,Vaccines,Vanguard,VANGUARD LARGE,Retail,National,National,18780,413164.65,0.91
nielsen_scanner,2024-05,2024-Q2,Vaccines,Vanguard,VANGUARD SMALL,Retail,National,National,25082,551806.55,0.91
nielsen_scanner,2024-05,2024-Q2,Parasiticides,VectraGuard,VECTRAGUARD LARGE,Retail,National,National,160697,4178153.96,0.91
nielsen_scanner,2024-05,2024-Q2,Parasiticides,VectraGuard,VECTRAGUARD SMALL,Retail,National,National,230491,5992775.71,0.91
nielsen_scanner,2024-05,2024-Q2,Vaccines,VetGuard Immunize,VETGUARD IMMUNIZE LARGE,Retail,National,National,17336,329372.74,0.91
nielsen_scanner,2024-05,2024-Q2,Vaccines,VetGuard Immunize,VETGUARD IMMUNIZE SMALL,Retail,National,National,23474,446003.79,0.91
nielsen_scanner,2024-05,2024-Q2,Vaccines,VetSelect Core Vax,VETSELECT CORE VAX LARGE,Retail,National,National,55493,776901.19,0.91
nielsen_scanner,2024-05,2024-Q2,Vaccines,VetSelect Core Vax,VETSELECT CORE VAX SMALL,Retail,National,National,74494,1042919.9,0.91
nielsen_scanner,2024-05,2024-Q2,Dermatology,VetSelect Derma,VETSELECT DERMA LARGE,Retail,National,National,29371,1116135.28,0.91
nielsen_scanner,2024-05,2024-Q2,Dermatology,VetSelect Derma,VETSELECT DERMA SMALL,Retail,National,National,41681,1583930.46,0.91
nielsen_scanner,2024-05,2024-Q2,Petcare Diagnostics,VetSelect Dx,VETSELECT DX LARGE,Retail,National,National,35160,421919.02,0.91
nielsen_scanner,2024-05,2024-Q2,Petcare Diagnostics,VetSelect Dx,VETSELECT DX SMALL,Retail,National,National,47739,572858.42,0.91
nielsen_scanner,2024-05,2024-Q2,Parasiticides,VetSelect Flea & Tick,VETSELECT FLEA & TICK LARGE,Retail,National,National,281652,4788096.94,0.91
nielsen_scanner,2024-05,2024-Q2,Parasiticides,VetSelect Flea & Tick,VETSELECT FLEA & TICK SMALL,Retail,National,National,381652,6488072.63,0.91
nielsen_scanner,2024-05,2024-Q2,Pain/Osteoarthritis,VetSelect Joint,VETSELECT JOINT LARGE,Retail,National,National,22811,661530.84,0.91
nielsen_scanner,2024-05,2024-Q2,Pain/Osteoarthritis,VetSelect Joint,VETSELECT JOINT SMALL,Retail,National,National,31393,910428.0,0.91
nielsen_scanner,2024-05,2024-Q2,Petcare Diagnostics,Vetscan,VETSCAN LARGE,Retail,National,National,11332,203985.58,0.91
nielsen_scanner,2024-05,2024-Q2,Petcare Diagnostics,Vetscan,VETSCAN SMALL,Retail,National,National,15901,286223.33,0.91
nielsen_scanner,2024-05,2024-Q2,Dermatology,AllerVet RX,ALLERVET RX LARGE,Retail,Region,Midwest,3287,177517.1,0.91
nielsen_scanner,2024-05,2024-Q2,Dermatology,AllerVet RX,ALLERVET RX SMALL,Retail,Region,Midwest,4362,235531.59,0.91
nielsen_scanner,2024-05,2024-Q2,Dermatology,Apoquel,APOQUEL LARGE,Retail,Region,Midwest,4057,263682.71,0.91
nielsen_scanner,2024-05,2024-Q2,Dermatology,Apoquel,APOQUEL SMALL,Retail,Region,Midwest,5982,388848.53,0.91
nielsen_scanner,2024-05,2024-Q2,Vaccines,BioShield Vax,BIOSHIELD VAX LARGE,Retail,Region,Midwest,4080,81606.12,0.91
nielsen_scanner,2024-05,2024-Q2,Vaccines,BioShield Vax,BIOSHIELD VAX SMALL,Retail,Region,Midwest,5744,114877.63,0.91
nielsen_scanner,2024-05,2024-Q2,Dermatology,DermaCalm,DERMACALM LARGE,Retail,Region,Midwest,3597,208611.6,0.91
nielsen_scanner,2024-05,2024-Q2,Dermatology,DermaCalm,DERMACALM SMALL,Retail,Region,Midwest,5218,302626.32,0.91
nielsen_scanner,2024-05,2024-Q2,Petcare Diagnostics,DiagnosTech Vet,DIAGNOSTECH VET LARGE,Retail,Region,Midwest,3794,64492.83,0.91
nielsen_scanner,2024-05,2024-Q2,Petcare Diagnostics,DiagnosTech Vet,DIAGNOSTECH VET SMALL,Retail,Region,Midwest,5096,86632.46,0.91
nielsen_scanner,2024-05,2024-Q2,Parasiticides,FleaStop Pro,FLEASTOP PRO LARGE,Retail,Region,Midwest,26716,561029.84,0.91
nielsen_scanner,2024-05,2024-Q2,Parasiticides,FleaStop Pro,FLEASTOP PRO SMALL,Retail,Region,Midwest,37444,786325.28,0.91
nielsen_scanner,2024-05,2024-Q2,Pain/Osteoarthritis,FlexiCare Joint,FLEXICARE JOINT LARGE,Retail,Region,Midwest,1938,85293.51,0.91
nielsen_scanner,2024-05,2024-Q2,Pain/Osteoarthritis,FlexiCare Joint,FLEXICARE JOINT SMALL,Retail,Region,Midwest,2858,125755.88,0.91
nielsen_scanner,2024-05,2024-Q2,Vaccines,ImmunoCore Canine,IMMUNOCORE CANINE LARGE,Retail,Region,Midwest,4672,98122.16,0.91
nielsen_scanner,2024-05,2024-Q2,Vaccines,ImmunoCore Canine,IMMUNOCORE CANINE SMALL,Retail,Region,Midwest,6500,136496.54,0.91
nielsen_scanner,2024-05,2024-Q2,Pain/Osteoarthritis,Librela,LIBRELA LARGE,Retail,Region,Midwest,1487,71365.93,0.91
nielsen_scanner,2024-05,2024-Q2,Pain/Osteoarthritis,Librela,LIBRELA SMALL,Retail,Region,Midwest,2090,100325.66,0.91
nielsen_scanner,2024-05,2024-Q2,Pain/Osteoarthritis,OsteoEase Vet,OSTEOEASE VET LARGE,Retail,Region,Midwest,1848,75751.34,0.91
nielsen_scanner,2024-05,2024-Q2,Pain/Osteoarthritis,OsteoEase Vet,OSTEOEASE VET SMALL,Retail,Region,Midwest,2578,105692.35,0.91
nielsen_scanner,2024-05,2024-Q2,Pain/Osteoarthritis,PainAway Canine,PAINAWAY CANINE LARGE,Retail,Region,Midwest,1582,58519.58,0.91
nielsen_scanner,2024-05,2024-Q2,Pain/Osteoarthritis,PainAway Canine,PAINAWAY CANINE SMALL,Retail,Region,Midwest,2235,82689.02,0.91
nielsen_scanner,2024-05,2024-Q2,Petcare Diagnostics,PetLab Analyzer,PETLAB ANALYZER LARGE,Retail,Region,Midwest,2201,33015.69,0.91
nielsen_scanner,2024-05,2024-Q2,Petcare Diagnostics,PetLab Analyzer,PETLAB ANALYZER SMALL,Retail,Region,Midwest,2849,42735.28,0.91
nielsen_scanner,2024-05,2024-Q2,Petcare Diagnostics,RapidVet Dx,RAPIDVET DX LARGE,Retail,Region,Midwest,3438,55002.16,0.91
nielsen_scanner,2024-05,2024-Q2,Petcare Diagnostics,RapidVet Dx,RAPIDVET DX SMALL,Retail,Region,Midwest,4786,76575.57,0.91
nielsen_scanner,2024-05,2024-Q2,Parasiticides,Simparica Trio,SIMPARICA TRIO LARGE,Retail,Region,Midwest,42328,1185190.07,0.91
nielsen_scanner,2024-05,2024-Q2,Parasiticides,Simparica Trio,SIMPARICA TRIO SMALL,Retail,Region,Midwest,57759,1617255.3,0.91
nielsen_scanner,2024-05,2024-Q2,Dermatology,SkinRelief Pro,SKINRELIEF PRO LARGE,Retail,Region,Midwest,2848,139569.35,0.91
nielsen_scanner,2024-05,2024-Q2,Dermatology,SkinRelief Pro,SKINRELIEF PRO SMALL,Retail,Region,Midwest,3900,191077.0,0.91
nielsen_scanner,2024-05,2024-Q2,Parasiticides,TickShield Plus,TICKSHIELD PLUS LARGE,Retail,Region,Midwest,30162,723883.37,0.91
nielsen_scanner,2024-05,2024-Q2,Parasiticides,TickShield Plus,TICKSHIELD PLUS SMALL,Retail,Region,Midwest,41316,991592.94,0.91
nielsen_scanner,2024-05,2024-Q2,Vaccines,Vanguard,VANGUARD LARGE,Retail,Region,Midwest,3469,76318.77,0.91
nielsen_scanner,2024-05,2024-Q2,Vaccines,Vanguard,VANGUARD SMALL,Retail,Region,Midwest,4860,106927.72,0.91
nielsen_scanner,2024-05,2024-Q2,Parasiticides,VectraGuard,VECTRAGUARD LARGE,Retail,Region,Midwest,35315,918193.34,0.91
nielsen_scanner,2024-05,2024-Q2,Parasiticides,VectraGuard,VECTRAGUARD SMALL,Retail,Region,Midwest,47541,1236058.27,0.91
nielsen_scanner,2024-05,2024-Q2,Vaccines,VetGuard Immunize,VETGUARD IMMUNIZE LARGE,Retail,Region,Midwest,4001,76020.02,0.91
nielsen_scanner,2024-05,2024-Q2,Vaccines,VetGuard Immunize,VETGUARD IMMUNIZE SMALL,Retail,Region,Midwest,5079,96500.08,0.91
nielsen_scanner,2024-05,2024-Q2,Vaccines,VetSelect Core Vax,VETSELECT CORE VAX LARGE,Retail,Region,Midwest,11512,161167.63,0.91
nielsen_scanner,2024-05,2024-Q2,Vaccines,VetSelect Core Vax,VETSELECT CORE VAX SMALL,Retail,Region,Midwest,15468,216551.4,0.91
nielsen_scanner,2024-05,2024-Q2,Dermatology,VetSelect Derma,VETSELECT DERMA LARGE,Retail,Region,Midwest,6270,238272.11,0.91
nielsen_scanner,2024-05,2024-Q2,Dermatology,VetSelect Derma,VETSELECT DERMA SMALL,Retail,Region,Midwest,8732,331834.62,0.91
nielsen_scanner,2024-05,2024-Q2,Petcare Diagnostics,VetSelect Dx,VETSELECT DX LARGE,Retail,Region,Midwest,7553,90639.41,0.91
nielsen_scanner,2024-05,2024-Q2,Petcare Diagnostics,VetSelect Dx,VETSELECT DX SMALL,Retail,Region,Midwest,9918,119010.64,0.91
nielsen_scanner,2024-05,2024-Q2,Parasiticides,VetSelect Flea & Tick,VETSELECT FLEA & TICK LARGE,Retail,Region,Midwest,60962,1036360.98,0.91
nielsen_scanner,2024-05,2024-Q2,Parasiticides,VetSelect Flea & Tick,VETSELECT FLEA & TICK SMALL,Retail,Region,Midwest,78936,1341903.66,0.91
nielsen_scanner,2024-05,2024-Q2,Pain/Osteoarthritis,VetSelect Joint,VETSELECT JOINT LARGE,Retail,Region,Midwest,4896,141971.95,0.91
nielsen_scanner,2024-05,2024-Q2,Pain/Osteoarthritis,VetSelect Joint,VETSELECT JOINT SMALL,Retail,Region,Midwest,6309,182958.89,0.91
nielsen_scanner,2024-05,2024-Q2,Petcare Diagnostics,Vetscan,VETSCAN LARGE,Retail,Region,Midwest,2393,43079.67,0.91
nielsen_scanner,2024-05,2024-Q2,Petcare Diagnostics,Vetscan,VETSCAN SMALL,Retail,Region,Midwest,3278,59007.12,0.91
nielsen_scanner,2024-05,2024-Q2,Dermatology,AllerVet RX,ALLERVET RX LARGE,Retail,Region,Northeast,3502,189115.85,0.91
nielsen_scanner,2024-05,2024-Q2,Dermatology,AllerVet RX,ALLERVET RX SMALL,Retail,Region,Northeast,4886,263845.94,0.91
nielsen_scanner,2024-05,2024-Q2,Dermatology,Apoquel,APOQUEL LARGE,Retail,Region,Northeast,4426,287659.76,0.91
nielsen_scanner,2024-05,2024-Q2,Dermatology,Apoquel,APOQUEL SMALL,Retail,Region,Northeast,6261,406971.4,0.91
nielsen_scanner,2024-05,2024-Q2,Vaccines,BioShield Vax,BIOSHIELD VAX LARGE,Retail,Region,Northeast,4482,89645.78,0.91
nielsen_scanner,2024-05,2024-Q2,Vaccines,BioShield Vax,BIOSHIELD VAX SMALL,Retail,Region,Northeast,5862,117245.92,0.91
nielsen_scanner,2024-05,2024-Q2,Dermatology,DermaCalm,DERMACALM LARGE,Retail,Region,Northeast,3843,222888.07,0.91
nielsen_scanner,2024-05,2024-Q2,Dermatology,DermaCalm,DERMACALM SMALL,Retail,Region,Northeast,5567,322913.27,0.91
nielsen_scanner,2024-05,2024-Q2,Petcare Diagnostics,DiagnosTech Vet,DIAGNOSTECH VET LARGE,Retail,Region,Northeast,4037,68624.45,0.91
nielsen_scanner,2024-05,2024-Q2,Petcare Diagnostics,DiagnosTech Vet,DIAGNOSTECH VET SMALL,Retail,Region,Northeast,5439,92464.46,0.91
nielsen_scanner,2024-05,2024-Q2,Parasiticides,FleaStop Pro,FLEASTOP PRO LARGE,Retail,Region,Northeast,24760,519964.96,0.91
nielsen_scanner,2024-05,2024-Q2,Parasiticides,FleaStop Pro,FLEASTOP PRO SMALL,Retail,Region,Northeast,36323,762791.62,0.91
nielsen_scanner,2024-05,2024-Q2,Pain/Osteoarthritis,FlexiCare Joint,FLEXICARE JOINT LARGE,Retail,Region,Northeast,2050,90211.03,0.91
nielsen_scanner,2024-05,2024-Q2,Pain/Osteoarthritis,FlexiCare Joint,FLEXICARE JOINT SMALL,Retail,Region,Northeast,2845,125194.56,0.91
nielsen_scanner,2024-05,2024-Q2,Vaccines,ImmunoCore Canine,IMMUNOCORE CANINE LARGE,Retail,Region,Northeast,5313,111578.02,0.91
nielsen_scanner,2024-05,2024-Q2,Vaccines,ImmunoCore Canine,IMMUNOCORE CANINE SMALL,Retail,Region,Northeast,7210,151412.01,0.91
nielsen_scanner,2024-05,2024-Q2,Pain/Osteoarthritis,Librela,LIBRELA LARGE,Retail,Region,Northeast,1474,70765.89,0.91
nielsen_scanner,2024-05,2024-Q2,Pain/Osteoarthritis,Librela,LIBRELA SMALL,Retail,Region,Northeast,2188,105039.96,0.91
nielsen_scanner,2024-05,2024-Q2,Pain/Osteoarthritis,OsteoEase Vet,OSTEOEASE VET LARGE,Retail,Region,Northeast,1865,76470.17,0.91
nielsen_scanner,2024-05,2024-Q2,Pain/Osteoarthritis,OsteoEase Vet,OSTEOEASE VET SMALL,Retail,Region,Northeast,2632,107916.29,0.91
nielsen_scanner,2024-05,2024-Q2,Pain/Osteoarthritis,PainAway Canine,PAINAWAY CANINE LARGE,Retail,Region,Northeast,1606,59423.98,0.91
nielsen_scanner,2024-05,2024-Q2,Pain/Osteoarthritis,PainAway Canine,PAINAWAY CANINE SMALL,Retail,Region,Northeast,2295,84913.69,0.91
nielsen_scanner,2024-05,2024-Q2,Petcare Diagnostics,PetLab Analyzer,PETLAB ANALYZER LARGE,Retail,Region,Northeast,2201,33020.92,0.91
nielsen_scanner,2024-05,2024-Q2,Petcare Diagnostics,PetLab Analyzer,PETLAB ANALYZER SMALL,Retail,Region,Northeast,3147,47204.69,0.91
nielsen_scanner,2024-05,2024-Q2,Petcare Diagnostics,RapidVet Dx,RAPIDVET DX LARGE,Retail,Region,Northeast,3461,55375.1,0.91
nielsen_scanner,2024-05,2024-Q2,Petcare Diagnostics,RapidVet Dx,RAPIDVET DX SMALL,Retail,Region,Northeast,4854,77667.8,0.91
nielsen_scanner,2024-05,2024-Q2,Parasiticides,Simparica Trio,SIMPARICA TRIO LARGE,Retail,Region,Northeast,43036,1204996.38,0.91
nielsen_scanner,2024-05,2024-Q2,Parasiticides,Simparica Trio,SIMPARICA TRIO SMALL,Retail,Region,Northeast,62344,1745631.53,0.91
nielsen_scanner,2024-05,2024-Q2,Dermatology,SkinRelief Pro,SKINRELIEF PRO LARGE,Retail,Region,Northeast,3163,154984.91,0.91
nielsen_scanner,2024-05,2024-Q2,Dermatology,SkinRelief Pro,SKINRELIEF PRO SMALL,Retail,Region,Northeast,4132,202480.68,0.91
nielsen_scanner,2024-05,2024-Q2,Parasiticides,TickShield Plus,TICKSHIELD PLUS LARGE,Retail,Region,Northeast,30353,728464.83,0.91
nielsen_scanner,2024-05,2024-Q2,Parasiticides,TickShield Plus,TICKSHIELD PLUS SMALL,Retail,Region,Northeast,43890,1053354.52,0.91
nielsen_scanner,2024-05,2024-Q2,Vaccines,Vanguard,VANGUARD LARGE,Retail,Region,Northeast,4180,91959.71,0.91
nielsen_scanner,2024-05,2024-Q2,Vaccines,Vanguard,VANGUARD SMALL,Retail,Region,Northeast,5249,115481.33,0.91
nielsen_scanner,2024-05,2024-Q2,Parasiticides,VectraGuard,VECTRAGUARD LARGE,Retail,Region,Northeast,34400,894412.32,0.91
nielsen_scanner,2024-05,2024-Q2,Parasiticides,VectraGuard,VECTRAGUARD SMALL,Retail,Region,Northeast,51782,1346327.16,0.91
nielsen_scanner,2024-05,2024-Q2,Vaccines,VetGuard Immunize,VETGUARD IMMUNIZE LARGE,Retail,Region,Northeast,3808,72343.08,0.91
nielsen_scanner,2024-05,2024-Q2,Vaccines,VetGuard Immunize,VETGUARD IMMUNIZE SMALL,Retail,Region,Northeast,5274,100206.02,0.91
nielsen_scanner,2024-05,2024-Q2,Vaccines,VetSelect Core Vax,VETSELECT CORE VAX LARGE,Retail,Region,Northeast,13109,183525.68,0.91
nielsen_scanner,2024-05,2024-Q2,Vaccines,VetSelect Core Vax,VETSELECT CORE VAX SMALL,Retail,Region,Northeast,16699,233790.11,0.91
nielsen_scanner,2024-05,2024-Q2,Dermatology,VetSelect Derma,VETSELECT DERMA LARGE,Retail,Region,Northeast,6418,243888.39,0.91
nielsen_scanner,2024-05,2024-Q2,Dermatology,VetSelect Derma,VETSELECT DERMA SMALL,Retail,Region,Northeast,8717,331251.54,0.91
nielsen_scanner,2024-05,2024-Q2,Petcare Diagnostics,VetSelect Dx,VETSELECT DX LARGE,Retail,Region,Northeast,7531,90372.7,0.91
nielsen_scanner,2024-05,2024-Q2,Petcare Diagnostics,VetSelect Dx,VETSELECT DX SMALL,Retail,Region,Northeast,10366,124386.38,0.91
nielsen_scanner,2024-05,2024-Q2,Parasiticides,VetSelect Flea & Tick,VETSELECT FLEA & TICK LARGE,Retail,Region,Northeast,59915,1018561.41,0.91
nielsen_scanner,2024-05,2024-Q2,Parasiticides,VetSelect Flea & Tick,VETSELECT FLEA & TICK SMALL,Retail,Region,Northeast,83699,1422880.59,0.91
nielsen_scanner,2024-05,2024-Q2,Pain/Osteoarthritis,VetSelect Joint,VETSELECT JOINT LARGE,Retail,Region,Northeast,5160,149654.37,0.91
nielsen_scanner,2024-05,2024-Q2,Pain/Osteoarthritis,VetSelect Joint,VETSELECT JOINT SMALL,Retail,Region,Northeast,7334,212696.58,0.91
nielsen_scanner,2024-05,2024-Q2,Petcare Diagnostics,Vetscan,VETSCAN LARGE,Retail,Region,Northeast,2443,43973.69,0.91
nielsen_scanner,2024-05,2024-Q2,Petcare Diagnostics,Vetscan,VETSCAN SMALL,Retail,Region,Northeast,3328,59903.36,0.91
nielsen_scanner,2024-05,2024-Q2,Dermatology,AllerVet RX,ALLERVET RX LARGE,Retail,Region,South,5666,305951.29,0.91
nielsen_scanner,2024-05,2024-Q2,Dermatology,AllerVet RX,ALLERVET RX SMALL,Retail,Region,South,7433,401372.65,0.91
nielsen_scanner,2024-05,2024-Q2,Dermatology,Apoquel,APOQUEL LARGE,Retail,Region,South,6755,439102.59,0.91
nielsen_scanner,2024-05,2024-Q2,Dermatology,Apoquel,APOQUEL SMALL,Retail,Region,South,9019,586262.27,0.91
nielsen_scanner,2024-05,2024-Q2,Vaccines,BioShield Vax,BIOSHIELD VAX LARGE,Retail,Region,South,7365,147292.28,0.91
nielsen_scanner,2024-05,2024-Q2,Vaccines,BioShield Vax,BIOSHIELD VAX SMALL,Retail,Region,South,10355,207100.86,0.91
nielsen_scanner,2024-05,2024-Q2,Dermatology,DermaCalm,DERMACALM LARGE,Retail,Region,South,6291,364882.38,0.91
nielsen_scanner,2024-05,2024-Q2,Dermatology,DermaCalm,DERMACALM SMALL,Retail,Region,South,8139,472051.8,0.91
nielsen_scanner,2024-05,2024-Q2,Petcare Diagnostics,DiagnosTech Vet,DIAGNOSTECH VET LARGE,Retail,Region,South,5550,94357.09,0.91
nielsen_scanner,2024-05,2024-Q2,Petcare Diagnostics,DiagnosTech Vet,DIAGNOSTECH VET SMALL,Retail,Region,South,8216,139677.17,0.91
nielsen_scanner,2024-05,2024-Q2,Parasiticides,FleaStop Pro,FLEASTOP PRO LARGE,Retail,Region,South,43112,905355.61,0.91
nielsen_scanner,2024-05,2024-Q2,Parasiticides,FleaStop Pro,FLEASTOP PRO SMALL,Retail,Region,South,61913,1300171.29,0.91
nielsen_scanner,2024-05,2024-Q2,Pain/Osteoarthritis,FlexiCare Joint,FLEXICARE JOINT LARGE,Retail,Region,South,3072,135148.87,0.91
nielsen_scanner,2024-05,2024-Q2,Pain/Osteoarthritis,FlexiCare Joint,FLEXICARE JOINT SMALL,Retail,Region,South,4316,189911.64,0.91
nielsen_scanner,2024-05,2024-Q2,Vaccines,ImmunoCore Canine,IMMUNOCORE CANINE LARGE,Retail,Region,South,7694,161583.3,0.91
nielsen_scanner,2024-05,2024-Q2,Vaccines,ImmunoCore Canine,IMMUNOCORE CANINE SMALL,Retail,Region,South,10914,229184.4,0.91
nielsen_scanner,2024-05,2024-Q2,Pain/Osteoarthritis,Librela,LIBRELA LARGE,Retail,Region,South,2132,102325.63,0.91
nielsen_scanner,2024-05,2024-Q2,Pain/Osteoarthritis,Librela,LIBRELA SMALL,Retail,Region,South,3113,149423.72,0.91
nielsen_scanner,2024-05,2024-Q2,Pain/Osteoarthritis,OsteoEase Vet,OSTEOEASE VET LARGE,Retail,Region,South,2799,114761.59,0.91
nielsen_scanner,2024-05,2024-Q2,Pain/Osteoarthritis,OsteoEase Vet,OSTEOEASE VET SMALL,Retail,Region,South,3764,154329.8,0.91
nielsen_scanner,2024-05,2024-Q2,Pain/Osteoarthritis,PainAway Canine,PAINAWAY CANINE LARGE,Retail,Region,South,2458,90962.4,0.91
nielsen_scanner,2024-05,2024-Q2,Pain/Osteoarthritis,PainAway Canine,PAINAWAY CANINE SMALL,Retail,Region,South,3417,126421.28,0.91
nielsen_scanner,2024-05,2024-Q2,Petcare Diagnostics,PetLab Analyzer,PETLAB ANALYZER LARGE,Retail,Region,South,3588,53826.19,0.91
nielsen_scanner,2024-05,2024-Q2,Petcare Diagnostics,PetLab Analyzer,PETLAB ANALYZER SMALL,Retail,Region,South,4800,72000.28,0.91
nielsen_scanner,2024-05,2024-Q2,Petcare Diagnostics,RapidVet Dx,RAPIDVET DX LARGE,Retail,Region,South,5205,83283.3,0.91
nielsen_scanner,2024-05,2024-Q2,Petcare Diagnostics,RapidVet Dx,RAPIDVET DX SMALL,Retail,Region,South,7313,117010.77,0.91
nielsen_scanner,2024-05,2024-Q2,Parasiticides,Simparica Trio,SIMPARICA TRIO LARGE,Retail,Region,South,71870,2012354.09,0.91
nielsen_scanner,2024-05,2024-Q2,Parasiticides,Simparica Trio,SIMPARICA TRIO SMALL,Retail,Region,South,92923,2601844.49,0.91
nielsen_scanner,2024-05,2024-Q2,Dermatology,SkinRelief Pro,SKINRELIEF PRO LARGE,Retail,Region,South,4487,219853.54,0.91
nielsen_scanner,2024-05,2024-Q2,Dermatology,SkinRelief Pro,SKINRELIEF PRO SMALL,Retail,Region,South,6131,300418.63,0.91
nielsen_scanner,2024-05,2024-Q2,Parasiticides,TickShield Plus,TICKSHIELD PLUS LARGE,Retail,Region,South,46877,1125037.18,0.91
nielsen_scanner,2024-05,2024-Q2,Parasiticides,TickShield Plus,TICKSHIELD PLUS SMALL,Retail,Region,South,67145,1611491.56,0.91
nielsen_scanner,2024-05,2024-Q2,Vaccines,Vanguard,VANGUARD LARGE,Retail,Region,South,6700,147400.19,0.91
nielsen_scanner,2024-05,2024-Q2,Vaccines,Vanguard,VANGUARD SMALL,Retail,Region,South,9356,205823.66,0.91
nielsen_scanner,2024-05,2024-Q2,Parasiticides,VectraGuard,VECTRAGUARD LARGE,Retail,Region,South,56064,1457672.3,0.91
nielsen_scanner,2024-05,2024-Q2,Parasiticides,VectraGuard,VECTRAGUARD SMALL,Retail,Region,South,79632,2070441.67,0.91
nielsen_scanner,2024-05,2024-Q2,Vaccines,VetGuard Immunize,VETGUARD IMMUNIZE LARGE,Retail,Region,South,5681,107943.06,0.91
nielsen_scanner,2024-05,2024-Q2,Vaccines,VetGuard Immunize,VETGUARD IMMUNIZE SMALL,Retail,Region,South,7928,150639.42,0.91
nielsen_scanner,2024-05,2024-Q2,Vaccines,VetSelect Core Vax,VETSELECT CORE VAX LARGE,Retail,Region,South,17497,244955.17,0.91
nielsen_scanner,2024-05,2024-Q2,Vaccines,VetSelect Core Vax,VETSELECT CORE VAX SMALL,Retail,Region,South,23976,335657.92,0.91
nielsen_scanner,2024-05,2024-Q2,Dermatology,VetSelect Derma,VETSELECT DERMA LARGE,Retail,Region,South,9745,370319.99,0.91
nielsen_scanner,2024-05,2024-Q2,Dermatology,VetSelect Derma,VETSELECT DERMA SMALL,Retail,Region,South,14145,537523.74,0.91
nielsen_scanner,2024-05,2024-Q2,Petcare Diagnostics,VetSelect Dx,VETSELECT DX LARGE,Retail,Region,South,12151,145806.33,0.91
nielsen_scanner,2024-05,2024-Q2,Petcare Diagnostics,VetSelect Dx,VETSELECT DX SMALL,Retail,Region,South,16435,197219.73,0.91
nielsen_scanner,2024-05,2024-Q2,Parasiticides,VetSelect Flea & Tick,VETSELECT FLEA & TICK LARGE,Retail,Region,South,96411,1638990.78,0.91
nielsen_scanner,2024-05,2024-Q2,Parasiticides,VetSelect Flea & Tick,VETSELECT FLEA & TICK SMALL,Retail,Region,South,132784,2257324.95,0.91
nielsen_scanner,2024-05,2024-Q2,Pain/Osteoarthritis,VetSelect Joint,VETSELECT JOINT LARGE,Retail,Region,South,7776,225505.41,0.91
nielsen_scanner,2024-05,2024-Q2,Pain/Osteoarthritis,VetSelect Joint,VETSELECT JOINT SMALL,Retail,Region,South,10652,308921.02,0.91
nielsen_scanner,2024-05,2024-Q2,Petcare Diagnostics,Vetscan,VETSCAN LARGE,Retail,Region,South,3759,67665.99,0.91
nielsen_scanner,2024-05,2024-Q2,Petcare Diagnostics,Vetscan,VETSCAN SMALL,Retail,Region,South,5422,97593.39,0.91
nielsen_scanner,2024-05,2024-Q2,Dermatology,AllerVet RX,ALLERVET RX LARGE,Retail,Region,West,3538,191056.7,0.91
nielsen_scanner,2024-05,2024-Q2,Dermatology,AllerVet RX,ALLERVET RX SMALL,Retail,Region,West,4771,257640.5,0.91
nielsen_scanner,2024-05,2024-Q2,Dermatology,Apoquel,APOQUEL LARGE,Retail,Region,West,4743,308266.52,0.91
nielsen_scanner,2024-05,2024-Q2,Dermatology,Apoquel,APOQUEL SMALL,Retail,Region,West,6270,407564.81,0.91
nielsen_scanner,2024-05,2024-Q2,Vaccines,BioShield Vax,BIOSHIELD VAX LARGE,Retail,Region,West,4548,90957.57,0.91
nielsen_scanner,2024-05,2024-Q2,Vaccines,BioShield Vax,BIOSHIELD VAX SMALL,Retail,Region,West,6602,132042.33,0.91
nielsen_scanner,2024-05,2024-Q2,Dermatology,DermaCalm,DERMACALM LARGE,Retail,Region,West,4129,239478.88,0.91
nielsen_scanner,2024-05,2024-Q2,Dermatology,DermaCalm,DERMACALM SMALL,Retail,Region,West,5711,331247.49,0.91
nielsen_scanner,2024-05,2024-Q2,Petcare Diagnostics,DiagnosTech Vet,DIAGNOSTECH VET LARGE,Retail,Region,West,4229,71892.77,0.91
nielsen_scanner,2024-05,2024-Q2,Petcare Diagnostics,DiagnosTech Vet,DIAGNOSTECH VET SMALL,Retail,Region,West,5915,100562.42,0.91
nielsen_scanner,2024-05,2024-Q2,Parasiticides,FleaStop Pro,FLEASTOP PRO LARGE,Retail,Region,West,27241,572061.45,0.91
nielsen_scanner,2024-05,2024-Q2,Parasiticides,FleaStop Pro,FLEASTOP PRO SMALL,Retail,Region,West,40731,855349.35,0.91
nielsen_scanner,2024-05,2024-Q2,Pain/Osteoarthritis,FlexiCare Joint,FLEXICARE JOINT LARGE,Retail,Region,West,2210,97240.47,0.91
nielsen_scanner,2024-05,2024-Q2,Pain/Osteoarthritis,FlexiCare Joint,FLEXICARE JOINT SMALL,Retail,Region,West,2906,127863.9,0.91
nielsen_scanner,2024-05,2024-Q2,Vaccines,ImmunoCore Canine,IMMUNOCORE CANINE LARGE,Retail,Region,West,5148,108112.09,0.91
nielsen_scanner,2024-05,2024-Q2,Vaccines,ImmunoCore Canine,IMMUNOCORE CANINE SMALL,Retail,Region,West,6930,145535.95,0.91
nielsen_scanner,2024-05,2024-Q2,Pain/Osteoarthritis,Librela,LIBRELA LARGE,Retail,Region,West,1670,80156.14,0.91
nielsen_scanner,2024-05,2024-Q2,Pain/Osteoarthritis,Librela,LIBRELA SMALL,Retail,Region,West,2254,108179.36,0.91
nielsen_scanner,2024-05,2024-Q2,Pain/Osteoarthritis,OsteoEase Vet,OSTEOEASE VET LARGE,Retail,Region,West,1998,81925.27,0.91
nielsen_scanner,2024-05,2024-Q2,Pain/Osteoarthritis,OsteoEase Vet,OSTEOEASE VET SMALL,Retail,Region,West,2704,110863.43,0.91
nielsen_scanner,2024-05,2024-Q2,Pain/Osteoarthritis,PainAway Canine,PAINAWAY CANINE LARGE,Retail,Region,West,1798,66515.8,0.91
nielsen_scanner,2024-05,2024-Q2,Pain/Osteoarthritis,PainAway Canine,PAINAWAY CANINE SMALL,Retail,Region,West,2532,93696.29,0.91
nielsen_scanner,2024-05,2024-Q2,Petcare Diagnostics,PetLab Analyzer,PETLAB ANALYZER LARGE,Retail,Region,West,2578,38670.77,0.91
nielsen_scanner,2024-05,2024-Q2,Petcare Diagnostics,PetLab Analyzer,PETLAB ANALYZER SMALL,Retail,Region,West,3171,47569.48,0.91
nielsen_scanner,2024-05,2024-Q2,Petcare Diagnostics,RapidVet Dx,RAPIDVET DX LARGE,Retail,Region,West,3741,59852.78,0.91
nielsen_scanner,2024-05,2024-Q2,Petcare Diagnostics,RapidVet Dx,RAPIDVET DX SMALL,Retail,Region,West,5304,84857.29,0.91
nielsen_scanner,2024-05,2024-Q2,Parasiticides,Simparica Trio,SIMPARICA TRIO LARGE,Retail,Region,West,44975,1259310.26,0.91
nielsen_scanner,2024-05,2024-Q2,Parasiticides,Simparica Trio,SIMPARICA TRIO SMALL,Retail,Region,West,65676,1838925.04,0.91
nielsen_scanner,2024-05,2024-Q2,Dermatology,SkinRelief Pro,SKINRELIEF PRO LARGE,Retail,Region,West,3050,149442.11,0.91
nielsen_scanner,2024-05,2024-Q2,Dermatology,SkinRelief Pro,SKINRELIEF PRO SMALL,Retail,Region,West,4266,209043.77,0.91
nielsen_scanner,2024-05,2024-Q2,Parasiticides,TickShield Plus,TICKSHIELD PLUS LARGE,Retail,Region,West,30528,732668.14,0.91
nielsen_scanner,2024-05,2024-Q2,Parasiticides,TickShield Plus,TICKSHIELD PLUS SMALL,Retail,Region,West,41022,984523.91,0.91
nielsen_scanner,2024-05,2024-Q2,Vaccines,Vanguard,VANGUARD LARGE,Retail,Region,West,4431,97485.98,0.91
nielsen_scanner,2024-05,2024-Q2,Vaccines,Vanguard,VANGUARD SMALL,Retail,Region,West,5617,123573.84,0.91
nielsen_scanner,2024-05,2024-Q2,Parasiticides,VectraGuard,VECTRAGUARD LARGE,Retail,Region,West,34918,907876.0,0.91
nielsen_scanner,2024-05,2024-Q2,Parasiticides,VectraGuard,VECTRAGUARD SMALL,Retail,Region,West,51536,1339948.61,0.91
nielsen_scanner,2024-05,2024-Q2,Vaccines,VetGuard Immunize,VETGUARD IMMUNIZE LARGE,Retail,Region,West,3846,73066.58,0.91
nielsen_scanner,2024-05,2024-Q2,Vaccines,VetGuard Immunize,VETGUARD IMMUNIZE SMALL,Retail,Region,West,5193,98658.27,0.91
nielsen_scanner,2024-05,2024-Q2,Vaccines,VetSelect Core Vax,VETSELECT CORE VAX LARGE,Retail,Region,West,13375,187252.71,0.91
nielsen_scanner,2024-05,2024-Q2,Vaccines,VetSelect Core Vax,VETSELECT CORE VAX SMALL,Retail,Region,West,18351,256920.47,0.91
nielsen_scanner,2024-05,2024-Q2,Dermatology,VetSelect Derma,VETSELECT DERMA LARGE,Retail,Region,West,6938,263654.79,0.91
nielsen_scanner,2024-05,2024-Q2,Dermatology,VetSelect Derma,VETSELECT DERMA SMALL,Retail,Region,West,10087,383320.56,0.91
nielsen_scanner,2024-05,2024-Q2,Petcare Diagnostics,VetSelect Dx,VETSELECT DX LARGE,Retail,Region,West,7925,95100.58,0.91
nielsen_scanner,2024-05,2024-Q2,Petcare Diagnostics,VetSelect Dx,VETSELECT DX SMALL,Retail,Region,West,11020,132241.67,0.91
nielsen_scanner,2024-05,2024-Q2,Parasiticides,VetSelect Flea & Tick,VETSELECT FLEA & TICK LARGE,Retail,Region,West,64364,1094183.77,0.91
nielsen_scanner,2024-05,2024-Q2,Parasiticides,VetSelect Flea & Tick,VETSELECT FLEA & TICK SMALL,Retail,Region,West,86233,1465963.43,0.91
nielsen_scanner,2024-05,2024-Q2,Pain/Osteoarthritis,VetSelect Joint,VETSELECT JOINT LARGE,Retail,Region,West,4979,144399.11,0.91
nielsen_scanner,2024-05,2024-Q2,Pain/Osteoarthritis,VetSelect Joint,VETSELECT JOINT SMALL,Retail,Region,West,7098,205851.51,0.91
nielsen_scanner,2024-05,2024-Q2,Petcare Diagnostics,Vetscan,VETSCAN LARGE,Retail,Region,West,2737,49266.23,0.91
nielsen_scanner,2024-05,2024-Q2,Petcare Diagnostics,Vetscan,VETSCAN SMALL,Retail,Region,West,3873,69719.46,0.91
nielsen_scanner,2024-06,2024-Q2,Dermatology,AllerVet RX,ALLERVET RX LARGE,Retail,National,National,17126,924755.65,0.91
nielsen_scanner,2024-06,2024-Q2,Dermatology,AllerVet RX,ALLERVET RX SMALL,Retail,National,National,23061,1245308.55,0.91
nielsen_scanner,2024-06,2024-Q2,Dermatology,Apoquel,APOQUEL LARGE,Retail,National,National,22182,1441814.13,0.91
nielsen_scanner,2024-06,2024-Q2,Dermatology,Apoquel,APOQUEL SMALL,Retail,National,National,30460,1979969.87,0.91
nielsen_scanner,2024-06,2024-Q2,Vaccines,BioShield Vax,BIOSHIELD VAX LARGE,Retail,National,National,19079,381601.32,0.91
nielsen_scanner,2024-06,2024-Q2,Vaccines,BioShield Vax,BIOSHIELD VAX SMALL,Retail,National,National,27080,541600.43,0.91
nielsen_scanner,2024-06,2024-Q2,Dermatology,DermaCalm,DERMACALM LARGE,Retail,National,National,18614,1079601.11,0.91
nielsen_scanner,2024-06,2024-Q2,Dermatology,DermaCalm,DERMACALM SMALL,Retail,National,National,25647,1487499.96,0.91
nielsen_scanner,2024-06,2024-Q2,Petcare Diagnostics,DiagnosTech Vet,DIAGNOSTECH VET LARGE,Retail,National,National,17427,296260.95,0.91
nielsen_scanner,2024-06,2024-Q2,Petcare Diagnostics,DiagnosTech Vet,DIAGNOSTECH VET SMALL,Retail,National,National,24278,412712.54,0.91
nielsen_scanner,2024-06,2024-Q2,Parasiticides,FleaStop Pro,FLEASTOP PRO LARGE,Retail,National,National,129113,2711353.62,0.91
nielsen_scanner,2024-06,2024-Q2,Parasiticides,FleaStop Pro,FLEASTOP PRO SMALL,Retail,National,National,172139,3614925.09,0.91
nielsen_scanner,2024-06,2024-Q2,Pain/Osteoarthritis,FlexiCare Joint,FLEXICARE JOINT LARGE,Retail,National,National,8475,372947.55,0.91
nielsen_scanner,2024-06,2024-Q2,Pain/Osteoarthritis,FlexiCare Joint,FLEXICARE JOINT SMALL,Retail,National,National,11630,511752.88,0.91
nielsen_scanner,2024-06,2024-Q2,Vaccines,ImmunoCore Canine,IMMUNOCORE CANINE LARGE,Retail,National,National,22297,468242.21,0.91
nielsen_scanner,2024-06,2024-Q2,Vaccines,ImmunoCore Canine,IMMUNOCORE CANINE SMALL,Retail,National,National,31238,656005.88,0.91
nielsen_scanner,2024-06,2024-Q2,Pain/Osteoarthritis,Librela,LIBRELA LARGE,Retail,National,National,6653,319368.41,0.91
nielsen_scanner,2024-06,2024-Q2,Pain/Osteoarthritis,Librela,LIBRELA SMALL,Retail,National,National,8992,431565.21,0.91
nielsen_scanner,2024-06,2024-Q2,Pain/Osteoarthritis,OsteoEase Vet,OSTEOEASE VET LARGE,Retail,National,National,8299,340248.13,0.91
nielsen_scanner,2024-06,2024-Q2,Pain/Osteoarthritis,OsteoEase Vet,OSTEOEASE VET SMALL,Retail,National,National,10954,449123.94,0.91
nielsen_scanner,2024-06,2024-Q2,Pain/Osteoarthritis,PainAway Canine,PAINAWAY CANINE LARGE,Retail,National,National,6986,258494.74,0.91
nielsen_scanner,2024-06,2024-Q2,Pain/Osteoarthritis,PainAway Canine,PAINAWAY CANINE SMALL,Retail,National,National,9781,361930.77,0.91
nielsen_scanner,2024-06,2024-Q2,Petcare Diagnostics,PetLab Analyzer,PETLAB ANALYZER LARGE,Retail,National,National,10106,151582.75,0.91
nielsen_scanner,2024-06,2024-Q2,Petcare Diagnostics,PetLab Analyzer,PETLAB ANALYZER SMALL,Retail,National,National,13976,209661.76,0.91
nielsen_scanner,2024-06,2024-Q2,Petcare Diagnostics,RapidVet Dx,RAPIDVET DX LARGE,Retail,National,National,15933,254928.11,0.91
nielsen_scanner,2024-06,2024-Q2,Petcare Diagnostics,RapidVet Dx,RAPIDVET DX SMALL,Retail,National,National,22189,355013.2,0.91
nielsen_scanner,2024-06,2024-Q2,Parasiticides,Simparica Trio,SIMPARICA TRIO LARGE,Retail,National,National,204851,5735844.88,0.91
nielsen_scanner,2024-06,2024-Q2,Parasiticides,Simparica Trio,SIMPARICA TRIO SMALL,Retail,National,National,283241,7930753.53,0.91
nielsen_scanner,2024-06,2024-Q2,Dermatology,SkinRelief Pro,SKINRELIEF PRO LARGE,Retail,National,National,14222,696879.86,0.91
nielsen_scanner,2024-06,2024-Q2,Dermatology,SkinRelief Pro,SKINRELIEF PRO SMALL,Retail,National,National,18888,925559.14,0.91
nielsen_scanner,2024-06,2024-Q2,Parasiticides,TickShield Plus,TICKSHIELD PLUS LARGE,Retail,National,National,150032,3600773.4,0.91
nielsen_scanner,2024-06,2024-Q2,Parasiticides,TickShield Plus,TICKSHIELD PLUS SMALL,Retail,National,National,207023,4968557.1,0.91
nielsen_scanner,2024-06,2024-Q2,Vaccines,Vanguard,VANGUARD LARGE,Retail,National,National,16612,365474.74,0.91
nielsen_scanner,2024-06,2024-Q2,Vaccines,Vanguard,VANGUARD SMALL,Retail,National,National,23398,514748.41,0.91
nielsen_scanner,2024-06,2024-Q2,Parasiticides,VectraGuard,VECTRAGUARD LARGE,Retail,National,National,174964,4549052.74,0.91
nielsen_scanner,2024-06,2024-Q2,Parasiticides,VectraGuard,VECTRAGUARD SMALL,Retail,National,National,242663,6309232.95,0.91
nielsen_scanner,2024-06,2024-Q2,Vaccines,VetGuard Immunize,VETGUARD IMMUNIZE LARGE,Retail,National,National,16883,320783.37,0.91
nielsen_scanner,2024-06,2024-Q2,Vaccines,VetGuard Immunize,VETGUARD IMMUNIZE SMALL,Retail,National,National,22419,425953.91,0.91
nielsen_scanner,2024-06,2024-Q2,Vaccines,VetSelect Core Vax,VETSELECT CORE VAX LARGE,Retail,National,National,55651,779130.63,0.91
nielsen_scanner,2024-06,2024-Q2,Vaccines,VetSelect Core Vax,VETSELECT CORE VAX SMALL,Retail,National,National,76365,1069098.78,0.91
nielsen_scanner,2024-06,2024-Q2,Dermatology,VetSelect Derma,VETSELECT DERMA LARGE,Retail,National,National,32751,1244537.27,0.91
nielsen_scanner,2024-06,2024-Q2,Dermatology,VetSelect Derma,VETSELECT DERMA SMALL,Retail,National,National,45886,1743661.6,0.91
nielsen_scanner,2024-06,2024-Q2,Petcare Diagnostics,VetSelect Dx,VETSELECT DX LARGE,Retail,National,National,33139,397653.66,0.91
nielsen_scanner,2024-06,2024-Q2,Petcare Diagnostics,VetSelect Dx,VETSELECT DX SMALL,Retail,National,National,46314,555772.5,0.91
nielsen_scanner,2024-06,2024-Q2,Parasiticides,VetSelect Flea & Tick,VETSELECT FLEA & TICK LARGE,Retail,National,National,286988,4878794.85,0.91
nielsen_scanner,2024-06,2024-Q2,Parasiticides,VetSelect Flea & Tick,VETSELECT FLEA & TICK SMALL,Retail,National,National,389112,6614908.63,0.91
nielsen_scanner,2024-06,2024-Q2,Pain/Osteoarthritis,VetSelect Joint,VETSELECT JOINT LARGE,Retail,National,National,21613,626757.92,0.91
nielsen_scanner,2024-06,2024-Q2,Pain/Osteoarthritis,VetSelect Joint,VETSELECT JOINT SMALL,Retail,National,National,29716,861741.54,0.91
nielsen_scanner,2024-06,2024-Q2,Petcare Diagnostics,Vetscan,VETSCAN LARGE,Retail,National,National,10870,195651.79,0.91
nielsen_scanner,2024-06,2024-Q2,Petcare Diagnostics,Vetscan,VETSCAN SMALL,Retail,National,National,14726,265070.93,0.91
nielsen_scanner,2024-06,2024-Q2,Dermatology,AllerVet RX,ALLERVET RX LARGE,Retail,Region,Midwest,3480,187909.02,0.91
nielsen_scanner,2024-06,2024-Q2,Dermatology,AllerVet RX,ALLERVET RX SMALL,Retail,Region,Midwest,4794,258874.24,0.91
nielsen_scanner,2024-06,2024-Q2,Dermatology,Apoquel,APOQUEL LARGE,Retail,Region,Midwest,4601,299092.53,0.91
nielsen_scanner,2024-06,2024-Q2,Dermatology,Apoquel,APOQUEL SMALL,Retail,Region,Midwest,6351,412817.01,0.91
nielsen_scanner,2024-06,2024-Q2,Vaccines,BioShield Vax,BIOSHIELD VAX LARGE,Retail,Region,Midwest,3865,77305.87,0.91
nielsen_scanner,2024-06,2024-Q2,Vaccines,BioShield Vax,BIOSHIELD VAX SMALL,Retail,Region,Midwest,5339,106784.81,0.91
nielsen_scanner,2024-06,2024-Q2,Dermatology,DermaCalm,DERMACALM LARGE,Retail,Region,Midwest,3756,217835.23,0.91
nielsen_scanner,2024-06,2024-Q2,Dermatology,DermaCalm,DERMACALM SMALL,Retail,Region,Midwest,5308,307848.32,0.91
nielsen_scanner,2024-06,2024-Q2,Petcare Diagnostics,DiagnosTech Vet,DIAGNOSTECH VET LARGE,Retail,Region,Midwest,3311,56292.41,0.91
nielsen_scanner,2024-06,2024-Q2,Petcare Diagnostics,DiagnosTech Vet,DIAGNOSTECH VET SMALL,Retail,Region,Midwest,4759,80897.0,0.91
nielsen_scanner,2024-06,2024-Q2,Parasiticides,FleaStop Pro,FLEASTOP PRO LARGE,Retail,Region,Midwest,27649,580629.96,0.91
nielsen_scanner,2024-06,2024-Q2,Parasiticides,FleaStop Pro,FLEASTOP PRO SMALL,Retail,Region,Midwest,37987,797731.78,0.91
nielsen_scanner,2024-06,2024-Q2,Pain/Osteoarthritis,FlexiCare Joint,FLEXICARE JOINT LARGE,Retail,Region,Midwest,1867,82169.65,0.91
nielsen_scanner,2024-06,2024-Q2,Pain/Osteoarthritis,FlexiCare Joint,FLEXICARE JOINT SMALL,Retail,Region,Midwest,2601,114451.28,0.91
nielsen_scanner,2024-06,2024-Q2,Vaccines,ImmunoCore Canine,IMMUNOCORE CANINE LARGE,Retail,Region,Midwest,4784,100473.2,0.91
nielsen_scanner,2024-06,2024-Q2,Vaccines,ImmunoCore Canine,IMMUNOCORE CANINE SMALL,Retail,Region,Midwest,6747,141687.0,0.91
nielsen_scanner,2024-06,2024-Q2,Pain/Osteoarthritis,Librela,LIBRELA LARGE,Retail,Region,Midwest,1427,68503.44,0.91
nielsen_scanner,2024-06,2024-Q2,Pain/Osteoarthritis,Librela,LIBRELA SMALL,Retail,Region,Midwest,1855,89037.68,0.91
nielsen_scanner,2024-06,2024-Q2,Pain/Osteoarthritis,OsteoEase Vet,OSTEOEASE VET LARGE,Retail,Region,Midwest,1719,70491.84,0.91
nielsen_scanner,2024-06,2024-Q2,Pain/Osteoarthritis,OsteoEase Vet,OSTEOEASE VET SMALL,Retail,Region,Midwest,2174,89142.15,0.91
nielsen_scanner,2024-06,2024-Q2,Pain/Osteoarthritis,PainAway Canine,PAINAWAY CANINE LARGE,Retail,Region,Midwest,1399,51751.43,0.91
nielsen_scanner,2024-06,2024-Q2,Pain/Osteoarthritis,PainAway Canine,PAINAWAY CANINE SMALL,Retail,Region,Midwest,2058,76163.19,0.91
nielsen_scanner,2024-06,2024-Q2,Petcare Diagnostics,PetLab Analyzer,PETLAB ANALYZER LARGE,Retail,Region,Midwest,2198,32968.43,0.91
nielsen_scanner,2024-06,2024-Q2,Petcare Diagnostics,PetLab Analyzer,PETLAB ANALYZER SMALL,Retail,Region,Midwest,3017,45261.27,0.91
nielsen_scanner,2024-06,2024-Q2,Petcare Diagnostics,RapidVet Dx,RAPIDVET DX LARGE,Retail,Region,Midwest,3377,54032.11,0.91
nielsen_scanner,2024-06,2024-Q2,Petcare Diagnostics,RapidVet Dx,RAPIDVET DX SMALL,Retail,Region,Midwest,4596,73534.04,0.91
nielsen_scanner,2024-06,2024-Q2,Parasiticides,Simparica Trio,SIMPARICA TRIO LARGE,Retail,Region,Midwest,43277,1211765.24,0.91
nielsen_scanner,2024-06,2024-Q2,Parasiticides,Simparica Trio,SIMPARICA TRIO SMALL,Retail,Region,Midwest,61946,1734498.04,0.91
nielsen_scanner,2024-06,2024-Q2,Dermatology,SkinRelief Pro,SKINRELIEF PRO LARGE,Retail,Region,Midwest,2975,145793.01,0.91
nielsen_scanner,2024-06,2024-Q2,Dermatology,SkinRelief Pro,SKINRELIEF PRO SMALL,Retail,Region,Midwest,3963,194196.79,0.91
nielsen_scanner,2024-06,2024-Q2,Parasiticides,TickShield Plus,TICKSHIELD PLUS LARGE,Retail,Region,Midwest,33014,792333.91,0.91
nielsen_scanner,2024-06,2024-Q2,Parasiticides,TickShield Plus,TICKSHIELD PLUS SMALL,Retail,Region,Midwest,43398,1041554.75,0.91
nielsen_scanner,2024-06,2024-Q2,Vaccines,Vanguard,VANGUARD LARGE,Retail,Region,Midwest,3589,78966.45,0.91
nielsen_scanner,2024-06,2024-Q2,Vaccines,Vanguard,VANGUARD SMALL,Retail,Region,Midwest,5055,111219.13,0.91
nielsen_scanner,2024-06,2024-Q2,Parasiticides,VectraGuard,VECTRAGUARD LARGE,Retail,Region,Midwest,37361,971386.07,0.91
nielsen_scanner,2024-06,2024-Q2,Parasiticides,VectraGuard,VECTRAGUARD SMALL,Retail,Region,Midwest,53638,1394584.82,0.91
nielsen_scanner,2024-06,2024-Q2,Vaccines,VetGuard Immunize,VETGUARD IMMUNIZE LARGE,Retail,Region,Midwest,3616,68712.25,0.91
nielsen_scanner,2024-06,2024-Q2,Vaccines,VetGuard Immunize,VETGUARD IMMUNIZE SMALL,Retail,Region,Midwest,5023,95435.61,0.91
nielsen_scanner,2024-06,2024-Q2,Vaccines,VetSelect Core Vax,VETSELECT CORE VAX LARGE,Retail,Region,Midwest,11990,167863.18,0.91
nielsen_scanner,2024-06,2024-Q2,Vaccines,VetSelect Core Vax,VETSELECT CORE VAX SMALL,Retail,Region,Midwest,15463,216476.5,0.91
nielsen_scanner,2024-06,2024-Q2,Dermatology,VetSelect Derma,VETSELECT DERMA LARGE,Retail,Region,Midwest,7031,267196.13,0.91
nielsen_scanner,2024-06,2024-Q2,Dermatology,VetSelect Derma,VETSELECT DERMA SMALL,Retail,Region,Midwest,10124,384722.93,0.91
nielsen_scanner,2024-06,2024-Q2,Petcare Diagnostics,VetSelect Dx,VETSELECT DX LARGE,Retail,Region,Midwest,7341,88086.98,0.91
nielsen_scanner,2024-06,2024-Q2,Petcare Diagnostics,VetSelect Dx,VETSELECT DX SMALL,Retail,Region,Midwest,10330,123960.92,0.91
nielsen_scanner,2024-06,2024-Q2,Parasiticides,VetSelect Flea & Tick,VETSELECT FLEA & TICK LARGE,Retail,Region,Midwest,59941,1019004.02,0.91
nielsen_scanner,2024-06,2024-Q2,Parasiticides,VetSelect Flea & Tick,VETSELECT FLEA & TICK SMALL,Retail,Region,Midwest,84062,1429057.36,0.91
nielsen_scanner,2024-06,2024-Q2,Pain/Osteoarthritis,VetSelect Joint,VETSELECT JOINT LARGE,Retail,Region,Midwest,4321,125298.41,0.91
nielsen_scanner,2024-06,2024-Q2,Pain/Osteoarthritis,VetSelect Joint,VETSELECT JOINT SMALL,Retail,Region,Midwest,6272,181885.89,0.91
nielsen_scanner,2024-06,2024-Q2,Petcare Diagnostics,Vetscan,VETSCAN LARGE,Retail,Region,Midwest,2304,41463.05,0.91
nielsen_scanner,2024-06,2024-Q2,Petcare Diagnostics,Vetscan,VETSCAN SMALL,Retail,Region,Midwest,3059,55057.7,0.91
nielsen_scanner,2024-06,2024-Q2,Dermatology,AllerVet RX,ALLERVET RX LARGE,Retail,Region,Northeast,3877,209331.27,0.91
nielsen_scanner,2024-06,2024-Q2,Dermatology,AllerVet RX,ALLERVET RX SMALL,Retail,Region,Northeast,5073,273954.64,0.91
nielsen_scanner,2024-06,2024-Q2,Dermatology,Apoquel,APOQUEL LARGE,Retail,Region,Northeast,4927,320244.16,0.91
nielsen_scanner,2024-06,2024-Q2,Dermatology,Apoquel,APOQUEL SMALL,Retail,Region,Northeast,6400,416010.51,0.91
nielsen_scanner,2024-06,2024-Q2,Vaccines,BioShield Vax,BIOSHIELD VAX LARGE,Retail,Region,Northeast,4485,89707.64,0.91
nielsen_scanner,2024-06,2024-Q2,Vaccines,BioShield Vax,BIOSHIELD VAX SMALL,Retail,Region,Northeast,6199,123986.58,0.91
nielsen_scanner,2024-06,2024-Q2,Dermatology,DermaCalm,DERMACALM LARGE,Retail,Region,Northeast,3916,227134.53,0.91
nielsen_scanner,2024-06,2024-Q2,Dermatology,DermaCalm,DERMACALM SMALL,Retail,Region,Northeast,5403,313385.38,0.91
nielsen_scanner,2024-06,2024-Q2,Petcare Diagnostics,DiagnosTech Vet,DIAGNOSTECH VET LARGE,Retail,Region,Northeast,3989,67818.67,0.91
nielsen_scanner,2024-06,2024-Q2,Petcare Diagnostics,DiagnosTech Vet,DIAGNOSTECH VET SMALL,Retail,Region,Northeast,5671,96406.98,0.91
nielsen_scanner,2024-06,2024-Q2,Parasiticides,FleaStop Pro,FLEASTOP PRO LARGE,Retail,Region,Northeast,29881,627492.52,0.91
nielsen_scanner,2024-06,2024-Q2,Parasiticides,FleaStop Pro,FLEASTOP PRO SMALL,Retail,Region,Northeast,37491,787310.87,0.91
nielsen_scanner,2024-06,2024-Q2,Pain/Osteoarthritis,FlexiCare Joint,FLEXICARE JOINT LARGE,Retail,Region,Northeast,1916,84309.87,0.91
nielsen_scanner,2024-06,2024-Q2,Pain/Osteoarthritis,FlexiCare Joint,FLEXICARE JOINT SMALL,Retail,Region,Northeast,2648,116531.2,0.91
nielsen_scanner,2024-06,2024-Q2,Vaccines,ImmunoCore Canine,IMMUNOCORE CANINE LARGE,Retail,Region,Northeast,4897,102830.01,0.91
nielsen_scanner,2024-06,2024-Q2,Vaccines,ImmunoCore Canine,IMMUNOCORE CANINE SMALL,Retail,Region,Northeast,7267,152610.45,0.91
nielsen_scanner,2024-06,2024-Q2,Pain/Osteoarthritis,Librela,LIBRELA LARGE,Retail,Region,Northeast,1480,71062.96,0.91
nielsen_scanner,2024-06,2024-Q2,Pain/Osteoarthritis,Librela,LIBRELA SMALL,Retail,Region,Northeast,2027,97279.41,0.91
nielsen_scanner,2024-06,2024-Q2,Pain/Osteoarthritis,OsteoEase Vet,OSTEOEASE VET LARGE,Retail,Region,Northeast,1854,76019.43,0.91
nielsen_scanner,2024-06,2024-Q2,Pain/Osteoarthritis,OsteoEase Vet,OSTEOEASE VET SMALL,Retail,Region,Northeast,2434,99789.06,0.91
nielsen_scanner,2024-06,2024-Q2,Pain/Osteoarthritis,PainAway Canine,PAINAWAY CANINE LARGE,Retail,Region,Northeast,1574,58241.06,0.91
nielsen_scanner,2024-06,2024-Q2,Pain/Osteoarthritis,PainAway Canine,PAINAWAY CANINE SMALL,Retail,Region,Northeast,2101,77754.78,0.91
nielsen_scanner,2024-06,2024-Q2,Petcare Diagnostics,PetLab Analyzer,PETLAB ANALYZER LARGE,Retail,Region,Northeast,2247,33701.26,0.91
nielsen_scanner,2024-06,2024-Q2,Petcare Diagnostics,PetLab Analyzer,PETLAB ANALYZER SMALL,Retail,Region,Northeast,3078,46174.68,0.91
nielsen_scanner,2024-06,2024-Q2,Petcare Diagnostics,RapidVet Dx,RAPIDVET DX LARGE,Retail,Region,Northeast,3556,56894.06,0.91
nielsen_scanner,2024-06,2024-Q2,Petcare Diagnostics,RapidVet Dx,RAPIDVET DX SMALL,Retail,Region,Northeast,4881,78089.13,0.91
nielsen_scanner,2024-06,2024-Q2,Parasiticides,Simparica Trio,SIMPARICA TRIO LARGE,Retail,Region,Northeast,44202,1237656.56,0.91
nielsen_scanner,2024-06,2024-Q2,Parasiticides,Simparica Trio,SIMPARICA TRIO SMALL,Retail,Region,Northeast,61667,1726662.38,0.91
nielsen_scanner,2024-06,2024-Q2,Dermatology,SkinRelief Pro,SKINRELIEF PRO LARGE,Retail,Region,Northeast,2992,146621.58,0.91
nielsen_scanner,2024-06,2024-Q2,Dermatology,SkinRelief Pro,SKINRELIEF PRO SMALL,Retail,Region,Northeast,4208,206203.97,0.91
nielsen_scanner,2024-06,2024-Q2,Parasiticides,TickShield Plus,TICKSHIELD PLUS LARGE,Retail,Region,Northeast,31584,758026.83,0.91
nielsen_scanner,2024-06,2024-Q2,Parasiticides,TickShield Plus,TICKSHIELD PLUS SMALL,Retail,Region,Northeast,43386,1041272.98,0.91
nielsen_scanner,2024-06,2024-Q2,Vaccines,Vanguard,VANGUARD LARGE,Retail,Region,Northeast,3479,76533.28,0.91
nielsen_scanner,2024-06,2024-Q2,Vaccines,Vanguard,VANGUARD SMALL,Retail,Region,Northeast,5007,110143.08,0.91
nielsen_scanner,2024-06,2024-Q2,Parasiticides,VectraGuard,VECTRAGUARD LARGE,Retail,Region,Northeast,39240,1020245.33,0.91
nielsen_scanner,2024-06,2024-Q2,Parasiticides,VectraGuard,VECTRAGUARD SMALL,Retail,Region,Northeast,54114,1406953.27,0.91
nielsen_scanner,2024-06,2024-Q2,Vaccines,VetGuard Immunize,VETGUARD IMMUNIZE LARGE,Retail,Region,Northeast,3811,72412.68,0.91
nielsen_scanner,2024-06,2024-Q2,Vaccines,VetGuard Immunize,VETGUARD IMMUNIZE SMALL,Retail,Region,Northeast,4802,91231.69,0.91
nielsen_scanner,2024-06,2024-Q2,Vaccines,VetSelect Core Vax,VETSELECT CORE VAX LARGE,Retail,Region,Northeast,11756,164589.28,0.91
nielsen_scanner,2024-06,2024-Q2,Vaccines,VetSelect Core Vax,VETSELECT CORE VAX SMALL,Retail,Region,Northeast,15894,222509.11,0.91
nielsen_scanner,2024-06,2024-Q2,Dermatology,VetSelect Derma,VETSELECT DERMA LARGE,Retail,Region,Northeast,6909,262527.21,0.91
nielsen_scanner,2024-06,2024-Q2,Dermatology,VetSelect Derma,VETSELECT DERMA SMALL,Retail,Region,Northeast,10298,391311.6,0.91
nielsen_scanner,2024-06,2024-Q2,Petcare Diagnostics,VetSelect Dx,VETSELECT DX LARGE,Retail,Region,Northeast,7266,87191.13,0.91
nielsen_scanner,2024-06,2024-Q2,Petcare Diagnostics,VetSelect Dx,VETSELECT DX SMALL,Retail,Region,Northeast,10114,121367.96,0.91
nielsen_scanner,2024-06,2024-Q2,Parasiticides,VetSelect Flea & Tick,VETSELECT FLEA & TICK LARGE,Retail,Region,Northeast,60530,1029012.89,0.91
nielsen_scanner,2024-06,2024-Q2,Parasiticides,VetSelect Flea & Tick,VETSELECT FLEA & TICK SMALL,Retail,Region,Northeast,84361,1434132.16,0.91
nielsen_scanner,2024-06,2024-Q2,Pain/Osteoarthritis,VetSelect Joint,VETSELECT JOINT LARGE,Retail,Region,Northeast,4736,137332.34,0.91
nielsen_scanner,2024-06,2024-Q2,Pain/Osteoarthritis,VetSelect Joint,VETSELECT JOINT SMALL,Retail,Region,Northeast,6397,185498.98,0.91
nielsen_scanner,2024-06,2024-Q2,Petcare Diagnostics,Vetscan,VETSCAN LARGE,Retail,Region,Northeast,2327,41880.13,0.91
nielsen_scanner,2024-06,2024-Q2,Petcare Diagnostics,Vetscan,VETSCAN SMALL,Retail,Region,Northeast,3247,58445.35,0.91
nielsen_scanner,2024-06,2024-Q2,Dermatology,AllerVet RX,ALLERVET RX LARGE,Retail,Region,South,5977,322760.58,0.91
nielsen_scanner,2024-06,2024-Q2,Dermatology,AllerVet RX,ALLERVET RX SMALL,Retail,Region,South,8038,434043.97,0.91
nielsen_scanner,2024-06,2024-Q2,Dermatology,Apoquel,APOQUEL LARGE,Retail,Region,South,7691,499909.68,0.91
nielsen_scanner,2024-06,2024-Q2,Dermatology,Apoquel,APOQUEL SMALL,Retail,Region,South,10701,695594.91,0.91
nielsen_scanner,2024-06,2024-Q2,Vaccines,BioShield Vax,BIOSHIELD VAX LARGE,Retail,Region,South,6294,125883.44,0.91
nielsen_scanner,2024-06,2024-Q2,Vaccines,BioShield Vax,BIOSHIELD VAX SMALL,Retail,Region,South,9026,180510.88,0.91
nielsen_scanner,2024-06,2024-Q2,Dermatology,DermaCalm,DERMACALM LARGE,Retail,Region,South,6601,382856.68,0.91
nielsen_scanner,2024-06,2024-Q2,Dermatology,DermaCalm,DERMACALM SMALL,Retail,Region,South,8953,519247.7,0.91
nielsen_scanner,2024-06,2024-Q2,Petcare Diagnostics,DiagnosTech Vet,DIAGNOSTECH VET LARGE,Retail,Region,South,5983,101708.42,0.91
nielsen_scanner,2024-06,2024-Q2,Petcare Diagnostics,DiagnosTech Vet,DIAGNOSTECH VET SMALL,Retail,Region,South,8357,142069.32,0.91
nielsen_scanner,2024-06,2024-Q2,Parasiticides,FleaStop Pro,FLEASTOP PRO LARGE,Retail,Region,South,41588,873337.67,0.91
nielsen_scanner,2024-06,2024-Q2,Parasiticides,FleaStop Pro,FLEASTOP PRO SMALL,Retail,Region,South,56085,1177787.52,0.91
nielsen_scanner,2024-06,2024-Q2,Pain/Osteoarthritis,FlexiCare Joint,FLEXICARE JOINT LARGE,Retail,Region,South,2828,124434.23,0.91
nielsen_scanner,2024-06,2024-Q2,Pain/Osteoarthritis,FlexiCare Joint,FLEXICARE JOINT SMALL,Retail,Region,South,3929,172886.98,0.91
nielsen_scanner,2024-06,2024-Q2,Vaccines,ImmunoCore Canine,IMMUNOCORE CANINE LARGE,Retail,Region,South,7114,149387.4,0.91
nielsen_scanner,2024-06,2024-Q2,Vaccines,ImmunoCore Canine,IMMUNOCORE CANINE SMALL,Retail,Region,South,9793,205662.47,0.91
nielsen_scanner,2024-06,2024-Q2,Pain/Osteoarthritis,Librela,LIBRELA LARGE,Retail,Region,South,2243,107663.07,0.91
nielsen_scanner,2024-06,2024-Q2,Pain/Osteoarthritis,Librela,LIBRELA SMALL,Retail,Region,South,2984,143224.0,0.91
nielsen_scanner,2024-06,2024-Q2,Pain/Osteoarthritis,OsteoEase Vet,OSTEOEASE VET LARGE,Retail,Region,South,2759,113106.66,0.91
nielsen_scanner,2024-06,2024-Q2,Pain/Osteoarthritis,OsteoEase Vet,OSTEOEASE VET SMALL,Retail,Region,South,3817,156508.47,0.91
nielsen_scanner,2024-06,2024-Q2,Pain/Osteoarthritis,PainAway Canine,PAINAWAY CANINE LARGE,Retail,Region,South,2331,86261.66,0.91
nielsen_scanner,2024-06,2024-Q2,Pain/Osteoarthritis,PainAway Canine,PAINAWAY CANINE SMALL,Retail,Region,South,3330,123191.67,0.91
nielsen_scanner,2024-06,2024-Q2,Petcare Diagnostics,PetLab Analyzer,PETLAB ANALYZER LARGE,Retail,Region,South,3451,51769.41,0.91
nielsen_scanner,2024-06,2024-Q2,Petcare Diagnostics,PetLab Analyzer,PETLAB ANALYZER SMALL,Retail,Region,South,4812,72187.08,0.91
nielsen_scanner,2024-06,2024-Q2,Petcare Diagnostics,RapidVet Dx,RAPIDVET DX LARGE,Retail,Region,South,5374,85986.98,0.91
nielsen_scanner,2024-06,2024-Q2,Petcare Diagnostics,RapidVet Dx,RAPIDVET DX SMALL,Retail,Region,South,7804,124866.03,0.91
nielsen_scanner,2024-06,2024-Q2,Parasiticides,Simparica Trio,SIMPARICA TRIO LARGE,Retail,Region,South,69716,1952054.74,0.91
nielsen_scanner,2024-06,2024-Q2,Parasiticides,Simparica Trio,SIMPARICA TRIO SMALL,Retail,Region,South,93204,2609708.32,0.91
nielsen_scanner,2024-06,2024-Q2,Dermatology,SkinRelief Pro,SKINRELIEF PRO LARGE,Retail,Region,South,4930,241556.71,0.91
nielsen_scanner,2024-06,2024-Q2,Dermatology,SkinRelief Pro,SKINRELIEF PRO SMALL,Retail,Region,South,6109,299352.11,0.91
nielsen_scanner,2024-06,2024-Q2,Parasiticides,TickShield Plus,TICKSHIELD PLUS LARGE,Retail,Region,South,51213,1229110.14,0.91
nielsen_scanner,2024-06,2024-Q2,Parasiticides,TickShield Plus,TICKSHIELD PLUS SMALL,Retail,Region,South,71177,1708252.66,0.91
nielsen_scanner,2024-06,2024-Q2,Vaccines,Vanguard,VANGUARD LARGE,Retail,Region,South,5626,123779.09,0.91
nielsen_scanner,2024-06,2024-Q2,Vaccines,Vanguard,VANGUARD SMALL,Retail,Region,South,8263,181777.3,0.91
nielsen_scanner,2024-06,2024-Q2,Parasiticides,VectraGuard,VECTRAGUARD LARGE,Retail,Region,South,58320,1516315.39,0.91
nielsen_scanner,2024-06,2024-Q2,Parasiticides,VectraGuard,VECTRAGUARD SMALL,Retail,Region,South,79306,2061961.45,0.91
nielsen_scanner,2024-06,2024-Q2,Vaccines,VetGuard Immunize,VETGUARD IMMUNIZE LARGE,Retail,Region,South,5748,109215.84,0.91
nielsen_scanner,2024-06,2024-Q2,Vaccines,VetGuard Immunize,VETGUARD IMMUNIZE SMALL,Retail,Region,South,7564,143720.01,0.91
nielsen_scanner,2024-06,2024-Q2,Vaccines,VetSelect Core Vax,VETSELECT CORE VAX LARGE,Retail,Region,South,19693,275708.75,0.91
nielsen_scanner,2024-06,2024-Q2,Vaccines,VetSelect Core Vax,VETSELECT CORE VAX SMALL,Retail,Region,South,27305,382266.0,0.91
nielsen_scanner,2024-06,2024-Q2,Dermatology,VetSelect Derma,VETSELECT DERMA LARGE,Retail,Region,South,11324,430310.0,0.91
nielsen_scanner,2024-06,2024-Q2,Dermatology,VetSelect Derma,VETSELECT DERMA SMALL,Retail,Region,South,15243,579234.2,0.91
nielsen_scanner,2024-06,2024-Q2,Petcare Diagnostics,VetSelect Dx,VETSELECT DX LARGE,Retail,Region,South,11117,133401.15,0.91
nielsen_scanner,2024-06,2024-Q2,Petcare Diagnostics,VetSelect Dx,VETSELECT DX SMALL,Retail,Region,South,15237,182842.33,0.91
nielsen_scanner,2024-06,2024-Q2,Parasiticides,VetSelect Flea & Tick,VETSELECT FLEA & TICK LARGE,Retail,Region,South,100743,1712626.33,0.91
nielsen_scanner,2024-06,2024-Q2,Parasiticides,VetSelect Flea & Tick,VETSELECT FLEA & TICK SMALL,Retail,Region,South,129642,2203915.84,0.91
nielsen_scanner,2024-06,2024-Q2,Pain/Osteoarthritis,VetSelect Joint,VETSELECT JOINT LARGE,Retail,Region,South,7510,217789.43,0.91
nielsen_scanner,2024-06,2024-Q2,Pain/Osteoarthritis,VetSelect Joint,VETSELECT JOINT SMALL,Retail,Region,South,10722,310934.75,0.91
nielsen_scanner,2024-06,2024-Q2,Petcare Diagnostics,Vetscan,VETSCAN LARGE,Retail,Region,South,3587,64563.93,0.91
nielsen_scanner,2024-06,2024-Q2,Petcare Diagnostics,Vetscan,VETSCAN SMALL,Retail,Region,South,5020,90365.91,0.91
nielsen_scanner,2024-06,2024-Q2,Dermatology,AllerVet RX,ALLERVET RX LARGE,Retail,Region,West,3792,204754.78,0.91
nielsen_scanner,2024-06,2024-Q2,Dermatology,AllerVet RX,ALLERVET RX SMALL,Retail,Region,West,5156,278435.7,0.91
nielsen_scanner,2024-06,2024-Q2,Dermatology,Apoquel,APOQUEL LARGE,Retail,Region,West,4963,322567.76,0.91
nielsen_scanner,2024-06,2024-Q2,Dermatology,Apoquel,APOQUEL SMALL,Retail,Region,West,7008,455547.44,0.91
nielsen_scanner,2024-06,2024-Q2,Vaccines,BioShield Vax,BIOSHIELD VAX LARGE,Retail,Region,West,4435,88704.37,0.91
nielsen_scanner,2024-06,2024-Q2,Vaccines,BioShield Vax,BIOSHIELD VAX SMALL,Retail,Region,West,6516,130318.16,0.91
nielsen_scanner,2024-06,2024-Q2,Dermatology,DermaCalm,DERMACALM LARGE,Retail,Region,West,4341,251774.67,0.91
nielsen_scanner,2024-06,2024-Q2,Dermatology,DermaCalm,DERMACALM SMALL,Retail,Region,West,5983,347018.56,0.91
nielsen_scanner,2024-06,2024-Q2,Petcare Diagnostics,DiagnosTech Vet,DIAGNOSTECH VET LARGE,Retail,Region,West,4144,70441.45,0.91
nielsen_scanner,2024-06,2024-Q2,Petcare Diagnostics,DiagnosTech Vet,DIAGNOSTECH VET SMALL,Retail,Region,West,5491,93339.24,0.91
nielsen_scanner,2024-06,2024-Q2,Parasiticides,FleaStop Pro,FLEASTOP PRO LARGE,Retail,Region,West,29995,629893.47,0.91
nielsen_scanner,2024-06,2024-Q2,Parasiticides,FleaStop Pro,FLEASTOP PRO SMALL,Retail,Region,West,40576,852094.92,0.91
nielsen_scanner,2024-06,2024-Q2,Pain/Osteoarthritis,FlexiCare Joint,FLEXICARE JOINT LARGE,Retail,Region,West,1864,82033.8,0.91
nielsen_scanner,2024-06,2024-Q2,Pain/Osteoarthritis,FlexiCare Joint,FLEXICARE JOINT SMALL,Retail,Region,West,2452,107883.42,0.91
nielsen_scanner,2024-06,2024-Q2,Vaccines,ImmunoCore Canine,IMMUNOCORE CANINE LARGE,Retail,Region,West,5502,115551.6,0.91
nielsen_scanner,2024-06,2024-Q2,Vaccines,ImmunoCore Canine,IMMUNOCORE CANINE SMALL,Retail,Region,West,7431,156045.96,0.91
nielsen_scanner,2024-06,2024-Q2,Pain/Osteoarthritis,Librela,LIBRELA LARGE,Retail,Region,West,1503,72138.94,0.91
nielsen_scanner,2024-06,2024-Q2,Pain/Osteoarthritis,Librela,LIBRELA SMALL,Retail,Region,West,2126,102024.12,0.91
nielsen_scanner,2024-06,2024-Q2,Pain/Osteoarthritis,OsteoEase Vet,OSTEOEASE VET LARGE,Retail,Region,West,1967,80630.2,0.91
nielsen_scanner,2024-06,2024-Q2,Pain/Osteoarthritis,OsteoEase Vet,OSTEOEASE VET SMALL,Retail,Region,West,2529,103684.26,0.91
nielsen_scanner,2024-06,2024-Q2,Pain/Osteoarthritis,PainAway Canine,PAINAWAY CANINE LARGE,Retail,Region,West,1682,62240.59,0.91
nielsen_scanner,2024-06,2024-Q2,Pain/Osteoarthritis,PainAway Canine,PAINAWAY CANINE SMALL,Retail,Region,West,2292,84821.13,0.91
nielsen_scanner,2024-06,2024-Q2,Petcare Diagnostics,PetLab Analyzer,PETLAB ANALYZER LARGE,Retail,Region,West,2210,33143.65,0.91
nielsen_scanner,2024-06,2024-Q2,Petcare Diagnostics,PetLab Analyzer,PETLAB ANALYZER SMALL,Retail,Region,West,3069,46038.73,0.91
nielsen_scanner,2024-06,2024-Q2,Petcare Diagnostics,RapidVet Dx,RAPIDVET DX LARGE,Retail,Region,West,3626,58014.96,0.91
nielsen_scanner,2024-06,2024-Q2,Petcare Diagnostics,RapidVet Dx,RAPIDVET DX SMALL,Retail,Region,West,4908,78524.0,0.91
nielsen_scanner,2024-06,2024-Q2,Parasiticides,Simparica Trio,SIMPARICA TRIO LARGE,Retail,Region,West,47656,1334368.34,0.91
nielsen_scanner,2024-06,2024-Q2,Parasiticides,Simparica Trio,SIMPARICA TRIO SMALL,Retail,Region,West,66424,1859884.79,0.91
nielsen_scanner,2024-06,2024-Q2,Dermatology,SkinRelief Pro,SKINRELIEF PRO LARGE,Retail,Region,West,3325,162908.56,0.91
nielsen_scanner,2024-06,2024-Q2,Dermatology,SkinRelief Pro,SKINRELIEF PRO SMALL,Retail,Region,West,4608,225806.27,0.91
nielsen_scanner,2024-06,2024-Q2,Parasiticides,TickShield Plus,TICKSHIELD PLUS LARGE,Retail,Region,West,34221,821302.52,0.91
nielsen_scanner,2024-06,2024-Q2,Parasiticides,TickShield Plus,TICKSHIELD PLUS SMALL,Retail,Region,West,49062,1177476.71,0.91
nielsen_scanner,2024-06,2024-Q2,Vaccines,Vanguard,VANGUARD LARGE,Retail,Region,West,3918,86195.92,0.91
nielsen_scanner,2024-06,2024-Q2,Vaccines,Vanguard,VANGUARD SMALL,Retail,Region,West,5073,111608.9,0.91
nielsen_scanner,2024-06,2024-Q2,Parasiticides,VectraGuard,VECTRAGUARD LARGE,Retail,Region,West,40043,1041105.95,0.91
nielsen_scanner,2024-06,2024-Q2,Parasiticides,VectraGuard,VECTRAGUARD SMALL,Retail,Region,West,55605,1445733.41,0.91
nielsen_scanner,2024-06,2024-Q2,Vaccines,VetGuard Immunize,VETGUARD IMMUNIZE LARGE,Retail,Region,West,3708,70442.6,0.91
nielsen_scanner,2024-06,2024-Q2,Vaccines,VetGuard Immunize,VETGUARD IMMUNIZE SMALL,Retail,Region,West,5030,95566.6,0.91
nielsen_scanner,2024-06,2024-Q2,Vaccines,VetSelect Core Vax,VETSELECT CORE VAX LARGE,Retail,Region,West,12212,170969.42,0.91
nielsen_scanner,2024-06,2024-Q2,Vaccines,VetSelect Core Vax,VETSELECT CORE VAX SMALL,Retail,Region,West,17703,247847.17,0.91
nielsen_scanner,2024-06,2024-Q2,Dermatology,VetSelect Derma,VETSELECT DERMA LARGE,Retail,Region,West,7487,284503.93,0.91
nielsen_scanner,2024-06,2024-Q2,Dermatology,VetSelect Derma,VETSELECT DERMA SMALL,Retail,Region,West,10221,388392.87,0.91
nielsen_scanner,2024-06,2024-Q2,Petcare Diagnostics,VetSelect Dx,VETSELECT DX LARGE,Retail,Region,West,7415,88974.4,0.91
nielsen_scanner,2024-06,2024-Q2,Petcare Diagnostics,VetSelect Dx,VETSELECT DX SMALL,Retail,Region,West,10633,127601.29,0.91
nielsen_scanner,2024-06,2024-Q2,Parasiticides,VetSelect Flea & Tick,VETSELECT FLEA & TICK LARGE,Retail,Region,West,65774,1118151.61,0.91
nielsen_scanner,2024-06,2024-Q2,Parasiticides,VetSelect Flea & Tick,VETSELECT FLEA & TICK SMALL,Retail,Region,West,91047,1547803.27,0.91
nielsen_scanner,2024-06,2024-Q2,Pain/Osteoarthritis,VetSelect Joint,VETSELECT JOINT LARGE,Retail,Region,West,5046,146337.74,0.91
nielsen_scanner,2024-06,2024-Q2,Pain/Osteoarthritis,VetSelect Joint,VETSELECT JOINT SMALL,Retail,Region,West,6325,183421.92,0.91
nielsen_scanner,2024-06,2024-Q2,Petcare Diagnostics,Vetscan,VETSCAN LARGE,Retail,Region,West,2652,47744.68,0.91
nielsen_scanner,2024-06,2024-Q2,Petcare Diagnostics,Vetscan,VETSCAN SMALL,Retail,Region,West,3400,61201.97,0.91
nielsen_scanner,2024-07,2024-Q3,Dermatology,AllerVet RX,ALLERVET RX LARGE,Retail,National,National,17307,934539.6,0.91
nielsen_scanner,2024-07,2024-Q3,Dermatology,AllerVet RX,ALLERVET RX SMALL,Retail,National,National,23998,1295926.21,0.91
nielsen_scanner,2024-07,2024-Q3,Dermatology,Apoquel,APOQUEL LARGE,Retail,National,National,21461,1395022.58,0.91
nielsen_scanner,2024-07,2024-Q3,Dermatology,Apoquel,APOQUEL SMALL,Retail,National,National,30085,1955538.43,0.91
nielsen_scanner,2024-07,2024-Q3,Vaccines,BioShield Vax,BIOSHIELD VAX LARGE,Retail,National,National,18551,371017.17,0.91
nielsen_scanner,2024-07,2024-Q3,Vaccines,BioShield Vax,BIOSHIELD VAX SMALL,Retail,National,National,25364,507296.31,0.91
nielsen_scanner,2024-07,2024-Q3,Dermatology,DermaCalm,DERMACALM LARGE,Retail,National,National,18353,1064467.53,0.91
nielsen_scanner,2024-07,2024-Q3,Dermatology,DermaCalm,DERMACALM SMALL,Retail,National,National,25463,1476864.41,0.91
nielsen_scanner,2024-07,2024-Q3,Petcare Diagnostics,DiagnosTech Vet,DIAGNOSTECH VET LARGE,Retail,National,National,17228,292883.27,0.91
nielsen_scanner,2024-07,2024-Q3,Petcare Diagnostics,DiagnosTech Vet,DIAGNOSTECH VET SMALL,Retail,National,National,23573,400752.48,0.91
nielsen_scanner,2024-07,2024-Q3,Parasiticides,FleaStop Pro,FLEASTOP PRO LARGE,Retail,National,National,132693,2786556.57,0.91
nielsen_scanner,2024-07,2024-Q3,Parasiticides,FleaStop Pro,FLEASTOP PRO SMALL,Retail,National,National,179636,3772365.84,0.91
nielsen_scanner,2024-07,2024-Q3,Pain/Osteoarthritis,FlexiCare Joint,FLEXICARE JOINT LARGE,Retail,National,National,7538,331663.44,0.91
nielsen_scanner,2024-07,2024-Q3,Pain/Osteoarthritis,FlexiCare Joint,FLEXICARE JOINT SMALL,Retail,National,National,10416,458284.93,0.91
nielsen_scanner,2024-07,2024-Q3,Vaccines,ImmunoCore Canine,IMMUNOCORE CANINE LARGE,Retail,National,National,22140,464935.28,0.91
nielsen_scanner,2024-07,2024-Q3,Vaccines,ImmunoCore Canine,IMMUNOCORE CANINE SMALL,Retail,National,National,30251,635274.13,0.91
nielsen_scanner,2024-07,2024-Q3,Pain/Osteoarthritis,Librela,LIBRELA LARGE,Retail,National,National,6263,300629.46,0.91
nielsen_scanner,2024-07,2024-Q3,Pain/Osteoarthritis,Librela,LIBRELA SMALL,Retail,National,National,8786,421785.05,0.91
nielsen_scanner,2024-07,2024-Q3,Pain/Osteoarthritis,OsteoEase Vet,OSTEOEASE VET LARGE,Retail,National,National,7570,310350.97,0.91
nielsen_scanner,2024-07,2024-Q3,Pain/Osteoarthritis,OsteoEase Vet,OSTEOEASE VET SMALL,Retail,National,National,10624,435561.55,0.91
nielsen_scanner,2024-07,2024-Q3,Pain/Osteoarthritis,PainAway Canine,PAINAWAY CANINE LARGE,Retail,National,National,6540,241960.79,0.91
nielsen_scanner,2024-07,2024-Q3,Pain/Osteoarthritis,PainAway Canine,PAINAWAY CANINE SMALL,Retail,National,National,8767,324383.53,0.91
nielsen_scanner,2024-07,2024-Q3,Petcare Diagnostics,PetLab Analyzer,PETLAB ANALYZER LARGE,Retail,National,National,9475,142132.24,0.91
nielsen_scanner,2024-07,2024-Q3,Petcare Diagnostics,PetLab Analyzer,PETLAB ANALYZER SMALL,Retail,National,National,13302,199529.55,0.91
nielsen_scanner,2024-07,2024-Q3,Petcare Diagnostics,RapidVet Dx,RAPIDVET DX LARGE,Retail,National,National,15632,250105.99,0.91
nielsen_scanner,2024-07,2024-Q3,Petcare Diagnostics,RapidVet Dx,RAPIDVET DX SMALL,Retail,National,National,20554,328872.98,0.91
nielsen_scanner,2024-07,2024-Q3,Parasiticides,Simparica Trio,SIMPARICA TRIO LARGE,Retail,National,National,208277,5831744.89,0.91
nielsen_scanner,2024-07,2024-Q3,Parasiticides,Simparica Trio,SIMPARICA TRIO SMALL,Retail,National,National,285061,7981708.21,0.91
nielsen_scanner,2024-07,2024-Q3,Dermatology,SkinRelief Pro,SKINRELIEF PRO LARGE,Retail,National,National,15382,753721.78,0.91
nielsen_scanner,2024-07,2024-Q3,Dermatology,SkinRelief Pro,SKINRELIEF PRO SMALL,Retail,National,National,21043,1031049.88,0.91
nielsen_scanner,2024-07,2024-Q3,Parasiticides,TickShield Plus,TICKSHIELD PLUS LARGE,Retail,National,National,139892,3357409.35,0.91
nielsen_scanner,2024-07,2024-Q3,Parasiticides,TickShield Plus,TICKSHIELD PLUS SMALL,Retail,National,National,191032,4584782.97,0.91
nielsen_scanner,2024-07,2024-Q3,Vaccines,Vanguard,VANGUARD LARGE,Retail,National,National,15992,351845.04,0.91
nielsen_scanner,2024-07,2024-Q3,Vaccines,Vanguard,VANGUARD SMALL,Retail,National,National,21383,470438.73,0.91
nielsen_scanner,2024-07,2024-Q3,Parasiticides,VectraGuard,VECTRAGUARD LARGE,Retail,National,National,168843,4389935.8,0.91
nielsen_scanner,2024-07,2024-Q3,Parasiticides,VectraGuard,VECTRAGUARD SMALL,Retail,National,National,237390,6172123.73,0.91
nielsen_scanner,2024-07,2024-Q3,Vaccines,VetGuard Immunize,VETGUARD IMMUNIZE LARGE,Retail,National,National,16823,319630.09,0.91
nielsen_scanner,2024-07,2024-Q3,Vaccines,VetGuard Immunize,VETGUARD IMMUNIZE SMALL,Retail,National,National,23051,437954.66,0.91
nielsen_scanner,2024-07,2024-Q3,Vaccines,VetSelect Core Vax,VETSELECT CORE VAX LARGE,Retail,National,National,52417,733839.31,0.91
nielsen_scanner,2024-07,2024-Q3,Vaccines,VetSelect Core Vax,VETSELECT CORE VAX SMALL,Retail,National,National,73169,1024367.29,0.91
nielsen_scanner,2024-07,2024-Q3,Dermatology,VetSelect Derma,VETSELECT DERMA LARGE,Retail,National,National,34907,1326500.35,0.91
nielsen_scanner,2024-07,2024-Q3,Dermatology,VetSelect Derma,VETSELECT DERMA SMALL,Retail,National,National,48680,1849846.54,0.91
nielsen_scanner,2024-07,2024-Q3,Petcare Diagnostics,VetSelect Dx,VETSELECT DX LARGE,Retail,National,National,34787,417441.49,0.91
nielsen_scanner,2024-07,2024-Q3,Petcare Diagnostics,VetSelect Dx,VETSELECT DX SMALL,Retail,National,National,48149,577790.24,0.91
nielsen_scanner,2024-07,2024-Q3,Parasiticides,VetSelect Flea & Tick,VETSELECT FLEA & TICK LARGE,Retail,National,National,267892,4554154.42,0.91
nielsen_scanner,2024-07,2024-Q3,Parasiticides,VetSelect Flea & Tick,VETSELECT FLEA & TICK SMALL,Retail,National,National,381328,6482576.77,0.91
nielsen_scanner,2024-07,2024-Q3,Pain/Osteoarthritis,VetSelect Joint,VETSELECT JOINT LARGE,Retail,National,National,20021,580589.12,0.91
nielsen_scanner,2024-07,2024-Q3,Pain/Osteoarthritis,VetSelect Joint,VETSELECT JOINT SMALL,Retail,National,National,26964,781942.51,0.91
nielsen_scanner,2024-07,2024-Q3,Petcare Diagnostics,Vetscan,VETSCAN LARGE,Retail,National,National,10633,191385.69,0.91
nielsen_scanner,2024-07,2024-Q3,Petcare Diagnostics,Vetscan,VETSCAN SMALL,Retail,National,National,15351,276326.2,0.91
nielsen_scanner,2024-07,2024-Q3,Dermatology,AllerVet RX,ALLERVET RX LARGE,Retail,Region,Midwest,3820,206285.77,0.91
nielsen_scanner,2024-07,2024-Q3,Dermatology,AllerVet RX,ALLERVET RX SMALL,Retail,Region,Midwest,5293,285833.35,0.91
nielsen_scanner,2024-07,2024-Q3,Dermatology,Apoquel,APOQUEL LARGE,Retail,Region,Midwest,4473,290735.56,0.91
nielsen_scanner,2024-07,2024-Q3,Dermatology,Apoquel,APOQUEL SMALL,Retail,Region,Midwest,5979,388634.3,0.91
nielsen_scanner,2024-07,2024-Q3,Vaccines,BioShield Vax,BIOSHIELD VAX LARGE,Retail,Region,Midwest,4112,82234.49,0.91
nielsen_scanner,2024-07,2024-Q3,Vaccines,BioShield Vax,BIOSHIELD VAX SMALL,Retail,Region,Midwest,5610,112199.27,0.91
nielsen_scanner,2024-07,2024-Q3,Dermatology,DermaCalm,DERMACALM LARGE,Retail,Region,Midwest,3859,223817.78,0.91
nielsen_scanner,2024-07,2024-Q3,Dermatology,DermaCalm,DERMACALM SMALL,Retail,Region,Midwest,5307,307797.6,0.91
nielsen_scanner,2024-07,2024-Q3,Petcare Diagnostics,DiagnosTech Vet,DIAGNOSTECH VET LARGE,Retail,Region,Midwest,3366,57214.23,0.91
nielsen_scanner,2024-07,2024-Q3,Petcare Diagnostics,DiagnosTech Vet,DIAGNOSTECH VET SMALL,Retail,Region,Midwest,4805,81689.05,0.91
nielsen_scanner,2024-07,2024-Q3,Parasiticides,FleaStop Pro,FLEASTOP PRO LARGE,Retail,Region,Midwest,26825,563326.65,0.91
nielsen_scanner,2024-07,2024-Q3,Parasiticides,FleaStop Pro,FLEASTOP PRO SMALL,Retail,Region,Midwest,37170,780579.78,0.91
nielsen_scanner,2024-07,2024-Q3,Pain/Osteoarthritis,FlexiCare Joint,FLEXICARE JOINT LARGE,Retail,Region,Midwest,1631,71774.92,0.91
nielsen_scanner,2024-07,2024-Q3,Pain/Osteoarthritis,FlexiCare Joint,FLEXICARE JOINT SMALL,Retail,Region,Midwest,2308,101553.39,0.91
nielsen_scanner,2024-07,2024-Q3,Vaccines,ImmunoCore Canine,IMMUNOCORE CANINE LARGE,Retail,Region,Midwest,4769,100146.18,0.91
nielsen_scanner,2024-07,2024-Q3,Vaccines,ImmunoCore Canine,IMMUNOCORE CANINE SMALL,Retail,Region,Midwest,6454,135541.41,0.91
nielsen_scanner,2024-07,2024-Q3,Pain/Osteoarthritis,Librela,LIBRELA LARGE,Retail,Region,Midwest,1330,63847.52,0.91
nielsen_scanner,2024-07,2024-Q3,Pain/Osteoarthritis,Librela,LIBRELA SMALL,Retail,Region,Midwest,1868,89677.41,0.91
nielsen_scanner,2024-07,2024-Q3,Pain/Osteoarthritis,OsteoEase Vet,OSTEOEASE VET LARGE,Retail,Region,Midwest,1504,61661.21,0.91
nielsen_scanner,2024-07,2024-Q3,Pain/Osteoarthritis,OsteoEase Vet,OSTEOEASE VET SMALL,Retail,Region,Midwest,2249,92212.17,0.91
nielsen_scanner,2024-07,2024-Q3,Pain/Osteoarthritis,PainAway Canine,PAINAWAY CANINE LARGE,Retail,Region,Midwest,1368,50598.37,0.91
nielsen_scanner,2024-07,2024-Q3,Pain/Osteoarthritis,PainAway Canine,PAINAWAY CANINE SMALL,Retail,Region,Midwest,1876,69412.55,0.91
nielsen_scanner,2024-07,2024-Q3,Petcare Diagnostics,PetLab Analyzer,PETLAB ANALYZER LARGE,Retail,Region,Midwest,2051,30772.34,0.91
nielsen_scanner,2024-07,2024-Q3,Petcare Diagnostics,PetLab Analyzer,PETLAB ANALYZER SMALL,Retail,Region,Midwest,2778,41667.84,0.91
nielsen_scanner,2024-07,2024-Q3,Petcare Diagnostics,RapidVet Dx,RAPIDVET DX LARGE,Retail,Region,Midwest,3427,54827.4,0.91
nielsen_scanner,2024-07,2024-Q3,Petcare Diagnostics,RapidVet Dx,RAPIDVET DX SMALL,Retail,Region,Midwest,4397,70352.47,0.91
nielsen_scanner,2024-07,2024-Q3,Parasiticides,Simparica Trio,SIMPARICA TRIO LARGE,Retail,Region,Midwest,42688,1195274.09,0.91
nielsen_scanner,2024-07,2024-Q3,Parasiticides,Simparica Trio,SIMPARICA TRIO SMALL,Retail,Region,Midwest,59425,1663904.79,0.91
nielsen_scanner,2024-07,2024-Q3,Dermatology,SkinRelief Pro,SKINRELIEF PRO LARGE,Retail,Region,Midwest,3332,163279.29,0.91
nielsen_scanner,2024-07,2024-Q3,Dermatology,SkinRelief Pro,SKINRELIEF PRO SMALL,Retail,Region,Midwest,4529,221921.34,0.91
nielsen_scanner,2024-07,2024-Q3,Parasiticides,TickShield Plus,TICKSHIELD PLUS LARGE,Retail,Region,Midwest,27840,668153.96,0.91
nielsen_scanner,2024-07,2024-Q3,Parasiticides,TickShield Plus,TICKSHIELD PLUS SMALL,Retail,Region,Midwest,36999,887982.2,0.91
nielsen_scanner,2024-07,2024-Q3,Vaccines,Vanguard,VANGUARD LARGE,Retail,Region,Midwest,3297,72536.57,0.91
nielsen_scanner,2024-07,2024-Q3,Vaccines,Vanguard,VANGUARD SMALL,Retail,Region,Midwest,4617,101569.14,0.91
nielsen_scanner,2024-07,2024-Q3,Parasiticides,VectraGuard,VECTRAGUARD LARGE,Retail,Region,Midwest,36676,953584.06,0.91
nielsen_scanner,2024-07,2024-Q3,Parasiticides,VectraGuard,VECTRAGUARD SMALL,Retail,Region,Midwest,49747,1293424.91,0.91
nielsen_scanner,2024-07,2024-Q3,Vaccines,VetGuard Immunize,VETGUARD IMMUNIZE LARGE,Retail,Region,Midwest,3495,66407.62,0.91
nielsen_scanner,2024-07,2024-Q3,Vaccines,VetGuard Immunize,VETGUARD IMMUNIZE SMALL,Retail,Region,Midwest,4898,93059.02,0.91
nielsen_scanner,2024-07,2024-Q3,Vaccines,VetSelect Core Vax,VETSELECT CORE VAX LARGE,Retail,Region,Midwest,10525,147351.53,0.91
nielsen_scanner,2024-07,2024-Q3,Vaccines,VetSelect Core Vax,VETSELECT CORE VAX SMALL,Retail,Region,Midwest,16075,225052.04,0.91
nielsen_scanner,2024-07,2024-Q3,Dermatology,VetSelect Derma,VETSELECT DERMA LARGE,Retail,Region,Midwest,7435,282538.84,0.91
nielsen_scanner,2024-07,2024-Q3,Dermatology,VetSelect Derma,VETSELECT DERMA SMALL,Retail,Region,Midwest,9879,375420.04,0.91
nielsen_scanner,2024-07,2024-Q3,Petcare Diagnostics,VetSelect Dx,VETSELECT DX LARGE,Retail,Region,Midwest,7352,88218.13,0.91
nielsen_scanner,2024-07,2024-Q3,Petcare Diagnostics,VetSelect Dx,VETSELECT DX SMALL,Retail,Region,Midwest,9446,113347.14,0.91
nielsen_scanner,2024-07,2024-Q3,Parasiticides,VetSelect Flea & Tick,VETSELECT FLEA & TICK LARGE,Retail,Region,Midwest,53253,905296.76,0.91
nielsen_scanner,2024-07,2024-Q3,Parasiticides,VetSelect Flea & Tick,VETSELECT FLEA & TICK SMALL,Retail,Region,Midwest,74392,1264658.01,0.91
nielsen_scanner,2024-07,2024-Q3,Pain/Osteoarthritis,VetSelect Joint,VETSELECT JOINT LARGE,Retail,Region,Midwest,4104,119003.15,0.91
nielsen_scanner,2024-07,2024-Q3,Pain/Osteoarthritis,VetSelect Joint,VETSELECT JOINT SMALL,Retail,Region,Midwest,5773,167422.13,0.91
nielsen_scanner,2024-07,2024-Q3,Petcare Diagnostics,Vetscan,VETSCAN LARGE,Retail,Region,Midwest,2263,40730.39,0.91
nielsen_scanner,2024-07,2024-Q3,Petcare Diagnostics,Vetscan,VETSCAN SMALL,Retail,Region,Midwest,3255,58585.74,0.91
nielsen_scanner,2024-07,2024-Q3,Dermatology,AllerVet RX,ALLERVET RX LARGE,Retail,Region,Northeast,3892,210143.41,0.91
nielsen_scanner,2024-07,2024-Q3,Dermatology,AllerVet RX,ALLERVET RX SMALL,Retail,Region,Northeast,5118,276374.65,0.91
nielsen_scanner,2024-07,2024-Q3,Dermatology,Apoquel,APOQUEL LARGE,Retail,Region,Northeast,4902,318659.15,0.91
nielsen_scanner,2024-07,2024-Q3,Dermatology,Apoquel,APOQUEL SMALL,Retail,Region,Northeast,6836,444351.18,0.91
nielsen_scanner,2024-07,2024-Q3,Vaccines,BioShield Vax,BIOSHIELD VAX LARGE,Retail,Region,Northeast,3983,79665.08,0.91
nielsen_scanner,2024-07,2024-Q3,Vaccines,BioShield Vax,BIOSHIELD VAX SMALL,Retail,Region,Northeast,5437,108746.83,0.91
nielsen_scanner,2024-07,2024-Q3,Dermatology,DermaCalm,DERMACALM LARGE,Retail,Region,Northeast,3956,229443.82,0.91
nielsen_scanner,2024-07,2024-Q3,Dermatology,DermaCalm,DERMACALM SMALL,Retail,Region,Northeast,5398,313111.8,0.91
nielsen_scanner,2024-07,2024-Q3,Petcare Diagnostics,DiagnosTech Vet,DIAGNOSTECH VET LARGE,Retail,Region,Northeast,3649,62036.61,0.91
nielsen_scanner,2024-07,2024-Q3,Petcare Diagnostics,DiagnosTech Vet,DIAGNOSTECH VET SMALL,Retail,Region,Northeast,5075,86283.32,0.91
nielsen_scanner,2024-07,2024-Q3,Parasiticides,FleaStop Pro,FLEASTOP PRO LARGE,Retail,Region,Northeast,29886,627602.86,0.91
nielsen_scanner,2024-07,2024-Q3,Parasiticides,FleaStop Pro,FLEASTOP PRO SMALL,Retail,Region,Northeast,40791,856610.43,0.91
nielsen_scanner,2024-07,2024-Q3,Pain/Osteoarthritis,FlexiCare Joint,FLEXICARE JOINT LARGE,Retail,Region,Northeast,1719,75637.52,0.91
nielsen_scanner,2024-07,2024-Q3,Pain/Osteoarthritis,FlexiCare Joint,FLEXICARE JOINT SMALL,Retail,Region,Northeast,2409,105999.75,0.91
nielsen_scanner,2024-07,2024-Q3,Vaccines,ImmunoCore Canine,IMMUNOCORE CANINE LARGE,Retail,Region,Northeast,4762,99997.81,0.91
nielsen_scanner,2024-07,2024-Q3,Vaccines,ImmunoCore Canine,IMMUNOCORE CANINE SMALL,Retail,Region,Northeast,6680,140282.43,0.91
nielsen_scanner,2024-07,2024-Q3,Pain/Osteoarthritis,Librela,LIBRELA LARGE,Retail,Region,Northeast,1451,69658.87,0.91
nielsen_scanner,2024-07,2024-Q3,Pain/Osteoarthritis,Librela,LIBRELA SMALL,Retail,Region,Northeast,1954,93808.44,0.91
nielsen_scanner,2024-07,2024-Q3,Pain/Osteoarthritis,OsteoEase Vet,OSTEOEASE VET LARGE,Retail,Region,Northeast,1722,70619.53,0.91
nielsen_scanner,2024-07,2024-Q3,Pain/Osteoarthritis,OsteoEase Vet,OSTEOEASE VET SMALL,Retail,Region,Northeast,2428,99536.13,0.91
nielsen_scanner,2024-07,2024-Q3,Pain/Osteoarthritis,PainAway Canine,PAINAWAY CANINE LARGE,Retail,Region,Northeast,1343,49676.29,0.91
nielsen_scanner,2024-07,2024-Q3,Pain/Osteoarthritis,PainAway Canine,PAINAWAY CANINE SMALL,Retail,Region,Northeast,1951,72179.59,0.91
nielsen_scanner,2024-07,2024-Q3,Petcare Diagnostics,PetLab Analyzer,PETLAB ANALYZER LARGE,Retail,Region,Northeast,2175,32632.28,0.91
nielsen_scanner,2024-07,2024-Q3,Petcare Diagnostics,PetLab Analyzer,PETLAB ANALYZER SMALL,Retail,Region,Northeast,3027,45401.86,0.91
nielsen_scanner,2024-07,2024-Q3,Petcare Diagnostics,RapidVet Dx,RAPIDVET DX LARGE,Retail,Region,Northeast,3207,51307.88,0.91
nielsen_scanner,2024-07,2024-Q3,Petcare Diagnostics,RapidVet Dx,RAPIDVET DX SMALL,Retail,Region,Northeast,4392,70278.33,0.91
nielsen_scanner,2024-07,2024-Q3,Parasiticides,Simparica Trio,SIMPARICA TRIO LARGE,Retail,Region,Northeast,46542,1303163.39,0.91
nielsen_scanner,2024-07,2024-Q3,Parasiticides,Simparica Trio,SIMPARICA TRIO SMALL,Retail,Region,Northeast,61995,1735848.99,0.91
nielsen_scanner,2024-07,2024-Q3,Dermatology,SkinRelief Pro,SKINRELIEF PRO LARGE,Retail,Region,Northeast,3294,161422.26,0.91
nielsen_scanner,2024-07,2024-Q3,Dermatology,SkinRelief Pro,SKINRELIEF PRO SMALL,Retail,Region,Northeast,4493,220133.62,0.91
nielsen_scanner,2024-07,2024-Q3,Parasiticides,TickShield Plus,TICKSHIELD PLUS LARGE,Retail,Region,Northeast,30528,732678.97,0.91
nielsen_scanner,2024-07,2024-Q3,Parasiticides,TickShield Plus,TICKSHIELD PLUS SMALL,Retail,Region,Northeast,40416,969972.06,0.91
nielsen_scanner,2024-07,2024-Q3,Vaccines,Vanguard,VANGUARD LARGE,Retail,Region,Northeast,3412,75074.42,0.91
nielsen_scanner,2024-07,2024-Q3,Vaccines,Vanguard,VANGUARD SMALL,Retail,Region,Northeast,4623,101712.37,0.91
nielsen_scanner,2024-07,2024-Q3,Parasiticides,VectraGuard,VECTRAGUARD LARGE,Retail,Region,Northeast,36631,952410.35,0.91
nielsen_scanner,2024-07,2024-Q3,Parasiticides,VectraGuard,VECTRAGUARD SMALL,Retail,Region,Northeast,52596,1367487.24,0.91
nielsen_scanner,2024-07,2024-Q3,Vaccines,VetGuard Immunize,VETGUARD IMMUNIZE LARGE,Retail,Region,Northeast,3813,72439.6,0.91
nielsen_scanner,2024-07,2024-Q3,Vaccines,VetGuard Immunize,VETGUARD IMMUNIZE SMALL,Retail,Region,Northeast,5199,98774.0,0.91
nielsen_scanner,2024-07,2024-Q3,Vaccines,VetSelect Core Vax,VETSELECT CORE VAX LARGE,Retail,Region,Northeast,11627,162780.09,0.91
nielsen_scanner,2024-07,2024-Q3,Vaccines,VetSelect Core Vax,VETSELECT CORE VAX SMALL,Retail,Region,Northeast,15978,223693.16,0.91
nielsen_scanner,2024-07,2024-Q3,Dermatology,VetSelect Derma,VETSELECT DERMA LARGE,Retail,Region,Northeast,7926,301205.81,0.91
nielsen_scanner,2024-07,2024-Q3,Dermatology,VetSelect Derma,VETSELECT DERMA SMALL,Retail,Region,Northeast,10828,411473.82,0.91
nielsen_scanner,2024-07,2024-Q3,Petcare Diagnostics,VetSelect Dx,VETSELECT DX LARGE,Retail,Region,Northeast,7712,92545.71,0.91
nielsen_scanner,2024-07,2024-Q3,Petcare Diagnostics,VetSelect Dx,VETSELECT DX SMALL,Retail,Region,Northeast,10466,125587.37,0.91
nielsen_scanner,2024-07,2024-Q3,Parasiticides,VetSelect Flea & Tick,VETSELECT FLEA & TICK LARGE,Retail,Region,Northeast,61325,1042520.21,0.91
nielsen_scanner,2024-07,2024-Q3,Parasiticides,VetSelect Flea & Tick,VETSELECT FLEA & TICK SMALL,Retail,Region,Northeast,85901,1460311.02,0.91
nielsen_scanner,2024-07,2024-Q3,Pain/Osteoarthritis,VetSelect Joint,VETSELECT JOINT LARGE,Retail,Region,Northeast,4386,127182.36,0.91
nielsen_scanner,2024-07,2024-Q3,Pain/Osteoarthritis,VetSelect Joint,VETSELECT JOINT SMALL,Retail,Region,Northeast,5890,170797.97,0.91
nielsen_scanner,2024-07,2024-Q3,Petcare Diagnostics,Vetscan,VETSCAN LARGE,Retail,Region,Northeast,2310,41575.31,0.91
nielsen_scanner,2024-07,2024-Q3,Petcare Diagnostics,Vetscan,VETSCAN SMALL,Retail,Region,Northeast,3417,61508.6,0.91
nielsen_scanner,2024-07,2024-Q3,Dermatology,AllerVet RX,ALLERVET RX LARGE,Retail,Region,South,5455,294572.84,0.91
nielsen_scanner,2024-07,2024-Q3,Dermatology,AllerVet RX,ALLERVET RX SMALL,Retail,Region,South,8079,436290.81,0.91
nielsen_scanner,2024-07,2024-Q3,Dermatology,Apoquel,APOQUEL LARGE,Retail,Region,South,7072,459692.01,0.91
nielsen_scanner,2024-07,2024-Q3,Dermatology,Apoquel,APOQUEL SMALL,Retail,Region,South,10286,668567.88,0.91
nielsen_scanner,2024-07,2024-Q3,Vaccines,BioShield Vax,BIOSHIELD VAX LARGE,Retail,Region,South,6053,121064.04,0.91
nielsen_scanner,2024-07,2024-Q3,Vaccines,BioShield Vax,BIOSHIELD VAX SMALL,Retail,Region,South,8354,167082.61,0.91
nielsen_scanner,2024-07,2024-Q3,Dermatology,DermaCalm,DERMACALM LARGE,Retail,Region,South,6318,366466.97,0.91
nielsen_scanner,2024-07,2024-Q3,Dermatology,DermaCalm,DERMACALM SMALL,Retail,Region,South,8830,512152.14,0.91
nielsen_scanner,2024-07,2024-Q3,Petcare Diagnostics,DiagnosTech Vet,DIAGNOSTECH VET LARGE,Retail,Region,South,6020,102347.29,0.91
nielsen_scanner,2024-07,2024-Q3,Petcare Diagnostics,DiagnosTech Vet,DIAGNOSTECH VET SMALL,Retail,Region,South,8249,140236.83,0.91
nielsen_scanner,2024-07,2024-Q3,Parasiticides,FleaStop Pro,FLEASTOP PRO LARGE,Retail,Region,South,45900,963896.37,0.91
nielsen_scanner,2024-07,2024-Q3,Parasiticides,FleaStop Pro,FLEASTOP PRO SMALL,Retail,Region,South,59693,1253552.46,0.91
nielsen_scanner,2024-07,2024-Q3,Pain/Osteoarthritis,FlexiCare Joint,FLEXICARE JOINT LARGE,Retail,Region,South,2494,109723.9,0.91
nielsen_scanner,2024-07,2024-Q3,Pain/Osteoarthritis,FlexiCare Joint,FLEXICARE JOINT SMALL,Retail,Region,South,3373,148407.08,0.91
nielsen_scanner,2024-07,2024-Q3,Vaccines,ImmunoCore Canine,IMMUNOCORE CANINE LARGE,Retail,Region,South,7446,156372.95,0.91
nielsen_scanner,2024-07,2024-Q3,Vaccines,ImmunoCore Canine,IMMUNOCORE CANINE SMALL,Retail,Region,South,10187,213929.38,0.91
nielsen_scanner,2024-07,2024-Q3,Pain/Osteoarthritis,Librela,LIBRELA LARGE,Retail,Region,South,2135,102466.31,0.91
nielsen_scanner,2024-07,2024-Q3,Pain/Osteoarthritis,Librela,LIBRELA SMALL,Retail,Region,South,3047,146263.72,0.91
nielsen_scanner,2024-07,2024-Q3,Pain/Osteoarthritis,OsteoEase Vet,OSTEOEASE VET LARGE,Retail,Region,South,2649,108589.45,0.91
nielsen_scanner,2024-07,2024-Q3,Pain/Osteoarthritis,OsteoEase Vet,OSTEOEASE VET SMALL,Retail,Region,South,3644,149393.58,0.91
nielsen_scanner,2024-07,2024-Q3,Pain/Osteoarthritis,PainAway Canine,PAINAWAY CANINE LARGE,Retail,Region,South,2382,88144.91,0.91
nielsen_scanner,2024-07,2024-Q3,Pain/Osteoarthritis,PainAway Canine,PAINAWAY CANINE SMALL,Retail,Region,South,2925,108228.26,0.91
nielsen_scanner,2024-07,2024-Q3,Petcare Diagnostics,PetLab Analyzer,PETLAB ANALYZER LARGE,Retail,Region,South,3089,46334.61,0.91
nielsen_scanner,2024-07,2024-Q3,Petcare Diagnostics,PetLab Analyzer,PETLAB ANALYZER SMALL,Retail,Region,South,4498,67472.89,0.91
nielsen_scanner,2024-07,2024-Q3,Petcare Diagnostics,RapidVet Dx,RAPIDVET DX LARGE,Retail,Region,South,5526,88417.16,0.91
nielsen_scanner,2024-07,2024-Q3,Petcare Diagnostics,RapidVet Dx,RAPIDVET DX SMALL,Retail,Region,South,7021,112340.99,0.91
nielsen_scanner,2024-07,2024-Q3,Parasiticides,Simparica Trio,SIMPARICA TRIO LARGE,Retail,Region,South,69829,1955207.89,0.91
nielsen_scanner,2024-07,2024-Q3,Parasiticides,Simparica Trio,SIMPARICA TRIO SMALL,Retail,Region,South,97077,2718164.2,0.91
nielsen_scanner,2024-07,2024-Q3,Dermatology,SkinRelief Pro,SKINRELIEF PRO LARGE,Retail,Region,South,5020,245959.06,0.91
nielsen_scanner,2024-07,2024-Q3,Dermatology,SkinRelief Pro,SKINRELIEF PRO SMALL,Retail,Region,South,7017,343822.82,0.91
nielsen_scanner,2024-07,2024-Q3,Parasiticides,TickShield Plus,TICKSHIELD PLUS LARGE,Retail,Region,South,49534,1188811.71,0.91
nielsen_scanner,2024-07,2024-Q3,Parasiticides,TickShield Plus,TICKSHIELD PLUS SMALL,Retail,Region,South,68776,1650633.58,0.91
nielsen_scanner,2024-07,2024-Q3,Vaccines,Vanguard,VANGUARD LARGE,Retail,Region,South,5468,120304.04,0.91
nielsen_scanner,2024-07,2024-Q3,Vaccines,Vanguard,VANGUARD SMALL,Retail,Region,South,7183,158027.35,0.91
nielsen_scanner,2024-07,2024-Q3,Parasiticides,VectraGuard,VECTRAGUARD LARGE,Retail,Region,South,56614,1471971.13,0.91
nielsen_scanner,2024-07,2024-Q3,Parasiticides,VectraGuard,VECTRAGUARD SMALL,Retail,Region,South,80508,2093197.51,0.91
nielsen_scanner,2024-07,2024-Q3,Vaccines,VetGuard Immunize,VETGUARD IMMUNIZE LARGE,Retail,Region,South,5806,110311.21,0.91
nielsen_scanner,2024-07,2024-Q3,Vaccines,VetGuard Immunize,VETGUARD IMMUNIZE SMALL,Retail,Region,South,7745,147156.21,0.91
nielsen_scanner,2024-07,2024-Q3,Vaccines,VetSelect Core Vax,VETSELECT CORE VAX LARGE,Retail,Region,South,17955,251369.9,0.91
nielsen_scanner,2024-07,2024-Q3,Vaccines,VetSelect Core Vax,VETSELECT CORE VAX SMALL,Retail,Region,South,24422,341909.77,0.91
nielsen_scanner,2024-07,2024-Q3,Dermatology,VetSelect Derma,VETSELECT DERMA LARGE,Retail,Region,South,11376,432287.98,0.91
nielsen_scanner,2024-07,2024-Q3,Dermatology,VetSelect Derma,VETSELECT DERMA SMALL,Retail,Region,South,16509,627331.98,0.91
nielsen_scanner,2024-07,2024-Q3,Petcare Diagnostics,VetSelect Dx,VETSELECT DX LARGE,Retail,Region,South,11922,143065.52,0.91
nielsen_scanner,2024-07,2024-Q3,Petcare Diagnostics,VetSelect Dx,VETSELECT DX SMALL,Retail,Region,South,17307,207689.82,0.91
nielsen_scanner,2024-07,2024-Q3,Parasiticides,VetSelect Flea & Tick,VETSELECT FLEA & TICK LARGE,Retail,Region,South,86785,1475349.9,0.91
nielsen_scanner,2024-07,2024-Q3,Parasiticides,VetSelect Flea & Tick,VETSELECT FLEA & TICK SMALL,Retail,Region,South,132875,2258882.15,0.91
nielsen_scanner,2024-07,2024-Q3,Pain/Osteoarthritis,VetSelect Joint,VETSELECT JOINT LARGE,Retail,Region,South,6798,197141.7,0.91
nielsen_scanner,2024-07,2024-Q3,Pain/Osteoarthritis,VetSelect Joint,VETSELECT JOINT SMALL,Retail,Region,South,8814,255599.4,0.91
nielsen_scanner,2024-07,2024-Q3,Petcare Diagnostics,Vetscan,VETSCAN LARGE,Retail,Region,South,3708,66749.24,0.91
nielsen_scanner,2024-07,2024-Q3,Petcare Diagnostics,Vetscan,VETSCAN SMALL,Retail,Region,South,5197,93549.2,0.91
nielsen_scanner,2024-07,2024-Q3,Dermatology,AllerVet RX,ALLERVET RX LARGE,Retail,Region,West,4140,223537.58,0.91
nielsen_scanner,2024-07,2024-Q3,Dermatology,AllerVet RX,ALLERVET RX SMALL,Retail,Region,West,5508,297427.4,0.91
nielsen_scanner,2024-07,2024-Q3,Dermatology,Apoquel,APOQUEL LARGE,Retail,Region,West,5014,325935.86,0.91
nielsen_scanner,2024-07,2024-Q3,Dermatology,Apoquel,APOQUEL SMALL,Retail,Region,West,6984,453985.07,0.91
nielsen_scanner,2024-07,2024-Q3,Vaccines,BioShield Vax,BIOSHIELD VAX LARGE,Retail,Region,West,4403,88053.56,0.91
nielsen_scanner,2024-07,2024-Q3,Vaccines,BioShield Vax,BIOSHIELD VAX SMALL,Retail,Region,West,5963,119267.6,0.91
nielsen_scanner,2024-07,2024-Q3,Dermatology,DermaCalm,DERMACALM LARGE,Retail,Region,West,4220,244738.96,0.91
nielsen_scanner,2024-07,2024-Q3,Dermatology,DermaCalm,DERMACALM SMALL,Retail,Region,West,5928,343802.87,0.91
nielsen_scanner,2024-07,2024-Q3,Petcare Diagnostics,DiagnosTech Vet,DIAGNOSTECH VET LARGE,Retail,Region,West,4193,71285.14,0.91
nielsen_scanner,2024-07,2024-Q3,Petcare Diagnostics,DiagnosTech Vet,DIAGNOSTECH VET SMALL,Retail,Region,West,5444,92543.28,0.91
nielsen_scanner,2024-07,2024-Q3,Parasiticides,FleaStop Pro,FLEASTOP PRO LARGE,Retail,Region,West,30082,631730.69,0.91
nielsen_scanner,2024-07,2024-Q3,Parasiticides,FleaStop Pro,FLEASTOP PRO SMALL,Retail,Region,West,41982,881623.17,0.91
nielsen_scanner,2024-07,2024-Q3,Pain/Osteoarthritis,FlexiCare Joint,FLEXICARE JOINT LARGE,Retail,Region,West,1694,74527.1,0.91
nielsen_scanner,2024-07,2024-Q3,Pain/Osteoarthritis,FlexiCare Joint,FLEXICARE JOINT SMALL,Retail,Region,West,2326,102324.71,0.91
nielsen_scanner,2024-07,2024-Q3,Vaccines,ImmunoCore Canine,IMMUNOCORE CANINE LARGE,Retail,Region,West,5163,108418.34,0.91
nielsen_scanner,2024-07,2024-Q3,Vaccines,ImmunoCore Canine,IMMUNOCORE CANINE SMALL,Retail,Region,West,6930,145520.91,0.91
nielsen_scanner,2024-07,2024-Q3,Pain/Osteoarthritis,Librela,LIBRELA LARGE,Retail,Region,West,1347,64656.76,0.91
nielsen_scanner,2024-07,2024-Q3,Pain/Osteoarthritis,Librela,LIBRELA SMALL,Retail,Region,West,1917,92035.48,0.91
nielsen_scanner,2024-07,2024-Q3,Pain/Osteoarthritis,OsteoEase Vet,OSTEOEASE VET LARGE,Retail,Region,West,1695,69480.78,0.91
nielsen_scanner,2024-07,2024-Q3,Pain/Osteoarthritis,OsteoEase Vet,OSTEOEASE VET SMALL,Retail,Region,West,2303,94419.67,0.91
nielsen_scanner,2024-07,2024-Q3,Pain/Osteoarthritis,PainAway Canine,PAINAWAY CANINE LARGE,Retail,Region,West,1447,53541.22,0.91
nielsen_scanner,2024-07,2024-Q3,Pain/Osteoarthritis,PainAway Canine,PAINAWAY CANINE SMALL,Retail,Region,West,2015,74563.13,0.91
nielsen_scanner,2024-07,2024-Q3,Petcare Diagnostics,PetLab Analyzer,PETLAB ANALYZER LARGE,Retail,Region,West,2160,32393.01,0.91
nielsen_scanner,2024-07,2024-Q3,Petcare Diagnostics,PetLab Analyzer,PETLAB ANALYZER SMALL,Retail,Region,West,2999,44986.96,0.91
nielsen_scanner,2024-07,2024-Q3,Petcare Diagnostics,RapidVet Dx,RAPIDVET DX LARGE,Retail,Region,West,3472,55553.55,0.91
nielsen_scanner,2024-07,2024-Q3,Petcare Diagnostics,RapidVet Dx,RAPIDVET DX SMALL,Retail,Region,West,4744,75901.19,0.91
nielsen_scanner,2024-07,2024-Q3,Parasiticides,Simparica Trio,SIMPARICA TRIO LARGE,Retail,Region,West,49218,1378099.52,0.91
nielsen_scanner,2024-07,2024-Q3,Parasiticides,Simparica Trio,SIMPARICA TRIO SMALL,Retail,Region,West,66564,1863790.23,0.91
nielsen_scanner,2024-07,2024-Q3,Dermatology,SkinRelief Pro,SKINRELIEF PRO LARGE,Retail,Region,West,3736,183061.17,0.91
nielsen_scanner,2024-07,2024-Q3,Dermatology,SkinRelief Pro,SKINRELIEF PRO SMALL,Retail,Region,West,5004,245172.1,0.91
nielsen_scanner,2024-07,2024-Q3,Parasiticides,TickShield Plus,TICKSHIELD PLUS LARGE,Retail,Region,West,31990,767764.71,0.91
nielsen_scanner,2024-07,2024-Q3,Parasiticides,TickShield Plus,TICKSHIELD PLUS SMALL,Retail,Region,West,44841,1076195.13,0.91
nielsen_scanner,2024-07,2024-Q3,Vaccines,Vanguard,VANGUARD LARGE,Retail,Region,West,3815,83930.01,0.91
nielsen_scanner,2024-07,2024-Q3,Vaccines,Vanguard,VANGUARD SMALL,Retail,Region,West,4960,109129.87,0.91
nielsen_scanner,2024-07,2024-Q3,Parasiticides,VectraGuard,VECTRAGUARD LARGE,Retail,Region,West,38922,1011970.26,0.91
nielsen_scanner,2024-07,2024-Q3,Parasiticides,VectraGuard,VECTRAGUARD SMALL,Retail,Region,West,54539,1418014.07,0.91
nielsen_scanner,2024-07,2024-Q3,Vaccines,VetGuard Immunize,VETGUARD IMMUNIZE LARGE,Retail,Region,West,3709,70471.66,0.91
nielsen_scanner,2024-07,2024-Q3,Vaccines,VetGuard Immunize,VETGUARD IMMUNIZE SMALL,Retail,Region,West,5209,98965.43,0.91
nielsen_scanner,2024-07,2024-Q3,Vaccines,VetSelect Core Vax,VETSELECT CORE VAX LARGE,Retail,Region,West,12310,172337.79,0.91
nielsen_scanner,2024-07,2024-Q3,Vaccines,VetSelect Core Vax,VETSELECT CORE VAX SMALL,Retail,Region,West,16694,233712.32,0.91
nielsen_scanner,2024-07,2024-Q3,Dermatology,VetSelect Derma,VETSELECT DERMA LARGE,Retail,Region,West,8170,310467.72,0.91
nielsen_scanner,2024-07,2024-Q3,Dermatology,VetSelect Derma,VETSELECT DERMA SMALL,Retail,Region,West,11464,435620.7,0.91
nielsen_scanner,2024-07,2024-Q3,Petcare Diagnostics,VetSelect Dx,VETSELECT DX LARGE,Retail,Region,West,7801,93612.13,0.91
nielsen_scanner,2024-07,2024-Q3,Petcare Diagnostics,VetSelect Dx,VETSELECT DX SMALL,Retail,Region,West,10930,131165.91,0.91
nielsen_scanner,2024-07,2024-Q3,Parasiticides,VetSelect Flea & Tick,VETSELECT FLEA & TICK LARGE,Retail,Region,West,66529,1130987.55,0.91
nielsen_scanner,2024-07,2024-Q3,Parasiticides,VetSelect Flea & Tick,VETSELECT FLEA & TICK SMALL,Retail,Region,West,88160,1498725.59,0.91
nielsen_scanner,2024-07,2024-Q3,Pain/Osteoarthritis,VetSelect Joint,VETSELECT JOINT LARGE,Retail,Region,West,4733,137261.91,0.91
nielsen_scanner,2024-07,2024-Q3,Pain/Osteoarthritis,VetSelect Joint,VETSELECT JOINT SMALL,Retail,Region,West,6487,188123.01,0.91
nielsen_scanner,2024-07,2024-Q3,Petcare Diagnostics,Vetscan,VETSCAN LARGE,Retail,Region,West,2352,42330.75,0.91
nielsen_scanner,2024-07,2024-Q3,Petcare Diagnostics,Vetscan,VETSCAN SMALL,Retail,Region,West,3482,62682.66,0.91
nielsen_scanner,2024-08,2024-Q3,Dermatology,AllerVet RX,ALLERVET RX LARGE,Retail,National,National,16347,882740.22,0.91
nielsen_scanner,2024-08,2024-Q3,Dermatology,AllerVet RX,ALLERVET RX SMALL,Retail,National,National,22070,1191804.98,0.91
nielsen_scanner,2024-08,2024-Q3,Dermatology,Apoquel,APOQUEL LARGE,Retail,National,National,22101,1436545.93,0.91
nielsen_scanner,2024-08,2024-Q3,Dermatology,Apoquel,APOQUEL SMALL,Retail,National,National,31996,2079788.66,0.91
nielsen_scanner,2024-08,2024-Q3,Vaccines,BioShield Vax,BIOSHIELD VAX LARGE,Retail,National,National,15708,314132.21,0.91
nielsen_scanner,2024-08,2024-Q3,Vaccines,BioShield Vax,BIOSHIELD VAX SMALL,Retail,National,National,22479,449586.9,0.91
nielsen_scanner,2024-08,2024-Q3,Dermatology,DermaCalm,DERMACALM LARGE,Retail,National,National,17829,1034063.19,0.91
nielsen_scanner,2024-08,2024-Q3,Dermatology,DermaCalm,DERMACALM SMALL,Retail,National,National,25887,1501450.67,0.91
nielsen_scanner,2024-08,2024-Q3,Petcare Diagnostics,DiagnosTech Vet,DIAGNOSTECH VET LARGE,Retail,National,National,16260,276442.6,0.91
nielsen_scanner,2024-08,2024-Q3,Petcare Diagnostics,DiagnosTech Vet,DIAGNOSTECH VET SMALL,Retail,National,National,22363,380159.67,0.91
nielsen_scanner,2024-08,2024-Q3,Parasiticides,FleaStop Pro,FLEASTOP PRO LARGE,Retail,National,National,111954,2351052.29,0.91
nielsen_scanner,2024-08,2024-Q3,Parasiticides,FleaStop Pro,FLEASTOP PRO SMALL,Retail,National,National,156122,3278554.96,0.91
nielsen_scanner,2024-08,2024-Q3,Pain/Osteoarthritis,FlexiCare Joint,FLEXICARE JOINT LARGE,Retail,National,National,7788,342666.85,0.91
nielsen_scanner,2024-08,2024-Q3,Pain/Osteoarthritis,FlexiCare Joint,FLEXICARE JOINT SMALL,Retail,National,National,10474,460882.09,0.91
nielsen_scanner,2024-08,2024-Q3,Vaccines,ImmunoCore Canine,IMMUNOCORE CANINE LARGE,Retail,National,National,21021,441453.67,0.91
nielsen_scanner,2024-08,2024-Q3,Vaccines,ImmunoCore Canine,IMMUNOCORE CANINE SMALL,Retail,National,National,29721,624136.67,0.91
nielsen_scanner,2024-08,2024-Q3,Pain/Osteoarthritis,Librela,LIBRELA LARGE,Retail,National,National,5811,278898.18,0.91
nielsen_scanner,2024-08,2024-Q3,Pain/Osteoarthritis,Librela,LIBRELA SMALL,Retail,National,National,8257,396340.43,0.91
nielsen_scanner,2024-08,2024-Q3,Pain/Osteoarthritis,OsteoEase Vet,OSTEOEASE VET LARGE,Retail,National,National,7298,299264.39,0.91
nielsen_scanner,2024-08,2024-Q3,Pain/Osteoarthritis,OsteoEase Vet,OSTEOEASE VET SMALL,Retail,National,National,10385,425788.62,0.91
nielsen_scanner,2024-08,2024-Q3,Pain/Osteoarthritis,PainAway Canine,PAINAWAY CANINE LARGE,Retail,National,National,6810,251984.38,0.91
nielsen_scanner,2024-08,2024-Q3,Pain/Osteoarthritis,PainAway Canine,PAINAWAY CANINE SMALL,Retail,National,National,9125,337633.17,0.91
nielsen_scanner,2024-08,2024-Q3,Petcare Diagnostics,PetLab Analyzer,PETLAB ANALYZER LARGE,Retail,National,National,9453,141787.81,0.91
nielsen_scanner,2024-08,2024-Q3,Petcare Diagnostics,PetLab Analyzer,PETLAB ANALYZER SMALL,Retail,National,National,13343,200146.79,0.91
nielsen_scanner,2024-08,2024-Q3,Petcare Diagnostics,RapidVet Dx,RAPIDVET DX LARGE,Retail,National,National,15080,241274.37,0.91
nielsen_scanner,2024-08,2024-Q3,Petcare Diagnostics,RapidVet Dx,RAPIDVET DX SMALL,Retail,National,National,20152,322417.58,0.91
nielsen_scanner,2024-08,2024-Q3,Parasiticides,Simparica Trio,SIMPARICA TRIO LARGE,Retail,National,National,191548,5363336.12,0.91
nielsen_scanner,2024-08,2024-Q3,Parasiticides,Simparica Trio,SIMPARICA TRIO SMALL,Retail,National,National,263893,7389038.25,0.91
nielsen_scanner,2024-08,2024-Q3,Dermatology,SkinRelief Pro,SKINRELIEF PRO LARGE,Retail,National,National,14300,700699.07,0.91
nielsen_scanner,2024-08,2024-Q3,Dermatology,SkinRelief Pro,SKINRELIEF PRO SMALL,Retail,National,National,19333,947384.51,0.91
nielsen_scanner,2024-08,2024-Q3,Parasiticides,TickShield Plus,TICKSHIELD PLUS LARGE,Retail,National,National,128566,3085585.46,0.91
nielsen_scanner,2024-08,2024-Q3,Parasiticides,TickShield Plus,TICKSHIELD PLUS SMALL,Retail,National,National,176107,4226583.5,0.91
nielsen_scanner,2024-08,2024-Q3,Vaccines,Vanguard,VANGUARD LARGE,Retail,National,National,14676,322884.61,0.91
nielsen_scanner,2024-08,2024-Q3,Vaccines,Vanguard,VANGUARD SMALL,Retail,National,National,20631,453874.0,0.91
nielsen_scanner,2024-08,2024-Q3,Parasiticides,VectraGuard,VECTRAGUARD LARGE,Retail,National,National,146247,3802425.91,0.91
nielsen_scanner,2024-08,2024-Q3,Parasiticides,VectraGuard,VECTRAGUARD SMALL,Retail,National,National,203042,5279087.55,0.91
nielsen_scanner,2024-08,2024-Q3,Vaccines,VetGuard Immunize,VETGUARD IMMUNIZE LARGE,Retail,National,National,14437,274273.55,0.91
nielsen_scanner,2024-08,2024-Q3,Vaccines,VetGuard Immunize,VETGUARD IMMUNIZE SMALL,Retail,National,National,20441,388361.51,0.91
nielsen_scanner,2024-08,2024-Q3,Vaccines,VetSelect Core Vax,VETSELECT CORE VAX LARGE,Retail,National,National,48205,674870.89,0.91
nielsen_scanner,2024-08,2024-Q3,Vaccines,VetSelect Core Vax,VETSELECT CORE VAX SMALL,Retail,National,National,66749,934486.72,0.91
nielsen_scanner,2024-08,2024-Q3,Dermatology,VetSelect Derma,VETSELECT DERMA LARGE,Retail,National,National,31954,1214277.32,0.91
nielsen_scanner,2024-08,2024-Q3,Dermatology,VetSelect Derma,VETSELECT DERMA SMALL,Retail,National,National,44297,1683334.0,0.91
nielsen_scanner,2024-08,2024-Q3,Petcare Diagnostics,VetSelect Dx,VETSELECT DX LARGE,Retail,National,National,34636,415629.7,0.91
nielsen_scanner,2024-08,2024-Q3,Petcare Diagnostics,VetSelect Dx,VETSELECT DX SMALL,Retail,National,National,47736,572820.01,0.91
nielsen_scanner,2024-08,2024-Q3,Parasiticides,VetSelect Flea & Tick,VETSELECT FLEA & TICK LARGE,Retail,National,National,250776,4263180.99,0.91
nielsen_scanner,2024-08,2024-Q3,Parasiticides,VetSelect Flea & Tick,VETSELECT FLEA & TICK SMALL,Retail,National,National,335905,5710374.56,0.91
nielsen_scanner,2024-08,2024-Q3,Pain/Osteoarthritis,VetSelect Joint,VETSELECT JOINT LARGE,Retail,National,National,19636,569437.12,0.91
nielsen_scanner,2024-08,2024-Q3,Pain/Osteoarthritis,VetSelect Joint,VETSELECT JOINT SMALL,Retail,National,National,26887,779729.04,0.91
nielsen_scanner,2024-08,2024-Q3,Petcare Diagnostics,Vetscan,VETSCAN LARGE,Retail,National,National,10442,187950.58,0.91
nielsen_scanner,2024-08,2024-Q3,Petcare Diagnostics,Vetscan,VETSCAN SMALL,Retail,National,National,14235,256223.63,0.91
nielsen_scanner,2024-08,2024-Q3,Dermatology,AllerVet RX,ALLERVET RX LARGE,Retail,Region,Midwest,3313,178884.84,0.91
nielsen_scanner,2024-08,2024-Q3,Dermatology,AllerVet RX,ALLERVET RX SMALL,Retail,Region,Midwest,4654,251333.58,0.91
nielsen_scanner,2024-08,2024-Q3,Dermatology,Apoquel,APOQUEL LARGE,Retail,Region,Midwest,4884,317481.4,0.91
nielsen_scanner,2024-08,2024-Q3,Dermatology,Apoquel,APOQUEL SMALL,Retail,Region,Midwest,7059,458861.61,0.91
nielsen_scanner,2024-08,2024-Q3,Vaccines,BioShield Vax,BIOSHIELD VAX LARGE,Retail,Region,Midwest,3402,68030.34,0.91
nielsen_scanner,2024-08,2024-Q3,Vaccines,BioShield Vax,BIOSHIELD VAX SMALL,Retail,Region,Midwest,4845,96894.29,0.91
nielsen_scanner,2024-08,2024-Q3,Dermatology,DermaCalm,DERMACALM LARGE,Retail,Region,Midwest,3687,213843.91,0.91
nielsen_scanner,2024-08,2024-Q3,Dermatology,DermaCalm,DERMACALM SMALL,Retail,Region,Midwest,5512,319711.71,0.91
nielsen_scanner,2024-08,2024-Q3,Petcare Diagnostics,DiagnosTech Vet,DIAGNOSTECH VET LARGE,Retail,Region,Midwest,3168,53862.51,0.91
nielsen_scanner,2024-08,2024-Q3,Petcare Diagnostics,DiagnosTech Vet,DIAGNOSTECH VET SMALL,Retail,Region,Midwest,4522,76866.47,0.91
nielsen_scanner,2024-08,2024-Q3,Parasiticides,FleaStop Pro,FLEASTOP PRO LARGE,Retail,Region,Midwest,22806,478934.54,0.91
nielsen_scanner,2024-08,2024-Q3,Parasiticides,FleaStop Pro,FLEASTOP PRO SMALL,Retail,Region,Midwest,32011,672224.87,0.91
nielsen_scanner,2024-08,2024-Q3,Pain/Osteoarthritis,FlexiCare Joint,FLEXICARE JOINT LARGE,Retail,Region,Midwest,1585,69755.71,0.91
nielsen_scanner,2024-08,2024-Q3,Pain/Osteoarthritis,FlexiCare Joint,FLEXICARE JOINT SMALL,Retail,Region,Midwest,2292,100853.18,0.91
nielsen_scanner,2024-08,2024-Q3,Vaccines,ImmunoCore Canine,IMMUNOCORE CANINE LARGE,Retail,Region,Midwest,4159,87329.38,0.91
nielsen_scanner,2024-08,2024-Q3,Vaccines,ImmunoCore Canine,IMMUNOCORE CANINE SMALL,Retail,Region,Midwest,5862,123098.53,0.91
nielsen_scanner,2024-08,2024-Q3,Pain/Osteoarthritis,Librela,LIBRELA LARGE,Retail,Region,Midwest,1180,56638.64,0.91
nielsen_scanner,2024-08,2024-Q3,Pain/Osteoarthritis,Librela,LIBRELA SMALL,Retail,Region,Midwest,1761,84533.77,0.91
nielsen_scanner,2024-08,2024-Q3,Pain/Osteoarthritis,OsteoEase Vet,OSTEOEASE VET LARGE,Retail,Region,Midwest,1520,62337.35,0.91
nielsen_scanner,2024-08,2024-Q3,Pain/Osteoarthritis,OsteoEase Vet,OSTEOEASE VET SMALL,Retail,Region,Midwest,2306,94549.5,0.91
nielsen_scanner,2024-08,2024-Q3,Pain/Osteoarthritis,PainAway Canine,PAINAWAY CANINE LARGE,Retail,Region,Midwest,1477,54660.68,0.91
nielsen_scanner,2024-08,2024-Q3,Pain/Osteoarthritis,PainAway Canine,PAINAWAY CANINE SMALL,Retail,Region,Midwest,2056,76072.75,0.91
nielsen_scanner,2024-08,2024-Q3,Petcare Diagnostics,PetLab Analyzer,PETLAB ANALYZER LARGE,Retail,Region,Midwest,1977,29650.77,0.91
nielsen_scanner,2024-08,2024-Q3,Petcare Diagnostics,PetLab Analyzer,PETLAB ANALYZER SMALL,Retail,Region,Midwest,2842,42631.74,0.91
nielsen_scanner,2024-08,2024-Q3,Petcare Diagnostics,RapidVet Dx,RAPIDVET DX LARGE,Retail,Region,Midwest,3139,50218.32,0.91
nielsen_scanner,2024-08,2024-Q3,Petcare Diagnostics,RapidVet Dx,RAPIDVET DX SMALL,Retail,Region,Midwest,3976,63617.93,0.91
nielsen_scanner,2024-08,2024-Q3,Parasiticides,Simparica Trio,SIMPARICA TRIO LARGE,Retail,Region,Midwest,40096,1122687.87,0.91
nielsen_scanner,2024-08,2024-Q3,Parasiticides,Simparica Trio,SIMPARICA TRIO SMALL,Retail,Region,Midwest,55697,1559528.4,0.91
nielsen_scanner,2024-08,2024-Q3,Dermatology,SkinRelief Pro,SKINRELIEF PRO LARGE,Retail,Region,Midwest,2969,145466.7,0.91
nielsen_scanner,2024-08,2024-Q3,Dermatology,SkinRelief Pro,SKINRELIEF PRO SMALL,Retail,Region,Midwest,4082,200036.97,0.91
nielsen_scanner,2024-08,2024-Q3,Parasiticides,TickShield Plus,TICKSHIELD PLUS LARGE,Retail,Region,Midwest,27230,653514.38,0.91
nielsen_scanner,2024-08,2024-Q3,Parasiticides,TickShield Plus,TICKSHIELD PLUS SMALL,Retail,Region,Midwest,37920,910073.34,0.91
nielsen_scanner,2024-08,2024-Q3,Vaccines,Vanguard,VANGUARD LARGE,Retail,Region,Midwest,3325,73152.9,0.91
nielsen_scanner,2024-08,2024-Q3,Vaccines,Vanguard,VANGUARD SMALL,Retail,Region,Midwest,4569,100512.49,0.91
nielsen_scanner,2024-08,2024-Q3,Parasiticides,VectraGuard,VECTRAGUARD LARGE,Retail,Region,Midwest,32375,841745.96,0.91
nielsen_scanner,2024-08,2024-Q3,Parasiticides,VectraGuard,VECTRAGUARD SMALL,Retail,Region,Midwest,42975,1117342.18,0.91
nielsen_scanner,2024-08,2024-Q3,Vaccines,VetGuard Immunize,VETGUARD IMMUNIZE LARGE,Retail,Region,Midwest,3037,57694.57,0.91
nielsen_scanner,2024-08,2024-Q3,Vaccines,VetGuard Immunize,VETGUARD IMMUNIZE SMALL,Retail,Region,Midwest,4390,83409.48,0.91
nielsen_scanner,2024-08,2024-Q3,Vaccines,VetSelect Core Vax,VETSELECT CORE VAX LARGE,Retail,Region,Midwest,11058,154809.17,0.91
nielsen_scanner,2024-08,2024-Q3,Vaccines,VetSelect Core Vax,VETSELECT CORE VAX SMALL,Retail,Region,Midwest,14850,207898.92,0.91
nielsen_scanner,2024-08,2024-Q3,Dermatology,VetSelect Derma,VETSELECT DERMA LARGE,Retail,Region,Midwest,7229,274709.75,0.91
nielsen_scanner,2024-08,2024-Q3,Dermatology,VetSelect Derma,VETSELECT DERMA SMALL,Retail,Region,Midwest,9433,358459.41,0.91
nielsen_scanner,2024-08,2024-Q3,Petcare Diagnostics,VetSelect Dx,VETSELECT DX LARGE,Retail,Region,Midwest,7406,88874.07,0.91
nielsen_scanner,2024-08,2024-Q3,Petcare Diagnostics,VetSelect Dx,VETSELECT DX SMALL,Retail,Region,Midwest,9894,118723.1,0.91
nielsen_scanner,2024-08,2024-Q3,Parasiticides,VetSelect Flea & Tick,VETSELECT FLEA & TICK LARGE,Retail,Region,Midwest,52132,886243.85,0.91
nielsen_scanner,2024-08,2024-Q3,Parasiticides,VetSelect Flea & Tick,VETSELECT FLEA & TICK SMALL,Retail,Region,Midwest,68408,1162934.69,0.91
nielsen_scanner,2024-08,2024-Q3,Pain/Osteoarthritis,VetSelect Joint,VETSELECT JOINT LARGE,Retail,Region,Midwest,4028,116809.7,0.91
nielsen_scanner,2024-08,2024-Q3,Pain/Osteoarthritis,VetSelect Joint,VETSELECT JOINT SMALL,Retail,Region,Midwest,5484,159029.43,0.91
nielsen_scanner,2024-08,2024-Q3,Petcare Diagnostics,Vetscan,VETSCAN LARGE,Retail,Region,Midwest,2313,41629.7,0.91
nielsen_scanner,2024-08,2024-Q3,Petcare Diagnostics,Vetscan,VETSCAN SMALL,Retail,Region,Midwest,3110,55977.48,0.91
nielsen_scanner,2024-08,2024-Q3,Dermatology,AllerVet RX,ALLERVET RX LARGE,Retail,Region,Northeast,3566,192560.97,0.91
nielsen_scanner,2024-08,2024-Q3,Dermatology,AllerVet RX,ALLERVET RX SMALL,Retail,Region,Northeast,5088,274767.64,0.91
nielsen_scanner,2024-08,2024-Q3,Dermatology,Apoquel,APOQUEL LARGE,Retail,Region,Northeast,4670,303521.36,0.91
nielsen_scanner,2024-08,2024-Q3,Dermatology,Apoquel,APOQUEL SMALL,Retail,Region,Northeast,7149,464707.22,0.91
nielsen_scanner,2024-08,2024-Q3,Vaccines,BioShield Vax,BIOSHIELD VAX LARGE,Retail,Region,Northeast,3476,69516.02,0.91
nielsen_scanner,2024-08,2024-Q3,Vaccines,BioShield Vax,BIOSHIELD VAX SMALL,Retail,Region,Northeast,4781,95626.43,0.91
nielsen_scanner,2024-08,2024-Q3,Dermatology,DermaCalm,DERMACALM LARGE,Retail,Region,Northeast,3651,211753.95,0.91
nielsen_scanner,2024-08,2024-Q3,Dermatology,DermaCalm,DERMACALM SMALL,Retail,Region,Northeast,5357,310709.89,0.91
nielsen_scanner,2024-08,2024-Q3,Petcare Diagnostics,DiagnosTech Vet,DIAGNOSTECH VET LARGE,Retail,Region,Northeast,3865,65708.45,0.91
nielsen_scanner,2024-08,2024-Q3,Petcare Diagnostics,DiagnosTech Vet,DIAGNOSTECH VET SMALL,Retail,Region,Northeast,5231,88920.02,0.91
nielsen_scanner,2024-08,2024-Q3,Parasiticides,FleaStop Pro,FLEASTOP PRO LARGE,Retail,Region,Northeast,24069,505455.03,0.91
nielsen_scanner,2024-08,2024-Q3,Parasiticides,FleaStop Pro,FLEASTOP PRO SMALL,Retail,Region,Northeast,35469,744858.16,0.91
nielsen_scanner,2024-08,2024-Q3,Pain/Osteoarthritis,FlexiCare Joint,FLEXICARE JOINT LARGE,Retail,Region,Northeast,1704,74972.29,0.91
nielsen_scanner,2024-08,2024-Q3,Pain/Osteoarthritis,FlexiCare Joint,FLEXICARE JOINT SMALL,Retail,Region,Northeast,2251,99062.78,0.91
nielsen_scanner,2024-08,2024-Q3,Vaccines,ImmunoCore Canine,IMMUNOCORE CANINE LARGE,Retail,Region,Northeast,4956,104083.8,0.91
nielsen_scanner,2024-08,2024-Q3,Vaccines,ImmunoCore Canine,IMMUNOCORE CANINE SMALL,Retail,Region,Northeast,6807,142944.27,0.91
nielsen_scanner,2024-08,2024-Q3,Pain/Osteoarthritis,Librela,LIBRELA LARGE,Retail,Region,Northeast,1322,63459.99,0.91
nielsen_scanner,2024-08,2024-Q3,Pain/Osteoarthritis,Librela,LIBRELA SMALL,Retail,Region,Northeast,1825,87610.34,0.91
nielsen_scanner,2024-08,2024-Q3,Pain/Osteoarthritis,OsteoEase Vet,OSTEOEASE VET LARGE,Retail,Region,Northeast,1651,67706.97,0.91
nielsen_scanner,2024-08,2024-Q3,Pain/Osteoarthritis,OsteoEase Vet,OSTEOEASE VET SMALL,Retail,Region,Northeast,2216,90872.56,0.91
nielsen_scanner,2024-08,2024-Q3,Pain/Osteoarthritis,PainAway Canine,PAINAWAY CANINE LARGE,Retail,Region,Northeast,1497,55385.03,0.91
nielsen_scanner,2024-08,2024-Q3,Pain/Osteoarthritis,PainAway Canine,PAINAWAY CANINE SMALL,Retail,Region,Northeast,1931,71455.0,0.91
nielsen_scanner,2024-08,2024-Q3,Petcare Diagnostics,PetLab Analyzer,PETLAB ANALYZER LARGE,Retail,Region,Northeast,2032,30474.7,0.91
nielsen_scanner,2024-08,2024-Q3,Petcare Diagnostics,PetLab Analyzer,PETLAB ANALYZER SMALL,Retail,Region,Northeast,2735,41029.66,0.91
nielsen_scanner,2024-08,2024-Q3,Petcare Diagnostics,RapidVet Dx,RAPIDVET DX LARGE,Retail,Region,Northeast,14537,232594.11,0.91
nielsen_scanner,2024-08,2024-Q3,Petcare Diagnostics,RapidVet Dx,RAPIDVET DX SMALL,Retail,Region,Northeast,18697,299113.0,0.91
nielsen_scanner,2024-08,2024-Q3,Parasiticides,Simparica Trio,SIMPARICA TRIO LARGE,Retail,Region,Northeast,43118,1207298.25,0.91
nielsen_scanner,2024-08,2024-Q3,Parasiticides,Simparica Trio,SIMPARICA TRIO SMALL,Retail,Region,Northeast,57938,1622276.93,0.91
nielsen_scanner,2024-08,2024-Q3,Dermatology,SkinRelief Pro,SKINRELIEF PRO LARGE,Retail,Region,Northeast,3280,160730.69,0.91
nielsen_scanner,2024-08,2024-Q3,Dermatology,SkinRelief Pro,SKINRELIEF PRO SMALL,Retail,Region,Northeast,4281,209784.47,0.91
nielsen_scanner,2024-08,2024-Q3,Parasiticides,TickShield Plus,TICKSHIELD PLUS LARGE,Retail,Region,Northeast,26653,639674.89,0.91
nielsen_scanner,2024-08,2024-Q3,Parasiticides,TickShield Plus,TICKSHIELD PLUS SMALL,Retail,Region,Northeast,38350,920402.31,0.91
nielsen_scanner,2024-08,2024-Q3,Vaccines,Vanguard,VANGUARD LARGE,Retail,Region,Northeast,3162,69573.5,0.91
nielsen_scanner,2024-08,2024-Q3,Vaccines,Vanguard,VANGUARD SMALL,Retail,Region,Northeast,4447,97839.77,0.91
nielsen_scanner,2024-08,2024-Q3,Parasiticides,VectraGuard,VECTRAGUARD LARGE,Retail,Region,Northeast,30751,799525.7,0.91
nielsen_scanner,2024-08,2024-Q3,Parasiticides,VectraGuard,VECTRAGUARD SMALL,Retail,Region,Northeast,44942,1168496.58,0.91
nielsen_scanner,2024-08,2024-Q3,Vaccines,VetGuard Immunize,VETGUARD IMMUNIZE LARGE,Retail,Region,Northeast,3090,58700.74,0.91
nielsen_scanner,2024-08,2024-Q3,Vaccines,VetGuard Immunize,VETGUARD IMMUNIZE SMALL,Retail,Region,Northeast,4311,81905.3,0.91
nielsen_scanner,2024-08,2024-Q3,Vaccines,VetSelect Core Vax,VETSELECT CORE VAX LARGE,Retail,Region,Northeast,10182,142550.18,0.91
nielsen_scanner,2024-08,2024-Q3,Vaccines,VetSelect Core Vax,VETSELECT CORE VAX SMALL,Retail,Region,Northeast,15277,213881.44,0.91
nielsen_scanner,2024-08,2024-Q3,Dermatology,VetSelect Derma,VETSELECT DERMA LARGE,Retail,Region,Northeast,7571,287690.25,0.91
nielsen_scanner,2024-08,2024-Q3,Dermatology,VetSelect Derma,VETSELECT DERMA SMALL,Retail,Region,Northeast,10014,380546.78,0.91
nielsen_scanner,2024-08,2024-Q3,Petcare Diagnostics,VetSelect Dx,VETSELECT DX LARGE,Retail,Region,Northeast,7785,93419.86,0.91
nielsen_scanner,2024-08,2024-Q3,Petcare Diagnostics,VetSelect Dx,VETSELECT DX SMALL,Retail,Region,Northeast,10054,120642.41,0.91
nielsen_scanner,2024-08,2024-Q3,Parasiticides,VetSelect Flea & Tick,VETSELECT FLEA & TICK LARGE,Retail,Region,Northeast,53743,913633.55,0.91
nielsen_scanner,2024-08,2024-Q3,Parasiticides,VetSelect Flea & Tick,VETSELECT FLEA & TICK SMALL,Retail,Region,Northeast,74182,1261092.25,0.91
nielsen_scanner,2024-08,2024-Q3,Pain/Osteoarthritis,VetSelect Joint,VETSELECT JOINT LARGE,Retail,Region,Northeast,4379,126991.7,0.91
nielsen_scanner,2024-08,2024-Q3,Pain/Osteoarthritis,VetSelect Joint,VETSELECT JOINT SMALL,Retail,Region,Northeast,5800,168212.63,0.91
nielsen_scanner,2024-08,2024-Q3,Petcare Diagnostics,Vetscan,VETSCAN LARGE,Retail,Region,Northeast,2140,38519.49,0.91
nielsen_scanner,2024-08,2024-Q3,Petcare Diagnostics,Vetscan,VETSCAN SMALL,Retail,Region,Northeast,3065,55168.72,0.91
nielsen_scanner,2024-08,2024-Q3,Dermatology,AllerVet RX,ALLERVET RX LARGE,Retail,Region,South,5497,296853.23,0.91
nielsen_scanner,2024-08,2024-Q3,Dermatology,AllerVet RX,ALLERVET RX SMALL,Retail,Region,South,7208,389205.73,0.91
nielsen_scanner,2024-08,2024-Q3,Dermatology,Apoquel,APOQUEL LARGE,Retail,Region,South,7805,507341.38,0.91
nielsen_scanner,2024-08,2024-Q3,Dermatology,Apoquel,APOQUEL SMALL,Retail,Region,South,11037,717397.03,0.91
nielsen_scanner,2024-08,2024-Q3,Vaccines,BioShield Vax,BIOSHIELD VAX LARGE,Retail,Region,South,5296,105913.3,0.91
nielsen_scanner,2024-08,2024-Q3,Vaccines,BioShield Vax,BIOSHIELD VAX SMALL,Retail,Region,South,7671,153425.58,0.91
nielsen_scanner,2024-08,2024-Q3,Dermatology,DermaCalm,DERMACALM LARGE,Retail,Region,South,6190,359009.28,0.91
nielsen_scanner,2024-08,2024-Q3,Dermatology,DermaCalm,DERMACALM SMALL,Retail,Region,South,8979,520792.17,0.91
nielsen_scanner,2024-08,2024-Q3,Petcare Diagnostics,DiagnosTech Vet,DIAGNOSTECH VET LARGE,Retail,Region,South,5282,89799.28,0.91
nielsen_scanner,2024-08,2024-Q3,Petcare Diagnostics,DiagnosTech Vet,DIAGNOSTECH VET SMALL,Retail,Region,South,7345,124870.32,0.91
nielsen_scanner,2024-08,2024-Q3,Parasiticides,FleaStop Pro,FLEASTOP PRO LARGE,Retail,Region,South,39542,830386.51,0.91
nielsen_scanner,2024-08,2024-Q3,Parasiticides,FleaStop Pro,FLEASTOP PRO SMALL,Retail,Region,South,53477,1123014.05,0.91
nielsen_scanner,2024-08,2024-Q3,Pain/Osteoarthritis,FlexiCare Joint,FLEXICARE JOINT LARGE,Retail,Region,South,2704,118963.62,0.91
nielsen_scanner,2024-08,2024-Q3,Pain/Osteoarthritis,FlexiCare Joint,FLEXICARE JOINT SMALL,Retail,Region,South,3454,151961.44,0.91
nielsen_scanner,2024-08,2024-Q3,Vaccines,ImmunoCore Canine,IMMUNOCORE CANINE LARGE,Retail,Region,South,6990,146796.92,0.91
nielsen_scanner,2024-08,2024-Q3,Vaccines,ImmunoCore Canine,IMMUNOCORE CANINE SMALL,Retail,Region,South,10355,217446.9,0.91
nielsen_scanner,2024-08,2024-Q3,Pain/Osteoarthritis,Librela,LIBRELA LARGE,Retail,Region,South,2011,96513.14,0.91
nielsen_scanner,2024-08,2024-Q3,Pain/Osteoarthritis,Librela,LIBRELA SMALL,Retail,Region,South,2841,136361.44,0.91
nielsen_scanner,2024-08,2024-Q3,Pain/Osteoarthritis,OsteoEase Vet,OSTEOEASE VET LARGE,Retail,Region,South,2494,102250.96,0.91
nielsen_scanner,2024-08,2024-Q3,Pain/Osteoarthritis,OsteoEase Vet,OSTEOEASE VET SMALL,Retail,Region,South,3624,148566.87,0.91
nielsen_scanner,2024-08,2024-Q3,Pain/Osteoarthritis,PainAway Canine,PAINAWAY CANINE LARGE,Retail,Region,South,2254,83396.85,0.91
nielsen_scanner,2024-08,2024-Q3,Pain/Osteoarthritis,PainAway Canine,PAINAWAY CANINE SMALL,Retail,Region,South,3109,115028.15,0.91
nielsen_scanner,2024-08,2024-Q3,Petcare Diagnostics,PetLab Analyzer,PETLAB ANALYZER LARGE,Retail,Region,South,3249,48732.29,0.91
nielsen_scanner,2024-08,2024-Q3,Petcare Diagnostics,PetLab Analyzer,PETLAB ANALYZER SMALL,Retail,Region,South,4513,67690.81,0.91
nielsen_scanner,2024-08,2024-Q3,Petcare Diagnostics,RapidVet Dx,RAPIDVET DX LARGE,Retail,Region,South,5149,82384.72,0.91
nielsen_scanner,2024-08,2024-Q3,Petcare Diagnostics,RapidVet Dx,RAPIDVET DX SMALL,Retail,Region,South,6919,110699.27,0.91
nielsen_scanner,2024-08,2024-Q3,Parasiticides,Simparica Trio,SIMPARICA TRIO LARGE,Retail,Region,South,64121,1795378.81,0.91
nielsen_scanner,2024-08,2024-Q3,Parasiticides,Simparica Trio,SIMPARICA TRIO SMALL,Retail,Region,South,88327,2473167.95,0.91
nielsen_scanner,2024-08,2024-Q3,Dermatology,SkinRelief Pro,SKINRELIEF PRO LARGE,Retail,Region,South,4780,234217.96,0.91
nielsen_scanner,2024-08,2024-Q3,Dermatology,SkinRelief Pro,SKINRELIEF PRO SMALL,Retail,Region,South,6622,324493.74,0.91
nielsen_scanner,2024-08,2024-Q3,Parasiticides,TickShield Plus,TICKSHIELD PLUS LARGE,Retail,Region,South,43475,1043410.34,0.91
nielsen_scanner,2024-08,2024-Q3,Parasiticides,TickShield Plus,TICKSHIELD PLUS SMALL,Retail,Region,South,59682,1432379.7,0.91
nielsen_scanner,2024-08,2024-Q3,Vaccines,Vanguard,VANGUARD LARGE,Retail,Region,South,4880,107369.03,0.91
nielsen_scanner,2024-08,2024-Q3,Vaccines,Vanguard,VANGUARD SMALL,Retail,Region,South,6797,149530.0,0.91
nielsen_scanner,2024-08,2024-Q3,Parasiticides,VectraGuard,VECTRAGUARD LARGE,Retail,Region,South,48844,1269947.7,0.91
nielsen_scanner,2024-08,2024-Q3,Parasiticides,VectraGuard,VECTRAGUARD SMALL,Retail,Region,South,68859,1790332.59,0.91
nielsen_scanner,2024-08,2024-Q3,Vaccines,VetGuard Immunize,VETGUARD IMMUNIZE LARGE,Retail,Region,South,4873,92578.31,0.91
nielsen_scanner,2024-08,2024-Q3,Vaccines,VetGuard Immunize,VETGUARD IMMUNIZE SMALL,Retail,Region,South,7109,135063.33,0.91
nielsen_scanner,2024-08,2024-Q3,Vaccines,VetSelect Core Vax,VETSELECT CORE VAX LARGE,Retail,Region,South,16070,224982.75,0.91
nielsen_scanner,2024-08,2024-Q3,Vaccines,VetSelect Core Vax,VETSELECT CORE VAX SMALL,Retail,Region,South,21977,307683.36,0.91
nielsen_scanner,2024-08,2024-Q3,Dermatology,VetSelect Derma,VETSELECT DERMA LARGE,Retail,Region,South,10360,393693.39,0.91
nielsen_scanner,2024-08,2024-Q3,Dermatology,VetSelect Derma,VETSELECT DERMA SMALL,Retail,Region,South,15015,570586.92,0.91
nielsen_scanner,2024-08,2024-Q3,Petcare Diagnostics,VetSelect Dx,VETSELECT DX LARGE,Retail,Region,South,11294,135526.66,0.91
nielsen_scanner,2024-08,2024-Q3,Petcare Diagnostics,VetSelect Dx,VETSELECT DX SMALL,Retail,Region,South,16569,198824.08,0.91
nielsen_scanner,2024-08,2024-Q3,Parasiticides,VetSelect Flea & Tick,VETSELECT FLEA & TICK LARGE,Retail,Region,South,90520,1538831.77,0.91
nielsen_scanner,2024-08,2024-Q3,Parasiticides,VetSelect Flea & Tick,VETSELECT FLEA & TICK SMALL,Retail,Region,South,115330,1960603.31,0.91
nielsen_scanner,2024-08,2024-Q3,Pain/Osteoarthritis,VetSelect Joint,VETSELECT JOINT LARGE,Retail,Region,South,6608,191638.49,0.91
nielsen_scanner,2024-08,2024-Q3,Pain/Osteoarthritis,VetSelect Joint,VETSELECT JOINT SMALL,Retail,Region,South,9305,269834.93,0.91
nielsen_scanner,2024-08,2024-Q3,Petcare Diagnostics,Vetscan,VETSCAN LARGE,Retail,Region,South,3566,64179.68,0.91
nielsen_scanner,2024-08,2024-Q3,Petcare Diagnostics,Vetscan,VETSCAN SMALL,Retail,Region,South,4814,86647.48,0.91
nielsen_scanner,2024-08,2024-Q3,Dermatology,AllerVet RX,ALLERVET RX LARGE,Retail,Region,West,3971,214441.18,0.91
nielsen_scanner,2024-08,2024-Q3,Dermatology,AllerVet RX,ALLERVET RX SMALL,Retail,Region,West,5120,276498.03,0.91
nielsen_scanner,2024-08,2024-Q3,Dermatology,Apoquel,APOQUEL LARGE,Retail,Region,West,4742,308201.79,0.91
nielsen_scanner,2024-08,2024-Q3,Dermatology,Apoquel,APOQUEL SMALL,Retail,Region,West,6751,438822.8,0.91
nielsen_scanner,2024-08,2024-Q3,Vaccines,BioShield Vax,BIOSHIELD VAX LARGE,Retail,Region,West,3534,70672.55,0.91
nielsen_scanner,2024-08,2024-Q3,Vaccines,BioShield Vax,BIOSHIELD VAX SMALL,Retail,Region,West,5182,103640.6,0.91
nielsen_scanner,2024-08,2024-Q3,Dermatology,DermaCalm,DERMACALM LARGE,Retail,Region,West,4301,249456.05,0.91
nielsen_scanner,2024-08,2024-Q3,Dermatology,DermaCalm,DERMACALM SMALL,Retail,Region,West,6039,350236.9,0.91
nielsen_scanner,2024-08,2024-Q3,Petcare Diagnostics,DiagnosTech Vet,DIAGNOSTECH VET LARGE,Retail,Region,West,3945,67072.36,0.91
nielsen_scanner,2024-08,2024-Q3,Petcare Diagnostics,DiagnosTech Vet,DIAGNOSTECH VET SMALL,Retail,Region,West,5265,89502.86,0.91
nielsen_scanner,2024-08,2024-Q3,Parasiticides,FleaStop Pro,FLEASTOP PRO LARGE,Retail,Region,West,25537,536276.21,0.91
nielsen_scanner,2024-08,2024-Q3,Parasiticides,FleaStop Pro,FLEASTOP PRO SMALL,Retail,Region,West,35165,738457.88,0.91
nielsen_scanner,2024-08,2024-Q3,Pain/Osteoarthritis,FlexiCare Joint,FLEXICARE JOINT LARGE,Retail,Region,West,1795,78975.23,0.91
nielsen_scanner,2024-08,2024-Q3,Pain/Osteoarthritis,FlexiCare Joint,FLEXICARE JOINT SMALL,Retail,Region,West,2477,109004.69,0.91
nielsen_scanner,2024-08,2024-Q3,Vaccines,ImmunoCore Canine,IMMUNOCORE CANINE LARGE,Retail,Region,West,4916,103243.57,0.91
nielsen_scanner,2024-08,2024-Q3,Vaccines,ImmunoCore Canine,IMMUNOCORE CANINE SMALL,Retail,Region,West,6697,140646.97,0.91
nielsen_scanner,2024-08,2024-Q3,Pain/Osteoarthritis,Librela,LIBRELA LARGE,Retail,Region,West,1298,62286.41,0.91
nielsen_scanner,2024-08,2024-Q3,Pain/Osteoarthritis,Librela,LIBRELA SMALL,Retail,Region,West,1830,87834.88,0.91
nielsen_scanner,2024-08,2024-Q3,Pain/Osteoarthritis,OsteoEase Vet,OSTEOEASE VET LARGE,Retail,Region,West,1633,66969.11,0.91
nielsen_scanner,2024-08,2024-Q3,Pain/Osteoarthritis,OsteoEase Vet,OSTEOEASE VET SMALL,Retail,Region,West,2239,91799.69,0.91
nielsen_scanner,2024-08,2024-Q3,Pain/Osteoarthritis,PainAway Canine,PAINAWAY CANINE LARGE,Retail,Region,West,1582,58541.82,0.91
nielsen_scanner,2024-08,2024-Q3,Pain/Osteoarthritis,PainAway Canine,PAINAWAY CANINE SMALL,Retail,Region,West,2029,75077.27,0.91
nielsen_scanner,2024-08,2024-Q3,Petcare Diagnostics,PetLab Analyzer,PETLAB ANALYZER LARGE,Retail,Region,West,2195,32930.05,0.91
nielsen_scanner,2024-08,2024-Q3,Petcare Diagnostics,PetLab Analyzer,PETLAB ANALYZER SMALL,Retail,Region,West,3253,48794.58,0.91
nielsen_scanner,2024-08,2024-Q3,Petcare Diagnostics,RapidVet Dx,RAPIDVET DX LARGE,Retail,Region,West,3385,54156.99,0.91
nielsen_scanner,2024-08,2024-Q3,Petcare Diagnostics,RapidVet Dx,RAPIDVET DX SMALL,Retail,Region,West,4875,77995.65,0.91
nielsen_scanner,2024-08,2024-Q3,Parasiticides,Simparica Trio,SIMPARICA TRIO LARGE,Retail,Region,West,44213,1237971.19,0.91
nielsen_scanner,2024-08,2024-Q3,Parasiticides,Simparica Trio,SIMPARICA TRIO SMALL,Retail,Region,West,61931,1734064.97,0.91
nielsen_scanner,2024-08,2024-Q3,Dermatology,SkinRelief Pro,SKINRELIEF PRO LARGE,Retail,Region,West,3271,160283.72,0.91
nielsen_scanner,2024-08,2024-Q3,Dermatology,SkinRelief Pro,SKINRELIEF PRO SMALL,Retail,Region,West,4348,213069.33,0.91
nielsen_scanner,2024-08,2024-Q3,Parasiticides,TickShield Plus,TICKSHIELD PLUS LARGE,Retail,Region,West,31208,748985.85,0.91
nielsen_scanner,2024-08,2024-Q3,Parasiticides,TickShield Plus,TICKSHIELD PLUS SMALL,Retail,Region,West,40155,963728.15,0.91
nielsen_scanner,2024-08,2024-Q3,Vaccines,Vanguard,VANGUARD LARGE,Retail,Region,West,3309,72789.18,0.91
nielsen_scanner,2024-08,2024-Q3,Vaccines,Vanguard,VANGUARD SMALL,Retail,Region,West,4818,105991.74,0.91
nielsen_scanner,2024-08,2024-Q3,Parasiticides,VectraGuard,VECTRAGUARD LARGE,Retail,Region,West,34277,891206.55,0.91
nielsen_scanner,2024-08,2024-Q3,Parasiticides,VectraGuard,VECTRAGUARD SMALL,Retail,Region,West,46266,1202916.2,0.91
nielsen_scanner,2024-08,2024-Q3,Vaccines,VetGuard Immunize,VETGUARD IMMUNIZE LARGE,Retail,Region,West,3437,65299.93,0.91
nielsen_scanner,2024-08,2024-Q3,Vaccines,VetGuard Immunize,VETGUARD IMMUNIZE SMALL,Retail,Region,West,4631,87983.4,0.91
nielsen_scanner,2024-08,2024-Q3,Vaccines,VetSelect Core Vax,VETSELECT CORE VAX LARGE,Retail,Region,West,10895,152528.79,0.91
nielsen_scanner,2024-08,2024-Q3,Vaccines,VetSelect Core Vax,VETSELECT CORE VAX SMALL,Retail,Region,West,14645,205023.0,0.91
nielsen_scanner,2024-08,2024-Q3,Dermatology,VetSelect Derma,VETSELECT DERMA LARGE,Retail,Region,West,6794,258183.93,0.91
nielsen_scanner,2024-08,2024-Q3,Dermatology,VetSelect Derma,VETSELECT DERMA SMALL,Retail,Region,West,9835,373740.89,0.91
nielsen_scanner,2024-08,2024-Q3,Petcare Diagnostics,VetSelect Dx,VETSELECT DX LARGE,Retail,Region,West,8151,97809.11,0.91
nielsen_scanner,2024-08,2024-Q3,Petcare Diagnostics,VetSelect Dx,VETSELECT DX SMALL,Retail,Region,West,11219,134630.42,0.91
nielsen_scanner,2024-08,2024-Q3,Parasiticides,VetSelect Flea & Tick,VETSELECT FLEA & TICK LARGE,Retail,Region,West,54381,924471.82,0.91
nielsen_scanner,2024-08,2024-Q3,Parasiticides,VetSelect Flea & Tick,VETSELECT FLEA & TICK SMALL,Retail,Region,West,77985,1325744.31,0.91
nielsen_scanner,2024-08,2024-Q3,Pain/Osteoarthritis,VetSelect Joint,VETSELECT JOINT LARGE,Retail,Region,West,4621,133997.23,0.91
nielsen_scanner,2024-08,2024-Q3,Pain/Osteoarthritis,VetSelect Joint,VETSELECT JOINT SMALL,Retail,Region,West,6298,182652.05,0.91
nielsen_scanner,2024-08,2024-Q3,Petcare Diagnostics,Vetscan,VETSCAN LARGE,Retail,Region,West,2423,43621.71,0.91
nielsen_scanner,2024-08,2024-Q3,Petcare Diagnostics,Vetscan,VETSCAN SMALL,Retail,Region,West,3246,58429.95,0.91
nielsen_scanner,2024-09,2024-Q3,Dermatology,AllerVet RX,ALLERVET RX LARGE,Retail,National,National,16560,894301.45,0.91
nielsen_scanner,2024-09,2024-Q3,Dermatology,AllerVet RX,ALLERVET RX SMALL,Retail,National,National,22622,1221622.3,0.91
nielsen_scanner,2024-09,2024-Q3,Dermatology,Apoquel,APOQUEL LARGE,Retail,National,National,21818,1418192.87,0.91
nielsen_scanner,2024-09,2024-Q3,Dermatology,Apoquel,APOQUEL SMALL,Retail,National,National,29567,1921785.18,0.91
nielsen_scanner,2024-09,2024-Q3,Vaccines,BioShield Vax,BIOSHIELD VAX LARGE,Retail,National,National,15944,318883.67,0.91
nielsen_scanner,2024-09,2024-Q3,Vaccines,BioShield Vax,BIOSHIELD VAX SMALL,Retail,National,National,21627,432547.6,0.91
nielsen_scanner,2024-09,2024-Q3,Dermatology,DermaCalm,DERMACALM LARGE,Retail,National,National,17619,1277390.38,0.91
nielsen_scanner,2024-09,2024-Q3,Dermatology,DermaCalm,DERMACALM SMALL,Retail,National,National,23697,1717995.69,0.91
nielsen_scanner,2024-09,2024-Q3,Petcare Diagnostics,DiagnosTech Vet,DIAGNOSTECH VET LARGE,Retail,National,National,15594,265093.82,0.91
nielsen_scanner,2024-09,2024-Q3,Petcare Diagnostics,DiagnosTech Vet,DIAGNOSTECH VET SMALL,Retail,National,National,21504,365548.52,0.91
nielsen_scanner,2024-09,2024-Q3,Parasiticides,FleaStop Pro,FLEASTOP PRO LARGE,Retail,National,National,97730,2052328.27,0.91
nielsen_scanner,2024-09,2024-Q3,Parasiticides,FleaStop Pro,FLEASTOP PRO SMALL,Retail,National,National,134485,2824165.14,0.91
nielsen_scanner,2024-09,2024-Q3,Pain/Osteoarthritis,FlexiCare Joint,FLEXICARE JOINT LARGE,Retail,National,National,7677,337791.2,0.91
nielsen_scanner,2024-09,2024-Q3,Pain/Osteoarthritis,FlexiCare Joint,FLEXICARE JOINT SMALL,Retail,National,National,10723,471811.48,0.91
nielsen_scanner,2024-09,2024-Q3,Vaccines,ImmunoCore Canine,IMMUNOCORE CANINE LARGE,Retail,National,National,18094,379981.58,0.91
nielsen_scanner,2024-09,2024-Q3,Vaccines,ImmunoCore Canine,IMMUNOCORE CANINE SMALL,Retail,National,National,25031,525657.52,0.91
nielsen_scanner,2024-09,2024-Q3,Pain/Osteoarthritis,Librela,LIBRELA LARGE,Retail,National,National,6060,290875.44,0.91
nielsen_scanner,2024-09,2024-Q3,Pain/Osteoarthritis,Librela,LIBRELA SMALL,Retail,National,National,8352,400854.29,0.91
nielsen_scanner,2024-09,2024-Q3,Pain/Osteoarthritis,OsteoEase Vet,OSTEOEASE VET LARGE,Retail,National,National,7444,305195.86,0.91
nielsen_scanner,2024-09,2024-Q3,Pain/Osteoarthritis,OsteoEase Vet,OSTEOEASE VET SMALL,Retail,National,National,10331,423539.78,0.91
nielsen_scanner,2024-09,2024-Q3,Pain/Osteoarthritis,PainAway Canine,PAINAWAY CANINE LARGE,Retail,National,National,6622,245019.7,0.91
nielsen_scanner,2024-09,2024-Q3,Pain/Osteoarthritis,PainAway Canine,PAINAWAY CANINE SMALL,Retail,National,National,9091,336373.6,0.91
nielsen_scanner,2024-09,2024-Q3,Petcare Diagnostics,PetLab Analyzer,PETLAB ANALYZER LARGE,Retail,National,National,8861,132924.77,0.91
nielsen_scanner,2024-09,2024-Q3,Petcare Diagnostics,PetLab Analyzer,PETLAB ANALYZER SMALL,Retail,National,National,12576,188644.37,0.91
nielsen_scanner,2024-09,2024-Q3,Petcare Diagnostics,RapidVet Dx,RAPIDVET DX LARGE,Retail,National,National,14148,226367.9,0.91
nielsen_scanner,2024-09,2024-Q3,Petcare Diagnostics,RapidVet Dx,RAPIDVET DX SMALL,Retail,National,National,19160,306554.21,0.91
nielsen_scanner,2024-09,2024-Q3,Parasiticides,Simparica Trio,SIMPARICA TRIO LARGE,Retail,National,National,157260,4403285.8,0.91
nielsen_scanner,2024-09,2024-Q3,Parasiticides,Simparica Trio,SIMPARICA TRIO SMALL,Retail,National,National,213614,5981193.16,0.91
nielsen_scanner,2024-09,2024-Q3,Dermatology,SkinRelief Pro,SKINRELIEF PRO LARGE,Retail,National,National,13394,656280.35,0.91
nielsen_scanner,2024-09,2024-Q3,Dermatology,SkinRelief Pro,SKINRELIEF PRO SMALL,Retail,National,National,18854,923845.35,0.91
nielsen_scanner,2024-09,2024-Q3,Parasiticides,TickShield Plus,TICKSHIELD PLUS LARGE,Retail,National,National,110392,2649389.74,0.91
nielsen_scanner,2024-09,2024-Q3,Parasiticides,TickShield Plus,TICKSHIELD PLUS SMALL,Retail,National,National,149975,3599422.65,0.91
nielsen_scanner,2024-09,2024-Q3,Vaccines,Vanguard,VANGUARD LARGE,Retail,National,National,13898,305772.16,0.91
nielsen_scanner,2024-09,2024-Q3,Vaccines,Vanguard,VANGUARD SMALL,Retail,National,National,18720,411836.53,0.91
nielsen_scanner,2024-09,2024-Q3,Parasiticides,VectraGuard,VECTRAGUARD LARGE,Retail,National,National,130779,3400242.53,0.91
nielsen_scanner,2024-09,2024-Q3,Parasiticides,VectraGuard,VECTRAGUARD SMALL,Retail,National,National,177268,4608994.22,0.91
nielsen_scanner,2024-09,2024-Q3,Vaccines,VetGuard Immunize,VETGUARD IMMUNIZE LARGE,Retail,National,National,14257,270883.69,0.91
nielsen_scanner,2024-09,2024-Q3,Vaccines,VetGuard Immunize,VETGUARD IMMUNIZE SMALL,Retail,National,National,20762,394473.86,0.91
nielsen_scanner,2024-09,2024-Q3,Vaccines,VetSelect Core Vax,VETSELECT CORE VAX LARGE,Retail,National,National,45832,641656.75,0.91
nielsen_scanner,2024-09,2024-Q3,Vaccines,VetSelect Core Vax,VETSELECT CORE VAX SMALL,Retail,National,National,63177,884484.02,0.91
nielsen_scanner,2024-09,2024-Q3,Dermatology,VetSelect Derma,VETSELECT DERMA LARGE,Retail,National,National,33804,1284521.69,0.91
nielsen_scanner,2024-09,2024-Q3,Dermatology,VetSelect Derma,VETSELECT DERMA SMALL,Retail,National,National,47057,1788171.55,0.91
nielsen_scanner,2024-09,2024-Q3,Petcare Diagnostics,VetSelect Dx,VETSELECT DX LARGE,Retail,National,National,33595,403128.61,0.91
nielsen_scanner,2024-09,2024-Q3,Petcare Diagnostics,VetSelect Dx,VETSELECT DX SMALL,Retail,National,National,45167,542012.98,0.91
nielsen_scanner,2024-09,2024-Q3,Parasiticides,VetSelect Flea & Tick,VETSELECT FLEA & TICK LARGE,Retail,National,National,214284,3642815.54,0.91
nielsen_scanner,2024-09,2024-Q3,Parasiticides,VetSelect Flea & Tick,VETSELECT FLEA & TICK SMALL,Retail,National,National,299587,5092981.65,0.91
nielsen_scanner,2024-09,2024-Q3,Pain/Osteoarthritis,VetSelect Joint,VETSELECT JOINT LARGE,Retail,National,National,20076,582216.74,0.91
nielsen_scanner,2024-09,2024-Q3,Pain/Osteoarthritis,VetSelect Joint,VETSELECT JOINT SMALL,Retail,National,National,28271,819871.67,0.91
nielsen_scanner,2024-09,2024-Q3,Petcare Diagnostics,Vetscan,VETSCAN LARGE,Retail,National,National,9895,178092.75,0.91
nielsen_scanner,2024-09,2024-Q3,Petcare Diagnostics,Vetscan,VETSCAN SMALL,Retail,National,National,13279,239017.04,0.91
nielsen_scanner,2024-09,2024-Q3,Dermatology,AllerVet RX,ALLERVET RX LARGE,Retail,Region,Midwest,3603,194588.16,0.91
nielsen_scanner,2024-09,2024-Q3,Dermatology,AllerVet RX,ALLERVET RX SMALL,Retail,Region,Midwest,4906,264912.25,0.91
nielsen_scanner,2024-09,2024-Q3,Dermatology,Apoquel,APOQUEL LARGE,Retail,Region,Midwest,4400,286020.86,0.91
nielsen_scanner,2024-09,2024-Q3,Dermatology,Apoquel,APOQUEL SMALL,Retail,Region,Midwest,6070,394557.9,0.91
nielsen_scanner,2024-09,2024-Q3,Vaccines,BioShield Vax,BIOSHIELD VAX LARGE,Retail,Region,Midwest,3322,66433.61,0.91
nielsen_scanner,2024-09,2024-Q3,Vaccines,BioShield Vax,BIOSHIELD VAX SMALL,Retail,Region,Midwest,4518,90360.13,0.91
nielsen_scanner,2024-09,2024-Q3,Dermatology,DermaCalm,DERMACALM LARGE,Retail,Region,Midwest,3540,205294.99,0.91
nielsen_scanner,2024-09,2024-Q3,Dermatology,DermaCalm,DERMACALM SMALL,Retail,Region,Midwest,5014,290792.67,0.91
nielsen_scanner,2024-09,2024-Q3,Petcare Diagnostics,DiagnosTech Vet,DIAGNOSTECH VET LARGE,Retail,Region,Midwest,3170,53891.98,0.91
nielsen_scanner,2024-09,2024-Q3,Petcare Diagnostics,DiagnosTech Vet,DIAGNOSTECH VET SMALL,Retail,Region,Midwest,4394,74690.13,0.91
nielsen_scanner,2024-09,2024-Q3,Parasiticides,FleaStop Pro,FLEASTOP PRO LARGE,Retail,Region,Midwest,21136,443850.34,0.91
nielsen_scanner,2024-09,2024-Q3,Parasiticides,FleaStop Pro,FLEASTOP PRO SMALL,Retail,Region,Midwest,27893,585745.51,0.91
nielsen_scanner,2024-09,2024-Q3,Pain/Osteoarthritis,FlexiCare Joint,FLEXICARE JOINT LARGE,Retail,Region,Midwest,1634,71878.77,0.91
nielsen_scanner,2024-09,2024-Q3,Pain/Osteoarthritis,FlexiCare Joint,FLEXICARE JOINT SMALL,Retail,Region,Midwest,2239,98512.16,0.91
nielsen_scanner,2024-09,2024-Q3,Vaccines,ImmunoCore Canine,IMMUNOCORE CANINE LARGE,Retail,Region,Midwest,3694,77573.86,0.91
nielsen_scanner,2024-09,2024-Q3,Vaccines,ImmunoCore Canine,IMMUNOCORE CANINE SMALL,Retail,Region,Midwest,5460,114657.65,0.91
nielsen_scanner,2024-09,2024-Q3,Pain/Osteoarthritis,Librela,LIBRELA LARGE,Retail,Region,Midwest,4943,237238.77,0.91
nielsen_scanner,2024-09,2024-Q3,Pain/Osteoarthritis,Librela,LIBRELA SMALL,Retail,Region,Midwest,6934,332761.37,0.91
nielsen_scanner,2024-09,2024-Q3,Pain/Osteoarthritis,OsteoEase Vet,OSTEOEASE VET LARGE,Retail,Region,Midwest,1535,62918.85,0.91
nielsen_scanner,2024-09,2024-Q3,Pain/Osteoarthritis,OsteoEase Vet,OSTEOEASE VET SMALL,Retail,Region,Midwest,2076,85102.3,0.91
nielsen_scanner,2024-09,2024-Q3,Pain/Osteoarthritis,PainAway Canine,PAINAWAY CANINE LARGE,Retail,Region,Midwest,1358,50259.81,0.91
nielsen_scanner,2024-09,2024-Q3,Pain/Osteoarthritis,PainAway Canine,PAINAWAY CANINE SMALL,Retail,Region,Midwest,1888,69870.28,0.91
nielsen_scanner,2024-09,2024-Q3,Petcare Diagnostics,PetLab Analyzer,PETLAB ANALYZER LARGE,Retail,Region,Midwest,1821,27307.74,0.91
nielsen_scanner,2024-09,2024-Q3,Petcare Diagnostics,PetLab Analyzer,PETLAB ANALYZER SMALL,Retail,Region,Midwest,2610,39142.84,0.91
nielsen_scanner,2024-09,2024-Q3,Petcare Diagnostics,RapidVet Dx,RAPIDVET DX LARGE,Retail,Region,Midwest,2994,47905.77,0.91
nielsen_scanner,2024-09,2024-Q3,Petcare Diagnostics,RapidVet Dx,RAPIDVET DX SMALL,Retail,Region,Midwest,4198,67166.59,0.91
nielsen_scanner,2024-09,2024-Q3,Parasiticides,Simparica Trio,SIMPARICA TRIO LARGE,Retail,Region,Midwest,33262,931345.35,0.91
nielsen_scanner,2024-09,2024-Q3,Parasiticides,Simparica Trio,SIMPARICA TRIO SMALL,Retail,Region,Midwest,47069,1317944.72,0.91
nielsen_scanner,2024-09,2024-Q3,Dermatology,SkinRelief Pro,SKINRELIEF PRO LARGE,Retail,Region,Midwest,2962,145134.24,0.91
nielsen_scanner,2024-09,2024-Q3,Dermatology,SkinRelief Pro,SKINRELIEF PRO SMALL,Retail,Region,Midwest,3957,193883.79,0.91
nielsen_scanner,2024-09,2024-Q3,Parasiticides,TickShield Plus,TICKSHIELD PLUS LARGE,Retail,Region,Midwest,22235,533628.44,0.91
nielsen_scanner,2024-09,2024-Q3,Parasiticides,TickShield Plus,TICKSHIELD PLUS SMALL,Retail,Region,Midwest,32397,777535.14,0.91
nielsen_scanner,2024-09,2024-Q3,Vaccines,Vanguard,VANGUARD LARGE,Retail,Region,Midwest,2891,63603.16,0.91
nielsen_scanner,2024-09,2024-Q3,Vaccines,Vanguard,VANGUARD SMALL,Retail,Region,Midwest,3978,87507.99,0.91
nielsen_scanner,2024-09,2024-Q3,Parasiticides,VectraGuard,VECTRAGUARD LARGE,Retail,Region,Midwest,26537,689964.8,0.91
nielsen_scanner,2024-09,2024-Q3,Parasiticides,VectraGuard,VECTRAGUARD SMALL,Retail,Region,Midwest,37494,974855.28,0.91
nielsen_scanner,2024-09,2024-Q3,Vaccines,VetGuard Immunize,VETGUARD IMMUNIZE LARGE,Retail,Region,Midwest,3095,58796.02,0.91
nielsen_scanner,2024-09,2024-Q3,Vaccines,VetGuard Immunize,VETGUARD IMMUNIZE SMALL,Retail,Region,Midwest,4513,85740.96,0.91
nielsen_scanner,2024-09,2024-Q3,Vaccines,VetSelect Core Vax,VETSELECT CORE VAX LARGE,Retail,Region,Midwest,9620,134675.82,0.91
nielsen_scanner,2024-09,2024-Q3,Vaccines,VetSelect Core Vax,VETSELECT CORE VAX SMALL,Retail,Region,Midwest,13030,182424.58,0.91
nielsen_scanner,2024-09,2024-Q3,Dermatology,VetSelect Derma,VETSELECT DERMA LARGE,Retail,Region,Midwest,7024,266924.35,0.91
nielsen_scanner,2024-09,2024-Q3,Dermatology,VetSelect Derma,VETSELECT DERMA SMALL,Retail,Region,Midwest,9706,368820.65,0.91
nielsen_scanner,2024-09,2024-Q3,Petcare Diagnostics,VetSelect Dx,VETSELECT DX LARGE,Retail,Region,Midwest,7022,84259.2,0.91
nielsen_scanner,2024-09,2024-Q3,Petcare Diagnostics,VetSelect Dx,VETSELECT DX SMALL,Retail,Region,Midwest,9272,111264.86,0.91
nielsen_scanner,2024-09,2024-Q3,Parasiticides,VetSelect Flea & Tick,VETSELECT FLEA & TICK LARGE,Retail,Region,Midwest,45450,772648.07,0.91
nielsen_scanner,2024-09,2024-Q3,Parasiticides,VetSelect Flea & Tick,VETSELECT FLEA & TICK SMALL,Retail,Region,Midwest,62237,1058032.7,0.91
nielsen_scanner,2024-09,2024-Q3,Pain/Osteoarthritis,VetSelect Joint,VETSELECT JOINT LARGE,Retail,Region,Midwest,3816,110672.92,0.91
nielsen_scanner,2024-09,2024-Q3,Pain/Osteoarthritis,VetSelect Joint,VETSELECT JOINT SMALL,Retail,Region,Midwest,5576,161698.13,0.91
nielsen_scanner,2024-09,2024-Q3,Petcare Diagnostics,Vetscan,VETSCAN LARGE,Retail,Region,Midwest,2155,38781.95,0.91
nielsen_scanner,2024-09,2024-Q3,Petcare Diagnostics,Vetscan,VETSCAN SMALL,Retail,Region,Midwest,2955,53190.07,0.91
nielsen_scanner,2024-09,2024-Q3,Dermatology,AllerVet RX,ALLERVET RX LARGE,Retail,Region,Northeast,3587,193721.53,0.91
nielsen_scanner,2024-09,2024-Q3,Dermatology,AllerVet RX,ALLERVET RX SMALL,Retail,Region,Northeast,4870,262985.92,0.91
nielsen_scanner,2024-09,2024-Q3,Dermatology,Apoquel,APOQUEL LARGE,Retail,Region,Northeast,4758,309273.69,0.91
nielsen_scanner,2024-09,2024-Q3,Dermatology,Apoquel,APOQUEL SMALL,Retail,Region,Northeast,6905,448793.77,0.91
nielsen_scanner,2024-09,2024-Q3,Vaccines,BioShield Vax,BIOSHIELD VAX LARGE,Retail,Region,Northeast,3647,72946.55,0.91
nielsen_scanner,2024-09,2024-Q3,Vaccines,BioShield Vax,BIOSHIELD VAX SMALL,Retail,Region,Northeast,4638,92762.05,0.91
nielsen_scanner,2024-09,2024-Q3,Dermatology,DermaCalm,DERMACALM LARGE,Retail,Region,Northeast,3882,225175.06,0.91
nielsen_scanner,2024-09,2024-Q3,Dermatology,DermaCalm,DERMACALM SMALL,Retail,Region,Northeast,5010,290586.82,0.91
nielsen_scanner,2024-09,2024-Q3,Petcare Diagnostics,DiagnosTech Vet,DIAGNOSTECH VET LARGE,Retail,Region,Northeast,3606,61294.12,0.91
nielsen_scanner,2024-09,2024-Q3,Petcare Diagnostics,DiagnosTech Vet,DIAGNOSTECH VET SMALL,Retail,Region,Northeast,4740,80581.03,0.91
nielsen_scanner,2024-09,2024-Q3,Parasiticides,FleaStop Pro,FLEASTOP PRO LARGE,Retail,Region,Northeast,22252,467296.83,0.91
nielsen_scanner,2024-09,2024-Q3,Parasiticides,FleaStop Pro,FLEASTOP PRO SMALL,Retail,Region,Northeast,28018,588367.69,0.91
nielsen_scanner,2024-09,2024-Q3,Pain/Osteoarthritis,FlexiCare Joint,FLEXICARE JOINT LARGE,Retail,Region,Northeast,1684,74108.71,0.91
nielsen_scanner,2024-09,2024-Q3,Pain/Osteoarthritis,FlexiCare Joint,FLEXICARE JOINT SMALL,Retail,Region,Northeast,2469,108634.55,0.91
nielsen_scanner,2024-09,2024-Q3,Vaccines,ImmunoCore Canine,IMMUNOCORE CANINE LARGE,Retail,Region,Northeast,4156,87278.79,0.91
nielsen_scanner,2024-09,2024-Q3,Vaccines,ImmunoCore Canine,IMMUNOCORE CANINE SMALL,Retail,Region,Northeast,5649,118634.37,0.91
nielsen_scanner,2024-09,2024-Q3,Pain/Osteoarthritis,Librela,LIBRELA LARGE,Retail,Region,Northeast,1371,65784.84,0.91
nielsen_scanner,2024-09,2024-Q3,Pain/Osteoarthritis,Librela,LIBRELA SMALL,Retail,Region,Northeast,1892,90813.25,0.91
nielsen_scanner,2024-09,2024-Q3,Pain/Osteoarthritis,OsteoEase Vet,OSTEOEASE VET LARGE,Retail,Region,Northeast,1587,65081.24,0.91
nielsen_scanner,2024-09,2024-Q3,Pain/Osteoarthritis,OsteoEase Vet,OSTEOEASE VET SMALL,Retail,Region,Northeast,2241,91869.61,0.91
nielsen_scanner,2024-09,2024-Q3,Pain/Osteoarthritis,PainAway Canine,PAINAWAY CANINE LARGE,Retail,Region,Northeast,1554,57510.41,0.91
nielsen_scanner,2024-09,2024-Q3,Pain/Osteoarthritis,PainAway Canine,PAINAWAY CANINE SMALL,Retail,Region,Northeast,2055,76040.97,0.91
nielsen_scanner,2024-09,2024-Q3,Petcare Diagnostics,PetLab Analyzer,PETLAB ANALYZER LARGE,Retail,Region,Northeast,1998,29977.4,0.91
nielsen_scanner,2024-09,2024-Q3,Petcare Diagnostics,PetLab Analyzer,PETLAB ANALYZER SMALL,Retail,Region,Northeast,2805,42078.71,0.91
nielsen_scanner,2024-09,2024-Q3,Petcare Diagnostics,RapidVet Dx,RAPIDVET DX LARGE,Retail,Region,Northeast,3114,49821.05,0.91
nielsen_scanner,2024-09,2024-Q3,Petcare Diagnostics,RapidVet Dx,RAPIDVET DX SMALL,Retail,Region,Northeast,4237,67784.66,0.91
nielsen_scanner,2024-09,2024-Q3,Parasiticides,Simparica Trio,SIMPARICA TRIO LARGE,Retail,Region,Northeast,34407,963398.36,0.91
nielsen_scanner,2024-09,2024-Q3,Parasiticides,Simparica Trio,SIMPARICA TRIO SMALL,Retail,Region,Northeast,47131,1319654.83,0.91
nielsen_scanner,2024-09,2024-Q3,Dermatology,SkinRelief Pro,SKINRELIEF PRO LARGE,Retail,Region,Northeast,2875,140851.17,0.91
nielsen_scanner,2024-09,2024-Q3,Dermatology,SkinRelief Pro,SKINRELIEF PRO SMALL,Retail,Region,Northeast,4018,196885.1,0.91
nielsen_scanner,2024-09,2024-Q3,Parasiticides,TickShield Plus,TICKSHIELD PLUS LARGE,Retail,Region,Northeast,26374,632975.08,0.91
nielsen_scanner,2024-09,2024-Q3,Parasiticides,TickShield Plus,TICKSHIELD PLUS SMALL,Retail,Region,Northeast,33820,811688.53,0.91
nielsen_scanner,2024-09,2024-Q3,Vaccines,Vanguard,VANGUARD LARGE,Retail,Region,Northeast,3079,67748.52,0.91
nielsen_scanner,2024-09,2024-Q3,Vaccines,Vanguard,VANGUARD SMALL,Retail,Region,Northeast,4134,90949.1,0.91
nielsen_scanner,2024-09,2024-Q3,Parasiticides,VectraGuard,VECTRAGUARD LARGE,Retail,Region,Northeast,28627,744298.6,0.91
nielsen_scanner,2024-09,2024-Q3,Parasiticides,VectraGuard,VECTRAGUARD SMALL,Retail,Region,Northeast,37542,976092.75,0.91
nielsen_scanner,2024-09,2024-Q3,Vaccines,VetGuard Immunize,VETGUARD IMMUNIZE LARGE,Retail,Region,Northeast,3146,59770.72,0.91
nielsen_scanner,2024-09,2024-Q3,Vaccines,VetGuard Immunize,VETGUARD IMMUNIZE SMALL,Retail,Region,Northeast,4266,81056.86,0.91
nielsen_scanner,2024-09,2024-Q3,Vaccines,VetSelect Core Vax,VETSELECT CORE VAX LARGE,Retail,Region,Northeast,9977,139678.09,0.91
nielsen_scanner,2024-09,2024-Q3,Vaccines,VetSelect Core Vax,VETSELECT CORE VAX SMALL,Retail,Region,Northeast,13274,185832.21,0.91
nielsen_scanner,2024-09,2024-Q3,Dermatology,VetSelect Derma,VETSELECT DERMA LARGE,Retail,Region,Northeast,7387,280699.47,0.91
nielsen_scanner,2024-09,2024-Q3,Dermatology,VetSelect Derma,VETSELECT DERMA SMALL,Retail,Region,Northeast,9953,378207.18,0.91
nielsen_scanner,2024-09,2024-Q3,Petcare Diagnostics,VetSelect Dx,VETSELECT DX LARGE,Retail,Region,Northeast,7025,84299.62,0.91
nielsen_scanner,2024-09,2024-Q3,Petcare Diagnostics,VetSelect Dx,VETSELECT DX SMALL,Retail,Region,Northeast,9746,116952.06,0.91
nielsen_scanner,2024-09,2024-Q3,Parasiticides,VetSelect Flea & Tick,VETSELECT FLEA & TICK LARGE,Retail,Region,Northeast,49152,835576.16,0.91
nielsen_scanner,2024-09,2024-Q3,Parasiticides,VetSelect Flea & Tick,VETSELECT FLEA & TICK SMALL,Retail,Region,Northeast,65013,1105224.74,0.91
nielsen_scanner,2024-09,2024-Q3,Pain/Osteoarthritis,VetSelect Joint,VETSELECT JOINT LARGE,Retail,Region,Northeast,4583,132917.03,0.91
nielsen_scanner,2024-09,2024-Q3,Pain/Osteoarthritis,VetSelect Joint,VETSELECT JOINT SMALL,Retail,Region,Northeast,6186,179401.99,0.91
nielsen_scanner,2024-09,2024-Q3,Petcare Diagnostics,Vetscan,VETSCAN LARGE,Retail,Region,Northeast,2168,39023.41,0.91
nielsen_scanner,2024-09,2024-Q3,Petcare Diagnostics,Vetscan,VETSCAN SMALL,Retail,Region,Northeast,2911,52391.19,0.91
nielsen_scanner,2024-09,2024-Q3,Dermatology,AllerVet RX,ALLERVET RX LARGE,Retail,Region,South,5667,306035.87,0.91
nielsen_scanner,2024-09,2024-Q3,Dermatology,AllerVet RX,ALLERVET RX SMALL,Retail,Region,South,7336,396164.35,0.91
nielsen_scanner,2024-09,2024-Q3,Dermatology,Apoquel,APOQUEL LARGE,Retail,Region,South,7853,510429.09,0.91
nielsen_scanner,2024-09,2024-Q3,Dermatology,Apoquel,APOQUEL SMALL,Retail,Region,South,10295,669154.89,0.91
nielsen_scanner,2024-09,2024-Q3,Vaccines,BioShield Vax,BIOSHIELD VAX LARGE,Retail,Region,South,5511,110223.19,0.91
nielsen_scanner,2024-09,2024-Q3,Vaccines,BioShield Vax,BIOSHIELD VAX SMALL,Retail,Region,South,7656,153119.72,0.91
nielsen_scanner,2024-09,2024-Q3,Dermatology,DermaCalm,DERMACALM LARGE,Retail,Region,South,6234,361565.51,0.91
nielsen_scanner,2024-09,2024-Q3,Dermatology,DermaCalm,DERMACALM SMALL,Retail,Region,South,8160,473270.36,0.91
nielsen_scanner,2024-09,2024-Q3,Petcare Diagnostics,DiagnosTech Vet,DIAGNOSTECH VET LARGE,Retail,Region,South,5407,91914.76,0.91
nielsen_scanner,2024-09,2024-Q3,Petcare Diagnostics,DiagnosTech Vet,DIAGNOSTECH VET SMALL,Retail,Region,South,7432,126339.73,0.91
nielsen_scanner,2024-09,2024-Q3,Parasiticides,FleaStop Pro,FLEASTOP PRO LARGE,Retail,Region,South,32532,683166.78,0.91
nielsen_scanner,2024-09,2024-Q3,Parasiticides,FleaStop Pro,FLEASTOP PRO SMALL,Retail,Region,South,48012,1008242.23,0.91
nielsen_scanner,2024-09,2024-Q3,Pain/Osteoarthritis,FlexiCare Joint,FLEXICARE JOINT LARGE,Retail,Region,South,2602,114474.43,0.91
nielsen_scanner,2024-09,2024-Q3,Pain/Osteoarthritis,FlexiCare Joint,FLEXICARE JOINT SMALL,Retail,Region,South,3513,154582.2,0.91
nielsen_scanner,2024-09,2024-Q3,Vaccines,ImmunoCore Canine,IMMUNOCORE CANINE LARGE,Retail,Region,South,5977,125526.86,0.91
nielsen_scanner,2024-09,2024-Q3,Vaccines,ImmunoCore Canine,IMMUNOCORE CANINE SMALL,Retail,Region,South,8092,169934.62,0.91
nielsen_scanner,2024-09,2024-Q3,Pain/Osteoarthritis,Librela,LIBRELA LARGE,Retail,Region,South,2090,100341.66,0.91
nielsen_scanner,2024-09,2024-Q3,Pain/Osteoarthritis,Librela,LIBRELA SMALL,Retail,Region,South,2835,136061.23,0.91
nielsen_scanner,2024-09,2024-Q3,Pain/Osteoarthritis,OsteoEase Vet,OSTEOEASE VET LARGE,Retail,Region,South,2533,103850.44,0.91
nielsen_scanner,2024-09,2024-Q3,Pain/Osteoarthritis,OsteoEase Vet,OSTEOEASE VET SMALL,Retail,Region,South,3500,143507.81,0.91
nielsen_scanner,2024-09,2024-Q3,Pain/Osteoarthritis,PainAway Canine,PAINAWAY CANINE LARGE,Retail,Region,South,2283,84454.53,0.91
nielsen_scanner,2024-09,2024-Q3,Pain/Osteoarthritis,PainAway Canine,PAINAWAY CANINE SMALL,Retail,Region,South,3102,114768.49,0.91
nielsen_scanner,2024-09,2024-Q3,Petcare Diagnostics,PetLab Analyzer,PETLAB ANALYZER LARGE,Retail,Region,South,3032,45484.22,0.91
nielsen_scanner,2024-09,2024-Q3,Petcare Diagnostics,PetLab Analyzer,PETLAB ANALYZER SMALL,Retail,Region,South,4395,65927.57,0.91
nielsen_scanner,2024-09,2024-Q3,Petcare Diagnostics,RapidVet Dx,RAPIDVET DX LARGE,Retail,Region,South,4972,79551.64,0.91
nielsen_scanner,2024-09,2024-Q3,Petcare Diagnostics,RapidVet Dx,RAPIDVET DX SMALL,Retail,Region,South,6548,104769.81,0.91
nielsen_scanner,2024-09,2024-Q3,Parasiticides,Simparica Trio,SIMPARICA TRIO LARGE,Retail,Region,South,54896,1537090.56,0.91
nielsen_scanner,2024-09,2024-Q3,Parasiticides,Simparica Trio,SIMPARICA TRIO SMALL,Retail,Region,South,74715,2092020.22,0.91
nielsen_scanner,2024-09,2024-Q3,Dermatology,SkinRelief Pro,SKINRELIEF PRO LARGE,Retail,Region,South,4768,233640.25,0.91
nielsen_scanner,2024-09,2024-Q3,Dermatology,SkinRelief Pro,SKINRELIEF PRO SMALL,Retail,Region,South,6841,335232.71,0.91
nielsen_scanner,2024-09,2024-Q3,Parasiticides,TickShield Plus,TICKSHIELD PLUS LARGE,Retail,Region,South,37789,906942.21,0.91
nielsen_scanner,2024-09,2024-Q3,Parasiticides,TickShield Plus,TICKSHIELD PLUS SMALL,Retail,Region,South,50568,1213628.2,0.91
nielsen_scanner,2024-09,2024-Q3,Vaccines,Vanguard,VANGUARD LARGE,Retail,Region,South,4920,108241.67,0.91
nielsen_scanner,2024-09,2024-Q3,Vaccines,Vanguard,VANGUARD SMALL,Retail,Region,South,6529,143646.11,0.91
nielsen_scanner,2024-09,2024-Q3,Parasiticides,VectraGuard,VECTRAGUARD LARGE,Retail,Region,South,46022,1196573.23,0.91
nielsen_scanner,2024-09,2024-Q3,Parasiticides,VectraGuard,VECTRAGUARD SMALL,Retail,Region,South,59483,1546565.58,0.91
nielsen_scanner,2024-09,2024-Q3,Vaccines,VetGuard Immunize,VETGUARD IMMUNIZE LARGE,Retail,Region,South,4801,91223.02,0.91
nielsen_scanner,2024-09,2024-Q3,Vaccines,VetGuard Immunize,VETGUARD IMMUNIZE SMALL,Retail,Region,South,7267,138067.25,0.91
nielsen_scanner,2024-09,2024-Q3,Vaccines,VetSelect Core Vax,VETSELECT CORE VAX LARGE,Retail,Region,South,15660,219246.69,0.91
nielsen_scanner,2024-09,2024-Q3,Vaccines,VetSelect Core Vax,VETSELECT CORE VAX SMALL,Retail,Region,South,21777,304883.52,0.91
nielsen_scanner,2024-09,2024-Q3,Dermatology,VetSelect Derma,VETSELECT DERMA LARGE,Retail,Region,South,11530,438122.74,0.91
nielsen_scanner,2024-09,2024-Q3,Dermatology,VetSelect Derma,VETSELECT DERMA SMALL,Retail,Region,South,16556,629146.53,0.91
nielsen_scanner,2024-09,2024-Q3,Petcare Diagnostics,VetSelect Dx,VETSELECT DX LARGE,Retail,Region,South,12123,145472.82,0.91
nielsen_scanner,2024-09,2024-Q3,Petcare Diagnostics,VetSelect Dx,VETSELECT DX SMALL,Retail,Region,South,15756,189077.72,0.91
nielsen_scanner,2024-09,2024-Q3,Parasiticides,VetSelect Flea & Tick,VETSELECT FLEA & TICK LARGE,Retail,Region,South,73189,1244217.22,0.91
nielsen_scanner,2024-09,2024-Q3,Parasiticides,VetSelect Flea & Tick,VETSELECT FLEA & TICK SMALL,Retail,Region,South,107083,1820412.75,0.91
nielsen_scanner,2024-09,2024-Q3,Pain/Osteoarthritis,VetSelect Joint,VETSELECT JOINT LARGE,Retail,Region,South,6829,198033.93,0.91
nielsen_scanner,2024-09,2024-Q3,Pain/Osteoarthritis,VetSelect Joint,VETSELECT JOINT SMALL,Retail,Region,South,9976,289313.62,0.91
nielsen_scanner,2024-09,2024-Q3,Petcare Diagnostics,Vetscan,VETSCAN LARGE,Retail,Region,South,3305,59486.21,0.91
nielsen_scanner,2024-09,2024-Q3,Petcare Diagnostics,Vetscan,VETSCAN SMALL,Retail,Region,South,4587,82573.95,0.91
nielsen_scanner,2024-09,2024-Q3,Dermatology,AllerVet RX,ALLERVET RX LARGE,Retail,Region,West,3703,199955.89,0.91
nielsen_scanner,2024-09,2024-Q3,Dermatology,AllerVet RX,ALLERVET RX SMALL,Retail,Region,West,5510,297559.78,0.91
nielsen_scanner,2024-09,2024-Q3,Dermatology,Apoquel,APOQUEL LARGE,Retail,Region,West,4807,312469.23,0.91
nielsen_scanner,2024-09,2024-Q3,Dermatology,Apoquel,APOQUEL SMALL,Retail,Region,West,6297,409278.62,0.91
nielsen_scanner,2024-09,2024-Q3,Vaccines,BioShield Vax,BIOSHIELD VAX LARGE,Retail,Region,West,3464,69280.32,0.91
nielsen_scanner,2024-09,2024-Q3,Vaccines,BioShield Vax,BIOSHIELD VAX SMALL,Retail,Region,West,4815,96305.7,0.91
nielsen_scanner,2024-09,2024-Q3,Dermatology,DermaCalm,DERMACALM LARGE,Retail,Region,West,3963,229876.74,0.91
nielsen_scanner,2024-09,2024-Q3,Dermatology,DermaCalm,DERMACALM SMALL,Retail,Region,West,5513,319746.7,0.91
nielsen_scanner,2024-09,2024-Q3,Petcare Diagnostics,DiagnosTech Vet,DIAGNOSTECH VET LARGE,Retail,Region,West,3411,57992.96,0.91
nielsen_scanner,2024-09,2024-Q3,Petcare Diagnostics,DiagnosTech Vet,DIAGNOSTECH VET SMALL,Retail,Region,West,4938,83937.63,0.91
nielsen_scanner,2024-09,2024-Q3,Parasiticides,FleaStop Pro,FLEASTOP PRO LARGE,Retail,Region,West,21810,458014.32,0.91
nielsen_scanner,2024-09,2024-Q3,Parasiticides,FleaStop Pro,FLEASTOP PRO SMALL,Retail,Region,West,30562,641809.71,0.91
nielsen_scanner,2024-09,2024-Q3,Pain/Osteoarthritis,FlexiCare Joint,FLEXICARE JOINT LARGE,Retail,Region,West,1757,77329.29,0.91
nielsen_scanner,2024-09,2024-Q3,Pain/Osteoarthritis,FlexiCare Joint,FLEXICARE JOINT SMALL,Retail,Region,West,2502,110082.57,0.91
nielsen_scanner,2024-09,2024-Q3,Vaccines,ImmunoCore Canine,IMMUNOCORE CANINE LARGE,Retail,Region,West,4267,89602.07,0.91
nielsen_scanner,2024-09,2024-Q3,Vaccines,ImmunoCore Canine,IMMUNOCORE CANINE SMALL,Retail,Region,West,5830,122430.88,0.91
nielsen_scanner,2024-09,2024-Q3,Pain/Osteoarthritis,Librela,LIBRELA LARGE,Retail,Region,West,1360,65282.16,0.91
nielsen_scanner,2024-09,2024-Q3,Pain/Osteoarthritis,Librela,LIBRELA SMALL,Retail,Region,West,1887,90569.13,0.91
nielsen_scanner,2024-09,2024-Q3,Pain/Osteoarthritis,OsteoEase Vet,OSTEOEASE VET LARGE,Retail,Region,West,1789,73345.33,0.91
nielsen_scanner,2024-09,2024-Q3,Pain/Osteoarthritis,OsteoEase Vet,OSTEOEASE VET SMALL,Retail,Region,West,2514,103060.06,0.91
nielsen_scanner,2024-09,2024-Q3,Pain/Osteoarthritis,PainAway Canine,PAINAWAY CANINE LARGE,Retail,Region,West,1427,52794.95,0.91
nielsen_scanner,2024-09,2024-Q3,Pain/Osteoarthritis,PainAway Canine,PAINAWAY CANINE SMALL,Retail,Region,West,2046,75693.86,0.91
nielsen_scanner,2024-09,2024-Q3,Petcare Diagnostics,PetLab Analyzer,PETLAB ANALYZER LARGE,Retail,Region,West,2010,30155.41,0.91
nielsen_scanner,2024-09,2024-Q3,Petcare Diagnostics,PetLab Analyzer,PETLAB ANALYZER SMALL,Retail,Region,West,2766,41495.25,0.91
nielsen_scanner,2024-09,2024-Q3,Petcare Diagnostics,RapidVet Dx,RAPIDVET DX LARGE,Retail,Region,West,3068,49089.44,0.91
nielsen_scanner,2024-09,2024-Q3,Petcare Diagnostics,RapidVet Dx,RAPIDVET DX SMALL,Retail,Region,West,4177,66833.15,0.91
nielsen_scanner,2024-09,2024-Q3,Parasiticides,Simparica Trio,SIMPARICA TRIO LARGE,Retail,Region,West,34695,971451.53,0.91
nielsen_scanner,2024-09,2024-Q3,Parasiticides,Simparica Trio,SIMPARICA TRIO SMALL,Retail,Region,West,44699,1251573.39,0.91
nielsen_scanner,2024-09,2024-Q3,Dermatology,SkinRelief Pro,SKINRELIEF PRO LARGE,Retail,Region,West,2789,136654.69,0.91
nielsen_scanner,2024-09,2024-Q3,Dermatology,SkinRelief Pro,SKINRELIEF PRO SMALL,Retail,Region,West,4038,197843.75,0.91
nielsen_scanner,2024-09,2024-Q3,Parasiticides,TickShield Plus,TICKSHIELD PLUS LARGE,Retail,Region,West,23994,575844.01,0.91
nielsen_scanner,2024-09,2024-Q3,Parasiticides,TickShield Plus,TICKSHIELD PLUS SMALL,Retail,Region,West,33190,796570.78,0.91
nielsen_scanner,2024-09,2024-Q3,Vaccines,Vanguard,VANGUARD LARGE,Retail,Region,West,3008,66178.81,0.91
nielsen_scanner,2024-09,2024-Q3,Vaccines,Vanguard,VANGUARD SMALL,Retail,Region,West,4079,89733.33,0.91
nielsen_scanner,2024-09,2024-Q3,Parasiticides,VectraGuard,VECTRAGUARD LARGE,Retail,Region,West,29593,769405.9,0.91
nielsen_scanner,2024-09,2024-Q3,Parasiticides,VectraGuard,VECTRAGUARD SMALL,Retail,Region,West,42749,1111480.61,0.91
nielsen_scanner,2024-09,2024-Q3,Vaccines,VetGuard Immunize,VETGUARD IMMUNIZE LARGE,Retail,Region,West,3215,61093.93,0.91
nielsen_scanner,2024-09,2024-Q3,Vaccines,VetGuard Immunize,VETGUARD IMMUNIZE SMALL,Retail,Region,West,4716,89608.79,0.91
nielsen_scanner,2024-09,2024-Q3,Vaccines,VetSelect Core Vax,VETSELECT CORE VAX LARGE,Retail,Region,West,10575,148056.15,0.91
nielsen_scanner,2024-09,2024-Q3,Vaccines,VetSelect Core Vax,VETSELECT CORE VAX SMALL,Retail,Region,West,15096,211343.71,0.91
nielsen_scanner,2024-09,2024-Q3,Dermatology,VetSelect Derma,VETSELECT DERMA LARGE,Retail,Region,West,7863,298775.13,0.91
nielsen_scanner,2024-09,2024-Q3,Dermatology,VetSelect Derma,VETSELECT DERMA SMALL,Retail,Region,West,10842,411997.19,0.91
nielsen_scanner,2024-09,2024-Q3,Petcare Diagnostics,VetSelect Dx,VETSELECT DX LARGE,Retail,Region,West,7425,89096.97,0.91
nielsen_scanner,2024-09,2024-Q3,Petcare Diagnostics,VetSelect Dx,VETSELECT DX SMALL,Retail,Region,West,10393,124718.34,0.91
nielsen_scanner,2024-09,2024-Q3,Parasiticides,VetSelect Flea & Tick,VETSELECT FLEA & TICK LARGE,Retail,Region,West,46493,790374.09,0.91
nielsen_scanner,2024-09,2024-Q3,Parasiticides,VetSelect Flea & Tick,VETSELECT FLEA & TICK SMALL,Retail,Region,West,65254,1109311.46,0.91
nielsen_scanner,2024-09,2024-Q3,Pain/Osteoarthritis,VetSelect Joint,VETSELECT JOINT LARGE,Retail,Region,West,4848,140592.86,0.91
nielsen_scanner,2024-09,2024-Q3,Pain/Osteoarthritis,VetSelect Joint,VETSELECT JOINT SMALL,Retail,Region,West,6533,189457.93,0.91
nielsen_scanner,2024-09,2024-Q3,Petcare Diagnostics,Vetscan,VETSCAN LARGE,Retail,Region,West,2267,40801.18,0.91
nielsen_scanner,2024-09,2024-Q3,Petcare Diagnostics,Vetscan,VETSCAN SMALL,Retail,Region,West,2826,50861.83,0.91
nielsen_scanner,2024-10,2024-Q4,Dermatology,AllerVet RX,ALLERVET RX LARGE,Retail,National,National,14125,762745.96,0.91
nielsen_scanner,2024-10,2024-Q4,Dermatology,AllerVet RX,ALLERVET RX SMALL,Retail,National,National,19956,1077605.51,0.91
nielsen_scanner,2024-10,2024-Q4,Dermatology,Apoquel,APOQUEL LARGE,Retail,National,National,20299,1319421.78,0.91
nielsen_scanner,2024-10,2024-Q4,Dermatology,Apoquel,APOQUEL SMALL,Retail,National,National,28603,1859256.59,0.91
nielsen_scanner,2024-10,2024-Q4,Vaccines,BioShield Vax,BIOSHIELD VAX LARGE,Retail,National,National,14498,289965.39,0.91
nielsen_scanner,2024-10,2024-Q4,Vaccines,BioShield Vax,BIOSHIELD VAX SMALL,Retail,National,National,19459,389167.39,0.91
nielsen_scanner,2024-10,2024-Q4,Dermatology,DermaCalm,DERMACALM LARGE,Retail,National,National,16264,943351.52,0.91
nielsen_scanner,2024-10,2024-Q4,Dermatology,DermaCalm,DERMACALM SMALL,Retail,National,National,22539,1307274.2,0.91
nielsen_scanner,2024-10,2024-Q4,Petcare Diagnostics,DiagnosTech Vet,DIAGNOSTECH VET LARGE,Retail,National,National,14978,254621.17,0.91
nielsen_scanner,2024-10,2024-Q4,Petcare Diagnostics,DiagnosTech Vet,DIAGNOSTECH VET SMALL,Retail,National,National,19503,331548.04,0.91
nielsen_scanner,2024-10,2024-Q4,Parasiticides,FleaStop Pro,FLEASTOP PRO LARGE,Retail,National,National,78298,1644257.8,0.91
nielsen_scanner,2024-10,2024-Q4,Parasiticides,FleaStop Pro,FLEASTOP PRO SMALL,Retail,National,National,107170,2250547.57,0.91
nielsen_scanner,2024-10,2024-Q4,Pain/Osteoarthritis,FlexiCare Joint,FLEXICARE JOINT LARGE,Retail,National,National,8414,370209.74,0.91
nielsen_scanner,2024-10,2024-Q4,Pain/Osteoarthritis,FlexiCare Joint,FLEXICARE JOINT SMALL,Retail,National,National,11838,520888.37,0.91
nielsen_scanner,2024-10,2024-Q4,Vaccines,ImmunoCore Canine,IMMUNOCORE CANINE LARGE,Retail,National,National,17382,365008.33,0.91
nielsen_scanner,2024-10,2024-Q4,Vaccines,ImmunoCore Canine,IMMUNOCORE CANINE SMALL,Retail,National,National,23633,496305.82,0.91
nielsen_scanner,2024-10,2024-Q4,Pain/Osteoarthritis,Librela,LIBRELA LARGE,Retail,National,National,6248,299930.53,0.91
nielsen_scanner,2024-10,2024-Q4,Pain/Osteoarthritis,Librela,LIBRELA SMALL,Retail,National,National,8782,421496.67,0.91
nielsen_scanner,2024-10,2024-Q4,Pain/Osteoarthritis,OsteoEase Vet,OSTEOEASE VET LARGE,Retail,National,National,7765,318342.08,0.91
nielsen_scanner,2024-10,2024-Q4,Pain/Osteoarthritis,OsteoEase Vet,OSTEOEASE VET SMALL,Retail,National,National,10751,440812.33,0.91
nielsen_scanner,2024-10,2024-Q4,Pain/Osteoarthritis,PainAway Canine,PAINAWAY CANINE LARGE,Retail,National,National,7122,263520.11,0.91
nielsen_scanner,2024-10,2024-Q4,Pain/Osteoarthritis,PainAway Canine,PAINAWAY CANINE SMALL,Retail,National,National,9322,344935.82,0.91
nielsen_scanner,2024-10,2024-Q4,Petcare Diagnostics,PetLab Analyzer,PETLAB ANALYZER LARGE,Retail,National,National,9004,135071.8,0.91
nielsen_scanner,2024-10,2024-Q4,Petcare Diagnostics,PetLab Analyzer,PETLAB ANALYZER SMALL,Retail,National,National,12495,187423.45,0.91
nielsen_scanner,2024-10,2024-Q4,Petcare Diagnostics,RapidVet Dx,RAPIDVET DX LARGE,Retail,National,National,13956,223283.69,0.91
nielsen_scanner,2024-10,2024-Q4,Petcare Diagnostics,RapidVet Dx,RAPIDVET DX SMALL,Retail,National,National,18971,303546.19,0.91
nielsen_scanner,2024-10,2024-Q4,Parasiticides,Simparica Trio,SIMPARICA TRIO LARGE,Retail,National,National,127659,3574454.88,0.91
nielsen_scanner,2024-10,2024-Q4,Parasiticides,Simparica Trio,SIMPARICA TRIO SMALL,Retail,National,National,176844,4951633.94,0.91
nielsen_scanner,2024-10,2024-Q4,Dermatology,SkinRelief Pro,SKINRELIEF PRO LARGE,Retail,National,National,12823,628289.05,0.91
nielsen_scanner,2024-10,2024-Q4,Dermatology,SkinRelief Pro,SKINRELIEF PRO SMALL,Retail,National,National,17573,861072.96,0.91
nielsen_scanner,2024-10,2024-Q4,Parasiticides,TickShield Plus,TICKSHIELD PLUS LARGE,Retail,National,National,87864,2108758.9,0.91
nielsen_scanner,2024-10,2024-Q4,Parasiticides,TickShield Plus,TICKSHIELD PLUS SMALL,Retail,National,National,121310,2911444.76,0.91
nielsen_scanner,2024-10,2024-Q4,Vaccines,Vanguard,VANGUARD LARGE,Retail,National,National,12724,279937.32,0.91
nielsen_scanner,2024-10,2024-Q4,Vaccines,Vanguard,VANGUARD SMALL,Retail,National,National,17841,392511.78,0.91
nielsen_scanner,2024-10,2024-Q4,Parasiticides,VectraGuard,VECTRAGUARD LARGE,Retail,National,National,108328,2816535.03,0.91
nielsen_scanner,2024-10,2024-Q4,Parasiticides,VectraGuard,VECTRAGUARD SMALL,Retail,National,National,148633,3864443.94,0.91
nielsen_scanner,2024-10,2024-Q4,Vaccines,VetGuard Immunize,VETGUARD IMMUNIZE LARGE,Retail,National,National,13970,265445.79,0.91
nielsen_scanner,2024-10,2024-Q4,Vaccines,VetGuard Immunize,VETGUARD IMMUNIZE SMALL,Retail,National,National,19430,369166.12,0.91
nielsen_scanner,2024-10,2024-Q4,Vaccines,VetSelect Core Vax,VETSELECT CORE VAX LARGE,Retail,National,National,46152,646142.25,0.91
nielsen_scanner,2024-10,2024-Q4,Vaccines,VetSelect Core Vax,VETSELECT CORE VAX SMALL,Retail,National,National,62788,879027.03,0.91
nielsen_scanner,2024-10,2024-Q4,Dermatology,VetSelect Derma,VETSELECT DERMA LARGE,Retail,National,National,29027,1103052.05,0.91
nielsen_scanner,2024-10,2024-Q4,Dermatology,VetSelect Derma,VETSELECT DERMA SMALL,Retail,National,National,41477,1576146.16,0.91
nielsen_scanner,2024-10,2024-Q4,Petcare Diagnostics,VetSelect Dx,VETSELECT DX LARGE,Retail,National,National,31265,375173.66,0.91
nielsen_scanner,2024-10,2024-Q4,Petcare Diagnostics,VetSelect Dx,VETSELECT DX SMALL,Retail,National,National,44517,534212.2,0.91
nielsen_scanner,2024-10,2024-Q4,Parasiticides,VetSelect Flea & Tick,VETSELECT FLEA & TICK LARGE,Retail,National,National,172587,2933984.29,0.91
nielsen_scanner,2024-10,2024-Q4,Parasiticides,VetSelect Flea & Tick,VETSELECT FLEA & TICK SMALL,Retail,National,National,246585,4191938.7,0.91
nielsen_scanner,2024-10,2024-Q4,Pain/Osteoarthritis,VetSelect Joint,VETSELECT JOINT LARGE,Retail,National,National,20140,584039.72,0.91
nielsen_scanner,2024-10,2024-Q4,Pain/Osteoarthritis,VetSelect Joint,VETSELECT JOINT SMALL,Retail,National,National,28718,832804.49,0.91
nielsen_scanner,2024-10,2024-Q4,Petcare Diagnostics,Vetscan,VETSCAN LARGE,Retail,National,National,9323,167817.16,0.91
nielsen_scanner,2024-10,2024-Q4,Petcare Diagnostics,Vetscan,VETSCAN SMALL,Retail,National,National,12845,231215.35,0.91
nielsen_scanner,2024-10,2024-Q4,Dermatology,AllerVet RX,ALLERVET RX LARGE,Retail,Region,Midwest,3045,164441.62,0.91
nielsen_scanner,2024-10,2024-Q4,Dermatology,AllerVet RX,ALLERVET RX SMALL,Retail,Region,Midwest,4183,225904.8,0.91
nielsen_scanner,2024-10,2024-Q4,Dermatology,Apoquel,APOQUEL LARGE,Retail,Region,Midwest,4421,287377.23,0.91
nielsen_scanner,2024-10,2024-Q4,Dermatology,Apoquel,APOQUEL SMALL,Retail,Region,Midwest,5950,386755.81,0.91
nielsen_scanner,2024-10,2024-Q4,Vaccines,BioShield Vax,BIOSHIELD VAX LARGE,Retail,Region,Midwest,3019,60375.64,0.91
nielsen_scanner,2024-10,2024-Q4,Vaccines,BioShield Vax,BIOSHIELD VAX SMALL,Retail,Region,Midwest,4168,83356.99,0.91
nielsen_scanner,2024-10,2024-Q4,Dermatology,DermaCalm,DERMACALM LARGE,Retail,Region,Midwest,3373,195659.83,0.91
nielsen_scanner,2024-10,2024-Q4,Dermatology,DermaCalm,DERMACALM SMALL,Retail,Region,Midwest,4811,279062.32,0.91
nielsen_scanner,2024-10,2024-Q4,Petcare Diagnostics,DiagnosTech Vet,DIAGNOSTECH VET LARGE,Retail,Region,Midwest,3044,51751.38,0.91
nielsen_scanner,2024-10,2024-Q4,Petcare Diagnostics,DiagnosTech Vet,DIAGNOSTECH VET SMALL,Retail,Region,Midwest,3832,65146.96,0.91
nielsen_scanner,2024-10,2024-Q4,Parasiticides,FleaStop Pro,FLEASTOP PRO LARGE,Retail,Region,Midwest,16289,342067.55,0.91
nielsen_scanner,2024-10,2024-Q4,Parasiticides,FleaStop Pro,FLEASTOP PRO SMALL,Retail,Region,Midwest,21712,455946.35,0.91
nielsen_scanner,2024-10,2024-Q4,Pain/Osteoarthritis,FlexiCare Joint,FLEXICARE JOINT LARGE,Retail,Region,Midwest,1774,78039.08,0.91
nielsen_scanner,2024-10,2024-Q4,Pain/Osteoarthritis,FlexiCare Joint,FLEXICARE JOINT SMALL,Retail,Region,Midwest,2493,109703.92,0.91
nielsen_scanner,2024-10,2024-Q4,Vaccines,ImmunoCore Canine,IMMUNOCORE CANINE LARGE,Retail,Region,Midwest,3906,82016.18,0.91
nielsen_scanner,2024-10,2024-Q4,Vaccines,ImmunoCore Canine,IMMUNOCORE CANINE SMALL,Retail,Region,Midwest,5064,106336.8,0.91
nielsen_scanner,2024-10,2024-Q4,Pain/Osteoarthritis,Librela,LIBRELA LARGE,Retail,Region,Midwest,1306,62691.59,0.91
nielsen_scanner,2024-10,2024-Q4,Pain/Osteoarthritis,Librela,LIBRELA SMALL,Retail,Region,Midwest,1727,82875.46,0.91
nielsen_scanner,2024-10,2024-Q4,Pain/Osteoarthritis,OsteoEase Vet,OSTEOEASE VET LARGE,Retail,Region,Midwest,1603,65730.75,0.91
nielsen_scanner,2024-10,2024-Q4,Pain/Osteoarthritis,OsteoEase Vet,OSTEOEASE VET SMALL,Retail,Region,Midwest,2195,90008.86,0.91
nielsen_scanner,2024-10,2024-Q4,Pain/Osteoarthritis,PainAway Canine,PAINAWAY CANINE LARGE,Retail,Region,Midwest,1441,53323.03,0.91
nielsen_scanner,2024-10,2024-Q4,Pain/Osteoarthritis,PainAway Canine,PAINAWAY CANINE SMALL,Retail,Region,Midwest,2004,74140.91,0.91
nielsen_scanner,2024-10,2024-Q4,Petcare Diagnostics,PetLab Analyzer,PETLAB ANALYZER LARGE,Retail,Region,Midwest,2027,30411.78,0.91
nielsen_scanner,2024-10,2024-Q4,Petcare Diagnostics,PetLab Analyzer,PETLAB ANALYZER SMALL,Retail,Region,Midwest,2770,41545.55,0.91
nielsen_scanner,2024-10,2024-Q4,Petcare Diagnostics,RapidVet Dx,RAPIDVET DX LARGE,Retail,Region,Midwest,2820,45119.88,0.91
nielsen_scanner,2024-10,2024-Q4,Petcare Diagnostics,RapidVet Dx,RAPIDVET DX SMALL,Retail,Region,Midwest,4104,65668.82,0.91
nielsen_scanner,2024-10,2024-Q4,Parasiticides,Simparica Trio,SIMPARICA TRIO LARGE,Retail,Region,Midwest,27267,763486.45,0.91
nielsen_scanner,2024-10,2024-Q4,Parasiticides,Simparica Trio,SIMPARICA TRIO SMALL,Retail,Region,Midwest,36347,1017726.54,0.91
nielsen_scanner,2024-10,2024-Q4,Dermatology,SkinRelief Pro,SKINRELIEF PRO LARGE,Retail,Region,Midwest,2805,137421.18,0.91
nielsen_scanner,2024-10,2024-Q4,Dermatology,SkinRelief Pro,SKINRELIEF PRO SMALL,Retail,Region,Midwest,3706,181598.17,0.91
nielsen_scanner,2024-10,2024-Q4,Parasiticides,TickShield Plus,TICKSHIELD PLUS LARGE,Retail,Region,Midwest,18144,435466.21,0.91
nielsen_scanner,2024-10,2024-Q4,Parasiticides,TickShield Plus,TICKSHIELD PLUS SMALL,Retail,Region,Midwest,26529,636692.05,0.91
nielsen_scanner,2024-10,2024-Q4,Vaccines,Vanguard,VANGUARD LARGE,Retail,Region,Midwest,2742,60315.85,0.91
nielsen_scanner,2024-10,2024-Q4,Vaccines,Vanguard,VANGUARD SMALL,Retail,Region,Midwest,3897,85734.99,0.91
nielsen_scanner,2024-10,2024-Q4,Parasiticides,VectraGuard,VECTRAGUARD LARGE,Retail,Region,Midwest,24005,624121.54,0.91
nielsen_scanner,2024-10,2024-Q4,Parasiticides,VectraGuard,VECTRAGUARD SMALL,Retail,Region,Midwest,33166,862307.97,0.91
nielsen_scanner,2024-10,2024-Q4,Vaccines,VetGuard Immunize,VETGUARD IMMUNIZE LARGE,Retail,Region,Midwest,2963,56306.05,0.91
nielsen_scanner,2024-10,2024-Q4,Vaccines,VetGuard Immunize,VETGUARD IMMUNIZE SMALL,Retail,Region,Midwest,3994,75879.7,0.91
nielsen_scanner,2024-10,2024-Q4,Vaccines,VetSelect Core Vax,VETSELECT CORE VAX LARGE,Retail,Region,Midwest,9563,133888.62,0.91
nielsen_scanner,2024-10,2024-Q4,Vaccines,VetSelect Core Vax,VETSELECT CORE VAX SMALL,Retail,Region,Midwest,13140,183958.15,0.91
nielsen_scanner,2024-10,2024-Q4,Dermatology,VetSelect Derma,VETSELECT DERMA LARGE,Retail,Region,Midwest,6439,244675.72,0.91
nielsen_scanner,2024-10,2024-Q4,Dermatology,VetSelect Derma,VETSELECT DERMA SMALL,Retail,Region,Midwest,8446,320950.26,0.91
nielsen_scanner,2024-10,2024-Q4,Petcare Diagnostics,VetSelect Dx,VETSELECT DX LARGE,Retail,Region,Midwest,6581,78966.33,0.91
nielsen_scanner,2024-10,2024-Q4,Petcare Diagnostics,VetSelect Dx,VETSELECT DX SMALL,Retail,Region,Midwest,9697,116361.77,0.91
nielsen_scanner,2024-10,2024-Q4,Parasiticides,VetSelect Flea & Tick,VETSELECT FLEA & TICK LARGE,Retail,Region,Midwest,36999,628983.59,0.91
nielsen_scanner,2024-10,2024-Q4,Parasiticides,VetSelect Flea & Tick,VETSELECT FLEA & TICK SMALL,Retail,Region,Midwest,53572,910724.17,0.91
nielsen_scanner,2024-10,2024-Q4,Pain/Osteoarthritis,VetSelect Joint,VETSELECT JOINT LARGE,Retail,Region,Midwest,3857,111845.83,0.91
nielsen_scanner,2024-10,2024-Q4,Pain/Osteoarthritis,VetSelect Joint,VETSELECT JOINT SMALL,Retail,Region,Midwest,5787,167813.17,0.91
nielsen_scanner,2024-10,2024-Q4,Petcare Diagnostics,Vetscan,VETSCAN LARGE,Retail,Region,Midwest,1905,34296.4,0.91
nielsen_scanner,2024-10,2024-Q4,Petcare Diagnostics,Vetscan,VETSCAN SMALL,Retail,Region,Midwest,2754,49570.51,0.91
nielsen_scanner,2024-10,2024-Q4,Dermatology,AllerVet RX,ALLERVET RX LARGE,Retail,Region,Northeast,3279,177052.63,0.91
nielsen_scanner,2024-10,2024-Q4,Dermatology,AllerVet RX,ALLERVET RX SMALL,Retail,Region,Northeast,4425,238929.62,0.91
nielsen_scanner,2024-10,2024-Q4,Dermatology,Apoquel,APOQUEL LARGE,Retail,Region,Northeast,4231,274984.84,0.91
nielsen_scanner,2024-10,2024-Q4,Dermatology,Apoquel,APOQUEL SMALL,Retail,Region,Northeast,6177,401524.89,0.91
nielsen_scanner,2024-10,2024-Q4,Vaccines,BioShield Vax,BIOSHIELD VAX LARGE,Retail,Region,Northeast,3047,60936.05,0.91
nielsen_scanner,2024-10,2024-Q4,Vaccines,BioShield Vax,BIOSHIELD VAX SMALL,Retail,Region,Northeast,3976,79515.16,0.91
nielsen_scanner,2024-10,2024-Q4,Dermatology,DermaCalm,DERMACALM LARGE,Retail,Region,Northeast,3659,212248.24,0.91
nielsen_scanner,2024-10,2024-Q4,Dermatology,DermaCalm,DERMACALM SMALL,Retail,Region,Northeast,4987,289230.09,0.91
nielsen_scanner,2024-10,2024-Q4,Petcare Diagnostics,DiagnosTech Vet,DIAGNOSTECH VET LARGE,Retail,Region,Northeast,3429,58286.98,0.91
nielsen_scanner,2024-10,2024-Q4,Petcare Diagnostics,DiagnosTech Vet,DIAGNOSTECH VET SMALL,Retail,Region,Northeast,4361,74131.71,0.91
nielsen_scanner,2024-10,2024-Q4,Parasiticides,FleaStop Pro,FLEASTOP PRO LARGE,Retail,Region,Northeast,17396,365316.49,0.91
nielsen_scanner,2024-10,2024-Q4,Parasiticides,FleaStop Pro,FLEASTOP PRO SMALL,Retail,Region,Northeast,23450,492447.54,0.91
nielsen_scanner,2024-10,2024-Q4,Pain/Osteoarthritis,FlexiCare Joint,FLEXICARE JOINT LARGE,Retail,Region,Northeast,1799,79164.21,0.91
nielsen_scanner,2024-10,2024-Q4,Pain/Osteoarthritis,FlexiCare Joint,FLEXICARE JOINT SMALL,Retail,Region,Northeast,2543,111877.94,0.91
nielsen_scanner,2024-10,2024-Q4,Vaccines,ImmunoCore Canine,IMMUNOCORE CANINE LARGE,Retail,Region,Northeast,3574,75044.14,0.91
nielsen_scanner,2024-10,2024-Q4,Vaccines,ImmunoCore Canine,IMMUNOCORE CANINE SMALL,Retail,Region,Northeast,5320,111724.87,0.91
nielsen_scanner,2024-10,2024-Q4,Pain/Osteoarthritis,Librela,LIBRELA LARGE,Retail,Region,Northeast,1284,61627.73,0.91
nielsen_scanner,2024-10,2024-Q4,Pain/Osteoarthritis,Librela,LIBRELA SMALL,Retail,Region,Northeast,1929,92571.03,0.91
nielsen_scanner,2024-10,2024-Q4,Pain/Osteoarthritis,OsteoEase Vet,OSTEOEASE VET LARGE,Retail,Region,Northeast,1826,74871.89,0.91
nielsen_scanner,2024-10,2024-Q4,Pain/Osteoarthritis,OsteoEase Vet,OSTEOEASE VET SMALL,Retail,Region,Northeast,2547,104421.5,0.91
nielsen_scanner,2024-10,2024-Q4,Pain/Osteoarthritis,PainAway Canine,PAINAWAY CANINE LARGE,Retail,Region,Northeast,1513,55972.54,0.91
nielsen_scanner,2024-10,2024-Q4,Pain/Osteoarthritis,PainAway Canine,PAINAWAY CANINE SMALL,Retail,Region,Northeast,1989,73595.39,0.91
nielsen_scanner,2024-10,2024-Q4,Petcare Diagnostics,PetLab Analyzer,PETLAB ANALYZER LARGE,Retail,Region,Northeast,2052,30780.62,0.91
nielsen_scanner,2024-10,2024-Q4,Petcare Diagnostics,PetLab Analyzer,PETLAB ANALYZER SMALL,Retail,Region,Northeast,2783,41747.61,0.91
nielsen_scanner,2024-10,2024-Q4,Petcare Diagnostics,RapidVet Dx,RAPIDVET DX LARGE,Retail,Region,Northeast,3078,49241.18,0.91
nielsen_scanner,2024-10,2024-Q4,Petcare Diagnostics,RapidVet Dx,RAPIDVET DX SMALL,Retail,Region,Northeast,4106,65703.25,0.91
nielsen_scanner,2024-10,2024-Q4,Parasiticides,Simparica Trio,SIMPARICA TRIO LARGE,Retail,Region,Northeast,26276,735715.28,0.91
nielsen_scanner,2024-10,2024-Q4,Parasiticides,Simparica Trio,SIMPARICA TRIO SMALL,Retail,Region,Northeast,38093,1066603.83,0.91
nielsen_scanner,2024-10,2024-Q4,Dermatology,SkinRelief Pro,SKINRELIEF PRO LARGE,Retail,Region,Northeast,2869,140596.03,0.91
nielsen_scanner,2024-10,2024-Q4,Dermatology,SkinRelief Pro,SKINRELIEF PRO SMALL,Retail,Region,Northeast,3905,191352.95,0.91
nielsen_scanner,2024-10,2024-Q4,Parasiticides,TickShield Plus,TICKSHIELD PLUS LARGE,Retail,Region,Northeast,19038,456910.19,0.91
nielsen_scanner,2024-10,2024-Q4,Parasiticides,TickShield Plus,TICKSHIELD PLUS SMALL,Retail,Region,Northeast,26076,625833.31,0.91
nielsen_scanner,2024-10,2024-Q4,Vaccines,Vanguard,VANGUARD LARGE,Retail,Region,Northeast,2862,62967.24,0.91
nielsen_scanner,2024-10,2024-Q4,Vaccines,Vanguard,VANGUARD SMALL,Retail,Region,Northeast,4124,90738.66,0.91
nielsen_scanner,2024-10,2024-Q4,Parasiticides,VectraGuard,VECTRAGUARD LARGE,Retail,Region,Northeast,24518,637477.16,0.91
nielsen_scanner,2024-10,2024-Q4,Parasiticides,VectraGuard,VECTRAGUARD SMALL,Retail,Region,Northeast,32825,853444.72,0.91
nielsen_scanner,2024-10,2024-Q4,Vaccines,VetGuard Immunize,VETGUARD IMMUNIZE LARGE,Retail,Region,Northeast,3149,59822.33,0.91
nielsen_scanner,2024-10,2024-Q4,Vaccines,VetGuard Immunize,VETGUARD IMMUNIZE SMALL,Retail,Region,Northeast,4271,81149.74,0.91
nielsen_scanner,2024-10,2024-Q4,Vaccines,VetSelect Core Vax,VETSELECT CORE VAX LARGE,Retail,Region,Northeast,10260,143641.39,0.91
nielsen_scanner,2024-10,2024-Q4,Vaccines,VetSelect Core Vax,VETSELECT CORE VAX SMALL,Retail,Region,Northeast,13807,193296.58,0.91
nielsen_scanner,2024-10,2024-Q4,Dermatology,VetSelect Derma,VETSELECT DERMA LARGE,Retail,Region,Northeast,6330,240552.46,0.91
nielsen_scanner,2024-10,2024-Q4,Dermatology,VetSelect Derma,VETSELECT DERMA SMALL,Retail,Region,Northeast,9115,346358.49,0.91
nielsen_scanner,2024-10,2024-Q4,Petcare Diagnostics,VetSelect Dx,VETSELECT DX LARGE,Retail,Region,Northeast,7340,88080.54,0.91
nielsen_scanner,2024-10,2024-Q4,Petcare Diagnostics,VetSelect Dx,VETSELECT DX SMALL,Retail,Region,Northeast,9787,117443.29,0.91
nielsen_scanner,2024-10,2024-Q4,Parasiticides,VetSelect Flea & Tick,VETSELECT FLEA & TICK LARGE,Retail,Region,Northeast,37665,640312.41,0.91
nielsen_scanner,2024-10,2024-Q4,Parasiticides,VetSelect Flea & Tick,VETSELECT FLEA & TICK SMALL,Retail,Region,Northeast,52560,893526.07,0.91
nielsen_scanner,2024-10,2024-Q4,Pain/Osteoarthritis,VetSelect Joint,VETSELECT JOINT LARGE,Retail,Region,Northeast,4479,129884.95,0.91
nielsen_scanner,2024-10,2024-Q4,Pain/Osteoarthritis,VetSelect Joint,VETSELECT JOINT SMALL,Retail,Region,Northeast,6045,175313.92,0.91
nielsen_scanner,2024-10,2024-Q4,Petcare Diagnostics,Vetscan,VETSCAN LARGE,Retail,Region,Northeast,2105,37882.94,0.91
nielsen_scanner,2024-10,2024-Q4,Petcare Diagnostics,Vetscan,VETSCAN SMALL,Retail,Region,Northeast,2918,52521.96,0.91
nielsen_scanner,2024-10,2024-Q4,Dermatology,AllerVet RX,ALLERVET RX LARGE,Retail,Region,South,4392,237171.09,0.91
nielsen_scanner,2024-10,2024-Q4,Dermatology,AllerVet RX,ALLERVET RX SMALL,Retail,Region,South,6801,367254.66,0.91
nielsen_scanner,2024-10,2024-Q4,Dermatology,Apoquel,APOQUEL LARGE,Retail,Region,South,7153,464974.35,0.91
nielsen_scanner,2024-10,2024-Q4,Dermatology,Apoquel,APOQUEL SMALL,Retail,Region,South,9896,643252.93,0.91
nielsen_scanner,2024-10,2024-Q4,Vaccines,BioShield Vax,BIOSHIELD VAX LARGE,Retail,Region,South,5141,102825.26,0.91
nielsen_scanner,2024-10,2024-Q4,Vaccines,BioShield Vax,BIOSHIELD VAX SMALL,Retail,Region,South,6968,139362.01,0.91
nielsen_scanner,2024-10,2024-Q4,Dermatology,DermaCalm,DERMACALM LARGE,Retail,Region,South,5474,317507.85,0.91
nielsen_scanner,2024-10,2024-Q4,Dermatology,DermaCalm,DERMACALM SMALL,Retail,Region,South,7592,440361.11,0.91
nielsen_scanner,2024-10,2024-Q4,Petcare Diagnostics,DiagnosTech Vet,DIAGNOSTECH VET LARGE,Retail,Region,South,4975,84566.54,0.91
nielsen_scanner,2024-10,2024-Q4,Petcare Diagnostics,DiagnosTech Vet,DIAGNOSTECH VET SMALL,Retail,Region,South,6742,114615.33,0.91
nielsen_scanner,2024-10,2024-Q4,Parasiticides,FleaStop Pro,FLEASTOP PRO LARGE,Retail,Region,South,26811,563034.83,0.91
nielsen_scanner,2024-10,2024-Q4,Parasiticides,FleaStop Pro,FLEASTOP PRO SMALL,Retail,Region,South,37602,789633.02,0.91
nielsen_scanner,2024-10,2024-Q4,Pain/Osteoarthritis,FlexiCare Joint,FLEXICARE JOINT LARGE,Retail,Region,South,2928,128832.97,0.91
nielsen_scanner,2024-10,2024-Q4,Pain/Osteoarthritis,FlexiCare Joint,FLEXICARE JOINT SMALL,Retail,Region,South,4105,180641.22,0.91
nielsen_scanner,2024-10,2024-Q4,Vaccines,ImmunoCore Canine,IMMUNOCORE CANINE LARGE,Retail,Region,South,5994,125883.04,0.91
nielsen_scanner,2024-10,2024-Q4,Vaccines,ImmunoCore Canine,IMMUNOCORE CANINE SMALL,Retail,Region,South,8087,169834.4,0.91
nielsen_scanner,2024-10,2024-Q4,Pain/Osteoarthritis,Librela,LIBRELA LARGE,Retail,Region,South,2191,105181.72,0.91
nielsen_scanner,2024-10,2024-Q4,Pain/Osteoarthritis,Librela,LIBRELA SMALL,Retail,Region,South,3009,144428.53,0.91
nielsen_scanner,2024-10,2024-Q4,Pain/Osteoarthritis,OsteoEase Vet,OSTEOEASE VET LARGE,Retail,Region,South,2658,108957.95,0.91
nielsen_scanner,2024-10,2024-Q4,Pain/Osteoarthritis,OsteoEase Vet,OSTEOEASE VET SMALL,Retail,Region,South,3600,147617.79,0.91
nielsen_scanner,2024-10,2024-Q4,Pain/Osteoarthritis,PainAway Canine,PAINAWAY CANINE LARGE,Retail,Region,South,2452,90725.66,0.91
nielsen_scanner,2024-10,2024-Q4,Pain/Osteoarthritis,PainAway Canine,PAINAWAY CANINE SMALL,Retail,Region,South,3165,117119.39,0.91
nielsen_scanner,2024-10,2024-Q4,Petcare Diagnostics,PetLab Analyzer,PETLAB ANALYZER LARGE,Retail,Region,South,2944,44159.37,0.91
nielsen_scanner,2024-10,2024-Q4,Petcare Diagnostics,PetLab Analyzer,PETLAB ANALYZER SMALL,Retail,Region,South,4048,60720.72,0.91
nielsen_scanner,2024-10,2024-Q4,Petcare Diagnostics,RapidVet Dx,RAPIDVET DX LARGE,Retail,Region,South,4748,75964.54,0.91
nielsen_scanner,2024-10,2024-Q4,Petcare Diagnostics,RapidVet Dx,RAPIDVET DX SMALL,Retail,Region,South,6373,101966.33,0.91
nielsen_scanner,2024-10,2024-Q4,Parasiticides,Simparica Trio,SIMPARICA TRIO LARGE,Retail,Region,South,44015,1232420.26,0.91
nielsen_scanner,2024-10,2024-Q4,Parasiticides,Simparica Trio,SIMPARICA TRIO SMALL,Retail,Region,South,60762,1701340.29,0.91
nielsen_scanner,2024-10,2024-Q4,Dermatology,SkinRelief Pro,SKINRELIEF PRO LARGE,Retail,Region,South,4159,203778.98,0.91
nielsen_scanner,2024-10,2024-Q4,Dermatology,SkinRelief Pro,SKINRELIEF PRO SMALL,Retail,Region,South,5896,288899.12,0.91
nielsen_scanner,2024-10,2024-Q4,Parasiticides,TickShield Plus,TICKSHIELD PLUS LARGE,Retail,Region,South,30615,734766.54,0.91
nielsen_scanner,2024-10,2024-Q4,Parasiticides,TickShield Plus,TICKSHIELD PLUS SMALL,Retail,Region,South,40917,982007.95,0.91
nielsen_scanner,2024-10,2024-Q4,Vaccines,Vanguard,VANGUARD LARGE,Retail,Region,South,4150,91310.89,0.91
nielsen_scanner,2024-10,2024-Q4,Vaccines,Vanguard,VANGUARD SMALL,Retail,Region,South,5598,123146.42,0.91
nielsen_scanner,2024-10,2024-Q4,Parasiticides,VectraGuard,VECTRAGUARD LARGE,Retail,Region,South,35878,932835.12,0.91
nielsen_scanner,2024-10,2024-Q4,Parasiticides,VectraGuard,VECTRAGUARD SMALL,Retail,Region,South,48459,1259942.82,0.91
nielsen_scanner,2024-10,2024-Q4,Vaccines,VetGuard Immunize,VETGUARD IMMUNIZE LARGE,Retail,Region,South,4820,91587.27,0.91
nielsen_scanner,2024-10,2024-Q4,Vaccines,VetGuard Immunize,VETGUARD IMMUNIZE SMALL,Retail,Region,South,6748,128215.81,0.91
nielsen_scanner,2024-10,2024-Q4,Vaccines,VetSelect Core Vax,VETSELECT CORE VAX LARGE,Retail,Region,South,15487,216822.63,0.91
nielsen_scanner,2024-10,2024-Q4,Vaccines,VetSelect Core Vax,VETSELECT CORE VAX SMALL,Retail,Region,South,21139,295951.18,0.91
nielsen_scanner,2024-10,2024-Q4,Dermatology,VetSelect Derma,VETSELECT DERMA LARGE,Retail,Region,South,9738,370060.34,0.91
nielsen_scanner,2024-10,2024-Q4,Dermatology,VetSelect Derma,VETSELECT DERMA SMALL,Retail,Region,South,15079,573012.69,0.91
nielsen_scanner,2024-10,2024-Q4,Petcare Diagnostics,VetSelect Dx,VETSELECT DX LARGE,Retail,Region,South,10166,121988.24,0.91
nielsen_scanner,2024-10,2024-Q4,Petcare Diagnostics,VetSelect Dx,VETSELECT DX SMALL,Retail,Region,South,14816,177797.58,0.91
nielsen_scanner,2024-10,2024-Q4,Parasiticides,VetSelect Flea & Tick,VETSELECT FLEA & TICK LARGE,Retail,Region,South,58217,989684.47,0.91
nielsen_scanner,2024-10,2024-Q4,Parasiticides,VetSelect Flea & Tick,VETSELECT FLEA & TICK SMALL,Retail,Region,South,82498,1402458.95,0.91
nielsen_scanner,2024-10,2024-Q4,Pain/Osteoarthritis,VetSelect Joint,VETSELECT JOINT LARGE,Retail,Region,South,7178,208155.14,0.91
nielsen_scanner,2024-10,2024-Q4,Pain/Osteoarthritis,VetSelect Joint,VETSELECT JOINT SMALL,Retail,Region,South,10280,298106.23,0.91
nielsen_scanner,2024-10,2024-Q4,Petcare Diagnostics,Vetscan,VETSCAN LARGE,Retail,Region,South,3220,57963.08,0.91
nielsen_scanner,2024-10,2024-Q4,Petcare Diagnostics,Vetscan,VETSCAN SMALL,Retail,Region,South,4321,77784.27,0.91
nielsen_scanner,2024-10,2024-Q4,Dermatology,AllerVet RX,ALLERVET RX LARGE,Retail,Region,West,3409,184080.62,0.91
nielsen_scanner,2024-10,2024-Q4,Dermatology,AllerVet RX,ALLERVET RX SMALL,Retail,Region,West,4547,245516.43,0.91
nielsen_scanner,2024-10,2024-Q4,Dermatology,Apoquel,APOQUEL LARGE,Retail,Region,West,4494,292085.36,0.91
nielsen_scanner,2024-10,2024-Q4,Dermatology,Apoquel,APOQUEL SMALL,Retail,Region,West,6580,427722.96,0.91
nielsen_scanner,2024-10,2024-Q4,Vaccines,BioShield Vax,BIOSHIELD VAX LARGE,Retail,Region,West,3291,65828.44,0.91
nielsen_scanner,2024-10,2024-Q4,Vaccines,BioShield Vax,BIOSHIELD VAX SMALL,Retail,Region,West,4347,86933.23,0.91
nielsen_scanner,2024-10,2024-Q4,Dermatology,DermaCalm,DERMACALM LARGE,Retail,Region,West,3758,217935.6,0.91
nielsen_scanner,2024-10,2024-Q4,Dermatology,DermaCalm,DERMACALM SMALL,Retail,Region,West,5149,298620.68,0.91
nielsen_scanner,2024-10,2024-Q4,Petcare Diagnostics,DiagnosTech Vet,DIAGNOSTECH VET LARGE,Retail,Region,West,3530,60016.27,0.91
nielsen_scanner,2024-10,2024-Q4,Petcare Diagnostics,DiagnosTech Vet,DIAGNOSTECH VET SMALL,Retail,Region,West,4568,77654.04,0.91
nielsen_scanner,2024-10,2024-Q4,Parasiticides,FleaStop Pro,FLEASTOP PRO LARGE,Retail,Region,West,17802,373838.93,0.91
nielsen_scanner,2024-10,2024-Q4,Parasiticides,FleaStop Pro,FLEASTOP PRO SMALL,Retail,Region,West,24406,512520.66,0.91
nielsen_scanner,2024-10,2024-Q4,Pain/Osteoarthritis,FlexiCare Joint,FLEXICARE JOINT LARGE,Retail,Region,West,1913,84173.48,0.91
nielsen_scanner,2024-10,2024-Q4,Pain/Osteoarthritis,FlexiCare Joint,FLEXICARE JOINT SMALL,Retail,Region,West,2697,118665.29,0.91
nielsen_scanner,2024-10,2024-Q4,Vaccines,ImmunoCore Canine,IMMUNOCORE CANINE LARGE,Retail,Region,West,3908,82064.97,0.91
nielsen_scanner,2024-10,2024-Q4,Vaccines,ImmunoCore Canine,IMMUNOCORE CANINE SMALL,Retail,Region,West,5162,108409.75,0.91
nielsen_scanner,2024-10,2024-Q4,Pain/Osteoarthritis,Librela,LIBRELA LARGE,Retail,Region,West,1467,70429.49,0.91
nielsen_scanner,2024-10,2024-Q4,Pain/Osteoarthritis,Librela,LIBRELA SMALL,Retail,Region,West,2117,101621.65,0.91
nielsen_scanner,2024-10,2024-Q4,Pain/Osteoarthritis,OsteoEase Vet,OSTEOEASE VET LARGE,Retail,Region,West,1678,68781.49,0.91
nielsen_scanner,2024-10,2024-Q4,Pain/Osteoarthritis,OsteoEase Vet,OSTEOEASE VET SMALL,Retail,Region,West,2409,98764.18,0.91
nielsen_scanner,2024-10,2024-Q4,Pain/Osteoarthritis,PainAway Canine,PAINAWAY CANINE LARGE,Retail,Region,West,1716,63498.88,0.91
nielsen_scanner,2024-10,2024-Q4,Pain/Osteoarthritis,PainAway Canine,PAINAWAY CANINE SMALL,Retail,Region,West,2164,80080.13,0.91
nielsen_scanner,2024-10,2024-Q4,Petcare Diagnostics,PetLab Analyzer,PETLAB ANALYZER LARGE,Retail,Region,West,1981,29720.03,0.91
nielsen_scanner,2024-10,2024-Q4,Petcare Diagnostics,PetLab Analyzer,PETLAB ANALYZER SMALL,Retail,Region,West,2894,43409.57,0.91
nielsen_scanner,2024-10,2024-Q4,Petcare Diagnostics,RapidVet Dx,RAPIDVET DX LARGE,Retail,Region,West,3310,52958.09,0.91
nielsen_scanner,2024-10,2024-Q4,Petcare Diagnostics,RapidVet Dx,RAPIDVET DX SMALL,Retail,Region,West,4388,70207.79,0.91
nielsen_scanner,2024-10,2024-Q4,Parasiticides,Simparica Trio,SIMPARICA TRIO LARGE,Retail,Region,West,30101,842832.89,0.91
nielsen_scanner,2024-10,2024-Q4,Parasiticides,Simparica Trio,SIMPARICA TRIO SMALL,Retail,Region,West,41642,1165963.28,0.91
nielsen_scanner,2024-10,2024-Q4,Dermatology,SkinRelief Pro,SKINRELIEF PRO LARGE,Retail,Region,West,2990,146492.86,0.91
nielsen_scanner,2024-10,2024-Q4,Dermatology,SkinRelief Pro,SKINRELIEF PRO SMALL,Retail,Region,West,4066,199222.72,0.91
nielsen_scanner,2024-10,2024-Q4,Parasiticides,TickShield Plus,TICKSHIELD PLUS LARGE,Retail,Region,West,20067,481615.96,0.91
nielsen_scanner,2024-10,2024-Q4,Parasiticides,TickShield Plus,TICKSHIELD PLUS SMALL,Retail,Region,West,27788,666911.45,0.91
nielsen_scanner,2024-10,2024-Q4,Vaccines,Vanguard,VANGUARD LARGE,Retail,Region,West,2970,65343.34,0.91
nielsen_scanner,2024-10,2024-Q4,Vaccines,Vanguard,VANGUARD SMALL,Retail,Region,West,4222,92891.71,0.91
nielsen_scanner,2024-10,2024-Q4,Parasiticides,VectraGuard,VECTRAGUARD LARGE,Retail,Region,West,23927,622101.21,0.91
nielsen_scanner,2024-10,2024-Q4,Parasiticides,VectraGuard,VECTRAGUARD SMALL,Retail,Region,West,34183,888748.43,0.91
nielsen_scanner,2024-10,2024-Q4,Vaccines,VetGuard Immunize,VETGUARD IMMUNIZE LARGE,Retail,Region,West,3038,57730.14,0.91
nielsen_scanner,2024-10,2024-Q4,Vaccines,VetGuard Immunize,VETGUARD IMMUNIZE SMALL,Retail,Region,West,4417,83920.87,0.91
nielsen_scanner,2024-10,2024-Q4,Vaccines,VetSelect Core Vax,VETSELECT CORE VAX LARGE,Retail,Region,West,10842,151789.61,0.91
nielsen_scanner,2024-10,2024-Q4,Vaccines,VetSelect Core Vax,VETSELECT CORE VAX SMALL,Retail,Region,West,14702,205821.12,0.91
nielsen_scanner,2024-10,2024-Q4,Dermatology,VetSelect Derma,VETSELECT DERMA LARGE,Retail,Region,West,6520,247763.53,0.91
nielsen_scanner,2024-10,2024-Q4,Dermatology,VetSelect Derma,VETSELECT DERMA SMALL,Retail,Region,West,8837,335824.72,0.91
nielsen_scanner,2024-10,2024-Q4,Petcare Diagnostics,VetSelect Dx,VETSELECT DX LARGE,Retail,Region,West,7178,86138.55,0.91
nielsen_scanner,2024-10,2024-Q4,Petcare Diagnostics,VetSelect Dx,VETSELECT DX SMALL,Retail,Region,West,10217,122609.56,0.91
nielsen_scanner,2024-10,2024-Q4,Parasiticides,VetSelect Flea & Tick,VETSELECT FLEA & TICK LARGE,Retail,Region,West,39706,675003.82,0.91
nielsen_scanner,2024-10,2024-Q4,Parasiticides,VetSelect Flea & Tick,VETSELECT FLEA & TICK SMALL,Retail,Region,West,57955,985229.51,0.91
nielsen_scanner,2024-10,2024-Q4,Pain/Osteoarthritis,VetSelect Joint,VETSELECT JOINT LARGE,Retail,Region,West,4626,134153.8,0.91
nielsen_scanner,2024-10,2024-Q4,Pain/Osteoarthritis,VetSelect Joint,VETSELECT JOINT SMALL,Retail,Region,West,6606,191571.17,0.91
nielsen_scanner,2024-10,2024-Q4,Petcare Diagnostics,Vetscan,VETSCAN LARGE,Retail,Region,West,2093,37674.74,0.91
nielsen_scanner,2024-10,2024-Q4,Petcare Diagnostics,Vetscan,VETSCAN SMALL,Retail,Region,West,2852,51338.61,0.91
nielsen_scanner,2024-11,2024-Q4,Dermatology,AllerVet RX,ALLERVET RX LARGE,Retail,National,National,13505,729290.98,0.91
nielsen_scanner,2024-11,2024-Q4,Dermatology,AllerVet RX,ALLERVET RX SMALL,Retail,National,National,18440,995783.72,0.91
nielsen_scanner,2024-11,2024-Q4,Dermatology,Apoquel,APOQUEL LARGE,Retail,National,National,17272,1122670.37,0.91
nielsen_scanner,2024-11,2024-Q4,Dermatology,Apoquel,APOQUEL SMALL,Retail,National,National,23765,1544743.67,0.91
nielsen_scanner,2024-11,2024-Q4,Vaccines,BioShield Vax,BIOSHIELD VAX LARGE,Retail,National,National,14061,281220.04,0.91
nielsen_scanner,2024-11,2024-Q4,Vaccines,BioShield Vax,BIOSHIELD VAX SMALL,Retail,National,National,19760,395220.31,0.91
nielsen_scanner,2024-11,2024-Q4,Dermatology,DermaCalm,DERMACALM LARGE,Retail,National,National,14363,833030.96,0.91
nielsen_scanner,2024-11,2024-Q4,Dermatology,DermaCalm,DERMACALM SMALL,Retail,National,National,20081,1164686.65,0.91
nielsen_scanner,2024-11,2024-Q4,Petcare Diagnostics,DiagnosTech Vet,DIAGNOSTECH VET LARGE,Retail,National,National,15541,264190.29,0.91
nielsen_scanner,2024-11,2024-Q4,Petcare Diagnostics,DiagnosTech Vet,DIAGNOSTECH VET SMALL,Retail,National,National,21862,371677.83,0.91
nielsen_scanner,2024-11,2024-Q4,Parasiticides,FleaStop Pro,FLEASTOP PRO LARGE,Retail,National,National,66412,1394667.34,0.91
nielsen_scanner,2024-11,2024-Q4,Parasiticides,FleaStop Pro,FLEASTOP PRO SMALL,Retail,National,National,93846,1970741.23,0.91
nielsen_scanner,2024-11,2024-Q4,Pain/Osteoarthritis,FlexiCare Joint,FLEXICARE JOINT LARGE,Retail,National,National,8657,380906.6,0.91
nielsen_scanner,2024-11,2024-Q4,Pain/Osteoarthritis,FlexiCare Joint,FLEXICARE JOINT SMALL,Retail,National,National,12045,529995.09,0.91
nielsen_scanner,2024-11,2024-Q4,Vaccines,ImmunoCore Canine,IMMUNOCORE CANINE LARGE,Retail,National,National,17463,366736.42,0.91
nielsen_scanner,2024-11,2024-Q4,Vaccines,ImmunoCore Canine,IMMUNOCORE CANINE SMALL,Retail,National,National,23972,503401.16,0.91
nielsen_scanner,2024-11,2024-Q4,Pain/Osteoarthritis,Librela,LIBRELA LARGE,Retail,National,National,6829,327780.61,0.91
nielsen_scanner,2024-11,2024-Q4,Pain/Osteoarthritis,Librela,LIBRELA SMALL,Retail,National,National,9561,458923.75,0.91
nielsen_scanner,2024-11,2024-Q4,Pain/Osteoarthritis,OsteoEase Vet,OSTEOEASE VET LARGE,Retail,National,National,8617,353272.57,0.91
nielsen_scanner,2024-11,2024-Q4,Pain/Osteoarthritis,OsteoEase Vet,OSTEOEASE VET SMALL,Retail,National,National,11853,485949.05,0.91
nielsen_scanner,2024-11,2024-Q4,Pain/Osteoarthritis,PainAway Canine,PAINAWAY CANINE LARGE,Retail,National,National,6963,257660.98,0.91
nielsen_scanner,2024-11,2024-Q4,Pain/Osteoarthritis,PainAway Canine,PAINAWAY CANINE SMALL,Retail,National,National,9827,363604.57,0.91
nielsen_scanner,2024-11,2024-Q4,Petcare Diagnostics,PetLab Analyzer,PETLAB ANALYZER LARGE,Retail,National,National,9083,136248.87,0.91
nielsen_scanner,2024-11,2024-Q4,Petcare Diagnostics,PetLab Analyzer,PETLAB ANALYZER SMALL,Retail,National,National,12883,193243.64,0.91
nielsen_scanner,2024-11,2024-Q4,Petcare Diagnostics,RapidVet Dx,RAPIDVET DX LARGE,Retail,National,National,14839,237420.72,0.91
nielsen_scanner,2024-11,2024-Q4,Petcare Diagnostics,RapidVet Dx,RAPIDVET DX SMALL,Retail,National,National,19860,317759.32,0.91
nielsen_scanner,2024-11,2024-Q4,Parasiticides,Simparica Trio,SIMPARICA TRIO LARGE,Retail,National,National,112725,3156290.3,0.91
nielsen_scanner,2024-11,2024-Q4,Parasiticides,Simparica Trio,SIMPARICA TRIO SMALL,Retail,National,National,159977,4479357.2,0.91
nielsen_scanner,2024-11,2024-Q4,Dermatology,SkinRelief Pro,SKINRELIEF PRO LARGE,Retail,National,National,11561,566497.31,0.91
nielsen_scanner,2024-11,2024-Q4,Dermatology,SkinRelief Pro,SKINRELIEF PRO SMALL,Retail,National,National,16140,790862.04,0.91
nielsen_scanner,2024-11,2024-Q4,Parasiticides,TickShield Plus,TICKSHIELD PLUS LARGE,Retail,National,National,78770,1890479.23,0.91
nielsen_scanner,2024-11,2024-Q4,Parasiticides,TickShield Plus,TICKSHIELD PLUS SMALL,Retail,National,National,105853,2540480.87,0.91
nielsen_scanner,2024-11,2024-Q4,Vaccines,Vanguard,VANGUARD LARGE,Retail,National,National,12622,277673.19,0.91
nielsen_scanner,2024-11,2024-Q4,Vaccines,Vanguard,VANGUARD SMALL,Retail,National,National,17518,385376.15,0.91
nielsen_scanner,2024-11,2024-Q4,Parasiticides,VectraGuard,VECTRAGUARD LARGE,Retail,National,National,87921,2285941.02,0.91
nielsen_scanner,2024-11,2024-Q4,Parasiticides,VectraGuard,VECTRAGUARD SMALL,Retail,National,National,125239,3256219.55,0.91
nielsen_scanner,2024-11,2024-Q4,Vaccines,VetGuard Immunize,VETGUARD IMMUNIZE LARGE,Retail,National,National,12730,241875.97,0.91
nielsen_scanner,2024-11,2024-Q4,Vaccines,VetGuard Immunize,VETGUARD IMMUNIZE SMALL,Retail,National,National,17860,339331.12,0.91
nielsen_scanner,2024-11,2024-Q4,Vaccines,VetSelect Core Vax,VETSELECT CORE VAX LARGE,Retail,National,National,45056,630770.45,0.91
nielsen_scanner,2024-11,2024-Q4,Vaccines,VetSelect Core Vax,VETSELECT CORE VAX SMALL,Retail,National,National,61522,861311.4,0.91
nielsen_scanner,2024-11,2024-Q4,Dermatology,VetSelect Derma,VETSELECT DERMA LARGE,Retail,National,National,26566,1009503.72,0.91
nielsen_scanner,2024-11,2024-Q4,Dermatology,VetSelect Derma,VETSELECT DERMA SMALL,Retail,National,National,38024,1444905.19,0.91
nielsen_scanner,2024-11,2024-Q4,Petcare Diagnostics,VetSelect Dx,VETSELECT DX LARGE,Retail,National,National,32072,384866.17,0.91
nielsen_scanner,2024-11,2024-Q4,Petcare Diagnostics,VetSelect Dx,VETSELECT DX SMALL,Retail,National,National,44516,534184.35,0.91
nielsen_scanner,2024-11,2024-Q4,Parasiticides,VetSelect Flea & Tick,VETSELECT FLEA & TICK LARGE,Retail,National,National,149093,2534591.18,0.91
nielsen_scanner,2024-11,2024-Q4,Parasiticides,VetSelect Flea & Tick,VETSELECT FLEA & TICK SMALL,Retail,National,National,205278,3489712.09,0.91
nielsen_scanner,2024-11,2024-Q4,Pain/Osteoarthritis,VetSelect Joint,VETSELECT JOINT LARGE,Retail,National,National,23499,681488.21,0.91
nielsen_scanner,2024-11,2024-Q4,Pain/Osteoarthritis,VetSelect Joint,VETSELECT JOINT SMALL,Retail,National,National,32271,935854.47,0.91
nielsen_scanner,2024-11,2024-Q4,Petcare Diagnostics,Vetscan,VETSCAN LARGE,Retail,National,National,9537,171665.63,0.91
nielsen_scanner,2024-11,2024-Q4,Petcare Diagnostics,Vetscan,VETSCAN SMALL,Retail,National,National,13035,234622.5,0.91
nielsen_scanner,2024-11,2024-Q4,Dermatology,AllerVet RX,ALLERVET RX LARGE,Retail,Region,Midwest,2821,152332.78,0.91
nielsen_scanner,2024-11,2024-Q4,Dermatology,AllerVet RX,ALLERVET RX SMALL,Retail,Region,Midwest,3834,207030.74,0.91
nielsen_scanner,2024-11,2024-Q4,Dermatology,Apoquel,APOQUEL LARGE,Retail,Region,Midwest,3521,228849.67,0.91
nielsen_scanner,2024-11,2024-Q4,Dermatology,Apoquel,APOQUEL SMALL,Retail,Region,Midwest,4972,323200.77,0.91
nielsen_scanner,2024-11,2024-Q4,Vaccines,BioShield Vax,BIOSHIELD VAX LARGE,Retail,Region,Midwest,3089,61774.7,0.91
nielsen_scanner,2024-11,2024-Q4,Vaccines,BioShield Vax,BIOSHIELD VAX SMALL,Retail,Region,Midwest,4195,83906.02,0.91
nielsen_scanner,2024-11,2024-Q4,Dermatology,DermaCalm,DERMACALM LARGE,Retail,Region,Midwest,2868,166356.79,0.91
nielsen_scanner,2024-11,2024-Q4,Dermatology,DermaCalm,DERMACALM SMALL,Retail,Region,Midwest,4207,243988.28,0.91
nielsen_scanner,2024-11,2024-Q4,Petcare Diagnostics,DiagnosTech Vet,DIAGNOSTECH VET LARGE,Retail,Region,Midwest,3065,52097.81,0.91
nielsen_scanner,2024-11,2024-Q4,Petcare Diagnostics,DiagnosTech Vet,DIAGNOSTECH VET SMALL,Retail,Region,Midwest,4297,73057.41,0.91
nielsen_scanner,2024-11,2024-Q4,Parasiticides,FleaStop Pro,FLEASTOP PRO LARGE,Retail,Region,Midwest,14855,311952.97,0.91
nielsen_scanner,2024-11,2024-Q4,Parasiticides,FleaStop Pro,FLEASTOP PRO SMALL,Retail,Region,Midwest,20391,428202.67,0.91
nielsen_scanner,2024-11,2024-Q4,Pain/Osteoarthritis,FlexiCare Joint,FLEXICARE JOINT LARGE,Retail,Region,Midwest,1662,73110.43,0.91
nielsen_scanner,2024-11,2024-Q4,Pain/Osteoarthritis,FlexiCare Joint,FLEXICARE JOINT SMALL,Retail,Region,Midwest,2468,108591.26,0.91
nielsen_scanner,2024-11,2024-Q4,Vaccines,ImmunoCore Canine,IMMUNOCORE CANINE LARGE,Retail,Region,Midwest,3706,77836.12,0.91
nielsen_scanner,2024-11,2024-Q4,Vaccines,ImmunoCore Canine,IMMUNOCORE CANINE SMALL,Retail,Region,Midwest,4910,103105.78,0.91
nielsen_scanner,2024-11,2024-Q4,Pain/Osteoarthritis,Librela,LIBRELA LARGE,Retail,Region,Midwest,1453,69728.61,0.91
nielsen_scanner,2024-11,2024-Q4,Pain/Osteoarthritis,Librela,LIBRELA SMALL,Retail,Region,Midwest,2069,99309.96,0.91
nielsen_scanner,2024-11,2024-Q4,Pain/Osteoarthritis,OsteoEase Vet,OSTEOEASE VET LARGE,Retail,Region,Midwest,1805,73994.77,0.91
nielsen_scanner,2024-11,2024-Q4,Pain/Osteoarthritis,OsteoEase Vet,OSTEOEASE VET SMALL,Retail,Region,Midwest,2593,106298.96,0.91
nielsen_scanner,2024-11,2024-Q4,Pain/Osteoarthritis,PainAway Canine,PAINAWAY CANINE LARGE,Retail,Region,Midwest,1498,55443.52,0.91
nielsen_scanner,2024-11,2024-Q4,Pain/Osteoarthritis,PainAway Canine,PAINAWAY CANINE SMALL,Retail,Region,Midwest,2088,77269.86,0.91
nielsen_scanner,2024-11,2024-Q4,Petcare Diagnostics,PetLab Analyzer,PETLAB ANALYZER LARGE,Retail,Region,Midwest,1853,27794.42,0.91
nielsen_scanner,2024-11,2024-Q4,Petcare Diagnostics,PetLab Analyzer,PETLAB ANALYZER SMALL,Retail,Region,Midwest,2681,40208.96,0.91
nielsen_scanner,2024-11,2024-Q4,Petcare Diagnostics,RapidVet Dx,RAPIDVET DX LARGE,Retail,Region,Midwest,2974,47586.77,0.91
nielsen_scanner,2024-11,2024-Q4,Petcare Diagnostics,RapidVet Dx,RAPIDVET DX SMALL,Retail,Region,Midwest,4012,64186.41,0.91
nielsen_scanner,2024-11,2024-Q4,Parasiticides,Simparica Trio,SIMPARICA TRIO LARGE,Retail,Region,Midwest,24749,692974.78,0.91
nielsen_scanner,2024-11,2024-Q4,Parasiticides,Simparica Trio,SIMPARICA TRIO SMALL,Retail,Region,Midwest,33903,949277.98,0.91
nielsen_scanner,2024-11,2024-Q4,Dermatology,SkinRelief Pro,SKINRELIEF PRO LARGE,Retail,Region,Midwest,2352,115225.86,0.91
nielsen_scanner,2024-11,2024-Q4,Dermatology,SkinRelief Pro,SKINRELIEF PRO SMALL,Retail,Region,Midwest,3285,160965.52,0.91
nielsen_scanner,2024-11,2024-Q4,Parasiticides,TickShield Plus,TICKSHIELD PLUS LARGE,Retail,Region,Midwest,16175,388198.74,0.91
nielsen_scanner,2024-11,2024-Q4,Parasiticides,TickShield Plus,TICKSHIELD PLUS SMALL,Retail,Region,Midwest,22541,540989.39,0.91
nielsen_scanner,2024-11,2024-Q4,Vaccines,Vanguard,VANGUARD LARGE,Retail,Region,Midwest,2680,58949.31,0.91
nielsen_scanner,2024-11,2024-Q4,Vaccines,Vanguard,VANGUARD SMALL,Retail,Region,Midwest,3765,82820.92,0.91
nielsen_scanner,2024-11,2024-Q4,Parasiticides,VectraGuard,VECTRAGUARD LARGE,Retail,Region,Midwest,19850,516108.32,0.91
nielsen_scanner,2024-11,2024-Q4,Parasiticides,VectraGuard,VECTRAGUARD SMALL,Retail,Region,Midwest,28169,732384.19,0.91
nielsen_scanner,2024-11,2024-Q4,Vaccines,VetGuard Immunize,VETGUARD IMMUNIZE LARGE,Retail,Region,Midwest,2631,49987.21,0.91
nielsen_scanner,2024-11,2024-Q4,Vaccines,VetGuard Immunize,VETGUARD IMMUNIZE SMALL,Retail,Region,Midwest,3668,69691.04,0.91
nielsen_scanner,2024-11,2024-Q4,Vaccines,VetSelect Core Vax,VETSELECT CORE VAX LARGE,Retail,Region,Midwest,9743,136395.44,0.91
nielsen_scanner,2024-11,2024-Q4,Vaccines,VetSelect Core Vax,VETSELECT CORE VAX SMALL,Retail,Region,Midwest,13102,183421.15,0.91
nielsen_scanner,2024-11,2024-Q4,Dermatology,VetSelect Derma,VETSELECT DERMA LARGE,Retail,Region,Midwest,5327,202413.35,0.91
nielsen_scanner,2024-11,2024-Q4,Dermatology,VetSelect Derma,VETSELECT DERMA SMALL,Retail,Region,Midwest,7875,299267.39,0.91
nielsen_scanner,2024-11,2024-Q4,Petcare Diagnostics,VetSelect Dx,VETSELECT DX LARGE,Retail,Region,Midwest,6398,76772.16,0.91
nielsen_scanner,2024-11,2024-Q4,Petcare Diagnostics,VetSelect Dx,VETSELECT DX SMALL,Retail,Region,Midwest,9051,108607.8,0.91
nielsen_scanner,2024-11,2024-Q4,Parasiticides,VetSelect Flea & Tick,VETSELECT FLEA & TICK LARGE,Retail,Region,Midwest,35217,598696.24,0.91
nielsen_scanner,2024-11,2024-Q4,Parasiticides,VetSelect Flea & Tick,VETSELECT FLEA & TICK SMALL,Retail,Region,Midwest,44389,754608.85,0.91
nielsen_scanner,2024-11,2024-Q4,Pain/Osteoarthritis,VetSelect Joint,VETSELECT JOINT LARGE,Retail,Region,Midwest,5015,145442.36,0.91
nielsen_scanner,2024-11,2024-Q4,Pain/Osteoarthritis,VetSelect Joint,VETSELECT JOINT SMALL,Retail,Region,Midwest,7032,203929.67,0.91
nielsen_scanner,2024-11,2024-Q4,Petcare Diagnostics,Vetscan,VETSCAN LARGE,Retail,Region,Midwest,2055,36991.7,0.91
nielsen_scanner,2024-11,2024-Q4,Petcare Diagnostics,Vetscan,VETSCAN SMALL,Retail,Region,Midwest,2679,48213.72,0.91
nielsen_scanner,2024-11,2024-Q4,Dermatology,AllerVet RX,ALLERVET RX LARGE,Retail,Region,Northeast,2931,158279.27,0.91
nielsen_scanner,2024-11,2024-Q4,Dermatology,AllerVet RX,ALLERVET RX SMALL,Retail,Region,Northeast,3867,208829.23,0.91
nielsen_scanner,2024-11,2024-Q4,Dermatology,Apoquel,APOQUEL LARGE,Retail,Region,Northeast,3869,251497.11,0.91
nielsen_scanner,2024-11,2024-Q4,Dermatology,Apoquel,APOQUEL SMALL,Retail,Region,Northeast,5159,335332.51,0.91
nielsen_scanner,2024-11,2024-Q4,Vaccines,BioShield Vax,BIOSHIELD VAX LARGE,Retail,Region,Northeast,2964,59286.96,0.91
nielsen_scanner,2024-11,2024-Q4,Vaccines,BioShield Vax,BIOSHIELD VAX SMALL,Retail,Region,Northeast,4245,84909.47,0.91
nielsen_scanner,2024-11,2024-Q4,Dermatology,DermaCalm,DERMACALM LARGE,Retail,Region,Northeast,3151,182769.62,0.91
nielsen_scanner,2024-11,2024-Q4,Dermatology,DermaCalm,DERMACALM SMALL,Retail,Region,Northeast,4393,254778.19,0.91
nielsen_scanner,2024-11,2024-Q4,Petcare Diagnostics,DiagnosTech Vet,DIAGNOSTECH VET LARGE,Retail,Region,Northeast,3532,60047.83,0.91
nielsen_scanner,2024-11,2024-Q4,Petcare Diagnostics,DiagnosTech Vet,DIAGNOSTECH VET SMALL,Retail,Region,Northeast,4990,84833.02,0.91
nielsen_scanner,2024-11,2024-Q4,Parasiticides,FleaStop Pro,FLEASTOP PRO LARGE,Retail,Region,Northeast,14445,303352.44,0.91
nielsen_scanner,2024-11,2024-Q4,Parasiticides,FleaStop Pro,FLEASTOP PRO SMALL,Retail,Region,Northeast,20331,426945.23,0.91
nielsen_scanner,2024-11,2024-Q4,Pain/Osteoarthritis,FlexiCare Joint,FLEXICARE JOINT LARGE,Retail,Region,Northeast,2054,90356.16,0.91
nielsen_scanner,2024-11,2024-Q4,Pain/Osteoarthritis,FlexiCare Joint,FLEXICARE JOINT SMALL,Retail,Region,Northeast,2805,123417.59,0.91
nielsen_scanner,2024-11,2024-Q4,Vaccines,ImmunoCore Canine,IMMUNOCORE CANINE LARGE,Retail,Region,Northeast,3590,75391.36,0.91
nielsen_scanner,2024-11,2024-Q4,Vaccines,ImmunoCore Canine,IMMUNOCORE CANINE SMALL,Retail,Region,Northeast,5238,109998.65,0.91
nielsen_scanner,2024-11,2024-Q4,Pain/Osteoarthritis,Librela,LIBRELA LARGE,Retail,Region,Northeast,1503,72128.83,0.91
nielsen_scanner,2024-11,2024-Q4,Pain/Osteoarthritis,Librela,LIBRELA SMALL,Retail,Region,Northeast,2085,100090.13,0.91
nielsen_scanner,2024-11,2024-Q4,Pain/Osteoarthritis,OsteoEase Vet,OSTEOEASE VET LARGE,Retail,Region,Northeast,1973,80899.8,0.91
nielsen_scanner,2024-11,2024-Q4,Pain/Osteoarthritis,OsteoEase Vet,OSTEOEASE VET SMALL,Retail,Region,Northeast,2634,108006.0,0.91
nielsen_scanner,2024-11,2024-Q4,Pain/Osteoarthritis,PainAway Canine,PAINAWAY CANINE LARGE,Retail,Region,Northeast,1462,54095.58,0.91
nielsen_scanner,2024-11,2024-Q4,Pain/Osteoarthritis,PainAway Canine,PAINAWAY CANINE SMALL,Retail,Region,Northeast,2172,80356.21,0.91
nielsen_scanner,2024-11,2024-Q4,Petcare Diagnostics,PetLab Analyzer,PETLAB ANALYZER LARGE,Retail,Region,Northeast,1919,28788.19,0.91
nielsen_scanner,2024-11,2024-Q4,Petcare Diagnostics,PetLab Analyzer,PETLAB ANALYZER SMALL,Retail,Region,Northeast,2713,40692.35,0.91
nielsen_scanner,2024-11,2024-Q4,Petcare Diagnostics,RapidVet Dx,RAPIDVET DX LARGE,Retail,Region,Northeast,3227,51628.54,0.91
nielsen_scanner,2024-11,2024-Q4,Petcare Diagnostics,RapidVet Dx,RAPIDVET DX SMALL,Retail,Region,Northeast,4399,70386.64,0.91
nielsen_scanner,2024-11,2024-Q4,Parasiticides,Simparica Trio,SIMPARICA TRIO LARGE,Retail,Region,Northeast,25184,705145.33,0.91
nielsen_scanner,2024-11,2024-Q4,Parasiticides,Simparica Trio,SIMPARICA TRIO SMALL,Retail,Region,Northeast,36743,1028814.62,0.91
nielsen_scanner,2024-11,2024-Q4,Dermatology,SkinRelief Pro,SKINRELIEF PRO LARGE,Retail,Region,Northeast,2690,131821.1,0.91
nielsen_scanner,2024-11,2024-Q4,Dermatology,SkinRelief Pro,SKINRELIEF PRO SMALL,Retail,Region,Northeast,3715,182044.55,0.91
nielsen_scanner,2024-11,2024-Q4,Parasiticides,TickShield Plus,TICKSHIELD PLUS LARGE,Retail,Region,Northeast,18740,449762.2,0.91
nielsen_scanner,2024-11,2024-Q4,Parasiticides,TickShield Plus,TICKSHIELD PLUS SMALL,Retail,Region,Northeast,24089,578145.68,0.91
nielsen_scanner,2024-11,2024-Q4,Vaccines,Vanguard,VANGUARD LARGE,Retail,Region,Northeast,2767,60876.11,0.91
nielsen_scanner,2024-11,2024-Q4,Vaccines,Vanguard,VANGUARD SMALL,Retail,Region,Northeast,3851,84714.43,0.91
nielsen_scanner,2024-11,2024-Q4,Parasiticides,VectraGuard,VECTRAGUARD LARGE,Retail,Region,Northeast,19396,504284.03,0.91
nielsen_scanner,2024-11,2024-Q4,Parasiticides,VectraGuard,VECTRAGUARD SMALL,Retail,Region,Northeast,27808,723018.59,0.91
nielsen_scanner,2024-11,2024-Q4,Vaccines,VetGuard Immunize,VETGUARD IMMUNIZE LARGE,Retail,Region,Northeast,2749,52236.19,0.91
nielsen_scanner,2024-11,2024-Q4,Vaccines,VetGuard Immunize,VETGUARD IMMUNIZE SMALL,Retail,Region,Northeast,3985,75716.7,0.91
nielsen_scanner,2024-11,2024-Q4,Vaccines,VetSelect Core Vax,VETSELECT CORE VAX LARGE,Retail,Region,Northeast,10183,142562.05,0.91
nielsen_scanner,2024-11,2024-Q4,Vaccines,VetSelect Core Vax,VETSELECT CORE VAX SMALL,Retail,Region,Northeast,13864,194100.03,0.91
nielsen_scanner,2024-11,2024-Q4,Dermatology,VetSelect Derma,VETSELECT DERMA LARGE,Retail,Region,Northeast,6123,232660.35,0.91
nielsen_scanner,2024-11,2024-Q4,Dermatology,VetSelect Derma,VETSELECT DERMA SMALL,Retail,Region,Northeast,8513,323479.78,0.91
nielsen_scanner,2024-11,2024-Q4,Petcare Diagnostics,VetSelect Dx,VETSELECT DX LARGE,Retail,Region,Northeast,6688,80261.08,0.91
nielsen_scanner,2024-11,2024-Q4,Petcare Diagnostics,VetSelect Dx,VETSELECT DX SMALL,Retail,Region,Northeast,9684,116203.89,0.91
nielsen_scanner,2024-11,2024-Q4,Parasiticides,VetSelect Flea & Tick,VETSELECT FLEA & TICK LARGE,Retail,Region,Northeast,32944,560050.12,0.91
nielsen_scanner,2024-11,2024-Q4,Parasiticides,VetSelect Flea & Tick,VETSELECT FLEA & TICK SMALL,Retail,Region,Northeast,47283,803810.4,0.91
nielsen_scanner,2024-11,2024-Q4,Pain/Osteoarthritis,VetSelect Joint,VETSELECT JOINT LARGE,Retail,Region,Northeast,5053,146541.99,0.91
nielsen_scanner,2024-11,2024-Q4,Pain/Osteoarthritis,VetSelect Joint,VETSELECT JOINT SMALL,Retail,Region,Northeast,6849,198610.14,0.91
nielsen_scanner,2024-11,2024-Q4,Petcare Diagnostics,Vetscan,VETSCAN LARGE,Retail,Region,Northeast,2045,36809.1,0.91
nielsen_scanner,2024-11,2024-Q4,Petcare Diagnostics,Vetscan,VETSCAN SMALL,Retail,Region,Northeast,2983,53688.94,0.91
nielsen_scanner,2024-11,2024-Q4,Dermatology,AllerVet RX,ALLERVET RX LARGE,Retail,Region,South,4524,244315.02,0.91
nielsen_scanner,2024-11,2024-Q4,Dermatology,AllerVet RX,ALLERVET RX SMALL,Retail,Region,South,6429,347168.09,0.91
nielsen_scanner,2024-11,2024-Q4,Dermatology,Apoquel,APOQUEL LARGE,Retail,Region,South,5775,375342.85,0.91
nielsen_scanner,2024-11,2024-Q4,Dermatology,Apoquel,APOQUEL SMALL,Retail,Region,South,7951,516845.06,0.91
nielsen_scanner,2024-11,2024-Q4,Vaccines,BioShield Vax,BIOSHIELD VAX LARGE,Retail,Region,South,4773,95466.74,0.91
nielsen_scanner,2024-11,2024-Q4,Vaccines,BioShield Vax,BIOSHIELD VAX SMALL,Retail,Region,South,7050,140998.43,0.91
nielsen_scanner,2024-11,2024-Q4,Dermatology,DermaCalm,DERMACALM LARGE,Retail,Region,South,5081,294678.36,0.91
nielsen_scanner,2024-11,2024-Q4,Dermatology,DermaCalm,DERMACALM SMALL,Retail,Region,South,7036,408104.6,0.91
nielsen_scanner,2024-11,2024-Q4,Petcare Diagnostics,DiagnosTech Vet,DIAGNOSTECH VET LARGE,Retail,Region,South,5451,92661.24,0.91
nielsen_scanner,2024-11,2024-Q4,Petcare Diagnostics,DiagnosTech Vet,DIAGNOSTECH VET SMALL,Retail,Region,South,7599,129190.58,0.91
nielsen_scanner,2024-11,2024-Q4,Parasiticides,FleaStop Pro,FLEASTOP PRO LARGE,Retail,Region,South,22230,466837.45,0.91
nielsen_scanner,2024-11,2024-Q4,Parasiticides,FleaStop Pro,FLEASTOP PRO SMALL,Retail,Region,South,31186,654899.66,0.91
nielsen_scanner,2024-11,2024-Q4,Pain/Osteoarthritis,FlexiCare Joint,FLEXICARE JOINT LARGE,Retail,Region,South,3041,133823.52,0.91
nielsen_scanner,2024-11,2024-Q4,Pain/Osteoarthritis,FlexiCare Joint,FLEXICARE JOINT SMALL,Retail,Region,South,3939,173336.16,0.91
nielsen_scanner,2024-11,2024-Q4,Vaccines,ImmunoCore Canine,IMMUNOCORE CANINE LARGE,Retail,Region,South,6022,126457.78,0.91
nielsen_scanner,2024-11,2024-Q4,Vaccines,ImmunoCore Canine,IMMUNOCORE CANINE SMALL,Retail,Region,South,8217,172560.04,0.91
nielsen_scanner,2024-11,2024-Q4,Pain/Osteoarthritis,Librela,LIBRELA LARGE,Retail,Region,South,2232,107135.77,0.91
nielsen_scanner,2024-11,2024-Q4,Pain/Osteoarthritis,Librela,LIBRELA SMALL,Retail,Region,South,3160,151662.94,0.91
nielsen_scanner,2024-11,2024-Q4,Pain/Osteoarthritis,OsteoEase Vet,OSTEOEASE VET LARGE,Retail,Region,South,2926,119947.53,0.91
nielsen_scanner,2024-11,2024-Q4,Pain/Osteoarthritis,OsteoEase Vet,OSTEOEASE VET SMALL,Retail,Region,South,4037,165501.85,0.91
nielsen_scanner,2024-11,2024-Q4,Pain/Osteoarthritis,PainAway Canine,PAINAWAY CANINE LARGE,Retail,Region,South,2346,86795.96,0.91
nielsen_scanner,2024-11,2024-Q4,Pain/Osteoarthritis,PainAway Canine,PAINAWAY CANINE SMALL,Retail,Region,South,3306,122320.09,0.91
nielsen_scanner,2024-11,2024-Q4,Petcare Diagnostics,PetLab Analyzer,PETLAB ANALYZER LARGE,Retail,Region,South,3230,48451.6,0.91
nielsen_scanner,2024-11,2024-Q4,Petcare Diagnostics,PetLab Analyzer,PETLAB ANALYZER SMALL,Retail,Region,South,4521,67820.61,0.91
nielsen_scanner,2024-11,2024-Q4,Petcare Diagnostics,RapidVet Dx,RAPIDVET DX LARGE,Retail,Region,South,5219,83500.48,0.91
nielsen_scanner,2024-11,2024-Q4,Petcare Diagnostics,RapidVet Dx,RAPIDVET DX SMALL,Retail,Region,South,7008,112126.26,0.91
nielsen_scanner,2024-11,2024-Q4,Parasiticides,Simparica Trio,SIMPARICA TRIO LARGE,Retail,Region,South,37089,1038480.43,0.91
nielsen_scanner,2024-11,2024-Q4,Parasiticides,Simparica Trio,SIMPARICA TRIO SMALL,Retail,Region,South,53525,1498701.16,0.91
nielsen_scanner,2024-11,2024-Q4,Dermatology,SkinRelief Pro,SKINRELIEF PRO LARGE,Retail,Region,South,3990,195529.97,0.91
nielsen_scanner,2024-11,2024-Q4,Dermatology,SkinRelief Pro,SKINRELIEF PRO SMALL,Retail,Region,South,5608,274792.22,0.91
nielsen_scanner,2024-11,2024-Q4,Parasiticides,TickShield Plus,TICKSHIELD PLUS LARGE,Retail,Region,South,26180,628312.07,0.91
nielsen_scanner,2024-11,2024-Q4,Parasiticides,TickShield Plus,TICKSHIELD PLUS SMALL,Retail,Region,South,35524,852572.61,0.91
nielsen_scanner,2024-11,2024-Q4,Vaccines,Vanguard,VANGUARD LARGE,Retail,Region,South,4288,94341.66,0.91
nielsen_scanner,2024-11,2024-Q4,Vaccines,Vanguard,VANGUARD SMALL,Retail,Region,South,5830,128266.72,0.91
nielsen_scanner,2024-11,2024-Q4,Parasiticides,VectraGuard,VECTRAGUARD LARGE,Retail,Region,South,28387,738055.47,0.91
nielsen_scanner,2024-11,2024-Q4,Parasiticides,VectraGuard,VECTRAGUARD SMALL,Retail,Region,South,42129,1095351.54,0.91
nielsen_scanner,2024-11,2024-Q4,Vaccines,VetGuard Immunize,VETGUARD IMMUNIZE LARGE,Retail,Region,South,4510,85699.17,0.91
nielsen_scanner,2024-11,2024-Q4,Vaccines,VetGuard Immunize,VETGUARD IMMUNIZE SMALL,Retail,Region,South,6185,117514.05,0.91
nielsen_scanner,2024-11,2024-Q4,Vaccines,VetSelect Core Vax,VETSELECT CORE VAX LARGE,Retail,Region,South,15537,217511.87,0.91
nielsen_scanner,2024-11,2024-Q4,Vaccines,VetSelect Core Vax,VETSELECT CORE VAX SMALL,Retail,Region,South,21487,300823.41,0.91
nielsen_scanner,2024-11,2024-Q4,Dermatology,VetSelect Derma,VETSELECT DERMA LARGE,Retail,Region,South,9433,358458.58,0.91
nielsen_scanner,2024-11,2024-Q4,Dermatology,VetSelect Derma,VETSELECT DERMA SMALL,Retail,Region,South,13279,504604.71,0.91
nielsen_scanner,2024-11,2024-Q4,Petcare Diagnostics,VetSelect Dx,VETSELECT DX LARGE,Retail,Region,South,11346,136148.58,0.91
nielsen_scanner,2024-11,2024-Q4,Petcare Diagnostics,VetSelect Dx,VETSELECT DX SMALL,Retail,Region,South,15590,187083.61,0.91
nielsen_scanner,2024-11,2024-Q4,Parasiticides,VetSelect Flea & Tick,VETSELECT FLEA & TICK LARGE,Retail,Region,South,48728,828373.5,0.91
nielsen_scanner,2024-11,2024-Q4,Parasiticides,VetSelect Flea & Tick,VETSELECT FLEA & TICK SMALL,Retail,Region,South,67232,1142941.35,0.91
nielsen_scanner,2024-11,2024-Q4,Pain/Osteoarthritis,VetSelect Joint,VETSELECT JOINT LARGE,Retail,Region,South,8209,238051.38,0.91
nielsen_scanner,2024-11,2024-Q4,Pain/Osteoarthritis,VetSelect Joint,VETSELECT JOINT SMALL,Retail,Region,South,10865,315086.53,0.91
nielsen_scanner,2024-11,2024-Q4,Petcare Diagnostics,Vetscan,VETSCAN LARGE,Retail,Region,South,3066,55190.16,0.91
nielsen_scanner,2024-11,2024-Q4,Petcare Diagnostics,Vetscan,VETSCAN SMALL,Retail,Region,South,4194,75494.55,0.91
nielsen_scanner,2024-11,2024-Q4,Dermatology,AllerVet RX,ALLERVET RX LARGE,Retail,Region,West,3229,174363.91,0.91
nielsen_scanner,2024-11,2024-Q4,Dermatology,AllerVet RX,ALLERVET RX SMALL,Retail,Region,West,4310,232755.66,0.91
nielsen_scanner,2024-11,2024-Q4,Dermatology,Apoquel,APOQUEL LARGE,Retail,Region,West,4107,266980.74,0.91
nielsen_scanner,2024-11,2024-Q4,Dermatology,Apoquel,APOQUEL SMALL,Retail,Region,West,5683,369365.33,0.91
nielsen_scanner,2024-11,2024-Q4,Vaccines,BioShield Vax,BIOSHIELD VAX LARGE,Retail,Region,West,3235,64691.64,0.91
nielsen_scanner,2024-11,2024-Q4,Vaccines,BioShield Vax,BIOSHIELD VAX SMALL,Retail,Region,West,4270,85406.39,0.91
nielsen_scanner,2024-11,2024-Q4,Dermatology,DermaCalm,DERMACALM LARGE,Retail,Region,West,3263,189226.19,0.91
nielsen_scanner,2024-11,2024-Q4,Dermatology,DermaCalm,DERMACALM SMALL,Retail,Region,West,4445,257815.58,0.91
nielsen_scanner,2024-11,2024-Q4,Petcare Diagnostics,DiagnosTech Vet,DIAGNOSTECH VET LARGE,Retail,Region,West,3493,59383.41,0.91
nielsen_scanner,2024-11,2024-Q4,Petcare Diagnostics,DiagnosTech Vet,DIAGNOSTECH VET SMALL,Retail,Region,West,4976,84596.82,0.91
nielsen_scanner,2024-11,2024-Q4,Parasiticides,FleaStop Pro,FLEASTOP PRO LARGE,Retail,Region,West,14882,312524.48,0.91
nielsen_scanner,2024-11,2024-Q4,Parasiticides,FleaStop Pro,FLEASTOP PRO SMALL,Retail,Region,West,21938,460693.67,0.91
nielsen_scanner,2024-11,2024-Q4,Pain/Osteoarthritis,FlexiCare Joint,FLEXICARE JOINT LARGE,Retail,Region,West,1900,83616.49,0.91
nielsen_scanner,2024-11,2024-Q4,Pain/Osteoarthritis,FlexiCare Joint,FLEXICARE JOINT SMALL,Retail,Region,West,2833,124650.08,0.91
nielsen_scanner,2024-11,2024-Q4,Vaccines,ImmunoCore Canine,IMMUNOCORE CANINE LARGE,Retail,Region,West,4145,87051.16,0.91
nielsen_scanner,2024-11,2024-Q4,Vaccines,ImmunoCore Canine,IMMUNOCORE CANINE SMALL,Retail,Region,West,5607,117736.69,0.91
nielsen_scanner,2024-11,2024-Q4,Pain/Osteoarthritis,Librela,LIBRELA LARGE,Retail,Region,West,1641,78787.4,0.91
nielsen_scanner,2024-11,2024-Q4,Pain/Osteoarthritis,Librela,LIBRELA SMALL,Retail,Region,West,2247,107860.72,0.91
nielsen_scanner,2024-11,2024-Q4,Pain/Osteoarthritis,OsteoEase Vet,OSTEOEASE VET LARGE,Retail,Region,West,1913,78430.47,0.91
nielsen_scanner,2024-11,2024-Q4,Pain/Osteoarthritis,OsteoEase Vet,OSTEOEASE VET SMALL,Retail,Region,West,2589,106142.24,0.91
nielsen_scanner,2024-11,2024-Q4,Pain/Osteoarthritis,PainAway Canine,PAINAWAY CANINE LARGE,Retail,Region,West,1657,61325.92,0.91
nielsen_scanner,2024-11,2024-Q4,Pain/Osteoarthritis,PainAway Canine,PAINAWAY CANINE SMALL,Retail,Region,West,2261,83658.41,0.91
nielsen_scanner,2024-11,2024-Q4,Petcare Diagnostics,PetLab Analyzer,PETLAB ANALYZER LARGE,Retail,Region,West,2081,31214.66,0.91
nielsen_scanner,2024-11,2024-Q4,Petcare Diagnostics,PetLab Analyzer,PETLAB ANALYZER SMALL,Retail,Region,West,2968,44521.72,0.91
nielsen_scanner,2024-11,2024-Q4,Petcare Diagnostics,RapidVet Dx,RAPIDVET DX LARGE,Retail,Region,West,3419,54704.93,0.91
nielsen_scanner,2024-11,2024-Q4,Petcare Diagnostics,RapidVet Dx,RAPIDVET DX SMALL,Retail,Region,West,4441,71060.01,0.91
nielsen_scanner,2024-11,2024-Q4,Parasiticides,Simparica Trio,SIMPARICA TRIO LARGE,Retail,Region,West,25703,719689.76,0.91
nielsen_scanner,2024-11,2024-Q4,Parasiticides,Simparica Trio,SIMPARICA TRIO SMALL,Retail,Region,West,35806,1002563.44,0.91
nielsen_scanner,2024-11,2024-Q4,Dermatology,SkinRelief Pro,SKINRELIEF PRO LARGE,Retail,Region,West,2529,123920.38,0.91
nielsen_scanner,2024-11,2024-Q4,Dermatology,SkinRelief Pro,SKINRELIEF PRO SMALL,Retail,Region,West,3532,173059.75,0.91
nielsen_scanner,2024-11,2024-Q4,Parasiticides,TickShield Plus,TICKSHIELD PLUS LARGE,Retail,Region,West,17675,424206.22,0.91
nielsen_scanner,2024-11,2024-Q4,Parasiticides,TickShield Plus,TICKSHIELD PLUS SMALL,Retail,Region,West,23699,568773.19,0.91
nielsen_scanner,2024-11,2024-Q4,Vaccines,Vanguard,VANGUARD LARGE,Retail,Region,West,2887,63506.11,0.91
nielsen_scanner,2024-11,2024-Q4,Vaccines,Vanguard,VANGUARD SMALL,Retail,Region,West,4072,89574.08,0.91
nielsen_scanner,2024-11,2024-Q4,Parasiticides,VectraGuard,VECTRAGUARD LARGE,Retail,Region,West,20288,527493.2,0.91
nielsen_scanner,2024-11,2024-Q4,Parasiticides,VectraGuard,VECTRAGUARD SMALL,Retail,Region,West,27133,705465.23,0.91
nielsen_scanner,2024-11,2024-Q4,Vaccines,VetGuard Immunize,VETGUARD IMMUNIZE LARGE,Retail,Region,West,2840,53953.4,0.91
nielsen_scanner,2024-11,2024-Q4,Vaccines,VetGuard Immunize,VETGUARD IMMUNIZE SMALL,Retail,Region,West,4022,76409.33,0.91
nielsen_scanner,2024-11,2024-Q4,Vaccines,VetSelect Core Vax,VETSELECT CORE VAX LARGE,Retail,Region,West,9593,134301.09,0.91
nielsen_scanner,2024-11,2024-Q4,Vaccines,VetSelect Core Vax,VETSELECT CORE VAX SMALL,Retail,Region,West,13069,182966.81,0.91
nielsen_scanner,2024-11,2024-Q4,Dermatology,VetSelect Derma,VETSELECT DERMA LARGE,Retail,Region,West,5683,215971.44,0.91
nielsen_scanner,2024-11,2024-Q4,Dermatology,VetSelect Derma,VETSELECT DERMA SMALL,Retail,Region,West,8357,317553.31,0.91
nielsen_scanner,2024-11,2024-Q4,Petcare Diagnostics,VetSelect Dx,VETSELECT DX LARGE,Retail,Region,West,7640,91684.35,0.91
nielsen_scanner,2024-11,2024-Q4,Petcare Diagnostics,VetSelect Dx,VETSELECT DX SMALL,Retail,Region,West,10191,122289.05,0.91
nielsen_scanner,2024-11,2024-Q4,Parasiticides,VetSelect Flea & Tick,VETSELECT FLEA & TICK LARGE,Retail,Region,West,32204,547471.32,0.91
nielsen_scanner,2024-11,2024-Q4,Parasiticides,VetSelect Flea & Tick,VETSELECT FLEA & TICK SMALL,Retail,Region,West,46374,788351.49,0.91
nielsen_scanner,2024-11,2024-Q4,Pain/Osteoarthritis,VetSelect Joint,VETSELECT JOINT LARGE,Retail,Region,West,5222,151452.48,0.91
nielsen_scanner,2024-11,2024-Q4,Pain/Osteoarthritis,VetSelect Joint,VETSELECT JOINT SMALL,Retail,Region,West,7525,218228.13,0.91
nielsen_scanner,2024-11,2024-Q4,Petcare Diagnostics,Vetscan,VETSCAN LARGE,Retail,Region,West,2371,42674.67,0.91
nielsen_scanner,2024-11,2024-Q4,Petcare Diagnostics,Vetscan,VETSCAN SMALL,Retail,Region,West,3179,57225.29,0.91
nielsen_scanner,2024-12,2024-Q4,Dermatology,AllerVet RX,ALLERVET RX LARGE,Retail,National,National,11831,638844.35,0.91
nielsen_scanner,2024-12,2024-Q4,Dermatology,AllerVet RX,ALLERVET RX SMALL,Retail,National,National,16629,897958.0,0.91
nielsen_scanner,2024-12,2024-Q4,Dermatology,Apoquel,APOQUEL LARGE,Retail,National,National,15827,1028753.18,0.91
nielsen_scanner,2024-12,2024-Q4,Dermatology,Apoquel,APOQUEL SMALL,Retail,National,National,21380,1389624.16,0.91
nielsen_scanner,2024-12,2024-Q4,Vaccines,BioShield Vax,BIOSHIELD VAX LARGE,Retail,National,National,14564,291288.53,0.91
nielsen_scanner,2024-12,2024-Q4,Vaccines,BioShield Vax,BIOSHIELD VAX SMALL,Retail,National,National,20231,404615.95,0.91
nielsen_scanner,2024-12,2024-Q4,Dermatology,DermaCalm,DERMACALM LARGE,Retail,National,National,13519,784078.2,0.91
nielsen_scanner,2024-12,2024-Q4,Dermatology,DermaCalm,DERMACALM SMALL,Retail,National,National,18341,1063775.07,0.91
nielsen_scanner,2024-12,2024-Q4,Petcare Diagnostics,DiagnosTech Vet,DIAGNOSTECH VET LARGE,Retail,National,National,15208,258534.51,0.91
nielsen_scanner,2024-12,2024-Q4,Petcare Diagnostics,DiagnosTech Vet,DIAGNOSTECH VET SMALL,Retail,National,National,21217,360684.83,0.91
nielsen_scanner,2024-12,2024-Q4,Parasiticides,FleaStop Pro,FLEASTOP PRO LARGE,Retail,National,National,62965,1322243.75,0.91
nielsen_scanner,2024-12,2024-Q4,Parasiticides,FleaStop Pro,FLEASTOP PRO SMALL,Retail,National,National,86496,1816407.68,0.91
nielsen_scanner,2024-12,2024-Q4,Pain/Osteoarthritis,FlexiCare Joint,FLEXICARE JOINT LARGE,Retail,National,National,9783,430457.94,0.91
nielsen_scanner,2024-12,2024-Q4,Pain/Osteoarthritis,FlexiCare Joint,FLEXICARE JOINT SMALL,Retail,National,National,13368,588184.57,0.91
nielsen_scanner,2024-12,2024-Q4,Vaccines,ImmunoCore Canine,IMMUNOCORE CANINE LARGE,Retail,National,National,16907,355052.16,0.91
nielsen_scanner,2024-12,2024-Q4,Vaccines,ImmunoCore Canine,IMMUNOCORE CANINE SMALL,Retail,National,National,23898,501849.91,0.91
nielsen_scanner,2024-12,2024-Q4,Pain/Osteoarthritis,Librela,LIBRELA LARGE,Retail,National,National,6958,334012.36,0.91
nielsen_scanner,2024-12,2024-Q4,Pain/Osteoarthritis,Librela,LIBRELA SMALL,Retail,National,National,9687,465004.27,0.91
nielsen_scanner,2024-12,2024-Q4,Pain/Osteoarthritis,OsteoEase Vet,OSTEOEASE VET LARGE,Retail,National,National,8698,356614.38,0.91
nielsen_scanner,2024-12,2024-Q4,Pain/Osteoarthritis,OsteoEase Vet,OSTEOEASE VET SMALL,Retail,National,National,11922,488807.11,0.91
nielsen_scanner,2024-12,2024-Q4,Pain/Osteoarthritis,PainAway Canine,PAINAWAY CANINE LARGE,Retail,National,National,8069,298591.66,0.91
nielsen_scanner,2024-12,2024-Q4,Pain/Osteoarthritis,PainAway Canine,PAINAWAY CANINE SMALL,Retail,National,National,11137,412109.11,0.91
nielsen_scanner,2024-12,2024-Q4,Petcare Diagnostics,PetLab Analyzer,PETLAB ANALYZER LARGE,Retail,National,National,8893,133389.79,0.91
nielsen_scanner,2024-12,2024-Q4,Petcare Diagnostics,PetLab Analyzer,PETLAB ANALYZER SMALL,Retail,National,National,12300,184504.92,0.91
nielsen_scanner,2024-12,2024-Q4,Petcare Diagnostics,RapidVet Dx,RAPIDVET DX LARGE,Retail,National,National,14394,230300.37,0.91
nielsen_scanner,2024-12,2024-Q4,Petcare Diagnostics,RapidVet Dx,RAPIDVET DX SMALL,Retail,National,National,19919,318699.03,0.91
nielsen_scanner,2024-12,2024-Q4,Parasiticides,Simparica Trio,SIMPARICA TRIO LARGE,Retail,National,National,98372,2754408.91,0.91
nielsen_scanner,2024-12,2024-Q4,Parasiticides,Simparica Trio,SIMPARICA TRIO SMALL,Retail,National,National,136407,3819385.01,0.91
nielsen_scanner,2024-12,2024-Q4,Dermatology,SkinRelief Pro,SKINRELIEF PRO LARGE,Retail,National,National,10475,513296.62,0.91
nielsen_scanner,2024-12,2024-Q4,Dermatology,SkinRelief Pro,SKINRELIEF PRO SMALL,Retail,National,National,14696,720130.79,0.91
nielsen_scanner,2024-12,2024-Q4,Parasiticides,TickShield Plus,TICKSHIELD PLUS LARGE,Retail,National,National,72275,1734586.71,0.91
nielsen_scanner,2024-12,2024-Q4,Parasiticides,TickShield Plus,TICKSHIELD PLUS SMALL,Retail,National,National,100559,2413428.69,0.91
nielsen_scanner,2024-12,2024-Q4,Vaccines,Vanguard,VANGUARD LARGE,Retail,National,National,11876,261270.37,0.91
nielsen_scanner,2024-12,2024-Q4,Vaccines,Vanguard,VANGUARD SMALL,Retail,National,National,16239,357273.32,0.91
nielsen_scanner,2024-12,2024-Q4,Parasiticides,VectraGuard,VECTRAGUARD LARGE,Retail,National,National,88994,2313844.31,0.91
nielsen_scanner,2024-12,2024-Q4,Parasiticides,VectraGuard,VECTRAGUARD SMALL,Retail,National,National,119803,3114877.53,0.91
nielsen_scanner,2024-12,2024-Q4,Vaccines,VetGuard Immunize,VETGUARD IMMUNIZE LARGE,Retail,National,National,12207,231923.21,0.91
nielsen_scanner,2024-12,2024-Q4,Vaccines,VetGuard Immunize,VETGUARD IMMUNIZE SMALL,Retail,National,National,16402,311642.16,0.91
nielsen_scanner,2024-12,2024-Q4,Vaccines,VetSelect Core Vax,VETSELECT CORE VAX LARGE,Retail,National,National,41601,582420.0,0.91
nielsen_scanner,2024-12,2024-Q4,Vaccines,VetSelect Core Vax,VETSELECT CORE VAX SMALL,Retail,National,National,57919,810865.5,0.91
nielsen_scanner,2024-12,2024-Q4,Dermatology,VetSelect Derma,VETSELECT DERMA LARGE,Retail,National,National,25116,954396.17,0.91
nielsen_scanner,2024-12,2024-Q4,Dermatology,VetSelect Derma,VETSELECT DERMA SMALL,Retail,National,National,35425,1346147.26,0.91
nielsen_scanner,2024-12,2024-Q4,Petcare Diagnostics,VetSelect Dx,VETSELECT DX LARGE,Retail,National,National,35099,421191.21,0.91
nielsen_scanner,2024-12,2024-Q4,Petcare Diagnostics,VetSelect Dx,VETSELECT DX SMALL,Retail,National,National,46177,554127.18,0.91
nielsen_scanner,2024-12,2024-Q4,Parasiticides,VetSelect Flea & Tick,VETSELECT FLEA & TICK LARGE,Retail,National,National,147014,2499226.08,0.91
nielsen_scanner,2024-12,2024-Q4,Parasiticides,VetSelect Flea & Tick,VETSELECT FLEA & TICK SMALL,Retail,National,National,205402,3491838.22,0.91
nielsen_scanner,2024-12,2024-Q4,Pain/Osteoarthritis,VetSelect Joint,VETSELECT JOINT LARGE,Retail,National,National,24471,709646.49,0.91
nielsen_scanner,2024-12,2024-Q4,Pain/Osteoarthritis,VetSelect Joint,VETSELECT JOINT SMALL,Retail,National,National,33605,974577.28,0.91
nielsen_scanner,2024-12,2024-Q4,Petcare Diagnostics,Vetscan,VETSCAN LARGE,Retail,National,National,9468,170414.15,0.91
nielsen_scanner,2024-12,2024-Q4,Petcare Diagnostics,Vetscan,VETSCAN SMALL,Retail,National,National,13261,238699.27,0.91
nielsen_scanner,2024-12,2024-Q4,Dermatology,AllerVet RX,ALLERVET RX LARGE,Retail,Region,Midwest,2656,143400.75,0.91
nielsen_scanner,2024-12,2024-Q4,Dermatology,AllerVet RX,ALLERVET RX SMALL,Retail,Region,Midwest,3585,193593.3,0.91
nielsen_scanner,2024-12,2024-Q4,Dermatology,Apoquel,APOQUEL LARGE,Retail,Region,Midwest,3390,220376.94,0.91
nielsen_scanner,2024-12,2024-Q4,Dermatology,Apoquel,APOQUEL SMALL,Retail,Region,Midwest,4237,275381.26,0.91
nielsen_scanner,2024-12,2024-Q4,Vaccines,BioShield Vax,BIOSHIELD VAX LARGE,Retail,Region,Midwest,3152,63049.5,0.91
nielsen_scanner,2024-12,2024-Q4,Vaccines,BioShield Vax,BIOSHIELD VAX SMALL,Retail,Region,Midwest,4396,87916.88,0.91
nielsen_scanner,2024-12,2024-Q4,Dermatology,DermaCalm,DERMACALM LARGE,Retail,Region,Midwest,2851,165350.51,0.91
nielsen_scanner,2024-12,2024-Q4,Dermatology,DermaCalm,DERMACALM SMALL,Retail,Region,Midwest,3845,222998.19,0.91
nielsen_scanner,2024-12,2024-Q4,Petcare Diagnostics,DiagnosTech Vet,DIAGNOSTECH VET LARGE,Retail,Region,Midwest,3332,56650.95,0.91
nielsen_scanner,2024-12,2024-Q4,Petcare Diagnostics,DiagnosTech Vet,DIAGNOSTECH VET SMALL,Retail,Region,Midwest,4731,80425.27,0.91
nielsen_scanner,2024-12,2024-Q4,Parasiticides,FleaStop Pro,FLEASTOP PRO LARGE,Retail,Region,Midwest,13218,277575.03,0.91
nielsen_scanner,2024-12,2024-Q4,Parasiticides,FleaStop Pro,FLEASTOP PRO SMALL,Retail,Region,Midwest,18087,379830.07,0.91
nielsen_scanner,2024-12,2024-Q4,Pain/Osteoarthritis,FlexiCare Joint,FLEXICARE JOINT LARGE,Retail,Region,Midwest,2049,90171.39,0.91
nielsen_scanner,2024-12,2024-Q4,Pain/Osteoarthritis,FlexiCare Joint,FLEXICARE JOINT SMALL,Retail,Region,Midwest,2787,122642.51,0.91
nielsen_scanner,2024-12,2024-Q4,Vaccines,ImmunoCore Canine,IMMUNOCORE CANINE LARGE,Retail,Region,Midwest,3406,71534.4,0.91
nielsen_scanner,2024-12,2024-Q4,Vaccines,ImmunoCore Canine,IMMUNOCORE CANINE SMALL,Retail,Region,Midwest,4736,99458.57,0.91
nielsen_scanner,2024-12,2024-Q4,Pain/Osteoarthritis,Librela,LIBRELA LARGE,Retail,Region,Midwest,1568,75282.74,0.91
nielsen_scanner,2024-12,2024-Q4,Pain/Osteoarthritis,Librela,LIBRELA SMALL,Retail,Region,Midwest,2205,105830.84,0.91
nielsen_scanner,2024-12,2024-Q4,Pain/Osteoarthritis,OsteoEase Vet,OSTEOEASE VET LARGE,Retail,Region,Midwest,1769,72525.57,0.91
nielsen_scanner,2024-12,2024-Q4,Pain/Osteoarthritis,OsteoEase Vet,OSTEOEASE VET SMALL,Retail,Region,Midwest,2369,97143.51,0.91
nielsen_scanner,2024-12,2024-Q4,Pain/Osteoarthritis,PainAway Canine,PAINAWAY CANINE LARGE,Retail,Region,Midwest,1808,66891.92,0.91
nielsen_scanner,2024-12,2024-Q4,Pain/Osteoarthritis,PainAway Canine,PAINAWAY CANINE SMALL,Retail,Region,Midwest,2408,89113.81,0.91
nielsen_scanner,2024-12,2024-Q4,Petcare Diagnostics,PetLab Analyzer,PETLAB ANALYZER LARGE,Retail,Region,Midwest,1725,25879.79,0.91
nielsen_scanner,2024-12,2024-Q4,Petcare Diagnostics,PetLab Analyzer,PETLAB ANALYZER SMALL,Retail,Region,Midwest,2455,36822.61,0.91
nielsen_scanner,2024-12,2024-Q4,Petcare Diagnostics,RapidVet Dx,RAPIDVET DX LARGE,Retail,Region,Midwest,2881,46096.2,0.91
nielsen_scanner,2024-12,2024-Q4,Petcare Diagnostics,RapidVet Dx,RAPIDVET DX SMALL,Retail,Region,Midwest,4224,67581.32,0.91
nielsen_scanner,2024-12,2024-Q4,Parasiticides,Simparica Trio,SIMPARICA TRIO LARGE,Retail,Region,Midwest,20188,565275.99,0.91
nielsen_scanner,2024-12,2024-Q4,Parasiticides,Simparica Trio,SIMPARICA TRIO SMALL,Retail,Region,Midwest,27839,779502.22,0.91
nielsen_scanner,2024-12,2024-Q4,Dermatology,SkinRelief Pro,SKINRELIEF PRO LARGE,Retail,Region,Midwest,2137,104710.42,0.91
nielsen_scanner,2024-12,2024-Q4,Dermatology,SkinRelief Pro,SKINRELIEF PRO SMALL,Retail,Region,Midwest,2912,142688.33,0.91
nielsen_scanner,2024-12,2024-Q4,Parasiticides,TickShield Plus,TICKSHIELD PLUS LARGE,Retail,Region,Midwest,15645,375476.09,0.91
nielsen_scanner,2024-12,2024-Q4,Parasiticides,TickShield Plus,TICKSHIELD PLUS SMALL,Retail,Region,Midwest,20089,482143.48,0.91
nielsen_scanner,2024-12,2024-Q4,Vaccines,Vanguard,VANGUARD LARGE,Retail,Region,Midwest,2725,59952.47,0.91
nielsen_scanner,2024-12,2024-Q4,Vaccines,Vanguard,VANGUARD SMALL,Retail,Region,Midwest,3635,79977.84,0.91
nielsen_scanner,2024-12,2024-Q4,Parasiticides,VectraGuard,VECTRAGUARD LARGE,Retail,Region,Midwest,19638,510579.01,0.91
nielsen_scanner,2024-12,2024-Q4,Parasiticides,VectraGuard,VECTRAGUARD SMALL,Retail,Region,Midwest,26204,681308.18,0.91
nielsen_scanner,2024-12,2024-Q4,Vaccines,VetGuard Immunize,VETGUARD IMMUNIZE LARGE,Retail,Region,Midwest,2538,48219.85,0.91
nielsen_scanner,2024-12,2024-Q4,Vaccines,VetGuard Immunize,VETGUARD IMMUNIZE SMALL,Retail,Region,Midwest,3446,65471.51,0.91
nielsen_scanner,2024-12,2024-Q4,Vaccines,VetSelect Core Vax,VETSELECT CORE VAX LARGE,Retail,Region,Midwest,9130,127822.78,0.91
nielsen_scanner,2024-12,2024-Q4,Vaccines,VetSelect Core Vax,VETSELECT CORE VAX SMALL,Retail,Region,Midwest,12733,178261.89,0.91
nielsen_scanner,2024-12,2024-Q4,Dermatology,VetSelect Derma,VETSELECT DERMA LARGE,Retail,Region,Midwest,5396,205046.44,0.91
nielsen_scanner,2024-12,2024-Q4,Dermatology,VetSelect Derma,VETSELECT DERMA SMALL,Retail,Region,Midwest,7561,287308.89,0.91
nielsen_scanner,2024-12,2024-Q4,Petcare Diagnostics,VetSelect Dx,VETSELECT DX LARGE,Retail,Region,Midwest,7027,84323.25,0.91
nielsen_scanner,2024-12,2024-Q4,Petcare Diagnostics,VetSelect Dx,VETSELECT DX SMALL,Retail,Region,Midwest,9944,119328.22,0.91
nielsen_scanner,2024-12,2024-Q4,Parasiticides,VetSelect Flea & Tick,VETSELECT FLEA & TICK LARGE,Retail,Region,Midwest,29474,501049.82,0.91
nielsen_scanner,2024-12,2024-Q4,Parasiticides,VetSelect Flea & Tick,VETSELECT FLEA & TICK SMALL,Retail,Region,Midwest,39572,672719.12,0.91
nielsen_scanner,2024-12,2024-Q4,Pain/Osteoarthritis,VetSelect Joint,VETSELECT JOINT LARGE,Retail,Region,Midwest,5145,149204.73,0.91
nielsen_scanner,2024-12,2024-Q4,Pain/Osteoarthritis,VetSelect Joint,VETSELECT JOINT SMALL,Retail,Region,Midwest,7448,216006.2,0.91
nielsen_scanner,2024-12,2024-Q4,Petcare Diagnostics,Vetscan,VETSCAN LARGE,Retail,Region,Midwest,2042,36748.18,0.91
nielsen_scanner,2024-12,2024-Q4,Petcare Diagnostics,Vetscan,VETSCAN SMALL,Retail,Region,Midwest,2795,50313.98,0.91
nielsen_scanner,2024-12,2024-Q4,Dermatology,AllerVet RX,ALLERVET RX LARGE,Retail,Region,Northeast,2563,138417.17,0.91
nielsen_scanner,2024-12,2024-Q4,Dermatology,AllerVet RX,ALLERVET RX SMALL,Retail,Region,Northeast,3543,191345.3,0.91
nielsen_scanner,2024-12,2024-Q4,Dermatology,Apoquel,APOQUEL LARGE,Retail,Region,Northeast,3290,213838.26,0.91
nielsen_scanner,2024-12,2024-Q4,Dermatology,Apoquel,APOQUEL SMALL,Retail,Region,Northeast,4638,301466.97,0.91
nielsen_scanner,2024-12,2024-Q4,Vaccines,BioShield Vax,BIOSHIELD VAX LARGE,Retail,Region,Northeast,3050,61005.96,0.91
nielsen_scanner,2024-12,2024-Q4,Vaccines,BioShield Vax,BIOSHIELD VAX SMALL,Retail,Region,Northeast,4367,87343.71,0.91
nielsen_scanner,2024-12,2024-Q4,Dermatology,DermaCalm,DERMACALM LARGE,Retail,Region,Northeast,3045,176619.1,0.91
nielsen_scanner,2024-12,2024-Q4,Dermatology,DermaCalm,DERMACALM SMALL,Retail,Region,Northeast,3881,225103.99,0.91
nielsen_scanner,2024-12,2024-Q4,Petcare Diagnostics,DiagnosTech Vet,DIAGNOSTECH VET LARGE,Retail,Region,Northeast,3208,54534.84,0.91
nielsen_scanner,2024-12,2024-Q4,Petcare Diagnostics,DiagnosTech Vet,DIAGNOSTECH VET SMALL,Retail,Region,Northeast,4727,80360.18,0.91
nielsen_scanner,2024-12,2024-Q4,Parasiticides,FleaStop Pro,FLEASTOP PRO LARGE,Retail,Region,Northeast,13840,290629.56,0.91
nielsen_scanner,2024-12,2024-Q4,Parasiticides,FleaStop Pro,FLEASTOP PRO SMALL,Retail,Region,Northeast,18316,384628.11,0.91
nielsen_scanner,2024-12,2024-Q4,Pain/Osteoarthritis,FlexiCare Joint,FLEXICARE JOINT LARGE,Retail,Region,Northeast,2093,92104.01,0.91
nielsen_scanner,2024-12,2024-Q4,Pain/Osteoarthritis,FlexiCare Joint,FLEXICARE JOINT SMALL,Retail,Region,Northeast,2821,124113.22,0.91
nielsen_scanner,2024-12,2024-Q4,Vaccines,ImmunoCore Canine,IMMUNOCORE CANINE LARGE,Retail,Region,Northeast,3801,79817.7,0.91
nielsen_scanner,2024-12,2024-Q4,Vaccines,ImmunoCore Canine,IMMUNOCORE CANINE SMALL,Retail,Region,Northeast,5397,113338.8,0.91
nielsen_scanner,2024-12,2024-Q4,Pain/Osteoarthritis,Librela,LIBRELA LARGE,Retail,Region,Northeast,1519,72930.46,0.91
nielsen_scanner,2024-12,2024-Q4,Pain/Osteoarthritis,Librela,LIBRELA SMALL,Retail,Region,Northeast,1958,94004.16,0.91
nielsen_scanner,2024-12,2024-Q4,Pain/Osteoarthritis,OsteoEase Vet,OSTEOEASE VET LARGE,Retail,Region,Northeast,1975,80958.58,0.91
nielsen_scanner,2024-12,2024-Q4,Pain/Osteoarthritis,OsteoEase Vet,OSTEOEASE VET SMALL,Retail,Region,Northeast,2743,112459.21,0.91
nielsen_scanner,2024-12,2024-Q4,Pain/Osteoarthritis,PainAway Canine,PAINAWAY CANINE LARGE,Retail,Region,Northeast,1654,61212.21,0.91
nielsen_scanner,2024-12,2024-Q4,Pain/Osteoarthritis,PainAway Canine,PAINAWAY CANINE SMALL,Retail,Region,Northeast,2311,85505.43,0.91
nielsen_scanner,2024-12,2024-Q4,Petcare Diagnostics,PetLab Analyzer,PETLAB ANALYZER LARGE,Retail,Region,Northeast,2085,31269.67,0.91
nielsen_scanner,2024-12,2024-Q4,Petcare Diagnostics,PetLab Analyzer,PETLAB ANALYZER SMALL,Retail,Region,Northeast,2793,41893.76,0.91
nielsen_scanner,2024-12,2024-Q4,Petcare Diagnostics,RapidVet Dx,RAPIDVET DX LARGE,Retail,Region,Northeast,3185,50956.32,0.91
nielsen_scanner,2024-12,2024-Q4,Petcare Diagnostics,RapidVet Dx,RAPIDVET DX SMALL,Retail,Region,Northeast,4457,71307.92,0.91
nielsen_scanner,2024-12,2024-Q4,Parasiticides,Simparica Trio,SIMPARICA TRIO LARGE,Retail,Region,Northeast,22743,636809.32,0.91
nielsen_scanner,2024-12,2024-Q4,Parasiticides,Simparica Trio,SIMPARICA TRIO SMALL,Retail,Region,Northeast,28827,807149.3,0.91
nielsen_scanner,2024-12,2024-Q4,Dermatology,SkinRelief Pro,SKINRELIEF PRO LARGE,Retail,Region,Northeast,2248,110169.58,0.91
nielsen_scanner,2024-12,2024-Q4,Dermatology,SkinRelief Pro,SKINRELIEF PRO SMALL,Retail,Region,Northeast,3208,157171.93,0.91
nielsen_scanner,2024-12,2024-Q4,Parasiticides,TickShield Plus,TICKSHIELD PLUS LARGE,Retail,Region,Northeast,16084,386022.13,0.91
nielsen_scanner,2024-12,2024-Q4,Parasiticides,TickShield Plus,TICKSHIELD PLUS SMALL,Retail,Region,Northeast,23255,558121.44,0.91
nielsen_scanner,2024-12,2024-Q4,Vaccines,Vanguard,VANGUARD LARGE,Retail,Region,Northeast,2577,56690.21,0.91
nielsen_scanner,2024-12,2024-Q4,Vaccines,Vanguard,VANGUARD SMALL,Retail,Region,Northeast,3547,78040.4,0.91
nielsen_scanner,2024-12,2024-Q4,Parasiticides,VectraGuard,VECTRAGUARD LARGE,Retail,Region,Northeast,19676,511583.22,0.91
nielsen_scanner,2024-12,2024-Q4,Parasiticides,VectraGuard,VECTRAGUARD SMALL,Retail,Region,Northeast,25656,667047.27,0.91
nielsen_scanner,2024-12,2024-Q4,Vaccines,VetGuard Immunize,VETGUARD IMMUNIZE LARGE,Retail,Region,Northeast,2673,50786.09,0.91
nielsen_scanner,2024-12,2024-Q4,Vaccines,VetGuard Immunize,VETGUARD IMMUNIZE SMALL,Retail,Region,Northeast,3832,72806.96,0.91
nielsen_scanner,2024-12,2024-Q4,Vaccines,VetSelect Core Vax,VETSELECT CORE VAX LARGE,Retail,Region,Northeast,8673,121427.41,0.91
nielsen_scanner,2024-12,2024-Q4,Vaccines,VetSelect Core Vax,VETSELECT CORE VAX SMALL,Retail,Region,Northeast,12349,172884.64,0.91
nielsen_scanner,2024-12,2024-Q4,Dermatology,VetSelect Derma,VETSELECT DERMA LARGE,Retail,Region,Northeast,5387,204706.68,0.91
nielsen_scanner,2024-12,2024-Q4,Dermatology,VetSelect Derma,VETSELECT DERMA SMALL,Retail,Region,Northeast,7568,287588.65,0.91
nielsen_scanner,2024-12,2024-Q4,Petcare Diagnostics,VetSelect Dx,VETSELECT DX LARGE,Retail,Region,Northeast,8000,96001.15,0.91
nielsen_scanner,2024-12,2024-Q4,Petcare Diagnostics,VetSelect Dx,VETSELECT DX SMALL,Retail,Region,Northeast,10509,126106.96,0.91
nielsen_scanner,2024-12,2024-Q4,Parasiticides,VetSelect Flea & Tick,VETSELECT FLEA & TICK LARGE,Retail,Region,Northeast,33391,567650.56,0.91
nielsen_scanner,2024-12,2024-Q4,Parasiticides,VetSelect Flea & Tick,VETSELECT FLEA & TICK SMALL,Retail,Region,Northeast,44191,751253.45,0.91
nielsen_scanner,2024-12,2024-Q4,Pain/Osteoarthritis,VetSelect Joint,VETSELECT JOINT LARGE,Retail,Region,Northeast,5400,156589.64,0.91
nielsen_scanner,2024-12,2024-Q4,Pain/Osteoarthritis,VetSelect Joint,VETSELECT JOINT SMALL,Retail,Region,Northeast,6944,201377.23,0.91
nielsen_scanner,2024-12,2024-Q4,Petcare Diagnostics,Vetscan,VETSCAN LARGE,Retail,Region,Northeast,2015,36263.55,0.91
nielsen_scanner,2024-12,2024-Q4,Petcare Diagnostics,Vetscan,VETSCAN SMALL,Retail,Region,Northeast,2780,50036.56,0.91
nielsen_scanner,2024-12,2024-Q4,Dermatology,AllerVet RX,ALLERVET RX LARGE,Retail,Region,South,3892,210166.61,0.91
nielsen_scanner,2024-12,2024-Q4,Dermatology,AllerVet RX,ALLERVET RX SMALL,Retail,Region,South,5660,305616.13,0.91
nielsen_scanner,2024-12,2024-Q4,Dermatology,Apoquel,APOQUEL LARGE,Retail,Region,South,5588,363221.71,0.91
nielsen_scanner,2024-12,2024-Q4,Dermatology,Apoquel,APOQUEL SMALL,Retail,Region,South,7270,472522.9,0.91
nielsen_scanner,2024-12,2024-Q4,Vaccines,BioShield Vax,BIOSHIELD VAX LARGE,Retail,Region,South,4858,97160.51,0.91
nielsen_scanner,2024-12,2024-Q4,Vaccines,BioShield Vax,BIOSHIELD VAX SMALL,Retail,Region,South,6726,134522.65,0.91
nielsen_scanner,2024-12,2024-Q4,Dermatology,DermaCalm,DERMACALM LARGE,Retail,Region,South,4367,253275.41,0.91
nielsen_scanner,2024-12,2024-Q4,Dermatology,DermaCalm,DERMACALM SMALL,Retail,Region,South,6263,363253.53,0.91
nielsen_scanner,2024-12,2024-Q4,Petcare Diagnostics,DiagnosTech Vet,DIAGNOSTECH VET LARGE,Retail,Region,South,5294,89990.6,0.91
nielsen_scanner,2024-12,2024-Q4,Petcare Diagnostics,DiagnosTech Vet,DIAGNOSTECH VET SMALL,Retail,Region,South,7207,122512.0,0.91
nielsen_scanner,2024-12,2024-Q4,Parasiticides,FleaStop Pro,FLEASTOP PRO LARGE,Retail,Region,South,21484,451156.88,0.91
nielsen_scanner,2024-12,2024-Q4,Parasiticides,FleaStop Pro,FLEASTOP PRO SMALL,Retail,Region,South,30010,630215.28,0.91
nielsen_scanner,2024-12,2024-Q4,Pain/Osteoarthritis,FlexiCare Joint,FLEXICARE JOINT LARGE,Retail,Region,South,3411,150076.65,0.91
nielsen_scanner,2024-12,2024-Q4,Pain/Osteoarthritis,FlexiCare Joint,FLEXICARE JOINT SMALL,Retail,Region,South,4771,209926.34,0.91
nielsen_scanner,2024-12,2024-Q4,Vaccines,ImmunoCore Canine,IMMUNOCORE CANINE LARGE,Retail,Region,South,5402,113441.51,0.91
nielsen_scanner,2024-12,2024-Q4,Vaccines,ImmunoCore Canine,IMMUNOCORE CANINE SMALL,Retail,Region,South,8000,167993.44,0.91
nielsen_scanner,2024-12,2024-Q4,Pain/Osteoarthritis,Librela,LIBRELA LARGE,Retail,Region,South,2284,109618.6,0.91
nielsen_scanner,2024-12,2024-Q4,Pain/Osteoarthritis,Librela,LIBRELA SMALL,Retail,Region,South,3335,160074.34,0.91
nielsen_scanner,2024-12,2024-Q4,Pain/Osteoarthritis,OsteoEase Vet,OSTEOEASE VET LARGE,Retail,Region,South,2992,122691.01,0.91
nielsen_scanner,2024-12,2024-Q4,Pain/Osteoarthritis,OsteoEase Vet,OSTEOEASE VET SMALL,Retail,Region,South,4045,165838.96,0.91
nielsen_scanner,2024-12,2024-Q4,Pain/Osteoarthritis,PainAway Canine,PAINAWAY CANINE LARGE,Retail,Region,South,2652,98139.66,0.91
nielsen_scanner,2024-12,2024-Q4,Pain/Osteoarthritis,PainAway Canine,PAINAWAY CANINE SMALL,Retail,Region,South,3682,136250.9,0.91
nielsen_scanner,2024-12,2024-Q4,Petcare Diagnostics,PetLab Analyzer,PETLAB ANALYZER LARGE,Retail,Region,South,2951,44260.04,0.91
nielsen_scanner,2024-12,2024-Q4,Petcare Diagnostics,PetLab Analyzer,PETLAB ANALYZER SMALL,Retail,Region,South,4040,60604.81,0.91
nielsen_scanner,2024-12,2024-Q4,Petcare Diagnostics,RapidVet Dx,RAPIDVET DX LARGE,Retail,Region,South,5110,81758.68,0.91
nielsen_scanner,2024-12,2024-Q4,Petcare Diagnostics,RapidVet Dx,RAPIDVET DX SMALL,Retail,Region,South,6917,110669.12,0.91
nielsen_scanner,2024-12,2024-Q4,Parasiticides,Simparica Trio,SIMPARICA TRIO LARGE,Retail,Region,South,33492,937763.41,0.91
nielsen_scanner,2024-12,2024-Q4,Parasiticides,Simparica Trio,SIMPARICA TRIO SMALL,Retail,Region,South,49400,1383199.36,0.91
nielsen_scanner,2024-12,2024-Q4,Dermatology,SkinRelief Pro,SKINRELIEF PRO LARGE,Retail,Region,South,3672,179941.81,0.91
nielsen_scanner,2024-12,2024-Q4,Dermatology,SkinRelief Pro,SKINRELIEF PRO SMALL,Retail,Region,South,5189,254283.66,0.91
nielsen_scanner,2024-12,2024-Q4,Parasiticides,TickShield Plus,TICKSHIELD PLUS LARGE,Retail,Region,South,24285,582834.64,0.91
nielsen_scanner,2024-12,2024-Q4,Parasiticides,TickShield Plus,TICKSHIELD PLUS SMALL,Retail,Region,South,32716,785180.75,0.91
nielsen_scanner,2024-12,2024-Q4,Vaccines,Vanguard,VANGUARD LARGE,Retail,Region,South,3751,82512.23,0.91
nielsen_scanner,2024-12,2024-Q4,Vaccines,Vanguard,VANGUARD SMALL,Retail,Region,South,5180,113960.77,0.91
nielsen_scanner,2024-12,2024-Q4,Parasiticides,VectraGuard,VECTRAGUARD LARGE,Retail,Region,South,29744,773333.41,0.91
nielsen_scanner,2024-12,2024-Q4,Parasiticides,VectraGuard,VECTRAGUARD SMALL,Retail,Region,South,40197,1045133.75,0.91
nielsen_scanner,2024-12,2024-Q4,Vaccines,VetGuard Immunize,VETGUARD IMMUNIZE LARGE,Retail,Region,South,4302,81732.59,0.91
nielsen_scanner,2024-12,2024-Q4,Vaccines,VetGuard Immunize,VETGUARD IMMUNIZE SMALL,Retail,Region,South,5240,99568.98,0.91
nielsen_scanner,2024-12,2024-Q4,Vaccines,VetSelect Core Vax,VETSELECT CORE VAX LARGE,Retail,Region,South,14675,205447.71,0.91
nielsen_scanner,2024-12,2024-Q4,Vaccines,VetSelect Core Vax,VETSELECT CORE VAX SMALL,Retail,Region,South,18834,263673.25,0.91
nielsen_scanner,2024-12,2024-Q4,Dermatology,VetSelect Derma,VETSELECT DERMA LARGE,Retail,Region,South,8711,331009.86,0.91
nielsen_scanner,2024-12,2024-Q4,Dermatology,VetSelect Derma,VETSELECT DERMA SMALL,Retail,Region,South,12437,472622.65,0.91
nielsen_scanner,2024-12,2024-Q4,Petcare Diagnostics,VetSelect Dx,VETSELECT DX LARGE,Retail,Region,South,11828,141938.52,0.91
nielsen_scanner,2024-12,2024-Q4,Petcare Diagnostics,VetSelect Dx,VETSELECT DX SMALL,Retail,Region,South,14104,169251.65,0.91
nielsen_scanner,2024-12,2024-Q4,Parasiticides,VetSelect Flea & Tick,VETSELECT FLEA & TICK LARGE,Retail,Region,South,50378,856421.1,0.91
nielsen_scanner,2024-12,2024-Q4,Parasiticides,VetSelect Flea & Tick,VETSELECT FLEA & TICK SMALL,Retail,Region,South,70332,1195650.19,0.91
nielsen_scanner,2024-12,2024-Q4,Pain/Osteoarthritis,VetSelect Joint,VETSELECT JOINT LARGE,Retail,Region,South,8101,234928.59,0.91
nielsen_scanner,2024-12,2024-Q4,Pain/Osteoarthritis,VetSelect Joint,VETSELECT JOINT SMALL,Retail,Region,South,11568,335480.78,0.91
nielsen_scanner,2024-12,2024-Q4,Petcare Diagnostics,Vetscan,VETSCAN LARGE,Retail,Region,South,3227,58092.4,0.91
nielsen_scanner,2024-12,2024-Q4,Petcare Diagnostics,Vetscan,VETSCAN SMALL,Retail,Region,South,4610,82985.91,0.91
nielsen_scanner,2024-12,2024-Q4,Dermatology,AllerVet RX,ALLERVET RX LARGE,Retail,Region,West,2720,146859.82,0.91
nielsen_scanner,2024-12,2024-Q4,Dermatology,AllerVet RX,ALLERVET RX SMALL,Retail,Region,West,3841,207403.27,0.91
nielsen_scanner,2024-12,2024-Q4,Dermatology,Apoquel,APOQUEL LARGE,Retail,Region,West,3559,231316.27,0.91
nielsen_scanner,2024-12,2024-Q4,Dermatology,Apoquel,APOQUEL SMALL,Retail,Region,West,5235,340253.03,0.91
nielsen_scanner,2024-12,2024-Q4,Vaccines,BioShield Vax,BIOSHIELD VAX LARGE,Retail,Region,West,3504,70072.56,0.91
nielsen_scanner,2024-12,2024-Q4,Vaccines,BioShield Vax,BIOSHIELD VAX SMALL,Retail,Region,West,4742,94832.71,0.91
nielsen_scanner,2024-12,2024-Q4,Dermatology,DermaCalm,DERMACALM LARGE,Retail,Region,West,3256,188833.18,0.91
nielsen_scanner,2024-12,2024-Q4,Dermatology,DermaCalm,DERMACALM SMALL,Retail,Region,West,4352,252419.36,0.91
nielsen_scanner,2024-12,2024-Q4,Petcare Diagnostics,DiagnosTech Vet,DIAGNOSTECH VET LARGE,Retail,Region,West,3374,57358.12,0.91
nielsen_scanner,2024-12,2024-Q4,Petcare Diagnostics,DiagnosTech Vet,DIAGNOSTECH VET SMALL,Retail,Region,West,4552,77387.38,0.91
nielsen_scanner,2024-12,2024-Q4,Parasiticides,FleaStop Pro,FLEASTOP PRO LARGE,Retail,Region,West,14423,302882.28,0.91
nielsen_scanner,2024-12,2024-Q4,Parasiticides,FleaStop Pro,FLEASTOP PRO SMALL,Retail,Region,West,20083,421734.22,0.91
nielsen_scanner,2024-12,2024-Q4,Pain/Osteoarthritis,FlexiCare Joint,FLEXICARE JOINT LARGE,Retail,Region,West,2230,98105.89,0.91
nielsen_scanner,2024-12,2024-Q4,Pain/Osteoarthritis,FlexiCare Joint,FLEXICARE JOINT SMALL,Retail,Region,West,2989,131502.5,0.91
nielsen_scanner,2024-12,2024-Q4,Vaccines,ImmunoCore Canine,IMMUNOCORE CANINE LARGE,Retail,Region,West,4298,90258.55,0.91
nielsen_scanner,2024-12,2024-Q4,Vaccines,ImmunoCore Canine,IMMUNOCORE CANINE SMALL,Retail,Region,West,5765,121059.1,0.91
nielsen_scanner,2024-12,2024-Q4,Pain/Osteoarthritis,Librela,LIBRELA LARGE,Retail,Region,West,1587,76180.56,0.91
nielsen_scanner,2024-12,2024-Q4,Pain/Osteoarthritis,Librela,LIBRELA SMALL,Retail,Region,West,2189,105094.93,0.91
nielsen_scanner,2024-12,2024-Q4,Pain/Osteoarthritis,OsteoEase Vet,OSTEOEASE VET LARGE,Retail,Region,West,1962,80439.22,0.91
nielsen_scanner,2024-12,2024-Q4,Pain/Osteoarthritis,OsteoEase Vet,OSTEOEASE VET SMALL,Retail,Region,West,2765,113365.43,0.91
nielsen_scanner,2024-12,2024-Q4,Pain/Osteoarthritis,PainAway Canine,PAINAWAY CANINE LARGE,Retail,Region,West,1955,72347.87,0.91
nielsen_scanner,2024-12,2024-Q4,Pain/Osteoarthritis,PainAway Canine,PAINAWAY CANINE SMALL,Retail,Region,West,2736,101238.97,0.91
nielsen_scanner,2024-12,2024-Q4,Petcare Diagnostics,PetLab Analyzer,PETLAB ANALYZER LARGE,Retail,Region,West,2132,31980.29,0.91
nielsen_scanner,2024-12,2024-Q4,Petcare Diagnostics,PetLab Analyzer,PETLAB ANALYZER SMALL,Retail,Region,West,3012,45183.74,0.91
nielsen_scanner,2024-12,2024-Q4,Petcare Diagnostics,RapidVet Dx,RAPIDVET DX LARGE,Retail,Region,West,3218,51489.17,0.91
nielsen_scanner,2024-12,2024-Q4,Petcare Diagnostics,RapidVet Dx,RAPIDVET DX SMALL,Retail,Region,West,4321,69140.67,0.91
nielsen_scanner,2024-12,2024-Q4,Parasiticides,Simparica Trio,SIMPARICA TRIO LARGE,Retail,Region,West,21949,614560.19,0.91
nielsen_scanner,2024-12,2024-Q4,Parasiticides,Simparica Trio,SIMPARICA TRIO SMALL,Retail,Region,West,30341,849534.13,0.91
nielsen_scanner,2024-12,2024-Q4,Dermatology,SkinRelief Pro,SKINRELIEF PRO LARGE,Retail,Region,West,2418,118474.81,0.91
nielsen_scanner,2024-12,2024-Q4,Dermatology,SkinRelief Pro,SKINRELIEF PRO SMALL,Retail,Region,West,3387,165986.87,0.91
nielsen_scanner,2024-12,2024-Q4,Parasiticides,TickShield Plus,TICKSHIELD PLUS LARGE,Retail,Region,West,16261,390253.85,0.91
nielsen_scanner,2024-12,2024-Q4,Parasiticides,TickShield Plus,TICKSHIELD PLUS SMALL,Retail,Region,West,24499,587983.02,0.91
nielsen_scanner,2024-12,2024-Q4,Vaccines,Vanguard,VANGUARD LARGE,Retail,Region,West,2823,62115.46,0.91
nielsen_scanner,2024-12,2024-Q4,Vaccines,Vanguard,VANGUARD SMALL,Retail,Region,West,3877,85294.31,0.91
nielsen_scanner,2024-12,2024-Q4,Parasiticides,VectraGuard,VECTRAGUARD LARGE,Retail,Region,West,19936,518348.67,0.91
nielsen_scanner,2024-12,2024-Q4,Parasiticides,VectraGuard,VECTRAGUARD SMALL,Retail,Region,West,27746,721388.33,0.91
nielsen_scanner,2024-12,2024-Q4,Vaccines,VetGuard Immunize,VETGUARD IMMUNIZE LARGE,Retail,Region,West,2694,51184.68,0.91
nielsen_scanner,2024-12,2024-Q4,Vaccines,VetGuard Immunize,VETGUARD IMMUNIZE SMALL,Retail,Region,West,3884,73794.71,0.91
nielsen_scanner,2024-12,2024-Q4,Vaccines,VetSelect Core Vax,VETSELECT CORE VAX LARGE,Retail,Region,West,9123,127722.1,0.91
nielsen_scanner,2024-12,2024-Q4,Vaccines,VetSelect Core Vax,VETSELECT CORE VAX SMALL,Retail,Region,West,14003,196045.72,0.91
nielsen_scanner,2024-12,2024-Q4,Dermatology,VetSelect Derma,VETSELECT DERMA LARGE,Retail,Region,West,5622,213633.19,0.91
nielsen_scanner,2024-12,2024-Q4,Dermatology,VetSelect Derma,VETSELECT DERMA SMALL,Retail,Region,West,7859,298627.07,0.91
nielsen_scanner,2024-12,2024-Q4,Petcare Diagnostics,VetSelect Dx,VETSELECT DX LARGE,Retail,Region,West,8244,98928.29,0.91
nielsen_scanner,2024-12,2024-Q4,Petcare Diagnostics,VetSelect Dx,VETSELECT DX SMALL,Retail,Region,West,11620,139440.35,0.91
nielsen_scanner,2024-12,2024-Q4,Parasiticides,VetSelect Flea & Tick,VETSELECT FLEA & TICK LARGE,Retail,Region,West,33771,574104.6,0.91
nielsen_scanner,2024-12,2024-Q4,Parasiticides,VetSelect Flea & Tick,VETSELECT FLEA & TICK SMALL,Retail,Region,West,51307,872215.46,0.91
nielsen_scanner,2024-12,2024-Q4,Pain/Osteoarthritis,VetSelect Joint,VETSELECT JOINT LARGE,Retail,Region,West,5825,168923.53,0.91
nielsen_scanner,2024-12,2024-Q4,Pain/Osteoarthritis,VetSelect Joint,VETSELECT JOINT SMALL,Retail,Region,West,7645,221713.07,0.91
nielsen_scanner,2024-12,2024-Q4,Petcare Diagnostics,Vetscan,VETSCAN LARGE,Retail,Region,West,2184,39310.02,0.91
nielsen_scanner,2024-12,2024-Q4,Petcare Diagnostics,Vetscan,VETSCAN SMALL,Retail,Region,West,3076,55362.82,0.91
nielsen_scanner,2025-01,2025-Q1,Dermatology,AllerVet RX,ALLERVET RX LARGE,Retail,National,National,11989,647432.37,0.91
nielsen_scanner,2025-01,2025-Q1,Dermatology,AllerVet RX,ALLERVET RX SMALL,Retail,National,National,16249,877441.53,0.91
nielsen_scanner,2025-01,2025-Q1,Dermatology,Apoquel,APOQUEL LARGE,Retail,National,National,15895,1033185.75,0.91
nielsen_scanner,2025-01,2025-Q1,Dermatology,Apoquel,APOQUEL SMALL,Retail,National,National,21635,1406288.22,0.91
nielsen_scanner,2025-01,2025-Q1,Vaccines,BioShield Vax,BIOSHIELD VAX LARGE,Retail,National,National,14977,299540.25,0.91
nielsen_scanner,2025-01,2025-Q1,Vaccines,BioShield Vax,BIOSHIELD VAX SMALL,Retail,National,National,20850,417012.89,0.91
nielsen_scanner,2025-01,2025-Q1,Dermatology,DermaCalm,DERMACALM LARGE,Retail,National,National,12889,747524.44,0.91
nielsen_scanner,2025-01,2025-Q1,Dermatology,DermaCalm,DERMACALM SMALL,Retail,National,National,17993,1043573.89,0.91
nielsen_scanner,2025-01,2025-Q1,Petcare Diagnostics,DiagnosTech Vet,DIAGNOSTECH VET LARGE,Retail,National,National,16010,272172.22,0.91
nielsen_scanner,2025-01,2025-Q1,Petcare Diagnostics,DiagnosTech Vet,DIAGNOSTECH VET SMALL,Retail,National,National,21912,372504.6,0.91
nielsen_scanner,2025-01,2025-Q1,Parasiticides,FleaStop Pro,FLEASTOP PRO LARGE,Retail,National,National,66586,1398329.16,0.91
nielsen_scanner,2025-01,2025-Q1,Parasiticides,FleaStop Pro,FLEASTOP PRO SMALL,Retail,National,National,92616,1944932.86,0.91
nielsen_scanner,2025-01,2025-Q1,Pain/Osteoarthritis,FlexiCare Joint,FLEXICARE JOINT LARGE,Retail,National,National,10096,444234.43,0.91
nielsen_scanner,2025-01,2025-Q1,Pain/Osteoarthritis,FlexiCare Joint,FLEXICARE JOINT SMALL,Retail,National,National,14019,616854.57,0.91
nielsen_scanner,2025-01,2025-Q1,Vaccines,ImmunoCore Canine,IMMUNOCORE CANINE LARGE,Retail,National,National,18344,385234.0,0.91
nielsen_scanner,2025-01,2025-Q1,Vaccines,ImmunoCore Canine,IMMUNOCORE CANINE SMALL,Retail,National,National,25269,530636.93,0.91
nielsen_scanner,2025-01,2025-Q1,Pain/Osteoarthritis,Librela,LIBRELA LARGE,Retail,National,National,7624,365960.83,0.91
nielsen_scanner,2025-01,2025-Q1,Pain/Osteoarthritis,Librela,LIBRELA SMALL,Retail,National,National,10627,510081.86,0.91
nielsen_scanner,2025-01,2025-Q1,Pain/Osteoarthritis,OsteoEase Vet,OSTEOEASE VET LARGE,Retail,National,National,9563,392106.14,0.91
nielsen_scanner,2025-01,2025-Q1,Pain/Osteoarthritis,OsteoEase Vet,OSTEOEASE VET SMALL,Retail,National,National,13653,559776.63,0.91
nielsen_scanner,2025-01,2025-Q1,Pain/Osteoarthritis,PainAway Canine,PAINAWAY CANINE LARGE,Retail,National,National,8588,317754.72,0.91
nielsen_scanner,2025-01,2025-Q1,Pain/Osteoarthritis,PainAway Canine,PAINAWAY CANINE SMALL,Retail,National,National,11837,438005.59,0.91
nielsen_scanner,2025-01,2025-Q1,Petcare Diagnostics,PetLab Analyzer,PETLAB ANALYZER LARGE,Retail,National,National,9493,142399.82,0.91
nielsen_scanner,2025-01,2025-Q1,Petcare Diagnostics,PetLab Analyzer,PETLAB ANALYZER SMALL,Retail,National,National,13220,198305.49,0.91
nielsen_scanner,2025-01,2025-Q1,Petcare Diagnostics,RapidVet Dx,RAPIDVET DX LARGE,Retail,National,National,15026,240402.92,0.91
nielsen_scanner,2025-01,2025-Q1,Petcare Diagnostics,RapidVet Dx,RAPIDVET DX SMALL,Retail,National,National,20865,333839.33,0.91
nielsen_scanner,2025-01,2025-Q1,Parasiticides,Simparica Trio,SIMPARICA TRIO LARGE,Retail,National,National,114177,3196923.44,0.91
nielsen_scanner,2025-01,2025-Q1,Parasiticides,Simparica Trio,SIMPARICA TRIO SMALL,Retail,National,National,150371,4210366.55,0.91
nielsen_scanner,2025-01,2025-Q1,Dermatology,SkinRelief Pro,SKINRELIEF PRO LARGE,Retail,National,National,10007,490347.13,0.91
nielsen_scanner,2025-01,2025-Q1,Dermatology,SkinRelief Pro,SKINRELIEF PRO SMALL,Retail,National,National,13996,685846.56,0.91
nielsen_scanner,2025-01,2025-Q1,Parasiticides,TickShield Plus,TICKSHIELD PLUS LARGE,Retail,National,National,72121,1730901.47,0.91
nielsen_scanner,2025-01,2025-Q1,Parasiticides,TickShield Plus,TICKSHIELD PLUS SMALL,Retail,National,National,100939,2422542.41,0.91
nielsen_scanner,2025-01,2025-Q1,Vaccines,Vanguard,VANGUARD LARGE,Retail,National,National,13549,298060.91,0.91
nielsen_scanner,2025-01,2025-Q1,Vaccines,Vanguard,VANGUARD SMALL,Retail,National,National,18359,403896.44,0.91
nielsen_scanner,2025-01,2025-Q1,Parasiticides,VectraGuard,VECTRAGUARD LARGE,Retail,National,National,89592,2329391.48,0.91
nielsen_scanner,2025-01,2025-Q1,Parasiticides,VectraGuard,VECTRAGUARD SMALL,Retail,National,National,122216,3177634.22,0.91
nielsen_scanner,2025-01,2025-Q1,Vaccines,VetGuard Immunize,VETGUARD IMMUNIZE LARGE,Retail,National,National,13579,258003.14,0.91
nielsen_scanner,2025-01,2025-Q1,Vaccines,VetGuard Immunize,VETGUARD IMMUNIZE SMALL,Retail,National,National,18358,348804.56,0.91
nielsen_scanner,2025-01,2025-Q1,Vaccines,VetSelect Core Vax,VETSELECT CORE VAX LARGE,Retail,National,National,45438,636128.96,0.91
nielsen_scanner,2025-01,2025-Q1,Vaccines,VetSelect Core Vax,VETSELECT CORE VAX SMALL,Retail,National,National,63486,888802.74,0.91
nielsen_scanner,2025-01,2025-Q1,Dermatology,VetSelect Derma,VETSELECT DERMA LARGE,Retail,National,National,24807,942665.82,0.91
nielsen_scanner,2025-01,2025-Q1,Dermatology,VetSelect Derma,VETSELECT DERMA SMALL,Retail,National,National,33684,1279981.77,0.91
nielsen_scanner,2025-01,2025-Q1,Petcare Diagnostics,VetSelect Dx,VETSELECT DX LARGE,Retail,National,National,34184,410205.95,0.91
nielsen_scanner,2025-01,2025-Q1,Petcare Diagnostics,VetSelect Dx,VETSELECT DX SMALL,Retail,National,National,46923,563076.6,0.91
nielsen_scanner,2025-01,2025-Q1,Parasiticides,VetSelect Flea & Tick,VETSELECT FLEA & TICK LARGE,Retail,National,National,147811,2512791.92,0.91
nielsen_scanner,2025-01,2025-Q1,Parasiticides,VetSelect Flea & Tick,VETSELECT FLEA & TICK SMALL,Retail,National,National,207417,3526095.91,0.91
nielsen_scanner,2025-01,2025-Q1,Pain/Osteoarthritis,VetSelect Joint,VETSELECT JOINT LARGE,Retail,National,National,27390,794300.4,0.91
nielsen_scanner,2025-01,2025-Q1,Pain/Osteoarthritis,VetSelect Joint,VETSELECT JOINT SMALL,Retail,National,National,36860,1068921.08,0.91
nielsen_scanner,2025-01,2025-Q1,Petcare Diagnostics,Vetscan,VETSCAN LARGE,Retail,National,National,9396,169116.06,0.91
nielsen_scanner,2025-01,2025-Q1,Petcare Diagnostics,Vetscan,VETSCAN SMALL,Retail,National,National,13043,234781.12,0.91
nielsen_scanner,2025-01,2025-Q1,Dermatology,AllerVet RX,ALLERVET RX LARGE,Retail,Region,Midwest,2507,135399.93,0.91
nielsen_scanner,2025-01,2025-Q1,Dermatology,AllerVet RX,ALLERVET RX SMALL,Retail,Region,Midwest,3253,175673.19,0.91
nielsen_scanner,2025-01,2025-Q1,Dermatology,Apoquel,APOQUEL LARGE,Retail,Region,Midwest,3403,221174.27,0.91
nielsen_scanner,2025-01,2025-Q1,Dermatology,Apoquel,APOQUEL SMALL,Retail,Region,Midwest,4528,294314.82,0.91
nielsen_scanner,2025-01,2025-Q1,Vaccines,BioShield Vax,BIOSHIELD VAX LARGE,Retail,Region,Midwest,2981,59617.45,0.91
nielsen_scanner,2025-01,2025-Q1,Vaccines,BioShield Vax,BIOSHIELD VAX SMALL,Retail,Region,Midwest,4278,85564.23,0.91
nielsen_scanner,2025-01,2025-Q1,Dermatology,DermaCalm,DERMACALM LARGE,Retail,Region,Midwest,2777,161085.27,0.91
nielsen_scanner,2025-01,2025-Q1,Dermatology,DermaCalm,DERMACALM SMALL,Retail,Region,Midwest,3800,220399.64,0.91
nielsen_scanner,2025-01,2025-Q1,Petcare Diagnostics,DiagnosTech Vet,DIAGNOSTECH VET LARGE,Retail,Region,Midwest,3278,55732.1,0.91
nielsen_scanner,2025-01,2025-Q1,Petcare Diagnostics,DiagnosTech Vet,DIAGNOSTECH VET SMALL,Retail,Region,Midwest,4463,75863.51,0.91
nielsen_scanner,2025-01,2025-Q1,Parasiticides,FleaStop Pro,FLEASTOP PRO LARGE,Retail,Region,Midwest,14733,309402.34,0.91
nielsen_scanner,2025-01,2025-Q1,Parasiticides,FleaStop Pro,FLEASTOP PRO SMALL,Retail,Region,Midwest,19465,408757.93,0.91
nielsen_scanner,2025-01,2025-Q1,Pain/Osteoarthritis,FlexiCare Joint,FLEXICARE JOINT LARGE,Retail,Region,Midwest,2159,95013.25,0.91
nielsen_scanner,2025-01,2025-Q1,Pain/Osteoarthritis,FlexiCare Joint,FLEXICARE JOINT SMALL,Retail,Region,Midwest,2965,130465.8,0.91
nielsen_scanner,2025-01,2025-Q1,Vaccines,ImmunoCore Canine,IMMUNOCORE CANINE LARGE,Retail,Region,Midwest,3761,78988.4,0.91
nielsen_scanner,2025-01,2025-Q1,Vaccines,ImmunoCore Canine,IMMUNOCORE CANINE SMALL,Retail,Region,Midwest,5458,114613.02,0.91
nielsen_scanner,2025-01,2025-Q1,Pain/Osteoarthritis,Librela,LIBRELA LARGE,Retail,Region,Midwest,1688,81001.72,0.91
nielsen_scanner,2025-01,2025-Q1,Pain/Osteoarthritis,Librela,LIBRELA SMALL,Retail,Region,Midwest,2228,106934.87,0.91
nielsen_scanner,2025-01,2025-Q1,Pain/Osteoarthritis,OsteoEase Vet,OSTEOEASE VET LARGE,Retail,Region,Midwest,2089,85652.8,0.91
nielsen_scanner,2025-01,2025-Q1,Pain/Osteoarthritis,OsteoEase Vet,OSTEOEASE VET SMALL,Retail,Region,Midwest,2722,111611.12,0.91
nielsen_scanner,2025-01,2025-Q1,Pain/Osteoarthritis,PainAway Canine,PAINAWAY CANINE LARGE,Retail,Region,Midwest,1826,67548.29,0.91
nielsen_scanner,2025-01,2025-Q1,Pain/Osteoarthritis,PainAway Canine,PAINAWAY CANINE SMALL,Retail,Region,Midwest,2532,93669.05,0.91
nielsen_scanner,2025-01,2025-Q1,Petcare Diagnostics,PetLab Analyzer,PETLAB ANALYZER LARGE,Retail,Region,Midwest,2097,31452.54,0.91
nielsen_scanner,2025-01,2025-Q1,Petcare Diagnostics,PetLab Analyzer,PETLAB ANALYZER SMALL,Retail,Region,Midwest,2608,39114.54,0.91
nielsen_scanner,2025-01,2025-Q1,Petcare Diagnostics,RapidVet Dx,RAPIDVET DX LARGE,Retail,Region,Midwest,3109,49745.11,0.91
nielsen_scanner,2025-01,2025-Q1,Petcare Diagnostics,RapidVet Dx,RAPIDVET DX SMALL,Retail,Region,Midwest,4597,73544.13,0.91
nielsen_scanner,2025-01,2025-Q1,Parasiticides,Simparica Trio,SIMPARICA TRIO LARGE,Retail,Region,Midwest,26222,734203.21,0.91
nielsen_scanner,2025-01,2025-Q1,Parasiticides,Simparica Trio,SIMPARICA TRIO SMALL,Retail,Region,Midwest,33665,942609.29,0.91
nielsen_scanner,2025-01,2025-Q1,Dermatology,SkinRelief Pro,SKINRELIEF PRO LARGE,Retail,Region,Midwest,2056,100754.69,0.91
nielsen_scanner,2025-01,2025-Q1,Dermatology,SkinRelief Pro,SKINRELIEF PRO SMALL,Retail,Region,Midwest,2957,144912.41,0.91
nielsen_scanner,2025-01,2025-Q1,Parasiticides,TickShield Plus,TICKSHIELD PLUS LARGE,Retail,Region,Midwest,14683,352390.63,0.91
nielsen_scanner,2025-01,2025-Q1,Parasiticides,TickShield Plus,TICKSHIELD PLUS SMALL,Retail,Region,Midwest,20622,494939.5,0.91
nielsen_scanner,2025-01,2025-Q1,Vaccines,Vanguard,VANGUARD LARGE,Retail,Region,Midwest,2805,61699.28,0.91
nielsen_scanner,2025-01,2025-Q1,Vaccines,Vanguard,VANGUARD SMALL,Retail,Region,Midwest,3863,84976.11,0.91
nielsen_scanner,2025-01,2025-Q1,Parasiticides,VectraGuard,VECTRAGUARD LARGE,Retail,Region,Midwest,17957,466886.06,0.91
nielsen_scanner,2025-01,2025-Q1,Parasiticides,VectraGuard,VECTRAGUARD SMALL,Retail,Region,Midwest,24692,641987.57,0.91
nielsen_scanner,2025-01,2025-Q1,Vaccines,VetGuard Immunize,VETGUARD IMMUNIZE LARGE,Retail,Region,Midwest,2908,55258.89,0.91
nielsen_scanner,2025-01,2025-Q1,Vaccines,VetGuard Immunize,VETGUARD IMMUNIZE SMALL,Retail,Region,Midwest,3883,73770.05,0.91
nielsen_scanner,2025-01,2025-Q1,Vaccines,VetSelect Core Vax,VETSELECT CORE VAX LARGE,Retail,Region,Midwest,10384,145373.25,0.91
nielsen_scanner,2025-01,2025-Q1,Vaccines,VetSelect Core Vax,VETSELECT CORE VAX SMALL,Retail,Region,Midwest,13587,190211.56,0.91
nielsen_scanner,2025-01,2025-Q1,Dermatology,VetSelect Derma,VETSELECT DERMA LARGE,Retail,Region,Midwest,5440,206737.61,0.91
nielsen_scanner,2025-01,2025-Q1,Dermatology,VetSelect Derma,VETSELECT DERMA SMALL,Retail,Region,Midwest,6885,261611.39,0.91
nielsen_scanner,2025-01,2025-Q1,Petcare Diagnostics,VetSelect Dx,VETSELECT DX LARGE,Retail,Region,Midwest,6935,83217.89,0.91
nielsen_scanner,2025-01,2025-Q1,Petcare Diagnostics,VetSelect Dx,VETSELECT DX SMALL,Retail,Region,Midwest,9527,114324.3,0.91
nielsen_scanner,2025-01,2025-Q1,Parasiticides,VetSelect Flea & Tick,VETSELECT FLEA & TICK LARGE,Retail,Region,Midwest,30944,526054.91,0.91
nielsen_scanner,2025-01,2025-Q1,Parasiticides,VetSelect Flea & Tick,VETSELECT FLEA & TICK SMALL,Retail,Region,Midwest,44117,749984.18,0.91
nielsen_scanner,2025-01,2025-Q1,Pain/Osteoarthritis,VetSelect Joint,VETSELECT JOINT LARGE,Retail,Region,Midwest,5843,169454.69,0.91
nielsen_scanner,2025-01,2025-Q1,Pain/Osteoarthritis,VetSelect Joint,VETSELECT JOINT SMALL,Retail,Region,Midwest,8199,237760.97,0.91
nielsen_scanner,2025-01,2025-Q1,Petcare Diagnostics,Vetscan,VETSCAN LARGE,Retail,Region,Midwest,2011,36191.75,0.91
nielsen_scanner,2025-01,2025-Q1,Petcare Diagnostics,Vetscan,VETSCAN SMALL,Retail,Region,Midwest,2732,49176.47,0.91
nielsen_scanner,2025-01,2025-Q1,Dermatology,AllerVet RX,ALLERVET RX LARGE,Retail,Region,Northeast,2558,138114.64,0.91
nielsen_scanner,2025-01,2025-Q1,Dermatology,AllerVet RX,ALLERVET RX SMALL,Retail,Region,Northeast,3579,193250.15,0.91
nielsen_scanner,2025-01,2025-Q1,Dermatology,Apoquel,APOQUEL LARGE,Retail,Region,Northeast,3419,222248.18,0.91
nielsen_scanner,2025-01,2025-Q1,Dermatology,Apoquel,APOQUEL SMALL,Retail,Region,Northeast,4885,317511.96,0.91
nielsen_scanner,2025-01,2025-Q1,Vaccines,BioShield Vax,BIOSHIELD VAX LARGE,Retail,Region,Northeast,3353,67064.63,0.91
nielsen_scanner,2025-01,2025-Q1,Vaccines,BioShield Vax,BIOSHIELD VAX SMALL,Retail,Region,Northeast,4711,94224.45,0.91
nielsen_scanner,2025-01,2025-Q1,Dermatology,DermaCalm,DERMACALM LARGE,Retail,Region,Northeast,2823,163715.1,0.91
nielsen_scanner,2025-01,2025-Q1,Dermatology,DermaCalm,DERMACALM SMALL,Retail,Region,Northeast,3750,217487.31,0.91
nielsen_scanner,2025-01,2025-Q1,Petcare Diagnostics,DiagnosTech Vet,DIAGNOSTECH VET LARGE,Retail,Region,Northeast,3447,58596.16,0.91
nielsen_scanner,2025-01,2025-Q1,Petcare Diagnostics,DiagnosTech Vet,DIAGNOSTECH VET SMALL,Retail,Region,Northeast,4513,76727.21,0.91
nielsen_scanner,2025-01,2025-Q1,Parasiticides,FleaStop Pro,FLEASTOP PRO LARGE,Retail,Region,Northeast,14597,306542.17,0.91
nielsen_scanner,2025-01,2025-Q1,Parasiticides,FleaStop Pro,FLEASTOP PRO SMALL,Retail,Region,Northeast,19513,409775.38,0.91
nielsen_scanner,2025-01,2025-Q1,Pain/Osteoarthritis,FlexiCare Joint,FLEXICARE JOINT LARGE,Retail,Region,Northeast,2249,98935.98,0.91
nielsen_scanner,2025-01,2025-Q1,Pain/Osteoarthritis,FlexiCare Joint,FLEXICARE JOINT SMALL,Retail,Region,Northeast,3040,133778.1,0.91
nielsen_scanner,2025-01,2025-Q1,Vaccines,ImmunoCore Canine,IMMUNOCORE CANINE LARGE,Retail,Region,Northeast,4238,89003.19,0.91
nielsen_scanner,2025-01,2025-Q1,Vaccines,ImmunoCore Canine,IMMUNOCORE CANINE SMALL,Retail,Region,Northeast,5597,117532.6,0.91
nielsen_scanner,2025-01,2025-Q1,Pain/Osteoarthritis,Librela,LIBRELA LARGE,Retail,Region,Northeast,1707,81927.35,0.91
nielsen_scanner,2025-01,2025-Q1,Pain/Osteoarthritis,Librela,LIBRELA SMALL,Retail,Region,Northeast,2360,113285.51,0.91
nielsen_scanner,2025-01,2025-Q1,Pain/Osteoarthritis,OsteoEase Vet,OSTEOEASE VET LARGE,Retail,Region,Northeast,2029,83201.58,0.91
nielsen_scanner,2025-01,2025-Q1,Pain/Osteoarthritis,OsteoEase Vet,OSTEOEASE VET SMALL,Retail,Region,Northeast,3032,124315.2,0.91
nielsen_scanner,2025-01,2025-Q1,Pain/Osteoarthritis,PainAway Canine,PAINAWAY CANINE LARGE,Retail,Region,Northeast,1976,73129.79,0.91
nielsen_scanner,2025-01,2025-Q1,Pain/Osteoarthritis,PainAway Canine,PAINAWAY CANINE SMALL,Retail,Region,Northeast,2674,98956.37,0.91
nielsen_scanner,2025-01,2025-Q1,Petcare Diagnostics,PetLab Analyzer,PETLAB ANALYZER LARGE,Retail,Region,Northeast,2098,31466.58,0.91
nielsen_scanner,2025-01,2025-Q1,Petcare Diagnostics,PetLab Analyzer,PETLAB ANALYZER SMALL,Retail,Region,Northeast,2937,44056.15,0.91
nielsen_scanner,2025-01,2025-Q1,Petcare Diagnostics,RapidVet Dx,RAPIDVET DX LARGE,Retail,Region,Northeast,3514,56219.44,0.91
nielsen_scanner,2025-01,2025-Q1,Petcare Diagnostics,RapidVet Dx,RAPIDVET DX SMALL,Retail,Region,Northeast,4676,74817.19,0.91
nielsen_scanner,2025-01,2025-Q1,Parasiticides,Simparica Trio,SIMPARICA TRIO LARGE,Retail,Region,Northeast,24754,693107.95,0.91
nielsen_scanner,2025-01,2025-Q1,Parasiticides,Simparica Trio,SIMPARICA TRIO SMALL,Retail,Region,Northeast,33281,931856.43,0.91
nielsen_scanner,2025-01,2025-Q1,Dermatology,SkinRelief Pro,SKINRELIEF PRO LARGE,Retail,Region,Northeast,2186,107117.52,0.91
nielsen_scanner,2025-01,2025-Q1,Dermatology,SkinRelief Pro,SKINRELIEF PRO SMALL,Retail,Region,Northeast,3142,153967.51,0.91
nielsen_scanner,2025-01,2025-Q1,Parasiticides,TickShield Plus,TICKSHIELD PLUS LARGE,Retail,Region,Northeast,16207,388959.23,0.91
nielsen_scanner,2025-01,2025-Q1,Parasiticides,TickShield Plus,TICKSHIELD PLUS SMALL,Retail,Region,Northeast,22160,531839.02,0.91
nielsen_scanner,2025-01,2025-Q1,Vaccines,Vanguard,VANGUARD LARGE,Retail,Region,Northeast,2901,63815.31,0.91
nielsen_scanner,2025-01,2025-Q1,Vaccines,Vanguard,VANGUARD SMALL,Retail,Region,Northeast,3860,84928.92,0.91
nielsen_scanner,2025-01,2025-Q1,Parasiticides,VectraGuard,VECTRAGUARD LARGE,Retail,Region,Northeast,19907,517578.93,0.91
nielsen_scanner,2025-01,2025-Q1,Parasiticides,VectraGuard,VECTRAGUARD SMALL,Retail,Region,Northeast,27188,706890.58,0.91
nielsen_scanner,2025-01,2025-Q1,Vaccines,VetGuard Immunize,VETGUARD IMMUNIZE LARGE,Retail,Region,Northeast,3076,58449.18,0.91
nielsen_scanner,2025-01,2025-Q1,Vaccines,VetGuard Immunize,VETGUARD IMMUNIZE SMALL,Retail,Region,Northeast,4252,80795.87,0.91
nielsen_scanner,2025-01,2025-Q1,Vaccines,VetSelect Core Vax,VETSELECT CORE VAX LARGE,Retail,Region,Northeast,9789,137045.49,0.91
nielsen_scanner,2025-01,2025-Q1,Vaccines,VetSelect Core Vax,VETSELECT CORE VAX SMALL,Retail,Region,Northeast,13661,191253.96,0.91
nielsen_scanner,2025-01,2025-Q1,Dermatology,VetSelect Derma,VETSELECT DERMA LARGE,Retail,Region,Northeast,5334,202673.99,0.91
nielsen_scanner,2025-01,2025-Q1,Dermatology,VetSelect Derma,VETSELECT DERMA SMALL,Retail,Region,Northeast,7601,288837.69,0.91
nielsen_scanner,2025-01,2025-Q1,Petcare Diagnostics,VetSelect Dx,VETSELECT DX LARGE,Retail,Region,Northeast,7772,93267.37,0.91
nielsen_scanner,2025-01,2025-Q1,Petcare Diagnostics,VetSelect Dx,VETSELECT DX SMALL,Retail,Region,Northeast,10116,121394.69,0.91
nielsen_scanner,2025-01,2025-Q1,Parasiticides,VetSelect Flea & Tick,VETSELECT FLEA & TICK LARGE,Retail,Region,Northeast,32905,559389.1,0.91
nielsen_scanner,2025-01,2025-Q1,Parasiticides,VetSelect Flea & Tick,VETSELECT FLEA & TICK SMALL,Retail,Region,Northeast,46662,793260.49,0.91
nielsen_scanner,2025-01,2025-Q1,Pain/Osteoarthritis,VetSelect Joint,VETSELECT JOINT LARGE,Retail,Region,Northeast,5826,168940.48,0.91
nielsen_scanner,2025-01,2025-Q1,Pain/Osteoarthritis,VetSelect Joint,VETSELECT JOINT SMALL,Retail,Region,Northeast,7851,227674.62,0.91
nielsen_scanner,2025-01,2025-Q1,Petcare Diagnostics,Vetscan,VETSCAN LARGE,Retail,Region,Northeast,2058,37048.59,0.91
nielsen_scanner,2025-01,2025-Q1,Petcare Diagnostics,Vetscan,VETSCAN SMALL,Retail,Region,Northeast,2740,49325.13,0.91
nielsen_scanner,2025-01,2025-Q1,Dermatology,AllerVet RX,ALLERVET RX LARGE,Retail,Region,South,4218,227797.17,0.91
nielsen_scanner,2025-01,2025-Q1,Dermatology,AllerVet RX,ALLERVET RX SMALL,Retail,Region,South,5632,304134.88,0.91
nielsen_scanner,2025-01,2025-Q1,Dermatology,Apoquel,APOQUEL LARGE,Retail,Region,South,5725,372145.16,0.91
nielsen_scanner,2025-01,2025-Q1,Dermatology,Apoquel,APOQUEL SMALL,Retail,Region,South,7564,491673.51,0.91
nielsen_scanner,2025-01,2025-Q1,Vaccines,BioShield Vax,BIOSHIELD VAX LARGE,Retail,Region,South,5068,101357.07,0.91
nielsen_scanner,2025-01,2025-Q1,Vaccines,BioShield Vax,BIOSHIELD VAX SMALL,Retail,Region,South,6887,137749.77,0.91
nielsen_scanner,2025-01,2025-Q1,Dermatology,DermaCalm,DERMACALM LARGE,Retail,Region,South,4400,255181.72,0.91
nielsen_scanner,2025-01,2025-Q1,Dermatology,DermaCalm,DERMACALM SMALL,Retail,Region,South,6364,369083.08,0.91
nielsen_scanner,2025-01,2025-Q1,Petcare Diagnostics,DiagnosTech Vet,DIAGNOSTECH VET LARGE,Retail,Region,South,5390,91622.27,0.91
nielsen_scanner,2025-01,2025-Q1,Petcare Diagnostics,DiagnosTech Vet,DIAGNOSTECH VET SMALL,Retail,Region,South,7634,129774.8,0.91
nielsen_scanner,2025-01,2025-Q1,Parasiticides,FleaStop Pro,FLEASTOP PRO LARGE,Retail,Region,South,22053,463119.35,0.91
nielsen_scanner,2025-01,2025-Q1,Parasiticides,FleaStop Pro,FLEASTOP PRO SMALL,Retail,Region,South,32375,679867.44,0.91
nielsen_scanner,2025-01,2025-Q1,Pain/Osteoarthritis,FlexiCare Joint,FLEXICARE JOINT LARGE,Retail,Region,South,3344,147146.51,0.91
nielsen_scanner,2025-01,2025-Q1,Pain/Osteoarthritis,FlexiCare Joint,FLEXICARE JOINT SMALL,Retail,Region,South,4665,205266.2,0.91
nielsen_scanner,2025-01,2025-Q1,Vaccines,ImmunoCore Canine,IMMUNOCORE CANINE LARGE,Retail,Region,South,6118,128477.75,0.91
nielsen_scanner,2025-01,2025-Q1,Vaccines,ImmunoCore Canine,IMMUNOCORE CANINE SMALL,Retail,Region,South,8788,184554.39,0.91
nielsen_scanner,2025-01,2025-Q1,Pain/Osteoarthritis,Librela,LIBRELA LARGE,Retail,Region,South,2571,123429.93,0.91
nielsen_scanner,2025-01,2025-Q1,Pain/Osteoarthritis,Librela,LIBRELA SMALL,Retail,Region,South,3681,176674.69,0.91
nielsen_scanner,2025-01,2025-Q1,Pain/Osteoarthritis,OsteoEase Vet,OSTEOEASE VET LARGE,Retail,Region,South,3216,131858.65,0.91
nielsen_scanner,2025-01,2025-Q1,Pain/Osteoarthritis,OsteoEase Vet,OSTEOEASE VET SMALL,Retail,Region,South,4734,194105.79,0.91
nielsen_scanner,2025-01,2025-Q1,Pain/Osteoarthritis,PainAway Canine,PAINAWAY CANINE LARGE,Retail,Region,South,2861,105866.46,0.91
nielsen_scanner,2025-01,2025-Q1,Pain/Osteoarthritis,PainAway Canine,PAINAWAY CANINE SMALL,Retail,Region,South,3843,142205.9,0.91
nielsen_scanner,2025-01,2025-Q1,Petcare Diagnostics,PetLab Analyzer,PETLAB ANALYZER LARGE,Retail,Region,South,3082,46234.64,0.91
nielsen_scanner,2025-01,2025-Q1,Petcare Diagnostics,PetLab Analyzer,PETLAB ANALYZER SMALL,Retail,Region,South,4618,69276.51,0.91
nielsen_scanner,2025-01,2025-Q1,Petcare Diagnostics,RapidVet Dx,RAPIDVET DX LARGE,Retail,Region,South,5030,80478.22,0.91
nielsen_scanner,2025-01,2025-Q1,Petcare Diagnostics,RapidVet Dx,RAPIDVET DX SMALL,Retail,Region,South,7065,113038.97,0.91
nielsen_scanner,2025-01,2025-Q1,Parasiticides,Simparica Trio,SIMPARICA TRIO LARGE,Retail,Region,South,36587,1024424.25,0.91
nielsen_scanner,2025-01,2025-Q1,Parasiticides,Simparica Trio,SIMPARICA TRIO SMALL,Retail,Region,South,48629,1361625.26,0.91
nielsen_scanner,2025-01,2025-Q1,Dermatology,SkinRelief Pro,SKINRELIEF PRO LARGE,Retail,Region,South,3418,167478.96,0.91
nielsen_scanner,2025-01,2025-Q1,Dermatology,SkinRelief Pro,SKINRELIEF PRO SMALL,Retail,Region,South,4699,230250.7,0.91
nielsen_scanner,2025-01,2025-Q1,Parasiticides,TickShield Plus,TICKSHIELD PLUS LARGE,Retail,Region,South,24264,582343.35,0.91
nielsen_scanner,2025-01,2025-Q1,Parasiticides,TickShield Plus,TICKSHIELD PLUS SMALL,Retail,Region,South,33590,806156.33,0.91
nielsen_scanner,2025-01,2025-Q1,Vaccines,Vanguard,VANGUARD LARGE,Retail,Region,South,4901,107826.1,0.91
nielsen_scanner,2025-01,2025-Q1,Vaccines,Vanguard,VANGUARD SMALL,Retail,Region,South,6619,145621.69,0.91
nielsen_scanner,2025-01,2025-Q1,Parasiticides,VectraGuard,VECTRAGUARD LARGE,Retail,Region,South,30403,790480.86,0.91
nielsen_scanner,2025-01,2025-Q1,Parasiticides,VectraGuard,VECTRAGUARD SMALL,Retail,Region,South,39465,1026098.32,0.91
nielsen_scanner,2025-01,2025-Q1,Vaccines,VetGuard Immunize,VETGUARD IMMUNIZE LARGE,Retail,Region,South,4665,88633.55,0.91
nielsen_scanner,2025-01,2025-Q1,Vaccines,VetGuard Immunize,VETGUARD IMMUNIZE SMALL,Retail,Region,South,6133,116534.37,0.91
nielsen_scanner,2025-01,2025-Q1,Vaccines,VetSelect Core Vax,VETSELECT CORE VAX LARGE,Retail,Region,South,14791,207075.12,0.91
nielsen_scanner,2025-01,2025-Q1,Vaccines,VetSelect Core Vax,VETSELECT CORE VAX SMALL,Retail,Region,South,21488,300836.62,0.91
nielsen_scanner,2025-01,2025-Q1,Dermatology,VetSelect Derma,VETSELECT DERMA LARGE,Retail,Region,South,8213,312084.67,0.91
nielsen_scanner,2025-01,2025-Q1,Dermatology,VetSelect Derma,VETSELECT DERMA SMALL,Retail,Region,South,11024,418921.65,0.91
nielsen_scanner,2025-01,2025-Q1,Petcare Diagnostics,VetSelect Dx,VETSELECT DX LARGE,Retail,Region,South,11556,138666.84,0.91
nielsen_scanner,2025-01,2025-Q1,Petcare Diagnostics,VetSelect Dx,VETSELECT DX SMALL,Retail,Region,South,16495,197941.71,0.91
nielsen_scanner,2025-01,2025-Q1,Parasiticides,VetSelect Flea & Tick,VETSELECT FLEA & TICK LARGE,Retail,Region,South,50231,853926.55,0.91
nielsen_scanner,2025-01,2025-Q1,Parasiticides,VetSelect Flea & Tick,VETSELECT FLEA & TICK SMALL,Retail,Region,South,69002,1173035.25,0.91
nielsen_scanner,2025-01,2025-Q1,Pain/Osteoarthritis,VetSelect Joint,VETSELECT JOINT LARGE,Retail,Region,South,9488,275155.37,0.91
nielsen_scanner,2025-01,2025-Q1,Pain/Osteoarthritis,VetSelect Joint,VETSELECT JOINT SMALL,Retail,Region,South,12769,370304.05,0.91
nielsen_scanner,2025-01,2025-Q1,Petcare Diagnostics,Vetscan,VETSCAN LARGE,Retail,Region,South,3187,57359.41,0.91
nielsen_scanner,2025-01,2025-Q1,Petcare Diagnostics,Vetscan,VETSCAN SMALL,Retail,Region,South,4616,83096.36,0.91
nielsen_scanner,2025-01,2025-Q1,Dermatology,AllerVet RX,ALLERVET RX LARGE,Retail,Region,West,2706,146120.63,0.91
nielsen_scanner,2025-01,2025-Q1,Dermatology,AllerVet RX,ALLERVET RX SMALL,Retail,Region,West,3785,204383.31,0.91
nielsen_scanner,2025-01,2025-Q1,Dermatology,Apoquel,APOQUEL LARGE,Retail,Region,West,3348,217618.14,0.91
nielsen_scanner,2025-01,2025-Q1,Dermatology,Apoquel,APOQUEL SMALL,Retail,Region,West,4658,302787.93,0.91
nielsen_scanner,2025-01,2025-Q1,Vaccines,BioShield Vax,BIOSHIELD VAX LARGE,Retail,Region,West,3575,71501.1,0.91
nielsen_scanner,2025-01,2025-Q1,Vaccines,BioShield Vax,BIOSHIELD VAX SMALL,Retail,Region,West,4974,99474.44,0.91
nielsen_scanner,2025-01,2025-Q1,Dermatology,DermaCalm,DERMACALM LARGE,Retail,Region,West,2889,167542.35,0.91
nielsen_scanner,2025-01,2025-Q1,Dermatology,DermaCalm,DERMACALM SMALL,Retail,Region,West,4079,236603.86,0.91
nielsen_scanner,2025-01,2025-Q1,Petcare Diagnostics,DiagnosTech Vet,DIAGNOSTECH VET LARGE,Retail,Region,West,3895,66221.69,0.91
nielsen_scanner,2025-01,2025-Q1,Petcare Diagnostics,DiagnosTech Vet,DIAGNOSTECH VET SMALL,Retail,Region,West,5302,90139.08,0.91
nielsen_scanner,2025-01,2025-Q1,Parasiticides,FleaStop Pro,FLEASTOP PRO LARGE,Retail,Region,West,15203,319265.3,0.91
nielsen_scanner,2025-01,2025-Q1,Parasiticides,FleaStop Pro,FLEASTOP PRO SMALL,Retail,Region,West,21263,446532.11,0.91
nielsen_scanner,2025-01,2025-Q1,Pain/Osteoarthritis,FlexiCare Joint,FLEXICARE JOINT LARGE,Retail,Region,West,2344,103138.69,0.91
nielsen_scanner,2025-01,2025-Q1,Pain/Osteoarthritis,FlexiCare Joint,FLEXICARE JOINT SMALL,Retail,Region,West,3349,147344.47,0.91
nielsen_scanner,2025-01,2025-Q1,Vaccines,ImmunoCore Canine,IMMUNOCORE CANINE LARGE,Retail,Region,West,4227,88764.66,0.91
nielsen_scanner,2025-01,2025-Q1,Vaccines,ImmunoCore Canine,IMMUNOCORE CANINE SMALL,Retail,Region,West,5426,113936.92,0.91
nielsen_scanner,2025-01,2025-Q1,Pain/Osteoarthritis,Librela,LIBRELA LARGE,Retail,Region,West,1658,79601.83,0.91
nielsen_scanner,2025-01,2025-Q1,Pain/Osteoarthritis,Librela,LIBRELA SMALL,Retail,Region,West,2358,113186.79,0.91
nielsen_scanner,2025-01,2025-Q1,Pain/Osteoarthritis,OsteoEase Vet,OSTEOEASE VET LARGE,Retail,Region,West,2229,91393.11,0.91
nielsen_scanner,2025-01,2025-Q1,Pain/Osteoarthritis,OsteoEase Vet,OSTEOEASE VET SMALL,Retail,Region,West,3165,129744.52,0.91
nielsen_scanner,2025-01,2025-Q1,Pain/Osteoarthritis,PainAway Canine,PAINAWAY CANINE LARGE,Retail,Region,West,1925,71210.18,0.91
nielsen_scanner,2025-01,2025-Q1,Pain/Osteoarthritis,PainAway Canine,PAINAWAY CANINE SMALL,Retail,Region,West,2788,103174.27,0.91
nielsen_scanner,2025-01,2025-Q1,Petcare Diagnostics,PetLab Analyzer,PETLAB ANALYZER LARGE,Retail,Region,West,2216,33246.06,0.91
nielsen_scanner,2025-01,2025-Q1,Petcare Diagnostics,PetLab Analyzer,PETLAB ANALYZER SMALL,Retail,Region,West,3057,45858.29,0.91
nielsen_scanner,2025-01,2025-Q1,Petcare Diagnostics,RapidVet Dx,RAPIDVET DX LARGE,Retail,Region,West,3373,53960.15,0.91
nielsen_scanner,2025-01,2025-Q1,Petcare Diagnostics,RapidVet Dx,RAPIDVET DX SMALL,Retail,Region,West,4527,72439.04,0.91
nielsen_scanner,2025-01,2025-Q1,Parasiticides,Simparica Trio,SIMPARICA TRIO LARGE,Retail,Region,West,26614,745188.03,0.91
nielsen_scanner,2025-01,2025-Q1,Parasiticides,Simparica Trio,SIMPARICA TRIO SMALL,Retail,Region,West,34796,974275.57,0.91
nielsen_scanner,2025-01,2025-Q1,Dermatology,SkinRelief Pro,SKINRELIEF PRO LARGE,Retail,Region,West,2347,114995.96,0.91
nielsen_scanner,2025-01,2025-Q1,Dermatology,SkinRelief Pro,SKINRELIEF PRO SMALL,Retail,Region,West,3198,156715.94,0.91
nielsen_scanner,2025-01,2025-Q1,Parasiticides,TickShield Plus,TICKSHIELD PLUS LARGE,Retail,Region,West,16967,407208.26,0.91
nielsen_scanner,2025-01,2025-Q1,Parasiticides,TickShield Plus,TICKSHIELD PLUS SMALL,Retail,Region,West,24567,589607.56,0.91
nielsen_scanner,2025-01,2025-Q1,Vaccines,Vanguard,VANGUARD LARGE,Retail,Region,West,2942,64720.22,0.91
nielsen_scanner,2025-01,2025-Q1,Vaccines,Vanguard,VANGUARD SMALL,Retail,Region,West,4017,88369.72,0.91
nielsen_scanner,2025-01,2025-Q1,Parasiticides,VectraGuard,VECTRAGUARD LARGE,Retail,Region,West,21325,554445.63,0.91
nielsen_scanner,2025-01,2025-Q1,Parasiticides,VectraGuard,VECTRAGUARD SMALL,Retail,Region,West,30871,802657.75,0.91
nielsen_scanner,2025-01,2025-Q1,Vaccines,VetGuard Immunize,VETGUARD IMMUNIZE LARGE,Retail,Region,West,2930,55661.52,0.91
nielsen_scanner,2025-01,2025-Q1,Vaccines,VetGuard Immunize,VETGUARD IMMUNIZE SMALL,Retail,Region,West,4090,77704.27,0.91
nielsen_scanner,2025-01,2025-Q1,Vaccines,VetSelect Core Vax,VETSELECT CORE VAX LARGE,Retail,Region,West,10474,146635.1,0.91
nielsen_scanner,2025-01,2025-Q1,Vaccines,VetSelect Core Vax,VETSELECT CORE VAX SMALL,Retail,Region,West,14750,206500.6,0.91
nielsen_scanner,2025-01,2025-Q1,Dermatology,VetSelect Derma,VETSELECT DERMA LARGE,Retail,Region,West,5820,221169.55,0.91
nielsen_scanner,2025-01,2025-Q1,Dermatology,VetSelect Derma,VETSELECT DERMA SMALL,Retail,Region,West,8174,310611.04,0.91
nielsen_scanner,2025-01,2025-Q1,Petcare Diagnostics,VetSelect Dx,VETSELECT DX LARGE,Retail,Region,West,7921,95053.85,0.91
nielsen_scanner,2025-01,2025-Q1,Petcare Diagnostics,VetSelect Dx,VETSELECT DX SMALL,Retail,Region,West,10785,129415.9,0.91
nielsen_scanner,2025-01,2025-Q1,Parasiticides,VetSelect Flea & Tick,VETSELECT FLEA & TICK LARGE,Retail,Region,West,33731,573421.36,0.91
nielsen_scanner,2025-01,2025-Q1,Parasiticides,VetSelect Flea & Tick,VETSELECT FLEA & TICK SMALL,Retail,Region,West,47636,809815.99,0.91
nielsen_scanner,2025-01,2025-Q1,Pain/Osteoarthritis,VetSelect Joint,VETSELECT JOINT LARGE,Retail,Region,West,6233,180749.86,0.91
nielsen_scanner,2025-01,2025-Q1,Pain/Osteoarthritis,VetSelect Joint,VETSELECT JOINT SMALL,Retail,Region,West,8041,233181.44,0.91
nielsen_scanner,2025-01,2025-Q1,Petcare Diagnostics,Vetscan,VETSCAN LARGE,Retail,Region,West,2140,38516.31,0.91
nielsen_scanner,2025-01,2025-Q1,Petcare Diagnostics,Vetscan,VETSCAN SMALL,Retail,Region,West,2955,53183.16,0.91
nielsen_scanner,2025-02,2025-Q1,Dermatology,AllerVet RX,ALLERVET RX LARGE,Retail,National,National,12371,667970.19,0.91
nielsen_scanner,2025-02,2025-Q1,Dermatology,AllerVet RX,ALLERVET RX SMALL,Retail,National,National,16865,910683.07,0.91
nielsen_scanner,2025-02,2025-Q1,Dermatology,Apoquel,APOQUEL LARGE,Retail,National,National,16228,1054864.36,0.91
nielsen_scanner,2025-02,2025-Q1,Dermatology,Apoquel,APOQUEL SMALL,Retail,National,National,21906,1423924.16,0.91
nielsen_scanner,2025-02,2025-Q1,Vaccines,BioShield Vax,BIOSHIELD VAX LARGE,Retail,National,National,15115,302317.47,0.91
nielsen_scanner,2025-02,2025-Q1,Vaccines,BioShield Vax,BIOSHIELD VAX SMALL,Retail,National,National,21289,425793.01,0.91
nielsen_scanner,2025-02,2025-Q1,Dermatology,DermaCalm,DERMACALM LARGE,Retail,National,National,13447,779951.59,0.91
nielsen_scanner,2025-02,2025-Q1,Dermatology,DermaCalm,DERMACALM SMALL,Retail,National,National,19103,1107999.3,0.91
nielsen_scanner,2025-02,2025-Q1,Petcare Diagnostics,DiagnosTech Vet,DIAGNOSTECH VET LARGE,Retail,National,National,15810,268784.47,0.91
nielsen_scanner,2025-02,2025-Q1,Petcare Diagnostics,DiagnosTech Vet,DIAGNOSTECH VET SMALL,Retail,National,National,21595,367092.35,0.91
nielsen_scanner,2025-02,2025-Q1,Parasiticides,FleaStop Pro,FLEASTOP PRO LARGE,Retail,National,National,78091,1639901.58,0.91
nielsen_scanner,2025-02,2025-Q1,Parasiticides,FleaStop Pro,FLEASTOP PRO SMALL,Retail,National,National,104689,2198461.76,0.91
nielsen_scanner,2025-02,2025-Q1,Pain/Osteoarthritis,FlexiCare Joint,FLEXICARE JOINT LARGE,Retail,National,National,10118,445189.61,0.91
nielsen_scanner,2025-02,2025-Q1,Pain/Osteoarthritis,FlexiCare Joint,FLEXICARE JOINT SMALL,Retail,National,National,14047,618052.43,0.91
nielsen_scanner,2025-02,2025-Q1,Vaccines,ImmunoCore Canine,IMMUNOCORE CANINE LARGE,Retail,National,National,18564,389846.93,0.91
nielsen_scanner,2025-02,2025-Q1,Vaccines,ImmunoCore Canine,IMMUNOCORE CANINE SMALL,Retail,National,National,25114,527381.32,0.91
nielsen_scanner,2025-02,2025-Q1,Pain/Osteoarthritis,Librela,LIBRELA LARGE,Retail,National,National,7164,343871.27,0.91
nielsen_scanner,2025-02,2025-Q1,Pain/Osteoarthritis,Librela,LIBRELA SMALL,Retail,National,National,10252,492095.44,0.91
nielsen_scanner,2025-02,2025-Q1,Pain/Osteoarthritis,OsteoEase Vet,OSTEOEASE VET LARGE,Retail,National,National,9209,377584.56,0.91
nielsen_scanner,2025-02,2025-Q1,Pain/Osteoarthritis,OsteoEase Vet,OSTEOEASE VET SMALL,Retail,National,National,12337,505855.54,0.91
nielsen_scanner,2025-02,2025-Q1,Pain/Osteoarthritis,PainAway Canine,PAINAWAY CANINE LARGE,Retail,National,National,8111,300092.29,0.91
nielsen_scanner,2025-02,2025-Q1,Pain/Osteoarthritis,PainAway Canine,PAINAWAY CANINE SMALL,Retail,National,National,11366,420543.7,0.91
nielsen_scanner,2025-02,2025-Q1,Petcare Diagnostics,PetLab Analyzer,PETLAB ANALYZER LARGE,Retail,National,National,9886,148298.54,0.91
nielsen_scanner,2025-02,2025-Q1,Petcare Diagnostics,PetLab Analyzer,PETLAB ANALYZER SMALL,Retail,National,National,13474,202112.67,0.91
nielsen_scanner,2025-02,2025-Q1,Petcare Diagnostics,RapidVet Dx,RAPIDVET DX LARGE,Retail,National,National,14891,238242.22,0.91
nielsen_scanner,2025-02,2025-Q1,Petcare Diagnostics,RapidVet Dx,RAPIDVET DX SMALL,Retail,National,National,20472,327549.62,0.91
nielsen_scanner,2025-02,2025-Q1,Parasiticides,Simparica Trio,SIMPARICA TRIO LARGE,Retail,National,National,135026,3780728.28,0.91
nielsen_scanner,2025-02,2025-Q1,Parasiticides,Simparica Trio,SIMPARICA TRIO SMALL,Retail,National,National,180321,5049014.42,0.91
nielsen_scanner,2025-02,2025-Q1,Dermatology,SkinRelief Pro,SKINRELIEF PRO LARGE,Retail,National,National,10033,491577.81,0.91
nielsen_scanner,2025-02,2025-Q1,Dermatology,SkinRelief Pro,SKINRELIEF PRO SMALL,Retail,National,National,13802,676274.64,0.91
nielsen_scanner,2025-02,2025-Q1,Parasiticides,TickShield Plus,TICKSHIELD PLUS LARGE,Retail,National,National,93269,2238455.45,0.91
nielsen_scanner,2025-02,2025-Q1,Parasiticides,TickShield Plus,TICKSHIELD PLUS SMALL,Retail,National,National,130898,3141555.42,0.91
nielsen_scanner,2025-02,2025-Q1,Vaccines,Vanguard,VANGUARD LARGE,Retail,National,National,14470,318326.51,0.91
nielsen_scanner,2025-02,2025-Q1,Vaccines,Vanguard,VANGUARD SMALL,Retail,National,National,19206,422545.42,0.91
nielsen_scanner,2025-02,2025-Q1,Parasiticides,VectraGuard,VECTRAGUARD LARGE,Retail,National,National,103377,2687799.75,0.91
nielsen_scanner,2025-02,2025-Q1,Parasiticides,VectraGuard,VECTRAGUARD SMALL,Retail,National,National,144039,3745028.54,0.91
nielsen_scanner,2025-02,2025-Q1,Vaccines,VetGuard Immunize,VETGUARD IMMUNIZE LARGE,Retail,National,National,14594,277283.99,0.91
nielsen_scanner,2025-02,2025-Q1,Vaccines,VetGuard Immunize,VETGUARD IMMUNIZE SMALL,Retail,National,National,20058,381103.19,0.91
nielsen_scanner,2025-02,2025-Q1,Vaccines,VetSelect Core Vax,VETSELECT CORE VAX LARGE,Retail,National,National,50661,709250.55,0.91
nielsen_scanner,2025-02,2025-Q1,Vaccines,VetSelect Core Vax,VETSELECT CORE VAX SMALL,Retail,National,National,69077,967066.57,0.91
nielsen_scanner,2025-02,2025-Q1,Dermatology,VetSelect Derma,VETSELECT DERMA LARGE,Retail,National,National,24692,938274.96,0.91
nielsen_scanner,2025-02,2025-Q1,Dermatology,VetSelect Derma,VETSELECT DERMA SMALL,Retail,National,National,33657,1278972.67,0.91
nielsen_scanner,2025-02,2025-Q1,Petcare Diagnostics,VetSelect Dx,VETSELECT DX LARGE,Retail,National,National,35975,431700.98,0.91
nielsen_scanner,2025-02,2025-Q1,Petcare Diagnostics,VetSelect Dx,VETSELECT DX SMALL,Retail,National,National,49862,598334.42,0.91
nielsen_scanner,2025-02,2025-Q1,Parasiticides,VetSelect Flea & Tick,VETSELECT FLEA & TICK LARGE,Retail,National,National,182135,3096303.64,0.91
nielsen_scanner,2025-02,2025-Q1,Parasiticides,VetSelect Flea & Tick,VETSELECT FLEA & TICK SMALL,Retail,National,National,251202,4270437.19,0.91
nielsen_scanner,2025-02,2025-Q1,Pain/Osteoarthritis,VetSelect Joint,VETSELECT JOINT LARGE,Retail,National,National,26502,768575.36,0.91
nielsen_scanner,2025-02,2025-Q1,Pain/Osteoarthritis,VetSelect Joint,VETSELECT JOINT SMALL,Retail,National,National,36291,1052432.27,0.91
nielsen_scanner,2025-02,2025-Q1,Petcare Diagnostics,Vetscan,VETSCAN LARGE,Retail,National,National,9112,164012.99,0.91
nielsen_scanner,2025-02,2025-Q1,Petcare Diagnostics,Vetscan,VETSCAN SMALL,Retail,National,National,12231,220175.47,0.91
nielsen_scanner,2025-02,2025-Q1,Dermatology,AllerVet RX,ALLERVET RX LARGE,Retail,Region,Midwest,2637,142386.16,0.91
nielsen_scanner,2025-02,2025-Q1,Dermatology,AllerVet RX,ALLERVET RX SMALL,Retail,Region,Midwest,3863,208578.55,0.91
nielsen_scanner,2025-02,2025-Q1,Dermatology,Apoquel,APOQUEL LARGE,Retail,Region,Midwest,3439,223528.27,0.91
nielsen_scanner,2025-02,2025-Q1,Dermatology,Apoquel,APOQUEL SMALL,Retail,Region,Midwest,4608,299518.4,0.91
nielsen_scanner,2025-02,2025-Q1,Vaccines,BioShield Vax,BIOSHIELD VAX LARGE,Retail,Region,Midwest,3169,63381.44,0.91
nielsen_scanner,2025-02,2025-Q1,Vaccines,BioShield Vax,BIOSHIELD VAX SMALL,Retail,Region,Midwest,4473,89468.63,0.91
nielsen_scanner,2025-02,2025-Q1,Dermatology,DermaCalm,DERMACALM LARGE,Retail,Region,Midwest,2812,163090.85,0.91
nielsen_scanner,2025-02,2025-Q1,Dermatology,DermaCalm,DERMACALM SMALL,Retail,Region,Midwest,3794,220052.76,0.91
nielsen_scanner,2025-02,2025-Q1,Petcare Diagnostics,DiagnosTech Vet,DIAGNOSTECH VET LARGE,Retail,Region,Midwest,3432,58345.09,0.91
nielsen_scanner,2025-02,2025-Q1,Petcare Diagnostics,DiagnosTech Vet,DIAGNOSTECH VET SMALL,Retail,Region,Midwest,4810,81764.27,0.91
nielsen_scanner,2025-02,2025-Q1,Parasiticides,FleaStop Pro,FLEASTOP PRO LARGE,Retail,Region,Midwest,17023,357473.75,0.91
nielsen_scanner,2025-02,2025-Q1,Parasiticides,FleaStop Pro,FLEASTOP PRO SMALL,Retail,Region,Midwest,22099,464070.27,0.91
nielsen_scanner,2025-02,2025-Q1,Pain/Osteoarthritis,FlexiCare Joint,FLEXICARE JOINT LARGE,Retail,Region,Midwest,2167,95364.44,0.91
nielsen_scanner,2025-02,2025-Q1,Pain/Osteoarthritis,FlexiCare Joint,FLEXICARE JOINT SMALL,Retail,Region,Midwest,3019,132827.72,0.91
nielsen_scanner,2025-02,2025-Q1,Vaccines,ImmunoCore Canine,IMMUNOCORE CANINE LARGE,Retail,Region,Midwest,4032,84673.14,0.91
nielsen_scanner,2025-02,2025-Q1,Vaccines,ImmunoCore Canine,IMMUNOCORE CANINE SMALL,Retail,Region,Midwest,5365,112663.01,0.91
nielsen_scanner,2025-02,2025-Q1,Pain/Osteoarthritis,Librela,LIBRELA LARGE,Retail,Region,Midwest,1550,74382.35,0.91
nielsen_scanner,2025-02,2025-Q1,Pain/Osteoarthritis,Librela,LIBRELA SMALL,Retail,Region,Midwest,2115,101518.23,0.91
nielsen_scanner,2025-02,2025-Q1,Pain/Osteoarthritis,OsteoEase Vet,OSTEOEASE VET LARGE,Retail,Region,Midwest,1878,77003.81,0.91
nielsen_scanner,2025-02,2025-Q1,Pain/Osteoarthritis,OsteoEase Vet,OSTEOEASE VET SMALL,Retail,Region,Midwest,2681,109925.22,0.91
nielsen_scanner,2025-02,2025-Q1,Pain/Osteoarthritis,PainAway Canine,PAINAWAY CANINE LARGE,Retail,Region,Midwest,1782,65921.92,0.91
nielsen_scanner,2025-02,2025-Q1,Pain/Osteoarthritis,PainAway Canine,PAINAWAY CANINE SMALL,Retail,Region,Midwest,2452,90722.19,0.91
nielsen_scanner,2025-02,2025-Q1,Petcare Diagnostics,PetLab Analyzer,PETLAB ANALYZER LARGE,Retail,Region,Midwest,2086,31283.08,0.91
nielsen_scanner,2025-02,2025-Q1,Petcare Diagnostics,PetLab Analyzer,PETLAB ANALYZER SMALL,Retail,Region,Midwest,2944,44164.57,0.91
nielsen_scanner,2025-02,2025-Q1,Petcare Diagnostics,RapidVet Dx,RAPIDVET DX LARGE,Retail,Region,Midwest,3201,51211.27,0.91
nielsen_scanner,2025-02,2025-Q1,Petcare Diagnostics,RapidVet Dx,RAPIDVET DX SMALL,Retail,Region,Midwest,4462,71398.76,0.91
nielsen_scanner,2025-02,2025-Q1,Parasiticides,Simparica Trio,SIMPARICA TRIO LARGE,Retail,Region,Midwest,27685,775178.3,0.91
nielsen_scanner,2025-02,2025-Q1,Parasiticides,Simparica Trio,SIMPARICA TRIO SMALL,Retail,Region,Midwest,38891,1088954.8,0.91
nielsen_scanner,2025-02,2025-Q1,Dermatology,SkinRelief Pro,SKINRELIEF PRO LARGE,Retail,Region,Midwest,1963,96163.23,0.91
nielsen_scanner,2025-02,2025-Q1,Dermatology,SkinRelief Pro,SKINRELIEF PRO SMALL,Retail,Region,Midwest,2768,135638.36,0.91
nielsen_scanner,2025-02,2025-Q1,Parasiticides,TickShield Plus,TICKSHIELD PLUS LARGE,Retail,Region,Midwest,18554,445284.02,0.91
nielsen_scanner,2025-02,2025-Q1,Parasiticides,TickShield Plus,TICKSHIELD PLUS SMALL,Retail,Region,Midwest,26458,635000.52,0.91
nielsen_scanner,2025-02,2025-Q1,Vaccines,Vanguard,VANGUARD LARGE,Retail,Region,Midwest,3030,66663.17,0.91
nielsen_scanner,2025-02,2025-Q1,Vaccines,Vanguard,VANGUARD SMALL,Retail,Region,Midwest,4174,91833.38,0.91
nielsen_scanner,2025-02,2025-Q1,Parasiticides,VectraGuard,VECTRAGUARD LARGE,Retail,Region,Midwest,20114,522969.07,0.91
nielsen_scanner,2025-02,2025-Q1,Parasiticides,VectraGuard,VECTRAGUARD SMALL,Retail,Region,Midwest,29353,763189.17,0.91
nielsen_scanner,2025-02,2025-Q1,Vaccines,VetGuard Immunize,VETGUARD IMMUNIZE LARGE,Retail,Region,Midwest,3217,61129.02,0.91
nielsen_scanner,2025-02,2025-Q1,Vaccines,VetGuard Immunize,VETGUARD IMMUNIZE SMALL,Retail,Region,Midwest,4519,85868.66,0.91
nielsen_scanner,2025-02,2025-Q1,Vaccines,VetSelect Core Vax,VETSELECT CORE VAX LARGE,Retail,Region,Midwest,10402,145625.47,0.91
nielsen_scanner,2025-02,2025-Q1,Vaccines,VetSelect Core Vax,VETSELECT CORE VAX SMALL,Retail,Region,Midwest,14573,204015.11,0.91
nielsen_scanner,2025-02,2025-Q1,Dermatology,VetSelect Derma,VETSELECT DERMA LARGE,Retail,Region,Midwest,5676,215681.63,0.91
nielsen_scanner,2025-02,2025-Q1,Dermatology,VetSelect Derma,VETSELECT DERMA SMALL,Retail,Region,Midwest,7560,287272.95,0.91
nielsen_scanner,2025-02,2025-Q1,Petcare Diagnostics,VetSelect Dx,VETSELECT DX LARGE,Retail,Region,Midwest,7535,90420.6,0.91
nielsen_scanner,2025-02,2025-Q1,Petcare Diagnostics,VetSelect Dx,VETSELECT DX SMALL,Retail,Region,Midwest,10397,124768.38,0.91
nielsen_scanner,2025-02,2025-Q1,Parasiticides,VetSelect Flea & Tick,VETSELECT FLEA & TICK LARGE,Retail,Region,Midwest,38486,654258.55,0.91
nielsen_scanner,2025-02,2025-Q1,Parasiticides,VetSelect Flea & Tick,VETSELECT FLEA & TICK SMALL,Retail,Region,Midwest,53392,907671.79,0.91
nielsen_scanner,2025-02,2025-Q1,Pain/Osteoarthritis,VetSelect Joint,VETSELECT JOINT LARGE,Retail,Region,Midwest,5355,155285.0,0.91
nielsen_scanner,2025-02,2025-Q1,Pain/Osteoarthritis,VetSelect Joint,VETSELECT JOINT SMALL,Retail,Region,Midwest,7362,213512.14,0.91
nielsen_scanner,2025-02,2025-Q1,Petcare Diagnostics,Vetscan,VETSCAN LARGE,Retail,Region,Midwest,1820,32753.91,0.91
nielsen_scanner,2025-02,2025-Q1,Petcare Diagnostics,Vetscan,VETSCAN SMALL,Retail,Region,Midwest,2642,47560.69,0.91
nielsen_scanner,2025-02,2025-Q1,Dermatology,AllerVet RX,ALLERVET RX LARGE,Retail,Region,Northeast,2757,148851.3,0.91
nielsen_scanner,2025-02,2025-Q1,Dermatology,AllerVet RX,ALLERVET RX SMALL,Retail,Region,Northeast,3405,183880.06,0.91
nielsen_scanner,2025-02,2025-Q1,Dermatology,Apoquel,APOQUEL LARGE,Retail,Region,Northeast,3547,230548.0,0.91
nielsen_scanner,2025-02,2025-Q1,Dermatology,Apoquel,APOQUEL SMALL,Retail,Region,Northeast,4734,307742.36,0.91
nielsen_scanner,2025-02,2025-Q1,Vaccines,BioShield Vax,BIOSHIELD VAX LARGE,Retail,Region,Northeast,3534,70689.77,0.91
nielsen_scanner,2025-02,2025-Q1,Vaccines,BioShield Vax,BIOSHIELD VAX SMALL,Retail,Region,Northeast,4864,97280.1,0.91
nielsen_scanner,2025-02,2025-Q1,Dermatology,DermaCalm,DERMACALM LARGE,Retail,Region,Northeast,2905,168479.0,0.91
nielsen_scanner,2025-02,2025-Q1,Dermatology,DermaCalm,DERMACALM SMALL,Retail,Region,Northeast,4245,246219.29,0.91
nielsen_scanner,2025-02,2025-Q1,Petcare Diagnostics,DiagnosTech Vet,DIAGNOSTECH VET LARGE,Retail,Region,Northeast,3469,58976.77,0.91
nielsen_scanner,2025-02,2025-Q1,Petcare Diagnostics,DiagnosTech Vet,DIAGNOSTECH VET SMALL,Retail,Region,Northeast,4718,80203.13,0.91
nielsen_scanner,2025-02,2025-Q1,Parasiticides,FleaStop Pro,FLEASTOP PRO LARGE,Retail,Region,Northeast,17011,357232.41,0.91
nielsen_scanner,2025-02,2025-Q1,Parasiticides,FleaStop Pro,FLEASTOP PRO SMALL,Retail,Region,Northeast,22367,469708.46,0.91
nielsen_scanner,2025-02,2025-Q1,Pain/Osteoarthritis,FlexiCare Joint,FLEXICARE JOINT LARGE,Retail,Region,Northeast,2322,102171.2,0.91
nielsen_scanner,2025-02,2025-Q1,Pain/Osteoarthritis,FlexiCare Joint,FLEXICARE JOINT SMALL,Retail,Region,Northeast,3142,138240.78,0.91
nielsen_scanner,2025-02,2025-Q1,Vaccines,ImmunoCore Canine,IMMUNOCORE CANINE LARGE,Retail,Region,Northeast,4065,85368.57,0.91
nielsen_scanner,2025-02,2025-Q1,Vaccines,ImmunoCore Canine,IMMUNOCORE CANINE SMALL,Retail,Region,Northeast,5671,119083.02,0.91
nielsen_scanner,2025-02,2025-Q1,Pain/Osteoarthritis,Librela,LIBRELA LARGE,Retail,Region,Northeast,1527,73278.78,0.91
nielsen_scanner,2025-02,2025-Q1,Pain/Osteoarthritis,Librela,LIBRELA SMALL,Retail,Region,Northeast,2285,109668.64,0.91
nielsen_scanner,2025-02,2025-Q1,Pain/Osteoarthritis,OsteoEase Vet,OSTEOEASE VET LARGE,Retail,Region,Northeast,2029,83195.04,0.91
nielsen_scanner,2025-02,2025-Q1,Pain/Osteoarthritis,OsteoEase Vet,OSTEOEASE VET SMALL,Retail,Region,Northeast,2782,114073.97,0.91
nielsen_scanner,2025-02,2025-Q1,Pain/Osteoarthritis,PainAway Canine,PAINAWAY CANINE LARGE,Retail,Region,Northeast,1771,65543.45,0.91
nielsen_scanner,2025-02,2025-Q1,Pain/Osteoarthritis,PainAway Canine,PAINAWAY CANINE SMALL,Retail,Region,Northeast,2507,92770.67,0.91
nielsen_scanner,2025-02,2025-Q1,Petcare Diagnostics,PetLab Analyzer,PETLAB ANALYZER LARGE,Retail,Region,Northeast,2251,33768.29,0.91
nielsen_scanner,2025-02,2025-Q1,Petcare Diagnostics,PetLab Analyzer,PETLAB ANALYZER SMALL,Retail,Region,Northeast,2939,44089.26,0.91
nielsen_scanner,2025-02,2025-Q1,Petcare Diagnostics,RapidVet Dx,RAPIDVET DX LARGE,Retail,Region,Northeast,3241,51862.22,0.91
nielsen_scanner,2025-02,2025-Q1,Petcare Diagnostics,RapidVet Dx,RAPIDVET DX SMALL,Retail,Region,Northeast,4572,73144.21,0.91
nielsen_scanner,2025-02,2025-Q1,Parasiticides,Simparica Trio,SIMPARICA TRIO LARGE,Retail,Region,Northeast,29811,834706.61,0.91
nielsen_scanner,2025-02,2025-Q1,Parasiticides,Simparica Trio,SIMPARICA TRIO SMALL,Retail,Region,Northeast,37797,1058326.76,0.91
nielsen_scanner,2025-02,2025-Q1,Dermatology,SkinRelief Pro,SKINRELIEF PRO LARGE,Retail,Region,Northeast,2273,111371.97,0.91
nielsen_scanner,2025-02,2025-Q1,Dermatology,SkinRelief Pro,SKINRELIEF PRO SMALL,Retail,Region,Northeast,3093,151561.92,0.91
nielsen_scanner,2025-02,2025-Q1,Parasiticides,TickShield Plus,TICKSHIELD PLUS LARGE,Retail,Region,Northeast,21194,508665.54,0.91
nielsen_scanner,2025-02,2025-Q1,Parasiticides,TickShield Plus,TICKSHIELD PLUS SMALL,Retail,Region,Northeast,28784,690818.69,0.91
nielsen_scanner,2025-02,2025-Q1,Vaccines,Vanguard,VANGUARD LARGE,Retail,Region,Northeast,3201,70417.63,0.91
nielsen_scanner,2025-02,2025-Q1,Vaccines,Vanguard,VANGUARD SMALL,Retail,Region,Northeast,4018,88399.09,0.91
nielsen_scanner,2025-02,2025-Q1,Parasiticides,VectraGuard,VECTRAGUARD LARGE,Retail,Region,Northeast,21289,553506.59,0.91
nielsen_scanner,2025-02,2025-Q1,Parasiticides,VectraGuard,VECTRAGUARD SMALL,Retail,Region,Northeast,29340,762840.12,0.91
nielsen_scanner,2025-02,2025-Q1,Vaccines,VetGuard Immunize,VETGUARD IMMUNIZE LARGE,Retail,Region,Northeast,3256,61858.52,0.91
nielsen_scanner,2025-02,2025-Q1,Vaccines,VetGuard Immunize,VETGUARD IMMUNIZE SMALL,Retail,Region,Northeast,4272,81163.43,0.91
nielsen_scanner,2025-02,2025-Q1,Vaccines,VetSelect Core Vax,VETSELECT CORE VAX LARGE,Retail,Region,Northeast,10863,152080.41,0.91
nielsen_scanner,2025-02,2025-Q1,Vaccines,VetSelect Core Vax,VETSELECT CORE VAX SMALL,Retail,Region,Northeast,15237,213312.49,0.91
nielsen_scanner,2025-02,2025-Q1,Dermatology,VetSelect Derma,VETSELECT DERMA LARGE,Retail,Region,Northeast,5229,198687.31,0.91
nielsen_scanner,2025-02,2025-Q1,Dermatology,VetSelect Derma,VETSELECT DERMA SMALL,Retail,Region,Northeast,6963,264610.49,0.91
nielsen_scanner,2025-02,2025-Q1,Petcare Diagnostics,VetSelect Dx,VETSELECT DX LARGE,Retail,Region,Northeast,7949,95387.63,0.91
nielsen_scanner,2025-02,2025-Q1,Petcare Diagnostics,VetSelect Dx,VETSELECT DX SMALL,Retail,Region,Northeast,10243,122912.04,0.91
nielsen_scanner,2025-02,2025-Q1,Parasiticides,VetSelect Flea & Tick,VETSELECT FLEA & TICK LARGE,Retail,Region,Northeast,38690,657735.4,0.91
nielsen_scanner,2025-02,2025-Q1,Parasiticides,VetSelect Flea & Tick,VETSELECT FLEA & TICK SMALL,Retail,Region,Northeast,50761,862932.78,0.91
nielsen_scanner,2025-02,2025-Q1,Pain/Osteoarthritis,VetSelect Joint,VETSELECT JOINT LARGE,Retail,Region,Northeast,5626,163153.42,0.91
nielsen_scanner,2025-02,2025-Q1,Pain/Osteoarthritis,VetSelect Joint,VETSELECT JOINT SMALL,Retail,Region,Northeast,8135,235910.41,0.91
nielsen_scanner,2025-02,2025-Q1,Petcare Diagnostics,Vetscan,VETSCAN LARGE,Retail,Region,Northeast,2078,37398.51,0.91
nielsen_scanner,2025-02,2025-Q1,Petcare Diagnostics,Vetscan,VETSCAN SMALL,Retail,Region,Northeast,2761,49701.89,0.91
nielsen_scanner,2025-02,2025-Q1,Dermatology,AllerVet RX,ALLERVET RX LARGE,Retail,Region,South,4214,227554.16,0.91
nielsen_scanner,2025-02,2025-Q1,Dermatology,AllerVet RX,ALLERVET RX SMALL,Retail,Region,South,5736,309747.65,0.91
nielsen_scanner,2025-02,2025-Q1,Dermatology,Apoquel,APOQUEL LARGE,Retail,Region,South,5642,366756.69,0.91
nielsen_scanner,2025-02,2025-Q1,Dermatology,Apoquel,APOQUEL SMALL,Retail,Region,South,7520,488789.23,0.91
nielsen_scanner,2025-02,2025-Q1,Vaccines,BioShield Vax,BIOSHIELD VAX LARGE,Retail,Region,South,4903,98066.18,0.91
nielsen_scanner,2025-02,2025-Q1,Vaccines,BioShield Vax,BIOSHIELD VAX SMALL,Retail,Region,South,6858,137160.51,0.91
nielsen_scanner,2025-02,2025-Q1,Dermatology,DermaCalm,DERMACALM LARGE,Retail,Region,South,4600,266825.49,0.91
nielsen_scanner,2025-02,2025-Q1,Dermatology,DermaCalm,DERMACALM SMALL,Retail,Region,South,6457,374522.98,0.91
nielsen_scanner,2025-02,2025-Q1,Petcare Diagnostics,DiagnosTech Vet,DIAGNOSTECH VET LARGE,Retail,Region,South,5427,92261.98,0.91
nielsen_scanner,2025-02,2025-Q1,Petcare Diagnostics,DiagnosTech Vet,DIAGNOSTECH VET SMALL,Retail,Region,South,7098,120658.83,0.91
nielsen_scanner,2025-02,2025-Q1,Parasiticides,FleaStop Pro,FLEASTOP PRO LARGE,Retail,Region,South,25957,545094.78,0.91
nielsen_scanner,2025-02,2025-Q1,Parasiticides,FleaStop Pro,FLEASTOP PRO SMALL,Retail,Region,South,35352,742384.57,0.91
nielsen_scanner,2025-02,2025-Q1,Pain/Osteoarthritis,FlexiCare Joint,FLEXICARE JOINT LARGE,Retail,Region,South,3397,149463.29,0.91
nielsen_scanner,2025-02,2025-Q1,Pain/Osteoarthritis,FlexiCare Joint,FLEXICARE JOINT SMALL,Retail,Region,South,4705,207012.83,0.91
nielsen_scanner,2025-02,2025-Q1,Vaccines,ImmunoCore Canine,IMMUNOCORE CANINE LARGE,Retail,Region,South,6458,135618.25,0.91
nielsen_scanner,2025-02,2025-Q1,Vaccines,ImmunoCore Canine,IMMUNOCORE CANINE SMALL,Retail,Region,South,8801,184816.39,0.91
nielsen_scanner,2025-02,2025-Q1,Pain/Osteoarthritis,Librela,LIBRELA LARGE,Retail,Region,South,2407,115550.6,0.91
nielsen_scanner,2025-02,2025-Q1,Pain/Osteoarthritis,Librela,LIBRELA SMALL,Retail,Region,South,3501,168045.66,0.91
nielsen_scanner,2025-02,2025-Q1,Pain/Osteoarthritis,OsteoEase Vet,OSTEOEASE VET LARGE,Retail,Region,South,3266,133920.08,0.91
nielsen_scanner,2025-02,2025-Q1,Pain/Osteoarthritis,OsteoEase Vet,OSTEOEASE VET SMALL,Retail,Region,South,4039,165608.51,0.91
nielsen_scanner,2025-02,2025-Q1,Pain/Osteoarthritis,PainAway Canine,PAINAWAY CANINE LARGE,Retail,Region,South,2787,103108.41,0.91
nielsen_scanner,2025-02,2025-Q1,Pain/Osteoarthritis,PainAway Canine,PAINAWAY CANINE SMALL,Retail,Region,South,3841,142105.93,0.91
nielsen_scanner,2025-02,2025-Q1,Petcare Diagnostics,PetLab Analyzer,PETLAB ANALYZER LARGE,Retail,Region,South,3269,49041.83,0.91
nielsen_scanner,2025-02,2025-Q1,Petcare Diagnostics,PetLab Analyzer,PETLAB ANALYZER SMALL,Retail,Region,South,4498,67465.44,0.91
nielsen_scanner,2025-02,2025-Q1,Petcare Diagnostics,RapidVet Dx,RAPIDVET DX LARGE,Retail,Region,South,4979,79656.37,0.91
nielsen_scanner,2025-02,2025-Q1,Petcare Diagnostics,RapidVet Dx,RAPIDVET DX SMALL,Retail,Region,South,6843,109492.4,0.91
nielsen_scanner,2025-02,2025-Q1,Parasiticides,Simparica Trio,SIMPARICA TRIO LARGE,Retail,Region,South,47018,1316500.99,0.91
nielsen_scanner,2025-02,2025-Q1,Parasiticides,Simparica Trio,SIMPARICA TRIO SMALL,Retail,Region,South,62742,1756778.21,0.91
nielsen_scanner,2025-02,2025-Q1,Dermatology,SkinRelief Pro,SKINRELIEF PRO LARGE,Retail,Region,South,3554,174144.89,0.91
nielsen_scanner,2025-02,2025-Q1,Dermatology,SkinRelief Pro,SKINRELIEF PRO SMALL,Retail,Region,South,4755,232980.77,0.91
nielsen_scanner,2025-02,2025-Q1,Parasiticides,TickShield Plus,TICKSHIELD PLUS LARGE,Retail,Region,South,31892,765408.58,0.91
nielsen_scanner,2025-02,2025-Q1,Parasiticides,TickShield Plus,TICKSHIELD PLUS SMALL,Retail,Region,South,45665,1095950.9,0.91
nielsen_scanner,2025-02,2025-Q1,Vaccines,Vanguard,VANGUARD LARGE,Retail,Region,South,5017,110363.43,0.91
nielsen_scanner,2025-02,2025-Q1,Vaccines,Vanguard,VANGUARD SMALL,Retail,Region,South,6567,144478.91,0.91
nielsen_scanner,2025-02,2025-Q1,Parasiticides,VectraGuard,VECTRAGUARD LARGE,Retail,Region,South,36541,950065.45,0.91
nielsen_scanner,2025-02,2025-Q1,Parasiticides,VectraGuard,VECTRAGUARD SMALL,Retail,Region,South,50989,1325709.3,0.91
nielsen_scanner,2025-02,2025-Q1,Vaccines,VetGuard Immunize,VETGUARD IMMUNIZE LARGE,Retail,Region,South,4753,90297.59,0.91
nielsen_scanner,2025-02,2025-Q1,Vaccines,VetGuard Immunize,VETGUARD IMMUNIZE SMALL,Retail,Region,South,6441,122386.57,0.91
nielsen_scanner,2025-02,2025-Q1,Vaccines,VetSelect Core Vax,VETSELECT CORE VAX LARGE,Retail,Region,South,16455,230368.68,0.91
nielsen_scanner,2025-02,2025-Q1,Vaccines,VetSelect Core Vax,VETSELECT CORE VAX SMALL,Retail,Region,South,22974,321638.97,0.91
nielsen_scanner,2025-02,2025-Q1,Dermatology,VetSelect Derma,VETSELECT DERMA LARGE,Retail,Region,South,8403,319318.74,0.91
nielsen_scanner,2025-02,2025-Q1,Dermatology,VetSelect Derma,VETSELECT DERMA SMALL,Retail,Region,South,11494,436763.88,0.91
nielsen_scanner,2025-02,2025-Q1,Petcare Diagnostics,VetSelect Dx,VETSELECT DX LARGE,Retail,Region,South,11400,136797.36,0.91
nielsen_scanner,2025-02,2025-Q1,Petcare Diagnostics,VetSelect Dx,VETSELECT DX SMALL,Retail,Region,South,17147,205759.5,0.91
nielsen_scanner,2025-02,2025-Q1,Parasiticides,VetSelect Flea & Tick,VETSELECT FLEA & TICK LARGE,Retail,Region,South,63187,1074183.61,0.91
nielsen_scanner,2025-02,2025-Q1,Parasiticides,VetSelect Flea & Tick,VETSELECT FLEA & TICK SMALL,Retail,Region,South,86827,1476057.02,0.91
nielsen_scanner,2025-02,2025-Q1,Pain/Osteoarthritis,VetSelect Joint,VETSELECT JOINT LARGE,Retail,Region,South,9374,271859.47,0.91
nielsen_scanner,2025-02,2025-Q1,Pain/Osteoarthritis,VetSelect Joint,VETSELECT JOINT SMALL,Retail,Region,South,12421,360196.71,0.91
nielsen_scanner,2025-02,2025-Q1,Petcare Diagnostics,Vetscan,VETSCAN LARGE,Retail,Region,South,3030,54545.96,0.91
nielsen_scanner,2025-02,2025-Q1,Petcare Diagnostics,Vetscan,VETSCAN SMALL,Retail,Region,South,4088,73590.01,0.91
nielsen_scanner,2025-02,2025-Q1,Dermatology,AllerVet RX,ALLERVET RX LARGE,Retail,Region,West,2763,149178.57,0.91
nielsen_scanner,2025-02,2025-Q1,Dermatology,AllerVet RX,ALLERVET RX SMALL,Retail,Region,West,3861,208476.81,0.91
nielsen_scanner,2025-02,2025-Q1,Dermatology,Apoquel,APOQUEL LARGE,Retail,Region,West,3600,234031.4,0.91
nielsen_scanner,2025-02,2025-Q1,Dermatology,Apoquel,APOQUEL SMALL,Retail,Region,West,5044,327874.17,0.91
nielsen_scanner,2025-02,2025-Q1,Vaccines,BioShield Vax,BIOSHIELD VAX LARGE,Retail,Region,West,3509,70180.08,0.91
nielsen_scanner,2025-02,2025-Q1,Vaccines,BioShield Vax,BIOSHIELD VAX SMALL,Retail,Region,West,5094,101883.77,0.91
nielsen_scanner,2025-02,2025-Q1,Dermatology,DermaCalm,DERMACALM LARGE,Retail,Region,West,3130,181556.25,0.91
nielsen_scanner,2025-02,2025-Q1,Dermatology,DermaCalm,DERMACALM SMALL,Retail,Region,West,4607,267204.27,0.91
nielsen_scanner,2025-02,2025-Q1,Petcare Diagnostics,DiagnosTech Vet,DIAGNOSTECH VET LARGE,Retail,Region,West,3482,59200.63,0.91
nielsen_scanner,2025-02,2025-Q1,Petcare Diagnostics,DiagnosTech Vet,DIAGNOSTECH VET SMALL,Retail,Region,West,4969,84466.12,0.91
nielsen_scanner,2025-02,2025-Q1,Parasiticides,FleaStop Pro,FLEASTOP PRO LARGE,Retail,Region,West,18100,380100.64,0.91
nielsen_scanner,2025-02,2025-Q1,Parasiticides,FleaStop Pro,FLEASTOP PRO SMALL,Retail,Region,West,24871,522298.46,0.91
nielsen_scanner,2025-02,2025-Q1,Pain/Osteoarthritis,FlexiCare Joint,FLEXICARE JOINT LARGE,Retail,Region,West,2232,98190.68,0.91
nielsen_scanner,2025-02,2025-Q1,Pain/Osteoarthritis,FlexiCare Joint,FLEXICARE JOINT SMALL,Retail,Region,West,3181,139971.1,0.91
nielsen_scanner,2025-02,2025-Q1,Vaccines,ImmunoCore Canine,IMMUNOCORE CANINE LARGE,Retail,Region,West,4009,84186.97,0.91
nielsen_scanner,2025-02,2025-Q1,Vaccines,ImmunoCore Canine,IMMUNOCORE CANINE SMALL,Retail,Region,West,5277,110818.9,0.91
nielsen_scanner,2025-02,2025-Q1,Pain/Osteoarthritis,Librela,LIBRELA LARGE,Retail,Region,West,1680,80659.54,0.91
nielsen_scanner,2025-02,2025-Q1,Pain/Osteoarthritis,Librela,LIBRELA SMALL,Retail,Region,West,2351,112862.91,0.91
nielsen_scanner,2025-02,2025-Q1,Pain/Osteoarthritis,OsteoEase Vet,OSTEOEASE VET LARGE,Retail,Region,West,2036,83465.63,0.91
nielsen_scanner,2025-02,2025-Q1,Pain/Osteoarthritis,OsteoEase Vet,OSTEOEASE VET SMALL,Retail,Region,West,2835,116247.84,0.91
nielsen_scanner,2025-02,2025-Q1,Pain/Osteoarthritis,PainAway Canine,PAINAWAY CANINE LARGE,Retail,Region,West,1771,65518.51,0.91
nielsen_scanner,2025-02,2025-Q1,Pain/Osteoarthritis,PainAway Canine,PAINAWAY CANINE SMALL,Retail,Region,West,2566,94944.91,0.91
nielsen_scanner,2025-02,2025-Q1,Petcare Diagnostics,PetLab Analyzer,PETLAB ANALYZER LARGE,Retail,Region,West,2280,34205.34,0.91
nielsen_scanner,2025-02,2025-Q1,Petcare Diagnostics,PetLab Analyzer,PETLAB ANALYZER SMALL,Retail,Region,West,3093,46393.4,0.91
nielsen_scanner,2025-02,2025-Q1,Petcare Diagnostics,RapidVet Dx,RAPIDVET DX LARGE,Retail,Region,West,3470,55512.36,0.91
nielsen_scanner,2025-02,2025-Q1,Petcare Diagnostics,RapidVet Dx,RAPIDVET DX SMALL,Retail,Region,West,4595,73514.25,0.91
nielsen_scanner,2025-02,2025-Q1,Parasiticides,Simparica Trio,SIMPARICA TRIO LARGE,Retail,Region,West,30512,854342.38,0.91
nielsen_scanner,2025-02,2025-Q1,Parasiticides,Simparica Trio,SIMPARICA TRIO SMALL,Retail,Region,West,40891,1144954.65,0.91
nielsen_scanner,2025-02,2025-Q1,Dermatology,SkinRelief Pro,SKINRELIEF PRO LARGE,Retail,Region,West,2243,109897.72,0.91
nielsen_scanner,2025-02,2025-Q1,Dermatology,SkinRelief Pro,SKINRELIEF PRO SMALL,Retail,Region,West,3186,156093.59,0.91
nielsen_scanner,2025-02,2025-Q1,Parasiticides,TickShield Plus,TICKSHIELD PLUS LARGE,Retail,Region,West,21629,519097.31,0.91
nielsen_scanner,2025-02,2025-Q1,Parasiticides,TickShield Plus,TICKSHIELD PLUS SMALL,Retail,Region,West,29991,719785.31,0.91
nielsen_scanner,2025-02,2025-Q1,Vaccines,Vanguard,VANGUARD LARGE,Retail,Region,West,3222,70882.28,0.91
nielsen_scanner,2025-02,2025-Q1,Vaccines,Vanguard,VANGUARD SMALL,Retail,Region,West,4447,97834.04,0.91
nielsen_scanner,2025-02,2025-Q1,Parasiticides,VectraGuard,VECTRAGUARD LARGE,Retail,Region,West,25433,661258.64,0.91
nielsen_scanner,2025-02,2025-Q1,Parasiticides,VectraGuard,VECTRAGUARD SMALL,Retail,Region,West,34357,893289.95,0.91
nielsen_scanner,2025-02,2025-Q1,Vaccines,VetGuard Immunize,VETGUARD IMMUNIZE LARGE,Retail,Region,West,3368,63998.86,0.91
nielsen_scanner,2025-02,2025-Q1,Vaccines,VetGuard Immunize,VETGUARD IMMUNIZE SMALL,Retail,Region,West,4826,91684.53,0.91
nielsen_scanner,2025-02,2025-Q1,Vaccines,VetSelect Core Vax,VETSELECT CORE VAX LARGE,Retail,Region,West,12941,181175.99,0.91
nielsen_scanner,2025-02,2025-Q1,Vaccines,VetSelect Core Vax,VETSELECT CORE VAX SMALL,Retail,Region,West,16293,228100.0,0.91
nielsen_scanner,2025-02,2025-Q1,Dermatology,VetSelect Derma,VETSELECT DERMA LARGE,Retail,Region,West,5384,204587.28,0.91
nielsen_scanner,2025-02,2025-Q1,Dermatology,VetSelect Derma,VETSELECT DERMA SMALL,Retail,Region,West,7640,290325.35,0.91
nielsen_scanner,2025-02,2025-Q1,Petcare Diagnostics,VetSelect Dx,VETSELECT DX LARGE,Retail,Region,West,9091,109095.39,0.91
nielsen_scanner,2025-02,2025-Q1,Petcare Diagnostics,VetSelect Dx,VETSELECT DX SMALL,Retail,Region,West,12075,144894.5,0.91
nielsen_scanner,2025-02,2025-Q1,Parasiticides,VetSelect Flea & Tick,VETSELECT FLEA & TICK LARGE,Retail,Region,West,41772,710126.08,0.91
nielsen_scanner,2025-02,2025-Q1,Parasiticides,VetSelect Flea & Tick,VETSELECT FLEA & TICK SMALL,Retail,Region,West,60222,1023775.6,0.91
nielsen_scanner,2025-02,2025-Q1,Pain/Osteoarthritis,VetSelect Joint,VETSELECT JOINT LARGE,Retail,Region,West,6147,178277.47,0.91
nielsen_scanner,2025-02,2025-Q1,Pain/Osteoarthritis,VetSelect Joint,VETSELECT JOINT SMALL,Retail,Region,West,8373,242813.01,0.91
nielsen_scanner,2025-02,2025-Q1,Petcare Diagnostics,Vetscan,VETSCAN LARGE,Retail,Region,West,2184,39314.61,0.91
nielsen_scanner,2025-02,2025-Q1,Petcare Diagnostics,Vetscan,VETSCAN SMALL,Retail,Region,West,2740,49322.88,0.91
nielsen_scanner,2025-03,2025-Q1,Dermatology,AllerVet RX,ALLERVET RX LARGE,Retail,National,National,13599,734353.9,0.91
nielsen_scanner,2025-03,2025-Q1,Dermatology,AllerVet RX,ALLERVET RX SMALL,Retail,National,National,18925,1021948.4,0.91
nielsen_scanner,2025-03,2025-Q1,Dermatology,Apoquel,APOQUEL LARGE,Retail,National,National,17026,1106636.14,0.91
nielsen_scanner,2025-03,2025-Q1,Dermatology,Apoquel,APOQUEL SMALL,Retail,National,National,23317,1515631.94,0.91
nielsen_scanner,2025-03,2025-Q1,Vaccines,BioShield Vax,BIOSHIELD VAX LARGE,Retail,National,National,16724,334486.31,0.91
nielsen_scanner,2025-03,2025-Q1,Vaccines,BioShield Vax,BIOSHIELD VAX SMALL,Retail,National,National,23025,460504.11,0.91
nielsen_scanner,2025-03,2025-Q1,Dermatology,DermaCalm,DERMACALM LARGE,Retail,National,National,13973,810387.95,0.91
nielsen_scanner,2025-03,2025-Q1,Dermatology,DermaCalm,DERMACALM SMALL,Retail,National,National,19556,1134207.38,0.91
nielsen_scanner,2025-03,2025-Q1,Petcare Diagnostics,DiagnosTech Vet,DIAGNOSTECH VET LARGE,Retail,National,National,15862,269634.8,0.91
nielsen_scanner,2025-03,2025-Q1,Petcare Diagnostics,DiagnosTech Vet,DIAGNOSTECH VET SMALL,Retail,National,National,22240,378085.77,0.91
nielsen_scanner,2025-03,2025-Q1,Parasiticides,FleaStop Pro,FLEASTOP PRO LARGE,Retail,National,National,95657,2008796.01,0.91
nielsen_scanner,2025-03,2025-Q1,Parasiticides,FleaStop Pro,FLEASTOP PRO SMALL,Retail,National,National,126902,2664963.08,0.91
nielsen_scanner,2025-03,2025-Q1,Pain/Osteoarthritis,FlexiCare Joint,FLEXICARE JOINT LARGE,Retail,National,National,9890,435139.5,0.91
nielsen_scanner,2025-03,2025-Q1,Pain/Osteoarthritis,FlexiCare Joint,FLEXICARE JOINT SMALL,Retail,National,National,14002,616094.64,0.91
nielsen_scanner,2025-03,2025-Q1,Vaccines,ImmunoCore Canine,IMMUNOCORE CANINE LARGE,Retail,National,National,19674,413134.9,0.91
nielsen_scanner,2025-03,2025-Q1,Vaccines,ImmunoCore Canine,IMMUNOCORE CANINE SMALL,Retail,National,National,27253,572305.43,0.91
nielsen_scanner,2025-03,2025-Q1,Pain/Osteoarthritis,Librela,LIBRELA LARGE,Retail,National,National,7418,356012.98,0.91
nielsen_scanner,2025-03,2025-Q1,Pain/Osteoarthritis,Librela,LIBRELA SMALL,Retail,National,National,10179,488541.31,0.91
nielsen_scanner,2025-03,2025-Q1,Pain/Osteoarthritis,OsteoEase Vet,OSTEOEASE VET LARGE,Retail,National,National,9068,371748.71,0.91
nielsen_scanner,2025-03,2025-Q1,Pain/Osteoarthritis,OsteoEase Vet,OSTEOEASE VET SMALL,Retail,National,National,12654,518818.58,0.91
nielsen_scanner,2025-03,2025-Q1,Pain/Osteoarthritis,PainAway Canine,PAINAWAY CANINE LARGE,Retail,National,National,7916,292876.18,0.91
nielsen_scanner,2025-03,2025-Q1,Pain/Osteoarthritis,PainAway Canine,PAINAWAY CANINE SMALL,Retail,National,National,10737,397238.38,0.91
nielsen_scanner,2025-03,2025-Q1,Petcare Diagnostics,PetLab Analyzer,PETLAB ANALYZER LARGE,Retail,National,National,9268,139036.09,0.91
nielsen_scanner,2025-03,2025-Q1,Petcare Diagnostics,PetLab Analyzer,PETLAB ANALYZER SMALL,Retail,National,National,13063,195937.56,0.91
nielsen_scanner,2025-03,2025-Q1,Petcare Diagnostics,RapidVet Dx,RAPIDVET DX LARGE,Retail,National,National,15118,241893.48,0.91
nielsen_scanner,2025-03,2025-Q1,Petcare Diagnostics,RapidVet Dx,RAPIDVET DX SMALL,Retail,National,National,20139,322220.5,0.91
nielsen_scanner,2025-03,2025-Q1,Parasiticides,Simparica Trio,SIMPARICA TRIO LARGE,Retail,National,National,169586,4748399.96,0.91
nielsen_scanner,2025-03,2025-Q1,Parasiticides,Simparica Trio,SIMPARICA TRIO SMALL,Retail,National,National,234851,6575824.81,0.91
nielsen_scanner,2025-03,2025-Q1,Dermatology,SkinRelief Pro,SKINRELIEF PRO LARGE,Retail,National,National,11558,566320.07,0.91
nielsen_scanner,2025-03,2025-Q1,Dermatology,SkinRelief Pro,SKINRELIEF PRO SMALL,Retail,National,National,16075,787700.18,0.91
nielsen_scanner,2025-03,2025-Q1,Parasiticides,TickShield Plus,TICKSHIELD PLUS LARGE,Retail,National,National,111645,2679470.54,0.91
nielsen_scanner,2025-03,2025-Q1,Parasiticides,TickShield Plus,TICKSHIELD PLUS SMALL,Retail,National,National,159109,3818612.68,0.91
nielsen_scanner,2025-03,2025-Q1,Vaccines,Vanguard,VANGUARD LARGE,Retail,National,National,14590,320985.45,0.91
nielsen_scanner,2025-03,2025-Q1,Vaccines,Vanguard,VANGUARD SMALL,Retail,National,National,20306,446750.69,0.91
nielsen_scanner,2025-03,2025-Q1,Parasiticides,VectraGuard,VECTRAGUARD LARGE,Retail,National,National,135837,3531759.3,0.91
nielsen_scanner,2025-03,2025-Q1,Parasiticides,VectraGuard,VECTRAGUARD SMALL,Retail,National,National,188294,4895632.6,0.91
nielsen_scanner,2025-03,2025-Q1,Vaccines,VetGuard Immunize,VETGUARD IMMUNIZE LARGE,Retail,National,National,14964,284303.52,0.91
nielsen_scanner,2025-03,2025-Q1,Vaccines,VetGuard Immunize,VETGUARD IMMUNIZE SMALL,Retail,National,National,20487,389235.55,0.91
nielsen_scanner,2025-03,2025-Q1,Vaccines,VetSelect Core Vax,VETSELECT CORE VAX LARGE,Retail,National,National,53583,750151.86,0.91
nielsen_scanner,2025-03,2025-Q1,Vaccines,VetSelect Core Vax,VETSELECT CORE VAX SMALL,Retail,National,National,74570,1043985.87,0.91
nielsen_scanner,2025-03,2025-Q1,Dermatology,VetSelect Derma,VETSELECT DERMA LARGE,Retail,National,National,26927,1023259.48,0.91
nielsen_scanner,2025-03,2025-Q1,Dermatology,VetSelect Derma,VETSELECT DERMA SMALL,Retail,National,National,37578,1427969.17,0.91
nielsen_scanner,2025-03,2025-Q1,Petcare Diagnostics,VetSelect Dx,VETSELECT DX LARGE,Retail,National,National,36668,440021.36,0.91
nielsen_scanner,2025-03,2025-Q1,Petcare Diagnostics,VetSelect Dx,VETSELECT DX SMALL,Retail,National,National,49924,599085.2,0.91
nielsen_scanner,2025-03,2025-Q1,Parasiticides,VetSelect Flea & Tick,VETSELECT FLEA & TICK LARGE,Retail,National,National,217183,3692112.64,0.91
nielsen_scanner,2025-03,2025-Q1,Parasiticides,VetSelect Flea & Tick,VETSELECT FLEA & TICK SMALL,Retail,National,National,300763,5112978.92,0.91
nielsen_scanner,2025-03,2025-Q1,Pain/Osteoarthritis,VetSelect Joint,VETSELECT JOINT LARGE,Retail,National,National,25897,751040.05,0.91
nielsen_scanner,2025-03,2025-Q1,Pain/Osteoarthritis,VetSelect Joint,VETSELECT JOINT SMALL,Retail,National,National,35289,1023410.57,0.91
nielsen_scanner,2025-03,2025-Q1,Petcare Diagnostics,Vetscan,VETSCAN LARGE,Retail,National,National,8637,155482.04,0.91
nielsen_scanner,2025-03,2025-Q1,Petcare Diagnostics,Vetscan,VETSCAN SMALL,Retail,National,National,12065,217179.44,0.91
nielsen_scanner,2025-03,2025-Q1,Dermatology,AllerVet RX,ALLERVET RX LARGE,Retail,Region,Midwest,2856,154215.9,0.91
nielsen_scanner,2025-03,2025-Q1,Dermatology,AllerVet RX,ALLERVET RX SMALL,Retail,Region,Midwest,3742,202081.26,0.91
nielsen_scanner,2025-03,2025-Q1,Dermatology,Apoquel,APOQUEL LARGE,Retail,Region,Midwest,3715,241489.67,0.91
nielsen_scanner,2025-03,2025-Q1,Dermatology,Apoquel,APOQUEL SMALL,Retail,Region,Midwest,4863,316091.77,0.91
nielsen_scanner,2025-03,2025-Q1,Vaccines,BioShield Vax,BIOSHIELD VAX LARGE,Retail,Region,Midwest,3295,65902.64,0.91
nielsen_scanner,2025-03,2025-Q1,Vaccines,BioShield Vax,BIOSHIELD VAX SMALL,Retail,Region,Midwest,4643,92867.29,0.91
nielsen_scanner,2025-03,2025-Q1,Dermatology,DermaCalm,DERMACALM LARGE,Retail,Region,Midwest,2832,164253.31,0.91
nielsen_scanner,2025-03,2025-Q1,Dermatology,DermaCalm,DERMACALM SMALL,Retail,Region,Midwest,4242,246029.31,0.91
nielsen_scanner,2025-03,2025-Q1,Petcare Diagnostics,DiagnosTech Vet,DIAGNOSTECH VET LARGE,Retail,Region,Midwest,3388,57596.5,0.91
nielsen_scanner,2025-03,2025-Q1,Petcare Diagnostics,DiagnosTech Vet,DIAGNOSTECH VET SMALL,Retail,Region,Midwest,4454,75718.38,0.91
nielsen_scanner,2025-03,2025-Q1,Parasiticides,FleaStop Pro,FLEASTOP PRO LARGE,Retail,Region,Midwest,19304,405378.84,0.91
nielsen_scanner,2025-03,2025-Q1,Parasiticides,FleaStop Pro,FLEASTOP PRO SMALL,Retail,Region,Midwest,26116,548444.92,0.91
nielsen_scanner,2025-03,2025-Q1,Pain/Osteoarthritis,FlexiCare Joint,FLEXICARE JOINT LARGE,Retail,Region,Midwest,2032,89400.85,0.91
nielsen_scanner,2025-03,2025-Q1,Pain/Osteoarthritis,FlexiCare Joint,FLEXICARE JOINT SMALL,Retail,Region,Midwest,2859,125797.32,0.91
nielsen_scanner,2025-03,2025-Q1,Vaccines,ImmunoCore Canine,IMMUNOCORE CANINE LARGE,Retail,Region,Midwest,4135,86826.95,0.91
nielsen_scanner,2025-03,2025-Q1,Vaccines,ImmunoCore Canine,IMMUNOCORE CANINE SMALL,Retail,Region,Midwest,5623,118078.24,0.91
nielsen_scanner,2025-03,2025-Q1,Pain/Osteoarthritis,Librela,LIBRELA LARGE,Retail,Region,Midwest,1516,72759.69,0.91
nielsen_scanner,2025-03,2025-Q1,Pain/Osteoarthritis,Librela,LIBRELA SMALL,Retail,Region,Midwest,2215,106333.94,0.91
nielsen_scanner,2025-03,2025-Q1,Pain/Osteoarthritis,OsteoEase Vet,OSTEOEASE VET LARGE,Retail,Region,Midwest,1733,71042.74,0.91
nielsen_scanner,2025-03,2025-Q1,Pain/Osteoarthritis,OsteoEase Vet,OSTEOEASE VET SMALL,Retail,Region,Midwest,2487,101949.7,0.91
nielsen_scanner,2025-03,2025-Q1,Pain/Osteoarthritis,PainAway Canine,PAINAWAY CANINE LARGE,Retail,Region,Midwest,1669,61737.12,0.91
nielsen_scanner,2025-03,2025-Q1,Pain/Osteoarthritis,PainAway Canine,PAINAWAY CANINE SMALL,Retail,Region,Midwest,2322,85917.44,0.91
nielsen_scanner,2025-03,2025-Q1,Petcare Diagnostics,PetLab Analyzer,PETLAB ANALYZER LARGE,Retail,Region,Midwest,1877,28159.07,0.91
nielsen_scanner,2025-03,2025-Q1,Petcare Diagnostics,PetLab Analyzer,PETLAB ANALYZER SMALL,Retail,Region,Midwest,2586,38783.28,0.91
nielsen_scanner,2025-03,2025-Q1,Petcare Diagnostics,RapidVet Dx,RAPIDVET DX LARGE,Retail,Region,Midwest,3106,49700.15,0.91
nielsen_scanner,2025-03,2025-Q1,Petcare Diagnostics,RapidVet Dx,RAPIDVET DX SMALL,Retail,Region,Midwest,4100,65596.72,0.91
nielsen_scanner,2025-03,2025-Q1,Parasiticides,Simparica Trio,SIMPARICA TRIO LARGE,Retail,Region,Midwest,34564,967792.99,0.91
nielsen_scanner,2025-03,2025-Q1,Parasiticides,Simparica Trio,SIMPARICA TRIO SMALL,Retail,Region,Midwest,49440,1384325.56,0.91
nielsen_scanner,2025-03,2025-Q1,Dermatology,SkinRelief Pro,SKINRELIEF PRO LARGE,Retail,Region,Midwest,2349,115099.7,0.91
nielsen_scanner,2025-03,2025-Q1,Dermatology,SkinRelief Pro,SKINRELIEF PRO SMALL,Retail,Region,Midwest,3258,159665.4,0.91
nielsen_scanner,2025-03,2025-Q1,Parasiticides,TickShield Plus,TICKSHIELD PLUS LARGE,Retail,Region,Midwest,22363,536706.2,0.91
nielsen_scanner,2025-03,2025-Q1,Parasiticides,TickShield Plus,TICKSHIELD PLUS SMALL,Retail,Region,Midwest,32322,775732.41,0.91
nielsen_scanner,2025-03,2025-Q1,Vaccines,Vanguard,VANGUARD LARGE,Retail,Region,Midwest,2870,63141.64,0.91
nielsen_scanner,2025-03,2025-Q1,Vaccines,Vanguard,VANGUARD SMALL,Retail,Region,Midwest,4191,92205.86,0.91
nielsen_scanner,2025-03,2025-Q1,Parasiticides,VectraGuard,VECTRAGUARD LARGE,Retail,Region,Midwest,27583,717167.57,0.91
nielsen_scanner,2025-03,2025-Q1,Parasiticides,VectraGuard,VECTRAGUARD SMALL,Retail,Region,Midwest,40061,1041580.46,0.91
nielsen_scanner,2025-03,2025-Q1,Vaccines,VetGuard Immunize,VETGUARD IMMUNIZE LARGE,Retail,Region,Midwest,3023,57430.01,0.91
nielsen_scanner,2025-03,2025-Q1,Vaccines,VetGuard Immunize,VETGUARD IMMUNIZE SMALL,Retail,Region,Midwest,4266,81050.77,0.91
nielsen_scanner,2025-03,2025-Q1,Vaccines,VetSelect Core Vax,VETSELECT CORE VAX LARGE,Retail,Region,Midwest,10493,146899.99,0.91
nielsen_scanner,2025-03,2025-Q1,Vaccines,VetSelect Core Vax,VETSELECT CORE VAX SMALL,Retail,Region,Midwest,15492,216885.95,0.91
nielsen_scanner,2025-03,2025-Q1,Dermatology,VetSelect Derma,VETSELECT DERMA LARGE,Retail,Region,Midwest,5830,221556.35,0.91
nielsen_scanner,2025-03,2025-Q1,Dermatology,VetSelect Derma,VETSELECT DERMA SMALL,Retail,Region,Midwest,7768,295190.14,0.91
nielsen_scanner,2025-03,2025-Q1,Petcare Diagnostics,VetSelect Dx,VETSELECT DX LARGE,Retail,Region,Midwest,7746,92957.22,0.91
nielsen_scanner,2025-03,2025-Q1,Petcare Diagnostics,VetSelect Dx,VETSELECT DX SMALL,Retail,Region,Midwest,10986,131827.33,0.91
nielsen_scanner,2025-03,2025-Q1,Parasiticides,VetSelect Flea & Tick,VETSELECT FLEA & TICK LARGE,Retail,Region,Midwest,45542,774207.91,0.91
nielsen_scanner,2025-03,2025-Q1,Parasiticides,VetSelect Flea & Tick,VETSELECT FLEA & TICK SMALL,Retail,Region,Midwest,67520,1147845.54,0.91
nielsen_scanner,2025-03,2025-Q1,Pain/Osteoarthritis,VetSelect Joint,VETSELECT JOINT LARGE,Retail,Region,Midwest,5557,161165.58,0.91
nielsen_scanner,2025-03,2025-Q1,Pain/Osteoarthritis,VetSelect Joint,VETSELECT JOINT SMALL,Retail,Region,Midwest,7870,228240.02,0.91
nielsen_scanner,2025-03,2025-Q1,Petcare Diagnostics,Vetscan,VETSCAN LARGE,Retail,Region,Midwest,1820,32763.46,0.91
nielsen_scanner,2025-03,2025-Q1,Petcare Diagnostics,Vetscan,VETSCAN SMALL,Retail,Region,Midwest,2608,46943.82,0.91
nielsen_scanner,2025-03,2025-Q1,Dermatology,AllerVet RX,ALLERVET RX LARGE,Retail,Region,Northeast,3161,170704.83,0.91
nielsen_scanner,2025-03,2025-Q1,Dermatology,AllerVet RX,ALLERVET RX SMALL,Retail,Region,Northeast,4234,228640.83,0.91
nielsen_scanner,2025-03,2025-Q1,Dermatology,Apoquel,APOQUEL LARGE,Retail,Region,Northeast,3762,244505.89,0.91
nielsen_scanner,2025-03,2025-Q1,Dermatology,Apoquel,APOQUEL SMALL,Retail,Region,Northeast,5486,356578.39,0.91
nielsen_scanner,2025-03,2025-Q1,Vaccines,BioShield Vax,BIOSHIELD VAX LARGE,Retail,Region,Northeast,3566,71318.32,0.91
nielsen_scanner,2025-03,2025-Q1,Vaccines,BioShield Vax,BIOSHIELD VAX SMALL,Retail,Region,Northeast,4930,98599.53,0.91
nielsen_scanner,2025-03,2025-Q1,Dermatology,DermaCalm,DERMACALM LARGE,Retail,Region,Northeast,2948,170983.39,0.91
nielsen_scanner,2025-03,2025-Q1,Dermatology,DermaCalm,DERMACALM SMALL,Retail,Region,Northeast,4375,253745.8,0.91
nielsen_scanner,2025-03,2025-Q1,Petcare Diagnostics,DiagnosTech Vet,DIAGNOSTECH VET LARGE,Retail,Region,Northeast,3496,59427.49,0.91
nielsen_scanner,2025-03,2025-Q1,Petcare Diagnostics,DiagnosTech Vet,DIAGNOSTECH VET SMALL,Retail,Region,Northeast,4960,84321.76,0.91
nielsen_scanner,2025-03,2025-Q1,Parasiticides,FleaStop Pro,FLEASTOP PRO LARGE,Retail,Region,Northeast,20809,436980.12,0.91
nielsen_scanner,2025-03,2025-Q1,Parasiticides,FleaStop Pro,FLEASTOP PRO SMALL,Retail,Region,Northeast,27474,576954.04,0.91
nielsen_scanner,2025-03,2025-Q1,Pain/Osteoarthritis,FlexiCare Joint,FLEXICARE JOINT LARGE,Retail,Region,Northeast,2169,95423.66,0.91
nielsen_scanner,2025-03,2025-Q1,Pain/Osteoarthritis,FlexiCare Joint,FLEXICARE JOINT SMALL,Retail,Region,Northeast,3057,134514.86,0.91
nielsen_scanner,2025-03,2025-Q1,Vaccines,ImmunoCore Canine,IMMUNOCORE CANINE LARGE,Retail,Region,Northeast,3982,83621.24,0.91
nielsen_scanner,2025-03,2025-Q1,Vaccines,ImmunoCore Canine,IMMUNOCORE CANINE SMALL,Retail,Region,Northeast,5334,112017.4,0.91
nielsen_scanner,2025-03,2025-Q1,Pain/Osteoarthritis,Librela,LIBRELA LARGE,Retail,Region,Northeast,1598,76681.85,0.91
nielsen_scanner,2025-03,2025-Q1,Pain/Osteoarthritis,Librela,LIBRELA SMALL,Retail,Region,Northeast,2164,103849.58,0.91
nielsen_scanner,2025-03,2025-Q1,Pain/Osteoarthritis,OsteoEase Vet,OSTEOEASE VET LARGE,Retail,Region,Northeast,2013,82534.6,0.91
nielsen_scanner,2025-03,2025-Q1,Pain/Osteoarthritis,OsteoEase Vet,OSTEOEASE VET SMALL,Retail,Region,Northeast,2778,113899.47,0.91
nielsen_scanner,2025-03,2025-Q1,Pain/Osteoarthritis,PainAway Canine,PAINAWAY CANINE LARGE,Retail,Region,Northeast,1850,68441.15,0.91
nielsen_scanner,2025-03,2025-Q1,Pain/Osteoarthritis,PainAway Canine,PAINAWAY CANINE SMALL,Retail,Region,Northeast,2354,87082.75,0.91
nielsen_scanner,2025-03,2025-Q1,Petcare Diagnostics,PetLab Analyzer,PETLAB ANALYZER LARGE,Retail,Region,Northeast,1975,29631.91,0.91
nielsen_scanner,2025-03,2025-Q1,Petcare Diagnostics,PetLab Analyzer,PETLAB ANALYZER SMALL,Retail,Region,Northeast,2840,42604.14,0.91
nielsen_scanner,2025-03,2025-Q1,Petcare Diagnostics,RapidVet Dx,RAPIDVET DX LARGE,Retail,Region,Northeast,3314,53020.64,0.91
nielsen_scanner,2025-03,2025-Q1,Petcare Diagnostics,RapidVet Dx,RAPIDVET DX SMALL,Retail,Region,Northeast,4380,70076.23,0.91
nielsen_scanner,2025-03,2025-Q1,Parasiticides,Simparica Trio,SIMPARICA TRIO LARGE,Retail,Region,Northeast,37875,1060505.5,0.91
nielsen_scanner,2025-03,2025-Q1,Parasiticides,Simparica Trio,SIMPARICA TRIO SMALL,Retail,Region,Northeast,49589,1388484.82,0.91
nielsen_scanner,2025-03,2025-Q1,Dermatology,SkinRelief Pro,SKINRELIEF PRO LARGE,Retail,Region,Northeast,2562,125517.45,0.91
nielsen_scanner,2025-03,2025-Q1,Dermatology,SkinRelief Pro,SKINRELIEF PRO SMALL,Retail,Region,Northeast,3695,181030.78,0.91
nielsen_scanner,2025-03,2025-Q1,Parasiticides,TickShield Plus,TICKSHIELD PLUS LARGE,Retail,Region,Northeast,23172,556135.2,0.91
nielsen_scanner,2025-03,2025-Q1,Parasiticides,TickShield Plus,TICKSHIELD PLUS SMALL,Retail,Region,Northeast,36220,869277.15,0.91
nielsen_scanner,2025-03,2025-Q1,Vaccines,Vanguard,VANGUARD LARGE,Retail,Region,Northeast,3114,68513.33,0.91
nielsen_scanner,2025-03,2025-Q1,Vaccines,Vanguard,VANGUARD SMALL,Retail,Region,Northeast,4330,95270.54,0.91
nielsen_scanner,2025-03,2025-Q1,Parasiticides,VectraGuard,VECTRAGUARD LARGE,Retail,Region,Northeast,29344,762931.33,0.91
nielsen_scanner,2025-03,2025-Q1,Parasiticides,VectraGuard,VECTRAGUARD SMALL,Retail,Region,Northeast,40806,1060952.29,0.91
nielsen_scanner,2025-03,2025-Q1,Vaccines,VetGuard Immunize,VETGUARD IMMUNIZE LARGE,Retail,Region,Northeast,3312,62928.92,0.91
nielsen_scanner,2025-03,2025-Q1,Vaccines,VetGuard Immunize,VETGUARD IMMUNIZE SMALL,Retail,Region,Northeast,4310,81884.87,0.91
nielsen_scanner,2025-03,2025-Q1,Vaccines,VetSelect Core Vax,VETSELECT CORE VAX LARGE,Retail,Region,Northeast,12177,170476.45,0.91
nielsen_scanner,2025-03,2025-Q1,Vaccines,VetSelect Core Vax,VETSELECT CORE VAX SMALL,Retail,Region,Northeast,15725,220149.46,0.91
nielsen_scanner,2025-03,2025-Q1,Dermatology,VetSelect Derma,VETSELECT DERMA LARGE,Retail,Region,Northeast,5800,220409.0,0.91
nielsen_scanner,2025-03,2025-Q1,Dermatology,VetSelect Derma,VETSELECT DERMA SMALL,Retail,Region,Northeast,7583,288143.55,0.91
nielsen_scanner,2025-03,2025-Q1,Petcare Diagnostics,VetSelect Dx,VETSELECT DX LARGE,Retail,Region,Northeast,1833,21991.22,0.91
nielsen_scanner,2025-03,2025-Q1,Petcare Diagnostics,VetSelect Dx,VETSELECT DX SMALL,Retail,Region,Northeast,2471,29654.67,0.91
nielsen_scanner,2025-03,2025-Q1,Parasiticides,VetSelect Flea & Tick,VETSELECT FLEA & TICK LARGE,Retail,Region,Northeast,46961,798339.86,0.91
nielsen_scanner,2025-03,2025-Q1,Parasiticides,VetSelect Flea & Tick,VETSELECT FLEA & TICK SMALL,Retail,Region,Northeast,63747,1083704.33,0.91
nielsen_scanner,2025-03,2025-Q1,Pain/Osteoarthritis,VetSelect Joint,VETSELECT JOINT LARGE,Retail,Region,Northeast,5700,165304.46,0.91
nielsen_scanner,2025-03,2025-Q1,Pain/Osteoarthritis,VetSelect Joint,VETSELECT JOINT SMALL,Retail,Region,Northeast,8126,235656.66,0.91
nielsen_scanner,2025-03,2025-Q1,Petcare Diagnostics,Vetscan,VETSCAN LARGE,Retail,Region,Northeast,1888,33988.24,0.91
nielsen_scanner,2025-03,2025-Q1,Petcare Diagnostics,Vetscan,VETSCAN SMALL,Retail,Region,Northeast,2589,46597.38,0.91
nielsen_scanner,2025-03,2025-Q1,Dermatology,AllerVet RX,ALLERVET RX LARGE,Retail,Region,South,4531,244697.86,0.91
nielsen_scanner,2025-03,2025-Q1,Dermatology,AllerVet RX,ALLERVET RX SMALL,Retail,Region,South,6505,351262.44,0.91
nielsen_scanner,2025-03,2025-Q1,Dermatology,Apoquel,APOQUEL LARGE,Retail,Region,South,5628,365790.47,0.91
nielsen_scanner,2025-03,2025-Q1,Dermatology,Apoquel,APOQUEL SMALL,Retail,Region,South,7413,481875.58,0.91
nielsen_scanner,2025-03,2025-Q1,Vaccines,BioShield Vax,BIOSHIELD VAX LARGE,Retail,Region,South,5951,119020.54,0.91
nielsen_scanner,2025-03,2025-Q1,Vaccines,BioShield Vax,BIOSHIELD VAX SMALL,Retail,Region,South,8356,167118.91,0.91
nielsen_scanner,2025-03,2025-Q1,Dermatology,DermaCalm,DERMACALM LARGE,Retail,Region,South,4878,282909.27,0.91
nielsen_scanner,2025-03,2025-Q1,Dermatology,DermaCalm,DERMACALM SMALL,Retail,Region,South,6630,384519.79,0.91
nielsen_scanner,2025-03,2025-Q1,Petcare Diagnostics,DiagnosTech Vet,DIAGNOSTECH VET LARGE,Retail,Region,South,5404,91860.17,0.91
nielsen_scanner,2025-03,2025-Q1,Petcare Diagnostics,DiagnosTech Vet,DIAGNOSTECH VET SMALL,Retail,Region,South,7732,131450.94,0.91
nielsen_scanner,2025-03,2025-Q1,Parasiticides,FleaStop Pro,FLEASTOP PRO LARGE,Retail,Region,South,31706,665830.28,0.91
nielsen_scanner,2025-03,2025-Q1,Parasiticides,FleaStop Pro,FLEASTOP PRO SMALL,Retail,Region,South,42644,895527.21,0.91
nielsen_scanner,2025-03,2025-Q1,Pain/Osteoarthritis,FlexiCare Joint,FLEXICARE JOINT LARGE,Retail,Region,South,3385,148924.72,0.91
nielsen_scanner,2025-03,2025-Q1,Pain/Osteoarthritis,FlexiCare Joint,FLEXICARE JOINT SMALL,Retail,Region,South,4928,216839.64,0.91
nielsen_scanner,2025-03,2025-Q1,Vaccines,ImmunoCore Canine,IMMUNOCORE CANINE LARGE,Retail,Region,South,6620,139018.56,0.91
nielsen_scanner,2025-03,2025-Q1,Vaccines,ImmunoCore Canine,IMMUNOCORE CANINE SMALL,Retail,Region,South,9908,208065.13,0.91
nielsen_scanner,2025-03,2025-Q1,Pain/Osteoarthritis,Librela,LIBRELA LARGE,Retail,Region,South,2589,124262.2,0.91
nielsen_scanner,2025-03,2025-Q1,Pain/Osteoarthritis,Librela,LIBRELA SMALL,Retail,Region,South,3482,167112.64,0.91
nielsen_scanner,2025-03,2025-Q1,Pain/Osteoarthritis,OsteoEase Vet,OSTEOEASE VET LARGE,Retail,Region,South,3070,125856.31,0.91
nielsen_scanner,2025-03,2025-Q1,Pain/Osteoarthritis,OsteoEase Vet,OSTEOEASE VET SMALL,Retail,Region,South,4372,179265.88,0.91
nielsen_scanner,2025-03,2025-Q1,Pain/Osteoarthritis,PainAway Canine,PAINAWAY CANINE LARGE,Retail,Region,South,2676,99010.33,0.91
nielsen_scanner,2025-03,2025-Q1,Pain/Osteoarthritis,PainAway Canine,PAINAWAY CANINE SMALL,Retail,Region,South,3700,136881.91,0.91
nielsen_scanner,2025-03,2025-Q1,Petcare Diagnostics,PetLab Analyzer,PETLAB ANALYZER LARGE,Retail,Region,South,3183,47748.81,0.91
nielsen_scanner,2025-03,2025-Q1,Petcare Diagnostics,PetLab Analyzer,PETLAB ANALYZER SMALL,Retail,Region,South,4490,67348.29,0.91
nielsen_scanner,2025-03,2025-Q1,Petcare Diagnostics,RapidVet Dx,RAPIDVET DX LARGE,Retail,Region,South,5182,82911.96,0.91
nielsen_scanner,2025-03,2025-Q1,Petcare Diagnostics,RapidVet Dx,RAPIDVET DX SMALL,Retail,Region,South,7174,114786.0,0.91
nielsen_scanner,2025-03,2025-Q1,Parasiticides,Simparica Trio,SIMPARICA TRIO LARGE,Retail,Region,South,58761,1645305.51,0.91
nielsen_scanner,2025-03,2025-Q1,Parasiticides,Simparica Trio,SIMPARICA TRIO SMALL,Retail,Region,South,81536,2282995.07,0.91
nielsen_scanner,2025-03,2025-Q1,Dermatology,SkinRelief Pro,SKINRELIEF PRO LARGE,Retail,Region,South,3965,194274.67,0.91
nielsen_scanner,2025-03,2025-Q1,Dermatology,SkinRelief Pro,SKINRELIEF PRO SMALL,Retail,Region,South,5515,270254.67,0.91
nielsen_scanner,2025-03,2025-Q1,Parasiticides,TickShield Plus,TICKSHIELD PLUS LARGE,Retail,Region,South,39994,959854.51,0.91
nielsen_scanner,2025-03,2025-Q1,Parasiticides,TickShield Plus,TICKSHIELD PLUS SMALL,Retail,Region,South,54208,1300987.26,0.91
nielsen_scanner,2025-03,2025-Q1,Vaccines,Vanguard,VANGUARD LARGE,Retail,Region,South,5238,115240.21,0.91
nielsen_scanner,2025-03,2025-Q1,Vaccines,Vanguard,VANGUARD SMALL,Retail,Region,South,7188,158138.75,0.91
nielsen_scanner,2025-03,2025-Q1,Parasiticides,VectraGuard,VECTRAGUARD LARGE,Retail,Region,South,46584,1211176.93,0.91
nielsen_scanner,2025-03,2025-Q1,Parasiticides,VectraGuard,VECTRAGUARD SMALL,Retail,Region,South,63851,1660127.08,0.91
nielsen_scanner,2025-03,2025-Q1,Vaccines,VetGuard Immunize,VETGUARD IMMUNIZE LARGE,Retail,Region,South,4997,94942.88,0.91
nielsen_scanner,2025-03,2025-Q1,Vaccines,VetGuard Immunize,VETGUARD IMMUNIZE SMALL,Retail,Region,South,7190,136609.56,0.91
nielsen_scanner,2025-03,2025-Q1,Vaccines,VetSelect Core Vax,VETSELECT CORE VAX LARGE,Retail,Region,South,18146,254038.92,0.91
nielsen_scanner,2025-03,2025-Q1,Vaccines,VetSelect Core Vax,VETSELECT CORE VAX SMALL,Retail,Region,South,25346,354848.68,0.91
nielsen_scanner,2025-03,2025-Q1,Dermatology,VetSelect Derma,VETSELECT DERMA LARGE,Retail,Region,South,9171,348501.84,0.91
nielsen_scanner,2025-03,2025-Q1,Dermatology,VetSelect Derma,VETSELECT DERMA SMALL,Retail,Region,South,13444,510878.81,0.91
nielsen_scanner,2025-03,2025-Q1,Petcare Diagnostics,VetSelect Dx,VETSELECT DX LARGE,Retail,Region,South,12537,150442.56,0.91
nielsen_scanner,2025-03,2025-Q1,Petcare Diagnostics,VetSelect Dx,VETSELECT DX SMALL,Retail,Region,South,16402,196825.26,0.91
nielsen_scanner,2025-03,2025-Q1,Parasiticides,VetSelect Flea & Tick,VETSELECT FLEA & TICK LARGE,Retail,Region,South,471549,8016364.07,0.91
nielsen_scanner,2025-03,2025-Q1,Parasiticides,VetSelect Flea & Tick,VETSELECT FLEA & TICK SMALL,Retail,Region,South,624665,10619275.75,0.91
nielsen_scanner,2025-03,2025-Q1,Pain/Osteoarthritis,VetSelect Joint,VETSELECT JOINT LARGE,Retail,Region,South,8233,238767.11,0.91
nielsen_scanner,2025-03,2025-Q1,Pain/Osteoarthritis,VetSelect Joint,VETSELECT JOINT SMALL,Retail,Region,South,10633,308364.98,0.91
nielsen_scanner,2025-03,2025-Q1,Petcare Diagnostics,Vetscan,VETSCAN LARGE,Retail,Region,South,2929,52725.42,0.91
nielsen_scanner,2025-03,2025-Q1,Petcare Diagnostics,Vetscan,VETSCAN SMALL,Retail,Region,South,4200,75605.79,0.91
nielsen_scanner,2025-03,2025-Q1,Dermatology,AllerVet RX,ALLERVET RX LARGE,Retail,Region,West,3051,164735.31,0.91
nielsen_scanner,2025-03,2025-Q1,Dermatology,AllerVet RX,ALLERVET RX SMALL,Retail,Region,West,4444,239963.87,0.91
nielsen_scanner,2025-03,2025-Q1,Dermatology,Apoquel,APOQUEL LARGE,Retail,Region,West,3921,254850.11,0.91
nielsen_scanner,2025-03,2025-Q1,Dermatology,Apoquel,APOQUEL SMALL,Retail,Region,West,5555,361086.2,0.91
nielsen_scanner,2025-03,2025-Q1,Vaccines,BioShield Vax,BIOSHIELD VAX LARGE,Retail,Region,West,3912,78244.81,0.91
nielsen_scanner,2025-03,2025-Q1,Vaccines,BioShield Vax,BIOSHIELD VAX SMALL,Retail,Region,West,5096,101918.38,0.91
nielsen_scanner,2025-03,2025-Q1,Dermatology,DermaCalm,DERMACALM LARGE,Retail,Region,West,3315,192241.98,0.91
nielsen_scanner,2025-03,2025-Q1,Dermatology,DermaCalm,DERMACALM SMALL,Retail,Region,West,4309,249912.48,0.91
nielsen_scanner,2025-03,2025-Q1,Petcare Diagnostics,DiagnosTech Vet,DIAGNOSTECH VET LARGE,Retail,Region,West,3574,60750.64,0.91
nielsen_scanner,2025-03,2025-Q1,Petcare Diagnostics,DiagnosTech Vet,DIAGNOSTECH VET SMALL,Retail,Region,West,5094,86594.69,0.91
nielsen_scanner,2025-03,2025-Q1,Parasiticides,FleaStop Pro,FLEASTOP PRO LARGE,Retail,Region,West,23838,500606.77,0.91
nielsen_scanner,2025-03,2025-Q1,Parasiticides,FleaStop Pro,FLEASTOP PRO SMALL,Retail,Region,West,30668,644036.91,0.91
nielsen_scanner,2025-03,2025-Q1,Pain/Osteoarthritis,FlexiCare Joint,FLEXICARE JOINT LARGE,Retail,Region,West,2304,101390.27,0.91
nielsen_scanner,2025-03,2025-Q1,Pain/Osteoarthritis,FlexiCare Joint,FLEXICARE JOINT SMALL,Retail,Region,West,3158,138942.82,0.91
nielsen_scanner,2025-03,2025-Q1,Vaccines,ImmunoCore Canine,IMMUNOCORE CANINE LARGE,Retail,Region,West,4937,103668.15,0.91
nielsen_scanner,2025-03,2025-Q1,Vaccines,ImmunoCore Canine,IMMUNOCORE CANINE SMALL,Retail,Region,West,6388,134144.66,0.91
nielsen_scanner,2025-03,2025-Q1,Pain/Osteoarthritis,Librela,LIBRELA LARGE,Retail,Region,West,1715,82309.24,0.91
nielsen_scanner,2025-03,2025-Q1,Pain/Osteoarthritis,Librela,LIBRELA SMALL,Retail,Region,West,2318,111245.15,0.91
nielsen_scanner,2025-03,2025-Q1,Pain/Osteoarthritis,OsteoEase Vet,OSTEOEASE VET LARGE,Retail,Region,West,2252,92315.06,0.91
nielsen_scanner,2025-03,2025-Q1,Pain/Osteoarthritis,OsteoEase Vet,OSTEOEASE VET SMALL,Retail,Region,West,3017,123703.53,0.91
nielsen_scanner,2025-03,2025-Q1,Pain/Osteoarthritis,PainAway Canine,PAINAWAY CANINE LARGE,Retail,Region,West,1721,63687.58,0.91
nielsen_scanner,2025-03,2025-Q1,Pain/Osteoarthritis,PainAway Canine,PAINAWAY CANINE SMALL,Retail,Region,West,2361,87356.28,0.91
nielsen_scanner,2025-03,2025-Q1,Petcare Diagnostics,PetLab Analyzer,PETLAB ANALYZER LARGE,Retail,Region,West,2233,33496.3,0.91
nielsen_scanner,2025-03,2025-Q1,Petcare Diagnostics,PetLab Analyzer,PETLAB ANALYZER SMALL,Retail,Region,West,3147,47201.85,0.91
nielsen_scanner,2025-03,2025-Q1,Petcare Diagnostics,RapidVet Dx,RAPIDVET DX LARGE,Retail,Region,West,3516,56260.73,0.91
nielsen_scanner,2025-03,2025-Q1,Petcare Diagnostics,RapidVet Dx,RAPIDVET DX SMALL,Retail,Region,West,4485,71761.55,0.91
nielsen_scanner,2025-03,2025-Q1,Parasiticides,Simparica Trio,SIMPARICA TRIO LARGE,Retail,Region,West,38386,1074795.96,0.91
nielsen_scanner,2025-03,2025-Q1,Parasiticides,Simparica Trio,SIMPARICA TRIO SMALL,Retail,Region,West,54286,1520019.36,0.91
nielsen_scanner,2025-03,2025-Q1,Dermatology,SkinRelief Pro,SKINRELIEF PRO LARGE,Retail,Region,West,2682,131428.25,0.91
nielsen_scanner,2025-03,2025-Q1,Dermatology,SkinRelief Pro,SKINRELIEF PRO SMALL,Retail,Region,West,3607,176749.33,0.91
nielsen_scanner,2025-03,2025-Q1,Parasiticides,TickShield Plus,TICKSHIELD PLUS LARGE,Retail,Region,West,26116,626774.63,0.91
nielsen_scanner,2025-03,2025-Q1,Parasiticides,TickShield Plus,TICKSHIELD PLUS SMALL,Retail,Region,West,36359,872615.86,0.91
nielsen_scanner,2025-03,2025-Q1,Vaccines,Vanguard,VANGUARD LARGE,Retail,Region,West,3368,74090.27,0.91
nielsen_scanner,2025-03,2025-Q1,Vaccines,Vanguard,VANGUARD SMALL,Retail,Region,West,4597,101135.54,0.91
nielsen_scanner,2025-03,2025-Q1,Parasiticides,VectraGuard,VECTRAGUARD LARGE,Retail,Region,West,32326,840483.47,0.91
nielsen_scanner,2025-03,2025-Q1,Parasiticides,VectraGuard,VECTRAGUARD SMALL,Retail,Region,West,43576,1132972.77,0.91
nielsen_scanner,2025-03,2025-Q1,Vaccines,VetGuard Immunize,VETGUARD IMMUNIZE LARGE,Retail,Region,West,3632,69001.71,0.91
nielsen_scanner,2025-03,2025-Q1,Vaccines,VetGuard Immunize,VETGUARD IMMUNIZE SMALL,Retail,Region,West,4721,89690.35,0.91
nielsen_scanner,2025-03,2025-Q1,Vaccines,VetSelect Core Vax,VETSELECT CORE VAX LARGE,Retail,Region,West,12767,178736.5,0.91
nielsen_scanner,2025-03,2025-Q1,Vaccines,VetSelect Core Vax,VETSELECT CORE VAX SMALL,Retail,Region,West,18007,252101.78,0.91
nielsen_scanner,2025-03,2025-Q1,Dermatology,VetSelect Derma,VETSELECT DERMA LARGE,Retail,Region,West,6126,232792.29,0.91
nielsen_scanner,2025-03,2025-Q1,Dermatology,VetSelect Derma,VETSELECT DERMA SMALL,Retail,Region,West,8783,333756.67,0.91
nielsen_scanner,2025-03,2025-Q1,Petcare Diagnostics,VetSelect Dx,VETSELECT DX LARGE,Retail,Region,West,8543,102512.85,0.91
nielsen_scanner,2025-03,2025-Q1,Petcare Diagnostics,VetSelect Dx,VETSELECT DX SMALL,Retail,Region,West,11961,143529.11,0.91
nielsen_scanner,2025-03,2025-Q1,Parasiticides,VetSelect Flea & Tick,VETSELECT FLEA & TICK LARGE,Retail,Region,West,51753,879800.79,0.91
nielsen_scanner,2025-03,2025-Q1,Parasiticides,VetSelect Flea & Tick,VETSELECT FLEA & TICK SMALL,Retail,Region,West,72889,1239113.84,0.91
nielsen_scanner,2025-03,2025-Q1,Pain/Osteoarthritis,VetSelect Joint,VETSELECT JOINT LARGE,Retail,Region,West,6407,185802.9,0.91
nielsen_scanner,2025-03,2025-Q1,Pain/Osteoarthritis,VetSelect Joint,VETSELECT JOINT SMALL,Retail,Region,West,8660,251148.91,0.91
nielsen_scanner,2025-03,2025-Q1,Petcare Diagnostics,Vetscan,VETSCAN LARGE,Retail,Region,West,2000,36004.92,0.91
nielsen_scanner,2025-03,2025-Q1,Petcare Diagnostics,Vetscan,VETSCAN SMALL,Retail,Region,West,2668,48032.45,0.91
nielsen_scanner,2025-04,2025-Q2,Dermatology,AllerVet RX,ALLERVET RX LARGE,Retail,National,National,14649,791045.2,0.91
nielsen_scanner,2025-04,2025-Q2,Dermatology,AllerVet RX,ALLERVET RX SMALL,Retail,National,National,20358,1099294.27,0.91
nielsen_scanner,2025-04,2025-Q2,Dermatology,Apoquel,APOQUEL LARGE,Retail,National,National,19250,1251267.14,0.91
nielsen_scanner,2025-04,2025-Q2,Dermatology,Apoquel,APOQUEL SMALL,Retail,National,National,26062,1694066.8,0.91
nielsen_scanner,2025-04,2025-Q2,Vaccines,BioShield Vax,BIOSHIELD VAX LARGE,Retail,National,National,17833,356633.24,0.91
nielsen_scanner,2025-04,2025-Q2,Vaccines,BioShield Vax,BIOSHIELD VAX SMALL,Retail,National,National,24290,485789.2,0.91
nielsen_scanner,2025-04,2025-Q2,Dermatology,DermaCalm,DERMACALM LARGE,Retail,National,National,16884,979308.39,0.91
nielsen_scanner,2025-04,2025-Q2,Dermatology,DermaCalm,DERMACALM SMALL,Retail,National,National,22667,1314663.05,0.91
nielsen_scanner,2025-04,2025-Q2,Petcare Diagnostics,DiagnosTech Vet,DIAGNOSTECH VET LARGE,Retail,National,National,15696,266832.42,0.91
nielsen_scanner,2025-04,2025-Q2,Petcare Diagnostics,DiagnosTech Vet,DIAGNOSTECH VET SMALL,Retail,National,National,21796,370530.24,0.91
nielsen_scanner,2025-04,2025-Q2,Parasiticides,FleaStop Pro,FLEASTOP PRO LARGE,Retail,National,National,107647,2260593.15,0.91
nielsen_scanner,2025-04,2025-Q2,Parasiticides,FleaStop Pro,FLEASTOP PRO SMALL,Retail,National,National,154137,3236887.44,0.91
nielsen_scanner,2025-04,2025-Q2,Pain/Osteoarthritis,FlexiCare Joint,FLEXICARE JOINT LARGE,Retail,National,National,9539,419694.22,0.91
nielsen_scanner,2025-04,2025-Q2,Pain/Osteoarthritis,FlexiCare Joint,FLEXICARE JOINT SMALL,Retail,National,National,13169,579410.18,0.91
nielsen_scanner,2025-04,2025-Q2,Vaccines,ImmunoCore Canine,IMMUNOCORE CANINE LARGE,Retail,National,National,20488,430252.45,0.91
nielsen_scanner,2025-04,2025-Q2,Vaccines,ImmunoCore Canine,IMMUNOCORE CANINE SMALL,Retail,National,National,28096,590030.53,0.91
nielsen_scanner,2025-04,2025-Q2,Pain/Osteoarthritis,Librela,LIBRELA LARGE,Retail,National,National,7590,364310.04,0.91
nielsen_scanner,2025-04,2025-Q2,Pain/Osteoarthritis,Librela,LIBRELA SMALL,Retail,National,National,10478,502949.45,0.91
nielsen_scanner,2025-04,2025-Q2,Pain/Osteoarthritis,OsteoEase Vet,OSTEOEASE VET LARGE,Retail,National,National,9095,372879.64,0.91
nielsen_scanner,2025-04,2025-Q2,Pain/Osteoarthritis,OsteoEase Vet,OSTEOEASE VET SMALL,Retail,National,National,12198,500113.7,0.91
nielsen_scanner,2025-04,2025-Q2,Pain/Osteoarthritis,PainAway Canine,PAINAWAY CANINE LARGE,Retail,National,National,7951,294203.23,0.91
nielsen_scanner,2025-04,2025-Q2,Pain/Osteoarthritis,PainAway Canine,PAINAWAY CANINE SMALL,Retail,National,National,10894,403094.62,0.91
nielsen_scanner,2025-04,2025-Q2,Petcare Diagnostics,PetLab Analyzer,PETLAB ANALYZER LARGE,Retail,National,National,9247,138723.54,0.91
nielsen_scanner,2025-04,2025-Q2,Petcare Diagnostics,PetLab Analyzer,PETLAB ANALYZER SMALL,Retail,National,National,13007,195104.56,0.91
nielsen_scanner,2025-04,2025-Q2,Petcare Diagnostics,RapidVet Dx,RAPIDVET DX LARGE,Retail,National,National,14770,236309.22,0.91
nielsen_scanner,2025-04,2025-Q2,Petcare Diagnostics,RapidVet Dx,RAPIDVET DX SMALL,Retail,National,National,19867,317857.56,0.91
nielsen_scanner,2025-04,2025-Q2,Parasiticides,Simparica Trio,SIMPARICA TRIO LARGE,Retail,National,National,185243,5186819.09,0.91
nielsen_scanner,2025-04,2025-Q2,Parasiticides,Simparica Trio,SIMPARICA TRIO SMALL,Retail,National,National,256789,7190081.71,0.91
nielsen_scanner,2025-04,2025-Q2,Dermatology,SkinRelief Pro,SKINRELIEF PRO LARGE,Retail,National,National,12208,598193.18,0.91
nielsen_scanner,2025-04,2025-Q2,Dermatology,SkinRelief Pro,SKINRELIEF PRO SMALL,Retail,National,National,17298,847563.17,0.91
nielsen_scanner,2025-04,2025-Q2,Parasiticides,TickShield Plus,TICKSHIELD PLUS LARGE,Retail,National,National,129653,3111703.79,0.91
nielsen_scanner,2025-04,2025-Q2,Parasiticides,TickShield Plus,TICKSHIELD PLUS SMALL,Retail,National,National,185444,4450677.6,0.91
nielsen_scanner,2025-04,2025-Q2,Vaccines,Vanguard,VANGUARD LARGE,Retail,National,National,14355,315824.56,0.91
nielsen_scanner,2025-04,2025-Q2,Vaccines,Vanguard,VANGUARD SMALL,Retail,National,National,20231,445082.23,0.91
nielsen_scanner,2025-04,2025-Q2,Parasiticides,VectraGuard,VECTRAGUARD LARGE,Retail,National,National,150295,3907686.09,0.91
nielsen_scanner,2025-04,2025-Q2,Parasiticides,VectraGuard,VECTRAGUARD SMALL,Retail,National,National,211525,5499672.15,0.91
nielsen_scanner,2025-04,2025-Q2,Vaccines,VetGuard Immunize,VETGUARD IMMUNIZE LARGE,Retail,National,National,14329,272261.56,0.91
nielsen_scanner,2025-04,2025-Q2,Vaccines,VetGuard Immunize,VETGUARD IMMUNIZE SMALL,Retail,National,National,20320,386079.35,0.91
nielsen_scanner,2025-04,2025-Q2,Vaccines,VetSelect Core Vax,VETSELECT CORE VAX LARGE,Retail,National,National,49664,695292.57,0.91
nielsen_scanner,2025-04,2025-Q2,Vaccines,VetSelect Core Vax,VETSELECT CORE VAX SMALL,Retail,National,National,68813,963369.66,0.91
nielsen_scanner,2025-04,2025-Q2,Dermatology,VetSelect Derma,VETSELECT DERMA LARGE,Retail,National,National,29439,1118726.63,0.91
nielsen_scanner,2025-04,2025-Q2,Dermatology,VetSelect Derma,VETSELECT DERMA SMALL,Retail,National,National,40887,1553704.51,0.91
nielsen_scanner,2025-04,2025-Q2,Petcare Diagnostics,VetSelect Dx,VETSELECT DX LARGE,Retail,National,National,37345,448144.4,0.91
nielsen_scanner,2025-04,2025-Q2,Petcare Diagnostics,VetSelect Dx,VETSELECT DX SMALL,Retail,National,National,51487,617837.01,0.91
nielsen_scanner,2025-04,2025-Q2,Parasiticides,VetSelect Flea & Tick,VETSELECT FLEA & TICK LARGE,Retail,National,National,257587,4378991.94,0.91
nielsen_scanner,2025-04,2025-Q2,Parasiticides,VetSelect Flea & Tick,VETSELECT FLEA & TICK SMALL,Retail,National,National,355293,6039976.2,0.91
nielsen_scanner,2025-04,2025-Q2,Pain/Osteoarthritis,VetSelect Joint,VETSELECT JOINT LARGE,Retail,National,National,27031,783876.33,0.91
nielsen_scanner,2025-04,2025-Q2,Pain/Osteoarthritis,VetSelect Joint,VETSELECT JOINT SMALL,Retail,National,National,37295,1081569.1,0.91
nielsen_scanner,2025-04,2025-Q2,Petcare Diagnostics,Vetscan,VETSCAN LARGE,Retail,National,National,8398,151151.9,0.91
nielsen_scanner,2025-04,2025-Q2,Petcare Diagnostics,Vetscan,VETSCAN SMALL,Retail,National,National,12104,217875.46,0.91
nielsen_scanner,2025-04,2025-Q2,Dermatology,AllerVet RX,ALLERVET RX LARGE,Retail,Region,Midwest,3149,170058.26,0.91
nielsen_scanner,2025-04,2025-Q2,Dermatology,AllerVet RX,ALLERVET RX SMALL,Retail,Region,Midwest,4164,224854.98,0.91
nielsen_scanner,2025-04,2025-Q2,Dermatology,Apoquel,APOQUEL LARGE,Retail,Region,Midwest,4304,279769.13,0.91
nielsen_scanner,2025-04,2025-Q2,Dermatology,Apoquel,APOQUEL SMALL,Retail,Region,Midwest,5621,365351.49,0.91
nielsen_scanner,2025-04,2025-Q2,Vaccines,BioShield Vax,BIOSHIELD VAX LARGE,Retail,Region,Midwest,3877,77533.17,0.91
nielsen_scanner,2025-04,2025-Q2,Vaccines,BioShield Vax,BIOSHIELD VAX SMALL,Retail,Region,Midwest,5030,100599.37,0.91
nielsen_scanner,2025-04,2025-Q2,Dermatology,DermaCalm,DERMACALM LARGE,Retail,Region,Midwest,3523,204357.95,0.91
nielsen_scanner,2025-04,2025-Q2,Dermatology,DermaCalm,DERMACALM SMALL,Retail,Region,Midwest,4561,264517.82,0.91
nielsen_scanner,2025-04,2025-Q2,Petcare Diagnostics,DiagnosTech Vet,DIAGNOSTECH VET LARGE,Retail,Region,Midwest,3304,56166.0,0.91
nielsen_scanner,2025-04,2025-Q2,Petcare Diagnostics,DiagnosTech Vet,DIAGNOSTECH VET SMALL,Retail,Region,Midwest,4271,72611.97,0.91
nielsen_scanner,2025-04,2025-Q2,Parasiticides,FleaStop Pro,FLEASTOP PRO LARGE,Retail,Region,Midwest,22689,476475.38,0.91
nielsen_scanner,2025-04,2025-Q2,Parasiticides,FleaStop Pro,FLEASTOP PRO SMALL,Retail,Region,Midwest,32675,686169.65,0.91
nielsen_scanner,2025-04,2025-Q2,Pain/Osteoarthritis,FlexiCare Joint,FLEXICARE JOINT LARGE,Retail,Region,Midwest,1911,84070.68,0.91
nielsen_scanner,2025-04,2025-Q2,Pain/Osteoarthritis,FlexiCare Joint,FLEXICARE JOINT SMALL,Retail,Region,Midwest,2697,118654.88,0.91
nielsen_scanner,2025-04,2025-Q2,Vaccines,ImmunoCore Canine,IMMUNOCORE CANINE LARGE,Retail,Region,Midwest,4402,92434.17,0.91
nielsen_scanner,2025-04,2025-Q2,Vaccines,ImmunoCore Canine,IMMUNOCORE CANINE SMALL,Retail,Region,Midwest,5633,118297.57,0.91
nielsen_scanner,2025-04,2025-Q2,Pain/Osteoarthritis,Librela,LIBRELA LARGE,Retail,Region,Midwest,1549,74344.5,0.91
nielsen_scanner,2025-04,2025-Q2,Pain/Osteoarthritis,Librela,LIBRELA SMALL,Retail,Region,Midwest,2051,98434.41,0.91
nielsen_scanner,2025-04,2025-Q2,Pain/Osteoarthritis,OsteoEase Vet,OSTEOEASE VET LARGE,Retail,Region,Midwest,1933,79244.29,0.91
nielsen_scanner,2025-04,2025-Q2,Pain/Osteoarthritis,OsteoEase Vet,OSTEOEASE VET SMALL,Retail,Region,Midwest,2553,104684.95,0.91
nielsen_scanner,2025-04,2025-Q2,Pain/Osteoarthritis,PainAway Canine,PAINAWAY CANINE LARGE,Retail,Region,Midwest,1612,59661.3,0.91
nielsen_scanner,2025-04,2025-Q2,Pain/Osteoarthritis,PainAway Canine,PAINAWAY CANINE SMALL,Retail,Region,Midwest,2164,80060.04,0.91
nielsen_scanner,2025-04,2025-Q2,Petcare Diagnostics,PetLab Analyzer,PETLAB ANALYZER LARGE,Retail,Region,Midwest,1838,27575.86,0.91
nielsen_scanner,2025-04,2025-Q2,Petcare Diagnostics,PetLab Analyzer,PETLAB ANALYZER SMALL,Retail,Region,Midwest,2688,40320.29,0.91
nielsen_scanner,2025-04,2025-Q2,Petcare Diagnostics,RapidVet Dx,RAPIDVET DX LARGE,Retail,Region,Midwest,3166,50654.0,0.91
nielsen_scanner,2025-04,2025-Q2,Petcare Diagnostics,RapidVet Dx,RAPIDVET DX SMALL,Retail,Region,Midwest,4250,67994.05,0.91
nielsen_scanner,2025-04,2025-Q2,Parasiticides,Simparica Trio,SIMPARICA TRIO LARGE,Retail,Region,Midwest,40008,1120232.67,0.91
nielsen_scanner,2025-04,2025-Q2,Parasiticides,Simparica Trio,SIMPARICA TRIO SMALL,Retail,Region,Midwest,56135,1571783.91,0.91
nielsen_scanner,2025-04,2025-Q2,Dermatology,SkinRelief Pro,SKINRELIEF PRO LARGE,Retail,Region,Midwest,2713,132953.42,0.91
nielsen_scanner,2025-04,2025-Q2,Dermatology,SkinRelief Pro,SKINRELIEF PRO SMALL,Retail,Region,Midwest,3660,179321.89,0.91
nielsen_scanner,2025-04,2025-Q2,Parasiticides,TickShield Plus,TICKSHIELD PLUS LARGE,Retail,Region,Midwest,27479,659506.45,0.91
nielsen_scanner,2025-04,2025-Q2,Parasiticides,TickShield Plus,TICKSHIELD PLUS SMALL,Retail,Region,Midwest,37791,906983.36,0.91
nielsen_scanner,2025-04,2025-Q2,Vaccines,Vanguard,VANGUARD LARGE,Retail,Region,Midwest,3127,68801.47,0.91
nielsen_scanner,2025-04,2025-Q2,Vaccines,Vanguard,VANGUARD SMALL,Retail,Region,Midwest,4448,97865.51,0.91
nielsen_scanner,2025-04,2025-Q2,Parasiticides,VectraGuard,VECTRAGUARD LARGE,Retail,Region,Midwest,34193,889023.22,0.91
nielsen_scanner,2025-04,2025-Q2,Parasiticides,VectraGuard,VECTRAGUARD SMALL,Retail,Region,Midwest,48613,1263940.99,0.91
nielsen_scanner,2025-04,2025-Q2,Vaccines,VetGuard Immunize,VETGUARD IMMUNIZE LARGE,Retail,Region,Midwest,2997,56950.85,0.91
nielsen_scanner,2025-04,2025-Q2,Vaccines,VetGuard Immunize,VETGUARD IMMUNIZE SMALL,Retail,Region,Midwest,4055,77035.63,0.91
nielsen_scanner,2025-04,2025-Q2,Vaccines,VetSelect Core Vax,VETSELECT CORE VAX LARGE,Retail,Region,Midwest,11009,154125.62,0.91
nielsen_scanner,2025-04,2025-Q2,Vaccines,VetSelect Core Vax,VETSELECT CORE VAX SMALL,Retail,Region,Midwest,14870,208175.8,0.91
nielsen_scanner,2025-04,2025-Q2,Dermatology,VetSelect Derma,VETSELECT DERMA LARGE,Retail,Region,Midwest,6479,246218.52,0.91
nielsen_scanner,2025-04,2025-Q2,Dermatology,VetSelect Derma,VETSELECT DERMA SMALL,Retail,Region,Midwest,8687,330087.42,0.91
nielsen_scanner,2025-04,2025-Q2,Petcare Diagnostics,VetSelect Dx,VETSELECT DX LARGE,Retail,Region,Midwest,8010,96118.6,0.91
nielsen_scanner,2025-04,2025-Q2,Petcare Diagnostics,VetSelect Dx,VETSELECT DX SMALL,Retail,Region,Midwest,9858,118291.23,0.91
nielsen_scanner,2025-04,2025-Q2,Parasiticides,VetSelect Flea & Tick,VETSELECT FLEA & TICK LARGE,Retail,Region,Midwest,56231,955935.2,0.91
nielsen_scanner,2025-04,2025-Q2,Parasiticides,VetSelect Flea & Tick,VETSELECT FLEA & TICK SMALL,Retail,Region,Midwest,75377,1281404.01,0.91
nielsen_scanner,2025-04,2025-Q2,Pain/Osteoarthritis,VetSelect Joint,VETSELECT JOINT LARGE,Retail,Region,Midwest,5643,163640.36,0.91
nielsen_scanner,2025-04,2025-Q2,Pain/Osteoarthritis,VetSelect Joint,VETSELECT JOINT SMALL,Retail,Region,Midwest,7846,227522.22,0.91
nielsen_scanner,2025-04,2025-Q2,Petcare Diagnostics,Vetscan,VETSCAN LARGE,Retail,Region,Midwest,1700,30591.24,0.91
nielsen_scanner,2025-04,2025-Q2,Petcare Diagnostics,Vetscan,VETSCAN SMALL,Retail,Region,Midwest,2484,44719.44,0.91
nielsen_scanner,2025-04,2025-Q2,Dermatology,AllerVet RX,ALLERVET RX LARGE,Retail,Region,Northeast,3194,172469.71,0.91
nielsen_scanner,2025-04,2025-Q2,Dermatology,AllerVet RX,ALLERVET RX SMALL,Retail,Region,Northeast,4415,238394.67,0.91
nielsen_scanner,2025-04,2025-Q2,Dermatology,Apoquel,APOQUEL LARGE,Retail,Region,Northeast,4230,274951.73,0.91
nielsen_scanner,2025-04,2025-Q2,Dermatology,Apoquel,APOQUEL SMALL,Retail,Region,Northeast,5939,386048.59,0.91
nielsen_scanner,2025-04,2025-Q2,Vaccines,BioShield Vax,BIOSHIELD VAX LARGE,Retail,Region,Northeast,4079,81574.72,0.91
nielsen_scanner,2025-04,2025-Q2,Vaccines,BioShield Vax,BIOSHIELD VAX SMALL,Retail,Region,Northeast,5315,106294.94,0.91
nielsen_scanner,2025-04,2025-Q2,Dermatology,DermaCalm,DERMACALM LARGE,Retail,Region,Northeast,3588,208115.25,0.91
nielsen_scanner,2025-04,2025-Q2,Dermatology,DermaCalm,DERMACALM SMALL,Retail,Region,Northeast,5083,294801.52,0.91
nielsen_scanner,2025-04,2025-Q2,Petcare Diagnostics,DiagnosTech Vet,DIAGNOSTECH VET LARGE,Retail,Region,Northeast,3345,56858.96,0.91
nielsen_scanner,2025-04,2025-Q2,Petcare Diagnostics,DiagnosTech Vet,DIAGNOSTECH VET SMALL,Retail,Region,Northeast,4845,82363.0,0.91
nielsen_scanner,2025-04,2025-Q2,Parasiticides,FleaStop Pro,FLEASTOP PRO LARGE,Retail,Region,Northeast,23483,493139.59,0.91
nielsen_scanner,2025-04,2025-Q2,Parasiticides,FleaStop Pro,FLEASTOP PRO SMALL,Retail,Region,Northeast,33486,703213.15,0.91
nielsen_scanner,2025-04,2025-Q2,Pain/Osteoarthritis,FlexiCare Joint,FLEXICARE JOINT LARGE,Retail,Region,Northeast,2016,88711.31,0.91
nielsen_scanner,2025-04,2025-Q2,Pain/Osteoarthritis,FlexiCare Joint,FLEXICARE JOINT SMALL,Retail,Region,Northeast,2867,126142.2,0.91
nielsen_scanner,2025-04,2025-Q2,Vaccines,ImmunoCore Canine,IMMUNOCORE CANINE LARGE,Retail,Region,Northeast,4211,88431.96,0.91
nielsen_scanner,2025-04,2025-Q2,Vaccines,ImmunoCore Canine,IMMUNOCORE CANINE SMALL,Retail,Region,Northeast,5778,121333.71,0.91
nielsen_scanner,2025-04,2025-Q2,Pain/Osteoarthritis,Librela,LIBRELA LARGE,Retail,Region,Northeast,1692,81201.01,0.91
nielsen_scanner,2025-04,2025-Q2,Pain/Osteoarthritis,Librela,LIBRELA SMALL,Retail,Region,Northeast,2354,113001.16,0.91
nielsen_scanner,2025-04,2025-Q2,Pain/Osteoarthritis,OsteoEase Vet,OSTEOEASE VET LARGE,Retail,Region,Northeast,1958,80277.83,0.91
nielsen_scanner,2025-04,2025-Q2,Pain/Osteoarthritis,OsteoEase Vet,OSTEOEASE VET SMALL,Retail,Region,Northeast,2659,109010.48,0.91
nielsen_scanner,2025-04,2025-Q2,Pain/Osteoarthritis,PainAway Canine,PAINAWAY CANINE LARGE,Retail,Region,Northeast,1808,66881.96,0.91
nielsen_scanner,2025-04,2025-Q2,Pain/Osteoarthritis,PainAway Canine,PAINAWAY CANINE SMALL,Retail,Region,Northeast,2459,90994.28,0.91
nielsen_scanner,2025-04,2025-Q2,Petcare Diagnostics,PetLab Analyzer,PETLAB ANALYZER LARGE,Retail,Region,Northeast,1986,29796.39,0.91
nielsen_scanner,2025-04,2025-Q2,Petcare Diagnostics,PetLab Analyzer,PETLAB ANALYZER SMALL,Retail,Region,Northeast,2921,43821.83,0.91
nielsen_scanner,2025-04,2025-Q2,Petcare Diagnostics,RapidVet Dx,RAPIDVET DX LARGE,Retail,Region,Northeast,3109,49741.18,0.91
nielsen_scanner,2025-04,2025-Q2,Petcare Diagnostics,RapidVet Dx,RAPIDVET DX SMALL,Retail,Region,Northeast,3976,63618.48,0.91
nielsen_scanner,2025-04,2025-Q2,Parasiticides,Simparica Trio,SIMPARICA TRIO LARGE,Retail,Region,Northeast,41249,1154968.05,0.91
nielsen_scanner,2025-04,2025-Q2,Parasiticides,Simparica Trio,SIMPARICA TRIO SMALL,Retail,Region,Northeast,55263,1547363.88,0.91
nielsen_scanner,2025-04,2025-Q2,Dermatology,SkinRelief Pro,SKINRELIEF PRO LARGE,Retail,Region,Northeast,2692,131919.16,0.91
nielsen_scanner,2025-04,2025-Q2,Dermatology,SkinRelief Pro,SKINRELIEF PRO SMALL,Retail,Region,Northeast,3894,190827.93,0.91
nielsen_scanner,2025-04,2025-Q2,Parasiticides,TickShield Plus,TICKSHIELD PLUS LARGE,Retail,Region,Northeast,29979,719501.3,0.91
nielsen_scanner,2025-04,2025-Q2,Parasiticides,TickShield Plus,TICKSHIELD PLUS SMALL,Retail,Region,Northeast,43534,1044824.82,0.91
nielsen_scanner,2025-04,2025-Q2,Vaccines,Vanguard,VANGUARD LARGE,Retail,Region,Northeast,3158,69479.06,0.91
nielsen_scanner,2025-04,2025-Q2,Vaccines,Vanguard,VANGUARD SMALL,Retail,Region,Northeast,4476,98464.07,0.91
nielsen_scanner,2025-04,2025-Q2,Parasiticides,VectraGuard,VECTRAGUARD LARGE,Retail,Region,Northeast,34880,906875.59,0.91
nielsen_scanner,2025-04,2025-Q2,Parasiticides,VectraGuard,VECTRAGUARD SMALL,Retail,Region,Northeast,48855,1270236.84,0.91
nielsen_scanner,2025-04,2025-Q2,Vaccines,VetGuard Immunize,VETGUARD IMMUNIZE LARGE,Retail,Region,Northeast,3313,62949.27,0.91
nielsen_scanner,2025-04,2025-Q2,Vaccines,VetGuard Immunize,VETGUARD IMMUNIZE SMALL,Retail,Region,Northeast,4534,86143.36,0.91
nielsen_scanner,2025-04,2025-Q2,Vaccines,VetSelect Core Vax,VETSELECT CORE VAX LARGE,Retail,Region,Northeast,10285,143994.04,0.91
nielsen_scanner,2025-04,2025-Q2,Vaccines,VetSelect Core Vax,VETSELECT CORE VAX SMALL,Retail,Region,Northeast,14947,209257.24,0.91
nielsen_scanner,2025-04,2025-Q2,Dermatology,VetSelect Derma,VETSELECT DERMA LARGE,Retail,Region,Northeast,6494,246776.25,0.91
nielsen_scanner,2025-04,2025-Q2,Dermatology,VetSelect Derma,VETSELECT DERMA SMALL,Retail,Region,Northeast,8626,327799.06,0.91
nielsen_scanner,2025-04,2025-Q2,Petcare Diagnostics,VetSelect Dx,VETSELECT DX LARGE,Retail,Region,Northeast,7987,95841.12,0.91
nielsen_scanner,2025-04,2025-Q2,Petcare Diagnostics,VetSelect Dx,VETSELECT DX SMALL,Retail,Region,Northeast,11580,138958.67,0.91
nielsen_scanner,2025-04,2025-Q2,Parasiticides,VetSelect Flea & Tick,VETSELECT FLEA & TICK LARGE,Retail,Region,Northeast,54599,928182.43,0.91
nielsen_scanner,2025-04,2025-Q2,Parasiticides,VetSelect Flea & Tick,VETSELECT FLEA & TICK SMALL,Retail,Region,Northeast,77320,1314433.64,0.91
nielsen_scanner,2025-04,2025-Q2,Pain/Osteoarthritis,VetSelect Joint,VETSELECT JOINT LARGE,Retail,Region,Northeast,5867,170130.44,0.91
nielsen_scanner,2025-04,2025-Q2,Pain/Osteoarthritis,VetSelect Joint,VETSELECT JOINT SMALL,Retail,Region,Northeast,8259,239520.45,0.91
nielsen_scanner,2025-04,2025-Q2,Petcare Diagnostics,Vetscan,VETSCAN LARGE,Retail,Region,Northeast,1965,35373.95,0.91
nielsen_scanner,2025-04,2025-Q2,Petcare Diagnostics,Vetscan,VETSCAN SMALL,Retail,Region,Northeast,2707,48720.62,0.91
nielsen_scanner,2025-04,2025-Q2,Dermatology,AllerVet RX,ALLERVET RX LARGE,Retail,Region,South,4973,268517.68,0.91
nielsen_scanner,2025-04,2025-Q2,Dermatology,AllerVet RX,ALLERVET RX SMALL,Retail,Region,South,7081,382377.57,0.91
nielsen_scanner,2025-04,2025-Q2,Dermatology,Apoquel,APOQUEL LARGE,Retail,Region,South,6094,396102.96,0.91
nielsen_scanner,2025-04,2025-Q2,Dermatology,Apoquel,APOQUEL SMALL,Retail,Region,South,8410,546665.33,0.91
nielsen_scanner,2025-04,2025-Q2,Vaccines,BioShield Vax,BIOSHIELD VAX LARGE,Retail,Region,South,5867,117332.32,0.91
nielsen_scanner,2025-04,2025-Q2,Vaccines,BioShield Vax,BIOSHIELD VAX SMALL,Retail,Region,South,8413,168264.43,0.91
nielsen_scanner,2025-04,2025-Q2,Dermatology,DermaCalm,DERMACALM LARGE,Retail,Region,South,5987,347228.76,0.91
nielsen_scanner,2025-04,2025-Q2,Dermatology,DermaCalm,DERMACALM SMALL,Retail,Region,South,7995,463713.8,0.91
nielsen_scanner,2025-04,2025-Q2,Petcare Diagnostics,DiagnosTech Vet,DIAGNOSTECH VET LARGE,Retail,Region,South,5259,89403.51,0.91
nielsen_scanner,2025-04,2025-Q2,Petcare Diagnostics,DiagnosTech Vet,DIAGNOSTECH VET SMALL,Retail,Region,South,7470,126991.47,0.91
nielsen_scanner,2025-04,2025-Q2,Parasiticides,FleaStop Pro,FLEASTOP PRO LARGE,Retail,Region,South,34822,731261.4,0.91
nielsen_scanner,2025-04,2025-Q2,Parasiticides,FleaStop Pro,FLEASTOP PRO SMALL,Retail,Region,South,51334,1078014.47,0.91
nielsen_scanner,2025-04,2025-Q2,Pain/Osteoarthritis,FlexiCare Joint,FLEXICARE JOINT LARGE,Retail,Region,South,3446,151628.22,0.91
nielsen_scanner,2025-04,2025-Q2,Pain/Osteoarthritis,FlexiCare Joint,FLEXICARE JOINT SMALL,Retail,Region,South,4652,204672.78,0.91
nielsen_scanner,2025-04,2025-Q2,Vaccines,ImmunoCore Canine,IMMUNOCORE CANINE LARGE,Retail,Region,South,6935,145641.95,0.91
nielsen_scanner,2025-04,2025-Q2,Vaccines,ImmunoCore Canine,IMMUNOCORE CANINE SMALL,Retail,Region,South,10039,210827.99,0.91
nielsen_scanner,2025-04,2025-Q2,Pain/Osteoarthritis,Librela,LIBRELA LARGE,Retail,Region,South,2607,125139.58,0.91
nielsen_scanner,2025-04,2025-Q2,Pain/Osteoarthritis,Librela,LIBRELA SMALL,Retail,Region,South,3641,174790.69,0.91
nielsen_scanner,2025-04,2025-Q2,Pain/Osteoarthritis,OsteoEase Vet,OSTEOEASE VET LARGE,Retail,Region,South,3049,125019.67,0.91
nielsen_scanner,2025-04,2025-Q2,Pain/Osteoarthritis,OsteoEase Vet,OSTEOEASE VET SMALL,Retail,Region,South,4080,167271.81,0.91
nielsen_scanner,2025-04,2025-Q2,Pain/Osteoarthritis,PainAway Canine,PAINAWAY CANINE LARGE,Retail,Region,South,2598,96124.45,0.91
nielsen_scanner,2025-04,2025-Q2,Pain/Osteoarthritis,PainAway Canine,PAINAWAY CANINE SMALL,Retail,Region,South,3686,136389.42,0.91
nielsen_scanner,2025-04,2025-Q2,Petcare Diagnostics,PetLab Analyzer,PETLAB ANALYZER LARGE,Retail,Region,South,3301,49517.83,0.91
nielsen_scanner,2025-04,2025-Q2,Petcare Diagnostics,PetLab Analyzer,PETLAB ANALYZER SMALL,Retail,Region,South,4311,64662.19,0.91
nielsen_scanner,2025-04,2025-Q2,Petcare Diagnostics,RapidVet Dx,RAPIDVET DX LARGE,Retail,Region,South,5124,81983.12,0.91
nielsen_scanner,2025-04,2025-Q2,Petcare Diagnostics,RapidVet Dx,RAPIDVET DX SMALL,Retail,Region,South,6993,111884.98,0.91
nielsen_scanner,2025-04,2025-Q2,Parasiticides,Simparica Trio,SIMPARICA TRIO LARGE,Retail,Region,South,61278,1715781.65,0.91
nielsen_scanner,2025-04,2025-Q2,Parasiticides,Simparica Trio,SIMPARICA TRIO SMALL,Retail,Region,South,86096,2410680.24,0.91
nielsen_scanner,2025-04,2025-Q2,Dermatology,SkinRelief Pro,SKINRELIEF PRO LARGE,Retail,Region,South,4008,196382.99,0.91
nielsen_scanner,2025-04,2025-Q2,Dermatology,SkinRelief Pro,SKINRELIEF PRO SMALL,Retail,Region,South,5691,278840.32,0.91
nielsen_scanner,2025-04,2025-Q2,Parasiticides,TickShield Plus,TICKSHIELD PLUS LARGE,Retail,Region,South,44214,1061145.11,0.91
nielsen_scanner,2025-04,2025-Q2,Parasiticides,TickShield Plus,TICKSHIELD PLUS SMALL,Retail,Region,South,63304,1519299.66,0.91
nielsen_scanner,2025-04,2025-Q2,Vaccines,Vanguard,VANGUARD LARGE,Retail,Region,South,4628,101809.7,0.91
nielsen_scanner,2025-04,2025-Q2,Vaccines,Vanguard,VANGUARD SMALL,Retail,Region,South,6523,143498.15,0.91
nielsen_scanner,2025-04,2025-Q2,Parasiticides,VectraGuard,VECTRAGUARD LARGE,Retail,Region,South,47639,1238623.48,0.91
nielsen_scanner,2025-04,2025-Q2,Parasiticides,VectraGuard,VECTRAGUARD SMALL,Retail,Region,South,67892,1765199.26,0.91
nielsen_scanner,2025-04,2025-Q2,Vaccines,VetGuard Immunize,VETGUARD IMMUNIZE LARGE,Retail,Region,South,4577,86965.68,0.91
nielsen_scanner,2025-04,2025-Q2,Vaccines,VetGuard Immunize,VETGUARD IMMUNIZE SMALL,Retail,Region,South,6804,129283.31,0.91
nielsen_scanner,2025-04,2025-Q2,Vaccines,VetSelect Core Vax,VETSELECT CORE VAX LARGE,Retail,Region,South,18009,252120.29,0.91
nielsen_scanner,2025-04,2025-Q2,Vaccines,VetSelect Core Vax,VETSELECT CORE VAX SMALL,Retail,Region,South,24079,337099.71,0.91
nielsen_scanner,2025-04,2025-Q2,Dermatology,VetSelect Derma,VETSELECT DERMA LARGE,Retail,Region,South,9210,349987.23,0.91
nielsen_scanner,2025-04,2025-Q2,Dermatology,VetSelect Derma,VETSELECT DERMA SMALL,Retail,Region,South,13687,520105.28,0.91
nielsen_scanner,2025-04,2025-Q2,Petcare Diagnostics,VetSelect Dx,VETSELECT DX LARGE,Retail,Region,South,13603,163239.42,0.91
nielsen_scanner,2025-04,2025-Q2,Petcare Diagnostics,VetSelect Dx,VETSELECT DX SMALL,Retail,Region,South,18307,219687.85,0.91
nielsen_scanner,2025-04,2025-Q2,Parasiticides,VetSelect Flea & Tick,VETSELECT FLEA & TICK LARGE,Retail,Region,South,87876,1493890.41,0.91
nielsen_scanner,2025-04,2025-Q2,Parasiticides,VetSelect Flea & Tick,VETSELECT FLEA & TICK SMALL,Retail,Region,South,124917,2123592.81,0.91
nielsen_scanner,2025-04,2025-Q2,Pain/Osteoarthritis,VetSelect Joint,VETSELECT JOINT LARGE,Retail,Region,South,9049,262407.16,0.91
nielsen_scanner,2025-04,2025-Q2,Pain/Osteoarthritis,VetSelect Joint,VETSELECT JOINT SMALL,Retail,Region,South,12445,360912.5,0.91
nielsen_scanner,2025-04,2025-Q2,Petcare Diagnostics,Vetscan,VETSCAN LARGE,Retail,Region,South,2672,48094.24,0.91
nielsen_scanner,2025-04,2025-Q2,Petcare Diagnostics,Vetscan,VETSCAN SMALL,Retail,Region,South,4047,72842.57,0.91
nielsen_scanner,2025-04,2025-Q2,Dermatology,AllerVet RX,ALLERVET RX LARGE,Retail,Region,West,3333,179999.55,0.91
nielsen_scanner,2025-04,2025-Q2,Dermatology,AllerVet RX,ALLERVET RX SMALL,Retail,Region,West,4698,253667.05,0.91
nielsen_scanner,2025-04,2025-Q2,Dermatology,Apoquel,APOQUEL LARGE,Retail,Region,West,4622,300443.32,0.91
nielsen_scanner,2025-04,2025-Q2,Dermatology,Apoquel,APOQUEL SMALL,Retail,Region,West,6092,396001.39,0.91
nielsen_scanner,2025-04,2025-Q2,Vaccines,BioShield Vax,BIOSHIELD VAX LARGE,Retail,Region,West,4010,80193.03,0.91
nielsen_scanner,2025-04,2025-Q2,Vaccines,BioShield Vax,BIOSHIELD VAX SMALL,Retail,Region,West,5532,110630.46,0.91
nielsen_scanner,2025-04,2025-Q2,Dermatology,DermaCalm,DERMACALM LARGE,Retail,Region,West,3786,219606.43,0.91
nielsen_scanner,2025-04,2025-Q2,Dermatology,DermaCalm,DERMACALM SMALL,Retail,Region,West,5028,291629.91,0.91
nielsen_scanner,2025-04,2025-Q2,Petcare Diagnostics,DiagnosTech Vet,DIAGNOSTECH VET LARGE,Retail,Region,West,3788,64403.95,0.91
nielsen_scanner,2025-04,2025-Q2,Petcare Diagnostics,DiagnosTech Vet,DIAGNOSTECH VET SMALL,Retail,Region,West,5210,88563.8,0.91
nielsen_scanner,2025-04,2025-Q2,Parasiticides,FleaStop Pro,FLEASTOP PRO LARGE,Retail,Region,West,26653,559716.78,0.91
nielsen_scanner,2025-04,2025-Q2,Parasiticides,FleaStop Pro,FLEASTOP PRO SMALL,Retail,Region,West,36642,769490.17,0.91
nielsen_scanner,2025-04,2025-Q2,Pain/Osteoarthritis,FlexiCare Joint,FLEXICARE JOINT LARGE,Retail,Region,West,2166,95284.01,0.91
nielsen_scanner,2025-04,2025-Q2,Pain/Osteoarthritis,FlexiCare Joint,FLEXICARE JOINT SMALL,Retail,Region,West,2953,129940.32,0.91
nielsen_scanner,2025-04,2025-Q2,Vaccines,ImmunoCore Canine,IMMUNOCORE CANINE LARGE,Retail,Region,West,4940,103744.37,0.91
nielsen_scanner,2025-04,2025-Q2,Vaccines,ImmunoCore Canine,IMMUNOCORE CANINE SMALL,Retail,Region,West,6646,139571.26,0.91
nielsen_scanner,2025-04,2025-Q2,Pain/Osteoarthritis,Librela,LIBRELA LARGE,Retail,Region,West,1742,83624.95,0.91
nielsen_scanner,2025-04,2025-Q2,Pain/Osteoarthritis,Librela,LIBRELA SMALL,Retail,Region,West,2432,116723.19,0.91
nielsen_scanner,2025-04,2025-Q2,Pain/Osteoarthritis,OsteoEase Vet,OSTEOEASE VET LARGE,Retail,Region,West,2155,88337.85,0.91
nielsen_scanner,2025-04,2025-Q2,Pain/Osteoarthritis,OsteoEase Vet,OSTEOEASE VET SMALL,Retail,Region,West,2906,119146.46,0.91
nielsen_scanner,2025-04,2025-Q2,Pain/Osteoarthritis,PainAway Canine,PAINAWAY CANINE LARGE,Retail,Region,West,1933,71535.52,0.91
nielsen_scanner,2025-04,2025-Q2,Pain/Osteoarthritis,PainAway Canine,PAINAWAY CANINE SMALL,Retail,Region,West,2585,95650.88,0.91
nielsen_scanner,2025-04,2025-Q2,Petcare Diagnostics,PetLab Analyzer,PETLAB ANALYZER LARGE,Retail,Region,West,2122,31833.46,0.91
nielsen_scanner,2025-04,2025-Q2,Petcare Diagnostics,PetLab Analyzer,PETLAB ANALYZER SMALL,Retail,Region,West,3087,46300.25,0.91
nielsen_scanner,2025-04,2025-Q2,Petcare Diagnostics,RapidVet Dx,RAPIDVET DX LARGE,Retail,Region,West,3371,53930.92,0.91
nielsen_scanner,2025-04,2025-Q2,Petcare Diagnostics,RapidVet Dx,RAPIDVET DX SMALL,Retail,Region,West,4648,74360.05,0.91
nielsen_scanner,2025-04,2025-Q2,Parasiticides,Simparica Trio,SIMPARICA TRIO LARGE,Retail,Region,West,42708,1195836.72,0.91
nielsen_scanner,2025-04,2025-Q2,Parasiticides,Simparica Trio,SIMPARICA TRIO SMALL,Retail,Region,West,59295,1660253.68,0.91
nielsen_scanner,2025-04,2025-Q2,Dermatology,SkinRelief Pro,SKINRELIEF PRO LARGE,Retail,Region,West,2795,136937.61,0.91
nielsen_scanner,2025-04,2025-Q2,Dermatology,SkinRelief Pro,SKINRELIEF PRO SMALL,Retail,Region,West,4053,198573.03,0.91
nielsen_scanner,2025-04,2025-Q2,Parasiticides,TickShield Plus,TICKSHIELD PLUS LARGE,Retail,Region,West,27981,671550.93,0.91
nielsen_scanner,2025-04,2025-Q2,Parasiticides,TickShield Plus,TICKSHIELD PLUS SMALL,Retail,Region,West,40815,979569.76,0.91
nielsen_scanner,2025-04,2025-Q2,Vaccines,Vanguard,VANGUARD LARGE,Retail,Region,West,3442,75734.33,0.91
nielsen_scanner,2025-04,2025-Q2,Vaccines,Vanguard,VANGUARD SMALL,Retail,Region,West,4784,105254.5,0.91
nielsen_scanner,2025-04,2025-Q2,Parasiticides,VectraGuard,VECTRAGUARD LARGE,Retail,Region,West,33583,873163.8,0.91
nielsen_scanner,2025-04,2025-Q2,Parasiticides,VectraGuard,VECTRAGUARD SMALL,Retail,Region,West,46165,1200295.06,0.91
nielsen_scanner,2025-04,2025-Q2,Vaccines,VetGuard Immunize,VETGUARD IMMUNIZE LARGE,Retail,Region,West,3442,65395.76,0.91
nielsen_scanner,2025-04,2025-Q2,Vaccines,VetGuard Immunize,VETGUARD IMMUNIZE SMALL,Retail,Region,West,4927,93617.05,0.91
nielsen_scanner,2025-04,2025-Q2,Vaccines,VetSelect Core Vax,VETSELECT CORE VAX LARGE,Retail,Region,West,10361,145052.62,0.91
nielsen_scanner,2025-04,2025-Q2,Vaccines,VetSelect Core Vax,VETSELECT CORE VAX SMALL,Retail,Region,West,14917,208836.91,0.91
nielsen_scanner,2025-04,2025-Q2,Dermatology,VetSelect Derma,VETSELECT DERMA LARGE,Retail,Region,West,7256,275744.63,0.91
nielsen_scanner,2025-04,2025-Q2,Dermatology,VetSelect Derma,VETSELECT DERMA SMALL,Retail,Region,West,9887,375712.75,0.91
nielsen_scanner,2025-04,2025-Q2,Petcare Diagnostics,VetSelect Dx,VETSELECT DX LARGE,Retail,Region,West,7745,92945.26,0.91
nielsen_scanner,2025-04,2025-Q2,Petcare Diagnostics,VetSelect Dx,VETSELECT DX SMALL,Retail,Region,West,11742,140899.26,0.91
nielsen_scanner,2025-04,2025-Q2,Parasiticides,VetSelect Flea & Tick,VETSELECT FLEA & TICK LARGE,Retail,Region,West,58881,1000983.9,0.91
nielsen_scanner,2025-04,2025-Q2,Parasiticides,VetSelect Flea & Tick,VETSELECT FLEA & TICK SMALL,Retail,Region,West,77679,1320545.74,0.91
nielsen_scanner,2025-04,2025-Q2,Pain/Osteoarthritis,VetSelect Joint,VETSELECT JOINT LARGE,Retail,Region,West,6472,187698.37,0.91
nielsen_scanner,2025-04,2025-Q2,Pain/Osteoarthritis,VetSelect Joint,VETSELECT JOINT SMALL,Retail,Region,West,8745,253613.93,0.91
nielsen_scanner,2025-04,2025-Q2,Petcare Diagnostics,Vetscan,VETSCAN LARGE,Retail,Region,West,2061,37092.47,0.91
nielsen_scanner,2025-04,2025-Q2,Petcare Diagnostics,Vetscan,VETSCAN SMALL,Retail,Region,West,2866,51592.83,0.91
nielsen_scanner,2025-05,2025-Q2,Dermatology,AllerVet RX,ALLERVET RX LARGE,Retail,National,National,15846,855654.18,0.91
nielsen_scanner,2025-05,2025-Q2,Dermatology,AllerVet RX,ALLERVET RX SMALL,Retail,National,National,22157,1196501.03,0.91
nielsen_scanner,2025-05,2025-Q2,Dermatology,Apoquel,APOQUEL LARGE,Retail,National,National,20286,1318587.85,0.91
nielsen_scanner,2025-05,2025-Q2,Dermatology,Apoquel,APOQUEL SMALL,Retail,National,National,28214,1833921.29,0.91
nielsen_scanner,2025-05,2025-Q2,Vaccines,BioShield Vax,BIOSHIELD VAX LARGE,Retail,National,National,17062,341228.71,0.91
nielsen_scanner,2025-05,2025-Q2,Vaccines,BioShield Vax,BIOSHIELD VAX SMALL,Retail,National,National,23961,479236.62,0.91
nielsen_scanner,2025-05,2025-Q2,Dermatology,DermaCalm,DERMACALM LARGE,Retail,National,National,17080,990635.62,0.91
nielsen_scanner,2025-05,2025-Q2,Dermatology,DermaCalm,DERMACALM SMALL,Retail,National,National,24616,1427714.14,0.91
nielsen_scanner,2025-05,2025-Q2,Petcare Diagnostics,DiagnosTech Vet,DIAGNOSTECH VET LARGE,Retail,National,National,16348,277911.82,0.91
nielsen_scanner,2025-05,2025-Q2,Petcare Diagnostics,DiagnosTech Vet,DIAGNOSTECH VET SMALL,Retail,National,National,22418,381110.7,0.91
nielsen_scanner,2025-05,2025-Q2,Parasiticides,FleaStop Pro,FLEASTOP PRO LARGE,Retail,National,National,119293,2505144.66,0.91
nielsen_scanner,2025-05,2025-Q2,Parasiticides,FleaStop Pro,FLEASTOP PRO SMALL,Retail,National,National,168332,3534965.55,0.91
nielsen_scanner,2025-05,2025-Q2,Pain/Osteoarthritis,FlexiCare Joint,FLEXICARE JOINT LARGE,Retail,National,National,9071,399094.7,0.91
nielsen_scanner,2025-05,2025-Q2,Pain/Osteoarthritis,FlexiCare Joint,FLEXICARE JOINT SMALL,Retail,National,National,12558,552545.89,0.91
nielsen_scanner,2025-05,2025-Q2,Vaccines,ImmunoCore Canine,IMMUNOCORE CANINE LARGE,Retail,National,National,20483,430145.74,0.91
nielsen_scanner,2025-05,2025-Q2,Vaccines,ImmunoCore Canine,IMMUNOCORE CANINE SMALL,Retail,National,National,28089,589859.26,0.91
nielsen_scanner,2025-05,2025-Q2,Pain/Osteoarthritis,Librela,LIBRELA LARGE,Retail,National,National,6710,322094.97,0.91
nielsen_scanner,2025-05,2025-Q2,Pain/Osteoarthritis,Librela,LIBRELA SMALL,Retail,National,National,8996,431846.25,0.91
nielsen_scanner,2025-05,2025-Q2,Pain/Osteoarthritis,OsteoEase Vet,OSTEOEASE VET LARGE,Retail,National,National,8675,355733.64,0.91
nielsen_scanner,2025-05,2025-Q2,Pain/Osteoarthritis,OsteoEase Vet,OSTEOEASE VET SMALL,Retail,National,National,11681,478915.63,0.91
nielsen_scanner,2025-05,2025-Q2,Pain/Osteoarthritis,PainAway Canine,PAINAWAY CANINE LARGE,Retail,National,National,7370,272683.56,0.91
nielsen_scanner,2025-05,2025-Q2,Pain/Osteoarthritis,PainAway Canine,PAINAWAY CANINE SMALL,Retail,National,National,10204,377575.04,0.91
nielsen_scanner,2025-05,2025-Q2,Petcare Diagnostics,PetLab Analyzer,PETLAB ANALYZER LARGE,Retail,National,National,9380,140693.54,0.91
nielsen_scanner,2025-05,2025-Q2,Petcare Diagnostics,PetLab Analyzer,PETLAB ANALYZER SMALL,Retail,National,National,12990,194839.68,0.91
nielsen_scanner,2025-05,2025-Q2,Petcare Diagnostics,RapidVet Dx,RAPIDVET DX LARGE,Retail,National,National,15264,244225.64,0.91
nielsen_scanner,2025-05,2025-Q2,Petcare Diagnostics,RapidVet Dx,RAPIDVET DX SMALL,Retail,National,National,20615,329848.23,0.91
nielsen_scanner,2025-05,2025-Q2,Parasiticides,Simparica Trio,SIMPARICA TRIO LARGE,Retail,National,National,206084,5770339.13,0.91
nielsen_scanner,2025-05,2025-Q2,Parasiticides,Simparica Trio,SIMPARICA TRIO SMALL,Retail,National,National,291881,8172661.38,0.91
nielsen_scanner,2025-05,2025-Q2,Dermatology,SkinRelief Pro,SKINRELIEF PRO LARGE,Retail,National,National,13984,685210.31,0.91
nielsen_scanner,2025-05,2025-Q2,Dermatology,SkinRelief Pro,SKINRELIEF PRO SMALL,Retail,National,National,19431,952067.23,0.91
nielsen_scanner,2025-05,2025-Q2,Parasiticides,TickShield Plus,TICKSHIELD PLUS LARGE,Retail,National,National,139694,3352669.81,0.91
nielsen_scanner,2025-05,2025-Q2,Parasiticides,TickShield Plus,TICKSHIELD PLUS SMALL,Retail,National,National,188625,4527008.11,0.91
nielsen_scanner,2025-05,2025-Q2,Vaccines,Vanguard,VANGUARD LARGE,Retail,National,National,14553,320166.98,0.91
nielsen_scanner,2025-05,2025-Q2,Vaccines,Vanguard,VANGUARD SMALL,Retail,National,National,20160,443514.12,0.91
nielsen_scanner,2025-05,2025-Q2,Parasiticides,VectraGuard,VECTRAGUARD LARGE,Retail,National,National,172458,4483897.61,0.91
nielsen_scanner,2025-05,2025-Q2,Parasiticides,VectraGuard,VECTRAGUARD SMALL,Retail,National,National,236049,6137276.96,0.91
nielsen_scanner,2025-05,2025-Q2,Vaccines,VetGuard Immunize,VETGUARD IMMUNIZE LARGE,Retail,National,National,15477,294054.11,0.91
nielsen_scanner,2025-05,2025-Q2,Vaccines,VetGuard Immunize,VETGUARD IMMUNIZE SMALL,Retail,National,National,21335,405342.06,0.91
nielsen_scanner,2025-05,2025-Q2,Vaccines,VetSelect Core Vax,VETSELECT CORE VAX LARGE,Retail,National,National,56297,788156.34,0.91
nielsen_scanner,2025-05,2025-Q2,Vaccines,VetSelect Core Vax,VETSELECT CORE VAX SMALL,Retail,National,National,77866,1090128.08,0.91
nielsen_scanner,2025-05,2025-Q2,Dermatology,VetSelect Derma,VETSELECT DERMA LARGE,Retail,National,National,32547,1236799.57,0.91
nielsen_scanner,2025-05,2025-Q2,Dermatology,VetSelect Derma,VETSELECT DERMA SMALL,Retail,National,National,44603,1694907.27,0.91
nielsen_scanner,2025-05,2025-Q2,Petcare Diagnostics,VetSelect Dx,VETSELECT DX LARGE,Retail,National,National,35661,427914.39,0.91
nielsen_scanner,2025-05,2025-Q2,Petcare Diagnostics,VetSelect Dx,VETSELECT DX SMALL,Retail,National,National,50210,602532.57,0.91
nielsen_scanner,2025-05,2025-Q2,Parasiticides,VetSelect Flea & Tick,VETSELECT FLEA & TICK LARGE,Retail,National,National,280731,4772420.48,0.91
nielsen_scanner,2025-05,2025-Q2,Parasiticides,VetSelect Flea & Tick,VETSELECT FLEA & TICK SMALL,Retail,National,National,393523,6689889.18,0.91
nielsen_scanner,2025-05,2025-Q2,Pain/Osteoarthritis,VetSelect Joint,VETSELECT JOINT LARGE,Retail,National,National,24562,712318.53,0.91
nielsen_scanner,2025-05,2025-Q2,Pain/Osteoarthritis,VetSelect Joint,VETSELECT JOINT SMALL,Retail,National,National,34035,987029.08,0.91
nielsen_scanner,2025-05,2025-Q2,Petcare Diagnostics,Vetscan,VETSCAN LARGE,Retail,National,National,8530,153534.95,0.91
nielsen_scanner,2025-05,2025-Q2,Petcare Diagnostics,Vetscan,VETSCAN SMALL,Retail,National,National,12022,216410.38,0.91
nielsen_scanner,2025-05,2025-Q2,Dermatology,AllerVet RX,ALLERVET RX LARGE,Retail,Region,Midwest,3409,184079.22,0.91
nielsen_scanner,2025-05,2025-Q2,Dermatology,AllerVet RX,ALLERVET RX SMALL,Retail,Region,Midwest,4484,242146.81,0.91
nielsen_scanner,2025-05,2025-Q2,Dermatology,Apoquel,APOQUEL LARGE,Retail,Region,Midwest,4189,272284.22,0.91
nielsen_scanner,2025-05,2025-Q2,Dermatology,Apoquel,APOQUEL SMALL,Retail,Region,Midwest,6037,392431.93,0.91
nielsen_scanner,2025-05,2025-Q2,Vaccines,BioShield Vax,BIOSHIELD VAX LARGE,Retail,Region,Midwest,3666,73322.25,0.91
nielsen_scanner,2025-05,2025-Q2,Vaccines,BioShield Vax,BIOSHIELD VAX SMALL,Retail,Region,Midwest,5468,109367.91,0.91
nielsen_scanner,2025-05,2025-Q2,Dermatology,DermaCalm,DERMACALM LARGE,Retail,Region,Midwest,3678,213317.15,0.91
nielsen_scanner,2025-05,2025-Q2,Dermatology,DermaCalm,DERMACALM SMALL,Retail,Region,Midwest,5179,300377.57,0.91
nielsen_scanner,2025-05,2025-Q2,Petcare Diagnostics,DiagnosTech Vet,DIAGNOSTECH VET LARGE,Retail,Region,Midwest,3359,57104.82,0.91
nielsen_scanner,2025-05,2025-Q2,Petcare Diagnostics,DiagnosTech Vet,DIAGNOSTECH VET SMALL,Retail,Region,Midwest,4610,78377.71,0.91
nielsen_scanner,2025-05,2025-Q2,Parasiticides,FleaStop Pro,FLEASTOP PRO LARGE,Retail,Region,Midwest,24854,521926.65,0.91
nielsen_scanner,2025-05,2025-Q2,Parasiticides,FleaStop Pro,FLEASTOP PRO SMALL,Retail,Region,Midwest,34632,727269.73,0.91
nielsen_scanner,2025-05,2025-Q2,Pain/Osteoarthritis,FlexiCare Joint,FLEXICARE JOINT LARGE,Retail,Region,Midwest,1808,79549.37,0.91
nielsen_scanner,2025-05,2025-Q2,Pain/Osteoarthritis,FlexiCare Joint,FLEXICARE JOINT SMALL,Retail,Region,Midwest,2532,111425.51,0.91
nielsen_scanner,2025-05,2025-Q2,Vaccines,ImmunoCore Canine,IMMUNOCORE CANINE LARGE,Retail,Region,Midwest,4240,89041.44,0.91
nielsen_scanner,2025-05,2025-Q2,Vaccines,ImmunoCore Canine,IMMUNOCORE CANINE SMALL,Retail,Region,Midwest,5499,115474.66,0.91
nielsen_scanner,2025-05,2025-Q2,Pain/Osteoarthritis,Librela,LIBRELA LARGE,Retail,Region,Midwest,1441,69189.0,0.91
nielsen_scanner,2025-05,2025-Q2,Pain/Osteoarthritis,Librela,LIBRELA SMALL,Retail,Region,Midwest,1942,93225.49,0.91
nielsen_scanner,2025-05,2025-Q2,Pain/Osteoarthritis,OsteoEase Vet,OSTEOEASE VET LARGE,Retail,Region,Midwest,1808,74148.49,0.91
nielsen_scanner,2025-05,2025-Q2,Pain/Osteoarthritis,OsteoEase Vet,OSTEOEASE VET SMALL,Retail,Region,Midwest,2290,93887.44,0.91
nielsen_scanner,2025-05,2025-Q2,Pain/Osteoarthritis,PainAway Canine,PAINAWAY CANINE LARGE,Retail,Region,Midwest,1502,55556.45,0.91
nielsen_scanner,2025-05,2025-Q2,Pain/Osteoarthritis,PainAway Canine,PAINAWAY CANINE SMALL,Retail,Region,Midwest,1997,73902.59,0.91
nielsen_scanner,2025-05,2025-Q2,Petcare Diagnostics,PetLab Analyzer,PETLAB ANALYZER LARGE,Retail,Region,Midwest,1950,29254.06,0.91
nielsen_scanner,2025-05,2025-Q2,Petcare Diagnostics,PetLab Analyzer,PETLAB ANALYZER SMALL,Retail,Region,Midwest,2521,37816.87,0.91
nielsen_scanner,2025-05,2025-Q2,Petcare Diagnostics,RapidVet Dx,RAPIDVET DX LARGE,Retail,Region,Midwest,3318,53092.19,0.91
nielsen_scanner,2025-05,2025-Q2,Petcare Diagnostics,RapidVet Dx,RAPIDVET DX SMALL,Retail,Region,Midwest,4441,71061.4,0.91
nielsen_scanner,2025-05,2025-Q2,Parasiticides,Simparica Trio,SIMPARICA TRIO LARGE,Retail,Region,Midwest,42704,1195718.12,0.91
nielsen_scanner,2025-05,2025-Q2,Parasiticides,Simparica Trio,SIMPARICA TRIO SMALL,Retail,Region,Midwest,62522,1750611.06,0.91
nielsen_scanner,2025-05,2025-Q2,Dermatology,SkinRelief Pro,SKINRELIEF PRO LARGE,Retail,Region,Midwest,2787,136574.95,0.91
nielsen_scanner,2025-05,2025-Q2,Dermatology,SkinRelief Pro,SKINRELIEF PRO SMALL,Retail,Region,Midwest,3802,186286.06,0.91
nielsen_scanner,2025-05,2025-Q2,Parasiticides,TickShield Plus,TICKSHIELD PLUS LARGE,Retail,Region,Midwest,29094,698263.97,0.91
nielsen_scanner,2025-05,2025-Q2,Parasiticides,TickShield Plus,TICKSHIELD PLUS SMALL,Retail,Region,Midwest,39058,937387.94,0.91
nielsen_scanner,2025-05,2025-Q2,Vaccines,Vanguard,VANGUARD LARGE,Retail,Region,Midwest,3084,67849.12,0.91
nielsen_scanner,2025-05,2025-Q2,Vaccines,Vanguard,VANGUARD SMALL,Retail,Region,Midwest,4319,95022.9,0.91
nielsen_scanner,2025-05,2025-Q2,Parasiticides,VectraGuard,VECTRAGUARD LARGE,Retail,Region,Midwest,6514,169374.14,0.91
nielsen_scanner,2025-05,2025-Q2,Parasiticides,VectraGuard,VECTRAGUARD SMALL,Retail,Region,Midwest,9260,240763.84,0.91
nielsen_scanner,2025-05,2025-Q2,Vaccines,VetGuard Immunize,VETGUARD IMMUNIZE LARGE,Retail,Region,Midwest,3141,59670.6,0.91
nielsen_scanner,2025-05,2025-Q2,Vaccines,VetGuard Immunize,VETGUARD IMMUNIZE SMALL,Retail,Region,Midwest,4391,83420.04,0.91
nielsen_scanner,2025-05,2025-Q2,Vaccines,VetSelect Core Vax,VETSELECT CORE VAX LARGE,Retail,Region,Midwest,11517,161242.85,0.91
nielsen_scanner,2025-05,2025-Q2,Vaccines,VetSelect Core Vax,VETSELECT CORE VAX SMALL,Retail,Region,Midwest,15901,222611.62,0.91
nielsen_scanner,2025-05,2025-Q2,Dermatology,VetSelect Derma,VETSELECT DERMA LARGE,Retail,Region,Midwest,6718,255274.8,0.91
nielsen_scanner,2025-05,2025-Q2,Dermatology,VetSelect Derma,VETSELECT DERMA SMALL,Retail,Region,Midwest,9313,353899.43,0.91
nielsen_scanner,2025-05,2025-Q2,Petcare Diagnostics,VetSelect Dx,VETSELECT DX LARGE,Retail,Region,Midwest,7218,86611.58,0.91
nielsen_scanner,2025-05,2025-Q2,Petcare Diagnostics,VetSelect Dx,VETSELECT DX SMALL,Retail,Region,Midwest,10413,124959.43,0.91
nielsen_scanner,2025-05,2025-Q2,Parasiticides,VetSelect Flea & Tick,VETSELECT FLEA & TICK LARGE,Retail,Region,Midwest,60281,1024769.68,0.91
nielsen_scanner,2025-05,2025-Q2,Parasiticides,VetSelect Flea & Tick,VETSELECT FLEA & TICK SMALL,Retail,Region,Midwest,79645,1353969.01,0.91
nielsen_scanner,2025-05,2025-Q2,Pain/Osteoarthritis,VetSelect Joint,VETSELECT JOINT LARGE,Retail,Region,Midwest,4712,136661.96,0.91
nielsen_scanner,2025-05,2025-Q2,Pain/Osteoarthritis,VetSelect Joint,VETSELECT JOINT SMALL,Retail,Region,Midwest,6940,201259.12,0.91
nielsen_scanner,2025-05,2025-Q2,Petcare Diagnostics,Vetscan,VETSCAN LARGE,Retail,Region,Midwest,1712,30817.85,0.91
nielsen_scanner,2025-05,2025-Q2,Petcare Diagnostics,Vetscan,VETSCAN SMALL,Retail,Region,Midwest,2492,44853.87,0.91
nielsen_scanner,2025-05,2025-Q2,Dermatology,AllerVet RX,ALLERVET RX LARGE,Retail,Region,Northeast,3673,198325.02,0.91
nielsen_scanner,2025-05,2025-Q2,Dermatology,AllerVet RX,ALLERVET RX SMALL,Retail,Region,Northeast,4844,261555.44,0.91
nielsen_scanner,2025-05,2025-Q2,Dermatology,Apoquel,APOQUEL LARGE,Retail,Region,Northeast,4206,273397.91,0.91
nielsen_scanner,2025-05,2025-Q2,Dermatology,Apoquel,APOQUEL SMALL,Retail,Region,Northeast,5774,375294.03,0.91
nielsen_scanner,2025-05,2025-Q2,Vaccines,BioShield Vax,BIOSHIELD VAX LARGE,Retail,Region,Northeast,3824,76471.3,0.91
nielsen_scanner,2025-05,2025-Q2,Vaccines,BioShield Vax,BIOSHIELD VAX SMALL,Retail,Region,Northeast,5402,108030.75,0.91
nielsen_scanner,2025-05,2025-Q2,Dermatology,DermaCalm,DERMACALM LARGE,Retail,Region,Northeast,3764,218313.14,0.91
nielsen_scanner,2025-05,2025-Q2,Dermatology,DermaCalm,DERMACALM SMALL,Retail,Region,Northeast,5754,333707.3,0.91
nielsen_scanner,2025-05,2025-Q2,Petcare Diagnostics,DiagnosTech Vet,DIAGNOSTECH VET LARGE,Retail,Region,Northeast,3747,63700.08,0.91
nielsen_scanner,2025-05,2025-Q2,Petcare Diagnostics,DiagnosTech Vet,DIAGNOSTECH VET SMALL,Retail,Region,Northeast,5326,90540.78,0.91
nielsen_scanner,2025-05,2025-Q2,Parasiticides,FleaStop Pro,FLEASTOP PRO LARGE,Retail,Region,Northeast,24885,522594.84,0.91
nielsen_scanner,2025-05,2025-Q2,Parasiticides,FleaStop Pro,FLEASTOP PRO SMALL,Retail,Region,Northeast,36725,771225.17,0.91
nielsen_scanner,2025-05,2025-Q2,Pain/Osteoarthritis,FlexiCare Joint,FLEXICARE JOINT LARGE,Retail,Region,Northeast,2014,88600.28,0.91
nielsen_scanner,2025-05,2025-Q2,Pain/Osteoarthritis,FlexiCare Joint,FLEXICARE JOINT SMALL,Retail,Region,Northeast,2872,126349.67,0.91
nielsen_scanner,2025-05,2025-Q2,Vaccines,ImmunoCore Canine,IMMUNOCORE CANINE LARGE,Retail,Region,Northeast,4329,90906.96,0.91
nielsen_scanner,2025-05,2025-Q2,Vaccines,ImmunoCore Canine,IMMUNOCORE CANINE SMALL,Retail,Region,Northeast,5812,122045.35,0.91
nielsen_scanner,2025-05,2025-Q2,Pain/Osteoarthritis,Librela,LIBRELA LARGE,Retail,Region,Northeast,1451,69653.02,0.91
nielsen_scanner,2025-05,2025-Q2,Pain/Osteoarthritis,Librela,LIBRELA SMALL,Retail,Region,Northeast,1967,94438.63,0.91
nielsen_scanner,2025-05,2025-Q2,Pain/Osteoarthritis,OsteoEase Vet,OSTEOEASE VET LARGE,Retail,Region,Northeast,1885,77295.4,0.91
nielsen_scanner,2025-05,2025-Q2,Pain/Osteoarthritis,OsteoEase Vet,OSTEOEASE VET SMALL,Retail,Region,Northeast,2765,113375.99,0.91
nielsen_scanner,2025-05,2025-Q2,Pain/Osteoarthritis,PainAway Canine,PAINAWAY CANINE LARGE,Retail,Region,Northeast,1680,62151.03,0.91
nielsen_scanner,2025-05,2025-Q2,Pain/Osteoarthritis,PainAway Canine,PAINAWAY CANINE SMALL,Retail,Region,Northeast,2321,85889.02,0.91
nielsen_scanner,2025-05,2025-Q2,Petcare Diagnostics,PetLab Analyzer,PETLAB ANALYZER LARGE,Retail,Region,Northeast,2077,31150.73,0.91
nielsen_scanner,2025-05,2025-Q2,Petcare Diagnostics,PetLab Analyzer,PETLAB ANALYZER SMALL,Retail,Region,Northeast,2911,43661.32,0.91
nielsen_scanner,2025-05,2025-Q2,Petcare Diagnostics,RapidVet Dx,RAPIDVET DX LARGE,Retail,Region,Northeast,3090,49433.26,0.91
nielsen_scanner,2025-05,2025-Q2,Petcare Diagnostics,RapidVet Dx,RAPIDVET DX SMALL,Retail,Region,Northeast,4471,71540.07,0.91
nielsen_scanner,2025-05,2025-Q2,Parasiticides,Simparica Trio,SIMPARICA TRIO LARGE,Retail,Region,Northeast,45806,1282558.51,0.91
nielsen_scanner,2025-05,2025-Q2,Parasiticides,Simparica Trio,SIMPARICA TRIO SMALL,Retail,Region,Northeast,63576,1780133.3,0.91
nielsen_scanner,2025-05,2025-Q2,Dermatology,SkinRelief Pro,SKINRELIEF PRO LARGE,Retail,Region,Northeast,3080,150914.32,0.91
nielsen_scanner,2025-05,2025-Q2,Dermatology,SkinRelief Pro,SKINRELIEF PRO SMALL,Retail,Region,Northeast,4306,210987.06,0.91
nielsen_scanner,2025-05,2025-Q2,Parasiticides,TickShield Plus,TICKSHIELD PLUS LARGE,Retail,Region,Northeast,29602,710438.6,0.91
nielsen_scanner,2025-05,2025-Q2,Parasiticides,TickShield Plus,TICKSHIELD PLUS SMALL,Retail,Region,Northeast,38986,935675.76,0.91
nielsen_scanner,2025-05,2025-Q2,Vaccines,Vanguard,VANGUARD LARGE,Retail,Region,Northeast,3111,68445.98,0.91
nielsen_scanner,2025-05,2025-Q2,Vaccines,Vanguard,VANGUARD SMALL,Retail,Region,Northeast,4371,96160.27,0.91
nielsen_scanner,2025-05,2025-Q2,Parasiticides,VectraGuard,VECTRAGUARD LARGE,Retail,Region,Northeast,36630,952370.01,0.91
nielsen_scanner,2025-05,2025-Q2,Parasiticides,VectraGuard,VECTRAGUARD SMALL,Retail,Region,Northeast,50182,1304723.34,0.91
nielsen_scanner,2025-05,2025-Q2,Vaccines,VetGuard Immunize,VETGUARD IMMUNIZE LARGE,Retail,Region,Northeast,3379,64202.65,0.91
nielsen_scanner,2025-05,2025-Q2,Vaccines,VetGuard Immunize,VETGUARD IMMUNIZE SMALL,Retail,Region,Northeast,4691,89121.03,0.91
nielsen_scanner,2025-05,2025-Q2,Vaccines,VetSelect Core Vax,VETSELECT CORE VAX LARGE,Retail,Region,Northeast,11793,165098.85,0.91
nielsen_scanner,2025-05,2025-Q2,Vaccines,VetSelect Core Vax,VETSELECT CORE VAX SMALL,Retail,Region,Northeast,16611,232558.96,0.91
nielsen_scanner,2025-05,2025-Q2,Dermatology,VetSelect Derma,VETSELECT DERMA LARGE,Retail,Region,Northeast,6952,264179.08,0.91
nielsen_scanner,2025-05,2025-Q2,Dermatology,VetSelect Derma,VETSELECT DERMA SMALL,Retail,Region,Northeast,9778,371554.23,0.91
nielsen_scanner,2025-05,2025-Q2,Petcare Diagnostics,VetSelect Dx,VETSELECT DX LARGE,Retail,Region,Northeast,8073,96873.97,0.91
nielsen_scanner,2025-05,2025-Q2,Petcare Diagnostics,VetSelect Dx,VETSELECT DX SMALL,Retail,Region,Northeast,11200,134405.1,0.91
nielsen_scanner,2025-05,2025-Q2,Parasiticides,VetSelect Flea & Tick,VETSELECT FLEA & TICK LARGE,Retail,Region,Northeast,60527,1028956.76,0.91
nielsen_scanner,2025-05,2025-Q2,Parasiticides,VetSelect Flea & Tick,VETSELECT FLEA & TICK SMALL,Retail,Region,Northeast,88429,1503289.52,0.91
nielsen_scanner,2025-05,2025-Q2,Pain/Osteoarthritis,VetSelect Joint,VETSELECT JOINT LARGE,Retail,Region,Northeast,5523,160170.09,0.91
nielsen_scanner,2025-05,2025-Q2,Pain/Osteoarthritis,VetSelect Joint,VETSELECT JOINT SMALL,Retail,Region,Northeast,7825,226927.46,0.91
nielsen_scanner,2025-05,2025-Q2,Petcare Diagnostics,Vetscan,VETSCAN LARGE,Retail,Region,Northeast,1897,34140.98,0.91
nielsen_scanner,2025-05,2025-Q2,Petcare Diagnostics,Vetscan,VETSCAN SMALL,Retail,Region,Northeast,2727,49094.18,0.91
nielsen_scanner,2025-05,2025-Q2,Dermatology,AllerVet RX,ALLERVET RX LARGE,Retail,Region,South,5040,272165.47,0.91
nielsen_scanner,2025-05,2025-Q2,Dermatology,AllerVet RX,ALLERVET RX SMALL,Retail,Region,South,7849,423855.88,0.91
nielsen_scanner,2025-05,2025-Q2,Dermatology,Apoquel,APOQUEL LARGE,Retail,Region,South,7140,464102.41,0.91
nielsen_scanner,2025-05,2025-Q2,Dermatology,Apoquel,APOQUEL SMALL,Retail,Region,South,9706,630879.35,0.91
nielsen_scanner,2025-05,2025-Q2,Vaccines,BioShield Vax,BIOSHIELD VAX LARGE,Retail,Region,South,5730,114599.4,0.91
nielsen_scanner,2025-05,2025-Q2,Vaccines,BioShield Vax,BIOSHIELD VAX SMALL,Retail,Region,South,7986,159729.21,0.91
nielsen_scanner,2025-05,2025-Q2,Dermatology,DermaCalm,DERMACALM LARGE,Retail,Region,South,5688,329897.27,0.91
nielsen_scanner,2025-05,2025-Q2,Dermatology,DermaCalm,DERMACALM SMALL,Retail,Region,South,8370,485482.5,0.91
nielsen_scanner,2025-05,2025-Q2,Petcare Diagnostics,DiagnosTech Vet,DIAGNOSTECH VET LARGE,Retail,Region,South,5424,92199.96,0.91
nielsen_scanner,2025-05,2025-Q2,Petcare Diagnostics,DiagnosTech Vet,DIAGNOSTECH VET SMALL,Retail,Region,South,7339,124763.75,0.91
nielsen_scanner,2025-05,2025-Q2,Parasiticides,FleaStop Pro,FLEASTOP PRO LARGE,Retail,Region,South,41975,881473.08,0.91
nielsen_scanner,2025-05,2025-Q2,Parasiticides,FleaStop Pro,FLEASTOP PRO SMALL,Retail,Region,South,59228,1243785.18,0.91
nielsen_scanner,2025-05,2025-Q2,Pain/Osteoarthritis,FlexiCare Joint,FLEXICARE JOINT LARGE,Retail,Region,South,3191,140393.69,0.91
nielsen_scanner,2025-05,2025-Q2,Pain/Osteoarthritis,FlexiCare Joint,FLEXICARE JOINT SMALL,Retail,Region,South,4305,189406.61,0.91
nielsen_scanner,2025-05,2025-Q2,Vaccines,ImmunoCore Canine,IMMUNOCORE CANINE LARGE,Retail,Region,South,6947,145880.62,0.91
nielsen_scanner,2025-05,2025-Q2,Vaccines,ImmunoCore Canine,IMMUNOCORE CANINE SMALL,Retail,Region,South,9755,204864.16,0.91
nielsen_scanner,2025-05,2025-Q2,Pain/Osteoarthritis,Librela,LIBRELA LARGE,Retail,Region,South,2233,107184.62,0.91
nielsen_scanner,2025-05,2025-Q2,Pain/Osteoarthritis,Librela,LIBRELA SMALL,Retail,Region,South,2902,139318.32,0.91
nielsen_scanner,2025-05,2025-Q2,Pain/Osteoarthritis,OsteoEase Vet,OSTEOEASE VET LARGE,Retail,Region,South,2915,119522.38,0.91
nielsen_scanner,2025-05,2025-Q2,Pain/Osteoarthritis,OsteoEase Vet,OSTEOEASE VET SMALL,Retail,Region,South,4085,167482.51,0.91
nielsen_scanner,2025-05,2025-Q2,Pain/Osteoarthritis,PainAway Canine,PAINAWAY CANINE LARGE,Retail,Region,South,2569,95067.32,0.91
nielsen_scanner,2025-05,2025-Q2,Pain/Osteoarthritis,PainAway Canine,PAINAWAY CANINE SMALL,Retail,Region,South,3452,127712.46,0.91
nielsen_scanner,2025-05,2025-Q2,Petcare Diagnostics,PetLab Analyzer,PETLAB ANALYZER LARGE,Retail,Region,South,3159,47377.7,0.91
nielsen_scanner,2025-05,2025-Q2,Petcare Diagnostics,PetLab Analyzer,PETLAB ANALYZER SMALL,Retail,Region,South,4412,66175.35,0.91
nielsen_scanner,2025-05,2025-Q2,Petcare Diagnostics,RapidVet Dx,RAPIDVET DX LARGE,Retail,Region,South,5151,82417.48,0.91
nielsen_scanner,2025-05,2025-Q2,Petcare Diagnostics,RapidVet Dx,RAPIDVET DX SMALL,Retail,Region,South,6924,110778.13,0.91
nielsen_scanner,2025-05,2025-Q2,Parasiticides,Simparica Trio,SIMPARICA TRIO LARGE,Retail,Region,South,67555,1891530.2,0.91
nielsen_scanner,2025-05,2025-Q2,Parasiticides,Simparica Trio,SIMPARICA TRIO SMALL,Retail,Region,South,97855,2739933.96,0.91
nielsen_scanner,2025-05,2025-Q2,Dermatology,SkinRelief Pro,SKINRELIEF PRO LARGE,Retail,Region,South,4962,243146.25,0.91
nielsen_scanner,2025-05,2025-Q2,Dermatology,SkinRelief Pro,SKINRELIEF PRO SMALL,Retail,Region,South,6718,329163.58,0.91
nielsen_scanner,2025-05,2025-Q2,Parasiticides,TickShield Plus,TICKSHIELD PLUS LARGE,Retail,Region,South,48297,1159132.69,0.91
nielsen_scanner,2025-05,2025-Q2,Parasiticides,TickShield Plus,TICKSHIELD PLUS SMALL,Retail,Region,South,65443,1570634.62,0.91
nielsen_scanner,2025-05,2025-Q2,Vaccines,Vanguard,VANGUARD LARGE,Retail,Region,South,4930,108452.19,0.91
nielsen_scanner,2025-05,2025-Q2,Vaccines,Vanguard,VANGUARD SMALL,Retail,Region,South,6855,150805.76,0.91
nielsen_scanner,2025-05,2025-Q2,Parasiticides,VectraGuard,VECTRAGUARD LARGE,Retail,Region,South,62229,1617948.32,0.91
nielsen_scanner,2025-05,2025-Q2,Parasiticides,VectraGuard,VECTRAGUARD SMALL,Retail,Region,South,81459,2117933.39,0.91
nielsen_scanner,2025-05,2025-Q2,Vaccines,VetGuard Immunize,VETGUARD IMMUNIZE LARGE,Retail,Region,South,5358,101803.08,0.91
nielsen_scanner,2025-05,2025-Q2,Vaccines,VetGuard Immunize,VETGUARD IMMUNIZE SMALL,Retail,Region,South,7425,141065.91,0.91
nielsen_scanner,2025-05,2025-Q2,Vaccines,VetSelect Core Vax,VETSELECT CORE VAX LARGE,Retail,Region,South,19647,275054.78,0.91
nielsen_scanner,2025-05,2025-Q2,Vaccines,VetSelect Core Vax,VETSELECT CORE VAX SMALL,Retail,Region,South,26960,377435.7,0.91
nielsen_scanner,2025-05,2025-Q2,Dermatology,VetSelect Derma,VETSELECT DERMA LARGE,Retail,Region,South,11585,440240.46,0.91
nielsen_scanner,2025-05,2025-Q2,Dermatology,VetSelect Derma,VETSELECT DERMA SMALL,Retail,Region,South,15468,587782.48,0.91
nielsen_scanner,2025-05,2025-Q2,Petcare Diagnostics,VetSelect Dx,VETSELECT DX LARGE,Retail,Region,South,11832,141978.55,0.91
nielsen_scanner,2025-05,2025-Q2,Petcare Diagnostics,VetSelect Dx,VETSELECT DX SMALL,Retail,Region,South,17208,206495.67,0.91
nielsen_scanner,2025-05,2025-Q2,Parasiticides,VetSelect Flea & Tick,VETSELECT FLEA & TICK LARGE,Retail,Region,South,93487,1589276.71,0.91
nielsen_scanner,2025-05,2025-Q2,Parasiticides,VetSelect Flea & Tick,VETSELECT FLEA & TICK SMALL,Retail,Region,South,130690,2221722.16,0.91
nielsen_scanner,2025-05,2025-Q2,Pain/Osteoarthritis,VetSelect Joint,VETSELECT JOINT LARGE,Retail,Region,South,8784,254731.47,0.91
nielsen_scanner,2025-05,2025-Q2,Pain/Osteoarthritis,VetSelect Joint,VETSELECT JOINT SMALL,Retail,Region,South,11921,345716.27,0.91
nielsen_scanner,2025-05,2025-Q2,Petcare Diagnostics,Vetscan,VETSCAN LARGE,Retail,Region,South,2945,53008.96,0.91
nielsen_scanner,2025-05,2025-Q2,Petcare Diagnostics,Vetscan,VETSCAN SMALL,Retail,Region,South,4120,74161.52,0.91
nielsen_scanner,2025-05,2025-Q2,Dermatology,AllerVet RX,ALLERVET RX LARGE,Retail,Region,West,3724,201084.47,0.91
nielsen_scanner,2025-05,2025-Q2,Dermatology,AllerVet RX,ALLERVET RX SMALL,Retail,Region,West,4980,268942.9,0.91
nielsen_scanner,2025-05,2025-Q2,Dermatology,Apoquel,APOQUEL LARGE,Retail,Region,West,4751,308803.31,0.91
nielsen_scanner,2025-05,2025-Q2,Dermatology,Apoquel,APOQUEL SMALL,Retail,Region,West,6697,435315.98,0.91
nielsen_scanner,2025-05,2025-Q2,Vaccines,BioShield Vax,BIOSHIELD VAX LARGE,Retail,Region,West,3842,76835.76,0.91
nielsen_scanner,2025-05,2025-Q2,Vaccines,BioShield Vax,BIOSHIELD VAX SMALL,Retail,Region,West,5105,102108.75,0.91
nielsen_scanner,2025-05,2025-Q2,Dermatology,DermaCalm,DERMACALM LARGE,Retail,Region,West,3950,229108.06,0.91
nielsen_scanner,2025-05,2025-Q2,Dermatology,DermaCalm,DERMACALM SMALL,Retail,Region,West,5313,308146.77,0.91
nielsen_scanner,2025-05,2025-Q2,Petcare Diagnostics,DiagnosTech Vet,DIAGNOSTECH VET LARGE,Retail,Region,West,3818,64906.96,0.91
nielsen_scanner,2025-05,2025-Q2,Petcare Diagnostics,DiagnosTech Vet,DIAGNOSTECH VET SMALL,Retail,Region,West,5143,87428.46,0.91
nielsen_scanner,2025-05,2025-Q2,Parasiticides,FleaStop Pro,FLEASTOP PRO LARGE,Retail,Region,West,27579,579150.09,0.91
nielsen_scanner,2025-05,2025-Q2,Parasiticides,FleaStop Pro,FLEASTOP PRO SMALL,Retail,Region,West,37747,792685.47,0.91
nielsen_scanner,2025-05,2025-Q2,Pain/Osteoarthritis,FlexiCare Joint,FLEXICARE JOINT LARGE,Retail,Region,West,2058,90551.36,0.91
nielsen_scanner,2025-05,2025-Q2,Pain/Osteoarthritis,FlexiCare Joint,FLEXICARE JOINT SMALL,Retail,Region,West,2849,125364.1,0.91
nielsen_scanner,2025-05,2025-Q2,Vaccines,ImmunoCore Canine,IMMUNOCORE CANINE LARGE,Retail,Region,West,4967,104316.72,0.91
nielsen_scanner,2025-05,2025-Q2,Vaccines,ImmunoCore Canine,IMMUNOCORE CANINE SMALL,Retail,Region,West,7023,147475.09,0.91
nielsen_scanner,2025-05,2025-Q2,Pain/Osteoarthritis,Librela,LIBRELA LARGE,Retail,Region,West,1585,76068.33,0.91
nielsen_scanner,2025-05,2025-Q2,Pain/Osteoarthritis,Librela,LIBRELA SMALL,Retail,Region,West,2185,104863.81,0.91
nielsen_scanner,2025-05,2025-Q2,Pain/Osteoarthritis,OsteoEase Vet,OSTEOEASE VET LARGE,Retail,Region,West,2067,84767.37,0.91
nielsen_scanner,2025-05,2025-Q2,Pain/Osteoarthritis,OsteoEase Vet,OSTEOEASE VET SMALL,Retail,Region,West,2541,104169.69,0.91
nielsen_scanner,2025-05,2025-Q2,Pain/Osteoarthritis,PainAway Canine,PAINAWAY CANINE LARGE,Retail,Region,West,1619,59908.76,0.91
nielsen_scanner,2025-05,2025-Q2,Pain/Osteoarthritis,PainAway Canine,PAINAWAY CANINE SMALL,Retail,Region,West,2434,90070.97,0.91
nielsen_scanner,2025-05,2025-Q2,Petcare Diagnostics,PetLab Analyzer,PETLAB ANALYZER LARGE,Retail,Region,West,2194,32911.05,0.91
nielsen_scanner,2025-05,2025-Q2,Petcare Diagnostics,PetLab Analyzer,PETLAB ANALYZER SMALL,Retail,Region,West,3146,47186.14,0.91
nielsen_scanner,2025-05,2025-Q2,Petcare Diagnostics,RapidVet Dx,RAPIDVET DX LARGE,Retail,Region,West,3705,59282.71,0.91
nielsen_scanner,2025-05,2025-Q2,Petcare Diagnostics,RapidVet Dx,RAPIDVET DX SMALL,Retail,Region,West,4779,76468.63,0.91
nielsen_scanner,2025-05,2025-Q2,Parasiticides,Simparica Trio,SIMPARICA TRIO LARGE,Retail,Region,West,50019,1400532.3,0.91
nielsen_scanner,2025-05,2025-Q2,Parasiticides,Simparica Trio,SIMPARICA TRIO SMALL,Retail,Region,West,67928,1901983.06,0.91
nielsen_scanner,2025-05,2025-Q2,Dermatology,SkinRelief Pro,SKINRELIEF PRO LARGE,Retail,Region,West,3155,154574.79,0.91
nielsen_scanner,2025-05,2025-Q2,Dermatology,SkinRelief Pro,SKINRELIEF PRO SMALL,Retail,Region,West,4605,225630.53,0.91
nielsen_scanner,2025-05,2025-Q2,Parasiticides,TickShield Plus,TICKSHIELD PLUS LARGE,Retail,Region,West,32701,784834.55,0.91
nielsen_scanner,2025-05,2025-Q2,Parasiticides,TickShield Plus,TICKSHIELD PLUS SMALL,Retail,Region,West,45138,1083309.79,0.91
nielsen_scanner,2025-05,2025-Q2,Vaccines,Vanguard,VANGUARD LARGE,Retail,Region,West,3428,75419.69,0.91
nielsen_scanner,2025-05,2025-Q2,Vaccines,Vanguard,VANGUARD SMALL,Retail,Region,West,4615,101525.19,0.91
nielsen_scanner,2025-05,2025-Q2,Parasiticides,VectraGuard,VECTRAGUARD LARGE,Retail,Region,West,38482,1000541.6,0.91
nielsen_scanner,2025-05,2025-Q2,Parasiticides,VectraGuard,VECTRAGUARD SMALL,Retail,Region,West,54490,1416745.21,0.91
nielsen_scanner,2025-05,2025-Q2,Vaccines,VetGuard Immunize,VETGUARD IMMUNIZE LARGE,Retail,Region,West,3599,68377.78,0.91
nielsen_scanner,2025-05,2025-Q2,Vaccines,VetGuard Immunize,VETGUARD IMMUNIZE SMALL,Retail,Region,West,4828,91735.08,0.91
nielsen_scanner,2025-05,2025-Q2,Vaccines,VetSelect Core Vax,VETSELECT CORE VAX LARGE,Retail,Region,West,13340,186759.86,0.91
nielsen_scanner,2025-05,2025-Q2,Vaccines,VetSelect Core Vax,VETSELECT CORE VAX SMALL,Retail,Region,West,18394,257521.8,0.91
nielsen_scanner,2025-05,2025-Q2,Dermatology,VetSelect Derma,VETSELECT DERMA LARGE,Retail,Region,West,7292,277105.23,0.91
nielsen_scanner,2025-05,2025-Q2,Dermatology,VetSelect Derma,VETSELECT DERMA SMALL,Retail,Region,West,10044,381671.13,0.91
nielsen_scanner,2025-05,2025-Q2,Petcare Diagnostics,VetSelect Dx,VETSELECT DX LARGE,Retail,Region,West,8538,102450.29,0.91
nielsen_scanner,2025-05,2025-Q2,Petcare Diagnostics,VetSelect Dx,VETSELECT DX SMALL,Retail,Region,West,11389,136672.37,0.91
nielsen_scanner,2025-05,2025-Q2,Parasiticides,VetSelect Flea & Tick,VETSELECT FLEA & TICK LARGE,Retail,Region,West,66436,1129417.33,0.91
nielsen_scanner,2025-05,2025-Q2,Parasiticides,VetSelect Flea & Tick,VETSELECT FLEA & TICK SMALL,Retail,Region,West,94759,1610908.49,0.91
nielsen_scanner,2025-05,2025-Q2,Pain/Osteoarthritis,VetSelect Joint,VETSELECT JOINT LARGE,Retail,Region,West,5543,160755.01,0.91
nielsen_scanner,2025-05,2025-Q2,Pain/Osteoarthritis,VetSelect Joint,VETSELECT JOINT SMALL,Retail,Region,West,7349,213126.23,0.91
nielsen_scanner,2025-05,2025-Q2,Petcare Diagnostics,Vetscan,VETSCAN LARGE,Retail,Region,West,1976,35567.16,0.91
nielsen_scanner,2025-05,2025-Q2,Petcare Diagnostics,Vetscan,VETSCAN SMALL,Retail,Region,West,2683,48300.81,0.91
nielsen_scanner,2025-06,2025-Q2,Dermatology,AllerVet RX,ALLERVET RX LARGE,Retail,National,National,16735,903639.28,0.91
nielsen_scanner,2025-06,2025-Q2,Dermatology,AllerVet RX,ALLERVET RX SMALL,Retail,National,National,22934,1238398.72,0.91
nielsen_scanner,2025-06,2025-Q2,Dermatology,Apoquel,APOQUEL LARGE,Retail,National,National,21470,1395531.87,0.91
nielsen_scanner,2025-06,2025-Q2,Dermatology,Apoquel,APOQUEL SMALL,Retail,National,National,28732,1867614.66,0.91
nielsen_scanner,2025-06,2025-Q2,Vaccines,BioShield Vax,BIOSHIELD VAX LARGE,Retail,National,National,17128,342556.83,0.91
nielsen_scanner,2025-06,2025-Q2,Vaccines,BioShield Vax,BIOSHIELD VAX SMALL,Retail,National,National,24170,483407.55,0.91
nielsen_scanner,2025-06,2025-Q2,Dermatology,DermaCalm,DERMACALM LARGE,Retail,National,National,18225,1057067.03,0.91
nielsen_scanner,2025-06,2025-Q2,Dermatology,DermaCalm,DERMACALM SMALL,Retail,National,National,25031,1451783.07,0.91
nielsen_scanner,2025-06,2025-Q2,Petcare Diagnostics,DiagnosTech Vet,DIAGNOSTECH VET LARGE,Retail,National,National,14916,253558.01,0.91
nielsen_scanner,2025-06,2025-Q2,Petcare Diagnostics,DiagnosTech Vet,DIAGNOSTECH VET SMALL,Retail,National,National,20935,355898.17,0.91
nielsen_scanner,2025-06,2025-Q2,Parasiticides,FleaStop Pro,FLEASTOP PRO LARGE,Retail,National,National,130021,2730454.72,0.91
nielsen_scanner,2025-06,2025-Q2,Parasiticides,FleaStop Pro,FLEASTOP PRO SMALL,Retail,National,National,173034,3633693.64,0.91
nielsen_scanner,2025-06,2025-Q2,Pain/Osteoarthritis,FlexiCare Joint,FLEXICARE JOINT LARGE,Retail,National,National,8639,380146.59,0.91
nielsen_scanner,2025-06,2025-Q2,Pain/Osteoarthritis,FlexiCare Joint,FLEXICARE JOINT SMALL,Retail,National,National,12408,545970.77,0.91
nielsen_scanner,2025-06,2025-Q2,Vaccines,ImmunoCore Canine,IMMUNOCORE CANINE LARGE,Retail,National,National,21269,446626.03,0.91
nielsen_scanner,2025-06,2025-Q2,Vaccines,ImmunoCore Canine,IMMUNOCORE CANINE SMALL,Retail,National,National,27918,586278.07,0.91
nielsen_scanner,2025-06,2025-Q2,Pain/Osteoarthritis,Librela,LIBRELA LARGE,Retail,National,National,6238,299424.55,0.91
nielsen_scanner,2025-06,2025-Q2,Pain/Osteoarthritis,Librela,LIBRELA SMALL,Retail,National,National,8383,402370.34,0.91
nielsen_scanner,2025-06,2025-Q2,Pain/Osteoarthritis,OsteoEase Vet,OSTEOEASE VET LARGE,Retail,National,National,7815,320397.86,0.91
nielsen_scanner,2025-06,2025-Q2,Pain/Osteoarthritis,OsteoEase Vet,OSTEOEASE VET SMALL,Retail,National,National,10536,431992.6,0.91
nielsen_scanner,2025-06,2025-Q2,Pain/Osteoarthritis,PainAway Canine,PAINAWAY CANINE LARGE,Retail,National,National,7015,259552.31,0.91
nielsen_scanner,2025-06,2025-Q2,Pain/Osteoarthritis,PainAway Canine,PAINAWAY CANINE SMALL,Retail,National,National,9556,353568.88,0.91
nielsen_scanner,2025-06,2025-Q2,Petcare Diagnostics,PetLab Analyzer,PETLAB ANALYZER LARGE,Retail,National,National,9027,135415.48,0.91
nielsen_scanner,2025-06,2025-Q2,Petcare Diagnostics,PetLab Analyzer,PETLAB ANALYZER SMALL,Retail,National,National,12823,192346.34,0.91
nielsen_scanner,2025-06,2025-Q2,Petcare Diagnostics,RapidVet Dx,RAPIDVET DX LARGE,Retail,National,National,14327,229219.93,0.91
nielsen_scanner,2025-06,2025-Q2,Petcare Diagnostics,RapidVet Dx,RAPIDVET DX SMALL,Retail,National,National,19543,312663.84,0.91
nielsen_scanner,2025-06,2025-Q2,Parasiticides,Simparica Trio,SIMPARICA TRIO LARGE,Retail,National,National,221171,6192763.53,0.91
nielsen_scanner,2025-06,2025-Q2,Parasiticides,Simparica Trio,SIMPARICA TRIO SMALL,Retail,National,National,300927,8425973.05,0.91
nielsen_scanner,2025-06,2025-Q2,Dermatology,SkinRelief Pro,SKINRELIEF PRO LARGE,Retail,National,National,14692,719889.32,0.91
nielsen_scanner,2025-06,2025-Q2,Dermatology,SkinRelief Pro,SKINRELIEF PRO SMALL,Retail,National,National,19421,951633.95,0.91
nielsen_scanner,2025-06,2025-Q2,Parasiticides,TickShield Plus,TICKSHIELD PLUS LARGE,Retail,National,National,146931,3526357.24,0.91
nielsen_scanner,2025-06,2025-Q2,Parasiticides,TickShield Plus,TICKSHIELD PLUS SMALL,Retail,National,National,199751,4794006.46,0.91
nielsen_scanner,2025-06,2025-Q2,Vaccines,Vanguard,VANGUARD LARGE,Retail,National,National,13518,297405.8,0.91
nielsen_scanner,2025-06,2025-Q2,Vaccines,Vanguard,VANGUARD SMALL,Retail,National,National,18779,413149.11,0.91
nielsen_scanner,2025-06,2025-Q2,Parasiticides,VectraGuard,VECTRAGUARD LARGE,Retail,National,National,177123,4605203.97,0.91
nielsen_scanner,2025-06,2025-Q2,Parasiticides,VectraGuard,VECTRAGUARD SMALL,Retail,National,National,243382,6327933.3,0.91
nielsen_scanner,2025-06,2025-Q2,Vaccines,VetGuard Immunize,VETGUARD IMMUNIZE LARGE,Retail,National,National,14834,281851.45,0.91
nielsen_scanner,2025-06,2025-Q2,Vaccines,VetGuard Immunize,VETGUARD IMMUNIZE SMALL,Retail,National,National,20202,383848.1,0.91
nielsen_scanner,2025-06,2025-Q2,Vaccines,VetSelect Core Vax,VETSELECT CORE VAX LARGE,Retail,National,National,56123,785740.18,0.91
nielsen_scanner,2025-06,2025-Q2,Vaccines,VetSelect Core Vax,VETSELECT CORE VAX SMALL,Retail,National,National,73649,1031083.23,0.91
nielsen_scanner,2025-06,2025-Q2,Dermatology,VetSelect Derma,VETSELECT DERMA LARGE,Retail,National,National,36375,1382216.43,0.91
nielsen_scanner,2025-06,2025-Q2,Dermatology,VetSelect Derma,VETSELECT DERMA SMALL,Retail,National,National,48886,1857653.18,0.91
nielsen_scanner,2025-06,2025-Q2,Petcare Diagnostics,VetSelect Dx,VETSELECT DX LARGE,Retail,National,National,35314,423765.94,0.91
nielsen_scanner,2025-06,2025-Q2,Petcare Diagnostics,VetSelect Dx,VETSELECT DX SMALL,Retail,National,National,48374,580486.09,0.91
nielsen_scanner,2025-06,2025-Q2,Parasiticides,VetSelect Flea & Tick,VETSELECT FLEA & TICK LARGE,Retail,National,National,292999,4980986.77,0.91
nielsen_scanner,2025-06,2025-Q2,Parasiticides,VetSelect Flea & Tick,VETSELECT FLEA & TICK SMALL,Retail,National,National,400048,6800820.36,0.91
nielsen_scanner,2025-06,2025-Q2,Pain/Osteoarthritis,VetSelect Joint,VETSELECT JOINT LARGE,Retail,National,National,23071,669071.57,0.91
nielsen_scanner,2025-06,2025-Q2,Pain/Osteoarthritis,VetSelect Joint,VETSELECT JOINT SMALL,Retail,National,National,31793,922010.74,0.91
nielsen_scanner,2025-06,2025-Q2,Petcare Diagnostics,Vetscan,VETSCAN LARGE,Retail,National,National,7846,141225.46,0.91
nielsen_scanner,2025-06,2025-Q2,Petcare Diagnostics,Vetscan,VETSCAN SMALL,Retail,National,National,11148,200666.5,0.91
nielsen_scanner,2025-06,2025-Q2,Dermatology,AllerVet RX,ALLERVET RX LARGE,Retail,Region,Midwest,3583,193474.11,0.91
nielsen_scanner,2025-06,2025-Q2,Dermatology,AllerVet RX,ALLERVET RX SMALL,Retail,Region,Midwest,4681,252759.45,0.91
nielsen_scanner,2025-06,2025-Q2,Dermatology,Apoquel,APOQUEL LARGE,Retail,Region,Midwest,4340,282074.12,0.91
nielsen_scanner,2025-06,2025-Q2,Dermatology,Apoquel,APOQUEL SMALL,Retail,Region,Midwest,5896,383224.9,0.91
nielsen_scanner,2025-06,2025-Q2,Vaccines,BioShield Vax,BIOSHIELD VAX LARGE,Retail,Region,Midwest,3693,73852.33,0.91
nielsen_scanner,2025-06,2025-Q2,Vaccines,BioShield Vax,BIOSHIELD VAX SMALL,Retail,Region,Midwest,5399,107979.65,0.91
nielsen_scanner,2025-06,2025-Q2,Dermatology,DermaCalm,DERMACALM LARGE,Retail,Region,Midwest,4145,240402.21,0.91
nielsen_scanner,2025-06,2025-Q2,Dermatology,DermaCalm,DERMACALM SMALL,Retail,Region,Midwest,5596,324574.14,0.91
nielsen_scanner,2025-06,2025-Q2,Petcare Diagnostics,DiagnosTech Vet,DIAGNOSTECH VET LARGE,Retail,Region,Midwest,2968,50460.31,0.91
nielsen_scanner,2025-06,2025-Q2,Petcare Diagnostics,DiagnosTech Vet,DIAGNOSTECH VET SMALL,Retail,Region,Midwest,4075,69268.57,0.91
nielsen_scanner,2025-06,2025-Q2,Parasiticides,FleaStop Pro,FLEASTOP PRO LARGE,Retail,Region,Midwest,27233,571894.1,0.91
nielsen_scanner,2025-06,2025-Q2,Parasiticides,FleaStop Pro,FLEASTOP PRO SMALL,Retail,Region,Midwest,37026,777545.72,0.91
nielsen_scanner,2025-06,2025-Q2,Pain/Osteoarthritis,FlexiCare Joint,FLEXICARE JOINT LARGE,Retail,Region,Midwest,1815,79859.08,0.91
nielsen_scanner,2025-06,2025-Q2,Pain/Osteoarthritis,FlexiCare Joint,FLEXICARE JOINT SMALL,Retail,Region,Midwest,2611,114884.16,0.91
nielsen_scanner,2025-06,2025-Q2,Vaccines,ImmunoCore Canine,IMMUNOCORE CANINE LARGE,Retail,Region,Midwest,4240,89042.7,0.91
nielsen_scanner,2025-06,2025-Q2,Vaccines,ImmunoCore Canine,IMMUNOCORE CANINE SMALL,Retail,Region,Midwest,6155,129253.85,0.91
nielsen_scanner,2025-06,2025-Q2,Pain/Osteoarthritis,Librela,LIBRELA LARGE,Retail,Region,Midwest,1306,62696.84,0.91
nielsen_scanner,2025-06,2025-Q2,Pain/Osteoarthritis,Librela,LIBRELA SMALL,Retail,Region,Midwest,1767,84800.33,0.91
nielsen_scanner,2025-06,2025-Q2,Pain/Osteoarthritis,OsteoEase Vet,OSTEOEASE VET LARGE,Retail,Region,Midwest,1752,71845.27,0.91
nielsen_scanner,2025-06,2025-Q2,Pain/Osteoarthritis,OsteoEase Vet,OSTEOEASE VET SMALL,Retail,Region,Midwest,2278,93400.32,0.91
nielsen_scanner,2025-06,2025-Q2,Pain/Osteoarthritis,PainAway Canine,PAINAWAY CANINE LARGE,Retail,Region,Midwest,1459,53975.52,0.91
nielsen_scanner,2025-06,2025-Q2,Pain/Osteoarthritis,PainAway Canine,PAINAWAY CANINE SMALL,Retail,Region,Midwest,2057,76109.1,0.91
nielsen_scanner,2025-06,2025-Q2,Petcare Diagnostics,PetLab Analyzer,PETLAB ANALYZER LARGE,Retail,Region,Midwest,1902,28531.38,0.91
nielsen_scanner,2025-06,2025-Q2,Petcare Diagnostics,PetLab Analyzer,PETLAB ANALYZER SMALL,Retail,Region,Midwest,2757,41353.98,0.91
nielsen_scanner,2025-06,2025-Q2,Petcare Diagnostics,RapidVet Dx,RAPIDVET DX LARGE,Retail,Region,Midwest,2813,45001.52,0.91
nielsen_scanner,2025-06,2025-Q2,Petcare Diagnostics,RapidVet Dx,RAPIDVET DX SMALL,Retail,Region,Midwest,4049,64780.7,0.91
nielsen_scanner,2025-06,2025-Q2,Parasiticides,Simparica Trio,SIMPARICA TRIO LARGE,Retail,Region,Midwest,48029,1344799.08,0.91
nielsen_scanner,2025-06,2025-Q2,Parasiticides,Simparica Trio,SIMPARICA TRIO SMALL,Retail,Region,Midwest,64474,1805285.83,0.91
nielsen_scanner,2025-06,2025-Q2,Dermatology,SkinRelief Pro,SKINRELIEF PRO LARGE,Retail,Region,Midwest,2948,144428.31,0.91
nielsen_scanner,2025-06,2025-Q2,Dermatology,SkinRelief Pro,SKINRELIEF PRO SMALL,Retail,Region,Midwest,3981,195045.48,0.91
nielsen_scanner,2025-06,2025-Q2,Parasiticides,TickShield Plus,TICKSHIELD PLUS LARGE,Retail,Region,Midwest,31852,764455.51,0.91
nielsen_scanner,2025-06,2025-Q2,Parasiticides,TickShield Plus,TICKSHIELD PLUS SMALL,Retail,Region,Midwest,43114,1034733.84,0.91
nielsen_scanner,2025-06,2025-Q2,Vaccines,Vanguard,VANGUARD LARGE,Retail,Region,Midwest,2821,62072.68,0.91
nielsen_scanner,2025-06,2025-Q2,Vaccines,Vanguard,VANGUARD SMALL,Retail,Region,Midwest,4064,89409.61,0.91
nielsen_scanner,2025-06,2025-Q2,Parasiticides,VectraGuard,VECTRAGUARD LARGE,Retail,Region,Midwest,38820,1009320.32,0.91
nielsen_scanner,2025-06,2025-Q2,Parasiticides,VectraGuard,VECTRAGUARD SMALL,Retail,Region,Midwest,51224,1331826.94,0.91
nielsen_scanner,2025-06,2025-Q2,Vaccines,VetGuard Immunize,VETGUARD IMMUNIZE LARGE,Retail,Region,Midwest,3268,62095.94,0.91
nielsen_scanner,2025-06,2025-Q2,Vaccines,VetGuard Immunize,VETGUARD IMMUNIZE SMALL,Retail,Region,Midwest,4489,85300.2,0.91
nielsen_scanner,2025-06,2025-Q2,Vaccines,VetSelect Core Vax,VETSELECT CORE VAX LARGE,Retail,Region,Midwest,11873,166223.83,0.91
nielsen_scanner,2025-06,2025-Q2,Vaccines,VetSelect Core Vax,VETSELECT CORE VAX SMALL,Retail,Region,Midwest,16122,225709.34,0.91
nielsen_scanner,2025-06,2025-Q2,Dermatology,VetSelect Derma,VETSELECT DERMA LARGE,Retail,Region,Midwest,7611,289208.33,0.91
nielsen_scanner,2025-06,2025-Q2,Dermatology,VetSelect Derma,VETSELECT DERMA SMALL,Retail,Region,Midwest,10298,391315.01,0.91
nielsen_scanner,2025-06,2025-Q2,Petcare Diagnostics,VetSelect Dx,VETSELECT DX LARGE,Retail,Region,Midwest,7003,84037.05,0.91
nielsen_scanner,2025-06,2025-Q2,Petcare Diagnostics,VetSelect Dx,VETSELECT DX SMALL,Retail,Region,Midwest,9891,118694.37,0.91
nielsen_scanner,2025-06,2025-Q2,Parasiticides,VetSelect Flea & Tick,VETSELECT FLEA & TICK LARGE,Retail,Region,Midwest,62480,1062162.88,0.91
nielsen_scanner,2025-06,2025-Q2,Parasiticides,VetSelect Flea & Tick,VETSELECT FLEA & TICK SMALL,Retail,Region,Midwest,88278,1500731.17,0.91
nielsen_scanner,2025-06,2025-Q2,Pain/Osteoarthritis,VetSelect Joint,VETSELECT JOINT LARGE,Retail,Region,Midwest,4508,130739.95,0.91
nielsen_scanner,2025-06,2025-Q2,Pain/Osteoarthritis,VetSelect Joint,VETSELECT JOINT SMALL,Retail,Region,Midwest,6509,188759.16,0.91
nielsen_scanner,2025-06,2025-Q2,Petcare Diagnostics,Vetscan,VETSCAN LARGE,Retail,Region,Midwest,1727,31082.97,0.91
nielsen_scanner,2025-06,2025-Q2,Petcare Diagnostics,Vetscan,VETSCAN SMALL,Retail,Region,Midwest,2369,42640.59,0.91
nielsen_scanner,2025-06,2025-Q2,Dermatology,AllerVet RX,ALLERVET RX LARGE,Retail,Region,Northeast,3823,206443.56,0.91
nielsen_scanner,2025-06,2025-Q2,Dermatology,AllerVet RX,ALLERVET RX SMALL,Retail,Region,Northeast,5303,286366.94,0.91
nielsen_scanner,2025-06,2025-Q2,Dermatology,Apoquel,APOQUEL LARGE,Retail,Region,Northeast,4926,320215.17,0.91
nielsen_scanner,2025-06,2025-Q2,Dermatology,Apoquel,APOQUEL SMALL,Retail,Region,Northeast,6650,432266.68,0.91
nielsen_scanner,2025-06,2025-Q2,Vaccines,BioShield Vax,BIOSHIELD VAX LARGE,Retail,Region,Northeast,3758,75169.68,0.91
nielsen_scanner,2025-06,2025-Q2,Vaccines,BioShield Vax,BIOSHIELD VAX SMALL,Retail,Region,Northeast,5317,106346.06,0.91
nielsen_scanner,2025-06,2025-Q2,Dermatology,DermaCalm,DERMACALM LARGE,Retail,Region,Northeast,3642,211257.06,0.91
nielsen_scanner,2025-06,2025-Q2,Dermatology,DermaCalm,DERMACALM SMALL,Retail,Region,Northeast,4796,278193.46,0.91
nielsen_scanner,2025-06,2025-Q2,Petcare Diagnostics,DiagnosTech Vet,DIAGNOSTECH VET LARGE,Retail,Region,Northeast,3162,53746.05,0.91
nielsen_scanner,2025-06,2025-Q2,Petcare Diagnostics,DiagnosTech Vet,DIAGNOSTECH VET SMALL,Retail,Region,Northeast,4675,79474.44,0.91
nielsen_scanner,2025-06,2025-Q2,Parasiticides,FleaStop Pro,FLEASTOP PRO LARGE,Retail,Region,Northeast,27609,579792.62,0.91
nielsen_scanner,2025-06,2025-Q2,Parasiticides,FleaStop Pro,FLEASTOP PRO SMALL,Retail,Region,Northeast,36263,761517.73,0.91
nielsen_scanner,2025-06,2025-Q2,Pain/Osteoarthritis,FlexiCare Joint,FLEXICARE JOINT LARGE,Retail,Region,Northeast,1964,86433.64,0.91
nielsen_scanner,2025-06,2025-Q2,Pain/Osteoarthritis,FlexiCare Joint,FLEXICARE JOINT SMALL,Retail,Region,Northeast,2871,126318.45,0.91
nielsen_scanner,2025-06,2025-Q2,Vaccines,ImmunoCore Canine,IMMUNOCORE CANINE LARGE,Retail,Region,Northeast,5073,106523.27,0.91
nielsen_scanner,2025-06,2025-Q2,Vaccines,ImmunoCore Canine,IMMUNOCORE CANINE SMALL,Retail,Region,Northeast,6388,134139.92,0.91
nielsen_scanner,2025-06,2025-Q2,Pain/Osteoarthritis,Librela,LIBRELA LARGE,Retail,Region,Northeast,1360,65289.05,0.91
nielsen_scanner,2025-06,2025-Q2,Pain/Osteoarthritis,Librela,LIBRELA SMALL,Retail,Region,Northeast,1853,88947.86,0.91
nielsen_scanner,2025-06,2025-Q2,Pain/Osteoarthritis,OsteoEase Vet,OSTEOEASE VET LARGE,Retail,Region,Northeast,1741,71380.3,0.91
nielsen_scanner,2025-06,2025-Q2,Pain/Osteoarthritis,OsteoEase Vet,OSTEOEASE VET SMALL,Retail,Region,Northeast,2281,93530.49,0.91
nielsen_scanner,2025-06,2025-Q2,Pain/Osteoarthritis,PainAway Canine,PAINAWAY CANINE LARGE,Retail,Region,Northeast,1432,52976.29,0.91
nielsen_scanner,2025-06,2025-Q2,Pain/Osteoarthritis,PainAway Canine,PAINAWAY CANINE SMALL,Retail,Region,Northeast,2072,76651.25,0.91
nielsen_scanner,2025-06,2025-Q2,Petcare Diagnostics,PetLab Analyzer,PETLAB ANALYZER LARGE,Retail,Region,Northeast,1928,28916.66,0.91
nielsen_scanner,2025-06,2025-Q2,Petcare Diagnostics,PetLab Analyzer,PETLAB ANALYZER SMALL,Retail,Region,Northeast,2736,41045.89,0.91
nielsen_scanner,2025-06,2025-Q2,Petcare Diagnostics,RapidVet Dx,RAPIDVET DX LARGE,Retail,Region,Northeast,2973,47563.1,0.91
nielsen_scanner,2025-06,2025-Q2,Petcare Diagnostics,RapidVet Dx,RAPIDVET DX SMALL,Retail,Region,Northeast,4123,65961.32,0.91
nielsen_scanner,2025-06,2025-Q2,Parasiticides,Simparica Trio,SIMPARICA TRIO LARGE,Retail,Region,Northeast,47816,1338840.28,0.91
nielsen_scanner,2025-06,2025-Q2,Parasiticides,Simparica Trio,SIMPARICA TRIO SMALL,Retail,Region,Northeast,62116,1739245.93,0.91
nielsen_scanner,2025-06,2025-Q2,Dermatology,SkinRelief Pro,SKINRELIEF PRO LARGE,Retail,Region,Northeast,3325,162925.66,0.91
nielsen_scanner,2025-06,2025-Q2,Dermatology,SkinRelief Pro,SKINRELIEF PRO SMALL,Retail,Region,Northeast,4149,203304.05,0.91
nielsen_scanner,2025-06,2025-Q2,Parasiticides,TickShield Plus,TICKSHIELD PLUS LARGE,Retail,Region,Northeast,31626,759020.19,0.91
nielsen_scanner,2025-06,2025-Q2,Parasiticides,TickShield Plus,TICKSHIELD PLUS SMALL,Retail,Region,Northeast,43320,1039668.78,0.91
nielsen_scanner,2025-06,2025-Q2,Vaccines,Vanguard,VANGUARD LARGE,Retail,Region,Northeast,2892,63626.53,0.91
nielsen_scanner,2025-06,2025-Q2,Vaccines,Vanguard,VANGUARD SMALL,Retail,Region,Northeast,4135,90976.7,0.91
nielsen_scanner,2025-06,2025-Q2,Parasiticides,VectraGuard,VECTRAGUARD LARGE,Retail,Region,Northeast,37638,978592.66,0.91
nielsen_scanner,2025-06,2025-Q2,Parasiticides,VectraGuard,VECTRAGUARD SMALL,Retail,Region,Northeast,53380,1387877.64,0.91
nielsen_scanner,2025-06,2025-Q2,Vaccines,VetGuard Immunize,VETGUARD IMMUNIZE LARGE,Retail,Region,Northeast,3216,61105.57,0.91
nielsen_scanner,2025-06,2025-Q2,Vaccines,VetGuard Immunize,VETGUARD IMMUNIZE SMALL,Retail,Region,Northeast,4385,83312.59,0.91
nielsen_scanner,2025-06,2025-Q2,Vaccines,VetSelect Core Vax,VETSELECT CORE VAX LARGE,Retail,Region,Northeast,12198,170777.95,0.91
nielsen_scanner,2025-06,2025-Q2,Vaccines,VetSelect Core Vax,VETSELECT CORE VAX SMALL,Retail,Region,Northeast,14911,208750.24,0.91
nielsen_scanner,2025-06,2025-Q2,Dermatology,VetSelect Derma,VETSELECT DERMA LARGE,Retail,Region,Northeast,8297,315272.63,0.91
nielsen_scanner,2025-06,2025-Q2,Dermatology,VetSelect Derma,VETSELECT DERMA SMALL,Retail,Region,Northeast,11122,422632.31,0.91
nielsen_scanner,2025-06,2025-Q2,Petcare Diagnostics,VetSelect Dx,VETSELECT DX LARGE,Retail,Region,Northeast,7499,89985.93,0.91
nielsen_scanner,2025-06,2025-Q2,Petcare Diagnostics,VetSelect Dx,VETSELECT DX SMALL,Retail,Region,Northeast,10909,130906.31,0.91
nielsen_scanner,2025-06,2025-Q2,Parasiticides,VetSelect Flea & Tick,VETSELECT FLEA & TICK LARGE,Retail,Region,Northeast,62765,1067000.95,0.91
nielsen_scanner,2025-06,2025-Q2,Parasiticides,VetSelect Flea & Tick,VETSELECT FLEA & TICK SMALL,Retail,Region,Northeast,86525,1470923.54,0.91
nielsen_scanner,2025-06,2025-Q2,Pain/Osteoarthritis,VetSelect Joint,VETSELECT JOINT LARGE,Retail,Region,Northeast,5364,155561.75,0.91
nielsen_scanner,2025-06,2025-Q2,Pain/Osteoarthritis,VetSelect Joint,VETSELECT JOINT SMALL,Retail,Region,Northeast,7375,213880.12,0.91
nielsen_scanner,2025-06,2025-Q2,Petcare Diagnostics,Vetscan,VETSCAN LARGE,Retail,Region,Northeast,1614,29046.89,0.91
nielsen_scanner,2025-06,2025-Q2,Petcare Diagnostics,Vetscan,VETSCAN SMALL,Retail,Region,Northeast,2383,42893.01,0.91
nielsen_scanner,2025-06,2025-Q2,Dermatology,AllerVet RX,ALLERVET RX LARGE,Retail,Region,South,5591,301895.5,0.91
nielsen_scanner,2025-06,2025-Q2,Dermatology,AllerVet RX,ALLERVET RX SMALL,Retail,Region,South,7735,417670.43,0.91
nielsen_scanner,2025-06,2025-Q2,Dermatology,Apoquel,APOQUEL LARGE,Retail,Region,South,7459,484803.4,0.91
nielsen_scanner,2025-06,2025-Q2,Dermatology,Apoquel,APOQUEL SMALL,Retail,Region,South,9504,617779.39,0.91
nielsen_scanner,2025-06,2025-Q2,Vaccines,BioShield Vax,BIOSHIELD VAX LARGE,Retail,Region,South,5868,117360.26,0.91
nielsen_scanner,2025-06,2025-Q2,Vaccines,BioShield Vax,BIOSHIELD VAX SMALL,Retail,Region,South,8316,166328.26,0.91
nielsen_scanner,2025-06,2025-Q2,Dermatology,DermaCalm,DERMACALM LARGE,Retail,Region,South,6323,366729.42,0.91
nielsen_scanner,2025-06,2025-Q2,Dermatology,DermaCalm,DERMACALM SMALL,Retail,Region,South,8823,511713.2,0.91
nielsen_scanner,2025-06,2025-Q2,Petcare Diagnostics,DiagnosTech Vet,DIAGNOSTECH VET LARGE,Retail,Region,South,5353,90995.93,0.91
nielsen_scanner,2025-06,2025-Q2,Petcare Diagnostics,DiagnosTech Vet,DIAGNOSTECH VET SMALL,Retail,Region,South,7470,126993.48,0.91
nielsen_scanner,2025-06,2025-Q2,Parasiticides,FleaStop Pro,FLEASTOP PRO LARGE,Retail,Region,South,42361,889586.51,0.91
nielsen_scanner,2025-06,2025-Q2,Parasiticides,FleaStop Pro,FLEASTOP PRO SMALL,Retail,Region,South,58351,1225361.91,0.91
nielsen_scanner,2025-06,2025-Q2,Pain/Osteoarthritis,FlexiCare Joint,FLEXICARE JOINT LARGE,Retail,Region,South,2932,129002.97,0.91
nielsen_scanner,2025-06,2025-Q2,Pain/Osteoarthritis,FlexiCare Joint,FLEXICARE JOINT SMALL,Retail,Region,South,4208,185170.27,0.91
nielsen_scanner,2025-06,2025-Q2,Vaccines,ImmunoCore Canine,IMMUNOCORE CANINE LARGE,Retail,Region,South,7356,154468.89,0.91
nielsen_scanner,2025-06,2025-Q2,Vaccines,ImmunoCore Canine,IMMUNOCORE CANINE SMALL,Retail,Region,South,9073,190534.63,0.91
nielsen_scanner,2025-06,2025-Q2,Pain/Osteoarthritis,Librela,LIBRELA LARGE,Retail,Region,South,2164,103848.65,0.91
nielsen_scanner,2025-06,2025-Q2,Pain/Osteoarthritis,Librela,LIBRELA SMALL,Retail,Region,South,2835,136100.53,0.91
nielsen_scanner,2025-06,2025-Q2,Pain/Osteoarthritis,OsteoEase Vet,OSTEOEASE VET LARGE,Retail,Region,South,2497,102367.17,0.91
nielsen_scanner,2025-06,2025-Q2,Pain/Osteoarthritis,OsteoEase Vet,OSTEOEASE VET SMALL,Retail,Region,South,3514,144062.63,0.91
nielsen_scanner,2025-06,2025-Q2,Pain/Osteoarthritis,PainAway Canine,PAINAWAY CANINE LARGE,Retail,Region,South,2472,91459.98,0.91
nielsen_scanner,2025-06,2025-Q2,Pain/Osteoarthritis,PainAway Canine,PAINAWAY CANINE SMALL,Retail,Region,South,3317,122736.18,0.91
nielsen_scanner,2025-06,2025-Q2,Petcare Diagnostics,PetLab Analyzer,PETLAB ANALYZER LARGE,Retail,Region,South,3111,46671.1,0.91
nielsen_scanner,2025-06,2025-Q2,Petcare Diagnostics,PetLab Analyzer,PETLAB ANALYZER SMALL,Retail,Region,South,4250,63743.05,0.91
nielsen_scanner,2025-06,2025-Q2,Petcare Diagnostics,RapidVet Dx,RAPIDVET DX LARGE,Retail,Region,South,5168,82684.34,0.91
nielsen_scanner,2025-06,2025-Q2,Petcare Diagnostics,RapidVet Dx,RAPIDVET DX SMALL,Retail,Region,South,6873,109960.47,0.91
nielsen_scanner,2025-06,2025-Q2,Parasiticides,Simparica Trio,SIMPARICA TRIO LARGE,Retail,Region,South,76142,2131970.58,0.91
nielsen_scanner,2025-06,2025-Q2,Parasiticides,Simparica Trio,SIMPARICA TRIO SMALL,Retail,Region,South,105125,2943493.48,0.91
nielsen_scanner,2025-06,2025-Q2,Dermatology,SkinRelief Pro,SKINRELIEF PRO LARGE,Retail,Region,South,5196,254601.01,0.91
nielsen_scanner,2025-06,2025-Q2,Dermatology,SkinRelief Pro,SKINRELIEF PRO SMALL,Retail,Region,South,6806,333502.52,0.91
nielsen_scanner,2025-06,2025-Q2,Parasiticides,TickShield Plus,TICKSHIELD PLUS LARGE,Retail,Region,South,50613,1214709.8,0.91
nielsen_scanner,2025-06,2025-Q2,Parasiticides,TickShield Plus,TICKSHIELD PLUS SMALL,Retail,Region,South,67907,1629765.37,0.91
nielsen_scanner,2025-06,2025-Q2,Vaccines,Vanguard,VANGUARD LARGE,Retail,Region,South,4594,101060.85,0.91
nielsen_scanner,2025-06,2025-Q2,Vaccines,Vanguard,VANGUARD SMALL,Retail,Region,South,6505,143114.1,0.91
nielsen_scanner,2025-06,2025-Q2,Parasiticides,VectraGuard,VECTRAGUARD LARGE,Retail,Region,South,61472,1598275.14,0.91
nielsen_scanner,2025-06,2025-Q2,Parasiticides,VectraGuard,VECTRAGUARD SMALL,Retail,Region,South,84323,2192406.09,0.91
nielsen_scanner,2025-06,2025-Q2,Vaccines,VetGuard Immunize,VETGUARD IMMUNIZE LARGE,Retail,Region,South,4991,94824.84,0.91
nielsen_scanner,2025-06,2025-Q2,Vaccines,VetGuard Immunize,VETGUARD IMMUNIZE SMALL,Retail,Region,South,6809,129377.23,0.91
nielsen_scanner,2025-06,2025-Q2,Vaccines,VetSelect Core Vax,VETSELECT CORE VAX LARGE,Retail,Region,South,18877,264281.98,0.91
nielsen_scanner,2025-06,2025-Q2,Vaccines,VetSelect Core Vax,VETSELECT CORE VAX SMALL,Retail,Region,South,24989,349847.55,0.91
nielsen_scanner,2025-06,2025-Q2,Dermatology,VetSelect Derma,VETSELECT DERMA LARGE,Retail,Region,South,12370,470048.84,0.91
nielsen_scanner,2025-06,2025-Q2,Dermatology,VetSelect Derma,VETSELECT DERMA SMALL,Retail,Region,South,15941,605766.82,0.91
nielsen_scanner,2025-06,2025-Q2,Petcare Diagnostics,VetSelect Dx,VETSELECT DX LARGE,Retail,Region,South,12753,153034.73,0.91
nielsen_scanner,2025-06,2025-Q2,Petcare Diagnostics,VetSelect Dx,VETSELECT DX SMALL,Retail,Region,South,16799,201585.17,0.91
nielsen_scanner,2025-06,2025-Q2,Parasiticides,VetSelect Flea & Tick,VETSELECT FLEA & TICK LARGE,Retail,Region,South,101434,1724385.86,0.91
nielsen_scanner,2025-06,2025-Q2,Parasiticides,VetSelect Flea & Tick,VETSELECT FLEA & TICK SMALL,Retail,Region,South,136052,2312891.9,0.91
nielsen_scanner,2025-06,2025-Q2,Pain/Osteoarthritis,VetSelect Joint,VETSELECT JOINT LARGE,Retail,Region,South,7964,230942.93,0.91
nielsen_scanner,2025-06,2025-Q2,Pain/Osteoarthritis,VetSelect Joint,VETSELECT JOINT SMALL,Retail,Region,South,10712,310659.53,0.91
nielsen_scanner,2025-06,2025-Q2,Petcare Diagnostics,Vetscan,VETSCAN LARGE,Retail,Region,South,2604,46873.08,0.91
nielsen_scanner,2025-06,2025-Q2,Petcare Diagnostics,Vetscan,VETSCAN SMALL,Retail,Region,South,3868,69629.41,0.91
nielsen_scanner,2025-06,2025-Q2,Dermatology,AllerVet RX,ALLERVET RX LARGE,Retail,Region,West,3738,201826.11,0.91
nielsen_scanner,2025-06,2025-Q2,Dermatology,AllerVet RX,ALLERVET RX SMALL,Retail,Region,West,5215,281601.9,0.91
nielsen_scanner,2025-06,2025-Q2,Dermatology,Apoquel,APOQUEL LARGE,Retail,Region,West,4745,308439.18,0.91
nielsen_scanner,2025-06,2025-Q2,Dermatology,Apoquel,APOQUEL SMALL,Retail,Region,West,6682,434343.69,0.91
nielsen_scanner,2025-06,2025-Q2,Vaccines,BioShield Vax,BIOSHIELD VAX LARGE,Retail,Region,West,3809,76174.56,0.91
nielsen_scanner,2025-06,2025-Q2,Vaccines,BioShield Vax,BIOSHIELD VAX SMALL,Retail,Region,West,5138,102753.58,0.91
nielsen_scanner,2025-06,2025-Q2,Dermatology,DermaCalm,DERMACALM LARGE,Retail,Region,West,4115,238678.34,0.91
nielsen_scanner,2025-06,2025-Q2,Dermatology,DermaCalm,DERMACALM SMALL,Retail,Region,West,5816,337302.27,0.91
nielsen_scanner,2025-06,2025-Q2,Petcare Diagnostics,DiagnosTech Vet,DIAGNOSTECH VET LARGE,Retail,Region,West,3433,58355.72,0.91
nielsen_scanner,2025-06,2025-Q2,Petcare Diagnostics,DiagnosTech Vet,DIAGNOSTECH VET SMALL,Retail,Region,West,4715,80161.68,0.91
nielsen_scanner,2025-06,2025-Q2,Parasiticides,FleaStop Pro,FLEASTOP PRO LARGE,Retail,Region,West,32818,689181.49,0.91
nielsen_scanner,2025-06,2025-Q2,Parasiticides,FleaStop Pro,FLEASTOP PRO SMALL,Retail,Region,West,41394,869268.28,0.91
nielsen_scanner,2025-06,2025-Q2,Pain/Osteoarthritis,FlexiCare Joint,FLEXICARE JOINT LARGE,Retail,Region,West,1928,84850.9,0.91
nielsen_scanner,2025-06,2025-Q2,Pain/Osteoarthritis,FlexiCare Joint,FLEXICARE JOINT SMALL,Retail,Region,West,2718,119597.89,0.91
nielsen_scanner,2025-06,2025-Q2,Vaccines,ImmunoCore Canine,IMMUNOCORE CANINE LARGE,Retail,Region,West,4600,96591.17,0.91
nielsen_scanner,2025-06,2025-Q2,Vaccines,ImmunoCore Canine,IMMUNOCORE CANINE SMALL,Retail,Region,West,6302,132349.67,0.91
nielsen_scanner,2025-06,2025-Q2,Pain/Osteoarthritis,Librela,LIBRELA LARGE,Retail,Region,West,1408,67590.01,0.91
nielsen_scanner,2025-06,2025-Q2,Pain/Osteoarthritis,Librela,LIBRELA SMALL,Retail,Region,West,1928,92521.62,0.91
nielsen_scanner,2025-06,2025-Q2,Pain/Osteoarthritis,OsteoEase Vet,OSTEOEASE VET LARGE,Retail,Region,West,1825,74805.12,0.91
nielsen_scanner,2025-06,2025-Q2,Pain/Osteoarthritis,OsteoEase Vet,OSTEOEASE VET SMALL,Retail,Region,West,2463,100999.16,0.91
nielsen_scanner,2025-06,2025-Q2,Pain/Osteoarthritis,PainAway Canine,PAINAWAY CANINE LARGE,Retail,Region,West,1652,61140.52,0.91
nielsen_scanner,2025-06,2025-Q2,Pain/Osteoarthritis,PainAway Canine,PAINAWAY CANINE SMALL,Retail,Region,West,2110,78072.35,0.91
nielsen_scanner,2025-06,2025-Q2,Petcare Diagnostics,PetLab Analyzer,PETLAB ANALYZER LARGE,Retail,Region,West,2086,31296.34,0.91
nielsen_scanner,2025-06,2025-Q2,Petcare Diagnostics,PetLab Analyzer,PETLAB ANALYZER SMALL,Retail,Region,West,3080,46203.42,0.91
nielsen_scanner,2025-06,2025-Q2,Petcare Diagnostics,RapidVet Dx,RAPIDVET DX LARGE,Retail,Region,West,3373,53970.97,0.91
nielsen_scanner,2025-06,2025-Q2,Petcare Diagnostics,RapidVet Dx,RAPIDVET DX SMALL,Retail,Region,West,4498,71961.35,0.91
nielsen_scanner,2025-06,2025-Q2,Parasiticides,Simparica Trio,SIMPARICA TRIO LARGE,Retail,Region,West,49184,1377153.59,0.91
nielsen_scanner,2025-06,2025-Q2,Parasiticides,Simparica Trio,SIMPARICA TRIO SMALL,Retail,Region,West,69212,1937947.81,0.91
nielsen_scanner,2025-06,2025-Q2,Dermatology,SkinRelief Pro,SKINRELIEF PRO LARGE,Retail,Region,West,3223,157934.34,0.91
nielsen_scanner,2025-06,2025-Q2,Dermatology,SkinRelief Pro,SKINRELIEF PRO SMALL,Retail,Region,West,4485,219781.9,0.91
nielsen_scanner,2025-06,2025-Q2,Parasiticides,TickShield Plus,TICKSHIELD PLUS LARGE,Retail,Region,West,32840,788171.74,0.91
nielsen_scanner,2025-06,2025-Q2,Parasiticides,TickShield Plus,TICKSHIELD PLUS SMALL,Retail,Region,West,45410,1089838.47,0.91
nielsen_scanner,2025-06,2025-Q2,Vaccines,Vanguard,VANGUARD LARGE,Retail,Region,West,3211,70645.74,0.91
nielsen_scanner,2025-06,2025-Q2,Vaccines,Vanguard,VANGUARD SMALL,Retail,Region,West,4075,89648.7,0.91
nielsen_scanner,2025-06,2025-Q2,Parasiticides,VectraGuard,VECTRAGUARD LARGE,Retail,Region,West,39193,1019015.85,0.91
nielsen_scanner,2025-06,2025-Q2,Parasiticides,VectraGuard,VECTRAGUARD SMALL,Retail,Region,West,54455,1415822.63,0.91
nielsen_scanner,2025-06,2025-Q2,Vaccines,VetGuard Immunize,VETGUARD IMMUNIZE LARGE,Retail,Region,West,3359,63825.1,0.91
nielsen_scanner,2025-06,2025-Q2,Vaccines,VetGuard Immunize,VETGUARD IMMUNIZE SMALL,Retail,Region,West,4519,85858.08,0.91
nielsen_scanner,2025-06,2025-Q2,Vaccines,VetSelect Core Vax,VETSELECT CORE VAX LARGE,Retail,Region,West,13175,184456.42,0.91
nielsen_scanner,2025-06,2025-Q2,Vaccines,VetSelect Core Vax,VETSELECT CORE VAX SMALL,Retail,Region,West,17627,246776.1,0.91
nielsen_scanner,2025-06,2025-Q2,Dermatology,VetSelect Derma,VETSELECT DERMA LARGE,Retail,Region,West,8097,307686.63,0.91
nielsen_scanner,2025-06,2025-Q2,Dermatology,VetSelect Derma,VETSELECT DERMA SMALL,Retail,Region,West,11525,437939.04,0.91
nielsen_scanner,2025-06,2025-Q2,Petcare Diagnostics,VetSelect Dx,VETSELECT DX LARGE,Retail,Region,West,8059,96708.23,0.91
nielsen_scanner,2025-06,2025-Q2,Petcare Diagnostics,VetSelect Dx,VETSELECT DX SMALL,Retail,Region,West,10775,129300.24,0.91
nielsen_scanner,2025-06,2025-Q2,Parasiticides,VetSelect Flea & Tick,VETSELECT FLEA & TICK LARGE,Retail,Region,West,66320,1127437.08,0.91
nielsen_scanner,2025-06,2025-Q2,Parasiticides,VetSelect Flea & Tick,VETSELECT FLEA & TICK SMALL,Retail,Region,West,89193,1516273.75,0.91
nielsen_scanner,2025-06,2025-Q2,Pain/Osteoarthritis,VetSelect Joint,VETSELECT JOINT LARGE,Retail,Region,West,5235,151826.94,0.91
nielsen_scanner,2025-06,2025-Q2,Pain/Osteoarthritis,VetSelect Joint,VETSELECT JOINT SMALL,Retail,Region,West,7197,208711.93,0.91
nielsen_scanner,2025-06,2025-Q2,Petcare Diagnostics,Vetscan,VETSCAN LARGE,Retail,Region,West,1901,34222.52,0.91
nielsen_scanner,2025-06,2025-Q2,Petcare Diagnostics,Vetscan,VETSCAN SMALL,Retail,Region,West,2528,45503.49,0.91
nielsen_scanner,2025-07,2025-Q3,Dermatology,AllerVet RX,ALLERVET RX LARGE,Retail,National,National,17960,969815.93,0.91
nielsen_scanner,2025-07,2025-Q3,Dermatology,AllerVet RX,ALLERVET RX SMALL,Retail,National,National,24346,1314664.29,0.91
nielsen_scanner,2025-07,2025-Q3,Dermatology,Apoquel,APOQUEL LARGE,Retail,National,National,22600,1469017.27,0.91
nielsen_scanner,2025-07,2025-Q3,Dermatology,Apoquel,APOQUEL SMALL,Retail,National,National,32093,2086057.42,0.91
nielsen_scanner,2025-07,2025-Q3,Vaccines,BioShield Vax,BIOSHIELD VAX LARGE,Retail,National,National,15840,316793.11,0.91
nielsen_scanner,2025-07,2025-Q3,Vaccines,BioShield Vax,BIOSHIELD VAX SMALL,Retail,National,National,21930,438602.39,0.91
nielsen_scanner,2025-07,2025-Q3,Dermatology,DermaCalm,DERMACALM LARGE,Retail,National,National,18975,1100541.27,0.91
nielsen_scanner,2025-07,2025-Q3,Dermatology,DermaCalm,DERMACALM SMALL,Retail,National,National,25553,1482057.0,0.91
nielsen_scanner,2025-07,2025-Q3,Petcare Diagnostics,DiagnosTech Vet,DIAGNOSTECH VET LARGE,Retail,National,National,15243,259145.34,0.91
nielsen_scanner,2025-07,2025-Q3,Petcare Diagnostics,DiagnosTech Vet,DIAGNOSTECH VET SMALL,Retail,National,National,20674,351461.21,0.91
nielsen_scanner,2025-07,2025-Q3,Parasiticides,FleaStop Pro,FLEASTOP PRO LARGE,Retail,National,National,123084,2584760.89,0.91
nielsen_scanner,2025-07,2025-Q3,Parasiticides,FleaStop Pro,FLEASTOP PRO SMALL,Retail,National,National,171300,3597290.66,0.91
nielsen_scanner,2025-07,2025-Q3,Pain/Osteoarthritis,FlexiCare Joint,FLEXICARE JOINT LARGE,Retail,National,National,7564,332797.88,0.91
nielsen_scanner,2025-07,2025-Q3,Pain/Osteoarthritis,FlexiCare Joint,FLEXICARE JOINT SMALL,Retail,National,National,10438,459236.72,0.91
nielsen_scanner,2025-07,2025-Q3,Vaccines,ImmunoCore Canine,IMMUNOCORE CANINE LARGE,Retail,National,National,18957,398098.11,0.91
nielsen_scanner,2025-07,2025-Q3,Vaccines,ImmunoCore Canine,IMMUNOCORE CANINE SMALL,Retail,National,National,26892,564724.96,0.91
nielsen_scanner,2025-07,2025-Q3,Pain/Osteoarthritis,Librela,LIBRELA LARGE,Retail,National,National,5920,284143.5,0.91
nielsen_scanner,2025-07,2025-Q3,Pain/Osteoarthritis,Librela,LIBRELA SMALL,Retail,National,National,8344,400460.35,0.91
nielsen_scanner,2025-07,2025-Q3,Pain/Osteoarthritis,OsteoEase Vet,OSTEOEASE VET LARGE,Retail,National,National,7261,297733.68,0.91
nielsen_scanner,2025-07,2025-Q3,Pain/Osteoarthritis,OsteoEase Vet,OSTEOEASE VET SMALL,Retail,National,National,10023,410927.92,0.91
nielsen_scanner,2025-07,2025-Q3,Pain/Osteoarthritis,PainAway Canine,PAINAWAY CANINE LARGE,Retail,National,National,6735,249160.7,0.91
nielsen_scanner,2025-07,2025-Q3,Pain/Osteoarthritis,PainAway Canine,PAINAWAY CANINE SMALL,Retail,National,National,9192,340108.26,0.91
nielsen_scanner,2025-07,2025-Q3,Petcare Diagnostics,PetLab Analyzer,PETLAB ANALYZER LARGE,Retail,National,National,8502,127510.99,0.91
nielsen_scanner,2025-07,2025-Q3,Petcare Diagnostics,PetLab Analyzer,PETLAB ANALYZER SMALL,Retail,National,National,12037,180559.6,0.91
nielsen_scanner,2025-07,2025-Q3,Petcare Diagnostics,RapidVet Dx,RAPIDVET DX LARGE,Retail,National,National,13643,218295.24,0.91
nielsen_scanner,2025-07,2025-Q3,Petcare Diagnostics,RapidVet Dx,RAPIDVET DX SMALL,Retail,National,National,18722,299566.49,0.91
nielsen_scanner,2025-07,2025-Q3,Parasiticides,Simparica Trio,SIMPARICA TRIO LARGE,Retail,National,National,211680,5927029.79,0.91
nielsen_scanner,2025-07,2025-Q3,Parasiticides,Simparica Trio,SIMPARICA TRIO SMALL,Retail,National,National,293859,8228052.65,0.91
nielsen_scanner,2025-07,2025-Q3,Dermatology,SkinRelief Pro,SKINRELIEF PRO LARGE,Retail,National,National,15109,740306.79,0.91
nielsen_scanner,2025-07,2025-Q3,Dermatology,SkinRelief Pro,SKINRELIEF PRO SMALL,Retail,National,National,20646,1011631.06,0.91
nielsen_scanner,2025-07,2025-Q3,Parasiticides,TickShield Plus,TICKSHIELD PLUS LARGE,Retail,National,National,139800,3355212.57,0.91
nielsen_scanner,2025-07,2025-Q3,Parasiticides,TickShield Plus,TICKSHIELD PLUS SMALL,Retail,National,National,193838,4652105.47,0.91
nielsen_scanner,2025-07,2025-Q3,Vaccines,Vanguard,VANGUARD LARGE,Retail,National,National,13418,295217.28,0.91
nielsen_scanner,2025-07,2025-Q3,Vaccines,Vanguard,VANGUARD SMALL,Retail,National,National,18588,408946.15,0.91
nielsen_scanner,2025-07,2025-Q3,Parasiticides,VectraGuard,VECTRAGUARD LARGE,Retail,National,National,168520,4381528.31,0.91
nielsen_scanner,2025-07,2025-Q3,Parasiticides,VectraGuard,VECTRAGUARD SMALL,Retail,National,National,236989,6161724.0,0.91
nielsen_scanner,2025-07,2025-Q3,Vaccines,VetGuard Immunize,VETGUARD IMMUNIZE LARGE,Retail,National,National,14270,271136.47,0.91
nielsen_scanner,2025-07,2025-Q3,Vaccines,VetGuard Immunize,VETGUARD IMMUNIZE SMALL,Retail,National,National,19757,375395.99,0.91
nielsen_scanner,2025-07,2025-Q3,Vaccines,VetSelect Core Vax,VETSELECT CORE VAX LARGE,Retail,National,National,50751,710513.56,0.91
nielsen_scanner,2025-07,2025-Q3,Vaccines,VetSelect Core Vax,VETSELECT CORE VAX SMALL,Retail,National,National,70344,984827.26,0.91
nielsen_scanner,2025-07,2025-Q3,Dermatology,VetSelect Derma,VETSELECT DERMA LARGE,Retail,National,National,37442,1422831.11,0.91
nielsen_scanner,2025-07,2025-Q3,Dermatology,VetSelect Derma,VETSELECT DERMA SMALL,Retail,National,National,51585,1960232.59,0.91
nielsen_scanner,2025-07,2025-Q3,Petcare Diagnostics,VetSelect Dx,VETSELECT DX LARGE,Retail,National,National,36130,433560.3,0.91
nielsen_scanner,2025-07,2025-Q3,Petcare Diagnostics,VetSelect Dx,VETSELECT DX SMALL,Retail,National,National,50243,602922.39,0.91
nielsen_scanner,2025-07,2025-Q3,Parasiticides,VetSelect Flea & Tick,VETSELECT FLEA & TICK LARGE,Retail,National,National,289694,4924795.46,0.91
nielsen_scanner,2025-07,2025-Q3,Parasiticides,VetSelect Flea & Tick,VETSELECT FLEA & TICK SMALL,Retail,National,National,401285,6821834.31,0.91
nielsen_scanner,2025-07,2025-Q3,Pain/Osteoarthritis,VetSelect Joint,VETSELECT JOINT LARGE,Retail,National,National,22166,642814.51,0.91
nielsen_scanner,2025-07,2025-Q3,Pain/Osteoarthritis,VetSelect Joint,VETSELECT JOINT SMALL,Retail,National,National,29850,865620.15,0.91
nielsen_scanner,2025-07,2025-Q3,Petcare Diagnostics,Vetscan,VETSCAN LARGE,Retail,National,National,7466,134393.26,0.91
nielsen_scanner,2025-07,2025-Q3,Petcare Diagnostics,Vetscan,VETSCAN SMALL,Retail,National,National,10490,188820.82,0.91
nielsen_scanner,2025-07,2025-Q3,Dermatology,AllerVet RX,ALLERVET RX LARGE,Retail,Region,Midwest,3995,215724.82,0.91
nielsen_scanner,2025-07,2025-Q3,Dermatology,AllerVet RX,ALLERVET RX SMALL,Retail,Region,Midwest,5232,282534.82,0.91
nielsen_scanner,2025-07,2025-Q3,Dermatology,Apoquel,APOQUEL LARGE,Retail,Region,Midwest,4739,308054.99,0.91
nielsen_scanner,2025-07,2025-Q3,Dermatology,Apoquel,APOQUEL SMALL,Retail,Region,Midwest,6461,419976.12,0.91
nielsen_scanner,2025-07,2025-Q3,Vaccines,BioShield Vax,BIOSHIELD VAX LARGE,Retail,Region,Midwest,3352,67046.03,0.91
nielsen_scanner,2025-07,2025-Q3,Vaccines,BioShield Vax,BIOSHIELD VAX SMALL,Retail,Region,Midwest,4792,95846.79,0.91
nielsen_scanner,2025-07,2025-Q3,Dermatology,DermaCalm,DERMACALM LARGE,Retail,Region,Midwest,3844,222937.07,0.91
nielsen_scanner,2025-07,2025-Q3,Dermatology,DermaCalm,DERMACALM SMALL,Retail,Region,Midwest,4932,286060.72,0.91
nielsen_scanner,2025-07,2025-Q3,Petcare Diagnostics,DiagnosTech Vet,DIAGNOSTECH VET LARGE,Retail,Region,Midwest,3173,53945.15,0.91
nielsen_scanner,2025-07,2025-Q3,Petcare Diagnostics,DiagnosTech Vet,DIAGNOSTECH VET SMALL,Retail,Region,Midwest,4761,80939.93,0.91
nielsen_scanner,2025-07,2025-Q3,Parasiticides,FleaStop Pro,FLEASTOP PRO LARGE,Retail,Region,Midwest,25682,539313.34,0.91
nielsen_scanner,2025-07,2025-Q3,Parasiticides,FleaStop Pro,FLEASTOP PRO SMALL,Retail,Region,Midwest,36525,767014.67,0.91
nielsen_scanner,2025-07,2025-Q3,Pain/Osteoarthritis,FlexiCare Joint,FLEXICARE JOINT LARGE,Retail,Region,Midwest,1523,66990.25,0.91
nielsen_scanner,2025-07,2025-Q3,Pain/Osteoarthritis,FlexiCare Joint,FLEXICARE JOINT SMALL,Retail,Region,Midwest,2023,88992.55,0.91
nielsen_scanner,2025-07,2025-Q3,Vaccines,ImmunoCore Canine,IMMUNOCORE CANINE LARGE,Retail,Region,Midwest,3998,83953.14,0.91
nielsen_scanner,2025-07,2025-Q3,Vaccines,ImmunoCore Canine,IMMUNOCORE CANINE SMALL,Retail,Region,Midwest,5349,112329.41,0.91
nielsen_scanner,2025-07,2025-Q3,Pain/Osteoarthritis,Librela,LIBRELA LARGE,Retail,Region,Midwest,1269,60895.52,0.91
nielsen_scanner,2025-07,2025-Q3,Pain/Osteoarthritis,Librela,LIBRELA SMALL,Retail,Region,Midwest,1750,83989.88,0.91
nielsen_scanner,2025-07,2025-Q3,Pain/Osteoarthritis,OsteoEase Vet,OSTEOEASE VET LARGE,Retail,Region,Midwest,1551,63606.19,0.91
nielsen_scanner,2025-07,2025-Q3,Pain/Osteoarthritis,OsteoEase Vet,OSTEOEASE VET SMALL,Retail,Region,Midwest,1881,77108.41,0.91
nielsen_scanner,2025-07,2025-Q3,Pain/Osteoarthritis,PainAway Canine,PAINAWAY CANINE LARGE,Retail,Region,Midwest,1435,53093.06,0.91
nielsen_scanner,2025-07,2025-Q3,Pain/Osteoarthritis,PainAway Canine,PAINAWAY CANINE SMALL,Retail,Region,Midwest,1865,69003.34,0.91
nielsen_scanner,2025-07,2025-Q3,Petcare Diagnostics,PetLab Analyzer,PETLAB ANALYZER LARGE,Retail,Region,Midwest,292,4375.58,0.91
nielsen_scanner,2025-07,2025-Q3,Petcare Diagnostics,PetLab Analyzer,PETLAB ANALYZER SMALL,Retail,Region,Midwest,433,6502.09,0.91
nielsen_scanner,2025-07,2025-Q3,Petcare Diagnostics,RapidVet Dx,RAPIDVET DX LARGE,Retail,Region,Midwest,2806,44899.77,0.91
nielsen_scanner,2025-07,2025-Q3,Petcare Diagnostics,RapidVet Dx,RAPIDVET DX SMALL,Retail,Region,Midwest,3928,62853.71,0.91
nielsen_scanner,2025-07,2025-Q3,Parasiticides,Simparica Trio,SIMPARICA TRIO LARGE,Retail,Region,Midwest,45680,1279028.55,0.91
nielsen_scanner,2025-07,2025-Q3,Parasiticides,Simparica Trio,SIMPARICA TRIO SMALL,Retail,Region,Midwest,62877,1760548.81,0.91
nielsen_scanner,2025-07,2025-Q3,Dermatology,SkinRelief Pro,SKINRELIEF PRO LARGE,Retail,Region,Midwest,3221,157814.77,0.91
nielsen_scanner,2025-07,2025-Q3,Dermatology,SkinRelief Pro,SKINRELIEF PRO SMALL,Retail,Region,Midwest,4376,214421.67,0.91
nielsen_scanner,2025-07,2025-Q3,Parasiticides,TickShield Plus,TICKSHIELD PLUS LARGE,Retail,Region,Midwest,30618,734833.61,0.91
nielsen_scanner,2025-07,2025-Q3,Parasiticides,TickShield Plus,TICKSHIELD PLUS SMALL,Retail,Region,Midwest,42417,1017998.36,0.91
nielsen_scanner,2025-07,2025-Q3,Vaccines,Vanguard,VANGUARD LARGE,Retail,Region,Midwest,2842,62527.84,0.91
nielsen_scanner,2025-07,2025-Q3,Vaccines,Vanguard,VANGUARD SMALL,Retail,Region,Midwest,3980,87560.94,0.91
nielsen_scanner,2025-07,2025-Q3,Parasiticides,VectraGuard,VECTRAGUARD LARGE,Retail,Region,Midwest,36869,958599.81,0.91
nielsen_scanner,2025-07,2025-Q3,Parasiticides,VectraGuard,VECTRAGUARD SMALL,Retail,Region,Midwest,48865,1270489.38,0.91
nielsen_scanner,2025-07,2025-Q3,Vaccines,VetGuard Immunize,VETGUARD IMMUNIZE LARGE,Retail,Region,Midwest,2918,55444.79,0.91
nielsen_scanner,2025-07,2025-Q3,Vaccines,VetGuard Immunize,VETGUARD IMMUNIZE SMALL,Retail,Region,Midwest,4249,80729.84,0.91
nielsen_scanner,2025-07,2025-Q3,Vaccines,VetSelect Core Vax,VETSELECT CORE VAX LARGE,Retail,Region,Midwest,10890,152462.48,0.91
nielsen_scanner,2025-07,2025-Q3,Vaccines,VetSelect Core Vax,VETSELECT CORE VAX SMALL,Retail,Region,Midwest,13852,193934.74,0.91
nielsen_scanner,2025-07,2025-Q3,Dermatology,VetSelect Derma,VETSELECT DERMA LARGE,Retail,Region,Midwest,7608,289112.79,0.91
nielsen_scanner,2025-07,2025-Q3,Dermatology,VetSelect Derma,VETSELECT DERMA SMALL,Retail,Region,Midwest,10192,387303.62,0.91
nielsen_scanner,2025-07,2025-Q3,Petcare Diagnostics,VetSelect Dx,VETSELECT DX LARGE,Retail,Region,Midwest,7542,90501.9,0.91
nielsen_scanner,2025-07,2025-Q3,Petcare Diagnostics,VetSelect Dx,VETSELECT DX SMALL,Retail,Region,Midwest,10867,130399.29,0.91
nielsen_scanner,2025-07,2025-Q3,Parasiticides,VetSelect Flea & Tick,VETSELECT FLEA & TICK LARGE,Retail,Region,Midwest,63081,1072371.87,0.91
nielsen_scanner,2025-07,2025-Q3,Parasiticides,VetSelect Flea & Tick,VETSELECT FLEA & TICK SMALL,Retail,Region,Midwest,84504,1436561.57,0.91
nielsen_scanner,2025-07,2025-Q3,Pain/Osteoarthritis,VetSelect Joint,VETSELECT JOINT LARGE,Retail,Region,Midwest,4465,129484.75,0.91
nielsen_scanner,2025-07,2025-Q3,Pain/Osteoarthritis,VetSelect Joint,VETSELECT JOINT SMALL,Retail,Region,Midwest,6020,174573.27,0.91
nielsen_scanner,2025-07,2025-Q3,Petcare Diagnostics,Vetscan,VETSCAN LARGE,Retail,Region,Midwest,1604,28878.28,0.91
nielsen_scanner,2025-07,2025-Q3,Petcare Diagnostics,Vetscan,VETSCAN SMALL,Retail,Region,Midwest,2191,39445.95,0.91
nielsen_scanner,2025-07,2025-Q3,Dermatology,AllerVet RX,ALLERVET RX LARGE,Retail,Region,Northeast,3816,206046.2,0.91
nielsen_scanner,2025-07,2025-Q3,Dermatology,AllerVet RX,ALLERVET RX SMALL,Retail,Region,Northeast,5430,293220.74,0.91
nielsen_scanner,2025-07,2025-Q3,Dermatology,Apoquel,APOQUEL LARGE,Retail,Region,Northeast,5036,327350.85,0.91
nielsen_scanner,2025-07,2025-Q3,Dermatology,Apoquel,APOQUEL SMALL,Retail,Region,Northeast,7022,456434.89,0.91
nielsen_scanner,2025-07,2025-Q3,Vaccines,BioShield Vax,BIOSHIELD VAX LARGE,Retail,Region,Northeast,3407,68130.71,0.91
nielsen_scanner,2025-07,2025-Q3,Vaccines,BioShield Vax,BIOSHIELD VAX SMALL,Retail,Region,Northeast,4777,95547.94,0.91
nielsen_scanner,2025-07,2025-Q3,Dermatology,DermaCalm,DERMACALM LARGE,Retail,Region,Northeast,4359,252836.38,0.91
nielsen_scanner,2025-07,2025-Q3,Dermatology,DermaCalm,DERMACALM SMALL,Retail,Region,Northeast,5834,338371.68,0.91
nielsen_scanner,2025-07,2025-Q3,Petcare Diagnostics,DiagnosTech Vet,DIAGNOSTECH VET LARGE,Retail,Region,Northeast,3460,58822.0,0.91
nielsen_scanner,2025-07,2025-Q3,Petcare Diagnostics,DiagnosTech Vet,DIAGNOSTECH VET SMALL,Retail,Region,Northeast,4476,76095.0,0.91
nielsen_scanner,2025-07,2025-Q3,Parasiticides,FleaStop Pro,FLEASTOP PRO LARGE,Retail,Region,Northeast,25862,543112.43,0.91
nielsen_scanner,2025-07,2025-Q3,Parasiticides,FleaStop Pro,FLEASTOP PRO SMALL,Retail,Region,Northeast,37721,792143.62,0.91
nielsen_scanner,2025-07,2025-Q3,Pain/Osteoarthritis,FlexiCare Joint,FLEXICARE JOINT LARGE,Retail,Region,Northeast,1687,74224.58,0.91
nielsen_scanner,2025-07,2025-Q3,Pain/Osteoarthritis,FlexiCare Joint,FLEXICARE JOINT SMALL,Retail,Region,Northeast,2173,95599.77,0.91
nielsen_scanner,2025-07,2025-Q3,Vaccines,ImmunoCore Canine,IMMUNOCORE CANINE LARGE,Retail,Region,Northeast,4169,87553.64,0.91
nielsen_scanner,2025-07,2025-Q3,Vaccines,ImmunoCore Canine,IMMUNOCORE CANINE SMALL,Retail,Region,Northeast,6317,132656.3,0.91
nielsen_scanner,2025-07,2025-Q3,Pain/Osteoarthritis,Librela,LIBRELA LARGE,Retail,Region,Northeast,1232,59120.2,0.91
nielsen_scanner,2025-07,2025-Q3,Pain/Osteoarthritis,Librela,LIBRELA SMALL,Retail,Region,Northeast,1779,85381.58,0.91
nielsen_scanner,2025-07,2025-Q3,Pain/Osteoarthritis,OsteoEase Vet,OSTEOEASE VET LARGE,Retail,Region,Northeast,1602,65677.48,0.91
nielsen_scanner,2025-07,2025-Q3,Pain/Osteoarthritis,OsteoEase Vet,OSTEOEASE VET SMALL,Retail,Region,Northeast,2205,90390.64,0.91
nielsen_scanner,2025-07,2025-Q3,Pain/Osteoarthritis,PainAway Canine,PAINAWAY CANINE LARGE,Retail,Region,Northeast,1404,51944.82,0.91
nielsen_scanner,2025-07,2025-Q3,Pain/Osteoarthritis,PainAway Canine,PAINAWAY CANINE SMALL,Retail,Region,Northeast,1929,71388.37,0.91
nielsen_scanner,2025-07,2025-Q3,Petcare Diagnostics,PetLab Analyzer,PETLAB ANALYZER LARGE,Retail,Region,Northeast,1887,28300.23,0.91
nielsen_scanner,2025-07,2025-Q3,Petcare Diagnostics,PetLab Analyzer,PETLAB ANALYZER SMALL,Retail,Region,Northeast,2652,39776.88,0.91
nielsen_scanner,2025-07,2025-Q3,Petcare Diagnostics,RapidVet Dx,RAPIDVET DX LARGE,Retail,Region,Northeast,3174,50787.85,0.91
nielsen_scanner,2025-07,2025-Q3,Petcare Diagnostics,RapidVet Dx,RAPIDVET DX SMALL,Retail,Region,Northeast,4219,67509.27,0.91
nielsen_scanner,2025-07,2025-Q3,Parasiticides,Simparica Trio,SIMPARICA TRIO LARGE,Retail,Region,Northeast,49825,1395107.4,0.91
nielsen_scanner,2025-07,2025-Q3,Parasiticides,Simparica Trio,SIMPARICA TRIO SMALL,Retail,Region,Northeast,70466,1973042.11,0.91
nielsen_scanner,2025-07,2025-Q3,Dermatology,SkinRelief Pro,SKINRELIEF PRO LARGE,Retail,Region,Northeast,3213,157416.82,0.91
nielsen_scanner,2025-07,2025-Q3,Dermatology,SkinRelief Pro,SKINRELIEF PRO SMALL,Retail,Region,Northeast,4313,211321.7,0.91
nielsen_scanner,2025-07,2025-Q3,Parasiticides,TickShield Plus,TICKSHIELD PLUS LARGE,Retail,Region,Northeast,31741,761793.8,0.91
nielsen_scanner,2025-07,2025-Q3,Parasiticides,TickShield Plus,TICKSHIELD PLUS SMALL,Retail,Region,Northeast,42333,1015991.14,0.91
nielsen_scanner,2025-07,2025-Q3,Vaccines,Vanguard,VANGUARD LARGE,Retail,Region,Northeast,2987,65720.16,0.91
nielsen_scanner,2025-07,2025-Q3,Vaccines,Vanguard,VANGUARD SMALL,Retail,Region,Northeast,4161,91550.49,0.91
nielsen_scanner,2025-07,2025-Q3,Parasiticides,VectraGuard,VECTRAGUARD LARGE,Retail,Region,Northeast,37146,965797.52,0.91
nielsen_scanner,2025-07,2025-Q3,Parasiticides,VectraGuard,VECTRAGUARD SMALL,Retail,Region,Northeast,55508,1443218.26,0.91
nielsen_scanner,2025-07,2025-Q3,Vaccines,VetGuard Immunize,VETGUARD IMMUNIZE LARGE,Retail,Region,Northeast,3284,62405.29,0.91
nielsen_scanner,2025-07,2025-Q3,Vaccines,VetGuard Immunize,VETGUARD IMMUNIZE SMALL,Retail,Region,Northeast,4097,77846.95,0.91
nielsen_scanner,2025-07,2025-Q3,Vaccines,VetSelect Core Vax,VETSELECT CORE VAX LARGE,Retail,Region,Northeast,11379,159302.5,0.91
nielsen_scanner,2025-07,2025-Q3,Vaccines,VetSelect Core Vax,VETSELECT CORE VAX SMALL,Retail,Region,Northeast,16044,224616.97,0.91
nielsen_scanner,2025-07,2025-Q3,Dermatology,VetSelect Derma,VETSELECT DERMA LARGE,Retail,Region,Northeast,8122,308640.63,0.91
nielsen_scanner,2025-07,2025-Q3,Dermatology,VetSelect Derma,VETSELECT DERMA SMALL,Retail,Region,Northeast,11890,451824.03,0.91
nielsen_scanner,2025-07,2025-Q3,Petcare Diagnostics,VetSelect Dx,VETSELECT DX LARGE,Retail,Region,Northeast,7800,93603.58,0.91
nielsen_scanner,2025-07,2025-Q3,Petcare Diagnostics,VetSelect Dx,VETSELECT DX SMALL,Retail,Region,Northeast,10438,125260.33,0.91
nielsen_scanner,2025-07,2025-Q3,Parasiticides,VetSelect Flea & Tick,VETSELECT FLEA & TICK LARGE,Retail,Region,Northeast,59921,1018663.79,0.91
nielsen_scanner,2025-07,2025-Q3,Parasiticides,VetSelect Flea & Tick,VETSELECT FLEA & TICK SMALL,Retail,Region,Northeast,83066,1412114.68,0.91
nielsen_scanner,2025-07,2025-Q3,Pain/Osteoarthritis,VetSelect Joint,VETSELECT JOINT LARGE,Retail,Region,Northeast,4934,143079.93,0.91
nielsen_scanner,2025-07,2025-Q3,Pain/Osteoarthritis,VetSelect Joint,VETSELECT JOINT SMALL,Retail,Region,Northeast,6833,198151.96,0.91
nielsen_scanner,2025-07,2025-Q3,Petcare Diagnostics,Vetscan,VETSCAN LARGE,Retail,Region,Northeast,1597,28744.18,0.91
nielsen_scanner,2025-07,2025-Q3,Petcare Diagnostics,Vetscan,VETSCAN SMALL,Retail,Region,Northeast,2239,40295.76,0.91
nielsen_scanner,2025-07,2025-Q3,Dermatology,AllerVet RX,ALLERVET RX LARGE,Retail,Region,South,6013,324699.17,0.91
nielsen_scanner,2025-07,2025-Q3,Dermatology,AllerVet RX,ALLERVET RX SMALL,Retail,Region,South,8473,457537.61,0.91
nielsen_scanner,2025-07,2025-Q3,Dermatology,Apoquel,APOQUEL LARGE,Retail,Region,South,7864,511176.41,0.91
nielsen_scanner,2025-07,2025-Q3,Dermatology,Apoquel,APOQUEL SMALL,Retail,Region,South,11095,721146.2,0.91
nielsen_scanner,2025-07,2025-Q3,Vaccines,BioShield Vax,BIOSHIELD VAX LARGE,Retail,Region,South,5351,107021.21,0.91
nielsen_scanner,2025-07,2025-Q3,Vaccines,BioShield Vax,BIOSHIELD VAX SMALL,Retail,Region,South,7575,151496.97,0.91
nielsen_scanner,2025-07,2025-Q3,Dermatology,DermaCalm,DERMACALM LARGE,Retail,Region,South,6214,360385.34,0.91
nielsen_scanner,2025-07,2025-Q3,Dermatology,DermaCalm,DERMACALM SMALL,Retail,Region,South,8648,501570.25,0.91
nielsen_scanner,2025-07,2025-Q3,Petcare Diagnostics,DiagnosTech Vet,DIAGNOSTECH VET LARGE,Retail,Region,South,5057,85969.04,0.91
nielsen_scanner,2025-07,2025-Q3,Petcare Diagnostics,DiagnosTech Vet,DIAGNOSTECH VET SMALL,Retail,Region,South,6842,116317.11,0.91
nielsen_scanner,2025-07,2025-Q3,Parasiticides,FleaStop Pro,FLEASTOP PRO LARGE,Retail,Region,South,43355,910459.9,0.91
nielsen_scanner,2025-07,2025-Q3,Parasiticides,FleaStop Pro,FLEASTOP PRO SMALL,Retail,Region,South,57239,1202023.62,0.91
nielsen_scanner,2025-07,2025-Q3,Pain/Osteoarthritis,FlexiCare Joint,FLEXICARE JOINT LARGE,Retail,Region,South,2654,116782.48,0.91
nielsen_scanner,2025-07,2025-Q3,Pain/Osteoarthritis,FlexiCare Joint,FLEXICARE JOINT SMALL,Retail,Region,South,3799,167151.54,0.91
nielsen_scanner,2025-07,2025-Q3,Vaccines,ImmunoCore Canine,IMMUNOCORE CANINE LARGE,Retail,Region,South,6313,132578.65,0.91
nielsen_scanner,2025-07,2025-Q3,Vaccines,ImmunoCore Canine,IMMUNOCORE CANINE SMALL,Retail,Region,South,8997,188938.21,0.91
nielsen_scanner,2025-07,2025-Q3,Pain/Osteoarthritis,Librela,LIBRELA LARGE,Retail,Region,South,2037,97792.95,0.91
nielsen_scanner,2025-07,2025-Q3,Pain/Osteoarthritis,Librela,LIBRELA SMALL,Retail,Region,South,2896,138994.82,0.91
nielsen_scanner,2025-07,2025-Q3,Pain/Osteoarthritis,OsteoEase Vet,OSTEOEASE VET LARGE,Retail,Region,South,2401,98447.67,0.91
nielsen_scanner,2025-07,2025-Q3,Pain/Osteoarthritis,OsteoEase Vet,OSTEOEASE VET SMALL,Retail,Region,South,3477,142564.56,0.91
nielsen_scanner,2025-07,2025-Q3,Pain/Osteoarthritis,PainAway Canine,PAINAWAY CANINE LARGE,Retail,Region,South,2176,80499.06,0.91
nielsen_scanner,2025-07,2025-Q3,Pain/Osteoarthritis,PainAway Canine,PAINAWAY CANINE SMALL,Retail,Region,South,3035,112281.44,0.91
nielsen_scanner,2025-07,2025-Q3,Petcare Diagnostics,PetLab Analyzer,PETLAB ANALYZER LARGE,Retail,Region,South,2968,44514.7,0.91
nielsen_scanner,2025-07,2025-Q3,Petcare Diagnostics,PetLab Analyzer,PETLAB ANALYZER SMALL,Retail,Region,South,4118,61774.15,0.91
nielsen_scanner,2025-07,2025-Q3,Petcare Diagnostics,RapidVet Dx,RAPIDVET DX LARGE,Retail,Region,South,4597,73546.79,0.91
nielsen_scanner,2025-07,2025-Q3,Petcare Diagnostics,RapidVet Dx,RAPIDVET DX SMALL,Retail,Region,South,6210,99357.0,0.91
nielsen_scanner,2025-07,2025-Q3,Parasiticides,Simparica Trio,SIMPARICA TRIO LARGE,Retail,Region,South,69033,1932912.26,0.91
nielsen_scanner,2025-07,2025-Q3,Parasiticides,Simparica Trio,SIMPARICA TRIO SMALL,Retail,Region,South,95867,2684283.03,0.91
nielsen_scanner,2025-07,2025-Q3,Dermatology,SkinRelief Pro,SKINRELIEF PRO LARGE,Retail,Region,South,5303,259858.16,0.91
nielsen_scanner,2025-07,2025-Q3,Dermatology,SkinRelief Pro,SKINRELIEF PRO SMALL,Retail,Region,South,7024,344160.77,0.91
nielsen_scanner,2025-07,2025-Q3,Parasiticides,TickShield Plus,TICKSHIELD PLUS LARGE,Retail,Region,South,45773,1098551.67,0.91
nielsen_scanner,2025-07,2025-Q3,Parasiticides,TickShield Plus,TICKSHIELD PLUS SMALL,Retail,Region,South,63661,1527867.41,0.91
nielsen_scanner,2025-07,2025-Q3,Vaccines,Vanguard,VANGUARD LARGE,Retail,Region,South,4528,99620.11,0.91
nielsen_scanner,2025-07,2025-Q3,Vaccines,Vanguard,VANGUARD SMALL,Retail,Region,South,6249,137479.16,0.91
nielsen_scanner,2025-07,2025-Q3,Parasiticides,VectraGuard,VECTRAGUARD LARGE,Retail,Region,South,55547,1444228.81,0.91
nielsen_scanner,2025-07,2025-Q3,Parasiticides,VectraGuard,VECTRAGUARD SMALL,Retail,Region,South,81166,2110308.62,0.91
nielsen_scanner,2025-07,2025-Q3,Vaccines,VetGuard Immunize,VETGUARD IMMUNIZE LARGE,Retail,Region,South,4745,90151.71,0.91
nielsen_scanner,2025-07,2025-Q3,Vaccines,VetGuard Immunize,VETGUARD IMMUNIZE SMALL,Retail,Region,South,6918,131449.08,0.91
nielsen_scanner,2025-07,2025-Q3,Vaccines,VetSelect Core Vax,VETSELECT CORE VAX LARGE,Retail,Region,South,16585,232183.68,0.91
nielsen_scanner,2025-07,2025-Q3,Vaccines,VetSelect Core Vax,VETSELECT CORE VAX SMALL,Retail,Region,South,23179,324504.32,0.91
nielsen_scanner,2025-07,2025-Q3,Dermatology,VetSelect Derma,VETSELECT DERMA LARGE,Retail,Region,South,13027,495043.76,0.91
nielsen_scanner,2025-07,2025-Q3,Dermatology,VetSelect Derma,VETSELECT DERMA SMALL,Retail,Region,South,17257,655751.39,0.91
nielsen_scanner,2025-07,2025-Q3,Petcare Diagnostics,VetSelect Dx,VETSELECT DX LARGE,Retail,Region,South,13378,160535.9,0.91
nielsen_scanner,2025-07,2025-Q3,Petcare Diagnostics,VetSelect Dx,VETSELECT DX SMALL,Retail,Region,South,17875,214503.08,0.91
nielsen_scanner,2025-07,2025-Q3,Parasiticides,VetSelect Flea & Tick,VETSELECT FLEA & TICK LARGE,Retail,Region,South,100243,1704124.62,0.91
nielsen_scanner,2025-07,2025-Q3,Parasiticides,VetSelect Flea & Tick,VETSELECT FLEA & TICK SMALL,Retail,Region,South,139639,2373859.35,0.91
nielsen_scanner,2025-07,2025-Q3,Pain/Osteoarthritis,VetSelect Joint,VETSELECT JOINT LARGE,Retail,Region,South,7859,227915.43,0.91
nielsen_scanner,2025-07,2025-Q3,Pain/Osteoarthritis,VetSelect Joint,VETSELECT JOINT SMALL,Retail,Region,South,10162,294686.03,0.91
nielsen_scanner,2025-07,2025-Q3,Petcare Diagnostics,Vetscan,VETSCAN LARGE,Retail,Region,South,2621,47173.0,0.91
nielsen_scanner,2025-07,2025-Q3,Petcare Diagnostics,Vetscan,VETSCAN SMALL,Retail,Region,South,3752,67541.99,0.91
nielsen_scanner,2025-07,2025-Q3,Dermatology,AllerVet RX,ALLERVET RX LARGE,Retail,Region,West,4136,223345.74,0.91
nielsen_scanner,2025-07,2025-Q3,Dermatology,AllerVet RX,ALLERVET RX SMALL,Retail,Region,West,5211,281371.12,0.91
nielsen_scanner,2025-07,2025-Q3,Dermatology,Apoquel,APOQUEL LARGE,Retail,Region,West,4961,322435.02,0.91
nielsen_scanner,2025-07,2025-Q3,Dermatology,Apoquel,APOQUEL SMALL,Retail,Region,West,7515,488500.21,0.91
nielsen_scanner,2025-07,2025-Q3,Vaccines,BioShield Vax,BIOSHIELD VAX LARGE,Retail,Region,West,3730,74595.16,0.91
nielsen_scanner,2025-07,2025-Q3,Vaccines,BioShield Vax,BIOSHIELD VAX SMALL,Retail,Region,West,4786,95710.69,0.91
nielsen_scanner,2025-07,2025-Q3,Dermatology,DermaCalm,DERMACALM LARGE,Retail,Region,West,4558,264382.48,0.91
nielsen_scanner,2025-07,2025-Q3,Dermatology,DermaCalm,DERMACALM SMALL,Retail,Region,West,6139,356054.35,0.91
nielsen_scanner,2025-07,2025-Q3,Petcare Diagnostics,DiagnosTech Vet,DIAGNOSTECH VET LARGE,Retail,Region,West,3553,60409.15,0.91
nielsen_scanner,2025-07,2025-Q3,Petcare Diagnostics,DiagnosTech Vet,DIAGNOSTECH VET SMALL,Retail,Region,West,4595,78109.17,0.91
nielsen_scanner,2025-07,2025-Q3,Parasiticides,FleaStop Pro,FLEASTOP PRO LARGE,Retail,Region,West,28185,591875.22,0.91
nielsen_scanner,2025-07,2025-Q3,Parasiticides,FleaStop Pro,FLEASTOP PRO SMALL,Retail,Region,West,39815,836108.75,0.91
nielsen_scanner,2025-07,2025-Q3,Pain/Osteoarthritis,FlexiCare Joint,FLEXICARE JOINT LARGE,Retail,Region,West,1700,74800.57,0.91
nielsen_scanner,2025-07,2025-Q3,Pain/Osteoarthritis,FlexiCare Joint,FLEXICARE JOINT SMALL,Retail,Region,West,2443,107492.86,0.91
nielsen_scanner,2025-07,2025-Q3,Vaccines,ImmunoCore Canine,IMMUNOCORE CANINE LARGE,Retail,Region,West,4477,94012.68,0.91
nielsen_scanner,2025-07,2025-Q3,Vaccines,ImmunoCore Canine,IMMUNOCORE CANINE SMALL,Retail,Region,West,6229,130801.04,0.91
nielsen_scanner,2025-07,2025-Q3,Pain/Osteoarthritis,Librela,LIBRELA LARGE,Retail,Region,West,1382,66334.83,0.91
nielsen_scanner,2025-07,2025-Q3,Pain/Osteoarthritis,Librela,LIBRELA SMALL,Retail,Region,West,1919,92094.07,0.91
nielsen_scanner,2025-07,2025-Q3,Pain/Osteoarthritis,OsteoEase Vet,OSTEOEASE VET LARGE,Retail,Region,West,1707,70002.34,0.91
nielsen_scanner,2025-07,2025-Q3,Pain/Osteoarthritis,OsteoEase Vet,OSTEOEASE VET SMALL,Retail,Region,West,2460,100864.31,0.91
nielsen_scanner,2025-07,2025-Q3,Pain/Osteoarthritis,PainAway Canine,PAINAWAY CANINE LARGE,Retail,Region,West,1720,63623.76,0.91
nielsen_scanner,2025-07,2025-Q3,Pain/Osteoarthritis,PainAway Canine,PAINAWAY CANINE SMALL,Retail,Region,West,2363,87435.11,0.91
nielsen_scanner,2025-07,2025-Q3,Petcare Diagnostics,PetLab Analyzer,PETLAB ANALYZER LARGE,Retail,Region,West,1906,28583.11,0.91
nielsen_scanner,2025-07,2025-Q3,Petcare Diagnostics,PetLab Analyzer,PETLAB ANALYZER SMALL,Retail,Region,West,2680,40204.82,0.91
nielsen_scanner,2025-07,2025-Q3,Petcare Diagnostics,RapidVet Dx,RAPIDVET DX LARGE,Retail,Region,West,15653,250466.7,0.91
nielsen_scanner,2025-07,2025-Q3,Petcare Diagnostics,RapidVet Dx,RAPIDVET DX SMALL,Retail,Region,West,22284,356582.33,0.91
nielsen_scanner,2025-07,2025-Q3,Parasiticides,Simparica Trio,SIMPARICA TRIO LARGE,Retail,Region,West,47142,1319981.58,0.91
nielsen_scanner,2025-07,2025-Q3,Parasiticides,Simparica Trio,SIMPARICA TRIO SMALL,Retail,Region,West,64649,1810178.7,0.91
nielsen_scanner,2025-07,2025-Q3,Dermatology,SkinRelief Pro,SKINRELIEF PRO LARGE,Retail,Region,West,416,20389.8,0.91
nielsen_scanner,2025-07,2025-Q3,Dermatology,SkinRelief Pro,SKINRELIEF PRO SMALL,Retail,Region,West,609,29832.05,0.91
nielsen_scanner,2025-07,2025-Q3,Parasiticides,TickShield Plus,TICKSHIELD PLUS LARGE,Retail,Region,West,31668,760033.49,0.91
nielsen_scanner,2025-07,2025-Q3,Parasiticides,TickShield Plus,TICKSHIELD PLUS SMALL,Retail,Region,West,45427,1090248.56,0.91
nielsen_scanner,2025-07,2025-Q3,Vaccines,Vanguard,VANGUARD LARGE,Retail,Region,West,3061,67349.17,0.91
nielsen_scanner,2025-07,2025-Q3,Vaccines,Vanguard,VANGUARD SMALL,Retail,Region,West,4198,92355.56,0.91
nielsen_scanner,2025-07,2025-Q3,Parasiticides,VectraGuard,VECTRAGUARD LARGE,Retail,Region,West,38958,1012902.17,0.91
nielsen_scanner,2025-07,2025-Q3,Parasiticides,VectraGuard,VECTRAGUARD SMALL,Retail,Region,West,51450,1337707.74,0.91
nielsen_scanner,2025-07,2025-Q3,Vaccines,VetGuard Immunize,VETGUARD IMMUNIZE LARGE,Retail,Region,West,3323,63134.68,0.91
nielsen_scanner,2025-07,2025-Q3,Vaccines,VetGuard Immunize,VETGUARD IMMUNIZE SMALL,Retail,Region,West,4493,85370.12,0.91
nielsen_scanner,2025-07,2025-Q3,Vaccines,VetSelect Core Vax,VETSELECT CORE VAX LARGE,Retail,Region,West,11897,166564.9,0.91
nielsen_scanner,2025-07,2025-Q3,Vaccines,VetSelect Core Vax,VETSELECT CORE VAX SMALL,Retail,Region,West,17269,241771.23,0.91
nielsen_scanner,2025-07,2025-Q3,Dermatology,VetSelect Derma,VETSELECT DERMA LARGE,Retail,Region,West,8685,330033.93,0.91
nielsen_scanner,2025-07,2025-Q3,Dermatology,VetSelect Derma,VETSELECT DERMA SMALL,Retail,Region,West,12246,465353.55,0.91
nielsen_scanner,2025-07,2025-Q3,Petcare Diagnostics,VetSelect Dx,VETSELECT DX LARGE,Retail,Region,West,7410,88918.92,0.91
nielsen_scanner,2025-07,2025-Q3,Petcare Diagnostics,VetSelect Dx,VETSELECT DX SMALL,Retail,Region,West,11063,132759.69,0.91
nielsen_scanner,2025-07,2025-Q3,Parasiticides,VetSelect Flea & Tick,VETSELECT FLEA & TICK LARGE,Retail,Region,West,66449,1129635.18,0.91
nielsen_scanner,2025-07,2025-Q3,Parasiticides,VetSelect Flea & Tick,VETSELECT FLEA & TICK SMALL,Retail,Region,West,94076,1599298.71,0.91
nielsen_scanner,2025-07,2025-Q3,Pain/Osteoarthritis,VetSelect Joint,VETSELECT JOINT LARGE,Retail,Region,West,4908,142334.4,0.91
nielsen_scanner,2025-07,2025-Q3,Pain/Osteoarthritis,VetSelect Joint,VETSELECT JOINT SMALL,Retail,Region,West,6835,198208.89,0.91
nielsen_scanner,2025-07,2025-Q3,Petcare Diagnostics,Vetscan,VETSCAN LARGE,Retail,Region,West,1644,29597.8,0.91
nielsen_scanner,2025-07,2025-Q3,Petcare Diagnostics,Vetscan,VETSCAN SMALL,Retail,Region,West,2308,41537.12,0.91
nielsen_scanner,2025-08,2025-Q3,Dermatology,AllerVet RX,ALLERVET RX LARGE,Retail,National,National,17369,937961.46,0.91
nielsen_scanner,2025-08,2025-Q3,Dermatology,AllerVet RX,ALLERVET RX SMALL,Retail,National,National,24080,1300305.63,0.91
nielsen_scanner,2025-08,2025-Q3,Dermatology,Apoquel,APOQUEL LARGE,Retail,National,National,21399,1390982.97,0.91
nielsen_scanner,2025-08,2025-Q3,Dermatology,Apoquel,APOQUEL SMALL,Retail,National,National,29639,1926593.97,0.91
nielsen_scanner,2025-08,2025-Q3,Vaccines,BioShield Vax,BIOSHIELD VAX LARGE,Retail,National,National,14457,289130.38,0.91
nielsen_scanner,2025-08,2025-Q3,Vaccines,BioShield Vax,BIOSHIELD VAX SMALL,Retail,National,National,20176,403527.03,0.91
nielsen_scanner,2025-08,2025-Q3,Dermatology,DermaCalm,DERMACALM LARGE,Retail,National,National,18150,1052725.6,0.91
nielsen_scanner,2025-08,2025-Q3,Dermatology,DermaCalm,DERMACALM SMALL,Retail,National,National,25674,1489082.58,0.91
nielsen_scanner,2025-08,2025-Q3,Petcare Diagnostics,DiagnosTech Vet,DIAGNOSTECH VET LARGE,Retail,National,National,13555,230429.31,0.91
nielsen_scanner,2025-08,2025-Q3,Petcare Diagnostics,DiagnosTech Vet,DIAGNOSTECH VET SMALL,Retail,National,National,19040,323681.78,0.91
nielsen_scanner,2025-08,2025-Q3,Parasiticides,FleaStop Pro,FLEASTOP PRO LARGE,Retail,National,National,115844,2432695.79,0.91
nielsen_scanner,2025-08,2025-Q3,Parasiticides,FleaStop Pro,FLEASTOP PRO SMALL,Retail,National,National,157041,3297851.35,0.91
nielsen_scanner,2025-08,2025-Q3,Pain/Osteoarthritis,FlexiCare Joint,FLEXICARE JOINT LARGE,Retail,National,National,8233,362224.82,0.91
nielsen_scanner,2025-08,2025-Q3,Pain/Osteoarthritis,FlexiCare Joint,FLEXICARE JOINT SMALL,Retail,National,National,11190,492361.39,0.91
nielsen_scanner,2025-08,2025-Q3,Vaccines,ImmunoCore Canine,IMMUNOCORE CANINE LARGE,Retail,National,National,17369,364762.78,0.91
nielsen_scanner,2025-08,2025-Q3,Vaccines,ImmunoCore Canine,IMMUNOCORE CANINE SMALL,Retail,National,National,24541,515373.67,0.91
nielsen_scanner,2025-08,2025-Q3,Pain/Osteoarthritis,Librela,LIBRELA LARGE,Retail,National,National,5895,282896.9,0.91
nielsen_scanner,2025-08,2025-Q3,Pain/Osteoarthritis,Librela,LIBRELA SMALL,Retail,National,National,7981,383103.07,0.91
nielsen_scanner,2025-08,2025-Q3,Pain/Osteoarthritis,OsteoEase Vet,OSTEOEASE VET LARGE,Retail,National,National,6792,278478.49,0.91
nielsen_scanner,2025-08,2025-Q3,Pain/Osteoarthritis,OsteoEase Vet,OSTEOEASE VET SMALL,Retail,National,National,9520,390357.08,0.91
nielsen_scanner,2025-08,2025-Q3,Pain/Osteoarthritis,PainAway Canine,PAINAWAY CANINE LARGE,Retail,National,National,6407,237019.91,0.91
nielsen_scanner,2025-08,2025-Q3,Pain/Osteoarthritis,PainAway Canine,PAINAWAY CANINE SMALL,Retail,National,National,9101,336727.68,0.91
nielsen_scanner,2025-08,2025-Q3,Petcare Diagnostics,PetLab Analyzer,PETLAB ANALYZER LARGE,Retail,National,National,8104,121569.82,0.91
nielsen_scanner,2025-08,2025-Q3,Petcare Diagnostics,PetLab Analyzer,PETLAB ANALYZER SMALL,Retail,National,National,11546,173183.81,0.91
nielsen_scanner,2025-08,2025-Q3,Petcare Diagnostics,RapidVet Dx,RAPIDVET DX LARGE,Retail,National,National,12294,196718.07,0.91
nielsen_scanner,2025-08,2025-Q3,Petcare Diagnostics,RapidVet Dx,RAPIDVET DX SMALL,Retail,National,National,17125,273995.21,0.91
nielsen_scanner,2025-08,2025-Q3,Parasiticides,Simparica Trio,SIMPARICA TRIO LARGE,Retail,National,National,183829,5147213.01,0.91
nielsen_scanner,2025-08,2025-Q3,Parasiticides,Simparica Trio,SIMPARICA TRIO SMALL,Retail,National,National,246555,6903569.86,0.91
nielsen_scanner,2025-08,2025-Q3,Dermatology,SkinRelief Pro,SKINRELIEF PRO LARGE,Retail,National,National,14544,712655.03,0.91
nielsen_scanner,2025-08,2025-Q3,Dermatology,SkinRelief Pro,SKINRELIEF PRO SMALL,Retail,National,National,19623,961526.22,0.91
nielsen_scanner,2025-08,2025-Q3,Parasiticides,TickShield Plus,TICKSHIELD PLUS LARGE,Retail,National,National,125794,3019076.83,0.91
nielsen_scanner,2025-08,2025-Q3,Parasiticides,TickShield Plus,TICKSHIELD PLUS SMALL,Retail,National,National,170351,4088411.64,0.91
nielsen_scanner,2025-08,2025-Q3,Vaccines,Vanguard,VANGUARD LARGE,Retail,National,National,12167,267682.63,0.91
nielsen_scanner,2025-08,2025-Q3,Vaccines,Vanguard,VANGUARD SMALL,Retail,National,National,17112,376465.46,0.91
nielsen_scanner,2025-08,2025-Q3,Parasiticides,VectraGuard,VECTRAGUARD LARGE,Retail,National,National,159662,4151231.09,0.91
nielsen_scanner,2025-08,2025-Q3,Parasiticides,VectraGuard,VECTRAGUARD SMALL,Retail,National,National,224327,5832502.58,0.91
nielsen_scanner,2025-08,2025-Q3,Vaccines,VetGuard Immunize,VETGUARD IMMUNIZE LARGE,Retail,National,National,13715,260592.69,0.91
nielsen_scanner,2025-08,2025-Q3,Vaccines,VetGuard Immunize,VETGUARD IMMUNIZE SMALL,Retail,National,National,18785,356920.15,0.91
nielsen_scanner,2025-08,2025-Q3,Vaccines,VetSelect Core Vax,VETSELECT CORE VAX LARGE,Retail,National,National,47377,663271.68,0.91
nielsen_scanner,2025-08,2025-Q3,Vaccines,VetSelect Core Vax,VETSELECT CORE VAX SMALL,Retail,National,National,64363,901069.16,0.91
nielsen_scanner,2025-08,2025-Q3,Dermatology,VetSelect Derma,VETSELECT DERMA LARGE,Retail,National,National,34443,1308811.14,0.91
nielsen_scanner,2025-08,2025-Q3,Dermatology,VetSelect Derma,VETSELECT DERMA SMALL,Retail,National,National,46989,1785584.17,0.91
nielsen_scanner,2025-08,2025-Q3,Petcare Diagnostics,VetSelect Dx,VETSELECT DX LARGE,Retail,National,National,35481,425763.4,0.91
nielsen_scanner,2025-08,2025-Q3,Petcare Diagnostics,VetSelect Dx,VETSELECT DX SMALL,Retail,National,National,48873,586475.51,0.91
nielsen_scanner,2025-08,2025-Q3,Parasiticides,VetSelect Flea & Tick,VETSELECT FLEA & TICK LARGE,Retail,National,National,265547,4514303.73,0.91
nielsen_scanner,2025-08,2025-Q3,Parasiticides,VetSelect Flea & Tick,VETSELECT FLEA & TICK SMALL,Retail,National,National,364790,6201435.51,0.91
nielsen_scanner,2025-08,2025-Q3,Pain/Osteoarthritis,VetSelect Joint,VETSELECT JOINT LARGE,Retail,National,National,20341,589875.38,0.91
nielsen_scanner,2025-08,2025-Q3,Pain/Osteoarthritis,VetSelect Joint,VETSELECT JOINT SMALL,Retail,National,National,28157,816562.14,0.91
nielsen_scanner,2025-08,2025-Q3,Petcare Diagnostics,Vetscan,VETSCAN LARGE,Retail,National,National,6903,124257.93,0.91
nielsen_scanner,2025-08,2025-Q3,Petcare Diagnostics,Vetscan,VETSCAN SMALL,Retail,National,National,9881,177859.02,0.91
nielsen_scanner,2025-08,2025-Q3,Dermatology,AllerVet RX,ALLERVET RX LARGE,Retail,Region,Midwest,3397,183433.89,0.91
nielsen_scanner,2025-08,2025-Q3,Dermatology,AllerVet RX,ALLERVET RX SMALL,Retail,Region,Midwest,4814,259958.1,0.91
nielsen_scanner,2025-08,2025-Q3,Dermatology,Apoquel,APOQUEL LARGE,Retail,Region,Midwest,4248,276152.0,0.91
nielsen_scanner,2025-08,2025-Q3,Dermatology,Apoquel,APOQUEL SMALL,Retail,Region,Midwest,6146,399495.3,0.91
nielsen_scanner,2025-08,2025-Q3,Vaccines,BioShield Vax,BIOSHIELD VAX LARGE,Retail,Region,Midwest,2916,58310.48,0.91
nielsen_scanner,2025-08,2025-Q3,Vaccines,BioShield Vax,BIOSHIELD VAX SMALL,Retail,Region,Midwest,4145,82898.27,0.91
nielsen_scanner,2025-08,2025-Q3,Dermatology,DermaCalm,DERMACALM LARGE,Retail,Region,Midwest,3605,209084.56,0.91
nielsen_scanner,2025-08,2025-Q3,Dermatology,DermaCalm,DERMACALM SMALL,Retail,Region,Midwest,5154,298912.91,0.91
nielsen_scanner,2025-08,2025-Q3,Petcare Diagnostics,DiagnosTech Vet,DIAGNOSTECH VET LARGE,Retail,Region,Midwest,2712,46097.35,0.91
nielsen_scanner,2025-08,2025-Q3,Petcare Diagnostics,DiagnosTech Vet,DIAGNOSTECH VET SMALL,Retail,Region,Midwest,3989,67807.63,0.91
nielsen_scanner,2025-08,2025-Q3,Parasiticides,FleaStop Pro,FLEASTOP PRO LARGE,Retail,Region,Midwest,24528,515082.11,0.91
nielsen_scanner,2025-08,2025-Q3,Parasiticides,FleaStop Pro,FLEASTOP PRO SMALL,Retail,Region,Midwest,34598,726553.57,0.91
nielsen_scanner,2025-08,2025-Q3,Pain/Osteoarthritis,FlexiCare Joint,FLEXICARE JOINT LARGE,Retail,Region,Midwest,1864,81998.82,0.91
nielsen_scanner,2025-08,2025-Q3,Pain/Osteoarthritis,FlexiCare Joint,FLEXICARE JOINT SMALL,Retail,Region,Midwest,2321,102119.58,0.91
nielsen_scanner,2025-08,2025-Q3,Vaccines,ImmunoCore Canine,IMMUNOCORE CANINE LARGE,Retail,Region,Midwest,3677,77215.08,0.91
nielsen_scanner,2025-08,2025-Q3,Vaccines,ImmunoCore Canine,IMMUNOCORE CANINE SMALL,Retail,Region,Midwest,5341,112156.88,0.91
nielsen_scanner,2025-08,2025-Q3,Pain/Osteoarthritis,Librela,LIBRELA LARGE,Retail,Region,Midwest,1247,59836.73,0.91
nielsen_scanner,2025-08,2025-Q3,Pain/Osteoarthritis,Librela,LIBRELA SMALL,Retail,Region,Midwest,1642,78794.56,0.91
nielsen_scanner,2025-08,2025-Q3,Pain/Osteoarthritis,OsteoEase Vet,OSTEOEASE VET LARGE,Retail,Region,Midwest,1433,58740.14,0.91
nielsen_scanner,2025-08,2025-Q3,Pain/Osteoarthritis,OsteoEase Vet,OSTEOEASE VET SMALL,Retail,Region,Midwest,2093,85832.45,0.91
nielsen_scanner,2025-08,2025-Q3,Pain/Osteoarthritis,PainAway Canine,PAINAWAY CANINE LARGE,Retail,Region,Midwest,1357,50203.44,0.91
nielsen_scanner,2025-08,2025-Q3,Pain/Osteoarthritis,PainAway Canine,PAINAWAY CANINE SMALL,Retail,Region,Midwest,1993,73749.59,0.91
nielsen_scanner,2025-08,2025-Q3,Petcare Diagnostics,PetLab Analyzer,PETLAB ANALYZER LARGE,Retail,Region,Midwest,1693,25397.08,0.91
nielsen_scanner,2025-08,2025-Q3,Petcare Diagnostics,PetLab Analyzer,PETLAB ANALYZER SMALL,Retail,Region,Midwest,2376,35633.0,0.91
nielsen_scanner,2025-08,2025-Q3,Petcare Diagnostics,RapidVet Dx,RAPIDVET DX LARGE,Retail,Region,Midwest,2830,45276.97,0.91
nielsen_scanner,2025-08,2025-Q3,Petcare Diagnostics,RapidVet Dx,RAPIDVET DX SMALL,Retail,Region,Midwest,3788,60606.91,0.91
nielsen_scanner,2025-08,2025-Q3,Parasiticides,Simparica Trio,SIMPARICA TRIO LARGE,Retail,Region,Midwest,34949,978565.82,0.91
nielsen_scanner,2025-08,2025-Q3,Parasiticides,Simparica Trio,SIMPARICA TRIO SMALL,Retail,Region,Midwest,51043,1429216.31,0.91
nielsen_scanner,2025-08,2025-Q3,Dermatology,SkinRelief Pro,SKINRELIEF PRO LARGE,Retail,Region,Midwest,2967,145388.18,0.91
nielsen_scanner,2025-08,2025-Q3,Dermatology,SkinRelief Pro,SKINRELIEF PRO SMALL,Retail,Region,Midwest,3884,190300.84,0.91
nielsen_scanner,2025-08,2025-Q3,Parasiticides,TickShield Plus,TICKSHIELD PLUS LARGE,Retail,Region,Midwest,27488,659721.67,0.91
nielsen_scanner,2025-08,2025-Q3,Parasiticides,TickShield Plus,TICKSHIELD PLUS SMALL,Retail,Region,Midwest,39158,939783.76,0.91
nielsen_scanner,2025-08,2025-Q3,Vaccines,Vanguard,VANGUARD LARGE,Retail,Region,Midwest,2561,56344.3,0.91
nielsen_scanner,2025-08,2025-Q3,Vaccines,Vanguard,VANGUARD SMALL,Retail,Region,Midwest,3350,73701.37,0.91
nielsen_scanner,2025-08,2025-Q3,Parasiticides,VectraGuard,VECTRAGUARD LARGE,Retail,Region,Midwest,33921,881950.99,0.91
nielsen_scanner,2025-08,2025-Q3,Parasiticides,VectraGuard,VECTRAGUARD SMALL,Retail,Region,Midwest,46436,1207329.86,0.91
nielsen_scanner,2025-08,2025-Q3,Vaccines,VetGuard Immunize,VETGUARD IMMUNIZE LARGE,Retail,Region,Midwest,2954,56131.46,0.91
nielsen_scanner,2025-08,2025-Q3,Vaccines,VetGuard Immunize,VETGUARD IMMUNIZE SMALL,Retail,Region,Midwest,3954,75131.74,0.91
nielsen_scanner,2025-08,2025-Q3,Vaccines,VetSelect Core Vax,VETSELECT CORE VAX LARGE,Retail,Region,Midwest,10245,143425.85,0.91
nielsen_scanner,2025-08,2025-Q3,Vaccines,VetSelect Core Vax,VETSELECT CORE VAX SMALL,Retail,Region,Midwest,13091,183267.15,0.91
nielsen_scanner,2025-08,2025-Q3,Dermatology,VetSelect Derma,VETSELECT DERMA LARGE,Retail,Region,Midwest,7047,267778.47,0.91
nielsen_scanner,2025-08,2025-Q3,Dermatology,VetSelect Derma,VETSELECT DERMA SMALL,Retail,Region,Midwest,8941,339759.49,0.91
nielsen_scanner,2025-08,2025-Q3,Petcare Diagnostics,VetSelect Dx,VETSELECT DX LARGE,Retail,Region,Midwest,7755,93054.7,0.91
nielsen_scanner,2025-08,2025-Q3,Petcare Diagnostics,VetSelect Dx,VETSELECT DX SMALL,Retail,Region,Midwest,10436,125232.38,0.91
nielsen_scanner,2025-08,2025-Q3,Parasiticides,VetSelect Flea & Tick,VETSELECT FLEA & TICK LARGE,Retail,Region,Midwest,56212,955609.12,0.91
nielsen_scanner,2025-08,2025-Q3,Parasiticides,VetSelect Flea & Tick,VETSELECT FLEA & TICK SMALL,Retail,Region,Midwest,74973,1274537.45,0.91
nielsen_scanner,2025-08,2025-Q3,Pain/Osteoarthritis,VetSelect Joint,VETSELECT JOINT LARGE,Retail,Region,Midwest,4476,129806.54,0.91
nielsen_scanner,2025-08,2025-Q3,Pain/Osteoarthritis,VetSelect Joint,VETSELECT JOINT SMALL,Retail,Region,Midwest,6127,177679.84,0.91
nielsen_scanner,2025-08,2025-Q3,Petcare Diagnostics,Vetscan,VETSCAN LARGE,Retail,Region,Midwest,1457,26220.91,0.91
nielsen_scanner,2025-08,2025-Q3,Petcare Diagnostics,Vetscan,VETSCAN SMALL,Retail,Region,Midwest,2080,37432.07,0.91
nielsen_scanner,2025-08,2025-Q3,Dermatology,AllerVet RX,ALLERVET RX LARGE,Retail,Region,Northeast,3992,215579.86,0.91
nielsen_scanner,2025-08,2025-Q3,Dermatology,AllerVet RX,ALLERVET RX SMALL,Retail,Region,Northeast,5501,297072.97,0.91
nielsen_scanner,2025-08,2025-Q3,Dermatology,Apoquel,APOQUEL LARGE,Retail,Region,Northeast,4832,314087.76,0.91
nielsen_scanner,2025-08,2025-Q3,Dermatology,Apoquel,APOQUEL SMALL,Retail,Region,Northeast,6821,443389.75,0.91
nielsen_scanner,2025-08,2025-Q3,Vaccines,BioShield Vax,BIOSHIELD VAX LARGE,Retail,Region,Northeast,2968,59356.73,0.91
nielsen_scanner,2025-08,2025-Q3,Vaccines,BioShield Vax,BIOSHIELD VAX SMALL,Retail,Region,Northeast,4074,81485.75,0.91
nielsen_scanner,2025-08,2025-Q3,Dermatology,DermaCalm,DERMACALM LARGE,Retail,Region,Northeast,4074,236302.81,0.91
nielsen_scanner,2025-08,2025-Q3,Dermatology,DermaCalm,DERMACALM SMALL,Retail,Region,Northeast,5870,340476.02,0.91
nielsen_scanner,2025-08,2025-Q3,Petcare Diagnostics,DiagnosTech Vet,DIAGNOSTECH VET LARGE,Retail,Region,Northeast,3100,52707.16,0.91
nielsen_scanner,2025-08,2025-Q3,Petcare Diagnostics,DiagnosTech Vet,DIAGNOSTECH VET SMALL,Retail,Region,Northeast,4421,75160.03,0.91
nielsen_scanner,2025-08,2025-Q3,Parasiticides,FleaStop Pro,FLEASTOP PRO LARGE,Retail,Region,Northeast,24647,517582.07,0.91
nielsen_scanner,2025-08,2025-Q3,Parasiticides,FleaStop Pro,FLEASTOP PRO SMALL,Retail,Region,Northeast,33259,698432.32,0.91
nielsen_scanner,2025-08,2025-Q3,Pain/Osteoarthritis,FlexiCare Joint,FLEXICARE JOINT LARGE,Retail,Region,Northeast,1794,78922.08,0.91
nielsen_scanner,2025-08,2025-Q3,Pain/Osteoarthritis,FlexiCare Joint,FLEXICARE JOINT SMALL,Retail,Region,Northeast,2472,108789.81,0.91
nielsen_scanner,2025-08,2025-Q3,Vaccines,ImmunoCore Canine,IMMUNOCORE CANINE LARGE,Retail,Region,Northeast,4010,84213.71,0.91
nielsen_scanner,2025-08,2025-Q3,Vaccines,ImmunoCore Canine,IMMUNOCORE CANINE SMALL,Retail,Region,Northeast,5482,115120.51,0.91
nielsen_scanner,2025-08,2025-Q3,Pain/Osteoarthritis,Librela,LIBRELA LARGE,Retail,Region,Northeast,1374,65932.06,0.91
nielsen_scanner,2025-08,2025-Q3,Pain/Osteoarthritis,Librela,LIBRELA SMALL,Retail,Region,Northeast,1772,85077.53,0.91
nielsen_scanner,2025-08,2025-Q3,Pain/Osteoarthritis,OsteoEase Vet,OSTEOEASE VET LARGE,Retail,Region,Northeast,1453,59576.53,0.91
nielsen_scanner,2025-08,2025-Q3,Pain/Osteoarthritis,OsteoEase Vet,OSTEOEASE VET SMALL,Retail,Region,Northeast,2070,84882.12,0.91
nielsen_scanner,2025-08,2025-Q3,Pain/Osteoarthritis,PainAway Canine,PAINAWAY CANINE LARGE,Retail,Region,Northeast,1525,56409.96,0.91
nielsen_scanner,2025-08,2025-Q3,Pain/Osteoarthritis,PainAway Canine,PAINAWAY CANINE SMALL,Retail,Region,Northeast,2148,79461.26,0.91
nielsen_scanner,2025-08,2025-Q3,Petcare Diagnostics,PetLab Analyzer,PETLAB ANALYZER LARGE,Retail,Region,Northeast,1820,27307.34,0.91
nielsen_scanner,2025-08,2025-Q3,Petcare Diagnostics,PetLab Analyzer,PETLAB ANALYZER SMALL,Retail,Region,Northeast,2522,37831.24,0.91
nielsen_scanner,2025-08,2025-Q3,Petcare Diagnostics,RapidVet Dx,RAPIDVET DX LARGE,Retail,Region,Northeast,2750,44004.05,0.91
nielsen_scanner,2025-08,2025-Q3,Petcare Diagnostics,RapidVet Dx,RAPIDVET DX SMALL,Retail,Region,Northeast,3637,58189.4,0.91
nielsen_scanner,2025-08,2025-Q3,Parasiticides,Simparica Trio,SIMPARICA TRIO LARGE,Retail,Region,Northeast,40745,1140869.55,0.91
nielsen_scanner,2025-08,2025-Q3,Parasiticides,Simparica Trio,SIMPARICA TRIO SMALL,Retail,Region,Northeast,54429,1524022.41,0.91
nielsen_scanner,2025-08,2025-Q3,Dermatology,SkinRelief Pro,SKINRELIEF PRO LARGE,Retail,Region,Northeast,3263,159866.14,0.91
nielsen_scanner,2025-08,2025-Q3,Dermatology,SkinRelief Pro,SKINRELIEF PRO SMALL,Retail,Region,Northeast,4441,217598.5,0.91
nielsen_scanner,2025-08,2025-Q3,Parasiticides,TickShield Plus,TICKSHIELD PLUS LARGE,Retail,Region,Northeast,28947,694731.03,0.91
nielsen_scanner,2025-08,2025-Q3,Parasiticides,TickShield Plus,TICKSHIELD PLUS SMALL,Retail,Region,Northeast,37052,889250.44,0.91
nielsen_scanner,2025-08,2025-Q3,Vaccines,Vanguard,VANGUARD LARGE,Retail,Region,Northeast,2661,58544.65,0.91
nielsen_scanner,2025-08,2025-Q3,Vaccines,Vanguard,VANGUARD SMALL,Retail,Region,Northeast,3902,85854.46,0.91
nielsen_scanner,2025-08,2025-Q3,Parasiticides,VectraGuard,VECTRAGUARD LARGE,Retail,Region,Northeast,35647,926830.52,0.91
nielsen_scanner,2025-08,2025-Q3,Parasiticides,VectraGuard,VECTRAGUARD SMALL,Retail,Region,Northeast,45834,1191689.4,0.91
nielsen_scanner,2025-08,2025-Q3,Vaccines,VetGuard Immunize,VETGUARD IMMUNIZE LARGE,Retail,Region,Northeast,2988,56778.93,0.91
nielsen_scanner,2025-08,2025-Q3,Vaccines,VetGuard Immunize,VETGUARD IMMUNIZE SMALL,Retail,Region,Northeast,3972,75470.48,0.91
nielsen_scanner,2025-08,2025-Q3,Vaccines,VetSelect Core Vax,VETSELECT CORE VAX LARGE,Retail,Region,Northeast,10477,146682.82,0.91
nielsen_scanner,2025-08,2025-Q3,Vaccines,VetSelect Core Vax,VETSELECT CORE VAX SMALL,Retail,Region,Northeast,14401,201610.35,0.91
nielsen_scanner,2025-08,2025-Q3,Dermatology,VetSelect Derma,VETSELECT DERMA LARGE,Retail,Region,Northeast,7361,279704.04,0.91
nielsen_scanner,2025-08,2025-Q3,Dermatology,VetSelect Derma,VETSELECT DERMA SMALL,Retail,Region,Northeast,10061,382303.92,0.91
nielsen_scanner,2025-08,2025-Q3,Petcare Diagnostics,VetSelect Dx,VETSELECT DX LARGE,Retail,Region,Northeast,7642,91701.09,0.91
nielsen_scanner,2025-08,2025-Q3,Petcare Diagnostics,VetSelect Dx,VETSELECT DX SMALL,Retail,Region,Northeast,10728,128739.8,0.91
nielsen_scanner,2025-08,2025-Q3,Parasiticides,VetSelect Flea & Tick,VETSELECT FLEA & TICK LARGE,Retail,Region,Northeast,60134,1022277.58,0.91
nielsen_scanner,2025-08,2025-Q3,Parasiticides,VetSelect Flea & Tick,VETSELECT FLEA & TICK SMALL,Retail,Region,Northeast,83524,1419906.45,0.91
nielsen_scanner,2025-08,2025-Q3,Pain/Osteoarthritis,VetSelect Joint,VETSELECT JOINT LARGE,Retail,Region,Northeast,4382,127069.77,0.91
nielsen_scanner,2025-08,2025-Q3,Pain/Osteoarthritis,VetSelect Joint,VETSELECT JOINT SMALL,Retail,Region,Northeast,6234,180796.1,0.91
nielsen_scanner,2025-08,2025-Q3,Petcare Diagnostics,Vetscan,VETSCAN LARGE,Retail,Region,Northeast,1555,27998.45,0.91
nielsen_scanner,2025-08,2025-Q3,Petcare Diagnostics,Vetscan,VETSCAN SMALL,Retail,Region,Northeast,2124,38228.37,0.91
nielsen_scanner,2025-08,2025-Q3,Dermatology,AllerVet RX,ALLERVET RX LARGE,Retail,Region,South,6067,327643.32,0.91
nielsen_scanner,2025-08,2025-Q3,Dermatology,AllerVet RX,ALLERVET RX SMALL,Retail,Region,South,8565,462497.47,0.91
nielsen_scanner,2025-08,2025-Q3,Dermatology,Apoquel,APOQUEL LARGE,Retail,Region,South,7337,476914.51,0.91
nielsen_scanner,2025-08,2025-Q3,Dermatology,Apoquel,APOQUEL SMALL,Retail,Region,South,10075,654871.82,0.91
nielsen_scanner,2025-08,2025-Q3,Vaccines,BioShield Vax,BIOSHIELD VAX LARGE,Retail,Region,South,5266,105318.44,0.91
nielsen_scanner,2025-08,2025-Q3,Vaccines,BioShield Vax,BIOSHIELD VAX SMALL,Retail,Region,South,7064,141273.47,0.91
nielsen_scanner,2025-08,2025-Q3,Dermatology,DermaCalm,DERMACALM LARGE,Retail,Region,South,6390,370620.57,0.91
nielsen_scanner,2025-08,2025-Q3,Dermatology,DermaCalm,DERMACALM SMALL,Retail,Region,South,8973,520424.4,0.91
nielsen_scanner,2025-08,2025-Q3,Petcare Diagnostics,DiagnosTech Vet,DIAGNOSTECH VET LARGE,Retail,Region,South,4598,78163.74,0.91
nielsen_scanner,2025-08,2025-Q3,Petcare Diagnostics,DiagnosTech Vet,DIAGNOSTECH VET SMALL,Retail,Region,South,6277,106716.69,0.91
nielsen_scanner,2025-08,2025-Q3,Parasiticides,FleaStop Pro,FLEASTOP PRO LARGE,Retail,Region,South,40332,846962.2,0.91
nielsen_scanner,2025-08,2025-Q3,Parasiticides,FleaStop Pro,FLEASTOP PRO SMALL,Retail,Region,South,53550,1124548.46,0.91
nielsen_scanner,2025-08,2025-Q3,Pain/Osteoarthritis,FlexiCare Joint,FLEXICARE JOINT LARGE,Retail,Region,South,2837,124846.67,0.91
nielsen_scanner,2025-08,2025-Q3,Pain/Osteoarthritis,FlexiCare Joint,FLEXICARE JOINT SMALL,Retail,Region,South,3791,166799.99,0.91
nielsen_scanner,2025-08,2025-Q3,Vaccines,ImmunoCore Canine,IMMUNOCORE CANINE LARGE,Retail,Region,South,5636,118360.57,0.91
nielsen_scanner,2025-08,2025-Q3,Vaccines,ImmunoCore Canine,IMMUNOCORE CANINE SMALL,Retail,Region,South,7961,167191.1,0.91
nielsen_scanner,2025-08,2025-Q3,Pain/Osteoarthritis,Librela,LIBRELA LARGE,Retail,Region,South,1950,93598.7,0.91
nielsen_scanner,2025-08,2025-Q3,Pain/Osteoarthritis,Librela,LIBRELA SMALL,Retail,Region,South,2713,130245.83,0.91
nielsen_scanner,2025-08,2025-Q3,Pain/Osteoarthritis,OsteoEase Vet,OSTEOEASE VET LARGE,Retail,Region,South,2344,96113.96,0.91
nielsen_scanner,2025-08,2025-Q3,Pain/Osteoarthritis,OsteoEase Vet,OSTEOEASE VET SMALL,Retail,Region,South,3236,132673.17,0.91
nielsen_scanner,2025-08,2025-Q3,Pain/Osteoarthritis,PainAway Canine,PAINAWAY CANINE LARGE,Retail,Region,South,2110,78057.99,0.91
nielsen_scanner,2025-08,2025-Q3,Pain/Osteoarthritis,PainAway Canine,PAINAWAY CANINE SMALL,Retail,Region,South,3025,111932.07,0.91
nielsen_scanner,2025-08,2025-Q3,Petcare Diagnostics,PetLab Analyzer,PETLAB ANALYZER LARGE,Retail,Region,South,2766,41488.56,0.91
nielsen_scanner,2025-08,2025-Q3,Petcare Diagnostics,PetLab Analyzer,PETLAB ANALYZER SMALL,Retail,Region,South,4070,61055.64,0.91
nielsen_scanner,2025-08,2025-Q3,Petcare Diagnostics,RapidVet Dx,RAPIDVET DX LARGE,Retail,Region,South,4202,67239.45,0.91
nielsen_scanner,2025-08,2025-Q3,Petcare Diagnostics,RapidVet Dx,RAPIDVET DX SMALL,Retail,Region,South,5882,94107.37,0.91
nielsen_scanner,2025-08,2025-Q3,Parasiticides,Simparica Trio,SIMPARICA TRIO LARGE,Retail,Region,South,69243,1938798.35,0.91
nielsen_scanner,2025-08,2025-Q3,Parasiticides,Simparica Trio,SIMPARICA TRIO SMALL,Retail,Region,South,88330,2473235.74,0.91
nielsen_scanner,2025-08,2025-Q3,Dermatology,SkinRelief Pro,SKINRELIEF PRO LARGE,Retail,Region,South,4882,239229.03,0.91
nielsen_scanner,2025-08,2025-Q3,Dermatology,SkinRelief Pro,SKINRELIEF PRO SMALL,Retail,Region,South,6602,323500.19,0.91
nielsen_scanner,2025-08,2025-Q3,Parasiticides,TickShield Plus,TICKSHIELD PLUS LARGE,Retail,Region,South,39203,940868.32,0.91
nielsen_scanner,2025-08,2025-Q3,Parasiticides,TickShield Plus,TICKSHIELD PLUS SMALL,Retail,Region,South,52532,1260760.25,0.91
nielsen_scanner,2025-08,2025-Q3,Vaccines,Vanguard,VANGUARD LARGE,Retail,Region,South,4194,92265.72,0.91
nielsen_scanner,2025-08,2025-Q3,Vaccines,Vanguard,VANGUARD SMALL,Retail,Region,South,5971,131357.83,0.91
nielsen_scanner,2025-08,2025-Q3,Parasiticides,VectraGuard,VECTRAGUARD LARGE,Retail,Region,South,54078,1406034.1,0.91
nielsen_scanner,2025-08,2025-Q3,Parasiticides,VectraGuard,VECTRAGUARD SMALL,Retail,Region,South,77404,2012498.5,0.91
nielsen_scanner,2025-08,2025-Q3,Vaccines,VetGuard Immunize,VETGUARD IMMUNIZE LARGE,Retail,Region,South,4606,87518.38,0.91
nielsen_scanner,2025-08,2025-Q3,Vaccines,VetGuard Immunize,VETGUARD IMMUNIZE SMALL,Retail,Region,South,6613,125651.3,0.91
nielsen_scanner,2025-08,2025-Q3,Vaccines,VetSelect Core Vax,VETSELECT CORE VAX LARGE,Retail,Region,South,15636,218903.02,0.91
nielsen_scanner,2025-08,2025-Q3,Vaccines,VetSelect Core Vax,VETSELECT CORE VAX SMALL,Retail,Region,South,21454,300353.87,0.91
nielsen_scanner,2025-08,2025-Q3,Dermatology,VetSelect Derma,VETSELECT DERMA LARGE,Retail,Region,South,12381,470472.08,0.91
nielsen_scanner,2025-08,2025-Q3,Dermatology,VetSelect Derma,VETSELECT DERMA SMALL,Retail,Region,South,17400,661202.99,0.91
nielsen_scanner,2025-08,2025-Q3,Petcare Diagnostics,VetSelect Dx,VETSELECT DX LARGE,Retail,Region,South,11981,143773.43,0.91
nielsen_scanner,2025-08,2025-Q3,Petcare Diagnostics,VetSelect Dx,VETSELECT DX SMALL,Retail,Region,South,16192,194302.09,0.91
nielsen_scanner,2025-08,2025-Q3,Parasiticides,VetSelect Flea & Tick,VETSELECT FLEA & TICK LARGE,Retail,Region,South,89785,1526338.36,0.91
nielsen_scanner,2025-08,2025-Q3,Parasiticides,VetSelect Flea & Tick,VETSELECT FLEA & TICK SMALL,Retail,Region,South,123364,2097195.52,0.91
nielsen_scanner,2025-08,2025-Q3,Pain/Osteoarthritis,VetSelect Joint,VETSELECT JOINT LARGE,Retail,Region,South,6657,193053.86,0.91
nielsen_scanner,2025-08,2025-Q3,Pain/Osteoarthritis,VetSelect Joint,VETSELECT JOINT SMALL,Retail,Region,South,9429,273440.33,0.91
nielsen_scanner,2025-08,2025-Q3,Petcare Diagnostics,Vetscan,VETSCAN LARGE,Retail,Region,South,2340,42127.79,0.91
nielsen_scanner,2025-08,2025-Q3,Petcare Diagnostics,Vetscan,VETSCAN SMALL,Retail,Region,South,3502,63043.23,0.91
nielsen_scanner,2025-08,2025-Q3,Dermatology,AllerVet RX,ALLERVET RX LARGE,Retail,Region,West,3913,211304.39,0.91
nielsen_scanner,2025-08,2025-Q3,Dermatology,AllerVet RX,ALLERVET RX SMALL,Retail,Region,West,5200,280777.09,0.91
nielsen_scanner,2025-08,2025-Q3,Dermatology,Apoquel,APOQUEL LARGE,Retail,Region,West,4982,323828.7,0.91
nielsen_scanner,2025-08,2025-Q3,Dermatology,Apoquel,APOQUEL SMALL,Retail,Region,West,6597,428837.1,0.91
nielsen_scanner,2025-08,2025-Q3,Vaccines,BioShield Vax,BIOSHIELD VAX LARGE,Retail,Region,West,3307,66144.73,0.91
nielsen_scanner,2025-08,2025-Q3,Vaccines,BioShield Vax,BIOSHIELD VAX SMALL,Retail,Region,West,4893,97869.54,0.91
nielsen_scanner,2025-08,2025-Q3,Dermatology,DermaCalm,DERMACALM LARGE,Retail,Region,West,4081,236717.66,0.91
nielsen_scanner,2025-08,2025-Q3,Dermatology,DermaCalm,DERMACALM SMALL,Retail,Region,West,5677,329269.25,0.91
nielsen_scanner,2025-08,2025-Q3,Petcare Diagnostics,DiagnosTech Vet,DIAGNOSTECH VET LARGE,Retail,Region,West,3145,53461.06,0.91
nielsen_scanner,2025-08,2025-Q3,Petcare Diagnostics,DiagnosTech Vet,DIAGNOSTECH VET SMALL,Retail,Region,West,4353,73997.43,0.91
nielsen_scanner,2025-08,2025-Q3,Parasiticides,FleaStop Pro,FLEASTOP PRO LARGE,Retail,Region,West,26337,553069.41,0.91
nielsen_scanner,2025-08,2025-Q3,Parasiticides,FleaStop Pro,FLEASTOP PRO SMALL,Retail,Region,West,35634,748317.0,0.91
nielsen_scanner,2025-08,2025-Q3,Pain/Osteoarthritis,FlexiCare Joint,FLEXICARE JOINT LARGE,Retail,Region,West,1738,76457.25,0.91
nielsen_scanner,2025-08,2025-Q3,Pain/Osteoarthritis,FlexiCare Joint,FLEXICARE JOINT SMALL,Retail,Region,West,2606,114652.01,0.91
nielsen_scanner,2025-08,2025-Q3,Vaccines,ImmunoCore Canine,IMMUNOCORE CANINE LARGE,Retail,Region,West,4046,84973.42,0.91
nielsen_scanner,2025-08,2025-Q3,Vaccines,ImmunoCore Canine,IMMUNOCORE CANINE SMALL,Retail,Region,West,5757,120905.18,0.91
nielsen_scanner,2025-08,2025-Q3,Pain/Osteoarthritis,Librela,LIBRELA LARGE,Retail,Region,West,1324,63529.41,0.91
nielsen_scanner,2025-08,2025-Q3,Pain/Osteoarthritis,Librela,LIBRELA SMALL,Retail,Region,West,1854,88985.15,0.91
nielsen_scanner,2025-08,2025-Q3,Pain/Osteoarthritis,OsteoEase Vet,OSTEOEASE VET LARGE,Retail,Region,West,1562,64047.86,0.91
nielsen_scanner,2025-08,2025-Q3,Pain/Osteoarthritis,OsteoEase Vet,OSTEOEASE VET SMALL,Retail,Region,West,2121,86969.34,0.91
nielsen_scanner,2025-08,2025-Q3,Pain/Osteoarthritis,PainAway Canine,PAINAWAY CANINE LARGE,Retail,Region,West,1415,52348.52,0.91
nielsen_scanner,2025-08,2025-Q3,Pain/Osteoarthritis,PainAway Canine,PAINAWAY CANINE SMALL,Retail,Region,West,1935,71584.76,0.91
nielsen_scanner,2025-08,2025-Q3,Petcare Diagnostics,PetLab Analyzer,PETLAB ANALYZER LARGE,Retail,Region,West,1825,27376.84,0.91
nielsen_scanner,2025-08,2025-Q3,Petcare Diagnostics,PetLab Analyzer,PETLAB ANALYZER SMALL,Retail,Region,West,2578,38663.93,0.91
nielsen_scanner,2025-08,2025-Q3,Petcare Diagnostics,RapidVet Dx,RAPIDVET DX LARGE,Retail,Region,West,2512,40197.6,0.91
nielsen_scanner,2025-08,2025-Q3,Petcare Diagnostics,RapidVet Dx,RAPIDVET DX SMALL,Retail,Region,West,3818,61091.53,0.91
nielsen_scanner,2025-08,2025-Q3,Parasiticides,Simparica Trio,SIMPARICA TRIO LARGE,Retail,Region,West,38892,1088979.29,0.91
nielsen_scanner,2025-08,2025-Q3,Parasiticides,Simparica Trio,SIMPARICA TRIO SMALL,Retail,Region,West,52753,1477095.4,0.91
nielsen_scanner,2025-08,2025-Q3,Dermatology,SkinRelief Pro,SKINRELIEF PRO LARGE,Retail,Region,West,3432,168171.68,0.91
nielsen_scanner,2025-08,2025-Q3,Dermatology,SkinRelief Pro,SKINRELIEF PRO SMALL,Retail,Region,West,4696,230126.69,0.91
nielsen_scanner,2025-08,2025-Q3,Parasiticides,TickShield Plus,TICKSHIELD PLUS LARGE,Retail,Region,West,30156,723755.81,0.91
nielsen_scanner,2025-08,2025-Q3,Parasiticides,TickShield Plus,TICKSHIELD PLUS SMALL,Retail,Region,West,41609,998617.19,0.91
nielsen_scanner,2025-08,2025-Q3,Vaccines,Vanguard,VANGUARD LARGE,Retail,Region,West,2751,60527.96,0.91
nielsen_scanner,2025-08,2025-Q3,Vaccines,Vanguard,VANGUARD SMALL,Retail,Region,West,3889,85551.8,0.91
nielsen_scanner,2025-08,2025-Q3,Parasiticides,VectraGuard,VECTRAGUARD LARGE,Retail,Region,West,36016,936415.48,0.91
nielsen_scanner,2025-08,2025-Q3,Parasiticides,VectraGuard,VECTRAGUARD SMALL,Retail,Region,West,54653,1420984.82,0.91
nielsen_scanner,2025-08,2025-Q3,Vaccines,VetGuard Immunize,VETGUARD IMMUNIZE LARGE,Retail,Region,West,3167,60163.92,0.91
nielsen_scanner,2025-08,2025-Q3,Vaccines,VetGuard Immunize,VETGUARD IMMUNIZE SMALL,Retail,Region,West,4246,80666.63,0.91
nielsen_scanner,2025-08,2025-Q3,Vaccines,VetSelect Core Vax,VETSELECT CORE VAX LARGE,Retail,Region,West,11019,154259.99,0.91
nielsen_scanner,2025-08,2025-Q3,Vaccines,VetSelect Core Vax,VETSELECT CORE VAX SMALL,Retail,Region,West,15417,215837.79,0.91
nielsen_scanner,2025-08,2025-Q3,Dermatology,VetSelect Derma,VETSELECT DERMA LARGE,Retail,Region,West,7654,290856.55,0.91
nielsen_scanner,2025-08,2025-Q3,Dermatology,VetSelect Derma,VETSELECT DERMA SMALL,Retail,Region,West,10587,402317.77,0.91
nielsen_scanner,2025-08,2025-Q3,Petcare Diagnostics,VetSelect Dx,VETSELECT DX LARGE,Retail,Region,West,8103,97234.18,0.91
nielsen_scanner,2025-08,2025-Q3,Petcare Diagnostics,VetSelect Dx,VETSELECT DX SMALL,Retail,Region,West,11517,138201.24,0.91
nielsen_scanner,2025-08,2025-Q3,Parasiticides,VetSelect Flea & Tick,VETSELECT FLEA & TICK LARGE,Retail,Region,West,59416,1010078.67,0.91
nielsen_scanner,2025-08,2025-Q3,Parasiticides,VetSelect Flea & Tick,VETSELECT FLEA & TICK SMALL,Retail,Region,West,82929,1409796.09,0.91
nielsen_scanner,2025-08,2025-Q3,Pain/Osteoarthritis,VetSelect Joint,VETSELECT JOINT LARGE,Retail,Region,West,4826,139945.21,0.91
nielsen_scanner,2025-08,2025-Q3,Pain/Osteoarthritis,VetSelect Joint,VETSELECT JOINT SMALL,Retail,Region,West,6367,184645.87,0.91
nielsen_scanner,2025-08,2025-Q3,Petcare Diagnostics,Vetscan,VETSCAN LARGE,Retail,Region,West,1551,27910.78,0.91
nielsen_scanner,2025-08,2025-Q3,Petcare Diagnostics,Vetscan,VETSCAN SMALL,Retail,Region,West,2175,39155.35,0.91
nielsen_scanner,2025-09,2025-Q3,Dermatology,AllerVet RX,ALLERVET RX LARGE,Retail,National,National,16415,886457.09,0.91
nielsen_scanner,2025-09,2025-Q3,Dermatology,AllerVet RX,ALLERVET RX SMALL,Retail,National,National,22759,1229002.36,0.91
nielsen_scanner,2025-09,2025-Q3,Dermatology,Apoquel,APOQUEL LARGE,Retail,National,National,19716,1281550.74,0.91
nielsen_scanner,2025-09,2025-Q3,Dermatology,Apoquel,APOQUEL SMALL,Retail,National,National,27359,1778393.11,0.91
nielsen_scanner,2025-09,2025-Q3,Vaccines,BioShield Vax,BIOSHIELD VAX LARGE,Retail,National,National,14012,280234.51,0.91
nielsen_scanner,2025-09,2025-Q3,Vaccines,BioShield Vax,BIOSHIELD VAX SMALL,Retail,National,National,19255,385099.75,0.91
nielsen_scanner,2025-09,2025-Q3,Dermatology,DermaCalm,DERMACALM LARGE,Retail,National,National,17243,1000095.17,0.91
nielsen_scanner,2025-09,2025-Q3,Dermatology,DermaCalm,DERMACALM SMALL,Retail,National,National,23037,1336157.31,0.91
nielsen_scanner,2025-09,2025-Q3,Petcare Diagnostics,DiagnosTech Vet,DIAGNOSTECH VET LARGE,Retail,National,National,13583,230906.76,0.91
nielsen_scanner,2025-09,2025-Q3,Petcare Diagnostics,DiagnosTech Vet,DIAGNOSTECH VET SMALL,Retail,National,National,18655,317149.5,0.91
nielsen_scanner,2025-09,2025-Q3,Parasiticides,FleaStop Pro,FLEASTOP PRO LARGE,Retail,National,National,95089,1996869.36,0.91
nielsen_scanner,2025-09,2025-Q3,Parasiticides,FleaStop Pro,FLEASTOP PRO SMALL,Retail,National,National,138244,2903130.9,0.91
nielsen_scanner,2025-09,2025-Q3,Pain/Osteoarthritis,FlexiCare Joint,FLEXICARE JOINT LARGE,Retail,National,National,7798,343070.37,0.91
nielsen_scanner,2025-09,2025-Q3,Pain/Osteoarthritis,FlexiCare Joint,FLEXICARE JOINT SMALL,Retail,National,National,10964,482469.13,0.91
nielsen_scanner,2025-09,2025-Q3,Vaccines,ImmunoCore Canine,IMMUNOCORE CANINE LARGE,Retail,National,National,15943,334813.09,0.91
nielsen_scanner,2025-09,2025-Q3,Vaccines,ImmunoCore Canine,IMMUNOCORE CANINE SMALL,Retail,National,National,22679,476250.15,0.91
nielsen_scanner,2025-09,2025-Q3,Pain/Osteoarthritis,Librela,LIBRELA LARGE,Retail,National,National,6064,291019.17,0.91
nielsen_scanner,2025-09,2025-Q3,Pain/Osteoarthritis,Librela,LIBRELA SMALL,Retail,National,National,8418,404009.78,0.91
nielsen_scanner,2025-09,2025-Q3,Pain/Osteoarthritis,OsteoEase Vet,OSTEOEASE VET LARGE,Retail,National,National,7486,306923.57,0.91
nielsen_scanner,2025-09,2025-Q3,Pain/Osteoarthritis,OsteoEase Vet,OSTEOEASE VET SMALL,Retail,National,National,10245,420024.18,0.91
nielsen_scanner,2025-09,2025-Q3,Pain/Osteoarthritis,PainAway Canine,PAINAWAY CANINE LARGE,Retail,National,National,6431,237952.95,0.91
nielsen_scanner,2025-09,2025-Q3,Pain/Osteoarthritis,PainAway Canine,PAINAWAY CANINE SMALL,Retail,National,National,8780,324867.82,0.91
nielsen_scanner,2025-09,2025-Q3,Petcare Diagnostics,PetLab Analyzer,PETLAB ANALYZER LARGE,Retail,National,National,7706,115609.65,0.91
nielsen_scanner,2025-09,2025-Q3,Petcare Diagnostics,PetLab Analyzer,PETLAB ANALYZER SMALL,Retail,National,National,10653,159801.02,0.91
nielsen_scanner,2025-09,2025-Q3,Petcare Diagnostics,RapidVet Dx,RAPIDVET DX LARGE,Retail,National,National,12243,195898.67,0.91
nielsen_scanner,2025-09,2025-Q3,Petcare Diagnostics,RapidVet Dx,RAPIDVET DX SMALL,Retail,National,National,16909,270552.73,0.91
nielsen_scanner,2025-09,2025-Q3,Parasiticides,Simparica Trio,SIMPARICA TRIO LARGE,Retail,National,National,159977,4479374.48,0.91
nielsen_scanner,2025-09,2025-Q3,Parasiticides,Simparica Trio,SIMPARICA TRIO SMALL,Retail,National,National,222576,6232150.76,0.91
nielsen_scanner,2025-09,2025-Q3,Dermatology,SkinRelief Pro,SKINRELIEF PRO LARGE,Retail,National,National,13215,647513.31,0.91
nielsen_scanner,2025-09,2025-Q3,Dermatology,SkinRelief Pro,SKINRELIEF PRO SMALL,Retail,National,National,18440,903548.23,0.91
nielsen_scanner,2025-09,2025-Q3,Parasiticides,TickShield Plus,TICKSHIELD PLUS LARGE,Retail,National,National,108225,2597417.33,0.91
nielsen_scanner,2025-09,2025-Q3,Parasiticides,TickShield Plus,TICKSHIELD PLUS SMALL,Retail,National,National,151799,3643160.56,0.91
nielsen_scanner,2025-09,2025-Q3,Vaccines,Vanguard,VANGUARD LARGE,Retail,National,National,11069,243512.52,0.91
nielsen_scanner,2025-09,2025-Q3,Vaccines,Vanguard,VANGUARD SMALL,Retail,National,National,15405,338917.11,0.91
nielsen_scanner,2025-09,2025-Q3,Parasiticides,VectraGuard,VECTRAGUARD LARGE,Retail,National,National,131344,3414965.42,0.91
nielsen_scanner,2025-09,2025-Q3,Parasiticides,VectraGuard,VECTRAGUARD SMALL,Retail,National,National,181663,4723225.02,0.91
nielsen_scanner,2025-09,2025-Q3,Vaccines,VetGuard Immunize,VETGUARD IMMUNIZE LARGE,Retail,National,National,12260,232929.18,0.91
nielsen_scanner,2025-09,2025-Q3,Vaccines,VetGuard Immunize,VETGUARD IMMUNIZE SMALL,Retail,National,National,17564,333739.96,0.91
nielsen_scanner,2025-09,2025-Q3,Vaccines,VetSelect Core Vax,VETSELECT CORE VAX LARGE,Retail,National,National,42797,599153.63,0.91
nielsen_scanner,2025-09,2025-Q3,Vaccines,VetSelect Core Vax,VETSELECT CORE VAX SMALL,Retail,National,National,59775,836844.68,0.91
nielsen_scanner,2025-09,2025-Q3,Dermatology,VetSelect Derma,VETSELECT DERMA LARGE,Retail,National,National,35128,1334844.93,0.91
nielsen_scanner,2025-09,2025-Q3,Dermatology,VetSelect Derma,VETSELECT DERMA SMALL,Retail,National,National,47971,1822905.82,0.91
nielsen_scanner,2025-09,2025-Q3,Petcare Diagnostics,VetSelect Dx,VETSELECT DX LARGE,Retail,National,National,33354,400248.2,0.91
nielsen_scanner,2025-09,2025-Q3,Petcare Diagnostics,VetSelect Dx,VETSELECT DX SMALL,Retail,National,National,47390,568675.19,0.91
nielsen_scanner,2025-09,2025-Q3,Parasiticides,VetSelect Flea & Tick,VETSELECT FLEA & TICK LARGE,Retail,National,National,215015,3655234.63,0.91
nielsen_scanner,2025-09,2025-Q3,Parasiticides,VetSelect Flea & Tick,VETSELECT FLEA & TICK SMALL,Retail,National,National,303680,5162568.65,0.91
nielsen_scanner,2025-09,2025-Q3,Pain/Osteoarthritis,VetSelect Joint,VETSELECT JOINT LARGE,Retail,National,National,21780,631628.21,0.91
nielsen_scanner,2025-09,2025-Q3,Pain/Osteoarthritis,VetSelect Joint,VETSELECT JOINT SMALL,Retail,National,National,30633,888346.04,0.91
nielsen_scanner,2025-09,2025-Q3,Petcare Diagnostics,Vetscan,VETSCAN LARGE,Retail,National,National,6548,117862.66,0.91
nielsen_scanner,2025-09,2025-Q3,Petcare Diagnostics,Vetscan,VETSCAN SMALL,Retail,National,National,9042,162755.5,0.91
nielsen_scanner,2025-09,2025-Q3,Dermatology,AllerVet RX,ALLERVET RX LARGE,Retail,Region,Midwest,3651,197177.45,0.91
nielsen_scanner,2025-09,2025-Q3,Dermatology,AllerVet RX,ALLERVET RX SMALL,Retail,Region,Midwest,5007,270397.21,0.91
nielsen_scanner,2025-09,2025-Q3,Dermatology,Apoquel,APOQUEL LARGE,Retail,Region,Midwest,4365,283745.01,0.91
nielsen_scanner,2025-09,2025-Q3,Dermatology,Apoquel,APOQUEL SMALL,Retail,Region,Midwest,6408,416534.78,0.91
nielsen_scanner,2025-09,2025-Q3,Vaccines,BioShield Vax,BIOSHIELD VAX LARGE,Retail,Region,Midwest,2984,59671.0,0.91
nielsen_scanner,2025-09,2025-Q3,Vaccines,BioShield Vax,BIOSHIELD VAX SMALL,Retail,Region,Midwest,4048,80957.76,0.91
nielsen_scanner,2025-09,2025-Q3,Dermatology,DermaCalm,DERMACALM LARGE,Retail,Region,Midwest,3836,222480.89,0.91
nielsen_scanner,2025-09,2025-Q3,Dermatology,DermaCalm,DERMACALM SMALL,Retail,Region,Midwest,5020,291153.73,0.91
nielsen_scanner,2025-09,2025-Q3,Petcare Diagnostics,DiagnosTech Vet,DIAGNOSTECH VET LARGE,Retail,Region,Midwest,2883,49005.23,0.91
nielsen_scanner,2025-09,2025-Q3,Petcare Diagnostics,DiagnosTech Vet,DIAGNOSTECH VET SMALL,Retail,Region,Midwest,3811,64794.12,0.91
nielsen_scanner,2025-09,2025-Q3,Parasiticides,FleaStop Pro,FLEASTOP PRO LARGE,Retail,Region,Midwest,20536,431262.67,0.91
nielsen_scanner,2025-09,2025-Q3,Parasiticides,FleaStop Pro,FLEASTOP PRO SMALL,Retail,Region,Midwest,27381,574998.05,0.91
nielsen_scanner,2025-09,2025-Q3,Pain/Osteoarthritis,FlexiCare Joint,FLEXICARE JOINT LARGE,Retail,Region,Midwest,1644,72323.56,0.91
nielsen_scanner,2025-09,2025-Q3,Pain/Osteoarthritis,FlexiCare Joint,FLEXICARE JOINT SMALL,Retail,Region,Midwest,2250,99010.53,0.91
nielsen_scanner,2025-09,2025-Q3,Vaccines,ImmunoCore Canine,IMMUNOCORE CANINE LARGE,Retail,Region,Midwest,3287,69018.95,0.91
nielsen_scanner,2025-09,2025-Q3,Vaccines,ImmunoCore Canine,IMMUNOCORE CANINE SMALL,Retail,Region,Midwest,4635,97334.46,0.91
nielsen_scanner,2025-09,2025-Q3,Pain/Osteoarthritis,Librela,LIBRELA LARGE,Retail,Region,Midwest,1210,58074.46,0.91
nielsen_scanner,2025-09,2025-Q3,Pain/Osteoarthritis,Librela,LIBRELA SMALL,Retail,Region,Midwest,1638,78613.7,0.91
nielsen_scanner,2025-09,2025-Q3,Pain/Osteoarthritis,OsteoEase Vet,OSTEOEASE VET LARGE,Retail,Region,Midwest,1509,61887.6,0.91
nielsen_scanner,2025-09,2025-Q3,Pain/Osteoarthritis,OsteoEase Vet,OSTEOEASE VET SMALL,Retail,Region,Midwest,2020,82825.78,0.91
nielsen_scanner,2025-09,2025-Q3,Pain/Osteoarthritis,PainAway Canine,PAINAWAY CANINE LARGE,Retail,Region,Midwest,1250,46260.27,0.91
nielsen_scanner,2025-09,2025-Q3,Pain/Osteoarthritis,PainAway Canine,PAINAWAY CANINE SMALL,Retail,Region,Midwest,1801,66652.91,0.91
nielsen_scanner,2025-09,2025-Q3,Petcare Diagnostics,PetLab Analyzer,PETLAB ANALYZER LARGE,Retail,Region,Midwest,1640,24604.0,0.91
nielsen_scanner,2025-09,2025-Q3,Petcare Diagnostics,PetLab Analyzer,PETLAB ANALYZER SMALL,Retail,Region,Midwest,2216,33235.68,0.91
nielsen_scanner,2025-09,2025-Q3,Petcare Diagnostics,RapidVet Dx,RAPIDVET DX LARGE,Retail,Region,Midwest,2600,41604.31,0.91
nielsen_scanner,2025-09,2025-Q3,Petcare Diagnostics,RapidVet Dx,RAPIDVET DX SMALL,Retail,Region,Midwest,3423,54772.09,0.91
nielsen_scanner,2025-09,2025-Q3,Parasiticides,Simparica Trio,SIMPARICA TRIO LARGE,Retail,Region,Midwest,34788,974077.43,0.91
nielsen_scanner,2025-09,2025-Q3,Parasiticides,Simparica Trio,SIMPARICA TRIO SMALL,Retail,Region,Midwest,50186,1405211.14,0.91
nielsen_scanner,2025-09,2025-Q3,Dermatology,SkinRelief Pro,SKINRELIEF PRO LARGE,Retail,Region,Midwest,2735,134016.66,0.91
nielsen_scanner,2025-09,2025-Q3,Dermatology,SkinRelief Pro,SKINRELIEF PRO SMALL,Retail,Region,Midwest,4021,197008.14,0.91
nielsen_scanner,2025-09,2025-Q3,Parasiticides,TickShield Plus,TICKSHIELD PLUS LARGE,Retail,Region,Midwest,22863,548711.51,0.91
nielsen_scanner,2025-09,2025-Q3,Parasiticides,TickShield Plus,TICKSHIELD PLUS SMALL,Retail,Region,Midwest,33373,800951.25,0.91
nielsen_scanner,2025-09,2025-Q3,Vaccines,Vanguard,VANGUARD LARGE,Retail,Region,Midwest,2422,53283.2,0.91
nielsen_scanner,2025-09,2025-Q3,Vaccines,Vanguard,VANGUARD SMALL,Retail,Region,Midwest,3160,69515.64,0.91
nielsen_scanner,2025-09,2025-Q3,Parasiticides,VectraGuard,VECTRAGUARD LARGE,Retail,Region,Midwest,28652,744959.92,0.91
nielsen_scanner,2025-09,2025-Q3,Parasiticides,VectraGuard,VECTRAGUARD SMALL,Retail,Region,Midwest,38768,1007969.12,0.91
nielsen_scanner,2025-09,2025-Q3,Vaccines,VetGuard Immunize,VETGUARD IMMUNIZE LARGE,Retail,Region,Midwest,2684,50991.2,0.91
nielsen_scanner,2025-09,2025-Q3,Vaccines,VetGuard Immunize,VETGUARD IMMUNIZE SMALL,Retail,Region,Midwest,3664,69622.57,0.91
nielsen_scanner,2025-09,2025-Q3,Vaccines,VetSelect Core Vax,VETSELECT CORE VAX LARGE,Retail,Region,Midwest,9621,134693.88,0.91
nielsen_scanner,2025-09,2025-Q3,Vaccines,VetSelect Core Vax,VETSELECT CORE VAX SMALL,Retail,Region,Midwest,12873,180217.93,0.91
nielsen_scanner,2025-09,2025-Q3,Dermatology,VetSelect Derma,VETSELECT DERMA LARGE,Retail,Region,Midwest,8135,309116.97,0.91
nielsen_scanner,2025-09,2025-Q3,Dermatology,VetSelect Derma,VETSELECT DERMA SMALL,Retail,Region,Midwest,10364,393833.55,0.91
nielsen_scanner,2025-09,2025-Q3,Petcare Diagnostics,VetSelect Dx,VETSELECT DX LARGE,Retail,Region,Midwest,7314,87773.33,0.91
nielsen_scanner,2025-09,2025-Q3,Petcare Diagnostics,VetSelect Dx,VETSELECT DX SMALL,Retail,Region,Midwest,10596,127146.4,0.91
nielsen_scanner,2025-09,2025-Q3,Parasiticides,VetSelect Flea & Tick,VETSELECT FLEA & TICK LARGE,Retail,Region,Midwest,45805,778678.0,0.91
nielsen_scanner,2025-09,2025-Q3,Parasiticides,VetSelect Flea & Tick,VETSELECT FLEA & TICK SMALL,Retail,Region,Midwest,63671,1082400.61,0.91
nielsen_scanner,2025-09,2025-Q3,Pain/Osteoarthritis,VetSelect Joint,VETSELECT JOINT LARGE,Retail,Region,Midwest,4911,142418.93,0.91
nielsen_scanner,2025-09,2025-Q3,Pain/Osteoarthritis,VetSelect Joint,VETSELECT JOINT SMALL,Retail,Region,Midwest,6991,202749.69,0.91
nielsen_scanner,2025-09,2025-Q3,Petcare Diagnostics,Vetscan,VETSCAN LARGE,Retail,Region,Midwest,1349,24281.63,0.91
nielsen_scanner,2025-09,2025-Q3,Petcare Diagnostics,Vetscan,VETSCAN SMALL,Retail,Region,Midwest,1955,35190.92,0.91
nielsen_scanner,2025-09,2025-Q3,Dermatology,AllerVet RX,ALLERVET RX LARGE,Retail,Region,Northeast,3486,188263.17,0.91
nielsen_scanner,2025-09,2025-Q3,Dermatology,AllerVet RX,ALLERVET RX SMALL,Retail,Region,Northeast,4992,269565.07,0.91
nielsen_scanner,2025-09,2025-Q3,Dermatology,Apoquel,APOQUEL LARGE,Retail,Region,Northeast,4375,284353.0,0.91
nielsen_scanner,2025-09,2025-Q3,Dermatology,Apoquel,APOQUEL SMALL,Retail,Region,Northeast,5720,371794.31,0.91
nielsen_scanner,2025-09,2025-Q3,Vaccines,BioShield Vax,BIOSHIELD VAX LARGE,Retail,Region,Northeast,3004,60088.71,0.91
nielsen_scanner,2025-09,2025-Q3,Vaccines,BioShield Vax,BIOSHIELD VAX SMALL,Retail,Region,Northeast,3917,78334.29,0.91
nielsen_scanner,2025-09,2025-Q3,Dermatology,DermaCalm,DERMACALM LARGE,Retail,Region,Northeast,3832,222277.26,0.91
nielsen_scanner,2025-09,2025-Q3,Dermatology,DermaCalm,DERMACALM SMALL,Retail,Region,Northeast,5507,319390.36,0.91
nielsen_scanner,2025-09,2025-Q3,Petcare Diagnostics,DiagnosTech Vet,DIAGNOSTECH VET LARGE,Retail,Region,Northeast,2974,50564.56,0.91
nielsen_scanner,2025-09,2025-Q3,Petcare Diagnostics,DiagnosTech Vet,DIAGNOSTECH VET SMALL,Retail,Region,Northeast,4372,74331.84,0.91
nielsen_scanner,2025-09,2025-Q3,Parasiticides,FleaStop Pro,FLEASTOP PRO LARGE,Retail,Region,Northeast,21174,444654.87,0.91
nielsen_scanner,2025-09,2025-Q3,Parasiticides,FleaStop Pro,FLEASTOP PRO SMALL,Retail,Region,Northeast,32180,675784.81,0.91
nielsen_scanner,2025-09,2025-Q3,Pain/Osteoarthritis,FlexiCare Joint,FLEXICARE JOINT LARGE,Retail,Region,Northeast,1740,76539.47,0.91
nielsen_scanner,2025-09,2025-Q3,Pain/Osteoarthritis,FlexiCare Joint,FLEXICARE JOINT SMALL,Retail,Region,Northeast,2525,111103.44,0.91
nielsen_scanner,2025-09,2025-Q3,Vaccines,ImmunoCore Canine,IMMUNOCORE CANINE LARGE,Retail,Region,Northeast,3333,69999.47,0.91
nielsen_scanner,2025-09,2025-Q3,Vaccines,ImmunoCore Canine,IMMUNOCORE CANINE SMALL,Retail,Region,Northeast,4639,97408.79,0.91
nielsen_scanner,2025-09,2025-Q3,Pain/Osteoarthritis,Librela,LIBRELA LARGE,Retail,Region,Northeast,1349,64732.97,0.91
nielsen_scanner,2025-09,2025-Q3,Pain/Osteoarthritis,Librela,LIBRELA SMALL,Retail,Region,Northeast,1906,91466.14,0.91
nielsen_scanner,2025-09,2025-Q3,Pain/Osteoarthritis,OsteoEase Vet,OSTEOEASE VET LARGE,Retail,Region,Northeast,1669,68431.56,0.91
nielsen_scanner,2025-09,2025-Q3,Pain/Osteoarthritis,OsteoEase Vet,OSTEOEASE VET SMALL,Retail,Region,Northeast,2280,93489.78,0.91
nielsen_scanner,2025-09,2025-Q3,Pain/Osteoarthritis,PainAway Canine,PAINAWAY CANINE LARGE,Retail,Region,Northeast,1405,51973.66,0.91
nielsen_scanner,2025-09,2025-Q3,Pain/Osteoarthritis,PainAway Canine,PAINAWAY CANINE SMALL,Retail,Region,Northeast,1872,69276.23,0.91
nielsen_scanner,2025-09,2025-Q3,Petcare Diagnostics,PetLab Analyzer,PETLAB ANALYZER LARGE,Retail,Region,Northeast,1770,26553.28,0.91
nielsen_scanner,2025-09,2025-Q3,Petcare Diagnostics,PetLab Analyzer,PETLAB ANALYZER SMALL,Retail,Region,Northeast,2419,36283.77,0.91
nielsen_scanner,2025-09,2025-Q3,Petcare Diagnostics,RapidVet Dx,RAPIDVET DX LARGE,Retail,Region,Northeast,2715,43444.59,0.91
nielsen_scanner,2025-09,2025-Q3,Petcare Diagnostics,RapidVet Dx,RAPIDVET DX SMALL,Retail,Region,Northeast,3826,61213.71,0.91
nielsen_scanner,2025-09,2025-Q3,Parasiticides,Simparica Trio,SIMPARICA TRIO LARGE,Retail,Region,Northeast,32783,917920.65,0.91
nielsen_scanner,2025-09,2025-Q3,Parasiticides,Simparica Trio,SIMPARICA TRIO SMALL,Retail,Region,Northeast,44859,1256061.06,0.91
nielsen_scanner,2025-09,2025-Q3,Dermatology,SkinRelief Pro,SKINRELIEF PRO LARGE,Retail,Region,Northeast,3028,148372.81,0.91
nielsen_scanner,2025-09,2025-Q3,Dermatology,SkinRelief Pro,SKINRELIEF PRO SMALL,Retail,Region,Northeast,3882,190239.82,0.91
nielsen_scanner,2025-09,2025-Q3,Parasiticides,TickShield Plus,TICKSHIELD PLUS LARGE,Retail,Region,Northeast,24988,599713.42,0.91
nielsen_scanner,2025-09,2025-Q3,Parasiticides,TickShield Plus,TICKSHIELD PLUS SMALL,Retail,Region,Northeast,34377,825036.06,0.91
nielsen_scanner,2025-09,2025-Q3,Vaccines,Vanguard,VANGUARD LARGE,Retail,Region,Northeast,2362,51961.43,0.91
nielsen_scanner,2025-09,2025-Q3,Vaccines,Vanguard,VANGUARD SMALL,Retail,Region,Northeast,3377,74301.55,0.91
nielsen_scanner,2025-09,2025-Q3,Parasiticides,VectraGuard,VECTRAGUARD LARGE,Retail,Region,Northeast,30091,782378.22,0.91
nielsen_scanner,2025-09,2025-Q3,Parasiticides,VectraGuard,VECTRAGUARD SMALL,Retail,Region,Northeast,40277,1047204.33,0.91
nielsen_scanner,2025-09,2025-Q3,Vaccines,VetGuard Immunize,VETGUARD IMMUNIZE LARGE,Retail,Region,Northeast,2573,48882.32,0.91
nielsen_scanner,2025-09,2025-Q3,Vaccines,VetGuard Immunize,VETGUARD IMMUNIZE SMALL,Retail,Region,Northeast,3879,73710.3,0.91
nielsen_scanner,2025-09,2025-Q3,Vaccines,VetSelect Core Vax,VETSELECT CORE VAX LARGE,Retail,Region,Northeast,9136,127904.88,0.91
nielsen_scanner,2025-09,2025-Q3,Vaccines,VetSelect Core Vax,VETSELECT CORE VAX SMALL,Retail,Region,Northeast,12448,174272.36,0.91
nielsen_scanner,2025-09,2025-Q3,Dermatology,VetSelect Derma,VETSELECT DERMA LARGE,Retail,Region,Northeast,7409,281540.16,0.91
nielsen_scanner,2025-09,2025-Q3,Dermatology,VetSelect Derma,VETSELECT DERMA SMALL,Retail,Region,Northeast,9828,373449.84,0.91
nielsen_scanner,2025-09,2025-Q3,Petcare Diagnostics,VetSelect Dx,VETSELECT DX LARGE,Retail,Region,Northeast,7690,92276.44,0.91
nielsen_scanner,2025-09,2025-Q3,Petcare Diagnostics,VetSelect Dx,VETSELECT DX SMALL,Retail,Region,Northeast,10518,126221.14,0.91
nielsen_scanner,2025-09,2025-Q3,Parasiticides,VetSelect Flea & Tick,VETSELECT FLEA & TICK LARGE,Retail,Region,Northeast,44756,760845.85,0.91
nielsen_scanner,2025-09,2025-Q3,Parasiticides,VetSelect Flea & Tick,VETSELECT FLEA & TICK SMALL,Retail,Region,Northeast,63650,1082051.95,0.91
nielsen_scanner,2025-09,2025-Q3,Pain/Osteoarthritis,VetSelect Joint,VETSELECT JOINT LARGE,Retail,Region,Northeast,4453,129138.66,0.91
nielsen_scanner,2025-09,2025-Q3,Pain/Osteoarthritis,VetSelect Joint,VETSELECT JOINT SMALL,Retail,Region,Northeast,6377,184930.46,0.91
nielsen_scanner,2025-09,2025-Q3,Petcare Diagnostics,Vetscan,VETSCAN LARGE,Retail,Region,Northeast,1479,26624.07,0.91
nielsen_scanner,2025-09,2025-Q3,Petcare Diagnostics,Vetscan,VETSCAN SMALL,Retail,Region,Northeast,2101,37821.39,0.91
nielsen_scanner,2025-09,2025-Q3,Dermatology,AllerVet RX,ALLERVET RX LARGE,Retail,Region,South,5504,297220.78,0.91
nielsen_scanner,2025-09,2025-Q3,Dermatology,AllerVet RX,ALLERVET RX SMALL,Retail,Region,South,7526,406402.13,0.91
nielsen_scanner,2025-09,2025-Q3,Dermatology,Apoquel,APOQUEL LARGE,Retail,Region,South,6899,448436.5,0.91
nielsen_scanner,2025-09,2025-Q3,Dermatology,Apoquel,APOQUEL SMALL,Retail,Region,South,9458,614794.58,0.91
nielsen_scanner,2025-09,2025-Q3,Vaccines,BioShield Vax,BIOSHIELD VAX LARGE,Retail,Region,South,4829,96577.25,0.91
nielsen_scanner,2025-09,2025-Q3,Vaccines,BioShield Vax,BIOSHIELD VAX SMALL,Retail,Region,South,6803,136058.25,0.91
nielsen_scanner,2025-09,2025-Q3,Dermatology,DermaCalm,DERMACALM LARGE,Retail,Region,South,5707,331004.61,0.91
nielsen_scanner,2025-09,2025-Q3,Dermatology,DermaCalm,DERMACALM SMALL,Retail,Region,South,7441,431591.64,0.91
nielsen_scanner,2025-09,2025-Q3,Petcare Diagnostics,DiagnosTech Vet,DIAGNOSTECH VET LARGE,Retail,Region,South,4768,81049.19,0.91
nielsen_scanner,2025-09,2025-Q3,Petcare Diagnostics,DiagnosTech Vet,DIAGNOSTECH VET SMALL,Retail,Region,South,6444,109541.88,0.91
nielsen_scanner,2025-09,2025-Q3,Parasiticides,FleaStop Pro,FLEASTOP PRO LARGE,Retail,Region,South,31057,652197.47,0.91
nielsen_scanner,2025-09,2025-Q3,Parasiticides,FleaStop Pro,FLEASTOP PRO SMALL,Retail,Region,South,46962,986199.91,0.91
nielsen_scanner,2025-09,2025-Q3,Pain/Osteoarthritis,FlexiCare Joint,FLEXICARE JOINT LARGE,Retail,Region,South,2585,113730.33,0.91
nielsen_scanner,2025-09,2025-Q3,Pain/Osteoarthritis,FlexiCare Joint,FLEXICARE JOINT SMALL,Retail,Region,South,3483,153270.55,0.91
nielsen_scanner,2025-09,2025-Q3,Vaccines,ImmunoCore Canine,IMMUNOCORE CANINE LARGE,Retail,Region,South,5513,115783.18,0.91
nielsen_scanner,2025-09,2025-Q3,Vaccines,ImmunoCore Canine,IMMUNOCORE CANINE SMALL,Retail,Region,South,8138,170891.88,0.91
nielsen_scanner,2025-09,2025-Q3,Pain/Osteoarthritis,Librela,LIBRELA LARGE,Retail,Region,South,2088,100205.46,0.91
nielsen_scanner,2025-09,2025-Q3,Pain/Osteoarthritis,Librela,LIBRELA SMALL,Retail,Region,South,2871,137806.77,0.91
nielsen_scanner,2025-09,2025-Q3,Pain/Osteoarthritis,OsteoEase Vet,OSTEOEASE VET LARGE,Retail,Region,South,2630,107820.46,0.91
nielsen_scanner,2025-09,2025-Q3,Pain/Osteoarthritis,OsteoEase Vet,OSTEOEASE VET SMALL,Retail,Region,South,3688,151190.11,0.91
nielsen_scanner,2025-09,2025-Q3,Pain/Osteoarthritis,PainAway Canine,PAINAWAY CANINE LARGE,Retail,Region,South,2322,85919.51,0.91
nielsen_scanner,2025-09,2025-Q3,Pain/Osteoarthritis,PainAway Canine,PAINAWAY CANINE SMALL,Retail,Region,South,3072,113648.04,0.91
nielsen_scanner,2025-09,2025-Q3,Petcare Diagnostics,PetLab Analyzer,PETLAB ANALYZER LARGE,Retail,Region,South,2601,39022.35,0.91
nielsen_scanner,2025-09,2025-Q3,Petcare Diagnostics,PetLab Analyzer,PETLAB ANALYZER SMALL,Retail,Region,South,3735,56031.06,0.91
nielsen_scanner,2025-09,2025-Q3,Petcare Diagnostics,RapidVet Dx,RAPIDVET DX LARGE,Retail,Region,South,4129,66065.62,0.91
nielsen_scanner,2025-09,2025-Q3,Petcare Diagnostics,RapidVet Dx,RAPIDVET DX SMALL,Retail,Region,South,5799,92786.95,0.91
nielsen_scanner,2025-09,2025-Q3,Parasiticides,Simparica Trio,SIMPARICA TRIO LARGE,Retail,Region,South,52622,1473412.84,0.91
nielsen_scanner,2025-09,2025-Q3,Parasiticides,Simparica Trio,SIMPARICA TRIO SMALL,Retail,Region,South,74635,2089787.79,0.91
nielsen_scanner,2025-09,2025-Q3,Dermatology,SkinRelief Pro,SKINRELIEF PRO LARGE,Retail,Region,South,4415,216322.66,0.91
nielsen_scanner,2025-09,2025-Q3,Dermatology,SkinRelief Pro,SKINRELIEF PRO SMALL,Retail,Region,South,6266,307020.6,0.91
nielsen_scanner,2025-09,2025-Q3,Parasiticides,TickShield Plus,TICKSHIELD PLUS LARGE,Retail,Region,South,35648,855563.16,0.91
nielsen_scanner,2025-09,2025-Q3,Parasiticides,TickShield Plus,TICKSHIELD PLUS SMALL,Retail,Region,South,50675,1216194.85,0.91
nielsen_scanner,2025-09,2025-Q3,Vaccines,Vanguard,VANGUARD LARGE,Retail,Region,South,3825,84154.72,0.91
nielsen_scanner,2025-09,2025-Q3,Vaccines,Vanguard,VANGUARD SMALL,Retail,Region,South,5295,116491.74,0.91
nielsen_scanner,2025-09,2025-Q3,Parasiticides,VectraGuard,VECTRAGUARD LARGE,Retail,Region,South,43752,1137551.32,0.91
nielsen_scanner,2025-09,2025-Q3,Parasiticides,VectraGuard,VECTRAGUARD SMALL,Retail,Region,South,62013,1612331.95,0.91
nielsen_scanner,2025-09,2025-Q3,Vaccines,VetGuard Immunize,VETGUARD IMMUNIZE LARGE,Retail,Region,South,4237,80493.74,0.91
nielsen_scanner,2025-09,2025-Q3,Vaccines,VetGuard Immunize,VETGUARD IMMUNIZE SMALL,Retail,Region,South,5990,113809.79,0.91
nielsen_scanner,2025-09,2025-Q3,Vaccines,VetSelect Core Vax,VETSELECT CORE VAX LARGE,Retail,Region,South,14327,200579.15,0.91
nielsen_scanner,2025-09,2025-Q3,Vaccines,VetSelect Core Vax,VETSELECT CORE VAX SMALL,Retail,Region,South,20229,283207.34,0.91
nielsen_scanner,2025-09,2025-Q3,Dermatology,VetSelect Derma,VETSELECT DERMA LARGE,Retail,Region,South,11530,438153.64,0.91
nielsen_scanner,2025-09,2025-Q3,Dermatology,VetSelect Derma,VETSELECT DERMA SMALL,Retail,Region,South,16554,629065.95,0.91
nielsen_scanner,2025-09,2025-Q3,Petcare Diagnostics,VetSelect Dx,VETSELECT DX LARGE,Retail,Region,South,11256,135074.74,0.91
nielsen_scanner,2025-09,2025-Q3,Petcare Diagnostics,VetSelect Dx,VETSELECT DX SMALL,Retail,Region,South,16056,192668.38,0.91
nielsen_scanner,2025-09,2025-Q3,Parasiticides,VetSelect Flea & Tick,VETSELECT FLEA & TICK LARGE,Retail,Region,South,73712,1253103.48,0.91
nielsen_scanner,2025-09,2025-Q3,Parasiticides,VetSelect Flea & Tick,VETSELECT FLEA & TICK SMALL,Retail,Region,South,103327,1756565.49,0.91
nielsen_scanner,2025-09,2025-Q3,Pain/Osteoarthritis,VetSelect Joint,VETSELECT JOINT LARGE,Retail,Region,South,7135,206910.85,0.91
nielsen_scanner,2025-09,2025-Q3,Pain/Osteoarthritis,VetSelect Joint,VETSELECT JOINT SMALL,Retail,Region,South,9661,280159.03,0.91
nielsen_scanner,2025-09,2025-Q3,Petcare Diagnostics,Vetscan,VETSCAN LARGE,Retail,Region,South,2206,39711.22,0.91
nielsen_scanner,2025-09,2025-Q3,Petcare Diagnostics,Vetscan,VETSCAN SMALL,Retail,Region,South,2944,52993.53,0.91
nielsen_scanner,2025-09,2025-Q3,Dermatology,AllerVet RX,ALLERVET RX LARGE,Retail,Region,West,3774,203795.69,0.91
nielsen_scanner,2025-09,2025-Q3,Dermatology,AllerVet RX,ALLERVET RX SMALL,Retail,Region,West,5234,282637.95,0.91
nielsen_scanner,2025-09,2025-Q3,Dermatology,Apoquel,APOQUEL LARGE,Retail,Region,West,4077,265016.23,0.91
nielsen_scanner,2025-09,2025-Q3,Dermatology,Apoquel,APOQUEL SMALL,Retail,Region,West,5773,375269.44,0.91
nielsen_scanner,2025-09,2025-Q3,Vaccines,BioShield Vax,BIOSHIELD VAX LARGE,Retail,Region,West,3195,63897.55,0.91
nielsen_scanner,2025-09,2025-Q3,Vaccines,BioShield Vax,BIOSHIELD VAX SMALL,Retail,Region,West,4487,89749.45,0.91
nielsen_scanner,2025-09,2025-Q3,Dermatology,DermaCalm,DERMACALM LARGE,Retail,Region,West,3868,224332.41,0.91
nielsen_scanner,2025-09,2025-Q3,Dermatology,DermaCalm,DERMACALM SMALL,Retail,Region,West,5069,294021.58,0.91
nielsen_scanner,2025-09,2025-Q3,Petcare Diagnostics,DiagnosTech Vet,DIAGNOSTECH VET LARGE,Retail,Region,West,2958,50287.78,0.91
nielsen_scanner,2025-09,2025-Q3,Petcare Diagnostics,DiagnosTech Vet,DIAGNOSTECH VET SMALL,Retail,Region,West,4028,68481.66,0.91
nielsen_scanner,2025-09,2025-Q3,Parasiticides,FleaStop Pro,FLEASTOP PRO LARGE,Retail,Region,West,22322,468754.35,0.91
nielsen_scanner,2025-09,2025-Q3,Parasiticides,FleaStop Pro,FLEASTOP PRO SMALL,Retail,Region,West,31721,666148.13,0.91
nielsen_scanner,2025-09,2025-Q3,Pain/Osteoarthritis,FlexiCare Joint,FLEXICARE JOINT LARGE,Retail,Region,West,1829,80477.01,0.91
nielsen_scanner,2025-09,2025-Q3,Pain/Osteoarthritis,FlexiCare Joint,FLEXICARE JOINT SMALL,Retail,Region,West,2706,119084.61,0.91
nielsen_scanner,2025-09,2025-Q3,Vaccines,ImmunoCore Canine,IMMUNOCORE CANINE LARGE,Retail,Region,West,3810,80011.49,0.91
nielsen_scanner,2025-09,2025-Q3,Vaccines,ImmunoCore Canine,IMMUNOCORE CANINE SMALL,Retail,Region,West,5267,110615.02,0.91
nielsen_scanner,2025-09,2025-Q3,Pain/Osteoarthritis,Librela,LIBRELA LARGE,Retail,Region,West,1417,68006.28,0.91
nielsen_scanner,2025-09,2025-Q3,Pain/Osteoarthritis,Librela,LIBRELA SMALL,Retail,Region,West,2003,96123.17,0.91
nielsen_scanner,2025-09,2025-Q3,Pain/Osteoarthritis,OsteoEase Vet,OSTEOEASE VET LARGE,Retail,Region,West,9976,408913.89,0.91
nielsen_scanner,2025-09,2025-Q3,Pain/Osteoarthritis,OsteoEase Vet,OSTEOEASE VET SMALL,Retail,Region,West,13418,550013.54,0.91
nielsen_scanner,2025-09,2025-Q3,Pain/Osteoarthritis,PainAway Canine,PAINAWAY CANINE LARGE,Retail,Region,West,1454,53799.51,0.91
nielsen_scanner,2025-09,2025-Q3,Pain/Osteoarthritis,PainAway Canine,PAINAWAY CANINE SMALL,Retail,Region,West,2035,75290.64,0.91
nielsen_scanner,2025-09,2025-Q3,Petcare Diagnostics,PetLab Analyzer,PETLAB ANALYZER LARGE,Retail,Region,West,1695,25430.02,0.91
nielsen_scanner,2025-09,2025-Q3,Petcare Diagnostics,PetLab Analyzer,PETLAB ANALYZER SMALL,Retail,Region,West,2283,34250.51,0.91
nielsen_scanner,2025-09,2025-Q3,Petcare Diagnostics,RapidVet Dx,RAPIDVET DX LARGE,Retail,Region,West,2799,44784.15,0.91
nielsen_scanner,2025-09,2025-Q3,Petcare Diagnostics,RapidVet Dx,RAPIDVET DX SMALL,Retail,Region,West,3861,61779.98,0.91
nielsen_scanner,2025-09,2025-Q3,Parasiticides,Simparica Trio,SIMPARICA TRIO LARGE,Retail,Region,West,39784,1113963.56,0.91
nielsen_scanner,2025-09,2025-Q3,Parasiticides,Simparica Trio,SIMPARICA TRIO SMALL,Retail,Region,West,52896,1481090.77,0.91
nielsen_scanner,2025-09,2025-Q3,Dermatology,SkinRelief Pro,SKINRELIEF PRO LARGE,Retail,Region,West,3037,148801.18,0.91
nielsen_scanner,2025-09,2025-Q3,Dermatology,SkinRelief Pro,SKINRELIEF PRO SMALL,Retail,Region,West,4271,209279.67,0.91
nielsen_scanner,2025-09,2025-Q3,Parasiticides,TickShield Plus,TICKSHIELD PLUS LARGE,Retail,Region,West,24726,593429.24,0.91
nielsen_scanner,2025-09,2025-Q3,Parasiticides,TickShield Plus,TICKSHIELD PLUS SMALL,Retail,Region,West,33374,800978.4,0.91
nielsen_scanner,2025-09,2025-Q3,Vaccines,Vanguard,VANGUARD LARGE,Retail,Region,West,2460,54113.17,0.91
nielsen_scanner,2025-09,2025-Q3,Vaccines,Vanguard,VANGUARD SMALL,Retail,Region,West,3573,78608.18,0.91
nielsen_scanner,2025-09,2025-Q3,Parasiticides,VectraGuard,VECTRAGUARD LARGE,Retail,Region,West,28849,750075.96,0.91
nielsen_scanner,2025-09,2025-Q3,Parasiticides,VectraGuard,VECTRAGUARD SMALL,Retail,Region,West,40605,1055719.62,0.91
nielsen_scanner,2025-09,2025-Q3,Vaccines,VetGuard Immunize,VETGUARD IMMUNIZE LARGE,Retail,Region,West,2766,52561.92,0.91
nielsen_scanner,2025-09,2025-Q3,Vaccines,VetGuard Immunize,VETGUARD IMMUNIZE SMALL,Retail,Region,West,4031,76597.3,0.91
nielsen_scanner,2025-09,2025-Q3,Vaccines,VetSelect Core Vax,VETSELECT CORE VAX LARGE,Retail,Region,West,9713,135975.72,0.91
nielsen_scanner,2025-09,2025-Q3,Vaccines,VetSelect Core Vax,VETSELECT CORE VAX SMALL,Retail,Region,West,14225,199147.05,0.91
nielsen_scanner,2025-09,2025-Q3,Dermatology,VetSelect Derma,VETSELECT DERMA LARGE,Retail,Region,West,8054,306034.16,0.91
nielsen_scanner,2025-09,2025-Q3,Dermatology,VetSelect Derma,VETSELECT DERMA SMALL,Retail,Region,West,11225,426556.48,0.91
nielsen_scanner,2025-09,2025-Q3,Petcare Diagnostics,VetSelect Dx,VETSELECT DX LARGE,Retail,Region,West,7094,85123.69,0.91
nielsen_scanner,2025-09,2025-Q3,Petcare Diagnostics,VetSelect Dx,VETSELECT DX SMALL,Retail,Region,West,10220,122639.27,0.91
nielsen_scanner,2025-09,2025-Q3,Parasiticides,VetSelect Flea & Tick,VETSELECT FLEA & TICK LARGE,Retail,Region,West,50742,862607.3,0.91
nielsen_scanner,2025-09,2025-Q3,Parasiticides,VetSelect Flea & Tick,VETSELECT FLEA & TICK SMALL,Retail,Region,West,73032,1241550.6,0.91
nielsen_scanner,2025-09,2025-Q3,Pain/Osteoarthritis,VetSelect Joint,VETSELECT JOINT LARGE,Retail,Region,West,5281,153159.77,0.91
nielsen_scanner,2025-09,2025-Q3,Pain/Osteoarthritis,VetSelect Joint,VETSELECT JOINT SMALL,Retail,Region,West,7604,220506.86,0.91
nielsen_scanner,2025-09,2025-Q3,Petcare Diagnostics,Vetscan,VETSCAN LARGE,Retail,Region,West,1514,27245.74,0.91
nielsen_scanner,2025-09,2025-Q3,Petcare Diagnostics,Vetscan,VETSCAN SMALL,Retail,Region,West,2042,36749.66,0.91
nielsen_scanner,2025-10,2025-Q4,Dermatology,AllerVet RX,ALLERVET RX LARGE,Retail,National,National,14527,784487.68,0.91
nielsen_scanner,2025-10,2025-Q4,Dermatology,AllerVet RX,ALLERVET RX SMALL,Retail,National,National,19868,1072874.58,0.91
nielsen_scanner,2025-10,2025-Q4,Dermatology,Apoquel,APOQUEL LARGE,Retail,National,National,19250,1251276.55,0.91
nielsen_scanner,2025-10,2025-Q4,Dermatology,Apoquel,APOQUEL SMALL,Retail,National,National,26178,1701620.39,0.91
nielsen_scanner,2025-10,2025-Q4,Vaccines,BioShield Vax,BIOSHIELD VAX LARGE,Retail,National,National,13522,270443.84,0.91
nielsen_scanner,2025-10,2025-Q4,Vaccines,BioShield Vax,BIOSHIELD VAX SMALL,Retail,National,National,19097,381931.71,0.91
nielsen_scanner,2025-10,2025-Q4,Dermatology,DermaCalm,DERMACALM LARGE,Retail,National,National,15477,897725.26,0.91
nielsen_scanner,2025-10,2025-Q4,Dermatology,DermaCalm,DERMACALM SMALL,Retail,National,National,21824,1265751.26,0.91
nielsen_scanner,2025-10,2025-Q4,Petcare Diagnostics,DiagnosTech Vet,DIAGNOSTECH VET LARGE,Retail,National,National,12786,217352.16,0.91
nielsen_scanner,2025-10,2025-Q4,Petcare Diagnostics,DiagnosTech Vet,DIAGNOSTECH VET SMALL,Retail,National,National,16992,288857.43,0.91
nielsen_scanner,2025-10,2025-Q4,Parasiticides,FleaStop Pro,FLEASTOP PRO LARGE,Retail,National,National,81507,1711631.43,0.91
nielsen_scanner,2025-10,2025-Q4,Parasiticides,FleaStop Pro,FLEASTOP PRO SMALL,Retail,National,National,114073,2395535.28,0.91
nielsen_scanner,2025-10,2025-Q4,Pain/Osteoarthritis,FlexiCare Joint,FLEXICARE JOINT LARGE,Retail,National,National,8518,374809.59,0.91
nielsen_scanner,2025-10,2025-Q4,Pain/Osteoarthritis,FlexiCare Joint,FLEXICARE JOINT SMALL,Retail,National,National,12178,535842.37,0.91
nielsen_scanner,2025-10,2025-Q4,Vaccines,ImmunoCore Canine,IMMUNOCORE CANINE LARGE,Retail,National,National,15776,331288.65,0.91
nielsen_scanner,2025-10,2025-Q4,Vaccines,ImmunoCore Canine,IMMUNOCORE CANINE SMALL,Retail,National,National,22067,463406.58,0.91
nielsen_scanner,2025-10,2025-Q4,Pain/Osteoarthritis,Librela,LIBRELA LARGE,Retail,National,National,6120,293730.1,0.91
nielsen_scanner,2025-10,2025-Q4,Pain/Osteoarthritis,Librela,LIBRELA SMALL,Retail,National,National,8417,404036.96,0.91
nielsen_scanner,2025-10,2025-Q4,Pain/Osteoarthritis,OsteoEase Vet,OSTEOEASE VET LARGE,Retail,National,National,8081,331294.23,0.91
nielsen_scanner,2025-10,2025-Q4,Pain/Osteoarthritis,OsteoEase Vet,OSTEOEASE VET SMALL,Retail,National,National,11191,458840.08,0.91
nielsen_scanner,2025-10,2025-Q4,Pain/Osteoarthritis,PainAway Canine,PAINAWAY CANINE LARGE,Retail,National,National,7094,262513.64,0.91
nielsen_scanner,2025-10,2025-Q4,Pain/Osteoarthritis,PainAway Canine,PAINAWAY CANINE SMALL,Retail,National,National,9705,359089.9,0.91
nielsen_scanner,2025-10,2025-Q4,Petcare Diagnostics,PetLab Analyzer,PETLAB ANALYZER LARGE,Retail,National,National,8138,122058.76,0.91
nielsen_scanner,2025-10,2025-Q4,Petcare Diagnostics,PetLab Analyzer,PETLAB ANALYZER SMALL,Retail,National,National,11627,174411.09,0.91
nielsen_scanner,2025-10,2025-Q4,Petcare Diagnostics,RapidVet Dx,RAPIDVET DX LARGE,Retail,National,National,12765,204244.06,0.91
nielsen_scanner,2025-10,2025-Q4,Petcare Diagnostics,RapidVet Dx,RAPIDVET DX SMALL,Retail,National,National,17767,284270.02,0.91
nielsen_scanner,2025-10,2025-Q4,Parasiticides,Simparica Trio,SIMPARICA TRIO LARGE,Retail,National,National,130921,3665765.68,0.91
nielsen_scanner,2025-10,2025-Q4,Parasiticides,Simparica Trio,SIMPARICA TRIO SMALL,Retail,National,National,171216,4794049.87,0.91
nielsen_scanner,2025-10,2025-Q4,Dermatology,SkinRelief Pro,SKINRELIEF PRO LARGE,Retail,National,National,12537,614288.78,0.91
nielsen_scanner,2025-10,2025-Q4,Dermatology,SkinRelief Pro,SKINRELIEF PRO SMALL,Retail,National,National,17124,839065.24,0.91
nielsen_scanner,2025-10,2025-Q4,Parasiticides,TickShield Plus,TICKSHIELD PLUS LARGE,Retail,National,National,94782,2274759.6,0.91
nielsen_scanner,2025-10,2025-Q4,Parasiticides,TickShield Plus,TICKSHIELD PLUS SMALL,Retail,National,National,135618,3254818.9,0.91
nielsen_scanner,2025-10,2025-Q4,Vaccines,Vanguard,VANGUARD LARGE,Retail,National,National,10610,233418.77,0.91
nielsen_scanner,2025-10,2025-Q4,Vaccines,Vanguard,VANGUARD SMALL,Retail,National,National,14720,323852.89,0.91
nielsen_scanner,2025-10,2025-Q4,Parasiticides,VectraGuard,VECTRAGUARD LARGE,Retail,National,National,113467,2950141.77,0.91
nielsen_scanner,2025-10,2025-Q4,Parasiticides,VectraGuard,VECTRAGUARD SMALL,Retail,National,National,158173,4112508.95,0.91
nielsen_scanner,2025-10,2025-Q4,Vaccines,VetGuard Immunize,VETGUARD IMMUNIZE LARGE,Retail,National,National,11614,220657.27,0.91
nielsen_scanner,2025-10,2025-Q4,Vaccines,VetGuard Immunize,VETGUARD IMMUNIZE SMALL,Retail,National,National,15614,296665.29,0.91
nielsen_scanner,2025-10,2025-Q4,Vaccines,VetSelect Core Vax,VETSELECT CORE VAX LARGE,Retail,National,National,43546,609654.04,0.91
nielsen_scanner,2025-10,2025-Q4,Vaccines,VetSelect Core Vax,VETSELECT CORE VAX SMALL,Retail,National,National,58548,819681.77,0.91
nielsen_scanner,2025-10,2025-Q4,Dermatology,VetSelect Derma,VETSELECT DERMA LARGE,Retail,National,National,31572,1199719.62,0.91
nielsen_scanner,2025-10,2025-Q4,Dermatology,VetSelect Derma,VETSELECT DERMA SMALL,Retail,National,National,43362,1647772.6,0.91
nielsen_scanner,2025-10,2025-Q4,Petcare Diagnostics,VetSelect Dx,VETSELECT DX LARGE,Retail,National,National,33366,400400.97,0.91
nielsen_scanner,2025-10,2025-Q4,Petcare Diagnostics,VetSelect Dx,VETSELECT DX SMALL,Retail,National,National,46924,563089.95,0.91
nielsen_scanner,2025-10,2025-Q4,Parasiticides,VetSelect Flea & Tick,VETSELECT FLEA & TICK LARGE,Retail,National,National,189586,3222967.52,0.91
nielsen_scanner,2025-10,2025-Q4,Parasiticides,VetSelect Flea & Tick,VETSELECT FLEA & TICK SMALL,Retail,National,National,263009,4471156.44,0.91
nielsen_scanner,2025-10,2025-Q4,Pain/Osteoarthritis,VetSelect Joint,VETSELECT JOINT LARGE,Retail,National,National,23237,673878.32,0.91
nielsen_scanner,2025-10,2025-Q4,Pain/Osteoarthritis,VetSelect Joint,VETSELECT JOINT SMALL,Retail,National,National,31753,920827.67,0.91
nielsen_scanner,2025-10,2025-Q4,Petcare Diagnostics,Vetscan,VETSCAN LARGE,Retail,National,National,6631,119375.42,0.91
nielsen_scanner,2025-10,2025-Q4,Petcare Diagnostics,Vetscan,VETSCAN SMALL,Retail,National,National,9034,162617.67,0.91
nielsen_scanner,2025-10,2025-Q4,Dermatology,AllerVet RX,ALLERVET RX LARGE,Retail,Region,Midwest,3169,171148.0,0.91
nielsen_scanner,2025-10,2025-Q4,Dermatology,AllerVet RX,ALLERVET RX SMALL,Retail,Region,Midwest,4274,230818.89,0.91
nielsen_scanner,2025-10,2025-Q4,Dermatology,Apoquel,APOQUEL LARGE,Retail,Region,Midwest,3882,252329.59,0.91
nielsen_scanner,2025-10,2025-Q4,Dermatology,Apoquel,APOQUEL SMALL,Retail,Region,Midwest,5164,335667.63,0.91
nielsen_scanner,2025-10,2025-Q4,Vaccines,BioShield Vax,BIOSHIELD VAX LARGE,Retail,Region,Midwest,2701,54020.74,0.91
nielsen_scanner,2025-10,2025-Q4,Vaccines,BioShield Vax,BIOSHIELD VAX SMALL,Retail,Region,Midwest,4109,82184.94,0.91
nielsen_scanner,2025-10,2025-Q4,Dermatology,DermaCalm,DERMACALM LARGE,Retail,Region,Midwest,3261,189155.97,0.91
nielsen_scanner,2025-10,2025-Q4,Dermatology,DermaCalm,DERMACALM SMALL,Retail,Region,Midwest,4530,262727.72,0.91
nielsen_scanner,2025-10,2025-Q4,Petcare Diagnostics,DiagnosTech Vet,DIAGNOSTECH VET LARGE,Retail,Region,Midwest,2631,44721.28,0.91
nielsen_scanner,2025-10,2025-Q4,Petcare Diagnostics,DiagnosTech Vet,DIAGNOSTECH VET SMALL,Retail,Region,Midwest,3563,60569.81,0.91
nielsen_scanner,2025-10,2025-Q4,Parasiticides,FleaStop Pro,FLEASTOP PRO LARGE,Retail,Region,Midwest,17065,358356.35,0.91
nielsen_scanner,2025-10,2025-Q4,Parasiticides,FleaStop Pro,FLEASTOP PRO SMALL,Retail,Region,Midwest,24528,515088.19,0.91
nielsen_scanner,2025-10,2025-Q4,Pain/Osteoarthritis,FlexiCare Joint,FLEXICARE JOINT LARGE,Retail,Region,Midwest,1877,82600.78,0.91
nielsen_scanner,2025-10,2025-Q4,Pain/Osteoarthritis,FlexiCare Joint,FLEXICARE JOINT SMALL,Retail,Region,Midwest,2594,114147.19,0.91
nielsen_scanner,2025-10,2025-Q4,Vaccines,ImmunoCore Canine,IMMUNOCORE CANINE LARGE,Retail,Region,Midwest,3341,70157.56,0.91
nielsen_scanner,2025-10,2025-Q4,Vaccines,ImmunoCore Canine,IMMUNOCORE CANINE SMALL,Retail,Region,Midwest,4580,96185.42,0.91
nielsen_scanner,2025-10,2025-Q4,Pain/Osteoarthritis,Librela,LIBRELA LARGE,Retail,Region,Midwest,1316,63152.82,0.91
nielsen_scanner,2025-10,2025-Q4,Pain/Osteoarthritis,Librela,LIBRELA SMALL,Retail,Region,Midwest,1895,90963.42,0.91
nielsen_scanner,2025-10,2025-Q4,Pain/Osteoarthritis,OsteoEase Vet,OSTEOEASE VET LARGE,Retail,Region,Midwest,1718,70455.67,0.91
nielsen_scanner,2025-10,2025-Q4,Pain/Osteoarthritis,OsteoEase Vet,OSTEOEASE VET SMALL,Retail,Region,Midwest,2301,94352.5,0.91
nielsen_scanner,2025-10,2025-Q4,Pain/Osteoarthritis,PainAway Canine,PAINAWAY CANINE LARGE,Retail,Region,Midwest,1419,52507.36,0.91
nielsen_scanner,2025-10,2025-Q4,Pain/Osteoarthritis,PainAway Canine,PAINAWAY CANINE SMALL,Retail,Region,Midwest,2032,75198.41,0.91
nielsen_scanner,2025-10,2025-Q4,Petcare Diagnostics,PetLab Analyzer,PETLAB ANALYZER LARGE,Retail,Region,Midwest,1726,25887.94,0.91
nielsen_scanner,2025-10,2025-Q4,Petcare Diagnostics,PetLab Analyzer,PETLAB ANALYZER SMALL,Retail,Region,Midwest,2374,35617.39,0.91
nielsen_scanner,2025-10,2025-Q4,Petcare Diagnostics,RapidVet Dx,RAPIDVET DX LARGE,Retail,Region,Midwest,2645,42325.82,0.91
nielsen_scanner,2025-10,2025-Q4,Petcare Diagnostics,RapidVet Dx,RAPIDVET DX SMALL,Retail,Region,Midwest,3674,58789.93,0.91
nielsen_scanner,2025-10,2025-Q4,Parasiticides,Simparica Trio,SIMPARICA TRIO LARGE,Retail,Region,Midwest,27554,771503.03,0.91
nielsen_scanner,2025-10,2025-Q4,Parasiticides,Simparica Trio,SIMPARICA TRIO SMALL,Retail,Region,Midwest,37159,1040445.84,0.91
nielsen_scanner,2025-10,2025-Q4,Dermatology,SkinRelief Pro,SKINRELIEF PRO LARGE,Retail,Region,Midwest,2470,121011.86,0.91
nielsen_scanner,2025-10,2025-Q4,Dermatology,SkinRelief Pro,SKINRELIEF PRO SMALL,Retail,Region,Midwest,3695,181031.63,0.91
nielsen_scanner,2025-10,2025-Q4,Parasiticides,TickShield Plus,TICKSHIELD PLUS LARGE,Retail,Region,Midwest,20228,485482.28,0.91
nielsen_scanner,2025-10,2025-Q4,Parasiticides,TickShield Plus,TICKSHIELD PLUS SMALL,Retail,Region,Midwest,29736,713655.29,0.91
nielsen_scanner,2025-10,2025-Q4,Vaccines,Vanguard,VANGUARD LARGE,Retail,Region,Midwest,2139,47051.93,0.91
nielsen_scanner,2025-10,2025-Q4,Vaccines,Vanguard,VANGUARD SMALL,Retail,Region,Midwest,3025,66556.32,0.91
nielsen_scanner,2025-10,2025-Q4,Parasiticides,VectraGuard,VECTRAGUARD LARGE,Retail,Region,Midwest,23331,606618.26,0.91
nielsen_scanner,2025-10,2025-Q4,Parasiticides,VectraGuard,VECTRAGUARD SMALL,Retail,Region,Midwest,33060,859559.71,0.91
nielsen_scanner,2025-10,2025-Q4,Vaccines,VetGuard Immunize,VETGUARD IMMUNIZE LARGE,Retail,Region,Midwest,2603,49459.05,0.91
nielsen_scanner,2025-10,2025-Q4,Vaccines,VetGuard Immunize,VETGUARD IMMUNIZE SMALL,Retail,Region,Midwest,3451,65573.82,0.91
nielsen_scanner,2025-10,2025-Q4,Vaccines,VetSelect Core Vax,VETSELECT CORE VAX LARGE,Retail,Region,Midwest,9167,128343.16,0.91
nielsen_scanner,2025-10,2025-Q4,Vaccines,VetSelect Core Vax,VETSELECT CORE VAX SMALL,Retail,Region,Midwest,12795,179135.73,0.91
nielsen_scanner,2025-10,2025-Q4,Dermatology,VetSelect Derma,VETSELECT DERMA LARGE,Retail,Region,Midwest,6599,250765.89,0.91
nielsen_scanner,2025-10,2025-Q4,Dermatology,VetSelect Derma,VETSELECT DERMA SMALL,Retail,Region,Midwest,9247,351385.66,0.91
nielsen_scanner,2025-10,2025-Q4,Petcare Diagnostics,VetSelect Dx,VETSELECT DX LARGE,Retail,Region,Midwest,7038,84461.55,0.91
nielsen_scanner,2025-10,2025-Q4,Petcare Diagnostics,VetSelect Dx,VETSELECT DX SMALL,Retail,Region,Midwest,10295,123537.94,0.91
nielsen_scanner,2025-10,2025-Q4,Parasiticides,VetSelect Flea & Tick,VETSELECT FLEA & TICK LARGE,Retail,Region,Midwest,38605,656283.74,0.91
nielsen_scanner,2025-10,2025-Q4,Parasiticides,VetSelect Flea & Tick,VETSELECT FLEA & TICK SMALL,Retail,Region,Midwest,55407,941920.56,0.91
nielsen_scanner,2025-10,2025-Q4,Pain/Osteoarthritis,VetSelect Joint,VETSELECT JOINT LARGE,Retail,Region,Midwest,5084,147443.06,0.91
nielsen_scanner,2025-10,2025-Q4,Pain/Osteoarthritis,VetSelect Joint,VETSELECT JOINT SMALL,Retail,Region,Midwest,6742,195506.53,0.91
nielsen_scanner,2025-10,2025-Q4,Petcare Diagnostics,Vetscan,VETSCAN LARGE,Retail,Region,Midwest,1447,26049.71,0.91
nielsen_scanner,2025-10,2025-Q4,Petcare Diagnostics,Vetscan,VETSCAN SMALL,Retail,Region,Midwest,1973,35515.17,0.91
nielsen_scanner,2025-10,2025-Q4,Dermatology,AllerVet RX,ALLERVET RX LARGE,Retail,Region,Northeast,3107,167787.0,0.91
nielsen_scanner,2025-10,2025-Q4,Dermatology,AllerVet RX,ALLERVET RX SMALL,Retail,Region,Northeast,4275,230843.65,0.91
nielsen_scanner,2025-10,2025-Q4,Dermatology,Apoquel,APOQUEL LARGE,Retail,Region,Northeast,4214,273935.18,0.91
nielsen_scanner,2025-10,2025-Q4,Dermatology,Apoquel,APOQUEL SMALL,Retail,Region,Northeast,5930,385440.23,0.91
nielsen_scanner,2025-10,2025-Q4,Vaccines,BioShield Vax,BIOSHIELD VAX LARGE,Retail,Region,Northeast,3090,61801.79,0.91
nielsen_scanner,2025-10,2025-Q4,Vaccines,BioShield Vax,BIOSHIELD VAX SMALL,Retail,Region,Northeast,4283,85659.5,0.91
nielsen_scanner,2025-10,2025-Q4,Dermatology,DermaCalm,DERMACALM LARGE,Retail,Region,Northeast,3569,207021.68,0.91
nielsen_scanner,2025-10,2025-Q4,Dermatology,DermaCalm,DERMACALM SMALL,Retail,Region,Northeast,5212,302295.25,0.91
nielsen_scanner,2025-10,2025-Q4,Petcare Diagnostics,DiagnosTech Vet,DIAGNOSTECH VET LARGE,Retail,Region,Northeast,2750,46748.65,0.91
nielsen_scanner,2025-10,2025-Q4,Petcare Diagnostics,DiagnosTech Vet,DIAGNOSTECH VET SMALL,Retail,Region,Northeast,3770,64089.65,0.91
nielsen_scanner,2025-10,2025-Q4,Parasiticides,FleaStop Pro,FLEASTOP PRO LARGE,Retail,Region,Northeast,18994,398866.2,0.91
nielsen_scanner,2025-10,2025-Q4,Parasiticides,FleaStop Pro,FLEASTOP PRO SMALL,Retail,Region,Northeast,24903,522952.98,0.91
nielsen_scanner,2025-10,2025-Q4,Pain/Osteoarthritis,FlexiCare Joint,FLEXICARE JOINT LARGE,Retail,Region,Northeast,1947,85687.36,0.91
nielsen_scanner,2025-10,2025-Q4,Pain/Osteoarthritis,FlexiCare Joint,FLEXICARE JOINT SMALL,Retail,Region,Northeast,2795,122970.39,0.91
nielsen_scanner,2025-10,2025-Q4,Vaccines,ImmunoCore Canine,IMMUNOCORE CANINE LARGE,Retail,Region,Northeast,3563,74831.95,0.91
nielsen_scanner,2025-10,2025-Q4,Vaccines,ImmunoCore Canine,IMMUNOCORE CANINE SMALL,Retail,Region,Northeast,4881,102508.06,0.91
nielsen_scanner,2025-10,2025-Q4,Pain/Osteoarthritis,Librela,LIBRELA LARGE,Retail,Region,Northeast,1246,59796.59,0.91
nielsen_scanner,2025-10,2025-Q4,Pain/Osteoarthritis,Librela,LIBRELA SMALL,Retail,Region,Northeast,1822,87471.17,0.91
nielsen_scanner,2025-10,2025-Q4,Pain/Osteoarthritis,OsteoEase Vet,OSTEOEASE VET LARGE,Retail,Region,Northeast,1815,74403.42,0.91
nielsen_scanner,2025-10,2025-Q4,Pain/Osteoarthritis,OsteoEase Vet,OSTEOEASE VET SMALL,Retail,Region,Northeast,2497,102369.54,0.91
nielsen_scanner,2025-10,2025-Q4,Pain/Osteoarthritis,PainAway Canine,PAINAWAY CANINE LARGE,Retail,Region,Northeast,1583,58585.47,0.91
nielsen_scanner,2025-10,2025-Q4,Pain/Osteoarthritis,PainAway Canine,PAINAWAY CANINE SMALL,Retail,Region,Northeast,2066,76440.46,0.91
nielsen_scanner,2025-10,2025-Q4,Petcare Diagnostics,PetLab Analyzer,PETLAB ANALYZER LARGE,Retail,Region,Northeast,1724,25858.36,0.91
nielsen_scanner,2025-10,2025-Q4,Petcare Diagnostics,PetLab Analyzer,PETLAB ANALYZER SMALL,Retail,Region,Northeast,2629,39430.04,0.91
nielsen_scanner,2025-10,2025-Q4,Petcare Diagnostics,RapidVet Dx,RAPIDVET DX LARGE,Retail,Region,Northeast,2774,44388.49,0.91
nielsen_scanner,2025-10,2025-Q4,Petcare Diagnostics,RapidVet Dx,RAPIDVET DX SMALL,Retail,Region,Northeast,3897,62348.07,0.91
nielsen_scanner,2025-10,2025-Q4,Parasiticides,Simparica Trio,SIMPARICA TRIO LARGE,Retail,Region,Northeast,29258,819222.63,0.91
nielsen_scanner,2025-10,2025-Q4,Parasiticides,Simparica Trio,SIMPARICA TRIO SMALL,Retail,Region,Northeast,37814,1058779.61,0.91
nielsen_scanner,2025-10,2025-Q4,Dermatology,SkinRelief Pro,SKINRELIEF PRO LARGE,Retail,Region,Northeast,2790,136705.8,0.91
nielsen_scanner,2025-10,2025-Q4,Dermatology,SkinRelief Pro,SKINRELIEF PRO SMALL,Retail,Region,Northeast,3809,186651.01,0.91
nielsen_scanner,2025-10,2025-Q4,Parasiticides,TickShield Plus,TICKSHIELD PLUS LARGE,Retail,Region,Northeast,19641,471386.62,0.91
nielsen_scanner,2025-10,2025-Q4,Parasiticides,TickShield Plus,TICKSHIELD PLUS SMALL,Retail,Region,Northeast,27054,649291.44,0.91
nielsen_scanner,2025-10,2025-Q4,Vaccines,Vanguard,VANGUARD LARGE,Retail,Region,Northeast,2430,53464.99,0.91
nielsen_scanner,2025-10,2025-Q4,Vaccines,Vanguard,VANGUARD SMALL,Retail,Region,Northeast,3402,74854.15,0.91
nielsen_scanner,2025-10,2025-Q4,Parasiticides,VectraGuard,VECTRAGUARD LARGE,Retail,Region,Northeast,24831,645600.25,0.91
nielsen_scanner,2025-10,2025-Q4,Parasiticides,VectraGuard,VECTRAGUARD SMALL,Retail,Region,Northeast,33174,862533.76,0.91
nielsen_scanner,2025-10,2025-Q4,Vaccines,VetGuard Immunize,VETGUARD IMMUNIZE LARGE,Retail,Region,Northeast,2616,49695.65,0.91
nielsen_scanner,2025-10,2025-Q4,Vaccines,VetGuard Immunize,VETGUARD IMMUNIZE SMALL,Retail,Region,Northeast,3299,62678.43,0.91
nielsen_scanner,2025-10,2025-Q4,Vaccines,VetSelect Core Vax,VETSELECT CORE VAX LARGE,Retail,Region,Northeast,9745,136432.57,0.91
nielsen_scanner,2025-10,2025-Q4,Vaccines,VetSelect Core Vax,VETSELECT CORE VAX SMALL,Retail,Region,Northeast,13421,187897.72,0.91
nielsen_scanner,2025-10,2025-Q4,Dermatology,VetSelect Derma,VETSELECT DERMA LARGE,Retail,Region,Northeast,6492,246681.43,0.91
nielsen_scanner,2025-10,2025-Q4,Dermatology,VetSelect Derma,VETSELECT DERMA SMALL,Retail,Region,Northeast,9091,345464.69,0.91
nielsen_scanner,2025-10,2025-Q4,Petcare Diagnostics,VetSelect Dx,VETSELECT DX LARGE,Retail,Region,Northeast,7693,92313.3,0.91
nielsen_scanner,2025-10,2025-Q4,Petcare Diagnostics,VetSelect Dx,VETSELECT DX SMALL,Retail,Region,Northeast,10546,126554.29,0.91
nielsen_scanner,2025-10,2025-Q4,Parasiticides,VetSelect Flea & Tick,VETSELECT FLEA & TICK LARGE,Retail,Region,Northeast,43305,736186.8,0.91
nielsen_scanner,2025-10,2025-Q4,Parasiticides,VetSelect Flea & Tick,VETSELECT FLEA & TICK SMALL,Retail,Region,Northeast,56462,959856.16,0.91
nielsen_scanner,2025-10,2025-Q4,Pain/Osteoarthritis,VetSelect Joint,VETSELECT JOINT LARGE,Retail,Region,Northeast,5135,148904.87,0.91
nielsen_scanner,2025-10,2025-Q4,Pain/Osteoarthritis,VetSelect Joint,VETSELECT JOINT SMALL,Retail,Region,Northeast,7063,204831.78,0.91
nielsen_scanner,2025-10,2025-Q4,Petcare Diagnostics,Vetscan,VETSCAN LARGE,Retail,Region,Northeast,1451,26119.62,0.91
nielsen_scanner,2025-10,2025-Q4,Petcare Diagnostics,Vetscan,VETSCAN SMALL,Retail,Region,Northeast,1934,34819.74,0.91
nielsen_scanner,2025-10,2025-Q4,Dermatology,AllerVet RX,ALLERVET RX LARGE,Retail,Region,South,4856,262235.1,0.91
nielsen_scanner,2025-10,2025-Q4,Dermatology,AllerVet RX,ALLERVET RX SMALL,Retail,Region,South,6522,352193.59,0.91
nielsen_scanner,2025-10,2025-Q4,Dermatology,Apoquel,APOQUEL LARGE,Retail,Region,South,6666,433267.36,0.91
nielsen_scanner,2025-10,2025-Q4,Dermatology,Apoquel,APOQUEL SMALL,Retail,Region,South,8936,580864.3,0.91
nielsen_scanner,2025-10,2025-Q4,Vaccines,BioShield Vax,BIOSHIELD VAX LARGE,Retail,Region,South,4711,94216.3,0.91
nielsen_scanner,2025-10,2025-Q4,Vaccines,BioShield Vax,BIOSHIELD VAX SMALL,Retail,Region,South,6334,126671.19,0.91
nielsen_scanner,2025-10,2025-Q4,Dermatology,DermaCalm,DERMACALM LARGE,Retail,Region,South,5309,307919.78,0.91
nielsen_scanner,2025-10,2025-Q4,Dermatology,DermaCalm,DERMACALM SMALL,Retail,Region,South,7262,421192.22,0.91
nielsen_scanner,2025-10,2025-Q4,Petcare Diagnostics,DiagnosTech Vet,DIAGNOSTECH VET LARGE,Retail,Region,South,4494,76396.03,0.91
nielsen_scanner,2025-10,2025-Q4,Petcare Diagnostics,DiagnosTech Vet,DIAGNOSTECH VET SMALL,Retail,Region,South,5760,97920.79,0.91
nielsen_scanner,2025-10,2025-Q4,Parasiticides,FleaStop Pro,FLEASTOP PRO LARGE,Retail,Region,South,26870,564279.39,0.91
nielsen_scanner,2025-10,2025-Q4,Parasiticides,FleaStop Pro,FLEASTOP PRO SMALL,Retail,Region,South,39013,819278.76,0.91
nielsen_scanner,2025-10,2025-Q4,Pain/Osteoarthritis,FlexiCare Joint,FLEXICARE JOINT LARGE,Retail,Region,South,2795,122986.89,0.91
nielsen_scanner,2025-10,2025-Q4,Pain/Osteoarthritis,FlexiCare Joint,FLEXICARE JOINT SMALL,Retail,Region,South,3903,171728.54,0.91
nielsen_scanner,2025-10,2025-Q4,Vaccines,ImmunoCore Canine,IMMUNOCORE CANINE LARGE,Retail,Region,South,5418,113773.1,0.91
nielsen_scanner,2025-10,2025-Q4,Vaccines,ImmunoCore Canine,IMMUNOCORE CANINE SMALL,Retail,Region,South,7709,161885.28,0.91
nielsen_scanner,2025-10,2025-Q4,Pain/Osteoarthritis,Librela,LIBRELA LARGE,Retail,Region,South,2087,100172.93,0.91
nielsen_scanner,2025-10,2025-Q4,Pain/Osteoarthritis,Librela,LIBRELA SMALL,Retail,Region,South,2829,135785.58,0.91
nielsen_scanner,2025-10,2025-Q4,Pain/Osteoarthritis,OsteoEase Vet,OSTEOEASE VET LARGE,Retail,Region,South,137,5602.15,0.91
nielsen_scanner,2025-10,2025-Q4,Pain/Osteoarthritis,OsteoEase Vet,OSTEOEASE VET SMALL,Retail,Region,South,203,8317.2,0.91
nielsen_scanner,2025-10,2025-Q4,Pain/Osteoarthritis,PainAway Canine,PAINAWAY CANINE LARGE,Retail,Region,South,2523,93351.9,0.91
nielsen_scanner,2025-10,2025-Q4,Pain/Osteoarthritis,PainAway Canine,PAINAWAY CANINE SMALL,Retail,Region,South,3309,122423.79,0.91
nielsen_scanner,2025-10,2025-Q4,Petcare Diagnostics,PetLab Analyzer,PETLAB ANALYZER LARGE,Retail,Region,South,2816,42237.34,0.91
nielsen_scanner,2025-10,2025-Q4,Petcare Diagnostics,PetLab Analyzer,PETLAB ANALYZER SMALL,Retail,Region,South,3921,58820.74,0.91
nielsen_scanner,2025-10,2025-Q4,Petcare Diagnostics,RapidVet Dx,RAPIDVET DX LARGE,Retail,Region,South,4460,71361.35,0.91
nielsen_scanner,2025-10,2025-Q4,Petcare Diagnostics,RapidVet Dx,RAPIDVET DX SMALL,Retail,Region,South,6301,100809.44,0.91
nielsen_scanner,2025-10,2025-Q4,Parasiticides,Simparica Trio,SIMPARICA TRIO LARGE,Retail,Region,South,45316,1268839.61,0.91
nielsen_scanner,2025-10,2025-Q4,Parasiticides,Simparica Trio,SIMPARICA TRIO SMALL,Retail,Region,South,57715,1616026.58,0.91
nielsen_scanner,2025-10,2025-Q4,Dermatology,SkinRelief Pro,SKINRELIEF PRO LARGE,Retail,Region,South,4284,209893.08,0.91
nielsen_scanner,2025-10,2025-Q4,Dermatology,SkinRelief Pro,SKINRELIEF PRO SMALL,Retail,Region,South,5724,280463.09,0.91
nielsen_scanner,2025-10,2025-Q4,Parasiticides,TickShield Plus,TICKSHIELD PLUS LARGE,Retail,Region,South,33663,807902.21,0.91
nielsen_scanner,2025-10,2025-Q4,Parasiticides,TickShield Plus,TICKSHIELD PLUS SMALL,Retail,Region,South,48362,1160689.49,0.91
nielsen_scanner,2025-10,2025-Q4,Vaccines,Vanguard,VANGUARD LARGE,Retail,Region,South,3511,77247.1,0.91
nielsen_scanner,2025-10,2025-Q4,Vaccines,Vanguard,VANGUARD SMALL,Retail,Region,South,4793,105445.74,0.91
nielsen_scanner,2025-10,2025-Q4,Parasiticides,VectraGuard,VECTRAGUARD LARGE,Retail,Region,South,39824,1035427.77,0.91
nielsen_scanner,2025-10,2025-Q4,Parasiticides,VectraGuard,VECTRAGUARD SMALL,Retail,Region,South,54825,1425454.86,0.91
nielsen_scanner,2025-10,2025-Q4,Vaccines,VetGuard Immunize,VETGUARD IMMUNIZE LARGE,Retail,Region,South,3843,73007.89,0.91
nielsen_scanner,2025-10,2025-Q4,Vaccines,VetGuard Immunize,VETGUARD IMMUNIZE SMALL,Retail,Region,South,5226,99288.64,0.91
nielsen_scanner,2025-10,2025-Q4,Vaccines,VetSelect Core Vax,VETSELECT CORE VAX LARGE,Retail,Region,South,15293,214105.2,0.91
nielsen_scanner,2025-10,2025-Q4,Vaccines,VetSelect Core Vax,VETSELECT CORE VAX SMALL,Retail,Region,South,19722,276112.07,0.91
nielsen_scanner,2025-10,2025-Q4,Dermatology,VetSelect Derma,VETSELECT DERMA LARGE,Retail,Region,South,11280,428643.8,0.91
nielsen_scanner,2025-10,2025-Q4,Dermatology,VetSelect Derma,VETSELECT DERMA SMALL,Retail,Region,South,15471,587902.38,0.91
nielsen_scanner,2025-10,2025-Q4,Petcare Diagnostics,VetSelect Dx,VETSELECT DX LARGE,Retail,Region,South,11278,135337.96,0.91
nielsen_scanner,2025-10,2025-Q4,Petcare Diagnostics,VetSelect Dx,VETSELECT DX SMALL,Retail,Region,South,15736,188832.28,0.91
nielsen_scanner,2025-10,2025-Q4,Parasiticides,VetSelect Flea & Tick,VETSELECT FLEA & TICK LARGE,Retail,Region,South,64112,1089910.34,0.91
nielsen_scanner,2025-10,2025-Q4,Parasiticides,VetSelect Flea & Tick,VETSELECT FLEA & TICK SMALL,Retail,Region,South,88167,1498846.36,0.91
nielsen_scanner,2025-10,2025-Q4,Pain/Osteoarthritis,VetSelect Joint,VETSELECT JOINT LARGE,Retail,Region,South,7925,229831.99,0.91
nielsen_scanner,2025-10,2025-Q4,Pain/Osteoarthritis,VetSelect Joint,VETSELECT JOINT SMALL,Retail,Region,South,10696,310172.93,0.91
nielsen_scanner,2025-10,2025-Q4,Petcare Diagnostics,Vetscan,VETSCAN LARGE,Retail,Region,South,2200,39607.1,0.91
nielsen_scanner,2025-10,2025-Q4,Petcare Diagnostics,Vetscan,VETSCAN SMALL,Retail,Region,South,2964,53353.33,0.91
nielsen_scanner,2025-10,2025-Q4,Dermatology,AllerVet RX,ALLERVET RX LARGE,Retail,Region,West,3395,183317.58,0.91
nielsen_scanner,2025-10,2025-Q4,Dermatology,AllerVet RX,ALLERVET RX SMALL,Retail,Region,West,4797,259018.45,0.91
nielsen_scanner,2025-10,2025-Q4,Dermatology,Apoquel,APOQUEL LARGE,Retail,Region,West,4488,291744.42,0.91
nielsen_scanner,2025-10,2025-Q4,Dermatology,Apoquel,APOQUEL SMALL,Retail,Region,West,6148,399648.23,0.91
nielsen_scanner,2025-10,2025-Q4,Vaccines,BioShield Vax,BIOSHIELD VAX LARGE,Retail,Region,West,3020,60405.01,0.91
nielsen_scanner,2025-10,2025-Q4,Vaccines,BioShield Vax,BIOSHIELD VAX SMALL,Retail,Region,West,4371,87416.08,0.91
nielsen_scanner,2025-10,2025-Q4,Dermatology,DermaCalm,DERMACALM LARGE,Retail,Region,West,3338,193627.83,0.91
nielsen_scanner,2025-10,2025-Q4,Dermatology,DermaCalm,DERMACALM SMALL,Retail,Region,West,4820,279536.07,0.91
nielsen_scanner,2025-10,2025-Q4,Petcare Diagnostics,DiagnosTech Vet,DIAGNOSTECH VET LARGE,Retail,Region,West,2911,49486.2,0.91
nielsen_scanner,2025-10,2025-Q4,Petcare Diagnostics,DiagnosTech Vet,DIAGNOSTECH VET SMALL,Retail,Region,West,3899,66277.18,0.91
nielsen_scanner,2025-10,2025-Q4,Parasiticides,FleaStop Pro,FLEASTOP PRO LARGE,Retail,Region,West,18578,390129.49,0.91
nielsen_scanner,2025-10,2025-Q4,Parasiticides,FleaStop Pro,FLEASTOP PRO SMALL,Retail,Region,West,25629,538215.35,0.91
nielsen_scanner,2025-10,2025-Q4,Pain/Osteoarthritis,FlexiCare Joint,FLEXICARE JOINT LARGE,Retail,Region,West,1899,83534.56,0.91
nielsen_scanner,2025-10,2025-Q4,Pain/Osteoarthritis,FlexiCare Joint,FLEXICARE JOINT SMALL,Retail,Region,West,2886,126996.25,0.91
nielsen_scanner,2025-10,2025-Q4,Vaccines,ImmunoCore Canine,IMMUNOCORE CANINE LARGE,Retail,Region,West,3454,72526.04,0.91
nielsen_scanner,2025-10,2025-Q4,Vaccines,ImmunoCore Canine,IMMUNOCORE CANINE SMALL,Retail,Region,West,4897,102827.82,0.91
nielsen_scanner,2025-10,2025-Q4,Pain/Osteoarthritis,Librela,LIBRELA LARGE,Retail,Region,West,1471,70607.76,0.91
nielsen_scanner,2025-10,2025-Q4,Pain/Osteoarthritis,Librela,LIBRELA SMALL,Retail,Region,West,1871,89816.79,0.91
nielsen_scanner,2025-10,2025-Q4,Pain/Osteoarthritis,OsteoEase Vet,OSTEOEASE VET LARGE,Retail,Region,West,1904,78048.33,0.91
nielsen_scanner,2025-10,2025-Q4,Pain/Osteoarthritis,OsteoEase Vet,OSTEOEASE VET SMALL,Retail,Region,West,2468,101202.09,0.91
nielsen_scanner,2025-10,2025-Q4,Pain/Osteoarthritis,PainAway Canine,PAINAWAY CANINE LARGE,Retail,Region,West,1569,58068.91,0.91
nielsen_scanner,2025-10,2025-Q4,Pain/Osteoarthritis,PainAway Canine,PAINAWAY CANINE SMALL,Retail,Region,West,2298,85027.24,0.91
nielsen_scanner,2025-10,2025-Q4,Petcare Diagnostics,PetLab Analyzer,PETLAB ANALYZER LARGE,Retail,Region,West,1872,28075.12,0.91
nielsen_scanner,2025-10,2025-Q4,Petcare Diagnostics,PetLab Analyzer,PETLAB ANALYZER SMALL,Retail,Region,West,2703,40542.92,0.91
nielsen_scanner,2025-10,2025-Q4,Petcare Diagnostics,RapidVet Dx,RAPIDVET DX LARGE,Retail,Region,West,2886,46168.4,0.91
nielsen_scanner,2025-10,2025-Q4,Petcare Diagnostics,RapidVet Dx,RAPIDVET DX SMALL,Retail,Region,West,3895,62322.58,0.91
nielsen_scanner,2025-10,2025-Q4,Parasiticides,Simparica Trio,SIMPARICA TRIO LARGE,Retail,Region,West,28793,806200.41,0.91
nielsen_scanner,2025-10,2025-Q4,Parasiticides,Simparica Trio,SIMPARICA TRIO SMALL,Retail,Region,West,38528,1078797.84,0.91
nielsen_scanner,2025-10,2025-Q4,Dermatology,SkinRelief Pro,SKINRELIEF PRO LARGE,Retail,Region,West,2993,146678.04,0.91
nielsen_scanner,2025-10,2025-Q4,Dermatology,SkinRelief Pro,SKINRELIEF PRO SMALL,Retail,Region,West,3896,190919.51,0.91
nielsen_scanner,2025-10,2025-Q4,Parasiticides,TickShield Plus,TICKSHIELD PLUS LARGE,Retail,Region,West,21250,509988.49,0.91
nielsen_scanner,2025-10,2025-Q4,Parasiticides,TickShield Plus,TICKSHIELD PLUS SMALL,Retail,Region,West,30466,731182.68,0.91
nielsen_scanner,2025-10,2025-Q4,Vaccines,Vanguard,VANGUARD LARGE,Retail,Region,West,2530,55654.75,0.91
nielsen_scanner,2025-10,2025-Q4,Vaccines,Vanguard,VANGUARD SMALL,Retail,Region,West,3500,76996.68,0.91
nielsen_scanner,2025-10,2025-Q4,Parasiticides,VectraGuard,VECTRAGUARD LARGE,Retail,Region,West,25481,662495.49,0.91
nielsen_scanner,2025-10,2025-Q4,Parasiticides,VectraGuard,VECTRAGUARD SMALL,Retail,Region,West,37114,964960.62,0.91
nielsen_scanner,2025-10,2025-Q4,Vaccines,VetGuard Immunize,VETGUARD IMMUNIZE LARGE,Retail,Region,West,2552,48494.68,0.91
nielsen_scanner,2025-10,2025-Q4,Vaccines,VetGuard Immunize,VETGUARD IMMUNIZE SMALL,Retail,Region,West,3638,69124.4,0.91
nielsen_scanner,2025-10,2025-Q4,Vaccines,VetSelect Core Vax,VETSELECT CORE VAX LARGE,Retail,Region,West,9341,130773.11,0.91
nielsen_scanner,2025-10,2025-Q4,Vaccines,VetSelect Core Vax,VETSELECT CORE VAX SMALL,Retail,Region,West,12610,176536.25,0.91
nielsen_scanner,2025-10,2025-Q4,Dermatology,VetSelect Derma,VETSELECT DERMA LARGE,Retail,Region,West,7201,273628.5,0.91
nielsen_scanner,2025-10,2025-Q4,Dermatology,VetSelect Derma,VETSELECT DERMA SMALL,Retail,Region,West,9553,363019.87,0.91
nielsen_scanner,2025-10,2025-Q4,Petcare Diagnostics,VetSelect Dx,VETSELECT DX LARGE,Retail,Region,West,7357,88288.16,0.91
nielsen_scanner,2025-10,2025-Q4,Petcare Diagnostics,VetSelect Dx,VETSELECT DX SMALL,Retail,Region,West,10347,124165.44,0.91
nielsen_scanner,2025-10,2025-Q4,Parasiticides,VetSelect Flea & Tick,VETSELECT FLEA & TICK LARGE,Retail,Region,West,43564,740586.64,0.91
nielsen_scanner,2025-10,2025-Q4,Parasiticides,VetSelect Flea & Tick,VETSELECT FLEA & TICK SMALL,Retail,Region,West,62973,1070533.36,0.91
nielsen_scanner,2025-10,2025-Q4,Pain/Osteoarthritis,VetSelect Joint,VETSELECT JOINT LARGE,Retail,Region,West,5093,147698.4,0.91
nielsen_scanner,2025-10,2025-Q4,Pain/Osteoarthritis,VetSelect Joint,VETSELECT JOINT SMALL,Retail,Region,West,7252,210316.43,0.91
nielsen_scanner,2025-10,2025-Q4,Petcare Diagnostics,Vetscan,VETSCAN LARGE,Retail,Region,West,1533,27598.99,0.91
nielsen_scanner,2025-10,2025-Q4,Petcare Diagnostics,Vetscan,VETSCAN SMALL,Retail,Region,West,2163,38929.43,0.91
nielsen_scanner,2025-11,2025-Q4,Dermatology,AllerVet RX,ALLERVET RX LARGE,Retail,National,National,13100,707454.63,0.91
nielsen_scanner,2025-11,2025-Q4,Dermatology,AllerVet RX,ALLERVET RX SMALL,Retail,National,National,18034,973810.97,0.91
nielsen_scanner,2025-11,2025-Q4,Dermatology,Apoquel,APOQUEL LARGE,Retail,National,National,16248,1056183.19,0.91
nielsen_scanner,2025-11,2025-Q4,Dermatology,Apoquel,APOQUEL SMALL,Retail,National,National,22353,1452924.72,0.91
nielsen_scanner,2025-11,2025-Q4,Vaccines,BioShield Vax,BIOSHIELD VAX LARGE,Retail,National,National,12747,254947.81,0.91
nielsen_scanner,2025-11,2025-Q4,Vaccines,BioShield Vax,BIOSHIELD VAX SMALL,Retail,National,National,17581,351613.46,0.91
nielsen_scanner,2025-11,2025-Q4,Dermatology,DermaCalm,DERMACALM LARGE,Retail,National,National,15363,891040.06,0.91
nielsen_scanner,2025-11,2025-Q4,Dermatology,DermaCalm,DERMACALM SMALL,Retail,National,National,20848,1209208.91,0.91
nielsen_scanner,2025-11,2025-Q4,Petcare Diagnostics,DiagnosTech Vet,DIAGNOSTECH VET LARGE,Retail,National,National,13086,222464.5,0.91
nielsen_scanner,2025-11,2025-Q4,Petcare Diagnostics,DiagnosTech Vet,DIAGNOSTECH VET SMALL,Retail,National,National,18842,320321.76,0.91
nielsen_scanner,2025-11,2025-Q4,Parasiticides,FleaStop Pro,FLEASTOP PRO LARGE,Retail,National,National,68507,1438655.7,0.91
nielsen_scanner,2025-11,2025-Q4,Parasiticides,FleaStop Pro,FLEASTOP PRO SMALL,Retail,National,National,93142,1955992.12,0.91
nielsen_scanner,2025-11,2025-Q4,Pain/Osteoarthritis,FlexiCare Joint,FLEXICARE JOINT LARGE,Retail,National,National,8901,391637.44,0.91
nielsen_scanner,2025-11,2025-Q4,Pain/Osteoarthritis,FlexiCare Joint,FLEXICARE JOINT SMALL,Retail,National,National,12394,545336.33,0.91
nielsen_scanner,2025-11,2025-Q4,Vaccines,ImmunoCore Canine,IMMUNOCORE CANINE LARGE,Retail,National,National,15804,331869.44,0.91
nielsen_scanner,2025-11,2025-Q4,Vaccines,ImmunoCore Canine,IMMUNOCORE CANINE SMALL,Retail,National,National,22337,469067.48,0.91
nielsen_scanner,2025-11,2025-Q4,Pain/Osteoarthritis,Librela,LIBRELA LARGE,Retail,National,National,5753,276127.38,0.91
nielsen_scanner,2025-11,2025-Q4,Pain/Osteoarthritis,Librela,LIBRELA SMALL,Retail,National,National,8593,412505.43,0.91
nielsen_scanner,2025-11,2025-Q4,Pain/Osteoarthritis,OsteoEase Vet,OSTEOEASE VET LARGE,Retail,National,National,8281,339532.97,0.91
nielsen_scanner,2025-11,2025-Q4,Pain/Osteoarthritis,OsteoEase Vet,OSTEOEASE VET SMALL,Retail,National,National,11351,465405.9,0.91
nielsen_scanner,2025-11,2025-Q4,Pain/Osteoarthritis,PainAway Canine,PAINAWAY CANINE LARGE,Retail,National,National,7356,272183.19,0.91
nielsen_scanner,2025-11,2025-Q4,Pain/Osteoarthritis,PainAway Canine,PAINAWAY CANINE SMALL,Retail,National,National,10473,387514.82,0.91
nielsen_scanner,2025-11,2025-Q4,Petcare Diagnostics,PetLab Analyzer,PETLAB ANALYZER LARGE,Retail,National,National,8227,123409.82,0.91
nielsen_scanner,2025-11,2025-Q4,Petcare Diagnostics,PetLab Analyzer,PETLAB ANALYZER SMALL,Retail,National,National,11484,172252.15,0.91
nielsen_scanner,2025-11,2025-Q4,Petcare Diagnostics,RapidVet Dx,RAPIDVET DX LARGE,Retail,National,National,11949,191175.15,0.91
nielsen_scanner,2025-11,2025-Q4,Petcare Diagnostics,RapidVet Dx,RAPIDVET DX SMALL,Retail,National,National,16420,262712.84,0.91
nielsen_scanner,2025-11,2025-Q4,Parasiticides,Simparica Trio,SIMPARICA TRIO LARGE,Retail,National,National,119964,3359010.92,0.91
nielsen_scanner,2025-11,2025-Q4,Parasiticides,Simparica Trio,SIMPARICA TRIO SMALL,Retail,National,National,162097,4538709.4,0.91
nielsen_scanner,2025-11,2025-Q4,Dermatology,SkinRelief Pro,SKINRELIEF PRO LARGE,Retail,National,National,11463,561683.48,0.91
nielsen_scanner,2025-11,2025-Q4,Dermatology,SkinRelief Pro,SKINRELIEF PRO SMALL,Retail,National,National,15993,783639.76,0.91
nielsen_scanner,2025-11,2025-Q4,Parasiticides,TickShield Plus,TICKSHIELD PLUS LARGE,Retail,National,National,81343,1952258.57,0.91
nielsen_scanner,2025-11,2025-Q4,Parasiticides,TickShield Plus,TICKSHIELD PLUS SMALL,Retail,National,National,108057,2593361.96,0.91
nielsen_scanner,2025-11,2025-Q4,Vaccines,Vanguard,VANGUARD LARGE,Retail,National,National,10092,222019.01,0.91
nielsen_scanner,2025-11,2025-Q4,Vaccines,Vanguard,VANGUARD SMALL,Retail,National,National,14151,311311.95,0.91
nielsen_scanner,2025-11,2025-Q4,Parasiticides,VectraGuard,VECTRAGUARD LARGE,Retail,National,National,94080,2446086.86,0.91
nielsen_scanner,2025-11,2025-Q4,Parasiticides,VectraGuard,VECTRAGUARD SMALL,Retail,National,National,129475,3366350.98,0.91
nielsen_scanner,2025-11,2025-Q4,Vaccines,VetGuard Immunize,VETGUARD IMMUNIZE LARGE,Retail,National,National,11329,215253.61,0.91
nielsen_scanner,2025-11,2025-Q4,Vaccines,VetGuard Immunize,VETGUARD IMMUNIZE SMALL,Retail,National,National,15932,302714.32,0.91
nielsen_scanner,2025-11,2025-Q4,Vaccines,VetSelect Core Vax,VETSELECT CORE VAX LARGE,Retail,National,National,43675,611460.53,0.91
nielsen_scanner,2025-11,2025-Q4,Vaccines,VetSelect Core Vax,VETSELECT CORE VAX SMALL,Retail,National,National,62318,872447.07,0.91
nielsen_scanner,2025-11,2025-Q4,Dermatology,VetSelect Derma,VETSELECT DERMA LARGE,Retail,National,National,28971,1100884.39,0.91
nielsen_scanner,2025-11,2025-Q4,Dermatology,VetSelect Derma,VETSELECT DERMA SMALL,Retail,National,National,40329,1532499.6,0.91
nielsen_scanner,2025-11,2025-Q4,Petcare Diagnostics,VetSelect Dx,VETSELECT DX LARGE,Retail,National,National,32459,389505.13,0.91
nielsen_scanner,2025-11,2025-Q4,Petcare Diagnostics,VetSelect Dx,VETSELECT DX SMALL,Retail,National,National,45768,549219.11,0.91
nielsen_scanner,2025-11,2025-Q4,Parasiticides,VetSelect Flea & Tick,VETSELECT FLEA & TICK LARGE,Retail,National,National,155029,2635470.63,0.91
nielsen_scanner,2025-11,2025-Q4,Parasiticides,VetSelect Flea & Tick,VETSELECT FLEA & TICK SMALL,Retail,National,National,212924,3619719.18,0.91
nielsen_scanner,2025-11,2025-Q4,Pain/Osteoarthritis,VetSelect Joint,VETSELECT JOINT LARGE,Retail,National,National,24071,698067.98,0.91
nielsen_scanner,2025-11,2025-Q4,Pain/Osteoarthritis,VetSelect Joint,VETSELECT JOINT SMALL,Retail,National,National,33193,962639.22,0.91
nielsen_scanner,2025-11,2025-Q4,Petcare Diagnostics,Vetscan,VETSCAN LARGE,Retail,National,National,6150,110701.49,0.91
nielsen_scanner,2025-11,2025-Q4,Petcare Diagnostics,Vetscan,VETSCAN SMALL,Retail,National,National,8347,150262.56,0.91
nielsen_scanner,2025-11,2025-Q4,Dermatology,AllerVet RX,ALLERVET RX LARGE,Retail,Region,Midwest,2712,146471.52,0.91
nielsen_scanner,2025-11,2025-Q4,Dermatology,AllerVet RX,ALLERVET RX SMALL,Retail,Region,Midwest,3781,204194.48,0.91
nielsen_scanner,2025-11,2025-Q4,Dermatology,Apoquel,APOQUEL LARGE,Retail,Region,Midwest,3473,225753.5,0.91
nielsen_scanner,2025-11,2025-Q4,Dermatology,Apoquel,APOQUEL SMALL,Retail,Region,Midwest,4873,316716.93,0.91
nielsen_scanner,2025-11,2025-Q4,Vaccines,BioShield Vax,BIOSHIELD VAX LARGE,Retail,Region,Midwest,2731,54613.66,0.91
nielsen_scanner,2025-11,2025-Q4,Vaccines,BioShield Vax,BIOSHIELD VAX SMALL,Retail,Region,Midwest,3623,72455.76,0.91
nielsen_scanner,2025-11,2025-Q4,Dermatology,DermaCalm,DERMACALM LARGE,Retail,Region,Midwest,3321,192600.97,0.91
nielsen_scanner,2025-11,2025-Q4,Dermatology,DermaCalm,DERMACALM SMALL,Retail,Region,Midwest,4525,262437.43,0.91
nielsen_scanner,2025-11,2025-Q4,Petcare Diagnostics,DiagnosTech Vet,DIAGNOSTECH VET LARGE,Retail,Region,Midwest,2830,48111.44,0.91
nielsen_scanner,2025-11,2025-Q4,Petcare Diagnostics,DiagnosTech Vet,DIAGNOSTECH VET SMALL,Retail,Region,Midwest,3808,64741.03,0.91
nielsen_scanner,2025-11,2025-Q4,Parasiticides,FleaStop Pro,FLEASTOP PRO LARGE,Retail,Region,Midwest,14632,307261.92,0.91
nielsen_scanner,2025-11,2025-Q4,Parasiticides,FleaStop Pro,FLEASTOP PRO SMALL,Retail,Region,Midwest,20545,431452.75,0.91
nielsen_scanner,2025-11,2025-Q4,Pain/Osteoarthritis,FlexiCare Joint,FLEXICARE JOINT LARGE,Retail,Region,Midwest,1868,82171.88,0.91
nielsen_scanner,2025-11,2025-Q4,Pain/Osteoarthritis,FlexiCare Joint,FLEXICARE JOINT SMALL,Retail,Region,Midwest,2610,114840.14,0.91
nielsen_scanner,2025-11,2025-Q4,Vaccines,ImmunoCore Canine,IMMUNOCORE CANINE LARGE,Retail,Region,Midwest,3590,75380.16,0.91
nielsen_scanner,2025-11,2025-Q4,Vaccines,ImmunoCore Canine,IMMUNOCORE CANINE SMALL,Retail,Region,Midwest,4688,98447.06,0.91
nielsen_scanner,2025-11,2025-Q4,Pain/Osteoarthritis,Librela,LIBRELA LARGE,Retail,Region,Midwest,1244,59704.33,0.91
nielsen_scanner,2025-11,2025-Q4,Pain/Osteoarthritis,Librela,LIBRELA SMALL,Retail,Region,Midwest,1721,82620.96,0.91
nielsen_scanner,2025-11,2025-Q4,Pain/Osteoarthritis,OsteoEase Vet,OSTEOEASE VET LARGE,Retail,Region,Midwest,1709,70061.39,0.91
nielsen_scanner,2025-11,2025-Q4,Pain/Osteoarthritis,OsteoEase Vet,OSTEOEASE VET SMALL,Retail,Region,Midwest,2448,100376.12,0.91
nielsen_scanner,2025-11,2025-Q4,Pain/Osteoarthritis,PainAway Canine,PAINAWAY CANINE LARGE,Retail,Region,Midwest,1500,55513.61,0.91
nielsen_scanner,2025-11,2025-Q4,Pain/Osteoarthritis,PainAway Canine,PAINAWAY CANINE SMALL,Retail,Region,Midwest,2229,82457.81,0.91
nielsen_scanner,2025-11,2025-Q4,Petcare Diagnostics,PetLab Analyzer,PETLAB ANALYZER LARGE,Retail,Region,Midwest,1778,26674.23,0.91
nielsen_scanner,2025-11,2025-Q4,Petcare Diagnostics,PetLab Analyzer,PETLAB ANALYZER SMALL,Retail,Region,Midwest,2244,33660.99,0.91
nielsen_scanner,2025-11,2025-Q4,Petcare Diagnostics,RapidVet Dx,RAPIDVET DX LARGE,Retail,Region,Midwest,2624,41988.38,0.91
nielsen_scanner,2025-11,2025-Q4,Petcare Diagnostics,RapidVet Dx,RAPIDVET DX SMALL,Retail,Region,Midwest,3535,56561.22,0.91
nielsen_scanner,2025-11,2025-Q4,Parasiticides,Simparica Trio,SIMPARICA TRIO LARGE,Retail,Region,Midwest,27231,762475.54,0.91
nielsen_scanner,2025-11,2025-Q4,Parasiticides,Simparica Trio,SIMPARICA TRIO SMALL,Retail,Region,Midwest,37501,1050034.93,0.91
nielsen_scanner,2025-11,2025-Q4,Dermatology,SkinRelief Pro,SKINRELIEF PRO LARGE,Retail,Region,Midwest,2437,119409.47,0.91
nielsen_scanner,2025-11,2025-Q4,Dermatology,SkinRelief Pro,SKINRELIEF PRO SMALL,Retail,Region,Midwest,3408,166990.89,0.91
nielsen_scanner,2025-11,2025-Q4,Parasiticides,TickShield Plus,TICKSHIELD PLUS LARGE,Retail,Region,Midwest,17623,422947.18,0.91
nielsen_scanner,2025-11,2025-Q4,Parasiticides,TickShield Plus,TICKSHIELD PLUS SMALL,Retail,Region,Midwest,22226,533419.85,0.91
nielsen_scanner,2025-11,2025-Q4,Vaccines,Vanguard,VANGUARD LARGE,Retail,Region,Midwest,2068,45491.68,0.91
nielsen_scanner,2025-11,2025-Q4,Vaccines,Vanguard,VANGUARD SMALL,Retail,Region,Midwest,3078,67709.63,0.91
nielsen_scanner,2025-11,2025-Q4,Parasiticides,VectraGuard,VECTRAGUARD LARGE,Retail,Region,Midwest,20445,531569.25,0.91
nielsen_scanner,2025-11,2025-Q4,Parasiticides,VectraGuard,VECTRAGUARD SMALL,Retail,Region,Midwest,27087,704265.88,0.91
nielsen_scanner,2025-11,2025-Q4,Vaccines,VetGuard Immunize,VETGUARD IMMUNIZE LARGE,Retail,Region,Midwest,2466,46845.7,0.91
nielsen_scanner,2025-11,2025-Q4,Vaccines,VetGuard Immunize,VETGUARD IMMUNIZE SMALL,Retail,Region,Midwest,3283,62374.59,0.91
nielsen_scanner,2025-11,2025-Q4,Vaccines,VetSelect Core Vax,VETSELECT CORE VAX LARGE,Retail,Region,Midwest,9539,133551.12,0.91
nielsen_scanner,2025-11,2025-Q4,Vaccines,VetSelect Core Vax,VETSELECT CORE VAX SMALL,Retail,Region,Midwest,13265,185711.94,0.91
nielsen_scanner,2025-11,2025-Q4,Dermatology,VetSelect Derma,VETSELECT DERMA LARGE,Retail,Region,Midwest,6106,232013.39,0.91
nielsen_scanner,2025-11,2025-Q4,Dermatology,VetSelect Derma,VETSELECT DERMA SMALL,Retail,Region,Midwest,8551,324952.43,0.91
nielsen_scanner,2025-11,2025-Q4,Petcare Diagnostics,VetSelect Dx,VETSELECT DX LARGE,Retail,Region,Midwest,7321,87852.66,0.91
nielsen_scanner,2025-11,2025-Q4,Petcare Diagnostics,VetSelect Dx,VETSELECT DX SMALL,Retail,Region,Midwest,10121,121457.07,0.91
nielsen_scanner,2025-11,2025-Q4,Parasiticides,VetSelect Flea & Tick,VETSELECT FLEA & TICK LARGE,Retail,Region,Midwest,33857,575561.68,0.91
nielsen_scanner,2025-11,2025-Q4,Parasiticides,VetSelect Flea & Tick,VETSELECT FLEA & TICK SMALL,Retail,Region,Midwest,45473,773043.8,0.91
nielsen_scanner,2025-11,2025-Q4,Pain/Osteoarthritis,VetSelect Joint,VETSELECT JOINT LARGE,Retail,Region,Midwest,5069,146993.41,0.91
nielsen_scanner,2025-11,2025-Q4,Pain/Osteoarthritis,VetSelect Joint,VETSELECT JOINT SMALL,Retail,Region,Midwest,6897,200022.62,0.91
nielsen_scanner,2025-11,2025-Q4,Petcare Diagnostics,Vetscan,VETSCAN LARGE,Retail,Region,Midwest,1255,22586.04,0.91
nielsen_scanner,2025-11,2025-Q4,Petcare Diagnostics,Vetscan,VETSCAN SMALL,Retail,Region,Midwest,1725,31049.35,0.91
nielsen_scanner,2025-11,2025-Q4,Dermatology,AllerVet RX,ALLERVET RX LARGE,Retail,Region,Northeast,2830,152815.93,0.91
nielsen_scanner,2025-11,2025-Q4,Dermatology,AllerVet RX,ALLERVET RX SMALL,Retail,Region,Northeast,3894,210265.73,0.91
nielsen_scanner,2025-11,2025-Q4,Dermatology,Apoquel,APOQUEL LARGE,Retail,Region,Northeast,3694,240141.74,0.91
nielsen_scanner,2025-11,2025-Q4,Dermatology,Apoquel,APOQUEL SMALL,Retail,Region,Northeast,5056,328661.11,0.91
nielsen_scanner,2025-11,2025-Q4,Vaccines,BioShield Vax,BIOSHIELD VAX LARGE,Retail,Region,Northeast,2833,56665.59,0.91
nielsen_scanner,2025-11,2025-Q4,Vaccines,BioShield Vax,BIOSHIELD VAX SMALL,Retail,Region,Northeast,3888,77768.7,0.91
nielsen_scanner,2025-11,2025-Q4,Dermatology,DermaCalm,DERMACALM LARGE,Retail,Region,Northeast,3334,193360.96,0.91
nielsen_scanner,2025-11,2025-Q4,Dermatology,DermaCalm,DERMACALM SMALL,Retail,Region,Northeast,4439,257481.43,0.91
nielsen_scanner,2025-11,2025-Q4,Petcare Diagnostics,DiagnosTech Vet,DIAGNOSTECH VET LARGE,Retail,Region,Northeast,2937,49936.44,0.91
nielsen_scanner,2025-11,2025-Q4,Petcare Diagnostics,DiagnosTech Vet,DIAGNOSTECH VET SMALL,Retail,Region,Northeast,4201,71421.7,0.91
nielsen_scanner,2025-11,2025-Q4,Parasiticides,FleaStop Pro,FLEASTOP PRO LARGE,Retail,Region,Northeast,15179,318763.66,0.91
nielsen_scanner,2025-11,2025-Q4,Parasiticides,FleaStop Pro,FLEASTOP PRO SMALL,Retail,Region,Northeast,20112,422360.63,0.91
nielsen_scanner,2025-11,2025-Q4,Pain/Osteoarthritis,FlexiCare Joint,FLEXICARE JOINT LARGE,Retail,Region,Northeast,1977,86977.04,0.91
nielsen_scanner,2025-11,2025-Q4,Pain/Osteoarthritis,FlexiCare Joint,FLEXICARE JOINT SMALL,Retail,Region,Northeast,2743,120672.11,0.91
nielsen_scanner,2025-11,2025-Q4,Vaccines,ImmunoCore Canine,IMMUNOCORE CANINE LARGE,Retail,Region,Northeast,3280,68872.34,0.91
nielsen_scanner,2025-11,2025-Q4,Vaccines,ImmunoCore Canine,IMMUNOCORE CANINE SMALL,Retail,Region,Northeast,4722,99158.55,0.91
nielsen_scanner,2025-11,2025-Q4,Pain/Osteoarthritis,Librela,LIBRELA LARGE,Retail,Region,Northeast,1283,61587.84,0.91
nielsen_scanner,2025-11,2025-Q4,Pain/Osteoarthritis,Librela,LIBRELA SMALL,Retail,Region,Northeast,1869,89726.48,0.91
nielsen_scanner,2025-11,2025-Q4,Pain/Osteoarthritis,OsteoEase Vet,OSTEOEASE VET LARGE,Retail,Region,Northeast,1814,74355.27,0.91
nielsen_scanner,2025-11,2025-Q4,Pain/Osteoarthritis,OsteoEase Vet,OSTEOEASE VET SMALL,Retail,Region,Northeast,2448,100369.53,0.91
nielsen_scanner,2025-11,2025-Q4,Pain/Osteoarthritis,PainAway Canine,PAINAWAY CANINE LARGE,Retail,Region,Northeast,1657,61311.93,0.91
nielsen_scanner,2025-11,2025-Q4,Pain/Osteoarthritis,PainAway Canine,PAINAWAY CANINE SMALL,Retail,Region,Northeast,2280,84359.08,0.91
nielsen_scanner,2025-11,2025-Q4,Petcare Diagnostics,PetLab Analyzer,PETLAB ANALYZER LARGE,Retail,Region,Northeast,1764,26455.94,0.91
nielsen_scanner,2025-11,2025-Q4,Petcare Diagnostics,PetLab Analyzer,PETLAB ANALYZER SMALL,Retail,Region,Northeast,2464,36958.94,0.91
nielsen_scanner,2025-11,2025-Q4,Petcare Diagnostics,RapidVet Dx,RAPIDVET DX LARGE,Retail,Region,Northeast,2477,39625.06,0.91
nielsen_scanner,2025-11,2025-Q4,Petcare Diagnostics,RapidVet Dx,RAPIDVET DX SMALL,Retail,Region,Northeast,3510,56156.45,0.91
nielsen_scanner,2025-11,2025-Q4,Parasiticides,Simparica Trio,SIMPARICA TRIO LARGE,Retail,Region,Northeast,26904,753303.54,0.91
nielsen_scanner,2025-11,2025-Q4,Parasiticides,Simparica Trio,SIMPARICA TRIO SMALL,Retail,Region,Northeast,35768,1001496.21,0.91
nielsen_scanner,2025-11,2025-Q4,Dermatology,SkinRelief Pro,SKINRELIEF PRO LARGE,Retail,Region,Northeast,2637,129233.37,0.91
nielsen_scanner,2025-11,2025-Q4,Dermatology,SkinRelief Pro,SKINRELIEF PRO SMALL,Retail,Region,Northeast,3474,170249.34,0.91
nielsen_scanner,2025-11,2025-Q4,Parasiticides,TickShield Plus,TICKSHIELD PLUS LARGE,Retail,Region,Northeast,17195,412691.03,0.91
nielsen_scanner,2025-11,2025-Q4,Parasiticides,TickShield Plus,TICKSHIELD PLUS SMALL,Retail,Region,Northeast,23714,569131.1,0.91
nielsen_scanner,2025-11,2025-Q4,Vaccines,Vanguard,VANGUARD LARGE,Retail,Region,Northeast,2269,49928.08,0.91
nielsen_scanner,2025-11,2025-Q4,Vaccines,Vanguard,VANGUARD SMALL,Retail,Region,Northeast,3051,67114.71,0.91
nielsen_scanner,2025-11,2025-Q4,Parasiticides,VectraGuard,VECTRAGUARD LARGE,Retail,Region,Northeast,21661,563179.88,0.91
nielsen_scanner,2025-11,2025-Q4,Parasiticides,VectraGuard,VECTRAGUARD SMALL,Retail,Region,Northeast,28890,751134.3,0.91
nielsen_scanner,2025-11,2025-Q4,Vaccines,VetGuard Immunize,VETGUARD IMMUNIZE LARGE,Retail,Region,Northeast,2583,49073.98,0.91
nielsen_scanner,2025-11,2025-Q4,Vaccines,VetGuard Immunize,VETGUARD IMMUNIZE SMALL,Retail,Region,Northeast,3477,66070.81,0.91
nielsen_scanner,2025-11,2025-Q4,Vaccines,VetSelect Core Vax,VETSELECT CORE VAX LARGE,Retail,Region,Northeast,9449,132292.63,0.91
nielsen_scanner,2025-11,2025-Q4,Vaccines,VetSelect Core Vax,VETSELECT CORE VAX SMALL,Retail,Region,Northeast,13898,194567.66,0.91
nielsen_scanner,2025-11,2025-Q4,Dermatology,VetSelect Derma,VETSELECT DERMA LARGE,Retail,Region,Northeast,6268,238174.97,0.91
nielsen_scanner,2025-11,2025-Q4,Dermatology,VetSelect Derma,VETSELECT DERMA SMALL,Retail,Region,Northeast,9042,343601.62,0.91
nielsen_scanner,2025-11,2025-Q4,Petcare Diagnostics,VetSelect Dx,VETSELECT DX LARGE,Retail,Region,Northeast,7072,84858.47,0.91
nielsen_scanner,2025-11,2025-Q4,Petcare Diagnostics,VetSelect Dx,VETSELECT DX SMALL,Retail,Region,Northeast,10413,124959.54,0.91
nielsen_scanner,2025-11,2025-Q4,Parasiticides,VetSelect Flea & Tick,VETSELECT FLEA & TICK LARGE,Retail,Region,Northeast,33606,571296.94,0.91
nielsen_scanner,2025-11,2025-Q4,Parasiticides,VetSelect Flea & Tick,VETSELECT FLEA & TICK SMALL,Retail,Region,Northeast,45708,777034.76,0.91
nielsen_scanner,2025-11,2025-Q4,Pain/Osteoarthritis,VetSelect Joint,VETSELECT JOINT LARGE,Retail,Region,Northeast,5161,149667.58,0.91
nielsen_scanner,2025-11,2025-Q4,Pain/Osteoarthritis,VetSelect Joint,VETSELECT JOINT SMALL,Retail,Region,Northeast,7466,216527.88,0.91
nielsen_scanner,2025-11,2025-Q4,Petcare Diagnostics,Vetscan,VETSCAN LARGE,Retail,Region,Northeast,1402,25238.68,0.91
nielsen_scanner,2025-11,2025-Q4,Petcare Diagnostics,Vetscan,VETSCAN SMALL,Retail,Region,Northeast,1903,34258.58,0.91
nielsen_scanner,2025-11,2025-Q4,Dermatology,AllerVet RX,ALLERVET RX LARGE,Retail,Region,South,4620,249498.85,0.91
nielsen_scanner,2025-11,2025-Q4,Dermatology,AllerVet RX,ALLERVET RX SMALL,Retail,Region,South,6195,334507.19,0.91
nielsen_scanner,2025-11,2025-Q4,Dermatology,Apoquel,APOQUEL LARGE,Retail,Region,South,5409,351584.31,0.91
nielsen_scanner,2025-11,2025-Q4,Dermatology,Apoquel,APOQUEL SMALL,Retail,Region,South,7566,491795.33,0.91
nielsen_scanner,2025-11,2025-Q4,Vaccines,BioShield Vax,BIOSHIELD VAX LARGE,Retail,Region,South,4276,85523.1,0.91
nielsen_scanner,2025-11,2025-Q4,Vaccines,BioShield Vax,BIOSHIELD VAX SMALL,Retail,Region,South,5942,118834.02,0.91
nielsen_scanner,2025-11,2025-Q4,Dermatology,DermaCalm,DERMACALM LARGE,Retail,Region,South,5240,303940.38,0.91
nielsen_scanner,2025-11,2025-Q4,Dermatology,DermaCalm,DERMACALM SMALL,Retail,Region,South,6931,401993.58,0.91
nielsen_scanner,2025-11,2025-Q4,Petcare Diagnostics,DiagnosTech Vet,DIAGNOSTECH VET LARGE,Retail,Region,South,4208,71531.9,0.91
nielsen_scanner,2025-11,2025-Q4,Petcare Diagnostics,DiagnosTech Vet,DIAGNOSTECH VET SMALL,Retail,Region,South,6424,109201.79,0.91
nielsen_scanner,2025-11,2025-Q4,Parasiticides,FleaStop Pro,FLEASTOP PRO LARGE,Retail,Region,South,23437,492181.74,0.91
nielsen_scanner,2025-11,2025-Q4,Parasiticides,FleaStop Pro,FLEASTOP PRO SMALL,Retail,Region,South,31438,660190.33,0.91
nielsen_scanner,2025-11,2025-Q4,Pain/Osteoarthritis,FlexiCare Joint,FLEXICARE JOINT LARGE,Retail,Region,South,2982,131222.52,0.91
nielsen_scanner,2025-11,2025-Q4,Pain/Osteoarthritis,FlexiCare Joint,FLEXICARE JOINT SMALL,Retail,Region,South,4263,187592.72,0.91
nielsen_scanner,2025-11,2025-Q4,Vaccines,ImmunoCore Canine,IMMUNOCORE CANINE LARGE,Retail,Region,South,5498,115454.46,0.91
nielsen_scanner,2025-11,2025-Q4,Vaccines,ImmunoCore Canine,IMMUNOCORE CANINE SMALL,Retail,Region,South,8135,170827.14,0.91
nielsen_scanner,2025-11,2025-Q4,Pain/Osteoarthritis,Librela,LIBRELA LARGE,Retail,Region,South,1873,89905.42,0.91
nielsen_scanner,2025-11,2025-Q4,Pain/Osteoarthritis,Librela,LIBRELA SMALL,Retail,Region,South,2948,141522.41,0.91
nielsen_scanner,2025-11,2025-Q4,Pain/Osteoarthritis,OsteoEase Vet,OSTEOEASE VET LARGE,Retail,Region,South,2768,113507.22,0.91
nielsen_scanner,2025-11,2025-Q4,Pain/Osteoarthritis,OsteoEase Vet,OSTEOEASE VET SMALL,Retail,Region,South,3829,156987.61,0.91
nielsen_scanner,2025-11,2025-Q4,Pain/Osteoarthritis,PainAway Canine,PAINAWAY CANINE LARGE,Retail,Region,South,2476,91612.1,0.91
nielsen_scanner,2025-11,2025-Q4,Pain/Osteoarthritis,PainAway Canine,PAINAWAY CANINE SMALL,Retail,Region,South,3594,132994.44,0.91
nielsen_scanner,2025-11,2025-Q4,Petcare Diagnostics,PetLab Analyzer,PETLAB ANALYZER LARGE,Retail,Region,South,2826,42393.25,0.91
nielsen_scanner,2025-11,2025-Q4,Petcare Diagnostics,PetLab Analyzer,PETLAB ANALYZER SMALL,Retail,Region,South,4204,63055.6,0.91
nielsen_scanner,2025-11,2025-Q4,Petcare Diagnostics,RapidVet Dx,RAPIDVET DX LARGE,Retail,Region,South,4049,64785.49,0.91
nielsen_scanner,2025-11,2025-Q4,Petcare Diagnostics,RapidVet Dx,RAPIDVET DX SMALL,Retail,Region,South,5809,92945.21,0.91
nielsen_scanner,2025-11,2025-Q4,Parasiticides,Simparica Trio,SIMPARICA TRIO LARGE,Retail,Region,South,38839,1087501.14,0.91
nielsen_scanner,2025-11,2025-Q4,Parasiticides,Simparica Trio,SIMPARICA TRIO SMALL,Retail,Region,South,54104,1514910.44,0.91
nielsen_scanner,2025-11,2025-Q4,Dermatology,SkinRelief Pro,SKINRELIEF PRO LARGE,Retail,Region,South,3702,181383.71,0.91
nielsen_scanner,2025-11,2025-Q4,Dermatology,SkinRelief Pro,SKINRELIEF PRO SMALL,Retail,Region,South,5418,265465.49,0.91
nielsen_scanner,2025-11,2025-Q4,Parasiticides,TickShield Plus,TICKSHIELD PLUS LARGE,Retail,Region,South,28163,675921.9,0.91
nielsen_scanner,2025-11,2025-Q4,Parasiticides,TickShield Plus,TICKSHIELD PLUS SMALL,Retail,Region,South,37705,904926.86,0.91
nielsen_scanner,2025-11,2025-Q4,Vaccines,Vanguard,VANGUARD LARGE,Retail,Region,South,3311,72841.69,0.91
nielsen_scanner,2025-11,2025-Q4,Vaccines,Vanguard,VANGUARD SMALL,Retail,Region,South,4500,98997.04,0.91
nielsen_scanner,2025-11,2025-Q4,Parasiticides,VectraGuard,VECTRAGUARD LARGE,Retail,Region,South,30565,794700.72,0.91
nielsen_scanner,2025-11,2025-Q4,Parasiticides,VectraGuard,VECTRAGUARD SMALL,Retail,Region,South,41960,1090966.45,0.91
nielsen_scanner,2025-11,2025-Q4,Vaccines,VetGuard Immunize,VETGUARD IMMUNIZE LARGE,Retail,Region,South,3703,70364.67,0.91
nielsen_scanner,2025-11,2025-Q4,Vaccines,VetGuard Immunize,VETGUARD IMMUNIZE SMALL,Retail,Region,South,5545,105362.69,0.91
nielsen_scanner,2025-11,2025-Q4,Vaccines,VetSelect Core Vax,VETSELECT CORE VAX LARGE,Retail,Region,South,14439,202149.42,0.91
nielsen_scanner,2025-11,2025-Q4,Vaccines,VetSelect Core Vax,VETSELECT CORE VAX SMALL,Retail,Region,South,21296,298139.22,0.91
nielsen_scanner,2025-11,2025-Q4,Dermatology,VetSelect Derma,VETSELECT DERMA LARGE,Retail,Region,South,9610,365178.33,0.91
nielsen_scanner,2025-11,2025-Q4,Dermatology,VetSelect Derma,VETSELECT DERMA SMALL,Retail,Region,South,13374,508197.94,0.91
nielsen_scanner,2025-11,2025-Q4,Petcare Diagnostics,VetSelect Dx,VETSELECT DX LARGE,Retail,Region,South,10812,129746.15,0.91
nielsen_scanner,2025-11,2025-Q4,Petcare Diagnostics,VetSelect Dx,VETSELECT DX SMALL,Retail,Region,South,14775,177300.2,0.91
nielsen_scanner,2025-11,2025-Q4,Parasiticides,VetSelect Flea & Tick,VETSELECT FLEA & TICK LARGE,Retail,Region,South,48921,831653.42,0.91
nielsen_scanner,2025-11,2025-Q4,Parasiticides,VetSelect Flea & Tick,VETSELECT FLEA & TICK SMALL,Retail,Region,South,68698,1167873.49,0.91
nielsen_scanner,2025-11,2025-Q4,Pain/Osteoarthritis,VetSelect Joint,VETSELECT JOINT LARGE,Retail,Region,South,7986,231602.16,0.91
nielsen_scanner,2025-11,2025-Q4,Pain/Osteoarthritis,VetSelect Joint,VETSELECT JOINT SMALL,Retail,Region,South,10708,310537.34,0.91
nielsen_scanner,2025-11,2025-Q4,Petcare Diagnostics,Vetscan,VETSCAN LARGE,Retail,Region,South,2067,37208.69,0.91
nielsen_scanner,2025-11,2025-Q4,Petcare Diagnostics,Vetscan,VETSCAN SMALL,Retail,Region,South,2788,50189.87,0.91
nielsen_scanner,2025-11,2025-Q4,Dermatology,AllerVet RX,ALLERVET RX LARGE,Retail,Region,West,2938,158668.33,0.91
nielsen_scanner,2025-11,2025-Q4,Dermatology,AllerVet RX,ALLERVET RX SMALL,Retail,Region,West,4164,224843.57,0.91
nielsen_scanner,2025-11,2025-Q4,Dermatology,Apoquel,APOQUEL LARGE,Retail,Region,West,3672,238703.64,0.91
nielsen_scanner,2025-11,2025-Q4,Dermatology,Apoquel,APOQUEL SMALL,Retail,Region,West,4858,315751.35,0.91
nielsen_scanner,2025-11,2025-Q4,Vaccines,BioShield Vax,BIOSHIELD VAX LARGE,Retail,Region,West,2907,58145.46,0.91
nielsen_scanner,2025-11,2025-Q4,Vaccines,BioShield Vax,BIOSHIELD VAX SMALL,Retail,Region,West,4128,82554.98,0.91
nielsen_scanner,2025-11,2025-Q4,Dermatology,DermaCalm,DERMACALM LARGE,Retail,Region,West,3468,201137.75,0.91
nielsen_scanner,2025-11,2025-Q4,Dermatology,DermaCalm,DERMACALM SMALL,Retail,Region,West,4953,287296.47,0.91
nielsen_scanner,2025-11,2025-Q4,Petcare Diagnostics,DiagnosTech Vet,DIAGNOSTECH VET LARGE,Retail,Region,West,3111,52884.72,0.91
nielsen_scanner,2025-11,2025-Q4,Petcare Diagnostics,DiagnosTech Vet,DIAGNOSTECH VET SMALL,Retail,Region,West,4409,74957.24,0.91
nielsen_scanner,2025-11,2025-Q4,Parasiticides,FleaStop Pro,FLEASTOP PRO LARGE,Retail,Region,West,15259,320448.38,0.91
nielsen_scanner,2025-11,2025-Q4,Parasiticides,FleaStop Pro,FLEASTOP PRO SMALL,Retail,Region,West,21047,441988.41,0.91
nielsen_scanner,2025-11,2025-Q4,Pain/Osteoarthritis,FlexiCare Joint,FLEXICARE JOINT LARGE,Retail,Region,West,2074,91266.0,0.91
nielsen_scanner,2025-11,2025-Q4,Pain/Osteoarthritis,FlexiCare Joint,FLEXICARE JOINT SMALL,Retail,Region,West,2778,122231.36,0.91
nielsen_scanner,2025-11,2025-Q4,Vaccines,ImmunoCore Canine,IMMUNOCORE CANINE LARGE,Retail,Region,West,3436,72162.48,0.91
nielsen_scanner,2025-11,2025-Q4,Vaccines,ImmunoCore Canine,IMMUNOCORE CANINE SMALL,Retail,Region,West,4792,100634.73,0.91
nielsen_scanner,2025-11,2025-Q4,Pain/Osteoarthritis,Librela,LIBRELA LARGE,Retail,Region,West,1353,64929.79,0.91
nielsen_scanner,2025-11,2025-Q4,Pain/Osteoarthritis,Librela,LIBRELA SMALL,Retail,Region,West,2055,98635.58,0.91
nielsen_scanner,2025-11,2025-Q4,Pain/Osteoarthritis,OsteoEase Vet,OSTEOEASE VET LARGE,Retail,Region,West,1990,81609.09,0.91
nielsen_scanner,2025-11,2025-Q4,Pain/Osteoarthritis,OsteoEase Vet,OSTEOEASE VET SMALL,Retail,Region,West,2626,107672.64,0.91
nielsen_scanner,2025-11,2025-Q4,Pain/Osteoarthritis,PainAway Canine,PAINAWAY CANINE LARGE,Retail,Region,West,1723,63745.55,0.91
nielsen_scanner,2025-11,2025-Q4,Pain/Osteoarthritis,PainAway Canine,PAINAWAY CANINE SMALL,Retail,Region,West,2370,87703.49,0.91
nielsen_scanner,2025-11,2025-Q4,Petcare Diagnostics,PetLab Analyzer,PETLAB ANALYZER LARGE,Retail,Region,West,1859,27886.4,0.91
nielsen_scanner,2025-11,2025-Q4,Petcare Diagnostics,PetLab Analyzer,PETLAB ANALYZER SMALL,Retail,Region,West,2572,38576.62,0.91
nielsen_scanner,2025-11,2025-Q4,Petcare Diagnostics,RapidVet Dx,RAPIDVET DX LARGE,Retail,Region,West,2799,44776.22,0.91
nielsen_scanner,2025-11,2025-Q4,Petcare Diagnostics,RapidVet Dx,RAPIDVET DX SMALL,Retail,Region,West,3566,57049.96,0.91
nielsen_scanner,2025-11,2025-Q4,Parasiticides,Simparica Trio,SIMPARICA TRIO LARGE,Retail,Region,West,26990,755730.7,0.91
nielsen_scanner,2025-11,2025-Q4,Parasiticides,Simparica Trio,SIMPARICA TRIO SMALL,Retail,Region,West,34724,972267.82,0.91
nielsen_scanner,2025-11,2025-Q4,Dermatology,SkinRelief Pro,SKINRELIEF PRO LARGE,Retail,Region,West,2687,131656.93,0.91
nielsen_scanner,2025-11,2025-Q4,Dermatology,SkinRelief Pro,SKINRELIEF PRO SMALL,Retail,Region,West,3693,180934.04,0.91
nielsen_scanner,2025-11,2025-Q4,Parasiticides,TickShield Plus,TICKSHIELD PLUS LARGE,Retail,Region,West,18362,440698.46,0.91
nielsen_scanner,2025-11,2025-Q4,Parasiticides,TickShield Plus,TICKSHIELD PLUS SMALL,Retail,Region,West,24412,585884.15,0.91
nielsen_scanner,2025-11,2025-Q4,Vaccines,Vanguard,VANGUARD LARGE,Retail,Region,West,2444,53757.56,0.91
nielsen_scanner,2025-11,2025-Q4,Vaccines,Vanguard,VANGUARD SMALL,Retail,Region,West,3522,77490.57,0.91
nielsen_scanner,2025-11,2025-Q4,Parasiticides,VectraGuard,VECTRAGUARD LARGE,Retail,Region,West,21409,556637.01,0.91
nielsen_scanner,2025-11,2025-Q4,Parasiticides,VectraGuard,VECTRAGUARD SMALL,Retail,Region,West,31538,819984.35,0.91
nielsen_scanner,2025-11,2025-Q4,Vaccines,VetGuard Immunize,VETGUARD IMMUNIZE LARGE,Retail,Region,West,2577,48969.26,0.91
nielsen_scanner,2025-11,2025-Q4,Vaccines,VetGuard Immunize,VETGUARD IMMUNIZE SMALL,Retail,Region,West,3627,68906.23,0.91
nielsen_scanner,2025-11,2025-Q4,Vaccines,VetSelect Core Vax,VETSELECT CORE VAX LARGE,Retail,Region,West,10248,143467.36,0.91
nielsen_scanner,2025-11,2025-Q4,Vaccines,VetSelect Core Vax,VETSELECT CORE VAX SMALL,Retail,Region,West,13859,194028.25,0.91
nielsen_scanner,2025-11,2025-Q4,Dermatology,VetSelect Derma,VETSELECT DERMA LARGE,Retail,Region,West,6987,265517.7,0.91
nielsen_scanner,2025-11,2025-Q4,Dermatology,VetSelect Derma,VETSELECT DERMA SMALL,Retail,Region,West,9362,355747.61,0.91
nielsen_scanner,2025-11,2025-Q4,Petcare Diagnostics,VetSelect Dx,VETSELECT DX LARGE,Retail,Region,West,7254,87047.85,0.91
nielsen_scanner,2025-11,2025-Q4,Petcare Diagnostics,VetSelect Dx,VETSELECT DX SMALL,Retail,Region,West,10459,125502.3,0.91
nielsen_scanner,2025-11,2025-Q4,Parasiticides,VetSelect Flea & Tick,VETSELECT FLEA & TICK LARGE,Retail,Region,West,38645,656958.59,0.91
nielsen_scanner,2025-11,2025-Q4,Parasiticides,VetSelect Flea & Tick,VETSELECT FLEA & TICK SMALL,Retail,Region,West,53045,901767.13,0.91
nielsen_scanner,2025-11,2025-Q4,Pain/Osteoarthritis,VetSelect Joint,VETSELECT JOINT LARGE,Retail,Region,West,5855,169804.83,0.91
nielsen_scanner,2025-11,2025-Q4,Pain/Osteoarthritis,VetSelect Joint,VETSELECT JOINT SMALL,Retail,Region,West,8122,235551.38,0.91
nielsen_scanner,2025-11,2025-Q4,Petcare Diagnostics,Vetscan,VETSCAN LARGE,Retail,Region,West,1426,25668.08,0.91
nielsen_scanner,2025-11,2025-Q4,Petcare Diagnostics,Vetscan,VETSCAN SMALL,Retail,Region,West,1931,34764.76,0.91
nielsen_scanner,2025-12,2025-Q4,Dermatology,AllerVet RX,ALLERVET RX LARGE,Retail,National,National,12875,695297.07,0.91
nielsen_scanner,2025-12,2025-Q4,Dermatology,AllerVet RX,ALLERVET RX SMALL,Retail,National,National,17265,932317.56,0.91
nielsen_scanner,2025-12,2025-Q4,Dermatology,Apoquel,APOQUEL LARGE,Retail,National,National,14968,972971.16,0.91
nielsen_scanner,2025-12,2025-Q4,Dermatology,Apoquel,APOQUEL SMALL,Retail,National,National,21236,1380359.75,0.91
nielsen_scanner,2025-12,2025-Q4,Vaccines,BioShield Vax,BIOSHIELD VAX LARGE,Retail,National,National,12613,252259.84,0.91
nielsen_scanner,2025-12,2025-Q4,Vaccines,BioShield Vax,BIOSHIELD VAX SMALL,Retail,National,National,17832,356637.96,0.91
nielsen_scanner,2025-12,2025-Q4,Dermatology,DermaCalm,DERMACALM LARGE,Retail,National,National,12663,734514.67,0.91
nielsen_scanner,2025-12,2025-Q4,Dermatology,DermaCalm,DERMACALM SMALL,Retail,National,National,17794,1032024.87,0.91
nielsen_scanner,2025-12,2025-Q4,Petcare Diagnostics,DiagnosTech Vet,DIAGNOSTECH VET LARGE,Retail,National,National,13446,228581.41,0.91
nielsen_scanner,2025-12,2025-Q4,Petcare Diagnostics,DiagnosTech Vet,DIAGNOSTECH VET SMALL,Retail,National,National,18465,313885.88,0.91
nielsen_scanner,2025-12,2025-Q4,Parasiticides,FleaStop Pro,FLEASTOP PRO LARGE,Retail,National,National,60892,1278710.14,0.91
nielsen_scanner,2025-12,2025-Q4,Parasiticides,FleaStop Pro,FLEASTOP PRO SMALL,Retail,National,National,83549,1754531.59,0.91
nielsen_scanner,2025-12,2025-Q4,Pain/Osteoarthritis,FlexiCare Joint,FLEXICARE JOINT LARGE,Retail,National,National,9848,433274.39,0.91
nielsen_scanner,2025-12,2025-Q4,Pain/Osteoarthritis,FlexiCare Joint,FLEXICARE JOINT SMALL,Retail,National,National,13486,593393.17,0.91
nielsen_scanner,2025-12,2025-Q4,Vaccines,ImmunoCore Canine,IMMUNOCORE CANINE LARGE,Retail,National,National,15181,318815.59,0.91
nielsen_scanner,2025-12,2025-Q4,Vaccines,ImmunoCore Canine,IMMUNOCORE CANINE SMALL,Retail,National,National,21269,446637.4,0.91
nielsen_scanner,2025-12,2025-Q4,Pain/Osteoarthritis,Librela,LIBRELA LARGE,Retail,National,National,6373,305915.1,0.91
nielsen_scanner,2025-12,2025-Q4,Pain/Osteoarthritis,Librela,LIBRELA SMALL,Retail,National,National,8945,429310.71,0.91
nielsen_scanner,2025-12,2025-Q4,Pain/Osteoarthritis,OsteoEase Vet,OSTEOEASE VET LARGE,Retail,National,National,8887,364332.88,0.91
nielsen_scanner,2025-12,2025-Q4,Pain/Osteoarthritis,OsteoEase Vet,OSTEOEASE VET SMALL,Retail,National,National,12195,500008.79,0.91
nielsen_scanner,2025-12,2025-Q4,Pain/Osteoarthritis,PainAway Canine,PAINAWAY CANINE LARGE,Retail,National,National,7808,288905.87,0.91
nielsen_scanner,2025-12,2025-Q4,Pain/Osteoarthritis,PainAway Canine,PAINAWAY CANINE SMALL,Retail,National,National,10721,396663.16,0.91
nielsen_scanner,2025-12,2025-Q4,Petcare Diagnostics,PetLab Analyzer,PETLAB ANALYZER LARGE,Retail,National,National,7634,114500.21,0.91
nielsen_scanner,2025-12,2025-Q4,Petcare Diagnostics,PetLab Analyzer,PETLAB ANALYZER SMALL,Retail,National,National,10380,155708.99,0.91
nielsen_scanner,2025-12,2025-Q4,Petcare Diagnostics,RapidVet Dx,RAPIDVET DX LARGE,Retail,National,National,12661,202578.28,0.91
nielsen_scanner,2025-12,2025-Q4,Petcare Diagnostics,RapidVet Dx,RAPIDVET DX SMALL,Retail,National,National,17370,277914.54,0.91
nielsen_scanner,2025-12,2025-Q4,Parasiticides,Simparica Trio,SIMPARICA TRIO LARGE,Retail,National,National,101511,2842308.5,0.91
nielsen_scanner,2025-12,2025-Q4,Parasiticides,Simparica Trio,SIMPARICA TRIO SMALL,Retail,National,National,142361,3986124.58,0.91
nielsen_scanner,2025-12,2025-Q4,Dermatology,SkinRelief Pro,SKINRELIEF PRO LARGE,Retail,National,National,10486,513831.02,0.91
nielsen_scanner,2025-12,2025-Q4,Dermatology,SkinRelief Pro,SKINRELIEF PRO SMALL,Retail,National,National,14727,721611.73,0.91
nielsen_scanner,2025-12,2025-Q4,Parasiticides,TickShield Plus,TICKSHIELD PLUS LARGE,Retail,National,National,74408,1785804.62,0.91
nielsen_scanner,2025-12,2025-Q4,Parasiticides,TickShield Plus,TICKSHIELD PLUS SMALL,Retail,National,National,103380,2481096.41,0.91
nielsen_scanner,2025-12,2025-Q4,Vaccines,Vanguard,VANGUARD LARGE,Retail,National,National,9990,219780.46,0.91
nielsen_scanner,2025-12,2025-Q4,Vaccines,Vanguard,VANGUARD SMALL,Retail,National,National,13642,300132.19,0.91
nielsen_scanner,2025-12,2025-Q4,Parasiticides,VectraGuard,VECTRAGUARD LARGE,Retail,National,National,85011,2210296.07,0.91
nielsen_scanner,2025-12,2025-Q4,Parasiticides,VectraGuard,VECTRAGUARD SMALL,Retail,National,National,117941,3066479.02,0.91
nielsen_scanner,2025-12,2025-Q4,Vaccines,VetGuard Immunize,VETGUARD IMMUNIZE LARGE,Retail,National,National,11292,214539.2,0.91
nielsen_scanner,2025-12,2025-Q4,Vaccines,VetGuard Immunize,VETGUARD IMMUNIZE SMALL,Retail,National,National,15207,288924.35,0.91
nielsen_scanner,2025-12,2025-Q4,Vaccines,VetSelect Core Vax,VETSELECT CORE VAX LARGE,Retail,National,National,42616,596640.56,0.91
nielsen_scanner,2025-12,2025-Q4,Vaccines,VetSelect Core Vax,VETSELECT CORE VAX SMALL,Retail,National,National,58290,816060.18,0.91
nielsen_scanner,2025-12,2025-Q4,Dermatology,VetSelect Derma,VETSELECT DERMA LARGE,Retail,National,National,25360,963663.27,0.91
nielsen_scanner,2025-12,2025-Q4,Dermatology,VetSelect Derma,VETSELECT DERMA SMALL,Retail,National,National,35279,1340614.61,0.91
nielsen_scanner,2025-12,2025-Q4,Petcare Diagnostics,VetSelect Dx,VETSELECT DX LARGE,Retail,National,National,33237,398848.34,0.91
nielsen_scanner,2025-12,2025-Q4,Petcare Diagnostics,VetSelect Dx,VETSELECT DX SMALL,Retail,National,National,45623,547473.35,0.91
nielsen_scanner,2025-12,2025-Q4,Parasiticides,VetSelect Flea & Tick,VETSELECT FLEA & TICK LARGE,Retail,National,National,141261,2401435.35,0.91
nielsen_scanner,2025-12,2025-Q4,Parasiticides,VetSelect Flea & Tick,VETSELECT FLEA & TICK SMALL,Retail,National,National,197248,3353216.25,0.91
nielsen_scanner,2025-12,2025-Q4,Pain/Osteoarthritis,VetSelect Joint,VETSELECT JOINT LARGE,Retail,National,National,26563,770316.76,0.91
nielsen_scanner,2025-12,2025-Q4,Pain/Osteoarthritis,VetSelect Joint,VETSELECT JOINT SMALL,Retail,National,National,37207,1079006.48,0.91
nielsen_scanner,2025-12,2025-Q4,Petcare Diagnostics,Vetscan,VETSCAN LARGE,Retail,National,National,6213,111831.28,0.91
nielsen_scanner,2025-12,2025-Q4,Petcare Diagnostics,Vetscan,VETSCAN SMALL,Retail,National,National,8803,158435.24,0.91
nielsen_scanner,2025-12,2025-Q4,Dermatology,AllerVet RX,ALLERVET RX LARGE,Retail,Region,Midwest,2779,150087.74,0.91
nielsen_scanner,2025-12,2025-Q4,Dermatology,AllerVet RX,ALLERVET RX SMALL,Retail,Region,Midwest,3649,197064.4,0.91
nielsen_scanner,2025-12,2025-Q4,Dermatology,Apoquel,APOQUEL LARGE,Retail,Region,Midwest,3170,206082.12,0.91
nielsen_scanner,2025-12,2025-Q4,Dermatology,Apoquel,APOQUEL SMALL,Retail,Region,Midwest,4455,289598.05,0.91
nielsen_scanner,2025-12,2025-Q4,Vaccines,BioShield Vax,BIOSHIELD VAX LARGE,Retail,Region,Midwest,2643,52852.67,0.91
nielsen_scanner,2025-12,2025-Q4,Vaccines,BioShield Vax,BIOSHIELD VAX SMALL,Retail,Region,Midwest,3598,71951.94,0.91
nielsen_scanner,2025-12,2025-Q4,Dermatology,DermaCalm,DERMACALM LARGE,Retail,Region,Midwest,2729,158299.68,0.91
nielsen_scanner,2025-12,2025-Q4,Dermatology,DermaCalm,DERMACALM SMALL,Retail,Region,Midwest,3790,219830.2,0.91
nielsen_scanner,2025-12,2025-Q4,Petcare Diagnostics,DiagnosTech Vet,DIAGNOSTECH VET LARGE,Retail,Region,Midwest,2831,48132.13,0.91
nielsen_scanner,2025-12,2025-Q4,Petcare Diagnostics,DiagnosTech Vet,DIAGNOSTECH VET SMALL,Retail,Region,Midwest,3953,67193.59,0.91
nielsen_scanner,2025-12,2025-Q4,Parasiticides,FleaStop Pro,FLEASTOP PRO LARGE,Retail,Region,Midwest,12386,260099.1,0.91
nielsen_scanner,2025-12,2025-Q4,Parasiticides,FleaStop Pro,FLEASTOP PRO SMALL,Retail,Region,Midwest,17998,377965.37,0.91
nielsen_scanner,2025-12,2025-Q4,Pain/Osteoarthritis,FlexiCare Joint,FLEXICARE JOINT LARGE,Retail,Region,Midwest,2145,94366.11,0.91
nielsen_scanner,2025-12,2025-Q4,Pain/Osteoarthritis,FlexiCare Joint,FLEXICARE JOINT SMALL,Retail,Region,Midwest,3024,133053.81,0.91
nielsen_scanner,2025-12,2025-Q4,Vaccines,ImmunoCore Canine,IMMUNOCORE CANINE LARGE,Retail,Region,Midwest,3194,67065.0,0.91
nielsen_scanner,2025-12,2025-Q4,Vaccines,ImmunoCore Canine,IMMUNOCORE CANINE SMALL,Retail,Region,Midwest,4459,93631.59,0.91
nielsen_scanner,2025-12,2025-Q4,Pain/Osteoarthritis,Librela,LIBRELA LARGE,Retail,Region,Midwest,1395,66961.92,0.91
nielsen_scanner,2025-12,2025-Q4,Pain/Osteoarthritis,Librela,LIBRELA SMALL,Retail,Region,Midwest,2016,96747.76,0.91
nielsen_scanner,2025-12,2025-Q4,Pain/Osteoarthritis,OsteoEase Vet,OSTEOEASE VET LARGE,Retail,Region,Midwest,1866,76494.61,0.91
nielsen_scanner,2025-12,2025-Q4,Pain/Osteoarthritis,OsteoEase Vet,OSTEOEASE VET SMALL,Retail,Region,Midwest,2701,110758.56,0.91
nielsen_scanner,2025-12,2025-Q4,Pain/Osteoarthritis,PainAway Canine,PAINAWAY CANINE LARGE,Retail,Region,Midwest,1723,63755.84,0.91
nielsen_scanner,2025-12,2025-Q4,Pain/Osteoarthritis,PainAway Canine,PAINAWAY CANINE SMALL,Retail,Region,Midwest,2500,92513.99,0.91
nielsen_scanner,2025-12,2025-Q4,Petcare Diagnostics,PetLab Analyzer,PETLAB ANALYZER LARGE,Retail,Region,Midwest,1521,22819.72,0.91
nielsen_scanner,2025-12,2025-Q4,Petcare Diagnostics,PetLab Analyzer,PETLAB ANALYZER SMALL,Retail,Region,Midwest,2056,30843.69,0.91
nielsen_scanner,2025-12,2025-Q4,Petcare Diagnostics,RapidVet Dx,RAPIDVET DX LARGE,Retail,Region,Midwest,2663,42609.92,0.91
nielsen_scanner,2025-12,2025-Q4,Petcare Diagnostics,RapidVet Dx,RAPIDVET DX SMALL,Retail,Region,Midwest,3562,56988.81,0.91
nielsen_scanner,2025-12,2025-Q4,Parasiticides,Simparica Trio,SIMPARICA TRIO LARGE,Retail,Region,Midwest,21601,604830.4,0.91
nielsen_scanner,2025-12,2025-Q4,Parasiticides,Simparica Trio,SIMPARICA TRIO SMALL,Retail,Region,Midwest,28101,786832.7,0.91
nielsen_scanner,2025-12,2025-Q4,Dermatology,SkinRelief Pro,SKINRELIEF PRO LARGE,Retail,Region,Midwest,2177,106659.19,0.91
nielsen_scanner,2025-12,2025-Q4,Dermatology,SkinRelief Pro,SKINRELIEF PRO SMALL,Retail,Region,Midwest,3240,158747.77,0.91
nielsen_scanner,2025-12,2025-Q4,Parasiticides,TickShield Plus,TICKSHIELD PLUS LARGE,Retail,Region,Midwest,14926,358232.56,0.91
nielsen_scanner,2025-12,2025-Q4,Parasiticides,TickShield Plus,TICKSHIELD PLUS SMALL,Retail,Region,Midwest,20402,489640.6,0.91
nielsen_scanner,2025-12,2025-Q4,Vaccines,Vanguard,VANGUARD LARGE,Retail,Region,Midwest,2028,44620.91,0.91
nielsen_scanner,2025-12,2025-Q4,Vaccines,Vanguard,VANGUARD SMALL,Retail,Region,Midwest,2845,62586.86,0.91
nielsen_scanner,2025-12,2025-Q4,Parasiticides,VectraGuard,VECTRAGUARD LARGE,Retail,Region,Midwest,18600,483601.19,0.91
nielsen_scanner,2025-12,2025-Q4,Parasiticides,VectraGuard,VECTRAGUARD SMALL,Retail,Region,Midwest,25307,657994.78,0.91
nielsen_scanner,2025-12,2025-Q4,Vaccines,VetGuard Immunize,VETGUARD IMMUNIZE LARGE,Retail,Region,Midwest,2383,45279.35,0.91
nielsen_scanner,2025-12,2025-Q4,Vaccines,VetGuard Immunize,VETGUARD IMMUNIZE SMALL,Retail,Region,Midwest,3123,59345.15,0.91
nielsen_scanner,2025-12,2025-Q4,Vaccines,VetSelect Core Vax,VETSELECT CORE VAX LARGE,Retail,Region,Midwest,9229,129209.04,0.91
nielsen_scanner,2025-12,2025-Q4,Vaccines,VetSelect Core Vax,VETSELECT CORE VAX SMALL,Retail,Region,Midwest,13114,183598.18,0.91
nielsen_scanner,2025-12,2025-Q4,Dermatology,VetSelect Derma,VETSELECT DERMA LARGE,Retail,Region,Midwest,5667,215354.71,0.91
nielsen_scanner,2025-12,2025-Q4,Dermatology,VetSelect Derma,VETSELECT DERMA SMALL,Retail,Region,Midwest,7797,296290.07,0.91
nielsen_scanner,2025-12,2025-Q4,Petcare Diagnostics,VetSelect Dx,VETSELECT DX LARGE,Retail,Region,Midwest,7116,85396.97,0.91
nielsen_scanner,2025-12,2025-Q4,Petcare Diagnostics,VetSelect Dx,VETSELECT DX SMALL,Retail,Region,Midwest,9724,116687.18,0.91
nielsen_scanner,2025-12,2025-Q4,Parasiticides,VetSelect Flea & Tick,VETSELECT FLEA & TICK LARGE,Retail,Region,Midwest,31804,540666.36,0.91
nielsen_scanner,2025-12,2025-Q4,Parasiticides,VetSelect Flea & Tick,VETSELECT FLEA & TICK SMALL,Retail,Region,Midwest,41412,704001.42,0.91
nielsen_scanner,2025-12,2025-Q4,Pain/Osteoarthritis,VetSelect Joint,VETSELECT JOINT LARGE,Retail,Region,Midwest,5876,170404.2,0.91
nielsen_scanner,2025-12,2025-Q4,Pain/Osteoarthritis,VetSelect Joint,VETSELECT JOINT SMALL,Retail,Region,Midwest,7953,230632.62,0.91
nielsen_scanner,2025-12,2025-Q4,Petcare Diagnostics,Vetscan,VETSCAN LARGE,Retail,Region,Midwest,1285,23138.46,0.91
nielsen_scanner,2025-12,2025-Q4,Petcare Diagnostics,Vetscan,VETSCAN SMALL,Retail,Region,Midwest,1900,34198.29,0.91
nielsen_scanner,2025-12,2025-Q4,Dermatology,AllerVet RX,ALLERVET RX LARGE,Retail,Region,Northeast,2788,150542.6,0.91
nielsen_scanner,2025-12,2025-Q4,Dermatology,AllerVet RX,ALLERVET RX SMALL,Retail,Region,Northeast,3731,201472.15,0.91
nielsen_scanner,2025-12,2025-Q4,Dermatology,Apoquel,APOQUEL LARGE,Retail,Region,Northeast,3268,212443.27,0.91
nielsen_scanner,2025-12,2025-Q4,Dermatology,Apoquel,APOQUEL SMALL,Retail,Region,Northeast,4564,296673.61,0.91
nielsen_scanner,2025-12,2025-Q4,Vaccines,BioShield Vax,BIOSHIELD VAX LARGE,Retail,Region,Northeast,2866,57314.02,0.91
nielsen_scanner,2025-12,2025-Q4,Vaccines,BioShield Vax,BIOSHIELD VAX SMALL,Retail,Region,Northeast,3985,79705.87,0.91
nielsen_scanner,2025-12,2025-Q4,Dermatology,DermaCalm,DERMACALM LARGE,Retail,Region,Northeast,2841,164791.49,0.91
nielsen_scanner,2025-12,2025-Q4,Dermatology,DermaCalm,DERMACALM SMALL,Retail,Region,Northeast,4152,240810.74,0.91
nielsen_scanner,2025-12,2025-Q4,Petcare Diagnostics,DiagnosTech Vet,DIAGNOSTECH VET LARGE,Retail,Region,Northeast,2827,48054.98,0.91
nielsen_scanner,2025-12,2025-Q4,Petcare Diagnostics,DiagnosTech Vet,DIAGNOSTECH VET SMALL,Retail,Region,Northeast,3908,66432.47,0.91
nielsen_scanner,2025-12,2025-Q4,Parasiticides,FleaStop Pro,FLEASTOP PRO LARGE,Retail,Region,Northeast,13722,288156.85,0.91
nielsen_scanner,2025-12,2025-Q4,Parasiticides,FleaStop Pro,FLEASTOP PRO SMALL,Retail,Region,Northeast,18212,382445.11,0.91
nielsen_scanner,2025-12,2025-Q4,Pain/Osteoarthritis,FlexiCare Joint,FLEXICARE JOINT LARGE,Retail,Region,Northeast,2054,90365.87,0.91
nielsen_scanner,2025-12,2025-Q4,Pain/Osteoarthritis,FlexiCare Joint,FLEXICARE JOINT SMALL,Retail,Region,Northeast,2703,118938.68,0.91
nielsen_scanner,2025-12,2025-Q4,Vaccines,ImmunoCore Canine,IMMUNOCORE CANINE LARGE,Retail,Region,Northeast,3388,71158.41,0.91
nielsen_scanner,2025-12,2025-Q4,Vaccines,ImmunoCore Canine,IMMUNOCORE CANINE SMALL,Retail,Region,Northeast,4779,100352.83,0.91
nielsen_scanner,2025-12,2025-Q4,Pain/Osteoarthritis,Librela,LIBRELA LARGE,Retail,Region,Northeast,1424,68358.34,0.91
nielsen_scanner,2025-12,2025-Q4,Pain/Osteoarthritis,Librela,LIBRELA SMALL,Retail,Region,Northeast,1960,94058.5,0.91
nielsen_scanner,2025-12,2025-Q4,Pain/Osteoarthritis,OsteoEase Vet,OSTEOEASE VET LARGE,Retail,Region,Northeast,1909,78254.47,0.91
nielsen_scanner,2025-12,2025-Q4,Pain/Osteoarthritis,OsteoEase Vet,OSTEOEASE VET SMALL,Retail,Region,Northeast,2540,104153.32,0.91
nielsen_scanner,2025-12,2025-Q4,Pain/Osteoarthritis,PainAway Canine,PAINAWAY CANINE LARGE,Retail,Region,Northeast,1597,59094.9,0.91
nielsen_scanner,2025-12,2025-Q4,Pain/Osteoarthritis,PainAway Canine,PAINAWAY CANINE SMALL,Retail,Region,Northeast,2264,83766.39,0.91
nielsen_scanner,2025-12,2025-Q4,Petcare Diagnostics,PetLab Analyzer,PETLAB ANALYZER LARGE,Retail,Region,Northeast,1747,26204.09,0.91
nielsen_scanner,2025-12,2025-Q4,Petcare Diagnostics,PetLab Analyzer,PETLAB ANALYZER SMALL,Retail,Region,Northeast,2397,35954.5,0.91
nielsen_scanner,2025-12,2025-Q4,Petcare Diagnostics,RapidVet Dx,RAPIDVET DX LARGE,Retail,Region,Northeast,2821,45141.95,0.91
nielsen_scanner,2025-12,2025-Q4,Petcare Diagnostics,RapidVet Dx,RAPIDVET DX SMALL,Retail,Region,Northeast,4074,65186.82,0.91
nielsen_scanner,2025-12,2025-Q4,Parasiticides,Simparica Trio,SIMPARICA TRIO LARGE,Retail,Region,Northeast,21776,609719.13,0.91
nielsen_scanner,2025-12,2025-Q4,Parasiticides,Simparica Trio,SIMPARICA TRIO SMALL,Retail,Region,Northeast,32228,902378.34,0.91
nielsen_scanner,2025-12,2025-Q4,Dermatology,SkinRelief Pro,SKINRELIEF PRO LARGE,Retail,Region,Northeast,2329,114123.02,0.91
nielsen_scanner,2025-12,2025-Q4,Dermatology,SkinRelief Pro,SKINRELIEF PRO SMALL,Retail,Region,Northeast,3162,154949.21,0.91
nielsen_scanner,2025-12,2025-Q4,Parasiticides,TickShield Plus,TICKSHIELD PLUS LARGE,Retail,Region,Northeast,16368,392820.46,0.91
nielsen_scanner,2025-12,2025-Q4,Parasiticides,TickShield Plus,TICKSHIELD PLUS SMALL,Retail,Region,Northeast,23281,558737.34,0.91
nielsen_scanner,2025-12,2025-Q4,Vaccines,Vanguard,VANGUARD LARGE,Retail,Region,Northeast,2016,44343.25,0.91
nielsen_scanner,2025-12,2025-Q4,Vaccines,Vanguard,VANGUARD SMALL,Retail,Region,Northeast,2961,65146.35,0.91
nielsen_scanner,2025-12,2025-Q4,Parasiticides,VectraGuard,VECTRAGUARD LARGE,Retail,Region,Northeast,18341,476876.08,0.91
nielsen_scanner,2025-12,2025-Q4,Parasiticides,VectraGuard,VECTRAGUARD SMALL,Retail,Region,Northeast,26542,690089.07,0.91
nielsen_scanner,2025-12,2025-Q4,Vaccines,VetGuard Immunize,VETGUARD IMMUNIZE LARGE,Retail,Region,Northeast,2426,46089.05,0.91
nielsen_scanner,2025-12,2025-Q4,Vaccines,VetGuard Immunize,VETGUARD IMMUNIZE SMALL,Retail,Region,Northeast,3321,63092.05,0.91
nielsen_scanner,2025-12,2025-Q4,Vaccines,VetSelect Core Vax,VETSELECT CORE VAX LARGE,Retail,Region,Northeast,9748,136478.04,0.91
nielsen_scanner,2025-12,2025-Q4,Vaccines,VetSelect Core Vax,VETSELECT CORE VAX SMALL,Retail,Region,Northeast,13244,185415.02,0.91
nielsen_scanner,2025-12,2025-Q4,Dermatology,VetSelect Derma,VETSELECT DERMA LARGE,Retail,Region,Northeast,5646,214540.67,0.91
nielsen_scanner,2025-12,2025-Q4,Dermatology,VetSelect Derma,VETSELECT DERMA SMALL,Retail,Region,Northeast,7680,291852.75,0.91
nielsen_scanner,2025-12,2025-Q4,Petcare Diagnostics,VetSelect Dx,VETSELECT DX LARGE,Retail,Region,Northeast,7648,91772.87,0.91
nielsen_scanner,2025-12,2025-Q4,Petcare Diagnostics,VetSelect Dx,VETSELECT DX SMALL,Retail,Region,Northeast,10463,125554.95,0.91
nielsen_scanner,2025-12,2025-Q4,Parasiticides,VetSelect Flea & Tick,VETSELECT FLEA & TICK LARGE,Retail,Region,Northeast,30869,524775.28,0.91
nielsen_scanner,2025-12,2025-Q4,Parasiticides,VetSelect Flea & Tick,VETSELECT FLEA & TICK SMALL,Retail,Region,Northeast,40596,690130.32,0.91
nielsen_scanner,2025-12,2025-Q4,Pain/Osteoarthritis,VetSelect Joint,VETSELECT JOINT LARGE,Retail,Region,Northeast,5489,159174.92,0.91
nielsen_scanner,2025-12,2025-Q4,Pain/Osteoarthritis,VetSelect Joint,VETSELECT JOINT SMALL,Retail,Region,Northeast,7944,230377.99,0.91
nielsen_scanner,2025-12,2025-Q4,Petcare Diagnostics,Vetscan,VETSCAN LARGE,Retail,Region,Northeast,1333,23991.56,0.91
nielsen_scanner,2025-12,2025-Q4,Petcare Diagnostics,Vetscan,VETSCAN SMALL,Retail,Region,Northeast,1906,34300.61,0.91
nielsen_scanner,2025-12,2025-Q4,Dermatology,AllerVet RX,ALLERVET RX LARGE,Retail,Region,South,4415,238430.8,0.91
nielsen_scanner,2025-12,2025-Q4,Dermatology,AllerVet RX,ALLERVET RX SMALL,Retail,Region,South,5911,319194.72,0.91
nielsen_scanner,2025-12,2025-Q4,Dermatology,Apoquel,APOQUEL LARGE,Retail,Region,South,5116,332524.15,0.91
nielsen_scanner,2025-12,2025-Q4,Dermatology,Apoquel,APOQUEL SMALL,Retail,Region,South,7176,466412.75,0.91
nielsen_scanner,2025-12,2025-Q4,Vaccines,BioShield Vax,BIOSHIELD VAX LARGE,Retail,Region,South,4290,85809.38,0.91
nielsen_scanner,2025-12,2025-Q4,Vaccines,BioShield Vax,BIOSHIELD VAX SMALL,Retail,Region,South,6187,123731.79,0.91
nielsen_scanner,2025-12,2025-Q4,Dermatology,DermaCalm,DERMACALM LARGE,Retail,Region,South,4324,250805.55,0.91
nielsen_scanner,2025-12,2025-Q4,Dermatology,DermaCalm,DERMACALM SMALL,Retail,Region,South,5871,340495.46,0.91
nielsen_scanner,2025-12,2025-Q4,Petcare Diagnostics,DiagnosTech Vet,DIAGNOSTECH VET LARGE,Retail,Region,South,4683,79610.61,0.91
nielsen_scanner,2025-12,2025-Q4,Petcare Diagnostics,DiagnosTech Vet,DIAGNOSTECH VET SMALL,Retail,Region,South,6405,108883.8,0.91
nielsen_scanner,2025-12,2025-Q4,Parasiticides,FleaStop Pro,FLEASTOP PRO LARGE,Retail,Region,South,20854,437925.45,0.91
nielsen_scanner,2025-12,2025-Q4,Parasiticides,FleaStop Pro,FLEASTOP PRO SMALL,Retail,Region,South,28451,597466.31,0.91
nielsen_scanner,2025-12,2025-Q4,Pain/Osteoarthritis,FlexiCare Joint,FLEXICARE JOINT LARGE,Retail,Region,South,3324,146261.23,0.91
nielsen_scanner,2025-12,2025-Q4,Pain/Osteoarthritis,FlexiCare Joint,FLEXICARE JOINT SMALL,Retail,Region,South,4724,207868.36,0.91
nielsen_scanner,2025-12,2025-Q4,Vaccines,ImmunoCore Canine,IMMUNOCORE CANINE LARGE,Retail,Region,South,5110,107316.99,0.91
nielsen_scanner,2025-12,2025-Q4,Vaccines,ImmunoCore Canine,IMMUNOCORE CANINE SMALL,Retail,Region,South,7076,148596.69,0.91
nielsen_scanner,2025-12,2025-Q4,Pain/Osteoarthritis,Librela,LIBRELA LARGE,Retail,Region,South,2185,104891.41,0.91
nielsen_scanner,2025-12,2025-Q4,Pain/Osteoarthritis,Librela,LIBRELA SMALL,Retail,Region,South,2953,141747.55,0.91
nielsen_scanner,2025-12,2025-Q4,Pain/Osteoarthritis,OsteoEase Vet,OSTEOEASE VET LARGE,Retail,Region,South,3038,124546.13,0.91
nielsen_scanner,2025-12,2025-Q4,Pain/Osteoarthritis,OsteoEase Vet,OSTEOEASE VET SMALL,Retail,Region,South,4163,170684.56,0.91
nielsen_scanner,2025-12,2025-Q4,Pain/Osteoarthritis,PainAway Canine,PAINAWAY CANINE LARGE,Retail,Region,South,2804,103761.51,0.91
nielsen_scanner,2025-12,2025-Q4,Pain/Osteoarthritis,PainAway Canine,PAINAWAY CANINE SMALL,Retail,Region,South,3471,128408.76,0.91
nielsen_scanner,2025-12,2025-Q4,Petcare Diagnostics,PetLab Analyzer,PETLAB ANALYZER LARGE,Retail,Region,South,2645,39668.51,0.91
nielsen_scanner,2025-12,2025-Q4,Petcare Diagnostics,PetLab Analyzer,PETLAB ANALYZER SMALL,Retail,Region,South,3614,54216.38,0.91
nielsen_scanner,2025-12,2025-Q4,Petcare Diagnostics,RapidVet Dx,RAPIDVET DX LARGE,Retail,Region,South,4266,68254.99,0.91
nielsen_scanner,2025-12,2025-Q4,Petcare Diagnostics,RapidVet Dx,RAPIDVET DX SMALL,Retail,Region,South,5787,92594.25,0.91
nielsen_scanner,2025-12,2025-Q4,Parasiticides,Simparica Trio,SIMPARICA TRIO LARGE,Retail,Region,South,33385,934779.46,0.91
nielsen_scanner,2025-12,2025-Q4,Parasiticides,Simparica Trio,SIMPARICA TRIO SMALL,Retail,Region,South,47275,1323704.87,0.91
nielsen_scanner,2025-12,2025-Q4,Dermatology,SkinRelief Pro,SKINRELIEF PRO LARGE,Retail,Region,South,3536,173282.96,0.91
nielsen_scanner,2025-12,2025-Q4,Dermatology,SkinRelief Pro,SKINRELIEF PRO SMALL,Retail,Region,South,4841,237213.88,0.91
nielsen_scanner,2025-12,2025-Q4,Parasiticides,TickShield Plus,TICKSHIELD PLUS LARGE,Retail,Region,South,25444,610662.05,0.91
nielsen_scanner,2025-12,2025-Q4,Parasiticides,TickShield Plus,TICKSHIELD PLUS SMALL,Retail,Region,South,35044,841054.29,0.91
nielsen_scanner,2025-12,2025-Q4,Vaccines,Vanguard,VANGUARD LARGE,Retail,Region,South,3487,76715.84,0.91
nielsen_scanner,2025-12,2025-Q4,Vaccines,Vanguard,VANGUARD SMALL,Retail,Region,South,4528,99620.06,0.91
nielsen_scanner,2025-12,2025-Q4,Parasiticides,VectraGuard,VECTRAGUARD LARGE,Retail,Region,South,28744,747341.67,0.91
nielsen_scanner,2025-12,2025-Q4,Parasiticides,VectraGuard,VECTRAGUARD SMALL,Retail,Region,South,37743,981315.06,0.91
nielsen_scanner,2025-12,2025-Q4,Vaccines,VetGuard Immunize,VETGUARD IMMUNIZE LARGE,Retail,Region,South,3775,71716.79,0.91
nielsen_scanner,2025-12,2025-Q4,Vaccines,VetGuard Immunize,VETGUARD IMMUNIZE SMALL,Retail,Region,South,5298,100657.55,0.91
nielsen_scanner,2025-12,2025-Q4,Vaccines,VetSelect Core Vax,VETSELECT CORE VAX LARGE,Retail,Region,South,14776,206865.42,0.91
nielsen_scanner,2025-12,2025-Q4,Vaccines,VetSelect Core Vax,VETSELECT CORE VAX SMALL,Retail,Region,South,19032,266452.23,0.91
nielsen_scanner,2025-12,2025-Q4,Dermatology,VetSelect Derma,VETSELECT DERMA LARGE,Retail,Region,South,8393,318917.14,0.91
nielsen_scanner,2025-12,2025-Q4,Dermatology,VetSelect Derma,VETSELECT DERMA SMALL,Retail,Region,South,12169,462405.29,0.91
nielsen_scanner,2025-12,2025-Q4,Petcare Diagnostics,VetSelect Dx,VETSELECT DX LARGE,Retail,Region,South,11557,138682.15,0.91
nielsen_scanner,2025-12,2025-Q4,Petcare Diagnostics,VetSelect Dx,VETSELECT DX SMALL,Retail,Region,South,15794,189526.47,0.91
nielsen_scanner,2025-12,2025-Q4,Parasiticides,VetSelect Flea & Tick,VETSELECT FLEA & TICK LARGE,Retail,Region,South,46528,790982.21,0.91
nielsen_scanner,2025-12,2025-Q4,Parasiticides,VetSelect Flea & Tick,VETSELECT FLEA & TICK SMALL,Retail,Region,South,69346,1178889.37,0.91
nielsen_scanner,2025-12,2025-Q4,Pain/Osteoarthritis,VetSelect Joint,VETSELECT JOINT LARGE,Retail,Region,South,9120,264484.36,0.91
nielsen_scanner,2025-12,2025-Q4,Pain/Osteoarthritis,VetSelect Joint,VETSELECT JOINT SMALL,Retail,Region,South,12551,363989.67,0.91
nielsen_scanner,2025-12,2025-Q4,Petcare Diagnostics,Vetscan,VETSCAN LARGE,Retail,Region,South,2156,38805.61,0.91
nielsen_scanner,2025-12,2025-Q4,Petcare Diagnostics,Vetscan,VETSCAN SMALL,Retail,Region,South,2985,53726.94,0.91
nielsen_scanner,2025-12,2025-Q4,Dermatology,AllerVet RX,ALLERVET RX LARGE,Retail,Region,West,2893,156235.93,0.91
nielsen_scanner,2025-12,2025-Q4,Dermatology,AllerVet RX,ALLERVET RX SMALL,Retail,Region,West,3974,214586.29,0.91
nielsen_scanner,2025-12,2025-Q4,Dermatology,Apoquel,APOQUEL LARGE,Retail,Region,West,3414,221921.62,0.91
nielsen_scanner,2025-12,2025-Q4,Dermatology,Apoquel,APOQUEL SMALL,Retail,Region,West,5041,327675.34,0.91
nielsen_scanner,2025-12,2025-Q4,Vaccines,BioShield Vax,BIOSHIELD VAX LARGE,Retail,Region,West,2814,56283.77,0.91
nielsen_scanner,2025-12,2025-Q4,Vaccines,BioShield Vax,BIOSHIELD VAX SMALL,Retail,Region,West,4062,81248.36,0.91
nielsen_scanner,2025-12,2025-Q4,Dermatology,DermaCalm,DERMACALM LARGE,Retail,Region,West,2769,160617.95,0.91
nielsen_scanner,2025-12,2025-Q4,Dermatology,DermaCalm,DERMACALM SMALL,Retail,Region,West,3981,230888.47,0.91
nielsen_scanner,2025-12,2025-Q4,Petcare Diagnostics,DiagnosTech Vet,DIAGNOSTECH VET LARGE,Retail,Region,West,3105,52783.69,0.91
nielsen_scanner,2025-12,2025-Q4,Petcare Diagnostics,DiagnosTech Vet,DIAGNOSTECH VET SMALL,Retail,Region,West,4199,71376.02,0.91
nielsen_scanner,2025-12,2025-Q4,Parasiticides,FleaStop Pro,FLEASTOP PRO LARGE,Retail,Region,West,13930,292528.74,0.91
nielsen_scanner,2025-12,2025-Q4,Parasiticides,FleaStop Pro,FLEASTOP PRO SMALL,Retail,Region,West,18888,396654.8,0.91
nielsen_scanner,2025-12,2025-Q4,Pain/Osteoarthritis,FlexiCare Joint,FLEXICARE JOINT LARGE,Retail,Region,West,2325,102281.18,0.91
nielsen_scanner,2025-12,2025-Q4,Pain/Osteoarthritis,FlexiCare Joint,FLEXICARE JOINT SMALL,Retail,Region,West,3035,133532.32,0.91
nielsen_scanner,2025-12,2025-Q4,Vaccines,ImmunoCore Canine,IMMUNOCORE CANINE LARGE,Retail,Region,West,3489,73275.19,0.91
nielsen_scanner,2025-12,2025-Q4,Vaccines,ImmunoCore Canine,IMMUNOCORE CANINE SMALL,Retail,Region,West,4955,104056.29,0.91
nielsen_scanner,2025-12,2025-Q4,Pain/Osteoarthritis,Librela,LIBRELA LARGE,Retail,Region,West,1369,65703.43,0.91
nielsen_scanner,2025-12,2025-Q4,Pain/Osteoarthritis,Librela,LIBRELA SMALL,Retail,Region,West,2016,96756.9,0.91
nielsen_scanner,2025-12,2025-Q4,Pain/Osteoarthritis,OsteoEase Vet,OSTEOEASE VET LARGE,Retail,Region,West,2074,85037.67,0.91
nielsen_scanner,2025-12,2025-Q4,Pain/Osteoarthritis,OsteoEase Vet,OSTEOEASE VET SMALL,Retail,Region,West,2791,114412.35,0.91
nielsen_scanner,2025-12,2025-Q4,Pain/Osteoarthritis,PainAway Canine,PAINAWAY CANINE LARGE,Retail,Region,West,1684,62293.62,0.91
nielsen_scanner,2025-12,2025-Q4,Pain/Osteoarthritis,PainAway Canine,PAINAWAY CANINE SMALL,Retail,Region,West,2486,91974.02,0.91
nielsen_scanner,2025-12,2025-Q4,Petcare Diagnostics,PetLab Analyzer,PETLAB ANALYZER LARGE,Retail,Region,West,1721,25807.89,0.91
nielsen_scanner,2025-12,2025-Q4,Petcare Diagnostics,PetLab Analyzer,PETLAB ANALYZER SMALL,Retail,Region,West,2313,34694.42,0.91
nielsen_scanner,2025-12,2025-Q4,Petcare Diagnostics,RapidVet Dx,RAPIDVET DX LARGE,Retail,Region,West,2911,46571.42,0.91
nielsen_scanner,2025-12,2025-Q4,Petcare Diagnostics,RapidVet Dx,RAPIDVET DX SMALL,Retail,Region,West,3947,63144.66,0.91
nielsen_scanner,2025-12,2025-Q4,Parasiticides,Simparica Trio,SIMPARICA TRIO LARGE,Retail,Region,West,24749,692979.51,0.91
nielsen_scanner,2025-12,2025-Q4,Parasiticides,Simparica Trio,SIMPARICA TRIO SMALL,Retail,Region,West,34757,973208.67,0.91
nielsen_scanner,2025-12,2025-Q4,Dermatology,SkinRelief Pro,SKINRELIEF PRO LARGE,Retail,Region,West,2444,119765.85,0.91
nielsen_scanner,2025-12,2025-Q4,Dermatology,SkinRelief Pro,SKINRELIEF PRO SMALL,Retail,Region,West,3484,170700.87,0.91
nielsen_scanner,2025-12,2025-Q4,Parasiticides,TickShield Plus,TICKSHIELD PLUS LARGE,Retail,Region,West,17670,424089.55,0.91
nielsen_scanner,2025-12,2025-Q4,Parasiticides,TickShield Plus,TICKSHIELD PLUS SMALL,Retail,Region,West,24653,591664.18,0.91
nielsen_scanner,2025-12,2025-Q4,Vaccines,Vanguard,VANGUARD LARGE,Retail,Region,West,2459,54100.46,0.91
nielsen_scanner,2025-12,2025-Q4,Vaccines,Vanguard,VANGUARD SMALL,Retail,Region,West,3308,72778.92,0.91
nielsen_scanner,2025-12,2025-Q4,Parasiticides,VectraGuard,VECTRAGUARD LARGE,Retail,Region,West,19326,502477.13,0.91
nielsen_scanner,2025-12,2025-Q4,Parasiticides,VectraGuard,VECTRAGUARD SMALL,Retail,Region,West,28349,737080.11,0.91
nielsen_scanner,2025-12,2025-Q4,Vaccines,VetGuard Immunize,VETGUARD IMMUNIZE LARGE,Retail,Region,West,2708,51454.01,0.91
nielsen_scanner,2025-12,2025-Q4,Vaccines,VetGuard Immunize,VETGUARD IMMUNIZE SMALL,Retail,Region,West,3465,65829.6,0.91
nielsen_scanner,2025-12,2025-Q4,Vaccines,VetSelect Core Vax,VETSELECT CORE VAX LARGE,Retail,Region,West,8863,124088.06,0.91
nielsen_scanner,2025-12,2025-Q4,Vaccines,VetSelect Core Vax,VETSELECT CORE VAX SMALL,Retail,Region,West,12900,180594.75,0.91
nielsen_scanner,2025-12,2025-Q4,Dermatology,VetSelect Derma,VETSELECT DERMA LARGE,Retail,Region,West,5654,214850.75,0.91
nielsen_scanner,2025-12,2025-Q4,Dermatology,VetSelect Derma,VETSELECT DERMA SMALL,Retail,Region,West,7633,290066.5,0.91
nielsen_scanner,2025-12,2025-Q4,Petcare Diagnostics,VetSelect Dx,VETSELECT DX LARGE,Retail,Region,West,6916,82996.35,0.91
nielsen_scanner,2025-12,2025-Q4,Petcare Diagnostics,VetSelect Dx,VETSELECT DX SMALL,Retail,Region,West,9642,115704.75,0.91
nielsen_scanner,2025-12,2025-Q4,Parasiticides,VetSelect Flea & Tick,VETSELECT FLEA & TICK LARGE,Retail,Region,West,32060,545011.5,0.91
nielsen_scanner,2025-12,2025-Q4,Parasiticides,VetSelect Flea & Tick,VETSELECT FLEA & TICK SMALL,Retail,Region,West,45894,780195.14,0.91
nielsen_scanner,2025-12,2025-Q4,Pain/Osteoarthritis,VetSelect Joint,VETSELECT JOINT LARGE,Retail,Region,West,6078,176253.28,0.91
nielsen_scanner,2025-12,2025-Q4,Pain/Osteoarthritis,VetSelect Joint,VETSELECT JOINT SMALL,Retail,Region,West,8759,254006.2,0.91
nielsen_scanner,2025-12,2025-Q4,Petcare Diagnostics,Vetscan,VETSCAN LARGE,Retail,Region,West,1439,25895.65,0.91
nielsen_scanner,2025-12,2025-Q4,Petcare Diagnostics,Vetscan,VETSCAN SMALL,Retail,Region,West,2012,36209.4,0.91
nielsen_scanner,2026-01,2026-Q1,Dermatology,AllerVet RX,ALLERVET RX LARGE,Retail,National,National,11959,645774.33,0.91
nielsen_scanner,2026-01,2026-Q1,Dermatology,AllerVet RX,ALLERVET RX SMALL,Retail,National,National,16741,903951.8,0.91
nielsen_scanner,2026-01,2026-Q1,Dermatology,Apoquel,APOQUEL LARGE,Retail,National,National,15046,978045.61,0.91
nielsen_scanner,2026-01,2026-Q1,Dermatology,Apoquel,APOQUEL SMALL,Retail,National,National,21119,1372755.97,0.91
nielsen_scanner,2026-01,2026-Q1,Vaccines,BioShield Vax,BIOSHIELD VAX LARGE,Retail,National,National,13158,263161.86,0.91
nielsen_scanner,2026-01,2026-Q1,Vaccines,BioShield Vax,BIOSHIELD VAX SMALL,Retail,National,National,18121,362405.46,0.91
nielsen_scanner,2026-01,2026-Q1,Dermatology,DermaCalm,DERMACALM LARGE,Retail,National,National,13272,769819.84,0.91
nielsen_scanner,2026-01,2026-Q1,Dermatology,DermaCalm,DERMACALM SMALL,Retail,National,National,18239,1057910.0,0.91
nielsen_scanner,2026-01,2026-Q1,Petcare Diagnostics,DiagnosTech Vet,DIAGNOSTECH VET LARGE,Retail,National,National,12975,220556.83,0.91
nielsen_scanner,2026-01,2026-Q1,Petcare Diagnostics,DiagnosTech Vet,DIAGNOSTECH VET SMALL,Retail,National,National,17717,301199.93,0.91
nielsen_scanner,2026-01,2026-Q1,Parasiticides,FleaStop Pro,FLEASTOP PRO LARGE,Retail,National,National,67280,1412878.95,0.91
nielsen_scanner,2026-01,2026-Q1,Parasiticides,FleaStop Pro,FLEASTOP PRO SMALL,Retail,National,National,92268,1937652.43,0.91
nielsen_scanner,2026-01,2026-Q1,Pain/Osteoarthritis,FlexiCare Joint,FLEXICARE JOINT LARGE,Retail,National,National,10081,443567.89,0.91
nielsen_scanner,2026-01,2026-Q1,Pain/Osteoarthritis,FlexiCare Joint,FLEXICARE JOINT SMALL,Retail,National,National,13563,596720.14,0.91
nielsen_scanner,2026-01,2026-Q1,Vaccines,ImmunoCore Canine,IMMUNOCORE CANINE LARGE,Retail,National,National,15219,319598.51,0.91
nielsen_scanner,2026-01,2026-Q1,Vaccines,ImmunoCore Canine,IMMUNOCORE CANINE SMALL,Retail,National,National,21303,447369.92,0.91
nielsen_scanner,2026-01,2026-Q1,Pain/Osteoarthritis,Librela,LIBRELA LARGE,Retail,National,National,6973,334710.04,0.91
nielsen_scanner,2026-01,2026-Q1,Pain/Osteoarthritis,Librela,LIBRELA SMALL,Retail,National,National,9620,461715.0,0.91
nielsen_scanner,2026-01,2026-Q1,Pain/Osteoarthritis,OsteoEase Vet,OSTEOEASE VET LARGE,Retail,National,National,8848,362755.87,0.91
nielsen_scanner,2026-01,2026-Q1,Pain/Osteoarthritis,OsteoEase Vet,OSTEOEASE VET SMALL,Retail,National,National,12324,505326.16,0.91
nielsen_scanner,2026-01,2026-Q1,Pain/Osteoarthritis,PainAway Canine,PAINAWAY CANINE LARGE,Retail,National,National,7932,293525.51,0.91
nielsen_scanner,2026-01,2026-Q1,Pain/Osteoarthritis,PainAway Canine,PAINAWAY CANINE SMALL,Retail,National,National,10989,406601.02,0.91
nielsen_scanner,2026-01,2026-Q1,Petcare Diagnostics,PetLab Analyzer,PETLAB ANALYZER LARGE,Retail,National,National,7906,118600.38,0.91
nielsen_scanner,2026-01,2026-Q1,Petcare Diagnostics,PetLab Analyzer,PETLAB ANALYZER SMALL,Retail,National,National,10968,164517.02,0.91
nielsen_scanner,2026-01,2026-Q1,Petcare Diagnostics,RapidVet Dx,RAPIDVET DX LARGE,Retail,National,National,12452,199243.92,0.91
nielsen_scanner,2026-01,2026-Q1,Petcare Diagnostics,RapidVet Dx,RAPIDVET DX SMALL,Retail,National,National,16861,269777.0,0.91
nielsen_scanner,2026-01,2026-Q1,Parasiticides,Simparica Trio,SIMPARICA TRIO LARGE,Retail,National,National,108152,3028221.51,0.91
nielsen_scanner,2026-01,2026-Q1,Parasiticides,Simparica Trio,SIMPARICA TRIO SMALL,Retail,National,National,147835,4139376.39,0.91
nielsen_scanner,2026-01,2026-Q1,Dermatology,SkinRelief Pro,SKINRELIEF PRO LARGE,Retail,National,National,10224,500961.59,0.91
nielsen_scanner,2026-01,2026-Q1,Dermatology,SkinRelief Pro,SKINRELIEF PRO SMALL,Retail,National,National,14076,689752.37,0.91
nielsen_scanner,2026-01,2026-Q1,Parasiticides,TickShield Plus,TICKSHIELD PLUS LARGE,Retail,National,National,80015,1920362.85,0.91
nielsen_scanner,2026-01,2026-Q1,Parasiticides,TickShield Plus,TICKSHIELD PLUS SMALL,Retail,National,National,109025,2616595.31,0.91
nielsen_scanner,2026-01,2026-Q1,Vaccines,Vanguard,VANGUARD LARGE,Retail,National,National,10928,240403.68,0.91
nielsen_scanner,2026-01,2026-Q1,Vaccines,Vanguard,VANGUARD SMALL,Retail,National,National,14439,317656.37,0.91
nielsen_scanner,2026-01,2026-Q1,Parasiticides,VectraGuard,VECTRAGUARD LARGE,Retail,National,National,97087,2524264.22,0.91
nielsen_scanner,2026-01,2026-Q1,Parasiticides,VectraGuard,VECTRAGUARD SMALL,Retail,National,National,132248,3438443.3,0.91
nielsen_scanner,2026-01,2026-Q1,Vaccines,VetGuard Immunize,VETGUARD IMMUNIZE LARGE,Retail,National,National,11673,221781.4,0.91
nielsen_scanner,2026-01,2026-Q1,Vaccines,VetGuard Immunize,VETGUARD IMMUNIZE SMALL,Retail,National,National,15829,300751.14,0.91
nielsen_scanner,2026-01,2026-Q1,Vaccines,VetSelect Core Vax,VETSELECT CORE VAX LARGE,Retail,National,National,44113,617580.3,0.91
nielsen_scanner,2026-01,2026-Q1,Vaccines,VetSelect Core Vax,VETSELECT CORE VAX SMALL,Retail,National,National,59177,828482.25,0.91
nielsen_scanner,2026-01,2026-Q1,Dermatology,VetSelect Derma,VETSELECT DERMA LARGE,Retail,National,National,25072,952716.21,0.91
nielsen_scanner,2026-01,2026-Q1,Dermatology,VetSelect Derma,VETSELECT DERMA SMALL,Retail,National,National,35682,1355937.69,0.91
nielsen_scanner,2026-01,2026-Q1,Petcare Diagnostics,VetSelect Dx,VETSELECT DX LARGE,Retail,National,National,35404,424833.18,0.91
nielsen_scanner,2026-01,2026-Q1,Petcare Diagnostics,VetSelect Dx,VETSELECT DX SMALL,Retail,National,National,48788,585452.37,0.91
nielsen_scanner,2026-01,2026-Q1,Parasiticides,VetSelect Flea & Tick,VETSELECT FLEA & TICK LARGE,Retail,National,National,155471,2643017.58,0.91
nielsen_scanner,2026-01,2026-Q1,Parasiticides,VetSelect Flea & Tick,VETSELECT FLEA & TICK SMALL,Retail,National,National,222382,3780489.05,0.91
nielsen_scanner,2026-01,2026-Q1,Pain/Osteoarthritis,VetSelect Joint,VETSELECT JOINT LARGE,Retail,National,National,28918,838587.47,0.91
nielsen_scanner,2026-01,2026-Q1,Pain/Osteoarthritis,VetSelect Joint,VETSELECT JOINT SMALL,Retail,National,National,39952,1158595.46,0.91
nielsen_scanner,2026-01,2026-Q1,Petcare Diagnostics,Vetscan,VETSCAN LARGE,Retail,National,National,5765,103770.71,0.91
nielsen_scanner,2026-01,2026-Q1,Petcare Diagnostics,Vetscan,VETSCAN SMALL,Retail,National,National,7979,143623.66,0.91
nielsen_scanner,2026-01,2026-Q1,Dermatology,AllerVet RX,ALLERVET RX LARGE,Retail,Region,Midwest,2536,136922.26,0.91
nielsen_scanner,2026-01,2026-Q1,Dermatology,AllerVet RX,ALLERVET RX SMALL,Retail,Region,Midwest,3679,198647.78,0.91
nielsen_scanner,2026-01,2026-Q1,Dermatology,Apoquel,APOQUEL LARGE,Retail,Region,Midwest,3068,199414.86,0.91
nielsen_scanner,2026-01,2026-Q1,Dermatology,Apoquel,APOQUEL SMALL,Retail,Region,Midwest,4348,282618.19,0.91
nielsen_scanner,2026-01,2026-Q1,Vaccines,BioShield Vax,BIOSHIELD VAX LARGE,Retail,Region,Midwest,2786,55720.25,0.91
nielsen_scanner,2026-01,2026-Q1,Vaccines,BioShield Vax,BIOSHIELD VAX SMALL,Retail,Region,Midwest,4058,81154.77,0.91
nielsen_scanner,2026-01,2026-Q1,Dermatology,DermaCalm,DERMACALM LARGE,Retail,Region,Midwest,2901,168256.73,0.91
nielsen_scanner,2026-01,2026-Q1,Dermatology,DermaCalm,DERMACALM SMALL,Retail,Region,Midwest,4148,240607.75,0.91
nielsen_scanner,2026-01,2026-Q1,Petcare Diagnostics,DiagnosTech Vet,DIAGNOSTECH VET LARGE,Retail,Region,Midwest,2764,46987.78,0.91
nielsen_scanner,2026-01,2026-Q1,Petcare Diagnostics,DiagnosTech Vet,DIAGNOSTECH VET SMALL,Retail,Region,Midwest,3762,63960.81,0.91
nielsen_scanner,2026-01,2026-Q1,Parasiticides,FleaStop Pro,FLEASTOP PRO LARGE,Retail,Region,Midwest,14265,299572.76,0.91
nielsen_scanner,2026-01,2026-Q1,Parasiticides,FleaStop Pro,FLEASTOP PRO SMALL,Retail,Region,Midwest,20442,429282.88,0.91
nielsen_scanner,2026-01,2026-Q1,Pain/Osteoarthritis,FlexiCare Joint,FLEXICARE JOINT LARGE,Retail,Region,Midwest,2160,95037.05,0.91
nielsen_scanner,2026-01,2026-Q1,Pain/Osteoarthritis,FlexiCare Joint,FLEXICARE JOINT SMALL,Retail,Region,Midwest,2955,130000.18,0.91
nielsen_scanner,2026-01,2026-Q1,Vaccines,ImmunoCore Canine,IMMUNOCORE CANINE LARGE,Retail,Region,Midwest,3291,69106.93,0.91
nielsen_scanner,2026-01,2026-Q1,Vaccines,ImmunoCore Canine,IMMUNOCORE CANINE SMALL,Retail,Region,Midwest,4367,91713.33,0.91
nielsen_scanner,2026-01,2026-Q1,Pain/Osteoarthritis,Librela,LIBRELA LARGE,Retail,Region,Midwest,1467,70415.22,0.91
nielsen_scanner,2026-01,2026-Q1,Pain/Osteoarthritis,Librela,LIBRELA SMALL,Retail,Region,Midwest,2012,96590.32,0.91
nielsen_scanner,2026-01,2026-Q1,Pain/Osteoarthritis,OsteoEase Vet,OSTEOEASE VET LARGE,Retail,Region,Midwest,1863,76388.97,0.91
nielsen_scanner,2026-01,2026-Q1,Pain/Osteoarthritis,OsteoEase Vet,OSTEOEASE VET SMALL,Retail,Region,Midwest,2523,103459.42,0.91
nielsen_scanner,2026-01,2026-Q1,Pain/Osteoarthritis,PainAway Canine,PAINAWAY CANINE LARGE,Retail,Region,Midwest,1684,62311.35,0.91
nielsen_scanner,2026-01,2026-Q1,Pain/Osteoarthritis,PainAway Canine,PAINAWAY CANINE SMALL,Retail,Region,Midwest,2320,85826.1,0.91
nielsen_scanner,2026-01,2026-Q1,Petcare Diagnostics,PetLab Analyzer,PETLAB ANALYZER LARGE,Retail,Region,Midwest,1627,24411.59,0.91
nielsen_scanner,2026-01,2026-Q1,Petcare Diagnostics,PetLab Analyzer,PETLAB ANALYZER SMALL,Retail,Region,Midwest,2257,33851.44,0.91
nielsen_scanner,2026-01,2026-Q1,Petcare Diagnostics,RapidVet Dx,RAPIDVET DX LARGE,Retail,Region,Midwest,2589,41424.25,0.91
nielsen_scanner,2026-01,2026-Q1,Petcare Diagnostics,RapidVet Dx,RAPIDVET DX SMALL,Retail,Region,Midwest,3364,53829.15,0.91
nielsen_scanner,2026-01,2026-Q1,Parasiticides,Simparica Trio,SIMPARICA TRIO LARGE,Retail,Region,Midwest,21452,600647.22,0.91
nielsen_scanner,2026-01,2026-Q1,Parasiticides,Simparica Trio,SIMPARICA TRIO SMALL,Retail,Region,Midwest,30402,851242.02,0.91
nielsen_scanner,2026-01,2026-Q1,Dermatology,SkinRelief Pro,SKINRELIEF PRO LARGE,Retail,Region,Midwest,2121,103904.52,0.91
nielsen_scanner,2026-01,2026-Q1,Dermatology,SkinRelief Pro,SKINRELIEF PRO SMALL,Retail,Region,Midwest,2934,143745.07,0.91
nielsen_scanner,2026-01,2026-Q1,Parasiticides,TickShield Plus,TICKSHIELD PLUS LARGE,Retail,Region,Midwest,15861,380655.73,0.91
nielsen_scanner,2026-01,2026-Q1,Parasiticides,TickShield Plus,TICKSHIELD PLUS SMALL,Retail,Region,Midwest,21466,515189.79,0.91
nielsen_scanner,2026-01,2026-Q1,Vaccines,Vanguard,VANGUARD LARGE,Retail,Region,Midwest,2167,47666.07,0.91
nielsen_scanner,2026-01,2026-Q1,Vaccines,Vanguard,VANGUARD SMALL,Retail,Region,Midwest,2871,63161.87,0.91
nielsen_scanner,2026-01,2026-Q1,Parasiticides,VectraGuard,VECTRAGUARD LARGE,Retail,Region,Midwest,20265,526892.18,0.91
nielsen_scanner,2026-01,2026-Q1,Parasiticides,VectraGuard,VECTRAGUARD SMALL,Retail,Region,Midwest,27924,726028.68,0.91
nielsen_scanner,2026-01,2026-Q1,Vaccines,VetGuard Immunize,VETGUARD IMMUNIZE LARGE,Retail,Region,Midwest,2436,46276.41,0.91
nielsen_scanner,2026-01,2026-Q1,Vaccines,VetGuard Immunize,VETGUARD IMMUNIZE SMALL,Retail,Region,Midwest,3204,60876.39,0.91
nielsen_scanner,2026-01,2026-Q1,Vaccines,VetSelect Core Vax,VETSELECT CORE VAX LARGE,Retail,Region,Midwest,9553,133748.0,0.91
nielsen_scanner,2026-01,2026-Q1,Vaccines,VetSelect Core Vax,VETSELECT CORE VAX SMALL,Retail,Region,Midwest,13358,187007.14,0.91
nielsen_scanner,2026-01,2026-Q1,Dermatology,VetSelect Derma,VETSELECT DERMA LARGE,Retail,Region,Midwest,5342,202978.05,0.91
nielsen_scanner,2026-01,2026-Q1,Dermatology,VetSelect Derma,VETSELECT DERMA SMALL,Retail,Region,Midwest,7387,280689.07,0.91
nielsen_scanner,2026-01,2026-Q1,Petcare Diagnostics,VetSelect Dx,VETSELECT DX LARGE,Retail,Region,Midwest,7740,92876.89,0.91
nielsen_scanner,2026-01,2026-Q1,Petcare Diagnostics,VetSelect Dx,VETSELECT DX SMALL,Retail,Region,Midwest,10630,127562.91,0.91
nielsen_scanner,2026-01,2026-Q1,Parasiticides,VetSelect Flea & Tick,VETSELECT FLEA & TICK LARGE,Retail,Region,Midwest,30771,523114.27,0.91
nielsen_scanner,2026-01,2026-Q1,Parasiticides,VetSelect Flea & Tick,VETSELECT FLEA & TICK SMALL,Retail,Region,Midwest,43008,731129.94,0.91
nielsen_scanner,2026-01,2026-Q1,Pain/Osteoarthritis,VetSelect Joint,VETSELECT JOINT LARGE,Retail,Region,Midwest,6097,176808.94,0.91
nielsen_scanner,2026-01,2026-Q1,Pain/Osteoarthritis,VetSelect Joint,VETSELECT JOINT SMALL,Retail,Region,Midwest,8398,243542.83,0.91
nielsen_scanner,2026-01,2026-Q1,Petcare Diagnostics,Vetscan,VETSCAN LARGE,Retail,Region,Midwest,1275,22943.29,0.91
nielsen_scanner,2026-01,2026-Q1,Petcare Diagnostics,Vetscan,VETSCAN SMALL,Retail,Region,Midwest,1615,29062.05,0.91
nielsen_scanner,2026-01,2026-Q1,Dermatology,AllerVet RX,ALLERVET RX LARGE,Retail,Region,Northeast,2630,142022.06,0.91
nielsen_scanner,2026-01,2026-Q1,Dermatology,AllerVet RX,ALLERVET RX SMALL,Retail,Region,Northeast,3679,198639.76,0.91
nielsen_scanner,2026-01,2026-Q1,Dermatology,Apoquel,APOQUEL LARGE,Retail,Region,Northeast,3438,223476.57,0.91
nielsen_scanner,2026-01,2026-Q1,Dermatology,Apoquel,APOQUEL SMALL,Retail,Region,Northeast,4593,298542.19,0.91
nielsen_scanner,2026-01,2026-Q1,Vaccines,BioShield Vax,BIOSHIELD VAX LARGE,Retail,Region,Northeast,2870,57392.47,0.91
nielsen_scanner,2026-01,2026-Q1,Vaccines,BioShield Vax,BIOSHIELD VAX SMALL,Retail,Region,Northeast,4029,80570.62,0.91
nielsen_scanner,2026-01,2026-Q1,Dermatology,DermaCalm,DERMACALM LARGE,Retail,Region,Northeast,3000,174024.88,0.91
nielsen_scanner,2026-01,2026-Q1,Dermatology,DermaCalm,DERMACALM SMALL,Retail,Region,Northeast,4233,245533.96,0.91
nielsen_scanner,2026-01,2026-Q1,Petcare Diagnostics,DiagnosTech Vet,DIAGNOSTECH VET LARGE,Retail,Region,Northeast,2954,50209.65,0.91
nielsen_scanner,2026-01,2026-Q1,Petcare Diagnostics,DiagnosTech Vet,DIAGNOSTECH VET SMALL,Retail,Region,Northeast,3979,67650.67,0.91
nielsen_scanner,2026-01,2026-Q1,Parasiticides,FleaStop Pro,FLEASTOP PRO LARGE,Retail,Region,Northeast,15126,317651.99,0.91
nielsen_scanner,2026-01,2026-Q1,Parasiticides,FleaStop Pro,FLEASTOP PRO SMALL,Retail,Region,Northeast,21197,445141.84,0.91
nielsen_scanner,2026-01,2026-Q1,Pain/Osteoarthritis,FlexiCare Joint,FLEXICARE JOINT LARGE,Retail,Region,Northeast,2183,96039.84,0.91
nielsen_scanner,2026-01,2026-Q1,Pain/Osteoarthritis,FlexiCare Joint,FLEXICARE JOINT SMALL,Retail,Region,Northeast,3088,135870.26,0.91
nielsen_scanner,2026-01,2026-Q1,Vaccines,ImmunoCore Canine,IMMUNOCORE CANINE LARGE,Retail,Region,Northeast,3124,65603.2,0.91
nielsen_scanner,2026-01,2026-Q1,Vaccines,ImmunoCore Canine,IMMUNOCORE CANINE SMALL,Retail,Region,Northeast,4639,97418.79,0.91
nielsen_scanner,2026-01,2026-Q1,Pain/Osteoarthritis,Librela,LIBRELA LARGE,Retail,Region,Northeast,1599,76756.87,0.91
nielsen_scanner,2026-01,2026-Q1,Pain/Osteoarthritis,Librela,LIBRELA SMALL,Retail,Region,Northeast,2081,99866.46,0.91
nielsen_scanner,2026-01,2026-Q1,Pain/Osteoarthritis,OsteoEase Vet,OSTEOEASE VET LARGE,Retail,Region,Northeast,1909,78262.37,0.91
nielsen_scanner,2026-01,2026-Q1,Pain/Osteoarthritis,OsteoEase Vet,OSTEOEASE VET SMALL,Retail,Region,Northeast,2810,115228.26,0.91
nielsen_scanner,2026-01,2026-Q1,Pain/Osteoarthritis,PainAway Canine,PAINAWAY CANINE LARGE,Retail,Region,Northeast,1858,68763.15,0.91
nielsen_scanner,2026-01,2026-Q1,Pain/Osteoarthritis,PainAway Canine,PAINAWAY CANINE SMALL,Retail,Region,Northeast,2529,93582.62,0.91
nielsen_scanner,2026-01,2026-Q1,Petcare Diagnostics,PetLab Analyzer,PETLAB ANALYZER LARGE,Retail,Region,Northeast,1795,26927.98,0.91
nielsen_scanner,2026-01,2026-Q1,Petcare Diagnostics,PetLab Analyzer,PETLAB ANALYZER SMALL,Retail,Region,Northeast,2516,37741.5,0.91
nielsen_scanner,2026-01,2026-Q1,Petcare Diagnostics,RapidVet Dx,RAPIDVET DX LARGE,Retail,Region,Northeast,2856,45702.8,0.91
nielsen_scanner,2026-01,2026-Q1,Petcare Diagnostics,RapidVet Dx,RAPIDVET DX SMALL,Retail,Region,Northeast,3727,59635.74,0.91
nielsen_scanner,2026-01,2026-Q1,Parasiticides,Simparica Trio,SIMPARICA TRIO LARGE,Retail,Region,Northeast,24133,675710.01,0.91
nielsen_scanner,2026-01,2026-Q1,Parasiticides,Simparica Trio,SIMPARICA TRIO SMALL,Retail,Region,Northeast,31635,885775.42,0.91
nielsen_scanner,2026-01,2026-Q1,Dermatology,SkinRelief Pro,SKINRELIEF PRO LARGE,Retail,Region,Northeast,2259,110690.15,0.91
nielsen_scanner,2026-01,2026-Q1,Dermatology,SkinRelief Pro,SKINRELIEF PRO SMALL,Retail,Region,Northeast,3029,148434.18,0.91
nielsen_scanner,2026-01,2026-Q1,Parasiticides,TickShield Plus,TICKSHIELD PLUS LARGE,Retail,Region,Northeast,17548,421160.03,0.91
nielsen_scanner,2026-01,2026-Q1,Parasiticides,TickShield Plus,TICKSHIELD PLUS SMALL,Retail,Region,Northeast,25447,610727.34,0.91
nielsen_scanner,2026-01,2026-Q1,Vaccines,Vanguard,VANGUARD LARGE,Retail,Region,Northeast,2416,53146.92,0.91
nielsen_scanner,2026-01,2026-Q1,Vaccines,Vanguard,VANGUARD SMALL,Retail,Region,Northeast,3226,70975.67,0.91
nielsen_scanner,2026-01,2026-Q1,Parasiticides,VectraGuard,VECTRAGUARD LARGE,Retail,Region,Northeast,21394,556255.64,0.91
nielsen_scanner,2026-01,2026-Q1,Parasiticides,VectraGuard,VECTRAGUARD SMALL,Retail,Region,Northeast,30947,804617.52,0.91
nielsen_scanner,2026-01,2026-Q1,Vaccines,VetGuard Immunize,VETGUARD IMMUNIZE LARGE,Retail,Region,Northeast,2585,49108.17,0.91
nielsen_scanner,2026-01,2026-Q1,Vaccines,VetGuard Immunize,VETGUARD IMMUNIZE SMALL,Retail,Region,Northeast,3729,70848.31,0.91
nielsen_scanner,2026-01,2026-Q1,Vaccines,VetSelect Core Vax,VETSELECT CORE VAX LARGE,Retail,Region,Northeast,10087,141211.4,0.91
nielsen_scanner,2026-01,2026-Q1,Vaccines,VetSelect Core Vax,VETSELECT CORE VAX SMALL,Retail,Region,Northeast,13123,183728.87,0.91
nielsen_scanner,2026-01,2026-Q1,Dermatology,VetSelect Derma,VETSELECT DERMA LARGE,Retail,Region,Northeast,5336,202779.34,0.91
nielsen_scanner,2026-01,2026-Q1,Dermatology,VetSelect Derma,VETSELECT DERMA SMALL,Retail,Region,Northeast,7879,299418.48,0.91
nielsen_scanner,2026-01,2026-Q1,Petcare Diagnostics,VetSelect Dx,VETSELECT DX LARGE,Retail,Region,Northeast,7796,93549.59,0.91
nielsen_scanner,2026-01,2026-Q1,Petcare Diagnostics,VetSelect Dx,VETSELECT DX SMALL,Retail,Region,Northeast,10517,126206.52,0.91
nielsen_scanner,2026-01,2026-Q1,Parasiticides,VetSelect Flea & Tick,VETSELECT FLEA & TICK LARGE,Retail,Region,Northeast,34748,590716.35,0.91
nielsen_scanner,2026-01,2026-Q1,Parasiticides,VetSelect Flea & Tick,VETSELECT FLEA & TICK SMALL,Retail,Region,Northeast,49619,843527.52,0.91
nielsen_scanner,2026-01,2026-Q1,Pain/Osteoarthritis,VetSelect Joint,VETSELECT JOINT LARGE,Retail,Region,Northeast,6514,188899.08,0.91
nielsen_scanner,2026-01,2026-Q1,Pain/Osteoarthritis,VetSelect Joint,VETSELECT JOINT SMALL,Retail,Region,Northeast,8935,259107.39,0.91
nielsen_scanner,2026-01,2026-Q1,Petcare Diagnostics,Vetscan,VETSCAN LARGE,Retail,Region,Northeast,1278,23008.34,0.91
nielsen_scanner,2026-01,2026-Q1,Petcare Diagnostics,Vetscan,VETSCAN SMALL,Retail,Region,Northeast,1789,32209.24,0.91
nielsen_scanner,2026-01,2026-Q1,Dermatology,AllerVet RX,ALLERVET RX LARGE,Retail,Region,South,4127,222883.75,0.91
nielsen_scanner,2026-01,2026-Q1,Dermatology,AllerVet RX,ALLERVET RX SMALL,Retail,Region,South,5602,302484.94,0.91
nielsen_scanner,2026-01,2026-Q1,Dermatology,Apoquel,APOQUEL LARGE,Retail,Region,South,5116,332566.96,0.91
nielsen_scanner,2026-01,2026-Q1,Dermatology,Apoquel,APOQUEL SMALL,Retail,Region,South,7209,468579.63,0.91
nielsen_scanner,2026-01,2026-Q1,Vaccines,BioShield Vax,BIOSHIELD VAX LARGE,Retail,Region,South,4467,89348.62,0.91
nielsen_scanner,2026-01,2026-Q1,Vaccines,BioShield Vax,BIOSHIELD VAX SMALL,Retail,Region,South,6014,120286.75,0.91
nielsen_scanner,2026-01,2026-Q1,Dermatology,DermaCalm,DERMACALM LARGE,Retail,Region,South,4262,247194.55,0.91
nielsen_scanner,2026-01,2026-Q1,Dermatology,DermaCalm,DERMACALM SMALL,Retail,Region,South,5667,328679.81,0.91
nielsen_scanner,2026-01,2026-Q1,Petcare Diagnostics,DiagnosTech Vet,DIAGNOSTECH VET LARGE,Retail,Region,South,4281,72768.79,0.91
nielsen_scanner,2026-01,2026-Q1,Petcare Diagnostics,DiagnosTech Vet,DIAGNOSTECH VET SMALL,Retail,Region,South,5900,100294.7,0.91
nielsen_scanner,2026-01,2026-Q1,Parasiticides,FleaStop Pro,FLEASTOP PRO LARGE,Retail,Region,South,22609,474779.96,0.91
nielsen_scanner,2026-01,2026-Q1,Parasiticides,FleaStop Pro,FLEASTOP PRO SMALL,Retail,Region,South,29812,626062.06,0.91
nielsen_scanner,2026-01,2026-Q1,Pain/Osteoarthritis,FlexiCare Joint,FLEXICARE JOINT LARGE,Retail,Region,South,3347,147286.58,0.91
nielsen_scanner,2026-01,2026-Q1,Pain/Osteoarthritis,FlexiCare Joint,FLEXICARE JOINT SMALL,Retail,Region,South,4497,197847.17,0.91
nielsen_scanner,2026-01,2026-Q1,Vaccines,ImmunoCore Canine,IMMUNOCORE CANINE LARGE,Retail,Region,South,5293,111154.85,0.91
nielsen_scanner,2026-01,2026-Q1,Vaccines,ImmunoCore Canine,IMMUNOCORE CANINE SMALL,Retail,Region,South,7506,157635.13,0.91
nielsen_scanner,2026-01,2026-Q1,Pain/Osteoarthritis,Librela,LIBRELA LARGE,Retail,Region,South,2305,110656.88,0.91
nielsen_scanner,2026-01,2026-Q1,Pain/Osteoarthritis,Librela,LIBRELA SMALL,Retail,Region,South,3264,156649.31,0.91
nielsen_scanner,2026-01,2026-Q1,Pain/Osteoarthritis,OsteoEase Vet,OSTEOEASE VET LARGE,Retail,Region,South,3184,130527.67,0.91
nielsen_scanner,2026-01,2026-Q1,Pain/Osteoarthritis,OsteoEase Vet,OSTEOEASE VET SMALL,Retail,Region,South,4436,181892.11,0.91
nielsen_scanner,2026-01,2026-Q1,Pain/Osteoarthritis,PainAway Canine,PAINAWAY CANINE LARGE,Retail,Region,South,2484,91917.13,0.91
nielsen_scanner,2026-01,2026-Q1,Pain/Osteoarthritis,PainAway Canine,PAINAWAY CANINE SMALL,Retail,Region,South,3533,130727.01,0.91
nielsen_scanner,2026-01,2026-Q1,Petcare Diagnostics,PetLab Analyzer,PETLAB ANALYZER LARGE,Retail,Region,South,2756,41333.49,0.91
nielsen_scanner,2026-01,2026-Q1,Petcare Diagnostics,PetLab Analyzer,PETLAB ANALYZER SMALL,Retail,Region,South,3616,54237.84,0.91
nielsen_scanner,2026-01,2026-Q1,Petcare Diagnostics,RapidVet Dx,RAPIDVET DX LARGE,Retail,Region,South,4114,65826.71,0.91
nielsen_scanner,2026-01,2026-Q1,Petcare Diagnostics,RapidVet Dx,RAPIDVET DX SMALL,Retail,Region,South,5694,91098.51,0.91
nielsen_scanner,2026-01,2026-Q1,Parasiticides,Simparica Trio,SIMPARICA TRIO LARGE,Retail,Region,South,38126,1067526.47,0.91
nielsen_scanner,2026-01,2026-Q1,Parasiticides,Simparica Trio,SIMPARICA TRIO SMALL,Retail,Region,South,52233,1462529.43,0.91
nielsen_scanner,2026-01,2026-Q1,Dermatology,SkinRelief Pro,SKINRELIEF PRO LARGE,Retail,Region,South,3426,167890.79,0.91
nielsen_scanner,2026-01,2026-Q1,Dermatology,SkinRelief Pro,SKINRELIEF PRO SMALL,Retail,Region,South,4936,241879.08,0.91
nielsen_scanner,2026-01,2026-Q1,Parasiticides,TickShield Plus,TICKSHIELD PLUS LARGE,Retail,Region,South,27648,663549.1,0.91
nielsen_scanner,2026-01,2026-Q1,Parasiticides,TickShield Plus,TICKSHIELD PLUS SMALL,Retail,Region,South,36528,876663.04,0.91
nielsen_scanner,2026-01,2026-Q1,Vaccines,Vanguard,VANGUARD LARGE,Retail,Region,South,3788,83336.91,0.91
nielsen_scanner,2026-01,2026-Q1,Vaccines,Vanguard,VANGUARD SMALL,Retail,Region,South,4945,108795.4,0.91
nielsen_scanner,2026-01,2026-Q1,Parasiticides,VectraGuard,VECTRAGUARD LARGE,Retail,Region,South,32220,837720.2,0.91
nielsen_scanner,2026-01,2026-Q1,Parasiticides,VectraGuard,VECTRAGUARD SMALL,Retail,Region,South,42413,1102744.31,0.91
nielsen_scanner,2026-01,2026-Q1,Vaccines,VetGuard Immunize,VETGUARD IMMUNIZE LARGE,Retail,Region,South,3950,75059.22,0.91
nielsen_scanner,2026-01,2026-Q1,Vaccines,VetGuard Immunize,VETGUARD IMMUNIZE SMALL,Retail,Region,South,5251,99773.27,0.91
nielsen_scanner,2026-01,2026-Q1,Vaccines,VetSelect Core Vax,VETSELECT CORE VAX LARGE,Retail,Region,South,14911,208750.59,0.91
nielsen_scanner,2026-01,2026-Q1,Vaccines,VetSelect Core Vax,VETSELECT CORE VAX SMALL,Retail,Region,South,19402,271626.28,0.91
nielsen_scanner,2026-01,2026-Q1,Dermatology,VetSelect Derma,VETSELECT DERMA LARGE,Retail,Region,South,8312,315851.88,0.91
nielsen_scanner,2026-01,2026-Q1,Dermatology,VetSelect Derma,VETSELECT DERMA SMALL,Retail,Region,South,12133,461072.01,0.91
nielsen_scanner,2026-01,2026-Q1,Petcare Diagnostics,VetSelect Dx,VETSELECT DX LARGE,Retail,Region,South,11272,135260.61,0.91
nielsen_scanner,2026-01,2026-Q1,Petcare Diagnostics,VetSelect Dx,VETSELECT DX SMALL,Retail,Region,South,16890,202675.49,0.91
nielsen_scanner,2026-01,2026-Q1,Parasiticides,VetSelect Flea & Tick,VETSELECT FLEA & TICK LARGE,Retail,Region,South,52835,898192.05,0.91
nielsen_scanner,2026-01,2026-Q1,Parasiticides,VetSelect Flea & Tick,VETSELECT FLEA & TICK SMALL,Retail,Region,South,78922,1341674.59,0.91
nielsen_scanner,2026-01,2026-Q1,Pain/Osteoarthritis,VetSelect Joint,VETSELECT JOINT LARGE,Retail,Region,South,10270,297818.31,0.91
nielsen_scanner,2026-01,2026-Q1,Pain/Osteoarthritis,VetSelect Joint,VETSELECT JOINT SMALL,Retail,Region,South,13781,399651.09,0.91
nielsen_scanner,2026-01,2026-Q1,Petcare Diagnostics,Vetscan,VETSCAN LARGE,Retail,Region,South,1870,33660.02,0.91
nielsen_scanner,2026-01,2026-Q1,Petcare Diagnostics,Vetscan,VETSCAN SMALL,Retail,Region,South,2730,49145.74,0.91
nielsen_scanner,2026-01,2026-Q1,Dermatology,AllerVet RX,ALLERVET RX LARGE,Retail,Region,West,2666,143946.26,0.91
nielsen_scanner,2026-01,2026-Q1,Dermatology,AllerVet RX,ALLERVET RX SMALL,Retail,Region,West,3781,204179.32,0.91
nielsen_scanner,2026-01,2026-Q1,Dermatology,Apoquel,APOQUEL LARGE,Retail,Region,West,3424,222587.22,0.91
nielsen_scanner,2026-01,2026-Q1,Dermatology,Apoquel,APOQUEL SMALL,Retail,Region,West,4969,323015.96,0.91
nielsen_scanner,2026-01,2026-Q1,Vaccines,BioShield Vax,BIOSHIELD VAX LARGE,Retail,Region,West,3035,60700.52,0.91
nielsen_scanner,2026-01,2026-Q1,Vaccines,BioShield Vax,BIOSHIELD VAX SMALL,Retail,Region,West,4020,80393.32,0.91
nielsen_scanner,2026-01,2026-Q1,Dermatology,DermaCalm,DERMACALM LARGE,Retail,Region,West,3109,180343.68,0.91
nielsen_scanner,2026-01,2026-Q1,Dermatology,DermaCalm,DERMACALM SMALL,Retail,Region,West,4191,243088.48,0.91
nielsen_scanner,2026-01,2026-Q1,Petcare Diagnostics,DiagnosTech Vet,DIAGNOSTECH VET LARGE,Retail,Region,West,2976,50590.61,0.91
nielsen_scanner,2026-01,2026-Q1,Petcare Diagnostics,DiagnosTech Vet,DIAGNOSTECH VET SMALL,Retail,Region,West,4076,69293.75,0.91
nielsen_scanner,2026-01,2026-Q1,Parasiticides,FleaStop Pro,FLEASTOP PRO LARGE,Retail,Region,West,15280,320874.24,0.91
nielsen_scanner,2026-01,2026-Q1,Parasiticides,FleaStop Pro,FLEASTOP PRO SMALL,Retail,Region,West,20817,437165.65,0.91
nielsen_scanner,2026-01,2026-Q1,Pain/Osteoarthritis,FlexiCare Joint,FLEXICARE JOINT LARGE,Retail,Region,West,2391,105204.42,0.91
nielsen_scanner,2026-01,2026-Q1,Pain/Osteoarthritis,FlexiCare Joint,FLEXICARE JOINT SMALL,Retail,Region,West,3023,133002.53,0.91
nielsen_scanner,2026-01,2026-Q1,Vaccines,ImmunoCore Canine,IMMUNOCORE CANINE LARGE,Retail,Region,West,3511,73733.53,0.91
nielsen_scanner,2026-01,2026-Q1,Vaccines,ImmunoCore Canine,IMMUNOCORE CANINE SMALL,Retail,Region,West,4791,100602.67,0.91
nielsen_scanner,2026-01,2026-Q1,Pain/Osteoarthritis,Librela,LIBRELA LARGE,Retail,Region,West,1602,76881.07,0.91
nielsen_scanner,2026-01,2026-Q1,Pain/Osteoarthritis,Librela,LIBRELA SMALL,Retail,Region,West,2263,108608.91,0.91
nielsen_scanner,2026-01,2026-Q1,Pain/Osteoarthritis,OsteoEase Vet,OSTEOEASE VET LARGE,Retail,Region,West,1892,77576.86,0.91
nielsen_scanner,2026-01,2026-Q1,Pain/Osteoarthritis,OsteoEase Vet,OSTEOEASE VET SMALL,Retail,Region,West,2555,104746.37,0.91
nielsen_scanner,2026-01,2026-Q1,Pain/Osteoarthritis,PainAway Canine,PAINAWAY CANINE LARGE,Retail,Region,West,1906,70533.88,0.91
nielsen_scanner,2026-01,2026-Q1,Pain/Osteoarthritis,PainAway Canine,PAINAWAY CANINE SMALL,Retail,Region,West,2607,96465.29,0.91
nielsen_scanner,2026-01,2026-Q1,Petcare Diagnostics,PetLab Analyzer,PETLAB ANALYZER LARGE,Retail,Region,West,1728,25927.32,0.91
nielsen_scanner,2026-01,2026-Q1,Petcare Diagnostics,PetLab Analyzer,PETLAB ANALYZER SMALL,Retail,Region,West,2579,38686.24,0.91
nielsen_scanner,2026-01,2026-Q1,Petcare Diagnostics,RapidVet Dx,RAPIDVET DX LARGE,Retail,Region,West,2893,46290.16,0.91
nielsen_scanner,2026-01,2026-Q1,Petcare Diagnostics,RapidVet Dx,RAPIDVET DX SMALL,Retail,Region,West,4076,65213.6,0.91
nielsen_scanner,2026-01,2026-Q1,Parasiticides,Simparica Trio,SIMPARICA TRIO LARGE,Retail,Region,West,24441,684337.81,0.91
nielsen_scanner,2026-01,2026-Q1,Parasiticides,Simparica Trio,SIMPARICA TRIO SMALL,Retail,Region,West,33565,939829.52,0.91
nielsen_scanner,2026-01,2026-Q1,Dermatology,SkinRelief Pro,SKINRELIEF PRO LARGE,Retail,Region,West,2418,118476.13,0.91
nielsen_scanner,2026-01,2026-Q1,Dermatology,SkinRelief Pro,SKINRELIEF PRO SMALL,Retail,Region,West,3177,155694.04,0.91
nielsen_scanner,2026-01,2026-Q1,Parasiticides,TickShield Plus,TICKSHIELD PLUS LARGE,Retail,Region,West,18958,454997.99,0.91
nielsen_scanner,2026-01,2026-Q1,Parasiticides,TickShield Plus,TICKSHIELD PLUS SMALL,Retail,Region,West,25584,614015.14,0.91
nielsen_scanner,2026-01,2026-Q1,Vaccines,Vanguard,VANGUARD LARGE,Retail,Region,West,2557,56253.78,0.91
nielsen_scanner,2026-01,2026-Q1,Vaccines,Vanguard,VANGUARD SMALL,Retail,Region,West,3397,74723.43,0.91
nielsen_scanner,2026-01,2026-Q1,Parasiticides,VectraGuard,VECTRAGUARD LARGE,Retail,Region,West,23208,603396.2,0.91
nielsen_scanner,2026-01,2026-Q1,Parasiticides,VectraGuard,VECTRAGUARD SMALL,Retail,Region,West,30964,805052.79,0.91
nielsen_scanner,2026-01,2026-Q1,Vaccines,VetGuard Immunize,VETGUARD IMMUNIZE LARGE,Retail,Region,West,2702,51337.6,0.91
nielsen_scanner,2026-01,2026-Q1,Vaccines,VetGuard Immunize,VETGUARD IMMUNIZE SMALL,Retail,Region,West,3645,69253.17,0.91
nielsen_scanner,2026-01,2026-Q1,Vaccines,VetSelect Core Vax,VETSELECT CORE VAX LARGE,Retail,Region,West,9562,133870.31,0.91
nielsen_scanner,2026-01,2026-Q1,Vaccines,VetSelect Core Vax,VETSELECT CORE VAX SMALL,Retail,Region,West,13294,186119.96,0.91
nielsen_scanner,2026-01,2026-Q1,Dermatology,VetSelect Derma,VETSELECT DERMA LARGE,Retail,Region,West,6082,231106.94,0.91
nielsen_scanner,2026-01,2026-Q1,Dermatology,VetSelect Derma,VETSELECT DERMA SMALL,Retail,Region,West,8283,314758.13,0.91
nielsen_scanner,2026-01,2026-Q1,Petcare Diagnostics,VetSelect Dx,VETSELECT DX LARGE,Retail,Region,West,8596,103146.09,0.91
nielsen_scanner,2026-01,2026-Q1,Petcare Diagnostics,VetSelect Dx,VETSELECT DX SMALL,Retail,Region,West,10751,129007.45,0.91
nielsen_scanner,2026-01,2026-Q1,Parasiticides,VetSelect Flea & Tick,VETSELECT FLEA & TICK LARGE,Retail,Region,West,37117,630994.91,0.91
nielsen_scanner,2026-01,2026-Q1,Parasiticides,VetSelect Flea & Tick,VETSELECT FLEA & TICK SMALL,Retail,Region,West,50833,864157.0,0.91
nielsen_scanner,2026-01,2026-Q1,Pain/Osteoarthritis,VetSelect Joint,VETSELECT JOINT LARGE,Retail,Region,West,6037,175061.14,0.91
nielsen_scanner,2026-01,2026-Q1,Pain/Osteoarthritis,VetSelect Joint,VETSELECT JOINT SMALL,Retail,Region,West,8838,256294.15,0.91
nielsen_scanner,2026-01,2026-Q1,Petcare Diagnostics,Vetscan,VETSCAN LARGE,Retail,Region,West,1342,24159.06,0.91
nielsen_scanner,2026-01,2026-Q1,Petcare Diagnostics,Vetscan,VETSCAN SMALL,Retail,Region,West,1845,33206.63,0.91
nielsen_scanner,2026-02,2026-Q1,Dermatology,AllerVet RX,ALLERVET RX LARGE,Retail,National,National,12541,677195.23,0.91
nielsen_scanner,2026-02,2026-Q1,Dermatology,AllerVet RX,ALLERVET RX SMALL,Retail,National,National,17426,941011.71,0.91
nielsen_scanner,2026-02,2026-Q1,Dermatology,Apoquel,APOQUEL LARGE,Retail,National,National,16107,1047003.22,0.91
nielsen_scanner,2026-02,2026-Q1,Dermatology,Apoquel,APOQUEL SMALL,Retail,National,National,21726,1412136.05,0.91
nielsen_scanner,2026-02,2026-Q1,Vaccines,BioShield Vax,BIOSHIELD VAX LARGE,Retail,National,National,13929,278583.52,0.91
nielsen_scanner,2026-02,2026-Q1,Vaccines,BioShield Vax,BIOSHIELD VAX SMALL,Retail,National,National,19158,383140.38,0.91
nielsen_scanner,2026-02,2026-Q1,Dermatology,DermaCalm,DERMACALM LARGE,Retail,National,National,13872,804574.06,0.91
nielsen_scanner,2026-02,2026-Q1,Dermatology,DermaCalm,DERMACALM SMALL,Retail,National,National,19234,1115596.15,0.91
nielsen_scanner,2026-02,2026-Q1,Petcare Diagnostics,DiagnosTech Vet,DIAGNOSTECH VET LARGE,Retail,National,National,13753,233814.3,0.91
nielsen_scanner,2026-02,2026-Q1,Petcare Diagnostics,DiagnosTech Vet,DIAGNOSTECH VET SMALL,Retail,National,National,19601,333215.0,0.91
nielsen_scanner,2026-02,2026-Q1,Parasiticides,FleaStop Pro,FLEASTOP PRO LARGE,Retail,National,National,78794,1654677.92,0.91
nielsen_scanner,2026-02,2026-Q1,Parasiticides,FleaStop Pro,FLEASTOP PRO SMALL,Retail,National,National,109789,2305563.28,0.91
nielsen_scanner,2026-02,2026-Q1,Pain/Osteoarthritis,FlexiCare Joint,FLEXICARE JOINT LARGE,Retail,National,National,9434,415082.56,0.91
nielsen_scanner,2026-02,2026-Q1,Pain/Osteoarthritis,FlexiCare Joint,FLEXICARE JOINT SMALL,Retail,National,National,13061,574684.96,0.91
nielsen_scanner,2026-02,2026-Q1,Vaccines,ImmunoCore Canine,IMMUNOCORE CANINE LARGE,Retail,National,National,16349,343316.04,0.91
nielsen_scanner,2026-02,2026-Q1,Vaccines,ImmunoCore Canine,IMMUNOCORE CANINE SMALL,Retail,National,National,22740,477546.39,0.91
nielsen_scanner,2026-02,2026-Q1,Pain/Osteoarthritis,Librela,LIBRELA LARGE,Retail,National,National,6842,328445.76,0.91
nielsen_scanner,2026-02,2026-Q1,Pain/Osteoarthritis,Librela,LIBRELA SMALL,Retail,National,National,9635,462424.73,0.91
nielsen_scanner,2026-02,2026-Q1,Pain/Osteoarthritis,OsteoEase Vet,OSTEOEASE VET LARGE,Retail,National,National,9187,376644.55,0.91
nielsen_scanner,2026-02,2026-Q1,Pain/Osteoarthritis,OsteoEase Vet,OSTEOEASE VET SMALL,Retail,National,National,12730,521919.66,0.91
nielsen_scanner,2026-02,2026-Q1,Pain/Osteoarthritis,PainAway Canine,PAINAWAY CANINE LARGE,Retail,National,National,8274,306160.26,0.91
nielsen_scanner,2026-02,2026-Q1,Pain/Osteoarthritis,PainAway Canine,PAINAWAY CANINE SMALL,Retail,National,National,11666,431623.39,0.91
nielsen_scanner,2026-02,2026-Q1,Petcare Diagnostics,PetLab Analyzer,PETLAB ANALYZER LARGE,Retail,National,National,8431,126471.68,0.91
nielsen_scanner,2026-02,2026-Q1,Petcare Diagnostics,PetLab Analyzer,PETLAB ANALYZER SMALL,Retail,National,National,11700,175489.46,0.91
nielsen_scanner,2026-02,2026-Q1,Petcare Diagnostics,RapidVet Dx,RAPIDVET DX LARGE,Retail,National,National,12408,198528.77,0.91
nielsen_scanner,2026-02,2026-Q1,Petcare Diagnostics,RapidVet Dx,RAPIDVET DX SMALL,Retail,National,National,17472,279549.66,0.91
nielsen_scanner,2026-02,2026-Q1,Parasiticides,Simparica Trio,SIMPARICA TRIO LARGE,Retail,National,National,131203,3673646.91,0.91
nielsen_scanner,2026-02,2026-Q1,Parasiticides,Simparica Trio,SIMPARICA TRIO SMALL,Retail,National,National,182339,5105471.82,0.91
nielsen_scanner,2026-02,2026-Q1,Dermatology,SkinRelief Pro,SKINRELIEF PRO LARGE,Retail,National,National,10844,531357.58,0.91
nielsen_scanner,2026-02,2026-Q1,Dermatology,SkinRelief Pro,SKINRELIEF PRO SMALL,Retail,National,National,15130,741357.77,0.91
nielsen_scanner,2026-02,2026-Q1,Parasiticides,TickShield Plus,TICKSHIELD PLUS LARGE,Retail,National,National,88580,2125926.32,0.91
nielsen_scanner,2026-02,2026-Q1,Parasiticides,TickShield Plus,TICKSHIELD PLUS SMALL,Retail,National,National,120802,2899269.5,0.91
nielsen_scanner,2026-02,2026-Q1,Vaccines,Vanguard,VANGUARD LARGE,Retail,National,National,10812,237859.13,0.91
nielsen_scanner,2026-02,2026-Q1,Vaccines,Vanguard,VANGUARD SMALL,Retail,National,National,15121,332648.81,0.91
nielsen_scanner,2026-02,2026-Q1,Parasiticides,VectraGuard,VECTRAGUARD LARGE,Retail,National,National,113124,2941240.24,0.91
nielsen_scanner,2026-02,2026-Q1,Parasiticides,VectraGuard,VECTRAGUARD SMALL,Retail,National,National,158611,4123888.44,0.91
nielsen_scanner,2026-02,2026-Q1,Vaccines,VetGuard Immunize,VETGUARD IMMUNIZE LARGE,Retail,National,National,12444,236446.97,0.91
nielsen_scanner,2026-02,2026-Q1,Vaccines,VetGuard Immunize,VETGUARD IMMUNIZE SMALL,Retail,National,National,17491,332319.05,0.91
nielsen_scanner,2026-02,2026-Q1,Vaccines,VetSelect Core Vax,VETSELECT CORE VAX LARGE,Retail,National,National,45439,636150.64,0.91
nielsen_scanner,2026-02,2026-Q1,Vaccines,VetSelect Core Vax,VETSELECT CORE VAX SMALL,Retail,National,National,62552,875735.15,0.91
nielsen_scanner,2026-02,2026-Q1,Dermatology,VetSelect Derma,VETSELECT DERMA LARGE,Retail,National,National,25767,979138.63,0.91
nielsen_scanner,2026-02,2026-Q1,Dermatology,VetSelect Derma,VETSELECT DERMA SMALL,Retail,National,National,35670,1355428.56,0.91
nielsen_scanner,2026-02,2026-Q1,Petcare Diagnostics,VetSelect Dx,VETSELECT DX LARGE,Retail,National,National,36906,442863.17,0.91
nielsen_scanner,2026-02,2026-Q1,Petcare Diagnostics,VetSelect Dx,VETSELECT DX SMALL,Retail,National,National,50061,600727.82,0.91
nielsen_scanner,2026-02,2026-Q1,Parasiticides,VetSelect Flea & Tick,VETSELECT FLEA & TICK LARGE,Retail,National,National,185531,3154019.47,0.91
nielsen_scanner,2026-02,2026-Q1,Parasiticides,VetSelect Flea & Tick,VETSELECT FLEA & TICK SMALL,Retail,National,National,263947,4487105.31,0.91
nielsen_scanner,2026-02,2026-Q1,Pain/Osteoarthritis,VetSelect Joint,VETSELECT JOINT LARGE,Retail,National,National,27182,788275.22,0.91
nielsen_scanner,2026-02,2026-Q1,Pain/Osteoarthritis,VetSelect Joint,VETSELECT JOINT SMALL,Retail,National,National,37471,1086629.7,0.91
nielsen_scanner,2026-02,2026-Q1,Petcare Diagnostics,Vetscan,VETSCAN LARGE,Retail,National,National,5719,102927.19,0.91
nielsen_scanner,2026-02,2026-Q1,Petcare Diagnostics,Vetscan,VETSCAN SMALL,Retail,National,National,7752,139531.63,0.91
nielsen_scanner,2026-02,2026-Q1,Dermatology,AllerVet RX,ALLERVET RX LARGE,Retail,Region,Midwest,2681,144765.78,0.91
nielsen_scanner,2026-02,2026-Q1,Dermatology,AllerVet RX,ALLERVET RX SMALL,Retail,Region,Midwest,3752,202594.25,0.91
nielsen_scanner,2026-02,2026-Q1,Dermatology,Apoquel,APOQUEL LARGE,Retail,Region,Midwest,3361,218475.62,0.91
nielsen_scanner,2026-02,2026-Q1,Dermatology,Apoquel,APOQUEL SMALL,Retail,Region,Midwest,4710,306169.81,0.91
nielsen_scanner,2026-02,2026-Q1,Vaccines,BioShield Vax,BIOSHIELD VAX LARGE,Retail,Region,Midwest,3023,60466.47,0.91
nielsen_scanner,2026-02,2026-Q1,Vaccines,BioShield Vax,BIOSHIELD VAX SMALL,Retail,Region,Midwest,4008,80161.57,0.91
nielsen_scanner,2026-02,2026-Q1,Dermatology,DermaCalm,DERMACALM LARGE,Retail,Region,Midwest,3009,174516.19,0.91
nielsen_scanner,2026-02,2026-Q1,Dermatology,DermaCalm,DERMACALM SMALL,Retail,Region,Midwest,4050,234920.03,0.91
nielsen_scanner,2026-02,2026-Q1,Petcare Diagnostics,DiagnosTech Vet,DIAGNOSTECH VET LARGE,Retail,Region,Midwest,3042,51705.86,0.91
nielsen_scanner,2026-02,2026-Q1,Petcare Diagnostics,DiagnosTech Vet,DIAGNOSTECH VET SMALL,Retail,Region,Midwest,4178,71033.12,0.91
nielsen_scanner,2026-02,2026-Q1,Parasiticides,FleaStop Pro,FLEASTOP PRO LARGE,Retail,Region,Midwest,17314,363593.77,0.91
nielsen_scanner,2026-02,2026-Q1,Parasiticides,FleaStop Pro,FLEASTOP PRO SMALL,Retail,Region,Midwest,24298,510252.88,0.91
nielsen_scanner,2026-02,2026-Q1,Pain/Osteoarthritis,FlexiCare Joint,FLEXICARE JOINT LARGE,Retail,Region,Midwest,2043,89872.8,0.91
nielsen_scanner,2026-02,2026-Q1,Pain/Osteoarthritis,FlexiCare Joint,FLEXICARE JOINT SMALL,Retail,Region,Midwest,2942,129442.71,0.91
nielsen_scanner,2026-02,2026-Q1,Vaccines,ImmunoCore Canine,IMMUNOCORE CANINE LARGE,Retail,Region,Midwest,19558,410653.22,0.91
nielsen_scanner,2026-02,2026-Q1,Vaccines,ImmunoCore Canine,IMMUNOCORE CANINE SMALL,Retail,Region,Midwest,28537,599305.55,0.91
nielsen_scanner,2026-02,2026-Q1,Pain/Osteoarthritis,Librela,LIBRELA LARGE,Retail,Region,Midwest,1408,67588.52,0.91
nielsen_scanner,2026-02,2026-Q1,Pain/Osteoarthritis,Librela,LIBRELA SMALL,Retail,Region,Midwest,2066,99145.44,0.91
nielsen_scanner,2026-02,2026-Q1,Pain/Osteoarthritis,OsteoEase Vet,OSTEOEASE VET LARGE,Retail,Region,Midwest,2060,84446.43,0.91
nielsen_scanner,2026-02,2026-Q1,Pain/Osteoarthritis,OsteoEase Vet,OSTEOEASE VET SMALL,Retail,Region,Midwest,2748,112686.19,0.91
nielsen_scanner,2026-02,2026-Q1,Pain/Osteoarthritis,PainAway Canine,PAINAWAY CANINE LARGE,Retail,Region,Midwest,1720,63643.24,0.91
nielsen_scanner,2026-02,2026-Q1,Pain/Osteoarthritis,PainAway Canine,PAINAWAY CANINE SMALL,Retail,Region,Midwest,2529,93563.99,0.91
nielsen_scanner,2026-02,2026-Q1,Petcare Diagnostics,PetLab Analyzer,PETLAB ANALYZER LARGE,Retail,Region,Midwest,1719,25779.76,0.91
nielsen_scanner,2026-02,2026-Q1,Petcare Diagnostics,PetLab Analyzer,PETLAB ANALYZER SMALL,Retail,Region,Midwest,2401,36011.27,0.91
nielsen_scanner,2026-02,2026-Q1,Petcare Diagnostics,RapidVet Dx,RAPIDVET DX LARGE,Retail,Region,Midwest,2459,39336.65,0.91
nielsen_scanner,2026-02,2026-Q1,Petcare Diagnostics,RapidVet Dx,RAPIDVET DX SMALL,Retail,Region,Midwest,3704,59265.34,0.91
nielsen_scanner,2026-02,2026-Q1,Parasiticides,Simparica Trio,SIMPARICA TRIO LARGE,Retail,Region,Midwest,28027,784745.54,0.91
nielsen_scanner,2026-02,2026-Q1,Parasiticides,Simparica Trio,SIMPARICA TRIO SMALL,Retail,Region,Midwest,35788,1002052.09,0.91
nielsen_scanner,2026-02,2026-Q1,Dermatology,SkinRelief Pro,SKINRELIEF PRO LARGE,Retail,Region,Midwest,2169,106292.96,0.91
nielsen_scanner,2026-02,2026-Q1,Dermatology,SkinRelief Pro,SKINRELIEF PRO SMALL,Retail,Region,Midwest,3186,156138.14,0.91
nielsen_scanner,2026-02,2026-Q1,Parasiticides,TickShield Plus,TICKSHIELD PLUS LARGE,Retail,Region,Midwest,18467,443206.9,0.91
nielsen_scanner,2026-02,2026-Q1,Parasiticides,TickShield Plus,TICKSHIELD PLUS SMALL,Retail,Region,Midwest,23881,573152.05,0.91
nielsen_scanner,2026-02,2026-Q1,Vaccines,Vanguard,VANGUARD LARGE,Retail,Region,Midwest,2390,52582.35,0.91
nielsen_scanner,2026-02,2026-Q1,Vaccines,Vanguard,VANGUARD SMALL,Retail,Region,Midwest,3223,70911.63,0.91
nielsen_scanner,2026-02,2026-Q1,Parasiticides,VectraGuard,VECTRAGUARD LARGE,Retail,Region,Midwest,22701,590218.07,0.91
nielsen_scanner,2026-02,2026-Q1,Parasiticides,VectraGuard,VECTRAGUARD SMALL,Retail,Region,Midwest,32406,842568.89,0.91
nielsen_scanner,2026-02,2026-Q1,Vaccines,VetGuard Immunize,VETGUARD IMMUNIZE LARGE,Retail,Region,Midwest,2715,51589.47,0.91
nielsen_scanner,2026-02,2026-Q1,Vaccines,VetGuard Immunize,VETGUARD IMMUNIZE SMALL,Retail,Region,Midwest,3744,71134.86,0.91
nielsen_scanner,2026-02,2026-Q1,Vaccines,VetSelect Core Vax,VETSELECT CORE VAX LARGE,Retail,Region,Midwest,9718,136054.06,0.91
nielsen_scanner,2026-02,2026-Q1,Vaccines,VetSelect Core Vax,VETSELECT CORE VAX SMALL,Retail,Region,Midwest,13254,185556.2,0.91
nielsen_scanner,2026-02,2026-Q1,Dermatology,VetSelect Derma,VETSELECT DERMA LARGE,Retail,Region,Midwest,5585,212231.83,0.91
nielsen_scanner,2026-02,2026-Q1,Dermatology,VetSelect Derma,VETSELECT DERMA SMALL,Retail,Region,Midwest,7506,285236.19,0.91
nielsen_scanner,2026-02,2026-Q1,Petcare Diagnostics,VetSelect Dx,VETSELECT DX LARGE,Retail,Region,Midwest,8091,97086.36,0.91
nielsen_scanner,2026-02,2026-Q1,Petcare Diagnostics,VetSelect Dx,VETSELECT DX SMALL,Retail,Region,Midwest,10827,129920.42,0.91
nielsen_scanner,2026-02,2026-Q1,Parasiticides,VetSelect Flea & Tick,VETSELECT FLEA & TICK LARGE,Retail,Region,Midwest,36885,627045.68,0.91
nielsen_scanner,2026-02,2026-Q1,Parasiticides,VetSelect Flea & Tick,VETSELECT FLEA & TICK SMALL,Retail,Region,Midwest,52191,887238.53,0.91
nielsen_scanner,2026-02,2026-Q1,Pain/Osteoarthritis,VetSelect Joint,VETSELECT JOINT LARGE,Retail,Region,Midwest,5926,171851.53,0.91
nielsen_scanner,2026-02,2026-Q1,Pain/Osteoarthritis,VetSelect Joint,VETSELECT JOINT SMALL,Retail,Region,Midwest,8312,241039.13,0.91
nielsen_scanner,2026-02,2026-Q1,Petcare Diagnostics,Vetscan,VETSCAN LARGE,Retail,Region,Midwest,1173,21122.1,0.91
nielsen_scanner,2026-02,2026-Q1,Petcare Diagnostics,Vetscan,VETSCAN SMALL,Retail,Region,Midwest,1589,28599.45,0.91
nielsen_scanner,2026-02,2026-Q1,Dermatology,AllerVet RX,ALLERVET RX LARGE,Retail,Region,Northeast,2597,140244.92,0.91
nielsen_scanner,2026-02,2026-Q1,Dermatology,AllerVet RX,ALLERVET RX SMALL,Retail,Region,Northeast,3648,196997.94,0.91
nielsen_scanner,2026-02,2026-Q1,Dermatology,Apoquel,APOQUEL LARGE,Retail,Region,Northeast,3383,219906.98,0.91
nielsen_scanner,2026-02,2026-Q1,Dermatology,Apoquel,APOQUEL SMALL,Retail,Region,Northeast,4363,283567.82,0.91
nielsen_scanner,2026-02,2026-Q1,Vaccines,BioShield Vax,BIOSHIELD VAX LARGE,Retail,Region,Northeast,3041,60827.85,0.91
nielsen_scanner,2026-02,2026-Q1,Vaccines,BioShield Vax,BIOSHIELD VAX SMALL,Retail,Region,Northeast,4237,84733.58,0.91
nielsen_scanner,2026-02,2026-Q1,Dermatology,DermaCalm,DERMACALM LARGE,Retail,Region,Northeast,2946,170887.82,0.91
nielsen_scanner,2026-02,2026-Q1,Dermatology,DermaCalm,DERMACALM SMALL,Retail,Region,Northeast,4285,248537.02,0.91
nielsen_scanner,2026-02,2026-Q1,Petcare Diagnostics,DiagnosTech Vet,DIAGNOSTECH VET LARGE,Retail,Region,Northeast,2911,49493.29,0.91
nielsen_scanner,2026-02,2026-Q1,Petcare Diagnostics,DiagnosTech Vet,DIAGNOSTECH VET SMALL,Retail,Region,Northeast,4054,68918.14,0.91
nielsen_scanner,2026-02,2026-Q1,Parasiticides,FleaStop Pro,FLEASTOP PRO LARGE,Retail,Region,Northeast,17049,358036.76,0.91
nielsen_scanner,2026-02,2026-Q1,Parasiticides,FleaStop Pro,FLEASTOP PRO SMALL,Retail,Region,Northeast,23605,495714.29,0.91
nielsen_scanner,2026-02,2026-Q1,Pain/Osteoarthritis,FlexiCare Joint,FLEXICARE JOINT LARGE,Retail,Region,Northeast,2078,91423.55,0.91
nielsen_scanner,2026-02,2026-Q1,Pain/Osteoarthritis,FlexiCare Joint,FLEXICARE JOINT SMALL,Retail,Region,Northeast,2860,125822.5,0.91
nielsen_scanner,2026-02,2026-Q1,Vaccines,ImmunoCore Canine,IMMUNOCORE CANINE LARGE,Retail,Region,Northeast,3649,76619.64,0.91
nielsen_scanner,2026-02,2026-Q1,Vaccines,ImmunoCore Canine,IMMUNOCORE CANINE SMALL,Retail,Region,Northeast,4918,103280.79,0.91
nielsen_scanner,2026-02,2026-Q1,Pain/Osteoarthritis,Librela,LIBRELA LARGE,Retail,Region,Northeast,1583,75995.89,0.91
nielsen_scanner,2026-02,2026-Q1,Pain/Osteoarthritis,Librela,LIBRELA SMALL,Retail,Region,Northeast,2127,102095.75,0.91
nielsen_scanner,2026-02,2026-Q1,Pain/Osteoarthritis,OsteoEase Vet,OSTEOEASE VET LARGE,Retail,Region,Northeast,1996,81844.34,0.91
nielsen_scanner,2026-02,2026-Q1,Pain/Osteoarthritis,OsteoEase Vet,OSTEOEASE VET SMALL,Retail,Region,Northeast,2750,112753.25,0.91
nielsen_scanner,2026-02,2026-Q1,Pain/Osteoarthritis,PainAway Canine,PAINAWAY CANINE LARGE,Retail,Region,Northeast,1910,70676.25,0.91
nielsen_scanner,2026-02,2026-Q1,Pain/Osteoarthritis,PainAway Canine,PAINAWAY CANINE SMALL,Retail,Region,Northeast,2764,102260.0,0.91
nielsen_scanner,2026-02,2026-Q1,Petcare Diagnostics,PetLab Analyzer,PETLAB ANALYZER LARGE,Retail,Region,Northeast,1981,29719.22,0.91
nielsen_scanner,2026-02,2026-Q1,Petcare Diagnostics,PetLab Analyzer,PETLAB ANALYZER SMALL,Retail,Region,Northeast,2702,40526.07,0.91
nielsen_scanner,2026-02,2026-Q1,Petcare Diagnostics,RapidVet Dx,RAPIDVET DX LARGE,Retail,Region,Northeast,2671,42743.33,0.91
nielsen_scanner,2026-02,2026-Q1,Petcare Diagnostics,RapidVet Dx,RAPIDVET DX SMALL,Retail,Region,Northeast,3777,60425.24,0.91
nielsen_scanner,2026-02,2026-Q1,Parasiticides,Simparica Trio,SIMPARICA TRIO LARGE,Retail,Region,Northeast,29798,834333.11,0.91
nielsen_scanner,2026-02,2026-Q1,Parasiticides,Simparica Trio,SIMPARICA TRIO SMALL,Retail,Region,Northeast,40738,1140667.8,0.91
nielsen_scanner,2026-02,2026-Q1,Dermatology,SkinRelief Pro,SKINRELIEF PRO LARGE,Retail,Region,Northeast,2515,123240.21,0.91
nielsen_scanner,2026-02,2026-Q1,Dermatology,SkinRelief Pro,SKINRELIEF PRO SMALL,Retail,Region,Northeast,3177,155651.96,0.91
nielsen_scanner,2026-02,2026-Q1,Parasiticides,TickShield Plus,TICKSHIELD PLUS LARGE,Retail,Region,Northeast,20323,487752.91,0.91
nielsen_scanner,2026-02,2026-Q1,Parasiticides,TickShield Plus,TICKSHIELD PLUS SMALL,Retail,Region,Northeast,27813,667504.76,0.91
nielsen_scanner,2026-02,2026-Q1,Vaccines,Vanguard,VANGUARD LARGE,Retail,Region,Northeast,2330,51260.56,0.91
nielsen_scanner,2026-02,2026-Q1,Vaccines,Vanguard,VANGUARD SMALL,Retail,Region,Northeast,3372,74177.63,0.91
nielsen_scanner,2026-02,2026-Q1,Parasiticides,VectraGuard,VECTRAGUARD LARGE,Retail,Region,Northeast,26372,685683.95,0.91
nielsen_scanner,2026-02,2026-Q1,Parasiticides,VectraGuard,VECTRAGUARD SMALL,Retail,Region,Northeast,36311,944086.99,0.91
nielsen_scanner,2026-02,2026-Q1,Vaccines,VetGuard Immunize,VETGUARD IMMUNIZE LARGE,Retail,Region,Northeast,2661,50562.28,0.91
nielsen_scanner,2026-02,2026-Q1,Vaccines,VetGuard Immunize,VETGUARD IMMUNIZE SMALL,Retail,Region,Northeast,3677,69870.89,0.91
nielsen_scanner,2026-02,2026-Q1,Vaccines,VetSelect Core Vax,VETSELECT CORE VAX LARGE,Retail,Region,Northeast,9661,135247.76,0.91
nielsen_scanner,2026-02,2026-Q1,Vaccines,VetSelect Core Vax,VETSELECT CORE VAX SMALL,Retail,Region,Northeast,12961,181456.05,0.91
nielsen_scanner,2026-02,2026-Q1,Dermatology,VetSelect Derma,VETSELECT DERMA LARGE,Retail,Region,Northeast,5693,216339.08,0.91
nielsen_scanner,2026-02,2026-Q1,Dermatology,VetSelect Derma,VETSELECT DERMA SMALL,Retail,Region,Northeast,8059,306226.42,0.91
nielsen_scanner,2026-02,2026-Q1,Petcare Diagnostics,VetSelect Dx,VETSELECT DX LARGE,Retail,Region,Northeast,8116,97387.38,0.91
nielsen_scanner,2026-02,2026-Q1,Petcare Diagnostics,VetSelect Dx,VETSELECT DX SMALL,Retail,Region,Northeast,11230,134759.64,0.91
nielsen_scanner,2026-02,2026-Q1,Parasiticides,VetSelect Flea & Tick,VETSELECT FLEA & TICK LARGE,Retail,Region,Northeast,42930,729803.14,0.91
nielsen_scanner,2026-02,2026-Q1,Parasiticides,VetSelect Flea & Tick,VETSELECT FLEA & TICK SMALL,Retail,Region,Northeast,59094,1004601.45,0.91
nielsen_scanner,2026-02,2026-Q1,Pain/Osteoarthritis,VetSelect Joint,VETSELECT JOINT LARGE,Retail,Region,Northeast,5736,166348.88,0.91
nielsen_scanner,2026-02,2026-Q1,Pain/Osteoarthritis,VetSelect Joint,VETSELECT JOINT SMALL,Retail,Region,Northeast,8375,242870.1,0.91
nielsen_scanner,2026-02,2026-Q1,Petcare Diagnostics,Vetscan,VETSCAN LARGE,Retail,Region,Northeast,1266,22781.28,0.91
nielsen_scanner,2026-02,2026-Q1,Petcare Diagnostics,Vetscan,VETSCAN SMALL,Retail,Region,Northeast,1779,32015.72,0.91
nielsen_scanner,2026-02,2026-Q1,Dermatology,AllerVet RX,ALLERVET RX LARGE,Retail,Region,South,4397,237426.58,0.91
nielsen_scanner,2026-02,2026-Q1,Dermatology,AllerVet RX,ALLERVET RX SMALL,Retail,Region,South,5961,321897.93,0.91
nielsen_scanner,2026-02,2026-Q1,Dermatology,Apoquel,APOQUEL LARGE,Retail,Region,South,5595,363695.88,0.91
nielsen_scanner,2026-02,2026-Q1,Dermatology,Apoquel,APOQUEL SMALL,Retail,Region,South,7692,499963.32,0.91
nielsen_scanner,2026-02,2026-Q1,Vaccines,BioShield Vax,BIOSHIELD VAX LARGE,Retail,Region,South,4591,91816.88,0.91
nielsen_scanner,2026-02,2026-Q1,Vaccines,BioShield Vax,BIOSHIELD VAX SMALL,Retail,Region,South,6132,122633.06,0.91
nielsen_scanner,2026-02,2026-Q1,Dermatology,DermaCalm,DERMACALM LARGE,Retail,Region,South,4678,271303.91,0.91
nielsen_scanner,2026-02,2026-Q1,Dermatology,DermaCalm,DERMACALM SMALL,Retail,Region,South,6503,377146.64,0.91
nielsen_scanner,2026-02,2026-Q1,Petcare Diagnostics,DiagnosTech Vet,DIAGNOSTECH VET LARGE,Retail,Region,South,4659,79210.45,0.91
nielsen_scanner,2026-02,2026-Q1,Petcare Diagnostics,DiagnosTech Vet,DIAGNOSTECH VET SMALL,Retail,Region,South,6940,117978.64,0.91
nielsen_scanner,2026-02,2026-Q1,Parasiticides,FleaStop Pro,FLEASTOP PRO LARGE,Retail,Region,South,26522,556959.29,0.91
nielsen_scanner,2026-02,2026-Q1,Parasiticides,FleaStop Pro,FLEASTOP PRO SMALL,Retail,Region,South,37007,777143.95,0.91
nielsen_scanner,2026-02,2026-Q1,Pain/Osteoarthritis,FlexiCare Joint,FLEXICARE JOINT LARGE,Retail,Region,South,3097,136278.44,0.91
nielsen_scanner,2026-02,2026-Q1,Pain/Osteoarthritis,FlexiCare Joint,FLEXICARE JOINT SMALL,Retail,Region,South,4205,185022.27,0.91
nielsen_scanner,2026-02,2026-Q1,Vaccines,ImmunoCore Canine,IMMUNOCORE CANINE LARGE,Retail,Region,South,5768,121135.57,0.91
nielsen_scanner,2026-02,2026-Q1,Vaccines,ImmunoCore Canine,IMMUNOCORE CANINE SMALL,Retail,Region,South,7838,164603.85,0.91
nielsen_scanner,2026-02,2026-Q1,Pain/Osteoarthritis,Librela,LIBRELA LARGE,Retail,Region,South,2317,111210.44,0.91
nielsen_scanner,2026-02,2026-Q1,Pain/Osteoarthritis,Librela,LIBRELA SMALL,Retail,Region,South,3252,156072.41,0.91
nielsen_scanner,2026-02,2026-Q1,Pain/Osteoarthritis,OsteoEase Vet,OSTEOEASE VET LARGE,Retail,Region,South,3184,130530.36,0.91
nielsen_scanner,2026-02,2026-Q1,Pain/Osteoarthritis,OsteoEase Vet,OSTEOEASE VET SMALL,Retail,Region,South,4432,181692.88,0.91
nielsen_scanner,2026-02,2026-Q1,Pain/Osteoarthritis,PainAway Canine,PAINAWAY CANINE LARGE,Retail,Region,South,2843,105195.63,0.91
nielsen_scanner,2026-02,2026-Q1,Pain/Osteoarthritis,PainAway Canine,PAINAWAY CANINE SMALL,Retail,Region,South,3914,144806.89,0.91
nielsen_scanner,2026-02,2026-Q1,Petcare Diagnostics,PetLab Analyzer,PETLAB ANALYZER LARGE,Retail,Region,South,2851,42770.9,0.91
nielsen_scanner,2026-02,2026-Q1,Petcare Diagnostics,PetLab Analyzer,PETLAB ANALYZER SMALL,Retail,Region,South,3910,58654.04,0.91
nielsen_scanner,2026-02,2026-Q1,Petcare Diagnostics,RapidVet Dx,RAPIDVET DX LARGE,Retail,Region,South,4526,72411.42,0.91
nielsen_scanner,2026-02,2026-Q1,Parasiticides,Simparica Trio,SIMPARICA TRIO LARGE,Retail,Region,South,43866,1228234.63,0.91
nielsen_scanner,2026-02,2026-Q1,Parasiticides,Simparica Trio,SIMPARICA TRIO SMALL,Retail,Region,South,64267,1799463.78,0.91
nielsen_scanner,2026-02,2026-Q1,Dermatology,SkinRelief Pro,SKINRELIEF PRO LARGE,Retail,Region,South,3510,171992.06,0.91
nielsen_scanner,2026-02,2026-Q1,Dermatology,SkinRelief Pro,SKINRELIEF PRO SMALL,Retail,Region,South,5188,254207.85,0.91
nielsen_scanner,2026-02,2026-Q1,Parasiticides,TickShield Plus,TICKSHIELD PLUS LARGE,Retail,Region,South,30509,732222.06,0.91
nielsen_scanner,2026-02,2026-Q1,Parasiticides,TickShield Plus,TICKSHIELD PLUS SMALL,Retail,Region,South,40050,961211.23,0.91
nielsen_scanner,2026-02,2026-Q1,Vaccines,Vanguard,VANGUARD LARGE,Retail,Region,South,3628,79805.78,0.91
nielsen_scanner,2026-02,2026-Q1,Vaccines,Vanguard,VANGUARD SMALL,Retail,Region,South,4993,109844.38,0.91
nielsen_scanner,2026-02,2026-Q1,Parasiticides,VectraGuard,VECTRAGUARD LARGE,Retail,Region,South,39267,1020941.42,0.91
nielsen_scanner,2026-02,2026-Q1,Parasiticides,VectraGuard,VECTRAGUARD SMALL,Retail,Region,South,54716,1422609.73,0.91
nielsen_scanner,2026-02,2026-Q1,Vaccines,VetGuard Immunize,VETGUARD IMMUNIZE LARGE,Retail,Region,South,4113,78140.91,0.91
nielsen_scanner,2026-02,2026-Q1,Vaccines,VetGuard Immunize,VETGUARD IMMUNIZE SMALL,Retail,Region,South,5977,113554.43,0.91
nielsen_scanner,2026-02,2026-Q1,Vaccines,VetSelect Core Vax,VETSELECT CORE VAX LARGE,Retail,Region,South,15677,219483.39,0.91
nielsen_scanner,2026-02,2026-Q1,Vaccines,VetSelect Core Vax,VETSELECT CORE VAX SMALL,Retail,Region,South,21825,305551.08,0.91
nielsen_scanner,2026-02,2026-Q1,Dermatology,VetSelect Derma,VETSELECT DERMA LARGE,Retail,Region,South,8642,328398.82,0.91
nielsen_scanner,2026-02,2026-Q1,Dermatology,VetSelect Derma,VETSELECT DERMA SMALL,Retail,Region,South,11897,452067.74,0.91
nielsen_scanner,2026-02,2026-Q1,Petcare Diagnostics,VetSelect Dx,VETSELECT DX LARGE,Retail,Region,South,12440,149275.88,0.91
nielsen_scanner,2026-02,2026-Q1,Petcare Diagnostics,VetSelect Dx,VETSELECT DX SMALL,Retail,Region,South,16965,203580.46,0.91
nielsen_scanner,2026-02,2026-Q1,Parasiticides,VetSelect Flea & Tick,VETSELECT FLEA & TICK LARGE,Retail,Region,South,64885,1103051.77,0.91
nielsen_scanner,2026-02,2026-Q1,Parasiticides,VetSelect Flea & Tick,VETSELECT FLEA & TICK SMALL,Retail,Region,South,91936,1562919.67,0.91
nielsen_scanner,2026-02,2026-Q1,Pain/Osteoarthritis,VetSelect Joint,VETSELECT JOINT LARGE,Retail,Region,South,9001,261027.95,0.91
nielsen_scanner,2026-02,2026-Q1,Pain/Osteoarthritis,VetSelect Joint,VETSELECT JOINT SMALL,Retail,Region,South,11927,345881.44,0.91
nielsen_scanner,2026-02,2026-Q1,Petcare Diagnostics,Vetscan,VETSCAN LARGE,Retail,Region,South,1958,35236.34,0.91
nielsen_scanner,2026-02,2026-Q1,Petcare Diagnostics,Vetscan,VETSCAN SMALL,Retail,Region,South,2621,47186.65,0.91
nielsen_scanner,2026-02,2026-Q1,Dermatology,AllerVet RX,ALLERVET RX LARGE,Retail,Region,West,2866,154757.95,0.91
nielsen_scanner,2026-02,2026-Q1,Dermatology,AllerVet RX,ALLERVET RX SMALL,Retail,Region,West,4065,219521.59,0.91
nielsen_scanner,2026-02,2026-Q1,Dermatology,Apoquel,APOQUEL LARGE,Retail,Region,West,3768,244924.74,0.91
nielsen_scanner,2026-02,2026-Q1,Dermatology,Apoquel,APOQUEL SMALL,Retail,Region,West,4961,322435.1,0.91
nielsen_scanner,2026-02,2026-Q1,Vaccines,BioShield Vax,BIOSHIELD VAX LARGE,Retail,Region,West,3274,65472.32,0.91
nielsen_scanner,2026-02,2026-Q1,Vaccines,BioShield Vax,BIOSHIELD VAX SMALL,Retail,Region,West,4781,95612.17,0.91
nielsen_scanner,2026-02,2026-Q1,Dermatology,DermaCalm,DERMACALM LARGE,Retail,Region,West,3239,187866.14,0.91
nielsen_scanner,2026-02,2026-Q1,Dermatology,DermaCalm,DERMACALM SMALL,Retail,Region,West,4396,254992.46,0.91
nielsen_scanner,2026-02,2026-Q1,Petcare Diagnostics,DiagnosTech Vet,DIAGNOSTECH VET LARGE,Retail,Region,West,3141,53404.7,0.91
nielsen_scanner,2026-02,2026-Q1,Petcare Diagnostics,DiagnosTech Vet,DIAGNOSTECH VET SMALL,Retail,Region,West,4429,75285.1,0.91
nielsen_scanner,2026-02,2026-Q1,Parasiticides,FleaStop Pro,FLEASTOP PRO LARGE,Retail,Region,West,17909,376088.1,0.91
nielsen_scanner,2026-02,2026-Q1,Parasiticides,FleaStop Pro,FLEASTOP PRO SMALL,Retail,Region,West,24879,522452.16,0.91
nielsen_scanner,2026-02,2026-Q1,Pain/Osteoarthritis,FlexiCare Joint,FLEXICARE JOINT LARGE,Retail,Region,West,2216,97507.77,0.91
nielsen_scanner,2026-02,2026-Q1,Pain/Osteoarthritis,FlexiCare Joint,FLEXICARE JOINT SMALL,Retail,Region,West,3054,134397.48,0.91
nielsen_scanner,2026-02,2026-Q1,Vaccines,ImmunoCore Canine,IMMUNOCORE CANINE LARGE,Retail,Region,West,3750,78748.17,0.91
nielsen_scanner,2026-02,2026-Q1,Vaccines,ImmunoCore Canine,IMMUNOCORE CANINE SMALL,Retail,Region,West,5341,112155.64,0.91
nielsen_scanner,2026-02,2026-Q1,Pain/Osteoarthritis,Librela,LIBRELA LARGE,Retail,Region,West,1534,73650.91,0.91
nielsen_scanner,2026-02,2026-Q1,Pain/Osteoarthritis,Librela,LIBRELA SMALL,Retail,Region,West,2190,105111.13,0.91
nielsen_scanner,2026-02,2026-Q1,Pain/Osteoarthritis,OsteoEase Vet,OSTEOEASE VET LARGE,Retail,Region,West,1947,79823.42,0.91
nielsen_scanner,2026-02,2026-Q1,Pain/Osteoarthritis,OsteoEase Vet,OSTEOEASE VET SMALL,Retail,Region,West,2800,114787.34,0.91
nielsen_scanner,2026-02,2026-Q1,Pain/Osteoarthritis,PainAway Canine,PAINAWAY CANINE LARGE,Retail,Region,West,1801,66645.14,0.91
nielsen_scanner,2026-02,2026-Q1,Pain/Osteoarthritis,PainAway Canine,PAINAWAY CANINE SMALL,Retail,Region,West,2459,90992.51,0.91
nielsen_scanner,2026-02,2026-Q1,Petcare Diagnostics,PetLab Analyzer,PETLAB ANALYZER LARGE,Retail,Region,West,1880,28201.8,0.91
nielsen_scanner,2026-02,2026-Q1,Petcare Diagnostics,PetLab Analyzer,PETLAB ANALYZER SMALL,Retail,Region,West,2687,40298.08,0.91
nielsen_scanner,2026-02,2026-Q1,Petcare Diagnostics,RapidVet Dx,RAPIDVET DX LARGE,Retail,Region,West,2752,44037.37,0.91
nielsen_scanner,2026-02,2026-Q1,Petcare Diagnostics,RapidVet Dx,RAPIDVET DX SMALL,Retail,Region,West,3830,61285.2,0.91
nielsen_scanner,2026-02,2026-Q1,Parasiticides,Simparica Trio,SIMPARICA TRIO LARGE,Retail,Region,West,29512,826333.63,0.91
nielsen_scanner,2026-02,2026-Q1,Parasiticides,Simparica Trio,SIMPARICA TRIO SMALL,Retail,Region,West,41546,1163288.15,0.91
nielsen_scanner,2026-02,2026-Q1,Dermatology,SkinRelief Pro,SKINRELIEF PRO LARGE,Retail,Region,West,2650,129832.35,0.91
nielsen_scanner,2026-02,2026-Q1,Dermatology,SkinRelief Pro,SKINRELIEF PRO SMALL,Retail,Region,West,3579,175359.82,0.91
nielsen_scanner,2026-02,2026-Q1,Parasiticides,TickShield Plus,TICKSHIELD PLUS LARGE,Retail,Region,West,19281,462744.45,0.91
nielsen_scanner,2026-02,2026-Q1,Parasiticides,TickShield Plus,TICKSHIELD PLUS SMALL,Retail,Region,West,29058,697401.46,0.91
nielsen_scanner,2026-02,2026-Q1,Vaccines,Vanguard,VANGUARD LARGE,Retail,Region,West,2464,54210.44,0.91
nielsen_scanner,2026-02,2026-Q1,Vaccines,Vanguard,VANGUARD SMALL,Retail,Region,West,3533,77715.17,0.91
nielsen_scanner,2026-02,2026-Q1,Parasiticides,VectraGuard,VECTRAGUARD LARGE,Retail,Region,West,24784,644396.8,0.91
nielsen_scanner,2026-02,2026-Q1,Parasiticides,VectraGuard,VECTRAGUARD SMALL,Retail,Region,West,35178,914622.83,0.91
nielsen_scanner,2026-02,2026-Q1,Vaccines,VetGuard Immunize,VETGUARD IMMUNIZE LARGE,Retail,Region,West,2955,56154.31,0.91
nielsen_scanner,2026-02,2026-Q1,Vaccines,VetGuard Immunize,VETGUARD IMMUNIZE SMALL,Retail,Region,West,4093,77758.87,0.91
nielsen_scanner,2026-02,2026-Q1,Vaccines,VetSelect Core Vax,VETSELECT CORE VAX LARGE,Retail,Region,West,10383,145365.43,0.91
nielsen_scanner,2026-02,2026-Q1,Vaccines,VetSelect Core Vax,VETSELECT CORE VAX SMALL,Retail,Region,West,14512,203171.82,0.91
nielsen_scanner,2026-02,2026-Q1,Dermatology,VetSelect Derma,VETSELECT DERMA LARGE,Retail,Region,West,5847,222168.9,0.91
nielsen_scanner,2026-02,2026-Q1,Dermatology,VetSelect Derma,VETSELECT DERMA SMALL,Retail,Region,West,8208,311898.21,0.91
nielsen_scanner,2026-02,2026-Q1,Petcare Diagnostics,VetSelect Dx,VETSELECT DX LARGE,Retail,Region,West,8259,99113.55,0.91
nielsen_scanner,2026-02,2026-Q1,Petcare Diagnostics,VetSelect Dx,VETSELECT DX SMALL,Retail,Region,West,11039,132467.3,0.91
nielsen_scanner,2026-02,2026-Q1,Parasiticides,VetSelect Flea & Tick,VETSELECT FLEA & TICK LARGE,Retail,Region,West,40831,694118.88,0.91
nielsen_scanner,2026-02,2026-Q1,Parasiticides,VetSelect Flea & Tick,VETSELECT FLEA & TICK SMALL,Retail,Region,West,60726,1032345.66,0.91
nielsen_scanner,2026-02,2026-Q1,Pain/Osteoarthritis,VetSelect Joint,VETSELECT JOINT LARGE,Retail,Region,West,6519,189046.86,0.91
nielsen_scanner,2026-02,2026-Q1,Pain/Osteoarthritis,VetSelect Joint,VETSELECT JOINT SMALL,Retail,Region,West,8857,256839.03,0.91
nielsen_scanner,2026-02,2026-Q1,Petcare Diagnostics,Vetscan,VETSCAN LARGE,Retail,Region,West,1322,23787.47,0.91
nielsen_scanner,2026-02,2026-Q1,Petcare Diagnostics,Vetscan,VETSCAN SMALL,Retail,Region,West,1763,31729.81,0.91
nielsen_scanner,2026-03,2026-Q1,Dermatology,AllerVet RX,ALLERVET RX LARGE,Retail,National,National,13064,705457.94,0.91
nielsen_scanner,2026-03,2026-Q1,Dermatology,AllerVet RX,ALLERVET RX SMALL,Retail,National,National,18541,1001221.56,0.91
nielsen_scanner,2026-03,2026-Q1,Dermatology,Apoquel,APOQUEL LARGE,Retail,National,National,16984,1103972.07,0.91
nielsen_scanner,2026-03,2026-Q1,Dermatology,Apoquel,APOQUEL SMALL,Retail,National,National,23493,1527039.0,0.91
nielsen_scanner,2026-03,2026-Q1,Vaccines,BioShield Vax,BIOSHIELD VAX LARGE,Retail,National,National,15291,305824.87,0.91
nielsen_scanner,2026-03,2026-Q1,Vaccines,BioShield Vax,BIOSHIELD VAX SMALL,Retail,National,National,20803,416063.42,0.91
nielsen_scanner,2026-03,2026-Q1,Dermatology,DermaCalm,DERMACALM LARGE,Retail,National,National,14972,868416.07,0.91
nielsen_scanner,2026-03,2026-Q1,Dermatology,DermaCalm,DERMACALM SMALL,Retail,National,National,20438,1185427.1,0.91
nielsen_scanner,2026-03,2026-Q1,Petcare Diagnostics,DiagnosTech Vet,DIAGNOSTECH VET LARGE,Retail,National,National,13666,232304.22,0.91
nielsen_scanner,2026-03,2026-Q1,Petcare Diagnostics,DiagnosTech Vet,DIAGNOSTECH VET SMALL,Retail,National,National,19174,325958.14,0.91
nielsen_scanner,2026-03,2026-Q1,Parasiticides,FleaStop Pro,FLEASTOP PRO LARGE,Retail,National,National,100346,2107277.06,0.91
nielsen_scanner,2026-03,2026-Q1,Parasiticides,FleaStop Pro,FLEASTOP PRO SMALL,Retail,National,National,140825,2957323.7,0.91
nielsen_scanner,2026-03,2026-Q1,Pain/Osteoarthritis,FlexiCare Joint,FLEXICARE JOINT LARGE,Retail,National,National,9524,419056.88,0.91
nielsen_scanner,2026-03,2026-Q1,Pain/Osteoarthritis,FlexiCare Joint,FLEXICARE JOINT SMALL,Retail,National,National,13594,598095.18,0.91
nielsen_scanner,2026-03,2026-Q1,Vaccines,ImmunoCore Canine,IMMUNOCORE CANINE LARGE,Retail,National,National,16593,348448.97,0.91
nielsen_scanner,2026-03,2026-Q1,Vaccines,ImmunoCore Canine,IMMUNOCORE CANINE SMALL,Retail,National,National,23625,496107.18,0.91
nielsen_scanner,2026-03,2026-Q1,Pain/Osteoarthritis,Librela,LIBRELA LARGE,Retail,National,National,6957,333983.8,0.91
nielsen_scanner,2026-03,2026-Q1,Pain/Osteoarthritis,Librela,LIBRELA SMALL,Retail,National,National,9527,457320.4,0.91
nielsen_scanner,2026-03,2026-Q1,Pain/Osteoarthritis,OsteoEase Vet,OSTEOEASE VET LARGE,Retail,National,National,8917,365558.18,0.91
nielsen_scanner,2026-03,2026-Q1,Pain/Osteoarthritis,OsteoEase Vet,OSTEOEASE VET SMALL,Retail,National,National,12289,503899.09,0.91
nielsen_scanner,2026-03,2026-Q1,Pain/Osteoarthritis,PainAway Canine,PAINAWAY CANINE LARGE,Retail,National,National,8182,302753.58,0.91
nielsen_scanner,2026-03,2026-Q1,Pain/Osteoarthritis,PainAway Canine,PAINAWAY CANINE SMALL,Retail,National,National,11212,414853.1,0.91
nielsen_scanner,2026-03,2026-Q1,Petcare Diagnostics,PetLab Analyzer,PETLAB ANALYZER LARGE,Retail,National,National,7779,116672.93,0.91
nielsen_scanner,2026-03,2026-Q1,Petcare Diagnostics,PetLab Analyzer,PETLAB ANALYZER SMALL,Retail,National,National,11003,165040.35,0.91
nielsen_scanner,2026-03,2026-Q1,Petcare Diagnostics,RapidVet Dx,RAPIDVET DX LARGE,Retail,National,National,12630,202081.0,0.91
nielsen_scanner,2026-03,2026-Q1,Petcare Diagnostics,RapidVet Dx,RAPIDVET DX SMALL,Retail,National,National,17208,275318.76,0.91
nielsen_scanner,2026-03,2026-Q1,Parasiticides,Simparica Trio,SIMPARICA TRIO LARGE,Retail,National,National,165343,4629599.48,0.91
nielsen_scanner,2026-03,2026-Q1,Parasiticides,Simparica Trio,SIMPARICA TRIO SMALL,Retail,National,National,225444,6312439.15,0.91
nielsen_scanner,2026-03,2026-Q1,Dermatology,SkinRelief Pro,SKINRELIEF PRO LARGE,Retail,National,National,11528,564877.11,0.91
nielsen_scanner,2026-03,2026-Q1,Dermatology,SkinRelief Pro,SKINRELIEF PRO SMALL,Retail,National,National,15886,778431.45,0.91
nielsen_scanner,2026-03,2026-Q1,Parasiticides,TickShield Plus,TICKSHIELD PLUS LARGE,Retail,National,National,112281,2694736.44,0.91
nielsen_scanner,2026-03,2026-Q1,Parasiticides,TickShield Plus,TICKSHIELD PLUS SMALL,Retail,National,National,152206,3652959.79,0.91
nielsen_scanner,2026-03,2026-Q1,Vaccines,Vanguard,VANGUARD LARGE,Retail,National,National,11064,243392.6,0.91
nielsen_scanner,2026-03,2026-Q1,Vaccines,Vanguard,VANGUARD SMALL,Retail,National,National,15122,332676.4,0.91
nielsen_scanner,2026-03,2026-Q1,Parasiticides,VectraGuard,VECTRAGUARD LARGE,Retail,National,National,130322,3388352.78,0.91
nielsen_scanner,2026-03,2026-Q1,Parasiticides,VectraGuard,VECTRAGUARD SMALL,Retail,National,National,183556,4772461.58,0.91
nielsen_scanner,2026-03,2026-Q1,Vaccines,VetGuard Immunize,VETGUARD IMMUNIZE LARGE,Retail,National,National,13344,253550.56,0.91
nielsen_scanner,2026-03,2026-Q1,Vaccines,VetGuard Immunize,VETGUARD IMMUNIZE SMALL,Retail,National,National,18845,358059.89,0.91
nielsen_scanner,2026-03,2026-Q1,Vaccines,VetSelect Core Vax,VETSELECT CORE VAX LARGE,Retail,National,National,50593,708307.84,0.91
nielsen_scanner,2026-03,2026-Q1,Vaccines,VetSelect Core Vax,VETSELECT CORE VAX SMALL,Retail,National,National,67872,950203.39,0.91
nielsen_scanner,2026-03,2026-Q1,Dermatology,VetSelect Derma,VETSELECT DERMA LARGE,Retail,National,National,27205,1033766.69,0.91
nielsen_scanner,2026-03,2026-Q1,Dermatology,VetSelect Derma,VETSELECT DERMA SMALL,Retail,National,National,38272,1454365.29,0.91
nielsen_scanner,2026-03,2026-Q1,Petcare Diagnostics,VetSelect Dx,VETSELECT DX LARGE,Retail,National,National,36936,443229.21,0.91
nielsen_scanner,2026-03,2026-Q1,Petcare Diagnostics,VetSelect Dx,VETSELECT DX SMALL,Retail,National,National,51935,623219.0,0.91
nielsen_scanner,2026-03,2026-Q1,Parasiticides,VetSelect Flea & Tick,VETSELECT FLEA & TICK LARGE,Retail,National,National,228264,3880492.84,0.91
nielsen_scanner,2026-03,2026-Q1,Parasiticides,VetSelect Flea & Tick,VETSELECT FLEA & TICK SMALL,Retail,National,National,313724,5333306.52,0.91
nielsen_scanner,2026-03,2026-Q1,Pain/Osteoarthritis,VetSelect Joint,VETSELECT JOINT LARGE,Retail,National,National,27831,807083.51,0.91
nielsen_scanner,2026-03,2026-Q1,Pain/Osteoarthritis,VetSelect Joint,VETSELECT JOINT SMALL,Retail,National,National,38151,1106368.43,0.91
nielsen_scanner,2026-03,2026-Q1,Petcare Diagnostics,Vetscan,VETSCAN LARGE,Retail,National,National,5612,101009.79,0.91
nielsen_scanner,2026-03,2026-Q1,Petcare Diagnostics,Vetscan,VETSCAN SMALL,Retail,National,National,7614,137054.63,0.91
nielsen_scanner,2026-03,2026-Q1,Dermatology,AllerVet RX,ALLERVET RX LARGE,Retail,Region,Midwest,2679,144680.58,0.91
nielsen_scanner,2026-03,2026-Q1,Dermatology,AllerVet RX,ALLERVET RX SMALL,Retail,Region,Midwest,3793,204847.44,0.91
nielsen_scanner,2026-03,2026-Q1,Dermatology,Apoquel,APOQUEL LARGE,Retail,Region,Midwest,3414,221920.59,0.91
nielsen_scanner,2026-03,2026-Q1,Dermatology,Apoquel,APOQUEL SMALL,Retail,Region,Midwest,4723,306978.94,0.91
nielsen_scanner,2026-03,2026-Q1,Vaccines,BioShield Vax,BIOSHIELD VAX LARGE,Retail,Region,Midwest,3433,68663.28,0.91
nielsen_scanner,2026-03,2026-Q1,Vaccines,BioShield Vax,BIOSHIELD VAX SMALL,Retail,Region,Midwest,4525,90501.1,0.91
nielsen_scanner,2026-03,2026-Q1,Dermatology,DermaCalm,DERMACALM LARGE,Retail,Region,Midwest,3044,176555.23,0.91
nielsen_scanner,2026-03,2026-Q1,Dermatology,DermaCalm,DERMACALM SMALL,Retail,Region,Midwest,4204,243841.2,0.91
nielsen_scanner,2026-03,2026-Q1,Petcare Diagnostics,DiagnosTech Vet,DIAGNOSTECH VET LARGE,Retail,Region,Midwest,2899,49278.23,0.91
nielsen_scanner,2026-03,2026-Q1,Petcare Diagnostics,DiagnosTech Vet,DIAGNOSTECH VET SMALL,Retail,Region,Midwest,4183,71103.53,0.91
nielsen_scanner,2026-03,2026-Q1,Parasiticides,FleaStop Pro,FLEASTOP PRO LARGE,Retail,Region,Midwest,20707,434851.24,0.91
nielsen_scanner,2026-03,2026-Q1,Parasiticides,FleaStop Pro,FLEASTOP PRO SMALL,Retail,Region,Midwest,29346,616263.67,0.91
nielsen_scanner,2026-03,2026-Q1,Pain/Osteoarthritis,FlexiCare Joint,FLEXICARE JOINT LARGE,Retail,Region,Midwest,1913,84153.87,0.91
nielsen_scanner,2026-03,2026-Q1,Pain/Osteoarthritis,FlexiCare Joint,FLEXICARE JOINT SMALL,Retail,Region,Midwest,2798,123106.84,0.91
nielsen_scanner,2026-03,2026-Q1,Vaccines,ImmunoCore Canine,IMMUNOCORE CANINE LARGE,Retail,Region,Midwest,3712,77948.05,0.91
nielsen_scanner,2026-03,2026-Q1,Vaccines,ImmunoCore Canine,IMMUNOCORE CANINE SMALL,Retail,Region,Midwest,5299,111268.91,0.91
nielsen_scanner,2026-03,2026-Q1,Pain/Osteoarthritis,Librela,LIBRELA LARGE,Retail,Region,Midwest,1552,74494.71,0.91
nielsen_scanner,2026-03,2026-Q1,Pain/Osteoarthritis,Librela,LIBRELA SMALL,Retail,Region,Midwest,2105,101017.24,0.91
nielsen_scanner,2026-03,2026-Q1,Pain/Osteoarthritis,OsteoEase Vet,OSTEOEASE VET LARGE,Retail,Region,Midwest,2016,82644.22,0.91
nielsen_scanner,2026-03,2026-Q1,Pain/Osteoarthritis,OsteoEase Vet,OSTEOEASE VET SMALL,Retail,Region,Midwest,2629,107801.8,0.91
nielsen_scanner,2026-03,2026-Q1,Pain/Osteoarthritis,PainAway Canine,PAINAWAY CANINE LARGE,Retail,Region,Midwest,1756,64974.55,0.91
nielsen_scanner,2026-03,2026-Q1,Pain/Osteoarthritis,PainAway Canine,PAINAWAY CANINE SMALL,Retail,Region,Midwest,2388,88372.44,0.91
nielsen_scanner,2026-03,2026-Q1,Petcare Diagnostics,PetLab Analyzer,PETLAB ANALYZER LARGE,Retail,Region,Midwest,1754,26303.24,0.91
nielsen_scanner,2026-03,2026-Q1,Petcare Diagnostics,PetLab Analyzer,PETLAB ANALYZER SMALL,Retail,Region,Midwest,2287,34304.67,0.91
nielsen_scanner,2026-03,2026-Q1,Petcare Diagnostics,RapidVet Dx,RAPIDVET DX LARGE,Retail,Region,Midwest,2617,41873.51,0.91
nielsen_scanner,2026-03,2026-Q1,Petcare Diagnostics,RapidVet Dx,RAPIDVET DX SMALL,Retail,Region,Midwest,3521,56329.84,0.91
nielsen_scanner,2026-03,2026-Q1,Parasiticides,Simparica Trio,SIMPARICA TRIO LARGE,Retail,Region,Midwest,33799,946368.6,0.91
nielsen_scanner,2026-03,2026-Q1,Parasiticides,Simparica Trio,SIMPARICA TRIO SMALL,Retail,Region,Midwest,46827,1311161.92,0.91
nielsen_scanner,2026-03,2026-Q1,Dermatology,SkinRelief Pro,SKINRELIEF PRO LARGE,Retail,Region,Midwest,2469,120971.21,0.91
nielsen_scanner,2026-03,2026-Q1,Dermatology,SkinRelief Pro,SKINRELIEF PRO SMALL,Retail,Region,Midwest,3465,169771.46,0.91
nielsen_scanner,2026-03,2026-Q1,Parasiticides,TickShield Plus,TICKSHIELD PLUS LARGE,Retail,Region,Midwest,22247,533918.32,0.91
nielsen_scanner,2026-03,2026-Q1,Parasiticides,TickShield Plus,TICKSHIELD PLUS SMALL,Retail,Region,Midwest,31810,763448.23,0.91
nielsen_scanner,2026-03,2026-Q1,Vaccines,Vanguard,VANGUARD LARGE,Retail,Region,Midwest,2328,51207.76,0.91
nielsen_scanner,2026-03,2026-Q1,Vaccines,Vanguard,VANGUARD SMALL,Retail,Region,Midwest,3199,70377.84,0.91
nielsen_scanner,2026-03,2026-Q1,Parasiticides,VectraGuard,VECTRAGUARD LARGE,Retail,Region,Midwest,26988,701678.36,0.91
nielsen_scanner,2026-03,2026-Q1,Parasiticides,VectraGuard,VECTRAGUARD SMALL,Retail,Region,Midwest,37571,976847.43,0.91
nielsen_scanner,2026-03,2026-Q1,Vaccines,VetGuard Immunize,VETGUARD IMMUNIZE LARGE,Retail,Region,Midwest,2922,55515.63,0.91
nielsen_scanner,2026-03,2026-Q1,Vaccines,VetGuard Immunize,VETGUARD IMMUNIZE SMALL,Retail,Region,Midwest,3945,74959.81,0.91
nielsen_scanner,2026-03,2026-Q1,Vaccines,VetSelect Core Vax,VETSELECT CORE VAX LARGE,Retail,Region,Midwest,10894,152518.98,0.91
nielsen_scanner,2026-03,2026-Q1,Vaccines,VetSelect Core Vax,VETSELECT CORE VAX SMALL,Retail,Region,Midwest,14887,208417.22,0.91
nielsen_scanner,2026-03,2026-Q1,Dermatology,VetSelect Derma,VETSELECT DERMA LARGE,Retail,Region,Midwest,5723,217487.36,0.91
nielsen_scanner,2026-03,2026-Q1,Dermatology,VetSelect Derma,VETSELECT DERMA SMALL,Retail,Region,Midwest,8073,306785.66,0.91
nielsen_scanner,2026-03,2026-Q1,Petcare Diagnostics,VetSelect Dx,VETSELECT DX LARGE,Retail,Region,Midwest,8036,96434.18,0.91
nielsen_scanner,2026-03,2026-Q1,Petcare Diagnostics,VetSelect Dx,VETSELECT DX SMALL,Retail,Region,Midwest,11541,138491.91,0.91
nielsen_scanner,2026-03,2026-Q1,Parasiticides,VetSelect Flea & Tick,VETSELECT FLEA & TICK LARGE,Retail,Region,Midwest,48408,822931.72,0.91
nielsen_scanner,2026-03,2026-Q1,Parasiticides,VetSelect Flea & Tick,VETSELECT FLEA & TICK SMALL,Retail,Region,Midwest,64344,1093843.16,0.91
nielsen_scanner,2026-03,2026-Q1,Pain/Osteoarthritis,VetSelect Joint,VETSELECT JOINT LARGE,Retail,Region,Midwest,5677,164627.16,0.91
nielsen_scanner,2026-03,2026-Q1,Pain/Osteoarthritis,VetSelect Joint,VETSELECT JOINT SMALL,Retail,Region,Midwest,8154,236467.22,0.91
nielsen_scanner,2026-03,2026-Q1,Petcare Diagnostics,Vetscan,VETSCAN LARGE,Retail,Region,Midwest,1097,19746.8,0.91
nielsen_scanner,2026-03,2026-Q1,Petcare Diagnostics,Vetscan,VETSCAN SMALL,Retail,Region,Midwest,1603,28860.17,0.91
nielsen_scanner,2026-03,2026-Q1,Dermatology,AllerVet RX,ALLERVET RX LARGE,Retail,Region,Northeast,2826,152588.43,0.91
nielsen_scanner,2026-03,2026-Q1,Dermatology,AllerVet RX,ALLERVET RX SMALL,Retail,Region,Northeast,3985,215178.97,0.91
nielsen_scanner,2026-03,2026-Q1,Dermatology,Apoquel,APOQUEL LARGE,Retail,Region,Northeast,3631,236004.77,0.91
nielsen_scanner,2026-03,2026-Q1,Dermatology,Apoquel,APOQUEL SMALL,Retail,Region,Northeast,5083,330378.65,0.91
nielsen_scanner,2026-03,2026-Q1,Vaccines,BioShield Vax,BIOSHIELD VAX LARGE,Retail,Region,Northeast,3377,67538.27,0.91
nielsen_scanner,2026-03,2026-Q1,Vaccines,BioShield Vax,BIOSHIELD VAX SMALL,Retail,Region,Northeast,4724,94476.91,0.91
nielsen_scanner,2026-03,2026-Q1,Dermatology,DermaCalm,DERMACALM LARGE,Retail,Region,Northeast,3399,197150.6,0.91
nielsen_scanner,2026-03,2026-Q1,Dermatology,DermaCalm,DERMACALM SMALL,Retail,Region,Northeast,4656,270065.41,0.91
nielsen_scanner,2026-03,2026-Q1,Petcare Diagnostics,DiagnosTech Vet,DIAGNOSTECH VET LARGE,Retail,Region,Northeast,3258,55378.07,0.91
nielsen_scanner,2026-03,2026-Q1,Petcare Diagnostics,DiagnosTech Vet,DIAGNOSTECH VET SMALL,Retail,Region,Northeast,4114,69938.41,0.91
nielsen_scanner,2026-03,2026-Q1,Parasiticides,FleaStop Pro,FLEASTOP PRO LARGE,Retail,Region,Northeast,22833,479496.34,0.91
nielsen_scanner,2026-03,2026-Q1,Parasiticides,FleaStop Pro,FLEASTOP PRO SMALL,Retail,Region,Northeast,30552,641592.73,0.91
nielsen_scanner,2026-03,2026-Q1,Pain/Osteoarthritis,FlexiCare Joint,FLEXICARE JOINT LARGE,Retail,Region,Northeast,2194,96553.98,0.91
nielsen_scanner,2026-03,2026-Q1,Pain/Osteoarthritis,FlexiCare Joint,FLEXICARE JOINT SMALL,Retail,Region,Northeast,3057,134496.44,0.91
nielsen_scanner,2026-03,2026-Q1,Vaccines,ImmunoCore Canine,IMMUNOCORE CANINE LARGE,Retail,Region,Northeast,3479,73057.98,0.91
nielsen_scanner,2026-03,2026-Q1,Vaccines,ImmunoCore Canine,IMMUNOCORE CANINE SMALL,Retail,Region,Northeast,4972,104406.17,0.91
nielsen_scanner,2026-03,2026-Q1,Pain/Osteoarthritis,Librela,LIBRELA LARGE,Retail,Region,Northeast,1566,75179.38,0.91
nielsen_scanner,2026-03,2026-Q1,Pain/Osteoarthritis,Librela,LIBRELA SMALL,Retail,Region,Northeast,2025,97215.44,0.91
nielsen_scanner,2026-03,2026-Q1,Pain/Osteoarthritis,OsteoEase Vet,OSTEOEASE VET LARGE,Retail,Region,Northeast,1985,81364.6,0.91
nielsen_scanner,2026-03,2026-Q1,Pain/Osteoarthritis,OsteoEase Vet,OSTEOEASE VET SMALL,Retail,Region,Northeast,2944,120722.75,0.91
nielsen_scanner,2026-03,2026-Q1,Pain/Osteoarthritis,PainAway Canine,PAINAWAY CANINE LARGE,Retail,Region,Northeast,1734,64173.04,0.91
nielsen_scanner,2026-03,2026-Q1,Pain/Osteoarthritis,PainAway Canine,PAINAWAY CANINE SMALL,Retail,Region,Northeast,2474,91524.17,0.91
nielsen_scanner,2026-03,2026-Q1,Petcare Diagnostics,PetLab Analyzer,PETLAB ANALYZER LARGE,Retail,Region,Northeast,1782,26723.32,0.91
nielsen_scanner,2026-03,2026-Q1,Petcare Diagnostics,PetLab Analyzer,PETLAB ANALYZER SMALL,Retail,Region,Northeast,2341,35111.57,0.91
nielsen_scanner,2026-03,2026-Q1,Petcare Diagnostics,RapidVet Dx,RAPIDVET DX LARGE,Retail,Region,Northeast,2858,45728.86,0.91
nielsen_scanner,2026-03,2026-Q1,Petcare Diagnostics,RapidVet Dx,RAPIDVET DX SMALL,Retail,Region,Northeast,3928,62851.7,0.91
nielsen_scanner,2026-03,2026-Q1,Parasiticides,Simparica Trio,SIMPARICA TRIO LARGE,Retail,Region,Northeast,37199,1041563.31,0.91
nielsen_scanner,2026-03,2026-Q1,Parasiticides,Simparica Trio,SIMPARICA TRIO SMALL,Retail,Region,Northeast,48052,1345468.68,0.91
nielsen_scanner,2026-03,2026-Q1,Dermatology,SkinRelief Pro,SKINRELIEF PRO LARGE,Retail,Region,Northeast,2411,118154.18,0.91
nielsen_scanner,2026-03,2026-Q1,Dermatology,SkinRelief Pro,SKINRELIEF PRO SMALL,Retail,Region,Northeast,3494,171222.86,0.91
nielsen_scanner,2026-03,2026-Q1,Parasiticides,TickShield Plus,TICKSHIELD PLUS LARGE,Retail,Region,Northeast,25252,606056.55,0.91
nielsen_scanner,2026-03,2026-Q1,Parasiticides,TickShield Plus,TICKSHIELD PLUS SMALL,Retail,Region,Northeast,33227,797459.0,0.91
nielsen_scanner,2026-03,2026-Q1,Vaccines,Vanguard,VANGUARD LARGE,Retail,Region,Northeast,2428,53408.16,0.91
nielsen_scanner,2026-03,2026-Q1,Vaccines,Vanguard,VANGUARD SMALL,Retail,Region,Northeast,3210,70610.89,0.91
nielsen_scanner,2026-03,2026-Q1,Parasiticides,VectraGuard,VECTRAGUARD LARGE,Retail,Region,Northeast,29985,779606.51,0.91
nielsen_scanner,2026-03,2026-Q1,Parasiticides,VectraGuard,VECTRAGUARD SMALL,Retail,Region,Northeast,40497,1052931.07,0.91
nielsen_scanner,2026-03,2026-Q1,Vaccines,VetGuard Immunize,VETGUARD IMMUNIZE LARGE,Retail,Region,Northeast,2909,55277.14,0.91
nielsen_scanner,2026-03,2026-Q1,Vaccines,VetGuard Immunize,VETGUARD IMMUNIZE SMALL,Retail,Region,Northeast,4087,77646.18,0.91
nielsen_scanner,2026-03,2026-Q1,Vaccines,VetSelect Core Vax,VETSELECT CORE VAX LARGE,Retail,Region,Northeast,11139,155951.5,0.91
nielsen_scanner,2026-03,2026-Q1,Vaccines,VetSelect Core Vax,VETSELECT CORE VAX SMALL,Retail,Region,Northeast,14646,205037.19,0.91
nielsen_scanner,2026-03,2026-Q1,Dermatology,VetSelect Derma,VETSELECT DERMA LARGE,Retail,Region,Northeast,5895,223993.11,0.91
nielsen_scanner,2026-03,2026-Q1,Dermatology,VetSelect Derma,VETSELECT DERMA SMALL,Retail,Region,Northeast,8455,321305.8,0.91
nielsen_scanner,2026-03,2026-Q1,Petcare Diagnostics,VetSelect Dx,VETSELECT DX LARGE,Retail,Region,Northeast,8060,96714.15,0.91
nielsen_scanner,2026-03,2026-Q1,Petcare Diagnostics,VetSelect Dx,VETSELECT DX SMALL,Retail,Region,Northeast,11046,132550.97,0.91
nielsen_scanner,2026-03,2026-Q1,Parasiticides,VetSelect Flea & Tick,VETSELECT FLEA & TICK LARGE,Retail,Region,Northeast,50420,857145.39,0.91
nielsen_scanner,2026-03,2026-Q1,Parasiticides,VetSelect Flea & Tick,VETSELECT FLEA & TICK SMALL,Retail,Region,Northeast,69360,1179118.87,0.91
nielsen_scanner,2026-03,2026-Q1,Pain/Osteoarthritis,VetSelect Joint,VETSELECT JOINT LARGE,Retail,Region,Northeast,6486,188082.27,0.91
nielsen_scanner,2026-03,2026-Q1,Pain/Osteoarthritis,VetSelect Joint,VETSELECT JOINT SMALL,Retail,Region,Northeast,8814,255597.43,0.91
nielsen_scanner,2026-03,2026-Q1,Petcare Diagnostics,Vetscan,VETSCAN LARGE,Retail,Region,Northeast,1393,25069.14,0.91
nielsen_scanner,2026-03,2026-Q1,Petcare Diagnostics,Vetscan,VETSCAN SMALL,Retail,Region,Northeast,1889,33999.31,0.91
nielsen_scanner,2026-03,2026-Q1,Dermatology,AllerVet RX,ALLERVET RX LARGE,Retail,Region,South,4422,238809.7,0.91
nielsen_scanner,2026-03,2026-Q1,Dermatology,AllerVet RX,ALLERVET RX SMALL,Retail,Region,South,6193,334410.72,0.91
nielsen_scanner,2026-03,2026-Q1,Dermatology,Apoquel,APOQUEL LARGE,Retail,Region,South,6018,391168.17,0.91
nielsen_scanner,2026-03,2026-Q1,Dermatology,Apoquel,APOQUEL SMALL,Retail,Region,South,8153,529946.81,0.91
nielsen_scanner,2026-03,2026-Q1,Vaccines,BioShield Vax,BIOSHIELD VAX LARGE,Retail,Region,South,5009,100179.65,0.91
nielsen_scanner,2026-03,2026-Q1,Vaccines,BioShield Vax,BIOSHIELD VAX SMALL,Retail,Region,South,6878,137567.5,0.91
nielsen_scanner,2026-03,2026-Q1,Dermatology,DermaCalm,DERMACALM LARGE,Retail,Region,South,5150,298723.15,0.91
nielsen_scanner,2026-03,2026-Q1,Dermatology,DermaCalm,DERMACALM SMALL,Retail,Region,South,7051,408977.29,0.91
nielsen_scanner,2026-03,2026-Q1,Petcare Diagnostics,DiagnosTech Vet,DIAGNOSTECH VET LARGE,Retail,Region,South,4419,75122.47,0.91
nielsen_scanner,2026-03,2026-Q1,Petcare Diagnostics,DiagnosTech Vet,DIAGNOSTECH VET SMALL,Retail,Region,South,6439,109462.91,0.91
nielsen_scanner,2026-03,2026-Q1,Parasiticides,FleaStop Pro,FLEASTOP PRO LARGE,Retail,Region,South,33359,700539.63,0.91
nielsen_scanner,2026-03,2026-Q1,Parasiticides,FleaStop Pro,FLEASTOP PRO SMALL,Retail,Region,South,48623,1021075.84,0.91
nielsen_scanner,2026-03,2026-Q1,Pain/Osteoarthritis,FlexiCare Joint,FLEXICARE JOINT LARGE,Retail,Region,South,3171,139535.36,0.91
nielsen_scanner,2026-03,2026-Q1,Pain/Osteoarthritis,FlexiCare Joint,FLEXICARE JOINT SMALL,Retail,Region,South,4665,205256.09,0.91
nielsen_scanner,2026-03,2026-Q1,Vaccines,ImmunoCore Canine,IMMUNOCORE CANINE LARGE,Retail,Region,South,5408,113566.59,0.91
nielsen_scanner,2026-03,2026-Q1,Vaccines,ImmunoCore Canine,IMMUNOCORE CANINE SMALL,Retail,Region,South,8145,171040.23,0.91
nielsen_scanner,2026-03,2026-Q1,Pain/Osteoarthritis,Librela,LIBRELA LARGE,Retail,Region,South,2180,104657.95,0.91
nielsen_scanner,2026-03,2026-Q1,Pain/Osteoarthritis,Librela,LIBRELA SMALL,Retail,Region,South,3134,150450.84,0.91
nielsen_scanner,2026-03,2026-Q1,Pain/Osteoarthritis,OsteoEase Vet,OSTEOEASE VET LARGE,Retail,Region,South,2880,118066.84,0.91
nielsen_scanner,2026-03,2026-Q1,Pain/Osteoarthritis,OsteoEase Vet,OSTEOEASE VET SMALL,Retail,Region,South,4093,167818.37,0.91
nielsen_scanner,2026-03,2026-Q1,Pain/Osteoarthritis,PainAway Canine,PAINAWAY CANINE LARGE,Retail,Region,South,2852,105537.57,0.91
nielsen_scanner,2026-03,2026-Q1,Pain/Osteoarthritis,PainAway Canine,PAINAWAY CANINE SMALL,Retail,Region,South,3886,143797.75,0.91
nielsen_scanner,2026-03,2026-Q1,Petcare Diagnostics,PetLab Analyzer,PETLAB ANALYZER LARGE,Retail,Region,South,2527,37900.52,0.91
nielsen_scanner,2026-03,2026-Q1,Petcare Diagnostics,PetLab Analyzer,PETLAB ANALYZER SMALL,Retail,Region,South,3927,58911.17,0.91
nielsen_scanner,2026-03,2026-Q1,Petcare Diagnostics,RapidVet Dx,RAPIDVET DX LARGE,Retail,Region,South,4366,69855.99,0.91
nielsen_scanner,2026-03,2026-Q1,Petcare Diagnostics,RapidVet Dx,RAPIDVET DX SMALL,Retail,Region,South,5728,91647.28,0.91
nielsen_scanner,2026-03,2026-Q1,Parasiticides,Simparica Trio,SIMPARICA TRIO LARGE,Retail,Region,South,55098,1542754.68,0.91
nielsen_scanner,2026-03,2026-Q1,Parasiticides,Simparica Trio,SIMPARICA TRIO SMALL,Retail,Region,South,75864,2124180.02,0.91
nielsen_scanner,2026-03,2026-Q1,Dermatology,SkinRelief Pro,SKINRELIEF PRO LARGE,Retail,Region,South,4034,197666.17,0.91
nielsen_scanner,2026-03,2026-Q1,Dermatology,SkinRelief Pro,SKINRELIEF PRO SMALL,Retail,Region,South,5309,260152.99,0.91
nielsen_scanner,2026-03,2026-Q1,Parasiticides,TickShield Plus,TICKSHIELD PLUS LARGE,Retail,Region,South,37454,898898.92,0.91
nielsen_scanner,2026-03,2026-Q1,Parasiticides,TickShield Plus,TICKSHIELD PLUS SMALL,Retail,Region,South,50889,1221343.14,0.91
nielsen_scanner,2026-03,2026-Q1,Vaccines,Vanguard,VANGUARD LARGE,Retail,Region,South,3750,82498.95,0.91
nielsen_scanner,2026-03,2026-Q1,Vaccines,Vanguard,VANGUARD SMALL,Retail,Region,South,5175,113850.89,0.91
nielsen_scanner,2026-03,2026-Q1,Parasiticides,VectraGuard,VECTRAGUARD LARGE,Retail,Region,South,42833,1113650.82,0.91
nielsen_scanner,2026-03,2026-Q1,Parasiticides,VectraGuard,VECTRAGUARD SMALL,Retail,Region,South,63629,1654350.73,0.91
nielsen_scanner,2026-03,2026-Q1,Vaccines,VetGuard Immunize,VETGUARD IMMUNIZE LARGE,Retail,Region,South,4511,85710.4,0.91
nielsen_scanner,2026-03,2026-Q1,Vaccines,VetGuard Immunize,VETGUARD IMMUNIZE SMALL,Retail,Region,South,6530,124077.96,0.91
nielsen_scanner,2026-03,2026-Q1,Vaccines,VetSelect Core Vax,VETSELECT CORE VAX LARGE,Retail,Region,South,16974,237632.15,0.91
nielsen_scanner,2026-03,2026-Q1,Vaccines,VetSelect Core Vax,VETSELECT CORE VAX SMALL,Retail,Region,South,22325,312548.5,0.91
nielsen_scanner,2026-03,2026-Q1,Dermatology,VetSelect Derma,VETSELECT DERMA LARGE,Retail,Region,South,9222,350417.47,0.91
nielsen_scanner,2026-03,2026-Q1,Dermatology,VetSelect Derma,VETSELECT DERMA SMALL,Retail,Region,South,13239,503093.81,0.91
nielsen_scanner,2026-03,2026-Q1,Petcare Diagnostics,VetSelect Dx,VETSELECT DX LARGE,Retail,Region,South,12575,150896.92,0.91
nielsen_scanner,2026-03,2026-Q1,Petcare Diagnostics,VetSelect Dx,VETSELECT DX SMALL,Retail,Region,South,17356,208274.4,0.91
nielsen_scanner,2026-03,2026-Q1,Parasiticides,VetSelect Flea & Tick,VETSELECT FLEA & TICK LARGE,Retail,Region,South,76167,1294841.41,0.91
nielsen_scanner,2026-03,2026-Q1,Parasiticides,VetSelect Flea & Tick,VETSELECT FLEA & TICK SMALL,Retail,Region,South,104160,1770723.51,0.91
nielsen_scanner,2026-03,2026-Q1,Pain/Osteoarthritis,VetSelect Joint,VETSELECT JOINT LARGE,Retail,Region,South,9353,271236.12,0.91
nielsen_scanner,2026-03,2026-Q1,Pain/Osteoarthritis,VetSelect Joint,VETSELECT JOINT SMALL,Retail,Region,South,12501,362518.15,0.91
nielsen_scanner,2026-03,2026-Q1,Petcare Diagnostics,Vetscan,VETSCAN LARGE,Retail,Region,South,1899,34180.71,0.91
nielsen_scanner,2026-03,2026-Q1,Petcare Diagnostics,Vetscan,VETSCAN SMALL,Retail,Region,South,2486,44753.28,0.91
nielsen_scanner,2026-03,2026-Q1,Dermatology,AllerVet RX,ALLERVET RX LARGE,Retail,Region,West,3137,169379.23,0.91
nielsen_scanner,2026-03,2026-Q1,Dermatology,AllerVet RX,ALLERVET RX SMALL,Retail,Region,West,4570,246784.43,0.91
nielsen_scanner,2026-03,2026-Q1,Dermatology,Apoquel,APOQUEL LARGE,Retail,Region,West,3921,254878.54,0.91
nielsen_scanner,2026-03,2026-Q1,Dermatology,Apoquel,APOQUEL SMALL,Retail,Region,West,5534,359734.6,0.91
nielsen_scanner,2026-03,2026-Q1,Vaccines,BioShield Vax,BIOSHIELD VAX LARGE,Retail,Region,West,3472,69443.67,0.91
nielsen_scanner,2026-03,2026-Q1,Vaccines,BioShield Vax,BIOSHIELD VAX SMALL,Retail,Region,West,4676,93517.91,0.91
nielsen_scanner,2026-03,2026-Q1,Dermatology,DermaCalm,DERMACALM LARGE,Retail,Region,West,3379,195987.09,0.91
nielsen_scanner,2026-03,2026-Q1,Dermatology,DermaCalm,DERMACALM SMALL,Retail,Region,West,4527,262543.2,0.91
nielsen_scanner,2026-03,2026-Q1,Petcare Diagnostics,DiagnosTech Vet,DIAGNOSTECH VET LARGE,Retail,Region,West,3090,52525.45,0.91
nielsen_scanner,2026-03,2026-Q1,Petcare Diagnostics,DiagnosTech Vet,DIAGNOSTECH VET SMALL,Retail,Region,West,4438,75453.29,0.91
nielsen_scanner,2026-03,2026-Q1,Parasiticides,FleaStop Pro,FLEASTOP PRO LARGE,Retail,Region,West,23447,492389.85,0.91
nielsen_scanner,2026-03,2026-Q1,Parasiticides,FleaStop Pro,FLEASTOP PRO SMALL,Retail,Region,West,32304,678391.46,0.91
nielsen_scanner,2026-03,2026-Q1,Pain/Osteoarthritis,FlexiCare Joint,FLEXICARE JOINT LARGE,Retail,Region,West,2246,98813.67,0.91
nielsen_scanner,2026-03,2026-Q1,Pain/Osteoarthritis,FlexiCare Joint,FLEXICARE JOINT SMALL,Retail,Region,West,3074,135235.81,0.91
nielsen_scanner,2026-03,2026-Q1,Vaccines,ImmunoCore Canine,IMMUNOCORE CANINE LARGE,Retail,Region,West,3994,83876.35,0.91
nielsen_scanner,2026-03,2026-Q1,Vaccines,ImmunoCore Canine,IMMUNOCORE CANINE SMALL,Retail,Region,West,5209,109391.87,0.91
nielsen_scanner,2026-03,2026-Q1,Pain/Osteoarthritis,Librela,LIBRELA LARGE,Retail,Region,West,1659,79651.76,0.91
nielsen_scanner,2026-03,2026-Q1,Pain/Osteoarthritis,Librela,LIBRELA SMALL,Retail,Region,West,2263,108636.88,0.91
nielsen_scanner,2026-03,2026-Q1,Pain/Osteoarthritis,OsteoEase Vet,OSTEOEASE VET LARGE,Retail,Region,West,2036,83482.52,0.91
nielsen_scanner,2026-03,2026-Q1,Pain/Osteoarthritis,OsteoEase Vet,OSTEOEASE VET SMALL,Retail,Region,West,2623,107556.17,0.91
nielsen_scanner,2026-03,2026-Q1,Pain/Osteoarthritis,PainAway Canine,PAINAWAY CANINE LARGE,Retail,Region,West,1840,68068.42,0.91
nielsen_scanner,2026-03,2026-Q1,Pain/Osteoarthritis,PainAway Canine,PAINAWAY CANINE SMALL,Retail,Region,West,2464,91158.74,0.91
nielsen_scanner,2026-03,2026-Q1,Petcare Diagnostics,PetLab Analyzer,PETLAB ANALYZER LARGE,Retail,Region,West,1716,25745.85,0.91
nielsen_scanner,2026-03,2026-Q1,Petcare Diagnostics,PetLab Analyzer,PETLAB ANALYZER SMALL,Retail,Region,West,2448,36712.94,0.91
nielsen_scanner,2026-03,2026-Q1,Petcare Diagnostics,RapidVet Dx,RAPIDVET DX LARGE,Retail,Region,West,2789,44622.64,0.91
nielsen_scanner,2026-03,2026-Q1,Petcare Diagnostics,RapidVet Dx,RAPIDVET DX SMALL,Retail,Region,West,4031,64489.94,0.91
nielsen_scanner,2026-03,2026-Q1,Parasiticides,Simparica Trio,SIMPARICA TRIO LARGE,Retail,Region,West,39247,1098912.89,0.91
nielsen_scanner,2026-03,2026-Q1,Parasiticides,Simparica Trio,SIMPARICA TRIO SMALL,Retail,Region,West,54701,1531628.53,0.91
nielsen_scanner,2026-03,2026-Q1,Dermatology,SkinRelief Pro,SKINRELIEF PRO LARGE,Retail,Region,West,2614,128085.55,0.91
nielsen_scanner,2026-03,2026-Q1,Dermatology,SkinRelief Pro,SKINRELIEF PRO SMALL,Retail,Region,West,3618,177284.14,0.91
nielsen_scanner,2026-03,2026-Q1,Parasiticides,TickShield Plus,TICKSHIELD PLUS LARGE,Retail,Region,West,27328,655862.65,0.91
nielsen_scanner,2026-03,2026-Q1,Parasiticides,TickShield Plus,TICKSHIELD PLUS SMALL,Retail,Region,West,36280,870709.42,0.91
nielsen_scanner,2026-03,2026-Q1,Vaccines,Vanguard,VANGUARD LARGE,Retail,Region,West,2558,56277.73,0.91
nielsen_scanner,2026-03,2026-Q1,Vaccines,Vanguard,VANGUARD SMALL,Retail,Region,West,3538,77836.78,0.91
nielsen_scanner,2026-03,2026-Q1,Parasiticides,VectraGuard,VECTRAGUARD LARGE,Retail,Region,West,30516,793417.09,0.91
nielsen_scanner,2026-03,2026-Q1,Parasiticides,VectraGuard,VECTRAGUARD SMALL,Retail,Region,West,41859,1088332.35,0.91
nielsen_scanner,2026-03,2026-Q1,Vaccines,VetGuard Immunize,VETGUARD IMMUNIZE LARGE,Retail,Region,West,3002,57047.39,0.91
nielsen_scanner,2026-03,2026-Q1,Vaccines,VetGuard Immunize,VETGUARD IMMUNIZE SMALL,Retail,Region,West,4283,81375.94,0.91
nielsen_scanner,2026-03,2026-Q1,Vaccines,VetSelect Core Vax,VETSELECT CORE VAX LARGE,Retail,Region,West,11586,162205.21,0.91
nielsen_scanner,2026-03,2026-Q1,Vaccines,VetSelect Core Vax,VETSELECT CORE VAX SMALL,Retail,Region,West,16014,224200.48,0.91
nielsen_scanner,2026-03,2026-Q1,Dermatology,VetSelect Derma,VETSELECT DERMA LARGE,Retail,Region,West,6365,241868.75,0.91
nielsen_scanner,2026-03,2026-Q1,Dermatology,VetSelect Derma,VETSELECT DERMA SMALL,Retail,Region,West,8505,323180.02,0.91
nielsen_scanner,2026-03,2026-Q1,Petcare Diagnostics,VetSelect Dx,VETSELECT DX LARGE,Retail,Region,West,8265,99183.96,0.91
nielsen_scanner,2026-03,2026-Q1,Petcare Diagnostics,VetSelect Dx,VETSELECT DX SMALL,Retail,Region,West,11992,143901.72,0.91
nielsen_scanner,2026-03,2026-Q1,Parasiticides,VetSelect Flea & Tick,VETSELECT FLEA & TICK LARGE,Retail,Region,West,53269,905574.32,0.91
nielsen_scanner,2026-03,2026-Q1,Parasiticides,VetSelect Flea & Tick,VETSELECT FLEA & TICK SMALL,Retail,Region,West,75860,1289620.98,0.91
nielsen_scanner,2026-03,2026-Q1,Pain/Osteoarthritis,VetSelect Joint,VETSELECT JOINT LARGE,Retail,Region,West,6315,183137.96,0.91
nielsen_scanner,2026-03,2026-Q1,Pain/Osteoarthritis,VetSelect Joint,VETSELECT JOINT SMALL,Retail,Region,West,8682,251785.63,0.91
nielsen_scanner,2026-03,2026-Q1,Petcare Diagnostics,Vetscan,VETSCAN LARGE,Retail,Region,West,1223,22013.14,0.91
nielsen_scanner,2026-03,2026-Q1,Petcare Diagnostics,Vetscan,VETSCAN SMALL,Retail,Region,West,1636,29441.87,0.91
