source,month,quarter,category,brand_reported,sku_raw,channel,geo_level,geo,observed_units,observed_sales,coverage
stackline_ecommerce,2024-10,2024-Q4,Dermatology,AllerVet RX,allervet_rx-l,E-commerce,National,National,22018,1188984.35,0.88
stackline_ecommerce,2024-10,2024-Q4,Dermatology,AllerVet RX,allervet_rx-s,E-commerce,National,National,29653,1601273.0,0.88
stackline_ecommerce,2024-10,2024-Q4,Dermatology,Apoquel,apoquel-l,E-commerce,National,National,31545,2050384.96,0.88
stackline_ecommerce,2024-10,2024-Q4,Dermatology,Apoquel,apoquel-s,E-commerce,National,National,45103,2931703.4,0.88
stackline_ecommerce,2024-10,2024-Q4,Vaccines,BioShield Vax,bioshield_vax-l,E-commerce,National,National,24791,495811.91,0.88
stackline_ecommerce,2024-10,2024-Q4,Vaccines,BioShield Vax,bioshield_vax-s,E-commerce,National,National,33822,676444.81,0.88
stackline_ecommerce,2024-10,2024-Q4,Dermatology,DermaCalm,dermacalm-l,E-commerce,National,National,23702,1374713.42,0.88
stackline_ecommerce,2024-10,2024-Q4,Dermatology,DermaCalm,dermacalm-s,E-commerce,National,National,33178,1924329.05,0.88
stackline_ecommerce,2024-10,2024-Q4,Petcare Diagnostics,DiagnosTech Vet,diagnostech_vet-l,E-commerce,National,National,43930,746810.79,0.88
stackline_ecommerce,2024-10,2024-Q4,Petcare Diagnostics,DiagnosTech Vet,diagnostech_vet-s,E-commerce,National,National,61545,1046270.85,0.88
stackline_ecommerce,2024-10,2024-Q4,Parasiticides,FleaStop Pro,fleastop_pro-l,E-commerce,National,National,46954,986043.3,0.88
stackline_ecommerce,2024-10,2024-Q4,Parasiticides,FleaStop Pro,fleastop_pro-s,E-commerce,National,National,66242,1391077.99,0.88
stackline_ecommerce,2024-10,2024-Q4,Pain/Osteoarthritis,FlexiCare Joint,flexicare_joint-l,E-commerce,National,National,15791,694847.23,0.88
stackline_ecommerce,2024-10,2024-Q4,Pain/Osteoarthritis,FlexiCare Joint,flexicare_joint-s,E-commerce,National,National,21920,964452.31,0.88
stackline_ecommerce,2024-10,2024-Q4,Vaccines,ImmunoCore Canine,immunocore_canine-l,E-commerce,National,National,28449,597420.48,0.88
stackline_ecommerce,2024-10,2024-Q4,Vaccines,ImmunoCore Canine,immunocore_canine-s,E-commerce,National,National,39655,832752.85,0.88
stackline_ecommerce,2024-10,2024-Q4,Pain/Osteoarthritis,Librela,librela-l,E-commerce,National,National,14062,675026.79,0.88
stackline_ecommerce,2024-10,2024-Q4,Pain/Osteoarthritis,Librela,librela-s,E-commerce,National,National,19909,955629.69,0.88
stackline_ecommerce,2024-10,2024-Q4,Pain/Osteoarthritis,OsteoEase Vet,osteoease_vet-l,E-commerce,National,National,15130,620381.27,0.88
stackline_ecommerce,2024-10,2024-Q4,Pain/Osteoarthritis,OsteoEase Vet,osteoease_vet-s,E-commerce,National,National,21437,878890.77,0.88
stackline_ecommerce,2024-10,2024-Q4,Pain/Osteoarthritis,PainAway Canine,painaway_canine-l,E-commerce,National,National,13280,491369.69,0.88
stackline_ecommerce,2024-10,2024-Q4,Pain/Osteoarthritis,PainAway Canine,painaway_canine-s,E-commerce,National,National,18223,674243.3,0.88
stackline_ecommerce,2024-10,2024-Q4,Petcare Diagnostics,PetLab Analyzer,petlab_analyzer-l,E-commerce,National,National,25766,386488.38,0.88
stackline_ecommerce,2024-10,2024-Q4,Petcare Diagnostics,PetLab Analyzer,petlab_analyzer-s,E-commerce,National,National,35837,537561.41,0.88
stackline_ecommerce,2024-10,2024-Q4,Petcare Diagnostics,RapidVet Dx,rapidvet_dx-l,E-commerce,National,National,42946,687149.03,0.88
stackline_ecommerce,2024-10,2024-Q4,Petcare Diagnostics,RapidVet Dx,rapidvet_dx-s,E-commerce,National,National,59906,958505.21,0.88
stackline_ecommerce,2024-10,2024-Q4,Parasiticides,Simparica Trio,simparica_trio-l,E-commerce,National,National,73206,2049771.73,0.88
stackline_ecommerce,2024-10,2024-Q4,Parasiticides,Simparica Trio,simparica_trio-s,E-commerce,National,National,100709,2819839.99,0.88
stackline_ecommerce,2024-10,2024-Q4,Dermatology,SkinRelief Pro,skinrelief_pro-l,E-commerce,National,National,19372,949269.42,0.88
stackline_ecommerce,2024-10,2024-Q4,Dermatology,SkinRelief Pro,skinrelief_pro-s,E-commerce,National,National,27268,1336158.6,0.88
stackline_ecommerce,2024-10,2024-Q4,Parasiticides,TickShield Plus,tickshield_plus-l,E-commerce,National,National,54083,1297987.51,0.88
stackline_ecommerce,2024-10,2024-Q4,Parasiticides,TickShield Plus,tickshield_plus-s,E-commerce,National,National,72870,1748883.33,0.88
stackline_ecommerce,2024-10,2024-Q4,Vaccines,Vanguard,vanguard-l,E-commerce,National,National,26533,583716.21,0.88
stackline_ecommerce,2024-10,2024-Q4,Vaccines,Vanguard,vanguard-s,E-commerce,National,National,36799,809579.78,0.88
stackline_ecommerce,2024-10,2024-Q4,Parasiticides,VectraGuard,vectraguard-l,E-commerce,National,National,62732,1631030.64,0.88
stackline_ecommerce,2024-10,2024-Q4,Parasiticides,VectraGuard,vectraguard-s,E-commerce,National,National,85937,2234370.42,0.88
stackline_ecommerce,2024-10,2024-Q4,Vaccines,VetGuard Immunize,vetguard_immunize-l,E-commerce,National,National,21886,415836.45,0.88
stackline_ecommerce,2024-10,2024-Q4,Vaccines,VetGuard Immunize,vetguard_immunize-s,E-commerce,National,National,30141,572665.18,0.88
stackline_ecommerce,2024-10,2024-Q4,Vaccines,VetSelect Core Vax,vetselect_core_vax-l,E-commerce,National,National,25316,354406.35,0.88
stackline_ecommerce,2024-10,2024-Q4,Vaccines,VetSelect Core Vax,vetselect_core_vax-s,E-commerce,National,National,35499,496985.05,0.88
stackline_ecommerce,2024-10,2024-Q4,Dermatology,VetSelect Derma,vetselect_derma-l,E-commerce,National,National,21003,798127.06,0.88
stackline_ecommerce,2024-10,2024-Q4,Dermatology,VetSelect Derma,vetselect_derma-s,E-commerce,National,National,28861,1096761.24,0.88
stackline_ecommerce,2024-10,2024-Q4,Petcare Diagnostics,VetSelect Dx,vetselect_dx-l,E-commerce,National,National,24869,298421.07,0.88
stackline_ecommerce,2024-10,2024-Q4,Petcare Diagnostics,VetSelect Dx,vetselect_dx-s,E-commerce,National,National,34524,414287.24,0.88
stackline_ecommerce,2024-10,2024-Q4,Parasiticides,VetSelect Flea & Tick,vetselect_flea_and_tick-l,E-commerce,National,National,71034,1207571.82,0.88
stackline_ecommerce,2024-10,2024-Q4,Parasiticides,VetSelect Flea & Tick,vetselect_flea_and_tick-s,E-commerce,National,National,99540,1692165.81,0.88
stackline_ecommerce,2024-10,2024-Q4,Pain/Osteoarthritis,VetSelect Joint,vetselect_joint-l,E-commerce,National,National,15328,444546.17,0.88
stackline_ecommerce,2024-10,2024-Q4,Pain/Osteoarthritis,VetSelect Joint,vetselect_joint-s,E-commerce,National,National,21276,616993.35,0.88
stackline_ecommerce,2024-10,2024-Q4,Petcare Diagnostics,Vetscan,vetscan-l,E-commerce,National,National,43865,789592.19,0.88
stackline_ecommerce,2024-10,2024-Q4,Petcare Diagnostics,Vetscan,vetscan-s,E-commerce,National,National,57777,1039970.05,0.88
stackline_ecommerce,2024-10,2024-Q4,Dermatology,AllerVet RX,allervet_rx-l,E-commerce,Region,Midwest,4527,244482.77,0.88
stackline_ecommerce,2024-10,2024-Q4,Dermatology,AllerVet RX,allervet_rx-s,E-commerce,Region,Midwest,6264,338243.99,0.88
stackline_ecommerce,2024-10,2024-Q4,Dermatology,Apoquel,apoquel-l,E-commerce,Region,Midwest,6258,406749.88,0.88
stackline_ecommerce,2024-10,2024-Q4,Dermatology,Apoquel,apoquel-s,E-commerce,Region,Midwest,9527,619261.12,0.88
stackline_ecommerce,2024-10,2024-Q4,Vaccines,BioShield Vax,bioshield_vax-l,E-commerce,Region,Midwest,4791,95813.92,0.88
stackline_ecommerce,2024-10,2024-Q4,Vaccines,BioShield Vax,bioshield_vax-s,E-commerce,Region,Midwest,6999,139988.17,0.88
stackline_ecommerce,2024-10,2024-Q4,Dermatology,DermaCalm,dermacalm-l,E-commerce,Region,Midwest,5036,292071.39,0.88
stackline_ecommerce,2024-10,2024-Q4,Dermatology,DermaCalm,dermacalm-s,E-commerce,Region,Midwest,6564,380725.46,0.88
stackline_ecommerce,2024-10,2024-Q4,Petcare Diagnostics,DiagnosTech Vet,diagnostech_vet-l,E-commerce,Region,Midwest,8218,139701.08,0.88
stackline_ecommerce,2024-10,2024-Q4,Petcare Diagnostics,DiagnosTech Vet,diagnostech_vet-s,E-commerce,Region,Midwest,12054,204922.75,0.88
stackline_ecommerce,2024-10,2024-Q4,Parasiticides,FleaStop Pro,fleastop_pro-l,E-commerce,Region,Midwest,10117,212457.45,0.88
stackline_ecommerce,2024-10,2024-Q4,Parasiticides,FleaStop Pro,fleastop_pro-s,E-commerce,Region,Midwest,14373,301832.67,0.88
stackline_ecommerce,2024-10,2024-Q4,Pain/Osteoarthritis,FlexiCare Joint,flexicare_joint-l,E-commerce,Region,Midwest,3047,134086.68,0.88
stackline_ecommerce,2024-10,2024-Q4,Pain/Osteoarthritis,FlexiCare Joint,flexicare_joint-s,E-commerce,Region,Midwest,4195,184590.97,0.88
stackline_ecommerce,2024-10,2024-Q4,Vaccines,ImmunoCore Canine,immunocore_canine-l,E-commerce,Region,Midwest,5995,125892.1,0.88
stackline_ecommerce,2024-10,2024-Q4,Vaccines,ImmunoCore Canine,immunocore_canine-s,E-commerce,Region,Midwest,8472,177913.81,0.88
stackline_ecommerce,2024-10,2024-Q4,Pain/Osteoarthritis,Librela,librela-l,E-commerce,Region,Midwest,2956,141872.08,0.88
stackline_ecommerce,2024-10,2024-Q4,Pain/Osteoarthritis,Librela,librela-s,E-commerce,Region,Midwest,4197,201474.47,0.88
stackline_ecommerce,2024-10,2024-Q4,Pain/Osteoarthritis,OsteoEase Vet,osteoease_vet-l,E-commerce,Region,Midwest,3304,135480.42,0.88
stackline_ecommerce,2024-10,2024-Q4,Pain/Osteoarthritis,OsteoEase Vet,osteoease_vet-s,E-commerce,Region,Midwest,4526,185557.35,0.88
stackline_ecommerce,2024-10,2024-Q4,Pain/Osteoarthritis,PainAway Canine,painaway_canine-l,E-commerce,Region,Midwest,2713,100392.07,0.88
stackline_ecommerce,2024-10,2024-Q4,Pain/Osteoarthritis,PainAway Canine,painaway_canine-s,E-commerce,Region,Midwest,3827,141583.18,0.88
stackline_ecommerce,2024-10,2024-Q4,Petcare Diagnostics,PetLab Analyzer,petlab_analyzer-l,E-commerce,Region,Midwest,5467,82004.54,0.88
stackline_ecommerce,2024-10,2024-Q4,Petcare Diagnostics,PetLab Analyzer,petlab_analyzer-s,E-commerce,Region,Midwest,7360,110404.25,0.88
stackline_ecommerce,2024-10,2024-Q4,Petcare Diagnostics,RapidVet Dx,rapidvet_dx-l,E-commerce,Region,Midwest,9295,148722.66,0.88
stackline_ecommerce,2024-10,2024-Q4,Petcare Diagnostics,RapidVet Dx,rapidvet_dx-s,E-commerce,Region,Midwest,12878,206048.1,0.88
stackline_ecommerce,2024-10,2024-Q4,Parasiticides,Simparica Trio,simparica_trio-l,E-commerce,Region,Midwest,15481,433475.73,0.88
stackline_ecommerce,2024-10,2024-Q4,Parasiticides,Simparica Trio,simparica_trio-s,E-commerce,Region,Midwest,21328,597180.21,0.88
stackline_ecommerce,2024-10,2024-Q4,Dermatology,SkinRelief Pro,skinrelief_pro-l,E-commerce,Region,Midwest,3956,193849.87,0.88
stackline_ecommerce,2024-10,2024-Q4,Dermatology,SkinRelief Pro,skinrelief_pro-s,E-commerce,Region,Midwest,5685,278562.61,0.88
stackline_ecommerce,2024-10,2024-Q4,Parasiticides,TickShield Plus,tickshield_plus-l,E-commerce,Region,Midwest,11499,275967.18,0.88
stackline_ecommerce,2024-10,2024-Q4,Parasiticides,TickShield Plus,tickshield_plus-s,E-commerce,Region,Midwest,15246,365904.36,0.88
stackline_ecommerce,2024-10,2024-Q4,Vaccines,Vanguard,vanguard-l,E-commerce,Region,Midwest,5469,120310.97,0.88
stackline_ecommerce,2024-10,2024-Q4,Vaccines,Vanguard,vanguard-s,E-commerce,Region,Midwest,7928,174411.73,0.88
stackline_ecommerce,2024-10,2024-Q4,Parasiticides,VectraGuard,vectraguard-l,E-commerce,Region,Midwest,13099,340568.55,0.88
stackline_ecommerce,2024-10,2024-Q4,Parasiticides,VectraGuard,vectraguard-s,E-commerce,Region,Midwest,19332,502633.57,0.88
stackline_ecommerce,2024-10,2024-Q4,Vaccines,VetGuard Immunize,vetguard_immunize-l,E-commerce,Region,Midwest,4515,85791.26,0.88
stackline_ecommerce,2024-10,2024-Q4,Vaccines,VetGuard Immunize,vetguard_immunize-s,E-commerce,Region,Midwest,6745,128149.22,0.88
stackline_ecommerce,2024-10,2024-Q4,Vaccines,VetSelect Core Vax,vetselect_core_vax-l,E-commerce,Region,Midwest,5104,71451.6,0.88
stackline_ecommerce,2024-10,2024-Q4,Vaccines,VetSelect Core Vax,vetselect_core_vax-s,E-commerce,Region,Midwest,7459,104426.93,0.88
stackline_ecommerce,2024-10,2024-Q4,Dermatology,VetSelect Derma,vetselect_derma-l,E-commerce,Region,Midwest,4514,171541.03,0.88
stackline_ecommerce,2024-10,2024-Q4,Dermatology,VetSelect Derma,vetselect_derma-s,E-commerce,Region,Midwest,6165,234274.8,0.88
stackline_ecommerce,2024-10,2024-Q4,Petcare Diagnostics,VetSelect Dx,vetselect_dx-l,E-commerce,Region,Midwest,5122,61463.56,0.88
stackline_ecommerce,2024-10,2024-Q4,Petcare Diagnostics,VetSelect Dx,vetselect_dx-s,E-commerce,Region,Midwest,7382,88580.1,0.88
stackline_ecommerce,2024-10,2024-Q4,Parasiticides,VetSelect Flea & Tick,vetselect_flea_and_tick-l,E-commerce,Region,Midwest,15131,257231.17,0.88
stackline_ecommerce,2024-10,2024-Q4,Parasiticides,VetSelect Flea & Tick,vetselect_flea_and_tick-s,E-commerce,Region,Midwest,20093,341588.94,0.88
stackline_ecommerce,2024-10,2024-Q4,Pain/Osteoarthritis,VetSelect Joint,vetselect_joint-l,E-commerce,Region,Midwest,3015,87446.17,0.88
stackline_ecommerce,2024-10,2024-Q4,Pain/Osteoarthritis,VetSelect Joint,vetselect_joint-s,E-commerce,Region,Midwest,4472,129681.96,0.88
stackline_ecommerce,2024-10,2024-Q4,Petcare Diagnostics,Vetscan,vetscan-l,E-commerce,Region,Midwest,9157,164832.57,0.88
stackline_ecommerce,2024-10,2024-Q4,Petcare Diagnostics,Vetscan,vetscan-s,E-commerce,Region,Midwest,12134,218414.46,0.88
stackline_ecommerce,2024-10,2024-Q4,Parasiticides,,TEMP-SKU-0091,E-commerce,Region,Northeast,3299,82475.33,0.88
stackline_ecommerce,2024-10,2024-Q4,Parasiticides,,promo-bundle-xx,E-commerce,Region,Northeast,864,21609.0,0.88
stackline_ecommerce,2024-10,2024-Q4,Dermatology,AllerVet RX,allervet_rx-l,E-commerce,Region,Northeast,4665,251903.84,0.88
stackline_ecommerce,2024-10,2024-Q4,Dermatology,AllerVet RX,allervet_rx-s,E-commerce,Region,Northeast,6534,352854.29,0.88
stackline_ecommerce,2024-10,2024-Q4,Dermatology,Apoquel,apoquel-l,E-commerce,Region,Northeast,7180,466720.16,0.88
stackline_ecommerce,2024-10,2024-Q4,Dermatology,Apoquel,apoquel-s,E-commerce,Region,Northeast,9350,607754.93,0.88
stackline_ecommerce,2024-10,2024-Q4,Vaccines,BioShield Vax,bioshield_vax-l,E-commerce,Region,Northeast,5680,113602.12,0.88
stackline_ecommerce,2024-10,2024-Q4,Vaccines,BioShield Vax,bioshield_vax-s,E-commerce,Region,Northeast,7544,150883.96,0.88
stackline_ecommerce,2024-10,2024-Q4,Dermatology,DermaCalm,dermacalm-l,E-commerce,Region,Northeast,5440,315510.53,0.88
stackline_ecommerce,2024-10,2024-Q4,Dermatology,DermaCalm,dermacalm-s,E-commerce,Region,Northeast,7488,434282.8,0.88
stackline_ecommerce,2024-10,2024-Q4,Petcare Diagnostics,DiagnosTech Vet,diagnostech_vet-l,E-commerce,Region,Northeast,10711,182086.59,0.88
stackline_ecommerce,2024-10,2024-Q4,Petcare Diagnostics,DiagnosTech Vet,diagnostech_vet-s,E-commerce,Region,Northeast,14557,247474.61,0.88
stackline_ecommerce,2024-10,2024-Q4,Parasiticides,FleaStop Pro,fleastop_pro-l,E-commerce,Region,Northeast,10105,212212.24,0.88
stackline_ecommerce,2024-10,2024-Q4,Parasiticides,FleaStop Pro,fleastop_pro-s,E-commerce,Region,Northeast,13892,291733.93,0.88
stackline_ecommerce,2024-10,2024-Q4,Pain/Osteoarthritis,FlexiCare Joint,flexicare_joint-l,E-commerce,Region,Northeast,3532,155410.16,0.88
stackline_ecommerce,2024-10,2024-Q4,Pain/Osteoarthritis,FlexiCare Joint,flexicare_joint-s,E-commerce,Region,Northeast,5098,224291.7,0.88
stackline_ecommerce,2024-10,2024-Q4,Vaccines,ImmunoCore Canine,immunocore_canine-l,E-commerce,Region,Northeast,6473,135925.42,0.88
stackline_ecommerce,2024-10,2024-Q4,Vaccines,ImmunoCore Canine,immunocore_canine-s,E-commerce,Region,Northeast,8643,181494.41,0.88
stackline_ecommerce,2024-10,2024-Q4,Pain/Osteoarthritis,Librela,librela-l,E-commerce,Region,Northeast,3103,148967.23,0.88
stackline_ecommerce,2024-10,2024-Q4,Pain/Osteoarthritis,Librela,librela-s,E-commerce,Region,Northeast,4310,206865.55,0.88
stackline_ecommerce,2024-10,2024-Q4,Pain/Osteoarthritis,OsteoEase Vet,osteoease_vet-l,E-commerce,Region,Northeast,3589,147159.14,0.88
stackline_ecommerce,2024-10,2024-Q4,Pain/Osteoarthritis,OsteoEase Vet,osteoease_vet-s,E-commerce,Region,Northeast,4968,203702.68,0.88
stackline_ecommerce,2024-10,2024-Q4,Pain/Osteoarthritis,PainAway Canine,painaway_canine-l,E-commerce,Region,Northeast,2872,106282.06,0.88
stackline_ecommerce,2024-10,2024-Q4,Pain/Osteoarthritis,PainAway Canine,painaway_canine-s,E-commerce,Region,Northeast,4042,149569.61,0.88
stackline_ecommerce,2024-10,2024-Q4,Petcare Diagnostics,PetLab Analyzer,petlab_analyzer-l,E-commerce,Region,Northeast,5706,85590.97,0.88
stackline_ecommerce,2024-10,2024-Q4,Petcare Diagnostics,PetLab Analyzer,petlab_analyzer-s,E-commerce,Region,Northeast,7992,119883.2,0.88
stackline_ecommerce,2024-10,2024-Q4,Petcare Diagnostics,RapidVet Dx,rapidvet_dx-l,E-commerce,Region,Northeast,9167,146678.75,0.88
stackline_ecommerce,2024-10,2024-Q4,Petcare Diagnostics,RapidVet Dx,rapidvet_dx-s,E-commerce,Region,Northeast,12974,207580.98,0.88
stackline_ecommerce,2024-10,2024-Q4,Parasiticides,Simparica Trio,simparica_trio-l,E-commerce,Region,Northeast,15784,441944.8,0.88
stackline_ecommerce,2024-10,2024-Q4,Parasiticides,Simparica Trio,simparica_trio-s,E-commerce,Region,Northeast,22168,620703.18,0.88
stackline_ecommerce,2024-10,2024-Q4,Dermatology,SkinRelief Pro,skinrelief_pro-l,E-commerce,Region,Northeast,4245,208011.45,0.88
stackline_ecommerce,2024-10,2024-Q4,Dermatology,SkinRelief Pro,skinrelief_pro-s,E-commerce,Region,Northeast,5861,287203.23,0.88
stackline_ecommerce,2024-10,2024-Q4,Parasiticides,TickShield Plus,tickshield_plus-l,E-commerce,Region,Northeast,11381,273137.27,0.88
stackline_ecommerce,2024-10,2024-Q4,Parasiticides,TickShield Plus,tickshield_plus-s,E-commerce,Region,Northeast,15420,370072.37,0.88
stackline_ecommerce,2024-10,2024-Q4,Vaccines,Vanguard,vanguard-l,E-commerce,Region,Northeast,5972,131377.7,0.88
stackline_ecommerce,2024-10,2024-Q4,Vaccines,Vanguard,vanguard-s,E-commerce,Region,Northeast,8405,184919.8,0.88
stackline_ecommerce,2024-10,2024-Q4,Parasiticides,VectraGuard,vectraguard-l,E-commerce,Region,Northeast,13555,352424.48,0.88
stackline_ecommerce,2024-10,2024-Q4,Parasiticides,VectraGuard,vectraguard-s,E-commerce,Region,Northeast,18577,483000.41,0.88
stackline_ecommerce,2024-10,2024-Q4,Vaccines,VetGuard Immunize,vetguard_immunize-l,E-commerce,Region,Northeast,4697,89236.24,0.88
stackline_ecommerce,2024-10,2024-Q4,Vaccines,VetGuard Immunize,vetguard_immunize-s,E-commerce,Region,Northeast,6442,122398.32,0.88
stackline_ecommerce,2024-10,2024-Q4,Vaccines,VetSelect Core Vax,vetselect_core_vax-l,E-commerce,Region,Northeast,5012,70163.24,0.88
stackline_ecommerce,2024-10,2024-Q4,Vaccines,VetSelect Core Vax,vetselect_core_vax-s,E-commerce,Region,Northeast,6746,94442.49,0.88
stackline_ecommerce,2024-10,2024-Q4,Dermatology,VetSelect Derma,vetselect_derma-l,E-commerce,Region,Northeast,4414,167713.92,0.88
stackline_ecommerce,2024-10,2024-Q4,Dermatology,VetSelect Derma,vetselect_derma-s,E-commerce,Region,Northeast,6372,242151.23,0.88
stackline_ecommerce,2024-10,2024-Q4,Petcare Diagnostics,VetSelect Dx,vetselect_dx-l,E-commerce,Region,Northeast,5255,63055.82,0.88
stackline_ecommerce,2024-10,2024-Q4,Petcare Diagnostics,VetSelect Dx,vetselect_dx-s,E-commerce,Region,Northeast,7279,87353.91,0.88
stackline_ecommerce,2024-10,2024-Q4,Parasiticides,VetSelect Flea & Tick,vetselect_flea_and_tick-l,E-commerce,Region,Northeast,16568,281650.28,0.88
stackline_ecommerce,2024-10,2024-Q4,Parasiticides,VetSelect Flea & Tick,vetselect_flea_and_tick-s,E-commerce,Region,Northeast,21582,366887.01,0.88
stackline_ecommerce,2024-10,2024-Q4,Pain/Osteoarthritis,VetSelect Joint,vetselect_joint-l,E-commerce,Region,Northeast,3459,100312.01,0.88
stackline_ecommerce,2024-10,2024-Q4,Pain/Osteoarthritis,VetSelect Joint,vetselect_joint-s,E-commerce,Region,Northeast,4475,129767.54,0.88
stackline_ecommerce,2024-10,2024-Q4,Petcare Diagnostics,Vetscan,vetscan-l,E-commerce,Region,Northeast,10363,186535.89,0.88
stackline_ecommerce,2024-10,2024-Q4,Petcare Diagnostics,Vetscan,vetscan-s,E-commerce,Region,Northeast,13362,240507.63,0.88
stackline_ecommerce,2024-10,2024-Q4,Dermatology,AllerVet RX,allervet_rx-l,E-commerce,Region,South,7564,408444.14,0.88
stackline_ecommerce,2024-10,2024-Q4,Dermatology,AllerVet RX,allervet_rx-s,E-commerce,Region,South,10177,549548.22,0.88
stackline_ecommerce,2024-10,2024-Q4,Dermatology,Apoquel,apoquel-l,E-commerce,Region,South,10919,709707.94,0.88
stackline_ecommerce,2024-10,2024-Q4,Dermatology,Apoquel,apoquel-s,E-commerce,Region,South,15728,1022337.37,0.88
stackline_ecommerce,2024-10,2024-Q4,Vaccines,BioShield Vax,bioshield_vax-l,E-commerce,Region,South,8351,167016.9,0.88
stackline_ecommerce,2024-10,2024-Q4,Vaccines,BioShield Vax,bioshield_vax-s,E-commerce,Region,South,10977,219542.17,0.88
stackline_ecommerce,2024-10,2024-Q4,Dermatology,DermaCalm,dermacalm-l,E-commerce,Region,South,7854,455560.26,0.88
stackline_ecommerce,2024-10,2024-Q4,Dermatology,DermaCalm,dermacalm-s,E-commerce,Region,South,11383,660236.82,0.88
stackline_ecommerce,2024-10,2024-Q4,Petcare Diagnostics,DiagnosTech Vet,diagnostech_vet-l,E-commerce,Region,South,14961,254343.37,0.88
stackline_ecommerce,2024-10,2024-Q4,Petcare Diagnostics,DiagnosTech Vet,diagnostech_vet-s,E-commerce,Region,South,20221,343758.17,0.88
stackline_ecommerce,2024-10,2024-Q4,Parasiticides,FleaStop Pro,fleastop_pro-l,E-commerce,Region,South,15649,328630.85,0.88
stackline_ecommerce,2024-10,2024-Q4,Parasiticides,FleaStop Pro,fleastop_pro-s,E-commerce,Region,South,23043,483903.83,0.88
stackline_ecommerce,2024-10,2024-Q4,Pain/Osteoarthritis,FlexiCare Joint,flexicare_joint-l,E-commerce,Region,South,5453,239942.35,0.88
stackline_ecommerce,2024-10,2024-Q4,Pain/Osteoarthritis,FlexiCare Joint,flexicare_joint-s,E-commerce,Region,South,7256,319250.01,0.88
stackline_ecommerce,2024-10,2024-Q4,Vaccines,ImmunoCore Canine,immunocore_canine-l,E-commerce,Region,South,9366,196681.99,0.88
stackline_ecommerce,2024-10,2024-Q4,Vaccines,ImmunoCore Canine,immunocore_canine-s,E-commerce,Region,South,13142,275989.05,0.88
stackline_ecommerce,2024-10,2024-Q4,Pain/Osteoarthritis,Librela,librela-l,E-commerce,Region,South,4679,224611.62,0.88
stackline_ecommerce,2024-10,2024-Q4,Pain/Osteoarthritis,Librela,librela-s,E-commerce,Region,South,6666,319980.13,0.88
stackline_ecommerce,2024-10,2024-Q4,Pain/Osteoarthritis,OsteoEase Vet,osteoease_vet-l,E-commerce,Region,South,4932,202220.41,0.88
stackline_ecommerce,2024-10,2024-Q4,Pain/Osteoarthritis,OsteoEase Vet,osteoease_vet-s,E-commerce,Region,South,7057,289321.12,0.88
stackline_ecommerce,2024-10,2024-Q4,Pain/Osteoarthritis,PainAway Canine,painaway_canine-l,E-commerce,Region,South,4712,174326.13,0.88
stackline_ecommerce,2024-10,2024-Q4,Pain/Osteoarthritis,PainAway Canine,painaway_canine-s,E-commerce,Region,South,6372,235754.88,0.88
stackline_ecommerce,2024-10,2024-Q4,Petcare Diagnostics,PetLab Analyzer,petlab_analyzer-l,E-commerce,Region,South,8957,134350.62,0.88
stackline_ecommerce,2024-10,2024-Q4,Petcare Diagnostics,PetLab Analyzer,petlab_analyzer-s,E-commerce,Region,South,12228,183418.47,0.88
stackline_ecommerce,2024-10,2024-Q4,Petcare Diagnostics,RapidVet Dx,rapidvet_dx-l,E-commerce,Region,South,14341,229460.69,0.88
stackline_ecommerce,2024-10,2024-Q4,Petcare Diagnostics,RapidVet Dx,rapidvet_dx-s,E-commerce,Region,South,20058,320933.1,0.88
stackline_ecommerce,2024-10,2024-Q4,Parasiticides,Simparica Trio,simparica_trio-l,E-commerce,Region,South,25501,714026.66,0.88
stackline_ecommerce,2024-10,2024-Q4,Parasiticides,Simparica Trio,simparica_trio-s,E-commerce,Region,South,33786,946001.96,0.88
stackline_ecommerce,2024-10,2024-Q4,Dermatology,SkinRelief Pro,skinrelief_pro-l,E-commerce,Region,South,6349,311107.34,0.88
stackline_ecommerce,2024-10,2024-Q4,Dermatology,SkinRelief Pro,skinrelief_pro-s,E-commerce,Region,South,9171,449393.07,0.88
stackline_ecommerce,2024-10,2024-Q4,Parasiticides,TickShield Plus,tickshield_plus-l,E-commerce,Region,South,18522,444529.62,0.88
stackline_ecommerce,2024-10,2024-Q4,Parasiticides,TickShield Plus,tickshield_plus-s,E-commerce,Region,South,25954,622903.44,0.88
stackline_ecommerce,2024-10,2024-Q4,Vaccines,Vanguard,vanguard-l,E-commerce,Region,South,9232,203114.35,0.88
stackline_ecommerce,2024-10,2024-Q4,Vaccines,Vanguard,vanguard-s,E-commerce,Region,South,12673,278812.72,0.88
stackline_ecommerce,2024-10,2024-Q4,Parasiticides,VectraGuard,vectraguard-l,E-commerce,Region,South,22251,578528.89,0.88
stackline_ecommerce,2024-10,2024-Q4,Parasiticides,VectraGuard,vectraguard-s,E-commerce,Region,South,29600,769597.34,0.88
stackline_ecommerce,2024-10,2024-Q4,Vaccines,VetGuard Immunize,vetguard_immunize-l,E-commerce,Region,South,7603,144454.4,0.88
stackline_ecommerce,2024-10,2024-Q4,Vaccines,VetGuard Immunize,vetguard_immunize-s,E-commerce,Region,South,10169,193211.36,0.88
stackline_ecommerce,2024-10,2024-Q4,Vaccines,VetSelect Core Vax,vetselect_core_vax-l,E-commerce,Region,South,9507,133095.09,0.88
stackline_ecommerce,2024-10,2024-Q4,Vaccines,VetSelect Core Vax,vetselect_core_vax-s,E-commerce,Region,South,13417,187834.55,0.88
stackline_ecommerce,2024-10,2024-Q4,Dermatology,VetSelect Derma,vetselect_derma-l,E-commerce,Region,South,7123,270679.21,0.88
stackline_ecommerce,2024-10,2024-Q4,Dermatology,VetSelect Derma,vetselect_derma-s,E-commerce,Region,South,9545,362721.36,0.88
stackline_ecommerce,2024-10,2024-Q4,Petcare Diagnostics,VetSelect Dx,vetselect_dx-l,E-commerce,Region,South,8762,105138.8,0.88
stackline_ecommerce,2024-10,2024-Q4,Petcare Diagnostics,VetSelect Dx,vetselect_dx-s,E-commerce,Region,South,11947,143363.31,0.88
stackline_ecommerce,2024-10,2024-Q4,Parasiticides,VetSelect Flea & Tick,vetselect_flea_and_tick-l,E-commerce,Region,South,23199,394380.1,0.88
stackline_ecommerce,2024-10,2024-Q4,Parasiticides,VetSelect Flea & Tick,vetselect_flea_and_tick-s,E-commerce,Region,South,33963,577363.5,0.88
stackline_ecommerce,2024-10,2024-Q4,Pain/Osteoarthritis,VetSelect Joint,vetselect_joint-s,E-commerce,Region,South,7414,214994.58,0.88
stackline_ecommerce,2024-10,2024-Q4,Petcare Diagnostics,Vetscan,vetscan-l,E-commerce,Region,South,14801,266426.65,0.88
stackline_ecommerce,2024-10,2024-Q4,Petcare Diagnostics,Vetscan,vetscan-s,E-commerce,Region,South,19396,349120.61,0.88
stackline_ecommerce,2024-10,2024-Q4,Dermatology,AllerVet RX,allervet_rx-l,E-commerce,Region,West,5262,284153.6,0.88
stackline_ecommerce,2024-10,2024-Q4,Dermatology,AllerVet RX,allervet_rx-s,E-commerce,Region,West,6678,360626.5,0.88
stackline_ecommerce,2024-10,2024-Q4,Dermatology,Apoquel,apoquel-l,E-commerce,Region,West,7188,467206.98,0.88
stackline_ecommerce,2024-10,2024-Q4,Dermatology,Apoquel,apoquel-s,E-commerce,Region,West,10498,682349.98,0.88
stackline_ecommerce,2024-10,2024-Q4,Vaccines,BioShield Vax,bioshield_vax-l,E-commerce,Region,West,5969,119378.97,0.88
stackline_ecommerce,2024-10,2024-Q4,Vaccines,BioShield Vax,bioshield_vax-s,E-commerce,Region,West,8302,166030.51,0.88
stackline_ecommerce,2024-10,2024-Q4,Dermatology,DermaCalm,dermacalm-l,E-commerce,Region,West,5372,311571.24,0.88
stackline_ecommerce,2024-10,2024-Q4,Dermatology,DermaCalm,dermacalm-s,E-commerce,Region,West,7743,449083.97,0.88
stackline_ecommerce,2024-10,2024-Q4,Petcare Diagnostics,DiagnosTech Vet,diagnostech_vet-l,E-commerce,Region,West,10040,170679.75,0.88
stackline_ecommerce,2024-10,2024-Q4,Petcare Diagnostics,DiagnosTech Vet,diagnostech_vet-s,E-commerce,Region,West,14713,250115.32,0.88
stackline_ecommerce,2024-10,2024-Q4,Parasiticides,FleaStop Pro,fleastop_pro-l,E-commerce,Region,West,11083,232742.76,0.88
stackline_ecommerce,2024-10,2024-Q4,Parasiticides,FleaStop Pro,fleastop_pro-s,E-commerce,Region,West,14934,313607.56,0.88
stackline_ecommerce,2024-10,2024-Q4,Pain/Osteoarthritis,FlexiCare Joint,flexicare_joint-l,E-commerce,Region,West,3759,165408.04,0.88
stackline_ecommerce,2024-10,2024-Q4,Pain/Osteoarthritis,FlexiCare Joint,flexicare_joint-s,E-commerce,Region,West,5371,236319.63,0.88
stackline_ecommerce,2024-10,2024-Q4,Vaccines,ImmunoCore Canine,immunocore_canine-l,E-commerce,Region,West,6615,138920.97,0.88
stackline_ecommerce,2024-10,2024-Q4,Vaccines,ImmunoCore Canine,immunocore_canine-s,E-commerce,Region,West,9398,197355.58,0.88
stackline_ecommerce,2024-10,2024-Q4,Pain/Osteoarthritis,Librela,librela-l,E-commerce,Region,West,3324,159575.86,0.88
stackline_ecommerce,2024-10,2024-Q4,Pain/Osteoarthritis,Librela,librela-s,E-commerce,Region,West,4736,227309.54,0.88
stackline_ecommerce,2024-10,2024-Q4,Pain/Osteoarthritis,OsteoEase Vet,osteoease_vet-l,E-commerce,Region,West,3305,135521.3,0.88
stackline_ecommerce,2024-10,2024-Q4,Pain/Osteoarthritis,OsteoEase Vet,osteoease_vet-s,E-commerce,Region,West,4886,200309.62,0.88
stackline_ecommerce,2024-10,2024-Q4,Pain/Osteoarthritis,PainAway Canine,painaway_canine-l,E-commerce,Region,West,2983,110369.43,0.88
stackline_ecommerce,2024-10,2024-Q4,Pain/Osteoarthritis,PainAway Canine,painaway_canine-s,E-commerce,Region,West,3982,147335.63,0.88
stackline_ecommerce,2024-10,2024-Q4,Petcare Diagnostics,PetLab Analyzer,petlab_analyzer-l,E-commerce,Region,West,5636,84542.25,0.88
stackline_ecommerce,2024-10,2024-Q4,Petcare Diagnostics,PetLab Analyzer,petlab_analyzer-s,E-commerce,Region,West,8257,123855.49,0.88
stackline_ecommerce,2024-10,2024-Q4,Petcare Diagnostics,RapidVet Dx,rapidvet_dx-l,E-commerce,Region,West,10143,162286.93,0.88
stackline_ecommerce,2024-10,2024-Q4,Petcare Diagnostics,RapidVet Dx,rapidvet_dx-s,E-commerce,Region,West,13996,223943.03,0.88
stackline_ecommerce,2024-10,2024-Q4,Parasiticides,Simparica Trio,simparica_trio-l,E-commerce,Region,West,16440,460324.54,0.88
stackline_ecommerce,2024-10,2024-Q4,Parasiticides,Simparica Trio,simparica_trio-s,E-commerce,Region,West,23427,655954.64,0.88
stackline_ecommerce,2024-10,2024-Q4,Dermatology,SkinRelief Pro,skinrelief_pro-l,E-commerce,Region,West,4822,236300.76,0.88
stackline_ecommerce,2024-10,2024-Q4,Dermatology,SkinRelief Pro,skinrelief_pro-s,E-commerce,Region,West,6551,320999.69,0.88
stackline_ecommerce,2024-10,2024-Q4,Parasiticides,TickShield Plus,tickshield_plus-l,E-commerce,Region,West,12681,304353.44,0.88
stackline_ecommerce,2024-10,2024-Q4,Parasiticides,TickShield Plus,tickshield_plus-s,E-commerce,Region,West,16250,390003.16,0.88
stackline_ecommerce,2024-10,2024-Q4,Vaccines,Vanguard,vanguard-l,E-commerce,Region,West,5860,128913.19,0.88
stackline_ecommerce,2024-10,2024-Q4,Vaccines,Vanguard,vanguard-s,E-commerce,Region,West,7793,171435.53,0.88
stackline_ecommerce,2024-10,2024-Q4,Parasiticides,VectraGuard,vectraguard-l,E-commerce,Region,West,13827,359508.72,0.88
stackline_ecommerce,2024-10,2024-Q4,Parasiticides,VectraGuard,vectraguard-s,E-commerce,Region,West,18428,479139.1,0.88
stackline_ecommerce,2024-10,2024-Q4,Vaccines,VetGuard Immunize,vetguard_immunize-l,E-commerce,Region,West,5071,96354.55,0.88
stackline_ecommerce,2024-10,2024-Q4,Vaccines,VetGuard Immunize,vetguard_immunize-s,E-commerce,Region,West,6785,128906.28,0.88
stackline_ecommerce,2024-10,2024-Q4,Vaccines,VetSelect Core Vax,vetselect_core_vax-l,E-commerce,Region,West,5693,79696.42,0.88
stackline_ecommerce,2024-10,2024-Q4,Vaccines,VetSelect Core Vax,vetselect_core_vax-s,E-commerce,Region,West,7877,110281.08,0.88
stackline_ecommerce,2024-10,2024-Q4,Dermatology,VetSelect Derma,vetselect_derma-l,E-commerce,Region,West,4952,188192.9,0.88
stackline_ecommerce,2024-10,2024-Q4,Dermatology,VetSelect Derma,vetselect_derma-s,E-commerce,Region,West,6779,257613.85,0.88
stackline_ecommerce,2024-10,2024-Q4,Petcare Diagnostics,VetSelect Dx,vetselect_dx-l,E-commerce,Region,West,5730,68762.89,0.88
stackline_ecommerce,2024-10,2024-Q4,Petcare Diagnostics,VetSelect Dx,vetselect_dx-s,E-commerce,Region,West,7916,94989.92,0.88
stackline_ecommerce,2024-10,2024-Q4,Parasiticides,VetSelect Flea & Tick,vetselect_flea_and_tick-l,E-commerce,Region,West,16136,274310.27,0.88
stackline_ecommerce,2024-10,2024-Q4,Parasiticides,VetSelect Flea & Tick,vetselect_flea_and_tick-s,E-commerce,Region,West,23902,406326.36,0.88
stackline_ecommerce,2024-10,2024-Q4,Pain/Osteoarthritis,VetSelect Joint,vetselect_joint-l,E-commerce,Region,West,3811,110529.79,0.88
stackline_ecommerce,2024-10,2024-Q4,Pain/Osteoarthritis,VetSelect Joint,vetselect_joint-s,E-commerce,Region,West,4915,142549.27,0.88
stackline_ecommerce,2024-10,2024-Q4,Petcare Diagnostics,Vetscan,vetscan-l,E-commerce,Region,West,9544,171797.08,0.88
stackline_ecommerce,2024-10,2024-Q4,Petcare Diagnostics,Vetscan,vetscan-s,E-commerce,Region,West,12885,231927.35,0.88
stackline_ecommerce,2024-11,2024-Q4,Dermatology,AllerVet RX,allervet_rx-l,E-commerce,National,National,20609,1112910.54,0.88
stackline_ecommerce,2024-11,2024-Q4,Dermatology,AllerVet RX,allervet_rx-s,E-commerce,National,National,27777,1499952.11,0.88
stackline_ecommerce,2024-11,2024-Q4,Dermatology,Apoquel,apoquel-l,E-commerce,National,National,28967,1882852.53,0.88
stackline_ecommerce,2024-11,2024-Q4,Dermatology,Apoquel,apoquel-s,E-commerce,National,National,39353,2557944.6,0.88
stackline_ecommerce,2024-11,2024-Q4,Vaccines,BioShield Vax,bioshield_vax-l,E-commerce,National,National,24929,498602.54,0.88
stackline_ecommerce,2024-11,2024-Q4,Vaccines,BioShield Vax,bioshield_vax-s,E-commerce,National,National,34550,691019.97,0.88
stackline_ecommerce,2024-11,2024-Q4,Dermatology,DermaCalm,dermacalm-l,E-commerce,National,National,22284,1292517.4,0.88
stackline_ecommerce,2024-11,2024-Q4,Dermatology,DermaCalm,dermacalm-s,E-commerce,National,National,30316,1758319.38,0.88
stackline_ecommerce,2024-11,2024-Q4,Petcare Diagnostics,DiagnosTech Vet,diagnostech_vet-l,E-commerce,National,National,48353,821987.32,0.88
stackline_ecommerce,2024-11,2024-Q4,Petcare Diagnostics,DiagnosTech Vet,diagnostech_vet-s,E-commerce,National,National,66513,1130719.48,0.88
stackline_ecommerce,2024-11,2024-Q4,Parasiticides,FleaStop Pro,fleastop_pro-l,E-commerce,National,National,39554,830643.92,0.88
stackline_ecommerce,2024-11,2024-Q4,Parasiticides,FleaStop Pro,fleastop_pro-s,E-commerce,National,National,56720,1191132.72,0.88
stackline_ecommerce,2024-11,2024-Q4,Pain/Osteoarthritis,FlexiCare Joint,flexicare_joint-l,E-commerce,National,National,17778,782254.7,0.88
stackline_ecommerce,2024-11,2024-Q4,Pain/Osteoarthritis,FlexiCare Joint,flexicare_joint-s,E-commerce,National,National,24965,1098473.22,0.88
stackline_ecommerce,2024-11,2024-Q4,Vaccines,ImmunoCore Canine,immunocore_canine-l,E-commerce,National,National,29533,620191.46,0.88
stackline_ecommerce,2024-11,2024-Q4,Vaccines,ImmunoCore Canine,immunocore_canine-s,E-commerce,National,National,40915,859198.59,0.88
stackline_ecommerce,2024-11,2024-Q4,Pain/Osteoarthritis,Librela,librela-l,E-commerce,National,National,17337,832184.5,0.88
stackline_ecommerce,2024-11,2024-Q4,Pain/Osteoarthritis,Librela,librela-s,E-commerce,National,National,23438,1125020.52,0.88
stackline_ecommerce,2024-11,2024-Q4,Pain/Osteoarthritis,OsteoEase Vet,osteoease_vet-l,E-commerce,National,National,16946,694806.25,0.88
stackline_ecommerce,2024-11,2024-Q4,Pain/Osteoarthritis,OsteoEase Vet,osteoease_vet-s,E-commerce,National,National,23781,975014.49,0.88
stackline_ecommerce,2024-11,2024-Q4,Pain/Osteoarthritis,PainAway Canine,painaway_canine-l,E-commerce,National,National,14156,523753.79,0.88
stackline_ecommerce,2024-11,2024-Q4,Pain/Osteoarthritis,PainAway Canine,painaway_canine-s,E-commerce,National,National,19245,712046.43,0.88
stackline_ecommerce,2024-11,2024-Q4,Petcare Diagnostics,PetLab Analyzer,petlab_analyzer-l,E-commerce,National,National,26788,401815.11,0.88
stackline_ecommerce,2024-11,2024-Q4,Petcare Diagnostics,PetLab Analyzer,petlab_analyzer-s,E-commerce,National,National,37515,562717.88,0.88
stackline_ecommerce,2024-11,2024-Q4,Petcare Diagnostics,RapidVet Dx,rapidvet_dx-l,E-commerce,National,National,44127,706018.17,0.88
stackline_ecommerce,2024-11,2024-Q4,Petcare Diagnostics,RapidVet Dx,rapidvet_dx-s,E-commerce,National,National,61057,976906.34,0.88
stackline_ecommerce,2024-11,2024-Q4,Parasiticides,Simparica Trio,simparica_trio-l,E-commerce,National,National,64926,1817941.0,0.88
stackline_ecommerce,2024-11,2024-Q4,Parasiticides,Simparica Trio,simparica_trio-s,E-commerce,National,National,90726,2540309.72,0.88
stackline_ecommerce,2024-11,2024-Q4,Dermatology,SkinRelief Pro,skinrelief_pro-l,E-commerce,National,National,17348,850055.14,0.88
stackline_ecommerce,2024-11,2024-Q4,Dermatology,SkinRelief Pro,skinrelief_pro-s,E-commerce,National,National,24472,1199139.97,0.88
stackline_ecommerce,2024-11,2024-Q4,Parasiticides,TickShield Plus,tickshield_plus-l,E-commerce,National,National,46359,1112602.83,0.88
stackline_ecommerce,2024-11,2024-Q4,Parasiticides,TickShield Plus,tickshield_plus-s,E-commerce,National,National,63099,1514383.71,0.88
stackline_ecommerce,2024-11,2024-Q4,Vaccines,Vanguard,vanguard-l,E-commerce,National,National,26446,581804.08,0.88
stackline_ecommerce,2024-11,2024-Q4,Vaccines,Vanguard,vanguard-s,E-commerce,National,National,35850,788708.5,0.88
stackline_ecommerce,2024-11,2024-Q4,Parasiticides,VectraGuard,vectraguard-l,E-commerce,National,National,54133,1407468.07,0.88
stackline_ecommerce,2024-11,2024-Q4,Parasiticides,VectraGuard,vectraguard-s,E-commerce,National,National,76380,1985864.7,0.88
stackline_ecommerce,2024-11,2024-Q4,Vaccines,VetGuard Immunize,vetguard_immunize-l,E-commerce,National,National,23097,438836.74,0.88
stackline_ecommerce,2024-11,2024-Q4,Vaccines,VetGuard Immunize,vetguard_immunize-s,E-commerce,National,National,31168,592183.28,0.88
stackline_ecommerce,2024-11,2024-Q4,Vaccines,VetSelect Core Vax,vetselect_core_vax-l,E-commerce,National,National,24695,345727.79,0.88
stackline_ecommerce,2024-11,2024-Q4,Vaccines,VetSelect Core Vax,vetselect_core_vax-s,E-commerce,National,National,34219,479063.07,0.88
stackline_ecommerce,2024-11,2024-Q4,Dermatology,VetSelect Derma,vetselect_derma-l,E-commerce,National,National,20227,768634.79,0.88
stackline_ecommerce,2024-11,2024-Q4,Dermatology,VetSelect Derma,vetselect_derma-s,E-commerce,National,National,27030,1027120.55,0.88
stackline_ecommerce,2024-11,2024-Q4,Petcare Diagnostics,VetSelect Dx,vetselect_dx-l,E-commerce,National,National,27175,326096.79,0.88
stackline_ecommerce,2024-11,2024-Q4,Petcare Diagnostics,VetSelect Dx,vetselect_dx-s,E-commerce,National,National,39214,470578.91,0.88
stackline_ecommerce,2024-11,2024-Q4,Parasiticides,VetSelect Flea & Tick,vetselect_flea_and_tick-l,E-commerce,National,National,61940,1052980.53,0.88
stackline_ecommerce,2024-11,2024-Q4,Parasiticides,VetSelect Flea & Tick,vetselect_flea_and_tick-s,E-commerce,National,National,87283,1483800.3,0.88
stackline_ecommerce,2024-11,2024-Q4,Pain/Osteoarthritis,VetSelect Joint,vetselect_joint-l,E-commerce,National,National,19061,552737.68,0.88
stackline_ecommerce,2024-11,2024-Q4,Pain/Osteoarthritis,VetSelect Joint,vetselect_joint-s,E-commerce,National,National,26090,756623.75,0.88
stackline_ecommerce,2024-11,2024-Q4,Petcare Diagnostics,Vetscan,vetscan-l,E-commerce,National,National,46596,838720.8,0.88
stackline_ecommerce,2024-11,2024-Q4,Petcare Diagnostics,Vetscan,vetscan-s,E-commerce,National,National,61837,1113082.11,0.88
stackline_ecommerce,2024-11,2024-Q4,Dermatology,AllerVet RX,allervet_rx-l,E-commerce,Region,Midwest,4336,234170.16,0.88
stackline_ecommerce,2024-11,2024-Q4,Dermatology,AllerVet RX,allervet_rx-s,E-commerce,Region,Midwest,5811,313798.85,0.88
stackline_ecommerce,2024-11,2024-Q4,Dermatology,Apoquel,apoquel-l,E-commerce,Region,Midwest,6156,400122.76,0.88
stackline_ecommerce,2024-11,2024-Q4,Dermatology,Apoquel,apoquel-s,E-commerce,Region,Midwest,8052,523380.48,0.88
stackline_ecommerce,2024-11,2024-Q4,Vaccines,BioShield Vax,bioshield_vax-l,E-commerce,Region,Midwest,5261,105227.08,0.88
stackline_ecommerce,2024-11,2024-Q4,Vaccines,BioShield Vax,bioshield_vax-s,E-commerce,Region,Midwest,7110,142207.3,0.88
stackline_ecommerce,2024-11,2024-Q4,Dermatology,DermaCalm,dermacalm-l,E-commerce,Region,Midwest,4622,268103.0,0.88
stackline_ecommerce,2024-11,2024-Q4,Dermatology,DermaCalm,dermacalm-s,E-commerce,Region,Midwest,6475,375530.33,0.88
stackline_ecommerce,2024-11,2024-Q4,Petcare Diagnostics,DiagnosTech Vet,diagnostech_vet-l,E-commerce,Region,Midwest,10365,176199.65,0.88
stackline_ecommerce,2024-11,2024-Q4,Petcare Diagnostics,DiagnosTech Vet,diagnostech_vet-s,E-commerce,Region,Midwest,13837,235225.9,0.88
stackline_ecommerce,2024-11,2024-Q4,Parasiticides,FleaStop Pro,fleastop_pro-l,E-commerce,Region,Midwest,8524,179005.43,0.88
stackline_ecommerce,2024-11,2024-Q4,Parasiticides,FleaStop Pro,fleastop_pro-s,E-commerce,Region,Midwest,11606,243731.55,0.88
stackline_ecommerce,2024-11,2024-Q4,Pain/Osteoarthritis,FlexiCare Joint,flexicare_joint-l,E-commerce,Region,Midwest,3511,154484.39,0.88
stackline_ecommerce,2024-11,2024-Q4,Pain/Osteoarthritis,FlexiCare Joint,flexicare_joint-s,E-commerce,Region,Midwest,5417,238349.68,0.88
stackline_ecommerce,2024-11,2024-Q4,Vaccines,ImmunoCore Canine,immunocore_canine-l,E-commerce,Region,Midwest,6136,128850.2,0.88
stackline_ecommerce,2024-11,2024-Q4,Vaccines,ImmunoCore Canine,immunocore_canine-s,E-commerce,Region,Midwest,8910,187107.42,0.88
stackline_ecommerce,2024-11,2024-Q4,Pain/Osteoarthritis,Librela,librela-l,E-commerce,Region,Midwest,3593,172440.04,0.88
stackline_ecommerce,2024-11,2024-Q4,Pain/Osteoarthritis,Librela,librela-s,E-commerce,Region,Midwest,4815,231121.45,0.88
stackline_ecommerce,2024-11,2024-Q4,Pain/Osteoarthritis,OsteoEase Vet,osteoease_vet-l,E-commerce,Region,Midwest,3839,157400.22,0.88
stackline_ecommerce,2024-11,2024-Q4,Pain/Osteoarthritis,OsteoEase Vet,osteoease_vet-s,E-commerce,Region,Midwest,5214,213756.48,0.88
stackline_ecommerce,2024-11,2024-Q4,Pain/Osteoarthritis,PainAway Canine,painaway_canine-l,E-commerce,Region,Midwest,2929,108374.66,0.88
stackline_ecommerce,2024-11,2024-Q4,Pain/Osteoarthritis,PainAway Canine,painaway_canine-s,E-commerce,Region,Midwest,3748,138661.27,0.88
stackline_ecommerce,2024-11,2024-Q4,Petcare Diagnostics,PetLab Analyzer,petlab_analyzer-l,E-commerce,Region,Midwest,5520,82800.04,0.88
stackline_ecommerce,2024-11,2024-Q4,Petcare Diagnostics,PetLab Analyzer,petlab_analyzer-s,E-commerce,Region,Midwest,8036,120538.57,0.88
stackline_ecommerce,2024-11,2024-Q4,Petcare Diagnostics,RapidVet Dx,rapidvet_dx-l,E-commerce,Region,Midwest,9272,148349.08,0.88
stackline_ecommerce,2024-11,2024-Q4,Petcare Diagnostics,RapidVet Dx,rapidvet_dx-s,E-commerce,Region,Midwest,13105,209672.34,0.88
stackline_ecommerce,2024-11,2024-Q4,Parasiticides,Simparica Trio,simparica_trio-l,E-commerce,Region,Midwest,13136,367818.7,0.88
stackline_ecommerce,2024-11,2024-Q4,Parasiticides,Simparica Trio,simparica_trio-s,E-commerce,Region,Midwest,19701,551620.61,0.88
stackline_ecommerce,2024-11,2024-Q4,Dermatology,SkinRelief Pro,skinrelief_pro-l,E-commerce,Region,Midwest,3837,188006.26,0.88
stackline_ecommerce,2024-11,2024-Q4,Dermatology,SkinRelief Pro,skinrelief_pro-s,E-commerce,Region,Midwest,5457,267390.84,0.88
stackline_ecommerce,2024-11,2024-Q4,Parasiticides,TickShield Plus,tickshield_plus-l,E-commerce,Region,Midwest,9489,227724.23,0.88
stackline_ecommerce,2024-11,2024-Q4,Parasiticides,TickShield Plus,tickshield_plus-s,E-commerce,Region,Midwest,13688,328516.08,0.88
stackline_ecommerce,2024-11,2024-Q4,Vaccines,Vanguard,vanguard-l,E-commerce,Region,Midwest,5471,120352.47,0.88
stackline_ecommerce,2024-11,2024-Q4,Vaccines,Vanguard,vanguard-s,E-commerce,Region,Midwest,7564,166409.67,0.88
stackline_ecommerce,2024-11,2024-Q4,Parasiticides,VectraGuard,vectraguard-l,E-commerce,Region,Midwest,11733,305046.01,0.88
stackline_ecommerce,2024-11,2024-Q4,Parasiticides,VectraGuard,vectraguard-s,E-commerce,Region,Midwest,16440,427444.33,0.88
stackline_ecommerce,2024-11,2024-Q4,Vaccines,VetGuard Immunize,vetguard_immunize-l,E-commerce,Region,Midwest,4809,91372.93,0.88
stackline_ecommerce,2024-11,2024-Q4,Vaccines,VetGuard Immunize,vetguard_immunize-s,E-commerce,Region,Midwest,6585,125114.98,0.88
stackline_ecommerce,2024-11,2024-Q4,Vaccines,VetSelect Core Vax,vetselect_core_vax-l,E-commerce,Region,Midwest,4919,68862.42,0.88
stackline_ecommerce,2024-11,2024-Q4,Vaccines,VetSelect Core Vax,vetselect_core_vax-s,E-commerce,Region,Midwest,7004,98058.98,0.88
stackline_ecommerce,2024-11,2024-Q4,Dermatology,VetSelect Derma,vetselect_derma-l,E-commerce,Region,Midwest,4521,171803.45,0.88
stackline_ecommerce,2024-11,2024-Q4,Dermatology,VetSelect Derma,vetselect_derma-s,E-commerce,Region,Midwest,6168,234378.72,0.88
stackline_ecommerce,2024-11,2024-Q4,Petcare Diagnostics,VetSelect Dx,vetselect_dx-l,E-commerce,Region,Midwest,6118,73414.66,0.88
stackline_ecommerce,2024-11,2024-Q4,Petcare Diagnostics,VetSelect Dx,vetselect_dx-s,E-commerce,Region,Midwest,8116,97392.78,0.88
stackline_ecommerce,2024-11,2024-Q4,Parasiticides,VetSelect Flea & Tick,vetselect_flea_and_tick-l,E-commerce,Region,Midwest,12809,217746.4,0.88
stackline_ecommerce,2024-11,2024-Q4,Parasiticides,VetSelect Flea & Tick,vetselect_flea_and_tick-s,E-commerce,Region,Midwest,17241,293095.04,0.88
stackline_ecommerce,2024-11,2024-Q4,Pain/Osteoarthritis,VetSelect Joint,vetselect_joint-l,E-commerce,Region,Midwest,4083,118396.56,0.88
stackline_ecommerce,2024-11,2024-Q4,Pain/Osteoarthritis,VetSelect Joint,vetselect_joint-s,E-commerce,Region,Midwest,5508,159746.29,0.88
stackline_ecommerce,2024-11,2024-Q4,Petcare Diagnostics,Vetscan,vetscan-l,E-commerce,Region,Midwest,9032,162568.23,0.88
stackline_ecommerce,2024-11,2024-Q4,Petcare Diagnostics,Vetscan,vetscan-s,E-commerce,Region,Midwest,12660,227878.28,0.88
stackline_ecommerce,2024-11,2024-Q4,Dermatology,AllerVet RX,allervet_rx-l,E-commerce,Region,Northeast,4408,238035.98,0.88
stackline_ecommerce,2024-11,2024-Q4,Dermatology,AllerVet RX,allervet_rx-s,E-commerce,Region,Northeast,6479,349878.48,0.88
stackline_ecommerce,2024-11,2024-Q4,Dermatology,Apoquel,apoquel-l,E-commerce,Region,Northeast,6511,423214.05,0.88
stackline_ecommerce,2024-11,2024-Q4,Dermatology,Apoquel,apoquel-s,E-commerce,Region,Northeast,8792,571449.73,0.88
stackline_ecommerce,2024-11,2024-Q4,Vaccines,BioShield Vax,bioshield_vax-l,E-commerce,Region,Northeast,5730,114598.7,0.88
stackline_ecommerce,2024-11,2024-Q4,Vaccines,BioShield Vax,bioshield_vax-s,E-commerce,Region,Northeast,7724,154476.13,0.88
stackline_ecommerce,2024-11,2024-Q4,Dermatology,DermaCalm,dermacalm-l,E-commerce,Region,Northeast,4795,278119.89,0.88
stackline_ecommerce,2024-11,2024-Q4,Dermatology,DermaCalm,dermacalm-s,E-commerce,Region,Northeast,6400,371204.62,0.88
stackline_ecommerce,2024-11,2024-Q4,Petcare Diagnostics,DiagnosTech Vet,diagnostech_vet-l,E-commerce,Region,Northeast,10277,174714.1,0.88
stackline_ecommerce,2024-11,2024-Q4,Petcare Diagnostics,DiagnosTech Vet,diagnostech_vet-s,E-commerce,Region,Northeast,15010,255174.37,0.88
stackline_ecommerce,2024-11,2024-Q4,Parasiticides,FleaStop Pro,fleastop_pro-l,E-commerce,Region,Northeast,8495,178401.4,0.88
stackline_ecommerce,2024-11,2024-Q4,Parasiticides,FleaStop Pro,fleastop_pro-s,E-commerce,Region,Northeast,12480,262086.82,0.88
stackline_ecommerce,2024-11,2024-Q4,Pain/Osteoarthritis,FlexiCare Joint,flexicare_joint-l,E-commerce,Region,Northeast,4027,177194.94,0.88
stackline_ecommerce,2024-11,2024-Q4,Pain/Osteoarthritis,FlexiCare Joint,flexicare_joint-s,E-commerce,Region,Northeast,5661,249094.34,0.88
stackline_ecommerce,2024-11,2024-Q4,Vaccines,ImmunoCore Canine,immunocore_canine-l,E-commerce,Region,Northeast,6417,134760.4,0.88
stackline_ecommerce,2024-11,2024-Q4,Vaccines,ImmunoCore Canine,immunocore_canine-s,E-commerce,Region,Northeast,9001,189019.07,0.88
stackline_ecommerce,2024-11,2024-Q4,Pain/Osteoarthritis,Librela,librela-l,E-commerce,Region,Northeast,3721,178629.11,0.88
stackline_ecommerce,2024-11,2024-Q4,Pain/Osteoarthritis,Librela,librela-s,E-commerce,Region,Northeast,5304,254577.33,0.88
stackline_ecommerce,2024-11,2024-Q4,Pain/Osteoarthritis,OsteoEase Vet,osteoease_vet-l,E-commerce,Region,Northeast,4020,164808.18,0.88
stackline_ecommerce,2024-11,2024-Q4,Pain/Osteoarthritis,OsteoEase Vet,osteoease_vet-s,E-commerce,Region,Northeast,5173,212091.0,0.88
stackline_ecommerce,2024-11,2024-Q4,Pain/Osteoarthritis,PainAway Canine,painaway_canine-l,E-commerce,Region,Northeast,3188,117938.72,0.88
stackline_ecommerce,2024-11,2024-Q4,Pain/Osteoarthritis,PainAway Canine,painaway_canine-s,E-commerce,Region,Northeast,4177,154548.72,0.88
stackline_ecommerce,2024-11,2024-Q4,Petcare Diagnostics,PetLab Analyzer,petlab_analyzer-l,E-commerce,Region,Northeast,6132,91975.17,0.88
stackline_ecommerce,2024-11,2024-Q4,Petcare Diagnostics,PetLab Analyzer,petlab_analyzer-s,E-commerce,Region,Northeast,8286,124290.21,0.88
stackline_ecommerce,2024-11,2024-Q4,Petcare Diagnostics,RapidVet Dx,rapidvet_dx-l,E-commerce,Region,Northeast,10128,162048.41,0.88
stackline_ecommerce,2024-11,2024-Q4,Petcare Diagnostics,RapidVet Dx,rapidvet_dx-s,E-commerce,Region,Northeast,14010,224154.51,0.88
stackline_ecommerce,2024-11,2024-Q4,Parasiticides,Simparica Trio,simparica_trio-l,E-commerce,Region,Northeast,14598,408750.43,0.88
stackline_ecommerce,2024-11,2024-Q4,Parasiticides,Simparica Trio,simparica_trio-s,E-commerce,Region,Northeast,21242,594787.1,0.88
stackline_ecommerce,2024-11,2024-Q4,Dermatology,SkinRelief Pro,skinrelief_pro-l,E-commerce,Region,Northeast,3745,183514.99,0.88
stackline_ecommerce,2024-11,2024-Q4,Dermatology,SkinRelief Pro,skinrelief_pro-s,E-commerce,Region,Northeast,5398,264503.29,0.88
stackline_ecommerce,2024-11,2024-Q4,Parasiticides,TickShield Plus,tickshield_plus-l,E-commerce,Region,Northeast,11247,269929.75,0.88
stackline_ecommerce,2024-11,2024-Q4,Parasiticides,TickShield Plus,tickshield_plus-s,E-commerce,Region,Northeast,15243,365837.38,0.88
stackline_ecommerce,2024-11,2024-Q4,Vaccines,Vanguard,vanguard-l,E-commerce,Region,Northeast,5911,130048.0,0.88
stackline_ecommerce,2024-11,2024-Q4,Vaccines,Vanguard,vanguard-s,E-commerce,Region,Northeast,8195,180289.46,0.88
stackline_ecommerce,2024-11,2024-Q4,Parasiticides,VectraGuard,vectraguard-l,E-commerce,Region,Northeast,11961,310993.18,0.88
stackline_ecommerce,2024-11,2024-Q4,Parasiticides,VectraGuard,vectraguard-s,E-commerce,Region,Northeast,16965,441085.12,0.88
stackline_ecommerce,2024-11,2024-Q4,Vaccines,VetGuard Immunize,vetguard_immunize-l,E-commerce,Region,Northeast,5222,99221.0,0.88
stackline_ecommerce,2024-11,2024-Q4,Vaccines,VetGuard Immunize,vetguard_immunize-s,E-commerce,Region,Northeast,6941,131869.79,0.88
stackline_ecommerce,2024-11,2024-Q4,Vaccines,VetSelect Core Vax,vetselect_core_vax-l,E-commerce,Region,Northeast,5672,79410.66,0.88
stackline_ecommerce,2024-11,2024-Q4,Vaccines,VetSelect Core Vax,vetselect_core_vax-s,E-commerce,Region,Northeast,7776,108866.02,0.88
stackline_ecommerce,2024-11,2024-Q4,Dermatology,VetSelect Derma,vetselect_derma-l,E-commerce,Region,Northeast,4344,165069.2,0.88
stackline_ecommerce,2024-11,2024-Q4,Dermatology,VetSelect Derma,vetselect_derma-s,E-commerce,Region,Northeast,5892,223877.38,0.88
stackline_ecommerce,2024-11,2024-Q4,Petcare Diagnostics,VetSelect Dx,vetselect_dx-l,E-commerce,Region,Northeast,5922,71063.88,0.88
stackline_ecommerce,2024-11,2024-Q4,Petcare Diagnostics,VetSelect Dx,vetselect_dx-s,E-commerce,Region,Northeast,8966,107596.25,0.88
stackline_ecommerce,2024-11,2024-Q4,Parasiticides,VetSelect Flea & Tick,vetselect_flea_and_tick-l,E-commerce,Region,Northeast,14060,239027.01,0.88
stackline_ecommerce,2024-11,2024-Q4,Parasiticides,VetSelect Flea & Tick,vetselect_flea_and_tick-s,E-commerce,Region,Northeast,17946,305085.4,0.88
stackline_ecommerce,2024-11,2024-Q4,Pain/Osteoarthritis,VetSelect Joint,vetselect_joint-l,E-commerce,Region,Northeast,4118,119411.66,0.88
stackline_ecommerce,2024-11,2024-Q4,Pain/Osteoarthritis,VetSelect Joint,vetselect_joint-s,E-commerce,Region,Northeast,5437,157665.1,0.88
stackline_ecommerce,2024-11,2024-Q4,Petcare Diagnostics,Vetscan,vetscan-l,E-commerce,Region,Northeast,9819,176733.35,0.88
stackline_ecommerce,2024-11,2024-Q4,Petcare Diagnostics,Vetscan,vetscan-s,E-commerce,Region,Northeast,13173,237122.65,0.88
stackline_ecommerce,2024-11,2024-Q4,Dermatology,AllerVet RX,allervet_rx-l,E-commerce,Region,South,6936,374561.38,0.88
stackline_ecommerce,2024-11,2024-Q4,Dermatology,AllerVet RX,allervet_rx-s,E-commerce,Region,South,8838,477239.12,0.88
stackline_ecommerce,2024-11,2024-Q4,Dermatology,Apoquel,apoquel-l,E-commerce,Region,South,9963,647579.95,0.88
stackline_ecommerce,2024-11,2024-Q4,Dermatology,Apoquel,apoquel-s,E-commerce,Region,South,13620,885305.25,0.88
stackline_ecommerce,2024-11,2024-Q4,Vaccines,BioShield Vax,bioshield_vax-l,E-commerce,Region,South,8573,171469.38,0.88
stackline_ecommerce,2024-11,2024-Q4,Vaccines,BioShield Vax,bioshield_vax-s,E-commerce,Region,South,12252,245048.99,0.88
stackline_ecommerce,2024-11,2024-Q4,Dermatology,DermaCalm,dermacalm-l,E-commerce,Region,South,7451,432169.68,0.88
stackline_ecommerce,2024-11,2024-Q4,Dermatology,DermaCalm,dermacalm-s,E-commerce,Region,South,10642,617216.81,0.88
stackline_ecommerce,2024-11,2024-Q4,Petcare Diagnostics,DiagnosTech Vet,diagnostech_vet-l,E-commerce,Region,South,16777,285203.57,0.88
stackline_ecommerce,2024-11,2024-Q4,Petcare Diagnostics,DiagnosTech Vet,diagnostech_vet-s,E-commerce,Region,South,22812,387802.88,0.88
stackline_ecommerce,2024-11,2024-Q4,Parasiticides,FleaStop Pro,fleastop_pro-l,E-commerce,Region,South,13488,283257.79,0.88
stackline_ecommerce,2024-11,2024-Q4,Parasiticides,FleaStop Pro,fleastop_pro-s,E-commerce,Region,South,20136,422858.01,0.88
stackline_ecommerce,2024-11,2024-Q4,Pain/Osteoarthritis,FlexiCare Joint,flexicare_joint-l,E-commerce,Region,South,6531,287377.15,0.88
stackline_ecommerce,2024-11,2024-Q4,Pain/Osteoarthritis,FlexiCare Joint,flexicare_joint-s,E-commerce,Region,South,8596,378208.15,0.88
stackline_ecommerce,2024-11,2024-Q4,Vaccines,ImmunoCore Canine,immunocore_canine-l,E-commerce,Region,South,9989,209777.41,0.88
stackline_ecommerce,2024-11,2024-Q4,Vaccines,ImmunoCore Canine,immunocore_canine-s,E-commerce,Region,South,13539,284311.43,0.88
stackline_ecommerce,2024-11,2024-Q4,Pain/Osteoarthritis,Librela,librela-l,E-commerce,Region,South,6239,299492.56,0.88
stackline_ecommerce,2024-11,2024-Q4,Pain/Osteoarthritis,Librela,librela-s,E-commerce,Region,South,8104,389012.56,0.88
stackline_ecommerce,2024-11,2024-Q4,Pain/Osteoarthritis,OsteoEase Vet,osteoease_vet-l,E-commerce,Region,South,5365,219979.95,0.88
stackline_ecommerce,2024-11,2024-Q4,Pain/Osteoarthritis,OsteoEase Vet,osteoease_vet-s,E-commerce,Region,South,8026,329083.71,0.88
stackline_ecommerce,2024-11,2024-Q4,Pain/Osteoarthritis,PainAway Canine,painaway_canine-l,E-commerce,Region,South,4800,177614.12,0.88
stackline_ecommerce,2024-11,2024-Q4,Pain/Osteoarthritis,PainAway Canine,painaway_canine-s,E-commerce,Region,South,6605,244383.29,0.88
stackline_ecommerce,2024-11,2024-Q4,Petcare Diagnostics,PetLab Analyzer,petlab_analyzer-l,E-commerce,Region,South,9291,139371.58,0.88
stackline_ecommerce,2024-11,2024-Q4,Petcare Diagnostics,PetLab Analyzer,petlab_analyzer-s,E-commerce,Region,South,13313,199688.33,0.88
stackline_ecommerce,2024-11,2024-Q4,Petcare Diagnostics,RapidVet Dx,rapidvet_dx-l,E-commerce,Region,South,15108,241721.32,0.88
stackline_ecommerce,2024-11,2024-Q4,Petcare Diagnostics,RapidVet Dx,rapidvet_dx-s,E-commerce,Region,South,19605,313683.36,0.88
stackline_ecommerce,2024-11,2024-Q4,Parasiticides,Simparica Trio,simparica_trio-l,E-commerce,Region,South,23244,650836.72,0.88
stackline_ecommerce,2024-11,2024-Q4,Parasiticides,Simparica Trio,simparica_trio-s,E-commerce,Region,South,31146,872078.99,0.88
stackline_ecommerce,2024-11,2024-Q4,Dermatology,SkinRelief Pro,skinrelief_pro-l,E-commerce,Region,South,5577,273291.46,0.88
stackline_ecommerce,2024-11,2024-Q4,Dermatology,SkinRelief Pro,skinrelief_pro-s,E-commerce,Region,South,7759,380200.63,0.88
stackline_ecommerce,2024-11,2024-Q4,Parasiticides,TickShield Plus,tickshield_plus-l,E-commerce,Region,South,15426,370219.25,0.88
stackline_ecommerce,2024-11,2024-Q4,Parasiticides,TickShield Plus,tickshield_plus-s,E-commerce,Region,South,20683,496389.42,0.88
stackline_ecommerce,2024-11,2024-Q4,Vaccines,Vanguard,vanguard-l,E-commerce,Region,South,8901,195815.33,0.88
stackline_ecommerce,2024-11,2024-Q4,Vaccines,Vanguard,vanguard-s,E-commerce,Region,South,11817,259976.46,0.88
stackline_ecommerce,2024-11,2024-Q4,Parasiticides,VectraGuard,vectraguard-l,E-commerce,Region,South,18200,473206.93,0.88
stackline_ecommerce,2024-11,2024-Q4,Parasiticides,VectraGuard,vectraguard-s,E-commerce,Region,South,25420,660916.37,0.88
stackline_ecommerce,2024-11,2024-Q4,Vaccines,VetGuard Immunize,vetguard_immunize-l,E-commerce,Region,South,8163,155089.62,0.88
stackline_ecommerce,2024-11,2024-Q4,Vaccines,VetGuard Immunize,vetguard_immunize-s,E-commerce,Region,South,10922,207514.35,0.88
stackline_ecommerce,2024-11,2024-Q4,Vaccines,VetSelect Core Vax,vetselect_core_vax-l,E-commerce,Region,South,8532,119445.32,0.88
stackline_ecommerce,2024-11,2024-Q4,Vaccines,VetSelect Core Vax,vetselect_core_vax-s,E-commerce,Region,South,12154,170152.83,0.88
stackline_ecommerce,2024-11,2024-Q4,Dermatology,VetSelect Derma,vetselect_derma-l,E-commerce,Region,South,6708,254891.6,0.88
stackline_ecommerce,2024-11,2024-Q4,Dermatology,VetSelect Derma,vetselect_derma-s,E-commerce,Region,South,8856,336520.01,0.88
stackline_ecommerce,2024-11,2024-Q4,Petcare Diagnostics,VetSelect Dx,vetselect_dx-l,E-commerce,Region,South,9275,111299.38,0.88
stackline_ecommerce,2024-11,2024-Q4,Petcare Diagnostics,VetSelect Dx,vetselect_dx-s,E-commerce,Region,South,13709,164512.79,0.88
stackline_ecommerce,2024-11,2024-Q4,Parasiticides,VetSelect Flea & Tick,vetselect_flea_and_tick-l,E-commerce,Region,South,20303,345150.61,0.88
stackline_ecommerce,2024-11,2024-Q4,Parasiticides,VetSelect Flea & Tick,vetselect_flea_and_tick-s,E-commerce,Region,South,31907,542413.5,0.88
stackline_ecommerce,2024-11,2024-Q4,Pain/Osteoarthritis,VetSelect Joint,vetselect_joint-l,E-commerce,Region,South,6286,182281.49,0.88
stackline_ecommerce,2024-11,2024-Q4,Pain/Osteoarthritis,VetSelect Joint,vetselect_joint-s,E-commerce,Region,South,8962,259908.06,0.88
stackline_ecommerce,2024-11,2024-Q4,Petcare Diagnostics,Vetscan,vetscan-l,E-commerce,Region,South,16548,297867.29,0.88
stackline_ecommerce,2024-11,2024-Q4,Petcare Diagnostics,Vetscan,vetscan-s,E-commerce,Region,South,21366,384589.54,0.88
stackline_ecommerce,2024-11,2024-Q4,Dermatology,AllerVet RX,allervet_rx-l,E-commerce,Region,West,4929,266143.02,0.88
stackline_ecommerce,2024-11,2024-Q4,Dermatology,AllerVet RX,allervet_rx-s,E-commerce,Region,West,6649,359035.66,0.88
stackline_ecommerce,2024-11,2024-Q4,Dermatology,Apoquel,apoquel-l,E-commerce,Region,West,6337,411935.77,0.88
stackline_ecommerce,2024-11,2024-Q4,Dermatology,Apoquel,apoquel-s,E-commerce,Region,West,8889,577809.14,0.88
stackline_ecommerce,2024-11,2024-Q4,Vaccines,BioShield Vax,bioshield_vax-l,E-commerce,Region,West,5365,107307.38,0.88
stackline_ecommerce,2024-11,2024-Q4,Vaccines,BioShield Vax,bioshield_vax-s,E-commerce,Region,West,7464,149287.55,0.88
stackline_ecommerce,2024-11,2024-Q4,Dermatology,DermaCalm,dermacalm-l,E-commerce,Region,West,5416,314124.83,0.88
stackline_ecommerce,2024-11,2024-Q4,Dermatology,DermaCalm,dermacalm-s,E-commerce,Region,West,6799,394367.62,0.88
stackline_ecommerce,2024-11,2024-Q4,Petcare Diagnostics,DiagnosTech Vet,diagnostech_vet-l,E-commerce,Region,West,10934,185870.0,0.88
stackline_ecommerce,2024-11,2024-Q4,Petcare Diagnostics,DiagnosTech Vet,diagnostech_vet-s,E-commerce,Region,West,14854,252516.33,0.88
stackline_ecommerce,2024-11,2024-Q4,Parasiticides,FleaStop Pro,fleastop_pro-l,E-commerce,Region,West,9047,189979.3,0.88
stackline_ecommerce,2024-11,2024-Q4,Parasiticides,FleaStop Pro,fleastop_pro-s,E-commerce,Region,West,12498,262456.34,0.88
stackline_ecommerce,2024-11,2024-Q4,Pain/Osteoarthritis,FlexiCare Joint,flexicare_joint-l,E-commerce,Region,West,3709,163198.22,0.88
stackline_ecommerce,2024-11,2024-Q4,Pain/Osteoarthritis,FlexiCare Joint,flexicare_joint-s,E-commerce,Region,West,5291,232821.05,0.88
stackline_ecommerce,2024-11,2024-Q4,Vaccines,ImmunoCore Canine,immunocore_canine-l,E-commerce,Region,West,6991,146803.45,0.88
stackline_ecommerce,2024-11,2024-Q4,Vaccines,ImmunoCore Canine,immunocore_canine-s,E-commerce,Region,West,9465,198760.67,0.88
stackline_ecommerce,2024-11,2024-Q4,Pain/Osteoarthritis,Librela,librela-l,E-commerce,Region,West,3784,181622.79,0.88
stackline_ecommerce,2024-11,2024-Q4,Pain/Osteoarthritis,Librela,librela-s,E-commerce,Region,West,5215,250309.18,0.88
stackline_ecommerce,2024-11,2024-Q4,Pain/Osteoarthritis,OsteoEase Vet,osteoease_vet-l,E-commerce,Region,West,3722,152617.9,0.88
stackline_ecommerce,2024-11,2024-Q4,Pain/Osteoarthritis,OsteoEase Vet,osteoease_vet-s,E-commerce,Region,West,5368,220083.3,0.88
stackline_ecommerce,2024-11,2024-Q4,Pain/Osteoarthritis,PainAway Canine,painaway_canine-l,E-commerce,Region,West,3239,119826.29,0.88
stackline_ecommerce,2024-11,2024-Q4,Pain/Osteoarthritis,PainAway Canine,painaway_canine-s,E-commerce,Region,West,4715,174453.15,0.88
stackline_ecommerce,2024-11,2024-Q4,Petcare Diagnostics,PetLab Analyzer,petlab_analyzer-l,E-commerce,Region,West,5845,87668.32,0.88
stackline_ecommerce,2024-11,2024-Q4,Petcare Diagnostics,PetLab Analyzer,petlab_analyzer-s,E-commerce,Region,West,7880,118200.77,0.88
stackline_ecommerce,2024-11,2024-Q4,Petcare Diagnostics,RapidVet Dx,rapidvet_dx-l,E-commerce,Region,West,9619,153899.36,0.88
stackline_ecommerce,2024-11,2024-Q4,Petcare Diagnostics,RapidVet Dx,rapidvet_dx-s,E-commerce,Region,West,14337,229396.13,0.88
stackline_ecommerce,2024-11,2024-Q4,Parasiticides,Simparica Trio,simparica_trio-l,E-commerce,Region,West,13948,390535.15,0.88
stackline_ecommerce,2024-11,2024-Q4,Parasiticides,Simparica Trio,simparica_trio-s,E-commerce,Region,West,18637,521823.02,0.88
stackline_ecommerce,2024-11,2024-Q4,Dermatology,SkinRelief Pro,skinrelief_pro-l,E-commerce,Region,West,4189,205242.43,0.88
stackline_ecommerce,2024-11,2024-Q4,Dermatology,SkinRelief Pro,skinrelief_pro-s,E-commerce,Region,West,5858,287045.21,0.88
stackline_ecommerce,2024-11,2024-Q4,Parasiticides,TickShield Plus,tickshield_plus-l,E-commerce,Region,West,10197,244729.6,0.88
stackline_ecommerce,2024-11,2024-Q4,Parasiticides,TickShield Plus,tickshield_plus-s,E-commerce,Region,West,13485,323640.83,0.88
stackline_ecommerce,2024-11,2024-Q4,Vaccines,Vanguard,vanguard-l,E-commerce,Region,West,6163,135588.28,0.88
stackline_ecommerce,2024-11,2024-Q4,Vaccines,Vanguard,vanguard-s,E-commerce,Region,West,8274,182032.91,0.88
stackline_ecommerce,2024-11,2024-Q4,Parasiticides,VectraGuard,vectraguard-l,E-commerce,Region,West,12239,318221.95,0.88
stackline_ecommerce,2024-11,2024-Q4,Parasiticides,VectraGuard,vectraguard-s,E-commerce,Region,West,17555,456418.88,0.88
stackline_ecommerce,2024-11,2024-Q4,Vaccines,VetGuard Immunize,vetguard_immunize-l,E-commerce,Region,West,4903,93153.19,0.88
stackline_ecommerce,2024-11,2024-Q4,Vaccines,VetGuard Immunize,vetguard_immunize-s,E-commerce,Region,West,6720,127684.16,0.88
stackline_ecommerce,2024-11,2024-Q4,Vaccines,VetSelect Core Vax,vetselect_core_vax-l,E-commerce,Region,West,5572,78009.39,0.88
stackline_ecommerce,2024-11,2024-Q4,Vaccines,VetSelect Core Vax,vetselect_core_vax-s,E-commerce,Region,West,7285,101985.24,0.88
stackline_ecommerce,2024-11,2024-Q4,Dermatology,VetSelect Derma,vetselect_derma-l,E-commerce,Region,West,4654,176870.54,0.88
stackline_ecommerce,2024-11,2024-Q4,Dermatology,VetSelect Derma,vetselect_derma-s,E-commerce,Region,West,6114,232344.44,0.88
stackline_ecommerce,2024-11,2024-Q4,Petcare Diagnostics,VetSelect Dx,vetselect_dx-l,E-commerce,Region,West,5860,70318.87,0.88
stackline_ecommerce,2024-11,2024-Q4,Petcare Diagnostics,VetSelect Dx,vetselect_dx-s,E-commerce,Region,West,8423,101077.09,0.88
stackline_ecommerce,2024-11,2024-Q4,Parasiticides,VetSelect Flea & Tick,vetselect_flea_and_tick-l,E-commerce,Region,West,14768,251056.51,0.88
stackline_ecommerce,2024-11,2024-Q4,Parasiticides,VetSelect Flea & Tick,vetselect_flea_and_tick-s,E-commerce,Region,West,20189,343206.36,0.88
stackline_ecommerce,2024-11,2024-Q4,Pain/Osteoarthritis,VetSelect Joint,vetselect_joint-l,E-commerce,Region,West,4574,132647.97,0.88
stackline_ecommerce,2024-11,2024-Q4,Pain/Osteoarthritis,VetSelect Joint,vetselect_joint-s,E-commerce,Region,West,6183,179304.3,0.88
stackline_ecommerce,2024-11,2024-Q4,Petcare Diagnostics,Vetscan,vetscan-l,E-commerce,Region,West,11197,201551.93,0.88
stackline_ecommerce,2024-11,2024-Q4,Petcare Diagnostics,Vetscan,vetscan-s,E-commerce,Region,West,14638,263491.64,0.88
stackline_ecommerce,2024-12,2024-Q4,Dermatology,AllerVet RX,allervet_rx-l,E-commerce,National,National,18156,980396.08,0.88
stackline_ecommerce,2024-12,2024-Q4,Dermatology,AllerVet RX,allervet_rx-s,E-commerce,National,National,25528,1378546.91,0.88
stackline_ecommerce,2024-12,2024-Q4,Dermatology,Apoquel,apoquel-l,E-commerce,National,National,28668,1863401.25,0.88
stackline_ecommerce,2024-12,2024-Q4,Dermatology,Apoquel,apoquel-s,E-commerce,National,National,39414,2561862.96,0.88
stackline_ecommerce,2024-12,2024-Q4,Vaccines,BioShield Vax,bioshield_vax-l,E-commerce,National,National,25024,500476.91,0.88
stackline_ecommerce,2024-12,2024-Q4,Vaccines,BioShield Vax,bioshield_vax-s,E-commerce,National,National,35755,715110.76,0.88
stackline_ecommerce,2024-12,2024-Q4,Dermatology,DermaCalm,dermacalm-l,E-commerce,National,National,22023,1277300.01,0.88
stackline_ecommerce,2024-12,2024-Q4,Dermatology,DermaCalm,dermacalm-s,E-commerce,National,National,29983,1738948.62,0.88
stackline_ecommerce,2024-12,2024-Q4,Petcare Diagnostics,DiagnosTech Vet,diagnostech_vet-l,E-commerce,National,National,50944,866061.82,0.88
stackline_ecommerce,2024-12,2024-Q4,Petcare Diagnostics,DiagnosTech Vet,diagnostech_vet-s,E-commerce,National,National,69833,1187163.15,0.88
stackline_ecommerce,2024-12,2024-Q4,Parasiticides,FleaStop Pro,fleastop_pro-l,E-commerce,National,National,37841,794649.09,0.88
stackline_ecommerce,2024-12,2024-Q4,Parasiticides,FleaStop Pro,fleastop_pro-s,E-commerce,National,National,51476,1080987.0,0.88
stackline_ecommerce,2024-12,2024-Q4,Pain/Osteoarthritis,FlexiCare Joint,flexicare_joint-l,E-commerce,National,National,20002,880063.52,0.88
stackline_ecommerce,2024-12,2024-Q4,Pain/Osteoarthritis,FlexiCare Joint,flexicare_joint-s,E-commerce,National,National,27597,1214263.84,0.88
stackline_ecommerce,2024-12,2024-Q4,Vaccines,ImmunoCore Canine,immunocore_canine-l,E-commerce,National,National,31815,668126.32,0.88
stackline_ecommerce,2024-12,2024-Q4,Vaccines,ImmunoCore Canine,immunocore_canine-s,E-commerce,National,National,44309,930470.84,0.88
stackline_ecommerce,2024-12,2024-Q4,Pain/Osteoarthritis,Librela,librela-l,E-commerce,National,National,17757,852306.46,0.88
stackline_ecommerce,2024-12,2024-Q4,Pain/Osteoarthritis,Librela,librela-s,E-commerce,National,National,24440,1173101.88,0.88
stackline_ecommerce,2024-12,2024-Q4,Pain/Osteoarthritis,OsteoEase Vet,osteoease_vet-l,E-commerce,National,National,18033,739377.92,0.88
stackline_ecommerce,2024-12,2024-Q4,Pain/Osteoarthritis,OsteoEase Vet,osteoease_vet-s,E-commerce,National,National,25322,1038209.06,0.88
stackline_ecommerce,2024-12,2024-Q4,Pain/Osteoarthritis,PainAway Canine,painaway_canine-l,E-commerce,National,National,16926,626286.25,0.88
stackline_ecommerce,2024-12,2024-Q4,Pain/Osteoarthritis,PainAway Canine,painaway_canine-s,E-commerce,National,National,23358,864256.07,0.88
stackline_ecommerce,2024-12,2024-Q4,Petcare Diagnostics,PetLab Analyzer,petlab_analyzer-l,E-commerce,National,National,29140,437097.54,0.88
stackline_ecommerce,2024-12,2024-Q4,Petcare Diagnostics,PetLab Analyzer,petlab_analyzer-s,E-commerce,National,National,40317,604766.82,0.88
stackline_ecommerce,2024-12,2024-Q4,Petcare Diagnostics,RapidVet Dx,rapidvet_dx-l,E-commerce,National,National,47256,756087.07,0.88
stackline_ecommerce,2024-12,2024-Q4,Petcare Diagnostics,RapidVet Dx,rapidvet_dx-s,E-commerce,National,National,64098,1025571.01,0.88
stackline_ecommerce,2024-12,2024-Q4,Parasiticides,Simparica Trio,simparica_trio-l,E-commerce,National,National,62250,1743018.92,0.88
stackline_ecommerce,2024-12,2024-Q4,Parasiticides,Simparica Trio,simparica_trio-s,E-commerce,National,National,86404,2419302.09,0.88
stackline_ecommerce,2024-12,2024-Q4,Dermatology,SkinRelief Pro,skinrelief_pro-l,E-commerce,National,National,16743,820422.17,0.88
stackline_ecommerce,2024-12,2024-Q4,Dermatology,SkinRelief Pro,skinrelief_pro-s,E-commerce,National,National,23110,1132420.99,0.88
stackline_ecommerce,2024-12,2024-Q4,Parasiticides,TickShield Plus,tickshield_plus-l,E-commerce,National,National,44200,1060808.66,0.88
stackline_ecommerce,2024-12,2024-Q4,Parasiticides,TickShield Plus,tickshield_plus-s,E-commerce,National,National,61285,1470866.13,0.88
stackline_ecommerce,2024-12,2024-Q4,Vaccines,Vanguard,vanguard-l,E-commerce,National,National,26910,591990.38,0.88
stackline_ecommerce,2024-12,2024-Q4,Vaccines,Vanguard,vanguard-s,E-commerce,National,National,36659,806517.01,0.88
stackline_ecommerce,2024-12,2024-Q4,Parasiticides,VectraGuard,vectraguard-l,E-commerce,National,National,51619,1342098.47,0.88
stackline_ecommerce,2024-12,2024-Q4,Parasiticides,VectraGuard,vectraguard-s,E-commerce,National,National,73717,1916646.33,0.88
stackline_ecommerce,2024-12,2024-Q4,Vaccines,VetGuard Immunize,vetguard_immunize-l,E-commerce,National,National,21714,412574.43,0.88
stackline_ecommerce,2024-12,2024-Q4,Vaccines,VetGuard Immunize,vetguard_immunize-s,E-commerce,National,National,30313,575943.51,0.88
stackline_ecommerce,2024-12,2024-Q4,Vaccines,VetSelect Core Vax,vetselect_core_vax-l,E-commerce,National,National,25447,356256.29,0.88
stackline_ecommerce,2024-12,2024-Q4,Vaccines,VetSelect Core Vax,vetselect_core_vax-s,E-commerce,National,National,35061,490855.77,0.88
stackline_ecommerce,2024-12,2024-Q4,Dermatology,VetSelect Derma,vetselect_derma-l,E-commerce,National,National,18796,714268.76,0.88
stackline_ecommerce,2024-12,2024-Q4,Dermatology,VetSelect Derma,vetselect_derma-s,E-commerce,National,National,26594,1010584.33,0.88
stackline_ecommerce,2024-12,2024-Q4,Petcare Diagnostics,VetSelect Dx,vetselect_dx-l,E-commerce,National,National,28275,339306.28,0.88
stackline_ecommerce,2024-12,2024-Q4,Petcare Diagnostics,VetSelect Dx,vetselect_dx-s,E-commerce,National,National,40216,482588.37,0.88
stackline_ecommerce,2024-12,2024-Q4,Parasiticides,VetSelect Flea & Tick,vetselect_flea_and_tick-l,E-commerce,National,National,63588,1080997.16,0.88
stackline_ecommerce,2024-12,2024-Q4,Parasiticides,VetSelect Flea & Tick,vetselect_flea_and_tick-s,E-commerce,National,National,87385,1485544.64,0.88
stackline_ecommerce,2024-12,2024-Q4,Pain/Osteoarthritis,VetSelect Joint,vetselect_joint-l,E-commerce,National,National,19378,561938.63,0.88
stackline_ecommerce,2024-12,2024-Q4,Pain/Osteoarthritis,VetSelect Joint,vetselect_joint-s,E-commerce,National,National,26546,769835.19,0.88
stackline_ecommerce,2024-12,2024-Q4,Petcare Diagnostics,Vetscan,vetscan-l,E-commerce,National,National,50918,916519.93,0.88
stackline_ecommerce,2024-12,2024-Q4,Petcare Diagnostics,Vetscan,vetscan-s,E-commerce,National,National,69674,1254112.77,0.88
stackline_ecommerce,2024-12,2024-Q4,Dermatology,AllerVet RX,allervet_rx-l,E-commerce,Region,Midwest,3873,209117.91,0.88
stackline_ecommerce,2024-12,2024-Q4,Dermatology,AllerVet RX,allervet_rx-s,E-commerce,Region,Midwest,5296,286003.21,0.88
stackline_ecommerce,2024-12,2024-Q4,Dermatology,Apoquel,apoquel-l,E-commerce,Region,Midwest,6065,394231.94,0.88
stackline_ecommerce,2024-12,2024-Q4,Dermatology,Apoquel,apoquel-s,E-commerce,Region,Midwest,8811,572696.92,0.88
stackline_ecommerce,2024-12,2024-Q4,Vaccines,BioShield Vax,bioshield_vax-l,E-commerce,Region,Midwest,5489,109775.15,0.88
stackline_ecommerce,2024-12,2024-Q4,Vaccines,BioShield Vax,bioshield_vax-s,E-commerce,Region,Midwest,7686,153725.1,0.88
stackline_ecommerce,2024-12,2024-Q4,Dermatology,DermaCalm,dermacalm-l,E-commerce,Region,Midwest,4749,275422.73,0.88
stackline_ecommerce,2024-12,2024-Q4,Dermatology,DermaCalm,dermacalm-s,E-commerce,Region,Midwest,6285,364529.86,0.88
stackline_ecommerce,2024-12,2024-Q4,Petcare Diagnostics,DiagnosTech Vet,diagnostech_vet-l,E-commerce,Region,Midwest,10853,184501.06,0.88
stackline_ecommerce,2024-12,2024-Q4,Petcare Diagnostics,DiagnosTech Vet,diagnostech_vet-s,E-commerce,Region,Midwest,15418,262109.22,0.88
stackline_ecommerce,2024-12,2024-Q4,Parasiticides,FleaStop Pro,fleastop_pro-l,E-commerce,Region,Midwest,7693,161543.38,0.88
stackline_ecommerce,2024-12,2024-Q4,Parasiticides,FleaStop Pro,fleastop_pro-s,E-commerce,Region,Midwest,10471,219893.8,0.88
stackline_ecommerce,2024-12,2024-Q4,Pain/Osteoarthritis,FlexiCare Joint,flexicare_joint-l,E-commerce,Region,Midwest,4144,182314.99,0.88
stackline_ecommerce,2024-12,2024-Q4,Pain/Osteoarthritis,FlexiCare Joint,flexicare_joint-s,E-commerce,Region,Midwest,5580,245512.73,0.88
stackline_ecommerce,2024-12,2024-Q4,Vaccines,ImmunoCore Canine,immunocore_canine-l,E-commerce,Region,Midwest,6634,139309.91,0.88
stackline_ecommerce,2024-12,2024-Q4,Vaccines,ImmunoCore Canine,immunocore_canine-s,E-commerce,Region,Midwest,9403,197453.05,0.88
stackline_ecommerce,2024-12,2024-Q4,Pain/Osteoarthritis,Librela,librela-l,E-commerce,Region,Midwest,3486,167351.06,0.88
stackline_ecommerce,2024-12,2024-Q4,Pain/Osteoarthritis,Librela,librela-s,E-commerce,Region,Midwest,5041,241978.98,0.88
stackline_ecommerce,2024-12,2024-Q4,Pain/Osteoarthritis,OsteoEase Vet,osteoease_vet-l,E-commerce,Region,Midwest,3957,162244.57,0.88
stackline_ecommerce,2024-12,2024-Q4,Pain/Osteoarthritis,OsteoEase Vet,osteoease_vet-s,E-commerce,Region,Midwest,5547,227434.93,0.88
stackline_ecommerce,2024-12,2024-Q4,Pain/Osteoarthritis,PainAway Canine,painaway_canine-l,E-commerce,Region,Midwest,3491,129174.32,0.88
stackline_ecommerce,2024-12,2024-Q4,Pain/Osteoarthritis,PainAway Canine,painaway_canine-s,E-commerce,Region,Midwest,4775,176668.87,0.88
stackline_ecommerce,2024-12,2024-Q4,Petcare Diagnostics,PetLab Analyzer,petlab_analyzer-l,E-commerce,Region,Midwest,6439,96584.91,0.88
stackline_ecommerce,2024-12,2024-Q4,Petcare Diagnostics,PetLab Analyzer,petlab_analyzer-s,E-commerce,Region,Midwest,8799,131991.65,0.88
stackline_ecommerce,2024-12,2024-Q4,Petcare Diagnostics,RapidVet Dx,rapidvet_dx-l,E-commerce,Region,Midwest,9654,154464.75,0.88
stackline_ecommerce,2024-12,2024-Q4,Petcare Diagnostics,RapidVet Dx,rapidvet_dx-s,E-commerce,Region,Midwest,13132,210113.59,0.88
stackline_ecommerce,2024-12,2024-Q4,Parasiticides,Simparica Trio,simparica_trio-l,E-commerce,Region,Midwest,12611,353104.83,0.88
stackline_ecommerce,2024-12,2024-Q4,Parasiticides,Simparica Trio,simparica_trio-s,E-commerce,Region,Midwest,16775,469688.84,0.88
stackline_ecommerce,2024-12,2024-Q4,Dermatology,SkinRelief Pro,skinrelief_pro-l,E-commerce,Region,Midwest,3448,168951.35,0.88
stackline_ecommerce,2024-12,2024-Q4,Dermatology,SkinRelief Pro,skinrelief_pro-s,E-commerce,Region,Midwest,4514,221203.78,0.88
stackline_ecommerce,2024-12,2024-Q4,Parasiticides,TickShield Plus,tickshield_plus-l,E-commerce,Region,Midwest,9231,221551.86,0.88
stackline_ecommerce,2024-12,2024-Q4,Parasiticides,TickShield Plus,tickshield_plus-s,E-commerce,Region,Midwest,13332,319965.92,0.88
stackline_ecommerce,2024-12,2024-Q4,Vaccines,Vanguard,vanguard-l,E-commerce,Region,Midwest,5783,127218.98,0.88
stackline_ecommerce,2024-12,2024-Q4,Vaccines,Vanguard,vanguard-s,E-commerce,Region,Midwest,8273,182015.02,0.88
stackline_ecommerce,2024-12,2024-Q4,Parasiticides,VectraGuard,vectraguard-l,E-commerce,Region,Midwest,11004,286106.1,0.88
stackline_ecommerce,2024-12,2024-Q4,Parasiticides,VectraGuard,vectraguard-s,E-commerce,Region,Midwest,15888,413076.33,0.88
stackline_ecommerce,2024-12,2024-Q4,Vaccines,VetGuard Immunize,vetguard_immunize-l,E-commerce,Region,Midwest,4305,81795.43,0.88
stackline_ecommerce,2024-12,2024-Q4,Vaccines,VetGuard Immunize,vetguard_immunize-s,E-commerce,Region,Midwest,6202,117829.97,0.88
stackline_ecommerce,2024-12,2024-Q4,Vaccines,VetSelect Core Vax,vetselect_core_vax-l,E-commerce,Region,Midwest,5210,72935.9,0.88
stackline_ecommerce,2024-12,2024-Q4,Vaccines,VetSelect Core Vax,vetselect_core_vax-s,E-commerce,Region,Midwest,6945,97234.52,0.88
stackline_ecommerce,2024-12,2024-Q4,Dermatology,VetSelect Derma,vetselect_derma-l,E-commerce,Region,Midwest,4096,155661.36,0.88
stackline_ecommerce,2024-12,2024-Q4,Dermatology,VetSelect Derma,vetselect_derma-s,E-commerce,Region,Midwest,5844,222083.83,0.88
stackline_ecommerce,2024-12,2024-Q4,Petcare Diagnostics,VetSelect Dx,vetselect_dx-l,E-commerce,Region,Midwest,6007,72082.29,0.88
stackline_ecommerce,2024-12,2024-Q4,Petcare Diagnostics,VetSelect Dx,vetselect_dx-s,E-commerce,Region,Midwest,8272,99266.89,0.88
stackline_ecommerce,2024-12,2024-Q4,Parasiticides,VetSelect Flea & Tick,vetselect_flea_and_tick-l,E-commerce,Region,Midwest,12737,216532.43,0.88
stackline_ecommerce,2024-12,2024-Q4,Parasiticides,VetSelect Flea & Tick,vetselect_flea_and_tick-s,E-commerce,Region,Midwest,18353,312008.49,0.88
stackline_ecommerce,2024-12,2024-Q4,Pain/Osteoarthritis,VetSelect Joint,vetselect_joint-l,E-commerce,Region,Midwest,3921,113697.9,0.88
stackline_ecommerce,2024-12,2024-Q4,Pain/Osteoarthritis,VetSelect Joint,vetselect_joint-s,E-commerce,Region,Midwest,5218,151328.38,0.88
stackline_ecommerce,2024-12,2024-Q4,Petcare Diagnostics,Vetscan,vetscan-l,E-commerce,Region,Midwest,10120,182153.97,0.88
stackline_ecommerce,2024-12,2024-Q4,Petcare Diagnostics,Vetscan,vetscan-s,E-commerce,Region,Midwest,13948,251064.15,0.88
stackline_ecommerce,2024-12,2024-Q4,Dermatology,AllerVet RX,allervet_rx-l,E-commerce,Region,Northeast,3895,210341.74,0.88
stackline_ecommerce,2024-12,2024-Q4,Dermatology,AllerVet RX,allervet_rx-s,E-commerce,Region,Northeast,5760,311038.51,0.88
stackline_ecommerce,2024-12,2024-Q4,Dermatology,Apoquel,apoquel-l,E-commerce,Region,Northeast,6030,391962.13,0.88
stackline_ecommerce,2024-12,2024-Q4,Dermatology,Apoquel,apoquel-s,E-commerce,Region,Northeast,8597,558795.85,0.88
stackline_ecommerce,2024-12,2024-Q4,Vaccines,BioShield Vax,bioshield_vax-l,E-commerce,Region,Northeast,5146,102922.36,0.88
stackline_ecommerce,2024-12,2024-Q4,Vaccines,BioShield Vax,bioshield_vax-s,E-commerce,Region,Northeast,7672,153448.36,0.88
stackline_ecommerce,2024-12,2024-Q4,Dermatology,DermaCalm,dermacalm-l,E-commerce,Region,Northeast,4783,277387.64,0.88
stackline_ecommerce,2024-12,2024-Q4,Dermatology,DermaCalm,dermacalm-s,E-commerce,Region,Northeast,6589,382135.36,0.88
stackline_ecommerce,2024-12,2024-Q4,Petcare Diagnostics,DiagnosTech Vet,diagnostech_vet-l,E-commerce,Region,Northeast,10859,184608.91,0.88
stackline_ecommerce,2024-12,2024-Q4,Petcare Diagnostics,DiagnosTech Vet,diagnostech_vet-s,E-commerce,Region,Northeast,15179,258035.93,0.88
stackline_ecommerce,2024-12,2024-Q4,Parasiticides,FleaStop Pro,fleastop_pro-l,E-commerce,Region,Northeast,8255,173359.48,0.88
stackline_ecommerce,2024-12,2024-Q4,Parasiticides,FleaStop Pro,fleastop_pro-s,E-commerce,Region,Northeast,11774,247252.97,0.88
stackline_ecommerce,2024-12,2024-Q4,Pain/Osteoarthritis,FlexiCare Joint,flexicare_joint-l,E-commerce,Region,Northeast,4376,192560.99,0.88
stackline_ecommerce,2024-12,2024-Q4,Pain/Osteoarthritis,FlexiCare Joint,flexicare_joint-s,E-commerce,Region,Northeast,5730,252142.0,0.88
stackline_ecommerce,2024-12,2024-Q4,Vaccines,ImmunoCore Canine,immunocore_canine-l,E-commerce,Region,Northeast,6870,144275.74,0.88
stackline_ecommerce,2024-12,2024-Q4,Vaccines,ImmunoCore Canine,immunocore_canine-s,E-commerce,Region,Northeast,10080,211671.14,0.88
stackline_ecommerce,2024-12,2024-Q4,Pain/Osteoarthritis,Librela,librela-l,E-commerce,Region,Northeast,3877,186078.63,0.88
stackline_ecommerce,2024-12,2024-Q4,Pain/Osteoarthritis,Librela,librela-s,E-commerce,Region,Northeast,5411,259707.05,0.88
stackline_ecommerce,2024-12,2024-Q4,Pain/Osteoarthritis,OsteoEase Vet,osteoease_vet-l,E-commerce,Region,Northeast,3934,161303.05,0.88
stackline_ecommerce,2024-12,2024-Q4,Pain/Osteoarthritis,OsteoEase Vet,osteoease_vet-s,E-commerce,Region,Northeast,5232,214495.26,0.88
stackline_ecommerce,2024-12,2024-Q4,Pain/Osteoarthritis,PainAway Canine,painaway_canine-l,E-commerce,Region,Northeast,3516,130088.7,0.88
stackline_ecommerce,2024-12,2024-Q4,Pain/Osteoarthritis,PainAway Canine,painaway_canine-s,E-commerce,Region,Northeast,5272,195070.42,0.88
stackline_ecommerce,2024-12,2024-Q4,Petcare Diagnostics,PetLab Analyzer,petlab_analyzer-l,E-commerce,Region,Northeast,6609,99139.8,0.88
stackline_ecommerce,2024-12,2024-Q4,Petcare Diagnostics,PetLab Analyzer,petlab_analyzer-s,E-commerce,Region,Northeast,9336,140042.87,0.88
stackline_ecommerce,2024-12,2024-Q4,Petcare Diagnostics,RapidVet Dx,rapidvet_dx-l,E-commerce,Region,Northeast,10317,165064.51,0.88
stackline_ecommerce,2024-12,2024-Q4,Petcare Diagnostics,RapidVet Dx,rapidvet_dx-s,E-commerce,Region,Northeast,13887,222197.38,0.88
stackline_ecommerce,2024-12,2024-Q4,Parasiticides,Simparica Trio,simparica_trio-l,E-commerce,Region,Northeast,13200,369610.38,0.88
stackline_ecommerce,2024-12,2024-Q4,Parasiticides,Simparica Trio,simparica_trio-s,E-commerce,Region,Northeast,19460,544871.83,0.88
stackline_ecommerce,2024-12,2024-Q4,Dermatology,SkinRelief Pro,skinrelief_pro-l,E-commerce,Region,Northeast,3720,182298.01,0.88
stackline_ecommerce,2024-12,2024-Q4,Dermatology,SkinRelief Pro,skinrelief_pro-s,E-commerce,Region,Northeast,5278,258637.99,0.88
stackline_ecommerce,2024-12,2024-Q4,Parasiticides,TickShield Plus,tickshield_plus-l,E-commerce,Region,Northeast,9357,224570.47,0.88
stackline_ecommerce,2024-12,2024-Q4,Parasiticides,TickShield Plus,tickshield_plus-s,E-commerce,Region,Northeast,13113,314717.89,0.88
stackline_ecommerce,2024-12,2024-Q4,Vaccines,Vanguard,vanguard-l,E-commerce,Region,Northeast,5613,123484.14,0.88
stackline_ecommerce,2024-12,2024-Q4,Vaccines,Vanguard,vanguard-s,E-commerce,Region,Northeast,7607,167362.61,0.88
stackline_ecommerce,2024-12,2024-Q4,Parasiticides,VectraGuard,vectraguard-l,E-commerce,Region,Northeast,11396,296297.43,0.88
stackline_ecommerce,2024-12,2024-Q4,Parasiticides,VectraGuard,vectraguard-s,E-commerce,Region,Northeast,15995,415880.06,0.88
stackline_ecommerce,2024-12,2024-Q4,Vaccines,VetGuard Immunize,vetguard_immunize-l,E-commerce,Region,Northeast,4934,93754.66,0.88
stackline_ecommerce,2024-12,2024-Q4,Vaccines,VetGuard Immunize,vetguard_immunize-s,E-commerce,Region,Northeast,6626,125897.1,0.88
stackline_ecommerce,2024-12,2024-Q4,Vaccines,VetSelect Core Vax,vetselect_core_vax-l,E-commerce,Region,Northeast,5667,79336.95,0.88
stackline_ecommerce,2024-12,2024-Q4,Vaccines,VetSelect Core Vax,vetselect_core_vax-s,E-commerce,Region,Northeast,8176,114460.89,0.88
stackline_ecommerce,2024-12,2024-Q4,Dermatology,VetSelect Derma,vetselect_derma-l,E-commerce,Region,Northeast,4125,156748.49,0.88
stackline_ecommerce,2024-12,2024-Q4,Dermatology,VetSelect Derma,vetselect_derma-s,E-commerce,Region,Northeast,5812,220875.0,0.88
stackline_ecommerce,2024-12,2024-Q4,Petcare Diagnostics,VetSelect Dx,vetselect_dx-l,E-commerce,Region,Northeast,6097,73164.03,0.88
stackline_ecommerce,2024-12,2024-Q4,Petcare Diagnostics,VetSelect Dx,vetselect_dx-s,E-commerce,Region,Northeast,8278,99331.69,0.88
stackline_ecommerce,2024-12,2024-Q4,Parasiticides,VetSelect Flea & Tick,vetselect_flea_and_tick-l,E-commerce,Region,Northeast,14255,242330.01,0.88
stackline_ecommerce,2024-12,2024-Q4,Parasiticides,VetSelect Flea & Tick,vetselect_flea_and_tick-s,E-commerce,Region,Northeast,18764,318986.56,0.88
stackline_ecommerce,2024-12,2024-Q4,Pain/Osteoarthritis,VetSelect Joint,vetselect_joint-l,E-commerce,Region,Northeast,4169,120890.47,0.88
stackline_ecommerce,2024-12,2024-Q4,Pain/Osteoarthritis,VetSelect Joint,vetselect_joint-s,E-commerce,Region,Northeast,5952,172593.9,0.88
stackline_ecommerce,2024-12,2024-Q4,Petcare Diagnostics,Vetscan,vetscan-l,E-commerce,Region,Northeast,10446,188032.23,0.88
stackline_ecommerce,2024-12,2024-Q4,Petcare Diagnostics,Vetscan,vetscan-s,E-commerce,Region,Northeast,15361,276494.06,0.88
stackline_ecommerce,2024-12,2024-Q4,Dermatology,AllerVet RX,allervet_rx-l,E-commerce,Region,South,5900,318586.51,0.88
stackline_ecommerce,2024-12,2024-Q4,Dermatology,AllerVet RX,allervet_rx-s,E-commerce,Region,South,8453,456475.22,0.88
stackline_ecommerce,2024-12,2024-Q4,Dermatology,Apoquel,apoquel-l,E-commerce,Region,South,10453,679418.51,0.88
stackline_ecommerce,2024-12,2024-Q4,Dermatology,Apoquel,apoquel-s,E-commerce,Region,South,13874,901782.69,0.88
stackline_ecommerce,2024-12,2024-Q4,Vaccines,BioShield Vax,bioshield_vax-l,E-commerce,Region,South,8541,170816.29,0.88
stackline_ecommerce,2024-12,2024-Q4,Vaccines,BioShield Vax,bioshield_vax-s,E-commerce,Region,South,12174,243478.91,0.88
stackline_ecommerce,2024-12,2024-Q4,Dermatology,DermaCalm,dermacalm-l,E-commerce,Region,South,7534,436963.02,0.88
stackline_ecommerce,2024-12,2024-Q4,Dermatology,DermaCalm,dermacalm-s,E-commerce,Region,South,10153,588848.66,0.88
stackline_ecommerce,2024-12,2024-Q4,Petcare Diagnostics,DiagnosTech Vet,diagnostech_vet-l,E-commerce,Region,South,17443,296531.56,0.88
stackline_ecommerce,2024-12,2024-Q4,Petcare Diagnostics,DiagnosTech Vet,diagnostech_vet-s,E-commerce,Region,South,23207,394521.6,0.88
stackline_ecommerce,2024-12,2024-Q4,Parasiticides,FleaStop Pro,fleastop_pro-l,E-commerce,Region,South,13133,275783.68,0.88
stackline_ecommerce,2024-12,2024-Q4,Parasiticides,FleaStop Pro,fleastop_pro-s,E-commerce,Region,South,17700,371696.65,0.88
stackline_ecommerce,2024-12,2024-Q4,Pain/Osteoarthritis,FlexiCare Joint,flexicare_joint-l,E-commerce,Region,South,6646,292415.31,0.88
stackline_ecommerce,2024-12,2024-Q4,Pain/Osteoarthritis,FlexiCare Joint,flexicare_joint-s,E-commerce,Region,South,9812,431729.37,0.88
stackline_ecommerce,2024-12,2024-Q4,Vaccines,ImmunoCore Canine,immunocore_canine-l,E-commerce,Region,South,11133,233795.49,0.88
stackline_ecommerce,2024-12,2024-Q4,Vaccines,ImmunoCore Canine,immunocore_canine-s,E-commerce,Region,South,14842,311675.25,0.88
stackline_ecommerce,2024-12,2024-Q4,Pain/Osteoarthritis,Librela,librela-l,E-commerce,Region,South,6303,302523.59,0.88
stackline_ecommerce,2024-12,2024-Q4,Pain/Osteoarthritis,Librela,librela-s,E-commerce,Region,South,8358,401162.56,0.88
stackline_ecommerce,2024-12,2024-Q4,Pain/Osteoarthritis,OsteoEase Vet,osteoease_vet-l,E-commerce,Region,South,5920,242711.42,0.88
stackline_ecommerce,2024-12,2024-Q4,Pain/Osteoarthritis,OsteoEase Vet,osteoease_vet-s,E-commerce,Region,South,8518,349234.86,0.88
stackline_ecommerce,2024-12,2024-Q4,Pain/Osteoarthritis,PainAway Canine,painaway_canine-l,E-commerce,Region,South,5962,220605.5,0.88
stackline_ecommerce,2024-12,2024-Q4,Pain/Osteoarthritis,PainAway Canine,painaway_canine-s,E-commerce,Region,South,8070,298591.74,0.88
stackline_ecommerce,2024-12,2024-Q4,Petcare Diagnostics,PetLab Analyzer,petlab_analyzer-l,E-commerce,Region,South,9320,139794.67,0.88
stackline_ecommerce,2024-12,2024-Q4,Petcare Diagnostics,PetLab Analyzer,petlab_analyzer-s,E-commerce,Region,South,12463,186948.66,0.88
stackline_ecommerce,2024-12,2024-Q4,Petcare Diagnostics,RapidVet Dx,rapidvet_dx-l,E-commerce,Region,South,16167,258675.59,0.88
stackline_ecommerce,2024-12,2024-Q4,Petcare Diagnostics,RapidVet Dx,rapidvet_dx-s,E-commerce,Region,South,22487,359784.57,0.88
stackline_ecommerce,2024-12,2024-Q4,Parasiticides,Simparica Trio,simparica_trio-l,E-commerce,Region,South,21707,607796.16,0.88
stackline_ecommerce,2024-12,2024-Q4,Parasiticides,Simparica Trio,simparica_trio-s,E-commerce,Region,South,30211,845913.61,0.88
stackline_ecommerce,2024-12,2024-Q4,Dermatology,SkinRelief Pro,skinrelief_pro-l,E-commerce,Region,South,5730,280789.05,0.88
stackline_ecommerce,2024-12,2024-Q4,Dermatology,SkinRelief Pro,skinrelief_pro-s,E-commerce,Region,South,7810,382681.61,0.88
stackline_ecommerce,2024-12,2024-Q4,Parasiticides,TickShield Plus,tickshield_plus-l,E-commerce,Region,South,14999,359984.6,0.88
stackline_ecommerce,2024-12,2024-Q4,Parasiticides,TickShield Plus,tickshield_plus-s,E-commerce,Region,South,20636,495274.73,0.88
stackline_ecommerce,2024-12,2024-Q4,Vaccines,Vanguard,vanguard-l,E-commerce,Region,South,9136,200981.14,0.88
stackline_ecommerce,2024-12,2024-Q4,Vaccines,Vanguard,vanguard-s,E-commerce,Region,South,12768,280889.57,0.88
stackline_ecommerce,2024-12,2024-Q4,Parasiticides,VectraGuard,vectraguard-l,E-commerce,Region,South,16923,439999.1,0.88
stackline_ecommerce,2024-12,2024-Q4,Parasiticides,VectraGuard,vectraguard-s,E-commerce,Region,South,24639,640610.35,0.88
stackline_ecommerce,2024-12,2024-Q4,Vaccines,VetGuard Immunize,vetguard_immunize-l,E-commerce,Region,South,7484,142191.52,0.88
stackline_ecommerce,2024-12,2024-Q4,Vaccines,VetGuard Immunize,vetguard_immunize-s,E-commerce,Region,South,10597,201350.7,0.88
stackline_ecommerce,2024-12,2024-Q4,Vaccines,VetSelect Core Vax,vetselect_core_vax-l,E-commerce,Region,South,8645,121031.32,0.88
stackline_ecommerce,2024-12,2024-Q4,Vaccines,VetSelect Core Vax,vetselect_core_vax-s,E-commerce,Region,South,11802,165232.82,0.88
stackline_ecommerce,2024-12,2024-Q4,Dermatology,VetSelect Derma,vetselect_derma-l,E-commerce,Region,South,6276,238501.08,0.88
stackline_ecommerce,2024-12,2024-Q4,Dermatology,VetSelect Derma,vetselect_derma-s,E-commerce,Region,South,8865,336864.56,0.88
stackline_ecommerce,2024-12,2024-Q4,Petcare Diagnostics,VetSelect Dx,vetselect_dx-l,E-commerce,Region,South,9524,114291.49,0.88
stackline_ecommerce,2024-12,2024-Q4,Petcare Diagnostics,VetSelect Dx,vetselect_dx-s,E-commerce,Region,South,13673,164075.8,0.88
stackline_ecommerce,2024-12,2024-Q4,Parasiticides,VetSelect Flea & Tick,vetselect_flea_and_tick-l,E-commerce,Region,South,21088,358495.45,0.88
stackline_ecommerce,2024-12,2024-Q4,Parasiticides,VetSelect Flea & Tick,vetselect_flea_and_tick-s,E-commerce,Region,South,30418,517107.48,0.88
stackline_ecommerce,2024-12,2024-Q4,Pain/Osteoarthritis,VetSelect Joint,vetselect_joint-l,E-commerce,Region,South,6817,197701.86,0.88
stackline_ecommerce,2024-12,2024-Q4,Pain/Osteoarthritis,VetSelect Joint,vetselect_joint-s,E-commerce,Region,South,9248,268187.13,0.88
stackline_ecommerce,2024-12,2024-Q4,Petcare Diagnostics,Vetscan,vetscan-l,E-commerce,Region,South,18191,327429.57,0.88
stackline_ecommerce,2024-12,2024-Q4,Petcare Diagnostics,Vetscan,vetscan-s,E-commerce,Region,South,23612,425007.96,0.88
stackline_ecommerce,2024-12,2024-Q4,Dermatology,AllerVet RX,allervet_rx-l,E-commerce,Region,West,4488,242349.92,0.88
stackline_ecommerce,2024-12,2024-Q4,Dermatology,AllerVet RX,allervet_rx-s,E-commerce,Region,West,6019,325029.97,0.88
stackline_ecommerce,2024-12,2024-Q4,Dermatology,Apoquel,apoquel-l,E-commerce,Region,West,6120,397788.67,0.88
stackline_ecommerce,2024-12,2024-Q4,Dermatology,Apoquel,apoquel-s,E-commerce,Region,West,8132,528587.5,0.88
stackline_ecommerce,2024-12,2024-Q4,Vaccines,BioShield Vax,bioshield_vax-l,E-commerce,Region,West,5848,116963.11,0.88
stackline_ecommerce,2024-12,2024-Q4,Vaccines,BioShield Vax,bioshield_vax-s,E-commerce,Region,West,8223,164458.39,0.88
stackline_ecommerce,2024-12,2024-Q4,Dermatology,DermaCalm,dermacalm-l,E-commerce,Region,West,4957,287526.62,0.88
stackline_ecommerce,2024-12,2024-Q4,Dermatology,DermaCalm,dermacalm-s,E-commerce,Region,West,6956,403434.74,0.88
stackline_ecommerce,2024-12,2024-Q4,Petcare Diagnostics,DiagnosTech Vet,diagnostech_vet-l,E-commerce,Region,West,11789,200420.29,0.88
stackline_ecommerce,2024-12,2024-Q4,Petcare Diagnostics,DiagnosTech Vet,diagnostech_vet-s,E-commerce,Region,West,16029,272496.4,0.88
stackline_ecommerce,2024-12,2024-Q4,Parasiticides,FleaStop Pro,fleastop_pro-l,E-commerce,Region,West,8760,183962.55,0.88
stackline_ecommerce,2024-12,2024-Q4,Parasiticides,FleaStop Pro,fleastop_pro-s,E-commerce,Region,West,11531,242143.58,0.88
stackline_ecommerce,2024-12,2024-Q4,Pain/Osteoarthritis,FlexiCare Joint,flexicare_joint-l,E-commerce,Region,West,4836,212772.23,0.88
stackline_ecommerce,2024-12,2024-Q4,Pain/Osteoarthritis,FlexiCare Joint,flexicare_joint-s,E-commerce,Region,West,6475,284879.74,0.88
stackline_ecommerce,2024-12,2024-Q4,Vaccines,ImmunoCore Canine,immunocore_canine-l,E-commerce,Region,West,7178,150745.18,0.88
stackline_ecommerce,2024-12,2024-Q4,Vaccines,ImmunoCore Canine,immunocore_canine-s,E-commerce,Region,West,9984,209671.4,0.88
stackline_ecommerce,2024-12,2024-Q4,Pain/Osteoarthritis,Librela,librela-l,E-commerce,Region,West,4091,196353.18,0.88
stackline_ecommerce,2024-12,2024-Q4,Pain/Osteoarthritis,Librela,librela-s,E-commerce,Region,West,5630,270253.29,0.88
stackline_ecommerce,2024-12,2024-Q4,Pain/Osteoarthritis,OsteoEase Vet,osteoease_vet-l,E-commerce,Region,West,4222,173118.88,0.88
stackline_ecommerce,2024-12,2024-Q4,Pain/Osteoarthritis,OsteoEase Vet,osteoease_vet-s,E-commerce,Region,West,6025,247044.01,0.88
stackline_ecommerce,2024-12,2024-Q4,Pain/Osteoarthritis,PainAway Canine,painaway_canine-l,E-commerce,Region,West,3957,146417.73,0.88
stackline_ecommerce,2024-12,2024-Q4,Pain/Osteoarthritis,PainAway Canine,painaway_canine-s,E-commerce,Region,West,5241,193925.04,0.88
stackline_ecommerce,2024-12,2024-Q4,Petcare Diagnostics,PetLab Analyzer,petlab_analyzer-l,E-commerce,Region,West,6772,101578.16,0.88
stackline_ecommerce,2024-12,2024-Q4,Petcare Diagnostics,PetLab Analyzer,petlab_analyzer-s,E-commerce,Region,West,9719,145783.64,0.88
stackline_ecommerce,2024-12,2024-Q4,Petcare Diagnostics,RapidVet Dx,rapidvet_dx-l,E-commerce,Region,West,11118,177882.22,0.88
stackline_ecommerce,2024-12,2024-Q4,Petcare Diagnostics,RapidVet Dx,rapidvet_dx-s,E-commerce,Region,West,14592,233475.47,0.88
stackline_ecommerce,2024-12,2024-Q4,Parasiticides,Simparica Trio,simparica_trio-l,E-commerce,Region,West,14732,412507.55,0.88
stackline_ecommerce,2024-12,2024-Q4,Parasiticides,Simparica Trio,simparica_trio-s,E-commerce,Region,West,19958,558827.81,0.88
stackline_ecommerce,2024-12,2024-Q4,Dermatology,SkinRelief Pro,skinrelief_pro-l,E-commerce,Region,West,3845,188383.76,0.88
stackline_ecommerce,2024-12,2024-Q4,Dermatology,SkinRelief Pro,skinrelief_pro-s,E-commerce,Region,West,5508,269897.61,0.88
stackline_ecommerce,2024-12,2024-Q4,Parasiticides,TickShield Plus,tickshield_plus-l,E-commerce,Region,West,10613,254701.73,0.88
stackline_ecommerce,2024-12,2024-Q4,Parasiticides,TickShield Plus,tickshield_plus-s,E-commerce,Region,West,14204,340907.59,0.88
stackline_ecommerce,2024-12,2024-Q4,Vaccines,Vanguard,vanguard-l,E-commerce,Region,West,6378,140306.12,0.88
stackline_ecommerce,2024-12,2024-Q4,Vaccines,Vanguard,vanguard-s,E-commerce,Region,West,8011,176249.81,0.88
stackline_ecommerce,2024-12,2024-Q4,Parasiticides,VectraGuard,vectraguard-l,E-commerce,Region,West,12296,319695.84,0.88
stackline_ecommerce,2024-12,2024-Q4,Parasiticides,VectraGuard,vectraguard-s,E-commerce,Region,West,17195,447079.59,0.88
stackline_ecommerce,2024-12,2024-Q4,Vaccines,VetGuard Immunize,vetguard_immunize-l,E-commerce,Region,West,4991,94832.82,0.88
stackline_ecommerce,2024-12,2024-Q4,Vaccines,VetGuard Immunize,vetguard_immunize-s,E-commerce,Region,West,6888,130865.74,0.88
stackline_ecommerce,2024-12,2024-Q4,Vaccines,VetSelect Core Vax,vetselect_core_vax-l,E-commerce,Region,West,5925,82952.12,0.88
stackline_ecommerce,2024-12,2024-Q4,Vaccines,VetSelect Core Vax,vetselect_core_vax-s,E-commerce,Region,West,8138,113927.54,0.88
stackline_ecommerce,2024-12,2024-Q4,Dermatology,VetSelect Derma,vetselect_derma-l,E-commerce,Region,West,4299,163357.83,0.88
stackline_ecommerce,2024-12,2024-Q4,Dermatology,VetSelect Derma,vetselect_derma-s,E-commerce,Region,West,6073,230760.94,0.88
stackline_ecommerce,2024-12,2024-Q4,Petcare Diagnostics,VetSelect Dx,vetselect_dx-l,E-commerce,Region,West,6647,79768.47,0.88
stackline_ecommerce,2024-12,2024-Q4,Petcare Diagnostics,VetSelect Dx,vetselect_dx-s,E-commerce,Region,West,9993,119913.99,0.88
stackline_ecommerce,2024-12,2024-Q4,Parasiticides,VetSelect Flea & Tick,vetselect_flea_and_tick-l,E-commerce,Region,West,15508,263639.27,0.88
stackline_ecommerce,2024-12,2024-Q4,Parasiticides,VetSelect Flea & Tick,vetselect_flea_and_tick-s,E-commerce,Region,West,19850,337442.11,0.88
stackline_ecommerce,2024-12,2024-Q4,Pain/Osteoarthritis,VetSelect Joint,vetselect_joint-l,E-commerce,Region,West,4471,129648.4,0.88
stackline_ecommerce,2024-12,2024-Q4,Pain/Osteoarthritis,VetSelect Joint,vetselect_joint-s,E-commerce,Region,West,6128,177725.78,0.88
stackline_ecommerce,2024-12,2024-Q4,Petcare Diagnostics,Vetscan,vetscan-l,E-commerce,Region,West,12161,218904.16,0.88
stackline_ecommerce,2024-12,2024-Q4,Petcare Diagnostics,Vetscan,vetscan-s,E-commerce,Region,West,16753,301546.6,0.88
stackline_ecommerce,2025-01,2025-Q1,Dermatology,AllerVet RX,allervet_rx-l,E-commerce,National,National,19143,1033695.1,0.88
stackline_ecommerce,2025-01,2025-Q1,Dermatology,AllerVet RX,allervet_rx-s,E-commerce,National,National,25706,1388099.56,0.88
stackline_ecommerce,2025-01,2025-Q1,Dermatology,Apoquel,apoquel-l,E-commerce,National,National,26002,1690152.92,0.88
stackline_ecommerce,2025-01,2025-Q1,Dermatology,Apoquel,apoquel-s,E-commerce,National,National,35426,2302712.21,0.88
stackline_ecommerce,2025-01,2025-Q1,Vaccines,BioShield Vax,bioshield_vax-l,E-commerce,National,National,28009,560186.61,0.88
stackline_ecommerce,2025-01,2025-Q1,Vaccines,BioShield Vax,bioshield_vax-s,E-commerce,National,National,39152,783029.49,0.88
stackline_ecommerce,2025-01,2025-Q1,Dermatology,DermaCalm,dermacalm-l,E-commerce,National,National,20714,1201470.33,0.88
stackline_ecommerce,2025-01,2025-Q1,Dermatology,DermaCalm,dermacalm-s,E-commerce,National,National,29062,1685595.42,0.88
stackline_ecommerce,2025-01,2025-Q1,Petcare Diagnostics,DiagnosTech Vet,diagnostech_vet-l,E-commerce,National,National,52229,887899.91,0.88
stackline_ecommerce,2025-01,2025-Q1,Petcare Diagnostics,DiagnosTech Vet,diagnostech_vet-s,E-commerce,National,National,72554,1233401.53,0.88
stackline_ecommerce,2025-01,2025-Q1,Parasiticides,FleaStop Pro,fleastop_pro-l,E-commerce,National,National,41874,879337.45,0.88
stackline_ecommerce,2025-01,2025-Q1,Parasiticides,FleaStop Pro,fleastop_pro-s,E-commerce,National,National,57844,1214719.88,0.88
stackline_ecommerce,2025-01,2025-Q1,Pain/Osteoarthritis,FlexiCare Joint,flexicare_joint-l,E-commerce,National,National,21362,939943.68,0.88
stackline_ecommerce,2025-01,2025-Q1,Pain/Osteoarthritis,FlexiCare Joint,flexicare_joint-s,E-commerce,National,National,29895,1315415.63,0.88
stackline_ecommerce,2025-01,2025-Q1,Vaccines,ImmunoCore Canine,immunocore_canine-l,E-commerce,National,National,36911,775146.77,0.88
stackline_ecommerce,2025-01,2025-Q1,Vaccines,ImmunoCore Canine,immunocore_canine-s,E-commerce,National,National,49690,1043488.41,0.88
stackline_ecommerce,2025-01,2025-Q1,Pain/Osteoarthritis,Librela,librela-l,E-commerce,National,National,19480,935000.31,0.88
stackline_ecommerce,2025-01,2025-Q1,Pain/Osteoarthritis,Librela,librela-s,E-commerce,National,National,26185,1256915.1,0.88
stackline_ecommerce,2025-01,2025-Q1,Pain/Osteoarthritis,OsteoEase Vet,osteoease_vet-l,E-commerce,National,National,20729,849903.69,0.88
stackline_ecommerce,2025-01,2025-Q1,Pain/Osteoarthritis,OsteoEase Vet,osteoease_vet-s,E-commerce,National,National,29205,1197416.78,0.88
stackline_ecommerce,2025-01,2025-Q1,Pain/Osteoarthritis,PainAway Canine,painaway_canine-l,E-commerce,National,National,16810,621989.77,0.88
stackline_ecommerce,2025-01,2025-Q1,Pain/Osteoarthritis,PainAway Canine,painaway_canine-s,E-commerce,National,National,24035,889285.77,0.88
stackline_ecommerce,2025-01,2025-Q1,Petcare Diagnostics,PetLab Analyzer,petlab_analyzer-l,E-commerce,National,National,32801,492015.82,0.88
stackline_ecommerce,2025-01,2025-Q1,Petcare Diagnostics,PetLab Analyzer,petlab_analyzer-s,E-commerce,National,National,44617,669258.22,0.88
stackline_ecommerce,2025-01,2025-Q1,Petcare Diagnostics,RapidVet Dx,rapidvet_dx-l,E-commerce,National,National,47989,767830.72,0.88
stackline_ecommerce,2025-01,2025-Q1,Petcare Diagnostics,RapidVet Dx,rapidvet_dx-s,E-commerce,National,National,68878,1102046.75,0.88
stackline_ecommerce,2025-01,2025-Q1,Parasiticides,Simparica Trio,simparica_trio-l,E-commerce,National,National,67829,1899207.98,0.88
stackline_ecommerce,2025-01,2025-Q1,Parasiticides,Simparica Trio,simparica_trio-s,E-commerce,National,National,97320,2724947.57,0.88
stackline_ecommerce,2025-01,2025-Q1,Dermatology,SkinRelief Pro,skinrelief_pro-l,E-commerce,National,National,16100,788912.97,0.88
stackline_ecommerce,2025-01,2025-Q1,Dermatology,SkinRelief Pro,skinrelief_pro-s,E-commerce,National,National,23148,1134259.04,0.88
stackline_ecommerce,2025-01,2025-Q1,Parasiticides,TickShield Plus,tickshield_plus-l,E-commerce,National,National,48094,1154255.66,0.88
stackline_ecommerce,2025-01,2025-Q1,Parasiticides,TickShield Plus,tickshield_plus-s,E-commerce,National,National,64082,1537980.94,0.88
stackline_ecommerce,2025-01,2025-Q1,Vaccines,Vanguard,vanguard-l,E-commerce,National,National,30782,677218.34,0.88
stackline_ecommerce,2025-01,2025-Q1,Vaccines,Vanguard,vanguard-s,E-commerce,National,National,41921,922260.21,0.88
stackline_ecommerce,2025-01,2025-Q1,Parasiticides,VectraGuard,vectraguard-l,E-commerce,National,National,52397,1362300.02,0.88
stackline_ecommerce,2025-01,2025-Q1,Parasiticides,VectraGuard,vectraguard-s,E-commerce,National,National,74480,1936462.59,0.88
stackline_ecommerce,2025-01,2025-Q1,Vaccines,VetGuard Immunize,vetguard_immunize-l,E-commerce,National,National,25321,481094.19,0.88
stackline_ecommerce,2025-01,2025-Q1,Vaccines,VetGuard Immunize,vetguard_immunize-s,E-commerce,National,National,35070,666333.11,0.88
stackline_ecommerce,2025-01,2025-Q1,Vaccines,VetSelect Core Vax,vetselect_core_vax-l,E-commerce,National,National,28458,398396.33,0.88
stackline_ecommerce,2025-01,2025-Q1,Vaccines,VetSelect Core Vax,vetselect_core_vax-s,E-commerce,National,National,37522,525306.83,0.88
stackline_ecommerce,2025-01,2025-Q1,Dermatology,VetSelect Derma,vetselect_derma-l,E-commerce,National,National,19174,728625.68,0.88
stackline_ecommerce,2025-01,2025-Q1,Dermatology,VetSelect Derma,vetselect_derma-s,E-commerce,National,National,25476,968104.12,0.88
stackline_ecommerce,2025-01,2025-Q1,Petcare Diagnostics,VetSelect Dx,vetselect_dx-l,E-commerce,National,National,28328,339936.34,0.88
stackline_ecommerce,2025-01,2025-Q1,Petcare Diagnostics,VetSelect Dx,vetselect_dx-s,E-commerce,National,National,40541,486489.94,0.88
stackline_ecommerce,2025-01,2025-Q1,Parasiticides,VetSelect Flea & Tick,vetselect_flea_and_tick-l,E-commerce,National,National,70536,1199104.63,0.88
stackline_ecommerce,2025-01,2025-Q1,Parasiticides,VetSelect Flea & Tick,vetselect_flea_and_tick-s,E-commerce,National,National,91790,1560423.0,0.88
stackline_ecommerce,2025-01,2025-Q1,Pain/Osteoarthritis,VetSelect Joint,vetselect_joint-l,E-commerce,National,National,21898,635031.36,0.88
stackline_ecommerce,2025-01,2025-Q1,Pain/Osteoarthritis,VetSelect Joint,vetselect_joint-s,E-commerce,National,National,30123,873593.47,0.88
stackline_ecommerce,2025-01,2025-Q1,Petcare Diagnostics,Vetscan,vetscan-l,E-commerce,National,National,49455,890178.35,0.88
stackline_ecommerce,2025-01,2025-Q1,Petcare Diagnostics,Vetscan,vetscan-s,E-commerce,National,National,72007,1296136.07,0.88
stackline_ecommerce,2025-01,2025-Q1,Dermatology,AllerVet RX,allervet_rx-l,E-commerce,Region,Midwest,3890,210079.14,0.88
stackline_ecommerce,2025-01,2025-Q1,Dermatology,AllerVet RX,allervet_rx-s,E-commerce,Region,Midwest,5463,295009.26,0.88
stackline_ecommerce,2025-01,2025-Q1,Dermatology,Apoquel,apoquel-l,E-commerce,Region,Midwest,5289,343801.35,0.88
stackline_ecommerce,2025-01,2025-Q1,Dermatology,Apoquel,apoquel-s,E-commerce,Region,Midwest,7679,499138.52,0.88
stackline_ecommerce,2025-01,2025-Q1,Vaccines,BioShield Vax,bioshield_vax-l,E-commerce,Region,Midwest,5659,113175.88,0.88
stackline_ecommerce,2025-01,2025-Q1,Vaccines,BioShield Vax,bioshield_vax-s,E-commerce,Region,Midwest,7573,151453.94,0.88
stackline_ecommerce,2025-01,2025-Q1,Dermatology,DermaCalm,dermacalm-l,E-commerce,Region,Midwest,26591,1542398.58,0.88
stackline_ecommerce,2025-01,2025-Q1,Dermatology,DermaCalm,dermacalm-s,E-commerce,Region,Midwest,37819,2193423.9,0.88
stackline_ecommerce,2025-01,2025-Q1,Petcare Diagnostics,DiagnosTech Vet,diagnostech_vet-l,E-commerce,Region,Midwest,10823,183995.41,0.88
stackline_ecommerce,2025-01,2025-Q1,Petcare Diagnostics,DiagnosTech Vet,diagnostech_vet-s,E-commerce,Region,Midwest,15398,261766.34,0.88
stackline_ecommerce,2025-01,2025-Q1,Parasiticides,FleaStop Pro,fleastop_pro-l,E-commerce,Region,Midwest,8379,175948.55,0.88
stackline_ecommerce,2025-01,2025-Q1,Parasiticides,FleaStop Pro,fleastop_pro-s,E-commerce,Region,Midwest,12429,261003.7,0.88
stackline_ecommerce,2025-01,2025-Q1,Pain/Osteoarthritis,FlexiCare Joint,flexicare_joint-l,E-commerce,Region,Midwest,4485,197323.61,0.88
stackline_ecommerce,2025-01,2025-Q1,Pain/Osteoarthritis,FlexiCare Joint,flexicare_joint-s,E-commerce,Region,Midwest,6213,273389.81,0.88
stackline_ecommerce,2025-01,2025-Q1,Vaccines,ImmunoCore Canine,immunocore_canine-l,E-commerce,Region,Midwest,7658,160824.67,0.88
stackline_ecommerce,2025-01,2025-Q1,Vaccines,ImmunoCore Canine,immunocore_canine-s,E-commerce,Region,Midwest,10443,219308.18,0.88
stackline_ecommerce,2025-01,2025-Q1,Pain/Osteoarthritis,Librela,librela-l,E-commerce,Region,Midwest,4054,194575.77,0.88
stackline_ecommerce,2025-01,2025-Q1,Pain/Osteoarthritis,Librela,librela-s,E-commerce,Region,Midwest,5395,258953.7,0.88
stackline_ecommerce,2025-01,2025-Q1,Pain/Osteoarthritis,OsteoEase Vet,osteoease_vet-l,E-commerce,Region,Midwest,4247,174146.76,0.88
stackline_ecommerce,2025-01,2025-Q1,Pain/Osteoarthritis,OsteoEase Vet,osteoease_vet-s,E-commerce,Region,Midwest,6328,259450.45,0.88
stackline_ecommerce,2025-01,2025-Q1,Pain/Osteoarthritis,PainAway Canine,painaway_canine-l,E-commerce,Region,Midwest,3482,128849.47,0.88
stackline_ecommerce,2025-01,2025-Q1,Pain/Osteoarthritis,PainAway Canine,painaway_canine-s,E-commerce,Region,Midwest,4933,182534.19,0.88
stackline_ecommerce,2025-01,2025-Q1,Petcare Diagnostics,PetLab Analyzer,petlab_analyzer-l,E-commerce,Region,Midwest,6822,102329.37,0.88
stackline_ecommerce,2025-01,2025-Q1,Petcare Diagnostics,PetLab Analyzer,petlab_analyzer-s,E-commerce,Region,Midwest,9646,144695.82,0.88
stackline_ecommerce,2025-01,2025-Q1,Petcare Diagnostics,RapidVet Dx,rapidvet_dx-l,E-commerce,Region,Midwest,10175,162800.53,0.88
stackline_ecommerce,2025-01,2025-Q1,Petcare Diagnostics,RapidVet Dx,rapidvet_dx-s,E-commerce,Region,Midwest,14282,228507.34,0.88
stackline_ecommerce,2025-01,2025-Q1,Parasiticides,Simparica Trio,simparica_trio-l,E-commerce,Region,Midwest,13855,387943.43,0.88
stackline_ecommerce,2025-01,2025-Q1,Parasiticides,Simparica Trio,simparica_trio-s,E-commerce,Region,Midwest,20234,566544.53,0.88
stackline_ecommerce,2025-01,2025-Q1,Dermatology,SkinRelief Pro,skinrelief_pro-l,E-commerce,Region,Midwest,3322,162789.13,0.88
stackline_ecommerce,2025-01,2025-Q1,Dermatology,SkinRelief Pro,skinrelief_pro-s,E-commerce,Region,Midwest,4794,234900.39,0.88
stackline_ecommerce,2025-01,2025-Q1,Parasiticides,TickShield Plus,tickshield_plus-l,E-commerce,Region,Midwest,9466,227180.63,0.88
stackline_ecommerce,2025-01,2025-Q1,Parasiticides,TickShield Plus,tickshield_plus-s,E-commerce,Region,Midwest,13355,320515.92,0.88
stackline_ecommerce,2025-01,2025-Q1,Vaccines,Vanguard,vanguard-l,E-commerce,Region,Midwest,6387,140509.97,0.88
stackline_ecommerce,2025-01,2025-Q1,Vaccines,Vanguard,vanguard-s,E-commerce,Region,Midwest,8630,189866.51,0.88
stackline_ecommerce,2025-01,2025-Q1,Parasiticides,VectraGuard,vectraguard-l,E-commerce,Region,Midwest,11231,291997.81,0.88
stackline_ecommerce,2025-01,2025-Q1,Parasiticides,VectraGuard,vectraguard-s,E-commerce,Region,Midwest,15694,408035.21,0.88
stackline_ecommerce,2025-01,2025-Q1,Vaccines,VetGuard Immunize,vetguard_immunize-l,E-commerce,Region,Midwest,5092,96742.08,0.88
stackline_ecommerce,2025-01,2025-Q1,Vaccines,VetGuard Immunize,vetguard_immunize-s,E-commerce,Region,Midwest,6648,126305.6,0.88
stackline_ecommerce,2025-01,2025-Q1,Vaccines,VetSelect Core Vax,vetselect_core_vax-l,E-commerce,Region,Midwest,6204,86851.55,0.88
stackline_ecommerce,2025-01,2025-Q1,Vaccines,VetSelect Core Vax,vetselect_core_vax-s,E-commerce,Region,Midwest,8619,120666.95,0.88
stackline_ecommerce,2025-01,2025-Q1,Dermatology,VetSelect Derma,vetselect_derma-l,E-commerce,Region,Midwest,3912,148651.93,0.88
stackline_ecommerce,2025-01,2025-Q1,Dermatology,VetSelect Derma,vetselect_derma-s,E-commerce,Region,Midwest,5223,198480.21,0.88
stackline_ecommerce,2025-01,2025-Q1,Petcare Diagnostics,VetSelect Dx,vetselect_dx-l,E-commerce,Region,Midwest,5957,71484.02,0.88
stackline_ecommerce,2025-01,2025-Q1,Petcare Diagnostics,VetSelect Dx,vetselect_dx-s,E-commerce,Region,Midwest,8626,103508.77,0.88
stackline_ecommerce,2025-01,2025-Q1,Parasiticides,VetSelect Flea & Tick,vetselect_flea_and_tick-l,E-commerce,Region,Midwest,14526,246939.15,0.88
stackline_ecommerce,2025-01,2025-Q1,Parasiticides,VetSelect Flea & Tick,vetselect_flea_and_tick-s,E-commerce,Region,Midwest,19630,333712.49,0.88
stackline_ecommerce,2025-01,2025-Q1,Pain/Osteoarthritis,VetSelect Joint,vetselect_joint-l,E-commerce,Region,Midwest,4309,124973.52,0.88
stackline_ecommerce,2025-01,2025-Q1,Pain/Osteoarthritis,VetSelect Joint,vetselect_joint-s,E-commerce,Region,Midwest,6107,177102.31,0.88
stackline_ecommerce,2025-01,2025-Q1,Petcare Diagnostics,Vetscan,vetscan-l,E-commerce,Region,Midwest,10881,195856.86,0.88
stackline_ecommerce,2025-01,2025-Q1,Petcare Diagnostics,Vetscan,vetscan-s,E-commerce,Region,Midwest,14698,264566.68,0.88
stackline_ecommerce,2025-01,2025-Q1,Dermatology,AllerVet RX,allervet_rx-l,E-commerce,Region,Northeast,4335,234079.52,0.88
stackline_ecommerce,2025-01,2025-Q1,Dermatology,AllerVet RX,allervet_rx-s,E-commerce,Region,Northeast,5853,316040.74,0.88
stackline_ecommerce,2025-01,2025-Q1,Dermatology,Apoquel,apoquel-l,E-commerce,Region,Northeast,6152,399856.41,0.88
stackline_ecommerce,2025-01,2025-Q1,Dermatology,Apoquel,apoquel-s,E-commerce,Region,Northeast,7666,498286.27,0.88
stackline_ecommerce,2025-01,2025-Q1,Vaccines,BioShield Vax,bioshield_vax-l,E-commerce,Region,Northeast,6394,127888.06,0.88
stackline_ecommerce,2025-01,2025-Q1,Vaccines,BioShield Vax,bioshield_vax-s,E-commerce,Region,Northeast,8882,177643.47,0.88
stackline_ecommerce,2025-01,2025-Q1,Dermatology,DermaCalm,dermacalm-l,E-commerce,Region,Northeast,4399,255147.37,0.88
stackline_ecommerce,2025-01,2025-Q1,Dermatology,DermaCalm,dermacalm-s,E-commerce,Region,Northeast,6142,356258.92,0.88
stackline_ecommerce,2025-01,2025-Q1,Petcare Diagnostics,DiagnosTech Vet,diagnostech_vet-l,E-commerce,Region,Northeast,12234,207983.15,0.88
stackline_ecommerce,2025-01,2025-Q1,Petcare Diagnostics,DiagnosTech Vet,diagnostech_vet-s,E-commerce,Region,Northeast,16108,273831.36,0.88
stackline_ecommerce,2025-01,2025-Q1,Parasiticides,FleaStop Pro,fleastop_pro-l,E-commerce,Region,Northeast,9092,190938.87,0.88
stackline_ecommerce,2025-01,2025-Q1,Parasiticides,FleaStop Pro,fleastop_pro-s,E-commerce,Region,Northeast,13057,274199.43,0.88
stackline_ecommerce,2025-01,2025-Q1,Pain/Osteoarthritis,FlexiCare Joint,flexicare_joint-l,E-commerce,Region,Northeast,4554,200385.3,0.88
stackline_ecommerce,2025-01,2025-Q1,Pain/Osteoarthritis,FlexiCare Joint,flexicare_joint-s,E-commerce,Region,Northeast,6280,276320.28,0.88
stackline_ecommerce,2025-01,2025-Q1,Vaccines,ImmunoCore Canine,immunocore_canine-l,E-commerce,Region,Northeast,8022,168459.53,0.88
stackline_ecommerce,2025-01,2025-Q1,Vaccines,ImmunoCore Canine,immunocore_canine-s,E-commerce,Region,Northeast,10718,225086.12,0.88
stackline_ecommerce,2025-01,2025-Q1,Pain/Osteoarthritis,Librela,librela-l,E-commerce,Region,Northeast,4223,202684.13,0.88
stackline_ecommerce,2025-01,2025-Q1,Pain/Osteoarthritis,Librela,librela-s,E-commerce,Region,Northeast,5760,276502.15,0.88
stackline_ecommerce,2025-01,2025-Q1,Pain/Osteoarthritis,OsteoEase Vet,osteoease_vet-l,E-commerce,Region,Northeast,4484,183840.84,0.88
stackline_ecommerce,2025-01,2025-Q1,Pain/Osteoarthritis,OsteoEase Vet,osteoease_vet-s,E-commerce,Region,Northeast,6142,251835.94,0.88
stackline_ecommerce,2025-01,2025-Q1,Pain/Osteoarthritis,PainAway Canine,painaway_canine-l,E-commerce,Region,Northeast,3965,146701.61,0.88
stackline_ecommerce,2025-01,2025-Q1,Pain/Osteoarthritis,PainAway Canine,painaway_canine-s,E-commerce,Region,Northeast,5519,204185.0,0.88
stackline_ecommerce,2025-01,2025-Q1,Petcare Diagnostics,PetLab Analyzer,petlab_analyzer-l,E-commerce,Region,Northeast,883,13240.59,0.88
stackline_ecommerce,2025-01,2025-Q1,Petcare Diagnostics,PetLab Analyzer,petlab_analyzer-s,E-commerce,Region,Northeast,1157,17360.18,0.88
stackline_ecommerce,2025-01,2025-Q1,Petcare Diagnostics,RapidVet Dx,rapidvet_dx-l,E-commerce,Region,Northeast,10240,163843.44,0.88
stackline_ecommerce,2025-01,2025-Q1,Petcare Diagnostics,RapidVet Dx,rapidvet_dx-s,E-commerce,Region,Northeast,14291,228657.29,0.88
stackline_ecommerce,2025-01,2025-Q1,Parasiticides,Simparica Trio,simparica_trio-l,E-commerce,Region,Northeast,15346,429675.11,0.88
stackline_ecommerce,2025-01,2025-Q1,Parasiticides,Simparica Trio,simparica_trio-s,E-commerce,Region,Northeast,22398,627151.21,0.88
stackline_ecommerce,2025-01,2025-Q1,Dermatology,SkinRelief Pro,skinrelief_pro-l,E-commerce,Region,Northeast,3597,176264.74,0.88
stackline_ecommerce,2025-01,2025-Q1,Dermatology,SkinRelief Pro,skinrelief_pro-s,E-commerce,Region,Northeast,5088,249335.07,0.88
stackline_ecommerce,2025-01,2025-Q1,Parasiticides,TickShield Plus,tickshield_plus-l,E-commerce,Region,Northeast,10355,248522.06,0.88
stackline_ecommerce,2025-01,2025-Q1,Parasiticides,TickShield Plus,tickshield_plus-s,E-commerce,Region,Northeast,13447,322739.92,0.88
stackline_ecommerce,2025-01,2025-Q1,Vaccines,Vanguard,vanguard-l,E-commerce,Region,Northeast,6733,148135.1,0.88
stackline_ecommerce,2025-01,2025-Q1,Vaccines,Vanguard,vanguard-s,E-commerce,Region,Northeast,10116,222546.39,0.88
stackline_ecommerce,2025-01,2025-Q1,Parasiticides,VectraGuard,vectraguard-l,E-commerce,Region,Northeast,11396,296286.65,0.88
stackline_ecommerce,2025-01,2025-Q1,Parasiticides,VectraGuard,vectraguard-s,E-commerce,Region,Northeast,16357,425278.92,0.88
stackline_ecommerce,2025-01,2025-Q1,Vaccines,VetGuard Immunize,vetguard_immunize-l,E-commerce,Region,Northeast,5691,108135.88,0.88
stackline_ecommerce,2025-01,2025-Q1,Vaccines,VetGuard Immunize,vetguard_immunize-s,E-commerce,Region,Northeast,8038,152722.65,0.88
stackline_ecommerce,2025-01,2025-Q1,Vaccines,VetSelect Core Vax,vetselect_core_vax-l,E-commerce,Region,Northeast,6517,91231.83,0.88
stackline_ecommerce,2025-01,2025-Q1,Vaccines,VetSelect Core Vax,vetselect_core_vax-s,E-commerce,Region,Northeast,8905,124671.55,0.88
stackline_ecommerce,2025-01,2025-Q1,Dermatology,VetSelect Derma,vetselect_derma-l,E-commerce,Region,Northeast,4202,159675.37,0.88
stackline_ecommerce,2025-01,2025-Q1,Dermatology,VetSelect Derma,vetselect_derma-s,E-commerce,Region,Northeast,5651,214744.02,0.88
stackline_ecommerce,2025-01,2025-Q1,Petcare Diagnostics,VetSelect Dx,vetselect_dx-l,E-commerce,Region,Northeast,6327,75925.9,0.88
stackline_ecommerce,2025-01,2025-Q1,Petcare Diagnostics,VetSelect Dx,vetselect_dx-s,E-commerce,Region,Northeast,9033,108393.18,0.88
stackline_ecommerce,2025-01,2025-Q1,Parasiticides,VetSelect Flea & Tick,vetselect_flea_and_tick-l,E-commerce,Region,Northeast,15941,271002.32,0.88
stackline_ecommerce,2025-01,2025-Q1,Parasiticides,VetSelect Flea & Tick,vetselect_flea_and_tick-s,E-commerce,Region,Northeast,19924,338706.43,0.88
stackline_ecommerce,2025-01,2025-Q1,Pain/Osteoarthritis,VetSelect Joint,vetselect_joint-l,E-commerce,Region,Northeast,4654,134958.52,0.88
stackline_ecommerce,2025-01,2025-Q1,Pain/Osteoarthritis,VetSelect Joint,vetselect_joint-s,E-commerce,Region,Northeast,6411,185932.92,0.88
stackline_ecommerce,2025-01,2025-Q1,Petcare Diagnostics,Vetscan,vetscan-l,E-commerce,Region,Northeast,10944,196986.75,0.88
stackline_ecommerce,2025-01,2025-Q1,Petcare Diagnostics,Vetscan,vetscan-s,E-commerce,Region,Northeast,16822,302801.63,0.88
stackline_ecommerce,2025-01,2025-Q1,Dermatology,AllerVet RX,allervet_rx-l,E-commerce,Region,South,6536,352920.73,0.88
stackline_ecommerce,2025-01,2025-Q1,Dermatology,AllerVet RX,allervet_rx-s,E-commerce,Region,South,8500,459010.76,0.88
stackline_ecommerce,2025-01,2025-Q1,Dermatology,Apoquel,apoquel-l,E-commerce,Region,South,8543,555297.14,0.88
stackline_ecommerce,2025-01,2025-Q1,Dermatology,Apoquel,apoquel-s,E-commerce,Region,South,12165,790735.98,0.88
stackline_ecommerce,2025-01,2025-Q1,Vaccines,BioShield Vax,bioshield_vax-l,E-commerce,Region,South,9685,193706.67,0.88
stackline_ecommerce,2025-01,2025-Q1,Vaccines,BioShield Vax,bioshield_vax-s,E-commerce,Region,South,13736,274719.89,0.88
stackline_ecommerce,2025-01,2025-Q1,Dermatology,DermaCalm,dermacalm-l,E-commerce,Region,South,7436,431310.67,0.88
stackline_ecommerce,2025-01,2025-Q1,Dermatology,DermaCalm,dermacalm-s,E-commerce,Region,South,10187,590823.12,0.88
stackline_ecommerce,2025-01,2025-Q1,Petcare Diagnostics,DiagnosTech Vet,diagnostech_vet-l,E-commerce,Region,South,16922,287673.52,0.88
stackline_ecommerce,2025-01,2025-Q1,Petcare Diagnostics,DiagnosTech Vet,diagnostech_vet-s,E-commerce,Region,South,23576,400785.11,0.88
stackline_ecommerce,2025-01,2025-Q1,Parasiticides,FleaStop Pro,fleastop_pro-l,E-commerce,Region,South,14632,307265.45,0.88
stackline_ecommerce,2025-01,2025-Q1,Parasiticides,FleaStop Pro,fleastop_pro-s,E-commerce,Region,South,19471,408893.54,0.88
stackline_ecommerce,2025-01,2025-Q1,Pain/Osteoarthritis,FlexiCare Joint,flexicare_joint-l,E-commerce,Region,South,7549,332160.73,0.88
stackline_ecommerce,2025-01,2025-Q1,Pain/Osteoarthritis,FlexiCare Joint,flexicare_joint-s,E-commerce,Region,South,10484,461294.56,0.88
stackline_ecommerce,2025-01,2025-Q1,Vaccines,ImmunoCore Canine,immunocore_canine-l,E-commerce,Region,South,12872,270315.85,0.88
stackline_ecommerce,2025-01,2025-Q1,Vaccines,ImmunoCore Canine,immunocore_canine-s,E-commerce,Region,South,17030,357621.26,0.88
stackline_ecommerce,2025-01,2025-Q1,Pain/Osteoarthritis,Librela,librela-l,E-commerce,Region,South,6358,305181.55,0.88
stackline_ecommerce,2025-01,2025-Q1,Pain/Osteoarthritis,Librela,librela-s,E-commerce,Region,South,8667,416015.43,0.88
stackline_ecommerce,2025-01,2025-Q1,Pain/Osteoarthritis,OsteoEase Vet,osteoease_vet-l,E-commerce,Region,South,7141,292791.64,0.88
stackline_ecommerce,2025-01,2025-Q1,Pain/Osteoarthritis,OsteoEase Vet,osteoease_vet-s,E-commerce,Region,South,9631,394872.41,0.88
stackline_ecommerce,2025-01,2025-Q1,Pain/Osteoarthritis,PainAway Canine,painaway_canine-l,E-commerce,Region,South,5495,203329.36,0.88
stackline_ecommerce,2025-01,2025-Q1,Pain/Osteoarthritis,PainAway Canine,painaway_canine-s,E-commerce,Region,South,7967,294771.81,0.88
stackline_ecommerce,2025-01,2025-Q1,Petcare Diagnostics,PetLab Analyzer,petlab_analyzer-l,E-commerce,Region,South,11153,167293.31,0.88
stackline_ecommerce,2025-01,2025-Q1,Petcare Diagnostics,PetLab Analyzer,petlab_analyzer-s,E-commerce,Region,South,14965,224470.85,0.88
stackline_ecommerce,2025-01,2025-Q1,Petcare Diagnostics,RapidVet Dx,rapidvet_dx-l,E-commerce,Region,South,16165,258637.21,0.88
stackline_ecommerce,2025-01,2025-Q1,Petcare Diagnostics,RapidVet Dx,rapidvet_dx-s,E-commerce,Region,South,24121,385936.97,0.88
stackline_ecommerce,2025-01,2025-Q1,Parasiticides,Simparica Trio,simparica_trio-l,E-commerce,Region,South,23244,650827.45,0.88
stackline_ecommerce,2025-01,2025-Q1,Parasiticides,Simparica Trio,simparica_trio-s,E-commerce,Region,South,33130,927637.12,0.88
stackline_ecommerce,2025-01,2025-Q1,Dermatology,SkinRelief Pro,skinrelief_pro-l,E-commerce,Region,South,5465,267798.29,0.88
stackline_ecommerce,2025-01,2025-Q1,Dermatology,SkinRelief Pro,skinrelief_pro-s,E-commerce,Region,South,7967,390394.9,0.88
stackline_ecommerce,2025-01,2025-Q1,Parasiticides,TickShield Plus,tickshield_plus-l,E-commerce,Region,South,17329,415896.9,0.88
stackline_ecommerce,2025-01,2025-Q1,Parasiticides,TickShield Plus,tickshield_plus-s,E-commerce,Region,South,22184,532423.43,0.88
stackline_ecommerce,2025-01,2025-Q1,Vaccines,Vanguard,vanguard-l,E-commerce,Region,South,10540,231884.69,0.88
stackline_ecommerce,2025-01,2025-Q1,Vaccines,Vanguard,vanguard-s,E-commerce,Region,South,14565,320421.68,0.88
stackline_ecommerce,2025-01,2025-Q1,Parasiticides,VectraGuard,vectraguard-l,E-commerce,Region,South,18336,476724.62,0.88
stackline_ecommerce,2025-01,2025-Q1,Parasiticides,VectraGuard,vectraguard-s,E-commerce,Region,South,25903,673470.36,0.88
stackline_ecommerce,2025-01,2025-Q1,Vaccines,VetGuard Immunize,vetguard_immunize-l,E-commerce,Region,South,8860,168331.18,0.88
stackline_ecommerce,2025-01,2025-Q1,Vaccines,VetGuard Immunize,vetguard_immunize-s,E-commerce,Region,South,12240,232568.15,0.88
stackline_ecommerce,2025-01,2025-Q1,Vaccines,VetSelect Core Vax,vetselect_core_vax-l,E-commerce,Region,South,9789,137039.35,0.88
stackline_ecommerce,2025-01,2025-Q1,Vaccines,VetSelect Core Vax,vetselect_core_vax-s,E-commerce,Region,South,11810,165338.49,0.88
stackline_ecommerce,2025-01,2025-Q1,Dermatology,VetSelect Derma,vetselect_derma-l,E-commerce,Region,South,6660,253080.4,0.88
stackline_ecommerce,2025-01,2025-Q1,Dermatology,VetSelect Derma,vetselect_derma-s,E-commerce,Region,South,8844,336077.48,0.88
stackline_ecommerce,2025-01,2025-Q1,Petcare Diagnostics,VetSelect Dx,vetselect_dx-l,E-commerce,Region,South,9669,116028.76,0.88
stackline_ecommerce,2025-01,2025-Q1,Petcare Diagnostics,VetSelect Dx,vetselect_dx-s,E-commerce,Region,South,13362,160342.45,0.88
stackline_ecommerce,2025-01,2025-Q1,Parasiticides,VetSelect Flea & Tick,vetselect_flea_and_tick-l,E-commerce,Region,South,22775,387171.5,0.88
stackline_ecommerce,2025-01,2025-Q1,Parasiticides,VetSelect Flea & Tick,vetselect_flea_and_tick-s,E-commerce,Region,South,29965,509396.7,0.88
stackline_ecommerce,2025-01,2025-Q1,Pain/Osteoarthritis,VetSelect Joint,vetselect_joint-l,E-commerce,Region,South,8192,237562.09,0.88
stackline_ecommerce,2025-01,2025-Q1,Pain/Osteoarthritis,VetSelect Joint,vetselect_joint-s,E-commerce,Region,South,10551,305986.65,0.88
stackline_ecommerce,2025-01,2025-Q1,Petcare Diagnostics,Vetscan,vetscan-l,E-commerce,Region,South,17170,309053.16,0.88
stackline_ecommerce,2025-01,2025-Q1,Petcare Diagnostics,Vetscan,vetscan-s,E-commerce,Region,South,24722,445002.88,0.88
stackline_ecommerce,2025-01,2025-Q1,Dermatology,AllerVet RX,allervet_rx-l,E-commerce,Region,West,4382,236615.71,0.88
stackline_ecommerce,2025-01,2025-Q1,Dermatology,AllerVet RX,allervet_rx-s,E-commerce,Region,West,5890,318038.8,0.88
stackline_ecommerce,2025-01,2025-Q1,Dermatology,Apoquel,apoquel-l,E-commerce,Region,West,6018,391198.02,0.88
stackline_ecommerce,2025-01,2025-Q1,Dermatology,Apoquel,apoquel-s,E-commerce,Region,West,7916,514551.44,0.88
stackline_ecommerce,2025-01,2025-Q1,Vaccines,BioShield Vax,bioshield_vax-l,E-commerce,Region,West,6271,125416.0,0.88
stackline_ecommerce,2025-01,2025-Q1,Vaccines,BioShield Vax,bioshield_vax-s,E-commerce,Region,West,8961,179212.19,0.88
stackline_ecommerce,2025-01,2025-Q1,Dermatology,DermaCalm,dermacalm-l,E-commerce,Region,West,4391,254690.84,0.88
stackline_ecommerce,2025-01,2025-Q1,Dermatology,DermaCalm,dermacalm-s,E-commerce,Region,West,6350,368313.81,0.88
stackline_ecommerce,2025-01,2025-Q1,Petcare Diagnostics,DiagnosTech Vet,diagnostech_vet-l,E-commerce,Region,West,12250,208247.83,0.88
stackline_ecommerce,2025-01,2025-Q1,Petcare Diagnostics,DiagnosTech Vet,diagnostech_vet-s,E-commerce,Region,West,17472,297018.72,0.88
stackline_ecommerce,2025-01,2025-Q1,Parasiticides,FleaStop Pro,fleastop_pro-l,E-commerce,Region,West,9771,205184.58,0.88
stackline_ecommerce,2025-01,2025-Q1,Parasiticides,FleaStop Pro,fleastop_pro-s,E-commerce,Region,West,12887,270623.21,0.88
stackline_ecommerce,2025-01,2025-Q1,Pain/Osteoarthritis,FlexiCare Joint,flexicare_joint-l,E-commerce,Region,West,4774,210074.04,0.88
stackline_ecommerce,2025-01,2025-Q1,Pain/Osteoarthritis,FlexiCare Joint,flexicare_joint-s,E-commerce,Region,West,6918,304410.98,0.88
stackline_ecommerce,2025-01,2025-Q1,Vaccines,ImmunoCore Canine,immunocore_canine-l,E-commerce,Region,West,8359,175546.72,0.88
stackline_ecommerce,2025-01,2025-Q1,Vaccines,ImmunoCore Canine,immunocore_canine-s,E-commerce,Region,West,11499,241472.85,0.88
stackline_ecommerce,2025-01,2025-Q1,Pain/Osteoarthritis,Librela,librela-l,E-commerce,Region,West,4845,232558.86,0.88
stackline_ecommerce,2025-01,2025-Q1,Pain/Osteoarthritis,Librela,librela-s,E-commerce,Region,West,6363,305443.82,0.88
stackline_ecommerce,2025-01,2025-Q1,Pain/Osteoarthritis,OsteoEase Vet,osteoease_vet-l,E-commerce,Region,West,4857,199124.45,0.88
stackline_ecommerce,2025-01,2025-Q1,Pain/Osteoarthritis,OsteoEase Vet,osteoease_vet-s,E-commerce,Region,West,7104,291257.98,0.88
stackline_ecommerce,2025-01,2025-Q1,Pain/Osteoarthritis,PainAway Canine,painaway_canine-l,E-commerce,Region,West,3868,143109.33,0.88
stackline_ecommerce,2025-01,2025-Q1,Pain/Osteoarthritis,PainAway Canine,painaway_canine-s,E-commerce,Region,West,5616,207794.77,0.88
stackline_ecommerce,2025-01,2025-Q1,Petcare Diagnostics,PetLab Analyzer,petlab_analyzer-l,E-commerce,Region,West,7449,111730.72,0.88
stackline_ecommerce,2025-01,2025-Q1,Petcare Diagnostics,PetLab Analyzer,petlab_analyzer-s,E-commerce,Region,West,10333,154998.39,0.88
stackline_ecommerce,2025-01,2025-Q1,Petcare Diagnostics,RapidVet Dx,rapidvet_dx-l,E-commerce,Region,West,11409,182549.54,0.88
stackline_ecommerce,2025-01,2025-Q1,Petcare Diagnostics,RapidVet Dx,rapidvet_dx-s,E-commerce,Region,West,16184,258945.15,0.88
stackline_ecommerce,2025-01,2025-Q1,Parasiticides,Simparica Trio,simparica_trio-l,E-commerce,Region,West,15384,430761.99,0.88
stackline_ecommerce,2025-01,2025-Q1,Parasiticides,Simparica Trio,simparica_trio-s,E-commerce,Region,West,21558,603614.71,0.88
stackline_ecommerce,2025-01,2025-Q1,Dermatology,SkinRelief Pro,skinrelief_pro-l,E-commerce,Region,West,3716,182060.81,0.88
stackline_ecommerce,2025-01,2025-Q1,Dermatology,SkinRelief Pro,skinrelief_pro-s,E-commerce,Region,West,5299,259628.68,0.88
stackline_ecommerce,2025-01,2025-Q1,Parasiticides,TickShield Plus,tickshield_plus-l,E-commerce,Region,West,10944,262656.07,0.88
stackline_ecommerce,2025-01,2025-Q1,Parasiticides,TickShield Plus,tickshield_plus-s,E-commerce,Region,West,15096,362301.67,0.88
stackline_ecommerce,2025-01,2025-Q1,Vaccines,Vanguard,vanguard-l,E-commerce,Region,West,7122,156688.58,0.88
stackline_ecommerce,2025-01,2025-Q1,Vaccines,Vanguard,vanguard-s,E-commerce,Region,West,8610,189425.63,0.88
stackline_ecommerce,2025-01,2025-Q1,Parasiticides,VectraGuard,vectraguard-l,E-commerce,Region,West,11434,297290.94,0.88
stackline_ecommerce,2025-01,2025-Q1,Parasiticides,VectraGuard,vectraguard-s,E-commerce,Region,West,16526,429678.1,0.88
stackline_ecommerce,2025-01,2025-Q1,Vaccines,VetGuard Immunize,vetguard_immunize-l,E-commerce,Region,West,5678,107885.05,0.88
stackline_ecommerce,2025-01,2025-Q1,Vaccines,VetGuard Immunize,vetguard_immunize-s,E-commerce,Region,West,8144,154736.71,0.88
stackline_ecommerce,2025-01,2025-Q1,Vaccines,VetSelect Core Vax,vetselect_core_vax-l,E-commerce,Region,West,5948,83273.6,0.88
stackline_ecommerce,2025-01,2025-Q1,Vaccines,VetSelect Core Vax,vetselect_core_vax-s,E-commerce,Region,West,8188,114629.84,0.88
stackline_ecommerce,2025-01,2025-Q1,Dermatology,VetSelect Derma,vetselect_derma-l,E-commerce,Region,West,4400,167217.98,0.88
stackline_ecommerce,2025-01,2025-Q1,Dermatology,VetSelect Derma,vetselect_derma-s,E-commerce,Region,West,5758,218802.41,0.88
stackline_ecommerce,2025-01,2025-Q1,Petcare Diagnostics,VetSelect Dx,vetselect_dx-l,E-commerce,Region,West,6375,76497.66,0.88
stackline_ecommerce,2025-01,2025-Q1,Petcare Diagnostics,VetSelect Dx,vetselect_dx-s,E-commerce,Region,West,9520,114245.54,0.88
stackline_ecommerce,2025-01,2025-Q1,Parasiticides,VetSelect Flea & Tick,vetselect_flea_and_tick-l,E-commerce,Region,West,17294,293991.66,0.88
stackline_ecommerce,2025-01,2025-Q1,Parasiticides,VetSelect Flea & Tick,vetselect_flea_and_tick-s,E-commerce,Region,West,22271,378607.38,0.88
stackline_ecommerce,2025-01,2025-Q1,Pain/Osteoarthritis,VetSelect Joint,vetselect_joint-l,E-commerce,Region,West,4743,137537.23,0.88
stackline_ecommerce,2025-01,2025-Q1,Pain/Osteoarthritis,VetSelect Joint,vetselect_joint-s,E-commerce,Region,West,7054,204571.59,0.88
stackline_ecommerce,2025-01,2025-Q1,Petcare Diagnostics,Vetscan,vetscan-l,E-commerce,Region,West,10460,188281.58,0.88
stackline_ecommerce,2025-01,2025-Q1,Petcare Diagnostics,Vetscan,vetscan-s,E-commerce,Region,West,15765,283764.88,0.88
stackline_ecommerce,2025-02,2025-Q1,Dermatology,AllerVet RX,allervet_rx-l,E-commerce,National,National,19690,1063188.29,0.88
stackline_ecommerce,2025-02,2025-Q1,Dermatology,AllerVet RX,allervet_rx-s,E-commerce,National,National,27573,1488943.25,0.88
stackline_ecommerce,2025-02,2025-Q1,Dermatology,Apoquel,apoquel-l,E-commerce,National,National,28155,1830081.3,0.88
stackline_ecommerce,2025-02,2025-Q1,Dermatology,Apoquel,apoquel-s,E-commerce,National,National,39687,2579690.74,0.88
stackline_ecommerce,2025-02,2025-Q1,Vaccines,BioShield Vax,bioshield_vax-l,E-commerce,National,National,31080,621603.03,0.88
stackline_ecommerce,2025-02,2025-Q1,Vaccines,BioShield Vax,bioshield_vax-s,E-commerce,National,National,42635,852697.91,0.88
stackline_ecommerce,2025-02,2025-Q1,Dermatology,DermaCalm,dermacalm-l,E-commerce,National,National,22302,1293498.87,0.88
stackline_ecommerce,2025-02,2025-Q1,Dermatology,DermaCalm,dermacalm-s,E-commerce,National,National,30982,1796908.78,0.88
stackline_ecommerce,2025-02,2025-Q1,Petcare Diagnostics,DiagnosTech Vet,diagnostech_vet-l,E-commerce,National,National,54746,930684.53,0.88
stackline_ecommerce,2025-02,2025-Q1,Petcare Diagnostics,DiagnosTech Vet,diagnostech_vet-s,E-commerce,National,National,76884,1307017.74,0.88
stackline_ecommerce,2025-02,2025-Q1,Parasiticides,FleaStop Pro,fleastop_pro-l,E-commerce,National,National,47899,1005864.97,0.88
stackline_ecommerce,2025-02,2025-Q1,Parasiticides,FleaStop Pro,fleastop_pro-s,E-commerce,National,National,67415,1415728.18,0.88
stackline_ecommerce,2025-02,2025-Q1,Pain/Osteoarthritis,FlexiCare Joint,flexicare_joint-l,E-commerce,National,National,21622,951366.13,0.88
stackline_ecommerce,2025-02,2025-Q1,Pain/Osteoarthritis,FlexiCare Joint,flexicare_joint-s,E-commerce,National,National,30231,1330168.9,0.88
stackline_ecommerce,2025-02,2025-Q1,Vaccines,ImmunoCore Canine,immunocore_canine-l,E-commerce,National,National,38593,810457.52,0.88
stackline_ecommerce,2025-02,2025-Q1,Vaccines,ImmunoCore Canine,immunocore_canine-s,E-commerce,National,National,54212,1138455.13,0.88
stackline_ecommerce,2025-02,2025-Q1,Pain/Osteoarthritis,Librela,librela-l,E-commerce,National,National,18380,882264.63,0.88
stackline_ecommerce,2025-02,2025-Q1,Pain/Osteoarthritis,Librela,librela-s,E-commerce,National,National,26632,1278291.89,0.88
stackline_ecommerce,2025-02,2025-Q1,Pain/Osteoarthritis,OsteoEase Vet,osteoease_vet-l,E-commerce,National,National,19325,792320.0,0.88
stackline_ecommerce,2025-02,2025-Q1,Pain/Osteoarthritis,OsteoEase Vet,osteoease_vet-s,E-commerce,National,National,26689,1094271.71,0.88
stackline_ecommerce,2025-02,2025-Q1,Pain/Osteoarthritis,PainAway Canine,painaway_canine-l,E-commerce,National,National,18576,687316.55,0.88
stackline_ecommerce,2025-02,2025-Q1,Pain/Osteoarthritis,PainAway Canine,painaway_canine-s,E-commerce,National,National,24445,904436.37,0.88
stackline_ecommerce,2025-02,2025-Q1,Petcare Diagnostics,PetLab Analyzer,petlab_analyzer-l,E-commerce,National,National,33045,495668.18,0.88
stackline_ecommerce,2025-02,2025-Q1,Petcare Diagnostics,PetLab Analyzer,petlab_analyzer-s,E-commerce,National,National,44345,665166.77,0.88
stackline_ecommerce,2025-02,2025-Q1,Petcare Diagnostics,RapidVet Dx,rapidvet_dx-l,E-commerce,National,National,52398,838368.54,0.88
stackline_ecommerce,2025-02,2025-Q1,Petcare Diagnostics,RapidVet Dx,rapidvet_dx-s,E-commerce,National,National,73764,1180228.91,0.88
stackline_ecommerce,2025-02,2025-Q1,Parasiticides,Simparica Trio,simparica_trio-l,E-commerce,National,National,79674,2230884.62,0.88
stackline_ecommerce,2025-02,2025-Q1,Parasiticides,Simparica Trio,simparica_trio-s,E-commerce,National,National,110895,3105071.65,0.88
stackline_ecommerce,2025-02,2025-Q1,Dermatology,SkinRelief Pro,skinrelief_pro-l,E-commerce,National,National,17353,850318.15,0.88
stackline_ecommerce,2025-02,2025-Q1,Dermatology,SkinRelief Pro,skinrelief_pro-s,E-commerce,National,National,23680,1160301.06,0.88
stackline_ecommerce,2025-02,2025-Q1,Parasiticides,TickShield Plus,tickshield_plus-l,E-commerce,National,National,56736,1361675.56,0.88
stackline_ecommerce,2025-02,2025-Q1,Parasiticides,TickShield Plus,tickshield_plus-s,E-commerce,National,National,79325,1903803.01,0.88
stackline_ecommerce,2025-02,2025-Q1,Vaccines,Vanguard,vanguard-l,E-commerce,National,National,35176,773879.14,0.88
stackline_ecommerce,2025-02,2025-Q1,Vaccines,Vanguard,vanguard-s,E-commerce,National,National,48352,1063767.73,0.88
stackline_ecommerce,2025-02,2025-Q1,Parasiticides,VectraGuard,vectraguard-l,E-commerce,National,National,67352,1751164.98,0.88
stackline_ecommerce,2025-02,2025-Q1,Parasiticides,VectraGuard,vectraguard-s,E-commerce,National,National,88755,2307650.87,0.88
stackline_ecommerce,2025-02,2025-Q1,Vaccines,VetGuard Immunize,vetguard_immunize-l,E-commerce,National,National,28878,548709.55,0.88
stackline_ecommerce,2025-02,2025-Q1,Vaccines,VetGuard Immunize,vetguard_immunize-s,E-commerce,National,National,41127,781404.47,0.88
stackline_ecommerce,2025-02,2025-Q1,Vaccines,VetSelect Core Vax,vetselect_core_vax-l,E-commerce,National,National,31959,447446.45,0.88
stackline_ecommerce,2025-02,2025-Q1,Vaccines,VetSelect Core Vax,vetselect_core_vax-s,E-commerce,National,National,44453,622345.5,0.88
stackline_ecommerce,2025-02,2025-Q1,Dermatology,VetSelect Derma,vetselect_derma-l,E-commerce,National,National,19466,739691.21,0.88
stackline_ecommerce,2025-02,2025-Q1,Dermatology,VetSelect Derma,vetselect_derma-s,E-commerce,National,National,25779,979619.67,0.88
stackline_ecommerce,2025-02,2025-Q1,Petcare Diagnostics,VetSelect Dx,vetselect_dx-l,E-commerce,National,National,32159,385905.68,0.88
stackline_ecommerce,2025-02,2025-Q1,Petcare Diagnostics,VetSelect Dx,vetselect_dx-s,E-commerce,National,National,44909,538908.65,0.88
stackline_ecommerce,2025-02,2025-Q1,Parasiticides,VetSelect Flea & Tick,vetselect_flea_and_tick-l,E-commerce,National,National,83271,1415608.03,0.88
stackline_ecommerce,2025-02,2025-Q1,Parasiticides,VetSelect Flea & Tick,vetselect_flea_and_tick-s,E-commerce,National,National,114402,1944842.66,0.88
stackline_ecommerce,2025-02,2025-Q1,Pain/Osteoarthritis,VetSelect Joint,vetselect_joint-l,E-commerce,National,National,21768,631295.05,0.88
stackline_ecommerce,2025-02,2025-Q1,Pain/Osteoarthritis,VetSelect Joint,vetselect_joint-s,E-commerce,National,National,31142,903105.32,0.88
stackline_ecommerce,2025-02,2025-Q1,Petcare Diagnostics,Vetscan,vetscan-l,E-commerce,National,National,51001,918005.02,0.88
stackline_ecommerce,2025-02,2025-Q1,Petcare Diagnostics,Vetscan,vetscan-s,E-commerce,National,National,70664,1271958.55,0.88
stackline_ecommerce,2025-02,2025-Q1,Dermatology,AllerVet RX,allervet_rx-l,E-commerce,Region,Midwest,4410,238122.14,0.88
stackline_ecommerce,2025-02,2025-Q1,Dermatology,AllerVet RX,allervet_rx-s,E-commerce,Region,Midwest,5864,316658.98,0.88
stackline_ecommerce,2025-02,2025-Q1,Dermatology,Apoquel,apoquel-l,E-commerce,Region,Midwest,5938,385951.99,0.88
stackline_ecommerce,2025-02,2025-Q1,Dermatology,Apoquel,apoquel-s,E-commerce,Region,Midwest,8182,531839.1,0.88
stackline_ecommerce,2025-02,2025-Q1,Vaccines,BioShield Vax,bioshield_vax-l,E-commerce,Region,Midwest,6460,129203.07,0.88
stackline_ecommerce,2025-02,2025-Q1,Vaccines,BioShield Vax,bioshield_vax-s,E-commerce,Region,Midwest,8819,176378.68,0.88
stackline_ecommerce,2025-02,2025-Q1,Dermatology,DermaCalm,dermacalm-l,E-commerce,Region,Midwest,4803,278550.41,0.88
stackline_ecommerce,2025-02,2025-Q1,Dermatology,DermaCalm,dermacalm-s,E-commerce,Region,Midwest,6673,387016.77,0.88
stackline_ecommerce,2025-02,2025-Q1,Petcare Diagnostics,DiagnosTech Vet,diagnostech_vet-l,E-commerce,Region,Midwest,11602,197241.26,0.88
stackline_ecommerce,2025-02,2025-Q1,Petcare Diagnostics,DiagnosTech Vet,diagnostech_vet-s,E-commerce,Region,Midwest,17157,291662.22,0.88
stackline_ecommerce,2025-02,2025-Q1,Parasiticides,FleaStop Pro,fleastop_pro-l,E-commerce,Region,Midwest,10066,211389.75,0.88
stackline_ecommerce,2025-02,2025-Q1,Parasiticides,FleaStop Pro,fleastop_pro-s,E-commerce,Region,Midwest,13902,291951.23,0.88
stackline_ecommerce,2025-02,2025-Q1,Pain/Osteoarthritis,FlexiCare Joint,flexicare_joint-l,E-commerce,Region,Midwest,4531,199380.79,0.88
stackline_ecommerce,2025-02,2025-Q1,Pain/Osteoarthritis,FlexiCare Joint,flexicare_joint-s,E-commerce,Region,Midwest,6056,266468.31,0.88
stackline_ecommerce,2025-02,2025-Q1,Vaccines,ImmunoCore Canine,immunocore_canine-l,E-commerce,Region,Midwest,8324,174813.58,0.88
stackline_ecommerce,2025-02,2025-Q1,Vaccines,ImmunoCore Canine,immunocore_canine-s,E-commerce,Region,Midwest,11078,232638.94,0.88
stackline_ecommerce,2025-02,2025-Q1,Pain/Osteoarthritis,Librela,librela-l,E-commerce,Region,Midwest,4026,193241.02,0.88
stackline_ecommerce,2025-02,2025-Q1,Pain/Osteoarthritis,Librela,librela-s,E-commerce,Region,Midwest,5536,265724.81,0.88
stackline_ecommerce,2025-02,2025-Q1,Pain/Osteoarthritis,OsteoEase Vet,osteoease_vet-l,E-commerce,Region,Midwest,4059,166425.13,0.88
stackline_ecommerce,2025-02,2025-Q1,Pain/Osteoarthritis,OsteoEase Vet,osteoease_vet-s,E-commerce,Region,Midwest,5608,229942.27,0.88
stackline_ecommerce,2025-02,2025-Q1,Pain/Osteoarthritis,PainAway Canine,painaway_canine-l,E-commerce,Region,Midwest,3836,141933.14,0.88
stackline_ecommerce,2025-02,2025-Q1,Pain/Osteoarthritis,PainAway Canine,painaway_canine-s,E-commerce,Region,Midwest,5155,190722.7,0.88
stackline_ecommerce,2025-02,2025-Q1,Petcare Diagnostics,PetLab Analyzer,petlab_analyzer-l,E-commerce,Region,Midwest,7335,110021.89,0.88
stackline_ecommerce,2025-02,2025-Q1,Petcare Diagnostics,PetLab Analyzer,petlab_analyzer-s,E-commerce,Region,Midwest,9691,145359.58,0.88
stackline_ecommerce,2025-02,2025-Q1,Petcare Diagnostics,RapidVet Dx,rapidvet_dx-l,E-commerce,Region,Midwest,11167,178675.8,0.88
stackline_ecommerce,2025-02,2025-Q1,Petcare Diagnostics,RapidVet Dx,rapidvet_dx-s,E-commerce,Region,Midwest,15422,246755.53,0.88
stackline_ecommerce,2025-02,2025-Q1,Parasiticides,Simparica Trio,simparica_trio-l,E-commerce,Region,Midwest,17830,499246.12,0.88
stackline_ecommerce,2025-02,2025-Q1,Parasiticides,Simparica Trio,simparica_trio-s,E-commerce,Region,Midwest,24092,674587.79,0.88
stackline_ecommerce,2025-02,2025-Q1,Dermatology,SkinRelief Pro,skinrelief_pro-l,E-commerce,Region,Midwest,3745,183510.45,0.88
stackline_ecommerce,2025-02,2025-Q1,Dermatology,SkinRelief Pro,skinrelief_pro-s,E-commerce,Region,Midwest,5048,247328.26,0.88
stackline_ecommerce,2025-02,2025-Q1,Parasiticides,TickShield Plus,tickshield_plus-l,E-commerce,Region,Midwest,12202,292857.62,0.88
stackline_ecommerce,2025-02,2025-Q1,Parasiticides,TickShield Plus,tickshield_plus-s,E-commerce,Region,Midwest,17249,413975.95,0.88
stackline_ecommerce,2025-02,2025-Q1,Vaccines,Vanguard,vanguard-l,E-commerce,Region,Midwest,7448,163851.22,0.88
stackline_ecommerce,2025-02,2025-Q1,Vaccines,Vanguard,vanguard-s,E-commerce,Region,Midwest,10122,222693.78,0.88
stackline_ecommerce,2025-02,2025-Q1,Parasiticides,VectraGuard,vectraguard-l,E-commerce,Region,Midwest,15516,403406.74,0.88
stackline_ecommerce,2025-02,2025-Q1,Parasiticides,VectraGuard,vectraguard-s,E-commerce,Region,Midwest,18569,482805.99,0.88
stackline_ecommerce,2025-02,2025-Q1,Vaccines,VetGuard Immunize,vetguard_immunize-l,E-commerce,Region,Midwest,6069,115318.04,0.88
stackline_ecommerce,2025-02,2025-Q1,Vaccines,VetGuard Immunize,vetguard_immunize-s,E-commerce,Region,Midwest,8709,165474.76,0.88
stackline_ecommerce,2025-02,2025-Q1,Vaccines,VetSelect Core Vax,vetselect_core_vax-l,E-commerce,Region,Midwest,6765,94716.46,0.88
stackline_ecommerce,2025-02,2025-Q1,Vaccines,VetSelect Core Vax,vetselect_core_vax-s,E-commerce,Region,Midwest,8933,125067.66,0.88
stackline_ecommerce,2025-02,2025-Q1,Dermatology,VetSelect Derma,vetselect_derma-l,E-commerce,Region,Midwest,4315,163977.04,0.88
stackline_ecommerce,2025-02,2025-Q1,Dermatology,VetSelect Derma,vetselect_derma-s,E-commerce,Region,Midwest,5621,213604.6,0.88
stackline_ecommerce,2025-02,2025-Q1,Petcare Diagnostics,VetSelect Dx,vetselect_dx-l,E-commerce,Region,Midwest,7072,84862.02,0.88
stackline_ecommerce,2025-02,2025-Q1,Petcare Diagnostics,VetSelect Dx,vetselect_dx-s,E-commerce,Region,Midwest,9710,116520.44,0.88
stackline_ecommerce,2025-02,2025-Q1,Parasiticides,VetSelect Flea & Tick,vetselect_flea_and_tick-l,E-commerce,Region,Midwest,17601,299217.61,0.88
stackline_ecommerce,2025-02,2025-Q1,Parasiticides,VetSelect Flea & Tick,vetselect_flea_and_tick-s,E-commerce,Region,Midwest,24975,424573.68,0.88
stackline_ecommerce,2025-02,2025-Q1,Pain/Osteoarthritis,VetSelect Joint,vetselect_joint-l,E-commerce,Region,Midwest,4352,126213.58,0.88
stackline_ecommerce,2025-02,2025-Q1,Pain/Osteoarthritis,VetSelect Joint,vetselect_joint-s,E-commerce,Region,Midwest,6346,184023.8,0.88
stackline_ecommerce,2025-02,2025-Q1,Petcare Diagnostics,Vetscan,vetscan-l,E-commerce,Region,Midwest,10510,189179.59,0.88
stackline_ecommerce,2025-02,2025-Q1,Petcare Diagnostics,Vetscan,vetscan-s,E-commerce,Region,Midwest,14577,262394.95,0.88
stackline_ecommerce,2025-02,2025-Q1,Dermatology,AllerVet RX,allervet_rx-l,E-commerce,Region,Northeast,4570,246758.66,0.88
stackline_ecommerce,2025-02,2025-Q1,Dermatology,AllerVet RX,allervet_rx-s,E-commerce,Region,Northeast,6078,328221.5,0.88
stackline_ecommerce,2025-02,2025-Q1,Dermatology,Apoquel,apoquel-l,E-commerce,Region,Northeast,6237,405413.94,0.88
stackline_ecommerce,2025-02,2025-Q1,Dermatology,Apoquel,apoquel-s,E-commerce,Region,Northeast,9197,597790.08,0.88
stackline_ecommerce,2025-02,2025-Q1,Vaccines,BioShield Vax,bioshield_vax-l,E-commerce,Region,Northeast,6590,131806.24,0.88
stackline_ecommerce,2025-02,2025-Q1,Vaccines,BioShield Vax,bioshield_vax-s,E-commerce,Region,Northeast,9373,187464.67,0.88
stackline_ecommerce,2025-02,2025-Q1,Dermatology,DermaCalm,dermacalm-l,E-commerce,Region,Northeast,4752,275629.26,0.88
stackline_ecommerce,2025-02,2025-Q1,Dermatology,DermaCalm,dermacalm-s,E-commerce,Region,Northeast,6924,401571.24,0.88
stackline_ecommerce,2025-02,2025-Q1,Petcare Diagnostics,DiagnosTech Vet,diagnostech_vet-l,E-commerce,Region,Northeast,12236,208005.32,0.88
stackline_ecommerce,2025-02,2025-Q1,Petcare Diagnostics,DiagnosTech Vet,diagnostech_vet-s,E-commerce,Region,Northeast,17760,301925.74,0.88
stackline_ecommerce,2025-02,2025-Q1,Parasiticides,FleaStop Pro,fleastop_pro-l,E-commerce,Region,Northeast,9940,208733.31,0.88
stackline_ecommerce,2025-02,2025-Q1,Parasiticides,FleaStop Pro,fleastop_pro-s,E-commerce,Region,Northeast,14517,304853.5,0.88
stackline_ecommerce,2025-02,2025-Q1,Pain/Osteoarthritis,FlexiCare Joint,flexicare_joint-l,E-commerce,Region,Northeast,4724,207847.49,0.88
stackline_ecommerce,2025-02,2025-Q1,Pain/Osteoarthritis,FlexiCare Joint,flexicare_joint-s,E-commerce,Region,Northeast,6793,298878.1,0.88
stackline_ecommerce,2025-02,2025-Q1,Vaccines,ImmunoCore Canine,immunocore_canine-l,E-commerce,Region,Northeast,8246,173162.74,0.88
stackline_ecommerce,2025-02,2025-Q1,Vaccines,ImmunoCore Canine,immunocore_canine-s,E-commerce,Region,Northeast,12138,254904.12,0.88
stackline_ecommerce,2025-02,2025-Q1,Pain/Osteoarthritis,Librela,librela-l,E-commerce,Region,Northeast,3834,184020.08,0.88
stackline_ecommerce,2025-02,2025-Q1,Pain/Osteoarthritis,Librela,librela-s,E-commerce,Region,Northeast,5666,271946.45,0.88
stackline_ecommerce,2025-02,2025-Q1,Pain/Osteoarthritis,OsteoEase Vet,osteoease_vet-l,E-commerce,Region,Northeast,4222,173102.94,0.88
stackline_ecommerce,2025-02,2025-Q1,Pain/Osteoarthritis,OsteoEase Vet,osteoease_vet-s,E-commerce,Region,Northeast,5747,235628.79,0.88
stackline_ecommerce,2025-02,2025-Q1,Pain/Osteoarthritis,PainAway Canine,painaway_canine-l,E-commerce,Region,Northeast,4045,149656.43,0.88
stackline_ecommerce,2025-02,2025-Q1,Pain/Osteoarthritis,PainAway Canine,painaway_canine-s,E-commerce,Region,Northeast,5266,194843.51,0.88
stackline_ecommerce,2025-02,2025-Q1,Petcare Diagnostics,PetLab Analyzer,petlab_analyzer-l,E-commerce,Region,Northeast,7319,109781.14,0.88
stackline_ecommerce,2025-02,2025-Q1,Petcare Diagnostics,PetLab Analyzer,petlab_analyzer-s,E-commerce,Region,Northeast,10006,150094.66,0.88
stackline_ecommerce,2025-02,2025-Q1,Petcare Diagnostics,RapidVet Dx,rapidvet_dx-l,E-commerce,Region,Northeast,11392,182267.9,0.88
stackline_ecommerce,2025-02,2025-Q1,Petcare Diagnostics,RapidVet Dx,rapidvet_dx-s,E-commerce,Region,Northeast,15814,253026.05,0.88
stackline_ecommerce,2025-02,2025-Q1,Parasiticides,Simparica Trio,simparica_trio-l,E-commerce,Region,Northeast,17301,484430.71,0.88
stackline_ecommerce,2025-02,2025-Q1,Parasiticides,Simparica Trio,simparica_trio-s,E-commerce,Region,Northeast,24054,673524.79,0.88
stackline_ecommerce,2025-02,2025-Q1,Dermatology,SkinRelief Pro,skinrelief_pro-l,E-commerce,Region,Northeast,3901,191166.19,0.88
stackline_ecommerce,2025-02,2025-Q1,Dermatology,SkinRelief Pro,skinrelief_pro-s,E-commerce,Region,Northeast,5341,261728.17,0.88
stackline_ecommerce,2025-02,2025-Q1,Parasiticides,TickShield Plus,tickshield_plus-l,E-commerce,Region,Northeast,12375,297007.49,0.88
stackline_ecommerce,2025-02,2025-Q1,Parasiticides,TickShield Plus,tickshield_plus-s,E-commerce,Region,Northeast,17303,415279.73,0.88
stackline_ecommerce,2025-02,2025-Q1,Vaccines,Vanguard,vanguard-l,E-commerce,Region,Northeast,7933,174523.48,0.88
stackline_ecommerce,2025-02,2025-Q1,Vaccines,Vanguard,vanguard-s,E-commerce,Region,Northeast,10598,233152.24,0.88
stackline_ecommerce,2025-02,2025-Q1,Parasiticides,VectraGuard,vectraguard-l,E-commerce,Region,Northeast,13750,357505.59,0.88
stackline_ecommerce,2025-02,2025-Q1,Parasiticides,VectraGuard,vectraguard-s,E-commerce,Region,Northeast,19630,510367.46,0.88
stackline_ecommerce,2025-02,2025-Q1,Vaccines,VetGuard Immunize,vetguard_immunize-l,E-commerce,Region,Northeast,5759,109430.24,0.88
stackline_ecommerce,2025-02,2025-Q1,Vaccines,VetGuard Immunize,vetguard_immunize-s,E-commerce,Region,Northeast,8229,156343.37,0.88
stackline_ecommerce,2025-02,2025-Q1,Vaccines,VetSelect Core Vax,vetselect_core_vax-l,E-commerce,Region,Northeast,6608,92517.56,0.88
stackline_ecommerce,2025-02,2025-Q1,Vaccines,VetSelect Core Vax,vetselect_core_vax-s,E-commerce,Region,Northeast,9438,132128.16,0.88
stackline_ecommerce,2025-02,2025-Q1,Dermatology,VetSelect Derma,vetselect_derma-l,E-commerce,Region,Northeast,4184,158990.57,0.88
stackline_ecommerce,2025-02,2025-Q1,Dermatology,VetSelect Derma,vetselect_derma-s,E-commerce,Region,Northeast,5690,216218.37,0.88
stackline_ecommerce,2025-02,2025-Q1,Petcare Diagnostics,VetSelect Dx,vetselect_dx-l,E-commerce,Region,Northeast,7120,85443.7,0.88
stackline_ecommerce,2025-02,2025-Q1,Petcare Diagnostics,VetSelect Dx,vetselect_dx-s,E-commerce,Region,Northeast,10633,127594.53,0.88
stackline_ecommerce,2025-02,2025-Q1,Parasiticides,VetSelect Flea & Tick,vetselect_flea_and_tick-l,E-commerce,Region,Northeast,17742,301608.79,0.88
stackline_ecommerce,2025-02,2025-Q1,Parasiticides,VetSelect Flea & Tick,vetselect_flea_and_tick-s,E-commerce,Region,Northeast,24669,419374.09,0.88
stackline_ecommerce,2025-02,2025-Q1,Pain/Osteoarthritis,VetSelect Joint,vetselect_joint-l,E-commerce,Region,Northeast,4761,138068.16,0.88
stackline_ecommerce,2025-02,2025-Q1,Pain/Osteoarthritis,VetSelect Joint,vetselect_joint-s,E-commerce,Region,Northeast,6768,196280.09,0.88
stackline_ecommerce,2025-02,2025-Q1,Petcare Diagnostics,Vetscan,vetscan-l,E-commerce,Region,Northeast,11251,202509.82,0.88
stackline_ecommerce,2025-02,2025-Q1,Petcare Diagnostics,Vetscan,vetscan-s,E-commerce,Region,Northeast,16113,290037.09,0.88
stackline_ecommerce,2025-02,2025-Q1,Dermatology,AllerVet RX,allervet_rx-l,E-commerce,Region,South,6179,333658.51,0.88
stackline_ecommerce,2025-02,2025-Q1,Dermatology,AllerVet RX,allervet_rx-s,E-commerce,Region,South,9505,513248.59,0.88
stackline_ecommerce,2025-02,2025-Q1,Dermatology,Apoquel,apoquel-l,E-commerce,Region,South,9651,627330.29,0.88
stackline_ecommerce,2025-02,2025-Q1,Dermatology,Apoquel,apoquel-s,E-commerce,Region,South,13374,869334.48,0.88
stackline_ecommerce,2025-02,2025-Q1,Vaccines,BioShield Vax,bioshield_vax-l,E-commerce,Region,South,11203,224053.93,0.88
stackline_ecommerce,2025-02,2025-Q1,Vaccines,BioShield Vax,bioshield_vax-s,E-commerce,Region,South,14761,295216.09,0.88
stackline_ecommerce,2025-02,2025-Q1,Dermatology,DermaCalm,dermacalm-l,E-commerce,Region,South,7205,417864.21,0.88
stackline_ecommerce,2025-02,2025-Q1,Dermatology,DermaCalm,dermacalm-s,E-commerce,Region,South,10355,600569.37,0.88
stackline_ecommerce,2025-02,2025-Q1,Petcare Diagnostics,DiagnosTech Vet,diagnostech_vet-l,E-commerce,Region,South,18502,314534.34,0.88
stackline_ecommerce,2025-02,2025-Q1,Petcare Diagnostics,DiagnosTech Vet,diagnostech_vet-s,E-commerce,Region,South,24939,423954.84,0.88
stackline_ecommerce,2025-02,2025-Q1,Parasiticides,FleaStop Pro,fleastop_pro-l,E-commerce,Region,South,16415,344713.48,0.88
stackline_ecommerce,2025-02,2025-Q1,Parasiticides,FleaStop Pro,fleastop_pro-s,E-commerce,Region,South,23027,483564.6,0.88
stackline_ecommerce,2025-02,2025-Q1,Pain/Osteoarthritis,FlexiCare Joint,flexicare_joint-l,E-commerce,Region,South,7565,332863.51,0.88
stackline_ecommerce,2025-02,2025-Q1,Pain/Osteoarthritis,FlexiCare Joint,flexicare_joint-s,E-commerce,Region,South,10581,465559.66,0.88
stackline_ecommerce,2025-02,2025-Q1,Vaccines,ImmunoCore Canine,immunocore_canine-l,E-commerce,Region,South,13397,281339.69,0.88
stackline_ecommerce,2025-02,2025-Q1,Vaccines,ImmunoCore Canine,immunocore_canine-s,E-commerce,Region,South,18550,389550.48,0.88
stackline_ecommerce,2025-02,2025-Q1,Pain/Osteoarthritis,Librela,librela-l,E-commerce,Region,South,6280,301463.99,0.88
stackline_ecommerce,2025-02,2025-Q1,Pain/Osteoarthritis,Librela,librela-s,E-commerce,Region,South,9405,451429.43,0.88
stackline_ecommerce,2025-02,2025-Q1,Pain/Osteoarthritis,OsteoEase Vet,osteoease_vet-l,E-commerce,Region,South,6291,257939.32,0.88
stackline_ecommerce,2025-02,2025-Q1,Pain/Osteoarthritis,OsteoEase Vet,osteoease_vet-s,E-commerce,Region,South,8710,357111.16,0.88
stackline_ecommerce,2025-02,2025-Q1,Pain/Osteoarthritis,PainAway Canine,painaway_canine-l,E-commerce,Region,South,6576,243312.73,0.88
stackline_ecommerce,2025-02,2025-Q1,Pain/Osteoarthritis,PainAway Canine,painaway_canine-s,E-commerce,Region,South,8221,304167.43,0.88
stackline_ecommerce,2025-02,2025-Q1,Petcare Diagnostics,PetLab Analyzer,petlab_analyzer-l,E-commerce,Region,South,10806,162094.26,0.88
stackline_ecommerce,2025-02,2025-Q1,Petcare Diagnostics,PetLab Analyzer,petlab_analyzer-s,E-commerce,Region,South,14491,217357.69,0.88
stackline_ecommerce,2025-02,2025-Q1,Petcare Diagnostics,RapidVet Dx,rapidvet_dx-l,E-commerce,Region,South,17681,282891.81,0.88
stackline_ecommerce,2025-02,2025-Q1,Petcare Diagnostics,RapidVet Dx,rapidvet_dx-s,E-commerce,Region,South,25829,413269.39,0.88
stackline_ecommerce,2025-02,2025-Q1,Parasiticides,Simparica Trio,simparica_trio-l,E-commerce,Region,South,25762,721341.01,0.88
stackline_ecommerce,2025-02,2025-Q1,Parasiticides,Simparica Trio,simparica_trio-s,E-commerce,Region,South,37170,1040749.0,0.88
stackline_ecommerce,2025-02,2025-Q1,Dermatology,SkinRelief Pro,skinrelief_pro-l,E-commerce,Region,South,5994,293723.94,0.88
stackline_ecommerce,2025-02,2025-Q1,Dermatology,SkinRelief Pro,skinrelief_pro-s,E-commerce,Region,South,8251,404305.9,0.88
stackline_ecommerce,2025-02,2025-Q1,Parasiticides,TickShield Plus,tickshield_plus-l,E-commerce,Region,South,19333,463996.17,0.88
stackline_ecommerce,2025-02,2025-Q1,Parasiticides,TickShield Plus,tickshield_plus-s,E-commerce,Region,South,27056,649338.51,0.88
stackline_ecommerce,2025-02,2025-Q1,Vaccines,Vanguard,vanguard-l,E-commerce,Region,South,11904,261894.56,0.88
stackline_ecommerce,2025-02,2025-Q1,Vaccines,Vanguard,vanguard-s,E-commerce,Region,South,16870,371149.65,0.88
stackline_ecommerce,2025-02,2025-Q1,Parasiticides,VectraGuard,vectraguard-l,E-commerce,Region,South,22162,576221.41,0.88
stackline_ecommerce,2025-02,2025-Q1,Parasiticides,VectraGuard,vectraguard-s,E-commerce,Region,South,29043,755128.29,0.88
stackline_ecommerce,2025-02,2025-Q1,Vaccines,VetGuard Immunize,vetguard_immunize-l,E-commerce,Region,South,10330,196279.22,0.88
stackline_ecommerce,2025-02,2025-Q1,Vaccines,VetGuard Immunize,vetguard_immunize-s,E-commerce,Region,South,14812,281425.92,0.88
stackline_ecommerce,2025-02,2025-Q1,Vaccines,VetSelect Core Vax,vetselect_core_vax-l,E-commerce,Region,South,11241,157380.32,0.88
stackline_ecommerce,2025-02,2025-Q1,Vaccines,VetSelect Core Vax,vetselect_core_vax-s,E-commerce,Region,South,15850,221898.65,0.88
stackline_ecommerce,2025-02,2025-Q1,Dermatology,VetSelect Derma,vetselect_derma-l,E-commerce,Region,South,6518,247674.49,0.88
stackline_ecommerce,2025-02,2025-Q1,Dermatology,VetSelect Derma,vetselect_derma-s,E-commerce,Region,South,8789,333977.42,0.88
stackline_ecommerce,2025-02,2025-Q1,Petcare Diagnostics,VetSelect Dx,vetselect_dx-l,E-commerce,Region,South,10575,126896.76,0.88
stackline_ecommerce,2025-02,2025-Q1,Petcare Diagnostics,VetSelect Dx,vetselect_dx-s,E-commerce,Region,South,15135,181624.26,0.88
stackline_ecommerce,2025-02,2025-Q1,Parasiticides,VetSelect Flea & Tick,vetselect_flea_and_tick-l,E-commerce,Region,South,29147,495505.15,0.88
stackline_ecommerce,2025-02,2025-Q1,Parasiticides,VetSelect Flea & Tick,vetselect_flea_and_tick-s,E-commerce,Region,South,37446,636584.54,0.88
stackline_ecommerce,2025-02,2025-Q1,Pain/Osteoarthritis,VetSelect Joint,vetselect_joint-l,E-commerce,Region,South,7437,215684.31,0.88
stackline_ecommerce,2025-02,2025-Q1,Pain/Osteoarthritis,VetSelect Joint,vetselect_joint-s,E-commerce,Region,South,10780,312606.79,0.88
stackline_ecommerce,2025-02,2025-Q1,Petcare Diagnostics,Vetscan,vetscan-l,E-commerce,Region,South,17397,313144.57,0.88
stackline_ecommerce,2025-02,2025-Q1,Petcare Diagnostics,Vetscan,vetscan-s,E-commerce,Region,South,23300,419391.69,0.88
stackline_ecommerce,2025-02,2025-Q1,Dermatology,AllerVet RX,allervet_rx-l,E-commerce,Region,West,4531,244648.98,0.88
stackline_ecommerce,2025-02,2025-Q1,Dermatology,AllerVet RX,allervet_rx-s,E-commerce,Region,West,6126,330814.18,0.88
stackline_ecommerce,2025-02,2025-Q1,Dermatology,Apoquel,apoquel-l,E-commerce,Region,West,6329,411385.08,0.88
stackline_ecommerce,2025-02,2025-Q1,Dermatology,Apoquel,apoquel-s,E-commerce,Region,West,8934,580727.08,0.88
stackline_ecommerce,2025-02,2025-Q1,Vaccines,BioShield Vax,bioshield_vax-l,E-commerce,Region,West,6827,136539.79,0.88
stackline_ecommerce,2025-02,2025-Q1,Vaccines,BioShield Vax,bioshield_vax-s,E-commerce,Region,West,9682,193638.47,0.88
stackline_ecommerce,2025-02,2025-Q1,Dermatology,DermaCalm,dermacalm-l,E-commerce,Region,West,5542,321454.99,0.88
stackline_ecommerce,2025-02,2025-Q1,Dermatology,DermaCalm,dermacalm-s,E-commerce,Region,West,7030,407751.4,0.88
stackline_ecommerce,2025-02,2025-Q1,Petcare Diagnostics,DiagnosTech Vet,diagnostech_vet-l,E-commerce,Region,West,12406,210903.61,0.88
stackline_ecommerce,2025-02,2025-Q1,Petcare Diagnostics,DiagnosTech Vet,diagnostech_vet-s,E-commerce,Region,West,17028,289474.94,0.88
stackline_ecommerce,2025-02,2025-Q1,Parasiticides,FleaStop Pro,fleastop_pro-l,E-commerce,Region,West,11478,241028.43,0.88
stackline_ecommerce,2025-02,2025-Q1,Parasiticides,FleaStop Pro,fleastop_pro-s,E-commerce,Region,West,15969,335358.85,0.88
stackline_ecommerce,2025-02,2025-Q1,Pain/Osteoarthritis,FlexiCare Joint,flexicare_joint-l,E-commerce,Region,West,4802,211274.34,0.88
stackline_ecommerce,2025-02,2025-Q1,Pain/Osteoarthritis,FlexiCare Joint,flexicare_joint-s,E-commerce,Region,West,6801,299262.83,0.88
stackline_ecommerce,2025-02,2025-Q1,Vaccines,ImmunoCore Canine,immunocore_canine-l,E-commerce,Region,West,8626,181141.51,0.88
stackline_ecommerce,2025-02,2025-Q1,Vaccines,ImmunoCore Canine,immunocore_canine-s,E-commerce,Region,West,12446,261361.59,0.88
stackline_ecommerce,2025-02,2025-Q1,Pain/Osteoarthritis,Librela,librela-l,E-commerce,Region,West,4240,203539.54,0.88
stackline_ecommerce,2025-02,2025-Q1,Pain/Osteoarthritis,Librela,librela-s,E-commerce,Region,West,6025,289191.2,0.88
stackline_ecommerce,2025-02,2025-Q1,Pain/Osteoarthritis,OsteoEase Vet,osteoease_vet-l,E-commerce,Region,West,4753,194852.61,0.88
stackline_ecommerce,2025-02,2025-Q1,Pain/Osteoarthritis,OsteoEase Vet,osteoease_vet-s,E-commerce,Region,West,6624,271589.49,0.88
stackline_ecommerce,2025-02,2025-Q1,Pain/Osteoarthritis,PainAway Canine,painaway_canine-l,E-commerce,Region,West,4119,152414.25,0.88
stackline_ecommerce,2025-02,2025-Q1,Pain/Osteoarthritis,PainAway Canine,painaway_canine-s,E-commerce,Region,West,5803,214702.73,0.88
stackline_ecommerce,2025-02,2025-Q1,Petcare Diagnostics,PetLab Analyzer,petlab_analyzer-l,E-commerce,Region,West,7585,113770.89,0.88
stackline_ecommerce,2025-02,2025-Q1,Petcare Diagnostics,PetLab Analyzer,petlab_analyzer-s,E-commerce,Region,West,10157,152354.84,0.88
stackline_ecommerce,2025-02,2025-Q1,Petcare Diagnostics,RapidVet Dx,rapidvet_dx-l,E-commerce,Region,West,12158,194533.03,0.88
stackline_ecommerce,2025-02,2025-Q1,Petcare Diagnostics,RapidVet Dx,rapidvet_dx-s,E-commerce,Region,West,16699,267177.94,0.88
stackline_ecommerce,2025-02,2025-Q1,Parasiticides,Simparica Trio,simparica_trio-l,E-commerce,Region,West,18781,525866.78,0.88
stackline_ecommerce,2025-02,2025-Q1,Parasiticides,Simparica Trio,simparica_trio-s,E-commerce,Region,West,25579,716210.07,0.88
stackline_ecommerce,2025-02,2025-Q1,Dermatology,SkinRelief Pro,skinrelief_pro-l,E-commerce,Region,West,3713,181917.57,0.88
stackline_ecommerce,2025-02,2025-Q1,Dermatology,SkinRelief Pro,skinrelief_pro-s,E-commerce,Region,West,5040,246938.73,0.88
stackline_ecommerce,2025-02,2025-Q1,Parasiticides,TickShield Plus,tickshield_plus-l,E-commerce,Region,West,12826,307814.28,0.88
stackline_ecommerce,2025-02,2025-Q1,Parasiticides,TickShield Plus,tickshield_plus-s,E-commerce,Region,West,17717,425208.82,0.88
stackline_ecommerce,2025-02,2025-Q1,Vaccines,Vanguard,vanguard-l,E-commerce,Region,West,7891,173609.88,0.88
stackline_ecommerce,2025-02,2025-Q1,Vaccines,Vanguard,vanguard-s,E-commerce,Region,West,10762,236772.06,0.88
stackline_ecommerce,2025-02,2025-Q1,Parasiticides,VectraGuard,vectraguard-l,E-commerce,Region,West,15924,414031.24,0.88
stackline_ecommerce,2025-02,2025-Q1,Parasiticides,VectraGuard,vectraguard-s,E-commerce,Region,West,21513,559349.13,0.88
stackline_ecommerce,2025-02,2025-Q1,Vaccines,VetGuard Immunize,vetguard_immunize-l,E-commerce,Region,West,6720,127682.05,0.88
stackline_ecommerce,2025-02,2025-Q1,Vaccines,VetGuard Immunize,vetguard_immunize-s,E-commerce,Region,West,9377,178160.42,0.88
stackline_ecommerce,2025-02,2025-Q1,Vaccines,VetSelect Core Vax,vetselect_core_vax-l,E-commerce,Region,West,7345,102832.11,0.88
stackline_ecommerce,2025-02,2025-Q1,Vaccines,VetSelect Core Vax,vetselect_core_vax-s,E-commerce,Region,West,10232,143251.03,0.88
stackline_ecommerce,2025-02,2025-Q1,Dermatology,VetSelect Derma,vetselect_derma-l,E-commerce,Region,West,4449,169049.11,0.88
stackline_ecommerce,2025-02,2025-Q1,Dermatology,VetSelect Derma,vetselect_derma-s,E-commerce,Region,West,5679,215819.28,0.88
stackline_ecommerce,2025-02,2025-Q1,Petcare Diagnostics,VetSelect Dx,vetselect_dx-l,E-commerce,Region,West,7392,88703.2,0.88
stackline_ecommerce,2025-02,2025-Q1,Petcare Diagnostics,VetSelect Dx,vetselect_dx-s,E-commerce,Region,West,9431,113169.42,0.88
stackline_ecommerce,2025-02,2025-Q1,Parasiticides,VetSelect Flea & Tick,vetselect_flea_and_tick-l,E-commerce,Region,West,18781,319276.48,0.88
stackline_ecommerce,2025-02,2025-Q1,Parasiticides,VetSelect Flea & Tick,vetselect_flea_and_tick-s,E-commerce,Region,West,27312,464310.35,0.88
stackline_ecommerce,2025-02,2025-Q1,Pain/Osteoarthritis,VetSelect Joint,vetselect_joint-l,E-commerce,Region,West,5218,151329.0,0.88
stackline_ecommerce,2025-02,2025-Q1,Pain/Osteoarthritis,VetSelect Joint,vetselect_joint-s,E-commerce,Region,West,7248,210194.64,0.88
stackline_ecommerce,2025-02,2025-Q1,Petcare Diagnostics,Vetscan,vetscan-l,E-commerce,Region,West,11843,213171.04,0.88
stackline_ecommerce,2025-02,2025-Q1,Petcare Diagnostics,Vetscan,vetscan-s,E-commerce,Region,West,16674,300134.82,0.88
stackline_ecommerce,2025-03,2025-Q1,Dermatology,AllerVet RX,allervet_rx-l,E-commerce,National,National,23711,1280433.84,0.88
stackline_ecommerce,2025-03,2025-Q1,Dermatology,AllerVet RX,allervet_rx-s,E-commerce,National,National,31564,1704431.26,0.88
stackline_ecommerce,2025-03,2025-Q1,Dermatology,Apoquel,apoquel-l,E-commerce,National,National,32408,2106583.75,0.88
stackline_ecommerce,2025-03,2025-Q1,Dermatology,Apoquel,apoquel-s,E-commerce,National,National,44754,2909010.59,0.88
stackline_ecommerce,2025-03,2025-Q1,Vaccines,BioShield Vax,bioshield_vax-l,E-commerce,National,National,33741,674803.5,0.88
stackline_ecommerce,2025-03,2025-Q1,Vaccines,BioShield Vax,bioshield_vax-s,E-commerce,National,National,47758,955166.25,0.88
stackline_ecommerce,2025-03,2025-Q1,Dermatology,DermaCalm,dermacalm-l,E-commerce,National,National,24995,1449759.9,0.88
stackline_ecommerce,2025-03,2025-Q1,Dermatology,DermaCalm,dermacalm-s,E-commerce,National,National,34091,1977320.89,0.88
stackline_ecommerce,2025-03,2025-Q1,Petcare Diagnostics,DiagnosTech Vet,diagnostech_vet-l,E-commerce,National,National,59424,1010225.72,0.88
stackline_ecommerce,2025-03,2025-Q1,Petcare Diagnostics,DiagnosTech Vet,diagnostech_vet-s,E-commerce,National,National,83481,1419175.8,0.88
stackline_ecommerce,2025-03,2025-Q1,Parasiticides,FleaStop Pro,fleastop_pro-l,E-commerce,National,National,61596,1293522.45,0.88
stackline_ecommerce,2025-03,2025-Q1,Parasiticides,FleaStop Pro,fleastop_pro-s,E-commerce,National,National,87773,1843239.11,0.88
stackline_ecommerce,2025-03,2025-Q1,Pain/Osteoarthritis,FlexiCare Joint,flexicare_joint-l,E-commerce,National,National,22079,971469.68,0.88
stackline_ecommerce,2025-03,2025-Q1,Pain/Osteoarthritis,FlexiCare Joint,flexicare_joint-s,E-commerce,National,National,28953,1273927.19,0.88
stackline_ecommerce,2025-03,2025-Q1,Vaccines,ImmunoCore Canine,immunocore_canine-l,E-commerce,National,National,39914,838189.14,0.88
stackline_ecommerce,2025-03,2025-Q1,Vaccines,ImmunoCore Canine,immunocore_canine-s,E-commerce,National,National,53360,1120559.46,0.88
stackline_ecommerce,2025-03,2025-Q1,Pain/Osteoarthritis,Librela,librela-l,E-commerce,National,National,20421,980252.79,0.88
stackline_ecommerce,2025-03,2025-Q1,Pain/Osteoarthritis,Librela,librela-s,E-commerce,National,National,27437,1316987.15,0.88
stackline_ecommerce,2025-03,2025-Q1,Pain/Osteoarthritis,OsteoEase Vet,osteoease_vet-l,E-commerce,National,National,20333,833674.65,0.88
stackline_ecommerce,2025-03,2025-Q1,Pain/Osteoarthritis,OsteoEase Vet,osteoease_vet-s,E-commerce,National,National,27701,1135739.97,0.88
stackline_ecommerce,2025-03,2025-Q1,Pain/Osteoarthritis,PainAway Canine,painaway_canine-l,E-commerce,National,National,18156,671795.34,0.88
stackline_ecommerce,2025-03,2025-Q1,Pain/Osteoarthritis,PainAway Canine,painaway_canine-s,E-commerce,National,National,25567,945960.29,0.88
stackline_ecommerce,2025-03,2025-Q1,Petcare Diagnostics,PetLab Analyzer,petlab_analyzer-l,E-commerce,National,National,33328,499922.18,0.88
stackline_ecommerce,2025-03,2025-Q1,Petcare Diagnostics,PetLab Analyzer,petlab_analyzer-s,E-commerce,National,National,46484,697263.22,0.88
stackline_ecommerce,2025-03,2025-Q1,Petcare Diagnostics,RapidVet Dx,rapidvet_dx-l,E-commerce,National,National,53461,855379.95,0.88
stackline_ecommerce,2025-03,2025-Q1,Petcare Diagnostics,RapidVet Dx,rapidvet_dx-s,E-commerce,National,National,73901,1182413.18,0.88
stackline_ecommerce,2025-03,2025-Q1,Parasiticides,Simparica Trio,simparica_trio-l,E-commerce,National,National,105175,2944907.53,0.88
stackline_ecommerce,2025-03,2025-Q1,Parasiticides,Simparica Trio,simparica_trio-s,E-commerce,National,National,139068,3893927.13,0.88
stackline_ecommerce,2025-03,2025-Q1,Dermatology,SkinRelief Pro,skinrelief_pro-l,E-commerce,National,National,19469,953984.89,0.88
stackline_ecommerce,2025-03,2025-Q1,Dermatology,SkinRelief Pro,skinrelief_pro-s,E-commerce,National,National,26742,1310405.28,0.88
stackline_ecommerce,2025-03,2025-Q1,Parasiticides,TickShield Plus,tickshield_plus-l,E-commerce,National,National,74493,1787815.83,0.88
stackline_ecommerce,2025-03,2025-Q1,Parasiticides,TickShield Plus,tickshield_plus-s,E-commerce,National,National,101022,2424537.04,0.88
stackline_ecommerce,2025-03,2025-Q1,Vaccines,Vanguard,vanguard-l,E-commerce,National,National,39604,871290.27,0.88
stackline_ecommerce,2025-03,2025-Q1,Vaccines,Vanguard,vanguard-s,E-commerce,National,National,55094,1212060.41,0.88
stackline_ecommerce,2025-03,2025-Q1,Parasiticides,VectraGuard,vectraguard-l,E-commerce,National,National,88979,2313461.23,0.88
stackline_ecommerce,2025-03,2025-Q1,Parasiticides,VectraGuard,vectraguard-s,E-commerce,National,National,124909,3247639.77,0.88
stackline_ecommerce,2025-03,2025-Q1,Vaccines,VetGuard Immunize,vetguard_immunize-l,E-commerce,National,National,31332,595289.03,0.88
stackline_ecommerce,2025-03,2025-Q1,Vaccines,VetGuard Immunize,vetguard_immunize-s,E-commerce,National,National,43257,821881.53,0.88
stackline_ecommerce,2025-03,2025-Q1,Vaccines,VetSelect Core Vax,vetselect_core_vax-l,E-commerce,National,National,35518,497256.05,0.88
stackline_ecommerce,2025-03,2025-Q1,Vaccines,VetSelect Core Vax,vetselect_core_vax-s,E-commerce,National,National,50324,704536.64,0.88
stackline_ecommerce,2025-03,2025-Q1,Dermatology,VetSelect Derma,vetselect_derma-l,E-commerce,National,National,21625,821787.04,0.88
stackline_ecommerce,2025-03,2025-Q1,Dermatology,VetSelect Derma,vetselect_derma-s,E-commerce,National,National,30283,1150740.83,0.88
stackline_ecommerce,2025-03,2025-Q1,Petcare Diagnostics,VetSelect Dx,vetselect_dx-l,E-commerce,National,National,33148,397781.37,0.88
stackline_ecommerce,2025-03,2025-Q1,Petcare Diagnostics,VetSelect Dx,vetselect_dx-s,E-commerce,National,National,45559,546695.95,0.88
stackline_ecommerce,2025-03,2025-Q1,Parasiticides,VetSelect Flea & Tick,vetselect_flea_and_tick-l,E-commerce,National,National,102688,1745692.46,0.88
stackline_ecommerce,2025-03,2025-Q1,Parasiticides,VetSelect Flea & Tick,vetselect_flea_and_tick-s,E-commerce,National,National,139492,2371367.82,0.88
stackline_ecommerce,2025-03,2025-Q1,Pain/Osteoarthritis,VetSelect Joint,vetselect_joint-l,E-commerce,National,National,22751,659800.59,0.88
stackline_ecommerce,2025-03,2025-Q1,Pain/Osteoarthritis,VetSelect Joint,vetselect_joint-s,E-commerce,National,National,31898,925058.26,0.88
stackline_ecommerce,2025-03,2025-Q1,Petcare Diagnostics,Vetscan,vetscan-l,E-commerce,National,National,54620,983174.53,0.88
stackline_ecommerce,2025-03,2025-Q1,Petcare Diagnostics,Vetscan,vetscan-s,E-commerce,National,National,79564,1432157.63,0.88
stackline_ecommerce,2025-03,2025-Q1,Dermatology,AllerVet RX,allervet_rx-l,E-commerce,Region,Midwest,5029,271575.43,0.88
stackline_ecommerce,2025-03,2025-Q1,Dermatology,AllerVet RX,allervet_rx-s,E-commerce,Region,Midwest,6755,364763.05,0.88
stackline_ecommerce,2025-03,2025-Q1,Dermatology,Apoquel,apoquel-l,E-commerce,Region,Midwest,6849,445191.08,0.88
stackline_ecommerce,2025-03,2025-Q1,Dermatology,Apoquel,apoquel-s,E-commerce,Region,Midwest,9847,640050.38,0.88
stackline_ecommerce,2025-03,2025-Q1,Vaccines,BioShield Vax,bioshield_vax-l,E-commerce,Region,Midwest,7235,144690.22,0.88
stackline_ecommerce,2025-03,2025-Q1,Vaccines,BioShield Vax,bioshield_vax-s,E-commerce,Region,Midwest,9509,190188.76,0.88
stackline_ecommerce,2025-03,2025-Q1,Dermatology,DermaCalm,dermacalm-l,E-commerce,Region,Midwest,5484,318093.87,0.88
stackline_ecommerce,2025-03,2025-Q1,Dermatology,DermaCalm,dermacalm-s,E-commerce,Region,Midwest,7098,411701.52,0.88
stackline_ecommerce,2025-03,2025-Q1,Petcare Diagnostics,DiagnosTech Vet,diagnostech_vet-l,E-commerce,Region,Midwest,12802,217641.43,0.88
stackline_ecommerce,2025-03,2025-Q1,Petcare Diagnostics,DiagnosTech Vet,diagnostech_vet-s,E-commerce,Region,Midwest,17239,293056.63,0.88
stackline_ecommerce,2025-03,2025-Q1,Parasiticides,FleaStop Pro,fleastop_pro-l,E-commerce,Region,Midwest,12190,255981.64,0.88
stackline_ecommerce,2025-03,2025-Q1,Parasiticides,FleaStop Pro,fleastop_pro-s,E-commerce,Region,Midwest,18028,378596.45,0.88
stackline_ecommerce,2025-03,2025-Q1,Pain/Osteoarthritis,FlexiCare Joint,flexicare_joint-l,E-commerce,Region,Midwest,4608,202744.57,0.88
stackline_ecommerce,2025-03,2025-Q1,Pain/Osteoarthritis,FlexiCare Joint,flexicare_joint-s,E-commerce,Region,Midwest,6148,270531.52,0.88
stackline_ecommerce,2025-03,2025-Q1,Vaccines,ImmunoCore Canine,immunocore_canine-l,E-commerce,Region,Midwest,7977,167515.04,0.88
stackline_ecommerce,2025-03,2025-Q1,Vaccines,ImmunoCore Canine,immunocore_canine-s,E-commerce,Region,Midwest,10948,229916.15,0.88
stackline_ecommerce,2025-03,2025-Q1,Pain/Osteoarthritis,Librela,librela-l,E-commerce,Region,Midwest,4254,204186.6,0.88
stackline_ecommerce,2025-03,2025-Q1,Pain/Osteoarthritis,Librela,librela-s,E-commerce,Region,Midwest,5651,271257.06,0.88
stackline_ecommerce,2025-03,2025-Q1,Pain/Osteoarthritis,OsteoEase Vet,osteoease_vet-l,E-commerce,Region,Midwest,4263,174800.44,0.88
stackline_ecommerce,2025-03,2025-Q1,Pain/Osteoarthritis,OsteoEase Vet,osteoease_vet-s,E-commerce,Region,Midwest,5815,238415.71,0.88
stackline_ecommerce,2025-03,2025-Q1,Pain/Osteoarthritis,PainAway Canine,painaway_canine-l,E-commerce,Region,Midwest,3820,141353.63,0.88
stackline_ecommerce,2025-03,2025-Q1,Pain/Osteoarthritis,PainAway Canine,painaway_canine-s,E-commerce,Region,Midwest,5381,199099.46,0.88
stackline_ecommerce,2025-03,2025-Q1,Petcare Diagnostics,PetLab Analyzer,petlab_analyzer-l,E-commerce,Region,Midwest,6473,97095.8,0.88
stackline_ecommerce,2025-03,2025-Q1,Petcare Diagnostics,PetLab Analyzer,petlab_analyzer-s,E-commerce,Region,Midwest,9171,137563.06,0.88
stackline_ecommerce,2025-03,2025-Q1,Petcare Diagnostics,RapidVet Dx,rapidvet_dx-l,E-commerce,Region,Midwest,11463,183410.65,0.88
stackline_ecommerce,2025-03,2025-Q1,Petcare Diagnostics,RapidVet Dx,rapidvet_dx-s,E-commerce,Region,Midwest,15801,252808.92,0.88
stackline_ecommerce,2025-03,2025-Q1,Parasiticides,Simparica Trio,simparica_trio-l,E-commerce,Region,Midwest,22315,624819.25,0.88
stackline_ecommerce,2025-03,2025-Q1,Parasiticides,Simparica Trio,simparica_trio-s,E-commerce,Region,Midwest,31240,874732.97,0.88
stackline_ecommerce,2025-03,2025-Q1,Dermatology,SkinRelief Pro,skinrelief_pro-l,E-commerce,Region,Midwest,3961,194079.9,0.88
stackline_ecommerce,2025-03,2025-Q1,Dermatology,SkinRelief Pro,skinrelief_pro-s,E-commerce,Region,Midwest,5534,271169.71,0.88
stackline_ecommerce,2025-03,2025-Q1,Parasiticides,TickShield Plus,tickshield_plus-l,E-commerce,Region,Midwest,15806,379335.6,0.88
stackline_ecommerce,2025-03,2025-Q1,Parasiticides,TickShield Plus,tickshield_plus-s,E-commerce,Region,Midwest,20701,496829.05,0.88
stackline_ecommerce,2025-03,2025-Q1,Vaccines,Vanguard,vanguard-l,E-commerce,Region,Midwest,8002,176036.89,0.88
stackline_ecommerce,2025-03,2025-Q1,Vaccines,Vanguard,vanguard-s,E-commerce,Region,Midwest,11372,250177.11,0.88
stackline_ecommerce,2025-03,2025-Q1,Parasiticides,VectraGuard,vectraguard-l,E-commerce,Region,Midwest,18213,473530.68,0.88
stackline_ecommerce,2025-03,2025-Q1,Parasiticides,VectraGuard,vectraguard-s,E-commerce,Region,Midwest,27176,706579.11,0.88
stackline_ecommerce,2025-03,2025-Q1,Vaccines,VetGuard Immunize,vetguard_immunize-l,E-commerce,Region,Midwest,6418,121935.9,0.88
stackline_ecommerce,2025-03,2025-Q1,Vaccines,VetGuard Immunize,vetguard_immunize-s,E-commerce,Region,Midwest,8935,169761.26,0.88
stackline_ecommerce,2025-03,2025-Q1,Vaccines,VetSelect Core Vax,vetselect_core_vax-l,E-commerce,Region,Midwest,7573,106023.94,0.88
stackline_ecommerce,2025-03,2025-Q1,Vaccines,VetSelect Core Vax,vetselect_core_vax-s,E-commerce,Region,Midwest,10635,148893.54,0.88
stackline_ecommerce,2025-03,2025-Q1,Dermatology,VetSelect Derma,vetselect_derma-l,E-commerce,Region,Midwest,4453,169227.2,0.88
stackline_ecommerce,2025-03,2025-Q1,Dermatology,VetSelect Derma,vetselect_derma-s,E-commerce,Region,Midwest,6150,233695.06,0.88
stackline_ecommerce,2025-03,2025-Q1,Petcare Diagnostics,VetSelect Dx,vetselect_dx-l,E-commerce,Region,Midwest,7386,88633.1,0.88
stackline_ecommerce,2025-03,2025-Q1,Petcare Diagnostics,VetSelect Dx,vetselect_dx-s,E-commerce,Region,Midwest,9734,116809.66,0.88
stackline_ecommerce,2025-03,2025-Q1,Parasiticides,VetSelect Flea & Tick,vetselect_flea_and_tick-l,E-commerce,Region,Midwest,20264,344483.26,0.88
stackline_ecommerce,2025-03,2025-Q1,Parasiticides,VetSelect Flea & Tick,vetselect_flea_and_tick-s,E-commerce,Region,Midwest,28776,489184.39,0.88
stackline_ecommerce,2025-03,2025-Q1,Pain/Osteoarthritis,VetSelect Joint,vetselect_joint-l,E-commerce,Region,Midwest,4664,135258.31,0.88
stackline_ecommerce,2025-03,2025-Q1,Pain/Osteoarthritis,VetSelect Joint,vetselect_joint-s,E-commerce,Region,Midwest,6788,196863.76,0.88
stackline_ecommerce,2025-03,2025-Q1,Petcare Diagnostics,Vetscan,vetscan-l,E-commerce,Region,Midwest,11427,205694.94,0.88
stackline_ecommerce,2025-03,2025-Q1,Petcare Diagnostics,Vetscan,vetscan-s,E-commerce,Region,Midwest,16036,288655.01,0.88
stackline_ecommerce,2025-03,2025-Q1,Dermatology,AllerVet RX,allervet_rx-l,E-commerce,Region,Northeast,5085,274614.98,0.88
stackline_ecommerce,2025-03,2025-Q1,Dermatology,AllerVet RX,allervet_rx-s,E-commerce,Region,Northeast,7395,399320.93,0.88
stackline_ecommerce,2025-03,2025-Q1,Dermatology,Apoquel,apoquel-l,E-commerce,Region,Northeast,7028,456837.37,0.88
stackline_ecommerce,2025-03,2025-Q1,Dermatology,Apoquel,apoquel-s,E-commerce,Region,Northeast,9784,635959.38,0.88
stackline_ecommerce,2025-03,2025-Q1,Vaccines,BioShield Vax,bioshield_vax-l,E-commerce,Region,Northeast,6940,138790.96,0.88
stackline_ecommerce,2025-03,2025-Q1,Vaccines,BioShield Vax,bioshield_vax-s,E-commerce,Region,Northeast,10499,209972.49,0.88
stackline_ecommerce,2025-03,2025-Q1,Dermatology,DermaCalm,dermacalm-l,E-commerce,Region,Northeast,5895,341928.92,0.88
stackline_ecommerce,2025-03,2025-Q1,Dermatology,DermaCalm,dermacalm-s,E-commerce,Region,Northeast,8058,467376.57,0.88
stackline_ecommerce,2025-03,2025-Q1,Petcare Diagnostics,DiagnosTech Vet,diagnostech_vet-l,E-commerce,Region,Northeast,13551,230374.08,0.88
stackline_ecommerce,2025-03,2025-Q1,Petcare Diagnostics,DiagnosTech Vet,diagnostech_vet-s,E-commerce,Region,Northeast,18427,313264.46,0.88
stackline_ecommerce,2025-03,2025-Q1,Parasiticides,FleaStop Pro,fleastop_pro-l,E-commerce,Region,Northeast,13538,284308.37,0.88
stackline_ecommerce,2025-03,2025-Q1,Parasiticides,FleaStop Pro,fleastop_pro-s,E-commerce,Region,Northeast,19112,401344.88,0.88
stackline_ecommerce,2025-03,2025-Q1,Pain/Osteoarthritis,FlexiCare Joint,flexicare_joint-l,E-commerce,Region,Northeast,4963,218390.73,0.88
stackline_ecommerce,2025-03,2025-Q1,Pain/Osteoarthritis,FlexiCare Joint,flexicare_joint-s,E-commerce,Region,Northeast,6489,285510.39,0.88
stackline_ecommerce,2025-03,2025-Q1,Vaccines,ImmunoCore Canine,immunocore_canine-l,E-commerce,Region,Northeast,9113,191364.9,0.88
stackline_ecommerce,2025-03,2025-Q1,Vaccines,ImmunoCore Canine,immunocore_canine-s,E-commerce,Region,Northeast,13113,275370.69,0.88
stackline_ecommerce,2025-03,2025-Q1,Pain/Osteoarthritis,Librela,librela-l,E-commerce,Region,Northeast,4679,224599.62,0.88
stackline_ecommerce,2025-03,2025-Q1,Pain/Osteoarthritis,Librela,librela-s,E-commerce,Region,Northeast,6164,295880.5,0.88
stackline_ecommerce,2025-03,2025-Q1,Pain/Osteoarthritis,OsteoEase Vet,osteoease_vet-l,E-commerce,Region,Northeast,4573,187489.0,0.88
stackline_ecommerce,2025-03,2025-Q1,Pain/Osteoarthritis,OsteoEase Vet,osteoease_vet-s,E-commerce,Region,Northeast,6153,252266.18,0.88
stackline_ecommerce,2025-03,2025-Q1,Pain/Osteoarthritis,PainAway Canine,painaway_canine-l,E-commerce,Region,Northeast,3723,137762.05,0.88
stackline_ecommerce,2025-03,2025-Q1,Pain/Osteoarthritis,PainAway Canine,painaway_canine-s,E-commerce,Region,Northeast,5327,197112.73,0.88
stackline_ecommerce,2025-03,2025-Q1,Petcare Diagnostics,PetLab Analyzer,petlab_analyzer-l,E-commerce,Region,Northeast,7826,117390.84,0.88
stackline_ecommerce,2025-03,2025-Q1,Petcare Diagnostics,PetLab Analyzer,petlab_analyzer-s,E-commerce,Region,Northeast,10938,164070.39,0.88
stackline_ecommerce,2025-03,2025-Q1,Petcare Diagnostics,RapidVet Dx,rapidvet_dx-l,E-commerce,Region,Northeast,10829,173265.15,0.88
stackline_ecommerce,2025-03,2025-Q1,Petcare Diagnostics,RapidVet Dx,rapidvet_dx-s,E-commerce,Region,Northeast,15436,246976.52,0.88
stackline_ecommerce,2025-03,2025-Q1,Parasiticides,Simparica Trio,simparica_trio-l,E-commerce,Region,Northeast,21903,613283.52,0.88
stackline_ecommerce,2025-03,2025-Q1,Parasiticides,Simparica Trio,simparica_trio-s,E-commerce,Region,Northeast,28488,797658.06,0.88
stackline_ecommerce,2025-03,2025-Q1,Dermatology,SkinRelief Pro,skinrelief_pro-l,E-commerce,Region,Northeast,4455,218275.18,0.88
stackline_ecommerce,2025-03,2025-Q1,Dermatology,SkinRelief Pro,skinrelief_pro-s,E-commerce,Region,Northeast,6131,300425.1,0.88
stackline_ecommerce,2025-03,2025-Q1,Parasiticides,TickShield Plus,tickshield_plus-l,E-commerce,Region,Northeast,16641,399373.29,0.88
stackline_ecommerce,2025-03,2025-Q1,Parasiticides,TickShield Plus,tickshield_plus-s,E-commerce,Region,Northeast,22651,543621.79,0.88
stackline_ecommerce,2025-03,2025-Q1,Vaccines,Vanguard,vanguard-l,E-commerce,Region,Northeast,8443,185755.64,0.88
stackline_ecommerce,2025-03,2025-Q1,Vaccines,Vanguard,vanguard-s,E-commerce,Region,Northeast,11623,255714.13,0.88
stackline_ecommerce,2025-03,2025-Q1,Parasiticides,VectraGuard,vectraguard-l,E-commerce,Region,Northeast,19334,502691.92,0.88
stackline_ecommerce,2025-03,2025-Q1,Parasiticides,VectraGuard,vectraguard-s,E-commerce,Region,Northeast,27218,707678.29,0.88
stackline_ecommerce,2025-03,2025-Q1,Vaccines,VetGuard Immunize,vetguard_immunize-l,E-commerce,Region,Northeast,6793,129059.32,0.88
stackline_ecommerce,2025-03,2025-Q1,Vaccines,VetGuard Immunize,vetguard_immunize-s,E-commerce,Region,Northeast,9565,181735.58,0.88
stackline_ecommerce,2025-03,2025-Q1,Vaccines,VetSelect Core Vax,vetselect_core_vax-l,E-commerce,Region,Northeast,7760,108643.94,0.88
stackline_ecommerce,2025-03,2025-Q1,Vaccines,VetSelect Core Vax,vetselect_core_vax-s,E-commerce,Region,Northeast,10634,148869.71,0.88
stackline_ecommerce,2025-03,2025-Q1,Dermatology,VetSelect Derma,vetselect_derma-l,E-commerce,Region,Northeast,4693,178345.01,0.88
stackline_ecommerce,2025-03,2025-Q1,Dermatology,VetSelect Derma,vetselect_derma-s,E-commerce,Region,Northeast,6713,255099.42,0.88
stackline_ecommerce,2025-03,2025-Q1,Petcare Diagnostics,VetSelect Dx,vetselect_dx-l,E-commerce,Region,Northeast,7342,88105.88,0.88
stackline_ecommerce,2025-03,2025-Q1,Petcare Diagnostics,VetSelect Dx,vetselect_dx-s,E-commerce,Region,Northeast,9641,115689.57,0.88
stackline_ecommerce,2025-03,2025-Q1,Parasiticides,VetSelect Flea & Tick,vetselect_flea_and_tick-l,E-commerce,Region,Northeast,22347,379904.06,0.88
stackline_ecommerce,2025-03,2025-Q1,Parasiticides,VetSelect Flea & Tick,vetselect_flea_and_tick-s,E-commerce,Region,Northeast,30431,517325.12,0.88
stackline_ecommerce,2025-03,2025-Q1,Pain/Osteoarthritis,VetSelect Joint,vetselect_joint-l,E-commerce,Region,Northeast,5172,150001.25,0.88
stackline_ecommerce,2025-03,2025-Q1,Pain/Osteoarthritis,VetSelect Joint,vetselect_joint-s,E-commerce,Region,Northeast,6811,197528.58,0.88
stackline_ecommerce,2025-03,2025-Q1,Petcare Diagnostics,Vetscan,vetscan-l,E-commerce,Region,Northeast,11096,199722.26,0.88
stackline_ecommerce,2025-03,2025-Q1,Petcare Diagnostics,Vetscan,vetscan-s,E-commerce,Region,Northeast,16730,301145.0,0.88
stackline_ecommerce,2025-03,2025-Q1,Dermatology,AllerVet RX,allervet_rx-l,E-commerce,Region,South,8222,443974.98,0.88
stackline_ecommerce,2025-03,2025-Q1,Dermatology,AllerVet RX,allervet_rx-s,E-commerce,Region,South,10021,541126.69,0.88
stackline_ecommerce,2025-03,2025-Q1,Dermatology,Apoquel,apoquel-l,E-commerce,Region,South,11263,732109.95,0.88
stackline_ecommerce,2025-03,2025-Q1,Dermatology,Apoquel,apoquel-s,E-commerce,Region,South,15581,1012782.09,0.88
stackline_ecommerce,2025-03,2025-Q1,Vaccines,BioShield Vax,bioshield_vax-l,E-commerce,Region,South,11939,238777.09,0.88
stackline_ecommerce,2025-03,2025-Q1,Vaccines,BioShield Vax,bioshield_vax-s,E-commerce,Region,South,16887,337747.82,0.88
stackline_ecommerce,2025-03,2025-Q1,Dermatology,DermaCalm,dermacalm-l,E-commerce,Region,South,8143,472282.22,0.88
stackline_ecommerce,2025-03,2025-Q1,Dermatology,DermaCalm,dermacalm-s,E-commerce,Region,South,11560,670491.45,0.88
stackline_ecommerce,2025-03,2025-Q1,Petcare Diagnostics,DiagnosTech Vet,diagnostech_vet-l,E-commerce,Region,South,19170,325893.15,0.88
stackline_ecommerce,2025-03,2025-Q1,Petcare Diagnostics,DiagnosTech Vet,diagnostech_vet-s,E-commerce,Region,South,28712,488103.43,0.88
stackline_ecommerce,2025-03,2025-Q1,Parasiticides,FleaStop Pro,fleastop_pro-l,E-commerce,Region,South,21404,449487.64,0.88
stackline_ecommerce,2025-03,2025-Q1,Parasiticides,FleaStop Pro,fleastop_pro-s,E-commerce,Region,South,30520,640929.12,0.88
stackline_ecommerce,2025-03,2025-Q1,Pain/Osteoarthritis,FlexiCare Joint,flexicare_joint-l,E-commerce,Region,South,7523,331000.65,0.88
stackline_ecommerce,2025-03,2025-Q1,Pain/Osteoarthritis,FlexiCare Joint,flexicare_joint-s,E-commerce,Region,South,9816,431904.8,0.88
stackline_ecommerce,2025-03,2025-Q1,Vaccines,ImmunoCore Canine,immunocore_canine-l,E-commerce,Region,South,13432,282078.22,0.88
stackline_ecommerce,2025-03,2025-Q1,Vaccines,ImmunoCore Canine,immunocore_canine-s,E-commerce,Region,South,17748,372707.05,0.88
stackline_ecommerce,2025-03,2025-Q1,Pain/Osteoarthritis,Librela,librela-l,E-commerce,Region,South,6740,323542.02,0.88
stackline_ecommerce,2025-03,2025-Q1,Pain/Osteoarthritis,Librela,librela-s,E-commerce,Region,South,9024,433146.0,0.88
stackline_ecommerce,2025-03,2025-Q1,Pain/Osteoarthritis,OsteoEase Vet,osteoease_vet-l,E-commerce,Region,South,6691,274338.7,0.88
stackline_ecommerce,2025-03,2025-Q1,Pain/Osteoarthritis,OsteoEase Vet,osteoease_vet-s,E-commerce,Region,South,9248,379155.64,0.88
stackline_ecommerce,2025-03,2025-Q1,Pain/Osteoarthritis,PainAway Canine,painaway_canine-l,E-commerce,Region,South,6279,232318.81,0.88
stackline_ecommerce,2025-03,2025-Q1,Pain/Osteoarthritis,PainAway Canine,painaway_canine-s,E-commerce,Region,South,8991,332648.75,0.88
stackline_ecommerce,2025-03,2025-Q1,Petcare Diagnostics,PetLab Analyzer,petlab_analyzer-l,E-commerce,Region,South,11302,169527.93,0.88
stackline_ecommerce,2025-03,2025-Q1,Petcare Diagnostics,PetLab Analyzer,petlab_analyzer-s,E-commerce,Region,South,15908,238621.76,0.88
stackline_ecommerce,2025-03,2025-Q1,Petcare Diagnostics,RapidVet Dx,rapidvet_dx-l,E-commerce,Region,South,19036,304569.47,0.88
stackline_ecommerce,2025-03,2025-Q1,Petcare Diagnostics,RapidVet Dx,rapidvet_dx-s,E-commerce,Region,South,26146,418334.72,0.88
stackline_ecommerce,2025-03,2025-Q1,Parasiticides,Simparica Trio,simparica_trio-l,E-commerce,Region,South,35963,1006977.37,0.88
stackline_ecommerce,2025-03,2025-Q1,Parasiticides,Simparica Trio,simparica_trio-s,E-commerce,Region,South,46235,1294591.02,0.88
stackline_ecommerce,2025-03,2025-Q1,Dermatology,SkinRelief Pro,skinrelief_pro-l,E-commerce,Region,South,6799,333174.82,0.88
stackline_ecommerce,2025-03,2025-Q1,Dermatology,SkinRelief Pro,skinrelief_pro-s,E-commerce,Region,South,8984,440232.37,0.88
stackline_ecommerce,2025-03,2025-Q1,Parasiticides,TickShield Plus,tickshield_plus-l,E-commerce,Region,South,25110,602636.32,0.88
stackline_ecommerce,2025-03,2025-Q1,Parasiticides,TickShield Plus,tickshield_plus-s,E-commerce,Region,South,34801,835221.27,0.88
stackline_ecommerce,2025-03,2025-Q1,Vaccines,Vanguard,vanguard-l,E-commerce,Region,South,13735,302174.02,0.88
stackline_ecommerce,2025-03,2025-Q1,Vaccines,Vanguard,vanguard-s,E-commerce,Region,South,19024,418521.07,0.88
stackline_ecommerce,2025-03,2025-Q1,Parasiticides,VectraGuard,vectraguard-l,E-commerce,Region,South,30234,786079.2,0.88
stackline_ecommerce,2025-03,2025-Q1,Parasiticides,VectraGuard,vectraguard-s,E-commerce,Region,South,40099,1042567.28,0.88
stackline_ecommerce,2025-03,2025-Q1,Vaccines,VetGuard Immunize,vetguard_immunize-l,E-commerce,Region,South,11154,211920.1,0.88
stackline_ecommerce,2025-03,2025-Q1,Vaccines,VetGuard Immunize,vetguard_immunize-s,E-commerce,Region,South,15254,289822.91,0.88
stackline_ecommerce,2025-03,2025-Q1,Vaccines,VetSelect Core Vax,vetselect_core_vax-l,E-commerce,Region,South,12501,175017.0,0.88
stackline_ecommerce,2025-03,2025-Q1,Vaccines,VetSelect Core Vax,vetselect_core_vax-s,E-commerce,Region,South,18044,252618.8,0.88
stackline_ecommerce,2025-03,2025-Q1,Dermatology,VetSelect Derma,vetselect_derma-l,E-commerce,Region,South,7345,279110.3,0.88
stackline_ecommerce,2025-03,2025-Q1,Dermatology,VetSelect Derma,vetselect_derma-s,E-commerce,Region,South,10479,398193.71,0.88
stackline_ecommerce,2025-03,2025-Q1,Petcare Diagnostics,VetSelect Dx,vetselect_dx-l,E-commerce,Region,South,10984,131810.78,0.88
stackline_ecommerce,2025-03,2025-Q1,Petcare Diagnostics,VetSelect Dx,vetselect_dx-s,E-commerce,Region,South,15976,191706.23,0.88
stackline_ecommerce,2025-03,2025-Q1,Parasiticides,VetSelect Flea & Tick,vetselect_flea_and_tick-l,E-commerce,Region,South,35282,599792.28,0.88
stackline_ecommerce,2025-03,2025-Q1,Parasiticides,VetSelect Flea & Tick,vetselect_flea_and_tick-s,E-commerce,Region,South,48626,826649.02,0.88
stackline_ecommerce,2025-03,2025-Q1,Pain/Osteoarthritis,VetSelect Joint,vetselect_joint-l,E-commerce,Region,South,7680,222731.93,0.88
stackline_ecommerce,2025-03,2025-Q1,Pain/Osteoarthritis,VetSelect Joint,vetselect_joint-s,E-commerce,Region,South,10889,315772.04,0.88
stackline_ecommerce,2025-03,2025-Q1,Petcare Diagnostics,Vetscan,vetscan-l,E-commerce,Region,South,18932,340780.29,0.88
stackline_ecommerce,2025-03,2025-Q1,Petcare Diagnostics,Vetscan,vetscan-s,E-commerce,Region,South,28138,506481.75,0.88
stackline_ecommerce,2025-03,2025-Q1,Dermatology,AllerVet RX,allervet_rx-l,E-commerce,Region,West,5375,290268.45,0.88
stackline_ecommerce,2025-03,2025-Q1,Dermatology,AllerVet RX,allervet_rx-s,E-commerce,Region,West,7393,399220.59,0.88
stackline_ecommerce,2025-03,2025-Q1,Dermatology,Apoquel,apoquel-l,E-commerce,Region,West,7268,472445.35,0.88
stackline_ecommerce,2025-03,2025-Q1,Dermatology,Apoquel,apoquel-s,E-commerce,Region,West,9542,620218.74,0.88
stackline_ecommerce,2025-03,2025-Q1,Vaccines,BioShield Vax,bioshield_vax-l,E-commerce,Region,West,7627,152545.23,0.88
stackline_ecommerce,2025-03,2025-Q1,Vaccines,BioShield Vax,bioshield_vax-s,E-commerce,Region,West,10863,217257.18,0.88
stackline_ecommerce,2025-03,2025-Q1,Dermatology,DermaCalm,dermacalm-l,E-commerce,Region,West,5473,317454.89,0.88
stackline_ecommerce,2025-03,2025-Q1,Dermatology,DermaCalm,dermacalm-s,E-commerce,Region,West,7375,427751.35,0.88
stackline_ecommerce,2025-03,2025-Q1,Petcare Diagnostics,DiagnosTech Vet,diagnostech_vet-l,E-commerce,Region,West,13901,236317.06,0.88
stackline_ecommerce,2025-03,2025-Q1,Petcare Diagnostics,DiagnosTech Vet,diagnostech_vet-s,E-commerce,Region,West,19103,324751.28,0.88
stackline_ecommerce,2025-03,2025-Q1,Parasiticides,FleaStop Pro,fleastop_pro-l,E-commerce,Region,West,14464,303744.8,0.88
stackline_ecommerce,2025-03,2025-Q1,Parasiticides,FleaStop Pro,fleastop_pro-s,E-commerce,Region,West,20113,422368.66,0.88
stackline_ecommerce,2025-03,2025-Q1,Pain/Osteoarthritis,FlexiCare Joint,flexicare_joint-l,E-commerce,Region,West,4985,219333.73,0.88
stackline_ecommerce,2025-03,2025-Q1,Pain/Osteoarthritis,FlexiCare Joint,flexicare_joint-s,E-commerce,Region,West,6500,285980.48,0.88
stackline_ecommerce,2025-03,2025-Q1,Vaccines,ImmunoCore Canine,immunocore_canine-l,E-commerce,Region,West,9392,197230.98,0.88
stackline_ecommerce,2025-03,2025-Q1,Vaccines,ImmunoCore Canine,immunocore_canine-s,E-commerce,Region,West,11551,242565.57,0.88
stackline_ecommerce,2025-03,2025-Q1,Pain/Osteoarthritis,Librela,librela-l,E-commerce,Region,West,4748,227924.55,0.88
stackline_ecommerce,2025-03,2025-Q1,Pain/Osteoarthritis,Librela,librela-s,E-commerce,Region,West,6598,316703.59,0.88
stackline_ecommerce,2025-03,2025-Q1,Pain/Osteoarthritis,OsteoEase Vet,osteoease_vet-l,E-commerce,Region,West,4806,197046.51,0.88
stackline_ecommerce,2025-03,2025-Q1,Pain/Osteoarthritis,OsteoEase Vet,osteoease_vet-s,E-commerce,Region,West,6485,265902.44,0.88
stackline_ecommerce,2025-03,2025-Q1,Pain/Osteoarthritis,PainAway Canine,painaway_canine-l,E-commerce,Region,West,4334,160360.85,0.88
stackline_ecommerce,2025-03,2025-Q1,Pain/Osteoarthritis,PainAway Canine,painaway_canine-s,E-commerce,Region,West,5868,217099.35,0.88
stackline_ecommerce,2025-03,2025-Q1,Petcare Diagnostics,PetLab Analyzer,petlab_analyzer-l,E-commerce,Region,West,7727,115907.61,0.88
stackline_ecommerce,2025-03,2025-Q1,Petcare Diagnostics,PetLab Analyzer,petlab_analyzer-s,E-commerce,Region,West,10467,157008.01,0.88
stackline_ecommerce,2025-03,2025-Q1,Petcare Diagnostics,RapidVet Dx,rapidvet_dx-l,E-commerce,Region,West,12133,194134.68,0.88
stackline_ecommerce,2025-03,2025-Q1,Petcare Diagnostics,RapidVet Dx,rapidvet_dx-s,E-commerce,Region,West,16518,264293.02,0.88
stackline_ecommerce,2025-03,2025-Q1,Parasiticides,Simparica Trio,simparica_trio-l,E-commerce,Region,West,24994,699827.39,0.88
stackline_ecommerce,2025-03,2025-Q1,Parasiticides,Simparica Trio,simparica_trio-s,E-commerce,Region,West,33105,926945.08,0.88
stackline_ecommerce,2025-03,2025-Q1,Dermatology,SkinRelief Pro,skinrelief_pro-l,E-commerce,Region,West,4254,208454.99,0.88
stackline_ecommerce,2025-03,2025-Q1,Dermatology,SkinRelief Pro,skinrelief_pro-s,E-commerce,Region,West,6093,298578.1,0.88
stackline_ecommerce,2025-03,2025-Q1,Parasiticides,TickShield Plus,tickshield_plus-l,E-commerce,Region,West,16936,406470.62,0.88
stackline_ecommerce,2025-03,2025-Q1,Parasiticides,TickShield Plus,tickshield_plus-s,E-commerce,Region,West,22869,548864.93,0.88
stackline_ecommerce,2025-03,2025-Q1,Vaccines,Vanguard,vanguard-l,E-commerce,Region,West,9424,207323.72,0.88
stackline_ecommerce,2025-03,2025-Q1,Vaccines,Vanguard,vanguard-s,E-commerce,Region,West,13075,287648.1,0.88
stackline_ecommerce,2025-03,2025-Q1,Parasiticides,VectraGuard,vectraguard-l,E-commerce,Region,West,21198,551159.43,0.88
stackline_ecommerce,2025-03,2025-Q1,Parasiticides,VectraGuard,vectraguard-s,E-commerce,Region,West,30416,790815.09,0.88
stackline_ecommerce,2025-03,2025-Q1,Vaccines,VetGuard Immunize,vetguard_immunize-l,E-commerce,Region,West,6967,132373.71,0.88
stackline_ecommerce,2025-03,2025-Q1,Vaccines,VetGuard Immunize,vetguard_immunize-s,E-commerce,Region,West,9503,180561.78,0.88
stackline_ecommerce,2025-03,2025-Q1,Vaccines,VetSelect Core Vax,vetselect_core_vax-l,E-commerce,Region,West,7684,107571.17,0.88
stackline_ecommerce,2025-03,2025-Q1,Vaccines,VetSelect Core Vax,vetselect_core_vax-s,E-commerce,Region,West,11011,154154.59,0.88
stackline_ecommerce,2025-03,2025-Q1,Dermatology,VetSelect Derma,vetselect_derma-l,E-commerce,Region,West,5134,195104.53,0.88
stackline_ecommerce,2025-03,2025-Q1,Dermatology,VetSelect Derma,vetselect_derma-s,E-commerce,Region,West,6941,263752.64,0.88
stackline_ecommerce,2025-03,2025-Q1,Petcare Diagnostics,VetSelect Dx,vetselect_dx-l,E-commerce,Region,West,7436,89231.61,0.88
stackline_ecommerce,2025-03,2025-Q1,Petcare Diagnostics,VetSelect Dx,vetselect_dx-s,E-commerce,Region,West,10208,122490.49,0.88
stackline_ecommerce,2025-03,2025-Q1,Parasiticides,VetSelect Flea & Tick,vetselect_flea_and_tick-l,E-commerce,Region,West,24795,421512.86,0.88
stackline_ecommerce,2025-03,2025-Q1,Parasiticides,VetSelect Flea & Tick,vetselect_flea_and_tick-s,E-commerce,Region,West,31659,538209.29,0.88
stackline_ecommerce,2025-03,2025-Q1,Pain/Osteoarthritis,VetSelect Joint,vetselect_joint-l,E-commerce,Region,West,5235,151809.1,0.88
stackline_ecommerce,2025-03,2025-Q1,Pain/Osteoarthritis,VetSelect Joint,vetselect_joint-s,E-commerce,Region,West,7410,214893.88,0.88
stackline_ecommerce,2025-03,2025-Q1,Petcare Diagnostics,Vetscan,vetscan-l,E-commerce,Region,West,13165,236977.04,0.88
stackline_ecommerce,2025-03,2025-Q1,Petcare Diagnostics,Vetscan,vetscan-s,E-commerce,Region,West,18660,335875.87,0.88
stackline_ecommerce,2025-04,2025-Q2,Dermatology,AllerVet RX,allervet_rx-l,E-commerce,National,National,25826,1394613.64,0.88
stackline_ecommerce,2025-04,2025-Q2,Dermatology,AllerVet RX,allervet_rx-s,E-commerce,National,National,35276,1904947.63,0.88
stackline_ecommerce,2025-04,2025-Q2,Dermatology,Apoquel,apoquel-l,E-commerce,National,National,37773,2455248.1,0.88
stackline_ecommerce,2025-04,2025-Q2,Dermatology,Apoquel,apoquel-s,E-commerce,National,National,52184,3391992.18,0.88
stackline_ecommerce,2025-04,2025-Q2,Vaccines,BioShield Vax,bioshield_vax-l,E-commerce,National,National,35973,719449.62,0.88
stackline_ecommerce,2025-04,2025-Q2,Vaccines,BioShield Vax,bioshield_vax-s,E-commerce,National,National,50142,1002835.35,0.88
stackline_ecommerce,2025-04,2025-Q2,Dermatology,DermaCalm,dermacalm-l,E-commerce,National,National,27822,1613701.78,0.88
stackline_ecommerce,2025-04,2025-Q2,Dermatology,DermaCalm,dermacalm-s,E-commerce,National,National,38693,2244163.02,0.88
stackline_ecommerce,2025-04,2025-Q2,Petcare Diagnostics,DiagnosTech Vet,diagnostech_vet-l,E-commerce,National,National,61101,1038725.19,0.88
stackline_ecommerce,2025-04,2025-Q2,Petcare Diagnostics,DiagnosTech Vet,diagnostech_vet-s,E-commerce,National,National,85575,1454777.61,0.88
stackline_ecommerce,2025-04,2025-Q2,Parasiticides,FleaStop Pro,fleastop_pro-l,E-commerce,National,National,75221,1579639.9,0.88
stackline_ecommerce,2025-04,2025-Q2,Parasiticides,FleaStop Pro,fleastop_pro-s,E-commerce,National,National,103766,2179088.16,0.88
stackline_ecommerce,2025-04,2025-Q2,Pain/Osteoarthritis,FlexiCare Joint,flexicare_joint-l,E-commerce,National,National,20616,907092.67,0.88
stackline_ecommerce,2025-04,2025-Q2,Pain/Osteoarthritis,FlexiCare Joint,flexicare_joint-s,E-commerce,National,National,29498,1297891.87,0.88
stackline_ecommerce,2025-04,2025-Q2,Vaccines,ImmunoCore Canine,immunocore_canine-l,E-commerce,National,National,43710,917903.15,0.88
stackline_ecommerce,2025-04,2025-Q2,Vaccines,ImmunoCore Canine,immunocore_canine-s,E-commerce,National,National,59790,1255586.88,0.88
stackline_ecommerce,2025-04,2025-Q2,Pain/Osteoarthritis,Librela,librela-l,E-commerce,National,National,21410,1027670.23,0.88
stackline_ecommerce,2025-04,2025-Q2,Pain/Osteoarthritis,Librela,librela-s,E-commerce,National,National,29518,1416880.28,0.88
stackline_ecommerce,2025-04,2025-Q2,Pain/Osteoarthritis,OsteoEase Vet,osteoease_vet-l,E-commerce,National,National,21099,865096.63,0.88
stackline_ecommerce,2025-04,2025-Q2,Pain/Osteoarthritis,OsteoEase Vet,osteoease_vet-s,E-commerce,National,National,28838,1182340.38,0.88
stackline_ecommerce,2025-04,2025-Q2,Pain/Osteoarthritis,PainAway Canine,painaway_canine-l,E-commerce,National,National,18603,688311.19,0.88
stackline_ecommerce,2025-04,2025-Q2,Pain/Osteoarthritis,PainAway Canine,painaway_canine-s,E-commerce,National,National,25269,934941.08,0.88
stackline_ecommerce,2025-04,2025-Q2,Petcare Diagnostics,PetLab Analyzer,petlab_analyzer-l,E-commerce,National,National,34621,519319.07,0.88
stackline_ecommerce,2025-04,2025-Q2,Petcare Diagnostics,PetLab Analyzer,petlab_analyzer-s,E-commerce,National,National,48114,721697.53,0.88
stackline_ecommerce,2025-04,2025-Q2,Petcare Diagnostics,RapidVet Dx,rapidvet_dx-l,E-commerce,National,National,53903,862434.4,0.88
stackline_ecommerce,2025-04,2025-Q2,Petcare Diagnostics,RapidVet Dx,rapidvet_dx-s,E-commerce,National,National,74381,1190079.13,0.88
stackline_ecommerce,2025-04,2025-Q2,Parasiticides,Simparica Trio,simparica_trio-l,E-commerce,National,National,117465,3289000.82,0.88
stackline_ecommerce,2025-04,2025-Q2,Parasiticides,Simparica Trio,simparica_trio-s,E-commerce,National,National,163714,4583991.54,0.88
stackline_ecommerce,2025-04,2025-Q2,Dermatology,SkinRelief Pro,skinrelief_pro-l,E-commerce,National,National,21725,1064542.28,0.88
stackline_ecommerce,2025-04,2025-Q2,Dermatology,SkinRelief Pro,skinrelief_pro-s,E-commerce,National,National,30922,1515175.75,0.88
stackline_ecommerce,2025-04,2025-Q2,Parasiticides,TickShield Plus,tickshield_plus-l,E-commerce,National,National,92108,2210573.62,0.88
stackline_ecommerce,2025-04,2025-Q2,Parasiticides,TickShield Plus,tickshield_plus-s,E-commerce,National,National,124879,2997101.83,0.88
stackline_ecommerce,2025-04,2025-Q2,Vaccines,Vanguard,vanguard-l,E-commerce,National,National,39689,873169.18,0.88
stackline_ecommerce,2025-04,2025-Q2,Vaccines,Vanguard,vanguard-s,E-commerce,National,National,56499,1242968.75,0.88
stackline_ecommerce,2025-04,2025-Q2,Parasiticides,VectraGuard,vectraguard-l,E-commerce,National,National,104525,2717655.0,0.88
stackline_ecommerce,2025-04,2025-Q2,Parasiticides,VectraGuard,vectraguard-s,E-commerce,National,National,145005,3770133.82,0.88
stackline_ecommerce,2025-04,2025-Q2,Vaccines,VetGuard Immunize,vetguard_immunize-l,E-commerce,National,National,33206,630906.1,0.88
stackline_ecommerce,2025-04,2025-Q2,Vaccines,VetGuard Immunize,vetguard_immunize-s,E-commerce,National,National,43807,832329.38,0.88
stackline_ecommerce,2025-04,2025-Q2,Vaccines,VetSelect Core Vax,vetselect_core_vax-l,E-commerce,National,National,34203,478840.71,0.88
stackline_ecommerce,2025-04,2025-Q2,Vaccines,VetSelect Core Vax,vetselect_core_vax-s,E-commerce,National,National,47940,671163.4,0.88
stackline_ecommerce,2025-04,2025-Q2,Dermatology,VetSelect Derma,vetselect_derma-l,E-commerce,National,National,23299,885353.71,0.88
stackline_ecommerce,2025-04,2025-Q2,Dermatology,VetSelect Derma,vetselect_derma-s,E-commerce,National,National,32852,1248390.94,0.88
stackline_ecommerce,2025-04,2025-Q2,Petcare Diagnostics,VetSelect Dx,vetselect_dx-l,E-commerce,National,National,35369,424419.1,0.88
stackline_ecommerce,2025-04,2025-Q2,Petcare Diagnostics,VetSelect Dx,vetselect_dx-s,E-commerce,National,National,48227,578729.68,0.88
stackline_ecommerce,2025-04,2025-Q2,Parasiticides,VetSelect Flea & Tick,vetselect_flea_and_tick-l,E-commerce,National,National,123446,2098589.2,0.88
stackline_ecommerce,2025-04,2025-Q2,Parasiticides,VetSelect Flea & Tick,vetselect_flea_and_tick-s,E-commerce,National,National,169996,2889928.75,0.88
stackline_ecommerce,2025-04,2025-Q2,Pain/Osteoarthritis,VetSelect Joint,vetselect_joint-l,E-commerce,National,National,23010,667291.85,0.88
stackline_ecommerce,2025-04,2025-Q2,Pain/Osteoarthritis,VetSelect Joint,vetselect_joint-s,E-commerce,National,National,32587,945025.68,0.88
stackline_ecommerce,2025-04,2025-Q2,Petcare Diagnostics,Vetscan,vetscan-l,E-commerce,National,National,58179,1047226.67,0.88
stackline_ecommerce,2025-04,2025-Q2,Petcare Diagnostics,Vetscan,vetscan-s,E-commerce,National,National,79162,1424906.83,0.88
stackline_ecommerce,2025-04,2025-Q2,Dermatology,AllerVet RX,allervet_rx-l,E-commerce,Region,Midwest,5329,287748.73,0.88
stackline_ecommerce,2025-04,2025-Q2,Dermatology,AllerVet RX,allervet_rx-s,E-commerce,Region,Midwest,7189,388185.83,0.88
stackline_ecommerce,2025-04,2025-Q2,Dermatology,Apoquel,apoquel-l,E-commerce,Region,Midwest,8187,532176.6,0.88
stackline_ecommerce,2025-04,2025-Q2,Dermatology,Apoquel,apoquel-s,E-commerce,Region,Midwest,11395,740664.05,0.88
stackline_ecommerce,2025-04,2025-Q2,Vaccines,BioShield Vax,bioshield_vax-l,E-commerce,Region,Midwest,7899,157983.72,0.88
stackline_ecommerce,2025-04,2025-Q2,Vaccines,BioShield Vax,bioshield_vax-s,E-commerce,Region,Midwest,11030,220597.7,0.88
stackline_ecommerce,2025-04,2025-Q2,Dermatology,DermaCalm,dermacalm-l,E-commerce,Region,Midwest,5625,326232.57,0.88
stackline_ecommerce,2025-04,2025-Q2,Dermatology,DermaCalm,dermacalm-s,E-commerce,Region,Midwest,7881,457085.84,0.88
stackline_ecommerce,2025-04,2025-Q2,Petcare Diagnostics,DiagnosTech Vet,diagnostech_vet-l,E-commerce,Region,Midwest,12808,217743.56,0.88
stackline_ecommerce,2025-04,2025-Q2,Petcare Diagnostics,DiagnosTech Vet,diagnostech_vet-s,E-commerce,Region,Midwest,17176,291995.05,0.88
stackline_ecommerce,2025-04,2025-Q2,Parasiticides,FleaStop Pro,fleastop_pro-l,E-commerce,Region,Midwest,17252,362286.11,0.88
stackline_ecommerce,2025-04,2025-Q2,Parasiticides,FleaStop Pro,fleastop_pro-s,E-commerce,Region,Midwest,22657,475789.87,0.88
stackline_ecommerce,2025-04,2025-Q2,Pain/Osteoarthritis,FlexiCare Joint,flexicare_joint-l,E-commerce,Region,Midwest,4139,182105.13,0.88
stackline_ecommerce,2025-04,2025-Q2,Pain/Osteoarthritis,FlexiCare Joint,flexicare_joint-s,E-commerce,Region,Midwest,5760,253448.13,0.88
stackline_ecommerce,2025-04,2025-Q2,Vaccines,ImmunoCore Canine,immunocore_canine-l,E-commerce,Region,Midwest,9886,207602.26,0.88
stackline_ecommerce,2025-04,2025-Q2,Vaccines,ImmunoCore Canine,immunocore_canine-s,E-commerce,Region,Midwest,13467,282812.05,0.88
stackline_ecommerce,2025-04,2025-Q2,Pain/Osteoarthritis,Librela,librela-l,E-commerce,Region,Midwest,4440,213109.77,0.88
stackline_ecommerce,2025-04,2025-Q2,Pain/Osteoarthritis,Librela,librela-s,E-commerce,Region,Midwest,6181,296698.12,0.88
stackline_ecommerce,2025-04,2025-Q2,Pain/Osteoarthritis,OsteoEase Vet,osteoease_vet-l,E-commerce,Region,Midwest,4499,184459.04,0.88
stackline_ecommerce,2025-04,2025-Q2,Pain/Osteoarthritis,OsteoEase Vet,osteoease_vet-s,E-commerce,Region,Midwest,6006,246231.96,0.88
stackline_ecommerce,2025-04,2025-Q2,Pain/Osteoarthritis,PainAway Canine,painaway_canine-l,E-commerce,Region,Midwest,3787,140110.95,0.88
stackline_ecommerce,2025-04,2025-Q2,Pain/Osteoarthritis,PainAway Canine,painaway_canine-s,E-commerce,Region,Midwest,5238,193793.6,0.88
stackline_ecommerce,2025-04,2025-Q2,Petcare Diagnostics,PetLab Analyzer,petlab_analyzer-l,E-commerce,Region,Midwest,7484,112263.03,0.88
stackline_ecommerce,2025-04,2025-Q2,Petcare Diagnostics,PetLab Analyzer,petlab_analyzer-s,E-commerce,Region,Midwest,9935,149020.3,0.88
stackline_ecommerce,2025-04,2025-Q2,Petcare Diagnostics,RapidVet Dx,rapidvet_dx-l,E-commerce,Region,Midwest,11438,183004.68,0.88
stackline_ecommerce,2025-04,2025-Q2,Petcare Diagnostics,RapidVet Dx,rapidvet_dx-s,E-commerce,Region,Midwest,16187,258989.11,0.88
stackline_ecommerce,2025-04,2025-Q2,Parasiticides,Simparica Trio,simparica_trio-l,E-commerce,Region,Midwest,26046,729279.86,0.88
stackline_ecommerce,2025-04,2025-Q2,Parasiticides,Simparica Trio,simparica_trio-s,E-commerce,Region,Midwest,35429,992000.6,0.88
stackline_ecommerce,2025-04,2025-Q2,Dermatology,SkinRelief Pro,skinrelief_pro-l,E-commerce,Region,Midwest,4732,231892.42,0.88
stackline_ecommerce,2025-04,2025-Q2,Dermatology,SkinRelief Pro,skinrelief_pro-s,E-commerce,Region,Midwest,6853,335792.0,0.88
stackline_ecommerce,2025-04,2025-Q2,Parasiticides,TickShield Plus,tickshield_plus-l,E-commerce,Region,Midwest,17935,430433.27,0.88
stackline_ecommerce,2025-04,2025-Q2,Parasiticides,TickShield Plus,tickshield_plus-s,E-commerce,Region,Midwest,24320,583674.36,0.88
stackline_ecommerce,2025-04,2025-Q2,Vaccines,Vanguard,vanguard-l,E-commerce,Region,Midwest,8315,182926.28,0.88
stackline_ecommerce,2025-04,2025-Q2,Vaccines,Vanguard,vanguard-s,E-commerce,Region,Midwest,12437,273612.83,0.88
stackline_ecommerce,2025-04,2025-Q2,Parasiticides,VectraGuard,vectraguard-l,E-commerce,Region,Midwest,20900,543410.24,0.88
stackline_ecommerce,2025-04,2025-Q2,Parasiticides,VectraGuard,vectraguard-s,E-commerce,Region,Midwest,28601,743633.7,0.88
stackline_ecommerce,2025-04,2025-Q2,Vaccines,VetGuard Immunize,vetguard_immunize-l,E-commerce,Region,Midwest,6673,126795.96,0.88
stackline_ecommerce,2025-04,2025-Q2,Vaccines,VetGuard Immunize,vetguard_immunize-s,E-commerce,Region,Midwest,8530,162064.38,0.88
stackline_ecommerce,2025-04,2025-Q2,Vaccines,VetSelect Core Vax,vetselect_core_vax-l,E-commerce,Region,Midwest,7316,102427.27,0.88
stackline_ecommerce,2025-04,2025-Q2,Vaccines,VetSelect Core Vax,vetselect_core_vax-s,E-commerce,Region,Midwest,10395,145529.67,0.88
stackline_ecommerce,2025-04,2025-Q2,Dermatology,VetSelect Derma,vetselect_derma-l,E-commerce,Region,Midwest,5140,195330.71,0.88
stackline_ecommerce,2025-04,2025-Q2,Dermatology,VetSelect Derma,vetselect_derma-s,E-commerce,Region,Midwest,7362,279750.89,0.88
stackline_ecommerce,2025-04,2025-Q2,Petcare Diagnostics,VetSelect Dx,vetselect_dx-l,E-commerce,Region,Midwest,7317,87801.18,0.88
stackline_ecommerce,2025-04,2025-Q2,Petcare Diagnostics,VetSelect Dx,vetselect_dx-s,E-commerce,Region,Midwest,9712,116547.65,0.88
stackline_ecommerce,2025-04,2025-Q2,Parasiticides,VetSelect Flea & Tick,vetselect_flea_and_tick-l,E-commerce,Region,Midwest,26327,447563.54,0.88
stackline_ecommerce,2025-04,2025-Q2,Parasiticides,VetSelect Flea & Tick,vetselect_flea_and_tick-s,E-commerce,Region,Midwest,36791,625454.07,0.88
stackline_ecommerce,2025-04,2025-Q2,Pain/Osteoarthritis,VetSelect Joint,vetselect_joint-l,E-commerce,Region,Midwest,4790,138903.79,0.88
stackline_ecommerce,2025-04,2025-Q2,Pain/Osteoarthritis,VetSelect Joint,vetselect_joint-s,E-commerce,Region,Midwest,6795,197052.9,0.88
stackline_ecommerce,2025-04,2025-Q2,Petcare Diagnostics,Vetscan,vetscan-l,E-commerce,Region,Midwest,11733,211202.17,0.88
stackline_ecommerce,2025-04,2025-Q2,Petcare Diagnostics,Vetscan,vetscan-s,E-commerce,Region,Midwest,16094,289684.97,0.88
stackline_ecommerce,2025-04,2025-Q2,Dermatology,AllerVet RX,allervet_rx-l,E-commerce,Region,Northeast,5567,300640.51,0.88
stackline_ecommerce,2025-04,2025-Q2,Dermatology,AllerVet RX,allervet_rx-s,E-commerce,Region,Northeast,7442,401887.1,0.88
stackline_ecommerce,2025-04,2025-Q2,Dermatology,Apoquel,apoquel-l,E-commerce,Region,Northeast,8662,563025.23,0.88
stackline_ecommerce,2025-04,2025-Q2,Dermatology,Apoquel,apoquel-s,E-commerce,Region,Northeast,11625,755623.08,0.88
stackline_ecommerce,2025-04,2025-Q2,Vaccines,BioShield Vax,bioshield_vax-l,E-commerce,Region,Northeast,7977,159533.9,0.88
stackline_ecommerce,2025-04,2025-Q2,Vaccines,BioShield Vax,bioshield_vax-s,E-commerce,Region,Northeast,11302,226035.41,0.88
stackline_ecommerce,2025-04,2025-Q2,Dermatology,DermaCalm,dermacalm-l,E-commerce,Region,Northeast,5849,339244.94,0.88
stackline_ecommerce,2025-04,2025-Q2,Dermatology,DermaCalm,dermacalm-s,E-commerce,Region,Northeast,8728,506217.92,0.88
stackline_ecommerce,2025-04,2025-Q2,Petcare Diagnostics,DiagnosTech Vet,diagnostech_vet-l,E-commerce,Region,Northeast,13558,230485.05,0.88
stackline_ecommerce,2025-04,2025-Q2,Petcare Diagnostics,DiagnosTech Vet,diagnostech_vet-s,E-commerce,Region,Northeast,18974,322556.45,0.88
stackline_ecommerce,2025-04,2025-Q2,Parasiticides,FleaStop Pro,fleastop_pro-l,E-commerce,Region,Northeast,15890,333684.64,0.88
stackline_ecommerce,2025-04,2025-Q2,Parasiticides,FleaStop Pro,fleastop_pro-s,E-commerce,Region,Northeast,22287,468028.54,0.88
stackline_ecommerce,2025-04,2025-Q2,Pain/Osteoarthritis,FlexiCare Joint,flexicare_joint-l,E-commerce,Region,Northeast,4556,200468.93,0.88
stackline_ecommerce,2025-04,2025-Q2,Pain/Osteoarthritis,FlexiCare Joint,flexicare_joint-s,E-commerce,Region,Northeast,6813,299776.82,0.88
stackline_ecommerce,2025-04,2025-Q2,Vaccines,ImmunoCore Canine,immunocore_canine-l,E-commerce,Region,Northeast,9297,195232.94,0.88
stackline_ecommerce,2025-04,2025-Q2,Vaccines,ImmunoCore Canine,immunocore_canine-s,E-commerce,Region,Northeast,12721,267143.76,0.88
stackline_ecommerce,2025-04,2025-Q2,Pain/Osteoarthritis,Librela,librela-l,E-commerce,Region,Northeast,4893,234858.74,0.88
stackline_ecommerce,2025-04,2025-Q2,Pain/Osteoarthritis,Librela,librela-s,E-commerce,Region,Northeast,6571,315422.34,0.88
stackline_ecommerce,2025-04,2025-Q2,Pain/Osteoarthritis,OsteoEase Vet,osteoease_vet-l,E-commerce,Region,Northeast,4389,179964.54,0.88
stackline_ecommerce,2025-04,2025-Q2,Pain/Osteoarthritis,OsteoEase Vet,osteoease_vet-s,E-commerce,Region,Northeast,6175,253181.01,0.88
stackline_ecommerce,2025-04,2025-Q2,Pain/Osteoarthritis,PainAway Canine,painaway_canine-l,E-commerce,Region,Northeast,4008,148294.4,0.88
stackline_ecommerce,2025-04,2025-Q2,Pain/Osteoarthritis,PainAway Canine,painaway_canine-s,E-commerce,Region,Northeast,5405,199968.28,0.88
stackline_ecommerce,2025-04,2025-Q2,Petcare Diagnostics,PetLab Analyzer,petlab_analyzer-l,E-commerce,Region,Northeast,7566,113493.99,0.88
stackline_ecommerce,2025-04,2025-Q2,Petcare Diagnostics,PetLab Analyzer,petlab_analyzer-s,E-commerce,Region,Northeast,11451,171761.39,0.88
stackline_ecommerce,2025-04,2025-Q2,Petcare Diagnostics,RapidVet Dx,rapidvet_dx-l,E-commerce,Region,Northeast,13006,208092.34,0.88
stackline_ecommerce,2025-04,2025-Q2,Petcare Diagnostics,RapidVet Dx,rapidvet_dx-s,E-commerce,Region,Northeast,16077,257226.91,0.88
stackline_ecommerce,2025-04,2025-Q2,Parasiticides,Simparica Trio,simparica_trio-l,E-commerce,Region,Northeast,25901,725214.46,0.88
stackline_ecommerce,2025-04,2025-Q2,Parasiticides,Simparica Trio,simparica_trio-s,E-commerce,Region,Northeast,35361,990116.16,0.88
stackline_ecommerce,2025-04,2025-Q2,Dermatology,SkinRelief Pro,skinrelief_pro-l,E-commerce,Region,Northeast,4895,239866.04,0.88
stackline_ecommerce,2025-04,2025-Q2,Dermatology,SkinRelief Pro,skinrelief_pro-s,E-commerce,Region,Northeast,7121,348943.14,0.88
stackline_ecommerce,2025-04,2025-Q2,Parasiticides,TickShield Plus,tickshield_plus-l,E-commerce,Region,Northeast,20147,483517.59,0.88
stackline_ecommerce,2025-04,2025-Q2,Parasiticides,TickShield Plus,tickshield_plus-s,E-commerce,Region,Northeast,27759,666222.22,0.88
stackline_ecommerce,2025-04,2025-Q2,Vaccines,Vanguard,vanguard-l,E-commerce,Region,Northeast,8688,191141.1,0.88
stackline_ecommerce,2025-04,2025-Q2,Vaccines,Vanguard,vanguard-s,E-commerce,Region,Northeast,11981,263589.71,0.88
stackline_ecommerce,2025-04,2025-Q2,Parasiticides,VectraGuard,vectraguard-l,E-commerce,Region,Northeast,21772,566075.87,0.88
stackline_ecommerce,2025-04,2025-Q2,Parasiticides,VectraGuard,vectraguard-s,E-commerce,Region,Northeast,31477,818408.85,0.88
stackline_ecommerce,2025-04,2025-Q2,Vaccines,VetGuard Immunize,vetguard_immunize-l,E-commerce,Region,Northeast,7555,143542.06,0.88
stackline_ecommerce,2025-04,2025-Q2,Vaccines,VetGuard Immunize,vetguard_immunize-s,E-commerce,Region,Northeast,9511,180718.41,0.88
stackline_ecommerce,2025-04,2025-Q2,Vaccines,VetSelect Core Vax,vetselect_core_vax-l,E-commerce,Region,Northeast,7314,102391.4,0.88
stackline_ecommerce,2025-04,2025-Q2,Vaccines,VetSelect Core Vax,vetselect_core_vax-s,E-commerce,Region,Northeast,9861,138058.54,0.88
stackline_ecommerce,2025-04,2025-Q2,Dermatology,VetSelect Derma,vetselect_derma-l,E-commerce,Region,Northeast,5180,196832.81,0.88
stackline_ecommerce,2025-04,2025-Q2,Dermatology,VetSelect Derma,vetselect_derma-s,E-commerce,Region,Northeast,7550,286908.86,0.88
stackline_ecommerce,2025-04,2025-Q2,Petcare Diagnostics,VetSelect Dx,vetselect_dx-l,E-commerce,Region,Northeast,7959,95503.59,0.88
stackline_ecommerce,2025-04,2025-Q2,Petcare Diagnostics,VetSelect Dx,vetselect_dx-s,E-commerce,Region,Northeast,10751,129013.13,0.88
stackline_ecommerce,2025-04,2025-Q2,Parasiticides,VetSelect Flea & Tick,vetselect_flea_and_tick-l,E-commerce,Region,Northeast,27050,459851.95,0.88
stackline_ecommerce,2025-04,2025-Q2,Parasiticides,VetSelect Flea & Tick,vetselect_flea_and_tick-s,E-commerce,Region,Northeast,36998,628960.36,0.88
stackline_ecommerce,2025-04,2025-Q2,Pain/Osteoarthritis,VetSelect Joint,vetselect_joint-l,E-commerce,Region,Northeast,5108,148137.27,0.88
stackline_ecommerce,2025-04,2025-Q2,Pain/Osteoarthritis,VetSelect Joint,vetselect_joint-s,E-commerce,Region,Northeast,7326,212445.65,0.88
stackline_ecommerce,2025-04,2025-Q2,Petcare Diagnostics,Vetscan,vetscan-l,E-commerce,Region,Northeast,12554,225970.71,0.88
stackline_ecommerce,2025-04,2025-Q2,Petcare Diagnostics,Vetscan,vetscan-s,E-commerce,Region,Northeast,17605,316884.75,0.88
stackline_ecommerce,2025-04,2025-Q2,Dermatology,AllerVet RX,allervet_rx-l,E-commerce,Region,South,8607,464768.45,0.88
stackline_ecommerce,2025-04,2025-Q2,Dermatology,AllerVet RX,allervet_rx-s,E-commerce,Region,South,12044,650394.94,0.88
stackline_ecommerce,2025-04,2025-Q2,Dermatology,Apoquel,apoquel-l,E-commerce,Region,South,12630,820951.1,0.88
stackline_ecommerce,2025-04,2025-Q2,Dermatology,Apoquel,apoquel-s,E-commerce,Region,South,17735,1152793.93,0.88
stackline_ecommerce,2025-04,2025-Q2,Vaccines,BioShield Vax,bioshield_vax-l,E-commerce,Region,South,11939,238771.18,0.88
stackline_ecommerce,2025-04,2025-Q2,Vaccines,BioShield Vax,bioshield_vax-s,E-commerce,Region,South,16625,332492.77,0.88
stackline_ecommerce,2025-04,2025-Q2,Dermatology,DermaCalm,dermacalm-l,E-commerce,Region,South,9724,564006.83,0.88
stackline_ecommerce,2025-04,2025-Q2,Dermatology,DermaCalm,dermacalm-s,E-commerce,Region,South,13081,758679.27,0.88
stackline_ecommerce,2025-04,2025-Q2,Petcare Diagnostics,DiagnosTech Vet,diagnostech_vet-l,E-commerce,Region,South,20898,355266.51,0.88
stackline_ecommerce,2025-04,2025-Q2,Petcare Diagnostics,DiagnosTech Vet,diagnostech_vet-s,E-commerce,Region,South,30245,514158.21,0.88
stackline_ecommerce,2025-04,2025-Q2,Parasiticides,FleaStop Pro,fleastop_pro-l,E-commerce,Region,South,24444,513330.53,0.88
stackline_ecommerce,2025-04,2025-Q2,Parasiticides,FleaStop Pro,fleastop_pro-s,E-commerce,Region,South,34711,728928.49,0.88
stackline_ecommerce,2025-04,2025-Q2,Pain/Osteoarthritis,FlexiCare Joint,flexicare_joint-l,E-commerce,Region,South,7272,319949.85,0.88
stackline_ecommerce,2025-04,2025-Q2,Pain/Osteoarthritis,FlexiCare Joint,flexicare_joint-s,E-commerce,Region,South,10209,449182.54,0.88
stackline_ecommerce,2025-04,2025-Q2,Vaccines,ImmunoCore Canine,immunocore_canine-l,E-commerce,Region,South,15006,315129.7,0.88
stackline_ecommerce,2025-04,2025-Q2,Vaccines,ImmunoCore Canine,immunocore_canine-s,E-commerce,Region,South,20285,425983.32,0.88
stackline_ecommerce,2025-04,2025-Q2,Pain/Osteoarthritis,Librela,librela-l,E-commerce,Region,South,7420,356166.58,0.88
stackline_ecommerce,2025-04,2025-Q2,Pain/Osteoarthritis,Librela,librela-s,E-commerce,Region,South,10323,495515.63,0.88
stackline_ecommerce,2025-04,2025-Q2,Pain/Osteoarthritis,OsteoEase Vet,osteoease_vet-l,E-commerce,Region,South,7201,295247.57,0.88
stackline_ecommerce,2025-04,2025-Q2,Pain/Osteoarthritis,OsteoEase Vet,osteoease_vet-s,E-commerce,Region,South,9881,405104.25,0.88
stackline_ecommerce,2025-04,2025-Q2,Pain/Osteoarthritis,PainAway Canine,painaway_canine-l,E-commerce,Region,South,6299,233080.43,0.88
stackline_ecommerce,2025-04,2025-Q2,Pain/Osteoarthritis,PainAway Canine,painaway_canine-s,E-commerce,Region,South,9112,337158.62,0.88
stackline_ecommerce,2025-04,2025-Q2,Petcare Diagnostics,PetLab Analyzer,petlab_analyzer-l,E-commerce,Region,South,11689,175335.12,0.88
stackline_ecommerce,2025-04,2025-Q2,Petcare Diagnostics,PetLab Analyzer,petlab_analyzer-s,E-commerce,Region,South,15664,234959.31,0.88
stackline_ecommerce,2025-04,2025-Q2,Petcare Diagnostics,RapidVet Dx,rapidvet_dx-l,E-commerce,Region,South,17499,279981.24,0.88
stackline_ecommerce,2025-04,2025-Q2,Petcare Diagnostics,RapidVet Dx,rapidvet_dx-s,E-commerce,Region,South,25351,405609.36,0.88
stackline_ecommerce,2025-04,2025-Q2,Parasiticides,Simparica Trio,simparica_trio-l,E-commerce,Region,South,38334,1073353.63,0.88
stackline_ecommerce,2025-04,2025-Q2,Parasiticides,Simparica Trio,simparica_trio-s,E-commerce,Region,South,55763,1561356.91,0.88
stackline_ecommerce,2025-04,2025-Q2,Dermatology,SkinRelief Pro,skinrelief_pro-l,E-commerce,Region,South,6951,340581.2,0.88
stackline_ecommerce,2025-04,2025-Q2,Dermatology,SkinRelief Pro,skinrelief_pro-s,E-commerce,Region,South,10149,497312.64,0.88
stackline_ecommerce,2025-04,2025-Q2,Parasiticides,TickShield Plus,tickshield_plus-l,E-commerce,Region,South,32056,769347.82,0.88
stackline_ecommerce,2025-04,2025-Q2,Parasiticides,TickShield Plus,tickshield_plus-s,E-commerce,Region,South,44293,1063025.71,0.88
stackline_ecommerce,2025-04,2025-Q2,Vaccines,Vanguard,vanguard-l,E-commerce,Region,South,13423,295314.91,0.88
stackline_ecommerce,2025-04,2025-Q2,Vaccines,Vanguard,vanguard-s,E-commerce,Region,South,18969,417310.73,0.88
stackline_ecommerce,2025-04,2025-Q2,Parasiticides,VectraGuard,vectraguard-l,E-commerce,Region,South,37664,979254.63,0.88
stackline_ecommerce,2025-04,2025-Q2,Parasiticides,VectraGuard,vectraguard-s,E-commerce,Region,South,51633,1342445.35,0.88
stackline_ecommerce,2025-04,2025-Q2,Vaccines,VetGuard Immunize,vetguard_immunize-l,E-commerce,Region,South,11248,213705.99,0.88
stackline_ecommerce,2025-04,2025-Q2,Vaccines,VetGuard Immunize,vetguard_immunize-s,E-commerce,Region,South,15184,288487.78,0.88
stackline_ecommerce,2025-04,2025-Q2,Vaccines,VetSelect Core Vax,vetselect_core_vax-l,E-commerce,Region,South,11663,163282.91,0.88
stackline_ecommerce,2025-04,2025-Q2,Vaccines,VetSelect Core Vax,vetselect_core_vax-s,E-commerce,Region,South,16452,230329.05,0.88
stackline_ecommerce,2025-04,2025-Q2,Dermatology,VetSelect Derma,vetselect_derma-l,E-commerce,Region,South,7799,296346.83,0.88
stackline_ecommerce,2025-04,2025-Q2,Dermatology,VetSelect Derma,vetselect_derma-s,E-commerce,Region,South,10733,407867.78,0.88
stackline_ecommerce,2025-04,2025-Q2,Petcare Diagnostics,VetSelect Dx,vetselect_dx-l,E-commerce,Region,South,11841,142095.81,0.88
stackline_ecommerce,2025-04,2025-Q2,Petcare Diagnostics,VetSelect Dx,vetselect_dx-s,E-commerce,Region,South,16193,194316.66,0.88
stackline_ecommerce,2025-04,2025-Q2,Parasiticides,VetSelect Flea & Tick,vetselect_flea_and_tick-l,E-commerce,Region,South,41046,697776.61,0.88
stackline_ecommerce,2025-04,2025-Q2,Parasiticides,VetSelect Flea & Tick,vetselect_flea_and_tick-s,E-commerce,Region,South,57172,971926.53,0.88
stackline_ecommerce,2025-04,2025-Q2,Pain/Osteoarthritis,VetSelect Joint,vetselect_joint-l,E-commerce,Region,South,7930,229967.48,0.88
stackline_ecommerce,2025-04,2025-Q2,Pain/Osteoarthritis,VetSelect Joint,vetselect_joint-s,E-commerce,Region,South,11189,324482.43,0.88
stackline_ecommerce,2025-04,2025-Q2,Petcare Diagnostics,Vetscan,vetscan-l,E-commerce,Region,South,19387,348964.06,0.88
stackline_ecommerce,2025-04,2025-Q2,Petcare Diagnostics,Vetscan,vetscan-s,E-commerce,Region,South,26847,483250.0,0.88
stackline_ecommerce,2025-04,2025-Q2,Dermatology,AllerVet RX,allervet_rx-l,E-commerce,Region,West,6323,341455.95,0.88
stackline_ecommerce,2025-04,2025-Q2,Dermatology,AllerVet RX,allervet_rx-s,E-commerce,Region,West,8601,464479.76,0.88
stackline_ecommerce,2025-04,2025-Q2,Dermatology,Apoquel,apoquel-l,E-commerce,Region,West,8294,539095.17,0.88
stackline_ecommerce,2025-04,2025-Q2,Dermatology,Apoquel,apoquel-s,E-commerce,Region,West,11429,742911.12,0.88
stackline_ecommerce,2025-04,2025-Q2,Vaccines,BioShield Vax,bioshield_vax-l,E-commerce,Region,West,8158,163160.82,0.88
stackline_ecommerce,2025-04,2025-Q2,Vaccines,BioShield Vax,bioshield_vax-s,E-commerce,Region,West,11185,223709.47,0.88
stackline_ecommerce,2025-04,2025-Q2,Dermatology,DermaCalm,dermacalm-l,E-commerce,Region,West,6624,384217.44,0.88
stackline_ecommerce,2025-04,2025-Q2,Dermatology,DermaCalm,dermacalm-s,E-commerce,Region,West,9003,522179.99,0.88
stackline_ecommerce,2025-04,2025-Q2,Petcare Diagnostics,DiagnosTech Vet,diagnostech_vet-l,E-commerce,Region,West,13837,235230.07,0.88
stackline_ecommerce,2025-04,2025-Q2,Petcare Diagnostics,DiagnosTech Vet,diagnostech_vet-s,E-commerce,Region,West,19180,326067.9,0.88
stackline_ecommerce,2025-04,2025-Q2,Parasiticides,FleaStop Pro,fleastop_pro-l,E-commerce,Region,West,17635,370338.62,0.88
stackline_ecommerce,2025-04,2025-Q2,Parasiticides,FleaStop Pro,fleastop_pro-s,E-commerce,Region,West,24111,506341.26,0.88
stackline_ecommerce,2025-04,2025-Q2,Pain/Osteoarthritis,FlexiCare Joint,flexicare_joint-l,E-commerce,Region,West,4649,204568.76,0.88
stackline_ecommerce,2025-04,2025-Q2,Pain/Osteoarthritis,FlexiCare Joint,flexicare_joint-s,E-commerce,Region,West,6716,295484.38,0.88
stackline_ecommerce,2025-04,2025-Q2,Vaccines,ImmunoCore Canine,immunocore_canine-l,E-commerce,Region,West,9521,199938.25,0.88
stackline_ecommerce,2025-04,2025-Q2,Vaccines,ImmunoCore Canine,immunocore_canine-s,E-commerce,Region,West,13317,279647.75,0.88
stackline_ecommerce,2025-04,2025-Q2,Pain/Osteoarthritis,Librela,librela-l,E-commerce,Region,West,4657,223535.14,0.88
stackline_ecommerce,2025-04,2025-Q2,Pain/Osteoarthritis,Librela,librela-s,E-commerce,Region,West,6443,309244.19,0.88
stackline_ecommerce,2025-04,2025-Q2,Pain/Osteoarthritis,OsteoEase Vet,osteoease_vet-l,E-commerce,Region,West,5010,205425.48,0.88
stackline_ecommerce,2025-04,2025-Q2,Pain/Osteoarthritis,OsteoEase Vet,osteoease_vet-s,E-commerce,Region,West,6776,277823.16,0.88
stackline_ecommerce,2025-04,2025-Q2,Pain/Osteoarthritis,PainAway Canine,painaway_canine-l,E-commerce,Region,West,4509,166825.41,0.88
stackline_ecommerce,2025-04,2025-Q2,Pain/Osteoarthritis,PainAway Canine,painaway_canine-s,E-commerce,Region,West,5514,204020.58,0.88
stackline_ecommerce,2025-04,2025-Q2,Petcare Diagnostics,PetLab Analyzer,petlab_analyzer-l,E-commerce,Region,West,7882,118226.93,0.88
stackline_ecommerce,2025-04,2025-Q2,Petcare Diagnostics,PetLab Analyzer,petlab_analyzer-s,E-commerce,Region,West,11064,165956.53,0.88
stackline_ecommerce,2025-04,2025-Q2,Petcare Diagnostics,RapidVet Dx,rapidvet_dx-l,E-commerce,Region,West,11960,191356.14,0.88
stackline_ecommerce,2025-04,2025-Q2,Petcare Diagnostics,RapidVet Dx,rapidvet_dx-s,E-commerce,Region,West,16766,268253.75,0.88
stackline_ecommerce,2025-04,2025-Q2,Parasiticides,Simparica Trio,simparica_trio-l,E-commerce,Region,West,27184,761152.87,0.88
stackline_ecommerce,2025-04,2025-Q2,Parasiticides,Simparica Trio,simparica_trio-s,E-commerce,Region,West,37161,1040517.87,0.88
stackline_ecommerce,2025-04,2025-Q2,Dermatology,SkinRelief Pro,skinrelief_pro-l,E-commerce,Region,West,5147,252202.62,0.88
stackline_ecommerce,2025-04,2025-Q2,Dermatology,SkinRelief Pro,skinrelief_pro-s,E-commerce,Region,West,6799,333127.97,0.88
stackline_ecommerce,2025-04,2025-Q2,Parasiticides,TickShield Plus,tickshield_plus-l,E-commerce,Region,West,21970,527274.94,0.88
stackline_ecommerce,2025-04,2025-Q2,Parasiticides,TickShield Plus,tickshield_plus-s,E-commerce,Region,West,28507,684179.54,0.88
stackline_ecommerce,2025-04,2025-Q2,Vaccines,Vanguard,vanguard-l,E-commerce,Region,West,9263,203786.89,0.88
stackline_ecommerce,2025-04,2025-Q2,Vaccines,Vanguard,vanguard-s,E-commerce,Region,West,13112,288455.48,0.88
stackline_ecommerce,2025-04,2025-Q2,Parasiticides,VectraGuard,vectraguard-l,E-commerce,Region,West,24189,628914.26,0.88
stackline_ecommerce,2025-04,2025-Q2,Parasiticides,VectraGuard,vectraguard-s,E-commerce,Region,West,33294,865645.92,0.88
stackline_ecommerce,2025-04,2025-Q2,Vaccines,VetGuard Immunize,vetguard_immunize-l,E-commerce,Region,West,7730,146862.09,0.88
stackline_ecommerce,2025-04,2025-Q2,Vaccines,VetGuard Immunize,vetguard_immunize-s,E-commerce,Region,West,10582,201058.81,0.88
stackline_ecommerce,2025-04,2025-Q2,Vaccines,VetSelect Core Vax,vetselect_core_vax-l,E-commerce,Region,West,7910,110739.13,0.88
stackline_ecommerce,2025-04,2025-Q2,Vaccines,VetSelect Core Vax,vetselect_core_vax-s,E-commerce,Region,West,11232,157246.14,0.88
stackline_ecommerce,2025-04,2025-Q2,Dermatology,VetSelect Derma,vetselect_derma-l,E-commerce,Region,West,5180,196843.36,0.88
stackline_ecommerce,2025-04,2025-Q2,Dermatology,VetSelect Derma,vetselect_derma-s,E-commerce,Region,West,7207,273863.41,0.88
stackline_ecommerce,2025-04,2025-Q2,Petcare Diagnostics,VetSelect Dx,vetselect_dx-l,E-commerce,Region,West,8252,99018.52,0.88
stackline_ecommerce,2025-04,2025-Q2,Petcare Diagnostics,VetSelect Dx,vetselect_dx-s,E-commerce,Region,West,11571,138852.24,0.88
stackline_ecommerce,2025-04,2025-Q2,Parasiticides,VetSelect Flea & Tick,vetselect_flea_and_tick-l,E-commerce,Region,West,29023,493397.1,0.88
stackline_ecommerce,2025-04,2025-Q2,Parasiticides,VetSelect Flea & Tick,vetselect_flea_and_tick-s,E-commerce,Region,West,39035,663587.79,0.88
stackline_ecommerce,2025-04,2025-Q2,Pain/Osteoarthritis,VetSelect Joint,vetselect_joint-l,E-commerce,Region,West,5182,150283.31,0.88
stackline_ecommerce,2025-04,2025-Q2,Pain/Osteoarthritis,VetSelect Joint,vetselect_joint-s,E-commerce,Region,West,7277,211044.7,0.88
stackline_ecommerce,2025-04,2025-Q2,Petcare Diagnostics,Vetscan,vetscan-l,E-commerce,Region,West,14505,261089.73,0.88
stackline_ecommerce,2025-04,2025-Q2,Petcare Diagnostics,Vetscan,vetscan-s,E-commerce,Region,West,18616,335087.11,0.88
stackline_ecommerce,2025-05,2025-Q2,Dermatology,AllerVet RX,allervet_rx-l,E-commerce,National,National,28564,1542468.38,0.88
stackline_ecommerce,2025-05,2025-Q2,Dermatology,AllerVet RX,allervet_rx-s,E-commerce,National,National,40127,2166804.78,0.88
stackline_ecommerce,2025-05,2025-Q2,Dermatology,Apoquel,apoquel-l,E-commerce,National,National,42272,2747663.82,0.88
stackline_ecommerce,2025-05,2025-Q2,Dermatology,Apoquel,apoquel-s,E-commerce,National,National,58296,3789243.72,0.88
stackline_ecommerce,2025-05,2025-Q2,Vaccines,BioShield Vax,bioshield_vax-l,E-commerce,National,National,38397,767949.63,0.88
stackline_ecommerce,2025-05,2025-Q2,Vaccines,BioShield Vax,bioshield_vax-s,E-commerce,National,National,53588,1071776.62,0.88
stackline_ecommerce,2025-05,2025-Q2,Dermatology,DermaCalm,dermacalm-l,E-commerce,National,National,31117,1804764.72,0.88
stackline_ecommerce,2025-05,2025-Q2,Dermatology,DermaCalm,dermacalm-s,E-commerce,National,National,43652,2531769.18,0.88
stackline_ecommerce,2025-05,2025-Q2,Petcare Diagnostics,DiagnosTech Vet,diagnostech_vet-l,E-commerce,National,National,62228,1057867.16,0.88
stackline_ecommerce,2025-05,2025-Q2,Petcare Diagnostics,DiagnosTech Vet,diagnostech_vet-s,E-commerce,National,National,86551,1471368.9,0.88
stackline_ecommerce,2025-05,2025-Q2,Parasiticides,FleaStop Pro,fleastop_pro-l,E-commerce,National,National,85595,1797510.09,0.88
stackline_ecommerce,2025-05,2025-Q2,Parasiticides,FleaStop Pro,fleastop_pro-s,E-commerce,National,National,116523,2446976.0,0.88
stackline_ecommerce,2025-05,2025-Q2,Pain/Osteoarthritis,FlexiCare Joint,flexicare_joint-l,E-commerce,National,National,21290,936798.99,0.88
stackline_ecommerce,2025-05,2025-Q2,Pain/Osteoarthritis,FlexiCare Joint,flexicare_joint-s,E-commerce,National,National,29749,1308950.87,0.88
stackline_ecommerce,2025-05,2025-Q2,Vaccines,ImmunoCore Canine,immunocore_canine-l,E-commerce,National,National,45033,945679.42,0.88
stackline_ecommerce,2025-05,2025-Q2,Vaccines,ImmunoCore Canine,immunocore_canine-s,E-commerce,National,National,63591,1335403.82,0.88
stackline_ecommerce,2025-05,2025-Q2,Pain/Osteoarthritis,Librela,librela-l,E-commerce,National,National,19007,912329.18,0.88
stackline_ecommerce,2025-05,2025-Q2,Pain/Osteoarthritis,Librela,librela-s,E-commerce,National,National,25454,1221804.22,0.88
stackline_ecommerce,2025-05,2025-Q2,Pain/Osteoarthritis,OsteoEase Vet,osteoease_vet-l,E-commerce,National,National,20594,844378.31,0.88
stackline_ecommerce,2025-05,2025-Q2,Pain/Osteoarthritis,OsteoEase Vet,osteoease_vet-s,E-commerce,National,National,28885,1184326.05,0.88
stackline_ecommerce,2025-05,2025-Q2,Pain/Osteoarthritis,PainAway Canine,painaway_canine-l,E-commerce,National,National,17737,656310.14,0.88
stackline_ecommerce,2025-05,2025-Q2,Pain/Osteoarthritis,PainAway Canine,painaway_canine-s,E-commerce,National,National,24804,917756.82,0.88
stackline_ecommerce,2025-05,2025-Q2,Petcare Diagnostics,PetLab Analyzer,petlab_analyzer-l,E-commerce,National,National,35423,531342.3,0.88
stackline_ecommerce,2025-05,2025-Q2,Petcare Diagnostics,PetLab Analyzer,petlab_analyzer-s,E-commerce,National,National,50164,752458.48,0.88
stackline_ecommerce,2025-05,2025-Q2,Petcare Diagnostics,RapidVet Dx,rapidvet_dx-l,E-commerce,National,National,59398,950372.8,0.88
stackline_ecommerce,2025-05,2025-Q2,Petcare Diagnostics,RapidVet Dx,rapidvet_dx-s,E-commerce,National,National,81881,1310089.34,0.88
stackline_ecommerce,2025-05,2025-Q2,Parasiticides,Simparica Trio,simparica_trio-l,E-commerce,National,National,136813,3830766.39,0.88
stackline_ecommerce,2025-05,2025-Q2,Parasiticides,Simparica Trio,simparica_trio-s,E-commerce,National,National,187075,5238084.12,0.88
stackline_ecommerce,2025-05,2025-Q2,Dermatology,SkinRelief Pro,skinrelief_pro-l,E-commerce,National,National,25695,1259045.15,0.88
stackline_ecommerce,2025-05,2025-Q2,Dermatology,SkinRelief Pro,skinrelief_pro-s,E-commerce,National,National,36196,1773557.89,0.88
stackline_ecommerce,2025-05,2025-Q2,Parasiticides,TickShield Plus,tickshield_plus-l,E-commerce,National,National,91522,2196508.21,0.88
stackline_ecommerce,2025-05,2025-Q2,Parasiticides,TickShield Plus,tickshield_plus-s,E-commerce,National,National,124384,2985211.68,0.88
stackline_ecommerce,2025-05,2025-Q2,Vaccines,Vanguard,vanguard-l,E-commerce,National,National,43185,950067.45,0.88
stackline_ecommerce,2025-05,2025-Q2,Vaccines,Vanguard,vanguard-s,E-commerce,National,National,59590,1310978.11,0.88
stackline_ecommerce,2025-05,2025-Q2,Parasiticides,VectraGuard,vectraguard-l,E-commerce,National,National,118370,3077594.51,0.88
stackline_ecommerce,2025-05,2025-Q2,Parasiticides,VectraGuard,vectraguard-s,E-commerce,National,National,165882,4312937.04,0.88
stackline_ecommerce,2025-05,2025-Q2,Vaccines,VetGuard Immunize,vetguard_immunize-l,E-commerce,National,National,34541,656276.22,0.88
stackline_ecommerce,2025-05,2025-Q2,Vaccines,VetGuard Immunize,vetguard_immunize-s,E-commerce,National,National,47365,899909.48,0.88
stackline_ecommerce,2025-05,2025-Q2,Vaccines,VetSelect Core Vax,vetselect_core_vax-l,E-commerce,National,National,40752,570533.36,0.88
stackline_ecommerce,2025-05,2025-Q2,Vaccines,VetSelect Core Vax,vetselect_core_vax-s,E-commerce,National,National,56040,784561.99,0.88
stackline_ecommerce,2025-05,2025-Q2,Dermatology,VetSelect Derma,vetselect_derma-l,E-commerce,National,National,27721,1053404.36,0.88
stackline_ecommerce,2025-05,2025-Q2,Dermatology,VetSelect Derma,vetselect_derma-s,E-commerce,National,National,38038,1445447.4,0.88
stackline_ecommerce,2025-05,2025-Q2,Petcare Diagnostics,VetSelect Dx,vetselect_dx-l,E-commerce,National,National,35845,430139.1,0.88
stackline_ecommerce,2025-05,2025-Q2,Petcare Diagnostics,VetSelect Dx,vetselect_dx-s,E-commerce,National,National,50372,604459.55,0.88
stackline_ecommerce,2025-05,2025-Q2,Parasiticides,VetSelect Flea & Tick,vetselect_flea_and_tick-l,E-commerce,National,National,133015,2261249.59,0.88
stackline_ecommerce,2025-05,2025-Q2,Parasiticides,VetSelect Flea & Tick,vetselect_flea_and_tick-s,E-commerce,National,National,185487,3153252.55,0.88
stackline_ecommerce,2025-05,2025-Q2,Pain/Osteoarthritis,VetSelect Joint,vetselect_joint-l,E-commerce,National,National,21400,620620.73,0.88
stackline_ecommerce,2025-05,2025-Q2,Pain/Osteoarthritis,VetSelect Joint,vetselect_joint-s,E-commerce,National,National,29890,866804.26,0.88
stackline_ecommerce,2025-05,2025-Q2,Petcare Diagnostics,Vetscan,vetscan-l,E-commerce,National,National,56792,1022246.4,0.88
stackline_ecommerce,2025-05,2025-Q2,Petcare Diagnostics,Vetscan,vetscan-s,E-commerce,National,National,78982,1421700.37,0.88
stackline_ecommerce,2025-05,2025-Q2,Dermatology,AllerVet RX,allervet_rx-l,E-commerce,Region,Midwest,6398,345509.81,0.88
stackline_ecommerce,2025-05,2025-Q2,Dermatology,AllerVet RX,allervet_rx-s,E-commerce,Region,Midwest,8239,444879.09,0.88
stackline_ecommerce,2025-05,2025-Q2,Dermatology,Apoquel,apoquel-l,E-commerce,Region,Midwest,8665,563218.31,0.88
stackline_ecommerce,2025-05,2025-Q2,Dermatology,Apoquel,apoquel-s,E-commerce,Region,Midwest,12306,799903.54,0.88
stackline_ecommerce,2025-05,2025-Q2,Vaccines,BioShield Vax,bioshield_vax-l,E-commerce,Region,Midwest,8228,164556.41,0.88
stackline_ecommerce,2025-05,2025-Q2,Vaccines,BioShield Vax,bioshield_vax-s,E-commerce,Region,Midwest,11704,234085.72,0.88
stackline_ecommerce,2025-05,2025-Q2,Dermatology,DermaCalm,dermacalm-l,E-commerce,Region,Midwest,6785,393537.44,0.88
stackline_ecommerce,2025-05,2025-Q2,Dermatology,DermaCalm,dermacalm-s,E-commerce,Region,Midwest,8823,511707.29,0.88
stackline_ecommerce,2025-05,2025-Q2,Petcare Diagnostics,DiagnosTech Vet,diagnostech_vet-l,E-commerce,Region,Midwest,13262,225450.32,0.88
stackline_ecommerce,2025-05,2025-Q2,Petcare Diagnostics,DiagnosTech Vet,diagnostech_vet-s,E-commerce,Region,Midwest,18882,320993.69,0.88
stackline_ecommerce,2025-05,2025-Q2,Parasiticides,FleaStop Pro,fleastop_pro-l,E-commerce,Region,Midwest,16599,348578.74,0.88
stackline_ecommerce,2025-05,2025-Q2,Parasiticides,FleaStop Pro,fleastop_pro-s,E-commerce,Region,Midwest,24611,516831.85,0.88
stackline_ecommerce,2025-05,2025-Q2,Pain/Osteoarthritis,FlexiCare Joint,flexicare_joint-l,E-commerce,Region,Midwest,4604,202588.63,0.88
stackline_ecommerce,2025-05,2025-Q2,Pain/Osteoarthritis,FlexiCare Joint,flexicare_joint-s,E-commerce,Region,Midwest,6301,277243.91,0.88
stackline_ecommerce,2025-05,2025-Q2,Vaccines,ImmunoCore Canine,immunocore_canine-l,E-commerce,Region,Midwest,9004,189076.52,0.88
stackline_ecommerce,2025-05,2025-Q2,Vaccines,ImmunoCore Canine,immunocore_canine-s,E-commerce,Region,Midwest,13517,283860.66,0.88
stackline_ecommerce,2025-05,2025-Q2,Pain/Osteoarthritis,Librela,librela-l,E-commerce,Region,Midwest,3861,185334.06,0.88
stackline_ecommerce,2025-05,2025-Q2,Pain/Osteoarthritis,Librela,librela-s,E-commerce,Region,Midwest,5046,242195.03,0.88
stackline_ecommerce,2025-05,2025-Q2,Pain/Osteoarthritis,OsteoEase Vet,osteoease_vet-l,E-commerce,Region,Midwest,4294,176054.23,0.88
stackline_ecommerce,2025-05,2025-Q2,Pain/Osteoarthritis,OsteoEase Vet,osteoease_vet-s,E-commerce,Region,Midwest,6317,259006.76,0.88
stackline_ecommerce,2025-05,2025-Q2,Pain/Osteoarthritis,PainAway Canine,painaway_canine-l,E-commerce,Region,Midwest,3699,136854.49,0.88
stackline_ecommerce,2025-05,2025-Q2,Pain/Osteoarthritis,PainAway Canine,painaway_canine-s,E-commerce,Region,Midwest,5207,192663.83,0.88
stackline_ecommerce,2025-05,2025-Q2,Petcare Diagnostics,PetLab Analyzer,petlab_analyzer-l,E-commerce,Region,Midwest,7301,109510.29,0.88
stackline_ecommerce,2025-05,2025-Q2,Petcare Diagnostics,PetLab Analyzer,petlab_analyzer-s,E-commerce,Region,Midwest,9994,149904.48,0.88
stackline_ecommerce,2025-05,2025-Q2,Petcare Diagnostics,RapidVet Dx,rapidvet_dx-l,E-commerce,Region,Midwest,11208,179332.91,0.88
stackline_ecommerce,2025-05,2025-Q2,Petcare Diagnostics,RapidVet Dx,rapidvet_dx-s,E-commerce,Region,Midwest,15815,253038.61,0.88
stackline_ecommerce,2025-05,2025-Q2,Parasiticides,Simparica Trio,simparica_trio-l,E-commerce,Region,Midwest,29993,839808.47,0.88
stackline_ecommerce,2025-05,2025-Q2,Parasiticides,Simparica Trio,simparica_trio-s,E-commerce,Region,Midwest,37774,1057677.98,0.88
stackline_ecommerce,2025-05,2025-Q2,Dermatology,SkinRelief Pro,skinrelief_pro-l,E-commerce,Region,Midwest,5451,267116.32,0.88
stackline_ecommerce,2025-05,2025-Q2,Dermatology,SkinRelief Pro,skinrelief_pro-s,E-commerce,Region,Midwest,7354,360327.79,0.88
stackline_ecommerce,2025-05,2025-Q2,Parasiticides,TickShield Plus,tickshield_plus-l,E-commerce,Region,Midwest,20726,497413.75,0.88
stackline_ecommerce,2025-05,2025-Q2,Parasiticides,TickShield Plus,tickshield_plus-s,E-commerce,Region,Midwest,26524,636569.46,0.88
stackline_ecommerce,2025-05,2025-Q2,Vaccines,Vanguard,vanguard-l,E-commerce,Region,Midwest,8889,195557.7,0.88
stackline_ecommerce,2025-05,2025-Q2,Vaccines,Vanguard,vanguard-s,E-commerce,Region,Midwest,12311,270831.9,0.88
stackline_ecommerce,2025-05,2025-Q2,Parasiticides,VectraGuard,vectraguard-l,E-commerce,Region,Midwest,23475,610354.17,0.88
stackline_ecommerce,2025-05,2025-Q2,Parasiticides,VectraGuard,vectraguard-s,E-commerce,Region,Midwest,34248,890452.93,0.88
stackline_ecommerce,2025-05,2025-Q2,Vaccines,VetGuard Immunize,vetguard_immunize-l,E-commerce,Region,Midwest,7281,138330.52,0.88
stackline_ecommerce,2025-05,2025-Q2,Vaccines,VetGuard Immunize,vetguard_immunize-s,E-commerce,Region,Midwest,10394,197479.84,0.88
stackline_ecommerce,2025-05,2025-Q2,Vaccines,VetSelect Core Vax,vetselect_core_vax-l,E-commerce,Region,Midwest,8525,119353.01,0.88
stackline_ecommerce,2025-05,2025-Q2,Vaccines,VetSelect Core Vax,vetselect_core_vax-s,E-commerce,Region,Midwest,11957,167399.17,0.88
stackline_ecommerce,2025-05,2025-Q2,Dermatology,VetSelect Derma,vetselect_derma-l,E-commerce,Region,Midwest,5861,222726.88,0.88
stackline_ecommerce,2025-05,2025-Q2,Dermatology,VetSelect Derma,vetselect_derma-s,E-commerce,Region,Midwest,8176,310700.7,0.88
stackline_ecommerce,2025-05,2025-Q2,Petcare Diagnostics,VetSelect Dx,vetselect_dx-l,E-commerce,Region,Midwest,7218,86615.01,0.88
stackline_ecommerce,2025-05,2025-Q2,Petcare Diagnostics,VetSelect Dx,vetselect_dx-s,E-commerce,Region,Midwest,10092,121107.84,0.88
stackline_ecommerce,2025-05,2025-Q2,Parasiticides,VetSelect Flea & Tick,vetselect_flea_and_tick-l,E-commerce,Region,Midwest,29605,503284.99,0.88
stackline_ecommerce,2025-05,2025-Q2,Parasiticides,VetSelect Flea & Tick,vetselect_flea_and_tick-s,E-commerce,Region,Midwest,39173,665934.34,0.88
stackline_ecommerce,2025-05,2025-Q2,Pain/Osteoarthritis,VetSelect Joint,vetselect_joint-l,E-commerce,Region,Midwest,4602,133468.6,0.88
stackline_ecommerce,2025-05,2025-Q2,Pain/Osteoarthritis,VetSelect Joint,vetselect_joint-s,E-commerce,Region,Midwest,6474,187736.62,0.88
stackline_ecommerce,2025-05,2025-Q2,Petcare Diagnostics,Vetscan,vetscan-l,E-commerce,Region,Midwest,11845,213210.04,0.88
stackline_ecommerce,2025-05,2025-Q2,Petcare Diagnostics,Vetscan,vetscan-s,E-commerce,Region,Midwest,15748,283468.29,0.88
stackline_ecommerce,2025-05,2025-Q2,Dermatology,AllerVet RX,allervet_rx-l,E-commerce,Region,Northeast,6314,340938.28,0.88
stackline_ecommerce,2025-05,2025-Q2,Dermatology,AllerVet RX,allervet_rx-s,E-commerce,Region,Northeast,8873,479120.9,0.88
stackline_ecommerce,2025-05,2025-Q2,Dermatology,Apoquel,apoquel-l,E-commerce,Region,Northeast,9986,649067.58,0.88
stackline_ecommerce,2025-05,2025-Q2,Dermatology,Apoquel,apoquel-s,E-commerce,Region,Northeast,13181,856733.2,0.88
stackline_ecommerce,2025-05,2025-Q2,Vaccines,BioShield Vax,bioshield_vax-l,E-commerce,Region,Northeast,8543,170860.34,0.88
stackline_ecommerce,2025-05,2025-Q2,Vaccines,BioShield Vax,bioshield_vax-s,E-commerce,Region,Northeast,11084,221682.74,0.88
stackline_ecommerce,2025-05,2025-Q2,Dermatology,DermaCalm,dermacalm-l,E-commerce,Region,Northeast,6550,379877.96,0.88
stackline_ecommerce,2025-05,2025-Q2,Dermatology,DermaCalm,dermacalm-s,E-commerce,Region,Northeast,9701,562639.32,0.88
stackline_ecommerce,2025-05,2025-Q2,Petcare Diagnostics,DiagnosTech Vet,diagnostech_vet-l,E-commerce,Region,Northeast,13679,232544.79,0.88
stackline_ecommerce,2025-05,2025-Q2,Petcare Diagnostics,DiagnosTech Vet,diagnostech_vet-s,E-commerce,Region,Northeast,19609,333355.76,0.88
stackline_ecommerce,2025-05,2025-Q2,Parasiticides,FleaStop Pro,fleastop_pro-l,E-commerce,Region,Northeast,19165,402473.77,0.88
stackline_ecommerce,2025-05,2025-Q2,Parasiticides,FleaStop Pro,fleastop_pro-s,E-commerce,Region,Northeast,26486,556195.99,0.88
stackline_ecommerce,2025-05,2025-Q2,Pain/Osteoarthritis,FlexiCare Joint,flexicare_joint-l,E-commerce,Region,Northeast,4317,189965.57,0.88
stackline_ecommerce,2025-05,2025-Q2,Pain/Osteoarthritis,FlexiCare Joint,flexicare_joint-s,E-commerce,Region,Northeast,6360,279843.26,0.88
stackline_ecommerce,2025-05,2025-Q2,Vaccines,ImmunoCore Canine,immunocore_canine-l,E-commerce,Region,Northeast,10452,219489.52,0.88
stackline_ecommerce,2025-05,2025-Q2,Vaccines,ImmunoCore Canine,immunocore_canine-s,E-commerce,Region,Northeast,14929,313518.07,0.88
stackline_ecommerce,2025-05,2025-Q2,Pain/Osteoarthritis,Librela,librela-l,E-commerce,Region,Northeast,4096,196614.21,0.88
stackline_ecommerce,2025-05,2025-Q2,Pain/Osteoarthritis,Librela,librela-s,E-commerce,Region,Northeast,5558,266780.64,0.88
stackline_ecommerce,2025-05,2025-Q2,Pain/Osteoarthritis,OsteoEase Vet,osteoease_vet-l,E-commerce,Region,Northeast,4131,169373.43,0.88
stackline_ecommerce,2025-05,2025-Q2,Pain/Osteoarthritis,OsteoEase Vet,osteoease_vet-s,E-commerce,Region,Northeast,5850,239853.06,0.88
stackline_ecommerce,2025-05,2025-Q2,Pain/Osteoarthritis,PainAway Canine,painaway_canine-l,E-commerce,Region,Northeast,3924,145204.08,0.88
stackline_ecommerce,2025-05,2025-Q2,Pain/Osteoarthritis,PainAway Canine,painaway_canine-s,E-commerce,Region,Northeast,5749,212724.01,0.88
stackline_ecommerce,2025-05,2025-Q2,Petcare Diagnostics,PetLab Analyzer,petlab_analyzer-l,E-commerce,Region,Northeast,7789,116839.65,0.88
stackline_ecommerce,2025-05,2025-Q2,Petcare Diagnostics,PetLab Analyzer,petlab_analyzer-s,E-commerce,Region,Northeast,10616,159242.01,0.88
stackline_ecommerce,2025-05,2025-Q2,Petcare Diagnostics,RapidVet Dx,rapidvet_dx-l,E-commerce,Region,Northeast,13758,220133.47,0.88
stackline_ecommerce,2025-05,2025-Q2,Petcare Diagnostics,RapidVet Dx,rapidvet_dx-s,E-commerce,Region,Northeast,18388,294209.36,0.88
stackline_ecommerce,2025-05,2025-Q2,Parasiticides,Simparica Trio,simparica_trio-l,E-commerce,Region,Northeast,29195,817456.03,0.88
stackline_ecommerce,2025-05,2025-Q2,Parasiticides,Simparica Trio,simparica_trio-s,E-commerce,Region,Northeast,42235,1182567.16,0.88
stackline_ecommerce,2025-05,2025-Q2,Dermatology,SkinRelief Pro,skinrelief_pro-l,E-commerce,Region,Northeast,5552,272032.88,0.88
stackline_ecommerce,2025-05,2025-Q2,Dermatology,SkinRelief Pro,skinrelief_pro-s,E-commerce,Region,Northeast,8101,396929.65,0.88
stackline_ecommerce,2025-05,2025-Q2,Parasiticides,TickShield Plus,tickshield_plus-l,E-commerce,Region,Northeast,18786,450855.09,0.88
stackline_ecommerce,2025-05,2025-Q2,Parasiticides,TickShield Plus,tickshield_plus-s,E-commerce,Region,Northeast,25230,605527.13,0.88
stackline_ecommerce,2025-05,2025-Q2,Vaccines,Vanguard,vanguard-l,E-commerce,Region,Northeast,9623,211708.12,0.88
stackline_ecommerce,2025-05,2025-Q2,Vaccines,Vanguard,vanguard-s,E-commerce,Region,Northeast,12771,280953.33,0.88
stackline_ecommerce,2025-05,2025-Q2,Parasiticides,VectraGuard,vectraguard-l,E-commerce,Region,Northeast,25893,673207.82,0.88
stackline_ecommerce,2025-05,2025-Q2,Parasiticides,VectraGuard,vectraguard-s,E-commerce,Region,Northeast,37372,971683.0,0.88
stackline_ecommerce,2025-05,2025-Q2,Vaccines,VetGuard Immunize,vetguard_immunize-l,E-commerce,Region,Northeast,7885,149818.72,0.88
stackline_ecommerce,2025-05,2025-Q2,Vaccines,VetGuard Immunize,vetguard_immunize-s,E-commerce,Region,Northeast,10186,193527.99,0.88
stackline_ecommerce,2025-05,2025-Q2,Vaccines,VetSelect Core Vax,vetselect_core_vax-l,E-commerce,Region,Northeast,8942,125191.03,0.88
stackline_ecommerce,2025-05,2025-Q2,Vaccines,VetSelect Core Vax,vetselect_core_vax-s,E-commerce,Region,Northeast,11985,167790.07,0.88
stackline_ecommerce,2025-05,2025-Q2,Dermatology,VetSelect Derma,vetselect_derma-l,E-commerce,Region,Northeast,5918,224878.13,0.88
stackline_ecommerce,2025-05,2025-Q2,Dermatology,VetSelect Derma,vetselect_derma-s,E-commerce,Region,Northeast,8385,318631.87,0.88
stackline_ecommerce,2025-05,2025-Q2,Petcare Diagnostics,VetSelect Dx,vetselect_dx-l,E-commerce,Region,Northeast,7434,89208.17,0.88
stackline_ecommerce,2025-05,2025-Q2,Petcare Diagnostics,VetSelect Dx,vetselect_dx-s,E-commerce,Region,Northeast,10694,128322.21,0.88
stackline_ecommerce,2025-05,2025-Q2,Parasiticides,VetSelect Flea & Tick,vetselect_flea_and_tick-l,E-commerce,Region,Northeast,28898,491264.19,0.88
stackline_ecommerce,2025-05,2025-Q2,Parasiticides,VetSelect Flea & Tick,vetselect_flea_and_tick-s,E-commerce,Region,Northeast,40331,685620.94,0.88
stackline_ecommerce,2025-05,2025-Q2,Pain/Osteoarthritis,VetSelect Joint,vetselect_joint-l,E-commerce,Region,Northeast,4497,130419.22,0.88
stackline_ecommerce,2025-05,2025-Q2,Pain/Osteoarthritis,VetSelect Joint,vetselect_joint-s,E-commerce,Region,Northeast,6166,178820.77,0.88
stackline_ecommerce,2025-05,2025-Q2,Petcare Diagnostics,Vetscan,vetscan-l,E-commerce,Region,Northeast,13495,242910.19,0.88
stackline_ecommerce,2025-05,2025-Q2,Petcare Diagnostics,Vetscan,vetscan-s,E-commerce,Region,Northeast,18176,327172.97,0.88
stackline_ecommerce,2025-05,2025-Q2,Dermatology,AllerVet RX,allervet_rx-l,E-commerce,Region,South,9590,517884.85,0.88
stackline_ecommerce,2025-05,2025-Q2,Dermatology,AllerVet RX,allervet_rx-s,E-commerce,Region,South,13673,738358.91,0.88
stackline_ecommerce,2025-05,2025-Q2,Dermatology,Apoquel,apoquel-l,E-commerce,Region,South,13890,902830.56,0.88
stackline_ecommerce,2025-05,2025-Q2,Dermatology,Apoquel,apoquel-s,E-commerce,Region,South,19432,1263107.62,0.88
stackline_ecommerce,2025-05,2025-Q2,Vaccines,BioShield Vax,bioshield_vax-l,E-commerce,Region,South,12720,254409.34,0.88
stackline_ecommerce,2025-05,2025-Q2,Vaccines,BioShield Vax,bioshield_vax-s,E-commerce,Region,South,17819,356378.71,0.88
stackline_ecommerce,2025-05,2025-Q2,Dermatology,DermaCalm,dermacalm-l,E-commerce,Region,South,10451,606133.42,0.88
stackline_ecommerce,2025-05,2025-Q2,Dermatology,DermaCalm,dermacalm-s,E-commerce,Region,South,15113,876564.47,0.88
stackline_ecommerce,2025-05,2025-Q2,Petcare Diagnostics,DiagnosTech Vet,diagnostech_vet-l,E-commerce,Region,South,20250,344247.91,0.88
stackline_ecommerce,2025-05,2025-Q2,Petcare Diagnostics,DiagnosTech Vet,diagnostech_vet-s,E-commerce,Region,South,27529,467994.9,0.88
stackline_ecommerce,2025-05,2025-Q2,Parasiticides,FleaStop Pro,fleastop_pro-l,E-commerce,Region,South,29585,621288.57,0.88
stackline_ecommerce,2025-05,2025-Q2,Parasiticides,FleaStop Pro,fleastop_pro-s,E-commerce,Region,South,37419,785798.52,0.88
stackline_ecommerce,2025-05,2025-Q2,Pain/Osteoarthritis,FlexiCare Joint,flexicare_joint-l,E-commerce,Region,South,7717,339558.37,0.88
stackline_ecommerce,2025-05,2025-Q2,Pain/Osteoarthritis,FlexiCare Joint,flexicare_joint-s,E-commerce,Region,South,10776,474137.99,0.88
stackline_ecommerce,2025-05,2025-Q2,Vaccines,ImmunoCore Canine,immunocore_canine-l,E-commerce,Region,South,15392,323231.33,0.88
stackline_ecommerce,2025-05,2025-Q2,Vaccines,ImmunoCore Canine,immunocore_canine-s,E-commerce,Region,South,20924,439393.84,0.88
stackline_ecommerce,2025-05,2025-Q2,Pain/Osteoarthritis,Librela,librela-l,E-commerce,Region,South,6520,312951.76,0.88
stackline_ecommerce,2025-05,2025-Q2,Pain/Osteoarthritis,Librela,librela-s,E-commerce,Region,South,8757,420350.1,0.88
stackline_ecommerce,2025-05,2025-Q2,Pain/Osteoarthritis,OsteoEase Vet,osteoease_vet-l,E-commerce,Region,South,7335,300750.55,0.88
stackline_ecommerce,2025-05,2025-Q2,Pain/Osteoarthritis,OsteoEase Vet,osteoease_vet-s,E-commerce,Region,South,10090,413705.38,0.88
stackline_ecommerce,2025-05,2025-Q2,Pain/Osteoarthritis,PainAway Canine,painaway_canine-l,E-commerce,Region,South,6227,230414.57,0.88
stackline_ecommerce,2025-05,2025-Q2,Pain/Osteoarthritis,PainAway Canine,painaway_canine-s,E-commerce,Region,South,8397,310693.71,0.88
stackline_ecommerce,2025-05,2025-Q2,Petcare Diagnostics,PetLab Analyzer,petlab_analyzer-l,E-commerce,Region,South,11752,176282.45,0.88
stackline_ecommerce,2025-05,2025-Q2,Petcare Diagnostics,PetLab Analyzer,petlab_analyzer-s,E-commerce,Region,South,17299,259489.07,0.88
stackline_ecommerce,2025-05,2025-Q2,Petcare Diagnostics,RapidVet Dx,rapidvet_dx-l,E-commerce,Region,South,19950,319198.05,0.88
stackline_ecommerce,2025-05,2025-Q2,Petcare Diagnostics,RapidVet Dx,rapidvet_dx-s,E-commerce,Region,South,27439,439018.53,0.88
stackline_ecommerce,2025-05,2025-Q2,Parasiticides,Simparica Trio,simparica_trio-l,E-commerce,Region,South,47223,1322239.27,0.88
stackline_ecommerce,2025-05,2025-Q2,Parasiticides,Simparica Trio,simparica_trio-s,E-commerce,Region,South,65561,1835706.89,0.88
stackline_ecommerce,2025-05,2025-Q2,Dermatology,SkinRelief Pro,skinrelief_pro-l,E-commerce,Region,South,8855,433894.86,0.88
stackline_ecommerce,2025-05,2025-Q2,Dermatology,SkinRelief Pro,skinrelief_pro-s,E-commerce,Region,South,12310,603179.38,0.88
stackline_ecommerce,2025-05,2025-Q2,Parasiticides,TickShield Plus,tickshield_plus-l,E-commerce,Region,South,29890,717353.33,0.88
stackline_ecommerce,2025-05,2025-Q2,Parasiticides,TickShield Plus,tickshield_plus-s,E-commerce,Region,South,41517,996403.57,0.88
stackline_ecommerce,2025-05,2025-Q2,Vaccines,Vanguard,vanguard-l,E-commerce,Region,South,14715,323719.74,0.88
stackline_ecommerce,2025-05,2025-Q2,Vaccines,Vanguard,vanguard-s,E-commerce,Region,South,20456,450040.21,0.88
stackline_ecommerce,2025-05,2025-Q2,Parasiticides,VectraGuard,vectraguard-l,E-commerce,Region,South,40921,1063939.29,0.88
stackline_ecommerce,2025-05,2025-Q2,Parasiticides,VectraGuard,vectraguard-s,E-commerce,Region,South,56114,1458954.17,0.88
stackline_ecommerce,2025-05,2025-Q2,Vaccines,VetGuard Immunize,vetguard_immunize-l,E-commerce,Region,South,11044,209844.66,0.88
stackline_ecommerce,2025-05,2025-Q2,Vaccines,VetGuard Immunize,vetguard_immunize-s,E-commerce,Region,South,15421,292992.22,0.88
stackline_ecommerce,2025-05,2025-Q2,Vaccines,VetSelect Core Vax,vetselect_core_vax-l,E-commerce,Region,South,13896,194548.49,0.88
stackline_ecommerce,2025-05,2025-Q2,Vaccines,VetSelect Core Vax,vetselect_core_vax-s,E-commerce,Region,South,19121,267692.71,0.88
stackline_ecommerce,2025-05,2025-Q2,Dermatology,VetSelect Derma,vetselect_derma-l,E-commerce,Region,South,9401,357229.47,0.88
stackline_ecommerce,2025-05,2025-Q2,Dermatology,VetSelect Derma,vetselect_derma-s,E-commerce,Region,South,13142,499390.47,0.88
stackline_ecommerce,2025-05,2025-Q2,Petcare Diagnostics,VetSelect Dx,vetselect_dx-l,E-commerce,Region,South,12933,155191.35,0.88
stackline_ecommerce,2025-05,2025-Q2,Petcare Diagnostics,VetSelect Dx,vetselect_dx-s,E-commerce,Region,South,18107,217284.23,0.88
stackline_ecommerce,2025-05,2025-Q2,Parasiticides,VetSelect Flea & Tick,vetselect_flea_and_tick-l,E-commerce,Region,South,43429,738289.71,0.88
stackline_ecommerce,2025-05,2025-Q2,Parasiticides,VetSelect Flea & Tick,vetselect_flea_and_tick-s,E-commerce,Region,South,62362,1060147.65,0.88
stackline_ecommerce,2025-05,2025-Q2,Pain/Osteoarthritis,VetSelect Joint,vetselect_joint-l,E-commerce,Region,South,7488,217144.87,0.88
stackline_ecommerce,2025-05,2025-Q2,Pain/Osteoarthritis,VetSelect Joint,vetselect_joint-s,E-commerce,Region,South,10460,303344.14,0.88
stackline_ecommerce,2025-05,2025-Q2,Petcare Diagnostics,Vetscan,vetscan-l,E-commerce,Region,South,18292,329249.31,0.88
stackline_ecommerce,2025-05,2025-Q2,Petcare Diagnostics,Vetscan,vetscan-s,E-commerce,Region,South,24376,438776.81,0.88
stackline_ecommerce,2025-05,2025-Q2,Dermatology,AllerVet RX,allervet_rx-l,E-commerce,Region,West,6262,338135.44,0.88
stackline_ecommerce,2025-05,2025-Q2,Dermatology,AllerVet RX,allervet_rx-s,E-commerce,Region,West,9342,504445.88,0.88
stackline_ecommerce,2025-05,2025-Q2,Dermatology,Apoquel,apoquel-l,E-commerce,Region,West,9731,632547.37,0.88
stackline_ecommerce,2025-05,2025-Q2,Dermatology,Apoquel,apoquel-s,E-commerce,Region,West,13377,869499.36,0.88
stackline_ecommerce,2025-05,2025-Q2,Vaccines,BioShield Vax,bioshield_vax-l,E-commerce,Region,West,8906,178123.54,0.88
stackline_ecommerce,2025-05,2025-Q2,Vaccines,BioShield Vax,bioshield_vax-s,E-commerce,Region,West,12981,259629.45,0.88
stackline_ecommerce,2025-05,2025-Q2,Dermatology,DermaCalm,dermacalm-l,E-commerce,Region,West,7331,425215.9,0.88
stackline_ecommerce,2025-05,2025-Q2,Dermatology,DermaCalm,dermacalm-s,E-commerce,Region,West,10015,580858.1,0.88
stackline_ecommerce,2025-05,2025-Q2,Petcare Diagnostics,DiagnosTech Vet,diagnostech_vet-l,E-commerce,Region,West,15037,255624.14,0.88
stackline_ecommerce,2025-05,2025-Q2,Petcare Diagnostics,DiagnosTech Vet,diagnostech_vet-s,E-commerce,Region,West,20531,349024.55,0.88
stackline_ecommerce,2025-05,2025-Q2,Parasiticides,FleaStop Pro,fleastop_pro-l,E-commerce,Region,West,20246,425169.01,0.88
stackline_ecommerce,2025-05,2025-Q2,Parasiticides,FleaStop Pro,fleastop_pro-s,E-commerce,Region,West,28007,588149.64,0.88
stackline_ecommerce,2025-05,2025-Q2,Pain/Osteoarthritis,FlexiCare Joint,flexicare_joint-l,E-commerce,Region,West,4652,204686.42,0.88
stackline_ecommerce,2025-05,2025-Q2,Pain/Osteoarthritis,FlexiCare Joint,flexicare_joint-s,E-commerce,Region,West,6312,277725.71,0.88
stackline_ecommerce,2025-05,2025-Q2,Vaccines,ImmunoCore Canine,immunocore_canine-l,E-commerce,Region,West,10185,213882.05,0.88
stackline_ecommerce,2025-05,2025-Q2,Vaccines,ImmunoCore Canine,immunocore_canine-s,E-commerce,Region,West,14221,298631.25,0.88
stackline_ecommerce,2025-05,2025-Q2,Pain/Osteoarthritis,Librela,librela-l,E-commerce,Region,West,4530,217429.15,0.88
stackline_ecommerce,2025-05,2025-Q2,Pain/Osteoarthritis,Librela,librela-s,E-commerce,Region,West,6093,292478.45,0.88
stackline_ecommerce,2025-05,2025-Q2,Pain/Osteoarthritis,OsteoEase Vet,osteoease_vet-l,E-commerce,Region,West,4834,198200.1,0.88
stackline_ecommerce,2025-05,2025-Q2,Pain/Osteoarthritis,OsteoEase Vet,osteoease_vet-s,E-commerce,Region,West,6628,271760.85,0.88
stackline_ecommerce,2025-05,2025-Q2,Pain/Osteoarthritis,PainAway Canine,painaway_canine-l,E-commerce,Region,West,3887,143837.0,0.88
stackline_ecommerce,2025-05,2025-Q2,Pain/Osteoarthritis,PainAway Canine,painaway_canine-s,E-commerce,Region,West,5451,201675.27,0.88
stackline_ecommerce,2025-05,2025-Q2,Petcare Diagnostics,PetLab Analyzer,petlab_analyzer-l,E-commerce,Region,West,8581,128709.91,0.88
stackline_ecommerce,2025-05,2025-Q2,Petcare Diagnostics,PetLab Analyzer,petlab_analyzer-s,E-commerce,Region,West,12255,183822.92,0.88
stackline_ecommerce,2025-05,2025-Q2,Petcare Diagnostics,RapidVet Dx,rapidvet_dx-l,E-commerce,Region,West,14482,231708.37,0.88
stackline_ecommerce,2025-05,2025-Q2,Petcare Diagnostics,RapidVet Dx,rapidvet_dx-s,E-commerce,Region,West,20239,323822.84,0.88
stackline_ecommerce,2025-05,2025-Q2,Parasiticides,Simparica Trio,simparica_trio-l,E-commerce,Region,West,30402,851262.62,0.88
stackline_ecommerce,2025-05,2025-Q2,Parasiticides,Simparica Trio,simparica_trio-s,E-commerce,Region,West,41505,1162132.09,0.88
stackline_ecommerce,2025-05,2025-Q2,Dermatology,SkinRelief Pro,skinrelief_pro-l,E-commerce,Region,West,5837,286001.09,0.88
stackline_ecommerce,2025-05,2025-Q2,Dermatology,SkinRelief Pro,skinrelief_pro-s,E-commerce,Region,West,8431,413121.07,0.88
stackline_ecommerce,2025-05,2025-Q2,Parasiticides,TickShield Plus,tickshield_plus-l,E-commerce,Region,West,22120,530886.04,0.88
stackline_ecommerce,2025-05,2025-Q2,Parasiticides,TickShield Plus,tickshield_plus-s,E-commerce,Region,West,31113,746711.52,0.88
stackline_ecommerce,2025-05,2025-Q2,Vaccines,Vanguard,vanguard-l,E-commerce,Region,West,9958,219081.89,0.88
stackline_ecommerce,2025-05,2025-Q2,Vaccines,Vanguard,vanguard-s,E-commerce,Region,West,14052,309152.67,0.88
stackline_ecommerce,2025-05,2025-Q2,Parasiticides,VectraGuard,vectraguard-l,E-commerce,Region,West,28081,730093.23,0.88
stackline_ecommerce,2025-05,2025-Q2,Parasiticides,VectraGuard,vectraguard-s,E-commerce,Region,West,38148,991846.94,0.88
stackline_ecommerce,2025-05,2025-Q2,Vaccines,VetGuard Immunize,vetguard_immunize-l,E-commerce,Region,West,8331,158282.32,0.88
stackline_ecommerce,2025-05,2025-Q2,Vaccines,VetGuard Immunize,vetguard_immunize-s,E-commerce,Region,West,11364,215909.43,0.88
stackline_ecommerce,2025-05,2025-Q2,Vaccines,VetSelect Core Vax,vetselect_core_vax-l,E-commerce,Region,West,9389,131440.83,0.88
stackline_ecommerce,2025-05,2025-Q2,Vaccines,VetSelect Core Vax,vetselect_core_vax-s,E-commerce,Region,West,12977,181680.04,0.88
stackline_ecommerce,2025-05,2025-Q2,Dermatology,VetSelect Derma,vetselect_derma-l,E-commerce,Region,West,6541,248569.88,0.88
stackline_ecommerce,2025-05,2025-Q2,Dermatology,VetSelect Derma,vetselect_derma-s,E-commerce,Region,West,8335,316724.36,0.88
stackline_ecommerce,2025-05,2025-Q2,Petcare Diagnostics,VetSelect Dx,vetselect_dx-l,E-commerce,Region,West,8260,99124.57,0.88
stackline_ecommerce,2025-05,2025-Q2,Petcare Diagnostics,VetSelect Dx,vetselect_dx-s,E-commerce,Region,West,11479,137745.27,0.88
stackline_ecommerce,2025-05,2025-Q2,Parasiticides,VetSelect Flea & Tick,vetselect_flea_and_tick-l,E-commerce,Region,West,31083,528410.7,0.88
stackline_ecommerce,2025-05,2025-Q2,Parasiticides,VetSelect Flea & Tick,vetselect_flea_and_tick-s,E-commerce,Region,West,43621,741549.62,0.88
stackline_ecommerce,2025-05,2025-Q2,Pain/Osteoarthritis,VetSelect Joint,vetselect_joint-l,E-commerce,Region,West,4813,139588.04,0.88
stackline_ecommerce,2025-05,2025-Q2,Pain/Osteoarthritis,VetSelect Joint,vetselect_joint-s,E-commerce,Region,West,6790,196902.73,0.88
stackline_ecommerce,2025-05,2025-Q2,Petcare Diagnostics,Vetscan,vetscan-l,E-commerce,Region,West,13160,236876.86,0.88
stackline_ecommerce,2025-05,2025-Q2,Petcare Diagnostics,Vetscan,vetscan-s,E-commerce,Region,West,20682,372282.3,0.88
stackline_ecommerce,2025-06,2025-Q2,Dermatology,AllerVet RX,allervet_rx-l,E-commerce,National,National,30610,1652892.91,0.88
stackline_ecommerce,2025-06,2025-Q2,Dermatology,AllerVet RX,allervet_rx-s,E-commerce,National,National,43184,2331941.85,0.88
stackline_ecommerce,2025-06,2025-Q2,Dermatology,Apoquel,apoquel-l,E-commerce,National,National,42947,2791570.39,0.88
stackline_ecommerce,2025-06,2025-Q2,Dermatology,Apoquel,apoquel-s,E-commerce,National,National,60881,3957309.6,0.88
stackline_ecommerce,2025-06,2025-Q2,Vaccines,BioShield Vax,bioshield_vax-l,E-commerce,National,National,38735,774700.13,0.88
stackline_ecommerce,2025-06,2025-Q2,Vaccines,BioShield Vax,bioshield_vax-s,E-commerce,National,National,54770,1095407.62,0.88
stackline_ecommerce,2025-06,2025-Q2,Dermatology,DermaCalm,dermacalm-l,E-commerce,National,National,33435,1939236.25,0.88
stackline_ecommerce,2025-06,2025-Q2,Dermatology,DermaCalm,dermacalm-s,E-commerce,National,National,45528,2640607.96,0.88
stackline_ecommerce,2025-06,2025-Q2,Petcare Diagnostics,DiagnosTech Vet,diagnostech_vet-l,E-commerce,National,National,57943,985044.87,0.88
stackline_ecommerce,2025-06,2025-Q2,Petcare Diagnostics,DiagnosTech Vet,diagnostech_vet-s,E-commerce,National,National,82305,1399182.21,0.88
stackline_ecommerce,2025-06,2025-Q2,Parasiticides,FleaStop Pro,fleastop_pro-l,E-commerce,National,National,85507,1795632.84,0.88
stackline_ecommerce,2025-06,2025-Q2,Parasiticides,FleaStop Pro,fleastop_pro-s,E-commerce,National,National,124464,2613745.08,0.88
stackline_ecommerce,2025-06,2025-Q2,Pain/Osteoarthritis,FlexiCare Joint,flexicare_joint-l,E-commerce,National,National,21143,930315.22,0.88
stackline_ecommerce,2025-06,2025-Q2,Pain/Osteoarthritis,FlexiCare Joint,flexicare_joint-s,E-commerce,National,National,29287,1288586.39,0.88
stackline_ecommerce,2025-06,2025-Q2,Vaccines,ImmunoCore Canine,immunocore_canine-l,E-commerce,National,National,47726,1002256.03,0.88
stackline_ecommerce,2025-06,2025-Q2,Vaccines,ImmunoCore Canine,immunocore_canine-s,E-commerce,National,National,66867,1404209.41,0.88
stackline_ecommerce,2025-06,2025-Q2,Pain/Osteoarthritis,Librela,librela-l,E-commerce,National,National,18486,887294.73,0.88
stackline_ecommerce,2025-06,2025-Q2,Pain/Osteoarthritis,Librela,librela-s,E-commerce,National,National,25931,1244737.81,0.88
stackline_ecommerce,2025-06,2025-Q2,Pain/Osteoarthritis,OsteoEase Vet,osteoease_vet-l,E-commerce,National,National,19355,793584.19,0.88
stackline_ecommerce,2025-06,2025-Q2,Pain/Osteoarthritis,OsteoEase Vet,osteoease_vet-s,E-commerce,National,National,28581,1171831.46,0.88
stackline_ecommerce,2025-06,2025-Q2,Pain/Osteoarthritis,PainAway Canine,painaway_canine-l,E-commerce,National,National,17196,636286.55,0.88
stackline_ecommerce,2025-06,2025-Q2,Pain/Osteoarthritis,PainAway Canine,painaway_canine-s,E-commerce,National,National,23204,858556.65,0.88
stackline_ecommerce,2025-06,2025-Q2,Petcare Diagnostics,PetLab Analyzer,petlab_analyzer-l,E-commerce,National,National,38806,582101.34,0.88
stackline_ecommerce,2025-06,2025-Q2,Petcare Diagnostics,PetLab Analyzer,petlab_analyzer-s,E-commerce,National,National,53102,796520.25,0.88
stackline_ecommerce,2025-06,2025-Q2,Petcare Diagnostics,RapidVet Dx,rapidvet_dx-l,E-commerce,National,National,58799,940781.29,0.88
stackline_ecommerce,2025-06,2025-Q2,Petcare Diagnostics,RapidVet Dx,rapidvet_dx-s,E-commerce,National,National,79289,1268613.48,0.88
stackline_ecommerce,2025-06,2025-Q2,Parasiticides,Simparica Trio,simparica_trio-l,E-commerce,National,National,146183,4093109.69,0.88
stackline_ecommerce,2025-06,2025-Q2,Parasiticides,Simparica Trio,simparica_trio-s,E-commerce,National,National,199313,5580766.17,0.88
stackline_ecommerce,2025-06,2025-Q2,Dermatology,SkinRelief Pro,skinrelief_pro-l,E-commerce,National,National,27430,1344044.33,0.88
stackline_ecommerce,2025-06,2025-Q2,Dermatology,SkinRelief Pro,skinrelief_pro-s,E-commerce,National,National,37963,1860209.89,0.88
stackline_ecommerce,2025-06,2025-Q2,Parasiticides,TickShield Plus,tickshield_plus-l,E-commerce,National,National,100967,2423225.53,0.88
stackline_ecommerce,2025-06,2025-Q2,Parasiticides,TickShield Plus,tickshield_plus-s,E-commerce,National,National,140062,3361473.74,0.88
stackline_ecommerce,2025-06,2025-Q2,Vaccines,Vanguard,vanguard-l,E-commerce,National,National,42454,933999.9,0.88
stackline_ecommerce,2025-06,2025-Q2,Vaccines,Vanguard,vanguard-s,E-commerce,National,National,57780,1271140.72,0.88
stackline_ecommerce,2025-06,2025-Q2,Parasiticides,VectraGuard,vectraguard-l,E-commerce,National,National,126958,3300913.11,0.88
stackline_ecommerce,2025-06,2025-Q2,Parasiticides,VectraGuard,vectraguard-s,E-commerce,National,National,171890,4469113.66,0.88
stackline_ecommerce,2025-06,2025-Q2,Vaccines,VetGuard Immunize,vetguard_immunize-l,E-commerce,National,National,33610,638597.44,0.88
stackline_ecommerce,2025-06,2025-Q2,Vaccines,VetGuard Immunize,vetguard_immunize-s,E-commerce,National,National,46925,891568.2,0.88
stackline_ecommerce,2025-06,2025-Q2,Vaccines,VetSelect Core Vax,vetselect_core_vax-l,E-commerce,National,National,39076,547074.81,0.88
stackline_ecommerce,2025-06,2025-Q2,Vaccines,VetSelect Core Vax,vetselect_core_vax-s,E-commerce,National,National,54684,765576.27,0.88
stackline_ecommerce,2025-06,2025-Q2,Dermatology,VetSelect Derma,vetselect_derma-l,E-commerce,National,National,31025,1178967.95,0.88
stackline_ecommerce,2025-06,2025-Q2,Dermatology,VetSelect Derma,vetselect_derma-s,E-commerce,National,National,43083,1637125.72,0.88
stackline_ecommerce,2025-06,2025-Q2,Petcare Diagnostics,VetSelect Dx,vetselect_dx-l,E-commerce,National,National,34499,413993.91,0.88
stackline_ecommerce,2025-06,2025-Q2,Petcare Diagnostics,VetSelect Dx,vetselect_dx-s,E-commerce,National,National,48236,578819.43,0.88
stackline_ecommerce,2025-06,2025-Q2,Parasiticides,VetSelect Flea & Tick,vetselect_flea_and_tick-l,E-commerce,National,National,149892,2548167.11,0.88
stackline_ecommerce,2025-06,2025-Q2,Parasiticides,VetSelect Flea & Tick,vetselect_flea_and_tick-s,E-commerce,National,National,200941,3415989.93,0.88
stackline_ecommerce,2025-06,2025-Q2,Pain/Osteoarthritis,VetSelect Joint,vetselect_joint-l,E-commerce,National,National,20380,591000.12,0.88
stackline_ecommerce,2025-06,2025-Q2,Pain/Osteoarthritis,VetSelect Joint,vetselect_joint-s,E-commerce,National,National,28184,817340.68,0.88
stackline_ecommerce,2025-06,2025-Q2,Petcare Diagnostics,Vetscan,vetscan-l,E-commerce,National,National,57738,1039281.09,0.88
stackline_ecommerce,2025-06,2025-Q2,Petcare Diagnostics,Vetscan,vetscan-s,E-commerce,National,National,80244,1444398.2,0.88
stackline_ecommerce,2025-06,2025-Q2,Dermatology,AllerVet RX,allervet_rx-l,E-commerce,Region,Midwest,6543,353304.67,0.88
stackline_ecommerce,2025-06,2025-Q2,Dermatology,AllerVet RX,allervet_rx-s,E-commerce,Region,Midwest,9060,489258.0,0.88
stackline_ecommerce,2025-06,2025-Q2,Dermatology,Apoquel,apoquel-l,E-commerce,Region,Midwest,9450,614241.8,0.88
stackline_ecommerce,2025-06,2025-Q2,Dermatology,Apoquel,apoquel-s,E-commerce,Region,Midwest,13579,882617.22,0.88
stackline_ecommerce,2025-06,2025-Q2,Vaccines,BioShield Vax,bioshield_vax-l,E-commerce,Region,Midwest,8212,164247.0,0.88
stackline_ecommerce,2025-06,2025-Q2,Vaccines,BioShield Vax,bioshield_vax-s,E-commerce,Region,Midwest,11448,228956.76,0.88
stackline_ecommerce,2025-06,2025-Q2,Dermatology,DermaCalm,dermacalm-l,E-commerce,Region,Midwest,7018,407063.6,0.88
stackline_ecommerce,2025-06,2025-Q2,Dermatology,DermaCalm,dermacalm-s,E-commerce,Region,Midwest,9323,540720.67,0.88
stackline_ecommerce,2025-06,2025-Q2,Petcare Diagnostics,DiagnosTech Vet,diagnostech_vet-l,E-commerce,Region,Midwest,11624,197607.34,0.88
stackline_ecommerce,2025-06,2025-Q2,Petcare Diagnostics,DiagnosTech Vet,diagnostech_vet-s,E-commerce,Region,Midwest,17295,294021.56,0.88
stackline_ecommerce,2025-06,2025-Q2,Parasiticides,FleaStop Pro,fleastop_pro-l,E-commerce,Region,Midwest,19067,400397.43,0.88
stackline_ecommerce,2025-06,2025-Q2,Parasiticides,FleaStop Pro,fleastop_pro-s,E-commerce,Region,Midwest,26165,549460.62,0.88
stackline_ecommerce,2025-06,2025-Q2,Pain/Osteoarthritis,FlexiCare Joint,flexicare_joint-l,E-commerce,Region,Midwest,4312,189744.77,0.88
stackline_ecommerce,2025-06,2025-Q2,Pain/Osteoarthritis,FlexiCare Joint,flexicare_joint-s,E-commerce,Region,Midwest,6405,281816.54,0.88
stackline_ecommerce,2025-06,2025-Q2,Vaccines,ImmunoCore Canine,immunocore_canine-l,E-commerce,Region,Midwest,10134,212819.15,0.88
stackline_ecommerce,2025-06,2025-Q2,Vaccines,ImmunoCore Canine,immunocore_canine-s,E-commerce,Region,Midwest,13993,293852.02,0.88
stackline_ecommerce,2025-06,2025-Q2,Pain/Osteoarthritis,Librela,librela-l,E-commerce,Region,Midwest,3955,189826.45,0.88
stackline_ecommerce,2025-06,2025-Q2,Pain/Osteoarthritis,Librela,librela-s,E-commerce,Region,Midwest,5685,272874.71,0.88
stackline_ecommerce,2025-06,2025-Q2,Pain/Osteoarthritis,OsteoEase Vet,osteoease_vet-l,E-commerce,Region,Midwest,3772,154642.19,0.88
stackline_ecommerce,2025-06,2025-Q2,Pain/Osteoarthritis,OsteoEase Vet,osteoease_vet-s,E-commerce,Region,Midwest,5716,234351.8,0.88
stackline_ecommerce,2025-06,2025-Q2,Pain/Osteoarthritis,PainAway Canine,painaway_canine-l,E-commerce,Region,Midwest,3525,130442.5,0.88
stackline_ecommerce,2025-06,2025-Q2,Pain/Osteoarthritis,PainAway Canine,painaway_canine-s,E-commerce,Region,Midwest,4857,179715.58,0.88
stackline_ecommerce,2025-06,2025-Q2,Petcare Diagnostics,PetLab Analyzer,petlab_analyzer-l,E-commerce,Region,Midwest,7608,114127.3,0.88
stackline_ecommerce,2025-06,2025-Q2,Petcare Diagnostics,PetLab Analyzer,petlab_analyzer-s,E-commerce,Region,Midwest,11119,166778.23,0.88
stackline_ecommerce,2025-06,2025-Q2,Petcare Diagnostics,RapidVet Dx,rapidvet_dx-l,E-commerce,Region,Midwest,12404,198458.11,0.88
stackline_ecommerce,2025-06,2025-Q2,Petcare Diagnostics,RapidVet Dx,rapidvet_dx-s,E-commerce,Region,Midwest,16499,263980.71,0.88
stackline_ecommerce,2025-06,2025-Q2,Parasiticides,Simparica Trio,simparica_trio-l,E-commerce,Region,Midwest,31272,875622.41,0.88
stackline_ecommerce,2025-06,2025-Q2,Parasiticides,Simparica Trio,simparica_trio-s,E-commerce,Region,Midwest,46503,1302096.15,0.88
stackline_ecommerce,2025-06,2025-Q2,Dermatology,SkinRelief Pro,skinrelief_pro-l,E-commerce,Region,Midwest,5758,282137.58,0.88
stackline_ecommerce,2025-06,2025-Q2,Dermatology,SkinRelief Pro,skinrelief_pro-s,E-commerce,Region,Midwest,8171,400396.56,0.88
stackline_ecommerce,2025-06,2025-Q2,Parasiticides,TickShield Plus,tickshield_plus-l,E-commerce,Region,Midwest,20934,502418.6,0.88
stackline_ecommerce,2025-06,2025-Q2,Parasiticides,TickShield Plus,tickshield_plus-s,E-commerce,Region,Midwest,29272,702527.93,0.88
stackline_ecommerce,2025-06,2025-Q2,Vaccines,Vanguard,vanguard-l,E-commerce,Region,Midwest,8765,192829.07,0.88
stackline_ecommerce,2025-06,2025-Q2,Vaccines,Vanguard,vanguard-s,E-commerce,Region,Midwest,11117,244573.55,0.88
stackline_ecommerce,2025-06,2025-Q2,Parasiticides,VectraGuard,vectraguard-l,E-commerce,Region,Midwest,26018,676460.05,0.88
stackline_ecommerce,2025-06,2025-Q2,Parasiticides,VectraGuard,vectraguard-s,E-commerce,Region,Midwest,35621,926135.46,0.88
stackline_ecommerce,2025-06,2025-Q2,Vaccines,VetGuard Immunize,vetguard_immunize-l,E-commerce,Region,Midwest,6996,132916.03,0.88
stackline_ecommerce,2025-06,2025-Q2,Vaccines,VetGuard Immunize,vetguard_immunize-s,E-commerce,Region,Midwest,9786,185924.69,0.88
stackline_ecommerce,2025-06,2025-Q2,Vaccines,VetSelect Core Vax,vetselect_core_vax-l,E-commerce,Region,Midwest,7644,107021.6,0.88
stackline_ecommerce,2025-06,2025-Q2,Vaccines,VetSelect Core Vax,vetselect_core_vax-s,E-commerce,Region,Midwest,10791,151080.03,0.88
stackline_ecommerce,2025-06,2025-Q2,Dermatology,VetSelect Derma,vetselect_derma-l,E-commerce,Region,Midwest,6227,236635.05,0.88
stackline_ecommerce,2025-06,2025-Q2,Dermatology,VetSelect Derma,vetselect_derma-s,E-commerce,Region,Midwest,8601,326821.37,0.88
stackline_ecommerce,2025-06,2025-Q2,Petcare Diagnostics,VetSelect Dx,vetselect_dx-l,E-commerce,Region,Midwest,7505,90057.41,0.88
stackline_ecommerce,2025-06,2025-Q2,Petcare Diagnostics,VetSelect Dx,vetselect_dx-s,E-commerce,Region,Midwest,10290,123478.96,0.88
stackline_ecommerce,2025-06,2025-Q2,Parasiticides,VetSelect Flea & Tick,vetselect_flea_and_tick-l,E-commerce,Region,Midwest,32599,554179.51,0.88
stackline_ecommerce,2025-06,2025-Q2,Parasiticides,VetSelect Flea & Tick,vetselect_flea_and_tick-s,E-commerce,Region,Midwest,42929,729788.58,0.88
stackline_ecommerce,2025-06,2025-Q2,Pain/Osteoarthritis,VetSelect Joint,vetselect_joint-l,E-commerce,Region,Midwest,4074,118143.56,0.88
stackline_ecommerce,2025-06,2025-Q2,Pain/Osteoarthritis,VetSelect Joint,vetselect_joint-s,E-commerce,Region,Midwest,5902,171145.39,0.88
stackline_ecommerce,2025-06,2025-Q2,Petcare Diagnostics,Vetscan,vetscan-l,E-commerce,Region,Midwest,11597,208738.25,0.88
stackline_ecommerce,2025-06,2025-Q2,Petcare Diagnostics,Vetscan,vetscan-s,E-commerce,Region,Midwest,16897,304141.33,0.88
stackline_ecommerce,2025-06,2025-Q2,Dermatology,AllerVet RX,allervet_rx-l,E-commerce,Region,Northeast,6414,346347.66,0.88
stackline_ecommerce,2025-06,2025-Q2,Dermatology,AllerVet RX,allervet_rx-s,E-commerce,Region,Northeast,8582,463419.63,0.88
stackline_ecommerce,2025-06,2025-Q2,Dermatology,Apoquel,apoquel-l,E-commerce,Region,Northeast,9346,607512.55,0.88
stackline_ecommerce,2025-06,2025-Q2,Dermatology,Apoquel,apoquel-s,E-commerce,Region,Northeast,13353,867963.47,0.88
stackline_ecommerce,2025-06,2025-Q2,Vaccines,BioShield Vax,bioshield_vax-l,E-commerce,Region,Northeast,8383,167664.39,0.88
stackline_ecommerce,2025-06,2025-Q2,Vaccines,BioShield Vax,bioshield_vax-s,E-commerce,Region,Northeast,12051,241022.34,0.88
stackline_ecommerce,2025-06,2025-Q2,Dermatology,DermaCalm,dermacalm-l,E-commerce,Region,Northeast,7265,421363.76,0.88
stackline_ecommerce,2025-06,2025-Q2,Dermatology,DermaCalm,dermacalm-s,E-commerce,Region,Northeast,10381,602109.28,0.88
stackline_ecommerce,2025-06,2025-Q2,Petcare Diagnostics,DiagnosTech Vet,diagnostech_vet-l,E-commerce,Region,Northeast,13210,224576.93,0.88
stackline_ecommerce,2025-06,2025-Q2,Petcare Diagnostics,DiagnosTech Vet,diagnostech_vet-s,E-commerce,Region,Northeast,18500,314500.62,0.88
stackline_ecommerce,2025-06,2025-Q2,Parasiticides,FleaStop Pro,fleastop_pro-l,E-commerce,Region,Northeast,18587,390317.94,0.88
stackline_ecommerce,2025-06,2025-Q2,Parasiticides,FleaStop Pro,fleastop_pro-s,E-commerce,Region,Northeast,27402,575447.46,0.88
stackline_ecommerce,2025-06,2025-Q2,Pain/Osteoarthritis,FlexiCare Joint,flexicare_joint-l,E-commerce,Region,Northeast,4584,201698.73,0.88
stackline_ecommerce,2025-06,2025-Q2,Pain/Osteoarthritis,FlexiCare Joint,flexicare_joint-s,E-commerce,Region,Northeast,6278,276214.44,0.88
stackline_ecommerce,2025-06,2025-Q2,Vaccines,ImmunoCore Canine,immunocore_canine-l,E-commerce,Region,Northeast,10611,222823.24,0.88
stackline_ecommerce,2025-06,2025-Q2,Vaccines,ImmunoCore Canine,immunocore_canine-s,E-commerce,Region,Northeast,15472,324922.11,0.88
stackline_ecommerce,2025-06,2025-Q2,Pain/Osteoarthritis,Librela,librela-l,E-commerce,Region,Northeast,3991,191563.73,0.88
stackline_ecommerce,2025-06,2025-Q2,Pain/Osteoarthritis,Librela,librela-s,E-commerce,Region,Northeast,5605,269049.24,0.88
stackline_ecommerce,2025-06,2025-Q2,Pain/Osteoarthritis,OsteoEase Vet,osteoease_vet-l,E-commerce,Region,Northeast,4384,179753.47,0.88
stackline_ecommerce,2025-06,2025-Q2,Pain/Osteoarthritis,OsteoEase Vet,osteoease_vet-s,E-commerce,Region,Northeast,6006,246263.51,0.88
stackline_ecommerce,2025-06,2025-Q2,Pain/Osteoarthritis,PainAway Canine,painaway_canine-l,E-commerce,Region,Northeast,3735,138212.27,0.88
stackline_ecommerce,2025-06,2025-Q2,Pain/Osteoarthritis,PainAway Canine,painaway_canine-s,E-commerce,Region,Northeast,5092,188419.96,0.88
stackline_ecommerce,2025-06,2025-Q2,Petcare Diagnostics,PetLab Analyzer,petlab_analyzer-l,E-commerce,Region,Northeast,8539,128086.1,0.88
stackline_ecommerce,2025-06,2025-Q2,Petcare Diagnostics,PetLab Analyzer,petlab_analyzer-s,E-commerce,Region,Northeast,11387,170803.2,0.88
stackline_ecommerce,2025-06,2025-Q2,Petcare Diagnostics,RapidVet Dx,rapidvet_dx-l,E-commerce,Region,Northeast,13367,213877.8,0.88
stackline_ecommerce,2025-06,2025-Q2,Petcare Diagnostics,RapidVet Dx,rapidvet_dx-s,E-commerce,Region,Northeast,18788,300604.0,0.88
stackline_ecommerce,2025-06,2025-Q2,Parasiticides,Simparica Trio,simparica_trio-l,E-commerce,Region,Northeast,31056,869560.94,0.88
stackline_ecommerce,2025-06,2025-Q2,Parasiticides,Simparica Trio,simparica_trio-s,E-commerce,Region,Northeast,43738,1224659.8,0.88
stackline_ecommerce,2025-06,2025-Q2,Dermatology,SkinRelief Pro,skinrelief_pro-l,E-commerce,Region,Northeast,6106,299169.53,0.88
stackline_ecommerce,2025-06,2025-Q2,Dermatology,SkinRelief Pro,skinrelief_pro-s,E-commerce,Region,Northeast,7993,391653.16,0.88
stackline_ecommerce,2025-06,2025-Q2,Parasiticides,TickShield Plus,tickshield_plus-l,E-commerce,Region,Northeast,21916,525992.73,0.88
stackline_ecommerce,2025-06,2025-Q2,Parasiticides,TickShield Plus,tickshield_plus-s,E-commerce,Region,Northeast,29649,711575.25,0.88
stackline_ecommerce,2025-06,2025-Q2,Vaccines,Vanguard,vanguard-l,E-commerce,Region,Northeast,9903,217870.66,0.88
stackline_ecommerce,2025-06,2025-Q2,Vaccines,Vanguard,vanguard-s,E-commerce,Region,Northeast,13668,300686.39,0.88
stackline_ecommerce,2025-06,2025-Q2,Parasiticides,VectraGuard,vectraguard-l,E-commerce,Region,Northeast,27896,725290.25,0.88
stackline_ecommerce,2025-06,2025-Q2,Parasiticides,VectraGuard,vectraguard-s,E-commerce,Region,Northeast,38262,994811.84,0.88
stackline_ecommerce,2025-06,2025-Q2,Vaccines,VetGuard Immunize,vetguard_immunize-l,E-commerce,Region,Northeast,7447,141497.13,0.88
stackline_ecommerce,2025-06,2025-Q2,Vaccines,VetGuard Immunize,vetguard_immunize-s,E-commerce,Region,Northeast,9276,176252.75,0.88
stackline_ecommerce,2025-06,2025-Q2,Vaccines,VetSelect Core Vax,vetselect_core_vax-l,E-commerce,Region,Northeast,8816,123428.27,0.88
stackline_ecommerce,2025-06,2025-Q2,Vaccines,VetSelect Core Vax,vetselect_core_vax-s,E-commerce,Region,Northeast,11914,166791.14,0.88
stackline_ecommerce,2025-06,2025-Q2,Dermatology,VetSelect Derma,vetselect_derma-l,E-commerce,Region,Northeast,6936,263571.09,0.88
stackline_ecommerce,2025-06,2025-Q2,Dermatology,VetSelect Derma,vetselect_derma-s,E-commerce,Region,Northeast,9581,364067.66,0.88
stackline_ecommerce,2025-06,2025-Q2,Petcare Diagnostics,VetSelect Dx,vetselect_dx-l,E-commerce,Region,Northeast,7645,91742.46,0.88
stackline_ecommerce,2025-06,2025-Q2,Petcare Diagnostics,VetSelect Dx,vetselect_dx-s,E-commerce,Region,Northeast,11245,134937.29,0.88
stackline_ecommerce,2025-06,2025-Q2,Parasiticides,VetSelect Flea & Tick,vetselect_flea_and_tick-l,E-commerce,Region,Northeast,32369,550274.26,0.88
stackline_ecommerce,2025-06,2025-Q2,Parasiticides,VetSelect Flea & Tick,vetselect_flea_and_tick-s,E-commerce,Region,Northeast,43425,738217.38,0.88
stackline_ecommerce,2025-06,2025-Q2,Pain/Osteoarthritis,VetSelect Joint,vetselect_joint-l,E-commerce,Region,Northeast,4689,135968.74,0.88
stackline_ecommerce,2025-06,2025-Q2,Pain/Osteoarthritis,VetSelect Joint,vetselect_joint-s,E-commerce,Region,Northeast,6704,194428.08,0.88
stackline_ecommerce,2025-06,2025-Q2,Petcare Diagnostics,Vetscan,vetscan-l,E-commerce,Region,Northeast,12893,232079.34,0.88
stackline_ecommerce,2025-06,2025-Q2,Petcare Diagnostics,Vetscan,vetscan-s,E-commerce,Region,Northeast,17347,312251.57,0.88
stackline_ecommerce,2025-06,2025-Q2,Dermatology,AllerVet RX,allervet_rx-l,E-commerce,Region,South,10363,559599.23,0.88
stackline_ecommerce,2025-06,2025-Q2,Dermatology,AllerVet RX,allervet_rx-s,E-commerce,Region,South,15144,817772.24,0.88
stackline_ecommerce,2025-06,2025-Q2,Dermatology,Apoquel,apoquel-l,E-commerce,Region,South,14629,950867.77,0.88
stackline_ecommerce,2025-06,2025-Q2,Dermatology,Apoquel,apoquel-s,E-commerce,Region,South,19659,1277865.86,0.88
stackline_ecommerce,2025-06,2025-Q2,Vaccines,BioShield Vax,bioshield_vax-l,E-commerce,Region,South,13257,265132.68,0.88
stackline_ecommerce,2025-06,2025-Q2,Vaccines,BioShield Vax,bioshield_vax-s,E-commerce,Region,South,18865,377301.25,0.88
stackline_ecommerce,2025-06,2025-Q2,Dermatology,DermaCalm,dermacalm-l,E-commerce,Region,South,11379,659987.58,0.88
stackline_ecommerce,2025-06,2025-Q2,Dermatology,DermaCalm,dermacalm-s,E-commerce,Region,South,15641,907179.13,0.88
stackline_ecommerce,2025-06,2025-Q2,Petcare Diagnostics,DiagnosTech Vet,diagnostech_vet-l,E-commerce,Region,South,19299,328085.47,0.88
stackline_ecommerce,2025-06,2025-Q2,Petcare Diagnostics,DiagnosTech Vet,diagnostech_vet-s,E-commerce,Region,South,27672,470416.51,0.88
stackline_ecommerce,2025-06,2025-Q2,Parasiticides,FleaStop Pro,fleastop_pro-l,E-commerce,Region,South,28429,597005.57,0.88
stackline_ecommerce,2025-06,2025-Q2,Parasiticides,FleaStop Pro,fleastop_pro-s,E-commerce,Region,South,43312,909550.77,0.88
stackline_ecommerce,2025-06,2025-Q2,Pain/Osteoarthritis,FlexiCare Joint,flexicare_joint-l,E-commerce,Region,South,7447,327657.14,0.88
stackline_ecommerce,2025-06,2025-Q2,Pain/Osteoarthritis,FlexiCare Joint,flexicare_joint-s,E-commerce,Region,South,10149,446549.7,0.88
stackline_ecommerce,2025-06,2025-Q2,Vaccines,ImmunoCore Canine,immunocore_canine-l,E-commerce,Region,South,16180,339782.92,0.88
stackline_ecommerce,2025-06,2025-Q2,Vaccines,ImmunoCore Canine,immunocore_canine-s,E-commerce,Region,South,22913,481165.13,0.88
stackline_ecommerce,2025-06,2025-Q2,Pain/Osteoarthritis,Librela,librela-l,E-commerce,Region,South,5966,286349.77,0.88
stackline_ecommerce,2025-06,2025-Q2,Pain/Osteoarthritis,Librela,librela-s,E-commerce,Region,South,8457,405958.54,0.88
stackline_ecommerce,2025-06,2025-Q2,Pain/Osteoarthritis,OsteoEase Vet,osteoease_vet-l,E-commerce,Region,South,6749,276720.54,0.88
stackline_ecommerce,2025-06,2025-Q2,Pain/Osteoarthritis,OsteoEase Vet,osteoease_vet-s,E-commerce,Region,South,9979,409119.88,0.88
stackline_ecommerce,2025-06,2025-Q2,Pain/Osteoarthritis,PainAway Canine,painaway_canine-l,E-commerce,Region,South,6054,224014.38,0.88
stackline_ecommerce,2025-06,2025-Q2,Pain/Osteoarthritis,PainAway Canine,painaway_canine-s,E-commerce,Region,South,7981,295283.92,0.88
stackline_ecommerce,2025-06,2025-Q2,Petcare Diagnostics,PetLab Analyzer,petlab_analyzer-l,E-commerce,Region,South,13818,207267.8,0.88
stackline_ecommerce,2025-06,2025-Q2,Petcare Diagnostics,PetLab Analyzer,petlab_analyzer-s,E-commerce,Region,South,18079,271186.85,0.88
stackline_ecommerce,2025-06,2025-Q2,Petcare Diagnostics,RapidVet Dx,rapidvet_dx-l,E-commerce,Region,South,19956,319293.1,0.88
stackline_ecommerce,2025-06,2025-Q2,Petcare Diagnostics,RapidVet Dx,rapidvet_dx-s,E-commerce,Region,South,26593,425482.24,0.88
stackline_ecommerce,2025-06,2025-Q2,Parasiticides,Simparica Trio,simparica_trio-l,E-commerce,Region,South,51778,1449780.47,0.88
stackline_ecommerce,2025-06,2025-Q2,Parasiticides,Simparica Trio,simparica_trio-s,E-commerce,Region,South,66435,1860185.3,0.88
stackline_ecommerce,2025-06,2025-Q2,Dermatology,SkinRelief Pro,skinrelief_pro-l,E-commerce,Region,South,8677,425174.99,0.88
stackline_ecommerce,2025-06,2025-Q2,Dermatology,SkinRelief Pro,skinrelief_pro-s,E-commerce,Region,South,12867,630473.64,0.88
stackline_ecommerce,2025-06,2025-Q2,Parasiticides,TickShield Plus,tickshield_plus-l,E-commerce,Region,South,34551,829230.64,0.88
stackline_ecommerce,2025-06,2025-Q2,Parasiticides,TickShield Plus,tickshield_plus-s,E-commerce,Region,South,48404,1161691.29,0.88
stackline_ecommerce,2025-06,2025-Q2,Vaccines,Vanguard,vanguard-l,E-commerce,Region,South,13867,305083.14,0.88
stackline_ecommerce,2025-06,2025-Q2,Vaccines,Vanguard,vanguard-s,E-commerce,Region,South,19457,428046.01,0.88
stackline_ecommerce,2025-06,2025-Q2,Parasiticides,VectraGuard,vectraguard-l,E-commerce,Region,South,43828,1139537.47,0.88
stackline_ecommerce,2025-06,2025-Q2,Parasiticides,VectraGuard,vectraguard-s,E-commerce,Region,South,59085,1536200.39,0.88
stackline_ecommerce,2025-06,2025-Q2,Vaccines,VetGuard Immunize,vetguard_immunize-l,E-commerce,Region,South,11315,214991.72,0.88
stackline_ecommerce,2025-06,2025-Q2,Vaccines,VetGuard Immunize,vetguard_immunize-s,E-commerce,Region,South,16374,311097.06,0.88
stackline_ecommerce,2025-06,2025-Q2,Vaccines,VetSelect Core Vax,vetselect_core_vax-l,E-commerce,Region,South,13974,195636.87,0.88
stackline_ecommerce,2025-06,2025-Q2,Vaccines,VetSelect Core Vax,vetselect_core_vax-s,E-commerce,Region,South,19735,276283.64,0.88
stackline_ecommerce,2025-06,2025-Q2,Dermatology,VetSelect Derma,vetselect_derma-l,E-commerce,Region,South,10572,401749.16,0.88
stackline_ecommerce,2025-06,2025-Q2,Dermatology,VetSelect Derma,vetselect_derma-s,E-commerce,Region,South,14565,553466.13,0.88
stackline_ecommerce,2025-06,2025-Q2,Petcare Diagnostics,VetSelect Dx,vetselect_dx-l,E-commerce,Region,South,11796,141555.34,0.88
stackline_ecommerce,2025-06,2025-Q2,Petcare Diagnostics,VetSelect Dx,vetselect_dx-s,E-commerce,Region,South,16019,192223.32,0.88
stackline_ecommerce,2025-06,2025-Q2,Parasiticides,VetSelect Flea & Tick,vetselect_flea_and_tick-l,E-commerce,Region,South,52233,887962.16,0.88
stackline_ecommerce,2025-06,2025-Q2,Parasiticides,VetSelect Flea & Tick,vetselect_flea_and_tick-s,E-commerce,Region,South,68341,1161801.16,0.88
stackline_ecommerce,2025-06,2025-Q2,Pain/Osteoarthritis,VetSelect Joint,vetselect_joint-l,E-commerce,Region,South,6795,197049.99,0.88
stackline_ecommerce,2025-06,2025-Q2,Pain/Osteoarthritis,VetSelect Joint,vetselect_joint-s,E-commerce,Region,South,8762,254101.27,0.88
stackline_ecommerce,2025-06,2025-Q2,Petcare Diagnostics,Vetscan,vetscan-l,E-commerce,Region,South,19956,359202.94,0.88
stackline_ecommerce,2025-06,2025-Q2,Petcare Diagnostics,Vetscan,vetscan-s,E-commerce,Region,South,27658,497842.1,0.88
stackline_ecommerce,2025-06,2025-Q2,Dermatology,AllerVet RX,allervet_rx-l,E-commerce,Region,West,7290,393641.35,0.88
stackline_ecommerce,2025-06,2025-Q2,Dermatology,AllerVet RX,allervet_rx-s,E-commerce,Region,West,10398,561491.98,0.88
stackline_ecommerce,2025-06,2025-Q2,Dermatology,Apoquel,apoquel-l,E-commerce,Region,West,9522,618948.27,0.88
stackline_ecommerce,2025-06,2025-Q2,Dermatology,Apoquel,apoquel-s,E-commerce,Region,West,14290,928863.05,0.88
stackline_ecommerce,2025-06,2025-Q2,Vaccines,BioShield Vax,bioshield_vax-l,E-commerce,Region,West,8883,177656.06,0.88
stackline_ecommerce,2025-06,2025-Q2,Vaccines,BioShield Vax,bioshield_vax-s,E-commerce,Region,West,12406,248127.27,0.88
stackline_ecommerce,2025-06,2025-Q2,Dermatology,DermaCalm,dermacalm-l,E-commerce,Region,West,7773,450821.31,0.88
stackline_ecommerce,2025-06,2025-Q2,Dermatology,DermaCalm,dermacalm-s,E-commerce,Region,West,10183,590598.88,0.88
stackline_ecommerce,2025-06,2025-Q2,Petcare Diagnostics,DiagnosTech Vet,diagnostech_vet-l,E-commerce,Region,West,13810,234775.13,0.88
stackline_ecommerce,2025-06,2025-Q2,Petcare Diagnostics,DiagnosTech Vet,diagnostech_vet-s,E-commerce,Region,West,18838,320243.52,0.88
stackline_ecommerce,2025-06,2025-Q2,Parasiticides,FleaStop Pro,fleastop_pro-l,E-commerce,Region,West,19424,407911.9,0.88
stackline_ecommerce,2025-06,2025-Q2,Parasiticides,FleaStop Pro,fleastop_pro-s,E-commerce,Region,West,27585,579286.23,0.88
stackline_ecommerce,2025-06,2025-Q2,Pain/Osteoarthritis,FlexiCare Joint,flexicare_joint-l,E-commerce,Region,West,4800,211214.58,0.88
stackline_ecommerce,2025-06,2025-Q2,Pain/Osteoarthritis,FlexiCare Joint,flexicare_joint-s,E-commerce,Region,West,6455,284005.71,0.88
stackline_ecommerce,2025-06,2025-Q2,Vaccines,ImmunoCore Canine,immunocore_canine-l,E-commerce,Region,West,10801,226830.72,0.88
stackline_ecommerce,2025-06,2025-Q2,Vaccines,ImmunoCore Canine,immunocore_canine-s,E-commerce,Region,West,14489,304270.15,0.88
stackline_ecommerce,2025-06,2025-Q2,Pain/Osteoarthritis,Librela,librela-l,E-commerce,Region,West,4574,219554.78,0.88
stackline_ecommerce,2025-06,2025-Q2,Pain/Osteoarthritis,Librela,librela-s,E-commerce,Region,West,6184,296855.32,0.88
stackline_ecommerce,2025-06,2025-Q2,Pain/Osteoarthritis,OsteoEase Vet,osteoease_vet-l,E-commerce,Region,West,4450,182467.99,0.88
stackline_ecommerce,2025-06,2025-Q2,Pain/Osteoarthritis,OsteoEase Vet,osteoease_vet-s,E-commerce,Region,West,6880,282096.27,0.88
stackline_ecommerce,2025-06,2025-Q2,Pain/Osteoarthritis,PainAway Canine,painaway_canine-l,E-commerce,Region,West,3882,143617.4,0.88
stackline_ecommerce,2025-06,2025-Q2,Pain/Osteoarthritis,PainAway Canine,painaway_canine-s,E-commerce,Region,West,5274,195137.19,0.88
stackline_ecommerce,2025-06,2025-Q2,Petcare Diagnostics,PetLab Analyzer,petlab_analyzer-l,E-commerce,Region,West,8841,132620.14,0.88
stackline_ecommerce,2025-06,2025-Q2,Petcare Diagnostics,PetLab Analyzer,petlab_analyzer-s,E-commerce,Region,West,12517,187751.97,0.88
stackline_ecommerce,2025-06,2025-Q2,Petcare Diagnostics,RapidVet Dx,rapidvet_dx-l,E-commerce,Region,West,13072,209152.28,0.88
stackline_ecommerce,2025-06,2025-Q2,Petcare Diagnostics,RapidVet Dx,rapidvet_dx-s,E-commerce,Region,West,17409,278546.53,0.88
stackline_ecommerce,2025-06,2025-Q2,Parasiticides,Simparica Trio,simparica_trio-l,E-commerce,Region,West,32077,898145.87,0.88
stackline_ecommerce,2025-06,2025-Q2,Parasiticides,Simparica Trio,simparica_trio-s,E-commerce,Region,West,42637,1193824.92,0.88
stackline_ecommerce,2025-06,2025-Q2,Dermatology,SkinRelief Pro,skinrelief_pro-l,E-commerce,Region,West,6889,337562.23,0.88
stackline_ecommerce,2025-06,2025-Q2,Dermatology,SkinRelief Pro,skinrelief_pro-s,E-commerce,Region,West,8932,437686.53,0.88
stackline_ecommerce,2025-06,2025-Q2,Parasiticides,TickShield Plus,tickshield_plus-l,E-commerce,Region,West,23566,565583.56,0.88
stackline_ecommerce,2025-06,2025-Q2,Parasiticides,TickShield Plus,tickshield_plus-s,E-commerce,Region,West,32737,785679.27,0.88
stackline_ecommerce,2025-06,2025-Q2,Vaccines,Vanguard,vanguard-l,E-commerce,Region,West,9919,218217.03,0.88
stackline_ecommerce,2025-06,2025-Q2,Vaccines,Vanguard,vanguard-s,E-commerce,Region,West,13538,297834.77,0.88
stackline_ecommerce,2025-06,2025-Q2,Parasiticides,VectraGuard,vectraguard-l,E-commerce,Region,West,29216,759625.34,0.88
stackline_ecommerce,2025-06,2025-Q2,Parasiticides,VectraGuard,vectraguard-s,E-commerce,Region,West,38922,1011965.97,0.88
stackline_ecommerce,2025-06,2025-Q2,Vaccines,VetGuard Immunize,vetguard_immunize-l,E-commerce,Region,West,7852,149192.56,0.88
stackline_ecommerce,2025-06,2025-Q2,Vaccines,VetGuard Immunize,vetguard_immunize-s,E-commerce,Region,West,11489,218293.7,0.88
stackline_ecommerce,2025-06,2025-Q2,Vaccines,VetSelect Core Vax,vetselect_core_vax-l,E-commerce,Region,West,8642,120988.07,0.88
stackline_ecommerce,2025-06,2025-Q2,Vaccines,VetSelect Core Vax,vetselect_core_vax-s,E-commerce,Region,West,12244,171421.46,0.88
stackline_ecommerce,2025-06,2025-Q2,Dermatology,VetSelect Derma,vetselect_derma-l,E-commerce,Region,West,7290,277012.65,0.88
stackline_ecommerce,2025-06,2025-Q2,Dermatology,VetSelect Derma,vetselect_derma-s,E-commerce,Region,West,10336,392770.56,0.88
stackline_ecommerce,2025-06,2025-Q2,Petcare Diagnostics,VetSelect Dx,vetselect_dx-l,E-commerce,Region,West,7553,90638.7,0.88
stackline_ecommerce,2025-06,2025-Q2,Petcare Diagnostics,VetSelect Dx,vetselect_dx-s,E-commerce,Region,West,10682,128179.86,0.88
stackline_ecommerce,2025-06,2025-Q2,Parasiticides,VetSelect Flea & Tick,vetselect_flea_and_tick-l,E-commerce,Region,West,32691,555751.18,0.88
stackline_ecommerce,2025-06,2025-Q2,Parasiticides,VetSelect Flea & Tick,vetselect_flea_and_tick-s,E-commerce,Region,West,46246,786182.81,0.88
stackline_ecommerce,2025-06,2025-Q2,Pain/Osteoarthritis,VetSelect Joint,vetselect_joint-l,E-commerce,Region,West,4822,139837.83,0.88
stackline_ecommerce,2025-06,2025-Q2,Pain/Osteoarthritis,VetSelect Joint,vetselect_joint-s,E-commerce,Region,West,6816,197665.94,0.88
stackline_ecommerce,2025-06,2025-Q2,Petcare Diagnostics,Vetscan,vetscan-l,E-commerce,Region,West,13292,239260.56,0.88
stackline_ecommerce,2025-06,2025-Q2,Petcare Diagnostics,Vetscan,vetscan-s,E-commerce,Region,West,18342,330163.2,0.88
stackline_ecommerce,2025-07,2025-Q3,Dermatology,AllerVet RX,allervet_rx-l,E-commerce,National,National,33419,1804652.78,0.88
stackline_ecommerce,2025-07,2025-Q3,Dermatology,AllerVet RX,allervet_rx-s,E-commerce,National,National,45561,2460243.97,0.88
stackline_ecommerce,2025-07,2025-Q3,Dermatology,Apoquel,apoquel-l,E-commerce,National,National,47755,3104079.56,0.88
stackline_ecommerce,2025-07,2025-Q3,Dermatology,Apoquel,apoquel-s,E-commerce,National,National,69142,4494224.49,0.88
stackline_ecommerce,2025-07,2025-Q3,Vaccines,BioShield Vax,bioshield_vax-l,E-commerce,National,National,39276,785520.22,0.88
stackline_ecommerce,2025-07,2025-Q3,Vaccines,BioShield Vax,bioshield_vax-s,E-commerce,National,National,54814,1096291.79,0.88
stackline_ecommerce,2025-07,2025-Q3,Dermatology,DermaCalm,dermacalm-l,E-commerce,National,National,36317,2106393.56,0.88
stackline_ecommerce,2025-07,2025-Q3,Dermatology,DermaCalm,dermacalm-s,E-commerce,National,National,49337,2861508.14,0.88
stackline_ecommerce,2025-07,2025-Q3,Petcare Diagnostics,DiagnosTech Vet,diagnostech_vet-l,E-commerce,National,National,61980,1053650.72,0.88
stackline_ecommerce,2025-07,2025-Q3,Petcare Diagnostics,DiagnosTech Vet,diagnostech_vet-s,E-commerce,National,National,86360,1468110.53,0.88
stackline_ecommerce,2025-07,2025-Q3,Parasiticides,FleaStop Pro,fleastop_pro-l,E-commerce,National,National,86493,1816348.52,0.88
stackline_ecommerce,2025-07,2025-Q3,Parasiticides,FleaStop Pro,fleastop_pro-s,E-commerce,National,National,121092,2542903.6,0.88
stackline_ecommerce,2025-07,2025-Q3,Pain/Osteoarthritis,FlexiCare Joint,flexicare_joint-l,E-commerce,National,National,19757,869294.03,0.88
stackline_ecommerce,2025-07,2025-Q3,Pain/Osteoarthritis,FlexiCare Joint,flexicare_joint-s,E-commerce,National,National,28285,1244485.71,0.88
stackline_ecommerce,2025-07,2025-Q3,Vaccines,ImmunoCore Canine,immunocore_canine-l,E-commerce,National,National,47613,999870.02,0.88
stackline_ecommerce,2025-07,2025-Q3,Vaccines,ImmunoCore Canine,immunocore_canine-s,E-commerce,National,National,64856,1361956.18,0.88
stackline_ecommerce,2025-07,2025-Q3,Pain/Osteoarthritis,Librela,librela-l,E-commerce,National,National,18843,904444.92,0.88
stackline_ecommerce,2025-07,2025-Q3,Pain/Osteoarthritis,Librela,librela-s,E-commerce,National,National,26055,1250652.3,0.88
stackline_ecommerce,2025-07,2025-Q3,Pain/Osteoarthritis,OsteoEase Vet,osteoease_vet-l,E-commerce,National,National,18657,764923.43,0.88
stackline_ecommerce,2025-07,2025-Q3,Pain/Osteoarthritis,OsteoEase Vet,osteoease_vet-s,E-commerce,National,National,26190,1073771.82,0.88
stackline_ecommerce,2025-07,2025-Q3,Pain/Osteoarthritis,PainAway Canine,painaway_canine-l,E-commerce,National,National,17070,631578.86,0.88
stackline_ecommerce,2025-07,2025-Q3,Pain/Osteoarthritis,PainAway Canine,painaway_canine-s,E-commerce,National,National,23247,860123.9,0.88
stackline_ecommerce,2025-07,2025-Q3,Petcare Diagnostics,PetLab Analyzer,petlab_analyzer-l,E-commerce,National,National,37787,566809.66,0.88
stackline_ecommerce,2025-07,2025-Q3,Petcare Diagnostics,PetLab Analyzer,petlab_analyzer-s,E-commerce,National,National,51674,775110.18,0.88
stackline_ecommerce,2025-07,2025-Q3,Petcare Diagnostics,RapidVet Dx,rapidvet_dx-l,E-commerce,National,National,59227,947634.82,0.88
stackline_ecommerce,2025-07,2025-Q3,Petcare Diagnostics,RapidVet Dx,rapidvet_dx-s,E-commerce,National,National,86595,1385512.62,0.88
stackline_ecommerce,2025-07,2025-Q3,Parasiticides,Simparica Trio,simparica_trio-l,E-commerce,National,National,144323,4041042.38,0.88
stackline_ecommerce,2025-07,2025-Q3,Parasiticides,Simparica Trio,simparica_trio-s,E-commerce,National,National,198243,5550794.39,0.88
stackline_ecommerce,2025-07,2025-Q3,Dermatology,SkinRelief Pro,skinrelief_pro-l,E-commerce,National,National,28135,1378647.98,0.88
stackline_ecommerce,2025-07,2025-Q3,Dermatology,SkinRelief Pro,skinrelief_pro-s,E-commerce,National,National,38730,1897759.06,0.88
stackline_ecommerce,2025-07,2025-Q3,Parasiticides,TickShield Plus,tickshield_plus-l,E-commerce,National,National,96343,2312217.29,0.88
stackline_ecommerce,2025-07,2025-Q3,Parasiticides,TickShield Plus,tickshield_plus-s,E-commerce,National,National,135208,3244987.67,0.88
stackline_ecommerce,2025-07,2025-Q3,Vaccines,Vanguard,vanguard-l,E-commerce,National,National,46442,1021716.81,0.88
stackline_ecommerce,2025-07,2025-Q3,Vaccines,Vanguard,vanguard-s,E-commerce,National,National,62888,1383529.63,0.88
stackline_ecommerce,2025-07,2025-Q3,Parasiticides,VectraGuard,vectraguard-l,E-commerce,National,National,126384,3285999.43,0.88
stackline_ecommerce,2025-07,2025-Q3,Parasiticides,VectraGuard,vectraguard-s,E-commerce,National,National,176440,4587430.49,0.88
stackline_ecommerce,2025-07,2025-Q3,Vaccines,VetGuard Immunize,vetguard_immunize-l,E-commerce,National,National,34593,657270.91,0.88
stackline_ecommerce,2025-07,2025-Q3,Vaccines,VetGuard Immunize,vetguard_immunize-s,E-commerce,National,National,48983,930684.02,0.88
stackline_ecommerce,2025-07,2025-Q3,Vaccines,VetSelect Core Vax,vetselect_core_vax-l,E-commerce,National,National,37025,518342.41,0.88
stackline_ecommerce,2025-07,2025-Q3,Vaccines,VetSelect Core Vax,vetselect_core_vax-s,E-commerce,National,National,51426,719963.63,0.88
stackline_ecommerce,2025-07,2025-Q3,Dermatology,VetSelect Derma,vetselect_derma-l,E-commerce,National,National,32865,1248851.13,0.88
stackline_ecommerce,2025-07,2025-Q3,Dermatology,VetSelect Derma,vetselect_derma-s,E-commerce,National,National,45881,1743514.64,0.88
stackline_ecommerce,2025-07,2025-Q3,Petcare Diagnostics,VetSelect Dx,vetselect_dx-l,E-commerce,National,National,36499,437982.79,0.88
stackline_ecommerce,2025-07,2025-Q3,Petcare Diagnostics,VetSelect Dx,vetselect_dx-s,E-commerce,National,National,52445,629332.87,0.88
stackline_ecommerce,2025-07,2025-Q3,Parasiticides,VetSelect Flea & Tick,vetselect_flea_and_tick-l,E-commerce,National,National,145728,2477398.3,0.88
stackline_ecommerce,2025-07,2025-Q3,Parasiticides,VetSelect Flea & Tick,vetselect_flea_and_tick-s,E-commerce,National,National,205924,3500700.48,0.88
stackline_ecommerce,2025-07,2025-Q3,Pain/Osteoarthritis,VetSelect Joint,vetselect_joint-l,E-commerce,National,National,20831,604083.61,0.88
stackline_ecommerce,2025-07,2025-Q3,Pain/Osteoarthritis,VetSelect Joint,vetselect_joint-s,E-commerce,National,National,28589,829094.49,0.88
stackline_ecommerce,2025-07,2025-Q3,Petcare Diagnostics,Vetscan,vetscan-l,E-commerce,National,National,59783,1076096.98,0.88
stackline_ecommerce,2025-07,2025-Q3,Petcare Diagnostics,Vetscan,vetscan-s,E-commerce,National,National,82379,1482829.81,0.88
stackline_ecommerce,2025-07,2025-Q3,Dermatology,AllerVet RX,allervet_rx-l,E-commerce,Region,Midwest,7108,383825.54,0.88
stackline_ecommerce,2025-07,2025-Q3,Dermatology,AllerVet RX,allervet_rx-s,E-commerce,Region,Midwest,9734,525613.39,0.88
stackline_ecommerce,2025-07,2025-Q3,Dermatology,Apoquel,apoquel-l,E-commerce,Region,Midwest,10042,652739.44,0.88
stackline_ecommerce,2025-07,2025-Q3,Dermatology,Apoquel,apoquel-s,E-commerce,Region,Midwest,15287,993682.8,0.88
stackline_ecommerce,2025-07,2025-Q3,Vaccines,BioShield Vax,bioshield_vax-l,E-commerce,Region,Midwest,8188,163756.43,0.88
stackline_ecommerce,2025-07,2025-Q3,Vaccines,BioShield Vax,bioshield_vax-s,E-commerce,Region,Midwest,11016,220326.81,0.88
stackline_ecommerce,2025-07,2025-Q3,Dermatology,DermaCalm,dermacalm-l,E-commerce,Region,Midwest,7824,453791.13,0.88
stackline_ecommerce,2025-07,2025-Q3,Dermatology,DermaCalm,dermacalm-s,E-commerce,Region,Midwest,10878,630933.91,0.88
stackline_ecommerce,2025-07,2025-Q3,Petcare Diagnostics,DiagnosTech Vet,diagnostech_vet-l,E-commerce,Region,Midwest,12767,217033.39,0.88
stackline_ecommerce,2025-07,2025-Q3,Petcare Diagnostics,DiagnosTech Vet,diagnostech_vet-s,E-commerce,Region,Midwest,19092,324566.72,0.88
stackline_ecommerce,2025-07,2025-Q3,Parasiticides,FleaStop Pro,fleastop_pro-l,E-commerce,Region,Midwest,17998,377960.54,0.88
stackline_ecommerce,2025-07,2025-Q3,Parasiticides,FleaStop Pro,fleastop_pro-s,E-commerce,Region,Midwest,24710,518902.5,0.88
stackline_ecommerce,2025-07,2025-Q3,Pain/Osteoarthritis,FlexiCare Joint,flexicare_joint-l,E-commerce,Region,Midwest,4092,180034.36,0.88
stackline_ecommerce,2025-07,2025-Q3,Pain/Osteoarthritis,FlexiCare Joint,flexicare_joint-s,E-commerce,Region,Midwest,6095,268172.95,0.88
stackline_ecommerce,2025-07,2025-Q3,Vaccines,ImmunoCore Canine,immunocore_canine-l,E-commerce,Region,Midwest,9582,201224.67,0.88
stackline_ecommerce,2025-07,2025-Q3,Vaccines,ImmunoCore Canine,immunocore_canine-s,E-commerce,Region,Midwest,13552,284585.76,0.88
stackline_ecommerce,2025-07,2025-Q3,Pain/Osteoarthritis,Librela,librela-l,E-commerce,Region,Midwest,3742,179636.19,0.88
stackline_ecommerce,2025-07,2025-Q3,Pain/Osteoarthritis,Librela,librela-s,E-commerce,Region,Midwest,5205,249855.98,0.88
stackline_ecommerce,2025-07,2025-Q3,Pain/Osteoarthritis,OsteoEase Vet,osteoease_vet-l,E-commerce,Region,Midwest,4001,164038.19,0.88
stackline_ecommerce,2025-07,2025-Q3,Pain/Osteoarthritis,OsteoEase Vet,osteoease_vet-s,E-commerce,Region,Midwest,5852,239920.4,0.88
stackline_ecommerce,2025-07,2025-Q3,Pain/Osteoarthritis,PainAway Canine,painaway_canine-l,E-commerce,Region,Midwest,3474,128526.61,0.88
stackline_ecommerce,2025-07,2025-Q3,Pain/Osteoarthritis,PainAway Canine,painaway_canine-s,E-commerce,Region,Midwest,4780,176846.12,0.88
stackline_ecommerce,2025-07,2025-Q3,Petcare Diagnostics,PetLab Analyzer,petlab_analyzer-l,E-commerce,Region,Midwest,8029,120436.89,0.88
stackline_ecommerce,2025-07,2025-Q3,Petcare Diagnostics,PetLab Analyzer,petlab_analyzer-s,E-commerce,Region,Midwest,11209,168138.51,0.88
stackline_ecommerce,2025-07,2025-Q3,Petcare Diagnostics,RapidVet Dx,rapidvet_dx-l,E-commerce,Region,Midwest,11849,189578.17,0.88
stackline_ecommerce,2025-07,2025-Q3,Petcare Diagnostics,RapidVet Dx,rapidvet_dx-s,E-commerce,Region,Midwest,17606,281688.77,0.88
stackline_ecommerce,2025-07,2025-Q3,Parasiticides,Simparica Trio,simparica_trio-l,E-commerce,Region,Midwest,32016,896442.86,0.88
stackline_ecommerce,2025-07,2025-Q3,Parasiticides,Simparica Trio,simparica_trio-s,E-commerce,Region,Midwest,41188,1153253.33,0.88
stackline_ecommerce,2025-07,2025-Q3,Dermatology,SkinRelief Pro,skinrelief_pro-l,E-commerce,Region,Midwest,6341,310725.84,0.88
stackline_ecommerce,2025-07,2025-Q3,Dermatology,SkinRelief Pro,skinrelief_pro-s,E-commerce,Region,Midwest,8756,429030.4,0.88
stackline_ecommerce,2025-07,2025-Q3,Parasiticides,TickShield Plus,tickshield_plus-l,E-commerce,Region,Midwest,19630,471130.01,0.88
stackline_ecommerce,2025-07,2025-Q3,Parasiticides,TickShield Plus,tickshield_plus-s,E-commerce,Region,Midwest,29545,709091.86,0.88
stackline_ecommerce,2025-07,2025-Q3,Vaccines,Vanguard,vanguard-l,E-commerce,Region,Midwest,9635,211968.73,0.88
stackline_ecommerce,2025-07,2025-Q3,Vaccines,Vanguard,vanguard-s,E-commerce,Region,Midwest,13156,289440.97,0.88
stackline_ecommerce,2025-07,2025-Q3,Parasiticides,VectraGuard,vectraguard-l,E-commerce,Region,Midwest,26281,683315.87,0.88
stackline_ecommerce,2025-07,2025-Q3,Parasiticides,VectraGuard,vectraguard-s,E-commerce,Region,Midwest,37278,969219.06,0.88
stackline_ecommerce,2025-07,2025-Q3,Vaccines,VetGuard Immunize,vetguard_immunize-l,E-commerce,Region,Midwest,7109,135079.79,0.88
stackline_ecommerce,2025-07,2025-Q3,Vaccines,VetGuard Immunize,vetguard_immunize-s,E-commerce,Region,Midwest,9455,179653.49,0.88
stackline_ecommerce,2025-07,2025-Q3,Vaccines,VetSelect Core Vax,vetselect_core_vax-l,E-commerce,Region,Midwest,7655,107168.26,0.88
stackline_ecommerce,2025-07,2025-Q3,Vaccines,VetSelect Core Vax,vetselect_core_vax-s,E-commerce,Region,Midwest,10316,144426.81,0.88
stackline_ecommerce,2025-07,2025-Q3,Dermatology,VetSelect Derma,vetselect_derma-l,E-commerce,Region,Midwest,6697,254502.02,0.88
stackline_ecommerce,2025-07,2025-Q3,Dermatology,VetSelect Derma,vetselect_derma-s,E-commerce,Region,Midwest,8605,326990.65,0.88
stackline_ecommerce,2025-07,2025-Q3,Petcare Diagnostics,VetSelect Dx,vetselect_dx-l,E-commerce,Region,Midwest,7657,91879.94,0.88
stackline_ecommerce,2025-07,2025-Q3,Petcare Diagnostics,VetSelect Dx,vetselect_dx-s,E-commerce,Region,Midwest,11252,135018.45,0.88
stackline_ecommerce,2025-07,2025-Q3,Parasiticides,VetSelect Flea & Tick,vetselect_flea_and_tick-l,E-commerce,Region,Midwest,27241,463104.18,0.88
stackline_ecommerce,2025-07,2025-Q3,Parasiticides,VetSelect Flea & Tick,vetselect_flea_and_tick-s,E-commerce,Region,Midwest,39220,666737.46,0.88
stackline_ecommerce,2025-07,2025-Q3,Pain/Osteoarthritis,VetSelect Joint,vetselect_joint-l,E-commerce,Region,Midwest,4671,135456.28,0.88
stackline_ecommerce,2025-07,2025-Q3,Pain/Osteoarthritis,VetSelect Joint,vetselect_joint-s,E-commerce,Region,Midwest,6294,182538.33,0.88
stackline_ecommerce,2025-07,2025-Q3,Petcare Diagnostics,Vetscan,vetscan-l,E-commerce,Region,Midwest,12868,231618.04,0.88
stackline_ecommerce,2025-07,2025-Q3,Petcare Diagnostics,Vetscan,vetscan-s,E-commerce,Region,Midwest,17261,310702.18,0.88
stackline_ecommerce,2025-07,2025-Q3,Dermatology,AllerVet RX,allervet_rx-l,E-commerce,Region,Northeast,6816,368088.26,0.88
stackline_ecommerce,2025-07,2025-Q3,Dermatology,AllerVet RX,allervet_rx-s,E-commerce,Region,Northeast,9621,519534.52,0.88
stackline_ecommerce,2025-07,2025-Q3,Dermatology,Apoquel,apoquel-l,E-commerce,Region,Northeast,10912,709298.15,0.88
stackline_ecommerce,2025-07,2025-Q3,Dermatology,Apoquel,apoquel-s,E-commerce,Region,Northeast,15397,1000784.51,0.88
stackline_ecommerce,2025-07,2025-Q3,Vaccines,BioShield Vax,bioshield_vax-l,E-commerce,Region,Northeast,8668,173366.83,0.88
stackline_ecommerce,2025-07,2025-Q3,Vaccines,BioShield Vax,bioshield_vax-s,E-commerce,Region,Northeast,11926,238525.17,0.88
stackline_ecommerce,2025-07,2025-Q3,Dermatology,DermaCalm,dermacalm-l,E-commerce,Region,Northeast,8493,492613.77,0.88
stackline_ecommerce,2025-07,2025-Q3,Dermatology,DermaCalm,dermacalm-s,E-commerce,Region,Northeast,11238,651794.21,0.88
stackline_ecommerce,2025-07,2025-Q3,Petcare Diagnostics,DiagnosTech Vet,diagnostech_vet-l,E-commerce,Region,Northeast,14012,238202.95,0.88
stackline_ecommerce,2025-07,2025-Q3,Petcare Diagnostics,DiagnosTech Vet,diagnostech_vet-s,E-commerce,Region,Northeast,20004,340065.97,0.88
stackline_ecommerce,2025-07,2025-Q3,Parasiticides,FleaStop Pro,fleastop_pro-l,E-commerce,Region,Northeast,18804,394873.86,0.88
stackline_ecommerce,2025-07,2025-Q3,Parasiticides,FleaStop Pro,fleastop_pro-s,E-commerce,Region,Northeast,27713,581968.18,0.88
stackline_ecommerce,2025-07,2025-Q3,Pain/Osteoarthritis,FlexiCare Joint,flexicare_joint-l,E-commerce,Region,Northeast,4082,179608.47,0.88
stackline_ecommerce,2025-07,2025-Q3,Pain/Osteoarthritis,FlexiCare Joint,flexicare_joint-s,E-commerce,Region,Northeast,6262,275507.63,0.88
stackline_ecommerce,2025-07,2025-Q3,Vaccines,ImmunoCore Canine,immunocore_canine-l,E-commerce,Region,Northeast,9994,209883.13,0.88
stackline_ecommerce,2025-07,2025-Q3,Vaccines,ImmunoCore Canine,immunocore_canine-s,E-commerce,Region,Northeast,13769,289148.66,0.88
stackline_ecommerce,2025-07,2025-Q3,Pain/Osteoarthritis,Librela,librela-l,E-commerce,Region,Northeast,4161,199716.03,0.88
stackline_ecommerce,2025-07,2025-Q3,Pain/Osteoarthritis,Librela,librela-s,E-commerce,Region,Northeast,5861,281326.49,0.88
stackline_ecommerce,2025-07,2025-Q3,Pain/Osteoarthritis,OsteoEase Vet,osteoease_vet-l,E-commerce,Region,Northeast,3847,157718.73,0.88
stackline_ecommerce,2025-07,2025-Q3,Pain/Osteoarthritis,OsteoEase Vet,osteoease_vet-s,E-commerce,Region,Northeast,5115,209732.24,0.88
stackline_ecommerce,2025-07,2025-Q3,Pain/Osteoarthritis,PainAway Canine,painaway_canine-l,E-commerce,Region,Northeast,3772,139561.87,0.88
stackline_ecommerce,2025-07,2025-Q3,Pain/Osteoarthritis,PainAway Canine,painaway_canine-s,E-commerce,Region,Northeast,5031,186136.25,0.88
stackline_ecommerce,2025-07,2025-Q3,Petcare Diagnostics,PetLab Analyzer,petlab_analyzer-l,E-commerce,Region,Northeast,705,10571.87,0.88
stackline_ecommerce,2025-07,2025-Q3,Petcare Diagnostics,PetLab Analyzer,petlab_analyzer-s,E-commerce,Region,Northeast,979,14682.72,0.88
stackline_ecommerce,2025-07,2025-Q3,Petcare Diagnostics,RapidVet Dx,rapidvet_dx-l,E-commerce,Region,Northeast,13176,210823.15,0.88
stackline_ecommerce,2025-07,2025-Q3,Petcare Diagnostics,RapidVet Dx,rapidvet_dx-s,E-commerce,Region,Northeast,18709,299340.32,0.88
stackline_ecommerce,2025-07,2025-Q3,Parasiticides,Simparica Trio,simparica_trio-l,E-commerce,Region,Northeast,30554,855510.84,0.88
stackline_ecommerce,2025-07,2025-Q3,Parasiticides,Simparica Trio,simparica_trio-s,E-commerce,Region,Northeast,44835,1255377.86,0.88
stackline_ecommerce,2025-07,2025-Q3,Dermatology,SkinRelief Pro,skinrelief_pro-l,E-commerce,Region,Northeast,6384,312837.88,0.88
stackline_ecommerce,2025-07,2025-Q3,Dermatology,SkinRelief Pro,skinrelief_pro-s,E-commerce,Region,Northeast,8679,425268.89,0.88
stackline_ecommerce,2025-07,2025-Q3,Parasiticides,TickShield Plus,tickshield_plus-l,E-commerce,Region,Northeast,21364,512727.71,0.88
stackline_ecommerce,2025-07,2025-Q3,Parasiticides,TickShield Plus,tickshield_plus-s,E-commerce,Region,Northeast,29257,702156.05,0.88
stackline_ecommerce,2025-07,2025-Q3,Vaccines,Vanguard,vanguard-l,E-commerce,Region,Northeast,9306,204722.22,0.88
stackline_ecommerce,2025-07,2025-Q3,Vaccines,Vanguard,vanguard-s,E-commerce,Region,Northeast,13650,300296.22,0.88
stackline_ecommerce,2025-07,2025-Q3,Parasiticides,VectraGuard,vectraguard-l,E-commerce,Region,Northeast,27119,705098.41,0.88
stackline_ecommerce,2025-07,2025-Q3,Parasiticides,VectraGuard,vectraguard-s,E-commerce,Region,Northeast,39226,1019867.72,0.88
stackline_ecommerce,2025-07,2025-Q3,Vaccines,VetGuard Immunize,vetguard_immunize-l,E-commerce,Region,Northeast,7828,148741.07,0.88
stackline_ecommerce,2025-07,2025-Q3,Vaccines,VetGuard Immunize,vetguard_immunize-s,E-commerce,Region,Northeast,11525,218968.69,0.88
stackline_ecommerce,2025-07,2025-Q3,Vaccines,VetSelect Core Vax,vetselect_core_vax-l,E-commerce,Region,Northeast,8451,118313.09,0.88
stackline_ecommerce,2025-07,2025-Q3,Vaccines,VetSelect Core Vax,vetselect_core_vax-s,E-commerce,Region,Northeast,11681,163529.53,0.88
stackline_ecommerce,2025-07,2025-Q3,Dermatology,VetSelect Derma,vetselect_derma-l,E-commerce,Region,Northeast,7286,276859.38,0.88
stackline_ecommerce,2025-07,2025-Q3,Dermatology,VetSelect Derma,vetselect_derma-s,E-commerce,Region,Northeast,10515,399585.78,0.88
stackline_ecommerce,2025-07,2025-Q3,Petcare Diagnostics,VetSelect Dx,vetselect_dx-l,E-commerce,Region,Northeast,7836,94033.32,0.88
stackline_ecommerce,2025-07,2025-Q3,Petcare Diagnostics,VetSelect Dx,vetselect_dx-s,E-commerce,Region,Northeast,11102,133219.7,0.88
stackline_ecommerce,2025-07,2025-Q3,Parasiticides,VetSelect Flea & Tick,vetselect_flea_and_tick-l,E-commerce,Region,Northeast,34419,585125.34,0.88
stackline_ecommerce,2025-07,2025-Q3,Parasiticides,VetSelect Flea & Tick,vetselect_flea_and_tick-s,E-commerce,Region,Northeast,48507,824617.54,0.88
stackline_ecommerce,2025-07,2025-Q3,Pain/Osteoarthritis,VetSelect Joint,vetselect_joint-l,E-commerce,Region,Northeast,4543,131739.88,0.88
stackline_ecommerce,2025-07,2025-Q3,Pain/Osteoarthritis,VetSelect Joint,vetselect_joint-s,E-commerce,Region,Northeast,5969,173108.62,0.88
stackline_ecommerce,2025-07,2025-Q3,Petcare Diagnostics,Vetscan,vetscan-l,E-commerce,Region,Northeast,14123,254218.79,0.88
stackline_ecommerce,2025-07,2025-Q3,Petcare Diagnostics,Vetscan,vetscan-s,E-commerce,Region,Northeast,18535,333633.55,0.88
stackline_ecommerce,2025-07,2025-Q3,Dermatology,AllerVet RX,allervet_rx-l,E-commerce,Region,South,11343,612524.84,0.88
stackline_ecommerce,2025-07,2025-Q3,Dermatology,AllerVet RX,allervet_rx-s,E-commerce,Region,South,15652,845186.48,0.88
stackline_ecommerce,2025-07,2025-Q3,Dermatology,Apoquel,apoquel-l,E-commerce,Region,South,15426,1002661.46,0.88
stackline_ecommerce,2025-07,2025-Q3,Dermatology,Apoquel,apoquel-s,E-commerce,Region,South,22697,1475315.9,0.88
stackline_ecommerce,2025-07,2025-Q3,Vaccines,BioShield Vax,bioshield_vax-l,E-commerce,Region,South,12960,259198.8,0.88
stackline_ecommerce,2025-07,2025-Q3,Vaccines,BioShield Vax,bioshield_vax-s,E-commerce,Region,South,18890,377802.39,0.88
stackline_ecommerce,2025-07,2025-Q3,Dermatology,DermaCalm,dermacalm-l,E-commerce,Region,South,11867,688286.27,0.88
stackline_ecommerce,2025-07,2025-Q3,Dermatology,DermaCalm,dermacalm-s,E-commerce,Region,South,15896,921939.26,0.88
stackline_ecommerce,2025-07,2025-Q3,Petcare Diagnostics,DiagnosTech Vet,diagnostech_vet-l,E-commerce,Region,South,21081,358372.72,0.88
stackline_ecommerce,2025-07,2025-Q3,Petcare Diagnostics,DiagnosTech Vet,diagnostech_vet-s,E-commerce,Region,South,28376,482384.44,0.88
stackline_ecommerce,2025-07,2025-Q3,Parasiticides,FleaStop Pro,fleastop_pro-l,E-commerce,Region,South,29542,620386.13,0.88
stackline_ecommerce,2025-07,2025-Q3,Parasiticides,FleaStop Pro,fleastop_pro-s,E-commerce,Region,South,40502,850535.1,0.88
stackline_ecommerce,2025-07,2025-Q3,Pain/Osteoarthritis,FlexiCare Joint,flexicare_joint-l,E-commerce,Region,South,6899,303553.25,0.88
stackline_ecommerce,2025-07,2025-Q3,Pain/Osteoarthritis,FlexiCare Joint,flexicare_joint-s,E-commerce,Region,South,9722,427747.74,0.88
stackline_ecommerce,2025-07,2025-Q3,Vaccines,ImmunoCore Canine,immunocore_canine-l,E-commerce,Region,South,16688,350438.77,0.88
stackline_ecommerce,2025-07,2025-Q3,Vaccines,ImmunoCore Canine,immunocore_canine-s,E-commerce,Region,South,22116,464432.44,0.88
stackline_ecommerce,2025-07,2025-Q3,Pain/Osteoarthritis,Librela,librela-l,E-commerce,Region,South,6647,319050.99,0.88
stackline_ecommerce,2025-07,2025-Q3,Pain/Osteoarthritis,Librela,librela-s,E-commerce,Region,South,9315,447135.34,0.88
stackline_ecommerce,2025-07,2025-Q3,Pain/Osteoarthritis,OsteoEase Vet,osteoease_vet-l,E-commerce,Region,South,6628,271748.63,0.88
stackline_ecommerce,2025-07,2025-Q3,Pain/Osteoarthritis,OsteoEase Vet,osteoease_vet-s,E-commerce,Region,South,9389,384941.75,0.88
stackline_ecommerce,2025-07,2025-Q3,Pain/Osteoarthritis,PainAway Canine,painaway_canine-l,E-commerce,Region,South,5626,208172.07,0.88
stackline_ecommerce,2025-07,2025-Q3,Pain/Osteoarthritis,PainAway Canine,painaway_canine-s,E-commerce,Region,South,7742,286446.56,0.88
stackline_ecommerce,2025-07,2025-Q3,Petcare Diagnostics,PetLab Analyzer,petlab_analyzer-l,E-commerce,Region,South,13278,199175.87,0.88
stackline_ecommerce,2025-07,2025-Q3,Petcare Diagnostics,PetLab Analyzer,petlab_analyzer-s,E-commerce,Region,South,18226,273394.71,0.88
stackline_ecommerce,2025-07,2025-Q3,Petcare Diagnostics,RapidVet Dx,rapidvet_dx-l,E-commerce,Region,South,20016,320262.18,0.88
stackline_ecommerce,2025-07,2025-Q3,Petcare Diagnostics,RapidVet Dx,rapidvet_dx-s,E-commerce,Region,South,29236,467772.68,0.88
stackline_ecommerce,2025-07,2025-Q3,Parasiticides,Simparica Trio,simparica_trio-l,E-commerce,Region,South,48582,1360296.96,0.88
stackline_ecommerce,2025-07,2025-Q3,Parasiticides,Simparica Trio,simparica_trio-s,E-commerce,Region,South,65620,1837362.49,0.88
stackline_ecommerce,2025-07,2025-Q3,Dermatology,SkinRelief Pro,skinrelief_pro-l,E-commerce,Region,South,9456,463337.37,0.88
stackline_ecommerce,2025-07,2025-Q3,Dermatology,SkinRelief Pro,skinrelief_pro-s,E-commerce,Region,South,12783,626387.98,0.88
stackline_ecommerce,2025-07,2025-Q3,Parasiticides,TickShield Plus,tickshield_plus-l,E-commerce,Region,South,32428,778263.54,0.88
stackline_ecommerce,2025-07,2025-Q3,Parasiticides,TickShield Plus,tickshield_plus-s,E-commerce,Region,South,46067,1105615.15,0.88
stackline_ecommerce,2025-07,2025-Q3,Vaccines,Vanguard,vanguard-l,E-commerce,Region,South,16088,353929.21,0.88
stackline_ecommerce,2025-07,2025-Q3,Vaccines,Vanguard,vanguard-s,E-commerce,Region,South,21556,474230.39,0.88
stackline_ecommerce,2025-07,2025-Q3,Parasiticides,VectraGuard,vectraguard-l,E-commerce,Region,South,44361,1153390.07,0.88
stackline_ecommerce,2025-07,2025-Q3,Parasiticides,VectraGuard,vectraguard-s,E-commerce,Region,South,59515,1547392.32,0.88
stackline_ecommerce,2025-07,2025-Q3,Vaccines,VetGuard Immunize,vetguard_immunize-l,E-commerce,Region,South,12023,228428.83,0.88
stackline_ecommerce,2025-07,2025-Q3,Vaccines,VetGuard Immunize,vetguard_immunize-s,E-commerce,Region,South,17081,324548.3,0.88
stackline_ecommerce,2025-07,2025-Q3,Vaccines,VetSelect Core Vax,vetselect_core_vax-l,E-commerce,Region,South,12092,169283.84,0.88
stackline_ecommerce,2025-07,2025-Q3,Vaccines,VetSelect Core Vax,vetselect_core_vax-s,E-commerce,Region,South,17527,245383.35,0.88
stackline_ecommerce,2025-07,2025-Q3,Dermatology,VetSelect Derma,vetselect_derma-l,E-commerce,Region,South,11549,438853.08,0.88
stackline_ecommerce,2025-07,2025-Q3,Dermatology,VetSelect Derma,vetselect_derma-s,E-commerce,Region,South,16725,635554.33,0.88
stackline_ecommerce,2025-07,2025-Q3,Petcare Diagnostics,VetSelect Dx,vetselect_dx-l,E-commerce,Region,South,12616,151388.95,0.88
stackline_ecommerce,2025-07,2025-Q3,Petcare Diagnostics,VetSelect Dx,vetselect_dx-s,E-commerce,Region,South,18439,221266.81,0.88
stackline_ecommerce,2025-07,2025-Q3,Parasiticides,VetSelect Flea & Tick,vetselect_flea_and_tick-l,E-commerce,Region,South,50933,865869.24,0.88
stackline_ecommerce,2025-07,2025-Q3,Parasiticides,VetSelect Flea & Tick,vetselect_flea_and_tick-s,E-commerce,Region,South,72894,1239191.26,0.88
stackline_ecommerce,2025-07,2025-Q3,Pain/Osteoarthritis,VetSelect Joint,vetselect_joint-l,E-commerce,Region,South,6678,193669.51,0.88
stackline_ecommerce,2025-07,2025-Q3,Pain/Osteoarthritis,VetSelect Joint,vetselect_joint-s,E-commerce,Region,South,9493,275285.11,0.88
stackline_ecommerce,2025-07,2025-Q3,Petcare Diagnostics,Vetscan,vetscan-l,E-commerce,Region,South,19351,348326.44,0.88
stackline_ecommerce,2025-07,2025-Q3,Petcare Diagnostics,Vetscan,vetscan-s,E-commerce,Region,South,27182,489276.32,0.88
stackline_ecommerce,2025-07,2025-Q3,Dermatology,AllerVet RX,allervet_rx-l,E-commerce,Region,West,8152,440214.14,0.88
stackline_ecommerce,2025-07,2025-Q3,Dermatology,AllerVet RX,allervet_rx-s,E-commerce,Region,West,10554,569909.58,0.88
stackline_ecommerce,2025-07,2025-Q3,Dermatology,Apoquel,apoquel-l,E-commerce,Region,West,11375,739380.51,0.88
stackline_ecommerce,2025-07,2025-Q3,Dermatology,Apoquel,apoquel-s,E-commerce,Region,West,15761,1024441.28,0.88
stackline_ecommerce,2025-07,2025-Q3,Vaccines,BioShield Vax,bioshield_vax-l,E-commerce,Region,West,9460,189198.16,0.88
stackline_ecommerce,2025-07,2025-Q3,Vaccines,BioShield Vax,bioshield_vax-s,E-commerce,Region,West,12982,259637.42,0.88
stackline_ecommerce,2025-07,2025-Q3,Dermatology,DermaCalm,dermacalm-l,E-commerce,Region,West,8133,471702.39,0.88
stackline_ecommerce,2025-07,2025-Q3,Dermatology,DermaCalm,dermacalm-s,E-commerce,Region,West,11325,656840.76,0.88
stackline_ecommerce,2025-07,2025-Q3,Petcare Diagnostics,DiagnosTech Vet,diagnostech_vet-l,E-commerce,Region,West,14120,240041.66,0.88
stackline_ecommerce,2025-07,2025-Q3,Petcare Diagnostics,DiagnosTech Vet,diagnostech_vet-s,E-commerce,Region,West,18888,321093.4,0.88
stackline_ecommerce,2025-07,2025-Q3,Parasiticides,FleaStop Pro,fleastop_pro-l,E-commerce,Region,West,20149,423127.99,0.88
stackline_ecommerce,2025-07,2025-Q3,Parasiticides,FleaStop Pro,fleastop_pro-s,E-commerce,Region,West,28167,591497.82,0.88
stackline_ecommerce,2025-07,2025-Q3,Pain/Osteoarthritis,FlexiCare Joint,flexicare_joint-l,E-commerce,Region,West,4684,206097.95,0.88
stackline_ecommerce,2025-07,2025-Q3,Pain/Osteoarthritis,FlexiCare Joint,flexicare_joint-s,E-commerce,Region,West,6206,273057.39,0.88
stackline_ecommerce,2025-07,2025-Q3,Vaccines,ImmunoCore Canine,immunocore_canine-l,E-commerce,Region,West,11349,238323.45,0.88
stackline_ecommerce,2025-07,2025-Q3,Vaccines,ImmunoCore Canine,immunocore_canine-s,E-commerce,Region,West,15419,323789.32,0.88
stackline_ecommerce,2025-07,2025-Q3,Pain/Osteoarthritis,Librela,librela-l,E-commerce,Region,West,4293,206041.71,0.88
stackline_ecommerce,2025-07,2025-Q3,Pain/Osteoarthritis,Librela,librela-s,E-commerce,Region,West,5674,272334.49,0.88
stackline_ecommerce,2025-07,2025-Q3,Pain/Osteoarthritis,OsteoEase Vet,osteoease_vet-l,E-commerce,Region,West,4181,171417.88,0.88
stackline_ecommerce,2025-07,2025-Q3,Pain/Osteoarthritis,OsteoEase Vet,osteoease_vet-s,E-commerce,Region,West,5834,239177.43,0.88
stackline_ecommerce,2025-07,2025-Q3,Pain/Osteoarthritis,PainAway Canine,painaway_canine-l,E-commerce,Region,West,4198,155318.31,0.88
stackline_ecommerce,2025-07,2025-Q3,Pain/Osteoarthritis,PainAway Canine,painaway_canine-s,E-commerce,Region,West,5694,210694.97,0.88
stackline_ecommerce,2025-07,2025-Q3,Petcare Diagnostics,PetLab Analyzer,petlab_analyzer-l,E-commerce,Region,West,8396,125935.19,0.88
stackline_ecommerce,2025-07,2025-Q3,Petcare Diagnostics,PetLab Analyzer,petlab_analyzer-s,E-commerce,Region,West,11011,165162.89,0.88
stackline_ecommerce,2025-07,2025-Q3,Petcare Diagnostics,RapidVet Dx,rapidvet_dx-l,E-commerce,Region,West,14186,226971.32,0.88
stackline_ecommerce,2025-07,2025-Q3,Petcare Diagnostics,RapidVet Dx,rapidvet_dx-s,E-commerce,Region,West,21044,336710.85,0.88
stackline_ecommerce,2025-07,2025-Q3,Parasiticides,Simparica Trio,simparica_trio-l,E-commerce,Region,West,33171,928791.72,0.88
stackline_ecommerce,2025-07,2025-Q3,Parasiticides,Simparica Trio,simparica_trio-s,E-commerce,Region,West,46600,1304800.71,0.88
stackline_ecommerce,2025-07,2025-Q3,Dermatology,SkinRelief Pro,skinrelief_pro-l,E-commerce,Region,West,5954,291746.89,0.88
stackline_ecommerce,2025-07,2025-Q3,Dermatology,SkinRelief Pro,skinrelief_pro-s,E-commerce,Region,West,8512,417071.79,0.88
stackline_ecommerce,2025-07,2025-Q3,Parasiticides,TickShield Plus,tickshield_plus-l,E-commerce,Region,West,22921,550096.03,0.88
stackline_ecommerce,2025-07,2025-Q3,Parasiticides,TickShield Plus,tickshield_plus-s,E-commerce,Region,West,30339,728124.61,0.88
stackline_ecommerce,2025-07,2025-Q3,Vaccines,Vanguard,vanguard-l,E-commerce,Region,West,11413,251096.65,0.88
stackline_ecommerce,2025-07,2025-Q3,Vaccines,Vanguard,vanguard-s,E-commerce,Region,West,14526,319562.05,0.88
stackline_ecommerce,2025-07,2025-Q3,Parasiticides,VectraGuard,vectraguard-s,E-commerce,Region,West,40421,1050951.39,0.88
stackline_ecommerce,2025-07,2025-Q3,Vaccines,VetGuard Immunize,vetguard_immunize-l,E-commerce,Region,West,7633,145021.22,0.88
stackline_ecommerce,2025-07,2025-Q3,Vaccines,VetGuard Immunize,vetguard_immunize-s,E-commerce,Region,West,10922,207513.54,0.88
stackline_ecommerce,2025-07,2025-Q3,Vaccines,VetSelect Core Vax,vetselect_core_vax-l,E-commerce,Region,West,8827,123577.22,0.88
stackline_ecommerce,2025-07,2025-Q3,Vaccines,VetSelect Core Vax,vetselect_core_vax-s,E-commerce,Region,West,11902,166623.94,0.88
stackline_ecommerce,2025-07,2025-Q3,Dermatology,VetSelect Derma,vetselect_derma-l,E-commerce,Region,West,7333,278636.65,0.88
stackline_ecommerce,2025-07,2025-Q3,Dermatology,VetSelect Derma,vetselect_derma-s,E-commerce,Region,West,10036,381383.88,0.88
stackline_ecommerce,2025-07,2025-Q3,Petcare Diagnostics,VetSelect Dx,vetselect_dx-l,E-commerce,Region,West,8390,100680.58,0.88
stackline_ecommerce,2025-07,2025-Q3,Petcare Diagnostics,VetSelect Dx,vetselect_dx-s,E-commerce,Region,West,11652,139827.91,0.88
stackline_ecommerce,2025-07,2025-Q3,Parasiticides,VetSelect Flea & Tick,vetselect_flea_and_tick-l,E-commerce,Region,West,33135,563299.54,0.88
stackline_ecommerce,2025-07,2025-Q3,Parasiticides,VetSelect Flea & Tick,vetselect_flea_and_tick-s,E-commerce,Region,West,45303,770154.22,0.88
stackline_ecommerce,2025-07,2025-Q3,Pain/Osteoarthritis,VetSelect Joint,vetselect_joint-l,E-commerce,Region,West,4939,143217.94,0.88
stackline_ecommerce,2025-07,2025-Q3,Pain/Osteoarthritis,VetSelect Joint,vetselect_joint-s,E-commerce,Region,West,6833,198162.43,0.88
stackline_ecommerce,2025-07,2025-Q3,Petcare Diagnostics,Vetscan,vetscan-l,E-commerce,Region,West,13441,241933.71,0.88
stackline_ecommerce,2025-07,2025-Q3,Petcare Diagnostics,Vetscan,vetscan-s,E-commerce,Region,West,19401,349217.76,0.88
stackline_ecommerce,2025-08,2025-Q3,Dermatology,AllerVet RX,allervet_rx-l,E-commerce,National,National,33241,1795025.92,0.88
stackline_ecommerce,2025-08,2025-Q3,Dermatology,AllerVet RX,allervet_rx-s,E-commerce,National,National,45280,2445119.72,0.88
stackline_ecommerce,2025-08,2025-Q3,Dermatology,Apoquel,apoquel-l,E-commerce,National,National,47101,3061557.92,0.88
stackline_ecommerce,2025-08,2025-Q3,Dermatology,Apoquel,apoquel-s,E-commerce,National,National,65748,4273589.33,0.88
stackline_ecommerce,2025-08,2025-Q3,Vaccines,BioShield Vax,bioshield_vax-l,E-commerce,National,National,36779,735576.29,0.88
stackline_ecommerce,2025-08,2025-Q3,Vaccines,BioShield Vax,bioshield_vax-s,E-commerce,National,National,49750,995015.5,0.88
stackline_ecommerce,2025-08,2025-Q3,Dermatology,DermaCalm,dermacalm-l,E-commerce,National,National,34636,2008837.31,0.88
stackline_ecommerce,2025-08,2025-Q3,Dermatology,DermaCalm,dermacalm-s,E-commerce,National,National,49732,2884462.39,0.88
stackline_ecommerce,2025-08,2025-Q3,Petcare Diagnostics,DiagnosTech Vet,diagnostech_vet-l,E-commerce,National,National,59332,1008647.89,0.88
stackline_ecommerce,2025-08,2025-Q3,Petcare Diagnostics,DiagnosTech Vet,diagnostech_vet-s,E-commerce,National,National,80689,1371716.51,0.88
stackline_ecommerce,2025-08,2025-Q3,Parasiticides,FleaStop Pro,fleastop_pro-l,E-commerce,National,National,79634,1672308.74,0.88
stackline_ecommerce,2025-08,2025-Q3,Parasiticides,FleaStop Pro,fleastop_pro-s,E-commerce,National,National,110832,2327480.12,0.88
stackline_ecommerce,2025-08,2025-Q3,Pain/Osteoarthritis,FlexiCare Joint,flexicare_joint-l,E-commerce,National,National,19909,875974.09,0.88
stackline_ecommerce,2025-08,2025-Q3,Pain/Osteoarthritis,FlexiCare Joint,flexicare_joint-s,E-commerce,National,National,27689,1218322.09,0.88
stackline_ecommerce,2025-08,2025-Q3,Vaccines,ImmunoCore Canine,immunocore_canine-l,E-commerce,National,National,43901,921927.68,0.88
stackline_ecommerce,2025-08,2025-Q3,Vaccines,ImmunoCore Canine,immunocore_canine-s,E-commerce,National,National,60776,1276304.8,0.88
stackline_ecommerce,2025-08,2025-Q3,Pain/Osteoarthritis,Librela,librela-l,E-commerce,National,National,19513,936632.48,0.88
stackline_ecommerce,2025-08,2025-Q3,Pain/Osteoarthritis,Librela,librela-s,E-commerce,National,National,25986,1247377.28,0.88
stackline_ecommerce,2025-08,2025-Q3,Pain/Osteoarthritis,OsteoEase Vet,osteoease_vet-l,E-commerce,National,National,18356,752594.11,0.88
stackline_ecommerce,2025-08,2025-Q3,Pain/Osteoarthritis,OsteoEase Vet,osteoease_vet-s,E-commerce,National,National,24765,1015334.62,0.88
stackline_ecommerce,2025-08,2025-Q3,Pain/Osteoarthritis,PainAway Canine,painaway_canine-l,E-commerce,National,National,16838,623041.56,0.88
stackline_ecommerce,2025-08,2025-Q3,Pain/Osteoarthritis,PainAway Canine,painaway_canine-s,E-commerce,National,National,23496,869353.88,0.88
stackline_ecommerce,2025-08,2025-Q3,Petcare Diagnostics,PetLab Analyzer,petlab_analyzer-l,E-commerce,National,National,36115,541722.72,0.88
stackline_ecommerce,2025-08,2025-Q3,Petcare Diagnostics,PetLab Analyzer,petlab_analyzer-s,E-commerce,National,National,51494,772418.57,0.88
stackline_ecommerce,2025-08,2025-Q3,Petcare Diagnostics,RapidVet Dx,rapidvet_dx-l,E-commerce,National,National,56569,905105.94,0.88
stackline_ecommerce,2025-08,2025-Q3,Petcare Diagnostics,RapidVet Dx,rapidvet_dx-s,E-commerce,National,National,78039,1248610.23,0.88
stackline_ecommerce,2025-08,2025-Q3,Parasiticides,Simparica Trio,simparica_trio-l,E-commerce,National,National,125567,3515888.35,0.88
stackline_ecommerce,2025-08,2025-Q3,Parasiticides,Simparica Trio,simparica_trio-s,E-commerce,National,National,175634,4917750.25,0.88
stackline_ecommerce,2025-08,2025-Q3,Dermatology,SkinRelief Pro,skinrelief_pro-l,E-commerce,National,National,27723,1358432.88,0.88
stackline_ecommerce,2025-08,2025-Q3,Dermatology,SkinRelief Pro,skinrelief_pro-s,E-commerce,National,National,38369,1880086.72,0.88
stackline_ecommerce,2025-08,2025-Q3,Parasiticides,TickShield Plus,tickshield_plus-l,E-commerce,National,National,91499,2195984.51,0.88
stackline_ecommerce,2025-08,2025-Q3,Parasiticides,TickShield Plus,tickshield_plus-s,E-commerce,National,National,126004,3024080.42,0.88
stackline_ecommerce,2025-08,2025-Q3,Vaccines,Vanguard,vanguard-l,E-commerce,National,National,40988,901734.1,0.88
stackline_ecommerce,2025-08,2025-Q3,Vaccines,Vanguard,vanguard-s,E-commerce,National,National,57566,1266420.36,0.88
stackline_ecommerce,2025-08,2025-Q3,Parasiticides,VectraGuard,vectraguard-l,E-commerce,National,National,117644,3058735.83,0.88
stackline_ecommerce,2025-08,2025-Q3,Parasiticides,VectraGuard,vectraguard-s,E-commerce,National,National,161117,4189033.59,0.88
stackline_ecommerce,2025-08,2025-Q3,Vaccines,VetGuard Immunize,vetguard_immunize-l,E-commerce,National,National,31708,602434.95,0.88
stackline_ecommerce,2025-08,2025-Q3,Vaccines,VetGuard Immunize,vetguard_immunize-s,E-commerce,National,National,44814,851465.28,0.88
stackline_ecommerce,2025-08,2025-Q3,Vaccines,VetSelect Core Vax,vetselect_core_vax-l,E-commerce,National,National,36880,516319.66,0.88
stackline_ecommerce,2025-08,2025-Q3,Vaccines,VetSelect Core Vax,vetselect_core_vax-s,E-commerce,National,National,51248,717477.72,0.88
stackline_ecommerce,2025-08,2025-Q3,Dermatology,VetSelect Derma,vetselect_derma-l,E-commerce,National,National,30459,1157490.04,0.88
stackline_ecommerce,2025-08,2025-Q3,Dermatology,VetSelect Derma,vetselect_derma-s,E-commerce,National,National,42069,1598642.86,0.88
stackline_ecommerce,2025-08,2025-Q3,Petcare Diagnostics,VetSelect Dx,vetselect_dx-l,E-commerce,National,National,35642,427715.11,0.88
stackline_ecommerce,2025-08,2025-Q3,Petcare Diagnostics,VetSelect Dx,vetselect_dx-s,E-commerce,National,National,47818,573809.95,0.88
stackline_ecommerce,2025-08,2025-Q3,Parasiticides,VetSelect Flea & Tick,vetselect_flea_and_tick-l,E-commerce,National,National,135646,2305978.8,0.88
stackline_ecommerce,2025-08,2025-Q3,Parasiticides,VetSelect Flea & Tick,vetselect_flea_and_tick-s,E-commerce,National,National,181899,3092295.99,0.88
stackline_ecommerce,2025-08,2025-Q3,Pain/Osteoarthritis,VetSelect Joint,vetselect_joint-l,E-commerce,National,National,20025,580709.0,0.88
stackline_ecommerce,2025-08,2025-Q3,Pain/Osteoarthritis,VetSelect Joint,vetselect_joint-s,E-commerce,National,National,27546,798837.22,0.88
stackline_ecommerce,2025-08,2025-Q3,Petcare Diagnostics,Vetscan,vetscan-l,E-commerce,National,National,59318,1067725.49,0.88
stackline_ecommerce,2025-08,2025-Q3,Petcare Diagnostics,Vetscan,vetscan-s,E-commerce,National,National,81748,1471470.2,0.88
stackline_ecommerce,2025-08,2025-Q3,Dermatology,AllerVet RX,allervet_rx-l,E-commerce,Region,Midwest,6913,373313.77,0.88
stackline_ecommerce,2025-08,2025-Q3,Dermatology,AllerVet RX,allervet_rx-s,E-commerce,Region,Midwest,9854,532103.67,0.88
stackline_ecommerce,2025-08,2025-Q3,Dermatology,Apoquel,apoquel-l,E-commerce,Region,Midwest,10335,671784.46,0.88
stackline_ecommerce,2025-08,2025-Q3,Dermatology,Apoquel,apoquel-s,E-commerce,Region,Midwest,14288,928736.24,0.88
stackline_ecommerce,2025-08,2025-Q3,Vaccines,BioShield Vax,bioshield_vax-l,E-commerce,Region,Midwest,7984,159688.01,0.88
stackline_ecommerce,2025-08,2025-Q3,Vaccines,BioShield Vax,bioshield_vax-s,E-commerce,Region,Midwest,11010,220204.92,0.88
stackline_ecommerce,2025-08,2025-Q3,Dermatology,DermaCalm,dermacalm-l,E-commerce,Region,Midwest,7723,447929.1,0.88
stackline_ecommerce,2025-08,2025-Q3,Dermatology,DermaCalm,dermacalm-s,E-commerce,Region,Midwest,10805,626691.15,0.88
stackline_ecommerce,2025-08,2025-Q3,Petcare Diagnostics,DiagnosTech Vet,diagnostech_vet-l,E-commerce,Region,Midwest,11517,195786.55,0.88
stackline_ecommerce,2025-08,2025-Q3,Petcare Diagnostics,DiagnosTech Vet,diagnostech_vet-s,E-commerce,Region,Midwest,16227,275853.62,0.88
stackline_ecommerce,2025-08,2025-Q3,Parasiticides,FleaStop Pro,fleastop_pro-l,E-commerce,Region,Midwest,16526,347040.09,0.88
stackline_ecommerce,2025-08,2025-Q3,Parasiticides,FleaStop Pro,fleastop_pro-s,E-commerce,Region,Midwest,22318,468668.48,0.88
stackline_ecommerce,2025-08,2025-Q3,Pain/Osteoarthritis,FlexiCare Joint,flexicare_joint-l,E-commerce,Region,Midwest,4342,191044.36,0.88
stackline_ecommerce,2025-08,2025-Q3,Pain/Osteoarthritis,FlexiCare Joint,flexicare_joint-s,E-commerce,Region,Midwest,6145,270400.18,0.88
stackline_ecommerce,2025-08,2025-Q3,Vaccines,ImmunoCore Canine,immunocore_canine-l,E-commerce,Region,Midwest,8238,173003.94,0.88
stackline_ecommerce,2025-08,2025-Q3,Vaccines,ImmunoCore Canine,immunocore_canine-s,E-commerce,Region,Midwest,11308,237460.94,0.88
stackline_ecommerce,2025-08,2025-Q3,Pain/Osteoarthritis,Librela,librela-l,E-commerce,Region,Midwest,4185,200898.36,0.88
stackline_ecommerce,2025-08,2025-Q3,Pain/Osteoarthritis,Librela,librela-s,E-commerce,Region,Midwest,5408,259602.0,0.88
stackline_ecommerce,2025-08,2025-Q3,Pain/Osteoarthritis,OsteoEase Vet,osteoease_vet-l,E-commerce,Region,Midwest,3804,155965.32,0.88
stackline_ecommerce,2025-08,2025-Q3,Pain/Osteoarthritis,OsteoEase Vet,osteoease_vet-s,E-commerce,Region,Midwest,5230,214412.06,0.88
stackline_ecommerce,2025-08,2025-Q3,Pain/Osteoarthritis,PainAway Canine,painaway_canine-l,E-commerce,Region,Midwest,3520,130253.36,0.88
stackline_ecommerce,2025-08,2025-Q3,Pain/Osteoarthritis,PainAway Canine,painaway_canine-s,E-commerce,Region,Midwest,5056,187060.68,0.88
stackline_ecommerce,2025-08,2025-Q3,Petcare Diagnostics,PetLab Analyzer,petlab_analyzer-l,E-commerce,Region,Midwest,7579,113678.75,0.88
stackline_ecommerce,2025-08,2025-Q3,Petcare Diagnostics,PetLab Analyzer,petlab_analyzer-s,E-commerce,Region,Midwest,10479,157189.96,0.88
stackline_ecommerce,2025-08,2025-Q3,Petcare Diagnostics,RapidVet Dx,rapidvet_dx-l,E-commerce,Region,Midwest,11839,189424.28,0.88
stackline_ecommerce,2025-08,2025-Q3,Petcare Diagnostics,RapidVet Dx,rapidvet_dx-s,E-commerce,Region,Midwest,15866,253853.63,0.88
stackline_ecommerce,2025-08,2025-Q3,Parasiticides,Simparica Trio,simparica_trio-l,E-commerce,Region,Midwest,25554,715514.23,0.88
stackline_ecommerce,2025-08,2025-Q3,Parasiticides,Simparica Trio,simparica_trio-s,E-commerce,Region,Midwest,37916,1061644.06,0.88
stackline_ecommerce,2025-08,2025-Q3,Dermatology,SkinRelief Pro,skinrelief_pro-l,E-commerce,Region,Midwest,5753,281907.61,0.88
stackline_ecommerce,2025-08,2025-Q3,Dermatology,SkinRelief Pro,skinrelief_pro-s,E-commerce,Region,Midwest,8288,406092.01,0.88
stackline_ecommerce,2025-08,2025-Q3,Parasiticides,TickShield Plus,tickshield_plus-l,E-commerce,Region,Midwest,18054,433307.95,0.88
stackline_ecommerce,2025-08,2025-Q3,Parasiticides,TickShield Plus,tickshield_plus-s,E-commerce,Region,Midwest,25047,601131.08,0.88
stackline_ecommerce,2025-08,2025-Q3,Vaccines,Vanguard,vanguard-l,E-commerce,Region,Midwest,8772,192981.14,0.88
stackline_ecommerce,2025-08,2025-Q3,Vaccines,Vanguard,vanguard-s,E-commerce,Region,Midwest,11433,251521.48,0.88
stackline_ecommerce,2025-08,2025-Q3,Parasiticides,VectraGuard,vectraguard-l,E-commerce,Region,Midwest,25670,667415.41,0.88
stackline_ecommerce,2025-08,2025-Q3,Parasiticides,VectraGuard,vectraguard-s,E-commerce,Region,Midwest,33875,880747.44,0.88
stackline_ecommerce,2025-08,2025-Q3,Vaccines,VetGuard Immunize,vetguard_immunize-l,E-commerce,Region,Midwest,6617,125719.19,0.88
stackline_ecommerce,2025-08,2025-Q3,Vaccines,VetGuard Immunize,vetguard_immunize-s,E-commerce,Region,Midwest,9005,171101.87,0.88
stackline_ecommerce,2025-08,2025-Q3,Vaccines,VetSelect Core Vax,vetselect_core_vax-l,E-commerce,Region,Midwest,7958,111408.18,0.88
stackline_ecommerce,2025-08,2025-Q3,Vaccines,VetSelect Core Vax,vetselect_core_vax-s,E-commerce,Region,Midwest,11490,160862.12,0.88
stackline_ecommerce,2025-08,2025-Q3,Dermatology,VetSelect Derma,vetselect_derma-l,E-commerce,Region,Midwest,5856,222546.97,0.88
stackline_ecommerce,2025-08,2025-Q3,Dermatology,VetSelect Derma,vetselect_derma-s,E-commerce,Region,Midwest,8077,306913.81,0.88
stackline_ecommerce,2025-08,2025-Q3,Petcare Diagnostics,VetSelect Dx,vetselect_dx-l,E-commerce,Region,Midwest,6930,83159.24,0.88
stackline_ecommerce,2025-08,2025-Q3,Petcare Diagnostics,VetSelect Dx,vetselect_dx-s,E-commerce,Region,Midwest,9948,119381.04,0.88
stackline_ecommerce,2025-08,2025-Q3,Parasiticides,VetSelect Flea & Tick,vetselect_flea_and_tick-l,E-commerce,Region,Midwest,26735,454487.22,0.88
stackline_ecommerce,2025-08,2025-Q3,Parasiticides,VetSelect Flea & Tick,vetselect_flea_and_tick-s,E-commerce,Region,Midwest,36643,622933.25,0.88
stackline_ecommerce,2025-08,2025-Q3,Pain/Osteoarthritis,VetSelect Joint,vetselect_joint-l,E-commerce,Region,Midwest,4283,124202.63,0.88
stackline_ecommerce,2025-08,2025-Q3,Pain/Osteoarthritis,VetSelect Joint,vetselect_joint-s,E-commerce,Region,Midwest,5689,164967.24,0.88
stackline_ecommerce,2025-08,2025-Q3,Petcare Diagnostics,Vetscan,vetscan-l,E-commerce,Region,Midwest,12651,227711.77,0.88
stackline_ecommerce,2025-08,2025-Q3,Petcare Diagnostics,Vetscan,vetscan-s,E-commerce,Region,Midwest,17788,320183.41,0.88
stackline_ecommerce,2025-08,2025-Q3,Dermatology,AllerVet RX,allervet_rx-l,E-commerce,Region,Northeast,7719,416827.69,0.88
stackline_ecommerce,2025-08,2025-Q3,Dermatology,AllerVet RX,allervet_rx-s,E-commerce,Region,Northeast,10107,545802.65,0.88
stackline_ecommerce,2025-08,2025-Q3,Dermatology,Apoquel,apoquel-l,E-commerce,Region,Northeast,10371,674110.19,0.88
stackline_ecommerce,2025-08,2025-Q3,Dermatology,Apoquel,apoquel-s,E-commerce,Region,Northeast,14344,932368.65,0.88
stackline_ecommerce,2025-08,2025-Q3,Vaccines,BioShield Vax,bioshield_vax-l,E-commerce,Region,Northeast,8023,160454.39,0.88
stackline_ecommerce,2025-08,2025-Q3,Vaccines,BioShield Vax,bioshield_vax-s,E-commerce,Region,Northeast,10628,212569.69,0.88
stackline_ecommerce,2025-08,2025-Q3,Dermatology,DermaCalm,dermacalm-l,E-commerce,Region,Northeast,7158,415151.08,0.88
stackline_ecommerce,2025-08,2025-Q3,Dermatology,DermaCalm,dermacalm-s,E-commerce,Region,Northeast,10495,608709.66,0.88
stackline_ecommerce,2025-08,2025-Q3,Petcare Diagnostics,DiagnosTech Vet,diagnostech_vet-l,E-commerce,Region,Northeast,13442,228509.2,0.88
stackline_ecommerce,2025-08,2025-Q3,Petcare Diagnostics,DiagnosTech Vet,diagnostech_vet-s,E-commerce,Region,Northeast,18307,311226.39,0.88
stackline_ecommerce,2025-08,2025-Q3,Parasiticides,FleaStop Pro,fleastop_pro-l,E-commerce,Region,Northeast,17695,371585.91,0.88
stackline_ecommerce,2025-08,2025-Q3,Parasiticides,FleaStop Pro,fleastop_pro-s,E-commerce,Region,Northeast,23453,492521.36,0.88
stackline_ecommerce,2025-08,2025-Q3,Pain/Osteoarthritis,FlexiCare Joint,flexicare_joint-l,E-commerce,Region,Northeast,4357,191695.94,0.88
stackline_ecommerce,2025-08,2025-Q3,Pain/Osteoarthritis,FlexiCare Joint,flexicare_joint-s,E-commerce,Region,Northeast,6244,274724.49,0.88
stackline_ecommerce,2025-08,2025-Q3,Vaccines,ImmunoCore Canine,immunocore_canine-l,E-commerce,Region,Northeast,10073,211537.72,0.88
stackline_ecommerce,2025-08,2025-Q3,Vaccines,ImmunoCore Canine,immunocore_canine-s,E-commerce,Region,Northeast,13341,280165.78,0.88
stackline_ecommerce,2025-08,2025-Q3,Pain/Osteoarthritis,Librela,librela-l,E-commerce,Region,Northeast,4258,204401.56,0.88
stackline_ecommerce,2025-08,2025-Q3,Pain/Osteoarthritis,Librela,librela-s,E-commerce,Region,Northeast,5626,270034.82,0.88
stackline_ecommerce,2025-08,2025-Q3,Pain/Osteoarthritis,OsteoEase Vet,osteoease_vet-l,E-commerce,Region,Northeast,4071,166891.38,0.88
stackline_ecommerce,2025-08,2025-Q3,Pain/Osteoarthritis,OsteoEase Vet,osteoease_vet-s,E-commerce,Region,Northeast,5753,235861.15,0.88
stackline_ecommerce,2025-08,2025-Q3,Pain/Osteoarthritis,PainAway Canine,painaway_canine-l,E-commerce,Region,Northeast,3883,143669.45,0.88
stackline_ecommerce,2025-08,2025-Q3,Pain/Osteoarthritis,PainAway Canine,painaway_canine-s,E-commerce,Region,Northeast,5468,202306.9,0.88
stackline_ecommerce,2025-08,2025-Q3,Petcare Diagnostics,PetLab Analyzer,petlab_analyzer-l,E-commerce,Region,Northeast,7947,119206.42,0.88
stackline_ecommerce,2025-08,2025-Q3,Petcare Diagnostics,PetLab Analyzer,petlab_analyzer-s,E-commerce,Region,Northeast,11228,168425.61,0.88
stackline_ecommerce,2025-08,2025-Q3,Petcare Diagnostics,RapidVet Dx,rapidvet_dx-l,E-commerce,Region,Northeast,11971,191542.64,0.88
stackline_ecommerce,2025-08,2025-Q3,Petcare Diagnostics,RapidVet Dx,rapidvet_dx-s,E-commerce,Region,Northeast,17233,275720.15,0.88
stackline_ecommerce,2025-08,2025-Q3,Parasiticides,Simparica Trio,simparica_trio-l,E-commerce,Region,Northeast,26548,743356.04,0.88
stackline_ecommerce,2025-08,2025-Q3,Parasiticides,Simparica Trio,simparica_trio-s,E-commerce,Region,Northeast,37019,1036537.23,0.88
stackline_ecommerce,2025-08,2025-Q3,Dermatology,SkinRelief Pro,skinrelief_pro-l,E-commerce,Region,Northeast,5695,279048.35,0.88
stackline_ecommerce,2025-08,2025-Q3,Dermatology,SkinRelief Pro,skinrelief_pro-s,E-commerce,Region,Northeast,8302,406817.81,0.88
stackline_ecommerce,2025-08,2025-Q3,Parasiticides,TickShield Plus,tickshield_plus-l,E-commerce,Region,Northeast,20389,489335.46,0.88
stackline_ecommerce,2025-08,2025-Q3,Parasiticides,TickShield Plus,tickshield_plus-s,E-commerce,Region,Northeast,29181,700343.87,0.88
stackline_ecommerce,2025-08,2025-Q3,Vaccines,Vanguard,vanguard-l,E-commerce,Region,Northeast,9273,203997.45,0.88
stackline_ecommerce,2025-08,2025-Q3,Vaccines,Vanguard,vanguard-s,E-commerce,Region,Northeast,12913,284075.13,0.88
stackline_ecommerce,2025-08,2025-Q3,Parasiticides,VectraGuard,vectraguard-l,E-commerce,Region,Northeast,25294,657642.11,0.88
stackline_ecommerce,2025-08,2025-Q3,Parasiticides,VectraGuard,vectraguard-s,E-commerce,Region,Northeast,35363,919425.54,0.88
stackline_ecommerce,2025-08,2025-Q3,Vaccines,VetGuard Immunize,vetguard_immunize-l,E-commerce,Region,Northeast,6850,130141.59,0.88
stackline_ecommerce,2025-08,2025-Q3,Vaccines,VetGuard Immunize,vetguard_immunize-s,E-commerce,Region,Northeast,9585,182110.9,0.88
stackline_ecommerce,2025-08,2025-Q3,Vaccines,VetSelect Core Vax,vetselect_core_vax-l,E-commerce,Region,Northeast,8026,112367.29,0.88
stackline_ecommerce,2025-08,2025-Q3,Vaccines,VetSelect Core Vax,vetselect_core_vax-s,E-commerce,Region,Northeast,11232,157248.21,0.88
stackline_ecommerce,2025-08,2025-Q3,Dermatology,VetSelect Derma,vetselect_derma-l,E-commerce,Region,Northeast,6759,256859.96,0.88
stackline_ecommerce,2025-08,2025-Q3,Dermatology,VetSelect Derma,vetselect_derma-s,E-commerce,Region,Northeast,9158,348004.04,0.88
stackline_ecommerce,2025-08,2025-Q3,Petcare Diagnostics,VetSelect Dx,vetselect_dx-l,E-commerce,Region,Northeast,8174,98092.58,0.88
stackline_ecommerce,2025-08,2025-Q3,Petcare Diagnostics,VetSelect Dx,vetselect_dx-s,E-commerce,Region,Northeast,10565,126775.88,0.88
stackline_ecommerce,2025-08,2025-Q3,Parasiticides,VetSelect Flea & Tick,vetselect_flea_and_tick-l,E-commerce,Region,Northeast,28356,482046.01,0.88
stackline_ecommerce,2025-08,2025-Q3,Parasiticides,VetSelect Flea & Tick,vetselect_flea_and_tick-s,E-commerce,Region,Northeast,40093,681585.96,0.88
stackline_ecommerce,2025-08,2025-Q3,Pain/Osteoarthritis,VetSelect Joint,vetselect_joint-l,E-commerce,Region,Northeast,4390,127310.06,0.88
stackline_ecommerce,2025-08,2025-Q3,Pain/Osteoarthritis,VetSelect Joint,vetselect_joint-s,E-commerce,Region,Northeast,5842,169426.64,0.88
stackline_ecommerce,2025-08,2025-Q3,Petcare Diagnostics,Vetscan,vetscan-l,E-commerce,Region,Northeast,12481,224650.9,0.88
stackline_ecommerce,2025-08,2025-Q3,Petcare Diagnostics,Vetscan,vetscan-s,E-commerce,Region,Northeast,17650,317707.94,0.88
stackline_ecommerce,2025-08,2025-Q3,Dermatology,AllerVet RX,allervet_rx-l,E-commerce,Region,South,11335,612107.07,0.88
stackline_ecommerce,2025-08,2025-Q3,Dermatology,AllerVet RX,allervet_rx-s,E-commerce,Region,South,15423,832829.22,0.88
stackline_ecommerce,2025-08,2025-Q3,Dermatology,Apoquel,apoquel-l,E-commerce,Region,South,15680,1019190.02,0.88
stackline_ecommerce,2025-08,2025-Q3,Dermatology,Apoquel,apoquel-s,E-commerce,Region,South,22531,1464488.39,0.88
stackline_ecommerce,2025-08,2025-Q3,Vaccines,BioShield Vax,bioshield_vax-l,E-commerce,Region,South,12138,242752.98,0.88
stackline_ecommerce,2025-08,2025-Q3,Vaccines,BioShield Vax,bioshield_vax-s,E-commerce,Region,South,16956,339126.19,0.88
stackline_ecommerce,2025-08,2025-Q3,Dermatology,DermaCalm,dermacalm-l,E-commerce,Region,South,11468,665122.74,0.88
stackline_ecommerce,2025-08,2025-Q3,Dermatology,DermaCalm,dermacalm-s,E-commerce,Region,South,16132,935657.65,0.88
stackline_ecommerce,2025-08,2025-Q3,Petcare Diagnostics,DiagnosTech Vet,diagnostech_vet-l,E-commerce,Region,South,21206,360509.51,0.88
stackline_ecommerce,2025-08,2025-Q3,Petcare Diagnostics,DiagnosTech Vet,diagnostech_vet-s,E-commerce,Region,South,28288,480898.31,0.88
stackline_ecommerce,2025-08,2025-Q3,Parasiticides,FleaStop Pro,fleastop_pro-l,E-commerce,Region,South,27158,570318.96,0.88
stackline_ecommerce,2025-08,2025-Q3,Parasiticides,FleaStop Pro,fleastop_pro-s,E-commerce,Region,South,38385,806094.68,0.88
stackline_ecommerce,2025-08,2025-Q3,Pain/Osteoarthritis,FlexiCare Joint,flexicare_joint-l,E-commerce,Region,South,6659,292984.25,0.88
stackline_ecommerce,2025-08,2025-Q3,Pain/Osteoarthritis,FlexiCare Joint,flexicare_joint-s,E-commerce,Region,South,8812,387745.74,0.88
stackline_ecommerce,2025-08,2025-Q3,Vaccines,ImmunoCore Canine,immunocore_canine-l,E-commerce,Region,South,15332,321976.33,0.88
stackline_ecommerce,2025-08,2025-Q3,Vaccines,ImmunoCore Canine,immunocore_canine-s,E-commerce,Region,South,21759,456949.27,0.88
stackline_ecommerce,2025-08,2025-Q3,Pain/Osteoarthritis,Librela,librela-l,E-commerce,Region,South,6777,325273.09,0.88
stackline_ecommerce,2025-08,2025-Q3,Pain/Osteoarthritis,Librela,librela-s,E-commerce,Region,South,9128,438166.39,0.88
stackline_ecommerce,2025-08,2025-Q3,Pain/Osteoarthritis,OsteoEase Vet,osteoease_vet-l,E-commerce,Region,South,6123,251042.1,0.88
stackline_ecommerce,2025-08,2025-Q3,Pain/Osteoarthritis,OsteoEase Vet,osteoease_vet-s,E-commerce,Region,South,8320,341104.99,0.88
stackline_ecommerce,2025-08,2025-Q3,Pain/Osteoarthritis,PainAway Canine,painaway_canine-l,E-commerce,Region,South,5697,210806.7,0.88
stackline_ecommerce,2025-08,2025-Q3,Pain/Osteoarthritis,PainAway Canine,painaway_canine-s,E-commerce,Region,South,8112,300155.13,0.88
stackline_ecommerce,2025-08,2025-Q3,Petcare Diagnostics,PetLab Analyzer,petlab_analyzer-l,E-commerce,Region,South,11990,179852.26,0.88
stackline_ecommerce,2025-08,2025-Q3,Petcare Diagnostics,PetLab Analyzer,petlab_analyzer-s,E-commerce,Region,South,17648,264713.2,0.88
stackline_ecommerce,2025-08,2025-Q3,Petcare Diagnostics,RapidVet Dx,rapidvet_dx-l,E-commerce,Region,South,20111,321777.01,0.88
stackline_ecommerce,2025-08,2025-Q3,Petcare Diagnostics,RapidVet Dx,rapidvet_dx-s,E-commerce,Region,South,27084,433340.29,0.88
stackline_ecommerce,2025-08,2025-Q3,Parasiticides,Simparica Trio,simparica_trio-l,E-commerce,Region,South,43253,1211081.11,0.88
stackline_ecommerce,2025-08,2025-Q3,Parasiticides,Simparica Trio,simparica_trio-s,E-commerce,Region,South,58900,1649192.62,0.88
stackline_ecommerce,2025-08,2025-Q3,Dermatology,SkinRelief Pro,skinrelief_pro-l,E-commerce,Region,South,9760,478256.85,0.88
stackline_ecommerce,2025-08,2025-Q3,Dermatology,SkinRelief Pro,skinrelief_pro-s,E-commerce,Region,South,12678,621222.39,0.88
stackline_ecommerce,2025-08,2025-Q3,Parasiticides,TickShield Plus,tickshield_plus-l,E-commerce,Region,South,30027,720643.16,0.88
stackline_ecommerce,2025-08,2025-Q3,Parasiticides,TickShield Plus,tickshield_plus-s,E-commerce,Region,South,40423,970141.23,0.88
stackline_ecommerce,2025-08,2025-Q3,Vaccines,Vanguard,vanguard-l,E-commerce,Region,South,13173,289812.43,0.88
stackline_ecommerce,2025-08,2025-Q3,Vaccines,Vanguard,vanguard-s,E-commerce,Region,South,18741,412294.47,0.88
stackline_ecommerce,2025-08,2025-Q3,Parasiticides,VectraGuard,vectraguard-l,E-commerce,Region,South,40200,1045207.99,0.88
stackline_ecommerce,2025-08,2025-Q3,Parasiticides,VectraGuard,vectraguard-s,E-commerce,Region,South,56267,1462945.29,0.88
stackline_ecommerce,2025-08,2025-Q3,Vaccines,VetGuard Immunize,vetguard_immunize-l,E-commerce,Region,South,11160,212037.56,0.88
stackline_ecommerce,2025-08,2025-Q3,Vaccines,VetGuard Immunize,vetguard_immunize-s,E-commerce,Region,South,15758,299402.87,0.88
stackline_ecommerce,2025-08,2025-Q3,Vaccines,VetSelect Core Vax,vetselect_core_vax-l,E-commerce,Region,South,12548,175670.87,0.88
stackline_ecommerce,2025-08,2025-Q3,Vaccines,VetSelect Core Vax,vetselect_core_vax-s,E-commerce,Region,South,17219,241065.16,0.88
stackline_ecommerce,2025-08,2025-Q3,Dermatology,VetSelect Derma,vetselect_derma-l,E-commerce,Region,South,10615,403380.0,0.88
stackline_ecommerce,2025-08,2025-Q3,Dermatology,VetSelect Derma,vetselect_derma-s,E-commerce,Region,South,15003,570130.68,0.88
stackline_ecommerce,2025-08,2025-Q3,Petcare Diagnostics,VetSelect Dx,vetselect_dx-l,E-commerce,Region,South,12567,150809.83,0.88
stackline_ecommerce,2025-08,2025-Q3,Petcare Diagnostics,VetSelect Dx,vetselect_dx-s,E-commerce,Region,South,16435,197216.21,0.88
stackline_ecommerce,2025-08,2025-Q3,Parasiticides,VetSelect Flea & Tick,vetselect_flea_and_tick-l,E-commerce,Region,South,49365,839210.39,0.88
stackline_ecommerce,2025-08,2025-Q3,Parasiticides,VetSelect Flea & Tick,vetselect_flea_and_tick-s,E-commerce,Region,South,61009,1037159.97,0.88
stackline_ecommerce,2025-08,2025-Q3,Pain/Osteoarthritis,VetSelect Joint,vetselect_joint-l,E-commerce,Region,South,6486,188080.89,0.88
stackline_ecommerce,2025-08,2025-Q3,Pain/Osteoarthritis,VetSelect Joint,vetselect_joint-s,E-commerce,Region,South,9134,264887.63,0.88
stackline_ecommerce,2025-08,2025-Q3,Petcare Diagnostics,Vetscan,vetscan-l,E-commerce,Region,South,20517,369312.6,0.88
stackline_ecommerce,2025-08,2025-Q3,Petcare Diagnostics,Vetscan,vetscan-s,E-commerce,Region,South,27231,490159.27,0.88
stackline_ecommerce,2025-08,2025-Q3,Dermatology,AllerVet RX,allervet_rx-l,E-commerce,Region,West,7274,392777.39,0.88
stackline_ecommerce,2025-08,2025-Q3,Dermatology,AllerVet RX,allervet_rx-s,E-commerce,Region,West,9896,534384.18,0.88
stackline_ecommerce,2025-08,2025-Q3,Dermatology,Apoquel,apoquel-l,E-commerce,Region,West,10715,696473.25,0.88
stackline_ecommerce,2025-08,2025-Q3,Dermatology,Apoquel,apoquel-s,E-commerce,Region,West,14585,947996.05,0.88
stackline_ecommerce,2025-08,2025-Q3,Vaccines,BioShield Vax,bioshield_vax-l,E-commerce,Region,West,8634,172680.91,0.88
stackline_ecommerce,2025-08,2025-Q3,Vaccines,BioShield Vax,bioshield_vax-s,E-commerce,Region,West,11156,223114.7,0.88
stackline_ecommerce,2025-08,2025-Q3,Dermatology,DermaCalm,dermacalm-l,E-commerce,Region,West,8287,480634.39,0.88
stackline_ecommerce,2025-08,2025-Q3,Dermatology,DermaCalm,dermacalm-s,E-commerce,Region,West,12300,713403.93,0.88
stackline_ecommerce,2025-08,2025-Q3,Petcare Diagnostics,DiagnosTech Vet,diagnostech_vet-l,E-commerce,Region,West,13167,223842.63,0.88
stackline_ecommerce,2025-08,2025-Q3,Petcare Diagnostics,DiagnosTech Vet,diagnostech_vet-s,E-commerce,Region,West,17867,303738.19,0.88
stackline_ecommerce,2025-08,2025-Q3,Parasiticides,FleaStop Pro,fleastop_pro-l,E-commerce,Region,West,18255,383363.78,0.88
stackline_ecommerce,2025-08,2025-Q3,Parasiticides,FleaStop Pro,fleastop_pro-s,E-commerce,Region,West,26676,560195.6,0.88
stackline_ecommerce,2025-08,2025-Q3,Pain/Osteoarthritis,FlexiCare Joint,flexicare_joint-l,E-commerce,Region,West,4551,200249.54,0.88
stackline_ecommerce,2025-08,2025-Q3,Pain/Osteoarthritis,FlexiCare Joint,flexicare_joint-s,E-commerce,Region,West,6488,285451.68,0.88
stackline_ecommerce,2025-08,2025-Q3,Vaccines,ImmunoCore Canine,immunocore_canine-l,E-commerce,Region,West,10258,215409.69,0.88
stackline_ecommerce,2025-08,2025-Q3,Vaccines,ImmunoCore Canine,immunocore_canine-s,E-commerce,Region,West,14368,301728.81,0.88
stackline_ecommerce,2025-08,2025-Q3,Pain/Osteoarthritis,Librela,librela-l,E-commerce,Region,West,4293,206059.47,0.88
stackline_ecommerce,2025-08,2025-Q3,Pain/Osteoarthritis,Librela,librela-s,E-commerce,Region,West,5824,279574.07,0.88
stackline_ecommerce,2025-08,2025-Q3,Pain/Osteoarthritis,OsteoEase Vet,osteoease_vet-l,E-commerce,Region,West,4358,178695.31,0.88
stackline_ecommerce,2025-08,2025-Q3,Pain/Osteoarthritis,OsteoEase Vet,osteoease_vet-s,E-commerce,Region,West,5462,223956.42,0.88
stackline_ecommerce,2025-08,2025-Q3,Pain/Osteoarthritis,PainAway Canine,painaway_canine-l,E-commerce,Region,West,3738,138312.05,0.88
stackline_ecommerce,2025-08,2025-Q3,Pain/Osteoarthritis,PainAway Canine,painaway_canine-s,E-commerce,Region,West,4860,179831.17,0.88
stackline_ecommerce,2025-08,2025-Q3,Petcare Diagnostics,PetLab Analyzer,petlab_analyzer-l,E-commerce,Region,West,8599,128985.29,0.88
stackline_ecommerce,2025-08,2025-Q3,Petcare Diagnostics,PetLab Analyzer,petlab_analyzer-s,E-commerce,Region,West,12139,182089.8,0.88
stackline_ecommerce,2025-08,2025-Q3,Petcare Diagnostics,RapidVet Dx,rapidvet_dx-l,E-commerce,Region,West,12648,202362.01,0.88
stackline_ecommerce,2025-08,2025-Q3,Petcare Diagnostics,RapidVet Dx,rapidvet_dx-s,E-commerce,Region,West,17856,285696.16,0.88
stackline_ecommerce,2025-08,2025-Q3,Parasiticides,Simparica Trio,simparica_trio-l,E-commerce,Region,West,30212,845936.97,0.88
stackline_ecommerce,2025-08,2025-Q3,Parasiticides,Simparica Trio,simparica_trio-s,E-commerce,Region,West,41799,1170376.34,0.88
stackline_ecommerce,2025-08,2025-Q3,Dermatology,SkinRelief Pro,skinrelief_pro-l,E-commerce,Region,West,6515,319220.07,0.88
stackline_ecommerce,2025-08,2025-Q3,Dermatology,SkinRelief Pro,skinrelief_pro-s,E-commerce,Region,West,9101,445954.51,0.88
stackline_ecommerce,2025-08,2025-Q3,Parasiticides,TickShield Plus,tickshield_plus-l,E-commerce,Region,West,23029,552697.94,0.88
stackline_ecommerce,2025-08,2025-Q3,Parasiticides,TickShield Plus,tickshield_plus-s,E-commerce,Region,West,31353,752464.24,0.88
stackline_ecommerce,2025-08,2025-Q3,Vaccines,Vanguard,vanguard-l,E-commerce,Region,West,9770,214943.08,0.88
stackline_ecommerce,2025-08,2025-Q3,Vaccines,Vanguard,vanguard-s,E-commerce,Region,West,14479,318529.28,0.88
stackline_ecommerce,2025-08,2025-Q3,Parasiticides,VectraGuard,vectraguard-l,E-commerce,Region,West,26480,688470.32,0.88
stackline_ecommerce,2025-08,2025-Q3,Parasiticides,VectraGuard,vectraguard-s,E-commerce,Region,West,35612,925915.32,0.88
stackline_ecommerce,2025-08,2025-Q3,Vaccines,VetGuard Immunize,vetguard_immunize-l,E-commerce,Region,West,7081,134536.61,0.88
stackline_ecommerce,2025-08,2025-Q3,Vaccines,VetGuard Immunize,vetguard_immunize-s,E-commerce,Region,West,10466,198849.64,0.88
stackline_ecommerce,2025-08,2025-Q3,Vaccines,VetSelect Core Vax,vetselect_core_vax-l,E-commerce,Region,West,8348,116873.32,0.88
stackline_ecommerce,2025-08,2025-Q3,Vaccines,VetSelect Core Vax,vetselect_core_vax-s,E-commerce,Region,West,11307,158302.23,0.88
stackline_ecommerce,2025-08,2025-Q3,Dermatology,VetSelect Derma,vetselect_derma-l,E-commerce,Region,West,7229,274703.11,0.88
stackline_ecommerce,2025-08,2025-Q3,Dermatology,VetSelect Derma,vetselect_derma-s,E-commerce,Region,West,9831,373594.33,0.88
stackline_ecommerce,2025-08,2025-Q3,Petcare Diagnostics,VetSelect Dx,vetselect_dx-l,E-commerce,Region,West,7971,95653.46,0.88
stackline_ecommerce,2025-08,2025-Q3,Petcare Diagnostics,VetSelect Dx,vetselect_dx-s,E-commerce,Region,West,10870,130436.82,0.88
stackline_ecommerce,2025-08,2025-Q3,Parasiticides,VetSelect Flea & Tick,vetselect_flea_and_tick-l,E-commerce,Region,West,31190,530235.18,0.88
stackline_ecommerce,2025-08,2025-Q3,Parasiticides,VetSelect Flea & Tick,vetselect_flea_and_tick-s,E-commerce,Region,West,44154,750616.81,0.88
stackline_ecommerce,2025-08,2025-Q3,Pain/Osteoarthritis,VetSelect Joint,vetselect_joint-l,E-commerce,Region,West,4866,141115.42,0.88
stackline_ecommerce,2025-08,2025-Q3,Pain/Osteoarthritis,VetSelect Joint,vetselect_joint-s,E-commerce,Region,West,6881,199555.71,0.88
stackline_ecommerce,2025-08,2025-Q3,Petcare Diagnostics,Vetscan,vetscan-l,E-commerce,Region,West,13669,246050.22,0.88
stackline_ecommerce,2025-08,2025-Q3,Petcare Diagnostics,Vetscan,vetscan-s,E-commerce,Region,West,19079,343419.58,0.88
stackline_ecommerce,2025-09,2025-Q3,Dermatology,AllerVet RX,allervet_rx-l,E-commerce,National,National,31183,1683873.16,0.88
stackline_ecommerce,2025-09,2025-Q3,Dermatology,AllerVet RX,allervet_rx-s,E-commerce,National,National,43781,2364158.35,0.88
stackline_ecommerce,2025-09,2025-Q3,Dermatology,Apoquel,apoquel-l,E-commerce,National,National,45079,2930106.39,0.88
stackline_ecommerce,2025-09,2025-Q3,Dermatology,Apoquel,apoquel-s,E-commerce,National,National,63720,4141792.3,0.88
stackline_ecommerce,2025-09,2025-Q3,Vaccines,BioShield Vax,bioshield_vax-l,E-commerce,National,National,36216,724315.49,0.88
stackline_ecommerce,2025-09,2025-Q3,Vaccines,BioShield Vax,bioshield_vax-s,E-commerce,National,National,49518,990364.56,0.88
stackline_ecommerce,2025-09,2025-Q3,Dermatology,DermaCalm,dermacalm-l,E-commerce,National,National,33833,1962308.85,0.88
stackline_ecommerce,2025-09,2025-Q3,Dermatology,DermaCalm,dermacalm-s,E-commerce,National,National,46016,2668963.68,0.88
stackline_ecommerce,2025-09,2025-Q3,Petcare Diagnostics,DiagnosTech Vet,diagnostech_vet-l,E-commerce,National,National,61897,1052244.69,0.88
stackline_ecommerce,2025-09,2025-Q3,Petcare Diagnostics,DiagnosTech Vet,diagnostech_vet-s,E-commerce,National,National,88829,1510077.97,0.88
stackline_ecommerce,2025-09,2025-Q3,Parasiticides,FleaStop Pro,fleastop_pro-l,E-commerce,National,National,71291,1497116.33,0.88
stackline_ecommerce,2025-09,2025-Q3,Parasiticides,FleaStop Pro,fleastop_pro-s,E-commerce,National,National,100426,2108939.28,0.88
stackline_ecommerce,2025-09,2025-Q3,Pain/Osteoarthritis,FlexiCare Joint,flexicare_joint-l,E-commerce,National,National,21288,936663.41,0.88
stackline_ecommerce,2025-09,2025-Q3,Pain/Osteoarthritis,FlexiCare Joint,flexicare_joint-s,E-commerce,National,National,29271,1287899.96,0.88
stackline_ecommerce,2025-09,2025-Q3,Vaccines,ImmunoCore Canine,immunocore_canine-l,E-commerce,National,National,42695,896576.09,0.88
stackline_ecommerce,2025-09,2025-Q3,Vaccines,ImmunoCore Canine,immunocore_canine-s,E-commerce,National,National,59115,1241418.17,0.88
stackline_ecommerce,2025-09,2025-Q3,Pain/Osteoarthritis,Librela,librela-l,E-commerce,National,National,19431,932746.82,0.88
stackline_ecommerce,2025-09,2025-Q3,Pain/Osteoarthritis,Librela,librela-s,E-commerce,National,National,27321,1311389.44,0.88
stackline_ecommerce,2025-09,2025-Q3,Pain/Osteoarthritis,OsteoEase Vet,osteoease_vet-l,E-commerce,National,National,21099,865035.84,0.88
stackline_ecommerce,2025-09,2025-Q3,Pain/Osteoarthritis,OsteoEase Vet,osteoease_vet-s,E-commerce,National,National,28224,1157168.55,0.88
stackline_ecommerce,2025-09,2025-Q3,Pain/Osteoarthritis,PainAway Canine,painaway_canine-l,E-commerce,National,National,17468,646313.51,0.88
stackline_ecommerce,2025-09,2025-Q3,Pain/Osteoarthritis,PainAway Canine,painaway_canine-s,E-commerce,National,National,23483,868844.22,0.88
stackline_ecommerce,2025-09,2025-Q3,Petcare Diagnostics,PetLab Analyzer,petlab_analyzer-l,E-commerce,National,National,35779,536679.52,0.88
stackline_ecommerce,2025-09,2025-Q3,Petcare Diagnostics,PetLab Analyzer,petlab_analyzer-s,E-commerce,National,National,50050,750734.87,0.88
stackline_ecommerce,2025-09,2025-Q3,Petcare Diagnostics,RapidVet Dx,rapidvet_dx-l,E-commerce,National,National,56967,911492.91,0.88
stackline_ecommerce,2025-09,2025-Q3,Petcare Diagnostics,RapidVet Dx,rapidvet_dx-s,E-commerce,National,National,80016,1280276.44,0.88
stackline_ecommerce,2025-09,2025-Q3,Parasiticides,Simparica Trio,simparica_trio-l,E-commerce,National,National,111002,3108036.81,0.88
stackline_ecommerce,2025-09,2025-Q3,Parasiticides,Simparica Trio,simparica_trio-s,E-commerce,National,National,157899,4421185.28,0.88
stackline_ecommerce,2025-09,2025-Q3,Dermatology,SkinRelief Pro,skinrelief_pro-l,E-commerce,National,National,27241,1334826.1,0.88
stackline_ecommerce,2025-09,2025-Q3,Dermatology,SkinRelief Pro,skinrelief_pro-s,E-commerce,National,National,38687,1895601.1,0.88
stackline_ecommerce,2025-09,2025-Q3,Parasiticides,TickShield Plus,tickshield_plus-l,E-commerce,National,National,79544,1909044.83,0.88
stackline_ecommerce,2025-09,2025-Q3,Parasiticides,TickShield Plus,tickshield_plus-s,E-commerce,National,National,110801,2659212.77,0.88
stackline_ecommerce,2025-09,2025-Q3,Vaccines,Vanguard,vanguard-l,E-commerce,National,National,39079,859728.24,0.88
stackline_ecommerce,2025-09,2025-Q3,Vaccines,Vanguard,vanguard-s,E-commerce,National,National,55374,1218249.84,0.88
stackline_ecommerce,2025-09,2025-Q3,Parasiticides,VectraGuard,vectraguard-l,E-commerce,National,National,97606,2537757.41,0.88
stackline_ecommerce,2025-09,2025-Q3,Parasiticides,VectraGuard,vectraguard-s,E-commerce,National,National,135996,3535912.27,0.88
stackline_ecommerce,2025-09,2025-Q3,Vaccines,VetGuard Immunize,vetguard_immunize-l,E-commerce,National,National,32185,611500.94,0.88
stackline_ecommerce,2025-09,2025-Q3,Vaccines,VetGuard Immunize,vetguard_immunize-s,E-commerce,National,National,44873,852570.15,0.88
stackline_ecommerce,2025-09,2025-Q3,Vaccines,VetSelect Core Vax,vetselect_core_vax-l,E-commerce,National,National,34894,488505.51,0.88
stackline_ecommerce,2025-09,2025-Q3,Vaccines,VetSelect Core Vax,vetselect_core_vax-s,E-commerce,National,National,45328,634599.72,0.88
stackline_ecommerce,2025-09,2025-Q3,Dermatology,VetSelect Derma,vetselect_derma-l,E-commerce,National,National,31682,1203917.84,0.88
stackline_ecommerce,2025-09,2025-Q3,Dermatology,VetSelect Derma,vetselect_derma-s,E-commerce,National,National,43510,1653353.65,0.88
stackline_ecommerce,2025-09,2025-Q3,Petcare Diagnostics,VetSelect Dx,vetselect_dx-l,E-commerce,National,National,37364,448381.21,0.88
stackline_ecommerce,2025-09,2025-Q3,Petcare Diagnostics,VetSelect Dx,vetselect_dx-s,E-commerce,National,National,52586,631042.77,0.88
stackline_ecommerce,2025-09,2025-Q3,Parasiticides,VetSelect Flea & Tick,vetselect_flea_and_tick-l,E-commerce,National,National,109175,1855974.24,0.88
stackline_ecommerce,2025-09,2025-Q3,Parasiticides,VetSelect Flea & Tick,vetselect_flea_and_tick-s,E-commerce,National,National,154772,2631118.78,0.88
stackline_ecommerce,2025-09,2025-Q3,Pain/Osteoarthritis,VetSelect Joint,vetselect_joint-l,E-commerce,National,National,21492,623263.71,0.88
stackline_ecommerce,2025-09,2025-Q3,Pain/Osteoarthritis,VetSelect Joint,vetselect_joint-s,E-commerce,National,National,29714,861707.21,0.88
stackline_ecommerce,2025-09,2025-Q3,Petcare Diagnostics,Vetscan,vetscan-l,E-commerce,National,National,60683,1092297.2,0.88
stackline_ecommerce,2025-09,2025-Q3,Petcare Diagnostics,Vetscan,vetscan-s,E-commerce,National,National,84688,1524368.25,0.88
stackline_ecommerce,2025-09,2025-Q3,Dermatology,AllerVet RX,allervet_rx-l,E-commerce,Region,Midwest,6164,332852.32,0.88
stackline_ecommerce,2025-09,2025-Q3,Dermatology,AllerVet RX,allervet_rx-s,E-commerce,Region,Midwest,8857,478278.95,0.88
stackline_ecommerce,2025-09,2025-Q3,Dermatology,Apoquel,apoquel-l,E-commerce,Region,Midwest,9183,596890.77,0.88
stackline_ecommerce,2025-09,2025-Q3,Dermatology,Apoquel,apoquel-s,E-commerce,Region,Midwest,13477,876000.36,0.88
stackline_ecommerce,2025-09,2025-Q3,Vaccines,BioShield Vax,bioshield_vax-l,E-commerce,Region,Midwest,7468,149350.8,0.88
stackline_ecommerce,2025-09,2025-Q3,Vaccines,BioShield Vax,bioshield_vax-s,E-commerce,Region,Midwest,9647,192932.88,0.88
stackline_ecommerce,2025-09,2025-Q3,Dermatology,DermaCalm,dermacalm-l,E-commerce,Region,Midwest,7635,442857.44,0.88
stackline_ecommerce,2025-09,2025-Q3,Dermatology,DermaCalm,dermacalm-s,E-commerce,Region,Midwest,9937,576362.36,0.88
stackline_ecommerce,2025-09,2025-Q3,Petcare Diagnostics,DiagnosTech Vet,diagnostech_vet-l,E-commerce,Region,Midwest,11895,202207.1,0.88
stackline_ecommerce,2025-09,2025-Q3,Petcare Diagnostics,DiagnosTech Vet,diagnostech_vet-s,E-commerce,Region,Midwest,18340,311776.37,0.88
stackline_ecommerce,2025-09,2025-Q3,Parasiticides,FleaStop Pro,fleastop_pro-l,E-commerce,Region,Midwest,15230,319835.8,0.88
stackline_ecommerce,2025-09,2025-Q3,Parasiticides,FleaStop Pro,fleastop_pro-s,E-commerce,Region,Midwest,21373,448835.05,0.88
stackline_ecommerce,2025-09,2025-Q3,Pain/Osteoarthritis,FlexiCare Joint,flexicare_joint-l,E-commerce,Region,Midwest,4480,197132.35,0.88
stackline_ecommerce,2025-09,2025-Q3,Pain/Osteoarthritis,FlexiCare Joint,flexicare_joint-s,E-commerce,Region,Midwest,6572,289151.64,0.88
stackline_ecommerce,2025-09,2025-Q3,Vaccines,ImmunoCore Canine,immunocore_canine-l,E-commerce,Region,Midwest,9224,193696.44,0.88
stackline_ecommerce,2025-09,2025-Q3,Vaccines,ImmunoCore Canine,immunocore_canine-s,E-commerce,Region,Midwest,13119,275507.44,0.88
stackline_ecommerce,2025-09,2025-Q3,Pain/Osteoarthritis,Librela,librela-l,E-commerce,Region,Midwest,3840,184337.88,0.88
stackline_ecommerce,2025-09,2025-Q3,Pain/Osteoarthritis,Librela,librela-s,E-commerce,Region,Midwest,5272,253046.54,0.88
stackline_ecommerce,2025-09,2025-Q3,Pain/Osteoarthritis,OsteoEase Vet,osteoease_vet-l,E-commerce,Region,Midwest,4069,166813.85,0.88
stackline_ecommerce,2025-09,2025-Q3,Pain/Osteoarthritis,OsteoEase Vet,osteoease_vet-s,E-commerce,Region,Midwest,5875,240855.18,0.88
stackline_ecommerce,2025-09,2025-Q3,Pain/Osteoarthritis,PainAway Canine,painaway_canine-l,E-commerce,Region,Midwest,3714,137401.72,0.88
stackline_ecommerce,2025-09,2025-Q3,Pain/Osteoarthritis,PainAway Canine,painaway_canine-s,E-commerce,Region,Midwest,5115,189245.79,0.88
stackline_ecommerce,2025-09,2025-Q3,Petcare Diagnostics,PetLab Analyzer,petlab_analyzer-l,E-commerce,Region,Midwest,7217,108249.77,0.88
stackline_ecommerce,2025-09,2025-Q3,Petcare Diagnostics,PetLab Analyzer,petlab_analyzer-s,E-commerce,Region,Midwest,9920,148793.59,0.88
stackline_ecommerce,2025-09,2025-Q3,Petcare Diagnostics,RapidVet Dx,rapidvet_dx-l,E-commerce,Region,Midwest,12353,197650.24,0.88
stackline_ecommerce,2025-09,2025-Q3,Petcare Diagnostics,RapidVet Dx,rapidvet_dx-s,E-commerce,Region,Midwest,17213,275413.16,0.88
stackline_ecommerce,2025-09,2025-Q3,Parasiticides,Simparica Trio,simparica_trio-l,E-commerce,Region,Midwest,22842,639572.74,0.88
stackline_ecommerce,2025-09,2025-Q3,Parasiticides,Simparica Trio,simparica_trio-s,E-commerce,Region,Midwest,31730,888439.89,0.88
stackline_ecommerce,2025-09,2025-Q3,Dermatology,SkinRelief Pro,skinrelief_pro-l,E-commerce,Region,Midwest,5484,268733.05,0.88
stackline_ecommerce,2025-09,2025-Q3,Dermatology,SkinRelief Pro,skinrelief_pro-s,E-commerce,Region,Midwest,7986,391311.6,0.88
stackline_ecommerce,2025-09,2025-Q3,Parasiticides,TickShield Plus,tickshield_plus-l,E-commerce,Region,Midwest,17053,409268.0,0.88
stackline_ecommerce,2025-09,2025-Q3,Parasiticides,TickShield Plus,tickshield_plus-s,E-commerce,Region,Midwest,23005,552111.38,0.88
stackline_ecommerce,2025-09,2025-Q3,Vaccines,Vanguard,vanguard-l,E-commerce,Region,Midwest,7620,167633.9,0.88
stackline_ecommerce,2025-09,2025-Q3,Vaccines,Vanguard,vanguard-s,E-commerce,Region,Midwest,10625,233757.69,0.88
stackline_ecommerce,2025-09,2025-Q3,Parasiticides,VectraGuard,vectraguard-l,E-commerce,Region,Midwest,20463,532047.41,0.88
stackline_ecommerce,2025-09,2025-Q3,Parasiticides,VectraGuard,vectraguard-s,E-commerce,Region,Midwest,27626,718282.63,0.88
stackline_ecommerce,2025-09,2025-Q3,Vaccines,VetGuard Immunize,vetguard_immunize-l,E-commerce,Region,Midwest,6833,129826.7,0.88
stackline_ecommerce,2025-09,2025-Q3,Vaccines,VetGuard Immunize,vetguard_immunize-s,E-commerce,Region,Midwest,9750,185243.87,0.88
stackline_ecommerce,2025-09,2025-Q3,Vaccines,VetSelect Core Vax,vetselect_core_vax-l,E-commerce,Region,Midwest,7170,100375.53,0.88
stackline_ecommerce,2025-09,2025-Q3,Vaccines,VetSelect Core Vax,vetselect_core_vax-s,E-commerce,Region,Midwest,9691,135677.74,0.88
stackline_ecommerce,2025-09,2025-Q3,Dermatology,VetSelect Derma,vetselect_derma-l,E-commerce,Region,Midwest,6893,261920.51,0.88
stackline_ecommerce,2025-09,2025-Q3,Dermatology,VetSelect Derma,vetselect_derma-s,E-commerce,Region,Midwest,9243,351234.51,0.88
stackline_ecommerce,2025-09,2025-Q3,Petcare Diagnostics,VetSelect Dx,vetselect_dx-l,E-commerce,Region,Midwest,7471,89656.24,0.88
stackline_ecommerce,2025-09,2025-Q3,Petcare Diagnostics,VetSelect Dx,vetselect_dx-s,E-commerce,Region,Midwest,11003,132038.99,0.88
stackline_ecommerce,2025-09,2025-Q3,Parasiticides,VetSelect Flea & Tick,vetselect_flea_and_tick-l,E-commerce,Region,Midwest,22335,379689.35,0.88
stackline_ecommerce,2025-09,2025-Q3,Parasiticides,VetSelect Flea & Tick,vetselect_flea_and_tick-s,E-commerce,Region,Midwest,32115,545954.04,0.88
stackline_ecommerce,2025-09,2025-Q3,Pain/Osteoarthritis,VetSelect Joint,vetselect_joint-l,E-commerce,Region,Midwest,4500,130499.13,0.88
stackline_ecommerce,2025-09,2025-Q3,Pain/Osteoarthritis,VetSelect Joint,vetselect_joint-s,E-commerce,Region,Midwest,6394,185419.51,0.88
stackline_ecommerce,2025-09,2025-Q3,Petcare Diagnostics,Vetscan,vetscan-l,E-commerce,Region,Midwest,12346,222219.89,0.88
stackline_ecommerce,2025-09,2025-Q3,Petcare Diagnostics,Vetscan,vetscan-s,E-commerce,Region,Midwest,17189,309395.71,0.88
stackline_ecommerce,2025-09,2025-Q3,Dermatology,AllerVet RX,allervet_rx-l,E-commerce,Region,Northeast,7290,393643.37,0.88
stackline_ecommerce,2025-09,2025-Q3,Dermatology,AllerVet RX,allervet_rx-s,E-commerce,Region,Northeast,9486,512235.13,0.88
stackline_ecommerce,2025-09,2025-Q3,Dermatology,Apoquel,apoquel-l,E-commerce,Region,Northeast,9291,603883.16,0.88
stackline_ecommerce,2025-09,2025-Q3,Dermatology,Apoquel,apoquel-s,E-commerce,Region,Northeast,13278,863049.61,0.88
stackline_ecommerce,2025-09,2025-Q3,Vaccines,BioShield Vax,bioshield_vax-l,E-commerce,Region,Northeast,7953,159060.72,0.88
stackline_ecommerce,2025-09,2025-Q3,Vaccines,BioShield Vax,bioshield_vax-s,E-commerce,Region,Northeast,11138,222767.09,0.88
stackline_ecommerce,2025-09,2025-Q3,Dermatology,DermaCalm,dermacalm-l,E-commerce,Region,Northeast,7455,432379.56,0.88
stackline_ecommerce,2025-09,2025-Q3,Dermatology,DermaCalm,dermacalm-s,E-commerce,Region,Northeast,9415,546049.98,0.88
stackline_ecommerce,2025-09,2025-Q3,Petcare Diagnostics,DiagnosTech Vet,diagnostech_vet-l,E-commerce,Region,Northeast,14423,245186.13,0.88
stackline_ecommerce,2025-09,2025-Q3,Petcare Diagnostics,DiagnosTech Vet,diagnostech_vet-s,E-commerce,Region,Northeast,19985,339738.73,0.88
stackline_ecommerce,2025-09,2025-Q3,Parasiticides,FleaStop Pro,fleastop_pro-l,E-commerce,Region,Northeast,14394,302266.31,0.88
stackline_ecommerce,2025-09,2025-Q3,Parasiticides,FleaStop Pro,fleastop_pro-s,E-commerce,Region,Northeast,20327,426858.89,0.88
stackline_ecommerce,2025-09,2025-Q3,Pain/Osteoarthritis,FlexiCare Joint,flexicare_joint-l,E-commerce,Region,Northeast,4837,212806.73,0.88
stackline_ecommerce,2025-09,2025-Q3,Pain/Osteoarthritis,FlexiCare Joint,flexicare_joint-s,E-commerce,Region,Northeast,6606,290649.66,0.88
stackline_ecommerce,2025-09,2025-Q3,Vaccines,ImmunoCore Canine,immunocore_canine-l,E-commerce,Region,Northeast,9484,199170.27,0.88
stackline_ecommerce,2025-09,2025-Q3,Vaccines,ImmunoCore Canine,immunocore_canine-s,E-commerce,Region,Northeast,13449,282425.99,0.88
stackline_ecommerce,2025-09,2025-Q3,Pain/Osteoarthritis,Librela,librela-l,E-commerce,Region,Northeast,4306,206697.54,0.88
stackline_ecommerce,2025-09,2025-Q3,Pain/Osteoarthritis,Librela,librela-s,E-commerce,Region,Northeast,5797,278256.69,0.88
stackline_ecommerce,2025-09,2025-Q3,Pain/Osteoarthritis,OsteoEase Vet,osteoease_vet-l,E-commerce,Region,Northeast,4825,197819.08,0.88
stackline_ecommerce,2025-09,2025-Q3,Pain/Osteoarthritis,OsteoEase Vet,osteoease_vet-s,E-commerce,Region,Northeast,6386,261820.88,0.88
stackline_ecommerce,2025-09,2025-Q3,Pain/Osteoarthritis,PainAway Canine,painaway_canine-l,E-commerce,Region,Northeast,3701,136937.0,0.88
stackline_ecommerce,2025-09,2025-Q3,Pain/Osteoarthritis,PainAway Canine,painaway_canine-s,E-commerce,Region,Northeast,5054,186986.99,0.88
stackline_ecommerce,2025-09,2025-Q3,Petcare Diagnostics,PetLab Analyzer,petlab_analyzer-l,E-commerce,Region,Northeast,8204,123062.68,0.88
stackline_ecommerce,2025-09,2025-Q3,Petcare Diagnostics,PetLab Analyzer,petlab_analyzer-s,E-commerce,Region,Northeast,11457,171854.27,0.88
stackline_ecommerce,2025-09,2025-Q3,Petcare Diagnostics,RapidVet Dx,rapidvet_dx-l,E-commerce,Region,Northeast,12399,198389.78,0.88
stackline_ecommerce,2025-09,2025-Q3,Petcare Diagnostics,RapidVet Dx,rapidvet_dx-s,E-commerce,Region,Northeast,17564,281030.77,0.88
stackline_ecommerce,2025-09,2025-Q3,Parasiticides,Simparica Trio,simparica_trio-l,E-commerce,Region,Northeast,25667,718685.1,0.88
stackline_ecommerce,2025-09,2025-Q3,Parasiticides,Simparica Trio,simparica_trio-s,E-commerce,Region,Northeast,34586,968416.77,0.88
stackline_ecommerce,2025-09,2025-Q3,Dermatology,SkinRelief Pro,skinrelief_pro-l,E-commerce,Region,Northeast,5750,281747.37,0.88
stackline_ecommerce,2025-09,2025-Q3,Dermatology,SkinRelief Pro,skinrelief_pro-s,E-commerce,Region,Northeast,8568,419808.54,0.88
stackline_ecommerce,2025-09,2025-Q3,Parasiticides,TickShield Plus,tickshield_plus-l,E-commerce,Region,Northeast,18508,444191.28,0.88
stackline_ecommerce,2025-09,2025-Q3,Parasiticides,TickShield Plus,tickshield_plus-s,E-commerce,Region,Northeast,26691,640581.05,0.88
stackline_ecommerce,2025-09,2025-Q3,Vaccines,Vanguard,vanguard-l,E-commerce,Region,Northeast,9001,198014.28,0.88
stackline_ecommerce,2025-09,2025-Q3,Vaccines,Vanguard,vanguard-s,E-commerce,Region,Northeast,12419,273220.79,0.88
stackline_ecommerce,2025-09,2025-Q3,Parasiticides,VectraGuard,vectraguard-l,E-commerce,Region,Northeast,21165,550293.6,0.88
stackline_ecommerce,2025-09,2025-Q3,Parasiticides,VectraGuard,vectraguard-s,E-commerce,Region,Northeast,31301,813837.62,0.88
stackline_ecommerce,2025-09,2025-Q3,Vaccines,VetGuard Immunize,vetguard_immunize-l,E-commerce,Region,Northeast,7756,147360.64,0.88
stackline_ecommerce,2025-09,2025-Q3,Vaccines,VetGuard Immunize,vetguard_immunize-s,E-commerce,Region,Northeast,10168,193188.23,0.88
stackline_ecommerce,2025-09,2025-Q3,Vaccines,VetSelect Core Vax,vetselect_core_vax-l,E-commerce,Region,Northeast,7401,103611.64,0.88
stackline_ecommerce,2025-09,2025-Q3,Vaccines,VetSelect Core Vax,vetselect_core_vax-s,E-commerce,Region,Northeast,9764,136702.64,0.88
stackline_ecommerce,2025-09,2025-Q3,Dermatology,VetSelect Derma,vetselect_derma-l,E-commerce,Region,Northeast,6634,252103.96,0.88
stackline_ecommerce,2025-09,2025-Q3,Dermatology,VetSelect Derma,vetselect_derma-s,E-commerce,Region,Northeast,9343,355037.33,0.88
stackline_ecommerce,2025-09,2025-Q3,Petcare Diagnostics,VetSelect Dx,vetselect_dx-l,E-commerce,Region,Northeast,8093,97120.17,0.88
stackline_ecommerce,2025-09,2025-Q3,Petcare Diagnostics,VetSelect Dx,vetselect_dx-s,E-commerce,Region,Northeast,11866,142390.6,0.88
stackline_ecommerce,2025-09,2025-Q3,Parasiticides,VetSelect Flea & Tick,vetselect_flea_and_tick-l,E-commerce,Region,Northeast,23609,401348.81,0.88
stackline_ecommerce,2025-09,2025-Q3,Parasiticides,VetSelect Flea & Tick,vetselect_flea_and_tick-s,E-commerce,Region,Northeast,34173,580938.77,0.88
stackline_ecommerce,2025-09,2025-Q3,Pain/Osteoarthritis,VetSelect Joint,vetselect_joint-l,E-commerce,Region,Northeast,4640,134565.55,0.88
stackline_ecommerce,2025-09,2025-Q3,Pain/Osteoarthritis,VetSelect Joint,vetselect_joint-s,E-commerce,Region,Northeast,6587,191024.71,0.88
stackline_ecommerce,2025-09,2025-Q3,Petcare Diagnostics,Vetscan,vetscan-l,E-commerce,Region,Northeast,14078,253399.5,0.88
stackline_ecommerce,2025-09,2025-Q3,Petcare Diagnostics,Vetscan,vetscan-s,E-commerce,Region,Northeast,19268,346821.0,0.88
stackline_ecommerce,2025-09,2025-Q3,Dermatology,AllerVet RX,allervet_rx-l,E-commerce,Region,South,11002,594122.82,0.88
stackline_ecommerce,2025-09,2025-Q3,Dermatology,AllerVet RX,allervet_rx-s,E-commerce,Region,South,15772,851687.46,0.88
stackline_ecommerce,2025-09,2025-Q3,Dermatology,Apoquel,apoquel-l,E-commerce,Region,South,16331,1061509.55,0.88
stackline_ecommerce,2025-09,2025-Q3,Dermatology,Apoquel,apoquel-s,E-commerce,Region,South,21942,1426233.5,0.88
stackline_ecommerce,2025-09,2025-Q3,Vaccines,BioShield Vax,bioshield_vax-l,E-commerce,Region,South,12810,256195.04,0.88
stackline_ecommerce,2025-09,2025-Q3,Vaccines,BioShield Vax,bioshield_vax-s,E-commerce,Region,South,17304,346081.97,0.88
stackline_ecommerce,2025-09,2025-Q3,Dermatology,DermaCalm,dermacalm-l,E-commerce,Region,South,11254,652723.7,0.88
stackline_ecommerce,2025-09,2025-Q3,Dermatology,DermaCalm,dermacalm-s,E-commerce,Region,South,16088,933132.5,0.88
stackline_ecommerce,2025-09,2025-Q3,Petcare Diagnostics,DiagnosTech Vet,diagnostech_vet-l,E-commerce,Region,South,21859,371611.49,0.88
stackline_ecommerce,2025-09,2025-Q3,Petcare Diagnostics,DiagnosTech Vet,diagnostech_vet-s,E-commerce,Region,South,31125,529119.74,0.88
stackline_ecommerce,2025-09,2025-Q3,Parasiticides,FleaStop Pro,fleastop_pro-l,E-commerce,Region,South,24311,510534.23,0.88
stackline_ecommerce,2025-09,2025-Q3,Parasiticides,FleaStop Pro,fleastop_pro-s,E-commerce,Region,South,35890,753689.78,0.88
stackline_ecommerce,2025-09,2025-Q3,Pain/Osteoarthritis,FlexiCare Joint,flexicare_joint-l,E-commerce,Region,South,7249,318941.89,0.88
stackline_ecommerce,2025-09,2025-Q3,Pain/Osteoarthritis,FlexiCare Joint,flexicare_joint-s,E-commerce,Region,South,9629,423682.81,0.88
stackline_ecommerce,2025-09,2025-Q3,Vaccines,ImmunoCore Canine,immunocore_canine-l,E-commerce,Region,South,14656,307766.79,0.88
stackline_ecommerce,2025-09,2025-Q3,Vaccines,ImmunoCore Canine,immunocore_canine-s,E-commerce,Region,South,19944,418828.07,0.88
stackline_ecommerce,2025-09,2025-Q3,Pain/Osteoarthritis,Librela,librela-l,E-commerce,Region,South,6602,316904.69,0.88
stackline_ecommerce,2025-09,2025-Q3,Pain/Osteoarthritis,Librela,librela-s,E-commerce,Region,South,9690,465116.78,0.88
stackline_ecommerce,2025-09,2025-Q3,Pain/Osteoarthritis,OsteoEase Vet,osteoease_vet-l,E-commerce,Region,South,7008,287312.9,0.88
stackline_ecommerce,2025-09,2025-Q3,Pain/Osteoarthritis,OsteoEase Vet,osteoease_vet-s,E-commerce,Region,South,9231,378491.17,0.88
stackline_ecommerce,2025-09,2025-Q3,Pain/Osteoarthritis,PainAway Canine,painaway_canine-l,E-commerce,Region,South,5808,214906.22,0.88
stackline_ecommerce,2025-09,2025-Q3,Pain/Osteoarthritis,PainAway Canine,painaway_canine-s,E-commerce,Region,South,7830,289720.1,0.88
stackline_ecommerce,2025-09,2025-Q3,Petcare Diagnostics,PetLab Analyzer,petlab_analyzer-l,E-commerce,Region,South,12029,180436.47,0.88
stackline_ecommerce,2025-09,2025-Q3,Petcare Diagnostics,PetLab Analyzer,petlab_analyzer-s,E-commerce,Region,South,16788,251815.43,0.88
stackline_ecommerce,2025-09,2025-Q3,Petcare Diagnostics,RapidVet Dx,rapidvet_dx-l,E-commerce,Region,South,18731,299701.04,0.88
stackline_ecommerce,2025-09,2025-Q3,Petcare Diagnostics,RapidVet Dx,rapidvet_dx-s,E-commerce,Region,South,26862,429799.22,0.88
stackline_ecommerce,2025-09,2025-Q3,Parasiticides,Simparica Trio,simparica_trio-l,E-commerce,Region,South,36969,1035118.44,0.88
stackline_ecommerce,2025-09,2025-Q3,Parasiticides,Simparica Trio,simparica_trio-s,E-commerce,Region,South,54595,1528661.15,0.88
stackline_ecommerce,2025-09,2025-Q3,Dermatology,SkinRelief Pro,skinrelief_pro-l,E-commerce,Region,South,9533,467096.06,0.88
stackline_ecommerce,2025-09,2025-Q3,Dermatology,SkinRelief Pro,skinrelief_pro-s,E-commerce,Region,South,13046,639231.92,0.88
stackline_ecommerce,2025-09,2025-Q3,Parasiticides,TickShield Plus,tickshield_plus-l,E-commerce,Region,South,26819,643650.24,0.88
stackline_ecommerce,2025-09,2025-Q3,Parasiticides,TickShield Plus,tickshield_plus-s,E-commerce,Region,South,37238,893720.99,0.88
stackline_ecommerce,2025-09,2025-Q3,Vaccines,Vanguard,vanguard-l,E-commerce,Region,South,12979,285546.63,0.88
stackline_ecommerce,2025-09,2025-Q3,Vaccines,Vanguard,vanguard-s,E-commerce,Region,South,19387,426515.12,0.88
stackline_ecommerce,2025-09,2025-Q3,Parasiticides,VectraGuard,vectraguard-l,E-commerce,Region,South,33386,868028.62,0.88
stackline_ecommerce,2025-09,2025-Q3,Parasiticides,VectraGuard,vectraguard-s,E-commerce,Region,South,45799,1190784.23,0.88
stackline_ecommerce,2025-09,2025-Q3,Vaccines,VetGuard Immunize,vetguard_immunize-l,E-commerce,Region,South,10264,195010.15,0.88
stackline_ecommerce,2025-09,2025-Q3,Vaccines,VetGuard Immunize,vetguard_immunize-s,E-commerce,Region,South,13731,260889.34,0.88
stackline_ecommerce,2025-09,2025-Q3,Vaccines,VetSelect Core Vax,vetselect_core_vax-l,E-commerce,Region,South,12157,170195.39,0.88
stackline_ecommerce,2025-09,2025-Q3,Vaccines,VetSelect Core Vax,vetselect_core_vax-s,E-commerce,Region,South,15710,219944.05,0.88
stackline_ecommerce,2025-09,2025-Q3,Dermatology,VetSelect Derma,vetselect_derma-l,E-commerce,Region,South,11103,421928.75,0.88
stackline_ecommerce,2025-09,2025-Q3,Dermatology,VetSelect Derma,vetselect_derma-s,E-commerce,Region,South,14963,568576.68,0.88
stackline_ecommerce,2025-09,2025-Q3,Petcare Diagnostics,VetSelect Dx,vetselect_dx-l,E-commerce,Region,South,12879,154548.09,0.88
stackline_ecommerce,2025-09,2025-Q3,Petcare Diagnostics,VetSelect Dx,vetselect_dx-s,E-commerce,Region,South,17591,211097.41,0.88
stackline_ecommerce,2025-09,2025-Q3,Parasiticides,VetSelect Flea & Tick,vetselect_flea_and_tick-l,E-commerce,Region,South,37498,637471.59,0.88
stackline_ecommerce,2025-09,2025-Q3,Parasiticides,VetSelect Flea & Tick,vetselect_flea_and_tick-s,E-commerce,Region,South,51335,872695.5,0.88
stackline_ecommerce,2025-09,2025-Q3,Pain/Osteoarthritis,VetSelect Joint,vetselect_joint-l,E-commerce,Region,South,7364,213554.5,0.88
stackline_ecommerce,2025-09,2025-Q3,Pain/Osteoarthritis,VetSelect Joint,vetselect_joint-s,E-commerce,Region,South,10076,292202.08,0.88
stackline_ecommerce,2025-09,2025-Q3,Petcare Diagnostics,Vetscan,vetscan-l,E-commerce,Region,South,20172,363103.28,0.88
stackline_ecommerce,2025-09,2025-Q3,Petcare Diagnostics,Vetscan,vetscan-s,E-commerce,Region,South,28537,513659.78,0.88
stackline_ecommerce,2025-09,2025-Q3,Dermatology,AllerVet RX,allervet_rx-l,E-commerce,Region,West,6727,363254.65,0.88
stackline_ecommerce,2025-09,2025-Q3,Dermatology,AllerVet RX,allervet_rx-s,E-commerce,Region,West,9666,521956.81,0.88
stackline_ecommerce,2025-09,2025-Q3,Dermatology,Apoquel,apoquel-l,E-commerce,Region,West,10274,667822.91,0.88
stackline_ecommerce,2025-09,2025-Q3,Dermatology,Apoquel,apoquel-s,E-commerce,Region,West,15023,976508.83,0.88
stackline_ecommerce,2025-09,2025-Q3,Vaccines,BioShield Vax,bioshield_vax-l,E-commerce,Region,West,7985,159708.93,0.88
stackline_ecommerce,2025-09,2025-Q3,Vaccines,BioShield Vax,bioshield_vax-s,E-commerce,Region,West,11429,228582.62,0.88
stackline_ecommerce,2025-09,2025-Q3,Dermatology,DermaCalm,dermacalm-l,E-commerce,Region,West,7489,434348.15,0.88
stackline_ecommerce,2025-09,2025-Q3,Dermatology,DermaCalm,dermacalm-s,E-commerce,Region,West,10576,613418.84,0.88
stackline_ecommerce,2025-09,2025-Q3,Petcare Diagnostics,DiagnosTech Vet,diagnostech_vet-l,E-commerce,Region,West,13720,233239.97,0.88
stackline_ecommerce,2025-09,2025-Q3,Petcare Diagnostics,DiagnosTech Vet,diagnostech_vet-s,E-commerce,Region,West,19379,329443.13,0.88
stackline_ecommerce,2025-09,2025-Q3,Parasiticides,FleaStop Pro,fleastop_pro-l,E-commerce,Region,West,17356,364479.99,0.88
stackline_ecommerce,2025-09,2025-Q3,Parasiticides,FleaStop Pro,fleastop_pro-s,E-commerce,Region,West,22836,479555.56,0.88
stackline_ecommerce,2025-09,2025-Q3,Pain/Osteoarthritis,FlexiCare Joint,flexicare_joint-l,E-commerce,Region,West,4722,207782.44,0.88
stackline_ecommerce,2025-09,2025-Q3,Pain/Osteoarthritis,FlexiCare Joint,flexicare_joint-s,E-commerce,Region,West,6464,284415.85,0.88
stackline_ecommerce,2025-09,2025-Q3,Vaccines,ImmunoCore Canine,immunocore_canine-l,E-commerce,Region,West,1848,38807.1,0.88
stackline_ecommerce,2025-09,2025-Q3,Vaccines,ImmunoCore Canine,immunocore_canine-s,E-commerce,Region,West,2496,52416.16,0.88
stackline_ecommerce,2025-09,2025-Q3,Pain/Osteoarthritis,Librela,librela-l,E-commerce,Region,West,4683,224806.71,0.88
stackline_ecommerce,2025-09,2025-Q3,Pain/Osteoarthritis,Librela,librela-s,E-commerce,Region,West,6562,314969.43,0.88
stackline_ecommerce,2025-09,2025-Q3,Pain/Osteoarthritis,OsteoEase Vet,osteoease_vet-l,E-commerce,Region,West,5197,213090.01,0.88
stackline_ecommerce,2025-09,2025-Q3,Pain/Osteoarthritis,OsteoEase Vet,osteoease_vet-s,E-commerce,Region,West,6732,276001.32,0.88
stackline_ecommerce,2025-09,2025-Q3,Pain/Osteoarthritis,PainAway Canine,painaway_canine-l,E-commerce,Region,West,4245,157068.57,0.88
stackline_ecommerce,2025-09,2025-Q3,Pain/Osteoarthritis,PainAway Canine,painaway_canine-s,E-commerce,Region,West,5484,202891.34,0.88
stackline_ecommerce,2025-09,2025-Q3,Petcare Diagnostics,PetLab Analyzer,petlab_analyzer-l,E-commerce,Region,West,8329,124930.6,0.88
stackline_ecommerce,2025-09,2025-Q3,Petcare Diagnostics,PetLab Analyzer,petlab_analyzer-s,E-commerce,Region,West,11885,178271.58,0.88
stackline_ecommerce,2025-09,2025-Q3,Petcare Diagnostics,RapidVet Dx,rapidvet_dx-l,E-commerce,Region,West,13484,215751.85,0.88
stackline_ecommerce,2025-09,2025-Q3,Petcare Diagnostics,RapidVet Dx,rapidvet_dx-s,E-commerce,Region,West,18377,294033.29,0.88
stackline_ecommerce,2025-09,2025-Q3,Parasiticides,Simparica Trio,simparica_trio-l,E-commerce,Region,West,25524,714660.53,0.88
stackline_ecommerce,2025-09,2025-Q3,Parasiticides,Simparica Trio,simparica_trio-s,E-commerce,Region,West,36988,1035667.47,0.88
stackline_ecommerce,2025-09,2025-Q3,Dermatology,SkinRelief Pro,skinrelief_pro-l,E-commerce,Region,West,6474,317249.62,0.88
stackline_ecommerce,2025-09,2025-Q3,Dermatology,SkinRelief Pro,skinrelief_pro-s,E-commerce,Region,West,9087,445249.04,0.88
stackline_ecommerce,2025-09,2025-Q3,Parasiticides,TickShield Plus,tickshield_plus-l,E-commerce,Region,West,17164,411935.31,0.88
stackline_ecommerce,2025-09,2025-Q3,Parasiticides,TickShield Plus,tickshield_plus-s,E-commerce,Region,West,23867,572799.35,0.88
stackline_ecommerce,2025-09,2025-Q3,Vaccines,Vanguard,vanguard-l,E-commerce,Region,West,9479,208533.43,0.88
stackline_ecommerce,2025-09,2025-Q3,Vaccines,Vanguard,vanguard-s,E-commerce,Region,West,12943,284756.24,0.88
stackline_ecommerce,2025-09,2025-Q3,Parasiticides,VectraGuard,vectraguard-l,E-commerce,Region,West,22592,587387.78,0.88
stackline_ecommerce,2025-09,2025-Q3,Parasiticides,VectraGuard,vectraguard-s,E-commerce,Region,West,31270,813007.79,0.88
stackline_ecommerce,2025-09,2025-Q3,Vaccines,VetGuard Immunize,vetguard_immunize-l,E-commerce,Region,West,7332,139303.45,0.88
stackline_ecommerce,2025-09,2025-Q3,Vaccines,VetGuard Immunize,vetguard_immunize-s,E-commerce,Region,West,11224,213248.71,0.88
stackline_ecommerce,2025-09,2025-Q3,Vaccines,VetSelect Core Vax,vetselect_core_vax-l,E-commerce,Region,West,8166,114322.95,0.88
stackline_ecommerce,2025-09,2025-Q3,Vaccines,VetSelect Core Vax,vetselect_core_vax-s,E-commerce,Region,West,10163,142275.29,0.88
stackline_ecommerce,2025-09,2025-Q3,Dermatology,VetSelect Derma,vetselect_derma-l,E-commerce,Region,West,7052,267964.62,0.88
stackline_ecommerce,2025-09,2025-Q3,Dermatology,VetSelect Derma,vetselect_derma-s,E-commerce,Region,West,9961,378505.13,0.88
stackline_ecommerce,2025-09,2025-Q3,Petcare Diagnostics,VetSelect Dx,vetselect_dx-l,E-commerce,Region,West,8921,107056.71,0.88
stackline_ecommerce,2025-09,2025-Q3,Petcare Diagnostics,VetSelect Dx,vetselect_dx-s,E-commerce,Region,West,12126,145515.77,0.88
stackline_ecommerce,2025-09,2025-Q3,Parasiticides,VetSelect Flea & Tick,vetselect_flea_and_tick-l,E-commerce,Region,West,25733,437464.49,0.88
stackline_ecommerce,2025-09,2025-Q3,Parasiticides,VetSelect Flea & Tick,vetselect_flea_and_tick-s,E-commerce,Region,West,37149,631530.47,0.88
stackline_ecommerce,2025-09,2025-Q3,Pain/Osteoarthritis,VetSelect Joint,vetselect_joint-l,E-commerce,Region,West,4988,144644.53,0.88
stackline_ecommerce,2025-09,2025-Q3,Pain/Osteoarthritis,VetSelect Joint,vetselect_joint-s,E-commerce,Region,West,6657,193060.91,0.88
stackline_ecommerce,2025-09,2025-Q3,Petcare Diagnostics,Vetscan,vetscan-l,E-commerce,Region,West,14087,253574.53,0.88
stackline_ecommerce,2025-09,2025-Q3,Petcare Diagnostics,Vetscan,vetscan-s,E-commerce,Region,West,19694,354491.76,0.88
stackline_ecommerce,2025-10,2025-Q4,Dermatology,AllerVet RX,allervet_rx-l,E-commerce,National,National,31176,1683474.67,0.88
stackline_ecommerce,2025-10,2025-Q4,Dermatology,AllerVet RX,allervet_rx-s,E-commerce,National,National,41976,2266722.04,0.88
stackline_ecommerce,2025-10,2025-Q4,Dermatology,Apoquel,apoquel-l,E-commerce,National,National,44659,2902800.33,0.88
stackline_ecommerce,2025-10,2025-Q4,Dermatology,Apoquel,apoquel-s,E-commerce,National,National,62402,4056085.98,0.88
stackline_ecommerce,2025-10,2025-Q4,Vaccines,BioShield Vax,bioshield_vax-l,E-commerce,National,National,35142,702861.51,0.88
stackline_ecommerce,2025-10,2025-Q4,Vaccines,BioShield Vax,bioshield_vax-s,E-commerce,National,National,48679,973577.39,0.88
stackline_ecommerce,2025-10,2025-Q4,Dermatology,DermaCalm,dermacalm-l,E-commerce,National,National,32376,1877839.57,0.88
stackline_ecommerce,2025-10,2025-Q4,Dermatology,DermaCalm,dermacalm-s,E-commerce,National,National,43544,2525538.03,0.88
stackline_ecommerce,2025-10,2025-Q4,Petcare Diagnostics,DiagnosTech Vet,diagnostech_vet-l,E-commerce,National,National,61536,1046118.62,0.88
stackline_ecommerce,2025-10,2025-Q4,Petcare Diagnostics,DiagnosTech Vet,diagnostech_vet-s,E-commerce,National,National,87371,1485306.27,0.88
stackline_ecommerce,2025-10,2025-Q4,Parasiticides,FleaStop Pro,fleastop_pro-l,E-commerce,National,National,59371,1246803.29,0.88
stackline_ecommerce,2025-10,2025-Q4,Parasiticides,FleaStop Pro,fleastop_pro-s,E-commerce,National,National,82810,1739001.13,0.88
stackline_ecommerce,2025-10,2025-Q4,Pain/Osteoarthritis,FlexiCare Joint,flexicare_joint-l,E-commerce,National,National,24491,1077606.49,0.88
stackline_ecommerce,2025-10,2025-Q4,Pain/Osteoarthritis,FlexiCare Joint,flexicare_joint-s,E-commerce,National,National,33071,1455120.93,0.88
stackline_ecommerce,2025-10,2025-Q4,Vaccines,ImmunoCore Canine,immunocore_canine-l,E-commerce,National,National,41962,881192.22,0.88
stackline_ecommerce,2025-10,2025-Q4,Vaccines,ImmunoCore Canine,immunocore_canine-s,E-commerce,National,National,57209,1201384.16,0.88
stackline_ecommerce,2025-10,2025-Q4,Pain/Osteoarthritis,Librela,librela-l,E-commerce,National,National,21258,1020377.36,0.88
stackline_ecommerce,2025-10,2025-Q4,Pain/Osteoarthritis,Librela,librela-s,E-commerce,National,National,29189,1401036.51,0.88
stackline_ecommerce,2025-10,2025-Q4,Pain/Osteoarthritis,OsteoEase Vet,osteoease_vet-l,E-commerce,National,National,21771,892624.27,0.88
stackline_ecommerce,2025-10,2025-Q4,Pain/Osteoarthritis,OsteoEase Vet,osteoease_vet-s,E-commerce,National,National,29808,1222157.55,0.88
stackline_ecommerce,2025-10,2025-Q4,Pain/Osteoarthritis,PainAway Canine,painaway_canine-l,E-commerce,National,National,20077,742850.26,0.88
stackline_ecommerce,2025-10,2025-Q4,Pain/Osteoarthritis,PainAway Canine,painaway_canine-s,E-commerce,National,National,26833,992827.3,0.88
stackline_ecommerce,2025-10,2025-Q4,Petcare Diagnostics,PetLab Analyzer,petlab_analyzer-l,E-commerce,National,National,37915,568722.6,0.88
stackline_ecommerce,2025-10,2025-Q4,Petcare Diagnostics,PetLab Analyzer,petlab_analyzer-s,E-commerce,National,National,53876,808116.99,0.88
stackline_ecommerce,2025-10,2025-Q4,Petcare Diagnostics,RapidVet Dx,rapidvet_dx-l,E-commerce,National,National,62003,992047.63,0.88
stackline_ecommerce,2025-10,2025-Q4,Petcare Diagnostics,RapidVet Dx,rapidvet_dx-s,E-commerce,National,National,85857,1373714.72,0.88
stackline_ecommerce,2025-10,2025-Q4,Parasiticides,Simparica Trio,simparica_trio-l,E-commerce,National,National,96429,2700013.88,0.88
stackline_ecommerce,2025-10,2025-Q4,Parasiticides,Simparica Trio,simparica_trio-s,E-commerce,National,National,137983,3863516.01,0.88
stackline_ecommerce,2025-10,2025-Q4,Dermatology,SkinRelief Pro,skinrelief_pro-l,E-commerce,National,National,25585,1253642.18,0.88
stackline_ecommerce,2025-10,2025-Q4,Dermatology,SkinRelief Pro,skinrelief_pro-s,E-commerce,National,National,35454,1737310.46,0.88
stackline_ecommerce,2025-10,2025-Q4,Parasiticides,TickShield Plus,tickshield_plus-l,E-commerce,National,National,72968,1751247.29,0.88
stackline_ecommerce,2025-10,2025-Q4,Parasiticides,TickShield Plus,tickshield_plus-s,E-commerce,National,National,100630,2415110.22,0.88
stackline_ecommerce,2025-10,2025-Q4,Vaccines,Vanguard,vanguard-l,E-commerce,National,National,40230,885069.67,0.88
stackline_ecommerce,2025-10,2025-Q4,Vaccines,Vanguard,vanguard-s,E-commerce,National,National,54981,1209593.99,0.88
stackline_ecommerce,2025-10,2025-Q4,Parasiticides,VectraGuard,vectraguard-l,E-commerce,National,National,85765,2229899.41,0.88
stackline_ecommerce,2025-10,2025-Q4,Parasiticides,VectraGuard,vectraguard-s,E-commerce,National,National,120154,3124011.58,0.88
stackline_ecommerce,2025-10,2025-Q4,Vaccines,VetGuard Immunize,vetguard_immunize-l,E-commerce,National,National,30127,572404.09,0.88
stackline_ecommerce,2025-10,2025-Q4,Vaccines,VetGuard Immunize,vetguard_immunize-s,E-commerce,National,National,43003,817051.91,0.88
stackline_ecommerce,2025-10,2025-Q4,Vaccines,VetSelect Core Vax,vetselect_core_vax-l,E-commerce,National,National,34821,487492.26,0.88
stackline_ecommerce,2025-10,2025-Q4,Vaccines,VetSelect Core Vax,vetselect_core_vax-s,E-commerce,National,National,49635,694874.29,0.88
stackline_ecommerce,2025-10,2025-Q4,Dermatology,VetSelect Derma,vetselect_derma-l,E-commerce,National,National,28432,1080441.49,0.88
stackline_ecommerce,2025-10,2025-Q4,Dermatology,VetSelect Derma,vetselect_derma-s,E-commerce,National,National,40127,1524867.85,0.88
stackline_ecommerce,2025-10,2025-Q4,Petcare Diagnostics,VetSelect Dx,vetselect_dx-l,E-commerce,National,National,36605,439272.76,0.88
stackline_ecommerce,2025-10,2025-Q4,Petcare Diagnostics,VetSelect Dx,vetselect_dx-s,E-commerce,National,National,51913,622962.99,0.88
stackline_ecommerce,2025-10,2025-Q4,Parasiticides,VetSelect Flea & Tick,vetselect_flea_and_tick-l,E-commerce,National,National,102256,1738343.91,0.88
stackline_ecommerce,2025-10,2025-Q4,Parasiticides,VetSelect Flea & Tick,vetselect_flea_and_tick-s,E-commerce,National,National,141333,2402674.03,0.88
stackline_ecommerce,2025-10,2025-Q4,Pain/Osteoarthritis,VetSelect Joint,vetselect_joint-l,E-commerce,National,National,23053,668503.23,0.88
stackline_ecommerce,2025-10,2025-Q4,Pain/Osteoarthritis,VetSelect Joint,vetselect_joint-s,E-commerce,National,National,32090,930608.65,0.88
stackline_ecommerce,2025-10,2025-Q4,Petcare Diagnostics,Vetscan,vetscan-l,E-commerce,National,National,65794,1184289.28,0.88
stackline_ecommerce,2025-10,2025-Q4,Petcare Diagnostics,Vetscan,vetscan-s,E-commerce,National,National,89595,1612688.96,0.88
stackline_ecommerce,2025-10,2025-Q4,Dermatology,AllerVet RX,allervet_rx-l,E-commerce,Region,Midwest,6645,358847.9,0.88
stackline_ecommerce,2025-10,2025-Q4,Dermatology,AllerVet RX,allervet_rx-s,E-commerce,Region,Midwest,9286,501434.24,0.88
stackline_ecommerce,2025-10,2025-Q4,Dermatology,Apoquel,apoquel-l,E-commerce,Region,Midwest,9544,620363.1,0.88
stackline_ecommerce,2025-10,2025-Q4,Dermatology,Apoquel,apoquel-s,E-commerce,Region,Midwest,12535,814745.14,0.88
stackline_ecommerce,2025-10,2025-Q4,Vaccines,BioShield Vax,bioshield_vax-l,E-commerce,Region,Midwest,7090,141809.81,0.88
stackline_ecommerce,2025-10,2025-Q4,Vaccines,BioShield Vax,bioshield_vax-s,E-commerce,Region,Midwest,9537,190745.75,0.88
stackline_ecommerce,2025-10,2025-Q4,Dermatology,DermaCalm,dermacalm-l,E-commerce,Region,Midwest,6980,404849.33,0.88
stackline_ecommerce,2025-10,2025-Q4,Dermatology,DermaCalm,dermacalm-s,E-commerce,Region,Midwest,9440,547522.35,0.88
stackline_ecommerce,2025-10,2025-Q4,Petcare Diagnostics,DiagnosTech Vet,diagnostech_vet-l,E-commerce,Region,Midwest,12477,212103.52,0.88
stackline_ecommerce,2025-10,2025-Q4,Petcare Diagnostics,DiagnosTech Vet,diagnostech_vet-s,E-commerce,Region,Midwest,18641,316900.25,0.88
stackline_ecommerce,2025-10,2025-Q4,Parasiticides,FleaStop Pro,fleastop_pro-l,E-commerce,Region,Midwest,12121,254546.62,0.88
stackline_ecommerce,2025-10,2025-Q4,Parasiticides,FleaStop Pro,fleastop_pro-s,E-commerce,Region,Midwest,16894,354767.37,0.88
stackline_ecommerce,2025-10,2025-Q4,Pain/Osteoarthritis,FlexiCare Joint,flexicare_joint-l,E-commerce,Region,Midwest,5402,237709.49,0.88
stackline_ecommerce,2025-10,2025-Q4,Pain/Osteoarthritis,FlexiCare Joint,flexicare_joint-s,E-commerce,Region,Midwest,7033,309450.5,0.88
stackline_ecommerce,2025-10,2025-Q4,Vaccines,ImmunoCore Canine,immunocore_canine-l,E-commerce,Region,Midwest,8839,185624.5,0.88
stackline_ecommerce,2025-10,2025-Q4,Vaccines,ImmunoCore Canine,immunocore_canine-s,E-commerce,Region,Midwest,11606,243717.7,0.88
stackline_ecommerce,2025-10,2025-Q4,Pain/Osteoarthritis,Librela,librela-l,E-commerce,Region,Midwest,4183,200784.31,0.88
stackline_ecommerce,2025-10,2025-Q4,Pain/Osteoarthritis,Librela,librela-s,E-commerce,Region,Midwest,5996,287798.86,0.88
stackline_ecommerce,2025-10,2025-Q4,Pain/Osteoarthritis,OsteoEase Vet,osteoease_vet-l,E-commerce,Region,Midwest,4749,194724.75,0.88
stackline_ecommerce,2025-10,2025-Q4,Pain/Osteoarthritis,OsteoEase Vet,osteoease_vet-s,E-commerce,Region,Midwest,6366,261004.61,0.88
stackline_ecommerce,2025-10,2025-Q4,Pain/Osteoarthritis,PainAway Canine,painaway_canine-l,E-commerce,Region,Midwest,4225,156315.22,0.88
stackline_ecommerce,2025-10,2025-Q4,Pain/Osteoarthritis,PainAway Canine,painaway_canine-s,E-commerce,Region,Midwest,5562,205788.33,0.88
stackline_ecommerce,2025-10,2025-Q4,Petcare Diagnostics,PetLab Analyzer,petlab_analyzer-l,E-commerce,Region,Midwest,8018,120274.33,0.88
stackline_ecommerce,2025-10,2025-Q4,Petcare Diagnostics,PetLab Analyzer,petlab_analyzer-s,E-commerce,Region,Midwest,10895,163418.8,0.88
stackline_ecommerce,2025-10,2025-Q4,Petcare Diagnostics,RapidVet Dx,rapidvet_dx-l,E-commerce,Region,Midwest,13182,210907.52,0.88
stackline_ecommerce,2025-10,2025-Q4,Petcare Diagnostics,RapidVet Dx,rapidvet_dx-s,E-commerce,Region,Midwest,17105,273678.35,0.88
stackline_ecommerce,2025-10,2025-Q4,Parasiticides,Simparica Trio,simparica_trio-l,E-commerce,Region,Midwest,20583,576314.13,0.88
stackline_ecommerce,2025-10,2025-Q4,Parasiticides,Simparica Trio,simparica_trio-s,E-commerce,Region,Midwest,29797,834306.33,0.88
stackline_ecommerce,2025-10,2025-Q4,Dermatology,SkinRelief Pro,skinrelief_pro-l,E-commerce,Region,Midwest,5014,245664.94,0.88
stackline_ecommerce,2025-10,2025-Q4,Dermatology,SkinRelief Pro,skinrelief_pro-s,E-commerce,Region,Midwest,6665,326608.62,0.88
stackline_ecommerce,2025-10,2025-Q4,Parasiticides,TickShield Plus,tickshield_plus-l,E-commerce,Region,Midwest,15617,374816.88,0.88
stackline_ecommerce,2025-10,2025-Q4,Parasiticides,TickShield Plus,tickshield_plus-s,E-commerce,Region,Midwest,21204,508890.77,0.88
stackline_ecommerce,2025-10,2025-Q4,Vaccines,Vanguard,vanguard-l,E-commerce,Region,Midwest,8299,182585.05,0.88
stackline_ecommerce,2025-10,2025-Q4,Vaccines,Vanguard,vanguard-s,E-commerce,Region,Midwest,11534,253756.1,0.88
stackline_ecommerce,2025-10,2025-Q4,Parasiticides,VectraGuard,vectraguard-l,E-commerce,Region,Midwest,17725,460860.84,0.88
stackline_ecommerce,2025-10,2025-Q4,Parasiticides,VectraGuard,vectraguard-s,E-commerce,Region,Midwest,25646,666791.73,0.88
stackline_ecommerce,2025-10,2025-Q4,Vaccines,VetGuard Immunize,vetguard_immunize-l,E-commerce,Region,Midwest,6356,120760.6,0.88
stackline_ecommerce,2025-10,2025-Q4,Vaccines,VetGuard Immunize,vetguard_immunize-s,E-commerce,Region,Midwest,9243,175613.11,0.88
stackline_ecommerce,2025-10,2025-Q4,Vaccines,VetSelect Core Vax,vetselect_core_vax-l,E-commerce,Region,Midwest,7441,104170.13,0.88
stackline_ecommerce,2025-10,2025-Q4,Vaccines,VetSelect Core Vax,vetselect_core_vax-s,E-commerce,Region,Midwest,10300,144193.16,0.88
stackline_ecommerce,2025-10,2025-Q4,Dermatology,VetSelect Derma,vetselect_derma-l,E-commerce,Region,Midwest,6134,233107.39,0.88
stackline_ecommerce,2025-10,2025-Q4,Dermatology,VetSelect Derma,vetselect_derma-s,E-commerce,Region,Midwest,8595,326611.02,0.88
stackline_ecommerce,2025-10,2025-Q4,Petcare Diagnostics,VetSelect Dx,vetselect_dx-l,E-commerce,Region,Midwest,7210,86525.68,0.88
stackline_ecommerce,2025-10,2025-Q4,Petcare Diagnostics,VetSelect Dx,vetselect_dx-s,E-commerce,Region,Midwest,10595,127143.63,0.88
stackline_ecommerce,2025-10,2025-Q4,Parasiticides,VetSelect Flea & Tick,vetselect_flea_and_tick-l,E-commerce,Region,Midwest,22038,374638.05,0.88
stackline_ecommerce,2025-10,2025-Q4,Parasiticides,VetSelect Flea & Tick,vetselect_flea_and_tick-s,E-commerce,Region,Midwest,28475,484077.92,0.88
stackline_ecommerce,2025-10,2025-Q4,Pain/Osteoarthritis,VetSelect Joint,vetselect_joint-l,E-commerce,Region,Midwest,4759,138004.26,0.88
stackline_ecommerce,2025-10,2025-Q4,Pain/Osteoarthritis,VetSelect Joint,vetselect_joint-s,E-commerce,Region,Midwest,6738,195405.35,0.88
stackline_ecommerce,2025-10,2025-Q4,Petcare Diagnostics,Vetscan,vetscan-l,E-commerce,Region,Midwest,14136,254440.07,0.88
stackline_ecommerce,2025-10,2025-Q4,Petcare Diagnostics,Vetscan,vetscan-s,E-commerce,Region,Midwest,19365,348566.38,0.88
stackline_ecommerce,2025-10,2025-Q4,Dermatology,AllerVet RX,allervet_rx-l,E-commerce,Region,Northeast,6823,368439.84,0.88
stackline_ecommerce,2025-10,2025-Q4,Dermatology,AllerVet RX,allervet_rx-s,E-commerce,Region,Northeast,9110,491933.64,0.88
stackline_ecommerce,2025-10,2025-Q4,Dermatology,Apoquel,apoquel-l,E-commerce,Region,Northeast,9915,644456.36,0.88
stackline_ecommerce,2025-10,2025-Q4,Dermatology,Apoquel,apoquel-s,E-commerce,Region,Northeast,14521,943884.84,0.88
stackline_ecommerce,2025-10,2025-Q4,Vaccines,BioShield Vax,bioshield_vax-l,E-commerce,Region,Northeast,7803,156055.3,0.88
stackline_ecommerce,2025-10,2025-Q4,Vaccines,BioShield Vax,bioshield_vax-s,E-commerce,Region,Northeast,10684,213673.81,0.88
stackline_ecommerce,2025-10,2025-Q4,Dermatology,DermaCalm,dermacalm-l,E-commerce,Region,Northeast,6915,401065.22,0.88
stackline_ecommerce,2025-10,2025-Q4,Dermatology,DermaCalm,dermacalm-s,E-commerce,Region,Northeast,9483,549995.92,0.88
stackline_ecommerce,2025-10,2025-Q4,Petcare Diagnostics,DiagnosTech Vet,diagnostech_vet-l,E-commerce,Region,Northeast,14296,243034.51,0.88
stackline_ecommerce,2025-10,2025-Q4,Petcare Diagnostics,DiagnosTech Vet,diagnostech_vet-s,E-commerce,Region,Northeast,19174,325953.0,0.88
stackline_ecommerce,2025-10,2025-Q4,Parasiticides,FleaStop Pro,fleastop_pro-l,E-commerce,Region,Northeast,12820,269228.88,0.88
stackline_ecommerce,2025-10,2025-Q4,Parasiticides,FleaStop Pro,fleastop_pro-s,E-commerce,Region,Northeast,18119,380489.44,0.88
stackline_ecommerce,2025-10,2025-Q4,Pain/Osteoarthritis,FlexiCare Joint,flexicare_joint-l,E-commerce,Region,Northeast,5282,232412.0,0.88
stackline_ecommerce,2025-10,2025-Q4,Pain/Osteoarthritis,FlexiCare Joint,flexicare_joint-s,E-commerce,Region,Northeast,6891,303217.82,0.88
stackline_ecommerce,2025-10,2025-Q4,Vaccines,ImmunoCore Canine,immunocore_canine-l,E-commerce,Region,Northeast,9719,204100.55,0.88
stackline_ecommerce,2025-10,2025-Q4,Vaccines,ImmunoCore Canine,immunocore_canine-s,E-commerce,Region,Northeast,13303,279366.22,0.88
stackline_ecommerce,2025-10,2025-Q4,Pain/Osteoarthritis,Librela,librela-l,E-commerce,Region,Northeast,4908,235568.68,0.88
stackline_ecommerce,2025-10,2025-Q4,Pain/Osteoarthritis,Librela,librela-s,E-commerce,Region,Northeast,6495,311753.95,0.88
stackline_ecommerce,2025-10,2025-Q4,Pain/Osteoarthritis,OsteoEase Vet,osteoease_vet-l,E-commerce,Region,Northeast,4531,185768.84,0.88
stackline_ecommerce,2025-10,2025-Q4,Pain/Osteoarthritis,OsteoEase Vet,osteoease_vet-s,E-commerce,Region,Northeast,6658,272988.08,0.88
stackline_ecommerce,2025-10,2025-Q4,Pain/Osteoarthritis,PainAway Canine,painaway_canine-l,E-commerce,Region,Northeast,4412,163256.85,0.88
stackline_ecommerce,2025-10,2025-Q4,Pain/Osteoarthritis,PainAway Canine,painaway_canine-s,E-commerce,Region,Northeast,5855,216648.45,0.88
stackline_ecommerce,2025-10,2025-Q4,Petcare Diagnostics,PetLab Analyzer,petlab_analyzer-l,E-commerce,Region,Northeast,8131,121964.02,0.88
stackline_ecommerce,2025-10,2025-Q4,Petcare Diagnostics,PetLab Analyzer,petlab_analyzer-s,E-commerce,Region,Northeast,12122,181826.67,0.88
stackline_ecommerce,2025-10,2025-Q4,Petcare Diagnostics,RapidVet Dx,rapidvet_dx-l,E-commerce,Region,Northeast,14529,232471.78,0.88
stackline_ecommerce,2025-10,2025-Q4,Petcare Diagnostics,RapidVet Dx,rapidvet_dx-s,E-commerce,Region,Northeast,19080,305281.76,0.88
stackline_ecommerce,2025-10,2025-Q4,Parasiticides,Simparica Trio,simparica_trio-l,E-commerce,Region,Northeast,20286,568002.02,0.88
stackline_ecommerce,2025-10,2025-Q4,Parasiticides,Simparica Trio,simparica_trio-s,E-commerce,Region,Northeast,29712,831937.07,0.88
stackline_ecommerce,2025-10,2025-Q4,Dermatology,SkinRelief Pro,skinrelief_pro-l,E-commerce,Region,Northeast,5724,280482.46,0.88
stackline_ecommerce,2025-10,2025-Q4,Dermatology,SkinRelief Pro,skinrelief_pro-s,E-commerce,Region,Northeast,8008,392401.66,0.88
stackline_ecommerce,2025-10,2025-Q4,Parasiticides,TickShield Plus,tickshield_plus-l,E-commerce,Region,Northeast,16297,391139.2,0.88
stackline_ecommerce,2025-10,2025-Q4,Parasiticides,TickShield Plus,tickshield_plus-s,E-commerce,Region,Northeast,23300,559189.96,0.88
stackline_ecommerce,2025-10,2025-Q4,Vaccines,Vanguard,vanguard-l,E-commerce,Region,Northeast,9302,204638.42,0.88
stackline_ecommerce,2025-10,2025-Q4,Vaccines,Vanguard,vanguard-s,E-commerce,Region,Northeast,12083,265822.69,0.88
stackline_ecommerce,2025-10,2025-Q4,Parasiticides,VectraGuard,vectraguard-l,E-commerce,Region,Northeast,18034,468879.75,0.88
stackline_ecommerce,2025-10,2025-Q4,Parasiticides,VectraGuard,vectraguard-s,E-commerce,Region,Northeast,24399,634381.4,0.88
stackline_ecommerce,2025-10,2025-Q4,Vaccines,VetGuard Immunize,vetguard_immunize-l,E-commerce,Region,Northeast,7192,136652.73,0.88
stackline_ecommerce,2025-10,2025-Q4,Vaccines,VetGuard Immunize,vetguard_immunize-s,E-commerce,Region,Northeast,10181,193438.48,0.88
stackline_ecommerce,2025-10,2025-Q4,Vaccines,VetSelect Core Vax,vetselect_core_vax-l,E-commerce,Region,Northeast,7783,108966.14,0.88
stackline_ecommerce,2025-10,2025-Q4,Vaccines,VetSelect Core Vax,vetselect_core_vax-s,E-commerce,Region,Northeast,10374,145233.86,0.88
stackline_ecommerce,2025-10,2025-Q4,Dermatology,VetSelect Derma,vetselect_derma-l,E-commerce,Region,Northeast,6169,234432.36,0.88
stackline_ecommerce,2025-10,2025-Q4,Dermatology,VetSelect Derma,vetselect_derma-s,E-commerce,Region,Northeast,8790,334030.71,0.88
stackline_ecommerce,2025-10,2025-Q4,Petcare Diagnostics,VetSelect Dx,vetselect_dx-l,E-commerce,Region,Northeast,8333,99995.31,0.88
stackline_ecommerce,2025-10,2025-Q4,Petcare Diagnostics,VetSelect Dx,vetselect_dx-s,E-commerce,Region,Northeast,11277,135329.16,0.88
stackline_ecommerce,2025-10,2025-Q4,Parasiticides,VetSelect Flea & Tick,vetselect_flea_and_tick-l,E-commerce,Region,Northeast,21098,358664.42,0.88
stackline_ecommerce,2025-10,2025-Q4,Parasiticides,VetSelect Flea & Tick,vetselect_flea_and_tick-s,E-commerce,Region,Northeast,29796,506527.67,0.88
stackline_ecommerce,2025-10,2025-Q4,Pain/Osteoarthritis,VetSelect Joint,vetselect_joint-l,E-commerce,Region,Northeast,5355,155281.43,0.88
stackline_ecommerce,2025-10,2025-Q4,Pain/Osteoarthritis,VetSelect Joint,vetselect_joint-s,E-commerce,Region,Northeast,7151,207366.22,0.88
stackline_ecommerce,2025-10,2025-Q4,Petcare Diagnostics,Vetscan,vetscan-l,E-commerce,Region,Northeast,13816,248687.73,0.88
stackline_ecommerce,2025-10,2025-Q4,Petcare Diagnostics,Vetscan,vetscan-s,E-commerce,Region,Northeast,18658,335835.01,0.88
stackline_ecommerce,2025-10,2025-Q4,Dermatology,AllerVet RX,allervet_rx-l,E-commerce,Region,South,10208,551210.9,0.88
stackline_ecommerce,2025-10,2025-Q4,Dermatology,AllerVet RX,allervet_rx-s,E-commerce,Region,South,13739,741931.74,0.88
stackline_ecommerce,2025-10,2025-Q4,Dermatology,Apoquel,apoquel-l,E-commerce,Region,South,15010,975624.64,0.88
stackline_ecommerce,2025-10,2025-Q4,Dermatology,Apoquel,apoquel-s,E-commerce,Region,South,21116,1372528.16,0.88
stackline_ecommerce,2025-10,2025-Q4,Vaccines,BioShield Vax,bioshield_vax-l,E-commerce,Region,South,12153,243069.61,0.88
stackline_ecommerce,2025-10,2025-Q4,Vaccines,BioShield Vax,bioshield_vax-s,E-commerce,Region,South,17664,353287.54,0.88
stackline_ecommerce,2025-10,2025-Q4,Dermatology,DermaCalm,dermacalm-l,E-commerce,Region,South,10824,627819.54,0.88
stackline_ecommerce,2025-10,2025-Q4,Dermatology,DermaCalm,dermacalm-s,E-commerce,Region,South,14484,840089.95,0.88
stackline_ecommerce,2025-10,2025-Q4,Petcare Diagnostics,DiagnosTech Vet,diagnostech_vet-l,E-commerce,Region,South,20392,346667.64,0.88
stackline_ecommerce,2025-10,2025-Q4,Petcare Diagnostics,DiagnosTech Vet,diagnostech_vet-s,E-commerce,Region,South,29839,507259.94,0.88
stackline_ecommerce,2025-10,2025-Q4,Parasiticides,FleaStop Pro,fleastop_pro-l,E-commerce,Region,South,20084,421753.89,0.88
stackline_ecommerce,2025-10,2025-Q4,Parasiticides,FleaStop Pro,fleastop_pro-s,E-commerce,Region,South,28628,601186.39,0.88
stackline_ecommerce,2025-10,2025-Q4,Pain/Osteoarthritis,FlexiCare Joint,flexicare_joint-l,E-commerce,Region,South,8323,366192.02,0.88
stackline_ecommerce,2025-10,2025-Q4,Pain/Osteoarthritis,FlexiCare Joint,flexicare_joint-s,E-commerce,Region,South,11107,488694.81,0.88
stackline_ecommerce,2025-10,2025-Q4,Vaccines,ImmunoCore Canine,immunocore_canine-l,E-commerce,Region,South,14215,298507.9,0.88
stackline_ecommerce,2025-10,2025-Q4,Vaccines,ImmunoCore Canine,immunocore_canine-s,E-commerce,Region,South,19697,413632.47,0.88
stackline_ecommerce,2025-10,2025-Q4,Pain/Osteoarthritis,Librela,librela-l,E-commerce,Region,South,7189,345061.9,0.88
stackline_ecommerce,2025-10,2025-Q4,Pain/Osteoarthritis,Librela,librela-s,E-commerce,Region,South,10121,485791.53,0.88
stackline_ecommerce,2025-10,2025-Q4,Pain/Osteoarthritis,OsteoEase Vet,osteoease_vet-l,E-commerce,Region,South,7226,296281.49,0.88
stackline_ecommerce,2025-10,2025-Q4,Pain/Osteoarthritis,OsteoEase Vet,osteoease_vet-s,E-commerce,Region,South,10051,412106.07,0.88
stackline_ecommerce,2025-10,2025-Q4,Pain/Osteoarthritis,PainAway Canine,painaway_canine-l,E-commerce,Region,South,6754,249911.53,0.88
stackline_ecommerce,2025-10,2025-Q4,Pain/Osteoarthritis,PainAway Canine,painaway_canine-s,E-commerce,Region,South,9373,346817.01,0.88
stackline_ecommerce,2025-10,2025-Q4,Petcare Diagnostics,PetLab Analyzer,petlab_analyzer-l,E-commerce,Region,South,13101,196514.48,0.88
stackline_ecommerce,2025-10,2025-Q4,Petcare Diagnostics,PetLab Analyzer,petlab_analyzer-s,E-commerce,Region,South,18827,282397.93,0.88
stackline_ecommerce,2025-10,2025-Q4,Petcare Diagnostics,RapidVet Dx,rapidvet_dx-l,E-commerce,Region,South,20744,331900.76,0.88
stackline_ecommerce,2025-10,2025-Q4,Petcare Diagnostics,RapidVet Dx,rapidvet_dx-s,E-commerce,Region,South,29762,476189.4,0.88
stackline_ecommerce,2025-10,2025-Q4,Parasiticides,Simparica Trio,simparica_trio-l,E-commerce,Region,South,34255,959148.15,0.88
stackline_ecommerce,2025-10,2025-Q4,Parasiticides,Simparica Trio,simparica_trio-s,E-commerce,Region,South,46774,1309682.25,0.88
stackline_ecommerce,2025-10,2025-Q4,Dermatology,SkinRelief Pro,skinrelief_pro-l,E-commerce,Region,South,8694,425989.55,0.88
stackline_ecommerce,2025-10,2025-Q4,Dermatology,SkinRelief Pro,skinrelief_pro-s,E-commerce,Region,South,12082,592036.3,0.88
stackline_ecommerce,2025-10,2025-Q4,Parasiticides,TickShield Plus,tickshield_plus-l,E-commerce,Region,South,24808,595385.4,0.88
stackline_ecommerce,2025-10,2025-Q4,Parasiticides,TickShield Plus,tickshield_plus-s,E-commerce,Region,South,34008,816189.06,0.88
stackline_ecommerce,2025-10,2025-Q4,Vaccines,Vanguard,vanguard-l,E-commerce,Region,South,13555,298219.21,0.88
stackline_ecommerce,2025-10,2025-Q4,Vaccines,Vanguard,vanguard-s,E-commerce,Region,South,18534,407745.44,0.88
stackline_ecommerce,2025-10,2025-Q4,Parasiticides,VectraGuard,vectraguard-l,E-commerce,Region,South,30954,804808.65,0.88
stackline_ecommerce,2025-10,2025-Q4,Parasiticides,VectraGuard,vectraguard-s,E-commerce,Region,South,42706,1110353.52,0.88
stackline_ecommerce,2025-10,2025-Q4,Vaccines,VetGuard Immunize,vetguard_immunize-l,E-commerce,Region,South,9923,188532.99,0.88
stackline_ecommerce,2025-10,2025-Q4,Vaccines,VetGuard Immunize,vetguard_immunize-s,E-commerce,Region,South,14114,268163.91,0.88
stackline_ecommerce,2025-10,2025-Q4,Vaccines,VetSelect Core Vax,vetselect_core_vax-l,E-commerce,Region,South,11982,167747.78,0.88
stackline_ecommerce,2025-10,2025-Q4,Vaccines,VetSelect Core Vax,vetselect_core_vax-s,E-commerce,Region,South,17443,244197.56,0.88
stackline_ecommerce,2025-10,2025-Q4,Dermatology,VetSelect Derma,vetselect_derma-l,E-commerce,Region,South,9747,370396.03,0.88
stackline_ecommerce,2025-10,2025-Q4,Dermatology,VetSelect Derma,vetselect_derma-s,E-commerce,Region,South,13206,501844.94,0.88
stackline_ecommerce,2025-10,2025-Q4,Petcare Diagnostics,VetSelect Dx,vetselect_dx-l,E-commerce,Region,South,12492,149908.27,0.88
stackline_ecommerce,2025-10,2025-Q4,Petcare Diagnostics,VetSelect Dx,vetselect_dx-s,E-commerce,Region,South,18173,218075.23,0.88
stackline_ecommerce,2025-10,2025-Q4,Parasiticides,VetSelect Flea & Tick,vetselect_flea_and_tick-l,E-commerce,Region,South,34834,592178.76,0.88
stackline_ecommerce,2025-10,2025-Q4,Parasiticides,VetSelect Flea & Tick,vetselect_flea_and_tick-s,E-commerce,Region,South,48522,824880.32,0.88
stackline_ecommerce,2025-10,2025-Q4,Pain/Osteoarthritis,VetSelect Joint,vetselect_joint-l,E-commerce,Region,South,8057,233653.92,0.88
stackline_ecommerce,2025-10,2025-Q4,Pain/Osteoarthritis,VetSelect Joint,vetselect_joint-s,E-commerce,Region,South,10914,316507.71,0.88
stackline_ecommerce,2025-10,2025-Q4,Petcare Diagnostics,Vetscan,vetscan-l,E-commerce,Region,South,22433,403795.73,0.88
stackline_ecommerce,2025-10,2025-Q4,Petcare Diagnostics,Vetscan,vetscan-s,E-commerce,Region,South,30539,549700.86,0.88
stackline_ecommerce,2025-10,2025-Q4,Dermatology,AllerVet RX,allervet_rx-l,E-commerce,Region,West,7500,404976.03,0.88
stackline_ecommerce,2025-10,2025-Q4,Dermatology,AllerVet RX,allervet_rx-s,E-commerce,Region,West,9841,531422.42,0.88
stackline_ecommerce,2025-10,2025-Q4,Dermatology,Apoquel,apoquel-l,E-commerce,Region,West,10190,662356.23,0.88
stackline_ecommerce,2025-10,2025-Q4,Dermatology,Apoquel,apoquel-s,E-commerce,Region,West,14230,924927.84,0.88
stackline_ecommerce,2025-10,2025-Q4,Vaccines,BioShield Vax,bioshield_vax-l,E-commerce,Region,West,8096,161926.79,0.88
stackline_ecommerce,2025-10,2025-Q4,Vaccines,BioShield Vax,bioshield_vax-s,E-commerce,Region,West,10794,215870.29,0.88
stackline_ecommerce,2025-10,2025-Q4,Dermatology,DermaCalm,dermacalm-l,E-commerce,Region,West,7657,444105.48,0.88
stackline_ecommerce,2025-10,2025-Q4,Dermatology,DermaCalm,dermacalm-s,E-commerce,Region,West,10137,587929.81,0.88
stackline_ecommerce,2025-10,2025-Q4,Petcare Diagnostics,DiagnosTech Vet,diagnostech_vet-l,E-commerce,Region,West,14371,244312.95,0.88
stackline_ecommerce,2025-10,2025-Q4,Petcare Diagnostics,DiagnosTech Vet,diagnostech_vet-s,E-commerce,Region,West,19717,335193.08,0.88
stackline_ecommerce,2025-10,2025-Q4,Parasiticides,FleaStop Pro,fleastop_pro-l,E-commerce,Region,West,14346,301273.9,0.88
stackline_ecommerce,2025-10,2025-Q4,Parasiticides,FleaStop Pro,fleastop_pro-s,E-commerce,Region,West,19169,402557.93,0.88
stackline_ecommerce,2025-10,2025-Q4,Pain/Osteoarthritis,FlexiCare Joint,flexicare_joint-l,E-commerce,Region,West,5484,241292.98,0.88
stackline_ecommerce,2025-10,2025-Q4,Pain/Osteoarthritis,FlexiCare Joint,flexicare_joint-s,E-commerce,Region,West,8040,353757.8,0.88
stackline_ecommerce,2025-10,2025-Q4,Vaccines,ImmunoCore Canine,immunocore_canine-l,E-commerce,Region,West,9189,192959.27,0.88
stackline_ecommerce,2025-10,2025-Q4,Vaccines,ImmunoCore Canine,immunocore_canine-s,E-commerce,Region,West,12603,264667.77,0.88
stackline_ecommerce,2025-10,2025-Q4,Pain/Osteoarthritis,Librela,librela-l,E-commerce,Region,West,4978,238962.47,0.88
stackline_ecommerce,2025-10,2025-Q4,Pain/Osteoarthritis,Librela,librela-s,E-commerce,Region,West,6577,315692.17,0.88
stackline_ecommerce,2025-10,2025-Q4,Pain/Osteoarthritis,OsteoEase Vet,osteoease_vet-l,E-commerce,Region,West,5265,215849.19,0.88
stackline_ecommerce,2025-10,2025-Q4,Pain/Osteoarthritis,OsteoEase Vet,osteoease_vet-s,E-commerce,Region,West,6733,276058.79,0.88
stackline_ecommerce,2025-10,2025-Q4,Pain/Osteoarthritis,PainAway Canine,painaway_canine-l,E-commerce,Region,West,4686,173366.66,0.88
stackline_ecommerce,2025-10,2025-Q4,Pain/Osteoarthritis,PainAway Canine,painaway_canine-s,E-commerce,Region,West,6043,223573.51,0.88
stackline_ecommerce,2025-10,2025-Q4,Petcare Diagnostics,PetLab Analyzer,petlab_analyzer-l,E-commerce,Region,West,8665,129969.77,0.88
stackline_ecommerce,2025-10,2025-Q4,Petcare Diagnostics,PetLab Analyzer,petlab_analyzer-s,E-commerce,Region,West,12032,180473.59,0.88
stackline_ecommerce,2025-10,2025-Q4,Petcare Diagnostics,RapidVet Dx,rapidvet_dx-l,E-commerce,Region,West,13548,216767.57,0.88
stackline_ecommerce,2025-10,2025-Q4,Petcare Diagnostics,RapidVet Dx,rapidvet_dx-s,E-commerce,Region,West,19910,318565.21,0.88
stackline_ecommerce,2025-10,2025-Q4,Parasiticides,Simparica Trio,simparica_trio-l,E-commerce,Region,West,21305,596549.58,0.88
stackline_ecommerce,2025-10,2025-Q4,Parasiticides,Simparica Trio,simparica_trio-s,E-commerce,Region,West,31700,887590.36,0.88
stackline_ecommerce,2025-10,2025-Q4,Dermatology,SkinRelief Pro,skinrelief_pro-l,E-commerce,Region,West,6153,301505.23,0.88
stackline_ecommerce,2025-10,2025-Q4,Dermatology,SkinRelief Pro,skinrelief_pro-s,E-commerce,Region,West,8699,426263.88,0.88
stackline_ecommerce,2025-10,2025-Q4,Parasiticides,TickShield Plus,tickshield_plus-l,E-commerce,Region,West,16246,389905.81,0.88
stackline_ecommerce,2025-10,2025-Q4,Parasiticides,TickShield Plus,tickshield_plus-s,E-commerce,Region,West,22118,530840.43,0.88
stackline_ecommerce,2025-10,2025-Q4,Vaccines,Vanguard,vanguard-l,E-commerce,Region,West,9074,199626.99,0.88
stackline_ecommerce,2025-10,2025-Q4,Vaccines,Vanguard,vanguard-s,E-commerce,Region,West,12830,282269.76,0.88
stackline_ecommerce,2025-10,2025-Q4,Parasiticides,VectraGuard,vectraguard-l,E-commerce,Region,West,19052,495350.17,0.88
stackline_ecommerce,2025-10,2025-Q4,Parasiticides,VectraGuard,vectraguard-s,E-commerce,Region,West,27403,712484.93,0.88
stackline_ecommerce,2025-10,2025-Q4,Vaccines,VetGuard Immunize,vetguard_immunize-l,E-commerce,Region,West,6656,126457.77,0.88
stackline_ecommerce,2025-10,2025-Q4,Vaccines,VetGuard Immunize,vetguard_immunize-s,E-commerce,Region,West,9465,179836.41,0.88
stackline_ecommerce,2025-10,2025-Q4,Vaccines,VetSelect Core Vax,vetselect_core_vax-l,E-commerce,Region,West,7615,106608.21,0.88
stackline_ecommerce,2025-10,2025-Q4,Vaccines,VetSelect Core Vax,vetselect_core_vax-s,E-commerce,Region,West,11518,161249.71,0.88
stackline_ecommerce,2025-10,2025-Q4,Dermatology,VetSelect Derma,vetselect_derma-l,E-commerce,Region,West,6382,242505.71,0.88
stackline_ecommerce,2025-10,2025-Q4,Dermatology,VetSelect Derma,vetselect_derma-s,E-commerce,Region,West,9536,362381.18,0.88
stackline_ecommerce,2025-10,2025-Q4,Petcare Diagnostics,VetSelect Dx,vetselect_dx-l,E-commerce,Region,West,8570,102843.5,0.88
stackline_ecommerce,2025-10,2025-Q4,Petcare Diagnostics,VetSelect Dx,vetselect_dx-s,E-commerce,Region,West,11868,142414.97,0.88
stackline_ecommerce,2025-10,2025-Q4,Parasiticides,VetSelect Flea & Tick,vetselect_flea_and_tick-l,E-commerce,Region,West,24286,412862.68,0.88
stackline_ecommerce,2025-10,2025-Q4,Parasiticides,VetSelect Flea & Tick,vetselect_flea_and_tick-s,E-commerce,Region,West,34540,587188.12,0.88
stackline_ecommerce,2025-10,2025-Q4,Pain/Osteoarthritis,VetSelect Joint,vetselect_joint-l,E-commerce,Region,West,4882,141563.62,0.88
stackline_ecommerce,2025-10,2025-Q4,Pain/Osteoarthritis,VetSelect Joint,vetselect_joint-s,E-commerce,Region,West,7287,211329.37,0.88
stackline_ecommerce,2025-10,2025-Q4,Petcare Diagnostics,Vetscan,vetscan-l,E-commerce,Region,West,15409,277365.75,0.88
stackline_ecommerce,2025-10,2025-Q4,Petcare Diagnostics,Vetscan,vetscan-s,E-commerce,Region,West,21033,378586.71,0.88
stackline_ecommerce,2025-11,2025-Q4,Dermatology,AllerVet RX,allervet_rx-l,E-commerce,National,National,27876,1505291.74,0.88
stackline_ecommerce,2025-11,2025-Q4,Dermatology,AllerVet RX,allervet_rx-s,E-commerce,National,National,38610,2084960.29,0.88
stackline_ecommerce,2025-11,2025-Q4,Dermatology,Apoquel,apoquel-l,E-commerce,National,National,40013,2600926.58,0.88
stackline_ecommerce,2025-11,2025-Q4,Dermatology,Apoquel,apoquel-s,E-commerce,National,National,54442,3538680.18,0.88
stackline_ecommerce,2025-11,2025-Q4,Vaccines,BioShield Vax,bioshield_vax-l,E-commerce,National,National,36702,734028.31,0.88
stackline_ecommerce,2025-11,2025-Q4,Vaccines,BioShield Vax,bioshield_vax-s,E-commerce,National,National,49842,996857.67,0.88
stackline_ecommerce,2025-11,2025-Q4,Dermatology,DermaCalm,dermacalm-l,E-commerce,National,National,30174,1750072.3,0.88
stackline_ecommerce,2025-11,2025-Q4,Dermatology,DermaCalm,dermacalm-s,E-commerce,National,National,40711,2361212.06,0.88
stackline_ecommerce,2025-11,2025-Q4,Petcare Diagnostics,DiagnosTech Vet,diagnostech_vet-l,E-commerce,National,National,66984,1138719.26,0.88
stackline_ecommerce,2025-11,2025-Q4,Petcare Diagnostics,DiagnosTech Vet,diagnostech_vet-s,E-commerce,National,National,94108,1599838.92,0.88
stackline_ecommerce,2025-11,2025-Q4,Parasiticides,FleaStop Pro,fleastop_pro-l,E-commerce,National,National,52340,1099119.48,0.88
stackline_ecommerce,2025-11,2025-Q4,Parasiticides,FleaStop Pro,fleastop_pro-s,E-commerce,National,National,73818,1550197.78,0.88
stackline_ecommerce,2025-11,2025-Q4,Pain/Osteoarthritis,FlexiCare Joint,flexicare_joint-l,E-commerce,National,National,25233,1110215.04,0.88
stackline_ecommerce,2025-11,2025-Q4,Pain/Osteoarthritis,FlexiCare Joint,flexicare_joint-s,E-commerce,National,National,35702,1570908.39,0.88
stackline_ecommerce,2025-11,2025-Q4,Vaccines,ImmunoCore Canine,immunocore_canine-l,E-commerce,National,National,43264,908538.93,0.88
stackline_ecommerce,2025-11,2025-Q4,Vaccines,ImmunoCore Canine,immunocore_canine-s,E-commerce,National,National,58355,1225457.46,0.88
stackline_ecommerce,2025-11,2025-Q4,Pain/Osteoarthritis,Librela,librela-l,E-commerce,National,National,22335,1072066.33,0.88
stackline_ecommerce,2025-11,2025-Q4,Pain/Osteoarthritis,Librela,librela-s,E-commerce,National,National,30968,1486471.25,0.88
stackline_ecommerce,2025-11,2025-Q4,Pain/Osteoarthritis,OsteoEase Vet,osteoease_vet-l,E-commerce,National,National,23753,973841.31,0.88
stackline_ecommerce,2025-11,2025-Q4,Pain/Osteoarthritis,OsteoEase Vet,osteoease_vet-s,E-commerce,National,National,32612,1337100.12,0.88
stackline_ecommerce,2025-11,2025-Q4,Pain/Osteoarthritis,PainAway Canine,painaway_canine-l,E-commerce,National,National,21999,813962.01,0.88
stackline_ecommerce,2025-11,2025-Q4,Pain/Osteoarthritis,PainAway Canine,painaway_canine-s,E-commerce,National,National,29926,1107247.08,0.88
stackline_ecommerce,2025-11,2025-Q4,Petcare Diagnostics,PetLab Analyzer,petlab_analyzer-l,E-commerce,National,National,40781,611708.25,0.88
stackline_ecommerce,2025-11,2025-Q4,Petcare Diagnostics,PetLab Analyzer,petlab_analyzer-s,E-commerce,National,National,55422,831333.85,0.88
stackline_ecommerce,2025-11,2025-Q4,Petcare Diagnostics,RapidVet Dx,rapidvet_dx-l,E-commerce,National,National,59888,958184.62,0.88
stackline_ecommerce,2025-11,2025-Q4,Petcare Diagnostics,RapidVet Dx,rapidvet_dx-s,E-commerce,National,National,82895,1326335.84,0.88
stackline_ecommerce,2025-11,2025-Q4,Parasiticides,Simparica Trio,simparica_trio-l,E-commerce,National,National,86476,2421339.23,0.88
stackline_ecommerce,2025-11,2025-Q4,Parasiticides,Simparica Trio,simparica_trio-s,E-commerce,National,National,120942,3386361.17,0.88
stackline_ecommerce,2025-11,2025-Q4,Dermatology,SkinRelief Pro,skinrelief_pro-l,E-commerce,National,National,23304,1141896.96,0.88
stackline_ecommerce,2025-11,2025-Q4,Dermatology,SkinRelief Pro,skinrelief_pro-s,E-commerce,National,National,32692,1601888.14,0.88
stackline_ecommerce,2025-11,2025-Q4,Parasiticides,TickShield Plus,tickshield_plus-l,E-commerce,National,National,59116,1418770.37,0.88
stackline_ecommerce,2025-11,2025-Q4,Parasiticides,TickShield Plus,tickshield_plus-s,E-commerce,National,National,82397,1977522.25,0.88
stackline_ecommerce,2025-11,2025-Q4,Vaccines,Vanguard,vanguard-l,E-commerce,National,National,40646,894202.18,0.88
stackline_ecommerce,2025-11,2025-Q4,Vaccines,Vanguard,vanguard-s,E-commerce,National,National,55670,1224725.6,0.88
stackline_ecommerce,2025-11,2025-Q4,Parasiticides,VectraGuard,vectraguard-l,E-commerce,National,National,69235,1800130.65,0.88
stackline_ecommerce,2025-11,2025-Q4,Parasiticides,VectraGuard,vectraguard-s,E-commerce,National,National,93075,2419948.18,0.88
stackline_ecommerce,2025-11,2025-Q4,Vaccines,VetGuard Immunize,vetguard_immunize-l,E-commerce,National,National,31314,594963.92,0.88
stackline_ecommerce,2025-11,2025-Q4,Vaccines,VetGuard Immunize,vetguard_immunize-s,E-commerce,National,National,43724,830758.62,0.88
stackline_ecommerce,2025-11,2025-Q4,Vaccines,VetSelect Core Vax,vetselect_core_vax-l,E-commerce,National,National,35965,503515.76,0.88
stackline_ecommerce,2025-11,2025-Q4,Vaccines,VetSelect Core Vax,vetselect_core_vax-s,E-commerce,National,National,49610,694534.67,0.88
stackline_ecommerce,2025-11,2025-Q4,Dermatology,VetSelect Derma,vetselect_derma-l,E-commerce,National,National,27316,1038026.65,0.88
stackline_ecommerce,2025-11,2025-Q4,Dermatology,VetSelect Derma,vetselect_derma-s,E-commerce,National,National,36899,1402181.73,0.88
stackline_ecommerce,2025-11,2025-Q4,Petcare Diagnostics,VetSelect Dx,vetselect_dx-l,E-commerce,National,National,37001,444009.52,0.88
stackline_ecommerce,2025-11,2025-Q4,Petcare Diagnostics,VetSelect Dx,vetselect_dx-s,E-commerce,National,National,51320,615835.79,0.88
stackline_ecommerce,2025-11,2025-Q4,Parasiticides,VetSelect Flea & Tick,vetselect_flea_and_tick-l,E-commerce,National,National,84920,1443645.03,0.88
stackline_ecommerce,2025-11,2025-Q4,Parasiticides,VetSelect Flea & Tick,vetselect_flea_and_tick-s,E-commerce,National,National,117912,2004511.06,0.88
stackline_ecommerce,2025-11,2025-Q4,Pain/Osteoarthritis,VetSelect Joint,vetselect_joint-l,E-commerce,National,National,26092,756656.2,0.88
stackline_ecommerce,2025-11,2025-Q4,Pain/Osteoarthritis,VetSelect Joint,vetselect_joint-s,E-commerce,National,National,35117,1018406.85,0.88
stackline_ecommerce,2025-11,2025-Q4,Petcare Diagnostics,Vetscan,vetscan-l,E-commerce,National,National,65230,1174145.67,0.88
stackline_ecommerce,2025-11,2025-Q4,Petcare Diagnostics,Vetscan,vetscan-s,E-commerce,National,National,87301,1571420.13,0.88
stackline_ecommerce,2025-11,2025-Q4,Dermatology,AllerVet RX,allervet_rx-l,E-commerce,Region,Midwest,5471,295419.67,0.88
stackline_ecommerce,2025-11,2025-Q4,Dermatology,AllerVet RX,allervet_rx-s,E-commerce,Region,Midwest,7880,425541.56,0.88
stackline_ecommerce,2025-11,2025-Q4,Dermatology,Apoquel,apoquel-l,E-commerce,Region,Midwest,8371,544145.64,0.88
stackline_ecommerce,2025-11,2025-Q4,Dermatology,Apoquel,apoquel-s,E-commerce,Region,Midwest,10765,699719.8,0.88
stackline_ecommerce,2025-11,2025-Q4,Vaccines,BioShield Vax,bioshield_vax-l,E-commerce,Region,Midwest,7955,159092.66,0.88
stackline_ecommerce,2025-11,2025-Q4,Vaccines,BioShield Vax,bioshield_vax-s,E-commerce,Region,Midwest,10443,208868.05,0.88
stackline_ecommerce,2025-11,2025-Q4,Dermatology,DermaCalm,dermacalm-l,E-commerce,Region,Midwest,6156,357025.71,0.88
stackline_ecommerce,2025-11,2025-Q4,Dermatology,DermaCalm,dermacalm-s,E-commerce,Region,Midwest,8688,503885.41,0.88
stackline_ecommerce,2025-11,2025-Q4,Petcare Diagnostics,DiagnosTech Vet,diagnostech_vet-l,E-commerce,Region,Midwest,12962,220351.04,0.88
stackline_ecommerce,2025-11,2025-Q4,Petcare Diagnostics,DiagnosTech Vet,diagnostech_vet-s,E-commerce,Region,Midwest,18945,322069.57,0.88
stackline_ecommerce,2025-11,2025-Q4,Parasiticides,FleaStop Pro,fleastop_pro-l,E-commerce,Region,Midwest,10591,222410.0,0.88
stackline_ecommerce,2025-11,2025-Q4,Parasiticides,FleaStop Pro,fleastop_pro-s,E-commerce,Region,Midwest,14977,314527.07,0.88
stackline_ecommerce,2025-11,2025-Q4,Pain/Osteoarthritis,FlexiCare Joint,flexicare_joint-l,E-commerce,Region,Midwest,5211,229267.53,0.88
stackline_ecommerce,2025-11,2025-Q4,Pain/Osteoarthritis,FlexiCare Joint,flexicare_joint-s,E-commerce,Region,Midwest,7546,332036.39,0.88
stackline_ecommerce,2025-11,2025-Q4,Vaccines,ImmunoCore Canine,immunocore_canine-l,E-commerce,Region,Midwest,9361,196589.82,0.88
stackline_ecommerce,2025-11,2025-Q4,Vaccines,ImmunoCore Canine,immunocore_canine-s,E-commerce,Region,Midwest,12122,254566.51,0.88
stackline_ecommerce,2025-11,2025-Q4,Pain/Osteoarthritis,Librela,librela-l,E-commerce,Region,Midwest,4700,225612.85,0.88
stackline_ecommerce,2025-11,2025-Q4,Pain/Osteoarthritis,Librela,librela-s,E-commerce,Region,Midwest,6701,321667.51,0.88
stackline_ecommerce,2025-11,2025-Q4,Pain/Osteoarthritis,OsteoEase Vet,osteoease_vet-l,E-commerce,Region,Midwest,4966,203597.68,0.88
stackline_ecommerce,2025-11,2025-Q4,Pain/Osteoarthritis,OsteoEase Vet,osteoease_vet-s,E-commerce,Region,Midwest,7086,290509.27,0.88
stackline_ecommerce,2025-11,2025-Q4,Pain/Osteoarthritis,PainAway Canine,painaway_canine-l,E-commerce,Region,Midwest,4606,170420.82,0.88
stackline_ecommerce,2025-11,2025-Q4,Pain/Osteoarthritis,PainAway Canine,painaway_canine-s,E-commerce,Region,Midwest,6180,228663.46,0.88
stackline_ecommerce,2025-11,2025-Q4,Petcare Diagnostics,PetLab Analyzer,petlab_analyzer-l,E-commerce,Region,Midwest,8645,129673.25,0.88
stackline_ecommerce,2025-11,2025-Q4,Petcare Diagnostics,PetLab Analyzer,petlab_analyzer-s,E-commerce,Region,Midwest,11309,169637.25,0.88
stackline_ecommerce,2025-11,2025-Q4,Petcare Diagnostics,RapidVet Dx,rapidvet_dx-l,E-commerce,Region,Midwest,13068,209085.3,0.88
stackline_ecommerce,2025-11,2025-Q4,Petcare Diagnostics,RapidVet Dx,rapidvet_dx-s,E-commerce,Region,Midwest,17771,284342.82,0.88
stackline_ecommerce,2025-11,2025-Q4,Parasiticides,Simparica Trio,simparica_trio-l,E-commerce,Region,Midwest,17388,486857.96,0.88
stackline_ecommerce,2025-11,2025-Q4,Parasiticides,Simparica Trio,simparica_trio-s,E-commerce,Region,Midwest,24304,680519.53,0.88
stackline_ecommerce,2025-11,2025-Q4,Dermatology,SkinRelief Pro,skinrelief_pro-l,E-commerce,Region,Midwest,5001,245057.73,0.88
stackline_ecommerce,2025-11,2025-Q4,Dermatology,SkinRelief Pro,skinrelief_pro-s,E-commerce,Region,Midwest,6943,340199.15,0.88
stackline_ecommerce,2025-11,2025-Q4,Parasiticides,TickShield Plus,tickshield_plus-l,E-commerce,Region,Midwest,13087,314081.6,0.88
stackline_ecommerce,2025-11,2025-Q4,Parasiticides,TickShield Plus,tickshield_plus-s,E-commerce,Region,Midwest,18872,452938.54,0.88
stackline_ecommerce,2025-11,2025-Q4,Vaccines,Vanguard,vanguard-l,E-commerce,Region,Midwest,8031,176677.52,0.88
stackline_ecommerce,2025-11,2025-Q4,Vaccines,Vanguard,vanguard-s,E-commerce,Region,Midwest,12109,266402.72,0.88
stackline_ecommerce,2025-11,2025-Q4,Parasiticides,VectraGuard,vectraguard-l,E-commerce,Region,Midwest,14933,388265.63,0.88
stackline_ecommerce,2025-11,2025-Q4,Parasiticides,VectraGuard,vectraguard-s,E-commerce,Region,Midwest,20239,526203.22,0.88
stackline_ecommerce,2025-11,2025-Q4,Vaccines,VetGuard Immunize,vetguard_immunize-l,E-commerce,Region,Midwest,6653,126407.09,0.88
stackline_ecommerce,2025-11,2025-Q4,Vaccines,VetGuard Immunize,vetguard_immunize-s,E-commerce,Region,Midwest,9002,171039.85,0.88
stackline_ecommerce,2025-11,2025-Q4,Vaccines,VetSelect Core Vax,vetselect_core_vax-l,E-commerce,Region,Midwest,7381,103331.43,0.88
stackline_ecommerce,2025-11,2025-Q4,Vaccines,VetSelect Core Vax,vetselect_core_vax-s,E-commerce,Region,Midwest,10517,147240.92,0.88
stackline_ecommerce,2025-11,2025-Q4,Dermatology,VetSelect Derma,vetselect_derma-l,E-commerce,Region,Midwest,5644,214465.58,0.88
stackline_ecommerce,2025-11,2025-Q4,Dermatology,VetSelect Derma,vetselect_derma-s,E-commerce,Region,Midwest,8209,311951.13,0.88
stackline_ecommerce,2025-11,2025-Q4,Petcare Diagnostics,VetSelect Dx,vetselect_dx-l,E-commerce,Region,Midwest,8166,97995.2,0.88
stackline_ecommerce,2025-11,2025-Q4,Petcare Diagnostics,VetSelect Dx,vetselect_dx-s,E-commerce,Region,Midwest,10749,128983.79,0.88
stackline_ecommerce,2025-11,2025-Q4,Parasiticides,VetSelect Flea & Tick,vetselect_flea_and_tick-l,E-commerce,Region,Midwest,17130,291215.73,0.88
stackline_ecommerce,2025-11,2025-Q4,Parasiticides,VetSelect Flea & Tick,vetselect_flea_and_tick-s,E-commerce,Region,Midwest,25751,437772.36,0.88
stackline_ecommerce,2025-11,2025-Q4,Pain/Osteoarthritis,VetSelect Joint,vetselect_joint-l,E-commerce,Region,Midwest,5503,159574.07,0.88
stackline_ecommerce,2025-11,2025-Q4,Pain/Osteoarthritis,VetSelect Joint,vetselect_joint-s,E-commerce,Region,Midwest,7017,203483.62,0.88
stackline_ecommerce,2025-11,2025-Q4,Petcare Diagnostics,Vetscan,vetscan-l,E-commerce,Region,Midwest,12540,225724.87,0.88
stackline_ecommerce,2025-11,2025-Q4,Petcare Diagnostics,Vetscan,vetscan-s,E-commerce,Region,Midwest,18165,326965.24,0.88
stackline_ecommerce,2025-11,2025-Q4,Dermatology,AllerVet RX,allervet_rx-l,E-commerce,Region,Northeast,6360,343456.32,0.88
stackline_ecommerce,2025-11,2025-Q4,Dermatology,AllerVet RX,allervet_rx-s,E-commerce,Region,Northeast,8604,464593.48,0.88
stackline_ecommerce,2025-11,2025-Q4,Dermatology,Apoquel,apoquel-l,E-commerce,Region,Northeast,8381,544766.16,0.88
stackline_ecommerce,2025-11,2025-Q4,Dermatology,Apoquel,apoquel-s,E-commerce,Region,Northeast,12192,792449.59,0.88
stackline_ecommerce,2025-11,2025-Q4,Vaccines,BioShield Vax,bioshield_vax-l,E-commerce,Region,Northeast,7696,153910.34,0.88
stackline_ecommerce,2025-11,2025-Q4,Vaccines,BioShield Vax,bioshield_vax-s,E-commerce,Region,Northeast,10910,218204.47,0.88
stackline_ecommerce,2025-11,2025-Q4,Dermatology,DermaCalm,dermacalm-l,E-commerce,Region,Northeast,6335,367439.41,0.88
stackline_ecommerce,2025-11,2025-Q4,Dermatology,DermaCalm,dermacalm-s,E-commerce,Region,Northeast,8568,496943.45,0.88
stackline_ecommerce,2025-11,2025-Q4,Petcare Diagnostics,DiagnosTech Vet,diagnostech_vet-l,E-commerce,Region,Northeast,14948,254115.24,0.88
stackline_ecommerce,2025-11,2025-Q4,Petcare Diagnostics,DiagnosTech Vet,diagnostech_vet-s,E-commerce,Region,Northeast,21227,360865.88,0.88
stackline_ecommerce,2025-11,2025-Q4,Parasiticides,FleaStop Pro,fleastop_pro-l,E-commerce,Region,Northeast,11516,241830.04,0.88
stackline_ecommerce,2025-11,2025-Q4,Parasiticides,FleaStop Pro,fleastop_pro-s,E-commerce,Region,Northeast,15471,324900.92,0.88
stackline_ecommerce,2025-11,2025-Q4,Pain/Osteoarthritis,FlexiCare Joint,flexicare_joint-l,E-commerce,Region,Northeast,5544,243922.2,0.88
stackline_ecommerce,2025-11,2025-Q4,Pain/Osteoarthritis,FlexiCare Joint,flexicare_joint-s,E-commerce,Region,Northeast,8054,354355.13,0.88
stackline_ecommerce,2025-11,2025-Q4,Vaccines,ImmunoCore Canine,immunocore_canine-l,E-commerce,Region,Northeast,9412,197651.45,0.88
stackline_ecommerce,2025-11,2025-Q4,Vaccines,ImmunoCore Canine,immunocore_canine-s,E-commerce,Region,Northeast,12866,270176.32,0.88
stackline_ecommerce,2025-11,2025-Q4,Pain/Osteoarthritis,Librela,librela-l,E-commerce,Region,Northeast,5099,244733.68,0.88
stackline_ecommerce,2025-11,2025-Q4,Pain/Osteoarthritis,Librela,librela-s,E-commerce,Region,Northeast,6569,315295.19,0.88
stackline_ecommerce,2025-11,2025-Q4,Pain/Osteoarthritis,OsteoEase Vet,osteoease_vet-l,E-commerce,Region,Northeast,5159,211519.25,0.88
stackline_ecommerce,2025-11,2025-Q4,Pain/Osteoarthritis,OsteoEase Vet,osteoease_vet-s,E-commerce,Region,Northeast,7334,300709.09,0.88
stackline_ecommerce,2025-11,2025-Q4,Pain/Osteoarthritis,PainAway Canine,painaway_canine-l,E-commerce,Region,Northeast,4488,166065.65,0.88
stackline_ecommerce,2025-11,2025-Q4,Pain/Osteoarthritis,PainAway Canine,painaway_canine-s,E-commerce,Region,Northeast,6602,244264.18,0.88
stackline_ecommerce,2025-11,2025-Q4,Petcare Diagnostics,PetLab Analyzer,petlab_analyzer-l,E-commerce,Region,Northeast,9344,140167.05,0.88
stackline_ecommerce,2025-11,2025-Q4,Petcare Diagnostics,PetLab Analyzer,petlab_analyzer-s,E-commerce,Region,Northeast,12590,188844.89,0.88
stackline_ecommerce,2025-11,2025-Q4,Petcare Diagnostics,RapidVet Dx,rapidvet_dx-l,E-commerce,Region,Northeast,13057,208905.78,0.88
stackline_ecommerce,2025-11,2025-Q4,Petcare Diagnostics,RapidVet Dx,rapidvet_dx-s,E-commerce,Region,Northeast,18089,289430.94,0.88
stackline_ecommerce,2025-11,2025-Q4,Parasiticides,Simparica Trio,simparica_trio-l,E-commerce,Region,Northeast,19091,534549.43,0.88
stackline_ecommerce,2025-11,2025-Q4,Parasiticides,Simparica Trio,simparica_trio-s,E-commerce,Region,Northeast,26432,740088.55,0.88
stackline_ecommerce,2025-11,2025-Q4,Dermatology,SkinRelief Pro,skinrelief_pro-l,E-commerce,Region,Northeast,5133,251500.93,0.88
stackline_ecommerce,2025-11,2025-Q4,Dermatology,SkinRelief Pro,skinrelief_pro-s,E-commerce,Region,Northeast,7251,355287.87,0.88
stackline_ecommerce,2025-11,2025-Q4,Parasiticides,TickShield Plus,tickshield_plus-l,E-commerce,Region,Northeast,12918,310022.81,0.88
stackline_ecommerce,2025-11,2025-Q4,Parasiticides,TickShield Plus,tickshield_plus-s,E-commerce,Region,Northeast,17368,416823.84,0.88
stackline_ecommerce,2025-11,2025-Q4,Vaccines,Vanguard,vanguard-l,E-commerce,Region,Northeast,8519,187415.57,0.88
stackline_ecommerce,2025-11,2025-Q4,Vaccines,Vanguard,vanguard-s,E-commerce,Region,Northeast,11815,259921.66,0.88
stackline_ecommerce,2025-11,2025-Q4,Parasiticides,VectraGuard,vectraguard-l,E-commerce,Region,Northeast,14781,384312.35,0.88
stackline_ecommerce,2025-11,2025-Q4,Parasiticides,VectraGuard,vectraguard-s,E-commerce,Region,Northeast,20671,537443.3,0.88
stackline_ecommerce,2025-11,2025-Q4,Vaccines,VetGuard Immunize,vetguard_immunize-l,E-commerce,Region,Northeast,7175,136330.09,0.88
stackline_ecommerce,2025-11,2025-Q4,Vaccines,VetGuard Immunize,vetguard_immunize-s,E-commerce,Region,Northeast,10322,196126.03,0.88
stackline_ecommerce,2025-11,2025-Q4,Vaccines,VetSelect Core Vax,vetselect_core_vax-l,E-commerce,Region,Northeast,8104,113456.47,0.88
stackline_ecommerce,2025-11,2025-Q4,Vaccines,VetSelect Core Vax,vetselect_core_vax-s,E-commerce,Region,Northeast,10670,149377.53,0.88
stackline_ecommerce,2025-11,2025-Q4,Dermatology,VetSelect Derma,vetselect_derma-l,E-commerce,Region,Northeast,6424,244128.68,0.88
stackline_ecommerce,2025-11,2025-Q4,Dermatology,VetSelect Derma,vetselect_derma-s,E-commerce,Region,Northeast,8017,304645.21,0.88
stackline_ecommerce,2025-11,2025-Q4,Petcare Diagnostics,VetSelect Dx,vetselect_dx-l,E-commerce,Region,Northeast,7881,94568.92,0.88
stackline_ecommerce,2025-11,2025-Q4,Petcare Diagnostics,VetSelect Dx,vetselect_dx-s,E-commerce,Region,Northeast,10978,131733.75,0.88
stackline_ecommerce,2025-11,2025-Q4,Parasiticides,VetSelect Flea & Tick,vetselect_flea_and_tick-l,E-commerce,Region,Northeast,18472,314017.94,0.88
stackline_ecommerce,2025-11,2025-Q4,Parasiticides,VetSelect Flea & Tick,vetselect_flea_and_tick-s,E-commerce,Region,Northeast,25357,431069.04,0.88
stackline_ecommerce,2025-11,2025-Q4,Pain/Osteoarthritis,VetSelect Joint,vetselect_joint-l,E-commerce,Region,Northeast,5746,166639.71,0.88
stackline_ecommerce,2025-11,2025-Q4,Pain/Osteoarthritis,VetSelect Joint,vetselect_joint-s,E-commerce,Region,Northeast,7415,215038.46,0.88
stackline_ecommerce,2025-11,2025-Q4,Petcare Diagnostics,Vetscan,vetscan-l,E-commerce,Region,Northeast,14068,253224.28,0.88
stackline_ecommerce,2025-11,2025-Q4,Petcare Diagnostics,Vetscan,vetscan-s,E-commerce,Region,Northeast,19209,345761.62,0.88
stackline_ecommerce,2025-11,2025-Q4,Dermatology,AllerVet RX,allervet_rx-l,E-commerce,Region,South,9522,514181.7,0.88
stackline_ecommerce,2025-11,2025-Q4,Dermatology,AllerVet RX,allervet_rx-s,E-commerce,Region,South,13306,718541.15,0.88
stackline_ecommerce,2025-11,2025-Q4,Dermatology,Apoquel,apoquel-l,E-commerce,Region,South,14003,910226.52,0.88
stackline_ecommerce,2025-11,2025-Q4,Dermatology,Apoquel,apoquel-s,E-commerce,Region,South,18614,1209917.6,0.88
stackline_ecommerce,2025-11,2025-Q4,Vaccines,BioShield Vax,bioshield_vax-l,E-commerce,Region,South,12433,248655.33,0.88
stackline_ecommerce,2025-11,2025-Q4,Vaccines,BioShield Vax,bioshield_vax-s,E-commerce,Region,South,17057,341144.65,0.88
stackline_ecommerce,2025-11,2025-Q4,Dermatology,DermaCalm,dermacalm-l,E-commerce,Region,South,10416,604116.68,0.88
stackline_ecommerce,2025-11,2025-Q4,Dermatology,DermaCalm,dermacalm-s,E-commerce,Region,South,13998,811895.63,0.88
stackline_ecommerce,2025-11,2025-Q4,Petcare Diagnostics,DiagnosTech Vet,diagnostech_vet-l,E-commerce,Region,South,23524,399910.95,0.88
stackline_ecommerce,2025-11,2025-Q4,Petcare Diagnostics,DiagnosTech Vet,diagnostech_vet-s,E-commerce,Region,South,32266,548518.08,0.88
stackline_ecommerce,2025-11,2025-Q4,Parasiticides,FleaStop Pro,fleastop_pro-l,E-commerce,Region,South,17263,362514.9,0.88
stackline_ecommerce,2025-11,2025-Q4,Parasiticides,FleaStop Pro,fleastop_pro-s,E-commerce,Region,South,25296,531220.35,0.88
stackline_ecommerce,2025-11,2025-Q4,Pain/Osteoarthritis,FlexiCare Joint,flexicare_joint-l,E-commerce,Region,South,8480,373131.03,0.88
stackline_ecommerce,2025-11,2025-Q4,Pain/Osteoarthritis,FlexiCare Joint,flexicare_joint-s,E-commerce,Region,South,11843,521111.95,0.88
stackline_ecommerce,2025-11,2025-Q4,Vaccines,ImmunoCore Canine,immunocore_canine-l,E-commerce,Region,South,14337,301073.53,0.88
stackline_ecommerce,2025-11,2025-Q4,Vaccines,ImmunoCore Canine,immunocore_canine-s,E-commerce,Region,South,20144,423032.12,0.88
stackline_ecommerce,2025-11,2025-Q4,Pain/Osteoarthritis,Librela,librela-l,E-commerce,Region,South,7401,355263.06,0.88
stackline_ecommerce,2025-11,2025-Q4,Pain/Osteoarthritis,Librela,librela-s,E-commerce,Region,South,10831,519871.4,0.88
stackline_ecommerce,2025-11,2025-Q4,Pain/Osteoarthritis,OsteoEase Vet,osteoease_vet-l,E-commerce,Region,South,7977,327049.95,0.88
stackline_ecommerce,2025-11,2025-Q4,Pain/Osteoarthritis,OsteoEase Vet,osteoease_vet-s,E-commerce,Region,South,10529,431681.18,0.88
stackline_ecommerce,2025-11,2025-Q4,Pain/Osteoarthritis,PainAway Canine,painaway_canine-l,E-commerce,Region,South,7807,288846.8,0.88
stackline_ecommerce,2025-11,2025-Q4,Pain/Osteoarthritis,PainAway Canine,painaway_canine-s,E-commerce,Region,South,10392,384491.3,0.88
stackline_ecommerce,2025-11,2025-Q4,Petcare Diagnostics,PetLab Analyzer,petlab_analyzer-l,E-commerce,Region,South,13057,195848.13,0.88
stackline_ecommerce,2025-11,2025-Q4,Petcare Diagnostics,PetLab Analyzer,petlab_analyzer-s,E-commerce,Region,South,18575,278632.15,0.88
stackline_ecommerce,2025-11,2025-Q4,Petcare Diagnostics,RapidVet Dx,rapidvet_dx-l,E-commerce,Region,South,20339,325417.06,0.88
stackline_ecommerce,2025-11,2025-Q4,Petcare Diagnostics,RapidVet Dx,rapidvet_dx-s,E-commerce,Region,South,28598,457565.76,0.88
stackline_ecommerce,2025-11,2025-Q4,Parasiticides,Simparica Trio,simparica_trio-l,E-commerce,Region,South,28403,795296.15,0.88
stackline_ecommerce,2025-11,2025-Q4,Parasiticides,Simparica Trio,simparica_trio-s,E-commerce,Region,South,39764,1113386.06,0.88
stackline_ecommerce,2025-11,2025-Q4,Dermatology,SkinRelief Pro,skinrelief_pro-l,E-commerce,Region,South,7578,371337.65,0.88
stackline_ecommerce,2025-11,2025-Q4,Dermatology,SkinRelief Pro,skinrelief_pro-s,E-commerce,Region,South,11085,543179.89,0.88
stackline_ecommerce,2025-11,2025-Q4,Parasiticides,TickShield Plus,tickshield_plus-l,E-commerce,Region,South,19524,468586.16,0.88
stackline_ecommerce,2025-11,2025-Q4,Parasiticides,TickShield Plus,tickshield_plus-s,E-commerce,Region,South,28270,678476.96,0.88
stackline_ecommerce,2025-11,2025-Q4,Vaccines,Vanguard,vanguard-l,E-commerce,Region,South,14555,320215.37,0.88
stackline_ecommerce,2025-11,2025-Q4,Vaccines,Vanguard,vanguard-s,E-commerce,Region,South,19173,421797.1,0.88
stackline_ecommerce,2025-11,2025-Q4,Parasiticides,VectraGuard,vectraguard-l,E-commerce,Region,South,22995,597875.4,0.88
stackline_ecommerce,2025-11,2025-Q4,Parasiticides,VectraGuard,vectraguard-s,E-commerce,Region,South,30509,793246.77,0.88
stackline_ecommerce,2025-11,2025-Q4,Vaccines,VetGuard Immunize,vetguard_immunize-l,E-commerce,Region,South,10388,197372.3,0.88
stackline_ecommerce,2025-11,2025-Q4,Vaccines,VetGuard Immunize,vetguard_immunize-s,E-commerce,Region,South,14297,271641.48,0.88
stackline_ecommerce,2025-11,2025-Q4,Vaccines,VetSelect Core Vax,vetselect_core_vax-l,E-commerce,Region,South,12235,171293.53,0.88
stackline_ecommerce,2025-11,2025-Q4,Vaccines,VetSelect Core Vax,vetselect_core_vax-s,E-commerce,Region,South,17204,240855.22,0.88
stackline_ecommerce,2025-11,2025-Q4,Dermatology,VetSelect Derma,vetselect_derma-l,E-commerce,Region,South,9130,346952.5,0.88
stackline_ecommerce,2025-11,2025-Q4,Dermatology,VetSelect Derma,vetselect_derma-s,E-commerce,Region,South,12119,460515.75,0.88
stackline_ecommerce,2025-11,2025-Q4,Petcare Diagnostics,VetSelect Dx,vetselect_dx-l,E-commerce,Region,South,11903,142836.75,0.88
stackline_ecommerce,2025-11,2025-Q4,Petcare Diagnostics,VetSelect Dx,vetselect_dx-s,E-commerce,Region,South,17489,209867.65,0.88
stackline_ecommerce,2025-11,2025-Q4,Parasiticides,VetSelect Flea & Tick,vetselect_flea_and_tick-l,E-commerce,Region,South,29432,500350.86,0.88
stackline_ecommerce,2025-11,2025-Q4,Parasiticides,VetSelect Flea & Tick,vetselect_flea_and_tick-s,E-commerce,Region,South,40575,689769.99,0.88
stackline_ecommerce,2025-11,2025-Q4,Pain/Osteoarthritis,VetSelect Joint,vetselect_joint-l,E-commerce,Region,South,8861,256978.2,0.88
stackline_ecommerce,2025-11,2025-Q4,Pain/Osteoarthritis,VetSelect Joint,vetselect_joint-s,E-commerce,Region,South,12010,348298.24,0.88
stackline_ecommerce,2025-11,2025-Q4,Petcare Diagnostics,Vetscan,vetscan-l,E-commerce,Region,South,22392,403048.87,0.88
stackline_ecommerce,2025-11,2025-Q4,Petcare Diagnostics,Vetscan,vetscan-s,E-commerce,Region,South,28936,520847.19,0.88
stackline_ecommerce,2025-11,2025-Q4,Dermatology,AllerVet RX,allervet_rx-l,E-commerce,Region,West,6523,352234.05,0.88
stackline_ecommerce,2025-11,2025-Q4,Dermatology,AllerVet RX,allervet_rx-s,E-commerce,Region,West,8820,476284.1,0.88
stackline_ecommerce,2025-11,2025-Q4,Dermatology,Apoquel,apoquel-l,E-commerce,Region,West,9258,601788.26,0.88
stackline_ecommerce,2025-11,2025-Q4,Dermatology,Apoquel,apoquel-s,E-commerce,Region,West,12871,836593.19,0.88
stackline_ecommerce,2025-11,2025-Q4,Vaccines,BioShield Vax,bioshield_vax-l,E-commerce,Region,West,8618,172369.98,0.88
stackline_ecommerce,2025-11,2025-Q4,Vaccines,BioShield Vax,bioshield_vax-s,E-commerce,Region,West,11432,228640.5,0.88
stackline_ecommerce,2025-11,2025-Q4,Dermatology,DermaCalm,dermacalm-l,E-commerce,Region,West,7267,421490.5,0.88
stackline_ecommerce,2025-11,2025-Q4,Dermatology,DermaCalm,dermacalm-s,E-commerce,Region,West,9457,548487.57,0.88
stackline_ecommerce,2025-11,2025-Q4,Petcare Diagnostics,DiagnosTech Vet,diagnostech_vet-l,E-commerce,Region,West,15550,264342.03,0.88
stackline_ecommerce,2025-11,2025-Q4,Petcare Diagnostics,DiagnosTech Vet,diagnostech_vet-s,E-commerce,Region,West,21670,368385.39,0.88
stackline_ecommerce,2025-11,2025-Q4,Parasiticides,FleaStop Pro,fleastop_pro-l,E-commerce,Region,West,12970,272364.54,0.88
stackline_ecommerce,2025-11,2025-Q4,Parasiticides,FleaStop Pro,fleastop_pro-s,E-commerce,Region,West,18074,379549.44,0.88
stackline_ecommerce,2025-11,2025-Q4,Pain/Osteoarthritis,FlexiCare Joint,flexicare_joint-l,E-commerce,Region,West,5998,263894.28,0.88
stackline_ecommerce,2025-11,2025-Q4,Pain/Osteoarthritis,FlexiCare Joint,flexicare_joint-s,E-commerce,Region,West,8259,363404.92,0.88
stackline_ecommerce,2025-11,2025-Q4,Vaccines,ImmunoCore Canine,immunocore_canine-l,E-commerce,Region,West,10154,213224.13,0.88
stackline_ecommerce,2025-11,2025-Q4,Vaccines,ImmunoCore Canine,immunocore_canine-s,E-commerce,Region,West,13223,277682.51,0.88
stackline_ecommerce,2025-11,2025-Q4,Pain/Osteoarthritis,Librela,librela-l,E-commerce,Region,West,5135,246456.74,0.88
stackline_ecommerce,2025-11,2025-Q4,Pain/Osteoarthritis,Librela,librela-s,E-commerce,Region,West,6867,329637.15,0.88
stackline_ecommerce,2025-11,2025-Q4,Pain/Osteoarthritis,OsteoEase Vet,osteoease_vet-l,E-commerce,Region,West,5651,231674.43,0.88
stackline_ecommerce,2025-11,2025-Q4,Pain/Osteoarthritis,OsteoEase Vet,osteoease_vet-s,E-commerce,Region,West,7663,314200.58,0.88
stackline_ecommerce,2025-11,2025-Q4,Pain/Osteoarthritis,PainAway Canine,painaway_canine-l,E-commerce,Region,West,5098,188628.74,0.88
stackline_ecommerce,2025-11,2025-Q4,Pain/Osteoarthritis,PainAway Canine,painaway_canine-s,E-commerce,Region,West,6752,249828.14,0.88
stackline_ecommerce,2025-11,2025-Q4,Petcare Diagnostics,PetLab Analyzer,petlab_analyzer-l,E-commerce,Region,West,9735,146019.82,0.88
stackline_ecommerce,2025-11,2025-Q4,Petcare Diagnostics,PetLab Analyzer,petlab_analyzer-s,E-commerce,Region,West,12948,194219.56,0.88
stackline_ecommerce,2025-11,2025-Q4,Petcare Diagnostics,RapidVet Dx,rapidvet_dx-l,E-commerce,Region,West,13424,214776.48,0.88
stackline_ecommerce,2025-11,2025-Q4,Petcare Diagnostics,RapidVet Dx,rapidvet_dx-s,E-commerce,Region,West,18437,294996.32,0.88
stackline_ecommerce,2025-11,2025-Q4,Parasiticides,Simparica Trio,simparica_trio-l,E-commerce,Region,West,21594,604635.69,0.88
stackline_ecommerce,2025-11,2025-Q4,Parasiticides,Simparica Trio,simparica_trio-s,E-commerce,Region,West,30442,852367.03,0.88
stackline_ecommerce,2025-11,2025-Q4,Dermatology,SkinRelief Pro,skinrelief_pro-l,E-commerce,Region,West,5592,274000.65,0.88
stackline_ecommerce,2025-11,2025-Q4,Dermatology,SkinRelief Pro,skinrelief_pro-s,E-commerce,Region,West,7413,363221.23,0.88
stackline_ecommerce,2025-11,2025-Q4,Parasiticides,TickShield Plus,tickshield_plus-l,E-commerce,Region,West,13587,326079.8,0.88
stackline_ecommerce,2025-11,2025-Q4,Parasiticides,TickShield Plus,tickshield_plus-s,E-commerce,Region,West,17887,429282.91,0.88
stackline_ecommerce,2025-11,2025-Q4,Vaccines,Vanguard,vanguard-l,E-commerce,Region,West,9541,209893.72,0.88
stackline_ecommerce,2025-11,2025-Q4,Vaccines,Vanguard,vanguard-s,E-commerce,Region,West,12573,276604.12,0.88
stackline_ecommerce,2025-11,2025-Q4,Parasiticides,VectraGuard,vectraguard-l,E-commerce,Region,West,16526,429677.27,0.88
stackline_ecommerce,2025-11,2025-Q4,Parasiticides,VectraGuard,vectraguard-s,E-commerce,Region,West,21656,563054.89,0.88
stackline_ecommerce,2025-11,2025-Q4,Vaccines,VetGuard Immunize,vetguard_immunize-l,E-commerce,Region,West,7098,134854.44,0.88
stackline_ecommerce,2025-11,2025-Q4,Vaccines,VetGuard Immunize,vetguard_immunize-s,E-commerce,Region,West,10103,191951.26,0.88
stackline_ecommerce,2025-11,2025-Q4,Vaccines,VetSelect Core Vax,vetselect_core_vax-l,E-commerce,Region,West,8245,115434.33,0.88
stackline_ecommerce,2025-11,2025-Q4,Vaccines,VetSelect Core Vax,vetselect_core_vax-s,E-commerce,Region,West,11219,157061.0,0.88
stackline_ecommerce,2025-11,2025-Q4,Dermatology,VetSelect Derma,vetselect_derma-l,E-commerce,Region,West,6118,232479.89,0.88
stackline_ecommerce,2025-11,2025-Q4,Dermatology,VetSelect Derma,vetselect_derma-s,E-commerce,Region,West,8554,325069.64,0.88
stackline_ecommerce,2025-11,2025-Q4,Petcare Diagnostics,VetSelect Dx,vetselect_dx-l,E-commerce,Region,West,9051,108608.65,0.88
stackline_ecommerce,2025-11,2025-Q4,Petcare Diagnostics,VetSelect Dx,vetselect_dx-s,E-commerce,Region,West,12104,145250.6,0.88
stackline_ecommerce,2025-11,2025-Q4,Parasiticides,VetSelect Flea & Tick,vetselect_flea_and_tick-l,E-commerce,Region,West,19886,338060.5,0.88
stackline_ecommerce,2025-11,2025-Q4,Parasiticides,VetSelect Flea & Tick,vetselect_flea_and_tick-s,E-commerce,Region,West,26229,445899.67,0.88
stackline_ecommerce,2025-11,2025-Q4,Pain/Osteoarthritis,VetSelect Joint,vetselect_joint-l,E-commerce,Region,West,5982,173464.22,0.88
stackline_ecommerce,2025-11,2025-Q4,Pain/Osteoarthritis,VetSelect Joint,vetselect_joint-s,E-commerce,Region,West,8675,251586.53,0.88
stackline_ecommerce,2025-11,2025-Q4,Petcare Diagnostics,Vetscan,vetscan-l,E-commerce,Region,West,16230,292147.65,0.88
stackline_ecommerce,2025-11,2025-Q4,Petcare Diagnostics,Vetscan,vetscan-s,E-commerce,Region,West,20991,377846.08,0.88
stackline_ecommerce,2025-12,2025-Q4,Dermatology,AllerVet RX,allervet_rx-l,E-commerce,National,National,26874,1451176.35,0.88
stackline_ecommerce,2025-12,2025-Q4,Dermatology,AllerVet RX,allervet_rx-s,E-commerce,National,National,38045,2054405.98,0.88
stackline_ecommerce,2025-12,2025-Q4,Dermatology,Apoquel,apoquel-l,E-commerce,National,National,37513,2438314.4,0.88
stackline_ecommerce,2025-12,2025-Q4,Dermatology,Apoquel,apoquel-s,E-commerce,National,National,52863,3436028.66,0.88
stackline_ecommerce,2025-12,2025-Q4,Vaccines,BioShield Vax,bioshield_vax-l,E-commerce,National,National,37895,757897.06,0.88
stackline_ecommerce,2025-12,2025-Q4,Vaccines,BioShield Vax,bioshield_vax-s,E-commerce,National,National,51125,1022500.05,0.88
stackline_ecommerce,2025-12,2025-Q4,Dermatology,DermaCalm,dermacalm-l,E-commerce,National,National,28645,1661388.7,0.88
stackline_ecommerce,2025-12,2025-Q4,Dermatology,DermaCalm,dermacalm-s,E-commerce,National,National,38153,2212875.0,0.88
stackline_ecommerce,2025-12,2025-Q4,Petcare Diagnostics,DiagnosTech Vet,diagnostech_vet-l,E-commerce,National,National,67727,1151361.9,0.88
stackline_ecommerce,2025-12,2025-Q4,Petcare Diagnostics,DiagnosTech Vet,diagnostech_vet-s,E-commerce,National,National,95548,1624327.59,0.88
stackline_ecommerce,2025-12,2025-Q4,Parasiticides,FleaStop Pro,fleastop_pro-l,E-commerce,National,National,48987,1028726.97,0.88
stackline_ecommerce,2025-12,2025-Q4,Parasiticides,FleaStop Pro,fleastop_pro-s,E-commerce,National,National,65915,1384233.01,0.88
stackline_ecommerce,2025-12,2025-Q4,Pain/Osteoarthritis,FlexiCare Joint,flexicare_joint-l,E-commerce,National,National,27721,1219739.66,0.88
stackline_ecommerce,2025-12,2025-Q4,Pain/Osteoarthritis,FlexiCare Joint,flexicare_joint-s,E-commerce,National,National,38657,1700885.46,0.88
stackline_ecommerce,2025-12,2025-Q4,Vaccines,ImmunoCore Canine,immunocore_canine-l,E-commerce,National,National,47069,988451.2,0.88
stackline_ecommerce,2025-12,2025-Q4,Vaccines,ImmunoCore Canine,immunocore_canine-s,E-commerce,National,National,61677,1295208.99,0.88
stackline_ecommerce,2025-12,2025-Q4,Pain/Osteoarthritis,Librela,librela-l,E-commerce,National,National,24999,1199941.09,0.88
stackline_ecommerce,2025-12,2025-Q4,Pain/Osteoarthritis,Librela,librela-s,E-commerce,National,National,34435,1652874.98,0.88
stackline_ecommerce,2025-12,2025-Q4,Pain/Osteoarthritis,OsteoEase Vet,osteoease_vet-l,E-commerce,National,National,25722,1054633.48,0.88
stackline_ecommerce,2025-12,2025-Q4,Pain/Osteoarthritis,OsteoEase Vet,osteoease_vet-s,E-commerce,National,National,35374,1450372.33,0.88
stackline_ecommerce,2025-12,2025-Q4,Pain/Osteoarthritis,PainAway Canine,painaway_canine-l,E-commerce,National,National,23474,868547.07,0.88
stackline_ecommerce,2025-12,2025-Q4,Pain/Osteoarthritis,PainAway Canine,painaway_canine-s,E-commerce,National,National,32863,1215934.17,0.88
stackline_ecommerce,2025-12,2025-Q4,Petcare Diagnostics,PetLab Analyzer,petlab_analyzer-l,E-commerce,National,National,41020,615298.17,0.88
stackline_ecommerce,2025-12,2025-Q4,Petcare Diagnostics,PetLab Analyzer,petlab_analyzer-s,E-commerce,National,National,55997,839954.04,0.88
stackline_ecommerce,2025-12,2025-Q4,Petcare Diagnostics,RapidVet Dx,rapidvet_dx-l,E-commerce,National,National,65441,1047053.8,0.88
stackline_ecommerce,2025-12,2025-Q4,Petcare Diagnostics,RapidVet Dx,rapidvet_dx-s,E-commerce,National,National,89153,1426441.47,0.88
stackline_ecommerce,2025-12,2025-Q4,Parasiticides,Simparica Trio,simparica_trio-l,E-commerce,National,National,80659,2258485.83,0.88
stackline_ecommerce,2025-12,2025-Q4,Parasiticides,Simparica Trio,simparica_trio-s,E-commerce,National,National,111897,3133144.63,0.88
stackline_ecommerce,2025-12,2025-Q4,Dermatology,SkinRelief Pro,skinrelief_pro-l,E-commerce,National,National,21175,1037510.59,0.88
stackline_ecommerce,2025-12,2025-Q4,Dermatology,SkinRelief Pro,skinrelief_pro-s,E-commerce,National,National,29843,1462291.17,0.88
stackline_ecommerce,2025-12,2025-Q4,Parasiticides,TickShield Plus,tickshield_plus-l,E-commerce,National,National,59312,1423473.42,0.88
stackline_ecommerce,2025-12,2025-Q4,Parasiticides,TickShield Plus,tickshield_plus-s,E-commerce,National,National,83452,2002864.92,0.88
stackline_ecommerce,2025-12,2025-Q4,Vaccines,Vanguard,vanguard-l,E-commerce,National,National,41398,910754.04,0.88
stackline_ecommerce,2025-12,2025-Q4,Vaccines,Vanguard,vanguard-s,E-commerce,National,National,56918,1252210.92,0.88
stackline_ecommerce,2025-12,2025-Q4,Parasiticides,VectraGuard,vectraguard-l,E-commerce,National,National,69353,1803175.33,0.88
stackline_ecommerce,2025-12,2025-Q4,Parasiticides,VectraGuard,vectraguard-s,E-commerce,National,National,94785,2464393.32,0.88
stackline_ecommerce,2025-12,2025-Q4,Vaccines,VetGuard Immunize,vetguard_immunize-l,E-commerce,National,National,34470,654918.84,0.88
stackline_ecommerce,2025-12,2025-Q4,Vaccines,VetGuard Immunize,vetguard_immunize-s,E-commerce,National,National,46519,883860.12,0.88
stackline_ecommerce,2025-12,2025-Q4,Vaccines,VetSelect Core Vax,vetselect_core_vax-l,E-commerce,National,National,37493,524891.43,0.88
stackline_ecommerce,2025-12,2025-Q4,Vaccines,VetSelect Core Vax,vetselect_core_vax-s,E-commerce,National,National,51800,725195.93,0.88
stackline_ecommerce,2025-12,2025-Q4,Dermatology,VetSelect Derma,vetselect_derma-l,E-commerce,National,National,24565,933454.72,0.88
stackline_ecommerce,2025-12,2025-Q4,Dermatology,VetSelect Derma,vetselect_derma-s,E-commerce,National,National,34542,1312630.32,0.88
stackline_ecommerce,2025-12,2025-Q4,Petcare Diagnostics,VetSelect Dx,vetselect_dx-l,E-commerce,National,National,40147,481761.69,0.88
stackline_ecommerce,2025-12,2025-Q4,Petcare Diagnostics,VetSelect Dx,vetselect_dx-s,E-commerce,National,National,55652,667830.73,0.88
stackline_ecommerce,2025-12,2025-Q4,Parasiticides,VetSelect Flea & Tick,vetselect_flea_and_tick-l,E-commerce,National,National,79003,1343054.61,0.88
stackline_ecommerce,2025-12,2025-Q4,Parasiticides,VetSelect Flea & Tick,vetselect_flea_and_tick-s,E-commerce,National,National,103989,1767820.23,0.88
stackline_ecommerce,2025-12,2025-Q4,Pain/Osteoarthritis,VetSelect Joint,vetselect_joint-l,E-commerce,National,National,27213,789162.99,0.88
stackline_ecommerce,2025-12,2025-Q4,Pain/Osteoarthritis,VetSelect Joint,vetselect_joint-s,E-commerce,National,National,37575,1089647.98,0.88
stackline_ecommerce,2025-12,2025-Q4,Petcare Diagnostics,Vetscan,vetscan-l,E-commerce,National,National,70313,1265641.21,0.88
stackline_ecommerce,2025-12,2025-Q4,Petcare Diagnostics,Vetscan,vetscan-s,E-commerce,National,National,95488,1718777.99,0.88
stackline_ecommerce,2025-12,2025-Q4,Dermatology,AllerVet RX,allervet_rx-l,E-commerce,Region,Midwest,5429,293141.16,0.88
stackline_ecommerce,2025-12,2025-Q4,Dermatology,AllerVet RX,allervet_rx-s,E-commerce,Region,Midwest,7816,422048.15,0.88
stackline_ecommerce,2025-12,2025-Q4,Dermatology,Apoquel,apoquel-l,E-commerce,Region,Midwest,7352,477867.56,0.88
stackline_ecommerce,2025-12,2025-Q4,Dermatology,Apoquel,apoquel-s,E-commerce,Region,Midwest,10757,699173.35,0.88
stackline_ecommerce,2025-12,2025-Q4,Vaccines,BioShield Vax,bioshield_vax-l,E-commerce,Region,Midwest,7703,154066.33,0.88
stackline_ecommerce,2025-12,2025-Q4,Vaccines,BioShield Vax,bioshield_vax-s,E-commerce,Region,Midwest,10050,201000.93,0.88
stackline_ecommerce,2025-12,2025-Q4,Dermatology,DermaCalm,dermacalm-l,E-commerce,Region,Midwest,6125,355236.04,0.88
stackline_ecommerce,2025-12,2025-Q4,Dermatology,DermaCalm,dermacalm-s,E-commerce,Region,Midwest,8325,482835.81,0.88
stackline_ecommerce,2025-12,2025-Q4,Petcare Diagnostics,DiagnosTech Vet,diagnostech_vet-l,E-commerce,Region,Midwest,13891,236153.64,0.88
stackline_ecommerce,2025-12,2025-Q4,Petcare Diagnostics,DiagnosTech Vet,diagnostech_vet-s,E-commerce,Region,Midwest,19002,323035.35,0.88
stackline_ecommerce,2025-12,2025-Q4,Parasiticides,FleaStop Pro,fleastop_pro-l,E-commerce,Region,Midwest,9969,209352.46,0.88
stackline_ecommerce,2025-12,2025-Q4,Parasiticides,FleaStop Pro,fleastop_pro-s,E-commerce,Region,Midwest,14216,298542.38,0.88
stackline_ecommerce,2025-12,2025-Q4,Pain/Osteoarthritis,FlexiCare Joint,flexicare_joint-l,E-commerce,Region,Midwest,5996,263826.21,0.88
stackline_ecommerce,2025-12,2025-Q4,Pain/Osteoarthritis,FlexiCare Joint,flexicare_joint-s,E-commerce,Region,Midwest,8738,384468.44,0.88
stackline_ecommerce,2025-12,2025-Q4,Vaccines,ImmunoCore Canine,immunocore_canine-l,E-commerce,Region,Midwest,9582,201216.84,0.88
stackline_ecommerce,2025-12,2025-Q4,Vaccines,ImmunoCore Canine,immunocore_canine-s,E-commerce,Region,Midwest,12497,262433.11,0.88
stackline_ecommerce,2025-12,2025-Q4,Pain/Osteoarthritis,Librela,librela-l,E-commerce,Region,Midwest,5273,253119.02,0.88
stackline_ecommerce,2025-12,2025-Q4,Pain/Osteoarthritis,Librela,librela-s,E-commerce,Region,Midwest,7291,349956.07,0.88
stackline_ecommerce,2025-12,2025-Q4,Pain/Osteoarthritis,OsteoEase Vet,osteoease_vet-l,E-commerce,Region,Midwest,5129,210291.25,0.88
stackline_ecommerce,2025-12,2025-Q4,Pain/Osteoarthritis,OsteoEase Vet,osteoease_vet-s,E-commerce,Region,Midwest,7193,294923.39,0.88
stackline_ecommerce,2025-12,2025-Q4,Pain/Osteoarthritis,PainAway Canine,painaway_canine-l,E-commerce,Region,Midwest,4680,173165.49,0.88
stackline_ecommerce,2025-12,2025-Q4,Pain/Osteoarthritis,PainAway Canine,painaway_canine-s,E-commerce,Region,Midwest,6450,238644.44,0.88
stackline_ecommerce,2025-12,2025-Q4,Petcare Diagnostics,PetLab Analyzer,petlab_analyzer-l,E-commerce,Region,Midwest,8455,126821.75,0.88
stackline_ecommerce,2025-12,2025-Q4,Petcare Diagnostics,PetLab Analyzer,petlab_analyzer-s,E-commerce,Region,Midwest,11933,178994.29,0.88
stackline_ecommerce,2025-12,2025-Q4,Petcare Diagnostics,RapidVet Dx,rapidvet_dx-l,E-commerce,Region,Midwest,14610,233752.14,0.88
stackline_ecommerce,2025-12,2025-Q4,Petcare Diagnostics,RapidVet Dx,rapidvet_dx-s,E-commerce,Region,Midwest,18447,295156.11,0.88
stackline_ecommerce,2025-12,2025-Q4,Parasiticides,Simparica Trio,simparica_trio-l,E-commerce,Region,Midwest,16852,471861.28,0.88
stackline_ecommerce,2025-12,2025-Q4,Parasiticides,Simparica Trio,simparica_trio-s,E-commerce,Region,Midwest,23514,658397.71,0.88
stackline_ecommerce,2025-12,2025-Q4,Dermatology,SkinRelief Pro,skinrelief_pro-l,E-commerce,Region,Midwest,4171,204365.3,0.88
stackline_ecommerce,2025-12,2025-Q4,Dermatology,SkinRelief Pro,skinrelief_pro-s,E-commerce,Region,Midwest,6050,296466.52,0.88
stackline_ecommerce,2025-12,2025-Q4,Parasiticides,TickShield Plus,tickshield_plus-l,E-commerce,Region,Midwest,13028,312668.87,0.88
stackline_ecommerce,2025-12,2025-Q4,Parasiticides,TickShield Plus,tickshield_plus-s,E-commerce,Region,Midwest,17502,420054.03,0.88
stackline_ecommerce,2025-12,2025-Q4,Vaccines,Vanguard,vanguard-l,E-commerce,Region,Midwest,9238,203240.17,0.88
stackline_ecommerce,2025-12,2025-Q4,Vaccines,Vanguard,vanguard-s,E-commerce,Region,Midwest,11706,257538.88,0.88
stackline_ecommerce,2025-12,2025-Q4,Parasiticides,VectraGuard,vectraguard-l,E-commerce,Region,Midwest,13811,359076.04,0.88
stackline_ecommerce,2025-12,2025-Q4,Parasiticides,VectraGuard,vectraguard-s,E-commerce,Region,Midwest,18614,483953.61,0.88
stackline_ecommerce,2025-12,2025-Q4,Vaccines,VetGuard Immunize,vetguard_immunize-l,E-commerce,Region,Midwest,7056,134061.35,0.88
stackline_ecommerce,2025-12,2025-Q4,Vaccines,VetGuard Immunize,vetguard_immunize-s,E-commerce,Region,Midwest,9889,187893.18,0.88
stackline_ecommerce,2025-12,2025-Q4,Vaccines,VetSelect Core Vax,vetselect_core_vax-l,E-commerce,Region,Midwest,7643,106995.89,0.88
stackline_ecommerce,2025-12,2025-Q4,Vaccines,VetSelect Core Vax,vetselect_core_vax-s,E-commerce,Region,Midwest,10584,148176.71,0.88
stackline_ecommerce,2025-12,2025-Q4,Dermatology,VetSelect Derma,vetselect_derma-l,E-commerce,Region,Midwest,5017,190660.77,0.88
stackline_ecommerce,2025-12,2025-Q4,Dermatology,VetSelect Derma,vetselect_derma-s,E-commerce,Region,Midwest,7018,266702.4,0.88
stackline_ecommerce,2025-12,2025-Q4,Petcare Diagnostics,VetSelect Dx,vetselect_dx-l,E-commerce,Region,Midwest,8480,101762.12,0.88
stackline_ecommerce,2025-12,2025-Q4,Petcare Diagnostics,VetSelect Dx,vetselect_dx-s,E-commerce,Region,Midwest,11544,138533.8,0.88
stackline_ecommerce,2025-12,2025-Q4,Parasiticides,VetSelect Flea & Tick,vetselect_flea_and_tick-l,E-commerce,Region,Midwest,16895,287220.12,0.88
stackline_ecommerce,2025-12,2025-Q4,Parasiticides,VetSelect Flea & Tick,vetselect_flea_and_tick-s,E-commerce,Region,Midwest,23388,397598.73,0.88
stackline_ecommerce,2025-12,2025-Q4,Pain/Osteoarthritis,VetSelect Joint,vetselect_joint-l,E-commerce,Region,Midwest,6039,175118.15,0.88
stackline_ecommerce,2025-12,2025-Q4,Pain/Osteoarthritis,VetSelect Joint,vetselect_joint-s,E-commerce,Region,Midwest,8422,244225.58,0.88
stackline_ecommerce,2025-12,2025-Q4,Petcare Diagnostics,Vetscan,vetscan-l,E-commerce,Region,Midwest,13478,242605.09,0.88
stackline_ecommerce,2025-12,2025-Q4,Petcare Diagnostics,Vetscan,vetscan-s,E-commerce,Region,Midwest,20600,370804.95,0.88
stackline_ecommerce,2025-12,2025-Q4,Dermatology,AllerVet RX,allervet_rx-l,E-commerce,Region,Northeast,6131,331053.36,0.88
stackline_ecommerce,2025-12,2025-Q4,Dermatology,AllerVet RX,allervet_rx-s,E-commerce,Region,Northeast,8634,466238.2,0.88
stackline_ecommerce,2025-12,2025-Q4,Dermatology,Apoquel,apoquel-l,E-commerce,Region,Northeast,7965,517700.66,0.88
stackline_ecommerce,2025-12,2025-Q4,Dermatology,Apoquel,apoquel-s,E-commerce,Region,Northeast,11302,734625.61,0.88
stackline_ecommerce,2025-12,2025-Q4,Vaccines,BioShield Vax,bioshield_vax-l,E-commerce,Region,Northeast,8329,166572.5,0.88
stackline_ecommerce,2025-12,2025-Q4,Vaccines,BioShield Vax,bioshield_vax-s,E-commerce,Region,Northeast,11085,221701.99,0.88
stackline_ecommerce,2025-12,2025-Q4,Dermatology,DermaCalm,dermacalm-l,E-commerce,Region,Northeast,6179,358396.38,0.88
stackline_ecommerce,2025-12,2025-Q4,Dermatology,DermaCalm,dermacalm-s,E-commerce,Region,Northeast,7817,453407.05,0.88
stackline_ecommerce,2025-12,2025-Q4,Petcare Diagnostics,DiagnosTech Vet,diagnostech_vet-l,E-commerce,Region,Northeast,14680,249565.42,0.88
stackline_ecommerce,2025-12,2025-Q4,Petcare Diagnostics,DiagnosTech Vet,diagnostech_vet-s,E-commerce,Region,Northeast,20107,341819.57,0.88
stackline_ecommerce,2025-12,2025-Q4,Parasiticides,FleaStop Pro,fleastop_pro-l,E-commerce,Region,Northeast,10404,218487.16,0.88
stackline_ecommerce,2025-12,2025-Q4,Parasiticides,FleaStop Pro,fleastop_pro-s,E-commerce,Region,Northeast,15113,317382.96,0.88
stackline_ecommerce,2025-12,2025-Q4,Pain/Osteoarthritis,FlexiCare Joint,flexicare_joint-l,E-commerce,Region,Northeast,6565,288878.82,0.88
stackline_ecommerce,2025-12,2025-Q4,Pain/Osteoarthritis,FlexiCare Joint,flexicare_joint-s,E-commerce,Region,Northeast,8690,382346.7,0.88
stackline_ecommerce,2025-12,2025-Q4,Vaccines,ImmunoCore Canine,immunocore_canine-l,E-commerce,Region,Northeast,10501,220525.36,0.88
stackline_ecommerce,2025-12,2025-Q4,Vaccines,ImmunoCore Canine,immunocore_canine-s,E-commerce,Region,Northeast,13753,288816.02,0.88
stackline_ecommerce,2025-12,2025-Q4,Pain/Osteoarthritis,Librela,librela-l,E-commerce,Region,Northeast,5443,261255.03,0.88
stackline_ecommerce,2025-12,2025-Q4,Pain/Osteoarthritis,Librela,librela-s,E-commerce,Region,Northeast,7003,336148.74,0.88
stackline_ecommerce,2025-12,2025-Q4,Pain/Osteoarthritis,OsteoEase Vet,osteoease_vet-l,E-commerce,Region,Northeast,5395,221191.93,0.88
stackline_ecommerce,2025-12,2025-Q4,Pain/Osteoarthritis,OsteoEase Vet,osteoease_vet-s,E-commerce,Region,Northeast,7854,322030.6,0.88
stackline_ecommerce,2025-12,2025-Q4,Pain/Osteoarthritis,PainAway Canine,painaway_canine-l,E-commerce,Region,Northeast,5402,199874.05,0.88
stackline_ecommerce,2025-12,2025-Q4,Pain/Osteoarthritis,PainAway Canine,painaway_canine-s,E-commerce,Region,Northeast,7237,267766.53,0.88
stackline_ecommerce,2025-12,2025-Q4,Petcare Diagnostics,PetLab Analyzer,petlab_analyzer-l,E-commerce,Region,Northeast,9081,136221.8,0.88
stackline_ecommerce,2025-12,2025-Q4,Petcare Diagnostics,PetLab Analyzer,petlab_analyzer-s,E-commerce,Region,Northeast,12300,184497.45,0.88
stackline_ecommerce,2025-12,2025-Q4,Petcare Diagnostics,RapidVet Dx,rapidvet_dx-l,E-commerce,Region,Northeast,14690,235043.91,0.88
stackline_ecommerce,2025-12,2025-Q4,Petcare Diagnostics,RapidVet Dx,rapidvet_dx-s,E-commerce,Region,Northeast,19316,309056.03,0.88
stackline_ecommerce,2025-12,2025-Q4,Parasiticides,Simparica Trio,simparica_trio-l,E-commerce,Region,Northeast,17814,498801.43,0.88
stackline_ecommerce,2025-12,2025-Q4,Parasiticides,Simparica Trio,simparica_trio-s,E-commerce,Region,Northeast,25874,724479.0,0.88
stackline_ecommerce,2025-12,2025-Q4,Dermatology,SkinRelief Pro,skinrelief_pro-l,E-commerce,Region,Northeast,4872,238703.97,0.88
stackline_ecommerce,2025-12,2025-Q4,Dermatology,SkinRelief Pro,skinrelief_pro-s,E-commerce,Region,Northeast,6734,329959.64,0.88
stackline_ecommerce,2025-12,2025-Q4,Parasiticides,TickShield Plus,tickshield_plus-l,E-commerce,Region,Northeast,13042,312996.94,0.88
stackline_ecommerce,2025-12,2025-Q4,Parasiticides,TickShield Plus,tickshield_plus-s,E-commerce,Region,Northeast,18448,442757.74,0.88
stackline_ecommerce,2025-12,2025-Q4,Vaccines,Vanguard,vanguard-l,E-commerce,Region,Northeast,8859,194889.43,0.88
stackline_ecommerce,2025-12,2025-Q4,Vaccines,Vanguard,vanguard-s,E-commerce,Region,Northeast,11817,259981.5,0.88
stackline_ecommerce,2025-12,2025-Q4,Parasiticides,VectraGuard,vectraguard-l,E-commerce,Region,Northeast,16660,433163.32,0.88
stackline_ecommerce,2025-12,2025-Q4,Parasiticides,VectraGuard,vectraguard-s,E-commerce,Region,Northeast,21117,549048.22,0.88
stackline_ecommerce,2025-12,2025-Q4,Vaccines,VetGuard Immunize,vetguard_immunize-l,E-commerce,Region,Northeast,7231,137390.22,0.88
stackline_ecommerce,2025-12,2025-Q4,Vaccines,VetGuard Immunize,vetguard_immunize-s,E-commerce,Region,Northeast,9820,186576.55,0.88
stackline_ecommerce,2025-12,2025-Q4,Vaccines,VetSelect Core Vax,vetselect_core_vax-l,E-commerce,Region,Northeast,8141,113967.62,0.88
stackline_ecommerce,2025-12,2025-Q4,Vaccines,VetSelect Core Vax,vetselect_core_vax-s,E-commerce,Region,Northeast,12008,168113.59,0.88
stackline_ecommerce,2025-12,2025-Q4,Dermatology,VetSelect Derma,vetselect_derma-l,E-commerce,Region,Northeast,5700,216592.23,0.88
stackline_ecommerce,2025-12,2025-Q4,Dermatology,VetSelect Derma,vetselect_derma-s,E-commerce,Region,Northeast,7637,290203.85,0.88
stackline_ecommerce,2025-12,2025-Q4,Petcare Diagnostics,VetSelect Dx,vetselect_dx-l,E-commerce,Region,Northeast,9390,112679.25,0.88
stackline_ecommerce,2025-12,2025-Q4,Petcare Diagnostics,VetSelect Dx,vetselect_dx-s,E-commerce,Region,Northeast,12407,148889.07,0.88
stackline_ecommerce,2025-12,2025-Q4,Parasiticides,VetSelect Flea & Tick,vetselect_flea_and_tick-l,E-commerce,Region,Northeast,17282,293799.56,0.88
stackline_ecommerce,2025-12,2025-Q4,Parasiticides,VetSelect Flea & Tick,vetselect_flea_and_tick-s,E-commerce,Region,Northeast,22549,383336.18,0.88
stackline_ecommerce,2025-12,2025-Q4,Pain/Osteoarthritis,VetSelect Joint,vetselect_joint-l,E-commerce,Region,Northeast,6222,180432.75,0.88
stackline_ecommerce,2025-12,2025-Q4,Pain/Osteoarthritis,VetSelect Joint,vetselect_joint-s,E-commerce,Region,Northeast,8076,234200.31,0.88
stackline_ecommerce,2025-12,2025-Q4,Petcare Diagnostics,Vetscan,vetscan-l,E-commerce,Region,Northeast,16669,300049.05,0.88
stackline_ecommerce,2025-12,2025-Q4,Petcare Diagnostics,Vetscan,vetscan-s,E-commerce,Region,Northeast,21693,390471.11,0.88
stackline_ecommerce,2025-12,2025-Q4,Dermatology,AllerVet RX,allervet_rx-l,E-commerce,Region,South,9374,506216.54,0.88
stackline_ecommerce,2025-12,2025-Q4,Dermatology,AllerVet RX,allervet_rx-s,E-commerce,Region,South,13019,703025.12,0.88
stackline_ecommerce,2025-12,2025-Q4,Dermatology,Apoquel,apoquel-l,E-commerce,Region,South,13173,856249.23,0.88
stackline_ecommerce,2025-12,2025-Q4,Dermatology,Apoquel,apoquel-s,E-commerce,Region,South,17771,1155085.01,0.88
stackline_ecommerce,2025-12,2025-Q4,Vaccines,BioShield Vax,bioshield_vax-l,E-commerce,Region,South,12708,254163.94,0.88
stackline_ecommerce,2025-12,2025-Q4,Vaccines,BioShield Vax,bioshield_vax-s,E-commerce,Region,South,17490,349798.07,0.88
stackline_ecommerce,2025-12,2025-Q4,Dermatology,DermaCalm,dermacalm-l,E-commerce,Region,South,9708,563065.78,0.88
stackline_ecommerce,2025-12,2025-Q4,Dermatology,DermaCalm,dermacalm-s,E-commerce,Region,South,13047,756700.38,0.88
stackline_ecommerce,2025-12,2025-Q4,Petcare Diagnostics,DiagnosTech Vet,diagnostech_vet-l,E-commerce,Region,South,23116,392969.77,0.88
stackline_ecommerce,2025-12,2025-Q4,Petcare Diagnostics,DiagnosTech Vet,diagnostech_vet-s,E-commerce,Region,South,33818,574912.82,0.88
stackline_ecommerce,2025-12,2025-Q4,Parasiticides,FleaStop Pro,fleastop_pro-l,E-commerce,Region,South,16897,354831.37,0.88
stackline_ecommerce,2025-12,2025-Q4,Parasiticides,FleaStop Pro,fleastop_pro-s,E-commerce,Region,South,21295,447195.15,0.88
stackline_ecommerce,2025-12,2025-Q4,Pain/Osteoarthritis,FlexiCare Joint,flexicare_joint-l,E-commerce,Region,South,8834,388681.27,0.88
stackline_ecommerce,2025-12,2025-Q4,Pain/Osteoarthritis,FlexiCare Joint,flexicare_joint-s,E-commerce,Region,South,12578,553413.06,0.88
stackline_ecommerce,2025-12,2025-Q4,Vaccines,ImmunoCore Canine,immunocore_canine-l,E-commerce,Region,South,16794,352669.1,0.88
stackline_ecommerce,2025-12,2025-Q4,Vaccines,ImmunoCore Canine,immunocore_canine-s,E-commerce,Region,South,21665,454966.02,0.88
stackline_ecommerce,2025-12,2025-Q4,Pain/Osteoarthritis,Librela,librela-l,E-commerce,Region,South,8655,415436.33,0.88
stackline_ecommerce,2025-12,2025-Q4,Pain/Osteoarthritis,Librela,librela-s,E-commerce,Region,South,12317,591222.44,0.88
stackline_ecommerce,2025-12,2025-Q4,Pain/Osteoarthritis,OsteoEase Vet,osteoease_vet-l,E-commerce,Region,South,9140,374753.95,0.88
stackline_ecommerce,2025-12,2025-Q4,Pain/Osteoarthritis,OsteoEase Vet,osteoease_vet-s,E-commerce,Region,South,11993,491704.01,0.88
stackline_ecommerce,2025-12,2025-Q4,Pain/Osteoarthritis,PainAway Canine,painaway_canine-l,E-commerce,Region,South,8509,314831.77,0.88
stackline_ecommerce,2025-12,2025-Q4,Pain/Osteoarthritis,PainAway Canine,painaway_canine-s,E-commerce,Region,South,11773,435614.56,0.88
stackline_ecommerce,2025-12,2025-Q4,Petcare Diagnostics,PetLab Analyzer,petlab_analyzer-l,E-commerce,Region,South,13834,207508.38,0.88
stackline_ecommerce,2025-12,2025-Q4,Petcare Diagnostics,PetLab Analyzer,petlab_analyzer-s,E-commerce,Region,South,18751,281264.53,0.88
stackline_ecommerce,2025-12,2025-Q4,Petcare Diagnostics,RapidVet Dx,rapidvet_dx-l,E-commerce,Region,South,21296,340733.84,0.88
stackline_ecommerce,2025-12,2025-Q4,Petcare Diagnostics,RapidVet Dx,rapidvet_dx-s,E-commerce,Region,South,31177,498828.52,0.88
stackline_ecommerce,2025-12,2025-Q4,Parasiticides,Simparica Trio,simparica_trio-l,E-commerce,Region,South,28133,787732.06,0.88
stackline_ecommerce,2025-12,2025-Q4,Parasiticides,Simparica Trio,simparica_trio-s,E-commerce,Region,South,38522,1078624.33,0.88
stackline_ecommerce,2025-12,2025-Q4,Dermatology,SkinRelief Pro,skinrelief_pro-l,E-commerce,Region,South,7412,363168.58,0.88
stackline_ecommerce,2025-12,2025-Q4,Dermatology,SkinRelief Pro,skinrelief_pro-s,E-commerce,Region,South,10610,519885.66,0.88
stackline_ecommerce,2025-12,2025-Q4,Parasiticides,TickShield Plus,tickshield_plus-l,E-commerce,Region,South,20142,483397.78,0.88
stackline_ecommerce,2025-12,2025-Q4,Parasiticides,TickShield Plus,tickshield_plus-s,E-commerce,Region,South,28607,686575.78,0.88
stackline_ecommerce,2025-12,2025-Q4,Vaccines,Vanguard,vanguard-l,E-commerce,Region,South,13535,297775.58,0.88
stackline_ecommerce,2025-12,2025-Q4,Vaccines,Vanguard,vanguard-s,E-commerce,Region,South,19551,430124.25,0.88
stackline_ecommerce,2025-12,2025-Q4,Parasiticides,VectraGuard,vectraguard-l,E-commerce,Region,South,22851,594136.55,0.88
stackline_ecommerce,2025-12,2025-Q4,Parasiticides,VectraGuard,vectraguard-s,E-commerce,Region,South,33500,870997.37,0.88
stackline_ecommerce,2025-12,2025-Q4,Vaccines,VetGuard Immunize,vetguard_immunize-l,E-commerce,Region,South,12033,228626.55,0.88
stackline_ecommerce,2025-12,2025-Q4,Vaccines,VetGuard Immunize,vetguard_immunize-s,E-commerce,Region,South,16434,312247.06,0.88
stackline_ecommerce,2025-12,2025-Q4,Vaccines,VetSelect Core Vax,vetselect_core_vax-l,E-commerce,Region,South,12964,181493.01,0.88
stackline_ecommerce,2025-12,2025-Q4,Vaccines,VetSelect Core Vax,vetselect_core_vax-s,E-commerce,Region,South,16677,233473.66,0.88
stackline_ecommerce,2025-12,2025-Q4,Dermatology,VetSelect Derma,vetselect_derma-l,E-commerce,Region,South,8361,317713.3,0.88
stackline_ecommerce,2025-12,2025-Q4,Dermatology,VetSelect Derma,vetselect_derma-s,E-commerce,Region,South,11689,444199.25,0.88
stackline_ecommerce,2025-12,2025-Q4,Petcare Diagnostics,VetSelect Dx,vetselect_dx-l,E-commerce,Region,South,13302,159621.03,0.88
stackline_ecommerce,2025-12,2025-Q4,Petcare Diagnostics,VetSelect Dx,vetselect_dx-s,E-commerce,Region,South,18867,226403.75,0.88
stackline_ecommerce,2025-12,2025-Q4,Parasiticides,VetSelect Flea & Tick,vetselect_flea_and_tick-l,E-commerce,Region,South,27080,460358.24,0.88
stackline_ecommerce,2025-12,2025-Q4,Parasiticides,VetSelect Flea & Tick,vetselect_flea_and_tick-s,E-commerce,Region,South,33949,577141.31,0.88
stackline_ecommerce,2025-12,2025-Q4,Pain/Osteoarthritis,VetSelect Joint,vetselect_joint-l,E-commerce,Region,South,9047,262356.09,0.88
stackline_ecommerce,2025-12,2025-Q4,Pain/Osteoarthritis,VetSelect Joint,vetselect_joint-s,E-commerce,Region,South,12841,372374.89,0.88
stackline_ecommerce,2025-12,2025-Q4,Petcare Diagnostics,Vetscan,vetscan-l,E-commerce,Region,South,23837,429073.86,0.88
stackline_ecommerce,2025-12,2025-Q4,Petcare Diagnostics,Vetscan,vetscan-s,E-commerce,Region,South,31865,573567.91,0.88
stackline_ecommerce,2025-12,2025-Q4,Dermatology,AllerVet RX,allervet_rx-l,E-commerce,Region,West,5940,320765.29,0.88
stackline_ecommerce,2025-12,2025-Q4,Dermatology,AllerVet RX,allervet_rx-s,E-commerce,Region,West,8576,463094.51,0.88
stackline_ecommerce,2025-12,2025-Q4,Dermatology,Apoquel,apoquel-l,E-commerce,Region,West,9023,586496.95,0.88
stackline_ecommerce,2025-12,2025-Q4,Dermatology,Apoquel,apoquel-s,E-commerce,Region,West,13033,847144.69,0.88
stackline_ecommerce,2025-12,2025-Q4,Vaccines,BioShield Vax,bioshield_vax-l,E-commerce,Region,West,9155,183094.29,0.88
stackline_ecommerce,2025-12,2025-Q4,Vaccines,BioShield Vax,bioshield_vax-s,E-commerce,Region,West,12500,249999.06,0.88
stackline_ecommerce,2025-12,2025-Q4,Dermatology,DermaCalm,dermacalm-l,E-commerce,Region,West,6633,384690.5,0.88
stackline_ecommerce,2025-12,2025-Q4,Dermatology,DermaCalm,dermacalm-s,E-commerce,Region,West,8964,519931.76,0.88
stackline_ecommerce,2025-12,2025-Q4,Petcare Diagnostics,DiagnosTech Vet,diagnostech_vet-l,E-commerce,Region,West,16040,272673.07,0.88
stackline_ecommerce,2025-12,2025-Q4,Petcare Diagnostics,DiagnosTech Vet,diagnostech_vet-s,E-commerce,Region,West,22621,384559.85,0.88
stackline_ecommerce,2025-12,2025-Q4,Parasiticides,FleaStop Pro,fleastop_pro-l,E-commerce,Region,West,11717,246055.98,0.88
stackline_ecommerce,2025-12,2025-Q4,Parasiticides,FleaStop Pro,fleastop_pro-s,E-commerce,Region,West,15291,321112.52,0.88
stackline_ecommerce,2025-12,2025-Q4,Pain/Osteoarthritis,FlexiCare Joint,flexicare_joint-l,E-commerce,Region,West,6326,278353.36,0.88
stackline_ecommerce,2025-12,2025-Q4,Pain/Osteoarthritis,FlexiCare Joint,flexicare_joint-s,E-commerce,Region,West,8651,380657.26,0.88
stackline_ecommerce,2025-12,2025-Q4,Vaccines,ImmunoCore Canine,immunocore_canine-l,E-commerce,Region,West,10192,214039.9,0.88
stackline_ecommerce,2025-12,2025-Q4,Vaccines,ImmunoCore Canine,immunocore_canine-s,E-commerce,Region,West,13762,288993.84,0.88
stackline_ecommerce,2025-12,2025-Q4,Pain/Osteoarthritis,Librela,librela-l,E-commerce,Region,West,5628,270130.71,0.88
stackline_ecommerce,2025-12,2025-Q4,Pain/Osteoarthritis,Librela,librela-s,E-commerce,Region,West,7824,375547.73,0.88
stackline_ecommerce,2025-12,2025-Q4,Pain/Osteoarthritis,OsteoEase Vet,osteoease_vet-l,E-commerce,Region,West,6058,248396.35,0.88
stackline_ecommerce,2025-12,2025-Q4,Pain/Osteoarthritis,OsteoEase Vet,osteoease_vet-s,E-commerce,Region,West,8334,341714.33,0.88
stackline_ecommerce,2025-12,2025-Q4,Pain/Osteoarthritis,PainAway Canine,painaway_canine-l,E-commerce,Region,West,4883,180675.76,0.88
stackline_ecommerce,2025-12,2025-Q4,Pain/Osteoarthritis,PainAway Canine,painaway_canine-s,E-commerce,Region,West,7403,273908.64,0.88
stackline_ecommerce,2025-12,2025-Q4,Petcare Diagnostics,PetLab Analyzer,petlab_analyzer-l,E-commerce,Region,West,9650,144746.24,0.88
stackline_ecommerce,2025-12,2025-Q4,Petcare Diagnostics,PetLab Analyzer,petlab_analyzer-s,E-commerce,Region,West,13013,195197.77,0.88
stackline_ecommerce,2025-12,2025-Q4,Petcare Diagnostics,RapidVet Dx,rapidvet_dx-l,E-commerce,Region,West,14845,237523.91,0.88
stackline_ecommerce,2025-12,2025-Q4,Petcare Diagnostics,RapidVet Dx,rapidvet_dx-s,E-commerce,Region,West,20213,323400.81,0.88
stackline_ecommerce,2025-12,2025-Q4,Parasiticides,Simparica Trio,simparica_trio-l,E-commerce,Region,West,17860,500091.06,0.88
stackline_ecommerce,2025-12,2025-Q4,Parasiticides,Simparica Trio,simparica_trio-s,E-commerce,Region,West,23987,671643.59,0.88
stackline_ecommerce,2025-12,2025-Q4,Dermatology,SkinRelief Pro,skinrelief_pro-l,E-commerce,Region,West,4720,231272.74,0.88
stackline_ecommerce,2025-12,2025-Q4,Dermatology,SkinRelief Pro,skinrelief_pro-s,E-commerce,Region,West,6449,315979.35,0.88
stackline_ecommerce,2025-12,2025-Q4,Parasiticides,TickShield Plus,tickshield_plus-l,E-commerce,Region,West,13100,314409.83,0.88
stackline_ecommerce,2025-12,2025-Q4,Parasiticides,TickShield Plus,tickshield_plus-s,E-commerce,Region,West,18895,453477.37,0.88
stackline_ecommerce,2025-12,2025-Q4,Vaccines,Vanguard,vanguard-l,E-commerce,Region,West,9766,214848.86,0.88
stackline_ecommerce,2025-12,2025-Q4,Vaccines,Vanguard,vanguard-s,E-commerce,Region,West,13844,304566.29,0.88
stackline_ecommerce,2025-12,2025-Q4,Parasiticides,VectraGuard,vectraguard-l,E-commerce,Region,West,16031,416799.42,0.88
stackline_ecommerce,2025-12,2025-Q4,Parasiticides,VectraGuard,vectraguard-s,E-commerce,Region,West,21554,560394.12,0.88
stackline_ecommerce,2025-12,2025-Q4,Vaccines,VetGuard Immunize,vetguard_immunize-l,E-commerce,Region,West,8150,154840.72,0.88
stackline_ecommerce,2025-12,2025-Q4,Vaccines,VetGuard Immunize,vetguard_immunize-s,E-commerce,Region,West,10376,197143.33,0.88
stackline_ecommerce,2025-12,2025-Q4,Vaccines,VetSelect Core Vax,vetselect_core_vax-l,E-commerce,Region,West,8745,122434.91,0.88
stackline_ecommerce,2025-12,2025-Q4,Vaccines,VetSelect Core Vax,vetselect_core_vax-s,E-commerce,Region,West,12531,175431.97,0.88
stackline_ecommerce,2025-12,2025-Q4,Dermatology,VetSelect Derma,vetselect_derma-l,E-commerce,Region,West,5487,208488.42,0.88
stackline_ecommerce,2025-12,2025-Q4,Dermatology,VetSelect Derma,vetselect_derma-s,E-commerce,Region,West,8198,311524.82,0.88
stackline_ecommerce,2025-12,2025-Q4,Petcare Diagnostics,VetSelect Dx,vetselect_dx-l,E-commerce,Region,West,8975,107699.29,0.88
stackline_ecommerce,2025-12,2025-Q4,Petcare Diagnostics,VetSelect Dx,vetselect_dx-s,E-commerce,Region,West,12834,154004.11,0.88
stackline_ecommerce,2025-12,2025-Q4,Parasiticides,VetSelect Flea & Tick,vetselect_flea_and_tick-l,E-commerce,Region,West,17746,301676.69,0.88
stackline_ecommerce,2025-12,2025-Q4,Parasiticides,VetSelect Flea & Tick,vetselect_flea_and_tick-s,E-commerce,Region,West,24103,409744.01,0.88
stackline_ecommerce,2025-12,2025-Q4,Pain/Osteoarthritis,VetSelect Joint,vetselect_joint-l,E-commerce,Region,West,5905,171256.0,0.88
stackline_ecommerce,2025-12,2025-Q4,Pain/Osteoarthritis,VetSelect Joint,vetselect_joint-s,E-commerce,Region,West,8236,238847.2,0.88
stackline_ecommerce,2025-12,2025-Q4,Petcare Diagnostics,Vetscan,vetscan-l,E-commerce,Region,West,16329,293913.21,0.88
stackline_ecommerce,2025-12,2025-Q4,Petcare Diagnostics,Vetscan,vetscan-s,E-commerce,Region,West,21330,383934.02,0.88
stackline_ecommerce,2026-01,2026-Q1,Dermatology,AllerVet RX,allervet_rx-l,E-commerce,National,National,26464,1429089.66,0.88
stackline_ecommerce,2026-01,2026-Q1,Dermatology,AllerVet RX,allervet_rx-s,E-commerce,National,National,37130,2004965.59,0.88
stackline_ecommerce,2026-01,2026-Q1,Dermatology,Apoquel,apoquel-l,E-commerce,National,National,37446,2433965.94,0.88
stackline_ecommerce,2026-01,2026-Q1,Dermatology,Apoquel,apoquel-s,E-commerce,National,National,52559,3416355.81,0.88
stackline_ecommerce,2026-01,2026-Q1,Vaccines,BioShield Vax,bioshield_vax-l,E-commerce,National,National,40954,819098.11,0.88
stackline_ecommerce,2026-01,2026-Q1,Vaccines,BioShield Vax,bioshield_vax-s,E-commerce,National,National,57013,1140265.45,0.88
stackline_ecommerce,2026-01,2026-Q1,Dermatology,DermaCalm,dermacalm-l,E-commerce,National,National,28479,1651771.54,0.88
stackline_ecommerce,2026-01,2026-Q1,Dermatology,DermaCalm,dermacalm-s,E-commerce,National,National,40104,2326055.8,0.88
stackline_ecommerce,2026-01,2026-Q1,Petcare Diagnostics,DiagnosTech Vet,diagnostech_vet-l,E-commerce,National,National,68880,1170962.34,0.88
stackline_ecommerce,2026-01,2026-Q1,Petcare Diagnostics,DiagnosTech Vet,diagnostech_vet-s,E-commerce,National,National,95320,1620436.2,0.88
stackline_ecommerce,2026-01,2026-Q1,Parasiticides,FleaStop Pro,fleastop_pro-l,E-commerce,National,National,55511,1165732.71,0.88
stackline_ecommerce,2026-01,2026-Q1,Parasiticides,FleaStop Pro,fleastop_pro-s,E-commerce,National,National,73253,1538311.74,0.88
stackline_ecommerce,2026-01,2026-Q1,Pain/Osteoarthritis,FlexiCare Joint,flexicare_joint-l,E-commerce,National,National,29837,1312846.48,0.88
stackline_ecommerce,2026-01,2026-Q1,Pain/Osteoarthritis,FlexiCare Joint,flexicare_joint-s,E-commerce,National,National,40759,1793409.37,0.88
stackline_ecommerce,2026-01,2026-Q1,Vaccines,ImmunoCore Canine,immunocore_canine-l,E-commerce,National,National,46709,980894.83,0.88
stackline_ecommerce,2026-01,2026-Q1,Vaccines,ImmunoCore Canine,immunocore_canine-s,E-commerce,National,National,64173,1347630.51,0.88
stackline_ecommerce,2026-01,2026-Q1,Pain/Osteoarthritis,Librela,librela-l,E-commerce,National,National,26220,1258568.47,0.88
stackline_ecommerce,2026-01,2026-Q1,Pain/Osteoarthritis,Librela,librela-s,E-commerce,National,National,36784,1765641.0,0.88
stackline_ecommerce,2026-01,2026-Q1,Pain/Osteoarthritis,OsteoEase Vet,osteoease_vet-l,E-commerce,National,National,26331,1079568.49,0.88
stackline_ecommerce,2026-01,2026-Q1,Pain/Osteoarthritis,OsteoEase Vet,osteoease_vet-s,E-commerce,National,National,37027,1518120.73,0.88
stackline_ecommerce,2026-01,2026-Q1,Pain/Osteoarthritis,PainAway Canine,painaway_canine-l,E-commerce,National,National,24804,917731.58,0.88
stackline_ecommerce,2026-01,2026-Q1,Pain/Osteoarthritis,PainAway Canine,painaway_canine-s,E-commerce,National,National,34660,1282411.45,0.88
stackline_ecommerce,2026-01,2026-Q1,Petcare Diagnostics,PetLab Analyzer,petlab_analyzer-l,E-commerce,National,National,41814,627213.02,0.88
stackline_ecommerce,2026-01,2026-Q1,Petcare Diagnostics,PetLab Analyzer,petlab_analyzer-s,E-commerce,National,National,57687,865310.92,0.88
stackline_ecommerce,2026-01,2026-Q1,Petcare Diagnostics,RapidVet Dx,rapidvet_dx-l,E-commerce,National,National,70309,1124934.1,0.88
stackline_ecommerce,2026-01,2026-Q1,Petcare Diagnostics,RapidVet Dx,rapidvet_dx-s,E-commerce,National,National,95599,1529586.25,0.88
stackline_ecommerce,2026-01,2026-Q1,Parasiticides,Simparica Trio,simparica_trio-l,E-commerce,National,National,82572,2312006.15,0.88
stackline_ecommerce,2026-01,2026-Q1,Parasiticides,Simparica Trio,simparica_trio-s,E-commerce,National,National,111709,3127874.37,0.88
stackline_ecommerce,2026-01,2026-Q1,Dermatology,SkinRelief Pro,skinrelief_pro-l,E-commerce,National,National,22335,1094419.4,0.88
stackline_ecommerce,2026-01,2026-Q1,Dermatology,SkinRelief Pro,skinrelief_pro-s,E-commerce,National,National,30488,1493888.38,0.88
stackline_ecommerce,2026-01,2026-Q1,Parasiticides,TickShield Plus,tickshield_plus-l,E-commerce,National,National,61317,1471593.38,0.88
stackline_ecommerce,2026-01,2026-Q1,Parasiticides,TickShield Plus,tickshield_plus-s,E-commerce,National,National,86012,2064277.6,0.88
stackline_ecommerce,2026-01,2026-Q1,Vaccines,Vanguard,vanguard-l,E-commerce,National,National,43949,966876.14,0.88
stackline_ecommerce,2026-01,2026-Q1,Vaccines,Vanguard,vanguard-s,E-commerce,National,National,61058,1343303.58,0.88
stackline_ecommerce,2026-01,2026-Q1,Parasiticides,VectraGuard,vectraguard-l,E-commerce,National,National,73890,1921149.99,0.88
stackline_ecommerce,2026-01,2026-Q1,Parasiticides,VectraGuard,vectraguard-s,E-commerce,National,National,100339,2608818.25,0.88
stackline_ecommerce,2026-01,2026-Q1,Vaccines,VetGuard Immunize,vetguard_immunize-l,E-commerce,National,National,35719,678642.44,0.88
stackline_ecommerce,2026-01,2026-Q1,Vaccines,VetGuard Immunize,vetguard_immunize-s,E-commerce,National,National,49028,931534.37,0.88
stackline_ecommerce,2026-01,2026-Q1,Vaccines,VetSelect Core Vax,vetselect_core_vax-l,E-commerce,National,National,38686,541599.41,0.88
stackline_ecommerce,2026-01,2026-Q1,Vaccines,VetSelect Core Vax,vetselect_core_vax-s,E-commerce,National,National,54665,765318.41,0.88
stackline_ecommerce,2026-01,2026-Q1,Dermatology,VetSelect Derma,vetselect_derma-l,E-commerce,National,National,24479,930190.55,0.88
stackline_ecommerce,2026-01,2026-Q1,Dermatology,VetSelect Derma,vetselect_derma-s,E-commerce,National,National,32994,1253797.68,0.88
stackline_ecommerce,2026-01,2026-Q1,Petcare Diagnostics,VetSelect Dx,vetselect_dx-l,E-commerce,National,National,40668,488013.41,0.88
stackline_ecommerce,2026-01,2026-Q1,Petcare Diagnostics,VetSelect Dx,vetselect_dx-s,E-commerce,National,National,56808,681679.28,0.88
stackline_ecommerce,2026-01,2026-Q1,Parasiticides,VetSelect Flea & Tick,vetselect_flea_and_tick-l,E-commerce,National,National,91174,1549954.31,0.88
stackline_ecommerce,2026-01,2026-Q1,Parasiticides,VetSelect Flea & Tick,vetselect_flea_and_tick-s,E-commerce,National,National,122365,2080190.7,0.88
stackline_ecommerce,2026-01,2026-Q1,Pain/Osteoarthritis,VetSelect Joint,vetselect_joint-l,E-commerce,National,National,29931,868008.43,0.88
stackline_ecommerce,2026-01,2026-Q1,Pain/Osteoarthritis,VetSelect Joint,vetselect_joint-s,E-commerce,National,National,40722,1180927.2,0.88
stackline_ecommerce,2026-01,2026-Q1,Petcare Diagnostics,Vetscan,vetscan-l,E-commerce,National,National,68976,1241577.97,0.88
stackline_ecommerce,2026-01,2026-Q1,Petcare Diagnostics,Vetscan,vetscan-s,E-commerce,National,National,96270,1732868.33,0.88
stackline_ecommerce,2026-01,2026-Q1,Dermatology,AllerVet RX,allervet_rx-l,E-commerce,Region,Midwest,5483,296080.25,0.88
stackline_ecommerce,2026-01,2026-Q1,Dermatology,AllerVet RX,allervet_rx-s,E-commerce,Region,Midwest,7560,408229.16,0.88
stackline_ecommerce,2026-01,2026-Q1,Dermatology,Apoquel,apoquel-l,E-commerce,Region,Midwest,7886,512586.2,0.88
stackline_ecommerce,2026-01,2026-Q1,Dermatology,Apoquel,apoquel-s,E-commerce,Region,Midwest,11264,732155.66,0.88
stackline_ecommerce,2026-01,2026-Q1,Vaccines,BioShield Vax,bioshield_vax-l,E-commerce,Region,Midwest,8558,171158.44,0.88
stackline_ecommerce,2026-01,2026-Q1,Vaccines,BioShield Vax,bioshield_vax-s,E-commerce,Region,Midwest,11756,235125.1,0.88
stackline_ecommerce,2026-01,2026-Q1,Dermatology,DermaCalm,dermacalm-l,E-commerce,Region,Midwest,5911,342824.83,0.88
stackline_ecommerce,2026-01,2026-Q1,Dermatology,DermaCalm,dermacalm-s,E-commerce,Region,Midwest,8572,497186.08,0.88
stackline_ecommerce,2026-01,2026-Q1,Petcare Diagnostics,DiagnosTech Vet,diagnostech_vet-l,E-commerce,Region,Midwest,13355,227029.01,0.88
stackline_ecommerce,2026-01,2026-Q1,Petcare Diagnostics,DiagnosTech Vet,diagnostech_vet-s,E-commerce,Region,Midwest,18400,312793.85,0.88
stackline_ecommerce,2026-01,2026-Q1,Parasiticides,FleaStop Pro,fleastop_pro-l,E-commerce,Region,Midwest,10964,230239.73,0.88
stackline_ecommerce,2026-01,2026-Q1,Parasiticides,FleaStop Pro,fleastop_pro-s,E-commerce,Region,Midwest,15428,323996.87,0.88
stackline_ecommerce,2026-01,2026-Q1,Pain/Osteoarthritis,FlexiCare Joint,flexicare_joint-l,E-commerce,Region,Midwest,6464,284422.88,0.88
stackline_ecommerce,2026-01,2026-Q1,Pain/Osteoarthritis,FlexiCare Joint,flexicare_joint-s,E-commerce,Region,Midwest,8823,388206.82,0.88
stackline_ecommerce,2026-01,2026-Q1,Vaccines,ImmunoCore Canine,immunocore_canine-l,E-commerce,Region,Midwest,9678,203240.23,0.88
stackline_ecommerce,2026-01,2026-Q1,Vaccines,ImmunoCore Canine,immunocore_canine-s,E-commerce,Region,Midwest,12510,262701.9,0.88
stackline_ecommerce,2026-01,2026-Q1,Pain/Osteoarthritis,Librela,librela-l,E-commerce,Region,Midwest,5718,274483.09,0.88
stackline_ecommerce,2026-01,2026-Q1,Pain/Osteoarthritis,Librela,librela-s,E-commerce,Region,Midwest,7744,371707.9,0.88
stackline_ecommerce,2026-01,2026-Q1,Pain/Osteoarthritis,OsteoEase Vet,osteoease_vet-l,E-commerce,Region,Midwest,5650,231645.07,0.88
stackline_ecommerce,2026-01,2026-Q1,Pain/Osteoarthritis,OsteoEase Vet,osteoease_vet-s,E-commerce,Region,Midwest,7550,309570.35,0.88
stackline_ecommerce,2026-01,2026-Q1,Pain/Osteoarthritis,PainAway Canine,painaway_canine-l,E-commerce,Region,Midwest,5204,192548.06,0.88
stackline_ecommerce,2026-01,2026-Q1,Pain/Osteoarthritis,PainAway Canine,painaway_canine-s,E-commerce,Region,Midwest,7020,259743.73,0.88
stackline_ecommerce,2026-01,2026-Q1,Petcare Diagnostics,PetLab Analyzer,petlab_analyzer-l,E-commerce,Region,Midwest,9261,138918.65,0.88
stackline_ecommerce,2026-01,2026-Q1,Petcare Diagnostics,PetLab Analyzer,petlab_analyzer-s,E-commerce,Region,Midwest,13472,202079.18,0.88
stackline_ecommerce,2026-01,2026-Q1,Petcare Diagnostics,RapidVet Dx,rapidvet_dx-l,E-commerce,Region,Midwest,15001,240010.05,0.88
stackline_ecommerce,2026-01,2026-Q1,Petcare Diagnostics,RapidVet Dx,rapidvet_dx-s,E-commerce,Region,Midwest,20205,323284.11,0.88
stackline_ecommerce,2026-01,2026-Q1,Parasiticides,Simparica Trio,simparica_trio-l,E-commerce,Region,Midwest,16939,474279.88,0.88
stackline_ecommerce,2026-01,2026-Q1,Parasiticides,Simparica Trio,simparica_trio-s,E-commerce,Region,Midwest,22171,620797.44,0.88
stackline_ecommerce,2026-01,2026-Q1,Dermatology,SkinRelief Pro,skinrelief_pro-l,E-commerce,Region,Midwest,4545,222713.16,0.88
stackline_ecommerce,2026-01,2026-Q1,Dermatology,SkinRelief Pro,skinrelief_pro-s,E-commerce,Region,Midwest,6338,310546.78,0.88
stackline_ecommerce,2026-01,2026-Q1,Parasiticides,TickShield Plus,tickshield_plus-l,E-commerce,Region,Midwest,14049,337166.77,0.88
stackline_ecommerce,2026-01,2026-Q1,Parasiticides,TickShield Plus,tickshield_plus-s,E-commerce,Region,Midwest,18884,453227.66,0.88
stackline_ecommerce,2026-01,2026-Q1,Vaccines,Vanguard,vanguard-l,E-commerce,Region,Midwest,9939,218650.61,0.88
stackline_ecommerce,2026-01,2026-Q1,Vaccines,Vanguard,vanguard-s,E-commerce,Region,Midwest,13514,297316.45,0.88
stackline_ecommerce,2026-01,2026-Q1,Parasiticides,VectraGuard,vectraguard-l,E-commerce,Region,Midwest,15903,413487.74,0.88
stackline_ecommerce,2026-01,2026-Q1,Parasiticides,VectraGuard,vectraguard-s,E-commerce,Region,Midwest,21232,552032.13,0.88
stackline_ecommerce,2026-01,2026-Q1,Vaccines,VetGuard Immunize,vetguard_immunize-l,E-commerce,Region,Midwest,7668,145682.83,0.88
stackline_ecommerce,2026-01,2026-Q1,Vaccines,VetGuard Immunize,vetguard_immunize-s,E-commerce,Region,Midwest,11172,212269.6,0.88
stackline_ecommerce,2026-01,2026-Q1,Vaccines,VetSelect Core Vax,vetselect_core_vax-l,E-commerce,Region,Midwest,8397,117551.68,0.88
stackline_ecommerce,2026-01,2026-Q1,Vaccines,VetSelect Core Vax,vetselect_core_vax-s,E-commerce,Region,Midwest,11373,159226.75,0.88
stackline_ecommerce,2026-01,2026-Q1,Dermatology,VetSelect Derma,vetselect_derma-l,E-commerce,Region,Midwest,5231,198759.6,0.88
stackline_ecommerce,2026-01,2026-Q1,Dermatology,VetSelect Derma,vetselect_derma-s,E-commerce,Region,Midwest,7018,266693.75,0.88
stackline_ecommerce,2026-01,2026-Q1,Petcare Diagnostics,VetSelect Dx,vetselect_dx-l,E-commerce,Region,Midwest,8159,97905.1,0.88
stackline_ecommerce,2026-01,2026-Q1,Petcare Diagnostics,VetSelect Dx,vetselect_dx-s,E-commerce,Region,Midwest,11977,143721.47,0.88
stackline_ecommerce,2026-01,2026-Q1,Parasiticides,VetSelect Flea & Tick,vetselect_flea_and_tick-l,E-commerce,Region,Midwest,18766,319018.49,0.88
stackline_ecommerce,2026-01,2026-Q1,Parasiticides,VetSelect Flea & Tick,vetselect_flea_and_tick-s,E-commerce,Region,Midwest,25086,426464.9,0.88
stackline_ecommerce,2026-01,2026-Q1,Pain/Osteoarthritis,VetSelect Joint,vetselect_joint-l,E-commerce,Region,Midwest,6681,193745.68,0.88
stackline_ecommerce,2026-01,2026-Q1,Pain/Osteoarthritis,VetSelect Joint,vetselect_joint-s,E-commerce,Region,Midwest,9236,267830.9,0.88
stackline_ecommerce,2026-01,2026-Q1,Petcare Diagnostics,Vetscan,vetscan-l,E-commerce,Region,Midwest,13974,251536.66,0.88
stackline_ecommerce,2026-01,2026-Q1,Petcare Diagnostics,Vetscan,vetscan-s,E-commerce,Region,Midwest,20349,366283.75,0.88
stackline_ecommerce,2026-01,2026-Q1,Dermatology,AllerVet RX,allervet_rx-l,E-commerce,Region,Northeast,5583,301481.0,0.88
stackline_ecommerce,2026-01,2026-Q1,Dermatology,AllerVet RX,allervet_rx-s,E-commerce,Region,Northeast,8428,455091.32,0.88
stackline_ecommerce,2026-01,2026-Q1,Dermatology,Apoquel,apoquel-l,E-commerce,Region,Northeast,8491,551947.37,0.88
stackline_ecommerce,2026-01,2026-Q1,Dermatology,Apoquel,apoquel-s,E-commerce,Region,Northeast,11310,735160.95,0.88
stackline_ecommerce,2026-01,2026-Q1,Vaccines,BioShield Vax,bioshield_vax-l,E-commerce,Region,Northeast,8886,177725.02,0.88
stackline_ecommerce,2026-01,2026-Q1,Vaccines,BioShield Vax,bioshield_vax-s,E-commerce,Region,Northeast,13056,261123.73,0.88
stackline_ecommerce,2026-01,2026-Q1,Dermatology,DermaCalm,dermacalm-l,E-commerce,Region,Northeast,6190,359006.0,0.88
stackline_ecommerce,2026-01,2026-Q1,Dermatology,DermaCalm,dermacalm-s,E-commerce,Region,Northeast,8564,496730.45,0.88
stackline_ecommerce,2026-01,2026-Q1,Petcare Diagnostics,DiagnosTech Vet,diagnostech_vet-l,E-commerce,Region,Northeast,15372,261329.55,0.88
stackline_ecommerce,2026-01,2026-Q1,Petcare Diagnostics,DiagnosTech Vet,diagnostech_vet-s,E-commerce,Region,Northeast,20188,343197.2,0.88
stackline_ecommerce,2026-01,2026-Q1,Parasiticides,FleaStop Pro,fleastop_pro-l,E-commerce,Region,Northeast,12592,264434.73,0.88
stackline_ecommerce,2026-01,2026-Q1,Parasiticides,FleaStop Pro,fleastop_pro-s,E-commerce,Region,Northeast,16457,345596.73,0.88
stackline_ecommerce,2026-01,2026-Q1,Pain/Osteoarthritis,FlexiCare Joint,flexicare_joint-l,E-commerce,Region,Northeast,6220,273681.88,0.88
stackline_ecommerce,2026-01,2026-Q1,Pain/Osteoarthritis,FlexiCare Joint,flexicare_joint-s,E-commerce,Region,Northeast,9196,404634.02,0.88
stackline_ecommerce,2026-01,2026-Q1,Vaccines,ImmunoCore Canine,immunocore_canine-l,E-commerce,Region,Northeast,10481,220103.33,0.88
stackline_ecommerce,2026-01,2026-Q1,Vaccines,ImmunoCore Canine,immunocore_canine-s,E-commerce,Region,Northeast,13870,291269.14,0.88
stackline_ecommerce,2026-01,2026-Q1,Pain/Osteoarthritis,Librela,librela-l,E-commerce,Region,Northeast,5825,279606.8,0.88
stackline_ecommerce,2026-01,2026-Q1,Pain/Osteoarthritis,Librela,librela-s,E-commerce,Region,Northeast,8155,391430.74,0.88
stackline_ecommerce,2026-01,2026-Q1,Pain/Osteoarthritis,OsteoEase Vet,osteoease_vet-l,E-commerce,Region,Northeast,5551,227605.92,0.88
stackline_ecommerce,2026-01,2026-Q1,Pain/Osteoarthritis,OsteoEase Vet,osteoease_vet-s,E-commerce,Region,Northeast,7942,325628.16,0.88
stackline_ecommerce,2026-01,2026-Q1,Pain/Osteoarthritis,PainAway Canine,painaway_canine-l,E-commerce,Region,Northeast,5418,200475.56,0.88
stackline_ecommerce,2026-01,2026-Q1,Pain/Osteoarthritis,PainAway Canine,painaway_canine-s,E-commerce,Region,Northeast,7648,282972.34,0.88
stackline_ecommerce,2026-01,2026-Q1,Petcare Diagnostics,PetLab Analyzer,petlab_analyzer-l,E-commerce,Region,Northeast,9457,141853.18,0.88
stackline_ecommerce,2026-01,2026-Q1,Petcare Diagnostics,PetLab Analyzer,petlab_analyzer-s,E-commerce,Region,Northeast,12914,193713.48,0.88
stackline_ecommerce,2026-01,2026-Q1,Petcare Diagnostics,RapidVet Dx,rapidvet_dx-l,E-commerce,Region,Northeast,15183,242924.47,0.88
stackline_ecommerce,2026-01,2026-Q1,Petcare Diagnostics,RapidVet Dx,rapidvet_dx-s,E-commerce,Region,Northeast,19768,316285.23,0.88
stackline_ecommerce,2026-01,2026-Q1,Parasiticides,Simparica Trio,simparica_trio-l,E-commerce,Region,Northeast,19408,543415.44,0.88
stackline_ecommerce,2026-01,2026-Q1,Parasiticides,Simparica Trio,simparica_trio-s,E-commerce,Region,Northeast,25433,712135.81,0.88
stackline_ecommerce,2026-01,2026-Q1,Dermatology,SkinRelief Pro,skinrelief_pro-l,E-commerce,Region,Northeast,4882,239236.36,0.88
stackline_ecommerce,2026-01,2026-Q1,Dermatology,SkinRelief Pro,skinrelief_pro-s,E-commerce,Region,Northeast,6786,332530.86,0.88
stackline_ecommerce,2026-01,2026-Q1,Parasiticides,TickShield Plus,tickshield_plus-l,E-commerce,Region,Northeast,13215,317162.85,0.88
stackline_ecommerce,2026-01,2026-Q1,Parasiticides,TickShield Plus,tickshield_plus-s,E-commerce,Region,Northeast,18047,433121.07,0.88
stackline_ecommerce,2026-01,2026-Q1,Vaccines,Vanguard,vanguard-l,E-commerce,Region,Northeast,9339,205462.07,0.88
stackline_ecommerce,2026-01,2026-Q1,Vaccines,Vanguard,vanguard-s,E-commerce,Region,Northeast,13622,299692.53,0.88
stackline_ecommerce,2026-01,2026-Q1,Parasiticides,VectraGuard,vectraguard-l,E-commerce,Region,Northeast,15899,413367.37,0.88
stackline_ecommerce,2026-01,2026-Q1,Parasiticides,VectraGuard,vectraguard-s,E-commerce,Region,Northeast,21945,570559.94,0.88
stackline_ecommerce,2026-01,2026-Q1,Vaccines,VetGuard Immunize,vetguard_immunize-l,E-commerce,Region,Northeast,7696,146219.08,0.88
stackline_ecommerce,2026-01,2026-Q1,Vaccines,VetGuard Immunize,vetguard_immunize-s,E-commerce,Region,Northeast,9875,187620.58,0.88
stackline_ecommerce,2026-01,2026-Q1,Vaccines,VetSelect Core Vax,vetselect_core_vax-l,E-commerce,Region,Northeast,9211,128952.93,0.88
stackline_ecommerce,2026-01,2026-Q1,Vaccines,VetSelect Core Vax,vetselect_core_vax-s,E-commerce,Region,Northeast,13150,184102.6,0.88
stackline_ecommerce,2026-01,2026-Q1,Dermatology,VetSelect Derma,vetselect_derma-l,E-commerce,Region,Northeast,5387,204700.49,0.88
stackline_ecommerce,2026-01,2026-Q1,Dermatology,VetSelect Derma,vetselect_derma-s,E-commerce,Region,Northeast,7518,285684.57,0.88
stackline_ecommerce,2026-01,2026-Q1,Petcare Diagnostics,VetSelect Dx,vetselect_dx-l,E-commerce,Region,Northeast,8891,106689.36,0.88
stackline_ecommerce,2026-01,2026-Q1,Petcare Diagnostics,VetSelect Dx,vetselect_dx-s,E-commerce,Region,Northeast,12319,147822.39,0.88
stackline_ecommerce,2026-01,2026-Q1,Parasiticides,VetSelect Flea & Tick,vetselect_flea_and_tick-l,E-commerce,Region,Northeast,19239,327066.13,0.88
stackline_ecommerce,2026-01,2026-Q1,Parasiticides,VetSelect Flea & Tick,vetselect_flea_and_tick-s,E-commerce,Region,Northeast,24763,420964.36,0.88
stackline_ecommerce,2026-01,2026-Q1,Pain/Osteoarthritis,VetSelect Joint,vetselect_joint-l,E-commerce,Region,Northeast,6710,194596.44,0.88
stackline_ecommerce,2026-01,2026-Q1,Pain/Osteoarthritis,VetSelect Joint,vetselect_joint-s,E-commerce,Region,Northeast,8847,256566.81,0.88
stackline_ecommerce,2026-01,2026-Q1,Petcare Diagnostics,Vetscan,vetscan-l,E-commerce,Region,Northeast,15589,280610.6,0.88
stackline_ecommerce,2026-01,2026-Q1,Petcare Diagnostics,Vetscan,vetscan-s,E-commerce,Region,Northeast,20487,368774.26,0.88
stackline_ecommerce,2026-01,2026-Q1,Dermatology,AllerVet RX,allervet_rx-l,E-commerce,Region,South,8934,482457.78,0.88
stackline_ecommerce,2026-01,2026-Q1,Dermatology,AllerVet RX,allervet_rx-s,E-commerce,Region,South,12563,678404.12,0.88
stackline_ecommerce,2026-01,2026-Q1,Dermatology,Apoquel,apoquel-l,E-commerce,Region,South,12612,819758.62,0.88
stackline_ecommerce,2026-01,2026-Q1,Dermatology,Apoquel,apoquel-s,E-commerce,Region,South,18270,1187569.88,0.88
stackline_ecommerce,2026-01,2026-Q1,Vaccines,BioShield Vax,bioshield_vax-l,E-commerce,Region,South,13411,268229.72,0.88
stackline_ecommerce,2026-01,2026-Q1,Vaccines,BioShield Vax,bioshield_vax-s,E-commerce,Region,South,18623,372462.21,0.88
stackline_ecommerce,2026-01,2026-Q1,Dermatology,DermaCalm,dermacalm-l,E-commerce,Region,South,10167,589686.67,0.88
stackline_ecommerce,2026-01,2026-Q1,Dermatology,DermaCalm,dermacalm-s,E-commerce,Region,South,14032,813869.09,0.88
stackline_ecommerce,2026-01,2026-Q1,Petcare Diagnostics,DiagnosTech Vet,diagnostech_vet-l,E-commerce,Region,South,23208,394543.86,0.88
stackline_ecommerce,2026-01,2026-Q1,Petcare Diagnostics,DiagnosTech Vet,diagnostech_vet-s,E-commerce,Region,South,32628,554677.99,0.88
stackline_ecommerce,2026-01,2026-Q1,Parasiticides,FleaStop Pro,fleastop_pro-l,E-commerce,Region,South,20299,426284.41,0.88
stackline_ecommerce,2026-01,2026-Q1,Parasiticides,FleaStop Pro,fleastop_pro-s,E-commerce,Region,South,24824,521295.67,0.88
stackline_ecommerce,2026-01,2026-Q1,Pain/Osteoarthritis,FlexiCare Joint,flexicare_joint-l,E-commerce,Region,South,10409,457996.94,0.88
stackline_ecommerce,2026-01,2026-Q1,Pain/Osteoarthritis,FlexiCare Joint,flexicare_joint-s,E-commerce,Region,South,13387,589034.67,0.88
stackline_ecommerce,2026-01,2026-Q1,Vaccines,ImmunoCore Canine,immunocore_canine-l,E-commerce,Region,South,15850,332857.88,0.88
stackline_ecommerce,2026-01,2026-Q1,Vaccines,ImmunoCore Canine,immunocore_canine-s,E-commerce,Region,South,23168,486525.74,0.88
stackline_ecommerce,2026-01,2026-Q1,Pain/Osteoarthritis,Librela,librela-l,E-commerce,Region,South,8782,421515.52,0.88
stackline_ecommerce,2026-01,2026-Q1,Pain/Osteoarthritis,Librela,librela-s,E-commerce,Region,South,12595,604563.27,0.88
stackline_ecommerce,2026-01,2026-Q1,Pain/Osteoarthritis,OsteoEase Vet,osteoease_vet-l,E-commerce,Region,South,8943,366658.28,0.88
stackline_ecommerce,2026-01,2026-Q1,Pain/Osteoarthritis,OsteoEase Vet,osteoease_vet-s,E-commerce,Region,South,12819,525575.23,0.88
stackline_ecommerce,2026-01,2026-Q1,Pain/Osteoarthritis,PainAway Canine,painaway_canine-l,E-commerce,Region,South,8516,315077.46,0.88
stackline_ecommerce,2026-01,2026-Q1,Pain/Osteoarthritis,PainAway Canine,painaway_canine-s,E-commerce,Region,South,12238,452795.02,0.88
stackline_ecommerce,2026-01,2026-Q1,Petcare Diagnostics,PetLab Analyzer,petlab_analyzer-l,E-commerce,Region,South,14079,211181.64,0.88
stackline_ecommerce,2026-01,2026-Q1,Petcare Diagnostics,PetLab Analyzer,petlab_analyzer-s,E-commerce,Region,South,18982,284731.72,0.88
stackline_ecommerce,2026-01,2026-Q1,Petcare Diagnostics,RapidVet Dx,rapidvet_dx-l,E-commerce,Region,South,23579,377257.42,0.88
stackline_ecommerce,2026-01,2026-Q1,Petcare Diagnostics,RapidVet Dx,rapidvet_dx-s,E-commerce,Region,South,33515,536239.51,0.88
stackline_ecommerce,2026-01,2026-Q1,Parasiticides,Simparica Trio,simparica_trio-l,E-commerce,Region,South,27280,763844.66,0.88
stackline_ecommerce,2026-01,2026-Q1,Parasiticides,Simparica Trio,simparica_trio-s,E-commerce,Region,South,37545,1051273.75,0.88
stackline_ecommerce,2026-01,2026-Q1,Dermatology,SkinRelief Pro,skinrelief_pro-l,E-commerce,Region,South,7470,366024.43,0.88
stackline_ecommerce,2026-01,2026-Q1,Dermatology,SkinRelief Pro,skinrelief_pro-s,E-commerce,Region,South,10340,506646.33,0.88
stackline_ecommerce,2026-01,2026-Q1,Parasiticides,TickShield Plus,tickshield_plus-l,E-commerce,Region,South,19948,478745.65,0.88
stackline_ecommerce,2026-01,2026-Q1,Parasiticides,TickShield Plus,tickshield_plus-s,E-commerce,Region,South,28247,677919.12,0.88
stackline_ecommerce,2026-01,2026-Q1,Vaccines,Vanguard,vanguard-l,E-commerce,Region,South,14581,320778.0,0.88
stackline_ecommerce,2026-01,2026-Q1,Vaccines,Vanguard,vanguard-s,E-commerce,Region,South,20394,448675.97,0.88
stackline_ecommerce,2026-01,2026-Q1,Parasiticides,VectraGuard,vectraguard-l,E-commerce,Region,South,24691,641962.37,0.88
stackline_ecommerce,2026-01,2026-Q1,Parasiticides,VectraGuard,vectraguard-s,E-commerce,Region,South,34294,891655.23,0.88
stackline_ecommerce,2026-01,2026-Q1,Vaccines,VetGuard Immunize,vetguard_immunize-l,E-commerce,Region,South,12163,231098.05,0.88
stackline_ecommerce,2026-01,2026-Q1,Vaccines,VetGuard Immunize,vetguard_immunize-s,E-commerce,Region,South,16654,316429.05,0.88
stackline_ecommerce,2026-01,2026-Q1,Vaccines,VetSelect Core Vax,vetselect_core_vax-l,E-commerce,Region,South,12657,177203.31,0.88
stackline_ecommerce,2026-01,2026-Q1,Vaccines,VetSelect Core Vax,vetselect_core_vax-s,E-commerce,Region,South,18337,256716.26,0.88
stackline_ecommerce,2026-01,2026-Q1,Dermatology,VetSelect Derma,vetselect_derma-l,E-commerce,Region,South,8554,325061.18,0.88
stackline_ecommerce,2026-01,2026-Q1,Dermatology,VetSelect Derma,vetselect_derma-s,E-commerce,Region,South,11308,429707.3,0.88
stackline_ecommerce,2026-01,2026-Q1,Petcare Diagnostics,VetSelect Dx,vetselect_dx-l,E-commerce,Region,South,13706,164473.53,0.88
stackline_ecommerce,2026-01,2026-Q1,Petcare Diagnostics,VetSelect Dx,vetselect_dx-s,E-commerce,Region,South,19521,234248.6,0.88
stackline_ecommerce,2026-01,2026-Q1,Parasiticides,VetSelect Flea & Tick,vetselect_flea_and_tick-l,E-commerce,Region,South,32584,553921.86,0.88
stackline_ecommerce,2026-01,2026-Q1,Parasiticides,VetSelect Flea & Tick,vetselect_flea_and_tick-s,E-commerce,Region,South,44022,748369.42,0.88
stackline_ecommerce,2026-01,2026-Q1,Pain/Osteoarthritis,VetSelect Joint,vetselect_joint-l,E-commerce,Region,South,9381,272046.02,0.88
stackline_ecommerce,2026-01,2026-Q1,Pain/Osteoarthritis,VetSelect Joint,vetselect_joint-s,E-commerce,Region,South,12873,373308.76,0.88
stackline_ecommerce,2026-01,2026-Q1,Petcare Diagnostics,Vetscan,vetscan-l,E-commerce,Region,South,24153,434754.83,0.88
stackline_ecommerce,2026-01,2026-Q1,Petcare Diagnostics,Vetscan,vetscan-s,E-commerce,Region,South,33799,608383.4,0.88
stackline_ecommerce,2026-01,2026-Q1,Dermatology,AllerVet RX,allervet_rx-l,E-commerce,Region,West,6464,349070.63,0.88
stackline_ecommerce,2026-01,2026-Q1,Dermatology,AllerVet RX,allervet_rx-s,E-commerce,Region,West,8579,463240.99,0.88
stackline_ecommerce,2026-01,2026-Q1,Dermatology,Apoquel,apoquel-l,E-commerce,Region,West,8457,549673.75,0.88
stackline_ecommerce,2026-01,2026-Q1,Dermatology,Apoquel,apoquel-s,E-commerce,Region,West,11715,761469.32,0.88
stackline_ecommerce,2026-01,2026-Q1,Vaccines,BioShield Vax,bioshield_vax-l,E-commerce,Region,West,10099,201984.93,0.88
stackline_ecommerce,2026-01,2026-Q1,Vaccines,BioShield Vax,bioshield_vax-s,E-commerce,Region,West,13578,271554.41,0.88
stackline_ecommerce,2026-01,2026-Q1,Dermatology,DermaCalm,dermacalm-l,E-commerce,Region,West,6211,360254.04,0.88
stackline_ecommerce,2026-01,2026-Q1,Dermatology,DermaCalm,dermacalm-s,E-commerce,Region,West,8936,518270.18,0.88
stackline_ecommerce,2026-01,2026-Q1,Petcare Diagnostics,DiagnosTech Vet,diagnostech_vet-l,E-commerce,Region,West,16945,288059.92,0.88
stackline_ecommerce,2026-01,2026-Q1,Petcare Diagnostics,DiagnosTech Vet,diagnostech_vet-s,E-commerce,Region,West,24104,409767.16,0.88
stackline_ecommerce,2026-01,2026-Q1,Parasiticides,FleaStop Pro,fleastop_pro-l,E-commerce,Region,West,11656,244773.84,0.88
stackline_ecommerce,2026-01,2026-Q1,Parasiticides,FleaStop Pro,fleastop_pro-s,E-commerce,Region,West,16544,347422.47,0.88
stackline_ecommerce,2026-01,2026-Q1,Pain/Osteoarthritis,FlexiCare Joint,flexicare_joint-l,E-commerce,Region,West,6744,296744.78,0.88
stackline_ecommerce,2026-01,2026-Q1,Pain/Osteoarthritis,FlexiCare Joint,flexicare_joint-s,E-commerce,Region,West,9353,411533.86,0.88
stackline_ecommerce,2026-01,2026-Q1,Vaccines,ImmunoCore Canine,immunocore_canine-l,E-commerce,Region,West,10700,224693.39,0.88
stackline_ecommerce,2026-01,2026-Q1,Vaccines,ImmunoCore Canine,immunocore_canine-s,E-commerce,Region,West,14625,307133.73,0.88
stackline_ecommerce,2026-01,2026-Q1,Pain/Osteoarthritis,Librela,librela-l,E-commerce,Region,West,5895,282963.06,0.88
stackline_ecommerce,2026-01,2026-Q1,Pain/Osteoarthritis,Librela,librela-s,E-commerce,Region,West,8290,397939.09,0.88
stackline_ecommerce,2026-01,2026-Q1,Pain/Osteoarthritis,OsteoEase Vet,osteoease_vet-l,E-commerce,Region,West,6187,253659.22,0.88
stackline_ecommerce,2026-01,2026-Q1,Pain/Osteoarthritis,OsteoEase Vet,osteoease_vet-s,E-commerce,Region,West,8716,357346.99,0.88
stackline_ecommerce,2026-01,2026-Q1,Pain/Osteoarthritis,PainAway Canine,painaway_canine-l,E-commerce,Region,West,5666,209630.5,0.88
stackline_ecommerce,2026-01,2026-Q1,Pain/Osteoarthritis,PainAway Canine,painaway_canine-s,E-commerce,Region,West,7754,286900.36,0.88
stackline_ecommerce,2026-01,2026-Q1,Petcare Diagnostics,PetLab Analyzer,petlab_analyzer-l,E-commerce,Region,West,9017,135259.55,0.88
stackline_ecommerce,2026-01,2026-Q1,Petcare Diagnostics,PetLab Analyzer,petlab_analyzer-s,E-commerce,Region,West,12319,184786.54,0.88
stackline_ecommerce,2026-01,2026-Q1,Petcare Diagnostics,RapidVet Dx,rapidvet_dx-l,E-commerce,Region,West,16546,264742.16,0.88
stackline_ecommerce,2026-01,2026-Q1,Petcare Diagnostics,RapidVet Dx,rapidvet_dx-s,E-commerce,Region,West,22111,353777.4,0.88
stackline_ecommerce,2026-01,2026-Q1,Parasiticides,Simparica Trio,simparica_trio-l,E-commerce,Region,West,18945,530466.17,0.88
stackline_ecommerce,2026-01,2026-Q1,Parasiticides,Simparica Trio,simparica_trio-s,E-commerce,Region,West,26560,743667.37,0.88
stackline_ecommerce,2026-01,2026-Q1,Dermatology,SkinRelief Pro,skinrelief_pro-l,E-commerce,Region,West,5438,266445.45,0.88
stackline_ecommerce,2026-01,2026-Q1,Dermatology,SkinRelief Pro,skinrelief_pro-s,E-commerce,Region,West,7024,344164.41,0.88
stackline_ecommerce,2026-01,2026-Q1,Parasiticides,TickShield Plus,tickshield_plus-l,E-commerce,Region,West,14105,338518.11,0.88
stackline_ecommerce,2026-01,2026-Q1,Parasiticides,TickShield Plus,tickshield_plus-s,E-commerce,Region,West,20834,500009.75,0.88
stackline_ecommerce,2026-01,2026-Q1,Vaccines,Vanguard,vanguard-l,E-commerce,Region,West,10090,221985.46,0.88
stackline_ecommerce,2026-01,2026-Q1,Vaccines,Vanguard,vanguard-s,E-commerce,Region,West,13528,297618.63,0.88
stackline_ecommerce,2026-01,2026-Q1,Parasiticides,VectraGuard,vectraguard-l,E-commerce,Region,West,17397,452332.51,0.88
stackline_ecommerce,2026-01,2026-Q1,Parasiticides,VectraGuard,vectraguard-s,E-commerce,Region,West,22868,594570.95,0.88
stackline_ecommerce,2026-01,2026-Q1,Vaccines,VetGuard Immunize,vetguard_immunize-l,E-commerce,Region,West,8192,155642.48,0.88
stackline_ecommerce,2026-01,2026-Q1,Vaccines,VetGuard Immunize,vetguard_immunize-s,E-commerce,Region,West,11327,215215.14,0.88
stackline_ecommerce,2026-01,2026-Q1,Vaccines,VetSelect Core Vax,vetselect_core_vax-l,E-commerce,Region,West,8421,117891.49,0.88
stackline_ecommerce,2026-01,2026-Q1,Vaccines,VetSelect Core Vax,vetselect_core_vax-s,E-commerce,Region,West,11805,165272.8,0.88
stackline_ecommerce,2026-01,2026-Q1,Dermatology,VetSelect Derma,vetselect_derma-l,E-commerce,Region,West,5307,201669.28,0.88
stackline_ecommerce,2026-01,2026-Q1,Dermatology,VetSelect Derma,vetselect_derma-s,E-commerce,Region,West,7150,271712.06,0.88
stackline_ecommerce,2026-01,2026-Q1,Petcare Diagnostics,VetSelect Dx,vetselect_dx-l,E-commerce,Region,West,9912,118945.42,0.88
stackline_ecommerce,2026-01,2026-Q1,Petcare Diagnostics,VetSelect Dx,vetselect_dx-s,E-commerce,Region,West,12991,155886.82,0.88
stackline_ecommerce,2026-01,2026-Q1,Parasiticides,VetSelect Flea & Tick,vetselect_flea_and_tick-l,E-commerce,Region,West,20585,349947.83,0.88
stackline_ecommerce,2026-01,2026-Q1,Parasiticides,VetSelect Flea & Tick,vetselect_flea_and_tick-s,E-commerce,Region,West,28494,484392.02,0.88
stackline_ecommerce,2026-01,2026-Q1,Pain/Osteoarthritis,VetSelect Joint,vetselect_joint-l,E-commerce,Region,West,7159,207620.29,0.88
stackline_ecommerce,2026-01,2026-Q1,Pain/Osteoarthritis,VetSelect Joint,vetselect_joint-s,E-commerce,Region,West,9766,283220.73,0.88
stackline_ecommerce,2026-01,2026-Q1,Petcare Diagnostics,Vetscan,vetscan-l,E-commerce,Region,West,15260,274675.88,0.88
stackline_ecommerce,2026-01,2026-Q1,Petcare Diagnostics,Vetscan,vetscan-s,E-commerce,Region,West,21635,389426.92,0.88
stackline_ecommerce,2026-02,2026-Q1,Dermatology,AllerVet RX,allervet_rx-l,E-commerce,National,National,27997,1511837.08,0.88
stackline_ecommerce,2026-02,2026-Q1,Dermatology,AllerVet RX,allervet_rx-s,E-commerce,National,National,39107,2111802.33,0.88
stackline_ecommerce,2026-02,2026-Q1,Dermatology,Apoquel,apoquel-l,E-commerce,National,National,40811,2652730.91,0.88
stackline_ecommerce,2026-02,2026-Q1,Dermatology,Apoquel,apoquel-s,E-commerce,National,National,58160,3780371.41,0.88
stackline_ecommerce,2026-02,2026-Q1,Vaccines,BioShield Vax,bioshield_vax-l,E-commerce,National,National,43971,879413.73,0.88
stackline_ecommerce,2026-02,2026-Q1,Vaccines,BioShield Vax,bioshield_vax-s,E-commerce,National,National,58875,1177514.32,0.88
stackline_ecommerce,2026-02,2026-Q1,Dermatology,DermaCalm,dermacalm-l,E-commerce,National,National,30316,1758275.94,0.88
stackline_ecommerce,2026-02,2026-Q1,Dermatology,DermaCalm,dermacalm-s,E-commerce,National,National,42692,2476162.11,0.88
stackline_ecommerce,2026-02,2026-Q1,Petcare Diagnostics,DiagnosTech Vet,diagnostech_vet-l,E-commerce,National,National,76694,1303797.08,0.88
stackline_ecommerce,2026-02,2026-Q1,Petcare Diagnostics,DiagnosTech Vet,diagnostech_vet-s,E-commerce,National,National,105932,1800855.69,0.88
stackline_ecommerce,2026-02,2026-Q1,Parasiticides,FleaStop Pro,fleastop_pro-l,E-commerce,National,National,62542,1313375.31,0.88
stackline_ecommerce,2026-02,2026-Q1,Parasiticides,FleaStop Pro,fleastop_pro-s,E-commerce,National,National,87968,1847331.27,0.88
stackline_ecommerce,2026-02,2026-Q1,Pain/Osteoarthritis,FlexiCare Joint,flexicare_joint-l,E-commerce,National,National,30450,1339789.78,0.88
stackline_ecommerce,2026-02,2026-Q1,Pain/Osteoarthritis,FlexiCare Joint,flexicare_joint-s,E-commerce,National,National,40953,1801894.17,0.88
stackline_ecommerce,2026-02,2026-Q1,Vaccines,ImmunoCore Canine,immunocore_canine-l,E-commerce,National,National,54102,1136149.36,0.88
stackline_ecommerce,2026-02,2026-Q1,Vaccines,ImmunoCore Canine,immunocore_canine-s,E-commerce,National,National,72166,1515460.53,0.88
stackline_ecommerce,2026-02,2026-Q1,Pain/Osteoarthritis,Librela,librela-l,E-commerce,National,National,28567,1371161.47,0.88
stackline_ecommerce,2026-02,2026-Q1,Pain/Osteoarthritis,Librela,librela-s,E-commerce,National,National,38913,1867830.15,0.88
stackline_ecommerce,2026-02,2026-Q1,Pain/Osteoarthritis,OsteoEase Vet,osteoease_vet-l,E-commerce,National,National,27940,1145536.18,0.88
stackline_ecommerce,2026-02,2026-Q1,Pain/Osteoarthritis,OsteoEase Vet,osteoease_vet-s,E-commerce,National,National,39123,1604039.65,0.88
stackline_ecommerce,2026-02,2026-Q1,Pain/Osteoarthritis,PainAway Canine,painaway_canine-l,E-commerce,National,National,25056,927064.21,0.88
stackline_ecommerce,2026-02,2026-Q1,Pain/Osteoarthritis,PainAway Canine,painaway_canine-s,E-commerce,National,National,35291,1305797.24,0.88
stackline_ecommerce,2026-02,2026-Q1,Petcare Diagnostics,PetLab Analyzer,petlab_analyzer-l,E-commerce,National,National,44764,671456.76,0.88
stackline_ecommerce,2026-02,2026-Q1,Petcare Diagnostics,PetLab Analyzer,petlab_analyzer-s,E-commerce,National,National,64120,961794.89,0.88
stackline_ecommerce,2026-02,2026-Q1,Petcare Diagnostics,RapidVet Dx,rapidvet_dx-l,E-commerce,National,National,71138,1138196.48,0.88
stackline_ecommerce,2026-02,2026-Q1,Petcare Diagnostics,RapidVet Dx,rapidvet_dx-s,E-commerce,National,National,98789,1580628.88,0.88
stackline_ecommerce,2026-02,2026-Q1,Parasiticides,Simparica Trio,simparica_trio-l,E-commerce,National,National,106023,2968664.03,0.88
stackline_ecommerce,2026-02,2026-Q1,Parasiticides,Simparica Trio,simparica_trio-s,E-commerce,National,National,147623,4133415.93,0.88
stackline_ecommerce,2026-02,2026-Q1,Dermatology,SkinRelief Pro,skinrelief_pro-l,E-commerce,National,National,23287,1141041.79,0.88
stackline_ecommerce,2026-02,2026-Q1,Dermatology,SkinRelief Pro,skinrelief_pro-s,E-commerce,National,National,33054,1619632.78,0.88
stackline_ecommerce,2026-02,2026-Q1,Parasiticides,TickShield Plus,tickshield_plus-l,E-commerce,National,National,70222,1685346.71,0.88
stackline_ecommerce,2026-02,2026-Q1,Parasiticides,TickShield Plus,tickshield_plus-s,E-commerce,National,National,94175,2260187.94,0.88
stackline_ecommerce,2026-02,2026-Q1,Vaccines,Vanguard,vanguard-l,E-commerce,National,National,49725,1093948.69,0.88
stackline_ecommerce,2026-02,2026-Q1,Vaccines,Vanguard,vanguard-s,E-commerce,National,National,66794,1469480.76,0.88
stackline_ecommerce,2026-02,2026-Q1,Parasiticides,VectraGuard,vectraguard-l,E-commerce,National,National,95052,2471377.81,0.88
stackline_ecommerce,2026-02,2026-Q1,Parasiticides,VectraGuard,vectraguard-s,E-commerce,National,National,131985,3431607.18,0.88
stackline_ecommerce,2026-02,2026-Q1,Vaccines,VetGuard Immunize,vetguard_immunize-l,E-commerce,National,National,39578,751990.04,0.88
stackline_ecommerce,2026-02,2026-Q1,Vaccines,VetGuard Immunize,vetguard_immunize-s,E-commerce,National,National,54622,1037795.4,0.88
stackline_ecommerce,2026-02,2026-Q1,Vaccines,VetSelect Core Vax,vetselect_core_vax-l,E-commerce,National,National,39660,555236.15,0.88
stackline_ecommerce,2026-02,2026-Q1,Vaccines,VetSelect Core Vax,vetselect_core_vax-s,E-commerce,National,National,55549,777690.55,0.88
stackline_ecommerce,2026-02,2026-Q1,Dermatology,VetSelect Derma,vetselect_derma-l,E-commerce,National,National,24968,948794.68,0.88
stackline_ecommerce,2026-02,2026-Q1,Dermatology,VetSelect Derma,vetselect_derma-s,E-commerce,National,National,34082,1295097.38,0.88
stackline_ecommerce,2026-02,2026-Q1,Petcare Diagnostics,VetSelect Dx,vetselect_dx-l,E-commerce,National,National,43709,524499.33,0.88
stackline_ecommerce,2026-02,2026-Q1,Petcare Diagnostics,VetSelect Dx,vetselect_dx-s,E-commerce,National,National,59121,709449.83,0.88
stackline_ecommerce,2026-02,2026-Q1,Parasiticides,VetSelect Flea & Tick,vetselect_flea_and_tick-l,E-commerce,National,National,103138,1753357.05,0.88
stackline_ecommerce,2026-02,2026-Q1,Parasiticides,VetSelect Flea & Tick,vetselect_flea_and_tick-s,E-commerce,National,National,147584,2508937.19,0.88
stackline_ecommerce,2026-02,2026-Q1,Pain/Osteoarthritis,VetSelect Joint,vetselect_joint-l,E-commerce,National,National,29558,857154.08,0.88
stackline_ecommerce,2026-02,2026-Q1,Pain/Osteoarthritis,VetSelect Joint,vetselect_joint-s,E-commerce,National,National,40113,1163305.92,0.88
stackline_ecommerce,2026-02,2026-Q1,Petcare Diagnostics,Vetscan,vetscan-l,E-commerce,National,National,72366,1302586.8,0.88
stackline_ecommerce,2026-02,2026-Q1,Petcare Diagnostics,Vetscan,vetscan-s,E-commerce,National,National,98977,1781594.58,0.88
stackline_ecommerce,2026-02,2026-Q1,Dermatology,AllerVet RX,allervet_rx-l,E-commerce,Region,Midwest,6321,341335.51,0.88
stackline_ecommerce,2026-02,2026-Q1,Dermatology,AllerVet RX,allervet_rx-s,E-commerce,Region,Midwest,8549,461667.61,0.88
stackline_ecommerce,2026-02,2026-Q1,Dermatology,Apoquel,apoquel-l,E-commerce,Region,Midwest,8691,564926.11,0.88
stackline_ecommerce,2026-02,2026-Q1,Dermatology,Apoquel,apoquel-s,E-commerce,Region,Midwest,12909,839072.32,0.88
stackline_ecommerce,2026-02,2026-Q1,Vaccines,BioShield Vax,bioshield_vax-l,E-commerce,Region,Midwest,9502,190030.64,0.88
stackline_ecommerce,2026-02,2026-Q1,Vaccines,BioShield Vax,bioshield_vax-s,E-commerce,Region,Midwest,12634,252680.26,0.88
stackline_ecommerce,2026-02,2026-Q1,Dermatology,DermaCalm,dermacalm-l,E-commerce,Region,Midwest,6501,377032.05,0.88
stackline_ecommerce,2026-02,2026-Q1,Dermatology,DermaCalm,dermacalm-s,E-commerce,Region,Midwest,9083,526797.76,0.88
stackline_ecommerce,2026-02,2026-Q1,Petcare Diagnostics,DiagnosTech Vet,diagnostech_vet-l,E-commerce,Region,Midwest,16126,274143.28,0.88
stackline_ecommerce,2026-02,2026-Q1,Petcare Diagnostics,DiagnosTech Vet,diagnostech_vet-s,E-commerce,Region,Midwest,22713,386126.64,0.88
stackline_ecommerce,2026-02,2026-Q1,Parasiticides,FleaStop Pro,fleastop_pro-l,E-commerce,Region,Midwest,13288,279038.81,0.88
stackline_ecommerce,2026-02,2026-Q1,Parasiticides,FleaStop Pro,fleastop_pro-s,E-commerce,Region,Midwest,18049,379025.94,0.88
stackline_ecommerce,2026-02,2026-Q1,Pain/Osteoarthritis,FlexiCare Joint,flexicare_joint-l,E-commerce,Region,Midwest,6516,286684.47,0.88
stackline_ecommerce,2026-02,2026-Q1,Pain/Osteoarthritis,FlexiCare Joint,flexicare_joint-s,E-commerce,Region,Midwest,9255,407204.54,0.88
stackline_ecommerce,2026-02,2026-Q1,Vaccines,ImmunoCore Canine,immunocore_canine-l,E-commerce,Region,Midwest,11193,235061.83,0.88
stackline_ecommerce,2026-02,2026-Q1,Vaccines,ImmunoCore Canine,immunocore_canine-s,E-commerce,Region,Midwest,14977,314507.13,0.88
stackline_ecommerce,2026-02,2026-Q1,Pain/Osteoarthritis,Librela,librela-l,E-commerce,Region,Midwest,6294,302095.26,0.88
stackline_ecommerce,2026-02,2026-Q1,Pain/Osteoarthritis,Librela,librela-s,E-commerce,Region,Midwest,8142,390801.59,0.88
stackline_ecommerce,2026-02,2026-Q1,Pain/Osteoarthritis,OsteoEase Vet,osteoease_vet-l,E-commerce,Region,Midwest,5766,236403.52,0.88
stackline_ecommerce,2026-02,2026-Q1,Pain/Osteoarthritis,OsteoEase Vet,osteoease_vet-s,E-commerce,Region,Midwest,8676,355721.37,0.88
stackline_ecommerce,2026-02,2026-Q1,Pain/Osteoarthritis,PainAway Canine,painaway_canine-l,E-commerce,Region,Midwest,5234,193671.54,0.88
stackline_ecommerce,2026-02,2026-Q1,Pain/Osteoarthritis,PainAway Canine,painaway_canine-s,E-commerce,Region,Midwest,7495,277315.89,0.88
stackline_ecommerce,2026-02,2026-Q1,Petcare Diagnostics,PetLab Analyzer,petlab_analyzer-l,E-commerce,Region,Midwest,8777,131655.72,0.88
stackline_ecommerce,2026-02,2026-Q1,Petcare Diagnostics,PetLab Analyzer,petlab_analyzer-s,E-commerce,Region,Midwest,12746,191185.27,0.88
stackline_ecommerce,2026-02,2026-Q1,Petcare Diagnostics,RapidVet Dx,rapidvet_dx-l,E-commerce,Region,Midwest,14708,235321.29,0.88
stackline_ecommerce,2026-02,2026-Q1,Petcare Diagnostics,RapidVet Dx,rapidvet_dx-s,E-commerce,Region,Midwest,20407,326519.07,0.88
stackline_ecommerce,2026-02,2026-Q1,Parasiticides,Simparica Trio,simparica_trio-l,E-commerce,Region,Midwest,22636,633811.79,0.88
stackline_ecommerce,2026-02,2026-Q1,Parasiticides,Simparica Trio,simparica_trio-s,E-commerce,Region,Midwest,31069,869925.3,0.88
stackline_ecommerce,2026-02,2026-Q1,Dermatology,SkinRelief Pro,skinrelief_pro-l,E-commerce,Region,Midwest,4830,236664.42,0.88
stackline_ecommerce,2026-02,2026-Q1,Dermatology,SkinRelief Pro,skinrelief_pro-s,E-commerce,Region,Midwest,6784,332406.91,0.88
stackline_ecommerce,2026-02,2026-Q1,Parasiticides,TickShield Plus,tickshield_plus-l,E-commerce,Region,Midwest,14884,357222.15,0.88
stackline_ecommerce,2026-02,2026-Q1,Parasiticides,TickShield Plus,tickshield_plus-s,E-commerce,Region,Midwest,20023,480555.52,0.88
stackline_ecommerce,2026-02,2026-Q1,Vaccines,Vanguard,vanguard-l,E-commerce,Region,Midwest,10407,228960.51,0.88
stackline_ecommerce,2026-02,2026-Q1,Vaccines,Vanguard,vanguard-s,E-commerce,Region,Midwest,13981,307587.95,0.88
stackline_ecommerce,2026-02,2026-Q1,Parasiticides,VectraGuard,vectraguard-l,E-commerce,Region,Midwest,20496,532908.52,0.88
stackline_ecommerce,2026-02,2026-Q1,Parasiticides,VectraGuard,vectraguard-s,E-commerce,Region,Midwest,28662,745216.2,0.88
stackline_ecommerce,2026-02,2026-Q1,Vaccines,VetGuard Immunize,vetguard_immunize-l,E-commerce,Region,Midwest,8380,159229.23,0.88
stackline_ecommerce,2026-02,2026-Q1,Vaccines,VetGuard Immunize,vetguard_immunize-s,E-commerce,Region,Midwest,10665,202626.77,0.88
stackline_ecommerce,2026-02,2026-Q1,Vaccines,VetSelect Core Vax,vetselect_core_vax-l,E-commerce,Region,Midwest,8494,118919.42,0.88
stackline_ecommerce,2026-02,2026-Q1,Vaccines,VetSelect Core Vax,vetselect_core_vax-s,E-commerce,Region,Midwest,11675,163446.64,0.88
stackline_ecommerce,2026-02,2026-Q1,Dermatology,VetSelect Derma,vetselect_derma-l,E-commerce,Region,Midwest,5573,211777.85,0.88
stackline_ecommerce,2026-02,2026-Q1,Dermatology,VetSelect Derma,vetselect_derma-s,E-commerce,Region,Midwest,7292,277087.87,0.88
stackline_ecommerce,2026-02,2026-Q1,Petcare Diagnostics,VetSelect Dx,vetselect_dx-l,E-commerce,Region,Midwest,9140,109678.4,0.88
stackline_ecommerce,2026-02,2026-Q1,Petcare Diagnostics,VetSelect Dx,vetselect_dx-s,E-commerce,Region,Midwest,12256,147071.24,0.88
stackline_ecommerce,2026-02,2026-Q1,Parasiticides,VetSelect Flea & Tick,vetselect_flea_and_tick-l,E-commerce,Region,Midwest,20940,355976.98,0.88
stackline_ecommerce,2026-02,2026-Q1,Parasiticides,VetSelect Flea & Tick,vetselect_flea_and_tick-s,E-commerce,Region,Midwest,30825,524028.13,0.88
stackline_ecommerce,2026-02,2026-Q1,Pain/Osteoarthritis,VetSelect Joint,vetselect_joint-l,E-commerce,Region,Midwest,6669,193389.46,0.88
stackline_ecommerce,2026-02,2026-Q1,Pain/Osteoarthritis,VetSelect Joint,vetselect_joint-s,E-commerce,Region,Midwest,9187,266432.07,0.88
stackline_ecommerce,2026-02,2026-Q1,Petcare Diagnostics,Vetscan,vetscan-l,E-commerce,Region,Midwest,15132,272383.58,0.88
stackline_ecommerce,2026-02,2026-Q1,Petcare Diagnostics,Vetscan,vetscan-s,E-commerce,Region,Midwest,20631,371359.82,0.88
stackline_ecommerce,2026-02,2026-Q1,Dermatology,AllerVet RX,allervet_rx-l,E-commerce,Region,Northeast,5914,319369.91,0.88
stackline_ecommerce,2026-02,2026-Q1,Dermatology,AllerVet RX,allervet_rx-s,E-commerce,Region,Northeast,8775,473874.98,0.88
stackline_ecommerce,2026-02,2026-Q1,Dermatology,Apoquel,apoquel-l,E-commerce,Region,Northeast,8913,579359.46,0.88
stackline_ecommerce,2026-02,2026-Q1,Dermatology,Apoquel,apoquel-s,E-commerce,Region,Northeast,12592,818489.64,0.88
stackline_ecommerce,2026-02,2026-Q1,Vaccines,BioShield Vax,bioshield_vax-l,E-commerce,Region,Northeast,9658,193167.81,0.88
stackline_ecommerce,2026-02,2026-Q1,Vaccines,BioShield Vax,bioshield_vax-s,E-commerce,Region,Northeast,12855,257100.27,0.88
stackline_ecommerce,2026-02,2026-Q1,Dermatology,DermaCalm,dermacalm-l,E-commerce,Region,Northeast,6727,390165.83,0.88
stackline_ecommerce,2026-02,2026-Q1,Dermatology,DermaCalm,dermacalm-s,E-commerce,Region,Northeast,9276,538010.83,0.88
stackline_ecommerce,2026-02,2026-Q1,Petcare Diagnostics,DiagnosTech Vet,diagnostech_vet-l,E-commerce,Region,Northeast,16730,284403.83,0.88
stackline_ecommerce,2026-02,2026-Q1,Petcare Diagnostics,DiagnosTech Vet,diagnostech_vet-s,E-commerce,Region,Northeast,22548,383315.13,0.88
stackline_ecommerce,2026-02,2026-Q1,Parasiticides,FleaStop Pro,fleastop_pro-l,E-commerce,Region,Northeast,13675,287182.13,0.88
stackline_ecommerce,2026-02,2026-Q1,Parasiticides,FleaStop Pro,fleastop_pro-s,E-commerce,Region,Northeast,19149,402132.6,0.88
stackline_ecommerce,2026-02,2026-Q1,Pain/Osteoarthritis,FlexiCare Joint,flexicare_joint-l,E-commerce,Region,Northeast,6468,284578.17,0.88
stackline_ecommerce,2026-02,2026-Q1,Pain/Osteoarthritis,FlexiCare Joint,flexicare_joint-s,E-commerce,Region,Northeast,8706,383068.55,0.88
stackline_ecommerce,2026-02,2026-Q1,Vaccines,ImmunoCore Canine,immunocore_canine-l,E-commerce,Region,Northeast,11662,244905.65,0.88
stackline_ecommerce,2026-02,2026-Q1,Vaccines,ImmunoCore Canine,immunocore_canine-s,E-commerce,Region,Northeast,14944,313826.34,0.88
stackline_ecommerce,2026-02,2026-Q1,Pain/Osteoarthritis,Librela,librela-l,E-commerce,Region,Northeast,6223,298690.59,0.88
stackline_ecommerce,2026-02,2026-Q1,Pain/Osteoarthritis,Librela,librela-s,E-commerce,Region,Northeast,8679,416612.58,0.88
stackline_ecommerce,2026-02,2026-Q1,Pain/Osteoarthritis,OsteoEase Vet,osteoease_vet-l,E-commerce,Region,Northeast,5679,232838.45,0.88
stackline_ecommerce,2026-02,2026-Q1,Pain/Osteoarthritis,OsteoEase Vet,osteoease_vet-s,E-commerce,Region,Northeast,8075,331069.86,0.88
stackline_ecommerce,2026-02,2026-Q1,Pain/Osteoarthritis,PainAway Canine,painaway_canine-l,E-commerce,Region,Northeast,5530,204592.57,0.88
stackline_ecommerce,2026-02,2026-Q1,Pain/Osteoarthritis,PainAway Canine,painaway_canine-s,E-commerce,Region,Northeast,8015,296563.75,0.88
stackline_ecommerce,2026-02,2026-Q1,Petcare Diagnostics,PetLab Analyzer,petlab_analyzer-l,E-commerce,Region,Northeast,9983,149740.33,0.88
stackline_ecommerce,2026-02,2026-Q1,Petcare Diagnostics,PetLab Analyzer,petlab_analyzer-s,E-commerce,Region,Northeast,15766,236495.92,0.88
stackline_ecommerce,2026-02,2026-Q1,Petcare Diagnostics,RapidVet Dx,rapidvet_dx-l,E-commerce,Region,Northeast,16581,265292.94,0.88
stackline_ecommerce,2026-02,2026-Q1,Petcare Diagnostics,RapidVet Dx,rapidvet_dx-s,E-commerce,Region,Northeast,23105,369685.16,0.88
stackline_ecommerce,2026-02,2026-Q1,Parasiticides,Simparica Trio,simparica_trio-l,E-commerce,Region,Northeast,22189,621299.02,0.88
stackline_ecommerce,2026-02,2026-Q1,Parasiticides,Simparica Trio,simparica_trio-s,E-commerce,Region,Northeast,30589,856482.6,0.88
stackline_ecommerce,2026-02,2026-Q1,Dermatology,SkinRelief Pro,skinrelief_pro-l,E-commerce,Region,Northeast,5004,245177.4,0.88
stackline_ecommerce,2026-02,2026-Q1,Dermatology,SkinRelief Pro,skinrelief_pro-s,E-commerce,Region,Northeast,7279,356657.78,0.88
stackline_ecommerce,2026-02,2026-Q1,Parasiticides,TickShield Plus,tickshield_plus-l,E-commerce,Region,Northeast,15652,375647.87,0.88
stackline_ecommerce,2026-02,2026-Q1,Parasiticides,TickShield Plus,tickshield_plus-s,E-commerce,Region,Northeast,20677,496251.38,0.88
stackline_ecommerce,2026-02,2026-Q1,Vaccines,Vanguard,vanguard-l,E-commerce,Region,Northeast,10389,228551.73,0.88
stackline_ecommerce,2026-02,2026-Q1,Vaccines,Vanguard,vanguard-s,E-commerce,Region,Northeast,13804,303690.44,0.88
stackline_ecommerce,2026-02,2026-Q1,Parasiticides,VectraGuard,vectraguard-l,E-commerce,Region,Northeast,20754,539614.22,0.88
stackline_ecommerce,2026-02,2026-Q1,Parasiticides,VectraGuard,vectraguard-s,E-commerce,Region,Northeast,27628,718325.55,0.88
stackline_ecommerce,2026-02,2026-Q1,Vaccines,VetGuard Immunize,vetguard_immunize-l,E-commerce,Region,Northeast,8789,166989.92,0.88
stackline_ecommerce,2026-02,2026-Q1,Vaccines,VetGuard Immunize,vetguard_immunize-s,E-commerce,Region,Northeast,12751,242266.18,0.88
stackline_ecommerce,2026-02,2026-Q1,Vaccines,VetSelect Core Vax,vetselect_core_vax-l,E-commerce,Region,Northeast,8907,124698.6,0.88
stackline_ecommerce,2026-02,2026-Q1,Vaccines,VetSelect Core Vax,vetselect_core_vax-s,E-commerce,Region,Northeast,11860,166041.66,0.88
stackline_ecommerce,2026-02,2026-Q1,Dermatology,VetSelect Derma,vetselect_derma-l,E-commerce,Region,Northeast,5601,212831.01,0.88
stackline_ecommerce,2026-02,2026-Q1,Dermatology,VetSelect Derma,vetselect_derma-s,E-commerce,Region,Northeast,7232,274801.75,0.88
stackline_ecommerce,2026-02,2026-Q1,Petcare Diagnostics,VetSelect Dx,vetselect_dx-l,E-commerce,Region,Northeast,9891,118687.59,0.88
stackline_ecommerce,2026-02,2026-Q1,Petcare Diagnostics,VetSelect Dx,vetselect_dx-s,E-commerce,Region,Northeast,13658,163899.0,0.88
stackline_ecommerce,2026-02,2026-Q1,Parasiticides,VetSelect Flea & Tick,vetselect_flea_and_tick-l,E-commerce,Region,Northeast,23378,397429.32,0.88
stackline_ecommerce,2026-02,2026-Q1,Parasiticides,VetSelect Flea & Tick,vetselect_flea_and_tick-s,E-commerce,Region,Northeast,33187,564178.3,0.88
stackline_ecommerce,2026-02,2026-Q1,Pain/Osteoarthritis,VetSelect Joint,vetselect_joint-l,E-commerce,Region,Northeast,6572,190576.97,0.88
stackline_ecommerce,2026-02,2026-Q1,Pain/Osteoarthritis,VetSelect Joint,vetselect_joint-s,E-commerce,Region,Northeast,9205,266946.66,0.88
stackline_ecommerce,2026-02,2026-Q1,Petcare Diagnostics,Vetscan,vetscan-l,E-commerce,Region,Northeast,15360,276475.87,0.88
stackline_ecommerce,2026-02,2026-Q1,Petcare Diagnostics,Vetscan,vetscan-s,E-commerce,Region,Northeast,20949,377080.27,0.88
stackline_ecommerce,2026-02,2026-Q1,Dermatology,AllerVet RX,allervet_rx-l,E-commerce,Region,South,9805,529461.8,0.88
stackline_ecommerce,2026-02,2026-Q1,Dermatology,AllerVet RX,allervet_rx-s,E-commerce,Region,South,13119,708412.84,0.88
stackline_ecommerce,2026-02,2026-Q1,Dermatology,Apoquel,apoquel-l,E-commerce,Region,South,13845,899924.09,0.88
stackline_ecommerce,2026-02,2026-Q1,Dermatology,Apoquel,apoquel-s,E-commerce,Region,South,19644,1276844.05,0.88
stackline_ecommerce,2026-02,2026-Q1,Vaccines,BioShield Vax,bioshield_vax-l,E-commerce,Region,South,14826,296510.81,0.88
stackline_ecommerce,2026-02,2026-Q1,Vaccines,BioShield Vax,bioshield_vax-s,E-commerce,Region,South,18977,379547.49,0.88
stackline_ecommerce,2026-02,2026-Q1,Dermatology,DermaCalm,dermacalm-l,E-commerce,Region,South,10044,582546.5,0.88
stackline_ecommerce,2026-02,2026-Q1,Dermatology,DermaCalm,dermacalm-s,E-commerce,Region,South,14540,843348.05,0.88
stackline_ecommerce,2026-02,2026-Q1,Petcare Diagnostics,DiagnosTech Vet,diagnostech_vet-l,E-commerce,Region,South,26441,449493.82,0.88
stackline_ecommerce,2026-02,2026-Q1,Petcare Diagnostics,DiagnosTech Vet,diagnostech_vet-s,E-commerce,Region,South,36378,618424.46,0.88
stackline_ecommerce,2026-02,2026-Q1,Parasiticides,FleaStop Pro,fleastop_pro-l,E-commerce,Region,South,21097,443040.91,0.88
stackline_ecommerce,2026-02,2026-Q1,Parasiticides,FleaStop Pro,fleastop_pro-s,E-commerce,Region,South,29586,621298.96,0.88
stackline_ecommerce,2026-02,2026-Q1,Pain/Osteoarthritis,FlexiCare Joint,flexicare_joint-l,E-commerce,Region,South,10843,477096.81,0.88
stackline_ecommerce,2026-02,2026-Q1,Pain/Osteoarthritis,FlexiCare Joint,flexicare_joint-s,E-commerce,Region,South,14124,621434.92,0.88
stackline_ecommerce,2026-02,2026-Q1,Vaccines,ImmunoCore Canine,immunocore_canine-l,E-commerce,Region,South,18883,396536.08,0.88
stackline_ecommerce,2026-02,2026-Q1,Vaccines,ImmunoCore Canine,immunocore_canine-s,E-commerce,Region,South,25614,537884.43,0.88
stackline_ecommerce,2026-02,2026-Q1,Pain/Osteoarthritis,Librela,librela-l,E-commerce,Region,South,9518,456856.93,0.88
stackline_ecommerce,2026-02,2026-Q1,Pain/Osteoarthritis,Librela,librela-s,E-commerce,Region,South,13035,625691.92,0.88
stackline_ecommerce,2026-02,2026-Q1,Pain/Osteoarthritis,OsteoEase Vet,osteoease_vet-l,E-commerce,Region,South,10127,415195.4,0.88
stackline_ecommerce,2026-02,2026-Q1,Pain/Osteoarthritis,OsteoEase Vet,osteoease_vet-s,E-commerce,Region,South,13275,544262.75,0.88
stackline_ecommerce,2026-02,2026-Q1,Pain/Osteoarthritis,PainAway Canine,painaway_canine-l,E-commerce,Region,South,8570,317078.39,0.88
stackline_ecommerce,2026-02,2026-Q1,Pain/Osteoarthritis,PainAway Canine,painaway_canine-s,E-commerce,Region,South,11998,443928.59,0.88
stackline_ecommerce,2026-02,2026-Q1,Petcare Diagnostics,PetLab Analyzer,petlab_analyzer-l,E-commerce,Region,South,14913,223693.09,0.88
stackline_ecommerce,2026-02,2026-Q1,Petcare Diagnostics,PetLab Analyzer,petlab_analyzer-s,E-commerce,Region,South,20459,306881.38,0.88
stackline_ecommerce,2026-02,2026-Q1,Petcare Diagnostics,RapidVet Dx,rapidvet_dx-l,E-commerce,Region,South,24740,395845.16,0.88
stackline_ecommerce,2026-02,2026-Q1,Petcare Diagnostics,RapidVet Dx,rapidvet_dx-s,E-commerce,Region,South,33098,529567.72,0.88
stackline_ecommerce,2026-02,2026-Q1,Parasiticides,Simparica Trio,simparica_trio-l,E-commerce,Region,South,36031,1008872.23,0.88
stackline_ecommerce,2026-02,2026-Q1,Parasiticides,Simparica Trio,simparica_trio-s,E-commerce,Region,South,49325,1381096.37,0.88
stackline_ecommerce,2026-02,2026-Q1,Dermatology,SkinRelief Pro,skinrelief_pro-l,E-commerce,Region,South,8238,403671.81,0.88
stackline_ecommerce,2026-02,2026-Q1,Dermatology,SkinRelief Pro,skinrelief_pro-s,E-commerce,Region,South,11458,561456.86,0.88
stackline_ecommerce,2026-02,2026-Q1,Parasiticides,TickShield Plus,tickshield_plus-l,E-commerce,Region,South,23582,565977.41,0.88
stackline_ecommerce,2026-02,2026-Q1,Parasiticides,TickShield Plus,tickshield_plus-s,E-commerce,Region,South,32030,768710.23,0.88
stackline_ecommerce,2026-02,2026-Q1,Vaccines,Vanguard,vanguard-l,E-commerce,Region,South,17170,377739.67,0.88
stackline_ecommerce,2026-02,2026-Q1,Vaccines,Vanguard,vanguard-s,E-commerce,Region,South,23156,509439.48,0.88
stackline_ecommerce,2026-02,2026-Q1,Parasiticides,VectraGuard,vectraguard-l,E-commerce,Region,South,32606,847758.7,0.88
stackline_ecommerce,2026-02,2026-Q1,Parasiticides,VectraGuard,vectraguard-s,E-commerce,Region,South,46429,1207144.98,0.88
stackline_ecommerce,2026-02,2026-Q1,Vaccines,VetGuard Immunize,vetguard_immunize-l,E-commerce,Region,South,12921,245506.49,0.88
stackline_ecommerce,2026-02,2026-Q1,Vaccines,VetGuard Immunize,vetguard_immunize-s,E-commerce,Region,South,18727,355808.72,0.88
stackline_ecommerce,2026-02,2026-Q1,Vaccines,VetSelect Core Vax,vetselect_core_vax-l,E-commerce,Region,South,12716,178017.99,0.88
stackline_ecommerce,2026-02,2026-Q1,Vaccines,VetSelect Core Vax,vetselect_core_vax-s,E-commerce,Region,South,20072,281008.22,0.88
stackline_ecommerce,2026-02,2026-Q1,Dermatology,VetSelect Derma,vetselect_derma-l,E-commerce,Region,South,8207,311869.49,0.88
stackline_ecommerce,2026-02,2026-Q1,Dermatology,VetSelect Derma,vetselect_derma-s,E-commerce,Region,South,11987,455491.06,0.88
stackline_ecommerce,2026-02,2026-Q1,Petcare Diagnostics,VetSelect Dx,vetselect_dx-l,E-commerce,Region,South,14768,177213.91,0.88
stackline_ecommerce,2026-02,2026-Q1,Petcare Diagnostics,VetSelect Dx,vetselect_dx-s,E-commerce,Region,South,19900,238797.17,0.88
stackline_ecommerce,2026-02,2026-Q1,Parasiticides,VetSelect Flea & Tick,vetselect_flea_and_tick-l,E-commerce,Region,South,34216,581677.42,0.88
stackline_ecommerce,2026-02,2026-Q1,Parasiticides,VetSelect Flea & Tick,vetselect_flea_and_tick-s,E-commerce,Region,South,47087,800482.02,0.88
stackline_ecommerce,2026-02,2026-Q1,Pain/Osteoarthritis,VetSelect Joint,vetselect_joint-l,E-commerce,Region,South,9540,276660.23,0.88
stackline_ecommerce,2026-02,2026-Q1,Pain/Osteoarthritis,VetSelect Joint,vetselect_joint-s,E-commerce,Region,South,12820,371792.07,0.88
stackline_ecommerce,2026-02,2026-Q1,Petcare Diagnostics,Vetscan,vetscan-l,E-commerce,Region,South,25115,452061.17,0.88
stackline_ecommerce,2026-02,2026-Q1,Petcare Diagnostics,Vetscan,vetscan-s,E-commerce,Region,South,33999,611987.46,0.88
stackline_ecommerce,2026-02,2026-Q1,Dermatology,AllerVet RX,allervet_rx-l,E-commerce,Region,West,5957,321669.86,0.88
stackline_ecommerce,2026-02,2026-Q1,Dermatology,AllerVet RX,allervet_rx-s,E-commerce,Region,West,8664,467846.9,0.88
stackline_ecommerce,2026-02,2026-Q1,Dermatology,Apoquel,apoquel-l,E-commerce,Region,West,9362,608521.25,0.88
stackline_ecommerce,2026-02,2026-Q1,Dermatology,Apoquel,apoquel-s,E-commerce,Region,West,13015,845965.4,0.88
stackline_ecommerce,2026-02,2026-Q1,Vaccines,BioShield Vax,bioshield_vax-l,E-commerce,Region,West,9985,199704.47,0.88
stackline_ecommerce,2026-02,2026-Q1,Vaccines,BioShield Vax,bioshield_vax-s,E-commerce,Region,West,14409,288186.3,0.88
stackline_ecommerce,2026-02,2026-Q1,Dermatology,DermaCalm,dermacalm-l,E-commerce,Region,West,7044,408531.56,0.88
stackline_ecommerce,2026-02,2026-Q1,Dermatology,DermaCalm,dermacalm-s,E-commerce,Region,West,9793,568005.47,0.88
stackline_ecommerce,2026-02,2026-Q1,Petcare Diagnostics,DiagnosTech Vet,diagnostech_vet-l,E-commerce,Region,West,17397,295756.15,0.88
stackline_ecommerce,2026-02,2026-Q1,Petcare Diagnostics,DiagnosTech Vet,diagnostech_vet-s,E-commerce,Region,West,24293,412989.46,0.88
stackline_ecommerce,2026-02,2026-Q1,Parasiticides,FleaStop Pro,fleastop_pro-l,E-commerce,Region,West,14482,304113.46,0.88
stackline_ecommerce,2026-02,2026-Q1,Parasiticides,FleaStop Pro,fleastop_pro-s,E-commerce,Region,West,21184,444873.77,0.88
stackline_ecommerce,2026-02,2026-Q1,Pain/Osteoarthritis,FlexiCare Joint,flexicare_joint-l,E-commerce,Region,West,6623,291430.33,0.88
stackline_ecommerce,2026-02,2026-Q1,Pain/Osteoarthritis,FlexiCare Joint,flexicare_joint-s,E-commerce,Region,West,8868,390186.16,0.88
stackline_ecommerce,2026-02,2026-Q1,Vaccines,ImmunoCore Canine,immunocore_canine-l,E-commerce,Region,West,12364,259645.8,0.88
stackline_ecommerce,2026-02,2026-Q1,Vaccines,ImmunoCore Canine,immunocore_canine-s,E-commerce,Region,West,16631,349242.63,0.88
stackline_ecommerce,2026-02,2026-Q1,Pain/Osteoarthritis,Librela,librela-l,E-commerce,Region,West,6532,313518.69,0.88
stackline_ecommerce,2026-02,2026-Q1,Pain/Osteoarthritis,Librela,librela-s,E-commerce,Region,West,9057,434724.06,0.88
stackline_ecommerce,2026-02,2026-Q1,Pain/Osteoarthritis,OsteoEase Vet,osteoease_vet-l,E-commerce,Region,West,6368,261098.81,0.88
stackline_ecommerce,2026-02,2026-Q1,Pain/Osteoarthritis,OsteoEase Vet,osteoease_vet-s,E-commerce,Region,West,9097,372985.67,0.88
stackline_ecommerce,2026-02,2026-Q1,Pain/Osteoarthritis,PainAway Canine,painaway_canine-l,E-commerce,Region,West,5722,211721.71,0.88
stackline_ecommerce,2026-02,2026-Q1,Pain/Osteoarthritis,PainAway Canine,painaway_canine-s,E-commerce,Region,West,7783,287989.01,0.88
stackline_ecommerce,2026-02,2026-Q1,Petcare Diagnostics,PetLab Analyzer,petlab_analyzer-l,E-commerce,Region,West,11091,166367.62,0.88
stackline_ecommerce,2026-02,2026-Q1,Petcare Diagnostics,PetLab Analyzer,petlab_analyzer-s,E-commerce,Region,West,15149,227232.32,0.88
stackline_ecommerce,2026-02,2026-Q1,Petcare Diagnostics,RapidVet Dx,rapidvet_dx-l,E-commerce,Region,West,15109,241737.09,0.88
stackline_ecommerce,2026-02,2026-Q1,Petcare Diagnostics,RapidVet Dx,rapidvet_dx-s,E-commerce,Region,West,22179,354856.93,0.88
stackline_ecommerce,2026-02,2026-Q1,Parasiticides,Simparica Trio,simparica_trio-l,E-commerce,Region,West,25167,704680.99,0.88
stackline_ecommerce,2026-02,2026-Q1,Parasiticides,Simparica Trio,simparica_trio-s,E-commerce,Region,West,36640,1025911.66,0.88
stackline_ecommerce,2026-02,2026-Q1,Dermatology,SkinRelief Pro,skinrelief_pro-l,E-commerce,Region,West,5215,255528.16,0.88
stackline_ecommerce,2026-02,2026-Q1,Dermatology,SkinRelief Pro,skinrelief_pro-s,E-commerce,Region,West,7533,369111.23,0.88
stackline_ecommerce,2026-02,2026-Q1,Parasiticides,TickShield Plus,tickshield_plus-l,E-commerce,Region,West,16104,386499.28,0.88
stackline_ecommerce,2026-02,2026-Q1,Parasiticides,TickShield Plus,tickshield_plus-s,E-commerce,Region,West,21445,514670.81,0.88
stackline_ecommerce,2026-02,2026-Q1,Vaccines,Vanguard,vanguard-l,E-commerce,Region,West,11759,258696.78,0.88
stackline_ecommerce,2026-02,2026-Q1,Vaccines,Vanguard,vanguard-s,E-commerce,Region,West,15853,348762.89,0.88
stackline_ecommerce,2026-02,2026-Q1,Parasiticides,VectraGuard,vectraguard-l,E-commerce,Region,West,21196,551096.37,0.88
stackline_ecommerce,2026-02,2026-Q1,Parasiticides,VectraGuard,vectraguard-s,E-commerce,Region,West,29266,760920.45,0.88
stackline_ecommerce,2026-02,2026-Q1,Vaccines,VetGuard Immunize,vetguard_immunize-l,E-commerce,Region,West,9488,180264.4,0.88
stackline_ecommerce,2026-02,2026-Q1,Vaccines,VetGuard Immunize,vetguard_immunize-s,E-commerce,Region,West,12479,237093.73,0.88
stackline_ecommerce,2026-02,2026-Q1,Vaccines,VetSelect Core Vax,vetselect_core_vax-l,E-commerce,Region,West,9543,133600.14,0.88
stackline_ecommerce,2026-02,2026-Q1,Vaccines,VetSelect Core Vax,vetselect_core_vax-s,E-commerce,Region,West,11942,167194.03,0.88
stackline_ecommerce,2026-02,2026-Q1,Dermatology,VetSelect Derma,vetselect_derma-l,E-commerce,Region,West,5587,212316.33,0.88
stackline_ecommerce,2026-02,2026-Q1,Dermatology,VetSelect Derma,vetselect_derma-s,E-commerce,Region,West,7571,287716.7,0.88
stackline_ecommerce,2026-02,2026-Q1,Petcare Diagnostics,VetSelect Dx,vetselect_dx-l,E-commerce,Region,West,9910,118919.43,0.88
stackline_ecommerce,2026-02,2026-Q1,Petcare Diagnostics,VetSelect Dx,vetselect_dx-s,E-commerce,Region,West,13307,159682.42,0.88
stackline_ecommerce,2026-02,2026-Q1,Parasiticides,VetSelect Flea & Tick,vetselect_flea_and_tick-l,E-commerce,Region,West,24604,418273.33,0.88
stackline_ecommerce,2026-02,2026-Q1,Parasiticides,VetSelect Flea & Tick,vetselect_flea_and_tick-s,E-commerce,Region,West,36485,620248.74,0.88
stackline_ecommerce,2026-02,2026-Q1,Pain/Osteoarthritis,VetSelect Joint,vetselect_joint-l,E-commerce,Region,West,6777,196527.42,0.88
stackline_ecommerce,2026-02,2026-Q1,Pain/Osteoarthritis,VetSelect Joint,vetselect_joint-s,E-commerce,Region,West,8901,258135.12,0.88
stackline_ecommerce,2026-02,2026-Q1,Petcare Diagnostics,Vetscan,vetscan-l,E-commerce,Region,West,16759,301666.18,0.88
stackline_ecommerce,2026-02,2026-Q1,Petcare Diagnostics,Vetscan,vetscan-s,E-commerce,Region,West,23398,421167.03,0.88
stackline_ecommerce,2026-03,2026-Q1,Dermatology,AllerVet RX,allervet_rx-l,E-commerce,National,National,31050,1676754.68,0.88
stackline_ecommerce,2026-03,2026-Q1,Dermatology,AllerVet RX,allervet_rx-s,E-commerce,National,National,44105,2381623.09,0.88
stackline_ecommerce,2026-03,2026-Q1,Dermatology,Apoquel,apoquel-l,E-commerce,National,National,43873,2851752.2,0.88
stackline_ecommerce,2026-03,2026-Q1,Dermatology,Apoquel,apoquel-s,E-commerce,National,National,63096,4101249.37,0.88
stackline_ecommerce,2026-03,2026-Q1,Vaccines,BioShield Vax,bioshield_vax-l,E-commerce,National,National,48712,974238.76,0.88
stackline_ecommerce,2026-03,2026-Q1,Vaccines,BioShield Vax,bioshield_vax-s,E-commerce,National,National,68148,1362973.18,0.88
stackline_ecommerce,2026-03,2026-Q1,Dermatology,DermaCalm,dermacalm-l,E-commerce,National,National,33735,1956594.59,0.88
stackline_ecommerce,2026-03,2026-Q1,Dermatology,DermaCalm,dermacalm-s,E-commerce,National,National,46781,2713249.66,0.88
stackline_ecommerce,2026-03,2026-Q1,Petcare Diagnostics,DiagnosTech Vet,diagnostech_vet-l,E-commerce,National,National,77635,1319807.06,0.88
stackline_ecommerce,2026-03,2026-Q1,Petcare Diagnostics,DiagnosTech Vet,diagnostech_vet-s,E-commerce,National,National,106418,1809114.57,0.88
stackline_ecommerce,2026-03,2026-Q1,Parasiticides,FleaStop Pro,fleastop_pro-l,E-commerce,National,National,82711,1736923.04,0.88
stackline_ecommerce,2026-03,2026-Q1,Parasiticides,FleaStop Pro,fleastop_pro-s,E-commerce,National,National,112384,2360069.66,0.88
stackline_ecommerce,2026-03,2026-Q1,Pain/Osteoarthritis,FlexiCare Joint,flexicare_joint-l,E-commerce,National,National,31203,1372922.58,0.88
stackline_ecommerce,2026-03,2026-Q1,Pain/Osteoarthritis,FlexiCare Joint,flexicare_joint-s,E-commerce,National,National,43655,1920841.38,0.88
stackline_ecommerce,2026-03,2026-Q1,Vaccines,ImmunoCore Canine,immunocore_canine-l,E-commerce,National,National,58533,1229191.94,0.88
stackline_ecommerce,2026-03,2026-Q1,Vaccines,ImmunoCore Canine,immunocore_canine-s,E-commerce,National,National,80261,1685481.6,0.88
stackline_ecommerce,2026-03,2026-Q1,Pain/Osteoarthritis,Librela,librela-l,E-commerce,National,National,28180,1352652.76,0.88
stackline_ecommerce,2026-03,2026-Q1,Pain/Osteoarthritis,Librela,librela-s,E-commerce,National,National,37231,1787105.62,0.88
stackline_ecommerce,2026-03,2026-Q1,Pain/Osteoarthritis,OsteoEase Vet,osteoease_vet-l,E-commerce,National,National,28517,1169212.37,0.88
stackline_ecommerce,2026-03,2026-Q1,Pain/Osteoarthritis,OsteoEase Vet,osteoease_vet-s,E-commerce,National,National,39786,1631264.0,0.88
stackline_ecommerce,2026-03,2026-Q1,Pain/Osteoarthritis,PainAway Canine,painaway_canine-l,E-commerce,National,National,25433,941040.43,0.88
stackline_ecommerce,2026-03,2026-Q1,Pain/Osteoarthritis,PainAway Canine,painaway_canine-s,E-commerce,National,National,35634,1318471.81,0.88
stackline_ecommerce,2026-03,2026-Q1,Petcare Diagnostics,PetLab Analyzer,petlab_analyzer-l,E-commerce,National,National,46683,700233.46,0.88
stackline_ecommerce,2026-03,2026-Q1,Petcare Diagnostics,PetLab Analyzer,petlab_analyzer-s,E-commerce,National,National,64863,972941.47,0.88
stackline_ecommerce,2026-03,2026-Q1,Petcare Diagnostics,RapidVet Dx,rapidvet_dx-l,E-commerce,National,National,75392,1206271.59,0.88
stackline_ecommerce,2026-03,2026-Q1,Petcare Diagnostics,RapidVet Dx,rapidvet_dx-s,E-commerce,National,National,107010,1712180.65,0.88
stackline_ecommerce,2026-03,2026-Q1,Parasiticides,Simparica Trio,simparica_trio-l,E-commerce,National,National,128757,3605202.19,0.88
stackline_ecommerce,2026-03,2026-Q1,Parasiticides,Simparica Trio,simparica_trio-s,E-commerce,National,National,178180,4989013.68,0.88
stackline_ecommerce,2026-03,2026-Q1,Dermatology,SkinRelief Pro,skinrelief_pro-l,E-commerce,National,National,25714,1259955.39,0.88
stackline_ecommerce,2026-03,2026-Q1,Dermatology,SkinRelief Pro,skinrelief_pro-s,E-commerce,National,National,35477,1738351.54,0.88
stackline_ecommerce,2026-03,2026-Q1,Parasiticides,TickShield Plus,tickshield_plus-l,E-commerce,National,National,88415,2121968.3,0.88
stackline_ecommerce,2026-03,2026-Q1,Parasiticides,TickShield Plus,tickshield_plus-s,E-commerce,National,National,120297,2887121.14,0.88
stackline_ecommerce,2026-03,2026-Q1,Vaccines,Vanguard,vanguard-l,E-commerce,National,National,51926,1142357.43,0.88
stackline_ecommerce,2026-03,2026-Q1,Vaccines,Vanguard,vanguard-s,E-commerce,National,National,71274,1568028.5,0.88
stackline_ecommerce,2026-03,2026-Q1,Parasiticides,VectraGuard,vectraguard-l,E-commerce,National,National,107538,2796004.25,0.88
stackline_ecommerce,2026-03,2026-Q1,Parasiticides,VectraGuard,vectraguard-s,E-commerce,National,National,153617,3994056.2,0.88
stackline_ecommerce,2026-03,2026-Q1,Vaccines,VetGuard Immunize,vetguard_immunize-l,E-commerce,National,National,42662,810575.46,0.88
stackline_ecommerce,2026-03,2026-Q1,Vaccines,VetGuard Immunize,vetguard_immunize-s,E-commerce,National,National,58200,1105796.42,0.88
stackline_ecommerce,2026-03,2026-Q1,Vaccines,VetSelect Core Vax,vetselect_core_vax-l,E-commerce,National,National,45956,643382.01,0.88
stackline_ecommerce,2026-03,2026-Q1,Vaccines,VetSelect Core Vax,vetselect_core_vax-s,E-commerce,National,National,64418,901838.02,0.88
stackline_ecommerce,2026-03,2026-Q1,Dermatology,VetSelect Derma,vetselect_derma-l,E-commerce,National,National,28767,1093116.23,0.88
stackline_ecommerce,2026-03,2026-Q1,Dermatology,VetSelect Derma,vetselect_derma-s,E-commerce,National,National,40685,1546047.25,0.88
stackline_ecommerce,2026-03,2026-Q1,Petcare Diagnostics,VetSelect Dx,vetselect_dx-l,E-commerce,National,National,45284,543390.85,0.88
stackline_ecommerce,2026-03,2026-Q1,Petcare Diagnostics,VetSelect Dx,vetselect_dx-s,E-commerce,National,National,61584,739010.28,0.88
stackline_ecommerce,2026-03,2026-Q1,Parasiticides,VetSelect Flea & Tick,vetselect_flea_and_tick-l,E-commerce,National,National,130735,2222486.6,0.88
stackline_ecommerce,2026-03,2026-Q1,Parasiticides,VetSelect Flea & Tick,vetselect_flea_and_tick-s,E-commerce,National,National,175846,2989394.59,0.88
stackline_ecommerce,2026-03,2026-Q1,Pain/Osteoarthritis,VetSelect Joint,vetselect_joint-l,E-commerce,National,National,30890,895779.64,0.88
stackline_ecommerce,2026-03,2026-Q1,Pain/Osteoarthritis,VetSelect Joint,vetselect_joint-s,E-commerce,National,National,42885,1243648.36,0.88
stackline_ecommerce,2026-03,2026-Q1,Petcare Diagnostics,Vetscan,vetscan-l,E-commerce,National,National,76824,1382831.02,0.88
stackline_ecommerce,2026-03,2026-Q1,Petcare Diagnostics,Vetscan,vetscan-s,E-commerce,National,National,112579,2026437.9,0.88
stackline_ecommerce,2026-03,2026-Q1,Dermatology,AllerVet RX,allervet_rx-l,E-commerce,Region,Midwest,6257,337874.75,0.88
stackline_ecommerce,2026-03,2026-Q1,Dermatology,AllerVet RX,allervet_rx-s,E-commerce,Region,Midwest,8810,475734.48,0.88
stackline_ecommerce,2026-03,2026-Q1,Dermatology,Apoquel,apoquel-l,E-commerce,Region,Midwest,9340,607105.12,0.88
stackline_ecommerce,2026-03,2026-Q1,Dermatology,Apoquel,apoquel-s,E-commerce,Region,Midwest,13644,886852.47,0.88
stackline_ecommerce,2026-03,2026-Q1,Vaccines,BioShield Vax,bioshield_vax-l,E-commerce,Region,Midwest,10501,210021.2,0.88
stackline_ecommerce,2026-03,2026-Q1,Vaccines,BioShield Vax,bioshield_vax-s,E-commerce,Region,Midwest,13991,279827.81,0.88
stackline_ecommerce,2026-03,2026-Q1,Dermatology,DermaCalm,dermacalm-l,E-commerce,Region,Midwest,6641,385160.93,0.88
stackline_ecommerce,2026-03,2026-Q1,Dermatology,DermaCalm,dermacalm-s,E-commerce,Region,Midwest,9876,572792.73,0.88
stackline_ecommerce,2026-03,2026-Q1,Petcare Diagnostics,DiagnosTech Vet,diagnostech_vet-l,E-commerce,Region,Midwest,15730,267416.39,0.88
stackline_ecommerce,2026-03,2026-Q1,Petcare Diagnostics,DiagnosTech Vet,diagnostech_vet-s,E-commerce,Region,Midwest,22205,377488.83,0.88
stackline_ecommerce,2026-03,2026-Q1,Parasiticides,FleaStop Pro,fleastop_pro-l,E-commerce,Region,Midwest,18738,393505.75,0.88
stackline_ecommerce,2026-03,2026-Q1,Parasiticides,FleaStop Pro,fleastop_pro-s,E-commerce,Region,Midwest,23595,495500.31,0.88
stackline_ecommerce,2026-03,2026-Q1,Pain/Osteoarthritis,FlexiCare Joint,flexicare_joint-l,E-commerce,Region,Midwest,6630,291713.35,0.88
stackline_ecommerce,2026-03,2026-Q1,Pain/Osteoarthritis,FlexiCare Joint,flexicare_joint-s,E-commerce,Region,Midwest,9470,416685.01,0.88
stackline_ecommerce,2026-03,2026-Q1,Vaccines,ImmunoCore Canine,immunocore_canine-l,E-commerce,Region,Midwest,12494,262379.88,0.88
stackline_ecommerce,2026-03,2026-Q1,Vaccines,ImmunoCore Canine,immunocore_canine-s,E-commerce,Region,Midwest,16518,346877.1,0.88
stackline_ecommerce,2026-03,2026-Q1,Pain/Osteoarthritis,Librela,librela-l,E-commerce,Region,Midwest,5761,276515.96,0.88
stackline_ecommerce,2026-03,2026-Q1,Pain/Osteoarthritis,Librela,librela-s,E-commerce,Region,Midwest,7812,374983.03,0.88
stackline_ecommerce,2026-03,2026-Q1,Pain/Osteoarthritis,OsteoEase Vet,osteoease_vet-l,E-commerce,Region,Midwest,5509,225872.44,0.88
stackline_ecommerce,2026-03,2026-Q1,Pain/Osteoarthritis,OsteoEase Vet,osteoease_vet-s,E-commerce,Region,Midwest,7669,314433.96,0.88
stackline_ecommerce,2026-03,2026-Q1,Pain/Osteoarthritis,PainAway Canine,painaway_canine-l,E-commerce,Region,Midwest,5179,191636.03,0.88
stackline_ecommerce,2026-03,2026-Q1,Pain/Osteoarthritis,PainAway Canine,painaway_canine-s,E-commerce,Region,Midwest,7459,275994.75,0.88
stackline_ecommerce,2026-03,2026-Q1,Petcare Diagnostics,PetLab Analyzer,petlab_analyzer-l,E-commerce,Region,Midwest,10024,150362.18,0.88
stackline_ecommerce,2026-03,2026-Q1,Petcare Diagnostics,PetLab Analyzer,petlab_analyzer-s,E-commerce,Region,Midwest,13149,197235.57,0.88
stackline_ecommerce,2026-03,2026-Q1,Petcare Diagnostics,RapidVet Dx,rapidvet_dx-l,E-commerce,Region,Midwest,15653,250442.64,0.88
stackline_ecommerce,2026-03,2026-Q1,Petcare Diagnostics,RapidVet Dx,rapidvet_dx-s,E-commerce,Region,Midwest,22666,362662.42,0.88
stackline_ecommerce,2026-03,2026-Q1,Parasiticides,Simparica Trio,simparica_trio-l,E-commerce,Region,Midwest,27931,782077.59,0.88
stackline_ecommerce,2026-03,2026-Q1,Parasiticides,Simparica Trio,simparica_trio-s,E-commerce,Region,Midwest,39295,1100268.01,0.88
stackline_ecommerce,2026-03,2026-Q1,Dermatology,SkinRelief Pro,skinrelief_pro-l,E-commerce,Region,Midwest,4887,239442.64,0.88
stackline_ecommerce,2026-03,2026-Q1,Dermatology,SkinRelief Pro,skinrelief_pro-s,E-commerce,Region,Midwest,7271,356285.1,0.88
stackline_ecommerce,2026-03,2026-Q1,Parasiticides,TickShield Plus,tickshield_plus-l,E-commerce,Region,Midwest,16916,405981.34,0.88
stackline_ecommerce,2026-03,2026-Q1,Parasiticides,TickShield Plus,tickshield_plus-s,E-commerce,Region,Midwest,23160,555835.16,0.88
stackline_ecommerce,2026-03,2026-Q1,Vaccines,Vanguard,vanguard-l,E-commerce,Region,Midwest,11628,255820.0,0.88
stackline_ecommerce,2026-03,2026-Q1,Vaccines,Vanguard,vanguard-s,E-commerce,Region,Midwest,14959,329095.8,0.88
stackline_ecommerce,2026-03,2026-Q1,Parasiticides,VectraGuard,vectraguard-l,E-commerce,Region,Midwest,23724,616833.04,0.88
stackline_ecommerce,2026-03,2026-Q1,Parasiticides,VectraGuard,vectraguard-s,E-commerce,Region,Midwest,31623,822199.4,0.88
stackline_ecommerce,2026-03,2026-Q1,Vaccines,VetGuard Immunize,vetguard_immunize-l,E-commerce,Region,Midwest,9106,173008.79,0.88
stackline_ecommerce,2026-03,2026-Q1,Vaccines,VetGuard Immunize,vetguard_immunize-s,E-commerce,Region,Midwest,12632,240007.64,0.88
stackline_ecommerce,2026-03,2026-Q1,Vaccines,VetSelect Core Vax,vetselect_core_vax-l,E-commerce,Region,Midwest,10461,146459.02,0.88
stackline_ecommerce,2026-03,2026-Q1,Vaccines,VetSelect Core Vax,vetselect_core_vax-s,E-commerce,Region,Midwest,13910,194733.36,0.88
stackline_ecommerce,2026-03,2026-Q1,Dermatology,VetSelect Derma,vetselect_derma-l,E-commerce,Region,Midwest,6056,230133.98,0.88
stackline_ecommerce,2026-03,2026-Q1,Dermatology,VetSelect Derma,vetselect_derma-s,E-commerce,Region,Midwest,8486,322476.48,0.88
stackline_ecommerce,2026-03,2026-Q1,Petcare Diagnostics,VetSelect Dx,vetselect_dx-l,E-commerce,Region,Midwest,8988,107850.5,0.88
stackline_ecommerce,2026-03,2026-Q1,Petcare Diagnostics,VetSelect Dx,vetselect_dx-s,E-commerce,Region,Midwest,11152,133825.52,0.88
stackline_ecommerce,2026-03,2026-Q1,Parasiticides,VetSelect Flea & Tick,vetselect_flea_and_tick-l,E-commerce,Region,Midwest,25307,430210.53,0.88
stackline_ecommerce,2026-03,2026-Q1,Parasiticides,VetSelect Flea & Tick,vetselect_flea_and_tick-s,E-commerce,Region,Midwest,36016,612280.44,0.88
stackline_ecommerce,2026-03,2026-Q1,Pain/Osteoarthritis,VetSelect Joint,vetselect_joint-l,E-commerce,Region,Midwest,6249,181231.7,0.88
stackline_ecommerce,2026-03,2026-Q1,Pain/Osteoarthritis,VetSelect Joint,vetselect_joint-s,E-commerce,Region,Midwest,9273,268920.52,0.88
stackline_ecommerce,2026-03,2026-Q1,Petcare Diagnostics,Vetscan,vetscan-l,E-commerce,Region,Midwest,15970,287464.36,0.88
stackline_ecommerce,2026-03,2026-Q1,Petcare Diagnostics,Vetscan,vetscan-s,E-commerce,Region,Midwest,24052,432938.04,0.88
stackline_ecommerce,2026-03,2026-Q1,Dermatology,AllerVet RX,allervet_rx-l,E-commerce,Region,Northeast,6682,360848.38,0.88
stackline_ecommerce,2026-03,2026-Q1,Dermatology,AllerVet RX,allervet_rx-s,E-commerce,Region,Northeast,9666,521940.97,0.88
stackline_ecommerce,2026-03,2026-Q1,Dermatology,Apoquel,apoquel-l,E-commerce,Region,Northeast,9312,605279.54,0.88
stackline_ecommerce,2026-03,2026-Q1,Dermatology,Apoquel,apoquel-s,E-commerce,Region,Northeast,14363,933611.56,0.88
stackline_ecommerce,2026-03,2026-Q1,Vaccines,BioShield Vax,bioshield_vax-l,E-commerce,Region,Northeast,11224,224477.54,0.88
stackline_ecommerce,2026-03,2026-Q1,Vaccines,BioShield Vax,bioshield_vax-s,E-commerce,Region,Northeast,17036,340728.8,0.88
stackline_ecommerce,2026-03,2026-Q1,Dermatology,DermaCalm,dermacalm-l,E-commerce,Region,Northeast,7725,448043.14,0.88
stackline_ecommerce,2026-03,2026-Q1,Dermatology,DermaCalm,dermacalm-s,E-commerce,Region,Northeast,10702,620720.13,0.88
stackline_ecommerce,2026-03,2026-Q1,Petcare Diagnostics,DiagnosTech Vet,diagnostech_vet-l,E-commerce,Region,Northeast,17471,297009.48,0.88
stackline_ecommerce,2026-03,2026-Q1,Petcare Diagnostics,DiagnosTech Vet,diagnostech_vet-s,E-commerce,Region,Northeast,24012,408201.85,0.88
stackline_ecommerce,2026-03,2026-Q1,Parasiticides,FleaStop Pro,fleastop_pro-l,E-commerce,Region,Northeast,18802,394834.62,0.88
stackline_ecommerce,2026-03,2026-Q1,Parasiticides,FleaStop Pro,fleastop_pro-s,E-commerce,Region,Northeast,24759,519940.79,0.88
stackline_ecommerce,2026-03,2026-Q1,Pain/Osteoarthritis,FlexiCare Joint,flexicare_joint-l,E-commerce,Region,Northeast,6885,302927.8,0.88
stackline_ecommerce,2026-03,2026-Q1,Pain/Osteoarthritis,FlexiCare Joint,flexicare_joint-s,E-commerce,Region,Northeast,9631,423745.96,0.88
stackline_ecommerce,2026-03,2026-Q1,Vaccines,ImmunoCore Canine,immunocore_canine-l,E-commerce,Region,Northeast,12412,260641.65,0.88
stackline_ecommerce,2026-03,2026-Q1,Vaccines,ImmunoCore Canine,immunocore_canine-s,E-commerce,Region,Northeast,17011,357235.73,0.88
stackline_ecommerce,2026-03,2026-Q1,Pain/Osteoarthritis,Librela,librela-l,E-commerce,Region,Northeast,6317,303218.63,0.88
stackline_ecommerce,2026-03,2026-Q1,Pain/Osteoarthritis,Librela,librela-s,E-commerce,Region,Northeast,8311,398936.13,0.88
stackline_ecommerce,2026-03,2026-Q1,Pain/Osteoarthritis,OsteoEase Vet,osteoease_vet-l,E-commerce,Region,Northeast,6260,256663.34,0.88
stackline_ecommerce,2026-03,2026-Q1,Pain/Osteoarthritis,OsteoEase Vet,osteoease_vet-s,E-commerce,Region,Northeast,8116,332767.33,0.88
stackline_ecommerce,2026-03,2026-Q1,Pain/Osteoarthritis,PainAway Canine,painaway_canine-l,E-commerce,Region,Northeast,5310,196480.48,0.88
stackline_ecommerce,2026-03,2026-Q1,Pain/Osteoarthritis,PainAway Canine,painaway_canine-s,E-commerce,Region,Northeast,7743,286506.4,0.88
stackline_ecommerce,2026-03,2026-Q1,Petcare Diagnostics,PetLab Analyzer,petlab_analyzer-l,E-commerce,Region,Northeast,10850,162747.49,0.88
stackline_ecommerce,2026-03,2026-Q1,Petcare Diagnostics,PetLab Analyzer,petlab_analyzer-s,E-commerce,Region,Northeast,15694,235405.55,0.88
stackline_ecommerce,2026-03,2026-Q1,Petcare Diagnostics,RapidVet Dx,rapidvet_dx-l,E-commerce,Region,Northeast,16919,270702.4,0.88
stackline_ecommerce,2026-03,2026-Q1,Petcare Diagnostics,RapidVet Dx,rapidvet_dx-s,E-commerce,Region,Northeast,23185,370965.85,0.88
stackline_ecommerce,2026-03,2026-Q1,Parasiticides,Simparica Trio,simparica_trio-l,E-commerce,Region,Northeast,28967,811062.61,0.88
stackline_ecommerce,2026-03,2026-Q1,Parasiticides,Simparica Trio,simparica_trio-s,E-commerce,Region,Northeast,40322,1129007.13,0.88
stackline_ecommerce,2026-03,2026-Q1,Dermatology,SkinRelief Pro,skinrelief_pro-l,E-commerce,Region,Northeast,5864,287342.1,0.88
stackline_ecommerce,2026-03,2026-Q1,Dermatology,SkinRelief Pro,skinrelief_pro-s,E-commerce,Region,Northeast,7516,368272.65,0.88
stackline_ecommerce,2026-03,2026-Q1,Parasiticides,TickShield Plus,tickshield_plus-l,E-commerce,Region,Northeast,20173,484159.04,0.88
stackline_ecommerce,2026-03,2026-Q1,Parasiticides,TickShield Plus,tickshield_plus-s,E-commerce,Region,Northeast,27418,658020.87,0.88
stackline_ecommerce,2026-03,2026-Q1,Vaccines,Vanguard,vanguard-l,E-commerce,Region,Northeast,11115,244522.42,0.88
stackline_ecommerce,2026-03,2026-Q1,Vaccines,Vanguard,vanguard-s,E-commerce,Region,Northeast,16795,369491.24,0.88
stackline_ecommerce,2026-03,2026-Q1,Parasiticides,VectraGuard,vectraguard-l,E-commerce,Region,Northeast,23993,623830.37,0.88
stackline_ecommerce,2026-03,2026-Q1,Parasiticides,VectraGuard,vectraguard-s,E-commerce,Region,Northeast,31712,824514.53,0.88
stackline_ecommerce,2026-03,2026-Q1,Vaccines,VetGuard Immunize,vetguard_immunize-l,E-commerce,Region,Northeast,9440,179363.64,0.88
stackline_ecommerce,2026-03,2026-Q1,Vaccines,VetGuard Immunize,vetguard_immunize-s,E-commerce,Region,Northeast,12957,246180.61,0.88
stackline_ecommerce,2026-03,2026-Q1,Vaccines,VetSelect Core Vax,vetselect_core_vax-l,E-commerce,Region,Northeast,9670,135380.95,0.88
stackline_ecommerce,2026-03,2026-Q1,Vaccines,VetSelect Core Vax,vetselect_core_vax-s,E-commerce,Region,Northeast,13929,195000.47,0.88
stackline_ecommerce,2026-03,2026-Q1,Dermatology,VetSelect Derma,vetselect_derma-l,E-commerce,Region,Northeast,6359,241625.01,0.88
stackline_ecommerce,2026-03,2026-Q1,Dermatology,VetSelect Derma,vetselect_derma-s,E-commerce,Region,Northeast,9043,343628.63,0.88
stackline_ecommerce,2026-03,2026-Q1,Petcare Diagnostics,VetSelect Dx,vetselect_dx-l,E-commerce,Region,Northeast,9930,119156.34,0.88
stackline_ecommerce,2026-03,2026-Q1,Petcare Diagnostics,VetSelect Dx,vetselect_dx-s,E-commerce,Region,Northeast,13627,163521.24,0.88
stackline_ecommerce,2026-03,2026-Q1,Parasiticides,VetSelect Flea & Tick,vetselect_flea_and_tick-l,E-commerce,Region,Northeast,29229,496888.24,0.88
stackline_ecommerce,2026-03,2026-Q1,Parasiticides,VetSelect Flea & Tick,vetselect_flea_and_tick-s,E-commerce,Region,Northeast,40891,695154.99,0.88
stackline_ecommerce,2026-03,2026-Q1,Pain/Osteoarthritis,VetSelect Joint,vetselect_joint-l,E-commerce,Region,Northeast,6990,202695.79,0.88
stackline_ecommerce,2026-03,2026-Q1,Pain/Osteoarthritis,VetSelect Joint,vetselect_joint-s,E-commerce,Region,Northeast,9415,273033.45,0.88
stackline_ecommerce,2026-03,2026-Q1,Petcare Diagnostics,Vetscan,vetscan-l,E-commerce,Region,Northeast,16866,303593.0,0.88
stackline_ecommerce,2026-03,2026-Q1,Petcare Diagnostics,Vetscan,vetscan-s,E-commerce,Region,Northeast,24717,444912.8,0.88
stackline_ecommerce,2026-03,2026-Q1,Dermatology,AllerVet RX,allervet_rx-l,E-commerce,Region,South,10738,579869.54,0.88
stackline_ecommerce,2026-03,2026-Q1,Dermatology,AllerVet RX,allervet_rx-s,E-commerce,Region,South,15662,845736.91,0.88
stackline_ecommerce,2026-03,2026-Q1,Dermatology,Apoquel,apoquel-l,E-commerce,Region,South,15089,980791.66,0.88
stackline_ecommerce,2026-03,2026-Q1,Dermatology,Apoquel,apoquel-s,E-commerce,Region,South,21213,1378835.84,0.88
stackline_ecommerce,2026-03,2026-Q1,Vaccines,BioShield Vax,bioshield_vax-l,E-commerce,Region,South,16103,322057.02,0.88
stackline_ecommerce,2026-03,2026-Q1,Vaccines,BioShield Vax,bioshield_vax-s,E-commerce,Region,South,21966,439325.92,0.88
stackline_ecommerce,2026-03,2026-Q1,Dermatology,DermaCalm,dermacalm-l,E-commerce,Region,South,11965,693945.11,0.88
stackline_ecommerce,2026-03,2026-Q1,Dermatology,DermaCalm,dermacalm-s,E-commerce,Region,South,16391,950665.62,0.88
stackline_ecommerce,2026-03,2026-Q1,Petcare Diagnostics,DiagnosTech Vet,diagnostech_vet-l,E-commerce,Region,South,26814,455846.11,0.88
stackline_ecommerce,2026-03,2026-Q1,Petcare Diagnostics,DiagnosTech Vet,diagnostech_vet-s,E-commerce,Region,South,37130,631217.81,0.88
stackline_ecommerce,2026-03,2026-Q1,Parasiticides,FleaStop Pro,fleastop_pro-l,E-commerce,Region,South,26236,550955.6,0.88
stackline_ecommerce,2026-03,2026-Q1,Parasiticides,FleaStop Pro,fleastop_pro-s,E-commerce,Region,South,37397,785338.24,0.88
stackline_ecommerce,2026-03,2026-Q1,Pain/Osteoarthritis,FlexiCare Joint,flexicare_joint-l,E-commerce,Region,South,10145,446371.09,0.88
stackline_ecommerce,2026-03,2026-Q1,Pain/Osteoarthritis,FlexiCare Joint,flexicare_joint-s,E-commerce,Region,South,15058,662567.54,0.88
stackline_ecommerce,2026-03,2026-Q1,Vaccines,ImmunoCore Canine,immunocore_canine-l,E-commerce,Region,South,19634,412314.92,0.88
stackline_ecommerce,2026-03,2026-Q1,Vaccines,ImmunoCore Canine,immunocore_canine-s,E-commerce,Region,South,28689,602466.14,0.88
stackline_ecommerce,2026-03,2026-Q1,Pain/Osteoarthritis,Librela,librela-l,E-commerce,Region,South,9554,458590.79,0.88
stackline_ecommerce,2026-03,2026-Q1,Pain/Osteoarthritis,Librela,librela-s,E-commerce,Region,South,12212,586155.7,0.88
stackline_ecommerce,2026-03,2026-Q1,Pain/Osteoarthritis,OsteoEase Vet,osteoease_vet-l,E-commerce,Region,South,9932,407201.24,0.88
stackline_ecommerce,2026-03,2026-Q1,Pain/Osteoarthritis,OsteoEase Vet,osteoease_vet-s,E-commerce,Region,South,14046,575896.86,0.88
stackline_ecommerce,2026-03,2026-Q1,Pain/Osteoarthritis,PainAway Canine,painaway_canine-l,E-commerce,Region,South,8891,328967.17,0.88
stackline_ecommerce,2026-03,2026-Q1,Pain/Osteoarthritis,PainAway Canine,painaway_canine-s,E-commerce,Region,South,11840,438077.02,0.88
stackline_ecommerce,2026-03,2026-Q1,Petcare Diagnostics,PetLab Analyzer,petlab_analyzer-l,E-commerce,Region,South,15135,227018.4,0.88
stackline_ecommerce,2026-03,2026-Q1,Petcare Diagnostics,PetLab Analyzer,petlab_analyzer-s,E-commerce,Region,South,21475,322128.18,0.88
stackline_ecommerce,2026-03,2026-Q1,Petcare Diagnostics,RapidVet Dx,rapidvet_dx-l,E-commerce,Region,South,25289,404628.67,0.88
stackline_ecommerce,2026-03,2026-Q1,Petcare Diagnostics,RapidVet Dx,rapidvet_dx-s,E-commerce,Region,South,36793,588688.98,0.88
stackline_ecommerce,2026-03,2026-Q1,Parasiticides,Simparica Trio,simparica_trio-l,E-commerce,Region,South,43006,1204178.01,0.88
stackline_ecommerce,2026-03,2026-Q1,Parasiticides,Simparica Trio,simparica_trio-s,E-commerce,Region,South,58567,1639862.22,0.88
stackline_ecommerce,2026-03,2026-Q1,Dermatology,SkinRelief Pro,skinrelief_pro-l,E-commerce,Region,South,8747,428601.06,0.88
stackline_ecommerce,2026-03,2026-Q1,Dermatology,SkinRelief Pro,skinrelief_pro-s,E-commerce,Region,South,12589,616863.03,0.88
stackline_ecommerce,2026-03,2026-Q1,Parasiticides,TickShield Plus,tickshield_plus-l,E-commerce,Region,South,31148,747553.99,0.88
stackline_ecommerce,2026-03,2026-Q1,Parasiticides,TickShield Plus,tickshield_plus-s,E-commerce,Region,South,42643,1023442.91,0.88
stackline_ecommerce,2026-03,2026-Q1,Vaccines,Vanguard,vanguard-l,E-commerce,Region,South,18042,396920.34,0.88
stackline_ecommerce,2026-03,2026-Q1,Vaccines,Vanguard,vanguard-s,E-commerce,Region,South,24556,540242.58,0.88
stackline_ecommerce,2026-03,2026-Q1,Parasiticides,VectraGuard,vectraguard-l,E-commerce,Region,South,35765,929887.46,0.88
stackline_ecommerce,2026-03,2026-Q1,Parasiticides,VectraGuard,vectraguard-s,E-commerce,Region,South,54909,1427636.19,0.88
stackline_ecommerce,2026-03,2026-Q1,Vaccines,VetGuard Immunize,vetguard_immunize-l,E-commerce,Region,South,14294,271587.14,0.88
stackline_ecommerce,2026-03,2026-Q1,Vaccines,VetGuard Immunize,vetguard_immunize-s,E-commerce,Region,South,18981,360639.5,0.88
stackline_ecommerce,2026-03,2026-Q1,Vaccines,VetSelect Core Vax,vetselect_core_vax-l,E-commerce,Region,South,15114,211594.99,0.88
stackline_ecommerce,2026-03,2026-Q1,Vaccines,VetSelect Core Vax,vetselect_core_vax-s,E-commerce,Region,South,21517,301235.48,0.88
stackline_ecommerce,2026-03,2026-Q1,Dermatology,VetSelect Derma,vetselect_derma-l,E-commerce,Region,South,9910,376578.57,0.88
stackline_ecommerce,2026-03,2026-Q1,Dermatology,VetSelect Derma,vetselect_derma-s,E-commerce,Region,South,14220,540366.91,0.88
stackline_ecommerce,2026-03,2026-Q1,Petcare Diagnostics,VetSelect Dx,vetselect_dx-l,E-commerce,Region,South,16763,201151.83,0.88
stackline_ecommerce,2026-03,2026-Q1,Petcare Diagnostics,VetSelect Dx,vetselect_dx-s,E-commerce,Region,South,23090,277080.59,0.88
stackline_ecommerce,2026-03,2026-Q1,Parasiticides,VetSelect Flea & Tick,vetselect_flea_and_tick-l,E-commerce,Region,South,45254,769322.33,0.88
stackline_ecommerce,2026-03,2026-Q1,Parasiticides,VetSelect Flea & Tick,vetselect_flea_and_tick-s,E-commerce,Region,South,58716,998175.02,0.88
stackline_ecommerce,2026-03,2026-Q1,Pain/Osteoarthritis,VetSelect Joint,vetselect_joint-l,E-commerce,Region,South,10454,303152.41,0.88
stackline_ecommerce,2026-03,2026-Q1,Pain/Osteoarthritis,VetSelect Joint,vetselect_joint-s,E-commerce,Region,South,14396,417478.32,0.88
stackline_ecommerce,2026-03,2026-Q1,Petcare Diagnostics,Vetscan,vetscan-l,E-commerce,Region,South,26409,475353.06,0.88
stackline_ecommerce,2026-03,2026-Q1,Petcare Diagnostics,Vetscan,vetscan-s,E-commerce,Region,South,38656,695815.29,0.88
stackline_ecommerce,2026-03,2026-Q1,Dermatology,AllerVet RX,allervet_rx-l,E-commerce,Region,West,7373,398162.01,0.88
stackline_ecommerce,2026-03,2026-Q1,Dermatology,AllerVet RX,allervet_rx-s,E-commerce,Region,West,9967,538210.73,0.88
stackline_ecommerce,2026-03,2026-Q1,Dermatology,Apoquel,apoquel-l,E-commerce,Region,West,10132,658575.88,0.88
stackline_ecommerce,2026-03,2026-Q1,Dermatology,Apoquel,apoquel-s,E-commerce,Region,West,13876,901949.5,0.88
stackline_ecommerce,2026-03,2026-Q1,Vaccines,BioShield Vax,bioshield_vax-l,E-commerce,Region,West,10884,217683.0,0.88
stackline_ecommerce,2026-03,2026-Q1,Vaccines,BioShield Vax,bioshield_vax-s,E-commerce,Region,West,15155,303090.65,0.88
stackline_ecommerce,2026-03,2026-Q1,Dermatology,DermaCalm,dermacalm-l,E-commerce,Region,West,7404,429445.41,0.88
stackline_ecommerce,2026-03,2026-Q1,Dermatology,DermaCalm,dermacalm-s,E-commerce,Region,West,9812,569071.18,0.88
stackline_ecommerce,2026-03,2026-Q1,Petcare Diagnostics,DiagnosTech Vet,diagnostech_vet-l,E-commerce,Region,West,17620,299535.08,0.88
stackline_ecommerce,2026-03,2026-Q1,Petcare Diagnostics,DiagnosTech Vet,diagnostech_vet-s,E-commerce,Region,West,23071,392206.08,0.88
stackline_ecommerce,2026-03,2026-Q1,Parasiticides,FleaStop Pro,fleastop_pro-l,E-commerce,Region,West,18935,397627.07,0.88
stackline_ecommerce,2026-03,2026-Q1,Parasiticides,FleaStop Pro,fleastop_pro-s,E-commerce,Region,West,26633,559290.32,0.88
stackline_ecommerce,2026-03,2026-Q1,Pain/Osteoarthritis,FlexiCare Joint,flexicare_joint-l,E-commerce,Region,West,7543,331910.34,0.88
stackline_ecommerce,2026-03,2026-Q1,Pain/Osteoarthritis,FlexiCare Joint,flexicare_joint-s,E-commerce,Region,West,9496,417842.87,0.88
stackline_ecommerce,2026-03,2026-Q1,Vaccines,ImmunoCore Canine,immunocore_canine-l,E-commerce,Region,West,13993,293855.49,0.88
stackline_ecommerce,2026-03,2026-Q1,Vaccines,ImmunoCore Canine,immunocore_canine-s,E-commerce,Region,West,18043,378902.63,0.88
stackline_ecommerce,2026-03,2026-Q1,Pain/Osteoarthritis,Librela,librela-l,E-commerce,Region,West,6548,314327.38,0.88
stackline_ecommerce,2026-03,2026-Q1,Pain/Osteoarthritis,Librela,librela-s,E-commerce,Region,West,8896,427030.76,0.88
stackline_ecommerce,2026-03,2026-Q1,Pain/Osteoarthritis,OsteoEase Vet,osteoease_vet-l,E-commerce,Region,West,6816,279475.35,0.88
stackline_ecommerce,2026-03,2026-Q1,Pain/Osteoarthritis,OsteoEase Vet,osteoease_vet-s,E-commerce,Region,West,9955,408165.85,0.88
stackline_ecommerce,2026-03,2026-Q1,Pain/Osteoarthritis,PainAway Canine,painaway_canine-l,E-commerce,Region,West,6053,223956.75,0.88
stackline_ecommerce,2026-03,2026-Q1,Pain/Osteoarthritis,PainAway Canine,painaway_canine-s,E-commerce,Region,West,8592,317893.64,0.88
stackline_ecommerce,2026-03,2026-Q1,Petcare Diagnostics,PetLab Analyzer,petlab_analyzer-l,E-commerce,Region,West,10674,160105.39,0.88
stackline_ecommerce,2026-03,2026-Q1,Petcare Diagnostics,PetLab Analyzer,petlab_analyzer-s,E-commerce,Region,West,14545,218172.17,0.88
stackline_ecommerce,2026-03,2026-Q1,Petcare Diagnostics,RapidVet Dx,rapidvet_dx-l,E-commerce,Region,West,17531,280497.88,0.88
stackline_ecommerce,2026-03,2026-Q1,Petcare Diagnostics,RapidVet Dx,rapidvet_dx-s,E-commerce,Region,West,24366,389863.4,0.88
stackline_ecommerce,2026-03,2026-Q1,Parasiticides,Simparica Trio,simparica_trio-l,E-commerce,Region,West,28853,807883.98,0.88
stackline_ecommerce,2026-03,2026-Q1,Parasiticides,Simparica Trio,simparica_trio-s,E-commerce,Region,West,39996,1119876.32,0.88
stackline_ecommerce,2026-03,2026-Q1,Dermatology,SkinRelief Pro,skinrelief_pro-l,E-commerce,Region,West,6216,304569.59,0.88
stackline_ecommerce,2026-03,2026-Q1,Dermatology,SkinRelief Pro,skinrelief_pro-s,E-commerce,Region,West,8101,396930.76,0.88
stackline_ecommerce,2026-03,2026-Q1,Parasiticides,TickShield Plus,tickshield_plus-l,E-commerce,Region,West,20178,484273.93,0.88
stackline_ecommerce,2026-03,2026-Q1,Parasiticides,TickShield Plus,tickshield_plus-s,E-commerce,Region,West,27076,649822.2,0.88
stackline_ecommerce,2026-03,2026-Q1,Vaccines,Vanguard,vanguard-l,E-commerce,Region,West,11141,245094.67,0.88
stackline_ecommerce,2026-03,2026-Q1,Vaccines,Vanguard,vanguard-s,E-commerce,Region,West,14964,329198.88,0.88
stackline_ecommerce,2026-03,2026-Q1,Parasiticides,VectraGuard,vectraguard-l,E-commerce,Region,West,24056,625453.38,0.88
stackline_ecommerce,2026-03,2026-Q1,Parasiticides,VectraGuard,vectraguard-s,E-commerce,Region,West,35373,919706.08,0.88
stackline_ecommerce,2026-03,2026-Q1,Vaccines,VetGuard Immunize,vetguard_immunize-l,E-commerce,Region,West,9822,186615.89,0.88
stackline_ecommerce,2026-03,2026-Q1,Vaccines,VetGuard Immunize,vetguard_immunize-s,E-commerce,Region,West,13630,258968.67,0.88
stackline_ecommerce,2026-03,2026-Q1,Vaccines,VetSelect Core Vax,vetselect_core_vax-l,E-commerce,Region,West,10711,149947.05,0.88
stackline_ecommerce,2026-03,2026-Q1,Vaccines,VetSelect Core Vax,vetselect_core_vax-s,E-commerce,Region,West,15062,210868.71,0.88
stackline_ecommerce,2026-03,2026-Q1,Dermatology,VetSelect Derma,vetselect_derma-l,E-commerce,Region,West,6442,244778.67,0.88
stackline_ecommerce,2026-03,2026-Q1,Dermatology,VetSelect Derma,vetselect_derma-s,E-commerce,Region,West,8936,339575.23,0.88
stackline_ecommerce,2026-03,2026-Q1,Petcare Diagnostics,VetSelect Dx,vetselect_dx-l,E-commerce,Region,West,9603,115232.18,0.88
stackline_ecommerce,2026-03,2026-Q1,Petcare Diagnostics,VetSelect Dx,vetselect_dx-s,E-commerce,Region,West,13715,164582.93,0.88
stackline_ecommerce,2026-03,2026-Q1,Parasiticides,VetSelect Flea & Tick,vetselect_flea_and_tick-l,E-commerce,Region,West,30945,526065.5,0.88
stackline_ecommerce,2026-03,2026-Q1,Parasiticides,VetSelect Flea & Tick,vetselect_flea_and_tick-s,E-commerce,Region,West,40223,683784.14,0.88
stackline_ecommerce,2026-03,2026-Q1,Pain/Osteoarthritis,VetSelect Joint,vetselect_joint-l,E-commerce,Region,West,7197,208699.74,0.88
stackline_ecommerce,2026-03,2026-Q1,Pain/Osteoarthritis,VetSelect Joint,vetselect_joint-s,E-commerce,Region,West,9801,284216.07,0.88
stackline_ecommerce,2026-03,2026-Q1,Petcare Diagnostics,Vetscan,vetscan-l,E-commerce,Region,West,17579,316420.6,0.88
stackline_ecommerce,2026-03,2026-Q1,Petcare Diagnostics,Vetscan,vetscan-s,E-commerce,Region,West,25154,452771.77,0.88
