source,month,quarter,category,brand_reported,sku_raw,channel,geo_level,geo,observed_units,observed_sales,coverage
zoetis_vet_internal,2024-04,2024-Q2,Dermatology,AllerVet RX,DRM-ALLERVET-R-L,Veterinary,National,National,74512,4023691.78,0.96
zoetis_vet_internal,2024-04,2024-Q2,Dermatology,AllerVet RX,DRM-ALLERVET-R-S,Veterinary,National,National,101454,5478512.9,0.96
zoetis_vet_internal,2024-04,2024-Q2,Dermatology,Apoquel,DRM-APOQUEL-L,Veterinary,National,National,129507,8417970.56,0.96
zoetis_vet_internal,2024-04,2024-Q2,Dermatology,Apoquel,DRM-APOQUEL-S,Veterinary,National,National,177348,11527602.88,0.96
zoetis_vet_internal,2024-04,2024-Q2,Vaccines,BioShield Vax,VAC-BIOSHIELD--L,Veterinary,National,National,210366,4207331.57,0.96
zoetis_vet_internal,2024-04,2024-Q2,Vaccines,BioShield Vax,VAC-BIOSHIELD--S,Veterinary,National,National,287801,5756046.34,0.96
zoetis_vet_internal,2024-04,2024-Q2,Dermatology,DermaCalm,DRM-DERMACALM-L,Veterinary,National,National,79753,4625621.48,0.96
zoetis_vet_internal,2024-04,2024-Q2,Dermatology,DermaCalm,DRM-DERMACALM-S,Veterinary,National,National,110594,6414451.19,0.96
zoetis_vet_internal,2024-04,2024-Q2,Petcare Diagnostics,DiagnosTech Vet,DIA-DIAGNOSTEC-L,Veterinary,National,National,250041,4250682.14,0.96
zoetis_vet_internal,2024-04,2024-Q2,Petcare Diagnostics,DiagnosTech Vet,DIA-DIAGNOSTEC-S,Veterinary,National,National,345273,5869643.95,0.96
zoetis_vet_internal,2024-04,2024-Q2,Parasiticides,FleaStop Pro,PAR-FLEASTOP-P-L,Veterinary,National,National,123550,2594549.11,0.96
zoetis_vet_internal,2024-04,2024-Q2,Parasiticides,FleaStop Pro,PAR-FLEASTOP-P-S,Veterinary,National,National,166159,3489335.23,0.96
zoetis_vet_internal,2024-04,2024-Q2,Pain/Osteoarthritis,FlexiCare Joint,PAN-FLEXICARE--L,Veterinary,National,National,77688,3418269.3,0.96
zoetis_vet_internal,2024-04,2024-Q2,Pain/Osteoarthritis,FlexiCare Joint,PAN-FLEXICARE--S,Veterinary,National,National,107023,4708991.11,0.96
zoetis_vet_internal,2024-04,2024-Q2,Vaccines,ImmunoCore Canine,VAC-IMMUNOCORE-L,Veterinary,National,National,249283,5234948.4,0.96
zoetis_vet_internal,2024-04,2024-Q2,Vaccines,ImmunoCore Canine,VAC-IMMUNOCORE-S,Veterinary,National,National,350709,7364886.38,0.96
zoetis_vet_internal,2024-04,2024-Q2,Pain/Osteoarthritis,Librela,PAN-LIBRELA-L,Veterinary,National,National,81681,3920643.52,0.96
zoetis_vet_internal,2024-04,2024-Q2,Pain/Osteoarthritis,Librela,PAN-LIBRELA-S,Veterinary,National,National,113071,5427432.28,0.96
zoetis_vet_internal,2024-04,2024-Q2,Pain/Osteoarthritis,OsteoEase Vet,PAN-OSTEOEASE--L,Veterinary,National,National,67539,2769144.09,0.96
zoetis_vet_internal,2024-04,2024-Q2,Pain/Osteoarthritis,OsteoEase Vet,PAN-OSTEOEASE--S,Veterinary,National,National,93868,3848595.82,0.96
zoetis_vet_internal,2024-04,2024-Q2,Pain/Osteoarthritis,PainAway Canine,PAN-PAINAWAY-C-L,Veterinary,National,National,61638,2280641.28,0.96
zoetis_vet_internal,2024-04,2024-Q2,Pain/Osteoarthritis,PainAway Canine,PAN-PAINAWAY-C-S,Veterinary,National,National,87423,3234626.11,0.96
zoetis_vet_internal,2024-04,2024-Q2,Petcare Diagnostics,PetLab Analyzer,DIA-PETLAB-ANA-L,Veterinary,National,National,150191,2252864.34,0.96
zoetis_vet_internal,2024-04,2024-Q2,Petcare Diagnostics,PetLab Analyzer,DIA-PETLAB-ANA-S,Veterinary,National,National,207649,3114737.51,0.96
zoetis_vet_internal,2024-04,2024-Q2,Petcare Diagnostics,RapidVet Dx,DIA-RAPIDVET-D-L,Veterinary,National,National,237078,3793239.1,0.96
zoetis_vet_internal,2024-04,2024-Q2,Petcare Diagnostics,RapidVet Dx,DIA-RAPIDVET-D-S,Veterinary,National,National,334945,5359139.27,0.96
zoetis_vet_internal,2024-04,2024-Q2,Parasiticides,Simparica Trio,PAR-SIMPARICA--L,Veterinary,National,National,255553,7155486.15,0.96
zoetis_vet_internal,2024-04,2024-Q2,Parasiticides,Simparica Trio,PAR-SIMPARICA--S,Veterinary,National,National,365589,10236483.93,0.96
zoetis_vet_internal,2024-04,2024-Q2,Dermatology,SkinRelief Pro,DRM-SKINRELIEF-L,Veterinary,National,National,60594,2969108.03,0.96
zoetis_vet_internal,2024-04,2024-Q2,Dermatology,SkinRelief Pro,DRM-SKINRELIEF-S,Veterinary,National,National,85281,4178786.35,0.96
zoetis_vet_internal,2024-04,2024-Q2,Parasiticides,TickShield Plus,PAR-TICKSHIELD-L,Veterinary,National,National,142906,3429748.62,0.96
zoetis_vet_internal,2024-04,2024-Q2,Parasiticides,TickShield Plus,PAR-TICKSHIELD-S,Veterinary,National,National,200202,4804853.61,0.96
zoetis_vet_internal,2024-04,2024-Q2,Vaccines,Vanguard,VAC-VANGUARD-L,Veterinary,National,National,296652,6526361.17,0.96
zoetis_vet_internal,2024-04,2024-Q2,Vaccines,Vanguard,VAC-VANGUARD-S,Veterinary,National,National,399644,8792185.16,0.96
zoetis_vet_internal,2024-04,2024-Q2,Parasiticides,VectraGuard,PAR-VECTRAGUAR-L,Veterinary,National,National,173663,4515226.61,0.96
zoetis_vet_internal,2024-04,2024-Q2,Parasiticides,VectraGuard,PAR-VECTRAGUAR-S,Veterinary,National,National,238080,6190093.26,0.96
zoetis_vet_internal,2024-04,2024-Q2,Vaccines,VetGuard Immunize,VAC-VETGUARD-I-L,Veterinary,National,National,182459,3466735.46,0.96
zoetis_vet_internal,2024-04,2024-Q2,Vaccines,VetGuard Immunize,VAC-VETGUARD-I-S,Veterinary,National,National,254974,4844519.16,0.96
zoetis_vet_internal,2024-04,2024-Q2,Vaccines,VetSelect Core Vax,VAC-VETSELECT--L,Veterinary,National,National,168367,2357147.69,0.96
zoetis_vet_internal,2024-04,2024-Q2,Vaccines,VetSelect Core Vax,VAC-VETSELECT--S,Veterinary,National,National,231409,3239729.62,0.96
zoetis_vet_internal,2024-04,2024-Q2,Dermatology,VetSelect Derma,DRM-VETSELECT--L,Veterinary,National,National,56369,2141988.8,0.96
zoetis_vet_internal,2024-04,2024-Q2,Dermatology,VetSelect Derma,DRM-VETSELECT--S,Veterinary,National,National,76774,2917392.05,0.96
zoetis_vet_internal,2024-04,2024-Q2,Petcare Diagnostics,VetSelect Dx,DIA-VETSELECT--L,Veterinary,National,National,116033,1392388.9,0.96
zoetis_vet_internal,2024-04,2024-Q2,Petcare Diagnostics,VetSelect Dx,DIA-VETSELECT--S,Veterinary,National,National,161252,1935022.56,0.96
zoetis_vet_internal,2024-04,2024-Q2,Parasiticides,VetSelect Flea & Tick,PAR-VETSELECT--L,Veterinary,National,National,134254,2282311.99,0.96
zoetis_vet_internal,2024-04,2024-Q2,Parasiticides,VetSelect Flea & Tick,PAR-VETSELECT--S,Veterinary,National,National,180763,3072982.62,0.96
zoetis_vet_internal,2024-04,2024-Q2,Pain/Osteoarthritis,VetSelect Joint,PAN-VETSELECT--L,Veterinary,National,National,58751,1703788.61,0.96
zoetis_vet_internal,2024-04,2024-Q2,Pain/Osteoarthritis,VetSelect Joint,PAN-VETSELECT--S,Veterinary,National,National,82439,2390730.63,0.96
zoetis_vet_internal,2024-04,2024-Q2,Petcare Diagnostics,Vetscan,DIA-VETSCAN-L,Veterinary,National,National,299747,5395440.05,0.96
zoetis_vet_internal,2024-04,2024-Q2,Petcare Diagnostics,Vetscan,DIA-VETSCAN-S,Veterinary,National,National,412669,7428037.77,0.96
zoetis_vet_internal,2024-04,2024-Q2,Dermatology,AllerVet RX,DRM-ALLERVET-R-L,Veterinary,Region,Midwest,15675,846450.71,0.96
zoetis_vet_internal,2024-04,2024-Q2,Dermatology,AllerVet RX,DRM-ALLERVET-R-S,Veterinary,Region,Midwest,21180,1143728.58,0.96
zoetis_vet_internal,2024-04,2024-Q2,Dermatology,Apoquel,DRM-APOQUEL-L,Veterinary,Region,Midwest,27997,1819774.18,0.96
zoetis_vet_internal,2024-04,2024-Q2,Dermatology,Apoquel,DRM-APOQUEL-S,Veterinary,Region,Midwest,38785,2521029.2,0.96
zoetis_vet_internal,2024-04,2024-Q2,Vaccines,BioShield Vax,VAC-BIOSHIELD--L,Veterinary,Region,Midwest,44995,899903.27,0.96
zoetis_vet_internal,2024-04,2024-Q2,Vaccines,BioShield Vax,VAC-BIOSHIELD--S,Veterinary,Region,Midwest,62689,1253787.83,0.96
zoetis_vet_internal,2024-04,2024-Q2,Dermatology,DermaCalm,DRM-DERMACALM-L,Veterinary,Region,Midwest,17410,1009771.81,0.96
zoetis_vet_internal,2024-04,2024-Q2,Dermatology,DermaCalm,DRM-DERMACALM-S,Veterinary,Region,Midwest,24186,1402765.73,0.96
zoetis_vet_internal,2024-04,2024-Q2,Petcare Diagnostics,DiagnosTech Vet,DIA-DIAGNOSTEC-L,Veterinary,Region,Midwest,52791,897439.48,0.96
zoetis_vet_internal,2024-04,2024-Q2,Petcare Diagnostics,DiagnosTech Vet,DIA-DIAGNOSTEC-S,Veterinary,Region,Midwest,70786,1203354.89,0.96
zoetis_vet_internal,2024-04,2024-Q2,Parasiticides,FleaStop Pro,PAR-FLEASTOP-P-L,Veterinary,Region,Midwest,24953,524003.36,0.96
zoetis_vet_internal,2024-04,2024-Q2,Parasiticides,FleaStop Pro,PAR-FLEASTOP-P-S,Veterinary,Region,Midwest,34433,723082.7,0.96
zoetis_vet_internal,2024-04,2024-Q2,Pain/Osteoarthritis,FlexiCare Joint,PAN-FLEXICARE--L,Veterinary,Region,Midwest,17253,759123.79,0.96
zoetis_vet_internal,2024-04,2024-Q2,Pain/Osteoarthritis,FlexiCare Joint,PAN-FLEXICARE--S,Veterinary,Region,Midwest,22438,987291.17,0.96
zoetis_vet_internal,2024-04,2024-Q2,Vaccines,ImmunoCore Canine,VAC-IMMUNOCORE-L,Veterinary,Region,Midwest,51857,1089004.13,0.96
zoetis_vet_internal,2024-04,2024-Q2,Vaccines,ImmunoCore Canine,VAC-IMMUNOCORE-S,Veterinary,Region,Midwest,74492,1564327.7,0.96
zoetis_vet_internal,2024-04,2024-Q2,Pain/Osteoarthritis,Librela,PAN-LIBRELA-L,Veterinary,Region,Midwest,16753,804144.53,0.96
zoetis_vet_internal,2024-04,2024-Q2,Pain/Osteoarthritis,Librela,PAN-LIBRELA-S,Veterinary,Region,Midwest,23320,1119377.72,0.96
zoetis_vet_internal,2024-04,2024-Q2,Pain/Osteoarthritis,OsteoEase Vet,PAN-OSTEOEASE--L,Veterinary,Region,Midwest,14017,574701.14,0.96
zoetis_vet_internal,2024-04,2024-Q2,Pain/Osteoarthritis,OsteoEase Vet,PAN-OSTEOEASE--S,Veterinary,Region,Midwest,20087,823552.96,0.96
zoetis_vet_internal,2024-04,2024-Q2,Pain/Osteoarthritis,PainAway Canine,PAN-PAINAWAY-C-L,Veterinary,Region,Midwest,13254,490399.81,0.96
zoetis_vet_internal,2024-04,2024-Q2,Pain/Osteoarthritis,PainAway Canine,PAN-PAINAWAY-C-S,Veterinary,Region,Midwest,18174,672426.37,0.96
zoetis_vet_internal,2024-04,2024-Q2,Petcare Diagnostics,PetLab Analyzer,DIA-PETLAB-ANA-L,Veterinary,Region,Midwest,30511,457658.61,0.96
zoetis_vet_internal,2024-04,2024-Q2,Petcare Diagnostics,PetLab Analyzer,DIA-PETLAB-ANA-S,Veterinary,Region,Midwest,45228,678414.16,0.96
zoetis_vet_internal,2024-04,2024-Q2,Petcare Diagnostics,RapidVet Dx,DIA-RAPIDVET-D-L,Veterinary,Region,Midwest,50563,809004.73,0.96
zoetis_vet_internal,2024-04,2024-Q2,Petcare Diagnostics,RapidVet Dx,DIA-RAPIDVET-D-S,Veterinary,Region,Midwest,72588,1161410.71,0.96
zoetis_vet_internal,2024-04,2024-Q2,Parasiticides,Simparica Trio,PAR-SIMPARICA--L,Veterinary,Region,Midwest,55594,1556632.35,0.96
zoetis_vet_internal,2024-04,2024-Q2,Parasiticides,Simparica Trio,PAR-SIMPARICA--S,Veterinary,Region,Midwest,80217,2246078.5,0.96
zoetis_vet_internal,2024-04,2024-Q2,Dermatology,SkinRelief Pro,DRM-SKINRELIEF-L,Veterinary,Region,Midwest,12937,633928.03,0.96
zoetis_vet_internal,2024-04,2024-Q2,Dermatology,SkinRelief Pro,DRM-SKINRELIEF-S,Veterinary,Region,Midwest,16931,829641.9,0.96
zoetis_vet_internal,2024-04,2024-Q2,Parasiticides,TickShield Plus,PAR-TICKSHIELD-L,Veterinary,Region,Midwest,31375,752999.14,0.96
zoetis_vet_internal,2024-04,2024-Q2,Parasiticides,TickShield Plus,PAR-TICKSHIELD-S,Veterinary,Region,Midwest,43360,1040644.42,0.96
zoetis_vet_internal,2024-04,2024-Q2,Vaccines,Vanguard,VAC-VANGUARD-L,Veterinary,Region,Midwest,61212,1346674.51,0.96
zoetis_vet_internal,2024-04,2024-Q2,Vaccines,Vanguard,VAC-VANGUARD-S,Veterinary,Region,Midwest,85082,1871808.43,0.96
zoetis_vet_internal,2024-04,2024-Q2,Parasiticides,VectraGuard,PAR-VECTRAGUAR-L,Veterinary,Region,Midwest,35056,911448.93,0.96
zoetis_vet_internal,2024-04,2024-Q2,Parasiticides,VectraGuard,PAR-VECTRAGUAR-S,Veterinary,Region,Midwest,47359,1231338.35,0.96
zoetis_vet_internal,2024-04,2024-Q2,Vaccines,VetGuard Immunize,VAC-VETGUARD-I-L,Veterinary,Region,Midwest,37949,721037.88,0.96
zoetis_vet_internal,2024-04,2024-Q2,Vaccines,VetGuard Immunize,VAC-VETGUARD-I-S,Veterinary,Region,Midwest,51656,981473.37,0.96
zoetis_vet_internal,2024-04,2024-Q2,Vaccines,VetSelect Core Vax,VAC-VETSELECT--L,Veterinary,Region,Midwest,35753,500546.13,0.96
zoetis_vet_internal,2024-04,2024-Q2,Vaccines,VetSelect Core Vax,VAC-VETSELECT--S,Veterinary,Region,Midwest,47438,664137.67,0.96
zoetis_vet_internal,2024-04,2024-Q2,Dermatology,VetSelect Derma,DRM-VETSELECT--L,Veterinary,Region,Midwest,11901,452221.13,0.96
zoetis_vet_internal,2024-04,2024-Q2,Dermatology,VetSelect Derma,DRM-VETSELECT--S,Veterinary,Region,Midwest,16388,622753.12,0.96
zoetis_vet_internal,2024-04,2024-Q2,Petcare Diagnostics,VetSelect Dx,DIA-VETSELECT--L,Veterinary,Region,Midwest,24285,291416.65,0.96
zoetis_vet_internal,2024-04,2024-Q2,Petcare Diagnostics,VetSelect Dx,DIA-VETSELECT--S,Veterinary,Region,Midwest,34755,417058.83,0.96
zoetis_vet_internal,2024-04,2024-Q2,Parasiticides,VetSelect Flea & Tick,PAR-VETSELECT--L,Veterinary,Region,Midwest,29020,493340.91,0.96
zoetis_vet_internal,2024-04,2024-Q2,Parasiticides,VetSelect Flea & Tick,PAR-VETSELECT--S,Veterinary,Region,Midwest,38374,652356.52,0.96
zoetis_vet_internal,2024-04,2024-Q2,Pain/Osteoarthritis,VetSelect Joint,PAN-VETSELECT--L,Veterinary,Region,Midwest,11625,337137.08,0.96
zoetis_vet_internal,2024-04,2024-Q2,Pain/Osteoarthritis,VetSelect Joint,PAN-VETSELECT--S,Veterinary,Region,Midwest,16772,486375.85,0.96
zoetis_vet_internal,2024-04,2024-Q2,Petcare Diagnostics,Vetscan,DIA-VETSCAN-L,Veterinary,Region,Midwest,61647,1109637.25,0.96
zoetis_vet_internal,2024-04,2024-Q2,Petcare Diagnostics,Vetscan,DIA-VETSCAN-S,Veterinary,Region,Midwest,89582,1612468.28,0.96
zoetis_vet_internal,2024-04,2024-Q2,Dermatology,AllerVet RX,DRM-ALLERVET-R-L,Veterinary,Region,Northeast,16058,867148.21,0.96
zoetis_vet_internal,2024-04,2024-Q2,Dermatology,AllerVet RX,DRM-ALLERVET-R-S,Veterinary,Region,Northeast,23192,1252356.72,0.96
zoetis_vet_internal,2024-04,2024-Q2,Dermatology,Apoquel,DRM-APOQUEL-L,Veterinary,Region,Northeast,28713,1866353.72,0.96
zoetis_vet_internal,2024-04,2024-Q2,Dermatology,Apoquel,DRM-APOQUEL-S,Veterinary,Region,Northeast,39387,2560137.35,0.96
zoetis_vet_internal,2024-04,2024-Q2,Vaccines,BioShield Vax,VAC-BIOSHIELD--L,Veterinary,Region,Northeast,47629,952587.64,0.96
zoetis_vet_internal,2024-04,2024-Q2,Vaccines,BioShield Vax,VAC-BIOSHIELD--S,Veterinary,Region,Northeast,62536,1250729.92,0.96
zoetis_vet_internal,2024-04,2024-Q2,Dermatology,DermaCalm,DRM-DERMACALM-L,Veterinary,Region,Northeast,17340,1005710.61,0.96
zoetis_vet_internal,2024-04,2024-Q2,Dermatology,DermaCalm,DRM-DERMACALM-S,Veterinary,Region,Northeast,23619,1369926.77,0.96
zoetis_vet_internal,2024-04,2024-Q2,Petcare Diagnostics,DiagnosTech Vet,DIA-DIAGNOSTEC-L,Veterinary,Region,Northeast,53786,914354.01,0.96
zoetis_vet_internal,2024-04,2024-Q2,Petcare Diagnostics,DiagnosTech Vet,DIA-DIAGNOSTEC-S,Veterinary,Region,Northeast,76840,1306285.02,0.96
zoetis_vet_internal,2024-04,2024-Q2,Parasiticides,FleaStop Pro,PAR-FLEASTOP-P-L,Veterinary,Region,Northeast,26172,549616.84,0.96
zoetis_vet_internal,2024-04,2024-Q2,Parasiticides,FleaStop Pro,PAR-FLEASTOP-P-S,Veterinary,Region,Northeast,35875,753375.12,0.96
zoetis_vet_internal,2024-04,2024-Q2,Pain/Osteoarthritis,FlexiCare Joint,PAN-FLEXICARE--L,Veterinary,Region,Northeast,16630,731724.39,0.96
zoetis_vet_internal,2024-04,2024-Q2,Pain/Osteoarthritis,FlexiCare Joint,PAN-FLEXICARE--S,Veterinary,Region,Northeast,23222,1021755.2,0.96
zoetis_vet_internal,2024-04,2024-Q2,Vaccines,ImmunoCore Canine,VAC-IMMUNOCORE-L,Veterinary,Region,Northeast,57799,1213772.2,0.96
zoetis_vet_internal,2024-04,2024-Q2,Vaccines,ImmunoCore Canine,VAC-IMMUNOCORE-S,Veterinary,Region,Northeast,79812,1676049.41,0.96
zoetis_vet_internal,2024-04,2024-Q2,Pain/Osteoarthritis,Librela,PAN-LIBRELA-L,Veterinary,Region,Northeast,18350,880788.29,0.96
zoetis_vet_internal,2024-04,2024-Q2,Pain/Osteoarthritis,Librela,PAN-LIBRELA-S,Veterinary,Region,Northeast,25302,1214480.68,0.96
zoetis_vet_internal,2024-04,2024-Q2,Pain/Osteoarthritis,OsteoEase Vet,PAN-OSTEOEASE--L,Veterinary,Region,Northeast,15092,618787.36,0.96
zoetis_vet_internal,2024-04,2024-Q2,Pain/Osteoarthritis,OsteoEase Vet,PAN-OSTEOEASE--S,Veterinary,Region,Northeast,20746,850605.17,0.96
zoetis_vet_internal,2024-04,2024-Q2,Pain/Osteoarthritis,PainAway Canine,PAN-PAINAWAY-C-L,Veterinary,Region,Northeast,13391,495477.01,0.96
zoetis_vet_internal,2024-04,2024-Q2,Pain/Osteoarthritis,PainAway Canine,PAN-PAINAWAY-C-S,Veterinary,Region,Northeast,18866,698028.83,0.96
zoetis_vet_internal,2024-04,2024-Q2,Petcare Diagnostics,PetLab Analyzer,DIA-PETLAB-ANA-L,Veterinary,Region,Northeast,33059,495890.26,0.96
zoetis_vet_internal,2024-04,2024-Q2,Petcare Diagnostics,PetLab Analyzer,DIA-PETLAB-ANA-S,Veterinary,Region,Northeast,44796,671937.62,0.96
zoetis_vet_internal,2024-04,2024-Q2,Petcare Diagnostics,RapidVet Dx,DIA-RAPIDVET-D-L,Veterinary,Region,Northeast,52394,838304.22,0.96
zoetis_vet_internal,2024-04,2024-Q2,Petcare Diagnostics,RapidVet Dx,DIA-RAPIDVET-D-S,Veterinary,Region,Northeast,73808,1180934.33,0.96
zoetis_vet_internal,2024-04,2024-Q2,Parasiticides,Simparica Trio,PAR-SIMPARICA--L,Veterinary,Region,Northeast,55758,1561218.31,0.96
zoetis_vet_internal,2024-04,2024-Q2,Parasiticides,Simparica Trio,PAR-SIMPARICA--S,Veterinary,Region,Northeast,80041,2241141.94,0.96
zoetis_vet_internal,2024-04,2024-Q2,Dermatology,SkinRelief Pro,DRM-SKINRELIEF-L,Veterinary,Region,Northeast,12819,628147.7,0.96
zoetis_vet_internal,2024-04,2024-Q2,Dermatology,SkinRelief Pro,DRM-SKINRELIEF-S,Veterinary,Region,Northeast,18696,916102.17,0.96
zoetis_vet_internal,2024-04,2024-Q2,Parasiticides,TickShield Plus,PAR-TICKSHIELD-L,Veterinary,Region,Northeast,30823,739757.33,0.96
zoetis_vet_internal,2024-04,2024-Q2,Parasiticides,TickShield Plus,PAR-TICKSHIELD-S,Veterinary,Region,Northeast,43595,1046278.94,0.96
zoetis_vet_internal,2024-04,2024-Q2,Vaccines,Vanguard,VAC-VANGUARD-L,Veterinary,Region,Northeast,62727,1379989.49,0.96
zoetis_vet_internal,2024-04,2024-Q2,Vaccines,Vanguard,VAC-VANGUARD-S,Veterinary,Region,Northeast,82516,1815362.53,0.96
zoetis_vet_internal,2024-04,2024-Q2,Parasiticides,VectraGuard,PAR-VECTRAGUAR-L,Veterinary,Region,Northeast,38780,1008276.63,0.96
zoetis_vet_internal,2024-04,2024-Q2,Parasiticides,VectraGuard,PAR-VECTRAGUAR-S,Veterinary,Region,Northeast,54403,1414487.46,0.96
zoetis_vet_internal,2024-04,2024-Q2,Vaccines,VetGuard Immunize,VAC-VETGUARD-I-L,Veterinary,Region,Northeast,41586,790140.28,0.96
zoetis_vet_internal,2024-04,2024-Q2,Vaccines,VetGuard Immunize,VAC-VETGUARD-I-S,Veterinary,Region,Northeast,56261,1068956.12,0.96
zoetis_vet_internal,2024-04,2024-Q2,Vaccines,VetSelect Core Vax,VAC-VETSELECT--L,Veterinary,Region,Northeast,36305,508275.69,0.96
zoetis_vet_internal,2024-04,2024-Q2,Vaccines,VetSelect Core Vax,VAC-VETSELECT--S,Veterinary,Region,Northeast,49623,694723.43,0.96
zoetis_vet_internal,2024-04,2024-Q2,Dermatology,VetSelect Derma,DRM-VETSELECT--L,Veterinary,Region,Northeast,12650,480694.88,0.96
zoetis_vet_internal,2024-04,2024-Q2,Dermatology,VetSelect Derma,DRM-VETSELECT--S,Veterinary,Region,Northeast,17651,670729.29,0.96
zoetis_vet_internal,2024-04,2024-Q2,Petcare Diagnostics,VetSelect Dx,DIA-VETSELECT--L,Veterinary,Region,Northeast,26213,314550.86,0.96
zoetis_vet_internal,2024-04,2024-Q2,Petcare Diagnostics,VetSelect Dx,DIA-VETSELECT--S,Veterinary,Region,Northeast,35345,424136.52,0.96
zoetis_vet_internal,2024-04,2024-Q2,Parasiticides,VetSelect Flea & Tick,PAR-VETSELECT--L,Veterinary,Region,Northeast,28991,492844.73,0.96
zoetis_vet_internal,2024-04,2024-Q2,Parasiticides,VetSelect Flea & Tick,PAR-VETSELECT--S,Veterinary,Region,Northeast,39725,675329.52,0.96
zoetis_vet_internal,2024-04,2024-Q2,Pain/Osteoarthritis,VetSelect Joint,PAN-VETSELECT--L,Veterinary,Region,Northeast,12537,363583.22,0.96
zoetis_vet_internal,2024-04,2024-Q2,Pain/Osteoarthritis,VetSelect Joint,PAN-VETSELECT--S,Veterinary,Region,Northeast,17519,508054.77,0.96
zoetis_vet_internal,2024-04,2024-Q2,Petcare Diagnostics,Vetscan,DIA-VETSCAN-L,Veterinary,Region,Northeast,66625,1199254.36,0.96
zoetis_vet_internal,2024-04,2024-Q2,Petcare Diagnostics,Vetscan,DIA-VETSCAN-S,Veterinary,Region,Northeast,92266,1660794.11,0.96
zoetis_vet_internal,2024-04,2024-Q2,Dermatology,AllerVet RX,DRM-ALLERVET-R-L,Veterinary,Region,South,23958,1293734.23,0.96
zoetis_vet_internal,2024-04,2024-Q2,Dermatology,AllerVet RX,DRM-ALLERVET-R-S,Veterinary,Region,South,32393,1749248.47,0.96
zoetis_vet_internal,2024-04,2024-Q2,Dermatology,Apoquel,DRM-APOQUEL-L,Veterinary,Region,South,43227,2809780.54,0.96
zoetis_vet_internal,2024-04,2024-Q2,Dermatology,Apoquel,DRM-APOQUEL-S,Veterinary,Region,South,59552,3870857.92,0.96
zoetis_vet_internal,2024-04,2024-Q2,Vaccines,BioShield Vax,VAC-BIOSHIELD--L,Veterinary,Region,South,68640,1372790.66,0.96
zoetis_vet_internal,2024-04,2024-Q2,Vaccines,BioShield Vax,VAC-BIOSHIELD--S,Veterinary,Region,South,93639,1872788.83,0.96
zoetis_vet_internal,2024-04,2024-Q2,Dermatology,DermaCalm,DRM-DERMACALM-L,Veterinary,Region,South,27224,1578978.21,0.96
zoetis_vet_internal,2024-04,2024-Q2,Dermatology,DermaCalm,DRM-DERMACALM-S,Veterinary,Region,South,38121,2211005.94,0.96
zoetis_vet_internal,2024-04,2024-Q2,Petcare Diagnostics,DiagnosTech Vet,DIA-DIAGNOSTEC-L,Veterinary,Region,South,86470,1469983.15,0.96
zoetis_vet_internal,2024-04,2024-Q2,Petcare Diagnostics,DiagnosTech Vet,DIA-DIAGNOSTEC-S,Veterinary,Region,South,117977,2005616.72,0.96
zoetis_vet_internal,2024-04,2024-Q2,Parasiticides,FleaStop Pro,PAR-FLEASTOP-P-L,Veterinary,Region,South,42695,896604.58,0.96
zoetis_vet_internal,2024-04,2024-Q2,Parasiticides,FleaStop Pro,PAR-FLEASTOP-P-S,Veterinary,Region,South,56879,1194458.86,0.96
zoetis_vet_internal,2024-04,2024-Q2,Pain/Osteoarthritis,FlexiCare Joint,PAN-FLEXICARE--L,Veterinary,Region,South,26636,1171981.54,0.96
zoetis_vet_internal,2024-04,2024-Q2,Pain/Osteoarthritis,FlexiCare Joint,PAN-FLEXICARE--S,Veterinary,Region,South,36997,1627859.34,0.96
zoetis_vet_internal,2024-04,2024-Q2,Vaccines,ImmunoCore Canine,VAC-IMMUNOCORE-L,Veterinary,Region,South,82754,1737840.11,0.96
zoetis_vet_internal,2024-04,2024-Q2,Vaccines,ImmunoCore Canine,VAC-IMMUNOCORE-S,Veterinary,Region,South,117143,2460007.28,0.96
zoetis_vet_internal,2024-04,2024-Q2,Pain/Osteoarthritis,Librela,PAN-LIBRELA-L,Veterinary,Region,South,28263,1356606.16,0.96
zoetis_vet_internal,2024-04,2024-Q2,Pain/Osteoarthritis,Librela,PAN-LIBRELA-S,Veterinary,Region,South,38713,1858230.99,0.96
zoetis_vet_internal,2024-04,2024-Q2,Pain/Osteoarthritis,OsteoEase Vet,PAN-OSTEOEASE--L,Veterinary,Region,South,22373,917304.11,0.96
zoetis_vet_internal,2024-04,2024-Q2,Pain/Osteoarthritis,OsteoEase Vet,PAN-OSTEOEASE--S,Veterinary,Region,South,30633,1255957.36,0.96
zoetis_vet_internal,2024-04,2024-Q2,Pain/Osteoarthritis,PainAway Canine,PAN-PAINAWAY-C-L,Veterinary,Region,South,20614,762727.63,0.96
zoetis_vet_internal,2024-04,2024-Q2,Pain/Osteoarthritis,PainAway Canine,PAN-PAINAWAY-C-S,Veterinary,Region,South,29149,1078526.93,0.96
zoetis_vet_internal,2024-04,2024-Q2,Petcare Diagnostics,PetLab Analyzer,DIA-PETLAB-ANA-L,Veterinary,Region,South,50674,760109.81,0.96
zoetis_vet_internal,2024-04,2024-Q2,Petcare Diagnostics,PetLab Analyzer,DIA-PETLAB-ANA-S,Veterinary,Region,South,68932,1033987.43,0.96
zoetis_vet_internal,2024-04,2024-Q2,Petcare Diagnostics,RapidVet Dx,DIA-RAPIDVET-D-L,Veterinary,Region,South,78765,1260236.72,0.96
zoetis_vet_internal,2024-04,2024-Q2,Petcare Diagnostics,RapidVet Dx,DIA-RAPIDVET-D-S,Veterinary,Region,South,109872,1757957.12,0.96
zoetis_vet_internal,2024-04,2024-Q2,Parasiticides,Simparica Trio,PAR-SIMPARICA--L,Veterinary,Region,South,84477,2365355.15,0.96
zoetis_vet_internal,2024-04,2024-Q2,Parasiticides,Simparica Trio,PAR-SIMPARICA--S,Veterinary,Region,South,125685,3519169.45,0.96
zoetis_vet_internal,2024-04,2024-Q2,Dermatology,SkinRelief Pro,DRM-SKINRELIEF-L,Veterinary,Region,South,20862,1022222.42,0.96
zoetis_vet_internal,2024-04,2024-Q2,Dermatology,SkinRelief Pro,DRM-SKINRELIEF-S,Veterinary,Region,South,30112,1475488.46,0.96
zoetis_vet_internal,2024-04,2024-Q2,Parasiticides,TickShield Plus,PAR-TICKSHIELD-L,Veterinary,Region,South,49192,1180599.63,0.96
zoetis_vet_internal,2024-04,2024-Q2,Parasiticides,TickShield Plus,PAR-TICKSHIELD-S,Veterinary,Region,South,69238,1661707.19,0.96
zoetis_vet_internal,2024-04,2024-Q2,Vaccines,Vanguard,VAC-VANGUARD-L,Veterinary,Region,South,102273,2250011.92,0.96
zoetis_vet_internal,2024-04,2024-Q2,Vaccines,Vanguard,VAC-VANGUARD-S,Veterinary,Region,South,134648,2962258.75,0.96
zoetis_vet_internal,2024-04,2024-Q2,Parasiticides,VectraGuard,PAR-VECTRAGUAR-L,Veterinary,Region,South,60684,1577793.23,0.96
zoetis_vet_internal,2024-04,2024-Q2,Parasiticides,VectraGuard,PAR-VECTRAGUAR-S,Veterinary,Region,South,82724,2150815.83,0.96
zoetis_vet_internal,2024-04,2024-Q2,Vaccines,VetGuard Immunize,VAC-VETGUARD-I-L,Veterinary,Region,South,61156,1161961.59,0.96
zoetis_vet_internal,2024-04,2024-Q2,Vaccines,VetGuard Immunize,VAC-VETGUARD-I-S,Veterinary,Region,South,86661,1646560.66,0.96
zoetis_vet_internal,2024-04,2024-Q2,Vaccines,VetSelect Core Vax,VAC-VETSELECT--L,Veterinary,Region,South,58940,825161.06,0.96
zoetis_vet_internal,2024-04,2024-Q2,Vaccines,VetSelect Core Vax,VAC-VETSELECT--S,Veterinary,Region,South,81205,1136869.42,0.96
zoetis_vet_internal,2024-04,2024-Q2,Dermatology,VetSelect Derma,DRM-VETSELECT--L,Veterinary,Region,South,19288,732925.2,0.96
zoetis_vet_internal,2024-04,2024-Q2,Dermatology,VetSelect Derma,DRM-VETSELECT--S,Veterinary,Region,South,25182,956898.6,0.96
zoetis_vet_internal,2024-04,2024-Q2,Petcare Diagnostics,VetSelect Dx,DIA-VETSELECT--L,Veterinary,Region,South,39400,472800.35,0.96
zoetis_vet_internal,2024-04,2024-Q2,Petcare Diagnostics,VetSelect Dx,DIA-VETSELECT--S,Veterinary,Region,South,54928,659141.3,0.96
zoetis_vet_internal,2024-04,2024-Q2,Parasiticides,VetSelect Flea & Tick,PAR-VETSELECT--L,Veterinary,Region,South,45964,781384.37,0.96
zoetis_vet_internal,2024-04,2024-Q2,Parasiticides,VetSelect Flea & Tick,PAR-VETSELECT--S,Veterinary,Region,South,62077,1055310.41,0.96
zoetis_vet_internal,2024-04,2024-Q2,Pain/Osteoarthritis,VetSelect Joint,PAN-VETSELECT--L,Veterinary,Region,South,20256,587413.06,0.96
zoetis_vet_internal,2024-04,2024-Q2,Pain/Osteoarthritis,VetSelect Joint,PAN-VETSELECT--S,Veterinary,Region,South,27844,807490.15,0.96
zoetis_vet_internal,2024-04,2024-Q2,Petcare Diagnostics,Vetscan,DIA-VETSCAN-L,Veterinary,Region,South,101185,1821324.15,0.96
zoetis_vet_internal,2024-04,2024-Q2,Petcare Diagnostics,Vetscan,DIA-VETSCAN-S,Veterinary,Region,South,139250,2506502.75,0.96
zoetis_vet_internal,2024-04,2024-Q2,Dermatology,AllerVet RX,DRM-ALLERVET-R-L,Veterinary,Region,West,18821,1016358.63,0.96
zoetis_vet_internal,2024-04,2024-Q2,Dermatology,AllerVet RX,DRM-ALLERVET-R-S,Veterinary,Region,West,24689,1333179.13,0.96
zoetis_vet_internal,2024-04,2024-Q2,Dermatology,Apoquel,DRM-APOQUEL-L,Veterinary,Region,West,29570,1922062.12,0.96
zoetis_vet_internal,2024-04,2024-Q2,Dermatology,Apoquel,DRM-APOQUEL-S,Veterinary,Region,West,39624,2575578.41,0.96
zoetis_vet_internal,2024-04,2024-Q2,Vaccines,BioShield Vax,VAC-BIOSHIELD--L,Veterinary,Region,West,49102,982050.0,0.96
zoetis_vet_internal,2024-04,2024-Q2,Vaccines,BioShield Vax,VAC-BIOSHIELD--S,Veterinary,Region,West,68937,1378739.76,0.96
zoetis_vet_internal,2024-04,2024-Q2,Dermatology,DermaCalm,DRM-DERMACALM-L,Veterinary,Region,West,17779,1031160.85,0.96
zoetis_vet_internal,2024-04,2024-Q2,Dermatology,DermaCalm,DRM-DERMACALM-S,Veterinary,Region,West,24668,1430752.75,0.96
zoetis_vet_internal,2024-04,2024-Q2,Petcare Diagnostics,DiagnosTech Vet,DIA-DIAGNOSTEC-L,Veterinary,Region,West,56994,968905.5,0.96
zoetis_vet_internal,2024-04,2024-Q2,Petcare Diagnostics,DiagnosTech Vet,DIA-DIAGNOSTEC-S,Veterinary,Region,West,79670,1354387.32,0.96
zoetis_vet_internal,2024-04,2024-Q2,Parasiticides,FleaStop Pro,PAR-FLEASTOP-P-L,Veterinary,Region,West,29730,624324.33,0.96
zoetis_vet_internal,2024-04,2024-Q2,Parasiticides,FleaStop Pro,PAR-FLEASTOP-P-S,Veterinary,Region,West,38972,818418.55,0.96
zoetis_vet_internal,2024-04,2024-Q2,Pain/Osteoarthritis,FlexiCare Joint,PAN-FLEXICARE--L,Veterinary,Region,West,17169,755439.58,0.96
zoetis_vet_internal,2024-04,2024-Q2,Pain/Osteoarthritis,FlexiCare Joint,PAN-FLEXICARE--S,Veterinary,Region,West,24366,1072085.4,0.96
zoetis_vet_internal,2024-04,2024-Q2,Vaccines,ImmunoCore Canine,VAC-IMMUNOCORE-L,Veterinary,Region,West,56873,1194331.96,0.96
zoetis_vet_internal,2024-04,2024-Q2,Vaccines,ImmunoCore Canine,VAC-IMMUNOCORE-S,Veterinary,Region,West,79262,1664501.99,0.96
zoetis_vet_internal,2024-04,2024-Q2,Pain/Osteoarthritis,Librela,PAN-LIBRELA-L,Veterinary,Region,West,18315,879104.54,0.96
zoetis_vet_internal,2024-04,2024-Q2,Pain/Osteoarthritis,Librela,PAN-LIBRELA-S,Veterinary,Region,West,25736,1235342.89,0.96
zoetis_vet_internal,2024-04,2024-Q2,Pain/Osteoarthritis,OsteoEase Vet,PAN-OSTEOEASE--L,Veterinary,Region,West,16057,658351.48,0.96
zoetis_vet_internal,2024-04,2024-Q2,Pain/Osteoarthritis,OsteoEase Vet,PAN-OSTEOEASE--S,Veterinary,Region,West,22402,918480.33,0.96
zoetis_vet_internal,2024-04,2024-Q2,Pain/Osteoarthritis,PainAway Canine,PAN-PAINAWAY-C-L,Veterinary,Region,West,14379,532036.83,0.96
zoetis_vet_internal,2024-04,2024-Q2,Pain/Osteoarthritis,PainAway Canine,PAN-PAINAWAY-C-S,Veterinary,Region,West,21234,785643.98,0.96
zoetis_vet_internal,2024-04,2024-Q2,Petcare Diagnostics,PetLab Analyzer,DIA-PETLAB-ANA-L,Veterinary,Region,West,35947,539205.66,0.96
zoetis_vet_internal,2024-04,2024-Q2,Petcare Diagnostics,PetLab Analyzer,DIA-PETLAB-ANA-S,Veterinary,Region,West,48693,730398.3,0.96
zoetis_vet_internal,2024-04,2024-Q2,Petcare Diagnostics,RapidVet Dx,DIA-RAPIDVET-D-L,Veterinary,Region,West,55356,885693.43,0.96
zoetis_vet_internal,2024-04,2024-Q2,Petcare Diagnostics,RapidVet Dx,DIA-RAPIDVET-D-S,Veterinary,Region,West,78677,1258837.11,0.96
zoetis_vet_internal,2024-04,2024-Q2,Parasiticides,Simparica Trio,PAR-SIMPARICA--L,Veterinary,Region,West,59724,1672280.34,0.96
zoetis_vet_internal,2024-04,2024-Q2,Parasiticides,Simparica Trio,PAR-SIMPARICA--S,Veterinary,Region,West,79646,2230094.04,0.96
zoetis_vet_internal,2024-04,2024-Q2,Dermatology,SkinRelief Pro,DRM-SKINRELIEF-L,Veterinary,Region,West,13976,684809.88,0.96
zoetis_vet_internal,2024-04,2024-Q2,Dermatology,SkinRelief Pro,DRM-SKINRELIEF-S,Veterinary,Region,West,19542,957553.82,0.96
zoetis_vet_internal,2024-04,2024-Q2,Parasiticides,TickShield Plus,PAR-TICKSHIELD-L,Veterinary,Region,West,31516,756392.52,0.96
zoetis_vet_internal,2024-04,2024-Q2,Parasiticides,TickShield Plus,PAR-TICKSHIELD-S,Veterinary,Region,West,44009,1056223.06,0.96
zoetis_vet_internal,2024-04,2024-Q2,Vaccines,Vanguard,VAC-VANGUARD-L,Veterinary,Region,West,70440,1549685.25,0.96
zoetis_vet_internal,2024-04,2024-Q2,Vaccines,Vanguard,VAC-VANGUARD-S,Veterinary,Region,West,97398,2142755.45,0.96
zoetis_vet_internal,2024-04,2024-Q2,Parasiticides,VectraGuard,PAR-VECTRAGUAR-L,Veterinary,Region,West,39143,1017707.82,0.96
zoetis_vet_internal,2024-04,2024-Q2,Parasiticides,VectraGuard,PAR-VECTRAGUAR-S,Veterinary,Region,West,53594,1393451.62,0.96
zoetis_vet_internal,2024-04,2024-Q2,Vaccines,VetGuard Immunize,VAC-VETGUARD-I-L,Veterinary,Region,West,41768,793595.71,0.96
zoetis_vet_internal,2024-04,2024-Q2,Vaccines,VetGuard Immunize,VAC-VETGUARD-I-S,Veterinary,Region,West,60396,1147529.01,0.96
zoetis_vet_internal,2024-04,2024-Q2,Vaccines,VetSelect Core Vax,VAC-VETSELECT--L,Veterinary,Region,West,37369,523164.81,0.96
zoetis_vet_internal,2024-04,2024-Q2,Vaccines,VetSelect Core Vax,VAC-VETSELECT--S,Veterinary,Region,West,53143,743999.1,0.96
zoetis_vet_internal,2024-04,2024-Q2,Dermatology,VetSelect Derma,DRM-VETSELECT--L,Veterinary,Region,West,12530,476147.59,0.96
zoetis_vet_internal,2024-04,2024-Q2,Dermatology,VetSelect Derma,DRM-VETSELECT--S,Veterinary,Region,West,17553,667011.04,0.96
zoetis_vet_internal,2024-04,2024-Q2,Petcare Diagnostics,VetSelect Dx,DIA-VETSELECT--L,Veterinary,Region,West,26135,313621.04,0.96
zoetis_vet_internal,2024-04,2024-Q2,Petcare Diagnostics,VetSelect Dx,DIA-VETSELECT--S,Veterinary,Region,West,36224,434685.91,0.96
zoetis_vet_internal,2024-04,2024-Q2,Parasiticides,VetSelect Flea & Tick,PAR-VETSELECT--L,Veterinary,Region,West,30279,514741.98,0.96
zoetis_vet_internal,2024-04,2024-Q2,Parasiticides,VetSelect Flea & Tick,PAR-VETSELECT--S,Veterinary,Region,West,40587,689986.17,0.96
zoetis_vet_internal,2024-04,2024-Q2,Pain/Osteoarthritis,VetSelect Joint,PAN-VETSELECT--L,Veterinary,Region,West,14333,415655.25,0.96
zoetis_vet_internal,2024-04,2024-Q2,Pain/Osteoarthritis,VetSelect Joint,PAN-VETSELECT--S,Veterinary,Region,West,20304,588809.86,0.96
zoetis_vet_internal,2024-04,2024-Q2,Petcare Diagnostics,Vetscan,DIA-VETSCAN-L,Veterinary,Region,West,70290,1265224.29,0.96
zoetis_vet_internal,2024-04,2024-Q2,Petcare Diagnostics,Vetscan,DIA-VETSCAN-S,Veterinary,Region,West,91571,1648272.63,0.96
zoetis_vet_internal,2024-05,2024-Q2,Dermatology,AllerVet RX,DRM-ALLERVET-R-L,Veterinary,National,National,80056,4322989.97,0.96
zoetis_vet_internal,2024-05,2024-Q2,Dermatology,AllerVet RX,DRM-ALLERVET-R-S,Veterinary,National,National,111109,5999896.96,0.96
zoetis_vet_internal,2024-05,2024-Q2,Dermatology,Apoquel,DRM-APOQUEL-L,Veterinary,National,National,144531,9394480.88,0.96
zoetis_vet_internal,2024-05,2024-Q2,Dermatology,Apoquel,DRM-APOQUEL-S,Veterinary,National,National,194039,12612470.23,0.96
zoetis_vet_internal,2024-05,2024-Q2,Vaccines,BioShield Vax,VAC-BIOSHIELD--L,Veterinary,National,National,219624,4392472.02,0.96
zoetis_vet_internal,2024-05,2024-Q2,Vaccines,BioShield Vax,VAC-BIOSHIELD--S,Veterinary,National,National,302137,6042742.35,0.96
zoetis_vet_internal,2024-05,2024-Q2,Dermatology,DermaCalm,DRM-DERMACALM-L,Veterinary,National,National,89460,5188656.26,0.96
zoetis_vet_internal,2024-05,2024-Q2,Dermatology,DermaCalm,DRM-DERMACALM-S,Veterinary,National,National,122323,7094746.98,0.96
zoetis_vet_internal,2024-05,2024-Q2,Petcare Diagnostics,DiagnosTech Vet,DIA-DIAGNOSTEC-L,Veterinary,National,National,252021,4284364.34,0.96
zoetis_vet_internal,2024-05,2024-Q2,Petcare Diagnostics,DiagnosTech Vet,DIA-DIAGNOSTEC-S,Veterinary,National,National,352988,6000806.3,0.96
zoetis_vet_internal,2024-05,2024-Q2,Parasiticides,FleaStop Pro,PAR-FLEASTOP-P-L,Veterinary,National,National,138087,2899823.68,0.96
zoetis_vet_internal,2024-05,2024-Q2,Parasiticides,FleaStop Pro,PAR-FLEASTOP-P-S,Veterinary,National,National,189430,3978029.8,0.96
zoetis_vet_internal,2024-05,2024-Q2,Pain/Osteoarthritis,FlexiCare Joint,PAN-FLEXICARE--L,Veterinary,National,National,69099,3040315.51,0.96
zoetis_vet_internal,2024-05,2024-Q2,Pain/Osteoarthritis,FlexiCare Joint,PAN-FLEXICARE--S,Veterinary,National,National,95662,4209143.35,0.96
zoetis_vet_internal,2024-05,2024-Q2,Vaccines,ImmunoCore Canine,VAC-IMMUNOCORE-L,Veterinary,National,National,254061,5335315.25,0.96
zoetis_vet_internal,2024-05,2024-Q2,Vaccines,ImmunoCore Canine,VAC-IMMUNOCORE-S,Veterinary,National,National,353101,7415114.46,0.96
zoetis_vet_internal,2024-05,2024-Q2,Pain/Osteoarthritis,Librela,PAN-LIBRELA-L,Veterinary,National,National,80579,3867779.14,0.96
zoetis_vet_internal,2024-05,2024-Q2,Pain/Osteoarthritis,Librela,PAN-LIBRELA-S,Veterinary,National,National,111084,5332035.45,0.96
zoetis_vet_internal,2024-05,2024-Q2,Pain/Osteoarthritis,OsteoEase Vet,PAN-OSTEOEASE--L,Veterinary,National,National,66280,2717446.89,0.96
zoetis_vet_internal,2024-05,2024-Q2,Pain/Osteoarthritis,OsteoEase Vet,PAN-OSTEOEASE--S,Veterinary,National,National,90694,3718446.43,0.96
zoetis_vet_internal,2024-05,2024-Q2,Pain/Osteoarthritis,PainAway Canine,PAN-PAINAWAY-C-L,Veterinary,National,National,58763,2174213.02,0.96
zoetis_vet_internal,2024-05,2024-Q2,Pain/Osteoarthritis,PainAway Canine,PAN-PAINAWAY-C-S,Veterinary,National,National,80900,2993336.79,0.96
zoetis_vet_internal,2024-05,2024-Q2,Petcare Diagnostics,PetLab Analyzer,DIA-PETLAB-ANA-L,Veterinary,National,National,145616,2184241.67,0.96
zoetis_vet_internal,2024-05,2024-Q2,Petcare Diagnostics,PetLab Analyzer,DIA-PETLAB-ANA-S,Veterinary,National,National,204196,3062941.7,0.96
zoetis_vet_internal,2024-05,2024-Q2,Petcare Diagnostics,RapidVet Dx,DIA-RAPIDVET-D-L,Veterinary,National,National,229677,3674820.51,0.96
zoetis_vet_internal,2024-05,2024-Q2,Petcare Diagnostics,RapidVet Dx,DIA-RAPIDVET-D-S,Veterinary,National,National,312337,4997400.54,0.96
zoetis_vet_internal,2024-05,2024-Q2,Parasiticides,Simparica Trio,PAR-SIMPARICA--L,Veterinary,National,National,282102,7898835.83,0.96
zoetis_vet_internal,2024-05,2024-Q2,Parasiticides,Simparica Trio,PAR-SIMPARICA--S,Veterinary,National,National,392352,10985868.06,0.96
zoetis_vet_internal,2024-05,2024-Q2,Dermatology,SkinRelief Pro,DRM-SKINRELIEF-L,Veterinary,National,National,68873,3374795.58,0.96
zoetis_vet_internal,2024-05,2024-Q2,Dermatology,SkinRelief Pro,DRM-SKINRELIEF-S,Veterinary,National,National,96688,4737722.91,0.96
zoetis_vet_internal,2024-05,2024-Q2,Parasiticides,TickShield Plus,PAR-TICKSHIELD-L,Veterinary,National,National,164008,3936198.47,0.96
zoetis_vet_internal,2024-05,2024-Q2,Parasiticides,TickShield Plus,PAR-TICKSHIELD-S,Veterinary,National,National,221431,5314340.57,0.96
zoetis_vet_internal,2024-05,2024-Q2,Vaccines,Vanguard,VAC-VANGUARD-L,Veterinary,National,National,308426,6785367.95,0.96
zoetis_vet_internal,2024-05,2024-Q2,Vaccines,Vanguard,VAC-VANGUARD-S,Veterinary,National,National,420371,9248147.47,0.96
zoetis_vet_internal,2024-05,2024-Q2,Parasiticides,VectraGuard,PAR-VECTRAGUAR-L,Veterinary,National,National,197377,5131810.14,0.96
zoetis_vet_internal,2024-05,2024-Q2,Parasiticides,VectraGuard,PAR-VECTRAGUAR-S,Veterinary,National,National,269745,7013404.62,0.96
zoetis_vet_internal,2024-05,2024-Q2,Vaccines,VetGuard Immunize,VAC-VETGUARD-I-L,Veterinary,National,National,186662,3546567.3,0.96
zoetis_vet_internal,2024-05,2024-Q2,Vaccines,VetGuard Immunize,VAC-VETGUARD-I-S,Veterinary,National,National,255066,4846257.49,0.96
zoetis_vet_internal,2024-05,2024-Q2,Vaccines,VetSelect Core Vax,VAC-VETSELECT--L,Veterinary,National,National,164740,2306374.43,0.96
zoetis_vet_internal,2024-05,2024-Q2,Vaccines,VetSelect Core Vax,VAC-VETSELECT--S,Veterinary,National,National,225424,3155925.3,0.96
zoetis_vet_internal,2024-05,2024-Q2,Dermatology,VetSelect Derma,DRM-VETSELECT--L,Veterinary,National,National,58085,2207181.93,0.96
zoetis_vet_internal,2024-05,2024-Q2,Dermatology,VetSelect Derma,DRM-VETSELECT--S,Veterinary,National,National,80324,3052320.4,0.96
zoetis_vet_internal,2024-05,2024-Q2,Petcare Diagnostics,VetSelect Dx,DIA-VETSELECT--L,Veterinary,National,National,112250,1346994.61,0.96
zoetis_vet_internal,2024-05,2024-Q2,Petcare Diagnostics,VetSelect Dx,DIA-VETSELECT--S,Veterinary,National,National,154330,1851945.11,0.96
zoetis_vet_internal,2024-05,2024-Q2,Parasiticides,VetSelect Flea & Tick,PAR-VETSELECT--L,Veterinary,National,National,152017,2584296.46,0.96
zoetis_vet_internal,2024-05,2024-Q2,Parasiticides,VetSelect Flea & Tick,PAR-VETSELECT--S,Veterinary,National,National,209456,3560760.64,0.96
zoetis_vet_internal,2024-05,2024-Q2,Pain/Osteoarthritis,VetSelect Joint,PAN-VETSELECT--L,Veterinary,National,National,55074,1597162.11,0.96
zoetis_vet_internal,2024-05,2024-Q2,Pain/Osteoarthritis,VetSelect Joint,PAN-VETSELECT--S,Veterinary,National,National,76391,2215354.18,0.96
zoetis_vet_internal,2024-05,2024-Q2,Petcare Diagnostics,Vetscan,DIA-VETSCAN-L,Veterinary,National,National,302058,5437043.17,0.96
zoetis_vet_internal,2024-05,2024-Q2,Petcare Diagnostics,Vetscan,DIA-VETSCAN-S,Veterinary,National,National,412314,7421665.68,0.96
zoetis_vet_internal,2024-05,2024-Q2,Dermatology,AllerVet RX,DRM-ALLERVET-R-L,Veterinary,Region,Midwest,16982,917029.21,0.96
zoetis_vet_internal,2024-05,2024-Q2,Dermatology,AllerVet RX,DRM-ALLERVET-R-S,Veterinary,Region,Midwest,22686,1225060.86,0.96
zoetis_vet_internal,2024-05,2024-Q2,Dermatology,Apoquel,DRM-APOQUEL-L,Veterinary,Region,Midwest,29073,1889756.54,0.96
zoetis_vet_internal,2024-05,2024-Q2,Dermatology,Apoquel,DRM-APOQUEL-S,Veterinary,Region,Midwest,40406,2626376.2,0.96
zoetis_vet_internal,2024-05,2024-Q2,Vaccines,BioShield Vax,VAC-BIOSHIELD--L,Veterinary,Region,Midwest,45499,909970.91,0.96
zoetis_vet_internal,2024-05,2024-Q2,Vaccines,BioShield Vax,VAC-BIOSHIELD--S,Veterinary,Region,Midwest,62706,1254110.1,0.96
zoetis_vet_internal,2024-05,2024-Q2,Dermatology,DermaCalm,DRM-DERMACALM-L,Veterinary,Region,Midwest,18837,1092550.35,0.96
zoetis_vet_internal,2024-05,2024-Q2,Dermatology,DermaCalm,DRM-DERMACALM-S,Veterinary,Region,Midwest,26036,1510065.06,0.96
zoetis_vet_internal,2024-05,2024-Q2,Petcare Diagnostics,DiagnosTech Vet,DIA-DIAGNOSTEC-L,Veterinary,Region,Midwest,55389,941621.06,0.96
zoetis_vet_internal,2024-05,2024-Q2,Petcare Diagnostics,DiagnosTech Vet,DIA-DIAGNOSTEC-S,Veterinary,Region,Midwest,77168,1311853.26,0.96
zoetis_vet_internal,2024-05,2024-Q2,Parasiticides,FleaStop Pro,PAR-FLEASTOP-P-L,Veterinary,Region,Midwest,30442,639284.56,0.96
zoetis_vet_internal,2024-05,2024-Q2,Parasiticides,FleaStop Pro,PAR-FLEASTOP-P-S,Veterinary,Region,Midwest,43092,904934.33,0.96
zoetis_vet_internal,2024-05,2024-Q2,Pain/Osteoarthritis,FlexiCare Joint,PAN-FLEXICARE--L,Veterinary,Region,Midwest,14771,649902.54,0.96
zoetis_vet_internal,2024-05,2024-Q2,Pain/Osteoarthritis,FlexiCare Joint,PAN-FLEXICARE--S,Veterinary,Region,Midwest,20498,901929.16,0.96
zoetis_vet_internal,2024-05,2024-Q2,Vaccines,ImmunoCore Canine,VAC-IMMUNOCORE-L,Veterinary,Region,Midwest,52176,1095705.39,0.96
zoetis_vet_internal,2024-05,2024-Q2,Vaccines,ImmunoCore Canine,VAC-IMMUNOCORE-S,Veterinary,Region,Midwest,71136,1493861.0,0.96
zoetis_vet_internal,2024-05,2024-Q2,Pain/Osteoarthritis,Librela,PAN-LIBRELA-L,Veterinary,Region,Midwest,16588,796228.47,0.96
zoetis_vet_internal,2024-05,2024-Q2,Pain/Osteoarthritis,Librela,PAN-LIBRELA-S,Veterinary,Region,Midwest,23642,1134818.58,0.96
zoetis_vet_internal,2024-05,2024-Q2,Pain/Osteoarthritis,OsteoEase Vet,PAN-OSTEOEASE--L,Veterinary,Region,Midwest,14882,610164.3,0.96
zoetis_vet_internal,2024-05,2024-Q2,Pain/Osteoarthritis,OsteoEase Vet,PAN-OSTEOEASE--S,Veterinary,Region,Midwest,20076,823120.43,0.96
zoetis_vet_internal,2024-05,2024-Q2,Pain/Osteoarthritis,PainAway Canine,PAN-PAINAWAY-C-L,Veterinary,Region,Midwest,12401,458838.43,0.96
zoetis_vet_internal,2024-05,2024-Q2,Pain/Osteoarthritis,PainAway Canine,PAN-PAINAWAY-C-S,Veterinary,Region,Midwest,17789,658208.74,0.96
zoetis_vet_internal,2024-05,2024-Q2,Petcare Diagnostics,PetLab Analyzer,DIA-PETLAB-ANA-L,Veterinary,Region,Midwest,30154,452312.8,0.96
zoetis_vet_internal,2024-05,2024-Q2,Petcare Diagnostics,PetLab Analyzer,DIA-PETLAB-ANA-S,Veterinary,Region,Midwest,42504,637566.26,0.96
zoetis_vet_internal,2024-05,2024-Q2,Petcare Diagnostics,RapidVet Dx,DIA-RAPIDVET-D-L,Veterinary,Region,Midwest,48601,777610.55,0.96
zoetis_vet_internal,2024-05,2024-Q2,Petcare Diagnostics,RapidVet Dx,DIA-RAPIDVET-D-S,Veterinary,Region,Midwest,63630,1018086.87,0.96
zoetis_vet_internal,2024-05,2024-Q2,Parasiticides,Simparica Trio,PAR-SIMPARICA--L,Veterinary,Region,Midwest,59802,1674444.88,0.96
zoetis_vet_internal,2024-05,2024-Q2,Parasiticides,Simparica Trio,PAR-SIMPARICA--S,Veterinary,Region,Midwest,84972,2379215.12,0.96
zoetis_vet_internal,2024-05,2024-Q2,Dermatology,SkinRelief Pro,DRM-SKINRELIEF-L,Veterinary,Region,Midwest,14286,700028.57,0.96
zoetis_vet_internal,2024-05,2024-Q2,Dermatology,SkinRelief Pro,DRM-SKINRELIEF-S,Veterinary,Region,Midwest,20251,992298.94,0.96
zoetis_vet_internal,2024-05,2024-Q2,Parasiticides,TickShield Plus,PAR-TICKSHIELD-L,Veterinary,Region,Midwest,34931,838343.78,0.96
zoetis_vet_internal,2024-05,2024-Q2,Parasiticides,TickShield Plus,PAR-TICKSHIELD-S,Veterinary,Region,Midwest,50725,1217408.93,0.96
zoetis_vet_internal,2024-05,2024-Q2,Vaccines,Vanguard,VAC-VANGUARD-L,Veterinary,Region,Midwest,65157,1433447.72,0.96
zoetis_vet_internal,2024-05,2024-Q2,Vaccines,Vanguard,VAC-VANGUARD-S,Veterinary,Region,Midwest,86573,1904602.33,0.96
zoetis_vet_internal,2024-05,2024-Q2,Parasiticides,VectraGuard,PAR-VECTRAGUAR-L,Veterinary,Region,Midwest,41229,1071964.63,0.96
zoetis_vet_internal,2024-05,2024-Q2,Parasiticides,VectraGuard,PAR-VECTRAGUAR-S,Veterinary,Region,Midwest,56615,1472002.73,0.96
zoetis_vet_internal,2024-05,2024-Q2,Vaccines,VetGuard Immunize,VAC-VETGUARD-I-L,Veterinary,Region,Midwest,40694,773179.87,0.96
zoetis_vet_internal,2024-05,2024-Q2,Vaccines,VetGuard Immunize,VAC-VETGUARD-I-S,Veterinary,Region,Midwest,54631,1037995.1,0.96
zoetis_vet_internal,2024-05,2024-Q2,Vaccines,VetSelect Core Vax,VAC-VETSELECT--L,Veterinary,Region,Midwest,34476,482668.08,0.96
zoetis_vet_internal,2024-05,2024-Q2,Vaccines,VetSelect Core Vax,VAC-VETSELECT--S,Veterinary,Region,Midwest,49011,686152.15,0.96
zoetis_vet_internal,2024-05,2024-Q2,Dermatology,VetSelect Derma,DRM-VETSELECT--L,Veterinary,Region,Midwest,12341,468944.92,0.96
zoetis_vet_internal,2024-05,2024-Q2,Dermatology,VetSelect Derma,DRM-VETSELECT--S,Veterinary,Region,Midwest,16842,640011.92,0.96
zoetis_vet_internal,2024-05,2024-Q2,Petcare Diagnostics,VetSelect Dx,DIA-VETSELECT--L,Veterinary,Region,Midwest,22383,268593.13,0.96
zoetis_vet_internal,2024-05,2024-Q2,Petcare Diagnostics,VetSelect Dx,DIA-VETSELECT--S,Veterinary,Region,Midwest,30076,360907.45,0.96
zoetis_vet_internal,2024-05,2024-Q2,Parasiticides,VetSelect Flea & Tick,PAR-VETSELECT--L,Veterinary,Region,Midwest,30598,520162.0,0.96
zoetis_vet_internal,2024-05,2024-Q2,Parasiticides,VetSelect Flea & Tick,PAR-VETSELECT--S,Veterinary,Region,Midwest,41738,709542.53,0.96
zoetis_vet_internal,2024-05,2024-Q2,Pain/Osteoarthritis,VetSelect Joint,PAN-VETSELECT--L,Veterinary,Region,Midwest,12049,349413.17,0.96
zoetis_vet_internal,2024-05,2024-Q2,Pain/Osteoarthritis,VetSelect Joint,PAN-VETSELECT--S,Veterinary,Region,Midwest,16794,487028.47,0.96
zoetis_vet_internal,2024-05,2024-Q2,Petcare Diagnostics,Vetscan,DIA-VETSCAN-L,Veterinary,Region,Midwest,63144,1136588.32,0.96
zoetis_vet_internal,2024-05,2024-Q2,Petcare Diagnostics,Vetscan,DIA-VETSCAN-S,Veterinary,Region,Midwest,88758,1597647.98,0.96
zoetis_vet_internal,2024-05,2024-Q2,Dermatology,AllerVet RX,DRM-ALLERVET-R-L,Veterinary,Region,Northeast,18121,978515.58,0.96
zoetis_vet_internal,2024-05,2024-Q2,Dermatology,AllerVet RX,DRM-ALLERVET-R-S,Veterinary,Region,Northeast,24787,1338514.55,0.96
zoetis_vet_internal,2024-05,2024-Q2,Dermatology,Apoquel,DRM-APOQUEL-L,Veterinary,Region,Northeast,33473,2175730.48,0.96
zoetis_vet_internal,2024-05,2024-Q2,Dermatology,Apoquel,DRM-APOQUEL-S,Veterinary,Region,Northeast,44885,2917506.54,0.96
zoetis_vet_internal,2024-05,2024-Q2,Vaccines,BioShield Vax,VAC-BIOSHIELD--L,Veterinary,Region,Northeast,49265,985303.35,0.96
zoetis_vet_internal,2024-05,2024-Q2,Vaccines,BioShield Vax,VAC-BIOSHIELD--S,Veterinary,Region,Northeast,68911,1378229.13,0.96
zoetis_vet_internal,2024-05,2024-Q2,Dermatology,DermaCalm,DRM-DERMACALM-L,Veterinary,Region,Northeast,20317,1178381.77,0.96
zoetis_vet_internal,2024-05,2024-Q2,Dermatology,DermaCalm,DRM-DERMACALM-S,Veterinary,Region,Northeast,27264,1581329.85,0.96
zoetis_vet_internal,2024-05,2024-Q2,Petcare Diagnostics,DiagnosTech Vet,DIA-DIAGNOSTEC-L,Veterinary,Region,Northeast,55842,949314.52,0.96
zoetis_vet_internal,2024-05,2024-Q2,Petcare Diagnostics,DiagnosTech Vet,DIA-DIAGNOSTEC-S,Veterinary,Region,Northeast,76628,1302683.53,0.96
zoetis_vet_internal,2024-05,2024-Q2,Parasiticides,FleaStop Pro,PAR-FLEASTOP-P-L,Veterinary,Region,Northeast,29892,627732.51,0.96
zoetis_vet_internal,2024-05,2024-Q2,Parasiticides,FleaStop Pro,PAR-FLEASTOP-P-S,Veterinary,Region,Northeast,40908,859062.18,0.96
zoetis_vet_internal,2024-05,2024-Q2,Pain/Osteoarthritis,FlexiCare Joint,PAN-FLEXICARE--L,Veterinary,Region,Northeast,14452,635873.7,0.96
zoetis_vet_internal,2024-05,2024-Q2,Pain/Osteoarthritis,FlexiCare Joint,PAN-FLEXICARE--S,Veterinary,Region,Northeast,20644,908315.0,0.96
zoetis_vet_internal,2024-05,2024-Q2,Vaccines,ImmunoCore Canine,VAC-IMMUNOCORE-L,Veterinary,Region,Northeast,57111,1199338.38,0.96
zoetis_vet_internal,2024-05,2024-Q2,Vaccines,ImmunoCore Canine,VAC-IMMUNOCORE-S,Veterinary,Region,Northeast,81593,1713443.24,0.96
zoetis_vet_internal,2024-05,2024-Q2,Pain/Osteoarthritis,Librela,PAN-LIBRELA-L,Veterinary,Region,Northeast,18469,886509.17,0.96
zoetis_vet_internal,2024-05,2024-Q2,Pain/Osteoarthritis,Librela,PAN-LIBRELA-S,Veterinary,Region,Northeast,24708,1185987.03,0.96
zoetis_vet_internal,2024-05,2024-Q2,Pain/Osteoarthritis,OsteoEase Vet,PAN-OSTEOEASE--L,Veterinary,Region,Northeast,14182,581457.65,0.96
zoetis_vet_internal,2024-05,2024-Q2,Pain/Osteoarthritis,OsteoEase Vet,PAN-OSTEOEASE--S,Veterinary,Region,Northeast,20056,822297.2,0.96
zoetis_vet_internal,2024-05,2024-Q2,Pain/Osteoarthritis,PainAway Canine,PAN-PAINAWAY-C-L,Veterinary,Region,Northeast,13130,485804.07,0.96
zoetis_vet_internal,2024-05,2024-Q2,Pain/Osteoarthritis,PainAway Canine,PAN-PAINAWAY-C-S,Veterinary,Region,Northeast,17578,650402.29,0.96
zoetis_vet_internal,2024-05,2024-Q2,Petcare Diagnostics,PetLab Analyzer,DIA-PETLAB-ANA-L,Veterinary,Region,Northeast,32851,492765.94,0.96
zoetis_vet_internal,2024-05,2024-Q2,Petcare Diagnostics,PetLab Analyzer,DIA-PETLAB-ANA-S,Veterinary,Region,Northeast,46052,690776.36,0.96
zoetis_vet_internal,2024-05,2024-Q2,Petcare Diagnostics,RapidVet Dx,DIA-RAPIDVET-D-L,Veterinary,Region,Northeast,50465,807438.32,0.96
zoetis_vet_internal,2024-05,2024-Q2,Petcare Diagnostics,RapidVet Dx,DIA-RAPIDVET-D-S,Veterinary,Region,Northeast,69572,1113147.05,0.96
zoetis_vet_internal,2024-05,2024-Q2,Parasiticides,Simparica Trio,PAR-SIMPARICA--L,Veterinary,Region,Northeast,60986,1707609.42,0.96
zoetis_vet_internal,2024-05,2024-Q2,Parasiticides,Simparica Trio,PAR-SIMPARICA--S,Veterinary,Region,Northeast,85229,2386424.43,0.96
zoetis_vet_internal,2024-05,2024-Q2,Dermatology,SkinRelief Pro,DRM-SKINRELIEF-L,Veterinary,Region,Northeast,14995,734752.49,0.96
zoetis_vet_internal,2024-05,2024-Q2,Dermatology,SkinRelief Pro,DRM-SKINRELIEF-S,Veterinary,Region,Northeast,21409,1049060.3,0.96
zoetis_vet_internal,2024-05,2024-Q2,Parasiticides,TickShield Plus,PAR-TICKSHIELD-L,Veterinary,Region,Northeast,34824,835781.04,0.96
zoetis_vet_internal,2024-05,2024-Q2,Parasiticides,TickShield Plus,PAR-TICKSHIELD-S,Veterinary,Region,Northeast,47037,1128887.46,0.96
zoetis_vet_internal,2024-05,2024-Q2,Vaccines,Vanguard,VAC-VANGUARD-L,Veterinary,Region,Northeast,65326,1437162.72,0.96
zoetis_vet_internal,2024-05,2024-Q2,Vaccines,Vanguard,VAC-VANGUARD-S,Veterinary,Region,Northeast,90086,1981891.09,0.96
zoetis_vet_internal,2024-05,2024-Q2,Parasiticides,VectraGuard,PAR-VECTRAGUAR-L,Veterinary,Region,Northeast,42106,1094754.31,0.96
zoetis_vet_internal,2024-05,2024-Q2,Parasiticides,VectraGuard,PAR-VECTRAGUAR-S,Veterinary,Region,Northeast,57760,1501763.65,0.96
zoetis_vet_internal,2024-05,2024-Q2,Vaccines,VetGuard Immunize,VAC-VETGUARD-I-L,Veterinary,Region,Northeast,39795,756100.78,0.96
zoetis_vet_internal,2024-05,2024-Q2,Vaccines,VetGuard Immunize,VAC-VETGUARD-I-S,Veterinary,Region,Northeast,56594,1075284.42,0.96
zoetis_vet_internal,2024-05,2024-Q2,Vaccines,VetSelect Core Vax,VAC-VETSELECT--L,Veterinary,Region,Northeast,34220,479080.11,0.96
zoetis_vet_internal,2024-05,2024-Q2,Vaccines,VetSelect Core Vax,VAC-VETSELECT--S,Veterinary,Region,Northeast,46217,647031.92,0.96
zoetis_vet_internal,2024-05,2024-Q2,Dermatology,VetSelect Derma,DRM-VETSELECT--L,Veterinary,Region,Northeast,12648,480608.8,0.96
zoetis_vet_internal,2024-05,2024-Q2,Dermatology,VetSelect Derma,DRM-VETSELECT--S,Veterinary,Region,Northeast,16808,638712.71,0.96
zoetis_vet_internal,2024-05,2024-Q2,Petcare Diagnostics,VetSelect Dx,DIA-VETSELECT--L,Veterinary,Region,Northeast,24484,293811.4,0.96
zoetis_vet_internal,2024-05,2024-Q2,Petcare Diagnostics,VetSelect Dx,DIA-VETSELECT--S,Veterinary,Region,Northeast,33554,402642.27,0.96
zoetis_vet_internal,2024-05,2024-Q2,Parasiticides,VetSelect Flea & Tick,PAR-VETSELECT--L,Veterinary,Region,Northeast,34002,578037.68,0.96
zoetis_vet_internal,2024-05,2024-Q2,Parasiticides,VetSelect Flea & Tick,PAR-VETSELECT--S,Veterinary,Region,Northeast,48303,821156.16,0.96
zoetis_vet_internal,2024-05,2024-Q2,Pain/Osteoarthritis,VetSelect Joint,PAN-VETSELECT--L,Veterinary,Region,Northeast,12364,358564.22,0.96
zoetis_vet_internal,2024-05,2024-Q2,Pain/Osteoarthritis,VetSelect Joint,PAN-VETSELECT--S,Veterinary,Region,Northeast,16664,483264.64,0.96
zoetis_vet_internal,2024-05,2024-Q2,Petcare Diagnostics,Vetscan,DIA-VETSCAN-L,Veterinary,Region,Northeast,61696,1110527.95,0.96
zoetis_vet_internal,2024-05,2024-Q2,Petcare Diagnostics,Vetscan,DIA-VETSCAN-S,Veterinary,Region,Northeast,85760,1543684.15,0.96
zoetis_vet_internal,2024-05,2024-Q2,Dermatology,AllerVet RX,DRM-ALLERVET-R-L,Veterinary,Region,South,26227,1416250.44,0.96
zoetis_vet_internal,2024-05,2024-Q2,Dermatology,AllerVet RX,DRM-ALLERVET-R-S,Veterinary,Region,South,37007,1998379.53,0.96
zoetis_vet_internal,2024-05,2024-Q2,Dermatology,Apoquel,DRM-APOQUEL-L,Veterinary,Region,South,49359,3208314.05,0.96
zoetis_vet_internal,2024-05,2024-Q2,Dermatology,Apoquel,DRM-APOQUEL-S,Veterinary,Region,South,64203,4173170.06,0.96
zoetis_vet_internal,2024-05,2024-Q2,Vaccines,BioShield Vax,VAC-BIOSHIELD--L,Veterinary,Region,South,75472,1509439.35,0.96
zoetis_vet_internal,2024-05,2024-Q2,Vaccines,BioShield Vax,VAC-BIOSHIELD--S,Veterinary,Region,South,100793,2015860.09,0.96
zoetis_vet_internal,2024-05,2024-Q2,Dermatology,DermaCalm,DRM-DERMACALM-L,Veterinary,Region,South,29547,1713714.15,0.96
zoetis_vet_internal,2024-05,2024-Q2,Dermatology,DermaCalm,DRM-DERMACALM-S,Veterinary,Region,South,41044,2380559.64,0.96
zoetis_vet_internal,2024-05,2024-Q2,Petcare Diagnostics,DiagnosTech Vet,DIA-DIAGNOSTEC-L,Veterinary,Region,South,83409,1417957.17,0.96
zoetis_vet_internal,2024-05,2024-Q2,Petcare Diagnostics,DiagnosTech Vet,DIA-DIAGNOSTEC-S,Veterinary,Region,South,119289,2027920.86,0.96
zoetis_vet_internal,2024-05,2024-Q2,Parasiticides,FleaStop Pro,PAR-FLEASTOP-P-L,Veterinary,Region,South,45433,954086.0,0.96
zoetis_vet_internal,2024-05,2024-Q2,Parasiticides,FleaStop Pro,PAR-FLEASTOP-P-S,Veterinary,Region,South,61159,1284335.68,0.96
zoetis_vet_internal,2024-05,2024-Q2,Pain/Osteoarthritis,FlexiCare Joint,PAN-FLEXICARE--L,Veterinary,Region,South,23488,1033474.18,0.96
zoetis_vet_internal,2024-05,2024-Q2,Pain/Osteoarthritis,FlexiCare Joint,PAN-FLEXICARE--S,Veterinary,Region,South,32125,1413504.85,0.96
zoetis_vet_internal,2024-05,2024-Q2,Vaccines,ImmunoCore Canine,VAC-IMMUNOCORE-L,Veterinary,Region,South,85331,1791961.43,0.96
zoetis_vet_internal,2024-05,2024-Q2,Vaccines,ImmunoCore Canine,VAC-IMMUNOCORE-S,Veterinary,Region,South,122467,2571811.32,0.96
zoetis_vet_internal,2024-05,2024-Q2,Pain/Osteoarthritis,Librela,PAN-LIBRELA-L,Veterinary,Region,South,26317,1263203.59,0.96
zoetis_vet_internal,2024-05,2024-Q2,Pain/Osteoarthritis,Librela,PAN-LIBRELA-S,Veterinary,Region,South,37646,1807013.77,0.96
zoetis_vet_internal,2024-05,2024-Q2,Pain/Osteoarthritis,OsteoEase Vet,PAN-OSTEOEASE--L,Veterinary,Region,South,21708,890007.96,0.96
zoetis_vet_internal,2024-05,2024-Q2,Pain/Osteoarthritis,OsteoEase Vet,PAN-OSTEOEASE--S,Veterinary,Region,South,29078,1192192.74,0.96
zoetis_vet_internal,2024-05,2024-Q2,Pain/Osteoarthritis,PainAway Canine,PAN-PAINAWAY-C-L,Veterinary,Region,South,18868,698097.61,0.96
zoetis_vet_internal,2024-05,2024-Q2,Pain/Osteoarthritis,PainAway Canine,PAN-PAINAWAY-C-S,Veterinary,Region,South,26104,965860.96,0.96
zoetis_vet_internal,2024-05,2024-Q2,Petcare Diagnostics,PetLab Analyzer,DIA-PETLAB-ANA-L,Veterinary,Region,South,48010,720152.77,0.96
zoetis_vet_internal,2024-05,2024-Q2,Petcare Diagnostics,PetLab Analyzer,DIA-PETLAB-ANA-S,Veterinary,Region,South,66896,1003446.25,0.96
zoetis_vet_internal,2024-05,2024-Q2,Petcare Diagnostics,RapidVet Dx,DIA-RAPIDVET-D-L,Veterinary,Region,South,75650,1210392.08,0.96
zoetis_vet_internal,2024-05,2024-Q2,Petcare Diagnostics,RapidVet Dx,DIA-RAPIDVET-D-S,Veterinary,Region,South,106534,1704550.47,0.96
zoetis_vet_internal,2024-05,2024-Q2,Parasiticides,Simparica Trio,PAR-SIMPARICA--L,Veterinary,Region,South,92810,2598680.15,0.96
zoetis_vet_internal,2024-05,2024-Q2,Parasiticides,Simparica Trio,PAR-SIMPARICA--S,Veterinary,Region,South,128749,3604975.87,0.96
zoetis_vet_internal,2024-05,2024-Q2,Dermatology,SkinRelief Pro,DRM-SKINRELIEF-L,Veterinary,Region,South,23660,1159357.44,0.96
zoetis_vet_internal,2024-05,2024-Q2,Dermatology,SkinRelief Pro,DRM-SKINRELIEF-S,Veterinary,Region,South,32628,1598771.64,0.96
zoetis_vet_internal,2024-05,2024-Q2,Parasiticides,TickShield Plus,PAR-TICKSHIELD-L,Veterinary,Region,South,56757,1362158.39,0.96
zoetis_vet_internal,2024-05,2024-Q2,Parasiticides,TickShield Plus,PAR-TICKSHIELD-S,Veterinary,Region,South,72881,1749140.2,0.96
zoetis_vet_internal,2024-05,2024-Q2,Vaccines,Vanguard,VAC-VANGUARD-L,Veterinary,Region,South,110255,2425620.89,0.96
zoetis_vet_internal,2024-05,2024-Q2,Vaccines,Vanguard,VAC-VANGUARD-S,Veterinary,Region,South,151527,3333583.33,0.96
zoetis_vet_internal,2024-05,2024-Q2,Parasiticides,VectraGuard,PAR-VECTRAGUAR-L,Veterinary,Region,South,70883,1842960.93,0.96
zoetis_vet_internal,2024-05,2024-Q2,Parasiticides,VectraGuard,PAR-VECTRAGUAR-S,Veterinary,Region,South,97365,2531498.37,0.96
zoetis_vet_internal,2024-05,2024-Q2,Vaccines,VetGuard Immunize,VAC-VETGUARD-I-L,Veterinary,Region,South,64229,1220356.9,0.96
zoetis_vet_internal,2024-05,2024-Q2,Vaccines,VetGuard Immunize,VAC-VETGUARD-I-S,Veterinary,Region,South,84882,1612754.02,0.96
zoetis_vet_internal,2024-05,2024-Q2,Vaccines,VetSelect Core Vax,VAC-VETSELECT--L,Veterinary,Region,South,58384,817381.99,0.96
zoetis_vet_internal,2024-05,2024-Q2,Vaccines,VetSelect Core Vax,VAC-VETSELECT--S,Veterinary,Region,South,78417,1097831.59,0.96
zoetis_vet_internal,2024-05,2024-Q2,Dermatology,VetSelect Derma,DRM-VETSELECT--L,Veterinary,Region,South,19743,750220.43,0.96
zoetis_vet_internal,2024-05,2024-Q2,Dermatology,VetSelect Derma,DRM-VETSELECT--S,Veterinary,Region,South,27813,1056876.53,0.96
zoetis_vet_internal,2024-05,2024-Q2,Petcare Diagnostics,VetSelect Dx,DIA-VETSELECT--L,Veterinary,Region,South,37987,455840.13,0.96
zoetis_vet_internal,2024-05,2024-Q2,Petcare Diagnostics,VetSelect Dx,DIA-VETSELECT--S,Veterinary,Region,South,53769,645225.5,0.96
zoetis_vet_internal,2024-05,2024-Q2,Parasiticides,VetSelect Flea & Tick,PAR-VETSELECT--L,Veterinary,Region,South,52092,885572.2,0.96
zoetis_vet_internal,2024-05,2024-Q2,Parasiticides,VetSelect Flea & Tick,PAR-VETSELECT--S,Veterinary,Region,South,69861,1187643.25,0.96
zoetis_vet_internal,2024-05,2024-Q2,Pain/Osteoarthritis,VetSelect Joint,PAN-VETSELECT--L,Veterinary,Region,South,19322,560351.79,0.96
zoetis_vet_internal,2024-05,2024-Q2,Pain/Osteoarthritis,VetSelect Joint,PAN-VETSELECT--S,Veterinary,Region,South,27012,783352.37,0.96
zoetis_vet_internal,2024-05,2024-Q2,Petcare Diagnostics,Vetscan,DIA-VETSCAN-L,Veterinary,Region,South,103121,1856184.86,0.96
zoetis_vet_internal,2024-05,2024-Q2,Petcare Diagnostics,Vetscan,DIA-VETSCAN-S,Veterinary,Region,South,136334,2454012.23,0.96
zoetis_vet_internal,2024-05,2024-Q2,Dermatology,AllerVet RX,DRM-ALLERVET-R-L,Veterinary,Region,West,18726,1011194.74,0.96
zoetis_vet_internal,2024-05,2024-Q2,Dermatology,AllerVet RX,DRM-ALLERVET-R-S,Veterinary,Region,West,26629,1437942.02,0.96
zoetis_vet_internal,2024-05,2024-Q2,Dermatology,Apoquel,DRM-APOQUEL-L,Veterinary,Region,West,32626,2120679.81,0.96
zoetis_vet_internal,2024-05,2024-Q2,Dermatology,Apoquel,DRM-APOQUEL-S,Veterinary,Region,West,44545,2895417.43,0.96
zoetis_vet_internal,2024-05,2024-Q2,Vaccines,BioShield Vax,VAC-BIOSHIELD--L,Veterinary,Region,West,49388,987758.41,0.96
zoetis_vet_internal,2024-05,2024-Q2,Vaccines,BioShield Vax,VAC-BIOSHIELD--S,Veterinary,Region,West,69727,1394543.03,0.96
zoetis_vet_internal,2024-05,2024-Q2,Dermatology,DermaCalm,DRM-DERMACALM-L,Veterinary,Region,West,20759,1204009.99,0.96
zoetis_vet_internal,2024-05,2024-Q2,Dermatology,DermaCalm,DRM-DERMACALM-S,Veterinary,Region,West,27979,1622792.43,0.96
zoetis_vet_internal,2024-05,2024-Q2,Petcare Diagnostics,DiagnosTech Vet,DIA-DIAGNOSTEC-L,Veterinary,Region,West,57381,975471.59,0.96
zoetis_vet_internal,2024-05,2024-Q2,Petcare Diagnostics,DiagnosTech Vet,DIA-DIAGNOSTEC-S,Veterinary,Region,West,79903,1358348.65,0.96
zoetis_vet_internal,2024-05,2024-Q2,Parasiticides,FleaStop Pro,PAR-FLEASTOP-P-L,Veterinary,Region,West,32320,678720.61,0.96
zoetis_vet_internal,2024-05,2024-Q2,Parasiticides,FleaStop Pro,PAR-FLEASTOP-P-S,Veterinary,Region,West,44271,929697.61,0.96
zoetis_vet_internal,2024-05,2024-Q2,Pain/Osteoarthritis,FlexiCare Joint,PAN-FLEXICARE--L,Veterinary,Region,West,16388,721065.09,0.96
zoetis_vet_internal,2024-05,2024-Q2,Pain/Osteoarthritis,FlexiCare Joint,PAN-FLEXICARE--S,Veterinary,Region,West,22395,985394.34,0.96
zoetis_vet_internal,2024-05,2024-Q2,Vaccines,ImmunoCore Canine,VAC-IMMUNOCORE-L,Veterinary,Region,West,59443,1248310.05,0.96
zoetis_vet_internal,2024-05,2024-Q2,Vaccines,ImmunoCore Canine,VAC-IMMUNOCORE-S,Veterinary,Region,West,77905,1635998.9,0.96
zoetis_vet_internal,2024-05,2024-Q2,Pain/Osteoarthritis,Librela,PAN-LIBRELA-L,Veterinary,Region,West,19205,921837.91,0.96
zoetis_vet_internal,2024-05,2024-Q2,Pain/Osteoarthritis,Librela,PAN-LIBRELA-S,Veterinary,Region,West,25088,1204216.07,0.96
zoetis_vet_internal,2024-05,2024-Q2,Pain/Osteoarthritis,OsteoEase Vet,PAN-OSTEOEASE--L,Veterinary,Region,West,15508,635816.98,0.96
zoetis_vet_internal,2024-05,2024-Q2,Pain/Osteoarthritis,OsteoEase Vet,PAN-OSTEOEASE--S,Veterinary,Region,West,21484,880836.06,0.96
zoetis_vet_internal,2024-05,2024-Q2,Pain/Osteoarthritis,PainAway Canine,PAN-PAINAWAY-C-L,Veterinary,Region,West,14364,531472.91,0.96
zoetis_vet_internal,2024-05,2024-Q2,Pain/Osteoarthritis,PainAway Canine,PAN-PAINAWAY-C-S,Veterinary,Region,West,19429,718864.8,0.96
zoetis_vet_internal,2024-05,2024-Q2,Petcare Diagnostics,PetLab Analyzer,DIA-PETLAB-ANA-L,Veterinary,Region,West,34601,519010.16,0.96
zoetis_vet_internal,2024-05,2024-Q2,Petcare Diagnostics,PetLab Analyzer,DIA-PETLAB-ANA-S,Veterinary,Region,West,48744,731152.83,0.96
zoetis_vet_internal,2024-05,2024-Q2,Petcare Diagnostics,RapidVet Dx,DIA-RAPIDVET-D-L,Veterinary,Region,West,54961,879379.56,0.96
zoetis_vet_internal,2024-05,2024-Q2,Petcare Diagnostics,RapidVet Dx,DIA-RAPIDVET-D-S,Veterinary,Region,West,72601,1161616.15,0.96
zoetis_vet_internal,2024-05,2024-Q2,Parasiticides,Simparica Trio,PAR-SIMPARICA--L,Veterinary,Region,West,68504,1918101.38,0.96
zoetis_vet_internal,2024-05,2024-Q2,Parasiticides,Simparica Trio,PAR-SIMPARICA--S,Veterinary,Region,West,93402,2615252.64,0.96
zoetis_vet_internal,2024-05,2024-Q2,Dermatology,SkinRelief Pro,DRM-SKINRELIEF-L,Veterinary,Region,West,15932,780657.08,0.96
zoetis_vet_internal,2024-05,2024-Q2,Dermatology,SkinRelief Pro,DRM-SKINRELIEF-S,Veterinary,Region,West,22400,1097592.03,0.96
zoetis_vet_internal,2024-05,2024-Q2,Parasiticides,TickShield Plus,PAR-TICKSHIELD-L,Veterinary,Region,West,37496,899915.26,0.96
zoetis_vet_internal,2024-05,2024-Q2,Parasiticides,TickShield Plus,PAR-TICKSHIELD-S,Veterinary,Region,West,50788,1218903.98,0.96
zoetis_vet_internal,2024-05,2024-Q2,Vaccines,Vanguard,VAC-VANGUARD-L,Veterinary,Region,West,67688,1489136.62,0.96
zoetis_vet_internal,2024-05,2024-Q2,Vaccines,Vanguard,VAC-VANGUARD-S,Veterinary,Region,West,92185,2028070.72,0.96
zoetis_vet_internal,2024-05,2024-Q2,Parasiticides,VectraGuard,PAR-VECTRAGUAR-L,Veterinary,Region,West,43159,1122130.27,0.96
zoetis_vet_internal,2024-05,2024-Q2,Parasiticides,VectraGuard,PAR-VECTRAGUAR-S,Veterinary,Region,West,58005,1508139.87,0.96
zoetis_vet_internal,2024-05,2024-Q2,Vaccines,VetGuard Immunize,VAC-VETGUARD-I-L,Veterinary,Region,West,41944,796929.75,0.96
zoetis_vet_internal,2024-05,2024-Q2,Vaccines,VetGuard Immunize,VAC-VETGUARD-I-S,Veterinary,Region,West,58959,1120223.95,0.96
zoetis_vet_internal,2024-05,2024-Q2,Vaccines,VetSelect Core Vax,VAC-VETSELECT--L,Veterinary,Region,West,37660,527244.25,0.96
zoetis_vet_internal,2024-05,2024-Q2,Vaccines,VetSelect Core Vax,VAC-VETSELECT--S,Veterinary,Region,West,51779,724909.64,0.96
zoetis_vet_internal,2024-05,2024-Q2,Dermatology,VetSelect Derma,DRM-VETSELECT--L,Veterinary,Region,West,13353,507407.78,0.96
zoetis_vet_internal,2024-05,2024-Q2,Dermatology,VetSelect Derma,DRM-VETSELECT--S,Veterinary,Region,West,18861,716719.24,0.96
zoetis_vet_internal,2024-05,2024-Q2,Petcare Diagnostics,VetSelect Dx,DIA-VETSELECT--L,Veterinary,Region,West,27396,328749.95,0.96
zoetis_vet_internal,2024-05,2024-Q2,Petcare Diagnostics,VetSelect Dx,DIA-VETSELECT--S,Veterinary,Region,West,36931,443169.89,0.96
zoetis_vet_internal,2024-05,2024-Q2,Parasiticides,VetSelect Flea & Tick,PAR-VETSELECT--L,Veterinary,Region,West,35325,600524.58,0.96
zoetis_vet_internal,2024-05,2024-Q2,Parasiticides,VetSelect Flea & Tick,PAR-VETSELECT--S,Veterinary,Region,West,49554,842418.7,0.96
zoetis_vet_internal,2024-05,2024-Q2,Pain/Osteoarthritis,VetSelect Joint,PAN-VETSELECT--L,Veterinary,Region,West,11339,328832.93,0.96
zoetis_vet_internal,2024-05,2024-Q2,Pain/Osteoarthritis,VetSelect Joint,PAN-VETSELECT--S,Veterinary,Region,West,15921,461708.7,0.96
zoetis_vet_internal,2024-05,2024-Q2,Petcare Diagnostics,Vetscan,DIA-VETSCAN-L,Veterinary,Region,West,74097,1333742.04,0.96
zoetis_vet_internal,2024-05,2024-Q2,Petcare Diagnostics,Vetscan,DIA-VETSCAN-S,Veterinary,Region,West,101462,1826321.32,0.96
zoetis_vet_internal,2024-06,2024-Q2,Dermatology,AllerVet RX,DRM-ALLERVET-R-L,Veterinary,National,National,83321,4499300.86,0.96
zoetis_vet_internal,2024-06,2024-Q2,Dermatology,AllerVet RX,DRM-ALLERVET-R-S,Veterinary,National,National,114915,6205422.06,0.96
zoetis_vet_internal,2024-06,2024-Q2,Dermatology,Apoquel,DRM-APOQUEL-L,Veterinary,National,National,152458,9909783.51,0.96
zoetis_vet_internal,2024-06,2024-Q2,Dermatology,Apoquel,DRM-APOQUEL-S,Veterinary,National,National,209923,13644947.45,0.96
zoetis_vet_internal,2024-06,2024-Q2,Vaccines,BioShield Vax,VAC-BIOSHIELD--L,Veterinary,National,National,212820,4256393.77,0.96
zoetis_vet_internal,2024-06,2024-Q2,Vaccines,BioShield Vax,VAC-BIOSHIELD--S,Veterinary,National,National,299249,5984971.33,0.96
zoetis_vet_internal,2024-06,2024-Q2,Dermatology,DermaCalm,DRM-DERMACALM-L,Veterinary,National,National,95687,5549823.05,0.96
zoetis_vet_internal,2024-06,2024-Q2,Dermatology,DermaCalm,DRM-DERMACALM-S,Veterinary,National,National,130708,7581047.01,0.96
zoetis_vet_internal,2024-06,2024-Q2,Petcare Diagnostics,DiagnosTech Vet,DIA-DIAGNOSTEC-L,Veterinary,National,National,256695,4363825.38,0.96
zoetis_vet_internal,2024-06,2024-Q2,Petcare Diagnostics,DiagnosTech Vet,DIA-DIAGNOSTEC-S,Veterinary,National,National,345597,5875138.88,0.96
zoetis_vet_internal,2024-06,2024-Q2,Parasiticides,FleaStop Pro,PAR-FLEASTOP-P-L,Veterinary,National,National,150996,3170898.92,0.96
zoetis_vet_internal,2024-06,2024-Q2,Parasiticides,FleaStop Pro,PAR-FLEASTOP-P-S,Veterinary,National,National,208008,4368163.36,0.96
zoetis_vet_internal,2024-06,2024-Q2,Pain/Osteoarthritis,FlexiCare Joint,PAN-FLEXICARE--L,Veterinary,National,National,64782,2850424.93,0.96
zoetis_vet_internal,2024-06,2024-Q2,Pain/Osteoarthritis,FlexiCare Joint,PAN-FLEXICARE--S,Veterinary,National,National,89874,3954492.4,0.96
zoetis_vet_internal,2024-06,2024-Q2,Vaccines,ImmunoCore Canine,VAC-IMMUNOCORE-L,Veterinary,National,National,253398,5321347.71,0.96
zoetis_vet_internal,2024-06,2024-Q2,Vaccines,ImmunoCore Canine,VAC-IMMUNOCORE-S,Veterinary,National,National,348450,7317447.67,0.96
zoetis_vet_internal,2024-06,2024-Q2,Pain/Osteoarthritis,Librela,PAN-LIBRELA-L,Veterinary,National,National,76423,3668286.31,0.96
zoetis_vet_internal,2024-06,2024-Q2,Pain/Osteoarthritis,Librela,PAN-LIBRELA-S,Veterinary,National,National,107434,5156815.79,0.96
zoetis_vet_internal,2024-06,2024-Q2,Pain/Osteoarthritis,OsteoEase Vet,PAN-OSTEOEASE--L,Veterinary,National,National,62709,2571121.46,0.96
zoetis_vet_internal,2024-06,2024-Q2,Pain/Osteoarthritis,OsteoEase Vet,PAN-OSTEOEASE--S,Veterinary,National,National,87006,3567248.09,0.96
zoetis_vet_internal,2024-06,2024-Q2,Pain/Osteoarthritis,PainAway Canine,PAN-PAINAWAY-C-L,Veterinary,National,National,54631,2021377.49,0.96
zoetis_vet_internal,2024-06,2024-Q2,Pain/Osteoarthritis,PainAway Canine,PAN-PAINAWAY-C-S,Veterinary,National,National,75313,2786605.42,0.96
zoetis_vet_internal,2024-06,2024-Q2,Petcare Diagnostics,PetLab Analyzer,DIA-PETLAB-ANA-L,Veterinary,National,National,143262,2148920.51,0.96
zoetis_vet_internal,2024-06,2024-Q2,Petcare Diagnostics,PetLab Analyzer,DIA-PETLAB-ANA-S,Veterinary,National,National,199057,2985839.77,0.96
zoetis_vet_internal,2024-06,2024-Q2,Petcare Diagnostics,RapidVet Dx,DIA-RAPIDVET-D-L,Veterinary,National,National,232243,3715900.99,0.96
zoetis_vet_internal,2024-06,2024-Q2,Petcare Diagnostics,RapidVet Dx,DIA-RAPIDVET-D-S,Veterinary,National,National,311267,4980284.91,0.96
zoetis_vet_internal,2024-06,2024-Q2,Parasiticides,Simparica Trio,PAR-SIMPARICA--L,Veterinary,National,National,293646,8222095.83,0.96
zoetis_vet_internal,2024-06,2024-Q2,Parasiticides,Simparica Trio,PAR-SIMPARICA--S,Veterinary,National,National,409929,11478019.97,0.96
zoetis_vet_internal,2024-06,2024-Q2,Dermatology,SkinRelief Pro,DRM-SKINRELIEF-L,Veterinary,National,National,72472,3551138.46,0.96
zoetis_vet_internal,2024-06,2024-Q2,Dermatology,SkinRelief Pro,DRM-SKINRELIEF-S,Veterinary,National,National,100544,4926663.39,0.96
zoetis_vet_internal,2024-06,2024-Q2,Parasiticides,TickShield Plus,PAR-TICKSHIELD-L,Veterinary,National,National,173290,4158969.72,0.96
zoetis_vet_internal,2024-06,2024-Q2,Parasiticides,TickShield Plus,PAR-TICKSHIELD-S,Veterinary,National,National,232236,5573676.67,0.96
zoetis_vet_internal,2024-06,2024-Q2,Vaccines,Vanguard,VAC-VANGUARD-L,Veterinary,National,National,291783,6419203.73,0.96
zoetis_vet_internal,2024-06,2024-Q2,Vaccines,Vanguard,VAC-VANGUARD-S,Veterinary,National,National,411949,9062891.78,0.96
zoetis_vet_internal,2024-06,2024-Q2,Parasiticides,VectraGuard,PAR-VECTRAGUAR-L,Veterinary,National,National,195567,5084706.98,0.96
zoetis_vet_internal,2024-06,2024-Q2,Parasiticides,VectraGuard,PAR-VECTRAGUAR-S,Veterinary,National,National,272694,7090023.04,0.96
zoetis_vet_internal,2024-06,2024-Q2,Vaccines,VetGuard Immunize,VAC-VETGUARD-I-L,Veterinary,National,National,179470,3409946.35,0.96
zoetis_vet_internal,2024-06,2024-Q2,Vaccines,VetGuard Immunize,VAC-VETGUARD-I-S,Veterinary,National,National,252699,4801280.22,0.96
zoetis_vet_internal,2024-06,2024-Q2,Vaccines,VetSelect Core Vax,VAC-VETSELECT--L,Veterinary,National,National,169038,2366530.72,0.96
zoetis_vet_internal,2024-06,2024-Q2,Vaccines,VetSelect Core Vax,VAC-VETSELECT--S,Veterinary,National,National,236575,3312044.63,0.96
zoetis_vet_internal,2024-06,2024-Q2,Dermatology,VetSelect Derma,DRM-VETSELECT--L,Veterinary,National,National,64358,2445602.6,0.96
zoetis_vet_internal,2024-06,2024-Q2,Dermatology,VetSelect Derma,DRM-VETSELECT--S,Veterinary,National,National,87452,3323146.85,0.96
zoetis_vet_internal,2024-06,2024-Q2,Petcare Diagnostics,VetSelect Dx,DIA-VETSELECT--L,Veterinary,National,National,106378,1276536.47,0.96
zoetis_vet_internal,2024-06,2024-Q2,Petcare Diagnostics,VetSelect Dx,DIA-VETSELECT--S,Veterinary,National,National,149763,1797160.27,0.96
zoetis_vet_internal,2024-06,2024-Q2,Parasiticides,VetSelect Flea & Tick,PAR-VETSELECT--L,Veterinary,National,National,150509,2558641.65,0.96
zoetis_vet_internal,2024-06,2024-Q2,Parasiticides,VetSelect Flea & Tick,PAR-VETSELECT--S,Veterinary,National,National,210590,3580040.01,0.96
zoetis_vet_internal,2024-06,2024-Q2,Pain/Osteoarthritis,VetSelect Joint,PAN-VETSELECT--L,Veterinary,National,National,51676,1498640.81,0.96
zoetis_vet_internal,2024-06,2024-Q2,Pain/Osteoarthritis,VetSelect Joint,PAN-VETSELECT--S,Veterinary,National,National,70802,2053256.6,0.96
zoetis_vet_internal,2024-06,2024-Q2,Petcare Diagnostics,Vetscan,DIA-VETSCAN-L,Veterinary,National,National,291804,5252475.31,0.96
zoetis_vet_internal,2024-06,2024-Q2,Petcare Diagnostics,Vetscan,DIA-VETSCAN-S,Veterinary,National,National,407955,7343186.61,0.96
zoetis_vet_internal,2024-06,2024-Q2,Dermatology,AllerVet RX,DRM-ALLERVET-R-L,Veterinary,Region,Midwest,16831,908848.75,0.96
zoetis_vet_internal,2024-06,2024-Q2,Dermatology,AllerVet RX,DRM-ALLERVET-R-S,Veterinary,Region,Midwest,23803,1285365.49,0.96
zoetis_vet_internal,2024-06,2024-Q2,Dermatology,Apoquel,DRM-APOQUEL-L,Veterinary,Region,Midwest,31025,2016615.75,0.96
zoetis_vet_internal,2024-06,2024-Q2,Dermatology,Apoquel,DRM-APOQUEL-S,Veterinary,Region,Midwest,42548,2765587.8,0.96
zoetis_vet_internal,2024-06,2024-Q2,Vaccines,BioShield Vax,VAC-BIOSHIELD--L,Veterinary,Region,Midwest,42900,857991.87,0.96
zoetis_vet_internal,2024-06,2024-Q2,Vaccines,BioShield Vax,VAC-BIOSHIELD--S,Veterinary,Region,Midwest,59182,1183637.3,0.96
zoetis_vet_internal,2024-06,2024-Q2,Dermatology,DermaCalm,DRM-DERMACALM-L,Veterinary,Region,Midwest,19954,1157324.02,0.96
zoetis_vet_internal,2024-06,2024-Q2,Dermatology,DermaCalm,DRM-DERMACALM-S,Veterinary,Region,Midwest,27482,1593940.83,0.96
zoetis_vet_internal,2024-06,2024-Q2,Petcare Diagnostics,DiagnosTech Vet,DIA-DIAGNOSTEC-L,Veterinary,Region,Midwest,52894,899205.51,0.96
zoetis_vet_internal,2024-06,2024-Q2,Petcare Diagnostics,DiagnosTech Vet,DIA-DIAGNOSTEC-S,Veterinary,Region,Midwest,72236,1228009.12,0.96
zoetis_vet_internal,2024-06,2024-Q2,Parasiticides,FleaStop Pro,PAR-FLEASTOP-P-L,Veterinary,Region,Midwest,32417,680746.99,0.96
zoetis_vet_internal,2024-06,2024-Q2,Parasiticides,FleaStop Pro,PAR-FLEASTOP-P-S,Veterinary,Region,Midwest,45065,946362.63,0.96
zoetis_vet_internal,2024-06,2024-Q2,Pain/Osteoarthritis,FlexiCare Joint,PAN-FLEXICARE--L,Veterinary,Region,Midwest,13569,597048.27,0.96
zoetis_vet_internal,2024-06,2024-Q2,Pain/Osteoarthritis,FlexiCare Joint,PAN-FLEXICARE--S,Veterinary,Region,Midwest,18734,824311.91,0.96
zoetis_vet_internal,2024-06,2024-Q2,Vaccines,ImmunoCore Canine,VAC-IMMUNOCORE-L,Veterinary,Region,Midwest,55870,1173261.36,0.96
zoetis_vet_internal,2024-06,2024-Q2,Vaccines,ImmunoCore Canine,VAC-IMMUNOCORE-S,Veterinary,Region,Midwest,77195,1621096.95,0.96
zoetis_vet_internal,2024-06,2024-Q2,Pain/Osteoarthritis,Librela,PAN-LIBRELA-L,Veterinary,Region,Midwest,16029,769380.93,0.96
zoetis_vet_internal,2024-06,2024-Q2,Pain/Osteoarthritis,Librela,PAN-LIBRELA-S,Veterinary,Region,Midwest,23598,1132726.15,0.96
zoetis_vet_internal,2024-06,2024-Q2,Pain/Osteoarthritis,OsteoEase Vet,PAN-OSTEOEASE--L,Veterinary,Region,Midwest,12886,528336.93,0.96
zoetis_vet_internal,2024-06,2024-Q2,Pain/Osteoarthritis,OsteoEase Vet,PAN-OSTEOEASE--S,Veterinary,Region,Midwest,18337,751815.1,0.96
zoetis_vet_internal,2024-06,2024-Q2,Pain/Osteoarthritis,PainAway Canine,PAN-PAINAWAY-C-L,Veterinary,Region,Midwest,11287,417632.2,0.96
zoetis_vet_internal,2024-06,2024-Q2,Pain/Osteoarthritis,PainAway Canine,PAN-PAINAWAY-C-S,Veterinary,Region,Midwest,15919,589009.85,0.96
zoetis_vet_internal,2024-06,2024-Q2,Petcare Diagnostics,PetLab Analyzer,DIA-PETLAB-ANA-L,Veterinary,Region,Midwest,30753,461295.75,0.96
zoetis_vet_internal,2024-06,2024-Q2,Petcare Diagnostics,PetLab Analyzer,DIA-PETLAB-ANA-S,Veterinary,Region,Midwest,44342,665127.68,0.96
zoetis_vet_internal,2024-06,2024-Q2,Petcare Diagnostics,RapidVet Dx,DIA-RAPIDVET-D-L,Veterinary,Region,Midwest,49158,786530.3,0.96
zoetis_vet_internal,2024-06,2024-Q2,Petcare Diagnostics,RapidVet Dx,DIA-RAPIDVET-D-S,Veterinary,Region,Midwest,68716,1099458.84,0.96
zoetis_vet_internal,2024-06,2024-Q2,Parasiticides,Simparica Trio,PAR-SIMPARICA--L,Veterinary,Region,Midwest,57555,1611553.98,0.96
zoetis_vet_internal,2024-06,2024-Q2,Parasiticides,Simparica Trio,PAR-SIMPARICA--S,Veterinary,Region,Midwest,83498,2337948.23,0.96
zoetis_vet_internal,2024-06,2024-Q2,Dermatology,SkinRelief Pro,DRM-SKINRELIEF-L,Veterinary,Region,Midwest,14950,732548.5,0.96
zoetis_vet_internal,2024-06,2024-Q2,Dermatology,SkinRelief Pro,DRM-SKINRELIEF-S,Veterinary,Region,Midwest,20989,1028485.28,0.96
zoetis_vet_internal,2024-06,2024-Q2,Parasiticides,TickShield Plus,PAR-TICKSHIELD-L,Veterinary,Region,Midwest,35688,856503.51,0.96
zoetis_vet_internal,2024-06,2024-Q2,Parasiticides,TickShield Plus,PAR-TICKSHIELD-S,Veterinary,Region,Midwest,47524,1140576.09,0.96
zoetis_vet_internal,2024-06,2024-Q2,Vaccines,Vanguard,VAC-VANGUARD-L,Veterinary,Region,Midwest,63775,1403040.8,0.96
zoetis_vet_internal,2024-06,2024-Q2,Vaccines,Vanguard,VAC-VANGUARD-S,Veterinary,Region,Midwest,87764,1930812.58,0.96
zoetis_vet_internal,2024-06,2024-Q2,Parasiticides,VectraGuard,PAR-VECTRAGUAR-L,Veterinary,Region,Midwest,39932,1038219.65,0.96
zoetis_vet_internal,2024-06,2024-Q2,Parasiticides,VectraGuard,PAR-VECTRAGUAR-S,Veterinary,Region,Midwest,54872,1426661.14,0.96
zoetis_vet_internal,2024-06,2024-Q2,Vaccines,VetGuard Immunize,VAC-VETGUARD-I-L,Veterinary,Region,Midwest,37373,710082.78,0.96
zoetis_vet_internal,2024-06,2024-Q2,Vaccines,VetGuard Immunize,VAC-VETGUARD-I-S,Veterinary,Region,Midwest,50885,966816.87,0.96
zoetis_vet_internal,2024-06,2024-Q2,Vaccines,VetSelect Core Vax,VAC-VETSELECT--L,Veterinary,Region,Midwest,35987,503823.07,0.96
zoetis_vet_internal,2024-06,2024-Q2,Vaccines,VetSelect Core Vax,VAC-VETSELECT--S,Veterinary,Region,Midwest,50190,702653.26,0.96
zoetis_vet_internal,2024-06,2024-Q2,Dermatology,VetSelect Derma,DRM-VETSELECT--L,Veterinary,Region,Midwest,14194,539373.37,0.96
zoetis_vet_internal,2024-06,2024-Q2,Dermatology,VetSelect Derma,DRM-VETSELECT--S,Veterinary,Region,Midwest,19573,743757.73,0.96
zoetis_vet_internal,2024-06,2024-Q2,Petcare Diagnostics,VetSelect Dx,DIA-VETSELECT--L,Veterinary,Region,Midwest,23348,280171.96,0.96
zoetis_vet_internal,2024-06,2024-Q2,Petcare Diagnostics,VetSelect Dx,DIA-VETSELECT--S,Veterinary,Region,Midwest,32607,391289.25,0.96
zoetis_vet_internal,2024-06,2024-Q2,Parasiticides,VetSelect Flea & Tick,PAR-VETSELECT--L,Veterinary,Region,Midwest,32741,556588.7,0.96
zoetis_vet_internal,2024-06,2024-Q2,Parasiticides,VetSelect Flea & Tick,PAR-VETSELECT--S,Veterinary,Region,Midwest,44489,756317.68,0.96
zoetis_vet_internal,2024-06,2024-Q2,Pain/Osteoarthritis,VetSelect Joint,PAN-VETSELECT--L,Veterinary,Region,Midwest,11231,325709.34,0.96
zoetis_vet_internal,2024-06,2024-Q2,Pain/Osteoarthritis,VetSelect Joint,PAN-VETSELECT--S,Veterinary,Region,Midwest,15579,451805.08,0.96
zoetis_vet_internal,2024-06,2024-Q2,Petcare Diagnostics,Vetscan,DIA-VETSCAN-L,Veterinary,Region,Midwest,60101,1081820.62,0.96
zoetis_vet_internal,2024-06,2024-Q2,Petcare Diagnostics,Vetscan,DIA-VETSCAN-S,Veterinary,Region,Midwest,82640,1487525.47,0.96
zoetis_vet_internal,2024-06,2024-Q2,Dermatology,AllerVet RX,DRM-ALLERVET-R-L,Veterinary,Region,Northeast,18807,1015575.77,0.96
zoetis_vet_internal,2024-06,2024-Q2,Dermatology,AllerVet RX,DRM-ALLERVET-R-S,Veterinary,Region,Northeast,25475,1375672.37,0.96
zoetis_vet_internal,2024-06,2024-Q2,Dermatology,Apoquel,DRM-APOQUEL-L,Veterinary,Region,Northeast,33531,2179485.49,0.96
zoetis_vet_internal,2024-06,2024-Q2,Dermatology,Apoquel,DRM-APOQUEL-S,Veterinary,Region,Northeast,45222,2939419.43,0.96
zoetis_vet_internal,2024-06,2024-Q2,Vaccines,BioShield Vax,VAC-BIOSHIELD--L,Veterinary,Region,Northeast,47286,945711.68,0.96
zoetis_vet_internal,2024-06,2024-Q2,Vaccines,BioShield Vax,VAC-BIOSHIELD--S,Veterinary,Region,Northeast,66556,1331114.68,0.96
zoetis_vet_internal,2024-06,2024-Q2,Dermatology,DermaCalm,DRM-DERMACALM-L,Veterinary,Region,Northeast,21640,1255100.84,0.96
zoetis_vet_internal,2024-06,2024-Q2,Dermatology,DermaCalm,DRM-DERMACALM-S,Veterinary,Region,Northeast,29847,1731109.67,0.96
zoetis_vet_internal,2024-06,2024-Q2,Petcare Diagnostics,DiagnosTech Vet,DIA-DIAGNOSTEC-L,Veterinary,Region,Northeast,54326,923547.95,0.96
zoetis_vet_internal,2024-06,2024-Q2,Petcare Diagnostics,DiagnosTech Vet,DIA-DIAGNOSTEC-S,Veterinary,Region,Northeast,72564,1233590.42,0.96
zoetis_vet_internal,2024-06,2024-Q2,Parasiticides,FleaStop Pro,PAR-FLEASTOP-P-L,Veterinary,Region,Northeast,194543,4085429.97,0.96
zoetis_vet_internal,2024-06,2024-Q2,Parasiticides,FleaStop Pro,PAR-FLEASTOP-P-S,Veterinary,Region,Northeast,262973,5522394.6,0.96
zoetis_vet_internal,2024-06,2024-Q2,Pain/Osteoarthritis,FlexiCare Joint,PAN-FLEXICARE--L,Veterinary,Region,Northeast,13976,614939.66,0.96
zoetis_vet_internal,2024-06,2024-Q2,Pain/Osteoarthritis,FlexiCare Joint,PAN-FLEXICARE--S,Veterinary,Region,Northeast,19945,877585.98,0.96
zoetis_vet_internal,2024-06,2024-Q2,Vaccines,ImmunoCore Canine,VAC-IMMUNOCORE-L,Veterinary,Region,Northeast,54988,1154746.95,0.96
zoetis_vet_internal,2024-06,2024-Q2,Vaccines,ImmunoCore Canine,VAC-IMMUNOCORE-S,Veterinary,Region,Northeast,76168,1599534.43,0.96
zoetis_vet_internal,2024-06,2024-Q2,Pain/Osteoarthritis,Librela,PAN-LIBRELA-L,Veterinary,Region,Northeast,16228,778945.82,0.96
zoetis_vet_internal,2024-06,2024-Q2,Pain/Osteoarthritis,Librela,PAN-LIBRELA-S,Veterinary,Region,Northeast,22885,1098486.36,0.96
zoetis_vet_internal,2024-06,2024-Q2,Pain/Osteoarthritis,OsteoEase Vet,PAN-OSTEOEASE--L,Veterinary,Region,Northeast,13104,537276.94,0.96
zoetis_vet_internal,2024-06,2024-Q2,Pain/Osteoarthritis,OsteoEase Vet,PAN-OSTEOEASE--S,Veterinary,Region,Northeast,18640,764229.17,0.96
zoetis_vet_internal,2024-06,2024-Q2,Pain/Osteoarthritis,PainAway Canine,PAN-PAINAWAY-C-L,Veterinary,Region,Northeast,11985,443445.07,0.96
zoetis_vet_internal,2024-06,2024-Q2,Pain/Osteoarthritis,PainAway Canine,PAN-PAINAWAY-C-S,Veterinary,Region,Northeast,16781,620910.44,0.96
zoetis_vet_internal,2024-06,2024-Q2,Petcare Diagnostics,PetLab Analyzer,DIA-PETLAB-ANA-L,Veterinary,Region,Northeast,31036,465534.78,0.96
zoetis_vet_internal,2024-06,2024-Q2,Petcare Diagnostics,PetLab Analyzer,DIA-PETLAB-ANA-S,Veterinary,Region,Northeast,41894,628404.81,0.96
zoetis_vet_internal,2024-06,2024-Q2,Petcare Diagnostics,RapidVet Dx,DIA-RAPIDVET-D-L,Veterinary,Region,Northeast,53582,857318.58,0.96
zoetis_vet_internal,2024-06,2024-Q2,Petcare Diagnostics,RapidVet Dx,DIA-RAPIDVET-D-S,Veterinary,Region,Northeast,68656,1098500.95,0.96
zoetis_vet_internal,2024-06,2024-Q2,Parasiticides,Simparica Trio,PAR-SIMPARICA--L,Veterinary,Region,Northeast,65474,1833265.56,0.96
zoetis_vet_internal,2024-06,2024-Q2,Parasiticides,Simparica Trio,PAR-SIMPARICA--S,Veterinary,Region,Northeast,88470,2477163.37,0.96
zoetis_vet_internal,2024-06,2024-Q2,Dermatology,SkinRelief Pro,DRM-SKINRELIEF-L,Veterinary,Region,Northeast,15543,761614.94,0.96
zoetis_vet_internal,2024-06,2024-Q2,Dermatology,SkinRelief Pro,DRM-SKINRELIEF-S,Veterinary,Region,Northeast,21645,1060589.16,0.96
zoetis_vet_internal,2024-06,2024-Q2,Parasiticides,TickShield Plus,PAR-TICKSHIELD-L,Veterinary,Region,Northeast,38636,927269.58,0.96
zoetis_vet_internal,2024-06,2024-Q2,Parasiticides,TickShield Plus,PAR-TICKSHIELD-S,Veterinary,Region,Northeast,50445,1210685.43,0.96
zoetis_vet_internal,2024-06,2024-Q2,Vaccines,Vanguard,VAC-VANGUARD-L,Veterinary,Region,Northeast,64799,1425574.93,0.96
zoetis_vet_internal,2024-06,2024-Q2,Vaccines,Vanguard,VAC-VANGUARD-S,Veterinary,Region,Northeast,91365,2010026.04,0.96
zoetis_vet_internal,2024-06,2024-Q2,Parasiticides,VectraGuard,PAR-VECTRAGUAR-L,Veterinary,Region,Northeast,41202,1071248.42,0.96
zoetis_vet_internal,2024-06,2024-Q2,Parasiticides,VectraGuard,PAR-VECTRAGUAR-S,Veterinary,Region,Northeast,58720,1526723.98,0.96
zoetis_vet_internal,2024-06,2024-Q2,Vaccines,VetGuard Immunize,VAC-VETGUARD-I-L,Veterinary,Region,Northeast,40861,776363.75,0.96
zoetis_vet_internal,2024-06,2024-Q2,Vaccines,VetGuard Immunize,VAC-VETGUARD-I-S,Veterinary,Region,Northeast,56515,1073784.88,0.96
zoetis_vet_internal,2024-06,2024-Q2,Vaccines,VetSelect Core Vax,VAC-VETSELECT--L,Veterinary,Region,Northeast,38151,534111.32,0.96
zoetis_vet_internal,2024-06,2024-Q2,Vaccines,VetSelect Core Vax,VAC-VETSELECT--S,Veterinary,Region,Northeast,54263,759684.67,0.96
zoetis_vet_internal,2024-06,2024-Q2,Dermatology,VetSelect Derma,DRM-VETSELECT--L,Veterinary,Region,Northeast,14176,538686.68,0.96
zoetis_vet_internal,2024-06,2024-Q2,Dermatology,VetSelect Derma,DRM-VETSELECT--S,Veterinary,Region,Northeast,19143,727432.75,0.96
zoetis_vet_internal,2024-06,2024-Q2,Petcare Diagnostics,VetSelect Dx,DIA-VETSELECT--L,Veterinary,Region,Northeast,23473,281680.83,0.96
zoetis_vet_internal,2024-06,2024-Q2,Petcare Diagnostics,VetSelect Dx,DIA-VETSELECT--S,Veterinary,Region,Northeast,31291,375491.99,0.96
zoetis_vet_internal,2024-06,2024-Q2,Parasiticides,VetSelect Flea & Tick,PAR-VETSELECT--L,Veterinary,Region,Northeast,32972,560528.44,0.96
zoetis_vet_internal,2024-06,2024-Q2,Parasiticides,VetSelect Flea & Tick,PAR-VETSELECT--S,Veterinary,Region,Northeast,47684,810632.95,0.96
zoetis_vet_internal,2024-06,2024-Q2,Pain/Osteoarthritis,VetSelect Joint,PAN-VETSELECT--L,Veterinary,Region,Northeast,10965,317989.49,0.96
zoetis_vet_internal,2024-06,2024-Q2,Pain/Osteoarthritis,VetSelect Joint,PAN-VETSELECT--S,Veterinary,Region,Northeast,14814,429602.34,0.96
zoetis_vet_internal,2024-06,2024-Q2,Petcare Diagnostics,Vetscan,DIA-VETSCAN-L,Veterinary,Region,Northeast,64902,1168235.45,0.96
zoetis_vet_internal,2024-06,2024-Q2,Petcare Diagnostics,Vetscan,DIA-VETSCAN-S,Veterinary,Region,Northeast,93759,1687655.12,0.96
zoetis_vet_internal,2024-06,2024-Q2,Dermatology,AllerVet RX,DRM-ALLERVET-R-L,Veterinary,Region,South,27434,1481412.41,0.96
zoetis_vet_internal,2024-06,2024-Q2,Dermatology,AllerVet RX,DRM-ALLERVET-R-S,Veterinary,Region,South,37327,2015650.96,0.96
zoetis_vet_internal,2024-06,2024-Q2,Dermatology,Apoquel,DRM-APOQUEL-L,Veterinary,Region,South,52147,3389583.35,0.96
zoetis_vet_internal,2024-06,2024-Q2,Dermatology,Apoquel,DRM-APOQUEL-S,Veterinary,Region,South,72936,4740808.47,0.96
zoetis_vet_internal,2024-06,2024-Q2,Vaccines,BioShield Vax,VAC-BIOSHIELD--L,Veterinary,Region,South,72373,1447467.96,0.96
zoetis_vet_internal,2024-06,2024-Q2,Vaccines,BioShield Vax,VAC-BIOSHIELD--S,Veterinary,Region,South,100986,2019727.09,0.96
zoetis_vet_internal,2024-06,2024-Q2,Dermatology,DermaCalm,DRM-DERMACALM-L,Veterinary,Region,South,32174,1866102.79,0.96
zoetis_vet_internal,2024-06,2024-Q2,Dermatology,DermaCalm,DRM-DERMACALM-S,Veterinary,Region,South,43236,2507713.68,0.96
zoetis_vet_internal,2024-06,2024-Q2,Petcare Diagnostics,DiagnosTech Vet,DIA-DIAGNOSTEC-L,Veterinary,Region,South,91072,1548228.56,0.96
zoetis_vet_internal,2024-06,2024-Q2,Petcare Diagnostics,DiagnosTech Vet,DIA-DIAGNOSTEC-S,Veterinary,Region,South,118531,2015021.44,0.96
zoetis_vet_internal,2024-06,2024-Q2,Parasiticides,FleaStop Pro,PAR-FLEASTOP-P-L,Veterinary,Region,South,51380,1078971.77,0.96
zoetis_vet_internal,2024-06,2024-Q2,Parasiticides,FleaStop Pro,PAR-FLEASTOP-P-S,Veterinary,Region,South,71880,1509484.73,0.96
zoetis_vet_internal,2024-06,2024-Q2,Pain/Osteoarthritis,FlexiCare Joint,PAN-FLEXICARE--L,Veterinary,Region,South,22534,991502.13,0.96
zoetis_vet_internal,2024-06,2024-Q2,Pain/Osteoarthritis,FlexiCare Joint,PAN-FLEXICARE--S,Veterinary,Region,South,30971,1362739.1,0.96
zoetis_vet_internal,2024-06,2024-Q2,Vaccines,ImmunoCore Canine,VAC-IMMUNOCORE-L,Veterinary,Region,South,85179,1788754.45,0.96
zoetis_vet_internal,2024-06,2024-Q2,Vaccines,ImmunoCore Canine,VAC-IMMUNOCORE-S,Veterinary,Region,South,114134,2396803.63,0.96
zoetis_vet_internal,2024-06,2024-Q2,Pain/Osteoarthritis,Librela,PAN-LIBRELA-L,Veterinary,Region,South,26051,1250457.51,0.96
zoetis_vet_internal,2024-06,2024-Q2,Pain/Osteoarthritis,Librela,PAN-LIBRELA-S,Veterinary,Region,South,36648,1759081.39,0.96
zoetis_vet_internal,2024-06,2024-Q2,Pain/Osteoarthritis,OsteoEase Vet,PAN-OSTEOEASE--L,Veterinary,Region,South,22617,927307.91,0.96
zoetis_vet_internal,2024-06,2024-Q2,Pain/Osteoarthritis,OsteoEase Vet,PAN-OSTEOEASE--S,Veterinary,Region,South,30651,1256689.85,0.96
zoetis_vet_internal,2024-06,2024-Q2,Pain/Osteoarthritis,PainAway Canine,PAN-PAINAWAY-C-L,Veterinary,Region,South,18673,690916.69,0.96
zoetis_vet_internal,2024-06,2024-Q2,Pain/Osteoarthritis,PainAway Canine,PAN-PAINAWAY-C-S,Veterinary,Region,South,25974,961028.8,0.96
zoetis_vet_internal,2024-06,2024-Q2,Petcare Diagnostics,PetLab Analyzer,DIA-PETLAB-ANA-L,Veterinary,Region,South,47991,719864.14,0.96
zoetis_vet_internal,2024-06,2024-Q2,Petcare Diagnostics,PetLab Analyzer,DIA-PETLAB-ANA-S,Veterinary,Region,South,68459,1026879.64,0.96
zoetis_vet_internal,2024-06,2024-Q2,Petcare Diagnostics,RapidVet Dx,DIA-RAPIDVET-D-L,Veterinary,Region,South,79093,1265491.62,0.96
zoetis_vet_internal,2024-06,2024-Q2,Petcare Diagnostics,RapidVet Dx,DIA-RAPIDVET-D-S,Veterinary,Region,South,104513,1672211.79,0.96
zoetis_vet_internal,2024-06,2024-Q2,Parasiticides,Simparica Trio,PAR-SIMPARICA--L,Veterinary,Region,South,103074,2886073.75,0.96
zoetis_vet_internal,2024-06,2024-Q2,Parasiticides,Simparica Trio,PAR-SIMPARICA--S,Veterinary,Region,South,144192,4037385.91,0.96
zoetis_vet_internal,2024-06,2024-Q2,Dermatology,SkinRelief Pro,DRM-SKINRELIEF-L,Veterinary,Region,South,24615,1206140.77,0.96
zoetis_vet_internal,2024-06,2024-Q2,Dermatology,SkinRelief Pro,DRM-SKINRELIEF-S,Veterinary,Region,South,33629,1647811.72,0.96
zoetis_vet_internal,2024-06,2024-Q2,Parasiticides,TickShield Plus,PAR-TICKSHIELD-L,Veterinary,Region,South,58664,1407936.77,0.96
zoetis_vet_internal,2024-06,2024-Q2,Parasiticides,TickShield Plus,PAR-TICKSHIELD-S,Veterinary,Region,South,80356,1928550.06,0.96
zoetis_vet_internal,2024-06,2024-Q2,Vaccines,Vanguard,VAC-VANGUARD-L,Veterinary,Region,South,92617,2037569.94,0.96
zoetis_vet_internal,2024-06,2024-Q2,Vaccines,Vanguard,VAC-VANGUARD-S,Veterinary,Region,South,133283,2932236.0,0.96
zoetis_vet_internal,2024-06,2024-Q2,Parasiticides,VectraGuard,PAR-VECTRAGUAR-L,Veterinary,Region,South,68245,1774358.21,0.96
zoetis_vet_internal,2024-06,2024-Q2,Parasiticides,VectraGuard,PAR-VECTRAGUAR-S,Veterinary,Region,South,93932,2442229.61,0.96
zoetis_vet_internal,2024-06,2024-Q2,Vaccines,VetGuard Immunize,VAC-VETGUARD-I-L,Veterinary,Region,South,59894,1137994.86,0.96
zoetis_vet_internal,2024-06,2024-Q2,Vaccines,VetGuard Immunize,VAC-VETGUARD-I-S,Veterinary,Region,South,87148,1655803.78,0.96
zoetis_vet_internal,2024-06,2024-Q2,Vaccines,VetSelect Core Vax,VAC-VETSELECT--L,Veterinary,Region,South,56642,792982.51,0.96
zoetis_vet_internal,2024-06,2024-Q2,Vaccines,VetSelect Core Vax,VAC-VETSELECT--S,Veterinary,Region,South,78653,1101144.08,0.96
zoetis_vet_internal,2024-06,2024-Q2,Dermatology,VetSelect Derma,DRM-VETSELECT--L,Veterinary,Region,South,21579,820014.59,0.96
zoetis_vet_internal,2024-06,2024-Q2,Dermatology,VetSelect Derma,DRM-VETSELECT--S,Veterinary,Region,South,28794,1094158.08,0.96
zoetis_vet_internal,2024-06,2024-Q2,Petcare Diagnostics,VetSelect Dx,DIA-VETSELECT--L,Veterinary,Region,South,34904,418847.71,0.96
zoetis_vet_internal,2024-06,2024-Q2,Petcare Diagnostics,VetSelect Dx,DIA-VETSELECT--S,Veterinary,Region,South,50764,609167.3,0.96
zoetis_vet_internal,2024-06,2024-Q2,Parasiticides,VetSelect Flea & Tick,PAR-VETSELECT--L,Veterinary,Region,South,50310,855264.79,0.96
zoetis_vet_internal,2024-06,2024-Q2,Parasiticides,VetSelect Flea & Tick,PAR-VETSELECT--S,Veterinary,Region,South,70848,1204416.78,0.96
zoetis_vet_internal,2024-06,2024-Q2,Pain/Osteoarthritis,VetSelect Joint,PAN-VETSELECT--L,Veterinary,Region,South,17590,510119.65,0.96
zoetis_vet_internal,2024-06,2024-Q2,Pain/Osteoarthritis,VetSelect Joint,PAN-VETSELECT--S,Veterinary,Region,South,24221,702399.06,0.96
zoetis_vet_internal,2024-06,2024-Q2,Petcare Diagnostics,Vetscan,DIA-VETSCAN-L,Veterinary,Region,South,101829,1832915.49,0.96
zoetis_vet_internal,2024-06,2024-Q2,Petcare Diagnostics,Vetscan,DIA-VETSCAN-S,Veterinary,Region,South,138733,2497186.85,0.96
zoetis_vet_internal,2024-06,2024-Q2,Dermatology,AllerVet RX,DRM-ALLERVET-R-L,Veterinary,Region,West,20249,1093463.93,0.96
zoetis_vet_internal,2024-06,2024-Q2,Dermatology,AllerVet RX,DRM-ALLERVET-R-S,Veterinary,Region,West,28310,1528733.24,0.96
zoetis_vet_internal,2024-06,2024-Q2,Dermatology,Apoquel,DRM-APOQUEL-L,Veterinary,Region,West,35755,2324098.92,0.96
zoetis_vet_internal,2024-06,2024-Q2,Dermatology,Apoquel,DRM-APOQUEL-S,Veterinary,Region,West,49217,3199131.75,0.96
zoetis_vet_internal,2024-06,2024-Q2,Vaccines,BioShield Vax,VAC-BIOSHIELD--L,Veterinary,Region,West,50261,1005222.26,0.96
zoetis_vet_internal,2024-06,2024-Q2,Vaccines,BioShield Vax,VAC-BIOSHIELD--S,Veterinary,Region,West,72525,1450492.26,0.96
zoetis_vet_internal,2024-06,2024-Q2,Dermatology,DermaCalm,DRM-DERMACALM-L,Veterinary,Region,West,21919,1271295.4,0.96
zoetis_vet_internal,2024-06,2024-Q2,Dermatology,DermaCalm,DRM-DERMACALM-S,Veterinary,Region,West,30143,1748282.83,0.96
zoetis_vet_internal,2024-06,2024-Q2,Petcare Diagnostics,DiagnosTech Vet,DIA-DIAGNOSTEC-L,Veterinary,Region,West,58403,992843.36,0.96
zoetis_vet_internal,2024-06,2024-Q2,Petcare Diagnostics,DiagnosTech Vet,DIA-DIAGNOSTEC-S,Veterinary,Region,West,82266,1398517.9,0.96
zoetis_vet_internal,2024-06,2024-Q2,Parasiticides,FleaStop Pro,PAR-FLEASTOP-P-L,Veterinary,Region,West,35614,747891.07,0.96
zoetis_vet_internal,2024-06,2024-Q2,Parasiticides,FleaStop Pro,PAR-FLEASTOP-P-S,Veterinary,Region,West,48368,1015728.83,0.96
zoetis_vet_internal,2024-06,2024-Q2,Pain/Osteoarthritis,FlexiCare Joint,PAN-FLEXICARE--L,Veterinary,Region,West,14703,646934.87,0.96
zoetis_vet_internal,2024-06,2024-Q2,Pain/Osteoarthritis,FlexiCare Joint,PAN-FLEXICARE--S,Veterinary,Region,West,20224,889855.41,0.96
zoetis_vet_internal,2024-06,2024-Q2,Vaccines,ImmunoCore Canine,VAC-IMMUNOCORE-L,Veterinary,Region,West,57361,1204584.95,0.96
zoetis_vet_internal,2024-06,2024-Q2,Vaccines,ImmunoCore Canine,VAC-IMMUNOCORE-S,Veterinary,Region,West,80953,1700012.66,0.96
zoetis_vet_internal,2024-06,2024-Q2,Pain/Osteoarthritis,Librela,PAN-LIBRELA-L,Veterinary,Region,West,18115,869502.05,0.96
zoetis_vet_internal,2024-06,2024-Q2,Pain/Osteoarthritis,Librela,PAN-LIBRELA-S,Veterinary,Region,West,24303,1166521.89,0.96
zoetis_vet_internal,2024-06,2024-Q2,Pain/Osteoarthritis,OsteoEase Vet,PAN-OSTEOEASE--L,Veterinary,Region,West,14102,578199.68,0.96
zoetis_vet_internal,2024-06,2024-Q2,Pain/Osteoarthritis,OsteoEase Vet,PAN-OSTEOEASE--S,Veterinary,Region,West,19378,794513.97,0.96
zoetis_vet_internal,2024-06,2024-Q2,Pain/Osteoarthritis,PainAway Canine,PAN-PAINAWAY-C-L,Veterinary,Region,West,12686,469383.53,0.96
zoetis_vet_internal,2024-06,2024-Q2,Pain/Osteoarthritis,PainAway Canine,PAN-PAINAWAY-C-S,Veterinary,Region,West,16639,615656.33,0.96
zoetis_vet_internal,2024-06,2024-Q2,Petcare Diagnostics,PetLab Analyzer,DIA-PETLAB-ANA-L,Veterinary,Region,West,33482,502225.84,0.96
zoetis_vet_internal,2024-06,2024-Q2,Petcare Diagnostics,PetLab Analyzer,DIA-PETLAB-ANA-S,Veterinary,Region,West,44362,665427.64,0.96
zoetis_vet_internal,2024-06,2024-Q2,Petcare Diagnostics,RapidVet Dx,DIA-RAPIDVET-D-L,Veterinary,Region,West,50410,806560.49,0.96
zoetis_vet_internal,2024-06,2024-Q2,Petcare Diagnostics,RapidVet Dx,DIA-RAPIDVET-D-S,Veterinary,Region,West,69382,1110113.33,0.96
zoetis_vet_internal,2024-06,2024-Q2,Parasiticides,Simparica Trio,PAR-SIMPARICA--L,Veterinary,Region,West,67543,1891202.54,0.96
zoetis_vet_internal,2024-06,2024-Q2,Parasiticides,Simparica Trio,PAR-SIMPARICA--S,Veterinary,Region,West,93769,2625522.46,0.96
zoetis_vet_internal,2024-06,2024-Q2,Dermatology,SkinRelief Pro,DRM-SKINRELIEF-L,Veterinary,Region,West,17364,850834.25,0.96
zoetis_vet_internal,2024-06,2024-Q2,Dermatology,SkinRelief Pro,DRM-SKINRELIEF-S,Veterinary,Region,West,24281,1189777.23,0.96
zoetis_vet_internal,2024-06,2024-Q2,Parasiticides,TickShield Plus,PAR-TICKSHIELD-L,Veterinary,Region,West,40302,967259.86,0.96
zoetis_vet_internal,2024-06,2024-Q2,Parasiticides,TickShield Plus,PAR-TICKSHIELD-S,Veterinary,Region,West,53911,1293865.09,0.96
zoetis_vet_internal,2024-06,2024-Q2,Vaccines,Vanguard,VAC-VANGUARD-L,Veterinary,Region,West,70592,1553018.06,0.96
zoetis_vet_internal,2024-06,2024-Q2,Vaccines,Vanguard,VAC-VANGUARD-S,Veterinary,Region,West,99537,2189817.16,0.96
zoetis_vet_internal,2024-06,2024-Q2,Parasiticides,VectraGuard,PAR-VECTRAGUAR-L,Veterinary,Region,West,46188,1200880.7,0.96
zoetis_vet_internal,2024-06,2024-Q2,Parasiticides,VectraGuard,PAR-VECTRAGUAR-S,Veterinary,Region,West,65170,1694408.31,0.96
zoetis_vet_internal,2024-06,2024-Q2,Vaccines,VetGuard Immunize,VAC-VETGUARD-I-L,Veterinary,Region,West,41342,785504.96,0.96
zoetis_vet_internal,2024-06,2024-Q2,Vaccines,VetGuard Immunize,VAC-VETGUARD-I-S,Veterinary,Region,West,58151,1104874.69,0.96
zoetis_vet_internal,2024-06,2024-Q2,Vaccines,VetSelect Core Vax,VAC-VETSELECT--L,Veterinary,Region,West,38258,535613.82,0.96
zoetis_vet_internal,2024-06,2024-Q2,Vaccines,VetSelect Core Vax,VAC-VETSELECT--S,Veterinary,Region,West,53469,748562.62,0.96
zoetis_vet_internal,2024-06,2024-Q2,Dermatology,VetSelect Derma,DRM-VETSELECT--L,Veterinary,Region,West,14409,547527.96,0.96
zoetis_vet_internal,2024-06,2024-Q2,Dermatology,VetSelect Derma,DRM-VETSELECT--S,Veterinary,Region,West,19942,757798.29,0.96
zoetis_vet_internal,2024-06,2024-Q2,Petcare Diagnostics,VetSelect Dx,DIA-VETSELECT--L,Veterinary,Region,West,24653,295835.97,0.96
zoetis_vet_internal,2024-06,2024-Q2,Petcare Diagnostics,VetSelect Dx,DIA-VETSELECT--S,Veterinary,Region,West,35101,421211.73,0.96
zoetis_vet_internal,2024-06,2024-Q2,Parasiticides,VetSelect Flea & Tick,PAR-VETSELECT--L,Veterinary,Region,West,34486,586259.72,0.96
zoetis_vet_internal,2024-06,2024-Q2,Parasiticides,VetSelect Flea & Tick,PAR-VETSELECT--S,Veterinary,Region,West,47569,808672.6,0.96
zoetis_vet_internal,2024-06,2024-Q2,Pain/Osteoarthritis,VetSelect Joint,PAN-VETSELECT--L,Veterinary,Region,West,11890,344822.33,0.96
zoetis_vet_internal,2024-06,2024-Q2,Pain/Osteoarthritis,VetSelect Joint,PAN-VETSELECT--S,Veterinary,Region,West,16188,469450.12,0.96
zoetis_vet_internal,2024-06,2024-Q2,Petcare Diagnostics,Vetscan,DIA-VETSCAN-L,Veterinary,Region,West,64972,1169503.75,0.96
zoetis_vet_internal,2024-06,2024-Q2,Petcare Diagnostics,Vetscan,DIA-VETSCAN-S,Veterinary,Region,West,92823,1670819.17,0.96
zoetis_vet_internal,2024-07,2024-Q3,Dermatology,AllerVet RX,DRM-ALLERVET-R-L,Veterinary,National,National,90886,4907835.0,0.96
zoetis_vet_internal,2024-07,2024-Q3,Dermatology,AllerVet RX,DRM-ALLERVET-R-S,Veterinary,National,National,126132,6811096.23,0.96
zoetis_vet_internal,2024-07,2024-Q3,Dermatology,Apoquel,DRM-APOQUEL-L,Veterinary,National,National,147085,9560501.22,0.96
zoetis_vet_internal,2024-07,2024-Q3,Dermatology,Apoquel,DRM-APOQUEL-S,Veterinary,National,National,198613,12909885.88,0.96
zoetis_vet_internal,2024-07,2024-Q3,Vaccines,BioShield Vax,VAC-BIOSHIELD--L,Veterinary,National,National,208958,4179162.34,0.96
zoetis_vet_internal,2024-07,2024-Q3,Vaccines,BioShield Vax,VAC-BIOSHIELD--S,Veterinary,National,National,286374,5727469.59,0.96
zoetis_vet_internal,2024-07,2024-Q3,Dermatology,DermaCalm,DRM-DERMACALM-L,Veterinary,National,National,95469,5537205.04,0.96
zoetis_vet_internal,2024-07,2024-Q3,Dermatology,DermaCalm,DRM-DERMACALM-S,Veterinary,National,National,130494,7568598.37,0.96
zoetis_vet_internal,2024-07,2024-Q3,Petcare Diagnostics,DiagnosTech Vet,DIA-DIAGNOSTEC-L,Veterinary,National,National,247415,4206063.58,0.96
zoetis_vet_internal,2024-07,2024-Q3,Petcare Diagnostics,DiagnosTech Vet,DIA-DIAGNOSTEC-S,Veterinary,National,National,337331,5734629.15,0.96
zoetis_vet_internal,2024-07,2024-Q3,Parasiticides,FleaStop Pro,PAR-FLEASTOP-P-L,Veterinary,National,National,146567,3077911.81,0.96
zoetis_vet_internal,2024-07,2024-Q3,Parasiticides,FleaStop Pro,PAR-FLEASTOP-P-S,Veterinary,National,National,202340,4249123.5,0.96
zoetis_vet_internal,2024-07,2024-Q3,Pain/Osteoarthritis,FlexiCare Joint,PAN-FLEXICARE--L,Veterinary,National,National,62112,2732933.63,0.96
zoetis_vet_internal,2024-07,2024-Q3,Pain/Osteoarthritis,FlexiCare Joint,PAN-FLEXICARE--S,Veterinary,National,National,86963,3826364.6,0.96
zoetis_vet_internal,2024-07,2024-Q3,Vaccines,ImmunoCore Canine,VAC-IMMUNOCORE-L,Veterinary,National,National,237780,4993378.07,0.96
zoetis_vet_internal,2024-07,2024-Q3,Vaccines,ImmunoCore Canine,VAC-IMMUNOCORE-S,Veterinary,National,National,338280,7103890.44,0.96
zoetis_vet_internal,2024-07,2024-Q3,Pain/Osteoarthritis,Librela,PAN-LIBRELA-L,Veterinary,National,National,72628,3486143.17,0.96
zoetis_vet_internal,2024-07,2024-Q3,Pain/Osteoarthritis,Librela,PAN-LIBRELA-S,Veterinary,National,National,101823,4887521.84,0.96
zoetis_vet_internal,2024-07,2024-Q3,Pain/Osteoarthritis,OsteoEase Vet,PAN-OSTEOEASE--L,Veterinary,National,National,59783,2451125.51,0.96
zoetis_vet_internal,2024-07,2024-Q3,Pain/Osteoarthritis,OsteoEase Vet,PAN-OSTEOEASE--S,Veterinary,National,National,82656,3388931.85,0.96
zoetis_vet_internal,2024-07,2024-Q3,Pain/Osteoarthritis,PainAway Canine,PAN-PAINAWAY-C-L,Veterinary,National,National,51983,1923383.61,0.96
zoetis_vet_internal,2024-07,2024-Q3,Pain/Osteoarthritis,PainAway Canine,PAN-PAINAWAY-C-S,Veterinary,National,National,72933,2698483.09,0.96
zoetis_vet_internal,2024-07,2024-Q3,Petcare Diagnostics,PetLab Analyzer,DIA-PETLAB-ANA-L,Veterinary,National,National,140678,2110174.85,0.96
zoetis_vet_internal,2024-07,2024-Q3,Petcare Diagnostics,PetLab Analyzer,DIA-PETLAB-ANA-S,Veterinary,National,National,192215,2883235.43,0.96
zoetis_vet_internal,2024-07,2024-Q3,Petcare Diagnostics,RapidVet Dx,DIA-RAPIDVET-D-L,Veterinary,National,National,224955,3599279.29,0.96
zoetis_vet_internal,2024-07,2024-Q3,Petcare Diagnostics,RapidVet Dx,DIA-RAPIDVET-D-S,Veterinary,National,National,315053,5040854.54,0.96
zoetis_vet_internal,2024-07,2024-Q3,Parasiticides,Simparica Trio,PAR-SIMPARICA--L,Veterinary,National,National,284189,7957293.52,0.96
zoetis_vet_internal,2024-07,2024-Q3,Parasiticides,Simparica Trio,PAR-SIMPARICA--S,Veterinary,National,National,385370,10790361.85,0.96
zoetis_vet_internal,2024-07,2024-Q3,Dermatology,SkinRelief Pro,DRM-SKINRELIEF-L,Veterinary,National,National,76043,3726110.62,0.96
zoetis_vet_internal,2024-07,2024-Q3,Dermatology,SkinRelief Pro,DRM-SKINRELIEF-S,Veterinary,National,National,103785,5085477.6,0.96
zoetis_vet_internal,2024-07,2024-Q3,Parasiticides,TickShield Plus,PAR-TICKSHIELD-L,Veterinary,National,National,159983,3839602.73,0.96
zoetis_vet_internal,2024-07,2024-Q3,Parasiticides,TickShield Plus,PAR-TICKSHIELD-S,Veterinary,National,National,220345,5288266.66,0.96
zoetis_vet_internal,2024-07,2024-Q3,Vaccines,Vanguard,VAC-VANGUARD-L,Veterinary,National,National,275367,6058081.4,0.96
zoetis_vet_internal,2024-07,2024-Q3,Vaccines,Vanguard,VAC-VANGUARD-S,Veterinary,National,National,389363,8565962.81,0.96
zoetis_vet_internal,2024-07,2024-Q3,Parasiticides,VectraGuard,PAR-VECTRAGUAR-L,Veterinary,National,National,195600,5085598.13,0.96
zoetis_vet_internal,2024-07,2024-Q3,Parasiticides,VectraGuard,PAR-VECTRAGUAR-S,Veterinary,National,National,262888,6835071.36,0.96
zoetis_vet_internal,2024-07,2024-Q3,Vaccines,VetGuard Immunize,VAC-VETGUARD-I-L,Veterinary,National,National,176400,3351590.2,0.96
zoetis_vet_internal,2024-07,2024-Q3,Vaccines,VetGuard Immunize,VAC-VETGUARD-I-S,Veterinary,National,National,245819,4670562.31,0.96
zoetis_vet_internal,2024-07,2024-Q3,Vaccines,VetSelect Core Vax,VAC-VETSELECT--L,Veterinary,National,National,162446,2274264.47,0.96
zoetis_vet_internal,2024-07,2024-Q3,Vaccines,VetSelect Core Vax,VAC-VETSELECT--S,Veterinary,National,National,223971,3135608.61,0.96
zoetis_vet_internal,2024-07,2024-Q3,Dermatology,VetSelect Derma,DRM-VETSELECT--L,Veterinary,National,National,67178,2552769.79,0.96
zoetis_vet_internal,2024-07,2024-Q3,Dermatology,VetSelect Derma,DRM-VETSELECT--S,Veterinary,National,National,90594,3442581.31,0.96
zoetis_vet_internal,2024-07,2024-Q3,Petcare Diagnostics,VetSelect Dx,DIA-VETSELECT--L,Veterinary,National,National,110494,1325936.65,0.96
zoetis_vet_internal,2024-07,2024-Q3,Petcare Diagnostics,VetSelect Dx,DIA-VETSELECT--S,Veterinary,National,National,150502,1806032.58,0.96
zoetis_vet_internal,2024-07,2024-Q3,Parasiticides,VetSelect Flea & Tick,PAR-VETSELECT--L,Veterinary,National,National,142493,2422372.93,0.96
zoetis_vet_internal,2024-07,2024-Q3,Parasiticides,VetSelect Flea & Tick,PAR-VETSELECT--S,Veterinary,National,National,198035,3366589.16,0.96
zoetis_vet_internal,2024-07,2024-Q3,Pain/Osteoarthritis,VetSelect Joint,PAN-VETSELECT--L,Veterinary,National,National,50140,1454038.61,0.96
zoetis_vet_internal,2024-07,2024-Q3,Pain/Osteoarthritis,VetSelect Joint,PAN-VETSELECT--S,Veterinary,National,National,70674,2049544.17,0.96
zoetis_vet_internal,2024-07,2024-Q3,Petcare Diagnostics,Vetscan,DIA-VETSCAN-L,Veterinary,National,National,302054,5436961.94,0.96
zoetis_vet_internal,2024-07,2024-Q3,Petcare Diagnostics,Vetscan,DIA-VETSCAN-S,Veterinary,National,National,416546,7497853.03,0.96
zoetis_vet_internal,2024-07,2024-Q3,Dermatology,AllerVet RX,DRM-ALLERVET-R-L,Veterinary,Region,Midwest,18812,1015857.17,0.96
zoetis_vet_internal,2024-07,2024-Q3,Dermatology,AllerVet RX,DRM-ALLERVET-R-S,Veterinary,Region,Midwest,27515,1485796.08,0.96
zoetis_vet_internal,2024-07,2024-Q3,Dermatology,Apoquel,DRM-APOQUEL-L,Veterinary,Region,Midwest,30938,2010971.35,0.96
zoetis_vet_internal,2024-07,2024-Q3,Dermatology,Apoquel,DRM-APOQUEL-S,Veterinary,Region,Midwest,42954,2792015.62,0.96
zoetis_vet_internal,2024-07,2024-Q3,Vaccines,BioShield Vax,VAC-BIOSHIELD--L,Veterinary,Region,Midwest,43237,864746.18,0.96
zoetis_vet_internal,2024-07,2024-Q3,Vaccines,BioShield Vax,VAC-BIOSHIELD--S,Veterinary,Region,Midwest,60477,1209538.21,0.96
zoetis_vet_internal,2024-07,2024-Q3,Dermatology,DermaCalm,DRM-DERMACALM-L,Veterinary,Region,Midwest,20560,1192474.08,0.96
zoetis_vet_internal,2024-07,2024-Q3,Dermatology,DermaCalm,DRM-DERMACALM-S,Veterinary,Region,Midwest,28721,1665806.05,0.96
zoetis_vet_internal,2024-07,2024-Q3,Petcare Diagnostics,DiagnosTech Vet,DIA-DIAGNOSTEC-L,Veterinary,Region,Midwest,52714,896138.54,0.96
zoetis_vet_internal,2024-07,2024-Q3,Petcare Diagnostics,DiagnosTech Vet,DIA-DIAGNOSTEC-S,Veterinary,Region,Midwest,70783,1203311.69,0.96
zoetis_vet_internal,2024-07,2024-Q3,Parasiticides,FleaStop Pro,PAR-FLEASTOP-P-L,Veterinary,Region,Midwest,30220,634620.41,0.96
zoetis_vet_internal,2024-07,2024-Q3,Parasiticides,FleaStop Pro,PAR-FLEASTOP-P-S,Veterinary,Region,Midwest,40812,857044.48,0.96
zoetis_vet_internal,2024-07,2024-Q3,Pain/Osteoarthritis,FlexiCare Joint,PAN-FLEXICARE--L,Veterinary,Region,Midwest,12699,558774.26,0.96
zoetis_vet_internal,2024-07,2024-Q3,Pain/Osteoarthritis,FlexiCare Joint,PAN-FLEXICARE--S,Veterinary,Region,Midwest,17519,770819.96,0.96
zoetis_vet_internal,2024-07,2024-Q3,Vaccines,ImmunoCore Canine,VAC-IMMUNOCORE-L,Veterinary,Region,Midwest,49002,1029044.82,0.96
zoetis_vet_internal,2024-07,2024-Q3,Vaccines,ImmunoCore Canine,VAC-IMMUNOCORE-S,Veterinary,Region,Midwest,69177,1452722.16,0.96
zoetis_vet_internal,2024-07,2024-Q3,Pain/Osteoarthritis,Librela,PAN-LIBRELA-L,Veterinary,Region,Midwest,14831,711865.98,0.96
zoetis_vet_internal,2024-07,2024-Q3,Pain/Osteoarthritis,Librela,PAN-LIBRELA-S,Veterinary,Region,Midwest,21507,1032324.86,0.96
zoetis_vet_internal,2024-07,2024-Q3,Pain/Osteoarthritis,OsteoEase Vet,PAN-OSTEOEASE--L,Veterinary,Region,Midwest,12489,512059.81,0.96
zoetis_vet_internal,2024-07,2024-Q3,Pain/Osteoarthritis,OsteoEase Vet,PAN-OSTEOEASE--S,Veterinary,Region,Midwest,17237,706708.66,0.96
zoetis_vet_internal,2024-07,2024-Q3,Pain/Osteoarthritis,PainAway Canine,PAN-PAINAWAY-C-L,Veterinary,Region,Midwest,10659,394384.34,0.96
zoetis_vet_internal,2024-07,2024-Q3,Pain/Osteoarthritis,PainAway Canine,PAN-PAINAWAY-C-S,Veterinary,Region,Midwest,14690,543518.89,0.96
zoetis_vet_internal,2024-07,2024-Q3,Petcare Diagnostics,PetLab Analyzer,DIA-PETLAB-ANA-L,Veterinary,Region,Midwest,28750,431250.82,0.96
zoetis_vet_internal,2024-07,2024-Q3,Petcare Diagnostics,PetLab Analyzer,DIA-PETLAB-ANA-S,Veterinary,Region,Midwest,40099,601479.42,0.96
zoetis_vet_internal,2024-07,2024-Q3,Petcare Diagnostics,RapidVet Dx,DIA-RAPIDVET-D-L,Veterinary,Region,Midwest,45568,729092.53,0.96
zoetis_vet_internal,2024-07,2024-Q3,Petcare Diagnostics,RapidVet Dx,DIA-RAPIDVET-D-S,Veterinary,Region,Midwest,63572,1017151.52,0.96
zoetis_vet_internal,2024-07,2024-Q3,Parasiticides,Simparica Trio,PAR-SIMPARICA--L,Veterinary,Region,Midwest,58667,1642678.48,0.96
zoetis_vet_internal,2024-07,2024-Q3,Parasiticides,Simparica Trio,PAR-SIMPARICA--S,Veterinary,Region,Midwest,80149,2244185.81,0.96
zoetis_vet_internal,2024-07,2024-Q3,Dermatology,SkinRelief Pro,DRM-SKINRELIEF-L,Veterinary,Region,Midwest,16037,785806.28,0.96
zoetis_vet_internal,2024-07,2024-Q3,Dermatology,SkinRelief Pro,DRM-SKINRELIEF-S,Veterinary,Region,Midwest,22639,1109329.03,0.96
zoetis_vet_internal,2024-07,2024-Q3,Parasiticides,TickShield Plus,PAR-TICKSHIELD-L,Veterinary,Region,Midwest,34136,819264.31,0.96
zoetis_vet_internal,2024-07,2024-Q3,Parasiticides,TickShield Plus,PAR-TICKSHIELD-S,Veterinary,Region,Midwest,47531,1140735.84,0.96
zoetis_vet_internal,2024-07,2024-Q3,Vaccines,Vanguard,VAC-VANGUARD-L,Veterinary,Region,Midwest,221625,4875730.25,0.96
zoetis_vet_internal,2024-07,2024-Q3,Vaccines,Vanguard,VAC-VANGUARD-S,Veterinary,Region,Midwest,321549,7074032.35,0.96
zoetis_vet_internal,2024-07,2024-Q3,Parasiticides,VectraGuard,PAR-VECTRAGUAR-L,Veterinary,Region,Midwest,40970,1065223.44,0.96
zoetis_vet_internal,2024-07,2024-Q3,Parasiticides,VectraGuard,PAR-VECTRAGUAR-S,Veterinary,Region,Midwest,57052,1483345.48,0.96
zoetis_vet_internal,2024-07,2024-Q3,Vaccines,VetGuard Immunize,VAC-VETGUARD-I-L,Veterinary,Region,Midwest,38880,738724.35,0.96
zoetis_vet_internal,2024-07,2024-Q3,Vaccines,VetGuard Immunize,VAC-VETGUARD-I-S,Veterinary,Region,Midwest,53895,1024006.97,0.96
zoetis_vet_internal,2024-07,2024-Q3,Vaccines,VetSelect Core Vax,VAC-VETSELECT--L,Veterinary,Region,Midwest,36135,505895.85,0.96
zoetis_vet_internal,2024-07,2024-Q3,Vaccines,VetSelect Core Vax,VAC-VETSELECT--S,Veterinary,Region,Midwest,48261,675654.92,0.96
zoetis_vet_internal,2024-07,2024-Q3,Dermatology,VetSelect Derma,DRM-VETSELECT--L,Veterinary,Region,Midwest,14033,533249.5,0.96
zoetis_vet_internal,2024-07,2024-Q3,Dermatology,VetSelect Derma,DRM-VETSELECT--S,Veterinary,Region,Midwest,18652,708774.16,0.96
zoetis_vet_internal,2024-07,2024-Q3,Petcare Diagnostics,VetSelect Dx,DIA-VETSELECT--L,Veterinary,Region,Midwest,23225,278696.2,0.96
zoetis_vet_internal,2024-07,2024-Q3,Petcare Diagnostics,VetSelect Dx,DIA-VETSELECT--S,Veterinary,Region,Midwest,31732,380786.46,0.96
zoetis_vet_internal,2024-07,2024-Q3,Parasiticides,VetSelect Flea & Tick,PAR-VETSELECT--L,Veterinary,Region,Midwest,30817,523894.44,0.96
zoetis_vet_internal,2024-07,2024-Q3,Parasiticides,VetSelect Flea & Tick,PAR-VETSELECT--S,Veterinary,Region,Midwest,43122,733067.07,0.96
zoetis_vet_internal,2024-07,2024-Q3,Pain/Osteoarthritis,VetSelect Joint,PAN-VETSELECT--L,Veterinary,Region,Midwest,10612,307738.29,0.96
zoetis_vet_internal,2024-07,2024-Q3,Pain/Osteoarthritis,VetSelect Joint,PAN-VETSELECT--S,Veterinary,Region,Midwest,14870,431237.43,0.96
zoetis_vet_internal,2024-07,2024-Q3,Petcare Diagnostics,Vetscan,DIA-VETSCAN-L,Veterinary,Region,Midwest,62272,1120891.23,0.96
zoetis_vet_internal,2024-07,2024-Q3,Petcare Diagnostics,Vetscan,DIA-VETSCAN-S,Veterinary,Region,Midwest,86692,1560461.84,0.96
zoetis_vet_internal,2024-07,2024-Q3,Dermatology,AllerVet RX,DRM-ALLERVET-R-L,Veterinary,Region,Northeast,18681,1008772.02,0.96
zoetis_vet_internal,2024-07,2024-Q3,Dermatology,AllerVet RX,DRM-ALLERVET-R-S,Veterinary,Region,Northeast,26854,1450109.74,0.96
zoetis_vet_internal,2024-07,2024-Q3,Dermatology,Apoquel,DRM-APOQUEL-L,Veterinary,Region,Northeast,33759,2194333.44,0.96
zoetis_vet_internal,2024-07,2024-Q3,Dermatology,Apoquel,DRM-APOQUEL-S,Veterinary,Region,Northeast,45400,2950986.94,0.96
zoetis_vet_internal,2024-07,2024-Q3,Vaccines,BioShield Vax,VAC-BIOSHIELD--L,Veterinary,Region,Northeast,46821,936422.45,0.96
zoetis_vet_internal,2024-07,2024-Q3,Vaccines,BioShield Vax,VAC-BIOSHIELD--S,Veterinary,Region,Northeast,61684,1233672.57,0.96
zoetis_vet_internal,2024-07,2024-Q3,Dermatology,DermaCalm,DRM-DERMACALM-L,Veterinary,Region,Northeast,21231,1231375.22,0.96
zoetis_vet_internal,2024-07,2024-Q3,Dermatology,DermaCalm,DRM-DERMACALM-S,Veterinary,Region,Northeast,28891,1675690.27,0.96
zoetis_vet_internal,2024-07,2024-Q3,Petcare Diagnostics,DiagnosTech Vet,DIA-DIAGNOSTEC-L,Veterinary,Region,Northeast,50153,852603.99,0.96
zoetis_vet_internal,2024-07,2024-Q3,Petcare Diagnostics,DiagnosTech Vet,DIA-DIAGNOSTEC-S,Veterinary,Region,Northeast,68439,1163467.96,0.96
zoetis_vet_internal,2024-07,2024-Q3,Parasiticides,FleaStop Pro,PAR-FLEASTOP-P-L,Veterinary,Region,Northeast,32838,689603.02,0.96
zoetis_vet_internal,2024-07,2024-Q3,Parasiticides,FleaStop Pro,PAR-FLEASTOP-P-S,Veterinary,Region,Northeast,44332,930964.09,0.96
zoetis_vet_internal,2024-07,2024-Q3,Pain/Osteoarthritis,FlexiCare Joint,PAN-FLEXICARE--L,Veterinary,Region,Northeast,13721,603702.47,0.96
zoetis_vet_internal,2024-07,2024-Q3,Pain/Osteoarthritis,FlexiCare Joint,PAN-FLEXICARE--S,Veterinary,Region,Northeast,19336,850768.25,0.96
zoetis_vet_internal,2024-07,2024-Q3,Vaccines,ImmunoCore Canine,VAC-IMMUNOCORE-L,Veterinary,Region,Northeast,53347,1120282.66,0.96
zoetis_vet_internal,2024-07,2024-Q3,Vaccines,ImmunoCore Canine,VAC-IMMUNOCORE-S,Veterinary,Region,Northeast,73770,1549173.2,0.96
zoetis_vet_internal,2024-07,2024-Q3,Pain/Osteoarthritis,Librela,PAN-LIBRELA-L,Veterinary,Region,Northeast,16176,776436.83,0.96
zoetis_vet_internal,2024-07,2024-Q3,Pain/Osteoarthritis,Librela,PAN-LIBRELA-S,Veterinary,Region,Northeast,22956,1101886.24,0.96
zoetis_vet_internal,2024-07,2024-Q3,Pain/Osteoarthritis,OsteoEase Vet,PAN-OSTEOEASE--L,Veterinary,Region,Northeast,13915,570518.4,0.96
zoetis_vet_internal,2024-07,2024-Q3,Pain/Osteoarthritis,OsteoEase Vet,PAN-OSTEOEASE--S,Veterinary,Region,Northeast,18739,768312.26,0.96
zoetis_vet_internal,2024-07,2024-Q3,Pain/Osteoarthritis,PainAway Canine,PAN-PAINAWAY-C-L,Veterinary,Region,Northeast,11489,425109.55,0.96
zoetis_vet_internal,2024-07,2024-Q3,Pain/Osteoarthritis,PainAway Canine,PAN-PAINAWAY-C-S,Veterinary,Region,Northeast,16398,606710.67,0.96
zoetis_vet_internal,2024-07,2024-Q3,Petcare Diagnostics,PetLab Analyzer,DIA-PETLAB-ANA-L,Veterinary,Region,Northeast,30343,455149.73,0.96
zoetis_vet_internal,2024-07,2024-Q3,Petcare Diagnostics,PetLab Analyzer,DIA-PETLAB-ANA-S,Veterinary,Region,Northeast,41536,623046.55,0.96
zoetis_vet_internal,2024-07,2024-Q3,Petcare Diagnostics,RapidVet Dx,DIA-RAPIDVET-D-L,Veterinary,Region,Northeast,48378,774049.05,0.96
zoetis_vet_internal,2024-07,2024-Q3,Petcare Diagnostics,RapidVet Dx,DIA-RAPIDVET-D-S,Veterinary,Region,Northeast,70295,1124727.69,0.96
zoetis_vet_internal,2024-07,2024-Q3,Parasiticides,Simparica Trio,PAR-SIMPARICA--L,Veterinary,Region,Northeast,60941,1706350.5,0.96
zoetis_vet_internal,2024-07,2024-Q3,Parasiticides,Simparica Trio,PAR-SIMPARICA--S,Veterinary,Region,Northeast,84430,2364048.66,0.96
zoetis_vet_internal,2024-07,2024-Q3,Dermatology,SkinRelief Pro,DRM-SKINRELIEF-L,Veterinary,Region,Northeast,16902,828192.24,0.96
zoetis_vet_internal,2024-07,2024-Q3,Dermatology,SkinRelief Pro,DRM-SKINRELIEF-S,Veterinary,Region,Northeast,22939,1124018.36,0.96
zoetis_vet_internal,2024-07,2024-Q3,Parasiticides,TickShield Plus,PAR-TICKSHIELD-L,Veterinary,Region,Northeast,35784,858821.73,0.96
zoetis_vet_internal,2024-07,2024-Q3,Parasiticides,TickShield Plus,PAR-TICKSHIELD-S,Veterinary,Region,Northeast,47912,1149885.56,0.96
zoetis_vet_internal,2024-07,2024-Q3,Vaccines,Vanguard,VAC-VANGUARD-L,Veterinary,Region,Northeast,63617,1399581.8,0.96
zoetis_vet_internal,2024-07,2024-Q3,Vaccines,Vanguard,VAC-VANGUARD-S,Veterinary,Region,Northeast,89247,1963425.0,0.96
zoetis_vet_internal,2024-07,2024-Q3,Parasiticides,VectraGuard,PAR-VECTRAGUAR-L,Veterinary,Region,Northeast,44133,1147465.26,0.96
zoetis_vet_internal,2024-07,2024-Q3,Parasiticides,VectraGuard,PAR-VECTRAGUAR-S,Veterinary,Region,Northeast,58838,1529782.52,0.96
zoetis_vet_internal,2024-07,2024-Q3,Vaccines,VetGuard Immunize,VAC-VETGUARD-I-L,Veterinary,Region,Northeast,39822,756614.32,0.96
zoetis_vet_internal,2024-07,2024-Q3,Vaccines,VetGuard Immunize,VAC-VETGUARD-I-S,Veterinary,Region,Northeast,54389,1033398.77,0.96
zoetis_vet_internal,2024-07,2024-Q3,Vaccines,VetSelect Core Vax,VAC-VETSELECT--L,Veterinary,Region,Northeast,36578,512098.46,0.96
zoetis_vet_internal,2024-07,2024-Q3,Vaccines,VetSelect Core Vax,VAC-VETSELECT--S,Veterinary,Region,Northeast,47557,665803.88,0.96
zoetis_vet_internal,2024-07,2024-Q3,Dermatology,VetSelect Derma,DRM-VETSELECT--L,Veterinary,Region,Northeast,14700,558593.33,0.96
zoetis_vet_internal,2024-07,2024-Q3,Dermatology,VetSelect Derma,DRM-VETSELECT--S,Veterinary,Region,Northeast,18742,712200.08,0.96
zoetis_vet_internal,2024-07,2024-Q3,Petcare Diagnostics,VetSelect Dx,DIA-VETSELECT--L,Veterinary,Region,Northeast,24663,295961.93,0.96
zoetis_vet_internal,2024-07,2024-Q3,Petcare Diagnostics,VetSelect Dx,DIA-VETSELECT--S,Veterinary,Region,Northeast,33907,406889.09,0.96
zoetis_vet_internal,2024-07,2024-Q3,Parasiticides,VetSelect Flea & Tick,PAR-VETSELECT--L,Veterinary,Region,Northeast,29485,501240.78,0.96
zoetis_vet_internal,2024-07,2024-Q3,Parasiticides,VetSelect Flea & Tick,PAR-VETSELECT--S,Veterinary,Region,Northeast,41064,698083.04,0.96
zoetis_vet_internal,2024-07,2024-Q3,Pain/Osteoarthritis,VetSelect Joint,PAN-VETSELECT--L,Veterinary,Region,Northeast,10517,304984.22,0.96
zoetis_vet_internal,2024-07,2024-Q3,Pain/Osteoarthritis,VetSelect Joint,PAN-VETSELECT--S,Veterinary,Region,Northeast,14972,434180.76,0.96
zoetis_vet_internal,2024-07,2024-Q3,Petcare Diagnostics,Vetscan,DIA-VETSCAN-L,Veterinary,Region,Northeast,67616,1217084.6,0.96
zoetis_vet_internal,2024-07,2024-Q3,Petcare Diagnostics,Vetscan,DIA-VETSCAN-S,Veterinary,Region,Northeast,92754,1669577.45,0.96
zoetis_vet_internal,2024-07,2024-Q3,Dermatology,AllerVet RX,DRM-ALLERVET-R-L,Veterinary,Region,South,32232,1740525.77,0.96
zoetis_vet_internal,2024-07,2024-Q3,Dermatology,AllerVet RX,DRM-ALLERVET-R-S,Veterinary,Region,South,42570,2298784.63,0.96
zoetis_vet_internal,2024-07,2024-Q3,Dermatology,Apoquel,DRM-APOQUEL-L,Veterinary,Region,South,48572,3157152.06,0.96
zoetis_vet_internal,2024-07,2024-Q3,Dermatology,Apoquel,DRM-APOQUEL-S,Veterinary,Region,South,64528,4194342.25,0.96
zoetis_vet_internal,2024-07,2024-Q3,Vaccines,BioShield Vax,VAC-BIOSHIELD--L,Veterinary,Region,South,71345,1426902.06,0.96
zoetis_vet_internal,2024-07,2024-Q3,Vaccines,BioShield Vax,VAC-BIOSHIELD--S,Veterinary,Region,South,98385,1967700.98,0.96
zoetis_vet_internal,2024-07,2024-Q3,Dermatology,DermaCalm,DRM-DERMACALM-L,Veterinary,Region,South,31796,1844182.27,0.96
zoetis_vet_internal,2024-07,2024-Q3,Dermatology,DermaCalm,DRM-DERMACALM-S,Veterinary,Region,South,43075,2498322.44,0.96
zoetis_vet_internal,2024-07,2024-Q3,Petcare Diagnostics,DiagnosTech Vet,DIA-DIAGNOSTEC-L,Veterinary,Region,South,86110,1463870.91,0.96
zoetis_vet_internal,2024-07,2024-Q3,Petcare Diagnostics,DiagnosTech Vet,DIA-DIAGNOSTEC-S,Veterinary,Region,South,119470,2030988.82,0.96
zoetis_vet_internal,2024-07,2024-Q3,Parasiticides,FleaStop Pro,PAR-FLEASTOP-P-L,Veterinary,Region,South,49611,1041826.65,0.96
zoetis_vet_internal,2024-07,2024-Q3,Parasiticides,FleaStop Pro,PAR-FLEASTOP-P-S,Veterinary,Region,South,69489,1459259.04,0.96
zoetis_vet_internal,2024-07,2024-Q3,Pain/Osteoarthritis,FlexiCare Joint,PAN-FLEXICARE--L,Veterinary,Region,South,20866,918117.39,0.96
zoetis_vet_internal,2024-07,2024-Q3,Pain/Osteoarthritis,FlexiCare Joint,PAN-FLEXICARE--S,Veterinary,Region,South,29336,1290795.78,0.96
zoetis_vet_internal,2024-07,2024-Q3,Vaccines,ImmunoCore Canine,VAC-IMMUNOCORE-L,Veterinary,Region,South,82904,1740986.14,0.96
zoetis_vet_internal,2024-07,2024-Q3,Vaccines,ImmunoCore Canine,VAC-IMMUNOCORE-S,Veterinary,Region,South,118345,2485238.28,0.96
zoetis_vet_internal,2024-07,2024-Q3,Pain/Osteoarthritis,Librela,PAN-LIBRELA-L,Veterinary,Region,South,24880,1194260.83,0.96
zoetis_vet_internal,2024-07,2024-Q3,Pain/Osteoarthritis,Librela,PAN-LIBRELA-S,Veterinary,Region,South,34789,1669891.63,0.96
zoetis_vet_internal,2024-07,2024-Q3,Pain/Osteoarthritis,OsteoEase Vet,PAN-OSTEOEASE--L,Veterinary,Region,South,20311,832760.0,0.96
zoetis_vet_internal,2024-07,2024-Q3,Pain/Osteoarthritis,OsteoEase Vet,PAN-OSTEOEASE--S,Veterinary,Region,South,28130,1153342.64,0.96
zoetis_vet_internal,2024-07,2024-Q3,Pain/Osteoarthritis,PainAway Canine,PAN-PAINAWAY-C-L,Veterinary,Region,South,18580,687464.43,0.96
zoetis_vet_internal,2024-07,2024-Q3,Pain/Osteoarthritis,PainAway Canine,PAN-PAINAWAY-C-S,Veterinary,Region,South,25789,954182.91,0.96
zoetis_vet_internal,2024-07,2024-Q3,Petcare Diagnostics,PetLab Analyzer,DIA-PETLAB-ANA-L,Veterinary,Region,South,49977,749655.05,0.96
zoetis_vet_internal,2024-07,2024-Q3,Petcare Diagnostics,PetLab Analyzer,DIA-PETLAB-ANA-S,Veterinary,Region,South,66199,992989.24,0.96
zoetis_vet_internal,2024-07,2024-Q3,Petcare Diagnostics,RapidVet Dx,DIA-RAPIDVET-D-L,Veterinary,Region,South,78526,1256417.61,0.96
zoetis_vet_internal,2024-07,2024-Q3,Petcare Diagnostics,RapidVet Dx,DIA-RAPIDVET-D-S,Veterinary,Region,South,107962,1727388.25,0.96
zoetis_vet_internal,2024-07,2024-Q3,Parasiticides,Simparica Trio,PAR-SIMPARICA--L,Veterinary,Region,South,98210,2749883.74,0.96
zoetis_vet_internal,2024-07,2024-Q3,Parasiticides,Simparica Trio,PAR-SIMPARICA--S,Veterinary,Region,South,129573,3628032.05,0.96
zoetis_vet_internal,2024-07,2024-Q3,Dermatology,SkinRelief Pro,DRM-SKINRELIEF-L,Veterinary,Region,South,25989,1273476.73,0.96
zoetis_vet_internal,2024-07,2024-Q3,Dermatology,SkinRelief Pro,DRM-SKINRELIEF-S,Veterinary,Region,South,34290,1680203.95,0.96
zoetis_vet_internal,2024-07,2024-Q3,Parasiticides,TickShield Plus,PAR-TICKSHIELD-L,Veterinary,Region,South,52591,1262195.86,0.96
zoetis_vet_internal,2024-07,2024-Q3,Parasiticides,TickShield Plus,PAR-TICKSHIELD-S,Veterinary,Region,South,74738,1793717.38,0.96
zoetis_vet_internal,2024-07,2024-Q3,Vaccines,Vanguard,VAC-VANGUARD-L,Veterinary,Region,South,96190,2116179.32,0.96
zoetis_vet_internal,2024-07,2024-Q3,Vaccines,Vanguard,VAC-VANGUARD-S,Veterinary,Region,South,128405,2824904.92,0.96
zoetis_vet_internal,2024-07,2024-Q3,Parasiticides,VectraGuard,PAR-VECTRAGUAR-L,Veterinary,Region,South,66884,1738971.52,0.96
zoetis_vet_internal,2024-07,2024-Q3,Parasiticides,VectraGuard,PAR-VECTRAGUAR-S,Veterinary,Region,South,88772,2308069.28,0.96
zoetis_vet_internal,2024-07,2024-Q3,Vaccines,VetGuard Immunize,VAC-VETGUARD-I-L,Veterinary,Region,South,58276,1107239.2,0.96
zoetis_vet_internal,2024-07,2024-Q3,Vaccines,VetGuard Immunize,VAC-VETGUARD-I-S,Veterinary,Region,South,82373,1565086.41,0.96
zoetis_vet_internal,2024-07,2024-Q3,Vaccines,VetSelect Core Vax,VAC-VETSELECT--L,Veterinary,Region,South,53163,744287.88,0.96
zoetis_vet_internal,2024-07,2024-Q3,Vaccines,VetSelect Core Vax,VAC-VETSELECT--S,Veterinary,Region,South,74795,1047134.08,0.96
zoetis_vet_internal,2024-07,2024-Q3,Dermatology,VetSelect Derma,DRM-VETSELECT--L,Veterinary,Region,South,23056,876146.19,0.96
zoetis_vet_internal,2024-07,2024-Q3,Dermatology,VetSelect Derma,DRM-VETSELECT--S,Veterinary,Region,South,32427,1232234.23,0.96
zoetis_vet_internal,2024-07,2024-Q3,Petcare Diagnostics,VetSelect Dx,DIA-VETSELECT--L,Veterinary,Region,South,36970,443643.2,0.96
zoetis_vet_internal,2024-07,2024-Q3,Petcare Diagnostics,VetSelect Dx,DIA-VETSELECT--S,Veterinary,Region,South,49962,599539.16,0.96
zoetis_vet_internal,2024-07,2024-Q3,Parasiticides,VetSelect Flea & Tick,PAR-VETSELECT--L,Veterinary,Region,South,49748,845708.11,0.96
zoetis_vet_internal,2024-07,2024-Q3,Parasiticides,VetSelect Flea & Tick,PAR-VETSELECT--S,Veterinary,Region,South,69384,1179528.12,0.96
zoetis_vet_internal,2024-07,2024-Q3,Pain/Osteoarthritis,VetSelect Joint,PAN-VETSELECT--L,Veterinary,Region,South,18391,533349.22,0.96
zoetis_vet_internal,2024-07,2024-Q3,Pain/Osteoarthritis,VetSelect Joint,PAN-VETSELECT--S,Veterinary,Region,South,24872,721292.07,0.96
zoetis_vet_internal,2024-07,2024-Q3,Petcare Diagnostics,Vetscan,DIA-VETSCAN-L,Veterinary,Region,South,100348,1806261.03,0.96
zoetis_vet_internal,2024-07,2024-Q3,Petcare Diagnostics,Vetscan,DIA-VETSCAN-S,Veterinary,Region,South,135599,2440788.36,0.96
zoetis_vet_internal,2024-07,2024-Q3,Dermatology,AllerVet RX,DRM-ALLERVET-R-L,Veterinary,Region,West,21161,1142680.04,0.96
zoetis_vet_internal,2024-07,2024-Q3,Dermatology,AllerVet RX,DRM-ALLERVET-R-S,Veterinary,Region,West,29193,1576405.78,0.96
zoetis_vet_internal,2024-07,2024-Q3,Dermatology,Apoquel,DRM-APOQUEL-L,Veterinary,Region,West,33816,2198044.37,0.96
zoetis_vet_internal,2024-07,2024-Q3,Dermatology,Apoquel,DRM-APOQUEL-S,Veterinary,Region,West,45731,2972541.07,0.96
zoetis_vet_internal,2024-07,2024-Q3,Vaccines,BioShield Vax,VAC-BIOSHIELD--L,Veterinary,Region,West,47555,951091.65,0.96
zoetis_vet_internal,2024-07,2024-Q3,Vaccines,BioShield Vax,VAC-BIOSHIELD--S,Veterinary,Region,West,65828,1316557.83,0.96
zoetis_vet_internal,2024-07,2024-Q3,Dermatology,DermaCalm,DRM-DERMACALM-L,Veterinary,Region,West,21882,1269173.47,0.96
zoetis_vet_internal,2024-07,2024-Q3,Dermatology,DermaCalm,DRM-DERMACALM-S,Veterinary,Region,West,29807,1728779.61,0.96
zoetis_vet_internal,2024-07,2024-Q3,Petcare Diagnostics,DiagnosTech Vet,DIA-DIAGNOSTEC-L,Veterinary,Region,West,58438,993450.14,0.96
zoetis_vet_internal,2024-07,2024-Q3,Petcare Diagnostics,DiagnosTech Vet,DIA-DIAGNOSTEC-S,Veterinary,Region,West,78639,1336860.68,0.96
zoetis_vet_internal,2024-07,2024-Q3,Parasiticides,FleaStop Pro,PAR-FLEASTOP-P-L,Veterinary,Region,West,33898,711861.73,0.96
zoetis_vet_internal,2024-07,2024-Q3,Parasiticides,FleaStop Pro,PAR-FLEASTOP-P-S,Veterinary,Region,West,47707,1001855.89,0.96
zoetis_vet_internal,2024-07,2024-Q3,Pain/Osteoarthritis,FlexiCare Joint,PAN-FLEXICARE--L,Veterinary,Region,West,14826,652339.51,0.96
zoetis_vet_internal,2024-07,2024-Q3,Pain/Osteoarthritis,FlexiCare Joint,PAN-FLEXICARE--S,Veterinary,Region,West,20772,913980.61,0.96
zoetis_vet_internal,2024-07,2024-Q3,Vaccines,ImmunoCore Canine,VAC-IMMUNOCORE-L,Veterinary,Region,West,52527,1103064.45,0.96
zoetis_vet_internal,2024-07,2024-Q3,Vaccines,ImmunoCore Canine,VAC-IMMUNOCORE-S,Veterinary,Region,West,76988,1616756.8,0.96
zoetis_vet_internal,2024-07,2024-Q3,Pain/Osteoarthritis,Librela,PAN-LIBRELA-L,Veterinary,Region,West,16741,803579.53,0.96
zoetis_vet_internal,2024-07,2024-Q3,Pain/Osteoarthritis,Librela,PAN-LIBRELA-S,Veterinary,Region,West,22571,1083419.11,0.96
zoetis_vet_internal,2024-07,2024-Q3,Pain/Osteoarthritis,OsteoEase Vet,PAN-OSTEOEASE--L,Veterinary,Region,West,13068,535787.3,0.96
zoetis_vet_internal,2024-07,2024-Q3,Pain/Osteoarthritis,OsteoEase Vet,PAN-OSTEOEASE--S,Veterinary,Region,West,18550,760568.29,0.96
zoetis_vet_internal,2024-07,2024-Q3,Pain/Osteoarthritis,PainAway Canine,PAN-PAINAWAY-C-L,Veterinary,Region,West,11255,416425.29,0.96
zoetis_vet_internal,2024-07,2024-Q3,Pain/Osteoarthritis,PainAway Canine,PAN-PAINAWAY-C-S,Veterinary,Region,West,16056,594070.62,0.96
zoetis_vet_internal,2024-07,2024-Q3,Petcare Diagnostics,PetLab Analyzer,DIA-PETLAB-ANA-L,Veterinary,Region,West,31608,474119.25,0.96
zoetis_vet_internal,2024-07,2024-Q3,Petcare Diagnostics,PetLab Analyzer,DIA-PETLAB-ANA-S,Veterinary,Region,West,44381,665720.22,0.96
zoetis_vet_internal,2024-07,2024-Q3,Petcare Diagnostics,RapidVet Dx,DIA-RAPIDVET-D-L,Veterinary,Region,West,52483,839720.1,0.96
zoetis_vet_internal,2024-07,2024-Q3,Petcare Diagnostics,RapidVet Dx,DIA-RAPIDVET-D-S,Veterinary,Region,West,73224,1171587.08,0.96
zoetis_vet_internal,2024-07,2024-Q3,Parasiticides,Simparica Trio,PAR-SIMPARICA--L,Veterinary,Region,West,66371,1858380.8,0.96
zoetis_vet_internal,2024-07,2024-Q3,Parasiticides,Simparica Trio,PAR-SIMPARICA--S,Veterinary,Region,West,91218,2554095.33,0.96
zoetis_vet_internal,2024-07,2024-Q3,Dermatology,SkinRelief Pro,DRM-SKINRELIEF-L,Veterinary,Region,West,17115,838635.37,0.96
zoetis_vet_internal,2024-07,2024-Q3,Dermatology,SkinRelief Pro,DRM-SKINRELIEF-S,Veterinary,Region,West,23917,1171926.26,0.96
zoetis_vet_internal,2024-07,2024-Q3,Parasiticides,TickShield Plus,PAR-TICKSHIELD-L,Veterinary,Region,West,37472,899320.83,0.96
zoetis_vet_internal,2024-07,2024-Q3,Parasiticides,TickShield Plus,PAR-TICKSHIELD-S,Veterinary,Region,West,50164,1203927.88,0.96
zoetis_vet_internal,2024-07,2024-Q3,Vaccines,Vanguard,VAC-VANGUARD-L,Veterinary,Region,West,59264,1303814.18,0.96
zoetis_vet_internal,2024-07,2024-Q3,Vaccines,Vanguard,VAC-VANGUARD-S,Veterinary,Region,West,90033,1980726.22,0.96
zoetis_vet_internal,2024-07,2024-Q3,Parasiticides,VectraGuard,PAR-VECTRAGUAR-L,Veterinary,Region,West,43613,1133937.91,0.96
zoetis_vet_internal,2024-07,2024-Q3,Parasiticides,VectraGuard,PAR-VECTRAGUAR-S,Veterinary,Region,West,58226,1513874.08,0.96
zoetis_vet_internal,2024-07,2024-Q3,Vaccines,VetGuard Immunize,VAC-VETGUARD-I-L,Veterinary,Region,West,39422,749012.33,0.96
zoetis_vet_internal,2024-07,2024-Q3,Vaccines,VetGuard Immunize,VAC-VETGUARD-I-S,Veterinary,Region,West,55162,1048070.16,0.96
zoetis_vet_internal,2024-07,2024-Q3,Vaccines,VetSelect Core Vax,VAC-VETSELECT--L,Veterinary,Region,West,36570,511982.28,0.96
zoetis_vet_internal,2024-07,2024-Q3,Vaccines,VetSelect Core Vax,VAC-VETSELECT--S,Veterinary,Region,West,53358,747015.73,0.96
zoetis_vet_internal,2024-07,2024-Q3,Dermatology,VetSelect Derma,DRM-VETSELECT--L,Veterinary,Region,West,15389,584780.77,0.96
zoetis_vet_internal,2024-07,2024-Q3,Dermatology,VetSelect Derma,DRM-VETSELECT--S,Veterinary,Region,West,20773,789372.84,0.96
zoetis_vet_internal,2024-07,2024-Q3,Petcare Diagnostics,VetSelect Dx,DIA-VETSELECT--L,Veterinary,Region,West,25636,307635.32,0.96
zoetis_vet_internal,2024-07,2024-Q3,Petcare Diagnostics,VetSelect Dx,DIA-VETSELECT--S,Veterinary,Region,West,34901,418817.87,0.96
zoetis_vet_internal,2024-07,2024-Q3,Parasiticides,VetSelect Flea & Tick,PAR-VETSELECT--L,Veterinary,Region,West,32443,551529.6,0.96
zoetis_vet_internal,2024-07,2024-Q3,Parasiticides,VetSelect Flea & Tick,PAR-VETSELECT--S,Veterinary,Region,West,44465,755910.93,0.96
zoetis_vet_internal,2024-07,2024-Q3,Pain/Osteoarthritis,VetSelect Joint,PAN-VETSELECT--L,Veterinary,Region,West,10620,307966.88,0.96
zoetis_vet_internal,2024-07,2024-Q3,Pain/Osteoarthritis,VetSelect Joint,PAN-VETSELECT--S,Veterinary,Region,West,15960,462833.91,0.96
zoetis_vet_internal,2024-07,2024-Q3,Petcare Diagnostics,Vetscan,DIA-VETSCAN-L,Veterinary,Region,West,71818,1292725.08,0.96
zoetis_vet_internal,2024-07,2024-Q3,Petcare Diagnostics,Vetscan,DIA-VETSCAN-S,Veterinary,Region,West,101501,1827025.38,0.96
zoetis_vet_internal,2024-08,2024-Q3,Dermatology,AllerVet RX,DRM-ALLERVET-R-L,Veterinary,National,National,85188,4600174.8,0.96
zoetis_vet_internal,2024-08,2024-Q3,Dermatology,AllerVet RX,DRM-ALLERVET-R-S,Veterinary,National,National,118005,6372290.41,0.96
zoetis_vet_internal,2024-08,2024-Q3,Dermatology,Apoquel,DRM-APOQUEL-L,Veterinary,National,National,154228,10024846.26,0.96
zoetis_vet_internal,2024-08,2024-Q3,Dermatology,Apoquel,DRM-APOQUEL-S,Veterinary,National,National,215352,13997833.89,0.96
zoetis_vet_internal,2024-08,2024-Q3,Vaccines,BioShield Vax,VAC-BIOSHIELD--L,Veterinary,National,National,194192,3883841.11,0.96
zoetis_vet_internal,2024-08,2024-Q3,Vaccines,BioShield Vax,VAC-BIOSHIELD--S,Veterinary,National,National,268945,5378895.88,0.96
zoetis_vet_internal,2024-08,2024-Q3,Dermatology,DermaCalm,DRM-DERMACALM-L,Veterinary,National,National,94608,5487303.99,0.96
zoetis_vet_internal,2024-08,2024-Q3,Dermatology,DermaCalm,DRM-DERMACALM-S,Veterinary,National,National,132152,7664830.79,0.96
zoetis_vet_internal,2024-08,2024-Q3,Petcare Diagnostics,DiagnosTech Vet,DIA-DIAGNOSTEC-L,Veterinary,National,National,238444,4053543.82,0.96
zoetis_vet_internal,2024-08,2024-Q3,Petcare Diagnostics,DiagnosTech Vet,DIA-DIAGNOSTEC-S,Veterinary,National,National,325664,5536286.39,0.96
zoetis_vet_internal,2024-08,2024-Q3,Parasiticides,FleaStop Pro,PAR-FLEASTOP-P-L,Veterinary,National,National,123860,2601065.88,0.96
zoetis_vet_internal,2024-08,2024-Q3,Parasiticides,FleaStop Pro,PAR-FLEASTOP-P-S,Veterinary,National,National,174116,3656421.25,0.96
zoetis_vet_internal,2024-08,2024-Q3,Pain/Osteoarthritis,FlexiCare Joint,PAN-FLEXICARE--L,Veterinary,National,National,62213,2737424.45,0.96
zoetis_vet_internal,2024-08,2024-Q3,Pain/Osteoarthritis,FlexiCare Joint,PAN-FLEXICARE--S,Veterinary,National,National,86581,3809586.38,0.96
zoetis_vet_internal,2024-08,2024-Q3,Vaccines,ImmunoCore Canine,VAC-IMMUNOCORE-L,Veterinary,National,National,230154,4833213.4,0.96
zoetis_vet_internal,2024-08,2024-Q3,Vaccines,ImmunoCore Canine,VAC-IMMUNOCORE-S,Veterinary,National,National,318515,6688818.33,0.96
zoetis_vet_internal,2024-08,2024-Q3,Pain/Osteoarthritis,Librela,PAN-LIBRELA-L,Veterinary,National,National,69936,3356918.03,0.96
zoetis_vet_internal,2024-08,2024-Q3,Pain/Osteoarthritis,Librela,PAN-LIBRELA-S,Veterinary,National,National,95719,4594580.28,0.96
zoetis_vet_internal,2024-08,2024-Q3,Pain/Osteoarthritis,OsteoEase Vet,PAN-OSTEOEASE--L,Veterinary,National,National,58117,2382774.7,0.96
zoetis_vet_internal,2024-08,2024-Q3,Pain/Osteoarthritis,OsteoEase Vet,PAN-OSTEOEASE--S,Veterinary,National,National,80917,3317578.2,0.96
zoetis_vet_internal,2024-08,2024-Q3,Pain/Osteoarthritis,PainAway Canine,PAN-PAINAWAY-C-L,Veterinary,National,National,52771,1952539.97,0.96
zoetis_vet_internal,2024-08,2024-Q3,Pain/Osteoarthritis,PainAway Canine,PAN-PAINAWAY-C-S,Veterinary,National,National,72833,2694799.84,0.96
zoetis_vet_internal,2024-08,2024-Q3,Petcare Diagnostics,PetLab Analyzer,DIA-PETLAB-ANA-L,Veterinary,National,National,138681,2080210.9,0.96
zoetis_vet_internal,2024-08,2024-Q3,Petcare Diagnostics,PetLab Analyzer,DIA-PETLAB-ANA-S,Veterinary,National,National,195877,2938153.17,0.96
zoetis_vet_internal,2024-08,2024-Q3,Petcare Diagnostics,RapidVet Dx,DIA-RAPIDVET-D-L,Veterinary,National,National,221566,3545067.66,0.96
zoetis_vet_internal,2024-08,2024-Q3,Petcare Diagnostics,RapidVet Dx,DIA-RAPIDVET-D-S,Veterinary,National,National,306366,4901859.68,0.96
zoetis_vet_internal,2024-08,2024-Q3,Parasiticides,Simparica Trio,PAR-SIMPARICA--L,Veterinary,National,National,255093,7142603.63,0.96
zoetis_vet_internal,2024-08,2024-Q3,Parasiticides,Simparica Trio,PAR-SIMPARICA--S,Veterinary,National,National,351105,9830937.69,0.96
zoetis_vet_internal,2024-08,2024-Q3,Dermatology,SkinRelief Pro,DRM-SKINRELIEF-L,Veterinary,National,National,71149,3486307.28,0.96
zoetis_vet_internal,2024-08,2024-Q3,Dermatology,SkinRelief Pro,DRM-SKINRELIEF-S,Veterinary,National,National,99655,4883054.07,0.96
zoetis_vet_internal,2024-08,2024-Q3,Parasiticides,TickShield Plus,PAR-TICKSHIELD-L,Veterinary,National,National,140824,3379773.58,0.96
zoetis_vet_internal,2024-08,2024-Q3,Parasiticides,TickShield Plus,PAR-TICKSHIELD-S,Veterinary,National,National,195011,4680264.52,0.96
zoetis_vet_internal,2024-08,2024-Q3,Vaccines,Vanguard,VAC-VANGUARD-L,Veterinary,National,National,254551,5600158.18,0.96
zoetis_vet_internal,2024-08,2024-Q3,Vaccines,Vanguard,VAC-VANGUARD-S,Veterinary,National,National,345364,7598005.77,0.96
zoetis_vet_internal,2024-08,2024-Q3,Parasiticides,VectraGuard,PAR-VECTRAGUAR-L,Veterinary,National,National,170575,4434966.13,0.96
zoetis_vet_internal,2024-08,2024-Q3,Parasiticides,VectraGuard,PAR-VECTRAGUAR-S,Veterinary,National,National,242083,6294149.27,0.96
zoetis_vet_internal,2024-08,2024-Q3,Vaccines,VetGuard Immunize,VAC-VETGUARD-I-L,Veterinary,National,National,163517,3106822.8,0.96
zoetis_vet_internal,2024-08,2024-Q3,Vaccines,VetGuard Immunize,VAC-VETGUARD-I-S,Veterinary,National,National,225835,4290856.94,0.96
zoetis_vet_internal,2024-08,2024-Q3,Vaccines,VetSelect Core Vax,VAC-VETSELECT--L,Veterinary,National,National,150500,2107000.81,0.96
zoetis_vet_internal,2024-08,2024-Q3,Vaccines,VetSelect Core Vax,VAC-VETSELECT--S,Veterinary,National,National,204153,2858138.78,0.96
zoetis_vet_internal,2024-08,2024-Q3,Dermatology,VetSelect Derma,DRM-VETSELECT--L,Veterinary,National,National,62380,2370423.61,0.96
zoetis_vet_internal,2024-08,2024-Q3,Dermatology,VetSelect Derma,DRM-VETSELECT--S,Veterinary,National,National,88655,3368875.87,0.96
zoetis_vet_internal,2024-08,2024-Q3,Petcare Diagnostics,VetSelect Dx,DIA-VETSELECT--L,Veterinary,National,National,109990,1319868.95,0.96
zoetis_vet_internal,2024-08,2024-Q3,Petcare Diagnostics,VetSelect Dx,DIA-VETSELECT--S,Veterinary,National,National,151426,1817107.88,0.96
zoetis_vet_internal,2024-08,2024-Q3,Parasiticides,VetSelect Flea & Tick,PAR-VETSELECT--L,Veterinary,National,National,129315,2198346.56,0.96
zoetis_vet_internal,2024-08,2024-Q3,Parasiticides,VetSelect Flea & Tick,PAR-VETSELECT--S,Veterinary,National,National,177968,3025455.78,0.96
zoetis_vet_internal,2024-08,2024-Q3,Pain/Osteoarthritis,VetSelect Joint,PAN-VETSELECT--L,Veterinary,National,National,48226,1398553.18,0.96
zoetis_vet_internal,2024-08,2024-Q3,Pain/Osteoarthritis,VetSelect Joint,PAN-VETSELECT--S,Veterinary,National,National,66561,1930281.3,0.96
zoetis_vet_internal,2024-08,2024-Q3,Petcare Diagnostics,Vetscan,DIA-VETSCAN-L,Veterinary,National,National,279679,5034205.05,0.96
zoetis_vet_internal,2024-08,2024-Q3,Petcare Diagnostics,Vetscan,DIA-VETSCAN-S,Veterinary,National,National,396940,7144925.91,0.96
zoetis_vet_internal,2024-08,2024-Q3,Dermatology,AllerVet RX,DRM-ALLERVET-R-L,Veterinary,Region,Midwest,17642,952680.38,0.96
zoetis_vet_internal,2024-08,2024-Q3,Dermatology,AllerVet RX,DRM-ALLERVET-R-S,Veterinary,Region,Midwest,24968,1348284.8,0.96
zoetis_vet_internal,2024-08,2024-Q3,Dermatology,Apoquel,DRM-APOQUEL-L,Veterinary,Region,Midwest,33399,2170930.72,0.96
zoetis_vet_internal,2024-08,2024-Q3,Dermatology,Apoquel,DRM-APOQUEL-S,Veterinary,Region,Midwest,46300,3009470.76,0.96
zoetis_vet_internal,2024-08,2024-Q3,Vaccines,BioShield Vax,VAC-BIOSHIELD--L,Veterinary,Region,Midwest,39747,794940.19,0.96
zoetis_vet_internal,2024-08,2024-Q3,Vaccines,BioShield Vax,VAC-BIOSHIELD--S,Veterinary,Region,Midwest,55789,1115780.52,0.96
zoetis_vet_internal,2024-08,2024-Q3,Dermatology,DermaCalm,DRM-DERMACALM-L,Veterinary,Region,Midwest,19417,1126181.55,0.96
zoetis_vet_internal,2024-08,2024-Q3,Dermatology,DermaCalm,DRM-DERMACALM-S,Veterinary,Region,Midwest,26212,1520287.35,0.96
zoetis_vet_internal,2024-08,2024-Q3,Petcare Diagnostics,DiagnosTech Vet,DIA-DIAGNOSTEC-L,Veterinary,Region,Midwest,53039,901659.66,0.96
zoetis_vet_internal,2024-08,2024-Q3,Petcare Diagnostics,DiagnosTech Vet,DIA-DIAGNOSTEC-S,Veterinary,Region,Midwest,69054,1173922.5,0.96
zoetis_vet_internal,2024-08,2024-Q3,Parasiticides,FleaStop Pro,PAR-FLEASTOP-P-L,Veterinary,Region,Midwest,25150,528156.99,0.96
zoetis_vet_internal,2024-08,2024-Q3,Parasiticides,FleaStop Pro,PAR-FLEASTOP-P-S,Veterinary,Region,Midwest,36799,772773.87,0.96
zoetis_vet_internal,2024-08,2024-Q3,Pain/Osteoarthritis,FlexiCare Joint,PAN-FLEXICARE--L,Veterinary,Region,Midwest,13074,575275.97,0.96
zoetis_vet_internal,2024-08,2024-Q3,Pain/Osteoarthritis,FlexiCare Joint,PAN-FLEXICARE--S,Veterinary,Region,Midwest,18014,792614.69,0.96
zoetis_vet_internal,2024-08,2024-Q3,Vaccines,ImmunoCore Canine,VAC-IMMUNOCORE-L,Veterinary,Region,Midwest,45980,965579.71,0.96
zoetis_vet_internal,2024-08,2024-Q3,Vaccines,ImmunoCore Canine,VAC-IMMUNOCORE-S,Veterinary,Region,Midwest,64627,1357174.95,0.96
zoetis_vet_internal,2024-08,2024-Q3,Pain/Osteoarthritis,Librela,PAN-LIBRELA-L,Veterinary,Region,Midwest,14046,674202.75,0.96
zoetis_vet_internal,2024-08,2024-Q3,Pain/Osteoarthritis,Librela,PAN-LIBRELA-S,Veterinary,Region,Midwest,18824,903572.35,0.96
zoetis_vet_internal,2024-08,2024-Q3,Pain/Osteoarthritis,OsteoEase Vet,PAN-OSTEOEASE--L,Veterinary,Region,Midwest,12567,515243.21,0.96
zoetis_vet_internal,2024-08,2024-Q3,Pain/Osteoarthritis,OsteoEase Vet,PAN-OSTEOEASE--S,Veterinary,Region,Midwest,16993,696721.47,0.96
zoetis_vet_internal,2024-08,2024-Q3,Pain/Osteoarthritis,PainAway Canine,PAN-PAINAWAY-C-L,Veterinary,Region,Midwest,11126,411670.59,0.96
zoetis_vet_internal,2024-08,2024-Q3,Pain/Osteoarthritis,PainAway Canine,PAN-PAINAWAY-C-S,Veterinary,Region,Midwest,15696,580739.34,0.96
zoetis_vet_internal,2024-08,2024-Q3,Petcare Diagnostics,PetLab Analyzer,DIA-PETLAB-ANA-L,Veterinary,Region,Midwest,29200,437994.65,0.96
zoetis_vet_internal,2024-08,2024-Q3,Petcare Diagnostics,PetLab Analyzer,DIA-PETLAB-ANA-S,Veterinary,Region,Midwest,40394,605911.4,0.96
zoetis_vet_internal,2024-08,2024-Q3,Petcare Diagnostics,RapidVet Dx,DIA-RAPIDVET-D-L,Veterinary,Region,Midwest,49479,791667.52,0.96
zoetis_vet_internal,2024-08,2024-Q3,Petcare Diagnostics,RapidVet Dx,DIA-RAPIDVET-D-S,Veterinary,Region,Midwest,69149,1106385.29,0.96
zoetis_vet_internal,2024-08,2024-Q3,Parasiticides,Simparica Trio,PAR-SIMPARICA--L,Veterinary,Region,Midwest,51772,1449622.12,0.96
zoetis_vet_internal,2024-08,2024-Q3,Parasiticides,Simparica Trio,PAR-SIMPARICA--S,Veterinary,Region,Midwest,71177,1992968.08,0.96
zoetis_vet_internal,2024-08,2024-Q3,Dermatology,SkinRelief Pro,DRM-SKINRELIEF-L,Veterinary,Region,Midwest,14768,723653.19,0.96
zoetis_vet_internal,2024-08,2024-Q3,Dermatology,SkinRelief Pro,DRM-SKINRELIEF-S,Veterinary,Region,Midwest,21401,1048668.24,0.96
zoetis_vet_internal,2024-08,2024-Q3,Parasiticides,TickShield Plus,PAR-TICKSHIELD-L,Veterinary,Region,Midwest,30975,743389.34,0.96
zoetis_vet_internal,2024-08,2024-Q3,Parasiticides,TickShield Plus,PAR-TICKSHIELD-S,Veterinary,Region,Midwest,42684,1024422.49,0.96
zoetis_vet_internal,2024-08,2024-Q3,Vaccines,Vanguard,VAC-VANGUARD-L,Veterinary,Region,Midwest,56669,1246728.97,0.96
zoetis_vet_internal,2024-08,2024-Q3,Vaccines,Vanguard,VAC-VANGUARD-S,Veterinary,Region,Midwest,74984,1649642.18,0.96
zoetis_vet_internal,2024-08,2024-Q3,Parasiticides,VectraGuard,PAR-VECTRAGUAR-L,Veterinary,Region,Midwest,36654,953012.23,0.96
zoetis_vet_internal,2024-08,2024-Q3,Parasiticides,VectraGuard,PAR-VECTRAGUAR-S,Veterinary,Region,Midwest,51472,1338281.18,0.96
zoetis_vet_internal,2024-08,2024-Q3,Vaccines,VetGuard Immunize,VAC-VETGUARD-I-L,Veterinary,Region,Midwest,33623,638830.91,0.96
zoetis_vet_internal,2024-08,2024-Q3,Vaccines,VetGuard Immunize,VAC-VETGUARD-I-S,Veterinary,Region,Midwest,46834,889850.89,0.96
zoetis_vet_internal,2024-08,2024-Q3,Vaccines,VetSelect Core Vax,VAC-VETSELECT--L,Veterinary,Region,Midwest,31566,441926.6,0.96
zoetis_vet_internal,2024-08,2024-Q3,Vaccines,VetSelect Core Vax,VAC-VETSELECT--S,Veterinary,Region,Midwest,41581,582128.43,0.96
zoetis_vet_internal,2024-08,2024-Q3,Dermatology,VetSelect Derma,DRM-VETSELECT--L,Veterinary,Region,Midwest,12193,463344.39,0.96
zoetis_vet_internal,2024-08,2024-Q3,Dermatology,VetSelect Derma,DRM-VETSELECT--S,Veterinary,Region,Midwest,18542,704606.37,0.96
zoetis_vet_internal,2024-08,2024-Q3,Petcare Diagnostics,VetSelect Dx,DIA-VETSELECT--L,Veterinary,Region,Midwest,23225,278695.91,0.96
zoetis_vet_internal,2024-08,2024-Q3,Petcare Diagnostics,VetSelect Dx,DIA-VETSELECT--S,Veterinary,Region,Midwest,31871,382448.17,0.96
zoetis_vet_internal,2024-08,2024-Q3,Parasiticides,VetSelect Flea & Tick,PAR-VETSELECT--L,Veterinary,Region,Midwest,26611,452387.69,0.96
zoetis_vet_internal,2024-08,2024-Q3,Parasiticides,VetSelect Flea & Tick,PAR-VETSELECT--S,Veterinary,Region,Midwest,36391,618646.37,0.96
zoetis_vet_internal,2024-08,2024-Q3,Pain/Osteoarthritis,VetSelect Joint,PAN-VETSELECT--L,Veterinary,Region,Midwest,10092,292668.38,0.96
zoetis_vet_internal,2024-08,2024-Q3,Pain/Osteoarthritis,VetSelect Joint,PAN-VETSELECT--S,Veterinary,Region,Midwest,13781,399646.7,0.96
zoetis_vet_internal,2024-08,2024-Q3,Petcare Diagnostics,Vetscan,DIA-VETSCAN-L,Veterinary,Region,Midwest,63809,1148564.74,0.96
zoetis_vet_internal,2024-08,2024-Q3,Petcare Diagnostics,Vetscan,DIA-VETSCAN-S,Veterinary,Region,Midwest,86675,1560158.94,0.96
zoetis_vet_internal,2024-08,2024-Q3,Dermatology,AllerVet RX,DRM-ALLERVET-R-L,Veterinary,Region,Northeast,19369,1045937.33,0.96
zoetis_vet_internal,2024-08,2024-Q3,Dermatology,AllerVet RX,DRM-ALLERVET-R-S,Veterinary,Region,Northeast,28052,1514811.99,0.96
zoetis_vet_internal,2024-08,2024-Q3,Dermatology,Apoquel,DRM-APOQUEL-L,Veterinary,Region,Northeast,31501,2047543.58,0.96
zoetis_vet_internal,2024-08,2024-Q3,Dermatology,Apoquel,DRM-APOQUEL-S,Veterinary,Region,Northeast,44693,2905026.52,0.96
zoetis_vet_internal,2024-08,2024-Q3,Vaccines,BioShield Vax,VAC-BIOSHIELD--L,Veterinary,Region,Northeast,41130,822591.68,0.96
zoetis_vet_internal,2024-08,2024-Q3,Vaccines,BioShield Vax,VAC-BIOSHIELD--S,Veterinary,Region,Northeast,57338,1146767.8,0.96
zoetis_vet_internal,2024-08,2024-Q3,Dermatology,DermaCalm,DRM-DERMACALM-L,Veterinary,Region,Northeast,21443,1243697.66,0.96
zoetis_vet_internal,2024-08,2024-Q3,Dermatology,DermaCalm,DRM-DERMACALM-S,Veterinary,Region,Northeast,29451,1708172.86,0.96
zoetis_vet_internal,2024-08,2024-Q3,Petcare Diagnostics,DiagnosTech Vet,DIA-DIAGNOSTEC-L,Veterinary,Region,Northeast,51171,869899.33,0.96
zoetis_vet_internal,2024-08,2024-Q3,Petcare Diagnostics,DiagnosTech Vet,DIA-DIAGNOSTEC-S,Veterinary,Region,Northeast,70139,1192357.08,0.96
zoetis_vet_internal,2024-08,2024-Q3,Parasiticides,FleaStop Pro,PAR-FLEASTOP-P-L,Veterinary,Region,Northeast,27416,575745.93,0.96
zoetis_vet_internal,2024-08,2024-Q3,Parasiticides,FleaStop Pro,PAR-FLEASTOP-P-S,Veterinary,Region,Northeast,38906,817028.23,0.96
zoetis_vet_internal,2024-08,2024-Q3,Pain/Osteoarthritis,FlexiCare Joint,PAN-FLEXICARE--L,Veterinary,Region,Northeast,14124,621460.38,0.96
zoetis_vet_internal,2024-08,2024-Q3,Pain/Osteoarthritis,FlexiCare Joint,PAN-FLEXICARE--S,Veterinary,Region,Northeast,19943,877493.64,0.96
zoetis_vet_internal,2024-08,2024-Q3,Vaccines,ImmunoCore Canine,VAC-IMMUNOCORE-L,Veterinary,Region,Northeast,52635,1105326.7,0.96
zoetis_vet_internal,2024-08,2024-Q3,Vaccines,ImmunoCore Canine,VAC-IMMUNOCORE-S,Veterinary,Region,Northeast,72456,1521574.06,0.96
zoetis_vet_internal,2024-08,2024-Q3,Pain/Osteoarthritis,Librela,PAN-LIBRELA-L,Veterinary,Region,Northeast,16084,772010.64,0.96
zoetis_vet_internal,2024-08,2024-Q3,Pain/Osteoarthritis,Librela,PAN-LIBRELA-S,Veterinary,Region,Northeast,22618,1085676.4,0.96
zoetis_vet_internal,2024-08,2024-Q3,Pain/Osteoarthritis,OsteoEase Vet,PAN-OSTEOEASE--L,Veterinary,Region,Northeast,13077,536168.47,0.96
zoetis_vet_internal,2024-08,2024-Q3,Pain/Osteoarthritis,OsteoEase Vet,PAN-OSTEOEASE--S,Veterinary,Region,Northeast,19016,779651.98,0.96
zoetis_vet_internal,2024-08,2024-Q3,Pain/Osteoarthritis,PainAway Canine,PAN-PAINAWAY-C-L,Veterinary,Region,Northeast,11589,428797.32,0.96
zoetis_vet_internal,2024-08,2024-Q3,Pain/Osteoarthritis,PainAway Canine,PAN-PAINAWAY-C-S,Veterinary,Region,Northeast,16196,599248.91,0.96
zoetis_vet_internal,2024-08,2024-Q3,Petcare Diagnostics,PetLab Analyzer,DIA-PETLAB-ANA-L,Veterinary,Region,Northeast,29348,440212.54,0.96
zoetis_vet_internal,2024-08,2024-Q3,Petcare Diagnostics,PetLab Analyzer,DIA-PETLAB-ANA-S,Veterinary,Region,Northeast,42346,635186.3,0.96
zoetis_vet_internal,2024-08,2024-Q3,Petcare Diagnostics,RapidVet Dx,DIA-RAPIDVET-D-L,Veterinary,Region,Northeast,48320,773120.41,0.96
zoetis_vet_internal,2024-08,2024-Q3,Petcare Diagnostics,RapidVet Dx,DIA-RAPIDVET-D-S,Veterinary,Region,Northeast,67288,1076613.59,0.96
zoetis_vet_internal,2024-08,2024-Q3,Parasiticides,Simparica Trio,PAR-SIMPARICA--L,Veterinary,Region,Northeast,60255,1687142.78,0.96
zoetis_vet_internal,2024-08,2024-Q3,Parasiticides,Simparica Trio,PAR-SIMPARICA--S,Veterinary,Region,Northeast,83707,2343798.3,0.96
zoetis_vet_internal,2024-08,2024-Q3,Dermatology,SkinRelief Pro,DRM-SKINRELIEF-L,Veterinary,Region,Northeast,15460,757533.2,0.96
zoetis_vet_internal,2024-08,2024-Q3,Dermatology,SkinRelief Pro,DRM-SKINRELIEF-S,Veterinary,Region,Northeast,21623,1059503.24,0.96
zoetis_vet_internal,2024-08,2024-Q3,Parasiticides,TickShield Plus,PAR-TICKSHIELD-L,Veterinary,Region,Northeast,29528,708681.86,0.96
zoetis_vet_internal,2024-08,2024-Q3,Parasiticides,TickShield Plus,PAR-TICKSHIELD-S,Veterinary,Region,Northeast,39739,953730.65,0.96
zoetis_vet_internal,2024-08,2024-Q3,Vaccines,Vanguard,VAC-VANGUARD-L,Veterinary,Region,Northeast,56021,1232467.34,0.96
zoetis_vet_internal,2024-08,2024-Q3,Vaccines,Vanguard,VAC-VANGUARD-S,Veterinary,Region,Northeast,76552,1684145.65,0.96
zoetis_vet_internal,2024-08,2024-Q3,Parasiticides,VectraGuard,PAR-VECTRAGUAR-L,Veterinary,Region,Northeast,36561,950583.97,0.96
zoetis_vet_internal,2024-08,2024-Q3,Parasiticides,VectraGuard,PAR-VECTRAGUAR-S,Veterinary,Region,Northeast,53166,1382313.77,0.96
zoetis_vet_internal,2024-08,2024-Q3,Vaccines,VetGuard Immunize,VAC-VETGUARD-I-L,Veterinary,Region,Northeast,36481,693144.57,0.96
zoetis_vet_internal,2024-08,2024-Q3,Vaccines,VetGuard Immunize,VAC-VETGUARD-I-S,Veterinary,Region,Northeast,49035,931668.16,0.96
zoetis_vet_internal,2024-08,2024-Q3,Vaccines,VetSelect Core Vax,VAC-VETSELECT--L,Veterinary,Region,Northeast,34399,481579.97,0.96
zoetis_vet_internal,2024-08,2024-Q3,Vaccines,VetSelect Core Vax,VAC-VETSELECT--S,Veterinary,Region,Northeast,46824,655534.48,0.96
zoetis_vet_internal,2024-08,2024-Q3,Dermatology,VetSelect Derma,DRM-VETSELECT--L,Veterinary,Region,Northeast,13757,522770.39,0.96
zoetis_vet_internal,2024-08,2024-Q3,Dermatology,VetSelect Derma,DRM-VETSELECT--S,Veterinary,Region,Northeast,19341,734939.24,0.96
zoetis_vet_internal,2024-08,2024-Q3,Petcare Diagnostics,VetSelect Dx,DIA-VETSELECT--L,Veterinary,Region,Northeast,24693,296310.48,0.96
zoetis_vet_internal,2024-08,2024-Q3,Petcare Diagnostics,VetSelect Dx,DIA-VETSELECT--S,Veterinary,Region,Northeast,32628,391535.6,0.96
zoetis_vet_internal,2024-08,2024-Q3,Parasiticides,VetSelect Flea & Tick,PAR-VETSELECT--L,Veterinary,Region,Northeast,27882,473987.04,0.96
zoetis_vet_internal,2024-08,2024-Q3,Parasiticides,VetSelect Flea & Tick,PAR-VETSELECT--S,Veterinary,Region,Northeast,37663,640278.67,0.96
zoetis_vet_internal,2024-08,2024-Q3,Pain/Osteoarthritis,VetSelect Joint,PAN-VETSELECT--L,Veterinary,Region,Northeast,10666,309311.33,0.96
zoetis_vet_internal,2024-08,2024-Q3,Pain/Osteoarthritis,VetSelect Joint,PAN-VETSELECT--S,Veterinary,Region,Northeast,14947,433461.72,0.96
zoetis_vet_internal,2024-08,2024-Q3,Petcare Diagnostics,Vetscan,DIA-VETSCAN-L,Veterinary,Region,Northeast,59435,1069822.77,0.96
zoetis_vet_internal,2024-08,2024-Q3,Petcare Diagnostics,Vetscan,DIA-VETSCAN-S,Veterinary,Region,Northeast,85007,1530132.02,0.96
zoetis_vet_internal,2024-08,2024-Q3,Dermatology,AllerVet RX,DRM-ALLERVET-R-L,Veterinary,Region,South,28388,1532937.95,0.96
zoetis_vet_internal,2024-08,2024-Q3,Dermatology,AllerVet RX,DRM-ALLERVET-R-S,Veterinary,Region,South,37793,2040820.05,0.96
zoetis_vet_internal,2024-08,2024-Q3,Dermatology,Apoquel,DRM-APOQUEL-L,Veterinary,Region,South,51946,3376512.82,0.96
zoetis_vet_internal,2024-08,2024-Q3,Dermatology,Apoquel,DRM-APOQUEL-S,Veterinary,Region,South,73503,4777700.3,0.96
zoetis_vet_internal,2024-08,2024-Q3,Vaccines,BioShield Vax,VAC-BIOSHIELD--L,Veterinary,Region,South,66955,1339106.4,0.96
zoetis_vet_internal,2024-08,2024-Q3,Vaccines,BioShield Vax,VAC-BIOSHIELD--S,Veterinary,Region,South,92953,1859050.72,0.96
zoetis_vet_internal,2024-08,2024-Q3,Dermatology,DermaCalm,DRM-DERMACALM-L,Veterinary,Region,South,31889,1849576.65,0.96
zoetis_vet_internal,2024-08,2024-Q3,Dermatology,DermaCalm,DRM-DERMACALM-S,Veterinary,Region,South,45202,2621714.75,0.96
zoetis_vet_internal,2024-08,2024-Q3,Petcare Diagnostics,DiagnosTech Vet,DIA-DIAGNOSTEC-L,Veterinary,Region,South,80107,1361819.22,0.96
zoetis_vet_internal,2024-08,2024-Q3,Petcare Diagnostics,DiagnosTech Vet,DIA-DIAGNOSTEC-S,Veterinary,Region,South,111535,1896086.99,0.96
zoetis_vet_internal,2024-08,2024-Q3,Parasiticides,FleaStop Pro,PAR-FLEASTOP-P-L,Veterinary,Region,South,43324,909798.76,0.96
zoetis_vet_internal,2024-08,2024-Q3,Parasiticides,FleaStop Pro,PAR-FLEASTOP-P-S,Veterinary,Region,South,59187,1242923.99,0.96
zoetis_vet_internal,2024-08,2024-Q3,Pain/Osteoarthritis,FlexiCare Joint,PAN-FLEXICARE--L,Veterinary,Region,South,20198,888721.72,0.96
zoetis_vet_internal,2024-08,2024-Q3,Pain/Osteoarthritis,FlexiCare Joint,PAN-FLEXICARE--S,Veterinary,Region,South,28279,1244277.04,0.96
zoetis_vet_internal,2024-08,2024-Q3,Vaccines,ImmunoCore Canine,VAC-IMMUNOCORE-L,Veterinary,Region,South,81162,1704398.48,0.96
zoetis_vet_internal,2024-08,2024-Q3,Vaccines,ImmunoCore Canine,VAC-IMMUNOCORE-S,Veterinary,Region,South,111992,2351835.45,0.96
zoetis_vet_internal,2024-08,2024-Q3,Pain/Osteoarthritis,Librela,PAN-LIBRELA-L,Veterinary,Region,South,23003,1104151.57,0.96
zoetis_vet_internal,2024-08,2024-Q3,Pain/Osteoarthritis,Librela,PAN-LIBRELA-S,Veterinary,Region,South,31450,1509615.74,0.96
zoetis_vet_internal,2024-08,2024-Q3,Pain/Osteoarthritis,OsteoEase Vet,PAN-OSTEOEASE--L,Veterinary,Region,South,19981,819206.91,0.96
zoetis_vet_internal,2024-08,2024-Q3,Pain/Osteoarthritis,OsteoEase Vet,PAN-OSTEOEASE--S,Veterinary,Region,South,26872,1101735.34,0.96
zoetis_vet_internal,2024-08,2024-Q3,Pain/Osteoarthritis,PainAway Canine,PAN-PAINAWAY-C-L,Veterinary,Region,South,18734,693144.02,0.96
zoetis_vet_internal,2024-08,2024-Q3,Pain/Osteoarthritis,PainAway Canine,PAN-PAINAWAY-C-S,Veterinary,Region,South,25158,930855.06,0.96
zoetis_vet_internal,2024-08,2024-Q3,Petcare Diagnostics,PetLab Analyzer,DIA-PETLAB-ANA-L,Veterinary,Region,South,46477,697157.82,0.96
zoetis_vet_internal,2024-08,2024-Q3,Petcare Diagnostics,PetLab Analyzer,DIA-PETLAB-ANA-S,Veterinary,Region,South,67270,1009050.78,0.96
zoetis_vet_internal,2024-08,2024-Q3,Petcare Diagnostics,RapidVet Dx,DIA-RAPIDVET-D-L,Veterinary,Region,South,73492,1175877.66,0.96
zoetis_vet_internal,2024-08,2024-Q3,Petcare Diagnostics,RapidVet Dx,DIA-RAPIDVET-D-S,Veterinary,Region,South,100198,1603163.92,0.96
zoetis_vet_internal,2024-08,2024-Q3,Parasiticides,Simparica Trio,PAR-SIMPARICA--L,Veterinary,Region,South,83153,2328271.53,0.96
zoetis_vet_internal,2024-08,2024-Q3,Parasiticides,Simparica Trio,PAR-SIMPARICA--S,Veterinary,Region,South,115465,3233006.74,0.96
zoetis_vet_internal,2024-08,2024-Q3,Dermatology,SkinRelief Pro,DRM-SKINRELIEF-L,Veterinary,Region,South,24971,1223573.16,0.96
zoetis_vet_internal,2024-08,2024-Q3,Dermatology,SkinRelief Pro,DRM-SKINRELIEF-S,Veterinary,Region,South,33133,1623493.13,0.96
zoetis_vet_internal,2024-08,2024-Q3,Parasiticides,TickShield Plus,PAR-TICKSHIELD-L,Veterinary,Region,South,48103,1154476.12,0.96
zoetis_vet_internal,2024-08,2024-Q3,Parasiticides,TickShield Plus,PAR-TICKSHIELD-S,Veterinary,Region,South,67916,1629994.45,0.96
zoetis_vet_internal,2024-08,2024-Q3,Vaccines,Vanguard,VAC-VANGUARD-L,Veterinary,Region,South,86519,1903428.04,0.96
zoetis_vet_internal,2024-08,2024-Q3,Vaccines,Vanguard,VAC-VANGUARD-S,Veterinary,Region,South,114072,2509594.43,0.96
zoetis_vet_internal,2024-08,2024-Q3,Parasiticides,VectraGuard,PAR-VECTRAGUAR-L,Veterinary,Region,South,57260,1488770.23,0.96
zoetis_vet_internal,2024-08,2024-Q3,Parasiticides,VectraGuard,PAR-VECTRAGUAR-S,Veterinary,Region,South,79984,2079579.56,0.96
zoetis_vet_internal,2024-08,2024-Q3,Vaccines,VetGuard Immunize,VAC-VETGUARD-I-L,Veterinary,Region,South,56362,1070875.18,0.96
zoetis_vet_internal,2024-08,2024-Q3,Vaccines,VetGuard Immunize,VAC-VETGUARD-I-S,Veterinary,Region,South,77763,1477489.04,0.96
zoetis_vet_internal,2024-08,2024-Q3,Vaccines,VetSelect Core Vax,VAC-VETSELECT--L,Veterinary,Region,South,50106,701486.46,0.96
zoetis_vet_internal,2024-08,2024-Q3,Vaccines,VetSelect Core Vax,VAC-VETSELECT--S,Veterinary,Region,South,69466,972527.61,0.96
zoetis_vet_internal,2024-08,2024-Q3,Dermatology,VetSelect Derma,DRM-VETSELECT--L,Veterinary,Region,South,21669,823406.68,0.96
zoetis_vet_internal,2024-08,2024-Q3,Dermatology,VetSelect Derma,DRM-VETSELECT--S,Veterinary,Region,South,30107,1144066.14,0.96
zoetis_vet_internal,2024-08,2024-Q3,Petcare Diagnostics,VetSelect Dx,DIA-VETSELECT--L,Veterinary,Region,South,37144,445731.09,0.96
zoetis_vet_internal,2024-08,2024-Q3,Petcare Diagnostics,VetSelect Dx,DIA-VETSELECT--S,Veterinary,Region,South,51179,614147.77,0.96
zoetis_vet_internal,2024-08,2024-Q3,Parasiticides,VetSelect Flea & Tick,PAR-VETSELECT--L,Veterinary,Region,South,45210,768566.6,0.96
zoetis_vet_internal,2024-08,2024-Q3,Parasiticides,VetSelect Flea & Tick,PAR-VETSELECT--S,Veterinary,Region,South,62759,1066897.98,0.96
zoetis_vet_internal,2024-08,2024-Q3,Pain/Osteoarthritis,VetSelect Joint,PAN-VETSELECT--L,Veterinary,Region,South,16871,489262.1,0.96
zoetis_vet_internal,2024-08,2024-Q3,Pain/Osteoarthritis,VetSelect Joint,PAN-VETSELECT--S,Veterinary,Region,South,22475,651778.3,0.96
zoetis_vet_internal,2024-08,2024-Q3,Petcare Diagnostics,Vetscan,DIA-VETSCAN-L,Veterinary,Region,South,90884,1635905.1,0.96
zoetis_vet_internal,2024-08,2024-Q3,Petcare Diagnostics,Vetscan,DIA-VETSCAN-S,Veterinary,Region,South,139438,2509883.49,0.96
zoetis_vet_internal,2024-08,2024-Q3,Dermatology,AllerVet RX,DRM-ALLERVET-R-L,Veterinary,Region,West,19789,1068619.14,0.96
zoetis_vet_internal,2024-08,2024-Q3,Dermatology,AllerVet RX,DRM-ALLERVET-R-S,Veterinary,Region,West,27192,1468373.57,0.96
zoetis_vet_internal,2024-08,2024-Q3,Dermatology,Apoquel,DRM-APOQUEL-L,Veterinary,Region,West,37382,2429859.14,0.96
zoetis_vet_internal,2024-08,2024-Q3,Dermatology,Apoquel,DRM-APOQUEL-S,Veterinary,Region,West,50856,3305636.31,0.96
zoetis_vet_internal,2024-08,2024-Q3,Vaccines,BioShield Vax,VAC-BIOSHIELD--L,Veterinary,Region,West,46360,927202.84,0.96
zoetis_vet_internal,2024-08,2024-Q3,Vaccines,BioShield Vax,VAC-BIOSHIELD--S,Veterinary,Region,West,62865,1257296.84,0.96
zoetis_vet_internal,2024-08,2024-Q3,Dermatology,DermaCalm,DRM-DERMACALM-L,Veterinary,Region,West,21859,1267848.13,0.96
zoetis_vet_internal,2024-08,2024-Q3,Dermatology,DermaCalm,DRM-DERMACALM-S,Veterinary,Region,West,31287,1814655.83,0.96
zoetis_vet_internal,2024-08,2024-Q3,Petcare Diagnostics,DiagnosTech Vet,DIA-DIAGNOSTEC-L,Veterinary,Region,West,54127,920165.61,0.96
zoetis_vet_internal,2024-08,2024-Q3,Petcare Diagnostics,DiagnosTech Vet,DIA-DIAGNOSTEC-S,Veterinary,Region,West,74936,1273919.82,0.96
zoetis_vet_internal,2024-08,2024-Q3,Parasiticides,FleaStop Pro,PAR-FLEASTOP-P-L,Veterinary,Region,West,27970,587364.2,0.96
zoetis_vet_internal,2024-08,2024-Q3,Parasiticides,FleaStop Pro,PAR-FLEASTOP-P-S,Veterinary,Region,West,39224,823695.16,0.96
zoetis_vet_internal,2024-08,2024-Q3,Pain/Osteoarthritis,FlexiCare Joint,PAN-FLEXICARE--L,Veterinary,Region,West,14817,651966.38,0.96
zoetis_vet_internal,2024-08,2024-Q3,Pain/Osteoarthritis,FlexiCare Joint,PAN-FLEXICARE--S,Veterinary,Region,West,20345,895201.01,0.96
zoetis_vet_internal,2024-08,2024-Q3,Vaccines,ImmunoCore Canine,VAC-IMMUNOCORE-L,Veterinary,Region,West,50377,1057908.51,0.96
zoetis_vet_internal,2024-08,2024-Q3,Vaccines,ImmunoCore Canine,VAC-IMMUNOCORE-S,Veterinary,Region,West,69440,1458233.87,0.96
zoetis_vet_internal,2024-08,2024-Q3,Pain/Osteoarthritis,Librela,PAN-LIBRELA-L,Veterinary,Region,West,16803,806553.07,0.96
zoetis_vet_internal,2024-08,2024-Q3,Pain/Osteoarthritis,Librela,PAN-LIBRELA-S,Veterinary,Region,West,22827,1095715.79,0.96
zoetis_vet_internal,2024-08,2024-Q3,Pain/Osteoarthritis,OsteoEase Vet,PAN-OSTEOEASE--L,Veterinary,Region,West,12492,512156.11,0.96
zoetis_vet_internal,2024-08,2024-Q3,Pain/Osteoarthritis,OsteoEase Vet,PAN-OSTEOEASE--S,Veterinary,Region,West,18036,739469.41,0.96
zoetis_vet_internal,2024-08,2024-Q3,Pain/Osteoarthritis,PainAway Canine,PAN-PAINAWAY-C-L,Veterinary,Region,West,11322,418928.04,0.96
zoetis_vet_internal,2024-08,2024-Q3,Pain/Osteoarthritis,PainAway Canine,PAN-PAINAWAY-C-S,Veterinary,Region,West,15783,583956.53,0.96
zoetis_vet_internal,2024-08,2024-Q3,Petcare Diagnostics,PetLab Analyzer,DIA-PETLAB-ANA-L,Veterinary,Region,West,33656,504845.89,0.96
zoetis_vet_internal,2024-08,2024-Q3,Petcare Diagnostics,PetLab Analyzer,DIA-PETLAB-ANA-S,Veterinary,Region,West,45867,688004.69,0.96
zoetis_vet_internal,2024-08,2024-Q3,Petcare Diagnostics,RapidVet Dx,DIA-RAPIDVET-D-L,Veterinary,Region,West,50275,804402.07,0.96
zoetis_vet_internal,2024-08,2024-Q3,Petcare Diagnostics,RapidVet Dx,DIA-RAPIDVET-D-S,Veterinary,Region,West,69731,1115696.88,0.96
zoetis_vet_internal,2024-08,2024-Q3,Parasiticides,Simparica Trio,PAR-SIMPARICA--L,Veterinary,Region,West,59913,1677567.2,0.96
zoetis_vet_internal,2024-08,2024-Q3,Parasiticides,Simparica Trio,PAR-SIMPARICA--S,Veterinary,Region,West,80756,2261164.57,0.96
zoetis_vet_internal,2024-08,2024-Q3,Dermatology,SkinRelief Pro,DRM-SKINRELIEF-L,Veterinary,Region,West,15950,781547.73,0.96
zoetis_vet_internal,2024-08,2024-Q3,Dermatology,SkinRelief Pro,DRM-SKINRELIEF-S,Veterinary,Region,West,23498,1151389.46,0.96
zoetis_vet_internal,2024-08,2024-Q3,Parasiticides,TickShield Plus,PAR-TICKSHIELD-L,Veterinary,Region,West,32218,773226.26,0.96
zoetis_vet_internal,2024-08,2024-Q3,Parasiticides,TickShield Plus,PAR-TICKSHIELD-S,Veterinary,Region,West,44672,1072116.93,0.96
zoetis_vet_internal,2024-08,2024-Q3,Vaccines,Vanguard,VAC-VANGUARD-L,Veterinary,Region,West,55342,1217533.83,0.96
zoetis_vet_internal,2024-08,2024-Q3,Vaccines,Vanguard,VAC-VANGUARD-S,Veterinary,Region,West,79756,1754623.51,0.96
zoetis_vet_internal,2024-08,2024-Q3,Parasiticides,VectraGuard,PAR-VECTRAGUAR-L,Veterinary,Region,West,40100,1042599.7,0.96
zoetis_vet_internal,2024-08,2024-Q3,Parasiticides,VectraGuard,PAR-VECTRAGUAR-S,Veterinary,Region,West,57461,1493974.76,0.96
zoetis_vet_internal,2024-08,2024-Q3,Vaccines,VetGuard Immunize,VAC-VETGUARD-I-L,Veterinary,Region,West,37051,703972.14,0.96
zoetis_vet_internal,2024-08,2024-Q3,Vaccines,VetGuard Immunize,VAC-VETGUARD-I-S,Veterinary,Region,West,52203,991848.85,0.96
zoetis_vet_internal,2024-08,2024-Q3,Vaccines,VetSelect Core Vax,VAC-VETSELECT--L,Veterinary,Region,West,34429,482007.78,0.96
zoetis_vet_internal,2024-08,2024-Q3,Vaccines,VetSelect Core Vax,VAC-VETSELECT--S,Veterinary,Region,West,46282,647948.26,0.96
zoetis_vet_internal,2024-08,2024-Q3,Dermatology,VetSelect Derma,DRM-VETSELECT--L,Veterinary,Region,West,14761,560902.15,0.96
zoetis_vet_internal,2024-08,2024-Q3,Dermatology,VetSelect Derma,DRM-VETSELECT--S,Veterinary,Region,West,20665,785264.12,0.96
zoetis_vet_internal,2024-08,2024-Q3,Petcare Diagnostics,VetSelect Dx,DIA-VETSELECT--L,Veterinary,Region,West,24928,299131.47,0.96
zoetis_vet_internal,2024-08,2024-Q3,Petcare Diagnostics,VetSelect Dx,DIA-VETSELECT--S,Veterinary,Region,West,35748,428976.34,0.96
zoetis_vet_internal,2024-08,2024-Q3,Parasiticides,VetSelect Flea & Tick,PAR-VETSELECT--L,Veterinary,Region,West,29612,503405.23,0.96
zoetis_vet_internal,2024-08,2024-Q3,Parasiticides,VetSelect Flea & Tick,PAR-VETSELECT--S,Veterinary,Region,West,41155,699632.76,0.96
zoetis_vet_internal,2024-08,2024-Q3,Pain/Osteoarthritis,VetSelect Joint,PAN-VETSELECT--L,Veterinary,Region,West,10597,307311.37,0.96
zoetis_vet_internal,2024-08,2024-Q3,Pain/Osteoarthritis,VetSelect Joint,PAN-VETSELECT--S,Veterinary,Region,West,15358,445394.58,0.96
zoetis_vet_internal,2024-08,2024-Q3,Petcare Diagnostics,Vetscan,DIA-VETSCAN-L,Veterinary,Region,West,65551,1179912.44,0.96
zoetis_vet_internal,2024-08,2024-Q3,Petcare Diagnostics,Vetscan,DIA-VETSCAN-S,Veterinary,Region,West,85820,1544751.46,0.96
zoetis_vet_internal,2024-09,2024-Q3,Dermatology,AllerVet RX,DRM-ALLERVET-R-L,Veterinary,National,National,82750,4468475.59,0.96
zoetis_vet_internal,2024-09,2024-Q3,Dermatology,AllerVet RX,DRM-ALLERVET-R-S,Veterinary,National,National,114721,6194953.51,0.96
zoetis_vet_internal,2024-09,2024-Q3,Dermatology,Apoquel,DRM-APOQUEL-L,Veterinary,National,National,148135,9628828.11,0.96
zoetis_vet_internal,2024-09,2024-Q3,Dermatology,Apoquel,DRM-APOQUEL-S,Veterinary,National,National,206695,13435167.29,0.96
zoetis_vet_internal,2024-09,2024-Q3,Vaccines,BioShield Vax,VAC-BIOSHIELD--L,Veterinary,National,National,179935,3598688.63,0.96
zoetis_vet_internal,2024-09,2024-Q3,Vaccines,BioShield Vax,VAC-BIOSHIELD--S,Veterinary,National,National,245034,4900668.97,0.96
zoetis_vet_internal,2024-09,2024-Q3,Dermatology,DermaCalm,DRM-DERMACALM-L,Veterinary,National,National,88778,5149152.93,0.96
zoetis_vet_internal,2024-09,2024-Q3,Dermatology,DermaCalm,DRM-DERMACALM-S,Veterinary,National,National,121294,7035041.54,0.96
zoetis_vet_internal,2024-09,2024-Q3,Petcare Diagnostics,DiagnosTech Vet,DIA-DIAGNOSTEC-L,Veterinary,National,National,234819,3991918.96,0.96
zoetis_vet_internal,2024-09,2024-Q3,Petcare Diagnostics,DiagnosTech Vet,DIA-DIAGNOSTEC-S,Veterinary,National,National,315188,5358196.56,0.96
zoetis_vet_internal,2024-09,2024-Q3,Parasiticides,FleaStop Pro,PAR-FLEASTOP-P-L,Veterinary,National,National,105603,2217657.05,0.96
zoetis_vet_internal,2024-09,2024-Q3,Parasiticides,FleaStop Pro,PAR-FLEASTOP-P-S,Veterinary,National,National,146487,3076227.76,0.96
zoetis_vet_internal,2024-09,2024-Q3,Pain/Osteoarthritis,FlexiCare Joint,PAN-FLEXICARE--L,Veterinary,National,National,64408,2833929.0,0.96
zoetis_vet_internal,2024-09,2024-Q3,Pain/Osteoarthritis,FlexiCare Joint,PAN-FLEXICARE--S,Veterinary,National,National,90805,3995439.89,0.96
zoetis_vet_internal,2024-09,2024-Q3,Vaccines,ImmunoCore Canine,VAC-IMMUNOCORE-L,Veterinary,National,National,212416,4460724.9,0.96
zoetis_vet_internal,2024-09,2024-Q3,Vaccines,ImmunoCore Canine,VAC-IMMUNOCORE-S,Veterinary,National,National,287715,6042012.2,0.96
zoetis_vet_internal,2024-09,2024-Q3,Pain/Osteoarthritis,Librela,PAN-LIBRELA-L,Veterinary,National,National,70019,3360947.61,0.96
zoetis_vet_internal,2024-09,2024-Q3,Pain/Osteoarthritis,Librela,PAN-LIBRELA-S,Veterinary,National,National,97931,4700692.99,0.96
zoetis_vet_internal,2024-09,2024-Q3,Pain/Osteoarthritis,OsteoEase Vet,PAN-OSTEOEASE--L,Veterinary,National,National,59229,2428403.88,0.96
zoetis_vet_internal,2024-09,2024-Q3,Pain/Osteoarthritis,OsteoEase Vet,PAN-OSTEOEASE--S,Veterinary,National,National,81204,3329371.08,0.96
zoetis_vet_internal,2024-09,2024-Q3,Pain/Osteoarthritis,PainAway Canine,PAN-PAINAWAY-C-L,Veterinary,National,National,51393,1901518.86,0.96
zoetis_vet_internal,2024-09,2024-Q3,Pain/Osteoarthritis,PainAway Canine,PAN-PAINAWAY-C-S,Veterinary,National,National,69796,2582440.97,0.96
zoetis_vet_internal,2024-09,2024-Q3,Petcare Diagnostics,PetLab Analyzer,DIA-PETLAB-ANA-L,Veterinary,National,National,140837,2112558.95,0.96
zoetis_vet_internal,2024-09,2024-Q3,Petcare Diagnostics,PetLab Analyzer,DIA-PETLAB-ANA-S,Veterinary,National,National,185977,2789648.99,0.96
zoetis_vet_internal,2024-09,2024-Q3,Petcare Diagnostics,RapidVet Dx,DIA-RAPIDVET-D-L,Veterinary,National,National,206608,3305712.25,0.96
zoetis_vet_internal,2024-09,2024-Q3,Petcare Diagnostics,RapidVet Dx,DIA-RAPIDVET-D-S,Veterinary,National,National,290121,4641937.31,0.96
zoetis_vet_internal,2024-09,2024-Q3,Parasiticides,Simparica Trio,PAR-SIMPARICA--L,Veterinary,National,National,211722,5928218.75,0.96
zoetis_vet_internal,2024-09,2024-Q3,Parasiticides,Simparica Trio,PAR-SIMPARICA--S,Veterinary,National,National,293110,8207097.37,0.96
zoetis_vet_internal,2024-09,2024-Q3,Dermatology,SkinRelief Pro,DRM-SKINRELIEF-L,Veterinary,National,National,69668,3413736.85,0.96
zoetis_vet_internal,2024-09,2024-Q3,Dermatology,SkinRelief Pro,DRM-SKINRELIEF-S,Veterinary,National,National,96538,4730374.2,0.96
zoetis_vet_internal,2024-09,2024-Q3,Parasiticides,TickShield Plus,PAR-TICKSHIELD-L,Veterinary,National,National,123483,2963611.49,0.96
zoetis_vet_internal,2024-09,2024-Q3,Parasiticides,TickShield Plus,PAR-TICKSHIELD-S,Veterinary,National,National,168879,4053076.16,0.96
zoetis_vet_internal,2024-09,2024-Q3,Vaccines,Vanguard,VAC-VANGUARD-L,Veterinary,National,National,249694,5493282.19,0.96
zoetis_vet_internal,2024-09,2024-Q3,Vaccines,Vanguard,VAC-VANGUARD-S,Veterinary,National,National,348285,7662291.91,0.96
zoetis_vet_internal,2024-09,2024-Q3,Parasiticides,VectraGuard,PAR-VECTRAGUAR-L,Veterinary,National,National,143285,3725398.74,0.96
zoetis_vet_internal,2024-09,2024-Q3,Parasiticides,VectraGuard,PAR-VECTRAGUAR-S,Veterinary,National,National,198931,5172202.87,0.96
zoetis_vet_internal,2024-09,2024-Q3,Vaccines,VetGuard Immunize,VAC-VETGUARD-I-L,Veterinary,National,National,161198,3062755.63,0.96
zoetis_vet_internal,2024-09,2024-Q3,Vaccines,VetGuard Immunize,VAC-VETGUARD-I-S,Veterinary,National,National,224132,4258501.49,0.96
zoetis_vet_internal,2024-09,2024-Q3,Vaccines,VetSelect Core Vax,VAC-VETSELECT--L,Veterinary,National,National,139656,1955178.06,0.96
zoetis_vet_internal,2024-09,2024-Q3,Vaccines,VetSelect Core Vax,VAC-VETSELECT--S,Veterinary,National,National,189562,2653863.42,0.96
zoetis_vet_internal,2024-09,2024-Q3,Dermatology,VetSelect Derma,DRM-VETSELECT--L,Veterinary,National,National,60492,2298715.61,0.96
zoetis_vet_internal,2024-09,2024-Q3,Dermatology,VetSelect Derma,DRM-VETSELECT--S,Veterinary,National,National,85116,3234405.23,0.96
zoetis_vet_internal,2024-09,2024-Q3,Petcare Diagnostics,VetSelect Dx,DIA-VETSELECT--L,Veterinary,National,National,103937,1247238.02,0.96
zoetis_vet_internal,2024-09,2024-Q3,Petcare Diagnostics,VetSelect Dx,DIA-VETSELECT--S,Veterinary,National,National,143571,1722850.19,0.96
zoetis_vet_internal,2024-09,2024-Q3,Parasiticides,VetSelect Flea & Tick,PAR-VETSELECT--L,Veterinary,National,National,109926,1868746.72,0.96
zoetis_vet_internal,2024-09,2024-Q3,Parasiticides,VetSelect Flea & Tick,PAR-VETSELECT--S,Veterinary,National,National,150591,2560042.0,0.96
zoetis_vet_internal,2024-09,2024-Q3,Pain/Osteoarthritis,VetSelect Joint,PAN-VETSELECT--L,Veterinary,National,National,51003,1479074.02,0.96
zoetis_vet_internal,2024-09,2024-Q3,Pain/Osteoarthritis,VetSelect Joint,PAN-VETSELECT--S,Veterinary,National,National,69576,2017694.1,0.96
zoetis_vet_internal,2024-09,2024-Q3,Petcare Diagnostics,Vetscan,DIA-VETSCAN-L,Veterinary,National,National,284117,5114094.77,0.96
zoetis_vet_internal,2024-09,2024-Q3,Petcare Diagnostics,Vetscan,DIA-VETSCAN-S,Veterinary,National,National,385847,6945263.47,0.96
zoetis_vet_internal,2024-09,2024-Q3,Dermatology,AllerVet RX,DRM-ALLERVET-R-L,Veterinary,Region,Midwest,17909,967071.94,0.96
zoetis_vet_internal,2024-09,2024-Q3,Dermatology,AllerVet RX,DRM-ALLERVET-R-S,Veterinary,Region,Midwest,25190,1360236.23,0.96
zoetis_vet_internal,2024-09,2024-Q3,Dermatology,Apoquel,DRM-APOQUEL-L,Veterinary,Region,Midwest,5351,347836.59,0.96
zoetis_vet_internal,2024-09,2024-Q3,Dermatology,Apoquel,DRM-APOQUEL-S,Veterinary,Region,Midwest,7426,482717.68,0.96
zoetis_vet_internal,2024-09,2024-Q3,Vaccines,BioShield Vax,VAC-BIOSHIELD--L,Veterinary,Region,Midwest,39325,786505.83,0.96
zoetis_vet_internal,2024-09,2024-Q3,Vaccines,BioShield Vax,VAC-BIOSHIELD--S,Veterinary,Region,Midwest,50330,1006590.98,0.96
zoetis_vet_internal,2024-09,2024-Q3,Dermatology,DermaCalm,DRM-DERMACALM-L,Veterinary,Region,Midwest,18570,1077035.45,0.96
zoetis_vet_internal,2024-09,2024-Q3,Dermatology,DermaCalm,DRM-DERMACALM-S,Veterinary,Region,Midwest,25863,1500076.23,0.96
zoetis_vet_internal,2024-09,2024-Q3,Petcare Diagnostics,DiagnosTech Vet,DIA-DIAGNOSTEC-L,Veterinary,Region,Midwest,51639,877865.63,0.96
zoetis_vet_internal,2024-09,2024-Q3,Petcare Diagnostics,DiagnosTech Vet,DIA-DIAGNOSTEC-S,Veterinary,Region,Midwest,71221,1210764.01,0.96
zoetis_vet_internal,2024-09,2024-Q3,Parasiticides,FleaStop Pro,PAR-FLEASTOP-P-L,Veterinary,Region,Midwest,22344,469223.8,0.96
zoetis_vet_internal,2024-09,2024-Q3,Parasiticides,FleaStop Pro,PAR-FLEASTOP-P-S,Veterinary,Region,Midwest,31539,662314.04,0.96
zoetis_vet_internal,2024-09,2024-Q3,Pain/Osteoarthritis,FlexiCare Joint,PAN-FLEXICARE--L,Veterinary,Region,Midwest,13820,608087.47,0.96
zoetis_vet_internal,2024-09,2024-Q3,Pain/Osteoarthritis,FlexiCare Joint,PAN-FLEXICARE--S,Veterinary,Region,Midwest,20324,894254.19,0.96
zoetis_vet_internal,2024-09,2024-Q3,Vaccines,ImmunoCore Canine,VAC-IMMUNOCORE-L,Veterinary,Region,Midwest,43174,906655.12,0.96
zoetis_vet_internal,2024-09,2024-Q3,Vaccines,ImmunoCore Canine,VAC-IMMUNOCORE-S,Veterinary,Region,Midwest,58644,1231524.99,0.96
zoetis_vet_internal,2024-09,2024-Q3,Pain/Osteoarthritis,Librela,PAN-LIBRELA-L,Veterinary,Region,Midwest,13543,650085.2,0.96
zoetis_vet_internal,2024-09,2024-Q3,Pain/Osteoarthritis,Librela,PAN-LIBRELA-S,Veterinary,Region,Midwest,18998,911911.78,0.96
zoetis_vet_internal,2024-09,2024-Q3,Pain/Osteoarthritis,OsteoEase Vet,PAN-OSTEOEASE--L,Veterinary,Region,Midwest,11551,473604.59,0.96
zoetis_vet_internal,2024-09,2024-Q3,Pain/Osteoarthritis,OsteoEase Vet,PAN-OSTEOEASE--S,Veterinary,Region,Midwest,15476,634518.78,0.96
zoetis_vet_internal,2024-09,2024-Q3,Pain/Osteoarthritis,PainAway Canine,PAN-PAINAWAY-C-L,Veterinary,Region,Midwest,11079,409924.48,0.96
zoetis_vet_internal,2024-09,2024-Q3,Pain/Osteoarthritis,PainAway Canine,PAN-PAINAWAY-C-S,Veterinary,Region,Midwest,14916,551877.9,0.96
zoetis_vet_internal,2024-09,2024-Q3,Petcare Diagnostics,PetLab Analyzer,DIA-PETLAB-ANA-L,Veterinary,Region,Midwest,29392,440876.29,0.96
zoetis_vet_internal,2024-09,2024-Q3,Petcare Diagnostics,PetLab Analyzer,DIA-PETLAB-ANA-S,Veterinary,Region,Midwest,38268,574022.13,0.96
zoetis_vet_internal,2024-09,2024-Q3,Petcare Diagnostics,RapidVet Dx,DIA-RAPIDVET-D-L,Veterinary,Region,Midwest,41639,666218.69,0.96
zoetis_vet_internal,2024-09,2024-Q3,Petcare Diagnostics,RapidVet Dx,DIA-RAPIDVET-D-S,Veterinary,Region,Midwest,58452,935227.77,0.96
zoetis_vet_internal,2024-09,2024-Q3,Parasiticides,Simparica Trio,PAR-SIMPARICA--L,Veterinary,Region,Midwest,44292,1240179.31,0.96
zoetis_vet_internal,2024-09,2024-Q3,Parasiticides,Simparica Trio,PAR-SIMPARICA--S,Veterinary,Region,Midwest,60734,1700564.29,0.96
zoetis_vet_internal,2024-09,2024-Q3,Dermatology,SkinRelief Pro,DRM-SKINRELIEF-L,Veterinary,Region,Midwest,14454,708235.68,0.96
zoetis_vet_internal,2024-09,2024-Q3,Dermatology,SkinRelief Pro,DRM-SKINRELIEF-S,Veterinary,Region,Midwest,20273,993356.54,0.96
zoetis_vet_internal,2024-09,2024-Q3,Parasiticides,TickShield Plus,PAR-TICKSHIELD-L,Veterinary,Region,Midwest,26766,642390.8,0.96
zoetis_vet_internal,2024-09,2024-Q3,Parasiticides,TickShield Plus,PAR-TICKSHIELD-S,Veterinary,Region,Midwest,36226,869432.9,0.96
zoetis_vet_internal,2024-09,2024-Q3,Vaccines,Vanguard,VAC-VANGUARD-L,Veterinary,Region,Midwest,52114,1146513.42,0.96
zoetis_vet_internal,2024-09,2024-Q3,Vaccines,Vanguard,VAC-VANGUARD-S,Veterinary,Region,Midwest,72108,1586380.9,0.96
zoetis_vet_internal,2024-09,2024-Q3,Parasiticides,VectraGuard,PAR-VECTRAGUAR-L,Veterinary,Region,Midwest,29117,757040.72,0.96
zoetis_vet_internal,2024-09,2024-Q3,Parasiticides,VectraGuard,PAR-VECTRAGUAR-S,Veterinary,Region,Midwest,42058,1093502.47,0.96
zoetis_vet_internal,2024-09,2024-Q3,Vaccines,VetGuard Immunize,VAC-VETGUARD-I-L,Veterinary,Region,Midwest,33477,636068.76,0.96
zoetis_vet_internal,2024-09,2024-Q3,Vaccines,VetGuard Immunize,VAC-VETGUARD-I-S,Veterinary,Region,Midwest,46363,880890.85,0.96
zoetis_vet_internal,2024-09,2024-Q3,Vaccines,VetSelect Core Vax,VAC-VETSELECT--L,Veterinary,Region,Midwest,27841,389772.68,0.96
zoetis_vet_internal,2024-09,2024-Q3,Vaccines,VetSelect Core Vax,VAC-VETSELECT--S,Veterinary,Region,Midwest,38998,545965.6,0.96
zoetis_vet_internal,2024-09,2024-Q3,Dermatology,VetSelect Derma,DRM-VETSELECT--L,Veterinary,Region,Midwest,13070,496664.84,0.96
zoetis_vet_internal,2024-09,2024-Q3,Dermatology,VetSelect Derma,DRM-VETSELECT--S,Veterinary,Region,Midwest,18600,706795.76,0.96
zoetis_vet_internal,2024-09,2024-Q3,Petcare Diagnostics,VetSelect Dx,DIA-VETSELECT--L,Veterinary,Region,Midwest,21864,262364.26,0.96
zoetis_vet_internal,2024-09,2024-Q3,Petcare Diagnostics,VetSelect Dx,DIA-VETSELECT--S,Veterinary,Region,Midwest,30347,364164.27,0.96
zoetis_vet_internal,2024-09,2024-Q3,Parasiticides,VetSelect Flea & Tick,PAR-VETSELECT--L,Veterinary,Region,Midwest,23979,407642.81,0.96
zoetis_vet_internal,2024-09,2024-Q3,Parasiticides,VetSelect Flea & Tick,PAR-VETSELECT--S,Veterinary,Region,Midwest,32017,544282.34,0.96
zoetis_vet_internal,2024-09,2024-Q3,Pain/Osteoarthritis,VetSelect Joint,PAN-VETSELECT--L,Veterinary,Region,Midwest,10873,315310.08,0.96
zoetis_vet_internal,2024-09,2024-Q3,Pain/Osteoarthritis,VetSelect Joint,PAN-VETSELECT--S,Veterinary,Region,Midwest,14826,429961.02,0.96
zoetis_vet_internal,2024-09,2024-Q3,Petcare Diagnostics,Vetscan,DIA-VETSCAN-L,Veterinary,Region,Midwest,61852,1113332.5,0.96
zoetis_vet_internal,2024-09,2024-Q3,Petcare Diagnostics,Vetscan,DIA-VETSCAN-S,Veterinary,Region,Midwest,83028,1494510.94,0.96
zoetis_vet_internal,2024-09,2024-Q3,Dermatology,AllerVet RX,DRM-ALLERVET-R-L,Veterinary,Region,Northeast,17827,962638.62,0.96
zoetis_vet_internal,2024-09,2024-Q3,Dermatology,AllerVet RX,DRM-ALLERVET-R-S,Veterinary,Region,Northeast,24856,1342220.36,0.96
zoetis_vet_internal,2024-09,2024-Q3,Dermatology,Apoquel,DRM-APOQUEL-L,Veterinary,Region,Northeast,31540,2050128.17,0.96
zoetis_vet_internal,2024-09,2024-Q3,Dermatology,Apoquel,DRM-APOQUEL-S,Veterinary,Region,Northeast,45437,2953430.29,0.96
zoetis_vet_internal,2024-09,2024-Q3,Vaccines,BioShield Vax,VAC-BIOSHIELD--L,Veterinary,Region,Northeast,38078,761554.57,0.96
zoetis_vet_internal,2024-09,2024-Q3,Vaccines,BioShield Vax,VAC-BIOSHIELD--S,Veterinary,Region,Northeast,52743,1054852.93,0.96
zoetis_vet_internal,2024-09,2024-Q3,Dermatology,DermaCalm,DRM-DERMACALM-L,Veterinary,Region,Northeast,18892,1095741.56,0.96
zoetis_vet_internal,2024-09,2024-Q3,Dermatology,DermaCalm,DRM-DERMACALM-S,Veterinary,Region,Northeast,25242,1464013.44,0.96
zoetis_vet_internal,2024-09,2024-Q3,Petcare Diagnostics,DiagnosTech Vet,DIA-DIAGNOSTEC-L,Veterinary,Region,Northeast,50823,863993.75,0.96
zoetis_vet_internal,2024-09,2024-Q3,Petcare Diagnostics,DiagnosTech Vet,DIA-DIAGNOSTEC-S,Veterinary,Region,Northeast,69131,1175231.23,0.96
zoetis_vet_internal,2024-09,2024-Q3,Parasiticides,FleaStop Pro,PAR-FLEASTOP-P-L,Veterinary,Region,Northeast,22658,475807.59,0.96
zoetis_vet_internal,2024-09,2024-Q3,Parasiticides,FleaStop Pro,PAR-FLEASTOP-P-S,Veterinary,Region,Northeast,30809,646998.74,0.96
zoetis_vet_internal,2024-09,2024-Q3,Pain/Osteoarthritis,FlexiCare Joint,PAN-FLEXICARE--L,Veterinary,Region,Northeast,14098,620319.59,0.96
zoetis_vet_internal,2024-09,2024-Q3,Pain/Osteoarthritis,FlexiCare Joint,PAN-FLEXICARE--S,Veterinary,Region,Northeast,20315,893877.59,0.96
zoetis_vet_internal,2024-09,2024-Q3,Vaccines,ImmunoCore Canine,VAC-IMMUNOCORE-L,Veterinary,Region,Northeast,46265,971558.73,0.96
zoetis_vet_internal,2024-09,2024-Q3,Vaccines,ImmunoCore Canine,VAC-IMMUNOCORE-S,Veterinary,Region,Northeast,65121,1367543.34,0.96
zoetis_vet_internal,2024-09,2024-Q3,Pain/Osteoarthritis,Librela,PAN-LIBRELA-L,Veterinary,Region,Northeast,15387,738565.75,0.96
zoetis_vet_internal,2024-09,2024-Q3,Pain/Osteoarthritis,Librela,PAN-LIBRELA-S,Veterinary,Region,Northeast,21789,1045882.75,0.96
zoetis_vet_internal,2024-09,2024-Q3,Pain/Osteoarthritis,OsteoEase Vet,PAN-OSTEOEASE--L,Veterinary,Region,Northeast,13050,535060.82,0.96
zoetis_vet_internal,2024-09,2024-Q3,Pain/Osteoarthritis,OsteoEase Vet,PAN-OSTEOEASE--S,Veterinary,Region,Northeast,18310,750725.0,0.96
zoetis_vet_internal,2024-09,2024-Q3,Pain/Osteoarthritis,PainAway Canine,PAN-PAINAWAY-C-L,Veterinary,Region,Northeast,11194,414186.96,0.96
zoetis_vet_internal,2024-09,2024-Q3,Pain/Osteoarthritis,PainAway Canine,PAN-PAINAWAY-C-S,Veterinary,Region,Northeast,14858,549754.9,0.96
zoetis_vet_internal,2024-09,2024-Q3,Petcare Diagnostics,PetLab Analyzer,DIA-PETLAB-ANA-L,Veterinary,Region,Northeast,30149,452238.18,0.96
zoetis_vet_internal,2024-09,2024-Q3,Petcare Diagnostics,PetLab Analyzer,DIA-PETLAB-ANA-S,Veterinary,Region,Northeast,40345,605170.91,0.96
zoetis_vet_internal,2024-09,2024-Q3,Petcare Diagnostics,RapidVet Dx,DIA-RAPIDVET-D-L,Veterinary,Region,Northeast,45400,726399.59,0.96
zoetis_vet_internal,2024-09,2024-Q3,Petcare Diagnostics,RapidVet Dx,DIA-RAPIDVET-D-S,Veterinary,Region,Northeast,62817,1005072.39,0.96
zoetis_vet_internal,2024-09,2024-Q3,Parasiticides,Simparica Trio,PAR-SIMPARICA--L,Veterinary,Region,Northeast,46219,1294123.85,0.96
zoetis_vet_internal,2024-09,2024-Q3,Parasiticides,Simparica Trio,PAR-SIMPARICA--S,Veterinary,Region,Northeast,63903,1789283.69,0.96
zoetis_vet_internal,2024-09,2024-Q3,Dermatology,SkinRelief Pro,DRM-SKINRELIEF-L,Veterinary,Region,Northeast,14926,731365.39,0.96
zoetis_vet_internal,2024-09,2024-Q3,Dermatology,SkinRelief Pro,DRM-SKINRELIEF-S,Veterinary,Region,Northeast,20869,1022591.53,0.96
zoetis_vet_internal,2024-09,2024-Q3,Parasiticides,TickShield Plus,PAR-TICKSHIELD-L,Veterinary,Region,Northeast,28214,677140.04,0.96
zoetis_vet_internal,2024-09,2024-Q3,Parasiticides,TickShield Plus,PAR-TICKSHIELD-S,Veterinary,Region,Northeast,38608,926582.13,0.96
zoetis_vet_internal,2024-09,2024-Q3,Vaccines,Vanguard,VAC-VANGUARD-L,Veterinary,Region,Northeast,51584,1134850.7,0.96
zoetis_vet_internal,2024-09,2024-Q3,Vaccines,Vanguard,VAC-VANGUARD-S,Veterinary,Region,Northeast,72125,1586748.13,0.96
zoetis_vet_internal,2024-09,2024-Q3,Parasiticides,VectraGuard,PAR-VECTRAGUAR-L,Veterinary,Region,Northeast,30593,795410.21,0.96
zoetis_vet_internal,2024-09,2024-Q3,Parasiticides,VectraGuard,PAR-VECTRAGUAR-S,Veterinary,Region,Northeast,41610,1081860.96,0.96
zoetis_vet_internal,2024-09,2024-Q3,Vaccines,VetGuard Immunize,VAC-VETGUARD-I-L,Veterinary,Region,Northeast,36053,684999.24,0.96
zoetis_vet_internal,2024-09,2024-Q3,Vaccines,VetGuard Immunize,VAC-VETGUARD-I-S,Veterinary,Region,Northeast,48003,912061.58,0.96
zoetis_vet_internal,2024-09,2024-Q3,Vaccines,VetSelect Core Vax,VAC-VETSELECT--L,Veterinary,Region,Northeast,31107,435500.3,0.96
zoetis_vet_internal,2024-09,2024-Q3,Vaccines,VetSelect Core Vax,VAC-VETSELECT--S,Veterinary,Region,Northeast,41185,576589.95,0.96
zoetis_vet_internal,2024-09,2024-Q3,Dermatology,VetSelect Derma,DRM-VETSELECT--L,Veterinary,Region,Northeast,13329,506490.28,0.96
zoetis_vet_internal,2024-09,2024-Q3,Dermatology,VetSelect Derma,DRM-VETSELECT--S,Veterinary,Region,Northeast,18239,693095.42,0.96
zoetis_vet_internal,2024-09,2024-Q3,Petcare Diagnostics,VetSelect Dx,DIA-VETSELECT--L,Veterinary,Region,Northeast,24098,289171.66,0.96
zoetis_vet_internal,2024-09,2024-Q3,Petcare Diagnostics,VetSelect Dx,DIA-VETSELECT--S,Veterinary,Region,Northeast,32775,393301.44,0.96
zoetis_vet_internal,2024-09,2024-Q3,Parasiticides,VetSelect Flea & Tick,PAR-VETSELECT--L,Veterinary,Region,Northeast,23090,392530.34,0.96
zoetis_vet_internal,2024-09,2024-Q3,Parasiticides,VetSelect Flea & Tick,PAR-VETSELECT--S,Veterinary,Region,Northeast,32821,557963.91,0.96
zoetis_vet_internal,2024-09,2024-Q3,Pain/Osteoarthritis,VetSelect Joint,PAN-VETSELECT--L,Veterinary,Region,Northeast,11292,327479.55,0.96
zoetis_vet_internal,2024-09,2024-Q3,Pain/Osteoarthritis,VetSelect Joint,PAN-VETSELECT--S,Veterinary,Region,Northeast,15764,457145.8,0.96
zoetis_vet_internal,2024-09,2024-Q3,Petcare Diagnostics,Vetscan,DIA-VETSCAN-L,Veterinary,Region,Northeast,63269,1138835.74,0.96
zoetis_vet_internal,2024-09,2024-Q3,Petcare Diagnostics,Vetscan,DIA-VETSCAN-S,Veterinary,Region,Northeast,84563,1522139.74,0.96
zoetis_vet_internal,2024-09,2024-Q3,Dermatology,AllerVet RX,DRM-ALLERVET-R-L,Veterinary,Region,South,27456,1482624.61,0.96
zoetis_vet_internal,2024-09,2024-Q3,Dermatology,AllerVet RX,DRM-ALLERVET-R-S,Veterinary,Region,South,37634,2032259.62,0.96
zoetis_vet_internal,2024-09,2024-Q3,Dermatology,Apoquel,DRM-APOQUEL-L,Veterinary,Region,South,53101,3451585.14,0.96
zoetis_vet_internal,2024-09,2024-Q3,Dermatology,Apoquel,DRM-APOQUEL-S,Veterinary,Region,South,72805,4732306.85,0.96
zoetis_vet_internal,2024-09,2024-Q3,Vaccines,BioShield Vax,VAC-BIOSHIELD--L,Veterinary,Region,South,61854,1237073.99,0.96
zoetis_vet_internal,2024-09,2024-Q3,Vaccines,BioShield Vax,VAC-BIOSHIELD--S,Veterinary,Region,South,84956,1699119.23,0.96
zoetis_vet_internal,2024-09,2024-Q3,Dermatology,DermaCalm,DRM-DERMACALM-L,Veterinary,Region,South,30569,1773024.93,0.96
zoetis_vet_internal,2024-09,2024-Q3,Dermatology,DermaCalm,DRM-DERMACALM-S,Veterinary,Region,South,42085,2440944.73,0.96
zoetis_vet_internal,2024-09,2024-Q3,Petcare Diagnostics,DiagnosTech Vet,DIA-DIAGNOSTEC-L,Veterinary,Region,South,78039,1326660.21,0.96
zoetis_vet_internal,2024-09,2024-Q3,Petcare Diagnostics,DiagnosTech Vet,DIA-DIAGNOSTEC-S,Veterinary,Region,South,99741,1695589.61,0.96
zoetis_vet_internal,2024-09,2024-Q3,Parasiticides,FleaStop Pro,PAR-FLEASTOP-P-L,Veterinary,Region,South,35954,755028.29,0.96
zoetis_vet_internal,2024-09,2024-Q3,Parasiticides,FleaStop Pro,PAR-FLEASTOP-P-S,Veterinary,Region,South,47898,1005857.83,0.96
zoetis_vet_internal,2024-09,2024-Q3,Pain/Osteoarthritis,FlexiCare Joint,PAN-FLEXICARE--L,Veterinary,Region,South,21677,953767.48,0.96
zoetis_vet_internal,2024-09,2024-Q3,Pain/Osteoarthritis,FlexiCare Joint,PAN-FLEXICARE--S,Veterinary,Region,South,29353,1291522.27,0.96
zoetis_vet_internal,2024-09,2024-Q3,Vaccines,ImmunoCore Canine,VAC-IMMUNOCORE-L,Veterinary,Region,South,71934,1510605.54,0.96
zoetis_vet_internal,2024-09,2024-Q3,Vaccines,ImmunoCore Canine,VAC-IMMUNOCORE-S,Veterinary,Region,South,96636,2029359.02,0.96
zoetis_vet_internal,2024-09,2024-Q3,Pain/Osteoarthritis,Librela,PAN-LIBRELA-L,Veterinary,Region,South,24401,1171248.95,0.96
zoetis_vet_internal,2024-09,2024-Q3,Pain/Osteoarthritis,Librela,PAN-LIBRELA-S,Veterinary,Region,South,34337,1648173.69,0.96
zoetis_vet_internal,2024-09,2024-Q3,Pain/Osteoarthritis,OsteoEase Vet,PAN-OSTEOEASE--L,Veterinary,Region,South,20632,845899.14,0.96
zoetis_vet_internal,2024-09,2024-Q3,Pain/Osteoarthritis,OsteoEase Vet,PAN-OSTEOEASE--S,Veterinary,Region,South,28018,1148736.22,0.96
zoetis_vet_internal,2024-09,2024-Q3,Pain/Osteoarthritis,PainAway Canine,PAN-PAINAWAY-C-L,Veterinary,Region,South,17477,646630.75,0.96
zoetis_vet_internal,2024-09,2024-Q3,Pain/Osteoarthritis,PainAway Canine,PAN-PAINAWAY-C-S,Veterinary,Region,South,24284,898494.32,0.96
zoetis_vet_internal,2024-09,2024-Q3,Petcare Diagnostics,PetLab Analyzer,DIA-PETLAB-ANA-L,Veterinary,Region,South,47349,710236.59,0.96
zoetis_vet_internal,2024-09,2024-Q3,Petcare Diagnostics,PetLab Analyzer,DIA-PETLAB-ANA-S,Veterinary,Region,South,63190,947843.47,0.96
zoetis_vet_internal,2024-09,2024-Q3,Petcare Diagnostics,RapidVet Dx,DIA-RAPIDVET-D-L,Veterinary,Region,South,68722,1099545.48,0.96
zoetis_vet_internal,2024-09,2024-Q3,Petcare Diagnostics,RapidVet Dx,DIA-RAPIDVET-D-S,Veterinary,Region,South,98769,1580304.82,0.96
zoetis_vet_internal,2024-09,2024-Q3,Parasiticides,Simparica Trio,PAR-SIMPARICA--L,Veterinary,Region,South,72260,2023281.28,0.96
zoetis_vet_internal,2024-09,2024-Q3,Parasiticides,Simparica Trio,PAR-SIMPARICA--S,Veterinary,Region,South,101747,2848924.05,0.96
zoetis_vet_internal,2024-09,2024-Q3,Dermatology,SkinRelief Pro,DRM-SKINRELIEF-L,Veterinary,Region,South,24479,1199470.63,0.96
zoetis_vet_internal,2024-09,2024-Q3,Dermatology,SkinRelief Pro,DRM-SKINRELIEF-S,Veterinary,Region,South,33054,1619657.32,0.96
zoetis_vet_internal,2024-09,2024-Q3,Parasiticides,TickShield Plus,PAR-TICKSHIELD-L,Veterinary,Region,South,41920,1006082.11,0.96
zoetis_vet_internal,2024-09,2024-Q3,Parasiticides,TickShield Plus,PAR-TICKSHIELD-S,Veterinary,Region,South,56757,1362159.6,0.96
zoetis_vet_internal,2024-09,2024-Q3,Vaccines,Vanguard,VAC-VANGUARD-L,Veterinary,Region,South,87306,1920730.85,0.96
zoetis_vet_internal,2024-09,2024-Q3,Vaccines,Vanguard,VAC-VANGUARD-S,Veterinary,Region,South,121034,2662755.88,0.96
zoetis_vet_internal,2024-09,2024-Q3,Parasiticides,VectraGuard,PAR-VECTRAGUAR-L,Veterinary,Region,South,51207,1331384.14,0.96
zoetis_vet_internal,2024-09,2024-Q3,Parasiticides,VectraGuard,PAR-VECTRAGUAR-S,Veterinary,Region,South,70082,1822127.21,0.96
zoetis_vet_internal,2024-09,2024-Q3,Vaccines,VetGuard Immunize,VAC-VETGUARD-I-L,Veterinary,Region,South,54926,1043598.73,0.96
zoetis_vet_internal,2024-09,2024-Q3,Vaccines,VetGuard Immunize,VAC-VETGUARD-I-S,Veterinary,Region,South,78754,1496323.3,0.96
zoetis_vet_internal,2024-09,2024-Q3,Vaccines,VetSelect Core Vax,VAC-VETSELECT--L,Veterinary,Region,South,48915,684809.25,0.96
zoetis_vet_internal,2024-09,2024-Q3,Vaccines,VetSelect Core Vax,VAC-VETSELECT--S,Veterinary,Region,South,65293,914102.39,0.96
zoetis_vet_internal,2024-09,2024-Q3,Dermatology,VetSelect Derma,DRM-VETSELECT--L,Veterinary,Region,South,20373,774192.32,0.96
zoetis_vet_internal,2024-09,2024-Q3,Dermatology,VetSelect Derma,DRM-VETSELECT--S,Veterinary,Region,South,28635,1088111.45,0.96
zoetis_vet_internal,2024-09,2024-Q3,Petcare Diagnostics,VetSelect Dx,DIA-VETSELECT--L,Veterinary,Region,South,33513,402156.93,0.96
zoetis_vet_internal,2024-09,2024-Q3,Petcare Diagnostics,VetSelect Dx,DIA-VETSELECT--S,Veterinary,Region,South,47494,569929.06,0.96
zoetis_vet_internal,2024-09,2024-Q3,Parasiticides,VetSelect Flea & Tick,PAR-VETSELECT--L,Veterinary,Region,South,37441,636504.74,0.96
zoetis_vet_internal,2024-09,2024-Q3,Parasiticides,VetSelect Flea & Tick,PAR-VETSELECT--S,Veterinary,Region,South,50227,853861.08,0.96
zoetis_vet_internal,2024-09,2024-Q3,Pain/Osteoarthritis,VetSelect Joint,PAN-VETSELECT--L,Veterinary,Region,South,17474,506732.19,0.96
zoetis_vet_internal,2024-09,2024-Q3,Pain/Osteoarthritis,VetSelect Joint,PAN-VETSELECT--S,Veterinary,Region,South,23204,672905.52,0.96
zoetis_vet_internal,2024-09,2024-Q3,Petcare Diagnostics,Vetscan,DIA-VETSCAN-L,Veterinary,Region,South,90505,1629084.38,0.96
zoetis_vet_internal,2024-09,2024-Q3,Petcare Diagnostics,Vetscan,DIA-VETSCAN-S,Veterinary,Region,South,125144,2252587.97,0.96
zoetis_vet_internal,2024-09,2024-Q3,Dermatology,AllerVet RX,DRM-ALLERVET-R-L,Veterinary,Region,West,19558,1056140.42,0.96
zoetis_vet_internal,2024-09,2024-Q3,Dermatology,AllerVet RX,DRM-ALLERVET-R-S,Veterinary,Region,West,27041,1460237.3,0.96
zoetis_vet_internal,2024-09,2024-Q3,Dermatology,Apoquel,DRM-APOQUEL-L,Veterinary,Region,West,33576,2182469.29,0.96
zoetis_vet_internal,2024-09,2024-Q3,Dermatology,Apoquel,DRM-APOQUEL-S,Veterinary,Region,West,46934,3050706.67,0.96
zoetis_vet_internal,2024-09,2024-Q3,Vaccines,BioShield Vax,VAC-BIOSHIELD--L,Veterinary,Region,West,40678,813554.24,0.96
zoetis_vet_internal,2024-09,2024-Q3,Vaccines,BioShield Vax,VAC-BIOSHIELD--S,Veterinary,Region,West,57005,1140105.83,0.96
zoetis_vet_internal,2024-09,2024-Q3,Dermatology,DermaCalm,DRM-DERMACALM-L,Veterinary,Region,West,20747,1203350.99,0.96
zoetis_vet_internal,2024-09,2024-Q3,Dermatology,DermaCalm,DRM-DERMACALM-S,Veterinary,Region,West,28104,1630007.14,0.96
zoetis_vet_internal,2024-09,2024-Q3,Petcare Diagnostics,DiagnosTech Vet,DIA-DIAGNOSTEC-L,Veterinary,Region,West,54318,923399.37,0.96
zoetis_vet_internal,2024-09,2024-Q3,Petcare Diagnostics,DiagnosTech Vet,DIA-DIAGNOSTEC-S,Veterinary,Region,West,75095,1276611.71,0.96
zoetis_vet_internal,2024-09,2024-Q3,Parasiticides,FleaStop Pro,PAR-FLEASTOP-P-L,Veterinary,Region,West,24647,517597.37,0.96
zoetis_vet_internal,2024-09,2024-Q3,Parasiticides,FleaStop Pro,PAR-FLEASTOP-P-S,Veterinary,Region,West,36241,761057.15,0.96
zoetis_vet_internal,2024-09,2024-Q3,Pain/Osteoarthritis,FlexiCare Joint,PAN-FLEXICARE--L,Veterinary,Region,West,14813,651754.46,0.96
zoetis_vet_internal,2024-09,2024-Q3,Pain/Osteoarthritis,FlexiCare Joint,PAN-FLEXICARE--S,Veterinary,Region,West,20813,915785.84,0.96
zoetis_vet_internal,2024-09,2024-Q3,Vaccines,ImmunoCore Canine,VAC-IMMUNOCORE-L,Veterinary,Region,West,51043,1071905.51,0.96
zoetis_vet_internal,2024-09,2024-Q3,Vaccines,ImmunoCore Canine,VAC-IMMUNOCORE-S,Veterinary,Region,West,67314,1413584.85,0.96
zoetis_vet_internal,2024-09,2024-Q3,Pain/Osteoarthritis,Librela,PAN-LIBRELA-L,Veterinary,Region,West,16688,801047.71,0.96
zoetis_vet_internal,2024-09,2024-Q3,Pain/Osteoarthritis,Librela,PAN-LIBRELA-S,Veterinary,Region,West,22807,1094724.77,0.96
zoetis_vet_internal,2024-09,2024-Q3,Pain/Osteoarthritis,OsteoEase Vet,PAN-OSTEOEASE--L,Veterinary,Region,West,13996,573839.33,0.96
zoetis_vet_internal,2024-09,2024-Q3,Pain/Osteoarthritis,OsteoEase Vet,PAN-OSTEOEASE--S,Veterinary,Region,West,19400,795391.08,0.96
zoetis_vet_internal,2024-09,2024-Q3,Pain/Osteoarthritis,PainAway Canine,PAN-PAINAWAY-C-L,Veterinary,Region,West,11643,430776.67,0.96
zoetis_vet_internal,2024-09,2024-Q3,Pain/Osteoarthritis,PainAway Canine,PAN-PAINAWAY-C-S,Veterinary,Region,West,15738,582313.85,0.96
zoetis_vet_internal,2024-09,2024-Q3,Petcare Diagnostics,PetLab Analyzer,DIA-PETLAB-ANA-L,Veterinary,Region,West,33947,509207.89,0.96
zoetis_vet_internal,2024-09,2024-Q3,Petcare Diagnostics,PetLab Analyzer,DIA-PETLAB-ANA-S,Veterinary,Region,West,44174,662612.48,0.96
zoetis_vet_internal,2024-09,2024-Q3,Petcare Diagnostics,RapidVet Dx,DIA-RAPIDVET-D-L,Veterinary,Region,West,50847,813548.49,0.96
zoetis_vet_internal,2024-09,2024-Q3,Petcare Diagnostics,RapidVet Dx,DIA-RAPIDVET-D-S,Veterinary,Region,West,70083,1121332.33,0.96
zoetis_vet_internal,2024-09,2024-Q3,Parasiticides,Simparica Trio,PAR-SIMPARICA--L,Veterinary,Region,West,48951,1370634.31,0.96
zoetis_vet_internal,2024-09,2024-Q3,Parasiticides,Simparica Trio,PAR-SIMPARICA--S,Veterinary,Region,West,66726,1868325.34,0.96
zoetis_vet_internal,2024-09,2024-Q3,Dermatology,SkinRelief Pro,DRM-SKINRELIEF-L,Veterinary,Region,West,15809,774665.15,0.96
zoetis_vet_internal,2024-09,2024-Q3,Dermatology,SkinRelief Pro,DRM-SKINRELIEF-S,Veterinary,Region,West,22342,1094768.81,0.96
zoetis_vet_internal,2024-09,2024-Q3,Parasiticides,TickShield Plus,PAR-TICKSHIELD-L,Veterinary,Region,West,26583,637998.54,0.96
zoetis_vet_internal,2024-09,2024-Q3,Parasiticides,TickShield Plus,PAR-TICKSHIELD-S,Veterinary,Region,West,37288,894901.53,0.96
zoetis_vet_internal,2024-09,2024-Q3,Vaccines,Vanguard,VAC-VANGUARD-L,Veterinary,Region,West,58690,1291187.22,0.96
zoetis_vet_internal,2024-09,2024-Q3,Vaccines,Vanguard,VAC-VANGUARD-S,Veterinary,Region,West,83018,1826407.0,0.96
zoetis_vet_internal,2024-09,2024-Q3,Parasiticides,VectraGuard,PAR-VECTRAGUAR-L,Veterinary,Region,West,32368,841563.67,0.96
zoetis_vet_internal,2024-09,2024-Q3,Parasiticides,VectraGuard,PAR-VECTRAGUAR-S,Veterinary,Region,West,45181,1174712.23,0.96
zoetis_vet_internal,2024-09,2024-Q3,Vaccines,VetGuard Immunize,VAC-VETGUARD-I-L,Veterinary,Region,West,36742,698088.9,0.96
zoetis_vet_internal,2024-09,2024-Q3,Vaccines,VetGuard Immunize,VAC-VETGUARD-I-S,Veterinary,Region,West,51012,969225.76,0.96
zoetis_vet_internal,2024-09,2024-Q3,Vaccines,VetSelect Core Vax,VAC-VETSELECT--L,Veterinary,Region,West,31793,445095.83,0.96
zoetis_vet_internal,2024-09,2024-Q3,Vaccines,VetSelect Core Vax,VAC-VETSELECT--S,Veterinary,Region,West,44086,617205.48,0.96
zoetis_vet_internal,2024-09,2024-Q3,Dermatology,VetSelect Derma,DRM-VETSELECT--L,Veterinary,Region,West,13720,521368.17,0.96
zoetis_vet_internal,2024-09,2024-Q3,Dermatology,VetSelect Derma,DRM-VETSELECT--S,Veterinary,Region,West,19642,746402.6,0.96
zoetis_vet_internal,2024-09,2024-Q3,Petcare Diagnostics,VetSelect Dx,DIA-VETSELECT--L,Veterinary,Region,West,24462,293545.17,0.96
zoetis_vet_internal,2024-09,2024-Q3,Petcare Diagnostics,VetSelect Dx,DIA-VETSELECT--S,Veterinary,Region,West,32955,395455.42,0.96
zoetis_vet_internal,2024-09,2024-Q3,Parasiticides,VetSelect Flea & Tick,PAR-VETSELECT--L,Veterinary,Region,West,25416,432068.83,0.96
zoetis_vet_internal,2024-09,2024-Q3,Parasiticides,VetSelect Flea & Tick,PAR-VETSELECT--S,Veterinary,Region,West,35526,603934.67,0.96
zoetis_vet_internal,2024-09,2024-Q3,Pain/Osteoarthritis,VetSelect Joint,PAN-VETSELECT--L,Veterinary,Region,West,11364,329552.2,0.96
zoetis_vet_internal,2024-09,2024-Q3,Pain/Osteoarthritis,VetSelect Joint,PAN-VETSELECT--S,Veterinary,Region,West,15782,457681.76,0.96
zoetis_vet_internal,2024-09,2024-Q3,Petcare Diagnostics,Vetscan,DIA-VETSCAN-L,Veterinary,Region,West,68491,1232842.15,0.96
zoetis_vet_internal,2024-09,2024-Q3,Petcare Diagnostics,Vetscan,DIA-VETSCAN-S,Veterinary,Region,West,93112,1676024.82,0.96
zoetis_vet_internal,2024-10,2024-Q4,Dermatology,AllerVet RX,DRM-ALLERVET-R-L,Veterinary,National,National,74244,4009170.05,0.96
zoetis_vet_internal,2024-10,2024-Q4,Dermatology,AllerVet RX,DRM-ALLERVET-R-S,Veterinary,National,National,102559,5538226.65,0.96
zoetis_vet_internal,2024-10,2024-Q4,Dermatology,Apoquel,DRM-APOQUEL-L,Veterinary,National,National,136717,8886653.33,0.96
zoetis_vet_internal,2024-10,2024-Q4,Dermatology,Apoquel,DRM-APOQUEL-S,Veterinary,National,National,181897,11823245.07,0.96
zoetis_vet_internal,2024-10,2024-Q4,Vaccines,BioShield Vax,VAC-BIOSHIELD--L,Veterinary,National,National,161991,3239812.65,0.96
zoetis_vet_internal,2024-10,2024-Q4,Vaccines,BioShield Vax,VAC-BIOSHIELD--S,Veterinary,National,National,224280,4485583.35,0.96
zoetis_vet_internal,2024-10,2024-Q4,Dermatology,DermaCalm,DRM-DERMACALM-L,Veterinary,National,National,80904,4692500.35,0.96
zoetis_vet_internal,2024-10,2024-Q4,Dermatology,DermaCalm,DRM-DERMACALM-S,Veterinary,National,National,111473,6465388.78,0.96
zoetis_vet_internal,2024-10,2024-Q4,Petcare Diagnostics,DiagnosTech Vet,DIA-DIAGNOSTEC-L,Veterinary,National,National,233051,3961862.5,0.96
zoetis_vet_internal,2024-10,2024-Q4,Petcare Diagnostics,DiagnosTech Vet,DIA-DIAGNOSTEC-S,Veterinary,National,National,319100,5424684.8,0.96
zoetis_vet_internal,2024-10,2024-Q4,Parasiticides,FleaStop Pro,PAR-FLEASTOP-P-L,Veterinary,National,National,90321,1896748.68,0.96
zoetis_vet_internal,2024-10,2024-Q4,Parasiticides,FleaStop Pro,PAR-FLEASTOP-P-S,Veterinary,National,National,123081,2584683.77,0.96
zoetis_vet_internal,2024-10,2024-Q4,Pain/Osteoarthritis,FlexiCare Joint,PAN-FLEXICARE--L,Veterinary,National,National,67303,2961278.48,0.96
zoetis_vet_internal,2024-10,2024-Q4,Pain/Osteoarthritis,FlexiCare Joint,PAN-FLEXICARE--S,Veterinary,National,National,92257,4059310.84,0.96
zoetis_vet_internal,2024-10,2024-Q4,Vaccines,ImmunoCore Canine,VAC-IMMUNOCORE-L,Veterinary,National,National,194798,4090751.37,0.96
zoetis_vet_internal,2024-10,2024-Q4,Vaccines,ImmunoCore Canine,VAC-IMMUNOCORE-S,Veterinary,National,National,268246,5633165.99,0.96
zoetis_vet_internal,2024-10,2024-Q4,Pain/Osteoarthritis,Librela,PAN-LIBRELA-L,Veterinary,National,National,75230,3611033.16,0.96
zoetis_vet_internal,2024-10,2024-Q4,Pain/Osteoarthritis,Librela,PAN-LIBRELA-S,Veterinary,National,National,104614,5021472.94,0.96
zoetis_vet_internal,2024-10,2024-Q4,Pain/Osteoarthritis,OsteoEase Vet,PAN-OSTEOEASE--L,Veterinary,National,National,63075,2586107.18,0.96
zoetis_vet_internal,2024-10,2024-Q4,Pain/Osteoarthritis,OsteoEase Vet,PAN-OSTEOEASE--S,Veterinary,National,National,86689,3554240.92,0.96
zoetis_vet_internal,2024-10,2024-Q4,Pain/Osteoarthritis,PainAway Canine,PAN-PAINAWAY-C-L,Veterinary,National,National,56198,2079344.29,0.96
zoetis_vet_internal,2024-10,2024-Q4,Pain/Osteoarthritis,PainAway Canine,PAN-PAINAWAY-C-S,Veterinary,National,National,76899,2845282.26,0.96
zoetis_vet_internal,2024-10,2024-Q4,Petcare Diagnostics,PetLab Analyzer,DIA-PETLAB-ANA-L,Veterinary,National,National,136056,2040822.59,0.96
zoetis_vet_internal,2024-10,2024-Q4,Petcare Diagnostics,PetLab Analyzer,DIA-PETLAB-ANA-S,Veterinary,National,National,185779,2786669.73,0.96
zoetis_vet_internal,2024-10,2024-Q4,Petcare Diagnostics,RapidVet Dx,DIA-RAPIDVET-D-L,Veterinary,National,National,215792,3452663.83,0.96
zoetis_vet_internal,2024-10,2024-Q4,Petcare Diagnostics,RapidVet Dx,DIA-RAPIDVET-D-S,Veterinary,National,National,300072,4801146.32,0.96
zoetis_vet_internal,2024-10,2024-Q4,Parasiticides,Simparica Trio,PAR-SIMPARICA--L,Veterinary,National,National,176602,4944859.98,0.96
zoetis_vet_internal,2024-10,2024-Q4,Parasiticides,Simparica Trio,PAR-SIMPARICA--S,Veterinary,National,National,243731,6824447.97,0.96
zoetis_vet_internal,2024-10,2024-Q4,Dermatology,SkinRelief Pro,DRM-SKINRELIEF-L,Veterinary,National,National,66677,3267176.64,0.96
zoetis_vet_internal,2024-10,2024-Q4,Dermatology,SkinRelief Pro,DRM-SKINRELIEF-S,Veterinary,National,National,90035,4411725.35,0.96
zoetis_vet_internal,2024-10,2024-Q4,Parasiticides,TickShield Plus,PAR-TICKSHIELD-L,Veterinary,National,National,102629,2463098.68,0.96
zoetis_vet_internal,2024-10,2024-Q4,Parasiticides,TickShield Plus,PAR-TICKSHIELD-S,Veterinary,National,National,142066,3409579.93,0.96
zoetis_vet_internal,2024-10,2024-Q4,Vaccines,Vanguard,VAC-VANGUARD-L,Veterinary,National,National,235019,5170388.2,0.96
zoetis_vet_internal,2024-10,2024-Q4,Vaccines,Vanguard,VAC-VANGUARD-S,Veterinary,National,National,328505,7227116.77,0.96
zoetis_vet_internal,2024-10,2024-Q4,Parasiticides,VectraGuard,PAR-VECTRAGUAR-L,Veterinary,National,National,122592,3187405.05,0.96
zoetis_vet_internal,2024-10,2024-Q4,Parasiticides,VectraGuard,PAR-VECTRAGUAR-S,Veterinary,National,National,170976,4445368.02,0.96
zoetis_vet_internal,2024-10,2024-Q4,Vaccines,VetGuard Immunize,VAC-VETGUARD-I-L,Veterinary,National,National,149728,2844848.51,0.96
zoetis_vet_internal,2024-10,2024-Q4,Vaccines,VetGuard Immunize,VAC-VETGUARD-I-S,Veterinary,National,National,203894,3873970.02,0.96
zoetis_vet_internal,2024-10,2024-Q4,Vaccines,VetSelect Core Vax,VAC-VETSELECT--L,Veterinary,National,National,132395,1853522.68,0.96
zoetis_vet_internal,2024-10,2024-Q4,Vaccines,VetSelect Core Vax,VAC-VETSELECT--S,Veterinary,National,National,185766,2600725.58,0.96
zoetis_vet_internal,2024-10,2024-Q4,Dermatology,VetSelect Derma,DRM-VETSELECT--L,Veterinary,National,National,55707,2116833.97,0.96
zoetis_vet_internal,2024-10,2024-Q4,Dermatology,VetSelect Derma,DRM-VETSELECT--S,Veterinary,National,National,77356,2939522.67,0.96
zoetis_vet_internal,2024-10,2024-Q4,Petcare Diagnostics,VetSelect Dx,DIA-VETSELECT--L,Veterinary,National,National,105460,1265513.89,0.96
zoetis_vet_internal,2024-10,2024-Q4,Petcare Diagnostics,VetSelect Dx,DIA-VETSELECT--S,Veterinary,National,National,140292,1683504.03,0.96
zoetis_vet_internal,2024-10,2024-Q4,Parasiticides,VetSelect Flea & Tick,PAR-VETSELECT--L,Veterinary,National,National,88874,1510847.42,0.96
zoetis_vet_internal,2024-10,2024-Q4,Parasiticides,VetSelect Flea & Tick,PAR-VETSELECT--S,Veterinary,National,National,121795,2070511.49,0.96
zoetis_vet_internal,2024-10,2024-Q4,Pain/Osteoarthritis,VetSelect Joint,PAN-VETSELECT--L,Veterinary,National,National,51511,1493833.78,0.96
zoetis_vet_internal,2024-10,2024-Q4,Pain/Osteoarthritis,VetSelect Joint,PAN-VETSELECT--S,Veterinary,National,National,70216,2036267.94,0.96
zoetis_vet_internal,2024-10,2024-Q4,Petcare Diagnostics,Vetscan,DIA-VETSCAN-L,Veterinary,National,National,276545,4977800.97,0.96
zoetis_vet_internal,2024-10,2024-Q4,Petcare Diagnostics,Vetscan,DIA-VETSCAN-S,Veterinary,National,National,381580,6868467.97,0.96
zoetis_vet_internal,2024-10,2024-Q4,Dermatology,AllerVet RX,DRM-ALLERVET-R-L,Veterinary,Region,Midwest,15266,824372.06,0.96
zoetis_vet_internal,2024-10,2024-Q4,Dermatology,AllerVet RX,DRM-ALLERVET-R-S,Veterinary,Region,Midwest,21721,1172956.28,0.96
zoetis_vet_internal,2024-10,2024-Q4,Dermatology,Apoquel,DRM-APOQUEL-L,Veterinary,Region,Midwest,27846,1810005.86,0.96
zoetis_vet_internal,2024-10,2024-Q4,Dermatology,Apoquel,DRM-APOQUEL-S,Veterinary,Region,Midwest,37943,2466281.32,0.96
zoetis_vet_internal,2024-10,2024-Q4,Vaccines,BioShield Vax,VAC-BIOSHIELD--L,Veterinary,Region,Midwest,35320,706397.84,0.96
zoetis_vet_internal,2024-10,2024-Q4,Vaccines,BioShield Vax,VAC-BIOSHIELD--S,Veterinary,Region,Midwest,48180,963602.25,0.96
zoetis_vet_internal,2024-10,2024-Q4,Dermatology,DermaCalm,DRM-DERMACALM-L,Veterinary,Region,Midwest,17356,1006670.59,0.96
zoetis_vet_internal,2024-10,2024-Q4,Dermatology,DermaCalm,DRM-DERMACALM-S,Veterinary,Region,Midwest,23960,1389661.93,0.96
zoetis_vet_internal,2024-10,2024-Q4,Petcare Diagnostics,DiagnosTech Vet,DIA-DIAGNOSTEC-L,Veterinary,Region,Midwest,48692,827766.67,0.96
zoetis_vet_internal,2024-10,2024-Q4,Petcare Diagnostics,DiagnosTech Vet,DIA-DIAGNOSTEC-S,Veterinary,Region,Midwest,66255,1126339.19,0.96
zoetis_vet_internal,2024-10,2024-Q4,Parasiticides,FleaStop Pro,PAR-FLEASTOP-P-L,Veterinary,Region,Midwest,19123,401590.08,0.96
zoetis_vet_internal,2024-10,2024-Q4,Parasiticides,FleaStop Pro,PAR-FLEASTOP-P-S,Veterinary,Region,Midwest,25335,532029.11,0.96
zoetis_vet_internal,2024-10,2024-Q4,Pain/Osteoarthritis,FlexiCare Joint,PAN-FLEXICARE--L,Veterinary,Region,Midwest,14412,634118.09,0.96
zoetis_vet_internal,2024-10,2024-Q4,Pain/Osteoarthritis,FlexiCare Joint,PAN-FLEXICARE--S,Veterinary,Region,Midwest,20324,894269.25,0.96
zoetis_vet_internal,2024-10,2024-Q4,Vaccines,ImmunoCore Canine,VAC-IMMUNOCORE-L,Veterinary,Region,Midwest,39492,829340.09,0.96
zoetis_vet_internal,2024-10,2024-Q4,Vaccines,ImmunoCore Canine,VAC-IMMUNOCORE-S,Veterinary,Region,Midwest,54621,1147044.05,0.96
zoetis_vet_internal,2024-10,2024-Q4,Pain/Osteoarthritis,Librela,PAN-LIBRELA-L,Veterinary,Region,Midwest,15495,743754.09,0.96
zoetis_vet_internal,2024-10,2024-Q4,Pain/Osteoarthritis,Librela,PAN-LIBRELA-S,Veterinary,Region,Midwest,21094,1012529.58,0.96
zoetis_vet_internal,2024-10,2024-Q4,Pain/Osteoarthritis,OsteoEase Vet,PAN-OSTEOEASE--L,Veterinary,Region,Midwest,13851,567874.37,0.96
zoetis_vet_internal,2024-10,2024-Q4,Pain/Osteoarthritis,OsteoEase Vet,PAN-OSTEOEASE--S,Veterinary,Region,Midwest,18754,768921.91,0.96
zoetis_vet_internal,2024-10,2024-Q4,Pain/Osteoarthritis,PainAway Canine,PAN-PAINAWAY-C-L,Veterinary,Region,Midwest,12670,468804.05,0.96
zoetis_vet_internal,2024-10,2024-Q4,Pain/Osteoarthritis,PainAway Canine,PAN-PAINAWAY-C-S,Veterinary,Region,Midwest,16629,615287.33,0.96
zoetis_vet_internal,2024-10,2024-Q4,Petcare Diagnostics,PetLab Analyzer,DIA-PETLAB-ANA-L,Veterinary,Region,Midwest,28391,425860.11,0.96
zoetis_vet_internal,2024-10,2024-Q4,Petcare Diagnostics,PetLab Analyzer,DIA-PETLAB-ANA-S,Veterinary,Region,Midwest,37903,568540.71,0.96
zoetis_vet_internal,2024-10,2024-Q4,Petcare Diagnostics,RapidVet Dx,DIA-RAPIDVET-D-L,Veterinary,Region,Midwest,44740,715832.53,0.96
zoetis_vet_internal,2024-10,2024-Q4,Petcare Diagnostics,RapidVet Dx,DIA-RAPIDVET-D-S,Veterinary,Region,Midwest,65721,1051529.01,0.96
zoetis_vet_internal,2024-10,2024-Q4,Parasiticides,Simparica Trio,PAR-SIMPARICA--L,Veterinary,Region,Midwest,36384,1018751.55,0.96
zoetis_vet_internal,2024-10,2024-Q4,Parasiticides,Simparica Trio,PAR-SIMPARICA--S,Veterinary,Region,Midwest,52148,1460155.99,0.96
zoetis_vet_internal,2024-10,2024-Q4,Dermatology,SkinRelief Pro,DRM-SKINRELIEF-L,Veterinary,Region,Midwest,13601,666452.24,0.96
zoetis_vet_internal,2024-10,2024-Q4,Dermatology,SkinRelief Pro,DRM-SKINRELIEF-S,Veterinary,Region,Midwest,17767,870576.36,0.96
zoetis_vet_internal,2024-10,2024-Q4,Parasiticides,TickShield Plus,PAR-TICKSHIELD-L,Veterinary,Region,Midwest,21452,514850.89,0.96
zoetis_vet_internal,2024-10,2024-Q4,Parasiticides,TickShield Plus,PAR-TICKSHIELD-S,Veterinary,Region,Midwest,30323,727741.9,0.96
zoetis_vet_internal,2024-10,2024-Q4,Vaccines,Vanguard,VAC-VANGUARD-L,Veterinary,Region,Midwest,49622,1091677.51,0.96
zoetis_vet_internal,2024-10,2024-Q4,Vaccines,Vanguard,VAC-VANGUARD-S,Veterinary,Region,Midwest,68392,1504629.35,0.96
zoetis_vet_internal,2024-10,2024-Q4,Parasiticides,VectraGuard,PAR-VECTRAGUAR-L,Veterinary,Region,Midwest,26565,690699.83,0.96
zoetis_vet_internal,2024-10,2024-Q4,Parasiticides,VectraGuard,PAR-VECTRAGUAR-S,Veterinary,Region,Midwest,37636,978527.76,0.96
zoetis_vet_internal,2024-10,2024-Q4,Vaccines,VetGuard Immunize,VAC-VETGUARD-I-L,Veterinary,Region,Midwest,30666,582662.32,0.96
zoetis_vet_internal,2024-10,2024-Q4,Vaccines,VetGuard Immunize,VAC-VETGUARD-I-S,Veterinary,Region,Midwest,41837,794903.12,0.96
zoetis_vet_internal,2024-10,2024-Q4,Vaccines,VetSelect Core Vax,VAC-VETSELECT--L,Veterinary,Region,Midwest,25017,350236.32,0.96
zoetis_vet_internal,2024-10,2024-Q4,Vaccines,VetSelect Core Vax,VAC-VETSELECT--S,Veterinary,Region,Midwest,35445,496232.47,0.96
zoetis_vet_internal,2024-10,2024-Q4,Dermatology,VetSelect Derma,DRM-VETSELECT--L,Veterinary,Region,Midwest,11686,444051.72,0.96
zoetis_vet_internal,2024-10,2024-Q4,Dermatology,VetSelect Derma,DRM-VETSELECT--S,Veterinary,Region,Midwest,16714,635145.05,0.96
zoetis_vet_internal,2024-10,2024-Q4,Petcare Diagnostics,VetSelect Dx,DIA-VETSELECT--L,Veterinary,Region,Midwest,21997,263964.77,0.96
zoetis_vet_internal,2024-10,2024-Q4,Petcare Diagnostics,VetSelect Dx,DIA-VETSELECT--S,Veterinary,Region,Midwest,29740,356874.12,0.96
zoetis_vet_internal,2024-10,2024-Q4,Parasiticides,VetSelect Flea & Tick,PAR-VETSELECT--L,Veterinary,Region,Midwest,17441,296499.43,0.96
zoetis_vet_internal,2024-10,2024-Q4,Parasiticides,VetSelect Flea & Tick,PAR-VETSELECT--S,Veterinary,Region,Midwest,24906,423398.74,0.96
zoetis_vet_internal,2024-10,2024-Q4,Pain/Osteoarthritis,VetSelect Joint,PAN-VETSELECT--L,Veterinary,Region,Midwest,10655,308998.46,0.96
zoetis_vet_internal,2024-10,2024-Q4,Pain/Osteoarthritis,VetSelect Joint,PAN-VETSELECT--S,Veterinary,Region,Midwest,14454,419157.03,0.96
zoetis_vet_internal,2024-10,2024-Q4,Petcare Diagnostics,Vetscan,DIA-VETSCAN-L,Veterinary,Region,Midwest,59260,1066678.45,0.96
zoetis_vet_internal,2024-10,2024-Q4,Petcare Diagnostics,Vetscan,DIA-VETSCAN-S,Veterinary,Region,Midwest,79830,1436949.0,0.96
zoetis_vet_internal,2024-10,2024-Q4,Dermatology,AllerVet RX,DRM-ALLERVET-R-L,Veterinary,Region,Northeast,16542,893287.29,0.96
zoetis_vet_internal,2024-10,2024-Q4,Dermatology,AllerVet RX,DRM-ALLERVET-R-S,Veterinary,Region,Northeast,22904,1236835.7,0.96
zoetis_vet_internal,2024-10,2024-Q4,Dermatology,Apoquel,DRM-APOQUEL-L,Veterinary,Region,Northeast,30589,1988315.32,0.96
zoetis_vet_internal,2024-10,2024-Q4,Dermatology,Apoquel,DRM-APOQUEL-S,Veterinary,Region,Northeast,40554,2635981.95,0.96
zoetis_vet_internal,2024-10,2024-Q4,Vaccines,BioShield Vax,VAC-BIOSHIELD--L,Veterinary,Region,Northeast,33926,678518.4,0.96
zoetis_vet_internal,2024-10,2024-Q4,Vaccines,BioShield Vax,VAC-BIOSHIELD--S,Veterinary,Region,Northeast,47497,949932.15,0.96
zoetis_vet_internal,2024-10,2024-Q4,Dermatology,DermaCalm,DRM-DERMACALM-L,Veterinary,Region,Northeast,17609,1021348.9,0.96
zoetis_vet_internal,2024-10,2024-Q4,Dermatology,DermaCalm,DRM-DERMACALM-S,Veterinary,Region,Northeast,24492,1420539.29,0.96
zoetis_vet_internal,2024-10,2024-Q4,Petcare Diagnostics,DiagnosTech Vet,DIA-DIAGNOSTEC-L,Veterinary,Region,Northeast,47287,803872.59,0.96
zoetis_vet_internal,2024-10,2024-Q4,Petcare Diagnostics,DiagnosTech Vet,DIA-DIAGNOSTEC-S,Veterinary,Region,Northeast,66940,1137972.59,0.96
zoetis_vet_internal,2024-10,2024-Q4,Parasiticides,FleaStop Pro,PAR-FLEASTOP-P-L,Veterinary,Region,Northeast,19359,406546.11,0.96
zoetis_vet_internal,2024-10,2024-Q4,Parasiticides,FleaStop Pro,PAR-FLEASTOP-P-S,Veterinary,Region,Northeast,26564,557835.86,0.96
zoetis_vet_internal,2024-10,2024-Q4,Pain/Osteoarthritis,FlexiCare Joint,PAN-FLEXICARE--L,Veterinary,Region,Northeast,14450,635788.15,0.96
zoetis_vet_internal,2024-10,2024-Q4,Pain/Osteoarthritis,FlexiCare Joint,PAN-FLEXICARE--S,Veterinary,Region,Northeast,20870,918266.8,0.96
zoetis_vet_internal,2024-10,2024-Q4,Vaccines,ImmunoCore Canine,VAC-IMMUNOCORE-L,Veterinary,Region,Northeast,45630,958225.65,0.96
zoetis_vet_internal,2024-10,2024-Q4,Vaccines,ImmunoCore Canine,VAC-IMMUNOCORE-S,Veterinary,Region,Northeast,63692,1337522.24,0.96
zoetis_vet_internal,2024-10,2024-Q4,Pain/Osteoarthritis,Librela,PAN-LIBRELA-L,Veterinary,Region,Northeast,15924,764357.98,0.96
zoetis_vet_internal,2024-10,2024-Q4,Pain/Osteoarthritis,Librela,PAN-LIBRELA-S,Veterinary,Region,Northeast,22294,1070120.5,0.96
zoetis_vet_internal,2024-10,2024-Q4,Pain/Osteoarthritis,OsteoEase Vet,PAN-OSTEOEASE--L,Veterinary,Region,Northeast,13276,544333.97,0.96
zoetis_vet_internal,2024-10,2024-Q4,Pain/Osteoarthritis,OsteoEase Vet,PAN-OSTEOEASE--S,Veterinary,Region,Northeast,19080,782266.06,0.96
zoetis_vet_internal,2024-10,2024-Q4,Pain/Osteoarthritis,PainAway Canine,PAN-PAINAWAY-C-L,Veterinary,Region,Northeast,11753,434872.8,0.96
zoetis_vet_internal,2024-10,2024-Q4,Pain/Osteoarthritis,PainAway Canine,PAN-PAINAWAY-C-S,Veterinary,Region,Northeast,16013,592480.5,0.96
zoetis_vet_internal,2024-10,2024-Q4,Petcare Diagnostics,PetLab Analyzer,DIA-PETLAB-ANA-L,Veterinary,Region,Northeast,30993,464890.61,0.96
zoetis_vet_internal,2024-10,2024-Q4,Petcare Diagnostics,PetLab Analyzer,DIA-PETLAB-ANA-S,Veterinary,Region,Northeast,42929,643930.24,0.96
zoetis_vet_internal,2024-10,2024-Q4,Petcare Diagnostics,RapidVet Dx,DIA-RAPIDVET-D-L,Veterinary,Region,Northeast,46808,748934.55,0.96
zoetis_vet_internal,2024-10,2024-Q4,Petcare Diagnostics,RapidVet Dx,DIA-RAPIDVET-D-S,Veterinary,Region,Northeast,64475,1031594.57,0.96
zoetis_vet_internal,2024-10,2024-Q4,Parasiticides,Simparica Trio,PAR-SIMPARICA--L,Veterinary,Region,Northeast,40156,1124361.94,0.96
zoetis_vet_internal,2024-10,2024-Q4,Parasiticides,Simparica Trio,PAR-SIMPARICA--S,Veterinary,Region,Northeast,56198,1573536.43,0.96
zoetis_vet_internal,2024-10,2024-Q4,Dermatology,SkinRelief Pro,DRM-SKINRELIEF-L,Veterinary,Region,Northeast,14549,712921.1,0.96
zoetis_vet_internal,2024-10,2024-Q4,Dermatology,SkinRelief Pro,DRM-SKINRELIEF-S,Veterinary,Region,Northeast,19677,964178.64,0.96
zoetis_vet_internal,2024-10,2024-Q4,Parasiticides,TickShield Plus,PAR-TICKSHIELD-L,Veterinary,Region,Northeast,22141,531394.74,0.96
zoetis_vet_internal,2024-10,2024-Q4,Parasiticides,TickShield Plus,PAR-TICKSHIELD-S,Veterinary,Region,Northeast,29376,705026.86,0.96
zoetis_vet_internal,2024-10,2024-Q4,Vaccines,Vanguard,VAC-VANGUARD-L,Veterinary,Region,Northeast,52909,1163992.87,0.96
zoetis_vet_internal,2024-10,2024-Q4,Vaccines,Vanguard,VAC-VANGUARD-S,Veterinary,Region,Northeast,74994,1649869.88,0.96
zoetis_vet_internal,2024-10,2024-Q4,Parasiticides,VectraGuard,PAR-VECTRAGUAR-L,Veterinary,Region,Northeast,26681,693712.8,0.96
zoetis_vet_internal,2024-10,2024-Q4,Parasiticides,VectraGuard,PAR-VECTRAGUAR-S,Veterinary,Region,Northeast,36081,938106.08,0.96
zoetis_vet_internal,2024-10,2024-Q4,Vaccines,VetGuard Immunize,VAC-VETGUARD-I-L,Veterinary,Region,Northeast,34191,649637.6,0.96
zoetis_vet_internal,2024-10,2024-Q4,Vaccines,VetGuard Immunize,VAC-VETGUARD-I-S,Veterinary,Region,Northeast,45158,857997.28,0.96
zoetis_vet_internal,2024-10,2024-Q4,Vaccines,VetSelect Core Vax,VAC-VETSELECT--L,Veterinary,Region,Northeast,29780,416925.3,0.96
zoetis_vet_internal,2024-10,2024-Q4,Vaccines,VetSelect Core Vax,VAC-VETSELECT--S,Veterinary,Region,Northeast,41240,577360.19,0.96
zoetis_vet_internal,2024-10,2024-Q4,Dermatology,VetSelect Derma,DRM-VETSELECT--L,Veterinary,Region,Northeast,12151,461747.26,0.96
zoetis_vet_internal,2024-10,2024-Q4,Dermatology,VetSelect Derma,DRM-VETSELECT--S,Veterinary,Region,Northeast,16765,637056.5,0.96
zoetis_vet_internal,2024-10,2024-Q4,Petcare Diagnostics,VetSelect Dx,DIA-VETSELECT--L,Veterinary,Region,Northeast,22532,270379.94,0.96
zoetis_vet_internal,2024-10,2024-Q4,Petcare Diagnostics,VetSelect Dx,DIA-VETSELECT--S,Veterinary,Region,Northeast,30321,363852.79,0.96
zoetis_vet_internal,2024-10,2024-Q4,Parasiticides,VetSelect Flea & Tick,PAR-VETSELECT--L,Veterinary,Region,Northeast,20068,341153.91,0.96
zoetis_vet_internal,2024-10,2024-Q4,Parasiticides,VetSelect Flea & Tick,PAR-VETSELECT--S,Veterinary,Region,Northeast,26871,456807.44,0.96
zoetis_vet_internal,2024-10,2024-Q4,Pain/Osteoarthritis,VetSelect Joint,PAN-VETSELECT--L,Veterinary,Region,Northeast,11197,324719.06,0.96
zoetis_vet_internal,2024-10,2024-Q4,Pain/Osteoarthritis,VetSelect Joint,PAN-VETSELECT--S,Veterinary,Region,Northeast,15747,456673.19,0.96
zoetis_vet_internal,2024-10,2024-Q4,Petcare Diagnostics,Vetscan,DIA-VETSCAN-L,Veterinary,Region,Northeast,59550,1071898.62,0.96
zoetis_vet_internal,2024-10,2024-Q4,Petcare Diagnostics,Vetscan,DIA-VETSCAN-S,Veterinary,Region,Northeast,79359,1428468.41,0.96
zoetis_vet_internal,2024-10,2024-Q4,Dermatology,AllerVet RX,DRM-ALLERVET-R-L,Veterinary,Region,South,25338,1368233.51,0.96
zoetis_vet_internal,2024-10,2024-Q4,Dermatology,AllerVet RX,DRM-ALLERVET-R-S,Veterinary,Region,South,33888,1829957.21,0.96
zoetis_vet_internal,2024-10,2024-Q4,Dermatology,Apoquel,DRM-APOQUEL-L,Veterinary,Region,South,47055,3058578.22,0.96
zoetis_vet_internal,2024-10,2024-Q4,Dermatology,Apoquel,DRM-APOQUEL-S,Veterinary,Region,South,60850,3955258.62,0.96
zoetis_vet_internal,2024-10,2024-Q4,Vaccines,BioShield Vax,VAC-BIOSHIELD--L,Veterinary,Region,South,53600,1071999.3,0.96
zoetis_vet_internal,2024-10,2024-Q4,Vaccines,BioShield Vax,VAC-BIOSHIELD--S,Veterinary,Region,South,76137,1522734.42,0.96
zoetis_vet_internal,2024-10,2024-Q4,Dermatology,DermaCalm,DRM-DERMACALM-L,Veterinary,Region,South,26921,1561415.22,0.96
zoetis_vet_internal,2024-10,2024-Q4,Dermatology,DermaCalm,DRM-DERMACALM-S,Veterinary,Region,South,35756,2073844.68,0.96
zoetis_vet_internal,2024-10,2024-Q4,Petcare Diagnostics,DiagnosTech Vet,DIA-DIAGNOSTEC-L,Veterinary,Region,South,80407,1366915.76,0.96
zoetis_vet_internal,2024-10,2024-Q4,Petcare Diagnostics,DiagnosTech Vet,DIA-DIAGNOSTEC-S,Veterinary,Region,South,111147,1889494.82,0.96
zoetis_vet_internal,2024-10,2024-Q4,Parasiticides,FleaStop Pro,PAR-FLEASTOP-P-L,Veterinary,Region,South,31067,652399.12,0.96
zoetis_vet_internal,2024-10,2024-Q4,Parasiticides,FleaStop Pro,PAR-FLEASTOP-P-S,Veterinary,Region,South,41677,875211.24,0.96
zoetis_vet_internal,2024-10,2024-Q4,Pain/Osteoarthritis,FlexiCare Joint,PAN-FLEXICARE--L,Veterinary,Region,South,22219,977625.66,0.96
zoetis_vet_internal,2024-10,2024-Q4,Pain/Osteoarthritis,FlexiCare Joint,PAN-FLEXICARE--S,Veterinary,Region,South,30064,1322824.6,0.96
zoetis_vet_internal,2024-10,2024-Q4,Vaccines,ImmunoCore Canine,VAC-IMMUNOCORE-L,Veterinary,Region,South,64765,1360055.03,0.96
zoetis_vet_internal,2024-10,2024-Q4,Vaccines,ImmunoCore Canine,VAC-IMMUNOCORE-S,Veterinary,Region,South,89283,1874945.59,0.96
zoetis_vet_internal,2024-10,2024-Q4,Pain/Osteoarthritis,Librela,PAN-LIBRELA-L,Veterinary,Region,South,26073,1251505.0,0.96
zoetis_vet_internal,2024-10,2024-Q4,Pain/Osteoarthritis,Librela,PAN-LIBRELA-S,Veterinary,Region,South,36885,1770462.44,0.96
zoetis_vet_internal,2024-10,2024-Q4,Pain/Osteoarthritis,OsteoEase Vet,PAN-OSTEOEASE--L,Veterinary,Region,South,21314,873884.47,0.96
zoetis_vet_internal,2024-10,2024-Q4,Pain/Osteoarthritis,OsteoEase Vet,PAN-OSTEOEASE--S,Veterinary,Region,South,29407,1205696.74,0.96
zoetis_vet_internal,2024-10,2024-Q4,Pain/Osteoarthritis,PainAway Canine,PAN-PAINAWAY-C-L,Veterinary,Region,South,19245,712056.33,0.96
zoetis_vet_internal,2024-10,2024-Q4,Pain/Osteoarthritis,PainAway Canine,PAN-PAINAWAY-C-S,Veterinary,Region,South,26743,989497.29,0.96
zoetis_vet_internal,2024-10,2024-Q4,Petcare Diagnostics,PetLab Analyzer,DIA-PETLAB-ANA-L,Veterinary,Region,South,45014,675205.88,0.96
zoetis_vet_internal,2024-10,2024-Q4,Petcare Diagnostics,PetLab Analyzer,DIA-PETLAB-ANA-S,Veterinary,Region,South,62002,930025.84,0.96
zoetis_vet_internal,2024-10,2024-Q4,Petcare Diagnostics,RapidVet Dx,DIA-RAPIDVET-D-L,Veterinary,Region,South,74095,1185513.39,0.96
zoetis_vet_internal,2024-10,2024-Q4,Petcare Diagnostics,RapidVet Dx,DIA-RAPIDVET-D-S,Veterinary,Region,South,100760,1612162.74,0.96
zoetis_vet_internal,2024-10,2024-Q4,Parasiticides,Simparica Trio,PAR-SIMPARICA--L,Veterinary,Region,South,60956,1706779.55,0.96
zoetis_vet_internal,2024-10,2024-Q4,Parasiticides,Simparica Trio,PAR-SIMPARICA--S,Veterinary,Region,South,81045,2269246.26,0.96
zoetis_vet_internal,2024-10,2024-Q4,Dermatology,SkinRelief Pro,DRM-SKINRELIEF-L,Veterinary,Region,South,22254,1090446.21,0.96
zoetis_vet_internal,2024-10,2024-Q4,Dermatology,SkinRelief Pro,DRM-SKINRELIEF-S,Veterinary,Region,South,30573,1498101.44,0.96
zoetis_vet_internal,2024-10,2024-Q4,Parasiticides,TickShield Plus,PAR-TICKSHIELD-L,Veterinary,Region,South,35529,852690.68,0.96
zoetis_vet_internal,2024-10,2024-Q4,Parasiticides,TickShield Plus,PAR-TICKSHIELD-S,Veterinary,Region,South,48972,1175335.95,0.96
zoetis_vet_internal,2024-10,2024-Q4,Vaccines,Vanguard,VAC-VANGUARD-L,Veterinary,Region,South,78464,1726198.95,0.96
zoetis_vet_internal,2024-10,2024-Q4,Vaccines,Vanguard,VAC-VANGUARD-S,Veterinary,Region,South,108801,2393632.18,0.96
zoetis_vet_internal,2024-10,2024-Q4,Parasiticides,VectraGuard,PAR-VECTRAGUAR-L,Veterinary,Region,South,40355,1049237.2,0.96
zoetis_vet_internal,2024-10,2024-Q4,Parasiticides,VectraGuard,PAR-VECTRAGUAR-S,Veterinary,Region,South,56727,1474912.23,0.96
zoetis_vet_internal,2024-10,2024-Q4,Vaccines,VetGuard Immunize,VAC-VETGUARD-I-L,Veterinary,Region,South,50809,965369.63,0.96
zoetis_vet_internal,2024-10,2024-Q4,Vaccines,VetGuard Immunize,VAC-VETGUARD-I-S,Veterinary,Region,South,69604,1322469.66,0.96
zoetis_vet_internal,2024-10,2024-Q4,Vaccines,VetSelect Core Vax,VAC-VETSELECT--L,Veterinary,Region,South,45759,640621.94,0.96
zoetis_vet_internal,2024-10,2024-Q4,Vaccines,VetSelect Core Vax,VAC-VETSELECT--S,Veterinary,Region,South,65234,913276.98,0.96
zoetis_vet_internal,2024-10,2024-Q4,Dermatology,VetSelect Derma,DRM-VETSELECT--L,Veterinary,Region,South,19010,722366.97,0.96
zoetis_vet_internal,2024-10,2024-Q4,Dermatology,VetSelect Derma,DRM-VETSELECT--S,Veterinary,Region,South,26167,994336.84,0.96
zoetis_vet_internal,2024-10,2024-Q4,Petcare Diagnostics,VetSelect Dx,DIA-VETSELECT--L,Veterinary,Region,South,36679,440144.97,0.96
zoetis_vet_internal,2024-10,2024-Q4,Petcare Diagnostics,VetSelect Dx,DIA-VETSELECT--S,Veterinary,Region,South,47884,574611.65,0.96
zoetis_vet_internal,2024-10,2024-Q4,Parasiticides,VetSelect Flea & Tick,PAR-VETSELECT--L,Veterinary,Region,South,30935,525889.71,0.96
zoetis_vet_internal,2024-10,2024-Q4,Parasiticides,VetSelect Flea & Tick,PAR-VETSELECT--S,Veterinary,Region,South,41820,710941.33,0.96
zoetis_vet_internal,2024-10,2024-Q4,Pain/Osteoarthritis,VetSelect Joint,PAN-VETSELECT--L,Veterinary,Region,South,17779,515584.77,0.96
zoetis_vet_internal,2024-10,2024-Q4,Pain/Osteoarthritis,VetSelect Joint,PAN-VETSELECT--S,Veterinary,Region,South,23880,692531.4,0.96
zoetis_vet_internal,2024-10,2024-Q4,Petcare Diagnostics,Vetscan,DIA-VETSCAN-L,Veterinary,Region,South,92723,1669007.04,0.96
zoetis_vet_internal,2024-10,2024-Q4,Petcare Diagnostics,Vetscan,DIA-VETSCAN-S,Veterinary,Region,South,129622,2333201.0,0.96
zoetis_vet_internal,2024-10,2024-Q4,Dermatology,AllerVet RX,DRM-ALLERVET-R-L,Veterinary,Region,West,17098,923277.19,0.96
zoetis_vet_internal,2024-10,2024-Q4,Dermatology,AllerVet RX,DRM-ALLERVET-R-S,Veterinary,Region,West,24046,1298477.46,0.96
zoetis_vet_internal,2024-10,2024-Q4,Dermatology,Apoquel,DRM-APOQUEL-L,Veterinary,Region,West,31227,2029753.93,0.96
zoetis_vet_internal,2024-10,2024-Q4,Dermatology,Apoquel,DRM-APOQUEL-S,Veterinary,Region,West,42550,2765723.18,0.96
zoetis_vet_internal,2024-10,2024-Q4,Vaccines,BioShield Vax,VAC-BIOSHIELD--L,Veterinary,Region,West,39145,782897.11,0.96
zoetis_vet_internal,2024-10,2024-Q4,Vaccines,BioShield Vax,VAC-BIOSHIELD--S,Veterinary,Region,West,52466,1049314.53,0.96
zoetis_vet_internal,2024-10,2024-Q4,Dermatology,DermaCalm,DRM-DERMACALM-L,Veterinary,Region,West,19018,1103065.64,0.96
zoetis_vet_internal,2024-10,2024-Q4,Dermatology,DermaCalm,DRM-DERMACALM-S,Veterinary,Region,West,27265,1581342.88,0.96
zoetis_vet_internal,2024-10,2024-Q4,Petcare Diagnostics,DiagnosTech Vet,DIA-DIAGNOSTEC-L,Veterinary,Region,West,56665,963307.48,0.96
zoetis_vet_internal,2024-10,2024-Q4,Petcare Diagnostics,DiagnosTech Vet,DIA-DIAGNOSTEC-S,Veterinary,Region,West,74758,1270878.2,0.96
zoetis_vet_internal,2024-10,2024-Q4,Parasiticides,FleaStop Pro,PAR-FLEASTOP-P-L,Veterinary,Region,West,20772,436213.37,0.96
zoetis_vet_internal,2024-10,2024-Q4,Parasiticides,FleaStop Pro,PAR-FLEASTOP-P-S,Veterinary,Region,West,29505,619607.56,0.96
zoetis_vet_internal,2024-10,2024-Q4,Pain/Osteoarthritis,FlexiCare Joint,PAN-FLEXICARE--L,Veterinary,Region,West,16222,713746.58,0.96
zoetis_vet_internal,2024-10,2024-Q4,Pain/Osteoarthritis,FlexiCare Joint,PAN-FLEXICARE--S,Veterinary,Region,West,20999,923950.19,0.96
zoetis_vet_internal,2024-10,2024-Q4,Vaccines,ImmunoCore Canine,VAC-IMMUNOCORE-L,Veterinary,Region,West,44911,943130.6,0.96
zoetis_vet_internal,2024-10,2024-Q4,Vaccines,ImmunoCore Canine,VAC-IMMUNOCORE-S,Veterinary,Region,West,60650,1273654.11,0.96
zoetis_vet_internal,2024-10,2024-Q4,Pain/Osteoarthritis,Librela,PAN-LIBRELA-L,Veterinary,Region,West,17738,851416.09,0.96
zoetis_vet_internal,2024-10,2024-Q4,Pain/Osteoarthritis,Librela,PAN-LIBRELA-S,Veterinary,Region,West,24341,1168360.42,0.96
zoetis_vet_internal,2024-10,2024-Q4,Pain/Osteoarthritis,OsteoEase Vet,PAN-OSTEOEASE--L,Veterinary,Region,West,14634,600014.37,0.96
zoetis_vet_internal,2024-10,2024-Q4,Pain/Osteoarthritis,OsteoEase Vet,PAN-OSTEOEASE--S,Veterinary,Region,West,19448,797356.21,0.96
zoetis_vet_internal,2024-10,2024-Q4,Pain/Osteoarthritis,PainAway Canine,PAN-PAINAWAY-C-L,Veterinary,Region,West,12530,463611.11,0.96
zoetis_vet_internal,2024-10,2024-Q4,Pain/Osteoarthritis,PainAway Canine,PAN-PAINAWAY-C-S,Veterinary,Region,West,17514,648017.14,0.96
zoetis_vet_internal,2024-10,2024-Q4,Petcare Diagnostics,PetLab Analyzer,DIA-PETLAB-ANA-L,Veterinary,Region,West,31658,474865.99,0.96
zoetis_vet_internal,2024-10,2024-Q4,Petcare Diagnostics,PetLab Analyzer,DIA-PETLAB-ANA-S,Veterinary,Region,West,42945,644172.94,0.96
zoetis_vet_internal,2024-10,2024-Q4,Petcare Diagnostics,RapidVet Dx,DIA-RAPIDVET-D-L,Veterinary,Region,West,50149,802383.36,0.96
zoetis_vet_internal,2024-10,2024-Q4,Petcare Diagnostics,RapidVet Dx,DIA-RAPIDVET-D-S,Veterinary,Region,West,69116,1105860.0,0.96
zoetis_vet_internal,2024-10,2024-Q4,Parasiticides,Simparica Trio,PAR-SIMPARICA--L,Veterinary,Region,West,39106,1094966.94,0.96
zoetis_vet_internal,2024-10,2024-Q4,Parasiticides,Simparica Trio,PAR-SIMPARICA--S,Veterinary,Region,West,54340,1521509.29,0.96
zoetis_vet_internal,2024-10,2024-Q4,Dermatology,SkinRelief Pro,DRM-SKINRELIEF-L,Veterinary,Region,West,16273,797357.09,0.96
zoetis_vet_internal,2024-10,2024-Q4,Dermatology,SkinRelief Pro,DRM-SKINRELIEF-S,Veterinary,Region,West,22018,1078868.91,0.96
zoetis_vet_internal,2024-10,2024-Q4,Parasiticides,TickShield Plus,PAR-TICKSHIELD-L,Veterinary,Region,West,23507,564162.37,0.96
zoetis_vet_internal,2024-10,2024-Q4,Parasiticides,TickShield Plus,PAR-TICKSHIELD-S,Veterinary,Region,West,33395,801475.22,0.96
zoetis_vet_internal,2024-10,2024-Q4,Vaccines,Vanguard,VAC-VANGUARD-L,Veterinary,Region,West,54024,1188518.87,0.96
zoetis_vet_internal,2024-10,2024-Q4,Vaccines,Vanguard,VAC-VANGUARD-S,Veterinary,Region,West,76318,1678985.36,0.96
zoetis_vet_internal,2024-10,2024-Q4,Parasiticides,VectraGuard,PAR-VECTRAGUAR-L,Veterinary,Region,West,28991,753755.22,0.96
zoetis_vet_internal,2024-10,2024-Q4,Parasiticides,VectraGuard,PAR-VECTRAGUAR-S,Veterinary,Region,West,40532,1053821.95,0.96
zoetis_vet_internal,2024-10,2024-Q4,Vaccines,VetGuard Immunize,VAC-VETGUARD-I-L,Veterinary,Region,West,34062,647178.96,0.96
zoetis_vet_internal,2024-10,2024-Q4,Vaccines,VetGuard Immunize,VAC-VETGUARD-I-S,Veterinary,Region,West,47295,898599.96,0.96
zoetis_vet_internal,2024-10,2024-Q4,Vaccines,VetSelect Core Vax,VAC-VETSELECT--L,Veterinary,Region,West,31839,445739.12,0.96
zoetis_vet_internal,2024-10,2024-Q4,Vaccines,VetSelect Core Vax,VAC-VETSELECT--S,Veterinary,Region,West,43847,613855.94,0.96
zoetis_vet_internal,2024-10,2024-Q4,Dermatology,VetSelect Derma,DRM-VETSELECT--L,Veterinary,Region,West,12860,488668.02,0.96
zoetis_vet_internal,2024-10,2024-Q4,Dermatology,VetSelect Derma,DRM-VETSELECT--S,Veterinary,Region,West,17710,672984.28,0.96
zoetis_vet_internal,2024-10,2024-Q4,Petcare Diagnostics,VetSelect Dx,DIA-VETSELECT--L,Veterinary,Region,West,24252,291024.21,0.96
zoetis_vet_internal,2024-10,2024-Q4,Petcare Diagnostics,VetSelect Dx,DIA-VETSELECT--S,Veterinary,Region,West,32347,388165.47,0.96
zoetis_vet_internal,2024-10,2024-Q4,Parasiticides,VetSelect Flea & Tick,PAR-VETSELECT--L,Veterinary,Region,West,20430,347304.37,0.96
zoetis_vet_internal,2024-10,2024-Q4,Parasiticides,VetSelect Flea & Tick,PAR-VETSELECT--S,Veterinary,Region,West,28198,479363.98,0.96
zoetis_vet_internal,2024-10,2024-Q4,Pain/Osteoarthritis,VetSelect Joint,PAN-VETSELECT--L,Veterinary,Region,West,11880,344531.49,0.96
zoetis_vet_internal,2024-10,2024-Q4,Pain/Osteoarthritis,VetSelect Joint,PAN-VETSELECT--S,Veterinary,Region,West,16135,467906.32,0.96
zoetis_vet_internal,2024-10,2024-Q4,Petcare Diagnostics,Vetscan,DIA-VETSCAN-L,Veterinary,Region,West,65012,1170216.86,0.96
zoetis_vet_internal,2024-10,2024-Q4,Petcare Diagnostics,Vetscan,DIA-VETSCAN-S,Veterinary,Region,West,92769,1669849.56,0.96
zoetis_vet_internal,2024-11,2024-Q4,Dermatology,AllerVet RX,DRM-ALLERVET-R-L,Veterinary,National,National,68913,3721316.15,0.96
zoetis_vet_internal,2024-11,2024-Q4,Dermatology,AllerVet RX,DRM-ALLERVET-R-S,Veterinary,National,National,94597,5108219.52,0.96
zoetis_vet_internal,2024-11,2024-Q4,Dermatology,Apoquel,DRM-APOQUEL-L,Veterinary,National,National,124196,8072728.08,0.96
zoetis_vet_internal,2024-11,2024-Q4,Dermatology,Apoquel,DRM-APOQUEL-S,Veterinary,National,National,171423,11142553.88,0.96
zoetis_vet_internal,2024-11,2024-Q4,Vaccines,BioShield Vax,VAC-BIOSHIELD--L,Veterinary,National,National,162994,3259867.13,0.96
zoetis_vet_internal,2024-11,2024-Q4,Vaccines,BioShield Vax,VAC-BIOSHIELD--S,Veterinary,National,National,222333,4446639.48,0.96
zoetis_vet_internal,2024-11,2024-Q4,Dermatology,DermaCalm,DRM-DERMACALM-L,Veterinary,National,National,73523,4264379.27,0.96
zoetis_vet_internal,2024-11,2024-Q4,Dermatology,DermaCalm,DRM-DERMACALM-S,Veterinary,National,National,100852,5849416.22,0.96
zoetis_vet_internal,2024-11,2024-Q4,Petcare Diagnostics,DiagnosTech Vet,DIA-DIAGNOSTEC-L,Veterinary,National,National,231011,3927191.68,0.96
zoetis_vet_internal,2024-11,2024-Q4,Petcare Diagnostics,DiagnosTech Vet,DIA-DIAGNOSTEC-S,Veterinary,National,National,326113,5543924.44,0.96
zoetis_vet_internal,2024-11,2024-Q4,Parasiticides,FleaStop Pro,PAR-FLEASTOP-P-L,Veterinary,National,National,74275,1559804.5,0.96
zoetis_vet_internal,2024-11,2024-Q4,Parasiticides,FleaStop Pro,PAR-FLEASTOP-P-S,Veterinary,National,National,102026,2142537.41,0.96
zoetis_vet_internal,2024-11,2024-Q4,Pain/Osteoarthritis,FlexiCare Joint,PAN-FLEXICARE--L,Veterinary,National,National,72057,3170519.57,0.96
zoetis_vet_internal,2024-11,2024-Q4,Pain/Osteoarthritis,FlexiCare Joint,PAN-FLEXICARE--S,Veterinary,National,National,99346,4371219.94,0.96
zoetis_vet_internal,2024-11,2024-Q4,Vaccines,ImmunoCore Canine,VAC-IMMUNOCORE-L,Veterinary,National,National,195078,4096649.12,0.96
zoetis_vet_internal,2024-11,2024-Q4,Vaccines,ImmunoCore Canine,VAC-IMMUNOCORE-S,Veterinary,National,National,265388,5573126.1,0.96
zoetis_vet_internal,2024-11,2024-Q4,Pain/Osteoarthritis,Librela,PAN-LIBRELA-L,Veterinary,National,National,82920,3980179.49,0.96
zoetis_vet_internal,2024-11,2024-Q4,Pain/Osteoarthritis,Librela,PAN-LIBRELA-S,Veterinary,National,National,114121,5477820.83,0.96
zoetis_vet_internal,2024-11,2024-Q4,Pain/Osteoarthritis,OsteoEase Vet,PAN-OSTEOEASE--L,Veterinary,National,National,66856,2741090.47,0.96
zoetis_vet_internal,2024-11,2024-Q4,Pain/Osteoarthritis,OsteoEase Vet,PAN-OSTEOEASE--S,Veterinary,National,National,90274,3701209.98,0.96
zoetis_vet_internal,2024-11,2024-Q4,Pain/Osteoarthritis,PainAway Canine,PAN-PAINAWAY-C-L,Veterinary,National,National,58176,2152510.93,0.96
zoetis_vet_internal,2024-11,2024-Q4,Pain/Osteoarthritis,PainAway Canine,PAN-PAINAWAY-C-S,Veterinary,National,National,81002,2997077.5,0.96
zoetis_vet_internal,2024-11,2024-Q4,Petcare Diagnostics,PetLab Analyzer,DIA-PETLAB-ANA-L,Veterinary,National,National,137220,2058303.8,0.96
zoetis_vet_internal,2024-11,2024-Q4,Petcare Diagnostics,PetLab Analyzer,DIA-PETLAB-ANA-S,Veterinary,National,National,187121,2806808.92,0.96
zoetis_vet_internal,2024-11,2024-Q4,Petcare Diagnostics,RapidVet Dx,DIA-RAPIDVET-D-L,Veterinary,National,National,217054,3472864.22,0.96
zoetis_vet_internal,2024-11,2024-Q4,Petcare Diagnostics,RapidVet Dx,DIA-RAPIDVET-D-S,Veterinary,National,National,303799,4860801.18,0.96
zoetis_vet_internal,2024-11,2024-Q4,Parasiticides,Simparica Trio,PAR-SIMPARICA--L,Veterinary,National,National,154628,4329583.1,0.96
zoetis_vet_internal,2024-11,2024-Q4,Parasiticides,Simparica Trio,PAR-SIMPARICA--S,Veterinary,National,National,214092,5994591.12,0.96
zoetis_vet_internal,2024-11,2024-Q4,Dermatology,SkinRelief Pro,DRM-SKINRELIEF-L,Veterinary,National,National,60157,2947721.59,0.96
zoetis_vet_internal,2024-11,2024-Q4,Dermatology,SkinRelief Pro,DRM-SKINRELIEF-S,Veterinary,National,National,83363,4084781.7,0.96
zoetis_vet_internal,2024-11,2024-Q4,Parasiticides,TickShield Plus,PAR-TICKSHIELD-L,Veterinary,National,National,84529,2028712.17,0.96
zoetis_vet_internal,2024-11,2024-Q4,Parasiticides,TickShield Plus,PAR-TICKSHIELD-S,Veterinary,National,National,119395,2865503.32,0.96
zoetis_vet_internal,2024-11,2024-Q4,Vaccines,Vanguard,VAC-VANGUARD-L,Veterinary,National,National,226531,4983681.04,0.96
zoetis_vet_internal,2024-11,2024-Q4,Vaccines,Vanguard,VAC-VANGUARD-S,Veterinary,National,National,315668,6944687.42,0.96
zoetis_vet_internal,2024-11,2024-Q4,Parasiticides,VectraGuard,PAR-VECTRAGUAR-L,Veterinary,National,National,103703,2696284.32,0.96
zoetis_vet_internal,2024-11,2024-Q4,Parasiticides,VectraGuard,PAR-VECTRAGUAR-S,Veterinary,National,National,139711,3632466.03,0.96
zoetis_vet_internal,2024-11,2024-Q4,Vaccines,VetGuard Immunize,VAC-VETGUARD-I-L,Veterinary,National,National,142420,2705979.91,0.96
zoetis_vet_internal,2024-11,2024-Q4,Vaccines,VetGuard Immunize,VAC-VETGUARD-I-S,Veterinary,National,National,194416,3693877.92,0.96
zoetis_vet_internal,2024-11,2024-Q4,Vaccines,VetSelect Core Vax,VAC-VETSELECT--L,Veterinary,National,National,130290,1824062.33,0.96
zoetis_vet_internal,2024-11,2024-Q4,Vaccines,VetSelect Core Vax,VAC-VETSELECT--S,Veterinary,National,National,185973,2603633.6,0.96
zoetis_vet_internal,2024-11,2024-Q4,Dermatology,VetSelect Derma,DRM-VETSELECT--L,Veterinary,National,National,50417,1915844.17,0.96
zoetis_vet_internal,2024-11,2024-Q4,Dermatology,VetSelect Derma,DRM-VETSELECT--S,Veterinary,National,National,68940,2619749.14,0.96
zoetis_vet_internal,2024-11,2024-Q4,Petcare Diagnostics,VetSelect Dx,DIA-VETSELECT--L,Veterinary,National,National,105073,1260872.55,0.96
zoetis_vet_internal,2024-11,2024-Q4,Petcare Diagnostics,VetSelect Dx,DIA-VETSELECT--S,Veterinary,National,National,145237,1742843.64,0.96
zoetis_vet_internal,2024-11,2024-Q4,Parasiticides,VetSelect Flea & Tick,PAR-VETSELECT--L,Veterinary,National,National,70405,1196879.73,0.96
zoetis_vet_internal,2024-11,2024-Q4,Parasiticides,VetSelect Flea & Tick,PAR-VETSELECT--S,Veterinary,National,National,98082,1667387.99,0.96
zoetis_vet_internal,2024-11,2024-Q4,Pain/Osteoarthritis,VetSelect Joint,PAN-VETSELECT--L,Veterinary,National,National,57848,1677590.27,0.96
zoetis_vet_internal,2024-11,2024-Q4,Pain/Osteoarthritis,VetSelect Joint,PAN-VETSELECT--S,Veterinary,National,National,79578,2307776.61,0.96
zoetis_vet_internal,2024-11,2024-Q4,Petcare Diagnostics,Vetscan,DIA-VETSCAN-L,Veterinary,National,National,279839,5037091.59,0.96
zoetis_vet_internal,2024-11,2024-Q4,Petcare Diagnostics,Vetscan,DIA-VETSCAN-S,Veterinary,National,National,390388,7026985.58,0.96
zoetis_vet_internal,2024-11,2024-Q4,Dermatology,AllerVet RX,DRM-ALLERVET-R-L,Veterinary,Region,Midwest,14094,761060.0,0.96
zoetis_vet_internal,2024-11,2024-Q4,Dermatology,AllerVet RX,DRM-ALLERVET-R-S,Veterinary,Region,Midwest,18941,1022794.14,0.96
zoetis_vet_internal,2024-11,2024-Q4,Dermatology,Apoquel,DRM-APOQUEL-L,Veterinary,Region,Midwest,23985,1558999.54,0.96
zoetis_vet_internal,2024-11,2024-Q4,Dermatology,Apoquel,DRM-APOQUEL-S,Veterinary,Region,Midwest,34314,2230416.59,0.96
zoetis_vet_internal,2024-11,2024-Q4,Vaccines,BioShield Vax,VAC-BIOSHIELD--L,Veterinary,Region,Midwest,32664,653271.45,0.96
zoetis_vet_internal,2024-11,2024-Q4,Vaccines,BioShield Vax,VAC-BIOSHIELD--S,Veterinary,Region,Midwest,45790,915799.7,0.96
zoetis_vet_internal,2024-11,2024-Q4,Dermatology,DermaCalm,DRM-DERMACALM-L,Veterinary,Region,Midwest,15805,916708.33,0.96
zoetis_vet_internal,2024-11,2024-Q4,Dermatology,DermaCalm,DRM-DERMACALM-S,Veterinary,Region,Midwest,21057,1221309.3,0.96
zoetis_vet_internal,2024-11,2024-Q4,Petcare Diagnostics,DiagnosTech Vet,DIA-DIAGNOSTEC-L,Veterinary,Region,Midwest,47651,810064.16,0.96
zoetis_vet_internal,2024-11,2024-Q4,Petcare Diagnostics,DiagnosTech Vet,DIA-DIAGNOSTEC-S,Veterinary,Region,Midwest,65780,1118267.26,0.96
zoetis_vet_internal,2024-11,2024-Q4,Parasiticides,FleaStop Pro,PAR-FLEASTOP-P-L,Veterinary,Region,Midwest,15498,325465.53,0.96
zoetis_vet_internal,2024-11,2024-Q4,Parasiticides,FleaStop Pro,PAR-FLEASTOP-P-S,Veterinary,Region,Midwest,21434,450113.25,0.96
zoetis_vet_internal,2024-11,2024-Q4,Pain/Osteoarthritis,FlexiCare Joint,PAN-FLEXICARE--L,Veterinary,Region,Midwest,14490,637563.22,0.96
zoetis_vet_internal,2024-11,2024-Q4,Pain/Osteoarthritis,FlexiCare Joint,PAN-FLEXICARE--S,Veterinary,Region,Midwest,20554,904371.92,0.96
zoetis_vet_internal,2024-11,2024-Q4,Vaccines,ImmunoCore Canine,VAC-IMMUNOCORE-L,Veterinary,Region,Midwest,39445,828352.36,0.96
zoetis_vet_internal,2024-11,2024-Q4,Vaccines,ImmunoCore Canine,VAC-IMMUNOCORE-S,Veterinary,Region,Midwest,54970,1154362.35,0.96
zoetis_vet_internal,2024-11,2024-Q4,Pain/Osteoarthritis,Librela,PAN-LIBRELA-L,Veterinary,Region,Midwest,16710,802092.0,0.96
zoetis_vet_internal,2024-11,2024-Q4,Pain/Osteoarthritis,Librela,PAN-LIBRELA-S,Veterinary,Region,Midwest,22730,1091043.49,0.96
zoetis_vet_internal,2024-11,2024-Q4,Pain/Osteoarthritis,OsteoEase Vet,PAN-OSTEOEASE--L,Veterinary,Region,Midwest,13529,554704.85,0.96
zoetis_vet_internal,2024-11,2024-Q4,Pain/Osteoarthritis,OsteoEase Vet,PAN-OSTEOEASE--S,Veterinary,Region,Midwest,18592,762252.14,0.96
zoetis_vet_internal,2024-11,2024-Q4,Pain/Osteoarthritis,PainAway Canine,PAN-PAINAWAY-C-L,Veterinary,Region,Midwest,11482,424825.36,0.96
zoetis_vet_internal,2024-11,2024-Q4,Pain/Osteoarthritis,PainAway Canine,PAN-PAINAWAY-C-S,Veterinary,Region,Midwest,15651,579069.22,0.96
zoetis_vet_internal,2024-11,2024-Q4,Petcare Diagnostics,PetLab Analyzer,DIA-PETLAB-ANA-L,Veterinary,Region,Midwest,28920,433800.02,0.96
zoetis_vet_internal,2024-11,2024-Q4,Petcare Diagnostics,PetLab Analyzer,DIA-PETLAB-ANA-S,Veterinary,Region,Midwest,40235,603525.35,0.96
zoetis_vet_internal,2024-11,2024-Q4,Petcare Diagnostics,RapidVet Dx,DIA-RAPIDVET-D-L,Veterinary,Region,Midwest,47057,752910.19,0.96
zoetis_vet_internal,2024-11,2024-Q4,Petcare Diagnostics,RapidVet Dx,DIA-RAPIDVET-D-S,Veterinary,Region,Midwest,68011,1088183.77,0.96
zoetis_vet_internal,2024-11,2024-Q4,Parasiticides,Simparica Trio,PAR-SIMPARICA--L,Veterinary,Region,Midwest,33702,943662.17,0.96
zoetis_vet_internal,2024-11,2024-Q4,Parasiticides,Simparica Trio,PAR-SIMPARICA--S,Veterinary,Region,Midwest,46150,1292206.45,0.96
zoetis_vet_internal,2024-11,2024-Q4,Dermatology,SkinRelief Pro,DRM-SKINRELIEF-L,Veterinary,Region,Midwest,12626,618679.08,0.96
zoetis_vet_internal,2024-11,2024-Q4,Dermatology,SkinRelief Pro,DRM-SKINRELIEF-S,Veterinary,Region,Midwest,17822,873297.18,0.96
zoetis_vet_internal,2024-11,2024-Q4,Parasiticides,TickShield Plus,PAR-TICKSHIELD-L,Veterinary,Region,Midwest,17350,416399.08,0.96
zoetis_vet_internal,2024-11,2024-Q4,Parasiticides,TickShield Plus,PAR-TICKSHIELD-S,Veterinary,Region,Midwest,25323,607758.47,0.96
zoetis_vet_internal,2024-11,2024-Q4,Vaccines,Vanguard,VAC-VANGUARD-L,Veterinary,Region,Midwest,46897,1031744.05,0.96
zoetis_vet_internal,2024-11,2024-Q4,Vaccines,Vanguard,VAC-VANGUARD-S,Veterinary,Region,Midwest,63927,1406397.22,0.96
zoetis_vet_internal,2024-11,2024-Q4,Parasiticides,VectraGuard,PAR-VECTRAGUAR-L,Veterinary,Region,Midwest,22159,576125.84,0.96
zoetis_vet_internal,2024-11,2024-Q4,Parasiticides,VectraGuard,PAR-VECTRAGUAR-S,Veterinary,Region,Midwest,29758,773704.21,0.96
zoetis_vet_internal,2024-11,2024-Q4,Vaccines,VetGuard Immunize,VAC-VETGUARD-I-L,Veterinary,Region,Midwest,29473,559980.18,0.96
zoetis_vet_internal,2024-11,2024-Q4,Vaccines,VetGuard Immunize,VAC-VETGUARD-I-S,Veterinary,Region,Midwest,42369,805001.67,0.96
zoetis_vet_internal,2024-11,2024-Q4,Vaccines,VetSelect Core Vax,VAC-VETSELECT--L,Veterinary,Region,Midwest,29196,408743.69,0.96
zoetis_vet_internal,2024-11,2024-Q4,Vaccines,VetSelect Core Vax,VAC-VETSELECT--S,Veterinary,Region,Midwest,41442,580192.3,0.96
zoetis_vet_internal,2024-11,2024-Q4,Dermatology,VetSelect Derma,DRM-VETSELECT--L,Veterinary,Region,Midwest,11155,423888.15,0.96
zoetis_vet_internal,2024-11,2024-Q4,Dermatology,VetSelect Derma,DRM-VETSELECT--S,Veterinary,Region,Midwest,15802,600477.64,0.96
zoetis_vet_internal,2024-11,2024-Q4,Petcare Diagnostics,VetSelect Dx,DIA-VETSELECT--L,Veterinary,Region,Midwest,21768,261215.22,0.96
zoetis_vet_internal,2024-11,2024-Q4,Petcare Diagnostics,VetSelect Dx,DIA-VETSELECT--S,Veterinary,Region,Midwest,30762,369147.8,0.96
zoetis_vet_internal,2024-11,2024-Q4,Parasiticides,VetSelect Flea & Tick,PAR-VETSELECT--L,Veterinary,Region,Midwest,14978,254617.89,0.96
zoetis_vet_internal,2024-11,2024-Q4,Parasiticides,VetSelect Flea & Tick,PAR-VETSELECT--S,Veterinary,Region,Midwest,20810,353762.83,0.96
zoetis_vet_internal,2024-11,2024-Q4,Pain/Osteoarthritis,VetSelect Joint,PAN-VETSELECT--L,Veterinary,Region,Midwest,11696,339186.41,0.96
zoetis_vet_internal,2024-11,2024-Q4,Pain/Osteoarthritis,VetSelect Joint,PAN-VETSELECT--S,Veterinary,Region,Midwest,16082,466365.87,0.96
zoetis_vet_internal,2024-11,2024-Q4,Petcare Diagnostics,Vetscan,DIA-VETSCAN-L,Veterinary,Region,Midwest,57983,1043688.98,0.96
zoetis_vet_internal,2024-11,2024-Q4,Petcare Diagnostics,Vetscan,DIA-VETSCAN-S,Veterinary,Region,Midwest,79168,1425027.36,0.96
zoetis_vet_internal,2024-11,2024-Q4,Dermatology,AllerVet RX,DRM-ALLERVET-R-L,Veterinary,Region,Northeast,14619,789422.26,0.96
zoetis_vet_internal,2024-11,2024-Q4,Dermatology,AllerVet RX,DRM-ALLERVET-R-S,Veterinary,Region,Northeast,20646,1114883.55,0.96
zoetis_vet_internal,2024-11,2024-Q4,Dermatology,Apoquel,DRM-APOQUEL-L,Veterinary,Region,Northeast,27679,1799126.58,0.96
zoetis_vet_internal,2024-11,2024-Q4,Dermatology,Apoquel,DRM-APOQUEL-S,Veterinary,Region,Northeast,36071,2344639.93,0.96
zoetis_vet_internal,2024-11,2024-Q4,Vaccines,BioShield Vax,VAC-BIOSHIELD--L,Veterinary,Region,Northeast,36387,727742.35,0.96
zoetis_vet_internal,2024-11,2024-Q4,Vaccines,BioShield Vax,VAC-BIOSHIELD--S,Veterinary,Region,Northeast,48050,960994.4,0.96
zoetis_vet_internal,2024-11,2024-Q4,Dermatology,DermaCalm,DRM-DERMACALM-L,Veterinary,Region,Northeast,16153,936885.6,0.96
zoetis_vet_internal,2024-11,2024-Q4,Dermatology,DermaCalm,DRM-DERMACALM-S,Veterinary,Region,Northeast,22431,1300970.67,0.96
zoetis_vet_internal,2024-11,2024-Q4,Petcare Diagnostics,DiagnosTech Vet,DIA-DIAGNOSTEC-L,Veterinary,Region,Northeast,52254,888323.0,0.96
zoetis_vet_internal,2024-11,2024-Q4,Petcare Diagnostics,DiagnosTech Vet,DIA-DIAGNOSTEC-S,Veterinary,Region,Northeast,73949,1257133.56,0.96
zoetis_vet_internal,2024-11,2024-Q4,Parasiticides,FleaStop Pro,PAR-FLEASTOP-P-L,Veterinary,Region,Northeast,16393,344263.36,0.96
zoetis_vet_internal,2024-11,2024-Q4,Parasiticides,FleaStop Pro,PAR-FLEASTOP-P-S,Veterinary,Region,Northeast,22969,482350.68,0.96
zoetis_vet_internal,2024-11,2024-Q4,Pain/Osteoarthritis,FlexiCare Joint,PAN-FLEXICARE--L,Veterinary,Region,Northeast,15915,700277.46,0.96
zoetis_vet_internal,2024-11,2024-Q4,Pain/Osteoarthritis,FlexiCare Joint,PAN-FLEXICARE--S,Veterinary,Region,Northeast,22166,975306.76,0.96
zoetis_vet_internal,2024-11,2024-Q4,Vaccines,ImmunoCore Canine,VAC-IMMUNOCORE-L,Veterinary,Region,Northeast,42764,898035.29,0.96
zoetis_vet_internal,2024-11,2024-Q4,Vaccines,ImmunoCore Canine,VAC-IMMUNOCORE-S,Veterinary,Region,Northeast,59632,1252264.44,0.96
zoetis_vet_internal,2024-11,2024-Q4,Pain/Osteoarthritis,Librela,PAN-LIBRELA-L,Veterinary,Region,Northeast,18238,875434.22,0.96
zoetis_vet_internal,2024-11,2024-Q4,Pain/Osteoarthritis,Librela,PAN-LIBRELA-S,Veterinary,Region,Northeast,24631,1182276.26,0.96
zoetis_vet_internal,2024-11,2024-Q4,Pain/Osteoarthritis,OsteoEase Vet,PAN-OSTEOEASE--L,Veterinary,Region,Northeast,15529,636678.0,0.96
zoetis_vet_internal,2024-11,2024-Q4,Pain/Osteoarthritis,OsteoEase Vet,PAN-OSTEOEASE--S,Veterinary,Region,Northeast,21381,876638.66,0.96
zoetis_vet_internal,2024-11,2024-Q4,Pain/Osteoarthritis,PainAway Canine,PAN-PAINAWAY-C-L,Veterinary,Region,Northeast,13112,485134.0,0.96
zoetis_vet_internal,2024-11,2024-Q4,Pain/Osteoarthritis,PainAway Canine,PAN-PAINAWAY-C-S,Veterinary,Region,Northeast,18133,670934.64,0.96
zoetis_vet_internal,2024-11,2024-Q4,Petcare Diagnostics,PetLab Analyzer,DIA-PETLAB-ANA-L,Veterinary,Region,Northeast,30012,450183.52,0.96
zoetis_vet_internal,2024-11,2024-Q4,Petcare Diagnostics,PetLab Analyzer,DIA-PETLAB-ANA-S,Veterinary,Region,Northeast,40597,608958.45,0.96
zoetis_vet_internal,2024-11,2024-Q4,Petcare Diagnostics,RapidVet Dx,DIA-RAPIDVET-D-L,Veterinary,Region,Northeast,46860,749759.77,0.96
zoetis_vet_internal,2024-11,2024-Q4,Petcare Diagnostics,RapidVet Dx,DIA-RAPIDVET-D-S,Veterinary,Region,Northeast,66317,1061074.56,0.96
zoetis_vet_internal,2024-11,2024-Q4,Parasiticides,Simparica Trio,PAR-SIMPARICA--L,Veterinary,Region,Northeast,34183,957119.14,0.96
zoetis_vet_internal,2024-11,2024-Q4,Parasiticides,Simparica Trio,PAR-SIMPARICA--S,Veterinary,Region,Northeast,46497,1301912.52,0.96
zoetis_vet_internal,2024-11,2024-Q4,Dermatology,SkinRelief Pro,DRM-SKINRELIEF-L,Veterinary,Region,Northeast,13050,639470.62,0.96
zoetis_vet_internal,2024-11,2024-Q4,Dermatology,SkinRelief Pro,DRM-SKINRELIEF-S,Veterinary,Region,Northeast,18466,904834.83,0.96
zoetis_vet_internal,2024-11,2024-Q4,Parasiticides,TickShield Plus,PAR-TICKSHIELD-L,Veterinary,Region,Northeast,19093,458229.31,0.96
zoetis_vet_internal,2024-11,2024-Q4,Parasiticides,TickShield Plus,PAR-TICKSHIELD-S,Veterinary,Region,Northeast,27001,648033.17,0.96
zoetis_vet_internal,2024-11,2024-Q4,Vaccines,Vanguard,VAC-VANGUARD-L,Veterinary,Region,Northeast,50302,1106648.46,0.96
zoetis_vet_internal,2024-11,2024-Q4,Vaccines,Vanguard,VAC-VANGUARD-S,Veterinary,Region,Northeast,70297,1546529.43,0.96
zoetis_vet_internal,2024-11,2024-Q4,Parasiticides,VectraGuard,PAR-VECTRAGUAR-L,Veterinary,Region,Northeast,23073,599907.42,0.96
zoetis_vet_internal,2024-11,2024-Q4,Parasiticides,VectraGuard,PAR-VECTRAGUAR-S,Veterinary,Region,Northeast,30418,790875.93,0.96
zoetis_vet_internal,2024-11,2024-Q4,Vaccines,VetGuard Immunize,VAC-VETGUARD-I-L,Veterinary,Region,Northeast,31799,604179.23,0.96
zoetis_vet_internal,2024-11,2024-Q4,Vaccines,VetGuard Immunize,VAC-VETGUARD-I-S,Veterinary,Region,Northeast,43135,819565.23,0.96
zoetis_vet_internal,2024-11,2024-Q4,Vaccines,VetSelect Core Vax,VAC-VETSELECT--L,Veterinary,Region,Northeast,29280,409925.07,0.96
zoetis_vet_internal,2024-11,2024-Q4,Vaccines,VetSelect Core Vax,VAC-VETSELECT--S,Veterinary,Region,Northeast,41013,574185.49,0.96
zoetis_vet_internal,2024-11,2024-Q4,Dermatology,VetSelect Derma,DRM-VETSELECT--L,Veterinary,Region,Northeast,11349,431262.07,0.96
zoetis_vet_internal,2024-11,2024-Q4,Dermatology,VetSelect Derma,DRM-VETSELECT--S,Veterinary,Region,Northeast,14728,559676.01,0.96
zoetis_vet_internal,2024-11,2024-Q4,Petcare Diagnostics,VetSelect Dx,DIA-VETSELECT--L,Veterinary,Region,Northeast,22864,274365.9,0.96
zoetis_vet_internal,2024-11,2024-Q4,Petcare Diagnostics,VetSelect Dx,DIA-VETSELECT--S,Veterinary,Region,Northeast,31787,381440.65,0.96
zoetis_vet_internal,2024-11,2024-Q4,Parasiticides,VetSelect Flea & Tick,PAR-VETSELECT--L,Veterinary,Region,Northeast,15535,264095.24,0.96
zoetis_vet_internal,2024-11,2024-Q4,Parasiticides,VetSelect Flea & Tick,PAR-VETSELECT--S,Veterinary,Region,Northeast,20863,354678.83,0.96
zoetis_vet_internal,2024-11,2024-Q4,Pain/Osteoarthritis,VetSelect Joint,PAN-VETSELECT--L,Veterinary,Region,Northeast,12894,373930.9,0.96
zoetis_vet_internal,2024-11,2024-Q4,Pain/Osteoarthritis,VetSelect Joint,PAN-VETSELECT--S,Veterinary,Region,Northeast,17684,512848.42,0.96
zoetis_vet_internal,2024-11,2024-Q4,Petcare Diagnostics,Vetscan,DIA-VETSCAN-L,Veterinary,Region,Northeast,62267,1120808.78,0.96
zoetis_vet_internal,2024-11,2024-Q4,Petcare Diagnostics,Vetscan,DIA-VETSCAN-S,Veterinary,Region,Northeast,86585,1558536.52,0.96
zoetis_vet_internal,2024-11,2024-Q4,Dermatology,AllerVet RX,DRM-ALLERVET-R-L,Veterinary,Region,South,24026,1297417.52,0.96
zoetis_vet_internal,2024-11,2024-Q4,Dermatology,AllerVet RX,DRM-ALLERVET-R-S,Veterinary,Region,South,32570,1758805.9,0.96
zoetis_vet_internal,2024-11,2024-Q4,Dermatology,Apoquel,DRM-APOQUEL-L,Veterinary,Region,South,42651,2772318.64,0.96
zoetis_vet_internal,2024-11,2024-Q4,Dermatology,Apoquel,DRM-APOQUEL-S,Veterinary,Region,South,60462,3930043.38,0.96
zoetis_vet_internal,2024-11,2024-Q4,Vaccines,BioShield Vax,VAC-BIOSHIELD--L,Veterinary,Region,South,56703,1134053.67,0.96
zoetis_vet_internal,2024-11,2024-Q4,Vaccines,BioShield Vax,VAC-BIOSHIELD--S,Veterinary,Region,South,78072,1561432.09,0.96
zoetis_vet_internal,2024-11,2024-Q4,Dermatology,DermaCalm,DRM-DERMACALM-L,Veterinary,Region,South,24456,1418451.81,0.96
zoetis_vet_internal,2024-11,2024-Q4,Dermatology,DermaCalm,DRM-DERMACALM-S,Veterinary,Region,South,33120,1920981.77,0.96
zoetis_vet_internal,2024-11,2024-Q4,Petcare Diagnostics,DiagnosTech Vet,DIA-DIAGNOSTEC-L,Veterinary,Region,South,77623,1319594.67,0.96
zoetis_vet_internal,2024-11,2024-Q4,Petcare Diagnostics,DiagnosTech Vet,DIA-DIAGNOSTEC-S,Veterinary,Region,South,111769,1900072.5,0.96
zoetis_vet_internal,2024-11,2024-Q4,Parasiticides,FleaStop Pro,PAR-FLEASTOP-P-L,Veterinary,Region,South,25775,541284.27,0.96
zoetis_vet_internal,2024-11,2024-Q4,Parasiticides,FleaStop Pro,PAR-FLEASTOP-P-S,Veterinary,Region,South,34320,720709.84,0.96
zoetis_vet_internal,2024-11,2024-Q4,Pain/Osteoarthritis,FlexiCare Joint,PAN-FLEXICARE--S,Veterinary,Region,South,34454,1515989.92,0.96
zoetis_vet_internal,2024-11,2024-Q4,Vaccines,ImmunoCore Canine,VAC-IMMUNOCORE-L,Veterinary,Region,South,67449,1416435.08,0.96
zoetis_vet_internal,2024-11,2024-Q4,Vaccines,ImmunoCore Canine,VAC-IMMUNOCORE-S,Veterinary,Region,South,89707,1883849.48,0.96
zoetis_vet_internal,2024-11,2024-Q4,Pain/Osteoarthritis,Librela,PAN-LIBRELA-L,Veterinary,Region,South,28361,1361330.08,0.96
zoetis_vet_internal,2024-11,2024-Q4,Pain/Osteoarthritis,Librela,PAN-LIBRELA-S,Veterinary,Region,South,38245,1835762.64,0.96
zoetis_vet_internal,2024-11,2024-Q4,Pain/Osteoarthritis,OsteoEase Vet,PAN-OSTEOEASE--L,Veterinary,Region,South,23339,956898.18,0.96
zoetis_vet_internal,2024-11,2024-Q4,Pain/Osteoarthritis,OsteoEase Vet,PAN-OSTEOEASE--S,Veterinary,Region,South,30630,1255810.44,0.96
zoetis_vet_internal,2024-11,2024-Q4,Pain/Osteoarthritis,PainAway Canine,PAN-PAINAWAY-C-L,Veterinary,Region,South,20522,759313.84,0.96
zoetis_vet_internal,2024-11,2024-Q4,Pain/Osteoarthritis,PainAway Canine,PAN-PAINAWAY-C-S,Veterinary,Region,South,28665,1060605.4,0.96
zoetis_vet_internal,2024-11,2024-Q4,Petcare Diagnostics,PetLab Analyzer,DIA-PETLAB-ANA-L,Veterinary,Region,South,45477,682158.52,0.96
zoetis_vet_internal,2024-11,2024-Q4,Petcare Diagnostics,PetLab Analyzer,DIA-PETLAB-ANA-S,Veterinary,Region,South,62301,934510.57,0.96
zoetis_vet_internal,2024-11,2024-Q4,Petcare Diagnostics,RapidVet Dx,DIA-RAPIDVET-D-L,Veterinary,Region,South,70002,1120026.59,0.96
zoetis_vet_internal,2024-11,2024-Q4,Petcare Diagnostics,RapidVet Dx,DIA-RAPIDVET-D-S,Veterinary,Region,South,96807,1548912.58,0.96
zoetis_vet_internal,2024-11,2024-Q4,Parasiticides,Simparica Trio,PAR-SIMPARICA--L,Veterinary,Region,South,50954,1426711.47,0.96
zoetis_vet_internal,2024-11,2024-Q4,Parasiticides,Simparica Trio,PAR-SIMPARICA--S,Veterinary,Region,South,71211,1993916.45,0.96
zoetis_vet_internal,2024-11,2024-Q4,Dermatology,SkinRelief Pro,DRM-SKINRELIEF-L,Veterinary,Region,South,20748,1016654.75,0.96
zoetis_vet_internal,2024-11,2024-Q4,Dermatology,SkinRelief Pro,DRM-SKINRELIEF-S,Veterinary,Region,South,28176,1380622.86,0.96
zoetis_vet_internal,2024-11,2024-Q4,Parasiticides,TickShield Plus,PAR-TICKSHIELD-L,Veterinary,Region,South,28025,672610.17,0.96
zoetis_vet_internal,2024-11,2024-Q4,Parasiticides,TickShield Plus,PAR-TICKSHIELD-S,Veterinary,Region,South,40295,967086.71,0.96
zoetis_vet_internal,2024-11,2024-Q4,Vaccines,Vanguard,VAC-VANGUARD-L,Veterinary,Region,South,76392,1680616.82,0.96
zoetis_vet_internal,2024-11,2024-Q4,Vaccines,Vanguard,VAC-VANGUARD-S,Veterinary,Region,South,106867,2351067.57,0.96
zoetis_vet_internal,2024-11,2024-Q4,Parasiticides,VectraGuard,PAR-VECTRAGUAR-L,Veterinary,Region,South,34449,895679.62,0.96
zoetis_vet_internal,2024-11,2024-Q4,Parasiticides,VectraGuard,PAR-VECTRAGUAR-S,Veterinary,Region,South,46945,1220558.06,0.96
zoetis_vet_internal,2024-11,2024-Q4,Vaccines,VetGuard Immunize,VAC-VETGUARD-I-L,Veterinary,Region,South,48239,916544.05,0.96
zoetis_vet_internal,2024-11,2024-Q4,Vaccines,VetGuard Immunize,VAC-VETGUARD-I-S,Veterinary,Region,South,64382,1223249.16,0.96
zoetis_vet_internal,2024-11,2024-Q4,Vaccines,VetSelect Core Vax,VAC-VETSELECT--L,Veterinary,Region,South,42892,600491.49,0.96
zoetis_vet_internal,2024-11,2024-Q4,Vaccines,VetSelect Core Vax,VAC-VETSELECT--S,Veterinary,Region,South,62487,874816.87,0.96
zoetis_vet_internal,2024-11,2024-Q4,Dermatology,VetSelect Derma,DRM-VETSELECT--L,Veterinary,Region,South,16115,612372.38,0.96
zoetis_vet_internal,2024-11,2024-Q4,Dermatology,VetSelect Derma,DRM-VETSELECT--S,Veterinary,Region,South,22633,860059.19,0.96
zoetis_vet_internal,2024-11,2024-Q4,Petcare Diagnostics,VetSelect Dx,DIA-VETSELECT--L,Veterinary,Region,South,36758,441096.9,0.96
zoetis_vet_internal,2024-11,2024-Q4,Petcare Diagnostics,VetSelect Dx,DIA-VETSELECT--S,Veterinary,Region,South,50868,610411.49,0.96
zoetis_vet_internal,2024-11,2024-Q4,Parasiticides,VetSelect Flea & Tick,PAR-VETSELECT--L,Veterinary,Region,South,24238,412041.2,0.96
zoetis_vet_internal,2024-11,2024-Q4,Parasiticides,VetSelect Flea & Tick,PAR-VETSELECT--S,Veterinary,Region,South,34294,582993.93,0.96
zoetis_vet_internal,2024-11,2024-Q4,Pain/Osteoarthritis,VetSelect Joint,PAN-VETSELECT--L,Veterinary,Region,South,19867,576128.58,0.96
zoetis_vet_internal,2024-11,2024-Q4,Pain/Osteoarthritis,VetSelect Joint,PAN-VETSELECT--S,Veterinary,Region,South,26969,782111.75,0.96
zoetis_vet_internal,2024-11,2024-Q4,Petcare Diagnostics,Vetscan,DIA-VETSCAN-L,Veterinary,Region,South,93654,1685771.21,0.96
zoetis_vet_internal,2024-11,2024-Q4,Petcare Diagnostics,Vetscan,DIA-VETSCAN-S,Veterinary,Region,South,132416,2383484.02,0.96
zoetis_vet_internal,2024-11,2024-Q4,Dermatology,AllerVet RX,DRM-ALLERVET-R-L,Veterinary,Region,West,16174,873416.37,0.96
zoetis_vet_internal,2024-11,2024-Q4,Dermatology,AllerVet RX,DRM-ALLERVET-R-S,Veterinary,Region,West,22440,1211735.93,0.96
zoetis_vet_internal,2024-11,2024-Q4,Dermatology,Apoquel,DRM-APOQUEL-L,Veterinary,Region,West,29881,1942283.32,0.96
zoetis_vet_internal,2024-11,2024-Q4,Dermatology,Apoquel,DRM-APOQUEL-S,Veterinary,Region,West,40576,2637453.98,0.96
zoetis_vet_internal,2024-11,2024-Q4,Vaccines,BioShield Vax,VAC-BIOSHIELD--L,Veterinary,Region,West,37240,744799.66,0.96
zoetis_vet_internal,2024-11,2024-Q4,Vaccines,BioShield Vax,VAC-BIOSHIELD--S,Veterinary,Region,West,50421,1008413.29,0.96
zoetis_vet_internal,2024-11,2024-Q4,Dermatology,DermaCalm,DRM-DERMACALM-L,Veterinary,Region,West,17109,992333.53,0.96
zoetis_vet_internal,2024-11,2024-Q4,Dermatology,DermaCalm,DRM-DERMACALM-S,Veterinary,Region,West,24244,1406154.48,0.96
zoetis_vet_internal,2024-11,2024-Q4,Petcare Diagnostics,DiagnosTech Vet,DIA-DIAGNOSTEC-L,Veterinary,Region,West,53483,909209.85,0.96
zoetis_vet_internal,2024-11,2024-Q4,Petcare Diagnostics,DiagnosTech Vet,DIA-DIAGNOSTEC-S,Veterinary,Region,West,74615,1268451.12,0.96
zoetis_vet_internal,2024-11,2024-Q4,Parasiticides,FleaStop Pro,PAR-FLEASTOP-P-L,Veterinary,Region,West,16609,348791.34,0.96
zoetis_vet_internal,2024-11,2024-Q4,Parasiticides,FleaStop Pro,PAR-FLEASTOP-P-S,Veterinary,Region,West,23303,489363.64,0.96
zoetis_vet_internal,2024-11,2024-Q4,Pain/Osteoarthritis,FlexiCare Joint,PAN-FLEXICARE--L,Veterinary,Region,West,16977,746997.42,0.96
zoetis_vet_internal,2024-11,2024-Q4,Pain/Osteoarthritis,FlexiCare Joint,PAN-FLEXICARE--S,Veterinary,Region,West,22172,975551.34,0.96
zoetis_vet_internal,2024-11,2024-Q4,Vaccines,ImmunoCore Canine,VAC-IMMUNOCORE-L,Veterinary,Region,West,45420,953826.39,0.96
zoetis_vet_internal,2024-11,2024-Q4,Vaccines,ImmunoCore Canine,VAC-IMMUNOCORE-S,Veterinary,Region,West,61079,1282649.83,0.96
zoetis_vet_internal,2024-11,2024-Q4,Pain/Osteoarthritis,Librela,PAN-LIBRELA-L,Veterinary,Region,West,19611,941323.19,0.96
zoetis_vet_internal,2024-11,2024-Q4,Pain/Osteoarthritis,Librela,PAN-LIBRELA-S,Veterinary,Region,West,28515,1368738.44,0.96
zoetis_vet_internal,2024-11,2024-Q4,Pain/Osteoarthritis,OsteoEase Vet,PAN-OSTEOEASE--L,Veterinary,Region,West,14459,592809.44,0.96
zoetis_vet_internal,2024-11,2024-Q4,Pain/Osteoarthritis,OsteoEase Vet,PAN-OSTEOEASE--S,Veterinary,Region,West,19671,806508.74,0.96
zoetis_vet_internal,2024-11,2024-Q4,Pain/Osteoarthritis,PainAway Canine,PAN-PAINAWAY-C-L,Veterinary,Region,West,13060,483237.73,0.96
zoetis_vet_internal,2024-11,2024-Q4,Pain/Osteoarthritis,PainAway Canine,PAN-PAINAWAY-C-S,Veterinary,Region,West,18553,686468.24,0.96
zoetis_vet_internal,2024-11,2024-Q4,Petcare Diagnostics,PetLab Analyzer,DIA-PETLAB-ANA-L,Veterinary,Region,West,32811,492161.74,0.96
zoetis_vet_internal,2024-11,2024-Q4,Petcare Diagnostics,PetLab Analyzer,DIA-PETLAB-ANA-S,Veterinary,Region,West,43988,659814.55,0.96
zoetis_vet_internal,2024-11,2024-Q4,Petcare Diagnostics,RapidVet Dx,DIA-RAPIDVET-D-L,Veterinary,Region,West,53135,850167.67,0.96
zoetis_vet_internal,2024-11,2024-Q4,Petcare Diagnostics,RapidVet Dx,DIA-RAPIDVET-D-S,Veterinary,Region,West,72664,1162630.27,0.96
zoetis_vet_internal,2024-11,2024-Q4,Parasiticides,Simparica Trio,PAR-SIMPARICA--L,Veterinary,Region,West,35789,1002090.32,0.96
zoetis_vet_internal,2024-11,2024-Q4,Parasiticides,Simparica Trio,PAR-SIMPARICA--S,Veterinary,Region,West,50234,1406555.7,0.96
zoetis_vet_internal,2024-11,2024-Q4,Dermatology,SkinRelief Pro,DRM-SKINRELIEF-L,Veterinary,Region,West,13733,672917.14,0.96
zoetis_vet_internal,2024-11,2024-Q4,Dermatology,SkinRelief Pro,DRM-SKINRELIEF-S,Veterinary,Region,West,18899,926026.83,0.96
zoetis_vet_internal,2024-11,2024-Q4,Parasiticides,TickShield Plus,PAR-TICKSHIELD-L,Veterinary,Region,West,20061,481473.61,0.96
zoetis_vet_internal,2024-11,2024-Q4,Parasiticides,TickShield Plus,PAR-TICKSHIELD-S,Veterinary,Region,West,26776,642624.97,0.96
zoetis_vet_internal,2024-11,2024-Q4,Vaccines,Vanguard,VAC-VANGUARD-L,Veterinary,Region,West,52940,1164671.71,0.96
zoetis_vet_internal,2024-11,2024-Q4,Vaccines,Vanguard,VAC-VANGUARD-S,Veterinary,Region,West,74577,1640693.2,0.96
zoetis_vet_internal,2024-11,2024-Q4,Parasiticides,VectraGuard,PAR-VECTRAGUAR-L,Veterinary,Region,West,24022,624571.44,0.96
zoetis_vet_internal,2024-11,2024-Q4,Parasiticides,VectraGuard,PAR-VECTRAGUAR-S,Veterinary,Region,West,32590,847327.83,0.96
zoetis_vet_internal,2024-11,2024-Q4,Vaccines,VetGuard Immunize,VAC-VETGUARD-I-L,Veterinary,Region,West,32909,625276.45,0.96
zoetis_vet_internal,2024-11,2024-Q4,Vaccines,VetGuard Immunize,VAC-VETGUARD-I-S,Veterinary,Region,West,44530,846061.86,0.96
zoetis_vet_internal,2024-11,2024-Q4,Vaccines,VetSelect Core Vax,VAC-VETSELECT--L,Veterinary,Region,West,28922,404902.08,0.96
zoetis_vet_internal,2024-11,2024-Q4,Vaccines,VetSelect Core Vax,VAC-VETSELECT--S,Veterinary,Region,West,41031,574438.94,0.96
zoetis_vet_internal,2024-11,2024-Q4,Dermatology,VetSelect Derma,DRM-VETSELECT--L,Veterinary,Region,West,11798,448321.57,0.96
zoetis_vet_internal,2024-11,2024-Q4,Dermatology,VetSelect Derma,DRM-VETSELECT--S,Veterinary,Region,West,15777,599536.3,0.96
zoetis_vet_internal,2024-11,2024-Q4,Petcare Diagnostics,VetSelect Dx,DIA-VETSELECT--L,Veterinary,Region,West,23683,284194.53,0.96
zoetis_vet_internal,2024-11,2024-Q4,Petcare Diagnostics,VetSelect Dx,DIA-VETSELECT--S,Veterinary,Region,West,31820,381843.7,0.96
zoetis_vet_internal,2024-11,2024-Q4,Parasiticides,VetSelect Flea & Tick,PAR-VETSELECT--L,Veterinary,Region,West,15654,266125.4,0.96
zoetis_vet_internal,2024-11,2024-Q4,Parasiticides,VetSelect Flea & Tick,PAR-VETSELECT--S,Veterinary,Region,West,22115,375952.4,0.96
zoetis_vet_internal,2024-11,2024-Q4,Pain/Osteoarthritis,VetSelect Joint,PAN-VETSELECT--L,Veterinary,Region,West,13391,388344.38,0.96
zoetis_vet_internal,2024-11,2024-Q4,Pain/Osteoarthritis,VetSelect Joint,PAN-VETSELECT--S,Veterinary,Region,West,18843,546450.57,0.96
zoetis_vet_internal,2024-11,2024-Q4,Petcare Diagnostics,Vetscan,DIA-VETSCAN-L,Veterinary,Region,West,65935,1186822.62,0.96
zoetis_vet_internal,2024-11,2024-Q4,Petcare Diagnostics,Vetscan,DIA-VETSCAN-S,Veterinary,Region,West,92219,1659937.68,0.96
zoetis_vet_internal,2024-12,2024-Q4,Dermatology,AllerVet RX,DRM-ALLERVET-R-L,Veterinary,National,National,63926,3451986.47,0.96
zoetis_vet_internal,2024-12,2024-Q4,Dermatology,AllerVet RX,DRM-ALLERVET-R-S,Veterinary,National,National,88283,4767237.84,0.96
zoetis_vet_internal,2024-12,2024-Q4,Dermatology,Apoquel,DRM-APOQUEL-L,Veterinary,National,National,111065,7219263.0,0.96
zoetis_vet_internal,2024-12,2024-Q4,Dermatology,Apoquel,DRM-APOQUEL-S,Veterinary,National,National,152587,9918203.54,0.96
zoetis_vet_internal,2024-12,2024-Q4,Vaccines,BioShield Vax,VAC-BIOSHIELD--L,Veterinary,National,National,165054,3301078.93,0.96
zoetis_vet_internal,2024-12,2024-Q4,Vaccines,BioShield Vax,VAC-BIOSHIELD--S,Veterinary,National,National,224645,4492922.64,0.96
zoetis_vet_internal,2024-12,2024-Q4,Dermatology,DermaCalm,DRM-DERMACALM-L,Veterinary,National,National,70079,4064567.83,0.96
zoetis_vet_internal,2024-12,2024-Q4,Dermatology,DermaCalm,DRM-DERMACALM-S,Veterinary,National,National,96713,5609286.03,0.96
zoetis_vet_internal,2024-12,2024-Q4,Petcare Diagnostics,DiagnosTech Vet,DIA-DIAGNOSTEC-L,Veterinary,National,National,238908,4061425.61,0.96
zoetis_vet_internal,2024-12,2024-Q4,Petcare Diagnostics,DiagnosTech Vet,DIA-DIAGNOSTEC-S,Veterinary,National,National,328590,5586018.94,0.96
zoetis_vet_internal,2024-12,2024-Q4,Parasiticides,FleaStop Pro,PAR-FLEASTOP-P-L,Veterinary,National,National,67922,1426343.57,0.96
zoetis_vet_internal,2024-12,2024-Q4,Parasiticides,FleaStop Pro,PAR-FLEASTOP-P-S,Veterinary,National,National,94704,1988776.94,0.96
zoetis_vet_internal,2024-12,2024-Q4,Pain/Osteoarthritis,FlexiCare Joint,PAN-FLEXICARE--L,Veterinary,National,National,75690,3330349.6,0.96
zoetis_vet_internal,2024-12,2024-Q4,Pain/Osteoarthritis,FlexiCare Joint,PAN-FLEXICARE--S,Veterinary,National,National,104824,4612261.74,0.96
zoetis_vet_internal,2024-12,2024-Q4,Vaccines,ImmunoCore Canine,VAC-IMMUNOCORE-L,Veterinary,National,National,197896,4155840.6,0.96
zoetis_vet_internal,2024-12,2024-Q4,Vaccines,ImmunoCore Canine,VAC-IMMUNOCORE-S,Veterinary,National,National,278181,5841812.48,0.96
zoetis_vet_internal,2024-12,2024-Q4,Pain/Osteoarthritis,Librela,PAN-LIBRELA-L,Veterinary,National,National,85618,4109701.66,0.96
zoetis_vet_internal,2024-12,2024-Q4,Pain/Osteoarthritis,Librela,PAN-LIBRELA-S,Veterinary,National,National,119305,5726618.48,0.96
zoetis_vet_internal,2024-12,2024-Q4,Pain/Osteoarthritis,OsteoEase Vet,PAN-OSTEOEASE--L,Veterinary,National,National,73371,3008156.91,0.96
zoetis_vet_internal,2024-12,2024-Q4,Pain/Osteoarthritis,OsteoEase Vet,PAN-OSTEOEASE--S,Veterinary,National,National,100049,4101944.91,0.96
zoetis_vet_internal,2024-12,2024-Q4,Pain/Osteoarthritis,PainAway Canine,PAN-PAINAWAY-C-L,Veterinary,National,National,65762,2433155.4,0.96
zoetis_vet_internal,2024-12,2024-Q4,Pain/Osteoarthritis,PainAway Canine,PAN-PAINAWAY-C-S,Veterinary,National,National,89745,3320577.42,0.96
zoetis_vet_internal,2024-12,2024-Q4,Petcare Diagnostics,PetLab Analyzer,DIA-PETLAB-ANA-L,Veterinary,National,National,134579,2018693.65,0.96
zoetis_vet_internal,2024-12,2024-Q4,Petcare Diagnostics,PetLab Analyzer,DIA-PETLAB-ANA-S,Veterinary,National,National,186920,2803803.98,0.96
zoetis_vet_internal,2024-12,2024-Q4,Petcare Diagnostics,RapidVet Dx,DIA-RAPIDVET-D-L,Veterinary,National,National,215863,3453805.87,0.96
zoetis_vet_internal,2024-12,2024-Q4,Petcare Diagnostics,RapidVet Dx,DIA-RAPIDVET-D-S,Veterinary,National,National,300532,4808516.68,0.96
zoetis_vet_internal,2024-12,2024-Q4,Parasiticides,Simparica Trio,PAR-SIMPARICA--L,Veterinary,National,National,141614,3965177.92,0.96
zoetis_vet_internal,2024-12,2024-Q4,Parasiticides,Simparica Trio,PAR-SIMPARICA--S,Veterinary,National,National,195067,5461887.57,0.96
zoetis_vet_internal,2024-12,2024-Q4,Dermatology,SkinRelief Pro,DRM-SKINRELIEF-L,Veterinary,National,National,53553,2624113.42,0.96
zoetis_vet_internal,2024-12,2024-Q4,Dermatology,SkinRelief Pro,DRM-SKINRELIEF-S,Veterinary,National,National,75840,3716163.31,0.96
zoetis_vet_internal,2024-12,2024-Q4,Parasiticides,TickShield Plus,PAR-TICKSHIELD-L,Veterinary,National,National,82589,1982151.32,0.96
zoetis_vet_internal,2024-12,2024-Q4,Parasiticides,TickShield Plus,PAR-TICKSHIELD-S,Veterinary,National,National,112404,2697685.09,0.96
zoetis_vet_internal,2024-12,2024-Q4,Vaccines,Vanguard,VAC-VANGUARD-L,Veterinary,National,National,225861,4968944.61,0.96
zoetis_vet_internal,2024-12,2024-Q4,Vaccines,Vanguard,VAC-VANGUARD-S,Veterinary,National,National,311298,6848559.23,0.96
zoetis_vet_internal,2024-12,2024-Q4,Parasiticides,VectraGuard,PAR-VECTRAGUAR-L,Veterinary,National,National,95855,2492252.95,0.96
zoetis_vet_internal,2024-12,2024-Q4,Parasiticides,VectraGuard,PAR-VECTRAGUAR-S,Veterinary,National,National,128226,3333855.26,0.96
zoetis_vet_internal,2024-12,2024-Q4,Vaccines,VetGuard Immunize,VAC-VETGUARD-I-L,Veterinary,National,National,141728,2692838.39,0.96
zoetis_vet_internal,2024-12,2024-Q4,Vaccines,VetGuard Immunize,VAC-VETGUARD-I-S,Veterinary,National,National,199286,3786433.32,0.96
zoetis_vet_internal,2024-12,2024-Q4,Vaccines,VetSelect Core Vax,VAC-VETSELECT--L,Veterinary,National,National,132867,1860144.42,0.96
zoetis_vet_internal,2024-12,2024-Q4,Vaccines,VetSelect Core Vax,VAC-VETSELECT--S,Veterinary,National,National,185604,2598453.21,0.96
zoetis_vet_internal,2024-12,2024-Q4,Dermatology,VetSelect Derma,DRM-VETSELECT--L,Veterinary,National,National,45749,1738466.64,0.96
zoetis_vet_internal,2024-12,2024-Q4,Dermatology,VetSelect Derma,DRM-VETSELECT--S,Veterinary,National,National,61885,2351629.37,0.96
zoetis_vet_internal,2024-12,2024-Q4,Petcare Diagnostics,VetSelect Dx,DIA-VETSELECT--L,Veterinary,National,National,106289,1275465.99,0.96
zoetis_vet_internal,2024-12,2024-Q4,Petcare Diagnostics,VetSelect Dx,DIA-VETSELECT--S,Veterinary,National,National,144599,1735193.03,0.96
zoetis_vet_internal,2024-12,2024-Q4,Parasiticides,VetSelect Flea & Tick,PAR-VETSELECT--L,Veterinary,National,National,72907,1239419.65,0.96
zoetis_vet_internal,2024-12,2024-Q4,Parasiticides,VetSelect Flea & Tick,PAR-VETSELECT--S,Veterinary,National,National,97905,1664386.84,0.96
zoetis_vet_internal,2024-12,2024-Q4,Pain/Osteoarthritis,VetSelect Joint,PAN-VETSELECT--L,Veterinary,National,National,55640,1613570.06,0.96
zoetis_vet_internal,2024-12,2024-Q4,Pain/Osteoarthritis,VetSelect Joint,PAN-VETSELECT--S,Veterinary,National,National,77916,2259553.68,0.96
zoetis_vet_internal,2024-12,2024-Q4,Petcare Diagnostics,Vetscan,DIA-VETSCAN-L,Veterinary,National,National,296418,5335547.11,0.96
zoetis_vet_internal,2024-12,2024-Q4,Petcare Diagnostics,Vetscan,DIA-VETSCAN-S,Veterinary,National,National,407178,7329206.16,0.96
zoetis_vet_internal,2024-12,2024-Q4,Dermatology,AllerVet RX,DRM-ALLERVET-R-L,Veterinary,Region,Midwest,13545,731431.42,0.96
zoetis_vet_internal,2024-12,2024-Q4,Dermatology,AllerVet RX,DRM-ALLERVET-R-S,Veterinary,Region,Midwest,18906,1020905.52,0.96
zoetis_vet_internal,2024-12,2024-Q4,Dermatology,Apoquel,DRM-APOQUEL-L,Veterinary,Region,Midwest,23490,1526853.34,0.96
zoetis_vet_internal,2024-12,2024-Q4,Dermatology,Apoquel,DRM-APOQUEL-S,Veterinary,Region,Midwest,32149,2089717.3,0.96
zoetis_vet_internal,2024-12,2024-Q4,Vaccines,BioShield Vax,VAC-BIOSHIELD--L,Veterinary,Region,Midwest,34814,696270.95,0.96
zoetis_vet_internal,2024-12,2024-Q4,Vaccines,BioShield Vax,VAC-BIOSHIELD--S,Veterinary,Region,Midwest,46651,933027.57,0.96
zoetis_vet_internal,2024-12,2024-Q4,Dermatology,DermaCalm,DRM-DERMACALM-L,Veterinary,Region,Midwest,15914,923039.41,0.96
zoetis_vet_internal,2024-12,2024-Q4,Dermatology,DermaCalm,DRM-DERMACALM-S,Veterinary,Region,Midwest,21000,1217987.81,0.96
zoetis_vet_internal,2024-12,2024-Q4,Petcare Diagnostics,DiagnosTech Vet,DIA-DIAGNOSTEC-L,Veterinary,Region,Midwest,49588,842989.12,0.96
zoetis_vet_internal,2024-12,2024-Q4,Petcare Diagnostics,DiagnosTech Vet,DIA-DIAGNOSTEC-S,Veterinary,Region,Midwest,66835,1136192.96,0.96
zoetis_vet_internal,2024-12,2024-Q4,Parasiticides,FleaStop Pro,PAR-FLEASTOP-P-L,Veterinary,Region,Midwest,13944,292815.52,0.96
zoetis_vet_internal,2024-12,2024-Q4,Parasiticides,FleaStop Pro,PAR-FLEASTOP-P-S,Veterinary,Region,Midwest,19532,410180.74,0.96
zoetis_vet_internal,2024-12,2024-Q4,Pain/Osteoarthritis,FlexiCare Joint,PAN-FLEXICARE--L,Veterinary,Region,Midwest,15961,702275.13,0.96
zoetis_vet_internal,2024-12,2024-Q4,Pain/Osteoarthritis,FlexiCare Joint,PAN-FLEXICARE--S,Veterinary,Region,Midwest,21538,947682.83,0.96
zoetis_vet_internal,2024-12,2024-Q4,Vaccines,ImmunoCore Canine,VAC-IMMUNOCORE-L,Veterinary,Region,Midwest,42825,899333.01,0.96
zoetis_vet_internal,2024-12,2024-Q4,Vaccines,ImmunoCore Canine,VAC-IMMUNOCORE-S,Veterinary,Region,Midwest,59292,1245139.11,0.96
zoetis_vet_internal,2024-12,2024-Q4,Pain/Osteoarthritis,Librela,PAN-LIBRELA-L,Veterinary,Region,Midwest,18144,870935.14,0.96
zoetis_vet_internal,2024-12,2024-Q4,Pain/Osteoarthritis,Librela,PAN-LIBRELA-S,Veterinary,Region,Midwest,25003,1200135.45,0.96
zoetis_vet_internal,2024-12,2024-Q4,Pain/Osteoarthritis,OsteoEase Vet,PAN-OSTEOEASE--L,Veterinary,Region,Midwest,15389,630940.71,0.96
zoetis_vet_internal,2024-12,2024-Q4,Pain/Osteoarthritis,OsteoEase Vet,PAN-OSTEOEASE--S,Veterinary,Region,Midwest,20814,853360.7,0.96
zoetis_vet_internal,2024-12,2024-Q4,Pain/Osteoarthritis,PainAway Canine,PAN-PAINAWAY-C-L,Veterinary,Region,Midwest,14056,520057.91,0.96
zoetis_vet_internal,2024-12,2024-Q4,Pain/Osteoarthritis,PainAway Canine,PAN-PAINAWAY-C-S,Veterinary,Region,Midwest,19289,713690.6,0.96
zoetis_vet_internal,2024-12,2024-Q4,Petcare Diagnostics,PetLab Analyzer,DIA-PETLAB-ANA-L,Veterinary,Region,Midwest,29254,438804.25,0.96
zoetis_vet_internal,2024-12,2024-Q4,Petcare Diagnostics,PetLab Analyzer,DIA-PETLAB-ANA-S,Veterinary,Region,Midwest,40457,606853.95,0.96
zoetis_vet_internal,2024-12,2024-Q4,Petcare Diagnostics,RapidVet Dx,DIA-RAPIDVET-D-L,Veterinary,Region,Midwest,42525,680398.58,0.96
zoetis_vet_internal,2024-12,2024-Q4,Petcare Diagnostics,RapidVet Dx,DIA-RAPIDVET-D-S,Veterinary,Region,Midwest,61117,977874.01,0.96
zoetis_vet_internal,2024-12,2024-Q4,Parasiticides,Simparica Trio,PAR-SIMPARICA--L,Veterinary,Region,Midwest,30376,850528.29,0.96
zoetis_vet_internal,2024-12,2024-Q4,Parasiticides,Simparica Trio,PAR-SIMPARICA--S,Veterinary,Region,Midwest,40753,1141076.15,0.96
zoetis_vet_internal,2024-12,2024-Q4,Dermatology,SkinRelief Pro,DRM-SKINRELIEF-L,Veterinary,Region,Midwest,11104,544072.72,0.96
zoetis_vet_internal,2024-12,2024-Q4,Dermatology,SkinRelief Pro,DRM-SKINRELIEF-S,Veterinary,Region,Midwest,15574,763102.65,0.96
zoetis_vet_internal,2024-12,2024-Q4,Parasiticides,TickShield Plus,PAR-TICKSHIELD-L,Veterinary,Region,Midwest,18031,432747.6,0.96
zoetis_vet_internal,2024-12,2024-Q4,Parasiticides,TickShield Plus,PAR-TICKSHIELD-S,Veterinary,Region,Midwest,23889,573340.67,0.96
zoetis_vet_internal,2024-12,2024-Q4,Vaccines,Vanguard,VAC-VANGUARD-L,Veterinary,Region,Midwest,46793,1029453.15,0.96
zoetis_vet_internal,2024-12,2024-Q4,Vaccines,Vanguard,VAC-VANGUARD-S,Veterinary,Region,Midwest,64767,1424875.22,0.96
zoetis_vet_internal,2024-12,2024-Q4,Parasiticides,VectraGuard,PAR-VECTRAGUAR-L,Veterinary,Region,Midwest,19676,511585.17,0.96
zoetis_vet_internal,2024-12,2024-Q4,Parasiticides,VectraGuard,PAR-VECTRAGUAR-S,Veterinary,Region,Midwest,26951,700714.28,0.96
zoetis_vet_internal,2024-12,2024-Q4,Vaccines,VetGuard Immunize,VAC-VETGUARD-I-L,Veterinary,Region,Midwest,29781,565847.62,0.96
zoetis_vet_internal,2024-12,2024-Q4,Vaccines,VetGuard Immunize,VAC-VETGUARD-I-S,Veterinary,Region,Midwest,41945,796961.62,0.96
zoetis_vet_internal,2024-12,2024-Q4,Vaccines,VetSelect Core Vax,VAC-VETSELECT--L,Veterinary,Region,Midwest,29448,412277.22,0.96
zoetis_vet_internal,2024-12,2024-Q4,Vaccines,VetSelect Core Vax,VAC-VETSELECT--S,Veterinary,Region,Midwest,40762,570670.84,0.96
zoetis_vet_internal,2024-12,2024-Q4,Dermatology,VetSelect Derma,DRM-VETSELECT--L,Veterinary,Region,Midwest,9816,373020.59,0.96
zoetis_vet_internal,2024-12,2024-Q4,Dermatology,VetSelect Derma,DRM-VETSELECT--S,Veterinary,Region,Midwest,13756,522714.89,0.96
zoetis_vet_internal,2024-12,2024-Q4,Petcare Diagnostics,VetSelect Dx,DIA-VETSELECT--L,Veterinary,Region,Midwest,22608,271292.52,0.96
zoetis_vet_internal,2024-12,2024-Q4,Petcare Diagnostics,VetSelect Dx,DIA-VETSELECT--S,Veterinary,Region,Midwest,32243,386919.14,0.96
zoetis_vet_internal,2024-12,2024-Q4,Parasiticides,VetSelect Flea & Tick,PAR-VETSELECT--L,Veterinary,Region,Midwest,15491,263350.44,0.96
zoetis_vet_internal,2024-12,2024-Q4,Parasiticides,VetSelect Flea & Tick,PAR-VETSELECT--S,Veterinary,Region,Midwest,20534,349077.7,0.96
zoetis_vet_internal,2024-12,2024-Q4,Pain/Osteoarthritis,VetSelect Joint,PAN-VETSELECT--L,Veterinary,Region,Midwest,11819,342746.17,0.96
zoetis_vet_internal,2024-12,2024-Q4,Pain/Osteoarthritis,VetSelect Joint,PAN-VETSELECT--S,Veterinary,Region,Midwest,17049,494408.41,0.96
zoetis_vet_internal,2024-12,2024-Q4,Petcare Diagnostics,Vetscan,DIA-VETSCAN-L,Veterinary,Region,Midwest,61521,1107385.41,0.96
zoetis_vet_internal,2024-12,2024-Q4,Petcare Diagnostics,Vetscan,DIA-VETSCAN-S,Veterinary,Region,Midwest,86321,1553776.59,0.96
zoetis_vet_internal,2024-12,2024-Q4,Dermatology,AllerVet RX,DRM-ALLERVET-R-L,Veterinary,Region,Northeast,13992,755575.05,0.96
zoetis_vet_internal,2024-12,2024-Q4,Dermatology,AllerVet RX,DRM-ALLERVET-R-S,Veterinary,Region,Northeast,19174,1035377.81,0.96
zoetis_vet_internal,2024-12,2024-Q4,Dermatology,Apoquel,DRM-APOQUEL-L,Veterinary,Region,Northeast,25088,1630739.51,0.96
zoetis_vet_internal,2024-12,2024-Q4,Dermatology,Apoquel,DRM-APOQUEL-S,Veterinary,Region,Northeast,34386,2235107.95,0.96
zoetis_vet_internal,2024-12,2024-Q4,Vaccines,BioShield Vax,VAC-BIOSHIELD--L,Veterinary,Region,Northeast,36121,722424.08,0.96
zoetis_vet_internal,2024-12,2024-Q4,Vaccines,BioShield Vax,VAC-BIOSHIELD--S,Veterinary,Region,Northeast,48117,962343.38,0.96
zoetis_vet_internal,2024-12,2024-Q4,Dermatology,DermaCalm,DRM-DERMACALM-L,Veterinary,Region,Northeast,15335,889423.02,0.96
zoetis_vet_internal,2024-12,2024-Q4,Dermatology,DermaCalm,DRM-DERMACALM-S,Veterinary,Region,Northeast,20813,1207137.17,0.96
zoetis_vet_internal,2024-12,2024-Q4,Petcare Diagnostics,DiagnosTech Vet,DIA-DIAGNOSTEC-L,Veterinary,Region,Northeast,51978,883618.84,0.96
zoetis_vet_internal,2024-12,2024-Q4,Petcare Diagnostics,DiagnosTech Vet,DIA-DIAGNOSTEC-S,Veterinary,Region,Northeast,72101,1225719.38,0.96
zoetis_vet_internal,2024-12,2024-Q4,Parasiticides,FleaStop Pro,PAR-FLEASTOP-P-L,Veterinary,Region,Northeast,14865,312163.48,0.96
zoetis_vet_internal,2024-12,2024-Q4,Parasiticides,FleaStop Pro,PAR-FLEASTOP-P-S,Veterinary,Region,Northeast,20042,420874.94,0.96
zoetis_vet_internal,2024-12,2024-Q4,Pain/Osteoarthritis,FlexiCare Joint,PAN-FLEXICARE--L,Veterinary,Region,Northeast,16828,740439.79,0.96
zoetis_vet_internal,2024-12,2024-Q4,Pain/Osteoarthritis,FlexiCare Joint,PAN-FLEXICARE--S,Veterinary,Region,Northeast,23189,1020308.09,0.96
zoetis_vet_internal,2024-12,2024-Q4,Vaccines,ImmunoCore Canine,VAC-IMMUNOCORE-L,Veterinary,Region,Northeast,41173,864643.0,0.96
zoetis_vet_internal,2024-12,2024-Q4,Vaccines,ImmunoCore Canine,VAC-IMMUNOCORE-S,Veterinary,Region,Northeast,57748,1212709.95,0.96
zoetis_vet_internal,2024-12,2024-Q4,Pain/Osteoarthritis,Librela,PAN-LIBRELA-L,Veterinary,Region,Northeast,18633,894366.73,0.96
zoetis_vet_internal,2024-12,2024-Q4,Pain/Osteoarthritis,Librela,PAN-LIBRELA-S,Veterinary,Region,Northeast,25009,1200411.65,0.96
zoetis_vet_internal,2024-12,2024-Q4,Pain/Osteoarthritis,OsteoEase Vet,PAN-OSTEOEASE--L,Veterinary,Region,Northeast,16208,664509.02,0.96
zoetis_vet_internal,2024-12,2024-Q4,Pain/Osteoarthritis,OsteoEase Vet,PAN-OSTEOEASE--S,Veterinary,Region,Northeast,21524,882466.7,0.96
zoetis_vet_internal,2024-12,2024-Q4,Pain/Osteoarthritis,PainAway Canine,PAN-PAINAWAY-C-L,Veterinary,Region,Northeast,14869,550139.13,0.96
zoetis_vet_internal,2024-12,2024-Q4,Pain/Osteoarthritis,PainAway Canine,PAN-PAINAWAY-C-S,Veterinary,Region,Northeast,19826,733569.63,0.96
zoetis_vet_internal,2024-12,2024-Q4,Petcare Diagnostics,PetLab Analyzer,DIA-PETLAB-ANA-L,Veterinary,Region,Northeast,29941,449118.62,0.96
zoetis_vet_internal,2024-12,2024-Q4,Petcare Diagnostics,PetLab Analyzer,DIA-PETLAB-ANA-S,Veterinary,Region,Northeast,40347,605206.67,0.96
zoetis_vet_internal,2024-12,2024-Q4,Petcare Diagnostics,RapidVet Dx,DIA-RAPIDVET-D-L,Veterinary,Region,Northeast,48563,777011.08,0.96
zoetis_vet_internal,2024-12,2024-Q4,Petcare Diagnostics,RapidVet Dx,DIA-RAPIDVET-D-S,Veterinary,Region,Northeast,66763,1068206.3,0.96
zoetis_vet_internal,2024-12,2024-Q4,Parasiticides,Simparica Trio,PAR-SIMPARICA--L,Veterinary,Region,Northeast,32476,909323.08,0.96
zoetis_vet_internal,2024-12,2024-Q4,Parasiticides,Simparica Trio,PAR-SIMPARICA--S,Veterinary,Region,Northeast,43424,1215878.71,0.96
zoetis_vet_internal,2024-12,2024-Q4,Dermatology,SkinRelief Pro,DRM-SKINRELIEF-L,Veterinary,Region,Northeast,11687,572687.31,0.96
zoetis_vet_internal,2024-12,2024-Q4,Dermatology,SkinRelief Pro,DRM-SKINRELIEF-S,Veterinary,Region,Northeast,16295,798471.48,0.96
zoetis_vet_internal,2024-12,2024-Q4,Parasiticides,TickShield Plus,PAR-TICKSHIELD-L,Veterinary,Region,Northeast,18005,432131.69,0.96
zoetis_vet_internal,2024-12,2024-Q4,Parasiticides,TickShield Plus,PAR-TICKSHIELD-S,Veterinary,Region,Northeast,24776,594619.53,0.96
zoetis_vet_internal,2024-12,2024-Q4,Vaccines,Vanguard,VAC-VANGUARD-L,Veterinary,Region,Northeast,51259,1127692.09,0.96
zoetis_vet_internal,2024-12,2024-Q4,Vaccines,Vanguard,VAC-VANGUARD-S,Veterinary,Region,Northeast,68726,1511982.74,0.96
zoetis_vet_internal,2024-12,2024-Q4,Parasiticides,VectraGuard,PAR-VECTRAGUAR-L,Veterinary,Region,Northeast,21721,564756.36,0.96
zoetis_vet_internal,2024-12,2024-Q4,Parasiticides,VectraGuard,PAR-VECTRAGUAR-S,Veterinary,Region,Northeast,29151,757923.49,0.96
zoetis_vet_internal,2024-12,2024-Q4,Vaccines,VetGuard Immunize,VAC-VETGUARD-I-L,Veterinary,Region,Northeast,32742,622105.74,0.96
zoetis_vet_internal,2024-12,2024-Q4,Vaccines,VetGuard Immunize,VAC-VETGUARD-I-S,Veterinary,Region,Northeast,44895,853007.72,0.96
zoetis_vet_internal,2024-12,2024-Q4,Vaccines,VetSelect Core Vax,VAC-VETSELECT--L,Veterinary,Region,Northeast,27404,383652.78,0.96
zoetis_vet_internal,2024-12,2024-Q4,Vaccines,VetSelect Core Vax,VAC-VETSELECT--S,Veterinary,Region,Northeast,37584,526172.2,0.96
zoetis_vet_internal,2024-12,2024-Q4,Dermatology,VetSelect Derma,DRM-VETSELECT--L,Veterinary,Region,Northeast,9780,371631.36,0.96
zoetis_vet_internal,2024-12,2024-Q4,Dermatology,VetSelect Derma,DRM-VETSELECT--S,Veterinary,Region,Northeast,12899,490179.23,0.96
zoetis_vet_internal,2024-12,2024-Q4,Petcare Diagnostics,VetSelect Dx,DIA-VETSELECT--L,Veterinary,Region,Northeast,23912,286940.75,0.96
zoetis_vet_internal,2024-12,2024-Q4,Petcare Diagnostics,VetSelect Dx,DIA-VETSELECT--S,Veterinary,Region,Northeast,32105,385261.35,0.96
zoetis_vet_internal,2024-12,2024-Q4,Parasiticides,VetSelect Flea & Tick,PAR-VETSELECT--L,Veterinary,Region,Northeast,15881,269973.59,0.96
zoetis_vet_internal,2024-12,2024-Q4,Parasiticides,VetSelect Flea & Tick,PAR-VETSELECT--S,Veterinary,Region,Northeast,21290,361934.67,0.96
zoetis_vet_internal,2024-12,2024-Q4,Pain/Osteoarthritis,VetSelect Joint,PAN-VETSELECT--L,Veterinary,Region,Northeast,12254,355374.02,0.96
zoetis_vet_internal,2024-12,2024-Q4,Pain/Osteoarthritis,VetSelect Joint,PAN-VETSELECT--S,Veterinary,Region,Northeast,17187,498423.47,0.96
zoetis_vet_internal,2024-12,2024-Q4,Petcare Diagnostics,Vetscan,DIA-VETSCAN-L,Veterinary,Region,Northeast,64100,1153807.98,0.96
zoetis_vet_internal,2024-12,2024-Q4,Petcare Diagnostics,Vetscan,DIA-VETSCAN-S,Veterinary,Region,Northeast,88540,1593721.91,0.96
zoetis_vet_internal,2024-12,2024-Q4,Dermatology,AllerVet RX,DRM-ALLERVET-R-L,Veterinary,Region,South,22011,1188567.02,0.96
zoetis_vet_internal,2024-12,2024-Q4,Dermatology,AllerVet RX,DRM-ALLERVET-R-S,Veterinary,Region,South,29833,1610998.49,0.96
zoetis_vet_internal,2024-12,2024-Q4,Dermatology,Apoquel,DRM-APOQUEL-L,Veterinary,Region,South,37296,2424229.24,0.96
zoetis_vet_internal,2024-12,2024-Q4,Dermatology,Apoquel,DRM-APOQUEL-S,Veterinary,Region,South,49932,3245600.35,0.96
zoetis_vet_internal,2024-12,2024-Q4,Vaccines,BioShield Vax,VAC-BIOSHIELD--L,Veterinary,Region,South,56248,1124965.2,0.96
zoetis_vet_internal,2024-12,2024-Q4,Vaccines,BioShield Vax,VAC-BIOSHIELD--S,Veterinary,Region,South,79501,1590026.65,0.96
zoetis_vet_internal,2024-12,2024-Q4,Dermatology,DermaCalm,DRM-DERMACALM-L,Veterinary,Region,South,22983,1332990.59,0.96
zoetis_vet_internal,2024-12,2024-Q4,Dermatology,DermaCalm,DRM-DERMACALM-S,Veterinary,Region,South,31943,1852669.88,0.96
zoetis_vet_internal,2024-12,2024-Q4,Petcare Diagnostics,DiagnosTech Vet,DIA-DIAGNOSTEC-L,Veterinary,Region,South,80242,1364117.69,0.96
zoetis_vet_internal,2024-12,2024-Q4,Petcare Diagnostics,DiagnosTech Vet,DIA-DIAGNOSTEC-S,Veterinary,Region,South,114741,1950593.12,0.96
zoetis_vet_internal,2024-12,2024-Q4,Parasiticides,FleaStop Pro,PAR-FLEASTOP-P-L,Veterinary,Region,South,23597,495527.14,0.96
zoetis_vet_internal,2024-12,2024-Q4,Parasiticides,FleaStop Pro,PAR-FLEASTOP-P-S,Veterinary,Region,South,33231,697847.61,0.96
zoetis_vet_internal,2024-12,2024-Q4,Pain/Osteoarthritis,FlexiCare Joint,PAN-FLEXICARE--L,Veterinary,Region,South,25747,1132878.81,0.96
zoetis_vet_internal,2024-12,2024-Q4,Pain/Osteoarthritis,FlexiCare Joint,PAN-FLEXICARE--S,Veterinary,Region,South,35833,1576658.88,0.96
zoetis_vet_internal,2024-12,2024-Q4,Vaccines,ImmunoCore Canine,VAC-IMMUNOCORE-L,Veterinary,Region,South,67344,1414228.86,0.96
zoetis_vet_internal,2024-12,2024-Q4,Vaccines,ImmunoCore Canine,VAC-IMMUNOCORE-S,Veterinary,Region,South,97568,2048923.3,0.96
zoetis_vet_internal,2024-12,2024-Q4,Pain/Osteoarthritis,Librela,PAN-LIBRELA-L,Veterinary,Region,South,29547,1418265.35,0.96
zoetis_vet_internal,2024-12,2024-Q4,Pain/Osteoarthritis,Librela,PAN-LIBRELA-S,Veterinary,Region,South,41746,2003812.66,0.96
zoetis_vet_internal,2024-12,2024-Q4,Pain/Osteoarthritis,OsteoEase Vet,PAN-OSTEOEASE--L,Veterinary,Region,South,25734,1055073.72,0.96
zoetis_vet_internal,2024-12,2024-Q4,Pain/Osteoarthritis,OsteoEase Vet,PAN-OSTEOEASE--S,Veterinary,Region,South,35627,1460689.21,0.96
zoetis_vet_internal,2024-12,2024-Q4,Pain/Osteoarthritis,PainAway Canine,PAN-PAINAWAY-C-L,Veterinary,Region,South,21224,785287.69,0.96
zoetis_vet_internal,2024-12,2024-Q4,Pain/Osteoarthritis,PainAway Canine,PAN-PAINAWAY-C-S,Veterinary,Region,South,29701,1098928.51,0.96
zoetis_vet_internal,2024-12,2024-Q4,Petcare Diagnostics,PetLab Analyzer,DIA-PETLAB-ANA-L,Veterinary,Region,South,46302,694536.96,0.96
zoetis_vet_internal,2024-12,2024-Q4,Petcare Diagnostics,PetLab Analyzer,DIA-PETLAB-ANA-S,Veterinary,Region,South,65344,980163.36,0.96
zoetis_vet_internal,2024-12,2024-Q4,Petcare Diagnostics,RapidVet Dx,DIA-RAPIDVET-D-L,Veterinary,Region,South,73781,1180498.5,0.96
zoetis_vet_internal,2024-12,2024-Q4,Petcare Diagnostics,RapidVet Dx,DIA-RAPIDVET-D-S,Veterinary,Region,South,102027,1632431.4,0.96
zoetis_vet_internal,2024-12,2024-Q4,Parasiticides,Simparica Trio,PAR-SIMPARICA--L,Veterinary,Region,South,48921,1369792.14,0.96
zoetis_vet_internal,2024-12,2024-Q4,Parasiticides,Simparica Trio,PAR-SIMPARICA--S,Veterinary,Region,South,68631,1921676.99,0.96
zoetis_vet_internal,2024-12,2024-Q4,Dermatology,SkinRelief Pro,DRM-SKINRELIEF-L,Veterinary,Region,South,18136,888666.36,0.96
zoetis_vet_internal,2024-12,2024-Q4,Dermatology,SkinRelief Pro,DRM-SKINRELIEF-S,Veterinary,Region,South,25889,1268560.84,0.96
zoetis_vet_internal,2024-12,2024-Q4,Parasiticides,TickShield Plus,PAR-TICKSHIELD-L,Veterinary,Region,South,27010,648243.61,0.96
zoetis_vet_internal,2024-12,2024-Q4,Parasiticides,TickShield Plus,PAR-TICKSHIELD-S,Veterinary,Region,South,37006,888140.98,0.96
zoetis_vet_internal,2024-12,2024-Q4,Vaccines,Vanguard,VAC-VANGUARD-L,Veterinary,Region,South,77001,1694023.24,0.96
zoetis_vet_internal,2024-12,2024-Q4,Vaccines,Vanguard,VAC-VANGUARD-S,Veterinary,Region,South,109306,2404733.02,0.96
zoetis_vet_internal,2024-12,2024-Q4,Parasiticides,VectraGuard,PAR-VECTRAGUAR-L,Veterinary,Region,South,33297,865714.48,0.96
zoetis_vet_internal,2024-12,2024-Q4,Parasiticides,VectraGuard,PAR-VECTRAGUAR-S,Veterinary,Region,South,43764,1137861.94,0.96
zoetis_vet_internal,2024-12,2024-Q4,Vaccines,VetGuard Immunize,VAC-VETGUARD-I-L,Veterinary,Region,South,48259,916914.37,0.96
zoetis_vet_internal,2024-12,2024-Q4,Vaccines,VetGuard Immunize,VAC-VETGUARD-I-S,Veterinary,Region,South,67796,1288116.9,0.96
zoetis_vet_internal,2024-12,2024-Q4,Vaccines,VetSelect Core Vax,VAC-VETSELECT--L,Veterinary,Region,South,45120,631677.57,0.96
zoetis_vet_internal,2024-12,2024-Q4,Vaccines,VetSelect Core Vax,VAC-VETSELECT--S,Veterinary,Region,South,64725,906146.97,0.96
zoetis_vet_internal,2024-12,2024-Q4,Dermatology,VetSelect Derma,DRM-VETSELECT--L,Veterinary,Region,South,15587,592307.85,0.96
zoetis_vet_internal,2024-12,2024-Q4,Dermatology,VetSelect Derma,DRM-VETSELECT--S,Veterinary,Region,South,21062,800348.96,0.96
zoetis_vet_internal,2024-12,2024-Q4,Petcare Diagnostics,VetSelect Dx,DIA-VETSELECT--L,Veterinary,Region,South,35026,420316.46,0.96
zoetis_vet_internal,2024-12,2024-Q4,Petcare Diagnostics,VetSelect Dx,DIA-VETSELECT--S,Veterinary,Region,South,47083,565000.73,0.96
zoetis_vet_internal,2024-12,2024-Q4,Parasiticides,VetSelect Flea & Tick,PAR-VETSELECT--L,Veterinary,Region,South,24927,423763.36,0.96
zoetis_vet_internal,2024-12,2024-Q4,Parasiticides,VetSelect Flea & Tick,PAR-VETSELECT--S,Veterinary,Region,South,34131,580230.18,0.96
zoetis_vet_internal,2024-12,2024-Q4,Pain/Osteoarthritis,VetSelect Joint,PAN-VETSELECT--L,Veterinary,Region,South,18540,537665.2,0.96
zoetis_vet_internal,2024-12,2024-Q4,Pain/Osteoarthritis,VetSelect Joint,PAN-VETSELECT--S,Veterinary,Region,South,26059,755705.97,0.96
zoetis_vet_internal,2024-12,2024-Q4,Petcare Diagnostics,Vetscan,DIA-VETSCAN-L,Veterinary,Region,South,104592,1882664.97,0.96
zoetis_vet_internal,2024-12,2024-Q4,Petcare Diagnostics,Vetscan,DIA-VETSCAN-S,Veterinary,Region,South,136741,2461334.86,0.96
zoetis_vet_internal,2024-12,2024-Q4,Dermatology,AllerVet RX,DRM-ALLERVET-R-L,Veterinary,Region,West,14378,776412.98,0.96
zoetis_vet_internal,2024-12,2024-Q4,Dermatology,AllerVet RX,DRM-ALLERVET-R-S,Veterinary,Region,West,20370,1099956.02,0.96
zoetis_vet_internal,2024-12,2024-Q4,Dermatology,Apoquel,DRM-APOQUEL-L,Veterinary,Region,West,25191,1637440.91,0.96
zoetis_vet_internal,2024-12,2024-Q4,Dermatology,Apoquel,DRM-APOQUEL-S,Veterinary,Region,West,36120,2347777.94,0.96
zoetis_vet_internal,2024-12,2024-Q4,Vaccines,BioShield Vax,VAC-BIOSHIELD--L,Veterinary,Region,West,37871,757418.7,0.96
zoetis_vet_internal,2024-12,2024-Q4,Vaccines,BioShield Vax,VAC-BIOSHIELD--S,Veterinary,Region,West,50376,1007525.04,0.96
zoetis_vet_internal,2024-12,2024-Q4,Dermatology,DermaCalm,DRM-DERMACALM-L,Veterinary,Region,West,15847,919114.81,0.96
zoetis_vet_internal,2024-12,2024-Q4,Dermatology,DermaCalm,DRM-DERMACALM-S,Veterinary,Region,West,22957,1331491.17,0.96
zoetis_vet_internal,2024-12,2024-Q4,Petcare Diagnostics,DiagnosTech Vet,DIA-DIAGNOSTEC-L,Veterinary,Region,West,57100,970699.96,0.96
zoetis_vet_internal,2024-12,2024-Q4,Petcare Diagnostics,DiagnosTech Vet,DIA-DIAGNOSTEC-S,Veterinary,Region,West,74913,1273513.48,0.96
zoetis_vet_internal,2024-12,2024-Q4,Parasiticides,FleaStop Pro,PAR-FLEASTOP-P-L,Veterinary,Region,West,15516,325837.43,0.96
zoetis_vet_internal,2024-12,2024-Q4,Parasiticides,FleaStop Pro,PAR-FLEASTOP-P-S,Veterinary,Region,West,21899,459873.65,0.96
zoetis_vet_internal,2024-12,2024-Q4,Pain/Osteoarthritis,FlexiCare Joint,PAN-FLEXICARE--L,Veterinary,Region,West,17154,754755.87,0.96
zoetis_vet_internal,2024-12,2024-Q4,Pain/Osteoarthritis,FlexiCare Joint,PAN-FLEXICARE--S,Veterinary,Region,West,24264,1067611.94,0.96
zoetis_vet_internal,2024-12,2024-Q4,Vaccines,ImmunoCore Canine,VAC-IMMUNOCORE-L,Veterinary,Region,West,46554,977635.73,0.96
zoetis_vet_internal,2024-12,2024-Q4,Vaccines,ImmunoCore Canine,VAC-IMMUNOCORE-S,Veterinary,Region,West,63573,1335040.12,0.96
zoetis_vet_internal,2024-12,2024-Q4,Pain/Osteoarthritis,Librela,PAN-LIBRELA-L,Veterinary,Region,West,19294,926134.44,0.96
zoetis_vet_internal,2024-12,2024-Q4,Pain/Osteoarthritis,Librela,PAN-LIBRELA-S,Veterinary,Region,West,27547,1322258.72,0.96
zoetis_vet_internal,2024-12,2024-Q4,Pain/Osteoarthritis,OsteoEase Vet,PAN-OSTEOEASE--L,Veterinary,Region,West,16040,657633.46,0.96
zoetis_vet_internal,2024-12,2024-Q4,Pain/Osteoarthritis,OsteoEase Vet,PAN-OSTEOEASE--S,Veterinary,Region,West,22084,905428.3,0.96
zoetis_vet_internal,2024-12,2024-Q4,Pain/Osteoarthritis,PainAway Canine,PAN-PAINAWAY-C-L,Veterinary,Region,West,15613,577670.67,0.96
zoetis_vet_internal,2024-12,2024-Q4,Pain/Osteoarthritis,PainAway Canine,PAN-PAINAWAY-C-S,Veterinary,Region,West,20929,774388.68,0.96
zoetis_vet_internal,2024-12,2024-Q4,Petcare Diagnostics,PetLab Analyzer,DIA-PETLAB-ANA-L,Veterinary,Region,West,29082,436233.82,0.96
zoetis_vet_internal,2024-12,2024-Q4,Petcare Diagnostics,PetLab Analyzer,DIA-PETLAB-ANA-S,Veterinary,Region,West,40772,611580.0,0.96
zoetis_vet_internal,2024-12,2024-Q4,Petcare Diagnostics,RapidVet Dx,DIA-RAPIDVET-D-L,Veterinary,Region,West,50994,815897.71,0.96
zoetis_vet_internal,2024-12,2024-Q4,Petcare Diagnostics,RapidVet Dx,DIA-RAPIDVET-D-S,Veterinary,Region,West,70625,1130004.97,0.96
zoetis_vet_internal,2024-12,2024-Q4,Parasiticides,Simparica Trio,PAR-SIMPARICA--L,Veterinary,Region,West,29841,835534.41,0.96
zoetis_vet_internal,2024-12,2024-Q4,Parasiticides,Simparica Trio,PAR-SIMPARICA--S,Veterinary,Region,West,42259,1183255.72,0.96
zoetis_vet_internal,2024-12,2024-Q4,Dermatology,SkinRelief Pro,DRM-SKINRELIEF-L,Veterinary,Region,West,12626,618687.03,0.96
zoetis_vet_internal,2024-12,2024-Q4,Dermatology,SkinRelief Pro,DRM-SKINRELIEF-S,Veterinary,Region,West,18082,886028.34,0.96
zoetis_vet_internal,2024-12,2024-Q4,Parasiticides,TickShield Plus,PAR-TICKSHIELD-L,Veterinary,Region,West,19543,469028.42,0.96
zoetis_vet_internal,2024-12,2024-Q4,Parasiticides,TickShield Plus,PAR-TICKSHIELD-S,Veterinary,Region,West,26733,641583.91,0.96
zoetis_vet_internal,2024-12,2024-Q4,Vaccines,Vanguard,VAC-VANGUARD-L,Veterinary,Region,West,50808,1117776.13,0.96
zoetis_vet_internal,2024-12,2024-Q4,Vaccines,Vanguard,VAC-VANGUARD-S,Veterinary,Region,West,68499,1506968.25,0.96
zoetis_vet_internal,2024-12,2024-Q4,Parasiticides,VectraGuard,PAR-VECTRAGUAR-L,Veterinary,Region,West,21161,550196.94,0.96
zoetis_vet_internal,2024-12,2024-Q4,Parasiticides,VectraGuard,PAR-VECTRAGUAR-S,Veterinary,Region,West,28360,737355.55,0.96
zoetis_vet_internal,2024-12,2024-Q4,Vaccines,VetGuard Immunize,VAC-VETGUARD-I-L,Veterinary,Region,West,30946,587970.66,0.96
zoetis_vet_internal,2024-12,2024-Q4,Vaccines,VetGuard Immunize,VAC-VETGUARD-I-S,Veterinary,Region,West,44650,848347.08,0.96
zoetis_vet_internal,2024-12,2024-Q4,Vaccines,VetSelect Core Vax,VAC-VETSELECT--L,Veterinary,Region,West,30895,432536.85,0.96
zoetis_vet_internal,2024-12,2024-Q4,Vaccines,VetSelect Core Vax,VAC-VETSELECT--S,Veterinary,Region,West,42533,595463.2,0.96
zoetis_vet_internal,2024-12,2024-Q4,Dermatology,VetSelect Derma,DRM-VETSELECT--L,Veterinary,Region,West,10566,401506.84,0.96
zoetis_vet_internal,2024-12,2024-Q4,Dermatology,VetSelect Derma,DRM-VETSELECT--S,Veterinary,Region,West,14168,538386.29,0.96
zoetis_vet_internal,2024-12,2024-Q4,Petcare Diagnostics,VetSelect Dx,DIA-VETSELECT--L,Veterinary,Region,West,24743,296916.26,0.96
zoetis_vet_internal,2024-12,2024-Q4,Petcare Diagnostics,VetSelect Dx,DIA-VETSELECT--S,Veterinary,Region,West,33168,398011.81,0.96
zoetis_vet_internal,2024-12,2024-Q4,Parasiticides,VetSelect Flea & Tick,PAR-VETSELECT--L,Veterinary,Region,West,16608,282332.26,0.96
zoetis_vet_internal,2024-12,2024-Q4,Parasiticides,VetSelect Flea & Tick,PAR-VETSELECT--S,Veterinary,Region,West,21950,373144.29,0.96
zoetis_vet_internal,2024-12,2024-Q4,Pain/Osteoarthritis,VetSelect Joint,PAN-VETSELECT--L,Veterinary,Region,West,13027,377784.67,0.96
zoetis_vet_internal,2024-12,2024-Q4,Pain/Osteoarthritis,VetSelect Joint,PAN-VETSELECT--S,Veterinary,Region,West,17621,511015.83,0.96
zoetis_vet_internal,2024-12,2024-Q4,Petcare Diagnostics,Vetscan,DIA-VETSCAN-L,Veterinary,Region,West,66205,1191688.75,0.96
zoetis_vet_internal,2024-12,2024-Q4,Petcare Diagnostics,Vetscan,DIA-VETSCAN-S,Veterinary,Region,West,95576,1720372.8,0.96
zoetis_vet_internal,2025-01,2025-Q1,Dermatology,AllerVet RX,DRM-ALLERVET-R-L,Veterinary,National,National,61846,3339690.96,0.96
zoetis_vet_internal,2025-01,2025-Q1,Dermatology,AllerVet RX,DRM-ALLERVET-R-S,Veterinary,National,National,85140,4597525.59,0.96
zoetis_vet_internal,2025-01,2025-Q1,Dermatology,Apoquel,DRM-APOQUEL-L,Veterinary,National,National,107432,6983045.64,0.96
zoetis_vet_internal,2025-01,2025-Q1,Dermatology,Apoquel,DRM-APOQUEL-S,Veterinary,National,National,147618,9595221.64,0.96
zoetis_vet_internal,2025-01,2025-Q1,Vaccines,BioShield Vax,VAC-BIOSHIELD--L,Veterinary,National,National,169696,3393921.23,0.96
zoetis_vet_internal,2025-01,2025-Q1,Vaccines,BioShield Vax,VAC-BIOSHIELD--S,Veterinary,National,National,230709,4614180.01,0.96
zoetis_vet_internal,2025-01,2025-Q1,Dermatology,DermaCalm,DRM-DERMACALM-L,Veterinary,National,National,66774,3872903.83,0.96
zoetis_vet_internal,2025-01,2025-Q1,Dermatology,DermaCalm,DRM-DERMACALM-S,Veterinary,National,National,92979,5392813.05,0.96
zoetis_vet_internal,2025-01,2025-Q1,Petcare Diagnostics,DiagnosTech Vet,DIA-DIAGNOSTEC-L,Veterinary,National,National,246846,4196380.31,0.96
zoetis_vet_internal,2025-01,2025-Q1,Petcare Diagnostics,DiagnosTech Vet,DIA-DIAGNOSTEC-S,Veterinary,National,National,339840,5777306.68,0.96
zoetis_vet_internal,2025-01,2025-Q1,Parasiticides,FleaStop Pro,PAR-FLEASTOP-P-L,Veterinary,National,National,72556,1523688.02,0.96
zoetis_vet_internal,2025-01,2025-Q1,Parasiticides,FleaStop Pro,PAR-FLEASTOP-P-S,Veterinary,National,National,99800,2095782.76,0.96
zoetis_vet_internal,2025-01,2025-Q1,Pain/Osteoarthritis,FlexiCare Joint,PAN-FLEXICARE--L,Veterinary,National,National,80656,3548872.59,0.96
zoetis_vet_internal,2025-01,2025-Q1,Pain/Osteoarthritis,FlexiCare Joint,PAN-FLEXICARE--S,Veterinary,National,National,110624,4867487.75,0.96
zoetis_vet_internal,2025-01,2025-Q1,Vaccines,ImmunoCore Canine,VAC-IMMUNOCORE-L,Veterinary,National,National,221095,4642998.48,0.96
zoetis_vet_internal,2025-01,2025-Q1,Vaccines,ImmunoCore Canine,VAC-IMMUNOCORE-S,Veterinary,National,National,307783,6463464.6,0.96
zoetis_vet_internal,2025-01,2025-Q1,Pain/Osteoarthritis,Librela,PAN-LIBRELA-L,Veterinary,National,National,92225,4426780.64,0.96
zoetis_vet_internal,2025-01,2025-Q1,Pain/Osteoarthritis,Librela,PAN-LIBRELA-S,Veterinary,National,National,127298,6110327.76,0.96
zoetis_vet_internal,2025-01,2025-Q1,Pain/Osteoarthritis,OsteoEase Vet,PAN-OSTEOEASE--L,Veterinary,National,National,75224,3084226.54,0.96
zoetis_vet_internal,2025-01,2025-Q1,Pain/Osteoarthritis,OsteoEase Vet,PAN-OSTEOEASE--S,Veterinary,National,National,104608,4288913.04,0.96
zoetis_vet_internal,2025-01,2025-Q1,Pain/Osteoarthritis,PainAway Canine,PAN-PAINAWAY-C-L,Veterinary,National,National,68799,2545613.67,0.96
zoetis_vet_internal,2025-01,2025-Q1,Pain/Osteoarthritis,PainAway Canine,PAN-PAINAWAY-C-S,Veterinary,National,National,95682,3540210.82,0.96
zoetis_vet_internal,2025-01,2025-Q1,Petcare Diagnostics,PetLab Analyzer,DIA-PETLAB-ANA-L,Veterinary,National,National,148006,2220100.65,0.96
zoetis_vet_internal,2025-01,2025-Q1,Petcare Diagnostics,PetLab Analyzer,DIA-PETLAB-ANA-S,Veterinary,National,National,201131,3016971.34,0.96
zoetis_vet_internal,2025-01,2025-Q1,Petcare Diagnostics,RapidVet Dx,DIA-RAPIDVET-D-L,Veterinary,National,National,227461,3639382.25,0.96
zoetis_vet_internal,2025-01,2025-Q1,Petcare Diagnostics,RapidVet Dx,DIA-RAPIDVET-D-S,Veterinary,National,National,317508,5080147.24,0.96
zoetis_vet_internal,2025-01,2025-Q1,Parasiticides,Simparica Trio,PAR-SIMPARICA--L,Veterinary,National,National,152302,4264458.78,0.96
zoetis_vet_internal,2025-01,2025-Q1,Parasiticides,Simparica Trio,PAR-SIMPARICA--S,Veterinary,National,National,214803,6014488.89,0.96
zoetis_vet_internal,2025-01,2025-Q1,Dermatology,SkinRelief Pro,DRM-SKINRELIEF-L,Veterinary,National,National,54769,2683704.78,0.96
zoetis_vet_internal,2025-01,2025-Q1,Dermatology,SkinRelief Pro,DRM-SKINRELIEF-S,Veterinary,National,National,76025,3725264.6,0.96
zoetis_vet_internal,2025-01,2025-Q1,Parasiticides,TickShield Plus,PAR-TICKSHIELD-L,Veterinary,National,National,84395,2025490.9,0.96
zoetis_vet_internal,2025-01,2025-Q1,Parasiticides,TickShield Plus,PAR-TICKSHIELD-S,Veterinary,National,National,115903,2781681.07,0.96
zoetis_vet_internal,2025-01,2025-Q1,Vaccines,Vanguard,VAC-VANGUARD-L,Veterinary,National,National,249569,5490510.85,0.96
zoetis_vet_internal,2025-01,2025-Q1,Vaccines,Vanguard,VAC-VANGUARD-S,Veterinary,National,National,329200,7242391.67,0.96
zoetis_vet_internal,2025-01,2025-Q1,Parasiticides,VectraGuard,PAR-VECTRAGUAR-L,Veterinary,National,National,99477,2586388.72,0.96
zoetis_vet_internal,2025-01,2025-Q1,Parasiticides,VectraGuard,PAR-VECTRAGUAR-S,Veterinary,National,National,139420,3624901.42,0.96
zoetis_vet_internal,2025-01,2025-Q1,Vaccines,VetGuard Immunize,VAC-VETGUARD-I-L,Veterinary,National,National,150627,2861923.08,0.96
zoetis_vet_internal,2025-01,2025-Q1,Vaccines,VetGuard Immunize,VAC-VETGUARD-I-S,Veterinary,National,National,207962,3951256.62,0.96
zoetis_vet_internal,2025-01,2025-Q1,Vaccines,VetSelect Core Vax,VAC-VETSELECT--L,Veterinary,National,National,137900,1930590.69,0.96
zoetis_vet_internal,2025-01,2025-Q1,Vaccines,VetSelect Core Vax,VAC-VETSELECT--S,Veterinary,National,National,189882,2658351.31,0.96
zoetis_vet_internal,2025-01,2025-Q1,Dermatology,VetSelect Derma,DRM-VETSELECT--L,Veterinary,National,National,47364,1799793.89,0.96
zoetis_vet_internal,2025-01,2025-Q1,Dermatology,VetSelect Derma,DRM-VETSELECT--S,Veterinary,National,National,64438,2448627.77,0.96
zoetis_vet_internal,2025-01,2025-Q1,Petcare Diagnostics,VetSelect Dx,DIA-VETSELECT--L,Veterinary,National,National,106888,1282660.38,0.96
zoetis_vet_internal,2025-01,2025-Q1,Petcare Diagnostics,VetSelect Dx,DIA-VETSELECT--S,Veterinary,National,National,149608,1795289.7,0.96
zoetis_vet_internal,2025-01,2025-Q1,Parasiticides,VetSelect Flea & Tick,PAR-VETSELECT--L,Veterinary,National,National,71126,1209136.02,0.96
zoetis_vet_internal,2025-01,2025-Q1,Parasiticides,VetSelect Flea & Tick,PAR-VETSELECT--S,Veterinary,National,National,96954,1648216.57,0.96
zoetis_vet_internal,2025-01,2025-Q1,Pain/Osteoarthritis,VetSelect Joint,PAN-VETSELECT--L,Veterinary,National,National,62694,1818134.87,0.96
zoetis_vet_internal,2025-01,2025-Q1,Pain/Osteoarthritis,VetSelect Joint,PAN-VETSELECT--S,Veterinary,National,National,86620,2511962.56,0.96
zoetis_vet_internal,2025-01,2025-Q1,Petcare Diagnostics,Vetscan,DIA-VETSCAN-L,Veterinary,National,National,300198,5403552.57,0.96
zoetis_vet_internal,2025-01,2025-Q1,Petcare Diagnostics,Vetscan,DIA-VETSCAN-S,Veterinary,National,National,410584,7390505.45,0.96
zoetis_vet_internal,2025-01,2025-Q1,Dermatology,AllerVet RX,DRM-ALLERVET-R-L,Veterinary,Region,Midwest,13275,716855.57,0.96
zoetis_vet_internal,2025-01,2025-Q1,Dermatology,AllerVet RX,DRM-ALLERVET-R-S,Veterinary,Region,Midwest,18417,994512.91,0.96
zoetis_vet_internal,2025-01,2025-Q1,Dermatology,Apoquel,DRM-APOQUEL-L,Veterinary,Region,Midwest,21826,1418666.78,0.96
zoetis_vet_internal,2025-01,2025-Q1,Dermatology,Apoquel,DRM-APOQUEL-S,Veterinary,Region,Midwest,30328,1971332.24,0.96
zoetis_vet_internal,2025-01,2025-Q1,Vaccines,BioShield Vax,VAC-BIOSHIELD--L,Veterinary,Region,Midwest,35967,719334.03,0.96
zoetis_vet_internal,2025-01,2025-Q1,Vaccines,BioShield Vax,VAC-BIOSHIELD--S,Veterinary,Region,Midwest,48769,975374.61,0.96
zoetis_vet_internal,2025-01,2025-Q1,Dermatology,DermaCalm,DRM-DERMACALM-L,Veterinary,Region,Midwest,14014,812811.9,0.96
zoetis_vet_internal,2025-01,2025-Q1,Dermatology,DermaCalm,DRM-DERMACALM-S,Veterinary,Region,Midwest,20506,1189364.01,0.96
zoetis_vet_internal,2025-01,2025-Q1,Petcare Diagnostics,DiagnosTech Vet,DIA-DIAGNOSTEC-L,Veterinary,Region,Midwest,48150,818554.46,0.96
zoetis_vet_internal,2025-01,2025-Q1,Petcare Diagnostics,DiagnosTech Vet,DIA-DIAGNOSTEC-S,Veterinary,Region,Midwest,67652,1150092.17,0.96
zoetis_vet_internal,2025-01,2025-Q1,Parasiticides,FleaStop Pro,PAR-FLEASTOP-P-L,Veterinary,Region,Midwest,14803,310869.57,0.96
zoetis_vet_internal,2025-01,2025-Q1,Parasiticides,FleaStop Pro,PAR-FLEASTOP-P-S,Veterinary,Region,Midwest,19821,416230.68,0.96
zoetis_vet_internal,2025-01,2025-Q1,Pain/Osteoarthritis,FlexiCare Joint,PAN-FLEXICARE--L,Veterinary,Region,Midwest,16762,737514.58,0.96
zoetis_vet_internal,2025-01,2025-Q1,Pain/Osteoarthritis,FlexiCare Joint,PAN-FLEXICARE--S,Veterinary,Region,Midwest,23021,1012941.83,0.96
zoetis_vet_internal,2025-01,2025-Q1,Vaccines,ImmunoCore Canine,VAC-IMMUNOCORE-L,Veterinary,Region,Midwest,44615,936912.06,0.96
zoetis_vet_internal,2025-01,2025-Q1,Vaccines,ImmunoCore Canine,VAC-IMMUNOCORE-S,Veterinary,Region,Midwest,63308,1329473.06,0.96
zoetis_vet_internal,2025-01,2025-Q1,Pain/Osteoarthritis,Librela,PAN-LIBRELA-L,Veterinary,Region,Midwest,18521,889016.1,0.96
zoetis_vet_internal,2025-01,2025-Q1,Pain/Osteoarthritis,Librela,PAN-LIBRELA-S,Veterinary,Region,Midwest,25196,1209394.78,0.96
zoetis_vet_internal,2025-01,2025-Q1,Pain/Osteoarthritis,OsteoEase Vet,PAN-OSTEOEASE--L,Veterinary,Region,Midwest,15757,646045.27,0.96
zoetis_vet_internal,2025-01,2025-Q1,Pain/Osteoarthritis,OsteoEase Vet,PAN-OSTEOEASE--S,Veterinary,Region,Midwest,23154,949319.93,0.96
zoetis_vet_internal,2025-01,2025-Q1,Pain/Osteoarthritis,PainAway Canine,PAN-PAINAWAY-C-L,Veterinary,Region,Midwest,14007,518273.05,0.96
zoetis_vet_internal,2025-01,2025-Q1,Pain/Osteoarthritis,PainAway Canine,PAN-PAINAWAY-C-S,Veterinary,Region,Midwest,19725,729828.8,0.96
zoetis_vet_internal,2025-01,2025-Q1,Petcare Diagnostics,PetLab Analyzer,DIA-PETLAB-ANA-L,Veterinary,Region,Midwest,31526,472892.21,0.96
zoetis_vet_internal,2025-01,2025-Q1,Petcare Diagnostics,PetLab Analyzer,DIA-PETLAB-ANA-S,Veterinary,Region,Midwest,44180,662698.49,0.96
zoetis_vet_internal,2025-01,2025-Q1,Petcare Diagnostics,RapidVet Dx,DIA-RAPIDVET-D-L,Veterinary,Region,Midwest,50485,807765.23,0.96
zoetis_vet_internal,2025-01,2025-Q1,Petcare Diagnostics,RapidVet Dx,DIA-RAPIDVET-D-S,Veterinary,Region,Midwest,72331,1157300.96,0.96
zoetis_vet_internal,2025-01,2025-Q1,Parasiticides,Simparica Trio,PAR-SIMPARICA--L,Veterinary,Region,Midwest,31976,895333.65,0.96
zoetis_vet_internal,2025-01,2025-Q1,Parasiticides,Simparica Trio,PAR-SIMPARICA--S,Veterinary,Region,Midwest,46110,1291078.23,0.96
zoetis_vet_internal,2025-01,2025-Q1,Dermatology,SkinRelief Pro,DRM-SKINRELIEF-L,Veterinary,Region,Midwest,12024,589159.78,0.96
zoetis_vet_internal,2025-01,2025-Q1,Dermatology,SkinRelief Pro,DRM-SKINRELIEF-S,Veterinary,Region,Midwest,17040,834977.77,0.96
zoetis_vet_internal,2025-01,2025-Q1,Parasiticides,TickShield Plus,PAR-TICKSHIELD-L,Veterinary,Region,Midwest,17173,412161.58,0.96
zoetis_vet_internal,2025-01,2025-Q1,Parasiticides,TickShield Plus,PAR-TICKSHIELD-S,Veterinary,Region,Midwest,23413,561919.2,0.96
zoetis_vet_internal,2025-01,2025-Q1,Vaccines,Vanguard,VAC-VANGUARD-L,Veterinary,Region,Midwest,50208,1104577.22,0.96
zoetis_vet_internal,2025-01,2025-Q1,Vaccines,Vanguard,VAC-VANGUARD-S,Veterinary,Region,Midwest,69525,1529544.77,0.96
zoetis_vet_internal,2025-01,2025-Q1,Parasiticides,VectraGuard,PAR-VECTRAGUAR-L,Veterinary,Region,Midwest,21399,556381.1,0.96
zoetis_vet_internal,2025-01,2025-Q1,Parasiticides,VectraGuard,PAR-VECTRAGUAR-S,Veterinary,Region,Midwest,29822,775374.08,0.96
zoetis_vet_internal,2025-01,2025-Q1,Vaccines,VetGuard Immunize,VAC-VETGUARD-I-L,Veterinary,Region,Midwest,32758,622395.24,0.96
zoetis_vet_internal,2025-01,2025-Q1,Vaccines,VetGuard Immunize,VAC-VETGUARD-I-S,Veterinary,Region,Midwest,44123,838333.13,0.96
zoetis_vet_internal,2025-01,2025-Q1,Vaccines,VetSelect Core Vax,VAC-VETSELECT--L,Veterinary,Region,Midwest,28234,395282.5,0.96
zoetis_vet_internal,2025-01,2025-Q1,Vaccines,VetSelect Core Vax,VAC-VETSELECT--S,Veterinary,Region,Midwest,39566,553920.99,0.96
zoetis_vet_internal,2025-01,2025-Q1,Dermatology,VetSelect Derma,DRM-VETSELECT--L,Veterinary,Region,Midwest,9399,357145.09,0.96
zoetis_vet_internal,2025-01,2025-Q1,Dermatology,VetSelect Derma,DRM-VETSELECT--S,Veterinary,Region,Midwest,13066,496501.31,0.96
zoetis_vet_internal,2025-01,2025-Q1,Petcare Diagnostics,VetSelect Dx,DIA-VETSELECT--L,Veterinary,Region,Midwest,22340,268080.89,0.96
zoetis_vet_internal,2025-01,2025-Q1,Petcare Diagnostics,VetSelect Dx,DIA-VETSELECT--S,Veterinary,Region,Midwest,30476,365712.25,0.96
zoetis_vet_internal,2025-01,2025-Q1,Parasiticides,VetSelect Flea & Tick,PAR-VETSELECT--L,Veterinary,Region,Midwest,14325,243531.8,0.96
zoetis_vet_internal,2025-01,2025-Q1,Parasiticides,VetSelect Flea & Tick,PAR-VETSELECT--S,Veterinary,Region,Midwest,19637,333836.16,0.96
zoetis_vet_internal,2025-01,2025-Q1,Pain/Osteoarthritis,VetSelect Joint,PAN-VETSELECT--L,Veterinary,Region,Midwest,13288,385360.87,0.96
zoetis_vet_internal,2025-01,2025-Q1,Pain/Osteoarthritis,VetSelect Joint,PAN-VETSELECT--S,Veterinary,Region,Midwest,18080,524315.81,0.96
zoetis_vet_internal,2025-01,2025-Q1,Petcare Diagnostics,Vetscan,DIA-VETSCAN-L,Veterinary,Region,Midwest,62377,1122777.31,0.96
zoetis_vet_internal,2025-01,2025-Q1,Petcare Diagnostics,Vetscan,DIA-VETSCAN-S,Veterinary,Region,Midwest,84982,1529675.27,0.96
zoetis_vet_internal,2025-01,2025-Q1,Dermatology,AllerVet RX,DRM-ALLERVET-R-L,Veterinary,Region,Northeast,12812,691854.26,0.96
zoetis_vet_internal,2025-01,2025-Q1,Dermatology,AllerVet RX,DRM-ALLERVET-R-S,Veterinary,Region,Northeast,18067,975591.61,0.96
zoetis_vet_internal,2025-01,2025-Q1,Dermatology,Apoquel,DRM-APOQUEL-L,Veterinary,Region,Northeast,23437,1523420.77,0.96
zoetis_vet_internal,2025-01,2025-Q1,Dermatology,Apoquel,DRM-APOQUEL-S,Veterinary,Region,Northeast,31871,2071636.9,0.96
zoetis_vet_internal,2025-01,2025-Q1,Vaccines,BioShield Vax,VAC-BIOSHIELD--L,Veterinary,Region,Northeast,35873,717463.07,0.96
zoetis_vet_internal,2025-01,2025-Q1,Vaccines,BioShield Vax,VAC-BIOSHIELD--S,Veterinary,Region,Northeast,49541,990819.6,0.96
zoetis_vet_internal,2025-01,2025-Q1,Dermatology,DermaCalm,DRM-DERMACALM-L,Veterinary,Region,Northeast,1675,97129.2,0.96
zoetis_vet_internal,2025-01,2025-Q1,Dermatology,DermaCalm,DRM-DERMACALM-S,Veterinary,Region,Northeast,2296,133183.3,0.96
zoetis_vet_internal,2025-01,2025-Q1,Petcare Diagnostics,DiagnosTech Vet,DIA-DIAGNOSTEC-L,Veterinary,Region,Northeast,57215,972649.95,0.96
zoetis_vet_internal,2025-01,2025-Q1,Petcare Diagnostics,DiagnosTech Vet,DIA-DIAGNOSTEC-S,Veterinary,Region,Northeast,77478,1317131.67,0.96
zoetis_vet_internal,2025-01,2025-Q1,Parasiticides,FleaStop Pro,PAR-FLEASTOP-P-L,Veterinary,Region,Northeast,16508,346677.93,0.96
zoetis_vet_internal,2025-01,2025-Q1,Parasiticides,FleaStop Pro,PAR-FLEASTOP-P-S,Veterinary,Region,Northeast,22253,467320.84,0.96
zoetis_vet_internal,2025-01,2025-Q1,Pain/Osteoarthritis,FlexiCare Joint,PAN-FLEXICARE--L,Veterinary,Region,Northeast,17744,780756.87,0.96
zoetis_vet_internal,2025-01,2025-Q1,Pain/Osteoarthritis,FlexiCare Joint,PAN-FLEXICARE--S,Veterinary,Region,Northeast,23715,1043445.32,0.96
zoetis_vet_internal,2025-01,2025-Q1,Vaccines,ImmunoCore Canine,VAC-IMMUNOCORE-L,Veterinary,Region,Northeast,50760,1065960.04,0.96
zoetis_vet_internal,2025-01,2025-Q1,Vaccines,ImmunoCore Canine,VAC-IMMUNOCORE-S,Veterinary,Region,Northeast,68713,1442983.04,0.96
zoetis_vet_internal,2025-01,2025-Q1,Pain/Osteoarthritis,Librela,PAN-LIBRELA-L,Veterinary,Region,Northeast,20417,980006.54,0.96
zoetis_vet_internal,2025-01,2025-Q1,Pain/Osteoarthritis,Librela,PAN-LIBRELA-S,Veterinary,Region,Northeast,29090,1396314.71,0.96
zoetis_vet_internal,2025-01,2025-Q1,Pain/Osteoarthritis,OsteoEase Vet,PAN-OSTEOEASE--L,Veterinary,Region,Northeast,16345,670161.76,0.96
zoetis_vet_internal,2025-01,2025-Q1,Pain/Osteoarthritis,OsteoEase Vet,PAN-OSTEOEASE--S,Veterinary,Region,Northeast,22409,918748.54,0.96
zoetis_vet_internal,2025-01,2025-Q1,Pain/Osteoarthritis,PainAway Canine,PAN-PAINAWAY-C-L,Veterinary,Region,Northeast,15738,582319.08,0.96
zoetis_vet_internal,2025-01,2025-Q1,Pain/Osteoarthritis,PainAway Canine,PAN-PAINAWAY-C-S,Veterinary,Region,Northeast,21316,788675.21,0.96
zoetis_vet_internal,2025-01,2025-Q1,Petcare Diagnostics,PetLab Analyzer,DIA-PETLAB-ANA-L,Veterinary,Region,Northeast,31479,472191.32,0.96
zoetis_vet_internal,2025-01,2025-Q1,Petcare Diagnostics,PetLab Analyzer,DIA-PETLAB-ANA-S,Veterinary,Region,Northeast,42757,641357.56,0.96
zoetis_vet_internal,2025-01,2025-Q1,Petcare Diagnostics,RapidVet Dx,DIA-RAPIDVET-D-L,Veterinary,Region,Northeast,50366,805857.45,0.96
zoetis_vet_internal,2025-01,2025-Q1,Petcare Diagnostics,RapidVet Dx,DIA-RAPIDVET-D-S,Veterinary,Region,Northeast,69178,1106854.63,0.96
zoetis_vet_internal,2025-01,2025-Q1,Parasiticides,Simparica Trio,PAR-SIMPARICA--L,Veterinary,Region,Northeast,33985,951579.81,0.96
zoetis_vet_internal,2025-01,2025-Q1,Parasiticides,Simparica Trio,PAR-SIMPARICA--S,Veterinary,Region,Northeast,46910,1313479.89,0.96
zoetis_vet_internal,2025-01,2025-Q1,Dermatology,SkinRelief Pro,DRM-SKINRELIEF-L,Veterinary,Region,Northeast,57200,2802938.18,0.96
zoetis_vet_internal,2025-01,2025-Q1,Dermatology,SkinRelief Pro,DRM-SKINRELIEF-S,Veterinary,Region,Northeast,80266,3933142.59,0.96
zoetis_vet_internal,2025-01,2025-Q1,Parasiticides,TickShield Plus,PAR-TICKSHIELD-L,Veterinary,Region,Northeast,17107,410576.11,0.96
zoetis_vet_internal,2025-01,2025-Q1,Parasiticides,TickShield Plus,PAR-TICKSHIELD-S,Veterinary,Region,Northeast,24615,590762.44,0.96
zoetis_vet_internal,2025-01,2025-Q1,Vaccines,Vanguard,VAC-VANGUARD-L,Veterinary,Region,Northeast,54126,1190769.38,0.96
zoetis_vet_internal,2025-01,2025-Q1,Vaccines,Vanguard,VAC-VANGUARD-S,Veterinary,Region,Northeast,74113,1630488.51,0.96
zoetis_vet_internal,2025-01,2025-Q1,Parasiticides,VectraGuard,PAR-VECTRAGUAR-L,Veterinary,Region,Northeast,21902,569442.2,0.96
zoetis_vet_internal,2025-01,2025-Q1,Parasiticides,VectraGuard,PAR-VECTRAGUAR-S,Veterinary,Region,Northeast,30417,790835.78,0.96
zoetis_vet_internal,2025-01,2025-Q1,Vaccines,VetGuard Immunize,VAC-VETGUARD-I-L,Veterinary,Region,Northeast,31732,602913.14,0.96
zoetis_vet_internal,2025-01,2025-Q1,Vaccines,VetGuard Immunize,VAC-VETGUARD-I-S,Veterinary,Region,Northeast,45290,860500.93,0.96
zoetis_vet_internal,2025-01,2025-Q1,Vaccines,VetSelect Core Vax,VAC-VETSELECT--L,Veterinary,Region,Northeast,31114,435590.56,0.96
zoetis_vet_internal,2025-01,2025-Q1,Vaccines,VetSelect Core Vax,VAC-VETSELECT--S,Veterinary,Region,Northeast,42587,596219.99,0.96
zoetis_vet_internal,2025-01,2025-Q1,Dermatology,VetSelect Derma,DRM-VETSELECT--L,Veterinary,Region,Northeast,10255,389671.95,0.96
zoetis_vet_internal,2025-01,2025-Q1,Dermatology,VetSelect Derma,DRM-VETSELECT--S,Veterinary,Region,Northeast,13683,519958.95,0.96
zoetis_vet_internal,2025-01,2025-Q1,Petcare Diagnostics,VetSelect Dx,DIA-VETSELECT--L,Veterinary,Region,Northeast,23322,279865.49,0.96
zoetis_vet_internal,2025-01,2025-Q1,Petcare Diagnostics,VetSelect Dx,DIA-VETSELECT--S,Veterinary,Region,Northeast,33263,399157.41,0.96
zoetis_vet_internal,2025-01,2025-Q1,Parasiticides,VetSelect Flea & Tick,PAR-VETSELECT--L,Veterinary,Region,Northeast,16334,277670.55,0.96
zoetis_vet_internal,2025-01,2025-Q1,Parasiticides,VetSelect Flea & Tick,PAR-VETSELECT--S,Veterinary,Region,Northeast,21770,370084.86,0.96
zoetis_vet_internal,2025-01,2025-Q1,Pain/Osteoarthritis,VetSelect Joint,PAN-VETSELECT--L,Veterinary,Region,Northeast,14350,416157.75,0.96
zoetis_vet_internal,2025-01,2025-Q1,Pain/Osteoarthritis,VetSelect Joint,PAN-VETSELECT--S,Veterinary,Region,Northeast,19829,575040.4,0.96
zoetis_vet_internal,2025-01,2025-Q1,Petcare Diagnostics,Vetscan,DIA-VETSCAN-L,Veterinary,Region,Northeast,69060,1243081.83,0.96
zoetis_vet_internal,2025-01,2025-Q1,Petcare Diagnostics,Vetscan,DIA-VETSCAN-S,Veterinary,Region,Northeast,92553,1665947.77,0.96
zoetis_vet_internal,2025-01,2025-Q1,Dermatology,AllerVet RX,DRM-ALLERVET-R-L,Veterinary,Region,South,21429,1157187.94,0.96
zoetis_vet_internal,2025-01,2025-Q1,Dermatology,AllerVet RX,DRM-ALLERVET-R-S,Veterinary,Region,South,29127,1572880.38,0.96
zoetis_vet_internal,2025-01,2025-Q1,Dermatology,Apoquel,DRM-APOQUEL-L,Veterinary,Region,South,37903,2463688.87,0.96
zoetis_vet_internal,2025-01,2025-Q1,Dermatology,Apoquel,DRM-APOQUEL-S,Veterinary,Region,South,51992,3379504.63,0.96
zoetis_vet_internal,2025-01,2025-Q1,Vaccines,BioShield Vax,VAC-BIOSHIELD--L,Veterinary,Region,South,57890,1157795.7,0.96
zoetis_vet_internal,2025-01,2025-Q1,Vaccines,BioShield Vax,VAC-BIOSHIELD--S,Veterinary,Region,South,77766,1555320.53,0.96
zoetis_vet_internal,2025-01,2025-Q1,Dermatology,DermaCalm,DRM-DERMACALM-L,Veterinary,Region,South,22965,1331943.7,0.96
zoetis_vet_internal,2025-01,2025-Q1,Dermatology,DermaCalm,DRM-DERMACALM-S,Veterinary,Region,South,30901,1792260.95,0.96
zoetis_vet_internal,2025-01,2025-Q1,Petcare Diagnostics,DiagnosTech Vet,DIA-DIAGNOSTEC-L,Veterinary,Region,South,82998,1410963.34,0.96
zoetis_vet_internal,2025-01,2025-Q1,Petcare Diagnostics,DiagnosTech Vet,DIA-DIAGNOSTEC-S,Veterinary,Region,South,115378,1961434.17,0.96
zoetis_vet_internal,2025-01,2025-Q1,Parasiticides,FleaStop Pro,PAR-FLEASTOP-P-L,Veterinary,Region,South,24231,508843.43,0.96
zoetis_vet_internal,2025-01,2025-Q1,Parasiticides,FleaStop Pro,PAR-FLEASTOP-P-S,Veterinary,Region,South,34347,721278.46,0.96
zoetis_vet_internal,2025-01,2025-Q1,Pain/Osteoarthritis,FlexiCare Joint,PAN-FLEXICARE--L,Veterinary,Region,South,27389,1205134.11,0.96
zoetis_vet_internal,2025-01,2025-Q1,Pain/Osteoarthritis,FlexiCare Joint,PAN-FLEXICARE--S,Veterinary,Region,South,38453,1691943.01,0.96
zoetis_vet_internal,2025-01,2025-Q1,Vaccines,ImmunoCore Canine,VAC-IMMUNOCORE-L,Veterinary,Region,South,73573,1545036.28,0.96
zoetis_vet_internal,2025-01,2025-Q1,Vaccines,ImmunoCore Canine,VAC-IMMUNOCORE-S,Veterinary,Region,South,103897,2181846.78,0.96
zoetis_vet_internal,2025-01,2025-Q1,Pain/Osteoarthritis,Librela,PAN-LIBRELA-L,Veterinary,Region,South,32454,1557795.3,0.96
zoetis_vet_internal,2025-01,2025-Q1,Pain/Osteoarthritis,Librela,PAN-LIBRELA-S,Veterinary,Region,South,43544,2090132.06,0.96
zoetis_vet_internal,2025-01,2025-Q1,Pain/Osteoarthritis,OsteoEase Vet,PAN-OSTEOEASE--L,Veterinary,Region,South,25279,1036458.1,0.96
zoetis_vet_internal,2025-01,2025-Q1,Pain/Osteoarthritis,OsteoEase Vet,PAN-OSTEOEASE--S,Veterinary,Region,South,34851,1428895.04,0.96
zoetis_vet_internal,2025-01,2025-Q1,Pain/Osteoarthritis,PainAway Canine,PAN-PAINAWAY-C-L,Veterinary,Region,South,22815,844164.82,0.96
zoetis_vet_internal,2025-01,2025-Q1,Pain/Osteoarthritis,PainAway Canine,PAN-PAINAWAY-C-S,Veterinary,Region,South,32361,1197354.74,0.96
zoetis_vet_internal,2025-01,2025-Q1,Petcare Diagnostics,PetLab Analyzer,DIA-PETLAB-ANA-L,Veterinary,Region,South,53204,798066.4,0.96
zoetis_vet_internal,2025-01,2025-Q1,Petcare Diagnostics,PetLab Analyzer,DIA-PETLAB-ANA-S,Veterinary,Region,South,69270,1039049.45,0.96
zoetis_vet_internal,2025-01,2025-Q1,Petcare Diagnostics,RapidVet Dx,DIA-RAPIDVET-D-L,Veterinary,Region,South,73789,1180630.28,0.96
zoetis_vet_internal,2025-01,2025-Q1,Petcare Diagnostics,RapidVet Dx,DIA-RAPIDVET-D-S,Veterinary,Region,South,105634,1690145.57,0.96
zoetis_vet_internal,2025-01,2025-Q1,Parasiticides,Simparica Trio,PAR-SIMPARICA--L,Veterinary,Region,South,51913,1453575.19,0.96
zoetis_vet_internal,2025-01,2025-Q1,Parasiticides,Simparica Trio,PAR-SIMPARICA--S,Veterinary,Region,South,75215,2106014.34,0.96
zoetis_vet_internal,2025-01,2025-Q1,Dermatology,SkinRelief Pro,DRM-SKINRELIEF-L,Veterinary,Region,South,18154,889557.18,0.96
zoetis_vet_internal,2025-01,2025-Q1,Dermatology,SkinRelief Pro,DRM-SKINRELIEF-S,Veterinary,Region,South,25069,1228391.98,0.96
zoetis_vet_internal,2025-01,2025-Q1,Parasiticides,TickShield Plus,PAR-TICKSHIELD-L,Veterinary,Region,South,28873,692955.15,0.96
zoetis_vet_internal,2025-01,2025-Q1,Parasiticides,TickShield Plus,PAR-TICKSHIELD-S,Veterinary,Region,South,40264,966327.57,0.96
zoetis_vet_internal,2025-01,2025-Q1,Vaccines,Vanguard,VAC-VANGUARD-L,Veterinary,Region,South,86772,1908986.72,0.96
zoetis_vet_internal,2025-01,2025-Q1,Vaccines,Vanguard,VAC-VANGUARD-S,Veterinary,Region,South,109973,2419396.83,0.96
zoetis_vet_internal,2025-01,2025-Q1,Parasiticides,VectraGuard,PAR-VECTRAGUAR-L,Veterinary,Region,South,32271,839041.53,0.96
zoetis_vet_internal,2025-01,2025-Q1,Parasiticides,VectraGuard,PAR-VECTRAGUAR-S,Veterinary,Region,South,46261,1202775.65,0.96
zoetis_vet_internal,2025-01,2025-Q1,Vaccines,VetGuard Immunize,VAC-VETGUARD-I-L,Veterinary,Region,South,51945,986958.26,0.96
zoetis_vet_internal,2025-01,2025-Q1,Vaccines,VetGuard Immunize,VAC-VETGUARD-I-S,Veterinary,Region,South,71305,1354789.37,0.96
zoetis_vet_internal,2025-01,2025-Q1,Vaccines,VetSelect Core Vax,VAC-VETSELECT--L,Veterinary,Region,South,48172,674404.39,0.96
zoetis_vet_internal,2025-01,2025-Q1,Vaccines,VetSelect Core Vax,VAC-VETSELECT--S,Veterinary,Region,South,66671,933398.79,0.96
zoetis_vet_internal,2025-01,2025-Q1,Dermatology,VetSelect Derma,DRM-VETSELECT--L,Veterinary,Region,South,16392,622889.9,0.96
zoetis_vet_internal,2025-01,2025-Q1,Dermatology,VetSelect Derma,DRM-VETSELECT--S,Veterinary,Region,South,21912,832646.26,0.96
zoetis_vet_internal,2025-01,2025-Q1,Petcare Diagnostics,VetSelect Dx,DIA-VETSELECT--L,Veterinary,Region,South,36114,433372.0,0.96
zoetis_vet_internal,2025-01,2025-Q1,Petcare Diagnostics,VetSelect Dx,DIA-VETSELECT--S,Veterinary,Region,South,51847,622161.37,0.96
zoetis_vet_internal,2025-01,2025-Q1,Parasiticides,VetSelect Flea & Tick,PAR-VETSELECT--L,Veterinary,Region,South,23393,397682.78,0.96
zoetis_vet_internal,2025-01,2025-Q1,Parasiticides,VetSelect Flea & Tick,PAR-VETSELECT--S,Veterinary,Region,South,33168,563856.23,0.96
zoetis_vet_internal,2025-01,2025-Q1,Pain/Osteoarthritis,VetSelect Joint,PAN-VETSELECT--L,Veterinary,Region,South,20555,596087.78,0.96
zoetis_vet_internal,2025-01,2025-Q1,Pain/Osteoarthritis,VetSelect Joint,PAN-VETSELECT--S,Veterinary,Region,South,28974,840233.08,0.96
zoetis_vet_internal,2025-01,2025-Q1,Petcare Diagnostics,Vetscan,DIA-VETSCAN-L,Veterinary,Region,South,96212,1731809.87,0.96
zoetis_vet_internal,2025-01,2025-Q1,Petcare Diagnostics,Vetscan,DIA-VETSCAN-S,Veterinary,Region,South,133756,2407603.68,0.96
zoetis_vet_internal,2025-01,2025-Q1,Dermatology,AllerVet RX,DRM-ALLERVET-R-L,Veterinary,Region,West,14330,773793.19,0.96
zoetis_vet_internal,2025-01,2025-Q1,Dermatology,AllerVet RX,DRM-ALLERVET-R-S,Veterinary,Region,West,19529,1054540.69,0.96
zoetis_vet_internal,2025-01,2025-Q1,Dermatology,Apoquel,DRM-APOQUEL-L,Veterinary,Region,West,24266,1577269.22,0.96
zoetis_vet_internal,2025-01,2025-Q1,Dermatology,Apoquel,DRM-APOQUEL-S,Veterinary,Region,West,33427,2172747.87,0.96
zoetis_vet_internal,2025-01,2025-Q1,Vaccines,BioShield Vax,VAC-BIOSHIELD--L,Veterinary,Region,West,39966,799328.43,0.96
zoetis_vet_internal,2025-01,2025-Q1,Vaccines,BioShield Vax,VAC-BIOSHIELD--S,Veterinary,Region,West,54633,1092665.27,0.96
zoetis_vet_internal,2025-01,2025-Q1,Dermatology,DermaCalm,DRM-DERMACALM-L,Veterinary,Region,West,15007,870419.7,0.96
zoetis_vet_internal,2025-01,2025-Q1,Dermatology,DermaCalm,DRM-DERMACALM-S,Veterinary,Region,West,21294,1235072.98,0.96
zoetis_vet_internal,2025-01,2025-Q1,Petcare Diagnostics,DiagnosTech Vet,DIA-DIAGNOSTEC-L,Veterinary,Region,West,58483,994212.56,0.96
zoetis_vet_internal,2025-01,2025-Q1,Petcare Diagnostics,DiagnosTech Vet,DIA-DIAGNOSTEC-S,Veterinary,Region,West,79332,1348648.67,0.96
zoetis_vet_internal,2025-01,2025-Q1,Parasiticides,FleaStop Pro,PAR-FLEASTOP-P-L,Veterinary,Region,West,17014,357297.09,0.96
zoetis_vet_internal,2025-01,2025-Q1,Parasiticides,FleaStop Pro,PAR-FLEASTOP-P-S,Veterinary,Region,West,23379,490952.78,0.96
zoetis_vet_internal,2025-01,2025-Q1,Pain/Osteoarthritis,FlexiCare Joint,PAN-FLEXICARE--L,Veterinary,Region,West,18761,825467.03,0.96
zoetis_vet_internal,2025-01,2025-Q1,Pain/Osteoarthritis,FlexiCare Joint,PAN-FLEXICARE--S,Veterinary,Region,West,25435,1119157.59,0.96
zoetis_vet_internal,2025-01,2025-Q1,Vaccines,ImmunoCore Canine,VAC-IMMUNOCORE-L,Veterinary,Region,West,52147,1095090.1,0.96
zoetis_vet_internal,2025-01,2025-Q1,Vaccines,ImmunoCore Canine,VAC-IMMUNOCORE-S,Veterinary,Region,West,71865,1509161.72,0.96
zoetis_vet_internal,2025-01,2025-Q1,Pain/Osteoarthritis,Librela,PAN-LIBRELA-L,Veterinary,Region,West,20833,999962.7,0.96
zoetis_vet_internal,2025-01,2025-Q1,Pain/Osteoarthritis,Librela,PAN-LIBRELA-S,Veterinary,Region,West,29468,1414486.21,0.96
zoetis_vet_internal,2025-01,2025-Q1,Pain/Osteoarthritis,OsteoEase Vet,PAN-OSTEOEASE--L,Veterinary,Region,West,17843,731561.41,0.96
zoetis_vet_internal,2025-01,2025-Q1,Pain/Osteoarthritis,OsteoEase Vet,PAN-OSTEOEASE--S,Veterinary,Region,West,24194,991949.53,0.96
zoetis_vet_internal,2025-01,2025-Q1,Pain/Osteoarthritis,PainAway Canine,PAN-PAINAWAY-C-L,Veterinary,Region,West,16239,600856.72,0.96
zoetis_vet_internal,2025-01,2025-Q1,Pain/Osteoarthritis,PainAway Canine,PAN-PAINAWAY-C-S,Veterinary,Region,West,22280,824352.07,0.96
zoetis_vet_internal,2025-01,2025-Q1,Petcare Diagnostics,PetLab Analyzer,DIA-PETLAB-ANA-L,Veterinary,Region,West,31797,476950.72,0.96
zoetis_vet_internal,2025-01,2025-Q1,Petcare Diagnostics,PetLab Analyzer,DIA-PETLAB-ANA-S,Veterinary,Region,West,44924,673865.84,0.96
zoetis_vet_internal,2025-01,2025-Q1,Petcare Diagnostics,RapidVet Dx,DIA-RAPIDVET-D-L,Veterinary,Region,West,52821,845129.29,0.96
zoetis_vet_internal,2025-01,2025-Q1,Petcare Diagnostics,RapidVet Dx,DIA-RAPIDVET-D-S,Veterinary,Region,West,70365,1125846.08,0.96
zoetis_vet_internal,2025-01,2025-Q1,Parasiticides,Simparica Trio,PAR-SIMPARICA--L,Veterinary,Region,West,34428,963970.13,0.96
zoetis_vet_internal,2025-01,2025-Q1,Parasiticides,Simparica Trio,PAR-SIMPARICA--S,Veterinary,Region,West,46568,1303916.43,0.96
zoetis_vet_internal,2025-01,2025-Q1,Dermatology,SkinRelief Pro,DRM-SKINRELIEF-L,Veterinary,Region,West,13005,637249.35,0.96
zoetis_vet_internal,2025-01,2025-Q1,Dermatology,SkinRelief Pro,DRM-SKINRELIEF-S,Veterinary,Region,West,17658,865232.13,0.96
zoetis_vet_internal,2025-01,2025-Q1,Parasiticides,TickShield Plus,PAR-TICKSHIELD-L,Veterinary,Region,West,21242,509798.06,0.96
zoetis_vet_internal,2025-01,2025-Q1,Parasiticides,TickShield Plus,PAR-TICKSHIELD-S,Veterinary,Region,West,27611,662671.86,0.96
zoetis_vet_internal,2025-01,2025-Q1,Vaccines,Vanguard,VAC-VANGUARD-L,Veterinary,Region,West,58463,1286177.53,0.96
zoetis_vet_internal,2025-01,2025-Q1,Vaccines,Vanguard,VAC-VANGUARD-S,Veterinary,Region,West,75589,1662961.56,0.96
zoetis_vet_internal,2025-01,2025-Q1,Parasiticides,VectraGuard,PAR-VECTRAGUAR-L,Veterinary,Region,West,23905,621523.89,0.96
zoetis_vet_internal,2025-01,2025-Q1,Parasiticides,VectraGuard,PAR-VECTRAGUAR-S,Veterinary,Region,West,32920,855915.91,0.96
zoetis_vet_internal,2025-01,2025-Q1,Vaccines,VetGuard Immunize,VAC-VETGUARD-I-L,Veterinary,Region,West,34192,649656.44,0.96
zoetis_vet_internal,2025-01,2025-Q1,Vaccines,VetGuard Immunize,VAC-VETGUARD-I-S,Veterinary,Region,West,47244,897633.19,0.96
zoetis_vet_internal,2025-01,2025-Q1,Vaccines,VetSelect Core Vax,VAC-VETSELECT--L,Veterinary,Region,West,30380,425313.24,0.96
zoetis_vet_internal,2025-01,2025-Q1,Vaccines,VetSelect Core Vax,VAC-VETSELECT--S,Veterinary,Region,West,41058,574811.54,0.96
zoetis_vet_internal,2025-01,2025-Q1,Dermatology,VetSelect Derma,DRM-VETSELECT--L,Veterinary,Region,West,11318,430086.95,0.96
zoetis_vet_internal,2025-01,2025-Q1,Dermatology,VetSelect Derma,DRM-VETSELECT--S,Veterinary,Region,West,15777,599521.25,0.96
zoetis_vet_internal,2025-01,2025-Q1,Petcare Diagnostics,VetSelect Dx,DIA-VETSELECT--L,Veterinary,Region,West,25112,301342.0,0.96
zoetis_vet_internal,2025-01,2025-Q1,Petcare Diagnostics,VetSelect Dx,DIA-VETSELECT--S,Veterinary,Region,West,34022,408258.67,0.96
zoetis_vet_internal,2025-01,2025-Q1,Parasiticides,VetSelect Flea & Tick,PAR-VETSELECT--L,Veterinary,Region,West,17074,290250.89,0.96
zoetis_vet_internal,2025-01,2025-Q1,Parasiticides,VetSelect Flea & Tick,PAR-VETSELECT--S,Veterinary,Region,West,22379,380439.32,0.96
zoetis_vet_internal,2025-01,2025-Q1,Pain/Osteoarthritis,VetSelect Joint,PAN-VETSELECT--L,Veterinary,Region,West,14501,420528.47,0.96
zoetis_vet_internal,2025-01,2025-Q1,Pain/Osteoarthritis,VetSelect Joint,PAN-VETSELECT--S,Veterinary,Region,West,19737,572373.27,0.96
zoetis_vet_internal,2025-01,2025-Q1,Petcare Diagnostics,Vetscan,DIA-VETSCAN-L,Veterinary,Region,West,72549,1305883.56,0.96
zoetis_vet_internal,2025-01,2025-Q1,Petcare Diagnostics,Vetscan,DIA-VETSCAN-S,Veterinary,Region,West,99293,1787278.73,0.96
zoetis_vet_internal,2025-02,2025-Q1,Dermatology,AllerVet RX,DRM-ALLERVET-R-L,Veterinary,National,National,64219,3467888.63,0.96
zoetis_vet_internal,2025-02,2025-Q1,Dermatology,AllerVet RX,DRM-ALLERVET-R-S,Veterinary,National,National,88008,4752457.41,0.96
zoetis_vet_internal,2025-02,2025-Q1,Dermatology,Apoquel,DRM-APOQUEL-L,Veterinary,National,National,110127,7158223.7,0.96
zoetis_vet_internal,2025-02,2025-Q1,Dermatology,Apoquel,DRM-APOQUEL-S,Veterinary,National,National,152701,9925570.38,0.96
zoetis_vet_internal,2025-02,2025-Q1,Vaccines,BioShield Vax,VAC-BIOSHIELD--L,Veterinary,National,National,181078,3621548.44,0.96
zoetis_vet_internal,2025-02,2025-Q1,Vaccines,BioShield Vax,VAC-BIOSHIELD--S,Veterinary,National,National,251631,5032624.67,0.96
zoetis_vet_internal,2025-02,2025-Q1,Dermatology,DermaCalm,DRM-DERMACALM-L,Veterinary,National,National,67994,3943707.45,0.96
zoetis_vet_internal,2025-02,2025-Q1,Dermatology,DermaCalm,DRM-DERMACALM-S,Veterinary,National,National,94455,5478331.08,0.96
zoetis_vet_internal,2025-02,2025-Q1,Petcare Diagnostics,DiagnosTech Vet,DIA-DIAGNOSTEC-L,Veterinary,National,National,254466,4325905.22,0.96
zoetis_vet_internal,2025-02,2025-Q1,Petcare Diagnostics,DiagnosTech Vet,DIA-DIAGNOSTEC-S,Veterinary,National,National,352883,5999001.24,0.96
zoetis_vet_internal,2025-02,2025-Q1,Parasiticides,FleaStop Pro,PAR-FLEASTOP-P-L,Veterinary,National,National,83518,1753889.64,0.96
zoetis_vet_internal,2025-02,2025-Q1,Parasiticides,FleaStop Pro,PAR-FLEASTOP-P-S,Veterinary,National,National,115253,2420309.77,0.96
zoetis_vet_internal,2025-02,2025-Q1,Pain/Osteoarthritis,FlexiCare Joint,PAN-FLEXICARE--L,Veterinary,National,National,81647,3592414.08,0.96
zoetis_vet_internal,2025-02,2025-Q1,Pain/Osteoarthritis,FlexiCare Joint,PAN-FLEXICARE--S,Veterinary,National,National,111753,4917122.64,0.96
zoetis_vet_internal,2025-02,2025-Q1,Vaccines,ImmunoCore Canine,VAC-IMMUNOCORE-L,Veterinary,National,National,235823,4952283.97,0.96
zoetis_vet_internal,2025-02,2025-Q1,Vaccines,ImmunoCore Canine,VAC-IMMUNOCORE-S,Veterinary,National,National,321404,6749484.63,0.96
zoetis_vet_internal,2025-02,2025-Q1,Pain/Osteoarthritis,Librela,PAN-LIBRELA-L,Veterinary,National,National,88095,4228539.12,0.96
zoetis_vet_internal,2025-02,2025-Q1,Pain/Osteoarthritis,Librela,PAN-LIBRELA-S,Veterinary,National,National,121589,5836286.07,0.96
zoetis_vet_internal,2025-02,2025-Q1,Pain/Osteoarthritis,OsteoEase Vet,PAN-OSTEOEASE--L,Veterinary,National,National,75347,3089249.02,0.96
zoetis_vet_internal,2025-02,2025-Q1,Pain/Osteoarthritis,OsteoEase Vet,PAN-OSTEOEASE--S,Veterinary,National,National,103142,4228808.1,0.96
zoetis_vet_internal,2025-02,2025-Q1,Pain/Osteoarthritis,PainAway Canine,PAN-PAINAWAY-C-L,Veterinary,National,National,66889,2474904.11,0.96
zoetis_vet_internal,2025-02,2025-Q1,Pain/Osteoarthritis,PainAway Canine,PAN-PAINAWAY-C-S,Veterinary,National,National,92248,3413177.21,0.96
zoetis_vet_internal,2025-02,2025-Q1,Petcare Diagnostics,PetLab Analyzer,DIA-PETLAB-ANA-L,Veterinary,National,National,155408,2331122.83,0.96
zoetis_vet_internal,2025-02,2025-Q1,Petcare Diagnostics,PetLab Analyzer,DIA-PETLAB-ANA-S,Veterinary,National,National,216040,3240591.13,0.96
zoetis_vet_internal,2025-02,2025-Q1,Petcare Diagnostics,RapidVet Dx,DIA-RAPIDVET-D-L,Veterinary,National,National,225249,3603981.09,0.96
zoetis_vet_internal,2025-02,2025-Q1,Petcare Diagnostics,RapidVet Dx,DIA-RAPIDVET-D-S,Veterinary,National,National,314608,5033728.3,0.96
zoetis_vet_internal,2025-02,2025-Q1,Parasiticides,Simparica Trio,PAR-SIMPARICA--L,Veterinary,National,National,176042,4929156.96,0.96
zoetis_vet_internal,2025-02,2025-Q1,Parasiticides,Simparica Trio,PAR-SIMPARICA--S,Veterinary,National,National,253932,7110111.08,0.96
zoetis_vet_internal,2025-02,2025-Q1,Dermatology,SkinRelief Pro,DRM-SKINRELIEF-L,Veterinary,National,National,52006,2548306.51,0.96
zoetis_vet_internal,2025-02,2025-Q1,Dermatology,SkinRelief Pro,DRM-SKINRELIEF-S,Veterinary,National,National,70542,3456537.39,0.96
zoetis_vet_internal,2025-02,2025-Q1,Parasiticides,TickShield Plus,PAR-TICKSHIELD-L,Veterinary,National,National,102911,2469863.75,0.96
zoetis_vet_internal,2025-02,2025-Q1,Parasiticides,TickShield Plus,PAR-TICKSHIELD-S,Veterinary,National,National,140297,3367112.49,0.96
zoetis_vet_internal,2025-02,2025-Q1,Vaccines,Vanguard,VAC-VANGUARD-L,Veterinary,National,National,273561,6018348.29,0.96
zoetis_vet_internal,2025-02,2025-Q1,Vaccines,Vanguard,VAC-VANGUARD-S,Veterinary,National,National,381818,8399994.79,0.96
zoetis_vet_internal,2025-02,2025-Q1,Parasiticides,VectraGuard,PAR-VECTRAGUAR-L,Veterinary,National,National,111831,2907601.21,0.96
zoetis_vet_internal,2025-02,2025-Q1,Parasiticides,VectraGuard,PAR-VECTRAGUAR-S,Veterinary,National,National,156389,4066122.75,0.96
zoetis_vet_internal,2025-02,2025-Q1,Vaccines,VetGuard Immunize,VAC-VETGUARD-I-L,Veterinary,National,National,176198,3347766.04,0.96
zoetis_vet_internal,2025-02,2025-Q1,Vaccines,VetGuard Immunize,VAC-VETGUARD-I-S,Veterinary,National,National,237983,4521671.9,0.96
zoetis_vet_internal,2025-02,2025-Q1,Vaccines,VetSelect Core Vax,VAC-VETSELECT--L,Veterinary,National,National,152686,2137597.72,0.96
zoetis_vet_internal,2025-02,2025-Q1,Vaccines,VetSelect Core Vax,VAC-VETSELECT--S,Veterinary,National,National,205428,2875986.86,0.96
zoetis_vet_internal,2025-02,2025-Q1,Dermatology,VetSelect Derma,DRM-VETSELECT--L,Veterinary,National,National,46893,1781907.37,0.96
zoetis_vet_internal,2025-02,2025-Q1,Dermatology,VetSelect Derma,DRM-VETSELECT--S,Veterinary,National,National,64616,2455412.54,0.96
zoetis_vet_internal,2025-02,2025-Q1,Petcare Diagnostics,VetSelect Dx,DIA-VETSELECT--L,Veterinary,National,National,117503,1410035.38,0.96
zoetis_vet_internal,2025-02,2025-Q1,Petcare Diagnostics,VetSelect Dx,DIA-VETSELECT--S,Veterinary,National,National,159236,1910827.89,0.96
zoetis_vet_internal,2025-02,2025-Q1,Parasiticides,VetSelect Flea & Tick,PAR-VETSELECT--L,Veterinary,National,National,86716,1474160.9,0.96
zoetis_vet_internal,2025-02,2025-Q1,Parasiticides,VetSelect Flea & Tick,PAR-VETSELECT--S,Veterinary,National,National,116676,1983494.58,0.96
zoetis_vet_internal,2025-02,2025-Q1,Pain/Osteoarthritis,VetSelect Joint,PAN-VETSELECT--L,Veterinary,National,National,66215,1920256.38,0.96
zoetis_vet_internal,2025-02,2025-Q1,Pain/Osteoarthritis,VetSelect Joint,PAN-VETSELECT--S,Veterinary,National,National,90254,2617344.44,0.96
zoetis_vet_internal,2025-02,2025-Q1,Petcare Diagnostics,Vetscan,DIA-VETSCAN-L,Veterinary,National,National,296301,5333413.86,0.96
zoetis_vet_internal,2025-02,2025-Q1,Petcare Diagnostics,Vetscan,DIA-VETSCAN-S,Veterinary,National,National,405039,7290714.15,0.96
zoetis_vet_internal,2025-02,2025-Q1,Dermatology,AllerVet RX,DRM-ALLERVET-R-L,Veterinary,Region,Midwest,13209,713312.58,0.96
zoetis_vet_internal,2025-02,2025-Q1,Dermatology,AllerVet RX,DRM-ALLERVET-R-S,Veterinary,Region,Midwest,18999,1025944.33,0.96
zoetis_vet_internal,2025-02,2025-Q1,Dermatology,Apoquel,DRM-APOQUEL-L,Veterinary,Region,Midwest,24124,1568070.84,0.96
zoetis_vet_internal,2025-02,2025-Q1,Dermatology,Apoquel,DRM-APOQUEL-S,Veterinary,Region,Midwest,31336,2036869.9,0.96
zoetis_vet_internal,2025-02,2025-Q1,Vaccines,BioShield Vax,VAC-BIOSHIELD--L,Veterinary,Region,Midwest,38083,761664.35,0.96
zoetis_vet_internal,2025-02,2025-Q1,Vaccines,BioShield Vax,VAC-BIOSHIELD--S,Veterinary,Region,Midwest,52125,1042495.46,0.96
zoetis_vet_internal,2025-02,2025-Q1,Dermatology,DermaCalm,DRM-DERMACALM-L,Veterinary,Region,Midwest,14352,832440.82,0.96
zoetis_vet_internal,2025-02,2025-Q1,Dermatology,DermaCalm,DRM-DERMACALM-S,Veterinary,Region,Midwest,18467,1071079.05,0.96
zoetis_vet_internal,2025-02,2025-Q1,Petcare Diagnostics,DiagnosTech Vet,DIA-DIAGNOSTEC-L,Veterinary,Region,Midwest,53909,916446.78,0.96
zoetis_vet_internal,2025-02,2025-Q1,Petcare Diagnostics,DiagnosTech Vet,DIA-DIAGNOSTEC-S,Veterinary,Region,Midwest,74124,1260111.09,0.96
zoetis_vet_internal,2025-02,2025-Q1,Parasiticides,FleaStop Pro,PAR-FLEASTOP-P-L,Veterinary,Region,Midwest,19169,402547.88,0.96
zoetis_vet_internal,2025-02,2025-Q1,Parasiticides,FleaStop Pro,PAR-FLEASTOP-P-S,Veterinary,Region,Midwest,25991,545808.15,0.96
zoetis_vet_internal,2025-02,2025-Q1,Pain/Osteoarthritis,FlexiCare Joint,PAN-FLEXICARE--L,Veterinary,Region,Midwest,17544,771923.1,0.96
zoetis_vet_internal,2025-02,2025-Q1,Pain/Osteoarthritis,FlexiCare Joint,PAN-FLEXICARE--S,Veterinary,Region,Midwest,23271,1023926.49,0.96
zoetis_vet_internal,2025-02,2025-Q1,Vaccines,ImmunoCore Canine,VAC-IMMUNOCORE-L,Veterinary,Region,Midwest,49549,1040531.26,0.96
zoetis_vet_internal,2025-02,2025-Q1,Vaccines,ImmunoCore Canine,VAC-IMMUNOCORE-S,Veterinary,Region,Midwest,64546,1355466.7,0.96
zoetis_vet_internal,2025-02,2025-Q1,Pain/Osteoarthritis,Librela,PAN-LIBRELA-L,Veterinary,Region,Midwest,17015,816717.75,0.96
zoetis_vet_internal,2025-02,2025-Q1,Pain/Osteoarthritis,Librela,PAN-LIBRELA-S,Veterinary,Region,Midwest,24426,1172456.34,0.96
zoetis_vet_internal,2025-02,2025-Q1,Pain/Osteoarthritis,OsteoEase Vet,PAN-OSTEOEASE--L,Veterinary,Region,Midwest,15420,632225.21,0.96
zoetis_vet_internal,2025-02,2025-Q1,Pain/Osteoarthritis,OsteoEase Vet,PAN-OSTEOEASE--S,Veterinary,Region,Midwest,20718,849419.4,0.96
zoetis_vet_internal,2025-02,2025-Q1,Pain/Osteoarthritis,PainAway Canine,PAN-PAINAWAY-C-L,Veterinary,Region,Midwest,13096,484558.73,0.96
zoetis_vet_internal,2025-02,2025-Q1,Pain/Osteoarthritis,PainAway Canine,PAN-PAINAWAY-C-S,Veterinary,Region,Midwest,18533,685704.33,0.96
zoetis_vet_internal,2025-02,2025-Q1,Petcare Diagnostics,PetLab Analyzer,DIA-PETLAB-ANA-L,Veterinary,Region,Midwest,32542,488126.83,0.96
zoetis_vet_internal,2025-02,2025-Q1,Petcare Diagnostics,PetLab Analyzer,DIA-PETLAB-ANA-S,Veterinary,Region,Midwest,45000,674993.95,0.96
zoetis_vet_internal,2025-02,2025-Q1,Petcare Diagnostics,RapidVet Dx,DIA-RAPIDVET-D-L,Veterinary,Region,Midwest,47833,765320.96,0.96
zoetis_vet_internal,2025-02,2025-Q1,Petcare Diagnostics,RapidVet Dx,DIA-RAPIDVET-D-S,Veterinary,Region,Midwest,68683,1098924.42,0.96
zoetis_vet_internal,2025-02,2025-Q1,Parasiticides,Simparica Trio,PAR-SIMPARICA--L,Veterinary,Region,Midwest,35333,989314.79,0.96
zoetis_vet_internal,2025-02,2025-Q1,Parasiticides,Simparica Trio,PAR-SIMPARICA--S,Veterinary,Region,Midwest,50485,1413578.12,0.96
zoetis_vet_internal,2025-02,2025-Q1,Dermatology,SkinRelief Pro,DRM-SKINRELIEF-L,Veterinary,Region,Midwest,10795,528941.9,0.96
zoetis_vet_internal,2025-02,2025-Q1,Dermatology,SkinRelief Pro,DRM-SKINRELIEF-S,Veterinary,Region,Midwest,14967,733392.85,0.96
zoetis_vet_internal,2025-02,2025-Q1,Parasiticides,TickShield Plus,PAR-TICKSHIELD-L,Veterinary,Region,Midwest,21239,509747.35,0.96
zoetis_vet_internal,2025-02,2025-Q1,Parasiticides,TickShield Plus,PAR-TICKSHIELD-S,Veterinary,Region,Midwest,28894,693445.23,0.96
zoetis_vet_internal,2025-02,2025-Q1,Vaccines,Vanguard,VAC-VANGUARD-L,Veterinary,Region,Midwest,58275,1282048.14,0.96
zoetis_vet_internal,2025-02,2025-Q1,Vaccines,Vanguard,VAC-VANGUARD-S,Veterinary,Region,Midwest,83003,1826061.74,0.96
zoetis_vet_internal,2025-02,2025-Q1,Parasiticides,VectraGuard,PAR-VECTRAGUAR-L,Veterinary,Region,Midwest,22507,585189.01,0.96
zoetis_vet_internal,2025-02,2025-Q1,Parasiticides,VectraGuard,PAR-VECTRAGUAR-S,Veterinary,Region,Midwest,30529,793747.6,0.96
zoetis_vet_internal,2025-02,2025-Q1,Vaccines,VetGuard Immunize,VAC-VETGUARD-I-L,Veterinary,Region,Midwest,35980,683611.51,0.96
zoetis_vet_internal,2025-02,2025-Q1,Vaccines,VetGuard Immunize,VAC-VETGUARD-I-S,Veterinary,Region,Midwest,50038,950715.65,0.96
zoetis_vet_internal,2025-02,2025-Q1,Vaccines,VetSelect Core Vax,VAC-VETSELECT--L,Veterinary,Region,Midwest,31178,436489.8,0.96
zoetis_vet_internal,2025-02,2025-Q1,Vaccines,VetSelect Core Vax,VAC-VETSELECT--S,Veterinary,Region,Midwest,41058,574812.36,0.96
zoetis_vet_internal,2025-02,2025-Q1,Dermatology,VetSelect Derma,DRM-VETSELECT--L,Veterinary,Region,Midwest,9837,373798.46,0.96
zoetis_vet_internal,2025-02,2025-Q1,Dermatology,VetSelect Derma,DRM-VETSELECT--S,Veterinary,Region,Midwest,13519,513728.88,0.96
zoetis_vet_internal,2025-02,2025-Q1,Petcare Diagnostics,VetSelect Dx,DIA-VETSELECT--L,Veterinary,Region,Midwest,24436,293237.39,0.96
zoetis_vet_internal,2025-02,2025-Q1,Petcare Diagnostics,VetSelect Dx,DIA-VETSELECT--S,Veterinary,Region,Midwest,34979,419747.14,0.96
zoetis_vet_internal,2025-02,2025-Q1,Parasiticides,VetSelect Flea & Tick,PAR-VETSELECT--L,Veterinary,Region,Midwest,17622,299565.74,0.96
zoetis_vet_internal,2025-02,2025-Q1,Parasiticides,VetSelect Flea & Tick,PAR-VETSELECT--S,Veterinary,Region,Midwest,23903,406347.6,0.96
zoetis_vet_internal,2025-02,2025-Q1,Pain/Osteoarthritis,VetSelect Joint,PAN-VETSELECT--L,Veterinary,Region,Midwest,14054,407580.18,0.96
zoetis_vet_internal,2025-02,2025-Q1,Pain/Osteoarthritis,VetSelect Joint,PAN-VETSELECT--S,Veterinary,Region,Midwest,19167,555837.82,0.96
zoetis_vet_internal,2025-02,2025-Q1,Petcare Diagnostics,Vetscan,DIA-VETSCAN-L,Veterinary,Region,Midwest,59254,1066574.34,0.96
zoetis_vet_internal,2025-02,2025-Q1,Petcare Diagnostics,Vetscan,DIA-VETSCAN-S,Veterinary,Region,Midwest,81871,1473679.61,0.96
zoetis_vet_internal,2025-02,2025-Q1,Dermatology,AllerVet RX,DRM-ALLERVET-R-L,Veterinary,Region,Northeast,13923,751851.8,0.96
zoetis_vet_internal,2025-02,2025-Q1,Dermatology,AllerVet RX,DRM-ALLERVET-R-S,Veterinary,Region,Northeast,18633,1006182.5,0.96
zoetis_vet_internal,2025-02,2025-Q1,Dermatology,Apoquel,DRM-APOQUEL-L,Veterinary,Region,Northeast,23581,1532737.55,0.96
zoetis_vet_internal,2025-02,2025-Q1,Dermatology,Apoquel,DRM-APOQUEL-S,Veterinary,Region,Northeast,32652,2122392.86,0.96
zoetis_vet_internal,2025-02,2025-Q1,Vaccines,BioShield Vax,VAC-BIOSHIELD--L,Veterinary,Region,Northeast,42384,847678.87,0.96
zoetis_vet_internal,2025-02,2025-Q1,Vaccines,BioShield Vax,VAC-BIOSHIELD--S,Veterinary,Region,Northeast,57500,1150007.85,0.96
zoetis_vet_internal,2025-02,2025-Q1,Dermatology,DermaCalm,DRM-DERMACALM-L,Veterinary,Region,Northeast,14571,845119.04,0.96
zoetis_vet_internal,2025-02,2025-Q1,Dermatology,DermaCalm,DRM-DERMACALM-S,Veterinary,Region,Northeast,20732,1202440.02,0.96
zoetis_vet_internal,2025-02,2025-Q1,Petcare Diagnostics,DiagnosTech Vet,DIA-DIAGNOSTEC-L,Veterinary,Region,Northeast,56947,968091.79,0.96
zoetis_vet_internal,2025-02,2025-Q1,Petcare Diagnostics,DiagnosTech Vet,DIA-DIAGNOSTEC-S,Veterinary,Region,Northeast,77605,1319278.57,0.96
zoetis_vet_internal,2025-02,2025-Q1,Parasiticides,FleaStop Pro,PAR-FLEASTOP-P-L,Veterinary,Region,Northeast,17837,374582.46,0.96
zoetis_vet_internal,2025-02,2025-Q1,Parasiticides,FleaStop Pro,PAR-FLEASTOP-P-S,Veterinary,Region,Northeast,24920,523319.15,0.96
zoetis_vet_internal,2025-02,2025-Q1,Pain/Osteoarthritis,FlexiCare Joint,PAN-FLEXICARE--L,Veterinary,Region,Northeast,17928,788810.93,0.96
zoetis_vet_internal,2025-02,2025-Q1,Pain/Osteoarthritis,FlexiCare Joint,PAN-FLEXICARE--S,Veterinary,Region,Northeast,25613,1126965.7,0.96
zoetis_vet_internal,2025-02,2025-Q1,Vaccines,ImmunoCore Canine,VAC-IMMUNOCORE-L,Veterinary,Region,Northeast,50034,1050716.43,0.96
zoetis_vet_internal,2025-02,2025-Q1,Vaccines,ImmunoCore Canine,VAC-IMMUNOCORE-S,Veterinary,Region,Northeast,68792,1444623.8,0.96
zoetis_vet_internal,2025-02,2025-Q1,Pain/Osteoarthritis,Librela,PAN-LIBRELA-L,Veterinary,Region,Northeast,19576,939630.92,0.96
zoetis_vet_internal,2025-02,2025-Q1,Pain/Osteoarthritis,Librela,PAN-LIBRELA-S,Veterinary,Region,Northeast,26911,1291711.45,0.96
zoetis_vet_internal,2025-02,2025-Q1,Pain/Osteoarthritis,OsteoEase Vet,PAN-OSTEOEASE--L,Veterinary,Region,Northeast,15809,648177.2,0.96
zoetis_vet_internal,2025-02,2025-Q1,Pain/Osteoarthritis,OsteoEase Vet,PAN-OSTEOEASE--S,Veterinary,Region,Northeast,22175,909172.0,0.96
zoetis_vet_internal,2025-02,2025-Q1,Pain/Osteoarthritis,PainAway Canine,PAN-PAINAWAY-C-L,Veterinary,Region,Northeast,14959,553473.53,0.96
zoetis_vet_internal,2025-02,2025-Q1,Pain/Osteoarthritis,PainAway Canine,PAN-PAINAWAY-C-S,Veterinary,Region,Northeast,20883,772668.96,0.96
zoetis_vet_internal,2025-02,2025-Q1,Petcare Diagnostics,PetLab Analyzer,DIA-PETLAB-ANA-L,Veterinary,Region,Northeast,32729,490940.97,0.96
zoetis_vet_internal,2025-02,2025-Q1,Petcare Diagnostics,PetLab Analyzer,DIA-PETLAB-ANA-S,Veterinary,Region,Northeast,48216,723238.35,0.96
zoetis_vet_internal,2025-02,2025-Q1,Petcare Diagnostics,RapidVet Dx,DIA-RAPIDVET-D-L,Veterinary,Region,Northeast,49056,784888.81,0.96
zoetis_vet_internal,2025-02,2025-Q1,Petcare Diagnostics,RapidVet Dx,DIA-RAPIDVET-D-S,Veterinary,Region,Northeast,66792,1068673.55,0.96
zoetis_vet_internal,2025-02,2025-Q1,Parasiticides,Simparica Trio,PAR-SIMPARICA--L,Veterinary,Region,Northeast,38463,1076956.06,0.96
zoetis_vet_internal,2025-02,2025-Q1,Parasiticides,Simparica Trio,PAR-SIMPARICA--S,Veterinary,Region,Northeast,54844,1535627.8,0.96
zoetis_vet_internal,2025-02,2025-Q1,Dermatology,SkinRelief Pro,DRM-SKINRELIEF-L,Veterinary,Region,Northeast,11491,563083.12,0.96
zoetis_vet_internal,2025-02,2025-Q1,Dermatology,SkinRelief Pro,DRM-SKINRELIEF-S,Veterinary,Region,Northeast,15969,782484.99,0.96
zoetis_vet_internal,2025-02,2025-Q1,Parasiticides,TickShield Plus,PAR-TICKSHIELD-L,Veterinary,Region,Northeast,22647,543518.8,0.96
zoetis_vet_internal,2025-02,2025-Q1,Parasiticides,TickShield Plus,PAR-TICKSHIELD-S,Veterinary,Region,Northeast,31718,761236.44,0.96
zoetis_vet_internal,2025-02,2025-Q1,Vaccines,Vanguard,VAC-VANGUARD-L,Veterinary,Region,Northeast,58725,1291958.77,0.96
zoetis_vet_internal,2025-02,2025-Q1,Vaccines,Vanguard,VAC-VANGUARD-S,Veterinary,Region,Northeast,80606,1773339.98,0.96
zoetis_vet_internal,2025-02,2025-Q1,Parasiticides,VectraGuard,PAR-VECTRAGUAR-L,Veterinary,Region,Northeast,23924,622024.57,0.96
zoetis_vet_internal,2025-02,2025-Q1,Parasiticides,VectraGuard,PAR-VECTRAGUAR-S,Veterinary,Region,Northeast,32809,853034.53,0.96
zoetis_vet_internal,2025-02,2025-Q1,Vaccines,VetGuard Immunize,VAC-VETGUARD-I-L,Veterinary,Region,Northeast,38778,736784.75,0.96
zoetis_vet_internal,2025-02,2025-Q1,Vaccines,VetGuard Immunize,VAC-VETGUARD-I-S,Veterinary,Region,Northeast,51753,983312.53,0.96
zoetis_vet_internal,2025-02,2025-Q1,Vaccines,VetSelect Core Vax,VAC-VETSELECT--L,Veterinary,Region,Northeast,33299,466181.77,0.96
zoetis_vet_internal,2025-02,2025-Q1,Vaccines,VetSelect Core Vax,VAC-VETSELECT--S,Veterinary,Region,Northeast,45426,635960.47,0.96
zoetis_vet_internal,2025-02,2025-Q1,Dermatology,VetSelect Derma,DRM-VETSELECT--L,Veterinary,Region,Northeast,9680,367835.24,0.96
zoetis_vet_internal,2025-02,2025-Q1,Dermatology,VetSelect Derma,DRM-VETSELECT--S,Veterinary,Region,Northeast,14044,533661.91,0.96
zoetis_vet_internal,2025-02,2025-Q1,Petcare Diagnostics,VetSelect Dx,DIA-VETSELECT--L,Veterinary,Region,Northeast,25373,304476.99,0.96
zoetis_vet_internal,2025-02,2025-Q1,Petcare Diagnostics,VetSelect Dx,DIA-VETSELECT--S,Veterinary,Region,Northeast,32410,388921.58,0.96
zoetis_vet_internal,2025-02,2025-Q1,Parasiticides,VetSelect Flea & Tick,PAR-VETSELECT--L,Veterinary,Region,Northeast,19565,332599.87,0.96
zoetis_vet_internal,2025-02,2025-Q1,Parasiticides,VetSelect Flea & Tick,PAR-VETSELECT--S,Veterinary,Region,Northeast,26290,446934.1,0.96
zoetis_vet_internal,2025-02,2025-Q1,Pain/Osteoarthritis,VetSelect Joint,PAN-VETSELECT--L,Veterinary,Region,Northeast,13971,405158.05,0.96
zoetis_vet_internal,2025-02,2025-Q1,Pain/Osteoarthritis,VetSelect Joint,PAN-VETSELECT--S,Veterinary,Region,Northeast,20057,581641.89,0.96
zoetis_vet_internal,2025-02,2025-Q1,Petcare Diagnostics,Vetscan,DIA-VETSCAN-L,Veterinary,Region,Northeast,62780,1130035.55,0.96
zoetis_vet_internal,2025-02,2025-Q1,Petcare Diagnostics,Vetscan,DIA-VETSCAN-S,Veterinary,Region,Northeast,87901,1582216.0,0.96
zoetis_vet_internal,2025-02,2025-Q1,Dermatology,AllerVet RX,DRM-ALLERVET-R-L,Veterinary,Region,South,22626,1221806.73,0.96
zoetis_vet_internal,2025-02,2025-Q1,Dermatology,AllerVet RX,DRM-ALLERVET-R-S,Veterinary,Region,South,30718,1658782.54,0.96
zoetis_vet_internal,2025-02,2025-Q1,Dermatology,Apoquel,DRM-APOQUEL-L,Veterinary,Region,South,37988,2469212.49,0.96
zoetis_vet_internal,2025-02,2025-Q1,Dermatology,Apoquel,DRM-APOQUEL-S,Veterinary,Region,South,54443,3538778.93,0.96
zoetis_vet_internal,2025-02,2025-Q1,Vaccines,BioShield Vax,VAC-BIOSHIELD--L,Veterinary,Region,South,57596,1151912.36,0.96
zoetis_vet_internal,2025-02,2025-Q1,Vaccines,BioShield Vax,VAC-BIOSHIELD--S,Veterinary,Region,South,81205,1624096.68,0.96
zoetis_vet_internal,2025-02,2025-Q1,Dermatology,DermaCalm,DRM-DERMACALM-L,Veterinary,Region,South,22805,1322710.15,0.96
zoetis_vet_internal,2025-02,2025-Q1,Dermatology,DermaCalm,DRM-DERMACALM-S,Veterinary,Region,South,32065,1859746.18,0.96
zoetis_vet_internal,2025-02,2025-Q1,Petcare Diagnostics,DiagnosTech Vet,DIA-DIAGNOSTEC-L,Veterinary,Region,South,86885,1477042.09,0.96
zoetis_vet_internal,2025-02,2025-Q1,Petcare Diagnostics,DiagnosTech Vet,DIA-DIAGNOSTEC-S,Veterinary,Region,South,118243,2010132.77,0.96
zoetis_vet_internal,2025-02,2025-Q1,Parasiticides,FleaStop Pro,PAR-FLEASTOP-P-L,Veterinary,Region,South,26999,566985.86,0.96
zoetis_vet_internal,2025-02,2025-Q1,Parasiticides,FleaStop Pro,PAR-FLEASTOP-P-S,Veterinary,Region,South,37857,794992.14,0.96
zoetis_vet_internal,2025-02,2025-Q1,Pain/Osteoarthritis,FlexiCare Joint,PAN-FLEXICARE--L,Veterinary,Region,South,26498,1165891.84,0.96
zoetis_vet_internal,2025-02,2025-Q1,Pain/Osteoarthritis,FlexiCare Joint,PAN-FLEXICARE--S,Veterinary,Region,South,37351,1643435.65,0.96
zoetis_vet_internal,2025-02,2025-Q1,Vaccines,ImmunoCore Canine,VAC-IMMUNOCORE-L,Veterinary,Region,South,83276,1748794.4,0.96
zoetis_vet_internal,2025-02,2025-Q1,Vaccines,ImmunoCore Canine,VAC-IMMUNOCORE-S,Veterinary,Region,South,113293,2379154.06,0.96
zoetis_vet_internal,2025-02,2025-Q1,Pain/Osteoarthritis,Librela,PAN-LIBRELA-L,Veterinary,Region,South,31348,1504686.62,0.96
zoetis_vet_internal,2025-02,2025-Q1,Pain/Osteoarthritis,Librela,PAN-LIBRELA-S,Veterinary,Region,South,42675,2048400.16,0.96
zoetis_vet_internal,2025-02,2025-Q1,Pain/Osteoarthritis,OsteoEase Vet,PAN-OSTEOEASE--L,Veterinary,Region,South,26848,1100764.23,0.96
zoetis_vet_internal,2025-02,2025-Q1,Pain/Osteoarthritis,OsteoEase Vet,PAN-OSTEOEASE--S,Veterinary,Region,South,36841,1510492.0,0.96
zoetis_vet_internal,2025-02,2025-Q1,Pain/Osteoarthritis,PainAway Canine,PAN-PAINAWAY-C-L,Veterinary,Region,South,21934,811573.96,0.96
zoetis_vet_internal,2025-02,2025-Q1,Pain/Osteoarthritis,PainAway Canine,PAN-PAINAWAY-C-S,Veterinary,Region,South,29749,1100727.56,0.96
zoetis_vet_internal,2025-02,2025-Q1,Petcare Diagnostics,PetLab Analyzer,DIA-PETLAB-ANA-L,Veterinary,Region,South,53760,806405.28,0.96
zoetis_vet_internal,2025-02,2025-Q1,Petcare Diagnostics,PetLab Analyzer,DIA-PETLAB-ANA-S,Veterinary,Region,South,72502,1087534.47,0.96
zoetis_vet_internal,2025-02,2025-Q1,Petcare Diagnostics,RapidVet Dx,DIA-RAPIDVET-D-L,Veterinary,Region,South,77401,1238420.48,0.96
zoetis_vet_internal,2025-02,2025-Q1,Petcare Diagnostics,RapidVet Dx,DIA-RAPIDVET-D-S,Veterinary,Region,South,107736,1723772.92,0.96
zoetis_vet_internal,2025-02,2025-Q1,Parasiticides,Simparica Trio,PAR-SIMPARICA--L,Veterinary,Region,South,61924,1733872.11,0.96
zoetis_vet_internal,2025-02,2025-Q1,Parasiticides,Simparica Trio,PAR-SIMPARICA--S,Veterinary,Region,South,88491,2477759.65,0.96
zoetis_vet_internal,2025-02,2025-Q1,Dermatology,SkinRelief Pro,DRM-SKINRELIEF-L,Veterinary,Region,South,18506,906790.78,0.96
zoetis_vet_internal,2025-02,2025-Q1,Dermatology,SkinRelief Pro,DRM-SKINRELIEF-S,Veterinary,Region,South,24794,1214882.17,0.96
zoetis_vet_internal,2025-02,2025-Q1,Parasiticides,TickShield Plus,PAR-TICKSHIELD-L,Veterinary,Region,South,34888,837302.21,0.96
zoetis_vet_internal,2025-02,2025-Q1,Parasiticides,TickShield Plus,PAR-TICKSHIELD-S,Veterinary,Region,South,46759,1122207.55,0.96
zoetis_vet_internal,2025-02,2025-Q1,Vaccines,Vanguard,VAC-VANGUARD-L,Veterinary,Region,South,94320,2075048.95,0.96
zoetis_vet_internal,2025-02,2025-Q1,Vaccines,Vanguard,VAC-VANGUARD-S,Veterinary,Region,South,132982,2925601.32,0.96
zoetis_vet_internal,2025-02,2025-Q1,Parasiticides,VectraGuard,PAR-VECTRAGUAR-L,Veterinary,Region,South,39103,1016676.84,0.96
zoetis_vet_internal,2025-02,2025-Q1,Parasiticides,VectraGuard,PAR-VECTRAGUAR-S,Veterinary,Region,South,56062,1457620.88,0.96
zoetis_vet_internal,2025-02,2025-Q1,Vaccines,VetGuard Immunize,VAC-VETGUARD-I-L,Veterinary,Region,South,58914,1119375.27,0.96
zoetis_vet_internal,2025-02,2025-Q1,Vaccines,VetGuard Immunize,VAC-VETGUARD-I-S,Veterinary,Region,South,80618,1531740.47,0.96
zoetis_vet_internal,2025-02,2025-Q1,Vaccines,VetSelect Core Vax,VAC-VETSELECT--L,Veterinary,Region,South,53345,746834.08,0.96
zoetis_vet_internal,2025-02,2025-Q1,Vaccines,VetSelect Core Vax,VAC-VETSELECT--S,Veterinary,Region,South,71548,1001670.22,0.96
zoetis_vet_internal,2025-02,2025-Q1,Dermatology,VetSelect Derma,DRM-VETSELECT--L,Veterinary,Region,South,16321,620201.58,0.96
zoetis_vet_internal,2025-02,2025-Q1,Dermatology,VetSelect Derma,DRM-VETSELECT--S,Veterinary,Region,South,22222,844432.64,0.96
zoetis_vet_internal,2025-02,2025-Q1,Petcare Diagnostics,VetSelect Dx,DIA-VETSELECT--L,Veterinary,Region,South,39860,478315.54,0.96
zoetis_vet_internal,2025-02,2025-Q1,Petcare Diagnostics,VetSelect Dx,DIA-VETSELECT--S,Veterinary,Region,South,55228,662734.56,0.96
zoetis_vet_internal,2025-02,2025-Q1,Parasiticides,VetSelect Flea & Tick,PAR-VETSELECT--L,Veterinary,Region,South,30829,524088.88,0.96
zoetis_vet_internal,2025-02,2025-Q1,Parasiticides,VetSelect Flea & Tick,PAR-VETSELECT--S,Veterinary,Region,South,40893,695186.05,0.96
zoetis_vet_internal,2025-02,2025-Q1,Pain/Osteoarthritis,VetSelect Joint,PAN-VETSELECT--L,Veterinary,Region,South,22779,660597.18,0.96
zoetis_vet_internal,2025-02,2025-Q1,Pain/Osteoarthritis,VetSelect Joint,PAN-VETSELECT--S,Veterinary,Region,South,31124,902600.57,0.96
zoetis_vet_internal,2025-02,2025-Q1,Petcare Diagnostics,Vetscan,DIA-VETSCAN-L,Veterinary,Region,South,107332,1931970.89,0.96
zoetis_vet_internal,2025-02,2025-Q1,Petcare Diagnostics,Vetscan,DIA-VETSCAN-S,Veterinary,Region,South,145192,2613461.0,0.96
zoetis_vet_internal,2025-02,2025-Q1,Dermatology,AllerVet RX,DRM-ALLERVET-R-L,Veterinary,Region,West,14461,780917.52,0.96
zoetis_vet_internal,2025-02,2025-Q1,Dermatology,AllerVet RX,DRM-ALLERVET-R-S,Veterinary,Region,West,19658,1061548.04,0.96
zoetis_vet_internal,2025-02,2025-Q1,Dermatology,Apoquel,DRM-APOQUEL-L,Veterinary,Region,West,24434,1588202.82,0.96
zoetis_vet_internal,2025-02,2025-Q1,Dermatology,Apoquel,DRM-APOQUEL-S,Veterinary,Region,West,34270,2227528.69,0.96
zoetis_vet_internal,2025-02,2025-Q1,Vaccines,BioShield Vax,VAC-BIOSHIELD--L,Veterinary,Region,West,43015,860292.86,0.96
zoetis_vet_internal,2025-02,2025-Q1,Vaccines,BioShield Vax,VAC-BIOSHIELD--S,Veterinary,Region,West,60801,1216024.68,0.96
zoetis_vet_internal,2025-02,2025-Q1,Dermatology,DermaCalm,DRM-DERMACALM-L,Veterinary,Region,West,16266,943437.44,0.96
zoetis_vet_internal,2025-02,2025-Q1,Dermatology,DermaCalm,DRM-DERMACALM-S,Veterinary,Region,West,23191,1345065.83,0.96
zoetis_vet_internal,2025-02,2025-Q1,Petcare Diagnostics,DiagnosTech Vet,DIA-DIAGNOSTEC-L,Veterinary,Region,West,56725,964324.56,0.96
zoetis_vet_internal,2025-02,2025-Q1,Petcare Diagnostics,DiagnosTech Vet,DIA-DIAGNOSTEC-S,Veterinary,Region,West,82911,1409478.81,0.96
zoetis_vet_internal,2025-02,2025-Q1,Parasiticides,FleaStop Pro,PAR-FLEASTOP-P-L,Veterinary,Region,West,19513,409773.44,0.96
zoetis_vet_internal,2025-02,2025-Q1,Parasiticides,FleaStop Pro,PAR-FLEASTOP-P-S,Veterinary,Region,West,26485,556190.33,0.96
zoetis_vet_internal,2025-02,2025-Q1,Pain/Osteoarthritis,FlexiCare Joint,PAN-FLEXICARE--L,Veterinary,Region,West,19677,865788.21,0.96
zoetis_vet_internal,2025-02,2025-Q1,Pain/Osteoarthritis,FlexiCare Joint,PAN-FLEXICARE--S,Veterinary,Region,West,25518,1122794.8,0.96
zoetis_vet_internal,2025-02,2025-Q1,Vaccines,ImmunoCore Canine,VAC-IMMUNOCORE-L,Veterinary,Region,West,52964,1112241.88,0.96
zoetis_vet_internal,2025-02,2025-Q1,Vaccines,ImmunoCore Canine,VAC-IMMUNOCORE-S,Veterinary,Region,West,74773,1570240.07,0.96
zoetis_vet_internal,2025-02,2025-Q1,Pain/Osteoarthritis,Librela,PAN-LIBRELA-L,Veterinary,Region,West,20156,967503.83,0.96
zoetis_vet_internal,2025-02,2025-Q1,Pain/Osteoarthritis,Librela,PAN-LIBRELA-S,Veterinary,Region,West,27577,1323718.12,0.96
zoetis_vet_internal,2025-02,2025-Q1,Pain/Osteoarthritis,OsteoEase Vet,PAN-OSTEOEASE--L,Veterinary,Region,West,17270,708082.38,0.96
zoetis_vet_internal,2025-02,2025-Q1,Pain/Osteoarthritis,OsteoEase Vet,PAN-OSTEOEASE--S,Veterinary,Region,West,23408,959724.7,0.96
zoetis_vet_internal,2025-02,2025-Q1,Pain/Osteoarthritis,PainAway Canine,PAN-PAINAWAY-C-L,Veterinary,Region,West,16900,625297.89,0.96
zoetis_vet_internal,2025-02,2025-Q1,Pain/Osteoarthritis,PainAway Canine,PAN-PAINAWAY-C-S,Veterinary,Region,West,23083,854076.36,0.96
zoetis_vet_internal,2025-02,2025-Q1,Petcare Diagnostics,PetLab Analyzer,DIA-PETLAB-ANA-L,Veterinary,Region,West,36377,545649.75,0.96
zoetis_vet_internal,2025-02,2025-Q1,Petcare Diagnostics,PetLab Analyzer,DIA-PETLAB-ANA-S,Veterinary,Region,West,50322,754824.36,0.96
zoetis_vet_internal,2025-02,2025-Q1,Petcare Diagnostics,RapidVet Dx,DIA-RAPIDVET-D-L,Veterinary,Region,West,50959,815350.84,0.96
zoetis_vet_internal,2025-02,2025-Q1,Petcare Diagnostics,RapidVet Dx,DIA-RAPIDVET-D-S,Veterinary,Region,West,71397,1142357.41,0.96
zoetis_vet_internal,2025-02,2025-Q1,Parasiticides,Simparica Trio,PAR-SIMPARICA--L,Veterinary,Region,West,40322,1129014.0,0.96
zoetis_vet_internal,2025-02,2025-Q1,Parasiticides,Simparica Trio,PAR-SIMPARICA--S,Veterinary,Region,West,60112,1683145.51,0.96
zoetis_vet_internal,2025-02,2025-Q1,Dermatology,SkinRelief Pro,DRM-SKINRELIEF-L,Veterinary,Region,West,11214,549490.71,0.96
zoetis_vet_internal,2025-02,2025-Q1,Dermatology,SkinRelief Pro,DRM-SKINRELIEF-S,Veterinary,Region,West,14812,725777.38,0.96
zoetis_vet_internal,2025-02,2025-Q1,Parasiticides,TickShield Plus,PAR-TICKSHIELD-L,Veterinary,Region,West,24137,579295.39,0.96
zoetis_vet_internal,2025-02,2025-Q1,Parasiticides,TickShield Plus,PAR-TICKSHIELD-S,Veterinary,Region,West,32926,790223.27,0.96
zoetis_vet_internal,2025-02,2025-Q1,Vaccines,Vanguard,VAC-VANGUARD-L,Veterinary,Region,West,62241,1369292.43,0.96
zoetis_vet_internal,2025-02,2025-Q1,Vaccines,Vanguard,VAC-VANGUARD-S,Veterinary,Region,West,85227,1874991.75,0.96
zoetis_vet_internal,2025-02,2025-Q1,Parasiticides,VectraGuard,PAR-VECTRAGUAR-L,Veterinary,Region,West,26297,683710.79,0.96
zoetis_vet_internal,2025-02,2025-Q1,Parasiticides,VectraGuard,PAR-VECTRAGUAR-S,Veterinary,Region,West,36989,961719.74,0.96
zoetis_vet_internal,2025-02,2025-Q1,Vaccines,VetGuard Immunize,VAC-VETGUARD-I-L,Veterinary,Region,West,42526,807994.51,0.96
zoetis_vet_internal,2025-02,2025-Q1,Vaccines,VetGuard Immunize,VAC-VETGUARD-I-S,Veterinary,Region,West,55574,1055903.25,0.96
zoetis_vet_internal,2025-02,2025-Q1,Vaccines,VetSelect Core Vax,VAC-VETSELECT--L,Veterinary,Region,West,34864,488092.07,0.96
zoetis_vet_internal,2025-02,2025-Q1,Vaccines,VetSelect Core Vax,VAC-VETSELECT--S,Veterinary,Region,West,47396,663543.81,0.96
zoetis_vet_internal,2025-02,2025-Q1,Dermatology,VetSelect Derma,DRM-VETSELECT--L,Veterinary,Region,West,11055,420072.09,0.96
zoetis_vet_internal,2025-02,2025-Q1,Dermatology,VetSelect Derma,DRM-VETSELECT--S,Veterinary,Region,West,14831,563589.11,0.96
zoetis_vet_internal,2025-02,2025-Q1,Petcare Diagnostics,VetSelect Dx,DIA-VETSELECT--L,Veterinary,Region,West,27834,334005.46,0.96
zoetis_vet_internal,2025-02,2025-Q1,Petcare Diagnostics,VetSelect Dx,DIA-VETSELECT--S,Veterinary,Region,West,36619,439424.61,0.96
zoetis_vet_internal,2025-02,2025-Q1,Parasiticides,VetSelect Flea & Tick,PAR-VETSELECT--L,Veterinary,Region,West,18700,317906.41,0.96
zoetis_vet_internal,2025-02,2025-Q1,Parasiticides,VetSelect Flea & Tick,PAR-VETSELECT--S,Veterinary,Region,West,25590,435026.83,0.96
zoetis_vet_internal,2025-02,2025-Q1,Pain/Osteoarthritis,VetSelect Joint,PAN-VETSELECT--L,Veterinary,Region,West,15411,446920.97,0.96
zoetis_vet_internal,2025-02,2025-Q1,Pain/Osteoarthritis,VetSelect Joint,PAN-VETSELECT--S,Veterinary,Region,West,19906,577264.16,0.96
zoetis_vet_internal,2025-02,2025-Q1,Petcare Diagnostics,Vetscan,DIA-VETSCAN-L,Veterinary,Region,West,66935,1204833.08,0.96
zoetis_vet_internal,2025-02,2025-Q1,Petcare Diagnostics,Vetscan,DIA-VETSCAN-S,Veterinary,Region,West,90075,1621357.54,0.96
zoetis_vet_internal,2025-03,2025-Q1,Dermatology,AllerVet RX,DRM-ALLERVET-R-L,Veterinary,National,National,68098,3677322.98,0.96
zoetis_vet_internal,2025-03,2025-Q1,Dermatology,AllerVet RX,DRM-ALLERVET-R-S,Veterinary,National,National,94718,5114809.76,0.96
zoetis_vet_internal,2025-03,2025-Q1,Dermatology,Apoquel,DRM-APOQUEL-L,Veterinary,National,National,120373,7824245.2,0.96
zoetis_vet_internal,2025-03,2025-Q1,Dermatology,Apoquel,DRM-APOQUEL-S,Veterinary,National,National,163946,10656436.96,0.96
zoetis_vet_internal,2025-03,2025-Q1,Vaccines,BioShield Vax,VAC-BIOSHIELD--L,Veterinary,National,National,203781,4075633.89,0.96
zoetis_vet_internal,2025-03,2025-Q1,Vaccines,BioShield Vax,VAC-BIOSHIELD--S,Veterinary,National,National,276747,5534939.5,0.96
zoetis_vet_internal,2025-03,2025-Q1,Dermatology,DermaCalm,DRM-DERMACALM-L,Veterinary,National,National,74458,4318583.34,0.96
zoetis_vet_internal,2025-03,2025-Q1,Dermatology,DermaCalm,DRM-DERMACALM-S,Veterinary,National,National,101530,5888749.87,0.96
zoetis_vet_internal,2025-03,2025-Q1,Petcare Diagnostics,DiagnosTech Vet,DIA-DIAGNOSTEC-L,Veterinary,National,National,262965,4470400.61,0.96
zoetis_vet_internal,2025-03,2025-Q1,Petcare Diagnostics,DiagnosTech Vet,DIA-DIAGNOSTEC-S,Veterinary,National,National,365730,6217420.81,0.96
zoetis_vet_internal,2025-03,2025-Q1,Parasiticides,FleaStop Pro,PAR-FLEASTOP-P-L,Veterinary,National,National,103247,2168175.18,0.96
zoetis_vet_internal,2025-03,2025-Q1,Parasiticides,FleaStop Pro,PAR-FLEASTOP-P-S,Veterinary,National,National,142361,2989594.39,0.96
zoetis_vet_internal,2025-03,2025-Q1,Pain/Osteoarthritis,FlexiCare Joint,PAN-FLEXICARE--L,Veterinary,National,National,79943,3517514.47,0.96
zoetis_vet_internal,2025-03,2025-Q1,Pain/Osteoarthritis,FlexiCare Joint,PAN-FLEXICARE--S,Veterinary,National,National,111168,4891394.85,0.96
zoetis_vet_internal,2025-03,2025-Q1,Vaccines,ImmunoCore Canine,VAC-IMMUNOCORE-L,Veterinary,National,National,228366,4795678.1,0.96
zoetis_vet_internal,2025-03,2025-Q1,Vaccines,ImmunoCore Canine,VAC-IMMUNOCORE-S,Veterinary,National,National,325889,6843666.57,0.96
zoetis_vet_internal,2025-03,2025-Q1,Pain/Osteoarthritis,Librela,PAN-LIBRELA-L,Veterinary,National,National,90881,4362300.19,0.96
zoetis_vet_internal,2025-03,2025-Q1,Pain/Osteoarthritis,Librela,PAN-LIBRELA-S,Veterinary,National,National,124921,5996233.0,0.96
zoetis_vet_internal,2025-03,2025-Q1,Pain/Osteoarthritis,OsteoEase Vet,PAN-OSTEOEASE--L,Veterinary,National,National,76502,3136558.39,0.96
zoetis_vet_internal,2025-03,2025-Q1,Pain/Osteoarthritis,OsteoEase Vet,PAN-OSTEOEASE--S,Veterinary,National,National,106251,4356291.52,0.96
zoetis_vet_internal,2025-03,2025-Q1,Pain/Osteoarthritis,PainAway Canine,PAN-PAINAWAY-C-L,Veterinary,National,National,66212,2449829.69,0.96
zoetis_vet_internal,2025-03,2025-Q1,Pain/Osteoarthritis,PainAway Canine,PAN-PAINAWAY-C-S,Veterinary,National,National,93230,3449533.97,0.96
zoetis_vet_internal,2025-03,2025-Q1,Petcare Diagnostics,PetLab Analyzer,DIA-PETLAB-ANA-L,Veterinary,National,National,150169,2252535.66,0.96
zoetis_vet_internal,2025-03,2025-Q1,Petcare Diagnostics,PetLab Analyzer,DIA-PETLAB-ANA-S,Veterinary,National,National,205807,3087106.6,0.96
zoetis_vet_internal,2025-03,2025-Q1,Petcare Diagnostics,RapidVet Dx,DIA-RAPIDVET-D-L,Veterinary,National,National,239827,3837218.46,0.96
zoetis_vet_internal,2025-03,2025-Q1,Petcare Diagnostics,RapidVet Dx,DIA-RAPIDVET-D-S,Veterinary,National,National,331682,5306918.41,0.96
zoetis_vet_internal,2025-03,2025-Q1,Parasiticides,Simparica Trio,PAR-SIMPARICA--L,Veterinary,National,National,223070,6245976.75,0.96
zoetis_vet_internal,2025-03,2025-Q1,Parasiticides,Simparica Trio,PAR-SIMPARICA--S,Veterinary,National,National,307872,8620444.51,0.96
zoetis_vet_internal,2025-03,2025-Q1,Dermatology,SkinRelief Pro,DRM-SKINRELIEF-L,Veterinary,National,National,58211,2852344.21,0.96
zoetis_vet_internal,2025-03,2025-Q1,Dermatology,SkinRelief Pro,DRM-SKINRELIEF-S,Veterinary,National,National,81470,3991985.72,0.96
zoetis_vet_internal,2025-03,2025-Q1,Parasiticides,TickShield Plus,PAR-TICKSHIELD-L,Veterinary,National,National,123756,2970144.22,0.96
zoetis_vet_internal,2025-03,2025-Q1,Parasiticides,TickShield Plus,PAR-TICKSHIELD-S,Veterinary,National,National,169199,4060755.97,0.96
zoetis_vet_internal,2025-03,2025-Q1,Vaccines,Vanguard,VAC-VANGUARD-L,Veterinary,National,National,293272,6451977.4,0.96
zoetis_vet_internal,2025-03,2025-Q1,Vaccines,Vanguard,VAC-VANGUARD-S,Veterinary,National,National,411663,9056595.69,0.96
zoetis_vet_internal,2025-03,2025-Q1,Parasiticides,VectraGuard,PAR-VECTRAGUAR-L,Veterinary,National,National,145156,3774035.23,0.96
zoetis_vet_internal,2025-03,2025-Q1,Parasiticides,VectraGuard,PAR-VECTRAGUAR-S,Veterinary,National,National,199708,5192391.03,0.96
zoetis_vet_internal,2025-03,2025-Q1,Vaccines,VetGuard Immunize,VAC-VETGUARD-I-L,Veterinary,National,National,175402,3332641.75,0.96
zoetis_vet_internal,2025-03,2025-Q1,Vaccines,VetGuard Immunize,VAC-VETGUARD-I-S,Veterinary,National,National,245274,4660220.64,0.96
zoetis_vet_internal,2025-03,2025-Q1,Vaccines,VetSelect Core Vax,VAC-VETSELECT--L,Veterinary,National,National,157627,2206781.81,0.96
zoetis_vet_internal,2025-03,2025-Q1,Vaccines,VetSelect Core Vax,VAC-VETSELECT--S,Veterinary,National,National,217970,3051577.63,0.96
zoetis_vet_internal,2025-03,2025-Q1,Dermatology,VetSelect Derma,DRM-VETSELECT--L,Veterinary,National,National,50037,1901380.31,0.96
zoetis_vet_internal,2025-03,2025-Q1,Dermatology,VetSelect Derma,DRM-VETSELECT--S,Veterinary,National,National,69211,2630021.41,0.96
zoetis_vet_internal,2025-03,2025-Q1,Petcare Diagnostics,VetSelect Dx,DIA-VETSELECT--L,Veterinary,National,National,117852,1414215.61,0.96
zoetis_vet_internal,2025-03,2025-Q1,Petcare Diagnostics,VetSelect Dx,DIA-VETSELECT--S,Veterinary,National,National,163968,1967620.55,0.96
zoetis_vet_internal,2025-03,2025-Q1,Parasiticides,VetSelect Flea & Tick,PAR-VETSELECT--L,Veterinary,National,National,103442,1758500.12,0.96
zoetis_vet_internal,2025-03,2025-Q1,Parasiticides,VetSelect Flea & Tick,PAR-VETSELECT--S,Veterinary,National,National,138839,2360259.91,0.96
zoetis_vet_internal,2025-03,2025-Q1,Pain/Osteoarthritis,VetSelect Joint,PAN-VETSELECT--L,Veterinary,National,National,62037,1799050.46,0.96
zoetis_vet_internal,2025-03,2025-Q1,Pain/Osteoarthritis,VetSelect Joint,PAN-VETSELECT--S,Veterinary,National,National,87860,2547952.67,0.96
zoetis_vet_internal,2025-03,2025-Q1,Petcare Diagnostics,Vetscan,DIA-VETSCAN-L,Veterinary,National,National,312812,5630624.54,0.96
zoetis_vet_internal,2025-03,2025-Q1,Petcare Diagnostics,Vetscan,DIA-VETSCAN-S,Veterinary,National,National,430306,7745493.01,0.96
zoetis_vet_internal,2025-03,2025-Q1,Dermatology,AllerVet RX,DRM-ALLERVET-R-L,Veterinary,Region,Midwest,15118,816388.93,0.96
zoetis_vet_internal,2025-03,2025-Q1,Dermatology,AllerVet RX,DRM-ALLERVET-R-S,Veterinary,Region,Midwest,20683,1116894.38,0.96
zoetis_vet_internal,2025-03,2025-Q1,Dermatology,Apoquel,DRM-APOQUEL-L,Veterinary,Region,Midwest,24068,1564425.73,0.96
zoetis_vet_internal,2025-03,2025-Q1,Dermatology,Apoquel,DRM-APOQUEL-S,Veterinary,Region,Midwest,33194,2157608.6,0.96
zoetis_vet_internal,2025-03,2025-Q1,Vaccines,BioShield Vax,VAC-BIOSHIELD--L,Veterinary,Region,Midwest,43192,863840.54,0.96
zoetis_vet_internal,2025-03,2025-Q1,Vaccines,BioShield Vax,VAC-BIOSHIELD--S,Veterinary,Region,Midwest,58669,1173389.14,0.96
zoetis_vet_internal,2025-03,2025-Q1,Dermatology,DermaCalm,DRM-DERMACALM-L,Veterinary,Region,Midwest,15473,897454.72,0.96
zoetis_vet_internal,2025-03,2025-Q1,Dermatology,DermaCalm,DRM-DERMACALM-S,Veterinary,Region,Midwest,21244,1232172.91,0.96
zoetis_vet_internal,2025-03,2025-Q1,Petcare Diagnostics,DiagnosTech Vet,DIA-DIAGNOSTEC-L,Veterinary,Region,Midwest,55688,946691.06,0.96
zoetis_vet_internal,2025-03,2025-Q1,Petcare Diagnostics,DiagnosTech Vet,DIA-DIAGNOSTEC-S,Veterinary,Region,Midwest,75715,1287155.21,0.96
zoetis_vet_internal,2025-03,2025-Q1,Parasiticides,FleaStop Pro,PAR-FLEASTOP-P-L,Veterinary,Region,Midwest,21659,454829.77,0.96
zoetis_vet_internal,2025-03,2025-Q1,Parasiticides,FleaStop Pro,PAR-FLEASTOP-P-S,Veterinary,Region,Midwest,29757,624905.68,0.96
zoetis_vet_internal,2025-03,2025-Q1,Pain/Osteoarthritis,FlexiCare Joint,PAN-FLEXICARE--L,Veterinary,Region,Midwest,16123,709404.5,0.96
zoetis_vet_internal,2025-03,2025-Q1,Pain/Osteoarthritis,FlexiCare Joint,PAN-FLEXICARE--S,Veterinary,Region,Midwest,22835,1004737.16,0.96
zoetis_vet_internal,2025-03,2025-Q1,Vaccines,ImmunoCore Canine,VAC-IMMUNOCORE-L,Veterinary,Region,Midwest,46084,967771.78,0.96
zoetis_vet_internal,2025-03,2025-Q1,Vaccines,ImmunoCore Canine,VAC-IMMUNOCORE-S,Veterinary,Region,Midwest,65142,1367974.43,0.96
zoetis_vet_internal,2025-03,2025-Q1,Pain/Osteoarthritis,Librela,PAN-LIBRELA-L,Veterinary,Region,Midwest,19263,924637.43,0.96
zoetis_vet_internal,2025-03,2025-Q1,Pain/Osteoarthritis,Librela,PAN-LIBRELA-S,Veterinary,Region,Midwest,25571,1227405.55,0.96
zoetis_vet_internal,2025-03,2025-Q1,Pain/Osteoarthritis,OsteoEase Vet,PAN-OSTEOEASE--L,Veterinary,Region,Midwest,16051,658072.53,0.96
zoetis_vet_internal,2025-03,2025-Q1,Pain/Osteoarthritis,OsteoEase Vet,PAN-OSTEOEASE--S,Veterinary,Region,Midwest,23184,950546.28,0.96
zoetis_vet_internal,2025-03,2025-Q1,Pain/Osteoarthritis,PainAway Canine,PAN-PAINAWAY-C-L,Veterinary,Region,Midwest,13827,511589.18,0.96
zoetis_vet_internal,2025-03,2025-Q1,Pain/Osteoarthritis,PainAway Canine,PAN-PAINAWAY-C-S,Veterinary,Region,Midwest,19340,715582.85,0.96
zoetis_vet_internal,2025-03,2025-Q1,Petcare Diagnostics,PetLab Analyzer,DIA-PETLAB-ANA-L,Veterinary,Region,Midwest,32028,480412.55,0.96
zoetis_vet_internal,2025-03,2025-Q1,Petcare Diagnostics,PetLab Analyzer,DIA-PETLAB-ANA-S,Veterinary,Region,Midwest,43156,647344.32,0.96
zoetis_vet_internal,2025-03,2025-Q1,Petcare Diagnostics,RapidVet Dx,DIA-RAPIDVET-D-L,Veterinary,Region,Midwest,46923,750761.99,0.96
zoetis_vet_internal,2025-03,2025-Q1,Petcare Diagnostics,RapidVet Dx,DIA-RAPIDVET-D-S,Veterinary,Region,Midwest,66965,1071439.73,0.96
zoetis_vet_internal,2025-03,2025-Q1,Parasiticides,Simparica Trio,PAR-SIMPARICA--L,Veterinary,Region,Midwest,44769,1253524.65,0.96
zoetis_vet_internal,2025-03,2025-Q1,Parasiticides,Simparica Trio,PAR-SIMPARICA--S,Veterinary,Region,Midwest,60982,1707504.02,0.96
zoetis_vet_internal,2025-03,2025-Q1,Dermatology,SkinRelief Pro,DRM-SKINRELIEF-L,Veterinary,Region,Midwest,12468,610925.38,0.96
zoetis_vet_internal,2025-03,2025-Q1,Dermatology,SkinRelief Pro,DRM-SKINRELIEF-S,Veterinary,Region,Midwest,17101,837937.82,0.96
zoetis_vet_internal,2025-03,2025-Q1,Parasiticides,TickShield Plus,PAR-TICKSHIELD-L,Veterinary,Region,Midwest,25058,601390.13,0.96
zoetis_vet_internal,2025-03,2025-Q1,Parasiticides,TickShield Plus,PAR-TICKSHIELD-S,Veterinary,Region,Midwest,35576,853816.93,0.96
zoetis_vet_internal,2025-03,2025-Q1,Vaccines,Vanguard,VAC-VANGUARD-L,Veterinary,Region,Midwest,59265,1303839.08,0.96
zoetis_vet_internal,2025-03,2025-Q1,Vaccines,Vanguard,VAC-VANGUARD-S,Veterinary,Region,Midwest,81878,1801321.18,0.96
zoetis_vet_internal,2025-03,2025-Q1,Parasiticides,VectraGuard,PAR-VECTRAGUAR-L,Veterinary,Region,Midwest,31176,810585.32,0.96
zoetis_vet_internal,2025-03,2025-Q1,Parasiticides,VectraGuard,PAR-VECTRAGUAR-S,Veterinary,Region,Midwest,41286,1073443.36,0.96
zoetis_vet_internal,2025-03,2025-Q1,Vaccines,VetGuard Immunize,VAC-VETGUARD-I-L,Veterinary,Region,Midwest,35997,683949.32,0.96
zoetis_vet_internal,2025-03,2025-Q1,Vaccines,VetGuard Immunize,VAC-VETGUARD-I-S,Veterinary,Region,Midwest,52537,998212.25,0.96
zoetis_vet_internal,2025-03,2025-Q1,Vaccines,VetSelect Core Vax,VAC-VETSELECT--L,Veterinary,Region,Midwest,34420,481878.15,0.96
zoetis_vet_internal,2025-03,2025-Q1,Vaccines,VetSelect Core Vax,VAC-VETSELECT--S,Veterinary,Region,Midwest,48677,681471.95,0.96
zoetis_vet_internal,2025-03,2025-Q1,Dermatology,VetSelect Derma,DRM-VETSELECT--L,Veterinary,Region,Midwest,10765,409058.72,0.96
zoetis_vet_internal,2025-03,2025-Q1,Dermatology,VetSelect Derma,DRM-VETSELECT--S,Veterinary,Region,Midwest,14616,555411.9,0.96
zoetis_vet_internal,2025-03,2025-Q1,Petcare Diagnostics,VetSelect Dx,DIA-VETSELECT--L,Veterinary,Region,Midwest,24216,290588.33,0.96
zoetis_vet_internal,2025-03,2025-Q1,Petcare Diagnostics,VetSelect Dx,DIA-VETSELECT--S,Veterinary,Region,Midwest,34778,417338.7,0.96
zoetis_vet_internal,2025-03,2025-Q1,Parasiticides,VetSelect Flea & Tick,PAR-VETSELECT--L,Veterinary,Region,Midwest,21818,370906.95,0.96
zoetis_vet_internal,2025-03,2025-Q1,Parasiticides,VetSelect Flea & Tick,PAR-VETSELECT--S,Veterinary,Region,Midwest,29104,494774.53,0.96
zoetis_vet_internal,2025-03,2025-Q1,Pain/Osteoarthritis,VetSelect Joint,PAN-VETSELECT--L,Veterinary,Region,Midwest,13099,379858.45,0.96
zoetis_vet_internal,2025-03,2025-Q1,Pain/Osteoarthritis,VetSelect Joint,PAN-VETSELECT--S,Veterinary,Region,Midwest,18373,532823.49,0.96
zoetis_vet_internal,2025-03,2025-Q1,Petcare Diagnostics,Vetscan,DIA-VETSCAN-L,Veterinary,Region,Midwest,65541,1179746.24,0.96
zoetis_vet_internal,2025-03,2025-Q1,Petcare Diagnostics,Vetscan,DIA-VETSCAN-S,Veterinary,Region,Midwest,90960,1637274.06,0.96
zoetis_vet_internal,2025-03,2025-Q1,Dermatology,AllerVet RX,DRM-ALLERVET-R-L,Veterinary,Region,Northeast,15150,818120.24,0.96
zoetis_vet_internal,2025-03,2025-Q1,Dermatology,AllerVet RX,DRM-ALLERVET-R-S,Veterinary,Region,Northeast,20686,1117047.88,0.96
zoetis_vet_internal,2025-03,2025-Q1,Dermatology,Apoquel,DRM-APOQUEL-L,Veterinary,Region,Northeast,27627,1795766.81,0.96
zoetis_vet_internal,2025-03,2025-Q1,Dermatology,Apoquel,DRM-APOQUEL-S,Veterinary,Region,Northeast,37704,2450749.84,0.96
zoetis_vet_internal,2025-03,2025-Q1,Vaccines,BioShield Vax,VAC-BIOSHIELD--L,Veterinary,Region,Northeast,46785,935709.29,0.96
zoetis_vet_internal,2025-03,2025-Q1,Vaccines,BioShield Vax,VAC-BIOSHIELD--S,Veterinary,Region,Northeast,61304,1226076.89,0.96
zoetis_vet_internal,2025-03,2025-Q1,Dermatology,DermaCalm,DRM-DERMACALM-L,Veterinary,Region,Northeast,15366,891241.29,0.96
zoetis_vet_internal,2025-03,2025-Q1,Dermatology,DermaCalm,DRM-DERMACALM-S,Veterinary,Region,Northeast,22111,1282436.15,0.96
zoetis_vet_internal,2025-03,2025-Q1,Petcare Diagnostics,DiagnosTech Vet,DIA-DIAGNOSTEC-L,Veterinary,Region,Northeast,60312,1025310.7,0.96
zoetis_vet_internal,2025-03,2025-Q1,Petcare Diagnostics,DiagnosTech Vet,DIA-DIAGNOSTEC-S,Veterinary,Region,Northeast,82343,1399836.3,0.96
zoetis_vet_internal,2025-03,2025-Q1,Parasiticides,FleaStop Pro,PAR-FLEASTOP-P-L,Veterinary,Region,Northeast,22288,468053.28,0.96
zoetis_vet_internal,2025-03,2025-Q1,Parasiticides,FleaStop Pro,PAR-FLEASTOP-P-S,Veterinary,Region,Northeast,30729,645308.42,0.96
zoetis_vet_internal,2025-03,2025-Q1,Pain/Osteoarthritis,FlexiCare Joint,PAN-FLEXICARE--L,Veterinary,Region,Northeast,17506,770282.3,0.96
zoetis_vet_internal,2025-03,2025-Q1,Pain/Osteoarthritis,FlexiCare Joint,PAN-FLEXICARE--S,Veterinary,Region,Northeast,24223,1065826.35,0.96
zoetis_vet_internal,2025-03,2025-Q1,Vaccines,ImmunoCore Canine,VAC-IMMUNOCORE-L,Veterinary,Region,Northeast,50347,1057285.46,0.96
zoetis_vet_internal,2025-03,2025-Q1,Vaccines,ImmunoCore Canine,VAC-IMMUNOCORE-S,Veterinary,Region,Northeast,70186,1473901.36,0.96
zoetis_vet_internal,2025-03,2025-Q1,Pain/Osteoarthritis,Librela,PAN-LIBRELA-L,Veterinary,Region,Northeast,20071,963422.85,0.96
zoetis_vet_internal,2025-03,2025-Q1,Pain/Osteoarthritis,Librela,PAN-LIBRELA-S,Veterinary,Region,Northeast,27863,1337444.75,0.96
zoetis_vet_internal,2025-03,2025-Q1,Pain/Osteoarthritis,OsteoEase Vet,PAN-OSTEOEASE--L,Veterinary,Region,Northeast,16401,672434.65,0.96
zoetis_vet_internal,2025-03,2025-Q1,Pain/Osteoarthritis,OsteoEase Vet,PAN-OSTEOEASE--S,Veterinary,Region,Northeast,22934,940289.73,0.96
zoetis_vet_internal,2025-03,2025-Q1,Pain/Osteoarthritis,PainAway Canine,PAN-PAINAWAY-C-L,Veterinary,Region,Northeast,14480,535759.04,0.96
zoetis_vet_internal,2025-03,2025-Q1,Pain/Osteoarthritis,PainAway Canine,PAN-PAINAWAY-C-S,Veterinary,Region,Northeast,21013,777493.8,0.96
zoetis_vet_internal,2025-03,2025-Q1,Petcare Diagnostics,PetLab Analyzer,DIA-PETLAB-ANA-L,Veterinary,Region,Northeast,32182,482733.87,0.96
zoetis_vet_internal,2025-03,2025-Q1,Petcare Diagnostics,PetLab Analyzer,DIA-PETLAB-ANA-S,Veterinary,Region,Northeast,43728,655918.19,0.96
zoetis_vet_internal,2025-03,2025-Q1,Petcare Diagnostics,RapidVet Dx,DIA-RAPIDVET-D-L,Veterinary,Region,Northeast,56065,897041.7,0.96
zoetis_vet_internal,2025-03,2025-Q1,Petcare Diagnostics,RapidVet Dx,DIA-RAPIDVET-D-S,Veterinary,Region,Northeast,75895,1214326.4,0.96
zoetis_vet_internal,2025-03,2025-Q1,Parasiticides,Simparica Trio,PAR-SIMPARICA--L,Veterinary,Region,Northeast,49328,1381193.4,0.96
zoetis_vet_internal,2025-03,2025-Q1,Parasiticides,Simparica Trio,PAR-SIMPARICA--S,Veterinary,Region,Northeast,68760,1925292.05,0.96
zoetis_vet_internal,2025-03,2025-Q1,Dermatology,SkinRelief Pro,DRM-SKINRELIEF-L,Veterinary,Region,Northeast,12786,626507.41,0.96
zoetis_vet_internal,2025-03,2025-Q1,Dermatology,SkinRelief Pro,DRM-SKINRELIEF-S,Veterinary,Region,Northeast,17691,866839.12,0.96
zoetis_vet_internal,2025-03,2025-Q1,Parasiticides,TickShield Plus,PAR-TICKSHIELD-L,Veterinary,Region,Northeast,27571,661713.47,0.96
zoetis_vet_internal,2025-03,2025-Q1,Parasiticides,TickShield Plus,PAR-TICKSHIELD-S,Veterinary,Region,Northeast,38401,921621.87,0.96
zoetis_vet_internal,2025-03,2025-Q1,Vaccines,Vanguard,VAC-VANGUARD-L,Veterinary,Region,Northeast,65418,1439193.73,0.96
zoetis_vet_internal,2025-03,2025-Q1,Vaccines,Vanguard,VAC-VANGUARD-S,Veterinary,Region,Northeast,92212,2028672.62,0.96
zoetis_vet_internal,2025-03,2025-Q1,Parasiticides,VectraGuard,PAR-VECTRAGUAR-L,Veterinary,Region,Northeast,32221,837736.32,0.96
zoetis_vet_internal,2025-03,2025-Q1,Parasiticides,VectraGuard,PAR-VECTRAGUAR-S,Veterinary,Region,Northeast,44558,1158496.52,0.96
zoetis_vet_internal,2025-03,2025-Q1,Vaccines,VetGuard Immunize,VAC-VETGUARD-I-L,Veterinary,Region,Northeast,40251,764769.15,0.96
zoetis_vet_internal,2025-03,2025-Q1,Vaccines,VetGuard Immunize,VAC-VETGUARD-I-S,Veterinary,Region,Northeast,54824,1041664.3,0.96
zoetis_vet_internal,2025-03,2025-Q1,Vaccines,VetSelect Core Vax,VAC-VETSELECT--L,Veterinary,Region,Northeast,34164,478301.35,0.96
zoetis_vet_internal,2025-03,2025-Q1,Vaccines,VetSelect Core Vax,VAC-VETSELECT--S,Veterinary,Region,Northeast,46962,657466.53,0.96
zoetis_vet_internal,2025-03,2025-Q1,Dermatology,VetSelect Derma,DRM-VETSELECT--L,Veterinary,Region,Northeast,10829,411512.71,0.96
zoetis_vet_internal,2025-03,2025-Q1,Dermatology,VetSelect Derma,DRM-VETSELECT--S,Veterinary,Region,Northeast,14539,552496.74,0.96
zoetis_vet_internal,2025-03,2025-Q1,Petcare Diagnostics,VetSelect Dx,DIA-VETSELECT--L,Veterinary,Region,Northeast,25493,305915.59,0.96
zoetis_vet_internal,2025-03,2025-Q1,Petcare Diagnostics,VetSelect Dx,DIA-VETSELECT--S,Veterinary,Region,Northeast,36302,435628.37,0.96
zoetis_vet_internal,2025-03,2025-Q1,Parasiticides,VetSelect Flea & Tick,PAR-VETSELECT--L,Veterinary,Region,Northeast,22517,382782.85,0.96
zoetis_vet_internal,2025-03,2025-Q1,Parasiticides,VetSelect Flea & Tick,PAR-VETSELECT--S,Veterinary,Region,Northeast,31242,531108.85,0.96
zoetis_vet_internal,2025-03,2025-Q1,Pain/Osteoarthritis,VetSelect Joint,PAN-VETSELECT--L,Veterinary,Region,Northeast,13727,398073.4,0.96
zoetis_vet_internal,2025-03,2025-Q1,Pain/Osteoarthritis,VetSelect Joint,PAN-VETSELECT--S,Veterinary,Region,Northeast,19304,559817.76,0.96
zoetis_vet_internal,2025-03,2025-Q1,Petcare Diagnostics,Vetscan,DIA-VETSCAN-L,Veterinary,Region,Northeast,63864,1149554.85,0.96
zoetis_vet_internal,2025-03,2025-Q1,Petcare Diagnostics,Vetscan,DIA-VETSCAN-S,Veterinary,Region,Northeast,91044,1638789.52,0.96
zoetis_vet_internal,2025-03,2025-Q1,Dermatology,AllerVet RX,DRM-ALLERVET-R-L,Veterinary,Region,South,22314,1204944.56,0.96
zoetis_vet_internal,2025-03,2025-Q1,Dermatology,AllerVet RX,DRM-ALLERVET-R-S,Veterinary,Region,South,31764,1715256.88,0.96
zoetis_vet_internal,2025-03,2025-Q1,Dermatology,Apoquel,DRM-APOQUEL-L,Veterinary,Region,South,40460,2629905.05,0.96
zoetis_vet_internal,2025-03,2025-Q1,Dermatology,Apoquel,DRM-APOQUEL-S,Veterinary,Region,South,55072,3579664.27,0.96
zoetis_vet_internal,2025-03,2025-Q1,Vaccines,BioShield Vax,VAC-BIOSHIELD--L,Veterinary,Region,South,69655,1393102.3,0.96
zoetis_vet_internal,2025-03,2025-Q1,Vaccines,BioShield Vax,VAC-BIOSHIELD--S,Veterinary,Region,South,92700,1853994.0,0.96
zoetis_vet_internal,2025-03,2025-Q1,Dermatology,DermaCalm,DRM-DERMACALM-L,Veterinary,Region,South,25644,1487326.98,0.96
zoetis_vet_internal,2025-03,2025-Q1,Dermatology,DermaCalm,DRM-DERMACALM-S,Veterinary,Region,South,33909,1966710.32,0.96
zoetis_vet_internal,2025-03,2025-Q1,Petcare Diagnostics,DiagnosTech Vet,DIA-DIAGNOSTEC-L,Veterinary,Region,South,88802,1509634.18,0.96
zoetis_vet_internal,2025-03,2025-Q1,Petcare Diagnostics,DiagnosTech Vet,DIA-DIAGNOSTEC-S,Veterinary,Region,South,126035,2142598.67,0.96
zoetis_vet_internal,2025-03,2025-Q1,Parasiticides,FleaStop Pro,PAR-FLEASTOP-P-L,Veterinary,Region,South,34248,719210.21,0.96
zoetis_vet_internal,2025-03,2025-Q1,Parasiticides,FleaStop Pro,PAR-FLEASTOP-P-S,Veterinary,Region,South,47215,991522.05,0.96
zoetis_vet_internal,2025-03,2025-Q1,Pain/Osteoarthritis,FlexiCare Joint,PAN-FLEXICARE--L,Veterinary,Region,South,27272,1199986.36,0.96
zoetis_vet_internal,2025-03,2025-Q1,Pain/Osteoarthritis,FlexiCare Joint,PAN-FLEXICARE--S,Veterinary,Region,South,37773,1661990.96,0.96
zoetis_vet_internal,2025-03,2025-Q1,Vaccines,ImmunoCore Canine,VAC-IMMUNOCORE-L,Veterinary,Region,South,77153,1620204.02,0.96
zoetis_vet_internal,2025-03,2025-Q1,Vaccines,ImmunoCore Canine,VAC-IMMUNOCORE-S,Veterinary,Region,South,112012,2352262.35,0.96
zoetis_vet_internal,2025-03,2025-Q1,Pain/Osteoarthritis,Librela,PAN-LIBRELA-L,Veterinary,Region,South,30976,1486847.03,0.96
zoetis_vet_internal,2025-03,2025-Q1,Pain/Osteoarthritis,Librela,PAN-LIBRELA-S,Veterinary,Region,South,42485,2039287.12,0.96
zoetis_vet_internal,2025-03,2025-Q1,Pain/Osteoarthritis,OsteoEase Vet,PAN-OSTEOEASE--L,Veterinary,Region,South,26848,1100777.18,0.96
zoetis_vet_internal,2025-03,2025-Q1,Pain/Osteoarthritis,OsteoEase Vet,PAN-OSTEOEASE--S,Veterinary,Region,South,36931,1514176.13,0.96
zoetis_vet_internal,2025-03,2025-Q1,Pain/Osteoarthritis,PainAway Canine,PAN-PAINAWAY-C-L,Veterinary,Region,South,23332,863268.68,0.96
zoetis_vet_internal,2025-03,2025-Q1,Pain/Osteoarthritis,PainAway Canine,PAN-PAINAWAY-C-S,Veterinary,Region,South,32414,1199335.88,0.96
zoetis_vet_internal,2025-03,2025-Q1,Petcare Diagnostics,PetLab Analyzer,DIA-PETLAB-ANA-L,Veterinary,Region,South,52664,789959.72,0.96
zoetis_vet_internal,2025-03,2025-Q1,Petcare Diagnostics,PetLab Analyzer,DIA-PETLAB-ANA-S,Veterinary,Region,South,71118,1066770.62,0.96
zoetis_vet_internal,2025-03,2025-Q1,Petcare Diagnostics,RapidVet Dx,DIA-RAPIDVET-D-L,Veterinary,Region,South,82393,1318285.11,0.96
zoetis_vet_internal,2025-03,2025-Q1,Petcare Diagnostics,RapidVet Dx,DIA-RAPIDVET-D-S,Veterinary,Region,South,112537,1800593.68,0.96
zoetis_vet_internal,2025-03,2025-Q1,Parasiticides,Simparica Trio,PAR-SIMPARICA--L,Veterinary,Region,South,76907,2153398.65,0.96
zoetis_vet_internal,2025-03,2025-Q1,Parasiticides,Simparica Trio,PAR-SIMPARICA--S,Veterinary,Region,South,107764,3017390.88,0.96
zoetis_vet_internal,2025-03,2025-Q1,Dermatology,SkinRelief Pro,DRM-SKINRELIEF-L,Veterinary,Region,South,19415,951343.11,0.96
zoetis_vet_internal,2025-03,2025-Q1,Dermatology,SkinRelief Pro,DRM-SKINRELIEF-S,Veterinary,Region,South,27684,1356524.73,0.96
zoetis_vet_internal,2025-03,2025-Q1,Parasiticides,TickShield Plus,PAR-TICKSHIELD-L,Veterinary,Region,South,43219,1037248.46,0.96
zoetis_vet_internal,2025-03,2025-Q1,Parasiticides,TickShield Plus,PAR-TICKSHIELD-S,Veterinary,Region,South,57592,1382196.27,0.96
zoetis_vet_internal,2025-03,2025-Q1,Vaccines,Vanguard,VAC-VANGUARD-L,Veterinary,Region,South,104420,2297237.55,0.96
zoetis_vet_internal,2025-03,2025-Q1,Vaccines,Vanguard,VAC-VANGUARD-S,Veterinary,Region,South,150235,3305162.76,0.96
zoetis_vet_internal,2025-03,2025-Q1,Parasiticides,VectraGuard,PAR-VECTRAGUAR-L,Veterinary,Region,South,49222,1279764.16,0.96
zoetis_vet_internal,2025-03,2025-Q1,Parasiticides,VectraGuard,PAR-VECTRAGUAR-S,Veterinary,Region,South,67807,1762975.16,0.96
zoetis_vet_internal,2025-03,2025-Q1,Vaccines,VetGuard Immunize,VAC-VETGUARD-I-L,Veterinary,Region,South,60747,1154195.09,0.96
zoetis_vet_internal,2025-03,2025-Q1,Vaccines,VetGuard Immunize,VAC-VETGUARD-I-S,Veterinary,Region,South,83412,1584829.94,0.96
zoetis_vet_internal,2025-03,2025-Q1,Vaccines,VetSelect Core Vax,VAC-VETSELECT--L,Veterinary,Region,South,51615,722614.88,0.96
zoetis_vet_internal,2025-03,2025-Q1,Vaccines,VetSelect Core Vax,VAC-VETSELECT--S,Veterinary,Region,South,72164,1010294.29,0.96
zoetis_vet_internal,2025-03,2025-Q1,Dermatology,VetSelect Derma,DRM-VETSELECT--L,Veterinary,Region,South,16869,641003.63,0.96
zoetis_vet_internal,2025-03,2025-Q1,Dermatology,VetSelect Derma,DRM-VETSELECT--S,Veterinary,Region,South,23963,910587.05,0.96
zoetis_vet_internal,2025-03,2025-Q1,Petcare Diagnostics,VetSelect Dx,DIA-VETSELECT--L,Veterinary,Region,South,40851,490206.03,0.96
zoetis_vet_internal,2025-03,2025-Q1,Petcare Diagnostics,VetSelect Dx,DIA-VETSELECT--S,Veterinary,Region,South,54671,656047.73,0.96
zoetis_vet_internal,2025-03,2025-Q1,Parasiticides,VetSelect Flea & Tick,PAR-VETSELECT--L,Veterinary,Region,South,36759,624901.84,0.96
zoetis_vet_internal,2025-03,2025-Q1,Parasiticides,VetSelect Flea & Tick,PAR-VETSELECT--S,Veterinary,Region,South,46861,796630.8,0.96
zoetis_vet_internal,2025-03,2025-Q1,Pain/Osteoarthritis,VetSelect Joint,PAN-VETSELECT--L,Veterinary,Region,South,21689,628974.81,0.96
zoetis_vet_internal,2025-03,2025-Q1,Pain/Osteoarthritis,VetSelect Joint,PAN-VETSELECT--S,Veterinary,Region,South,30596,887292.8,0.96
zoetis_vet_internal,2025-03,2025-Q1,Petcare Diagnostics,Vetscan,DIA-VETSCAN-L,Veterinary,Region,South,106861,1923492.37,0.96
zoetis_vet_internal,2025-03,2025-Q1,Petcare Diagnostics,Vetscan,DIA-VETSCAN-S,Veterinary,Region,South,144405,2599285.51,0.96
zoetis_vet_internal,2025-03,2025-Q1,Dermatology,AllerVet RX,DRM-ALLERVET-R-L,Veterinary,Region,West,15516,837869.25,0.96
zoetis_vet_internal,2025-03,2025-Q1,Dermatology,AllerVet RX,DRM-ALLERVET-R-S,Veterinary,Region,West,21585,1165610.62,0.96
zoetis_vet_internal,2025-03,2025-Q1,Dermatology,Apoquel,DRM-APOQUEL-L,Veterinary,Region,West,28218,1834147.61,0.96
zoetis_vet_internal,2025-03,2025-Q1,Dermatology,Apoquel,DRM-APOQUEL-S,Veterinary,Region,West,37976,2468414.25,0.96
zoetis_vet_internal,2025-03,2025-Q1,Vaccines,BioShield Vax,VAC-BIOSHIELD--L,Veterinary,Region,West,44149,882981.76,0.96
zoetis_vet_internal,2025-03,2025-Q1,Vaccines,BioShield Vax,VAC-BIOSHIELD--S,Veterinary,Region,West,64074,1281479.47,0.96
zoetis_vet_internal,2025-03,2025-Q1,Dermatology,DermaCalm,DRM-DERMACALM-L,Veterinary,Region,West,17975,1042560.35,0.96
zoetis_vet_internal,2025-03,2025-Q1,Dermatology,DermaCalm,DRM-DERMACALM-S,Veterinary,Region,West,24266,1407430.49,0.96
zoetis_vet_internal,2025-03,2025-Q1,Petcare Diagnostics,DiagnosTech Vet,DIA-DIAGNOSTEC-L,Veterinary,Region,West,58163,988764.67,0.96
zoetis_vet_internal,2025-03,2025-Q1,Petcare Diagnostics,DiagnosTech Vet,DIA-DIAGNOSTEC-S,Veterinary,Region,West,81637,1387830.63,0.96
zoetis_vet_internal,2025-03,2025-Q1,Parasiticides,FleaStop Pro,PAR-FLEASTOP-P-L,Veterinary,Region,West,25052,526081.92,0.96
zoetis_vet_internal,2025-03,2025-Q1,Parasiticides,FleaStop Pro,PAR-FLEASTOP-P-S,Veterinary,Region,West,34660,727858.24,0.96
zoetis_vet_internal,2025-03,2025-Q1,Pain/Osteoarthritis,FlexiCare Joint,PAN-FLEXICARE--L,Veterinary,Region,West,19042,837841.31,0.96
zoetis_vet_internal,2025-03,2025-Q1,Pain/Osteoarthritis,FlexiCare Joint,PAN-FLEXICARE--S,Veterinary,Region,West,26337,1158840.38,0.96
zoetis_vet_internal,2025-03,2025-Q1,Vaccines,ImmunoCore Canine,VAC-IMMUNOCORE-L,Veterinary,Region,West,54782,1150416.84,0.96
zoetis_vet_internal,2025-03,2025-Q1,Vaccines,ImmunoCore Canine,VAC-IMMUNOCORE-S,Veterinary,Region,West,78549,1649528.43,0.96
zoetis_vet_internal,2025-03,2025-Q1,Pain/Osteoarthritis,Librela,PAN-LIBRELA-L,Veterinary,Region,West,20571,987392.88,0.96
zoetis_vet_internal,2025-03,2025-Q1,Pain/Osteoarthritis,Librela,PAN-LIBRELA-S,Veterinary,Region,West,29002,1392095.58,0.96
zoetis_vet_internal,2025-03,2025-Q1,Pain/Osteoarthritis,OsteoEase Vet,PAN-OSTEOEASE--L,Veterinary,Region,West,17202,705274.03,0.96
zoetis_vet_internal,2025-03,2025-Q1,Pain/Osteoarthritis,OsteoEase Vet,PAN-OSTEOEASE--S,Veterinary,Region,West,23202,951279.38,0.96
zoetis_vet_internal,2025-03,2025-Q1,Pain/Osteoarthritis,PainAway Canine,PAN-PAINAWAY-C-L,Veterinary,Region,West,14573,539212.79,0.96
zoetis_vet_internal,2025-03,2025-Q1,Pain/Osteoarthritis,PainAway Canine,PAN-PAINAWAY-C-S,Veterinary,Region,West,20463,757121.44,0.96
zoetis_vet_internal,2025-03,2025-Q1,Petcare Diagnostics,PetLab Analyzer,DIA-PETLAB-ANA-L,Veterinary,Region,West,33295,499429.52,0.96
zoetis_vet_internal,2025-03,2025-Q1,Petcare Diagnostics,PetLab Analyzer,DIA-PETLAB-ANA-S,Veterinary,Region,West,47805,717073.47,0.96
zoetis_vet_internal,2025-03,2025-Q1,Petcare Diagnostics,RapidVet Dx,DIA-RAPIDVET-D-L,Veterinary,Region,West,54446,871129.66,0.96
zoetis_vet_internal,2025-03,2025-Q1,Petcare Diagnostics,RapidVet Dx,DIA-RAPIDVET-D-S,Veterinary,Region,West,76285,1220558.6,0.96
zoetis_vet_internal,2025-03,2025-Q1,Parasiticides,Simparica Trio,PAR-SIMPARICA--L,Veterinary,Region,West,52066,1457860.05,0.96
zoetis_vet_internal,2025-03,2025-Q1,Parasiticides,Simparica Trio,PAR-SIMPARICA--S,Veterinary,Region,West,70366,1970257.56,0.96
zoetis_vet_internal,2025-03,2025-Q1,Dermatology,SkinRelief Pro,DRM-SKINRELIEF-L,Veterinary,Region,West,13542,663568.31,0.96
zoetis_vet_internal,2025-03,2025-Q1,Dermatology,SkinRelief Pro,DRM-SKINRELIEF-S,Veterinary,Region,West,18994,930684.05,0.96
zoetis_vet_internal,2025-03,2025-Q1,Parasiticides,TickShield Plus,PAR-TICKSHIELD-L,Veterinary,Region,West,27908,669792.16,0.96
zoetis_vet_internal,2025-03,2025-Q1,Parasiticides,TickShield Plus,PAR-TICKSHIELD-S,Veterinary,Region,West,37630,903120.9,0.96
zoetis_vet_internal,2025-03,2025-Q1,Vaccines,Vanguard,VAC-VANGUARD-L,Veterinary,Region,West,64169,1411707.04,0.96
zoetis_vet_internal,2025-03,2025-Q1,Vaccines,Vanguard,VAC-VANGUARD-S,Veterinary,Region,West,87338,1921439.13,0.96
zoetis_vet_internal,2025-03,2025-Q1,Parasiticides,VectraGuard,PAR-VECTRAGUAR-L,Veterinary,Region,West,32537,845949.43,0.96
zoetis_vet_internal,2025-03,2025-Q1,Parasiticides,VectraGuard,PAR-VECTRAGUAR-S,Veterinary,Region,West,46057,1197475.99,0.96
zoetis_vet_internal,2025-03,2025-Q1,Vaccines,VetGuard Immunize,VAC-VETGUARD-I-L,Veterinary,Region,West,38407,729728.19,0.96
zoetis_vet_internal,2025-03,2025-Q1,Vaccines,VetGuard Immunize,VAC-VETGUARD-I-S,Veterinary,Region,West,54501,1035514.15,0.96
zoetis_vet_internal,2025-03,2025-Q1,Vaccines,VetSelect Core Vax,VAC-VETSELECT--L,Veterinary,Region,West,37428,523987.43,0.96
zoetis_vet_internal,2025-03,2025-Q1,Vaccines,VetSelect Core Vax,VAC-VETSELECT--S,Veterinary,Region,West,50167,702344.86,0.96
zoetis_vet_internal,2025-03,2025-Q1,Dermatology,VetSelect Derma,DRM-VETSELECT--L,Veterinary,Region,West,11574,439805.25,0.96
zoetis_vet_internal,2025-03,2025-Q1,Dermatology,VetSelect Derma,DRM-VETSELECT--S,Veterinary,Region,West,16093,611525.72,0.96
zoetis_vet_internal,2025-03,2025-Q1,Petcare Diagnostics,VetSelect Dx,DIA-VETSELECT--L,Veterinary,Region,West,27292,327505.66,0.96
zoetis_vet_internal,2025-03,2025-Q1,Petcare Diagnostics,VetSelect Dx,DIA-VETSELECT--S,Veterinary,Region,West,38217,458605.75,0.96
zoetis_vet_internal,2025-03,2025-Q1,Parasiticides,VetSelect Flea & Tick,PAR-VETSELECT--L,Veterinary,Region,West,22348,379908.48,0.96
zoetis_vet_internal,2025-03,2025-Q1,Parasiticides,VetSelect Flea & Tick,PAR-VETSELECT--S,Veterinary,Region,West,31632,537745.73,0.96
zoetis_vet_internal,2025-03,2025-Q1,Pain/Osteoarthritis,VetSelect Joint,PAN-VETSELECT--L,Veterinary,Region,West,13522,392143.8,0.96
zoetis_vet_internal,2025-03,2025-Q1,Pain/Osteoarthritis,VetSelect Joint,PAN-VETSELECT--S,Veterinary,Region,West,19587,568018.62,0.96
zoetis_vet_internal,2025-03,2025-Q1,Petcare Diagnostics,Vetscan,DIA-VETSCAN-L,Veterinary,Region,West,76546,1377831.08,0.96
zoetis_vet_internal,2025-03,2025-Q1,Petcare Diagnostics,Vetscan,DIA-VETSCAN-S,Veterinary,Region,West,103897,1870143.92,0.96
zoetis_vet_internal,2025-04,2025-Q2,Dermatology,AllerVet RX,DRM-ALLERVET-R-L,Veterinary,National,National,74830,4040826.05,0.96
zoetis_vet_internal,2025-04,2025-Q2,Dermatology,AllerVet RX,DRM-ALLERVET-R-S,Veterinary,National,National,104625,5649729.98,0.96
zoetis_vet_internal,2025-04,2025-Q2,Dermatology,Apoquel,DRM-APOQUEL-L,Veterinary,National,National,136006,8840378.43,0.96
zoetis_vet_internal,2025-04,2025-Q2,Dermatology,Apoquel,DRM-APOQUEL-S,Veterinary,National,National,186392,12115474.97,0.96
zoetis_vet_internal,2025-04,2025-Q2,Vaccines,BioShield Vax,VAC-BIOSHIELD--L,Veterinary,National,National,200060,4001196.42,0.96
zoetis_vet_internal,2025-04,2025-Q2,Vaccines,BioShield Vax,VAC-BIOSHIELD--S,Veterinary,National,National,269017,5380340.51,0.96
zoetis_vet_internal,2025-04,2025-Q2,Dermatology,DermaCalm,DRM-DERMACALM-L,Veterinary,National,National,86681,5027476.2,0.96
zoetis_vet_internal,2025-04,2025-Q2,Dermatology,DermaCalm,DRM-DERMACALM-S,Veterinary,National,National,118330,6863190.67,0.96
zoetis_vet_internal,2025-04,2025-Q2,Petcare Diagnostics,DiagnosTech Vet,DIA-DIAGNOSTEC-L,Veterinary,National,National,251377,4273422.61,0.96
zoetis_vet_internal,2025-04,2025-Q2,Petcare Diagnostics,DiagnosTech Vet,DIA-DIAGNOSTEC-S,Veterinary,National,National,346669,5893373.5,0.96
zoetis_vet_internal,2025-04,2025-Q2,Parasiticides,FleaStop Pro,PAR-FLEASTOP-P-L,Veterinary,National,National,127650,2680644.98,0.96
zoetis_vet_internal,2025-04,2025-Q2,Parasiticides,FleaStop Pro,PAR-FLEASTOP-P-S,Veterinary,National,National,173222,3637665.53,0.96
zoetis_vet_internal,2025-04,2025-Q2,Pain/Osteoarthritis,FlexiCare Joint,PAN-FLEXICARE--L,Veterinary,National,National,77107,3392699.03,0.96
zoetis_vet_internal,2025-04,2025-Q2,Pain/Osteoarthritis,FlexiCare Joint,PAN-FLEXICARE--S,Veterinary,National,National,106224,4673857.84,0.96
zoetis_vet_internal,2025-04,2025-Q2,Vaccines,ImmunoCore Canine,VAC-IMMUNOCORE-L,Veterinary,National,National,236495,4966386.65,0.96
zoetis_vet_internal,2025-04,2025-Q2,Vaccines,ImmunoCore Canine,VAC-IMMUNOCORE-S,Veterinary,National,National,335979,7055561.71,0.96
zoetis_vet_internal,2025-04,2025-Q2,Pain/Osteoarthritis,Librela,PAN-LIBRELA-L,Veterinary,National,National,90682,4352700.62,0.96
zoetis_vet_internal,2025-04,2025-Q2,Pain/Osteoarthritis,Librela,PAN-LIBRELA-S,Veterinary,National,National,123343,5920496.7,0.96
zoetis_vet_internal,2025-04,2025-Q2,Pain/Osteoarthritis,OsteoEase Vet,PAN-OSTEOEASE--L,Veterinary,National,National,74250,3044238.93,0.96
zoetis_vet_internal,2025-04,2025-Q2,Pain/Osteoarthritis,OsteoEase Vet,PAN-OSTEOEASE--S,Veterinary,National,National,101148,4147110.77,0.96
zoetis_vet_internal,2025-04,2025-Q2,Pain/Osteoarthritis,PainAway Canine,PAN-PAINAWAY-C-L,Veterinary,National,National,63126,2919574.26,0.96
zoetis_vet_internal,2025-04,2025-Q2,Pain/Osteoarthritis,PainAway Canine,PAN-PAINAWAY-C-S,Veterinary,National,National,88862,4109877.64,0.96
zoetis_vet_internal,2025-04,2025-Q2,Petcare Diagnostics,PetLab Analyzer,DIA-PETLAB-ANA-L,Veterinary,National,National,147119,2206788.13,0.96
zoetis_vet_internal,2025-04,2025-Q2,Petcare Diagnostics,PetLab Analyzer,DIA-PETLAB-ANA-S,Veterinary,National,National,202174,3032610.72,0.96
zoetis_vet_internal,2025-04,2025-Q2,Petcare Diagnostics,RapidVet Dx,DIA-RAPIDVET-D-L,Veterinary,National,National,228436,3654965.91,0.96
zoetis_vet_internal,2025-04,2025-Q2,Petcare Diagnostics,RapidVet Dx,DIA-RAPIDVET-D-S,Veterinary,National,National,310393,4966286.47,0.96
zoetis_vet_internal,2025-04,2025-Q2,Parasiticides,Simparica Trio,PAR-SIMPARICA--L,Veterinary,National,National,254912,7137531.16,0.96
zoetis_vet_internal,2025-04,2025-Q2,Parasiticides,Simparica Trio,PAR-SIMPARICA--S,Veterinary,National,National,352580,9872254.53,0.96
zoetis_vet_internal,2025-04,2025-Q2,Dermatology,SkinRelief Pro,DRM-SKINRELIEF-L,Veterinary,National,National,61736,3025072.84,0.96
zoetis_vet_internal,2025-04,2025-Q2,Dermatology,SkinRelief Pro,DRM-SKINRELIEF-S,Veterinary,National,National,87298,4277614.3,0.96
zoetis_vet_internal,2025-04,2025-Q2,Parasiticides,TickShield Plus,PAR-TICKSHIELD-L,Veterinary,National,National,140342,3368202.15,0.96
zoetis_vet_internal,2025-04,2025-Q2,Parasiticides,TickShield Plus,PAR-TICKSHIELD-S,Veterinary,National,National,191056,4585331.24,0.96
zoetis_vet_internal,2025-04,2025-Q2,Vaccines,Vanguard,VAC-VANGUARD-L,Veterinary,National,National,301868,6641077.62,0.96
zoetis_vet_internal,2025-04,2025-Q2,Vaccines,Vanguard,VAC-VANGUARD-S,Veterinary,National,National,409986,9019697.41,0.96
zoetis_vet_internal,2025-04,2025-Q2,Parasiticides,VectraGuard,PAR-VECTRAGUAR-L,Veterinary,National,National,166475,4328344.64,0.96
zoetis_vet_internal,2025-04,2025-Q2,Parasiticides,VectraGuard,PAR-VECTRAGUAR-S,Veterinary,National,National,227638,5918594.57,0.96
zoetis_vet_internal,2025-04,2025-Q2,Vaccines,VetGuard Immunize,VAC-VETGUARD-I-L,Veterinary,National,National,182323,3464131.44,0.96
zoetis_vet_internal,2025-04,2025-Q2,Vaccines,VetGuard Immunize,VAC-VETGUARD-I-S,Veterinary,National,National,255106,4847011.64,0.96
zoetis_vet_internal,2025-04,2025-Q2,Vaccines,VetSelect Core Vax,VAC-VETSELECT--L,Veterinary,National,National,151804,2125261.32,0.96
zoetis_vet_internal,2025-04,2025-Q2,Vaccines,VetSelect Core Vax,VAC-VETSELECT--S,Veterinary,National,National,214866,3008111.38,0.96
zoetis_vet_internal,2025-04,2025-Q2,Dermatology,VetSelect Derma,DRM-VETSELECT--L,Veterinary,National,National,51761,1966957.08,0.96
zoetis_vet_internal,2025-04,2025-Q2,Dermatology,VetSelect Derma,DRM-VETSELECT--S,Veterinary,National,National,71512,2717446.38,0.96
zoetis_vet_internal,2025-04,2025-Q2,Petcare Diagnostics,VetSelect Dx,DIA-VETSELECT--L,Veterinary,National,National,117917,1415007.13,0.96
zoetis_vet_internal,2025-04,2025-Q2,Petcare Diagnostics,VetSelect Dx,DIA-VETSELECT--S,Veterinary,National,National,158747,1904963.51,0.96
zoetis_vet_internal,2025-04,2025-Q2,Parasiticides,VetSelect Flea & Tick,PAR-VETSELECT--L,Veterinary,National,National,121862,2071654.99,0.96
zoetis_vet_internal,2025-04,2025-Q2,Parasiticides,VetSelect Flea & Tick,PAR-VETSELECT--S,Veterinary,National,National,165187,2808189.48,0.96
zoetis_vet_internal,2025-04,2025-Q2,Pain/Osteoarthritis,VetSelect Joint,PAN-VETSELECT--L,Veterinary,National,National,62736,1819323.69,0.96
zoetis_vet_internal,2025-04,2025-Q2,Pain/Osteoarthritis,VetSelect Joint,PAN-VETSELECT--S,Veterinary,National,National,86074,2496124.06,0.96
zoetis_vet_internal,2025-04,2025-Q2,Petcare Diagnostics,Vetscan,DIA-VETSCAN-L,Veterinary,National,National,298209,5367740.46,0.96
zoetis_vet_internal,2025-04,2025-Q2,Petcare Diagnostics,Vetscan,DIA-VETSCAN-S,Veterinary,National,National,416656,7499813.2,0.96
zoetis_vet_internal,2025-04,2025-Q2,Dermatology,AllerVet RX,DRM-ALLERVET-R-L,Veterinary,Region,Midwest,15960,861856.34,0.96
zoetis_vet_internal,2025-04,2025-Q2,Dermatology,AllerVet RX,DRM-ALLERVET-R-S,Veterinary,Region,Midwest,21926,1183995.37,0.96
zoetis_vet_internal,2025-04,2025-Q2,Dermatology,Apoquel,DRM-APOQUEL-L,Veterinary,Region,Midwest,29163,1895592.84,0.96
zoetis_vet_internal,2025-04,2025-Q2,Dermatology,Apoquel,DRM-APOQUEL-S,Veterinary,Region,Midwest,39807,2587463.95,0.96
zoetis_vet_internal,2025-04,2025-Q2,Vaccines,BioShield Vax,VAC-BIOSHIELD--L,Veterinary,Region,Midwest,43474,869482.59,0.96
zoetis_vet_internal,2025-04,2025-Q2,Vaccines,BioShield Vax,VAC-BIOSHIELD--S,Veterinary,Region,Midwest,57808,1156158.69,0.96
zoetis_vet_internal,2025-04,2025-Q2,Dermatology,DermaCalm,DRM-DERMACALM-L,Veterinary,Region,Midwest,18133,1051739.04,0.96
zoetis_vet_internal,2025-04,2025-Q2,Dermatology,DermaCalm,DRM-DERMACALM-S,Veterinary,Region,Midwest,24711,1433261.45,0.96
zoetis_vet_internal,2025-04,2025-Q2,Petcare Diagnostics,DiagnosTech Vet,DIA-DIAGNOSTEC-L,Veterinary,Region,Midwest,52896,899235.9,0.96
zoetis_vet_internal,2025-04,2025-Q2,Petcare Diagnostics,DiagnosTech Vet,DIA-DIAGNOSTEC-S,Veterinary,Region,Midwest,75509,1283648.13,0.96
zoetis_vet_internal,2025-04,2025-Q2,Parasiticides,FleaStop Pro,PAR-FLEASTOP-P-L,Veterinary,Region,Midwest,26739,561511.02,0.96
zoetis_vet_internal,2025-04,2025-Q2,Parasiticides,FleaStop Pro,PAR-FLEASTOP-P-S,Veterinary,Region,Midwest,36903,774957.21,0.96
zoetis_vet_internal,2025-04,2025-Q2,Pain/Osteoarthritis,FlexiCare Joint,PAN-FLEXICARE--L,Veterinary,Region,Midwest,15284,672482.71,0.96
zoetis_vet_internal,2025-04,2025-Q2,Pain/Osteoarthritis,FlexiCare Joint,PAN-FLEXICARE--S,Veterinary,Region,Midwest,21310,937632.73,0.96
zoetis_vet_internal,2025-04,2025-Q2,Vaccines,ImmunoCore Canine,VAC-IMMUNOCORE-L,Veterinary,Region,Midwest,50835,1067529.6,0.96
zoetis_vet_internal,2025-04,2025-Q2,Vaccines,ImmunoCore Canine,VAC-IMMUNOCORE-S,Veterinary,Region,Midwest,75135,1577827.51,0.96
zoetis_vet_internal,2025-04,2025-Q2,Pain/Osteoarthritis,Librela,PAN-LIBRELA-L,Veterinary,Region,Midwest,18851,904838.88,0.96
zoetis_vet_internal,2025-04,2025-Q2,Pain/Osteoarthritis,Librela,PAN-LIBRELA-S,Veterinary,Region,Midwest,25622,1229872.79,0.96
zoetis_vet_internal,2025-04,2025-Q2,Pain/Osteoarthritis,OsteoEase Vet,PAN-OSTEOEASE--L,Veterinary,Region,Midwest,15608,639946.11,0.96
zoetis_vet_internal,2025-04,2025-Q2,Pain/Osteoarthritis,OsteoEase Vet,PAN-OSTEOEASE--S,Veterinary,Region,Midwest,21252,871350.5,0.96
zoetis_vet_internal,2025-04,2025-Q2,Pain/Osteoarthritis,PainAway Canine,PAN-PAINAWAY-C-L,Veterinary,Region,Midwest,13233,489617.57,0.96
zoetis_vet_internal,2025-04,2025-Q2,Pain/Osteoarthritis,PainAway Canine,PAN-PAINAWAY-C-S,Veterinary,Region,Midwest,18630,689303.57,0.96
zoetis_vet_internal,2025-04,2025-Q2,Petcare Diagnostics,PetLab Analyzer,DIA-PETLAB-ANA-L,Veterinary,Region,Midwest,31089,466339.24,0.96
zoetis_vet_internal,2025-04,2025-Q2,Petcare Diagnostics,PetLab Analyzer,DIA-PETLAB-ANA-S,Veterinary,Region,Midwest,42785,641778.98,0.96
zoetis_vet_internal,2025-04,2025-Q2,Petcare Diagnostics,RapidVet Dx,DIA-RAPIDVET-D-L,Veterinary,Region,Midwest,48909,782544.46,0.96
zoetis_vet_internal,2025-04,2025-Q2,Petcare Diagnostics,RapidVet Dx,DIA-RAPIDVET-D-S,Veterinary,Region,Midwest,68918,1102684.36,0.96
zoetis_vet_internal,2025-04,2025-Q2,Parasiticides,Simparica Trio,PAR-SIMPARICA--L,Veterinary,Region,Midwest,53631,1501656.35,0.96
zoetis_vet_internal,2025-04,2025-Q2,Parasiticides,Simparica Trio,PAR-SIMPARICA--S,Veterinary,Region,Midwest,73949,2070580.22,0.96
zoetis_vet_internal,2025-04,2025-Q2,Dermatology,SkinRelief Pro,DRM-SKINRELIEF-L,Veterinary,Region,Midwest,13297,651566.0,0.96
zoetis_vet_internal,2025-04,2025-Q2,Dermatology,SkinRelief Pro,DRM-SKINRELIEF-S,Veterinary,Region,Midwest,19057,933812.41,0.96
zoetis_vet_internal,2025-04,2025-Q2,Parasiticides,TickShield Plus,PAR-TICKSHIELD-L,Veterinary,Region,Midwest,29552,709248.85,0.96
zoetis_vet_internal,2025-04,2025-Q2,Parasiticides,TickShield Plus,PAR-TICKSHIELD-S,Veterinary,Region,Midwest,38329,919886.9,0.96
zoetis_vet_internal,2025-04,2025-Q2,Vaccines,Vanguard,VAC-VANGUARD-L,Veterinary,Region,Midwest,59668,1312685.91,0.96
zoetis_vet_internal,2025-04,2025-Q2,Vaccines,Vanguard,VAC-VANGUARD-S,Veterinary,Region,Midwest,85646,1884211.83,0.96
zoetis_vet_internal,2025-04,2025-Q2,Parasiticides,VectraGuard,PAR-VECTRAGUAR-L,Veterinary,Region,Midwest,36485,948603.29,0.96
zoetis_vet_internal,2025-04,2025-Q2,Parasiticides,VectraGuard,PAR-VECTRAGUAR-S,Veterinary,Region,Midwest,50547,1314234.0,0.96
zoetis_vet_internal,2025-04,2025-Q2,Vaccines,VetGuard Immunize,VAC-VETGUARD-I-L,Veterinary,Region,Midwest,39127,743408.67,0.96
zoetis_vet_internal,2025-04,2025-Q2,Vaccines,VetGuard Immunize,VAC-VETGUARD-I-S,Veterinary,Region,Midwest,53867,1023468.03,0.96
zoetis_vet_internal,2025-04,2025-Q2,Vaccines,VetSelect Core Vax,VAC-VETSELECT--L,Veterinary,Region,Midwest,31732,444250.53,0.96
zoetis_vet_internal,2025-04,2025-Q2,Vaccines,VetSelect Core Vax,VAC-VETSELECT--S,Veterinary,Region,Midwest,44890,628454.94,0.96
zoetis_vet_internal,2025-04,2025-Q2,Dermatology,VetSelect Derma,DRM-VETSELECT--L,Veterinary,Region,Midwest,10570,401677.98,0.96
zoetis_vet_internal,2025-04,2025-Q2,Dermatology,VetSelect Derma,DRM-VETSELECT--S,Veterinary,Region,Midwest,14809,562743.25,0.96
zoetis_vet_internal,2025-04,2025-Q2,Petcare Diagnostics,VetSelect Dx,DIA-VETSELECT--L,Veterinary,Region,Midwest,25359,304307.93,0.96
zoetis_vet_internal,2025-04,2025-Q2,Petcare Diagnostics,VetSelect Dx,DIA-VETSELECT--S,Veterinary,Region,Midwest,34564,414773.81,0.96
zoetis_vet_internal,2025-04,2025-Q2,Parasiticides,VetSelect Flea & Tick,PAR-VETSELECT--L,Veterinary,Region,Midwest,24615,418451.65,0.96
zoetis_vet_internal,2025-04,2025-Q2,Parasiticides,VetSelect Flea & Tick,PAR-VETSELECT--S,Veterinary,Region,Midwest,33131,563219.99,0.96
zoetis_vet_internal,2025-04,2025-Q2,Pain/Osteoarthritis,VetSelect Joint,PAN-VETSELECT--L,Veterinary,Region,Midwest,13507,391694.35,0.96
zoetis_vet_internal,2025-04,2025-Q2,Pain/Osteoarthritis,VetSelect Joint,PAN-VETSELECT--S,Veterinary,Region,Midwest,18644,540663.54,0.96
zoetis_vet_internal,2025-04,2025-Q2,Petcare Diagnostics,Vetscan,DIA-VETSCAN-L,Veterinary,Region,Midwest,61187,1101362.08,0.96
zoetis_vet_internal,2025-04,2025-Q2,Petcare Diagnostics,Vetscan,DIA-VETSCAN-S,Veterinary,Region,Midwest,82995,1493912.07,0.96
zoetis_vet_internal,2025-04,2025-Q2,Dermatology,AllerVet RX,DRM-ALLERVET-R-L,Veterinary,Region,Northeast,16156,872421.04,0.96
zoetis_vet_internal,2025-04,2025-Q2,Dermatology,AllerVet RX,DRM-ALLERVET-R-S,Veterinary,Region,Northeast,23448,1266182.94,0.96
zoetis_vet_internal,2025-04,2025-Q2,Dermatology,Apoquel,DRM-APOQUEL-L,Veterinary,Region,Northeast,30803,2002169.83,0.96
zoetis_vet_internal,2025-04,2025-Q2,Dermatology,Apoquel,DRM-APOQUEL-S,Veterinary,Region,Northeast,41497,2697287.17,0.96
zoetis_vet_internal,2025-04,2025-Q2,Vaccines,BioShield Vax,VAC-BIOSHIELD--L,Veterinary,Region,Northeast,43832,876643.59,0.96
zoetis_vet_internal,2025-04,2025-Q2,Vaccines,BioShield Vax,VAC-BIOSHIELD--S,Veterinary,Region,Northeast,58963,1179262.68,0.96
zoetis_vet_internal,2025-04,2025-Q2,Dermatology,DermaCalm,DRM-DERMACALM-L,Veterinary,Region,Northeast,19227,1115153.82,0.96
zoetis_vet_internal,2025-04,2025-Q2,Dermatology,DermaCalm,DRM-DERMACALM-S,Veterinary,Region,Northeast,25875,1500769.42,0.96
zoetis_vet_internal,2025-04,2025-Q2,Petcare Diagnostics,DiagnosTech Vet,DIA-DIAGNOSTEC-L,Veterinary,Region,Northeast,53489,909312.02,0.96
zoetis_vet_internal,2025-04,2025-Q2,Petcare Diagnostics,DiagnosTech Vet,DIA-DIAGNOSTEC-S,Veterinary,Region,Northeast,75131,1277233.09,0.96
zoetis_vet_internal,2025-04,2025-Q2,Parasiticides,FleaStop Pro,PAR-FLEASTOP-P-L,Veterinary,Region,Northeast,27154,570236.51,0.96
zoetis_vet_internal,2025-04,2025-Q2,Parasiticides,FleaStop Pro,PAR-FLEASTOP-P-S,Veterinary,Region,Northeast,38361,805585.85,0.96
zoetis_vet_internal,2025-04,2025-Q2,Pain/Osteoarthritis,FlexiCare Joint,PAN-FLEXICARE--L,Veterinary,Region,Northeast,17088,751890.51,0.96
zoetis_vet_internal,2025-04,2025-Q2,Pain/Osteoarthritis,FlexiCare Joint,PAN-FLEXICARE--S,Veterinary,Region,Northeast,22966,1010501.25,0.96
zoetis_vet_internal,2025-04,2025-Q2,Vaccines,ImmunoCore Canine,VAC-IMMUNOCORE-L,Veterinary,Region,Northeast,53314,1119588.79,0.96
zoetis_vet_internal,2025-04,2025-Q2,Vaccines,ImmunoCore Canine,VAC-IMMUNOCORE-S,Veterinary,Region,Northeast,72898,1530857.4,0.96
zoetis_vet_internal,2025-04,2025-Q2,Pain/Osteoarthritis,Librela,PAN-LIBRELA-L,Veterinary,Region,Northeast,21047,1010237.45,0.96
zoetis_vet_internal,2025-04,2025-Q2,Pain/Osteoarthritis,Librela,PAN-LIBRELA-S,Veterinary,Region,Northeast,27606,1325099.25,0.96
zoetis_vet_internal,2025-04,2025-Q2,Pain/Osteoarthritis,OsteoEase Vet,PAN-OSTEOEASE--L,Veterinary,Region,Northeast,15836,649257.35,0.96
zoetis_vet_internal,2025-04,2025-Q2,Pain/Osteoarthritis,OsteoEase Vet,PAN-OSTEOEASE--S,Veterinary,Region,Northeast,22046,903900.34,0.96
zoetis_vet_internal,2025-04,2025-Q2,Pain/Osteoarthritis,PainAway Canine,PAN-PAINAWAY-C-L,Veterinary,Region,Northeast,14081,520987.24,0.96
zoetis_vet_internal,2025-04,2025-Q2,Pain/Osteoarthritis,PainAway Canine,PAN-PAINAWAY-C-S,Veterinary,Region,Northeast,19650,727057.49,0.96
zoetis_vet_internal,2025-04,2025-Q2,Petcare Diagnostics,PetLab Analyzer,DIA-PETLAB-ANA-L,Veterinary,Region,Northeast,32280,484204.47,0.96
zoetis_vet_internal,2025-04,2025-Q2,Petcare Diagnostics,PetLab Analyzer,DIA-PETLAB-ANA-S,Veterinary,Region,Northeast,42175,632629.86,0.96
zoetis_vet_internal,2025-04,2025-Q2,Petcare Diagnostics,RapidVet Dx,DIA-RAPIDVET-D-L,Veterinary,Region,Northeast,52539,840619.19,0.96
zoetis_vet_internal,2025-04,2025-Q2,Petcare Diagnostics,RapidVet Dx,DIA-RAPIDVET-D-S,Veterinary,Region,Northeast,70881,1134098.61,0.96
zoetis_vet_internal,2025-04,2025-Q2,Parasiticides,Simparica Trio,PAR-SIMPARICA--L,Veterinary,Region,Northeast,56796,1590288.03,0.96
zoetis_vet_internal,2025-04,2025-Q2,Parasiticides,Simparica Trio,PAR-SIMPARICA--S,Veterinary,Region,Northeast,78934,2210143.49,0.96
zoetis_vet_internal,2025-04,2025-Q2,Dermatology,SkinRelief Pro,DRM-SKINRELIEF-L,Veterinary,Region,Northeast,13849,678596.44,0.96
zoetis_vet_internal,2025-04,2025-Q2,Dermatology,SkinRelief Pro,DRM-SKINRELIEF-S,Veterinary,Region,Northeast,18782,920294.83,0.96
zoetis_vet_internal,2025-04,2025-Q2,Parasiticides,TickShield Plus,PAR-TICKSHIELD-L,Veterinary,Region,Northeast,30823,739751.83,0.96
zoetis_vet_internal,2025-04,2025-Q2,Parasiticides,TickShield Plus,PAR-TICKSHIELD-S,Veterinary,Region,Northeast,43142,1035417.67,0.96
zoetis_vet_internal,2025-04,2025-Q2,Vaccines,Vanguard,VAC-VANGUARD-L,Veterinary,Region,Northeast,65110,1432412.16,0.96
zoetis_vet_internal,2025-04,2025-Q2,Vaccines,Vanguard,VAC-VANGUARD-S,Veterinary,Region,Northeast,92597,2037133.95,0.96
zoetis_vet_internal,2025-04,2025-Q2,Parasiticides,VectraGuard,PAR-VECTRAGUAR-L,Veterinary,Region,Northeast,36967,961139.74,0.96
zoetis_vet_internal,2025-04,2025-Q2,Parasiticides,VectraGuard,PAR-VECTRAGUAR-S,Veterinary,Region,Northeast,49455,1285830.48,0.96
zoetis_vet_internal,2025-04,2025-Q2,Vaccines,VetGuard Immunize,VAC-VETGUARD-I-L,Veterinary,Region,Northeast,40567,770766.12,0.96
zoetis_vet_internal,2025-04,2025-Q2,Vaccines,VetGuard Immunize,VAC-VETGUARD-I-S,Veterinary,Region,Northeast,55821,1060599.35,0.96
zoetis_vet_internal,2025-04,2025-Q2,Vaccines,VetSelect Core Vax,VAC-VETSELECT--L,Veterinary,Region,Northeast,36035,504486.27,0.96
zoetis_vet_internal,2025-04,2025-Q2,Vaccines,VetSelect Core Vax,VAC-VETSELECT--S,Veterinary,Region,Northeast,49840,697754.99,0.96
zoetis_vet_internal,2025-04,2025-Q2,Dermatology,VetSelect Derma,DRM-VETSELECT--L,Veterinary,Region,Northeast,11340,430921.45,0.96
zoetis_vet_internal,2025-04,2025-Q2,Dermatology,VetSelect Derma,DRM-VETSELECT--S,Veterinary,Region,Northeast,15915,604759.33,0.96
zoetis_vet_internal,2025-04,2025-Q2,Petcare Diagnostics,VetSelect Dx,DIA-VETSELECT--L,Veterinary,Region,Northeast,27415,328979.06,0.96
zoetis_vet_internal,2025-04,2025-Q2,Petcare Diagnostics,VetSelect Dx,DIA-VETSELECT--S,Veterinary,Region,Northeast,37130,445559.35,0.96
zoetis_vet_internal,2025-04,2025-Q2,Parasiticides,VetSelect Flea & Tick,PAR-VETSELECT--L,Veterinary,Region,Northeast,26123,444085.61,0.96
zoetis_vet_internal,2025-04,2025-Q2,Parasiticides,VetSelect Flea & Tick,PAR-VETSELECT--S,Veterinary,Region,Northeast,35473,603049.24,0.96
zoetis_vet_internal,2025-04,2025-Q2,Pain/Osteoarthritis,VetSelect Joint,PAN-VETSELECT--L,Veterinary,Region,Northeast,13869,402189.09,0.96
zoetis_vet_internal,2025-04,2025-Q2,Pain/Osteoarthritis,VetSelect Joint,PAN-VETSELECT--S,Veterinary,Region,Northeast,19025,551727.58,0.96
zoetis_vet_internal,2025-04,2025-Q2,Petcare Diagnostics,Vetscan,DIA-VETSCAN-L,Veterinary,Region,Northeast,63018,1134318.68,0.96
zoetis_vet_internal,2025-04,2025-Q2,Petcare Diagnostics,Vetscan,DIA-VETSCAN-S,Veterinary,Region,Northeast,84371,1518678.59,0.96
zoetis_vet_internal,2025-04,2025-Q2,Dermatology,AllerVet RX,DRM-ALLERVET-R-L,Veterinary,Region,South,25212,1361436.25,0.96
zoetis_vet_internal,2025-04,2025-Q2,Dermatology,AllerVet RX,DRM-ALLERVET-R-S,Veterinary,Region,South,35020,1891103.64,0.96
zoetis_vet_internal,2025-04,2025-Q2,Dermatology,Apoquel,DRM-APOQUEL-L,Veterinary,Region,South,45331,2946509.76,0.96
zoetis_vet_internal,2025-04,2025-Q2,Dermatology,Apoquel,DRM-APOQUEL-S,Veterinary,Region,South,64258,4176761.02,0.96
zoetis_vet_internal,2025-04,2025-Q2,Vaccines,BioShield Vax,VAC-BIOSHIELD--L,Veterinary,Region,South,69403,1388058.82,0.96
zoetis_vet_internal,2025-04,2025-Q2,Vaccines,BioShield Vax,VAC-BIOSHIELD--S,Veterinary,Region,South,93648,1872962.11,0.96
zoetis_vet_internal,2025-04,2025-Q2,Dermatology,DermaCalm,DRM-DERMACALM-L,Veterinary,Region,South,30125,1747236.22,0.96
zoetis_vet_internal,2025-04,2025-Q2,Dermatology,DermaCalm,DRM-DERMACALM-S,Veterinary,Region,South,41084,2382897.54,0.96
zoetis_vet_internal,2025-04,2025-Q2,Petcare Diagnostics,DiagnosTech Vet,DIA-DIAGNOSTEC-L,Veterinary,Region,South,86881,1476981.07,0.96
zoetis_vet_internal,2025-04,2025-Q2,Petcare Diagnostics,DiagnosTech Vet,DIA-DIAGNOSTEC-S,Veterinary,Region,South,117138,1991353.06,0.96
zoetis_vet_internal,2025-04,2025-Q2,Parasiticides,FleaStop Pro,PAR-FLEASTOP-P-L,Veterinary,Region,South,43944,922818.95,0.96
zoetis_vet_internal,2025-04,2025-Q2,Parasiticides,FleaStop Pro,PAR-FLEASTOP-P-S,Veterinary,Region,South,59069,1240447.26,0.96
zoetis_vet_internal,2025-04,2025-Q2,Pain/Osteoarthritis,FlexiCare Joint,PAN-FLEXICARE--L,Veterinary,Region,South,26659,1172990.48,0.96
zoetis_vet_internal,2025-04,2025-Q2,Pain/Osteoarthritis,FlexiCare Joint,PAN-FLEXICARE--S,Veterinary,Region,South,37000,1628020.37,0.96
zoetis_vet_internal,2025-04,2025-Q2,Vaccines,ImmunoCore Canine,VAC-IMMUNOCORE-L,Veterinary,Region,South,81315,1707608.02,0.96
zoetis_vet_internal,2025-04,2025-Q2,Vaccines,ImmunoCore Canine,VAC-IMMUNOCORE-S,Veterinary,Region,South,113551,2384577.17,0.96
zoetis_vet_internal,2025-04,2025-Q2,Pain/Osteoarthritis,Librela,PAN-LIBRELA-L,Veterinary,Region,South,30510,1464476.23,0.96
zoetis_vet_internal,2025-04,2025-Q2,Pain/Osteoarthritis,Librela,PAN-LIBRELA-S,Veterinary,Region,South,43676,2096453.49,0.96
zoetis_vet_internal,2025-04,2025-Q2,Pain/Osteoarthritis,OsteoEase Vet,PAN-OSTEOEASE--L,Veterinary,Region,South,25207,1033468.01,0.96
zoetis_vet_internal,2025-04,2025-Q2,Pain/Osteoarthritis,OsteoEase Vet,PAN-OSTEOEASE--S,Veterinary,Region,South,33861,1388297.33,0.96
zoetis_vet_internal,2025-04,2025-Q2,Pain/Osteoarthritis,PainAway Canine,PAN-PAINAWAY-C-L,Veterinary,Region,South,20617,762823.87,0.96
zoetis_vet_internal,2025-04,2025-Q2,Pain/Osteoarthritis,PainAway Canine,PAN-PAINAWAY-C-S,Veterinary,Region,South,30054,1111991.94,0.96
zoetis_vet_internal,2025-04,2025-Q2,Petcare Diagnostics,PetLab Analyzer,DIA-PETLAB-ANA-L,Veterinary,Region,South,50249,753732.43,0.96
zoetis_vet_internal,2025-04,2025-Q2,Petcare Diagnostics,PetLab Analyzer,DIA-PETLAB-ANA-S,Veterinary,Region,South,69208,1038117.63,0.96
zoetis_vet_internal,2025-04,2025-Q2,Petcare Diagnostics,RapidVet Dx,DIA-RAPIDVET-D-L,Veterinary,Region,South,73926,1182816.27,0.96
zoetis_vet_internal,2025-04,2025-Q2,Petcare Diagnostics,RapidVet Dx,DIA-RAPIDVET-D-S,Veterinary,Region,South,100414,1606623.53,0.96
zoetis_vet_internal,2025-04,2025-Q2,Parasiticides,Simparica Trio,PAR-SIMPARICA--L,Veterinary,Region,South,83191,2329355.77,0.96
zoetis_vet_internal,2025-04,2025-Q2,Parasiticides,Simparica Trio,PAR-SIMPARICA--S,Veterinary,Region,South,118828,3327191.51,0.96
zoetis_vet_internal,2025-04,2025-Q2,Dermatology,SkinRelief Pro,DRM-SKINRELIEF-L,Veterinary,Region,South,20802,1019289.37,0.96
zoetis_vet_internal,2025-04,2025-Q2,Dermatology,SkinRelief Pro,DRM-SKINRELIEF-S,Veterinary,Region,South,29173,1429499.57,0.96
zoetis_vet_internal,2025-04,2025-Q2,Parasiticides,TickShield Plus,PAR-TICKSHIELD-L,Veterinary,Region,South,47384,1137215.69,0.96
zoetis_vet_internal,2025-04,2025-Q2,Parasiticides,TickShield Plus,PAR-TICKSHIELD-S,Veterinary,Region,South,65822,1579724.38,0.96
zoetis_vet_internal,2025-04,2025-Q2,Vaccines,Vanguard,VAC-VANGUARD-L,Veterinary,Region,South,107343,2361546.8,0.96
zoetis_vet_internal,2025-04,2025-Q2,Vaccines,Vanguard,VAC-VANGUARD-S,Veterinary,Region,South,140455,3090008.06,0.96
zoetis_vet_internal,2025-04,2025-Q2,Parasiticides,VectraGuard,PAR-VECTRAGUAR-L,Veterinary,Region,South,54573,1418890.57,0.96
zoetis_vet_internal,2025-04,2025-Q2,Parasiticides,VectraGuard,PAR-VECTRAGUAR-S,Veterinary,Region,South,75094,1952440.42,0.96
zoetis_vet_internal,2025-04,2025-Q2,Vaccines,VetGuard Immunize,VAC-VETGUARD-I-L,Veterinary,Region,South,61161,1162068.31,0.96
zoetis_vet_internal,2025-04,2025-Q2,Vaccines,VetGuard Immunize,VAC-VETGUARD-I-S,Veterinary,Region,South,88624,1683858.63,0.96
zoetis_vet_internal,2025-04,2025-Q2,Vaccines,VetSelect Core Vax,VAC-VETSELECT--L,Veterinary,Region,South,50627,708781.45,0.96
zoetis_vet_internal,2025-04,2025-Q2,Vaccines,VetSelect Core Vax,VAC-VETSELECT--S,Veterinary,Region,South,72568,1015951.53,0.96
zoetis_vet_internal,2025-04,2025-Q2,Dermatology,VetSelect Derma,DRM-VETSELECT--L,Veterinary,Region,South,17647,670599.49,0.96
zoetis_vet_internal,2025-04,2025-Q2,Dermatology,VetSelect Derma,DRM-VETSELECT--S,Veterinary,Region,South,23920,908958.99,0.96
zoetis_vet_internal,2025-04,2025-Q2,Petcare Diagnostics,VetSelect Dx,DIA-VETSELECT--L,Veterinary,Region,South,38512,462143.91,0.96
zoetis_vet_internal,2025-04,2025-Q2,Petcare Diagnostics,VetSelect Dx,DIA-VETSELECT--S,Veterinary,Region,South,51714,620563.67,0.96
zoetis_vet_internal,2025-04,2025-Q2,Parasiticides,VetSelect Flea & Tick,PAR-VETSELECT--L,Veterinary,Region,South,42213,717626.75,0.96
zoetis_vet_internal,2025-04,2025-Q2,Parasiticides,VetSelect Flea & Tick,PAR-VETSELECT--S,Veterinary,Region,South,58078,987334.3,0.96
zoetis_vet_internal,2025-04,2025-Q2,Pain/Osteoarthritis,VetSelect Joint,PAN-VETSELECT--L,Veterinary,Region,South,21332,618625.36,0.96
zoetis_vet_internal,2025-04,2025-Q2,Pain/Osteoarthritis,VetSelect Joint,PAN-VETSELECT--S,Veterinary,Region,South,29140,845058.8,0.96
zoetis_vet_internal,2025-04,2025-Q2,Petcare Diagnostics,Vetscan,DIA-VETSCAN-L,Veterinary,Region,South,105026,1890462.03,0.96
zoetis_vet_internal,2025-04,2025-Q2,Petcare Diagnostics,Vetscan,DIA-VETSCAN-S,Veterinary,Region,South,154018,2772319.27,0.96
zoetis_vet_internal,2025-04,2025-Q2,Dermatology,AllerVet RX,DRM-ALLERVET-R-L,Veterinary,Region,West,17502,945112.42,0.96
zoetis_vet_internal,2025-04,2025-Q2,Dermatology,AllerVet RX,DRM-ALLERVET-R-S,Veterinary,Region,West,24231,1308448.03,0.96
zoetis_vet_internal,2025-04,2025-Q2,Dermatology,Apoquel,DRM-APOQUEL-L,Veterinary,Region,West,30709,1996106.0,0.96
zoetis_vet_internal,2025-04,2025-Q2,Dermatology,Apoquel,DRM-APOQUEL-S,Veterinary,Region,West,40830,2653962.83,0.96
zoetis_vet_internal,2025-04,2025-Q2,Vaccines,BioShield Vax,VAC-BIOSHIELD--L,Veterinary,Region,West,43351,867011.42,0.96
zoetis_vet_internal,2025-04,2025-Q2,Vaccines,BioShield Vax,VAC-BIOSHIELD--S,Veterinary,Region,West,58598,1171957.03,0.96
zoetis_vet_internal,2025-04,2025-Q2,Dermatology,DermaCalm,DRM-DERMACALM-L,Veterinary,Region,West,19196,1113347.12,0.96
zoetis_vet_internal,2025-04,2025-Q2,Dermatology,DermaCalm,DRM-DERMACALM-S,Veterinary,Region,West,26660,1546262.26,0.96
zoetis_vet_internal,2025-04,2025-Q2,Petcare Diagnostics,DiagnosTech Vet,DIA-DIAGNOSTEC-L,Veterinary,Region,West,58111,987893.62,0.96
zoetis_vet_internal,2025-04,2025-Q2,Petcare Diagnostics,DiagnosTech Vet,DIA-DIAGNOSTEC-S,Veterinary,Region,West,78891,1341139.22,0.96
zoetis_vet_internal,2025-04,2025-Q2,Parasiticides,FleaStop Pro,PAR-FLEASTOP-P-L,Veterinary,Region,West,29813,626078.5,0.96
zoetis_vet_internal,2025-04,2025-Q2,Parasiticides,FleaStop Pro,PAR-FLEASTOP-P-S,Veterinary,Region,West,38889,816675.21,0.96
zoetis_vet_internal,2025-04,2025-Q2,Pain/Osteoarthritis,FlexiCare Joint,PAN-FLEXICARE--L,Veterinary,Region,West,18076,795335.33,0.96
zoetis_vet_internal,2025-04,2025-Q2,Pain/Osteoarthritis,FlexiCare Joint,PAN-FLEXICARE--S,Veterinary,Region,West,24948,1097703.49,0.96
zoetis_vet_internal,2025-04,2025-Q2,Vaccines,ImmunoCore Canine,VAC-IMMUNOCORE-L,Veterinary,Region,West,51031,1071660.24,0.96
zoetis_vet_internal,2025-04,2025-Q2,Vaccines,ImmunoCore Canine,VAC-IMMUNOCORE-S,Veterinary,Region,West,74395,1562299.63,0.96
zoetis_vet_internal,2025-04,2025-Q2,Pain/Osteoarthritis,Librela,PAN-LIBRELA-L,Veterinary,Region,West,20274,973148.06,0.96
zoetis_vet_internal,2025-04,2025-Q2,Pain/Osteoarthritis,Librela,PAN-LIBRELA-S,Veterinary,Region,West,26439,1269071.17,0.96
zoetis_vet_internal,2025-04,2025-Q2,Pain/Osteoarthritis,OsteoEase Vet,PAN-OSTEOEASE--L,Veterinary,Region,West,17599,721567.46,0.96
zoetis_vet_internal,2025-04,2025-Q2,Pain/Osteoarthritis,OsteoEase Vet,PAN-OSTEOEASE--S,Veterinary,Region,West,23989,983562.6,0.96
zoetis_vet_internal,2025-04,2025-Q2,Pain/Osteoarthritis,PainAway Canine,PAN-PAINAWAY-C-L,Veterinary,Region,West,15195,562230.73,0.96
zoetis_vet_internal,2025-04,2025-Q2,Pain/Osteoarthritis,PainAway Canine,PAN-PAINAWAY-C-S,Veterinary,Region,West,20528,759549.11,0.96
zoetis_vet_internal,2025-04,2025-Q2,Petcare Diagnostics,PetLab Analyzer,DIA-PETLAB-ANA-L,Veterinary,Region,West,33501,502511.99,0.96
zoetis_vet_internal,2025-04,2025-Q2,Petcare Diagnostics,PetLab Analyzer,DIA-PETLAB-ANA-S,Veterinary,Region,West,48006,720084.25,0.96
zoetis_vet_internal,2025-04,2025-Q2,Petcare Diagnostics,RapidVet Dx,DIA-RAPIDVET-D-L,Veterinary,Region,West,53062,848985.99,0.96
zoetis_vet_internal,2025-04,2025-Q2,Petcare Diagnostics,RapidVet Dx,DIA-RAPIDVET-D-S,Veterinary,Region,West,70180,1122879.97,0.96
zoetis_vet_internal,2025-04,2025-Q2,Parasiticides,Simparica Trio,PAR-SIMPARICA--L,Veterinary,Region,West,61294,1716231.01,0.96
zoetis_vet_internal,2025-04,2025-Q2,Parasiticides,Simparica Trio,PAR-SIMPARICA--S,Veterinary,Region,West,80869,2264339.31,0.96
zoetis_vet_internal,2025-04,2025-Q2,Dermatology,SkinRelief Pro,DRM-SKINRELIEF-L,Veterinary,Region,West,13788,675621.03,0.96
zoetis_vet_internal,2025-04,2025-Q2,Dermatology,SkinRelief Pro,DRM-SKINRELIEF-S,Veterinary,Region,West,20286,994007.49,0.96
zoetis_vet_internal,2025-04,2025-Q2,Parasiticides,TickShield Plus,PAR-TICKSHIELD-L,Veterinary,Region,West,32583,781985.78,0.96
zoetis_vet_internal,2025-04,2025-Q2,Parasiticides,TickShield Plus,PAR-TICKSHIELD-S,Veterinary,Region,West,43763,1050302.29,0.96
zoetis_vet_internal,2025-04,2025-Q2,Vaccines,Vanguard,VAC-VANGUARD-L,Veterinary,Region,West,69747,1534432.75,0.96
zoetis_vet_internal,2025-04,2025-Q2,Vaccines,Vanguard,VAC-VANGUARD-S,Veterinary,Region,West,91288,2008343.57,0.96
zoetis_vet_internal,2025-04,2025-Q2,Parasiticides,VectraGuard,PAR-VECTRAGUAR-L,Veterinary,Region,West,38450,999711.04,0.96
zoetis_vet_internal,2025-04,2025-Q2,Parasiticides,VectraGuard,PAR-VECTRAGUAR-S,Veterinary,Region,West,52542,1366089.67,0.96
zoetis_vet_internal,2025-04,2025-Q2,Vaccines,VetGuard Immunize,VAC-VETGUARD-I-L,Veterinary,Region,West,41468,787888.34,0.96
zoetis_vet_internal,2025-04,2025-Q2,Vaccines,VetGuard Immunize,VAC-VETGUARD-I-S,Veterinary,Region,West,56794,1079085.63,0.96
zoetis_vet_internal,2025-04,2025-Q2,Vaccines,VetSelect Core Vax,VAC-VETSELECT--L,Veterinary,Region,West,33410,467743.07,0.96
zoetis_vet_internal,2025-04,2025-Q2,Vaccines,VetSelect Core Vax,VAC-VETSELECT--S,Veterinary,Region,West,47568,665949.92,0.96
zoetis_vet_internal,2025-04,2025-Q2,Dermatology,VetSelect Derma,DRM-VETSELECT--L,Veterinary,Region,West,12204,463758.16,0.96
zoetis_vet_internal,2025-04,2025-Q2,Dermatology,VetSelect Derma,DRM-VETSELECT--S,Veterinary,Region,West,16868,640984.81,0.96
zoetis_vet_internal,2025-04,2025-Q2,Petcare Diagnostics,VetSelect Dx,DIA-VETSELECT--L,Veterinary,Region,West,26631,319576.23,0.96
zoetis_vet_internal,2025-04,2025-Q2,Petcare Diagnostics,VetSelect Dx,DIA-VETSELECT--S,Veterinary,Region,West,35339,424066.68,0.96
zoetis_vet_internal,2025-04,2025-Q2,Parasiticides,VetSelect Flea & Tick,PAR-VETSELECT--L,Veterinary,Region,West,28911,491490.98,0.96
zoetis_vet_internal,2025-04,2025-Q2,Parasiticides,VetSelect Flea & Tick,PAR-VETSELECT--S,Veterinary,Region,West,38505,654585.95,0.96
zoetis_vet_internal,2025-04,2025-Q2,Pain/Osteoarthritis,VetSelect Joint,PAN-VETSELECT--L,Veterinary,Region,West,14028,406814.89,0.96
zoetis_vet_internal,2025-04,2025-Q2,Pain/Osteoarthritis,VetSelect Joint,PAN-VETSELECT--S,Veterinary,Region,West,19265,558674.14,0.96
zoetis_vet_internal,2025-04,2025-Q2,Petcare Diagnostics,Vetscan,DIA-VETSCAN-L,Veterinary,Region,West,68978,1241597.67,0.96
zoetis_vet_internal,2025-04,2025-Q2,Petcare Diagnostics,Vetscan,DIA-VETSCAN-S,Veterinary,Region,West,95272,1714903.27,0.96
zoetis_vet_internal,2025-05,2025-Q2,Dermatology,AllerVet RX,DRM-ALLERVET-R-L,Veterinary,National,National,85033,4591727.64,0.96
zoetis_vet_internal,2025-05,2025-Q2,Dermatology,AllerVet RX,DRM-ALLERVET-R-S,Veterinary,National,National,115606,6242737.32,0.96
zoetis_vet_internal,2025-05,2025-Q2,Dermatology,Apoquel,DRM-APOQUEL-L,Veterinary,National,National,147258,9571820.66,0.96
zoetis_vet_internal,2025-05,2025-Q2,Dermatology,Apoquel,DRM-APOQUEL-S,Veterinary,National,National,201843,13119815.3,0.96
zoetis_vet_internal,2025-05,2025-Q2,Vaccines,BioShield Vax,VAC-BIOSHIELD--L,Veterinary,National,National,205203,4104056.45,0.96
zoetis_vet_internal,2025-05,2025-Q2,Vaccines,BioShield Vax,VAC-BIOSHIELD--S,Veterinary,National,National,289898,5797945.4,0.96
zoetis_vet_internal,2025-05,2025-Q2,Dermatology,DermaCalm,DRM-DERMACALM-L,Veterinary,National,National,90025,5221452.46,0.96
zoetis_vet_internal,2025-05,2025-Q2,Dermatology,DermaCalm,DRM-DERMACALM-S,Veterinary,National,National,123727,7176110.95,0.96
zoetis_vet_internal,2025-05,2025-Q2,Petcare Diagnostics,DiagnosTech Vet,DIA-DIAGNOSTEC-L,Veterinary,National,National,260110,4421863.07,0.96
zoetis_vet_internal,2025-05,2025-Q2,Petcare Diagnostics,DiagnosTech Vet,DIA-DIAGNOSTEC-S,Veterinary,National,National,364284,6192811.45,0.96
zoetis_vet_internal,2025-05,2025-Q2,Parasiticides,FleaStop Pro,PAR-FLEASTOP-P-L,Veterinary,National,National,124224,2608683.17,0.96
zoetis_vet_internal,2025-05,2025-Q2,Parasiticides,FleaStop Pro,PAR-FLEASTOP-P-S,Veterinary,National,National,170552,3581577.49,0.96
zoetis_vet_internal,2025-05,2025-Q2,Pain/Osteoarthritis,FlexiCare Joint,PAN-FLEXICARE--L,Veterinary,National,National,73195,3220569.04,0.96
zoetis_vet_internal,2025-05,2025-Q2,Pain/Osteoarthritis,FlexiCare Joint,PAN-FLEXICARE--S,Veterinary,National,National,101672,4473538.78,0.96
zoetis_vet_internal,2025-05,2025-Q2,Vaccines,ImmunoCore Canine,VAC-IMMUNOCORE-L,Veterinary,National,National,245236,5149942.74,0.96
zoetis_vet_internal,2025-05,2025-Q2,Vaccines,ImmunoCore Canine,VAC-IMMUNOCORE-S,Veterinary,National,National,338071,7099509.49,0.96
zoetis_vet_internal,2025-05,2025-Q2,Pain/Osteoarthritis,Librela,PAN-LIBRELA-L,Veterinary,National,National,81547,3914276.8,0.96
zoetis_vet_internal,2025-05,2025-Q2,Pain/Osteoarthritis,Librela,PAN-LIBRELA-S,Veterinary,National,National,113730,5459019.95,0.96
zoetis_vet_internal,2025-05,2025-Q2,Pain/Osteoarthritis,OsteoEase Vet,PAN-OSTEOEASE--L,Veterinary,National,National,72430,2969604.03,0.96
zoetis_vet_internal,2025-05,2025-Q2,Pain/Osteoarthritis,OsteoEase Vet,PAN-OSTEOEASE--S,Veterinary,National,National,98918,4055627.13,0.96
zoetis_vet_internal,2025-05,2025-Q2,Pain/Osteoarthritis,PainAway Canine,PAN-PAINAWAY-C-L,Veterinary,National,National,59744,2210532.75,0.96
zoetis_vet_internal,2025-05,2025-Q2,Pain/Osteoarthritis,PainAway Canine,PAN-PAINAWAY-C-S,Veterinary,National,National,85159,3150892.51,0.96
zoetis_vet_internal,2025-05,2025-Q2,Petcare Diagnostics,PetLab Analyzer,DIA-PETLAB-ANA-L,Veterinary,National,National,150928,2263920.46,0.96
zoetis_vet_internal,2025-05,2025-Q2,Petcare Diagnostics,PetLab Analyzer,DIA-PETLAB-ANA-S,Veterinary,National,National,205884,3088249.69,0.96
zoetis_vet_internal,2025-05,2025-Q2,Petcare Diagnostics,RapidVet Dx,DIA-RAPIDVET-D-L,Veterinary,National,National,239534,3832533.04,0.96
zoetis_vet_internal,2025-05,2025-Q2,Petcare Diagnostics,RapidVet Dx,DIA-RAPIDVET-D-S,Veterinary,National,National,328428,5254844.44,0.96
zoetis_vet_internal,2025-05,2025-Q2,Parasiticides,Simparica Trio,PAR-SIMPARICA--L,Veterinary,National,National,283322,7933024.27,0.96
zoetis_vet_internal,2025-05,2025-Q2,Parasiticides,Simparica Trio,PAR-SIMPARICA--S,Veterinary,National,National,384616,10769246.9,0.96
zoetis_vet_internal,2025-05,2025-Q2,Dermatology,SkinRelief Pro,DRM-SKINRELIEF-L,Veterinary,National,National,74383,3644723.82,0.96
zoetis_vet_internal,2025-05,2025-Q2,Dermatology,SkinRelief Pro,DRM-SKINRELIEF-S,Veterinary,National,National,100100,4904890.33,0.96
zoetis_vet_internal,2025-05,2025-Q2,Parasiticides,TickShield Plus,PAR-TICKSHIELD-L,Veterinary,National,National,152917,3669970.89,0.96
zoetis_vet_internal,2025-05,2025-Q2,Parasiticides,TickShield Plus,PAR-TICKSHIELD-S,Veterinary,National,National,211789,5082932.22,0.96
zoetis_vet_internal,2025-05,2025-Q2,Vaccines,Vanguard,VAC-VANGUARD-L,Veterinary,National,National,289958,6379078.09,0.96
zoetis_vet_internal,2025-05,2025-Q2,Vaccines,Vanguard,VAC-VANGUARD-S,Veterinary,National,National,403498,8876960.44,0.96
zoetis_vet_internal,2025-05,2025-Q2,Parasiticides,VectraGuard,PAR-VECTRAGUAR-L,Veterinary,National,National,185361,4819386.97,0.96
zoetis_vet_internal,2025-05,2025-Q2,Parasiticides,VectraGuard,PAR-VECTRAGUAR-S,Veterinary,National,National,258734,6727100.12,0.96
zoetis_vet_internal,2025-05,2025-Q2,Vaccines,VetGuard Immunize,VAC-VETGUARD-I-L,Veterinary,National,National,180975,3438509.65,0.96
zoetis_vet_internal,2025-05,2025-Q2,Vaccines,VetGuard Immunize,VAC-VETGUARD-I-S,Veterinary,National,National,255457,4853681.33,0.96
zoetis_vet_internal,2025-05,2025-Q2,Vaccines,VetSelect Core Vax,VAC-VETSELECT--L,Veterinary,National,National,176108,2465500.25,0.96
zoetis_vet_internal,2025-05,2025-Q2,Vaccines,VetSelect Core Vax,VAC-VETSELECT--S,Veterinary,National,National,249891,3498486.07,0.96
zoetis_vet_internal,2025-05,2025-Q2,Dermatology,VetSelect Derma,DRM-VETSELECT--L,Veterinary,National,National,58431,2220400.41,0.96
zoetis_vet_internal,2025-05,2025-Q2,Dermatology,VetSelect Derma,DRM-VETSELECT--S,Veterinary,National,National,81067,3080579.74,0.96
zoetis_vet_internal,2025-05,2025-Q2,Petcare Diagnostics,VetSelect Dx,DIA-VETSELECT--L,Veterinary,National,National,115356,1384277.55,0.96
zoetis_vet_internal,2025-05,2025-Q2,Petcare Diagnostics,VetSelect Dx,DIA-VETSELECT--S,Veterinary,National,National,160409,1924890.93,0.96
zoetis_vet_internal,2025-05,2025-Q2,Parasiticides,VetSelect Flea & Tick,PAR-VETSELECT--L,Veterinary,National,National,130658,2221175.2,0.96
zoetis_vet_internal,2025-05,2025-Q2,Parasiticides,VetSelect Flea & Tick,PAR-VETSELECT--S,Veterinary,National,National,178602,3036230.59,0.96
zoetis_vet_internal,2025-05,2025-Q2,Pain/Osteoarthritis,VetSelect Joint,PAN-VETSELECT--L,Veterinary,National,National,58824,1705905.75,0.96
zoetis_vet_internal,2025-05,2025-Q2,Pain/Osteoarthritis,VetSelect Joint,PAN-VETSELECT--S,Veterinary,National,National,81267,2356731.23,0.96
zoetis_vet_internal,2025-05,2025-Q2,Petcare Diagnostics,Vetscan,DIA-VETSCAN-L,Veterinary,National,National,304045,5472787.35,0.96
zoetis_vet_internal,2025-05,2025-Q2,Petcare Diagnostics,Vetscan,DIA-VETSCAN-S,Veterinary,National,National,409290,7367226.54,0.96
zoetis_vet_internal,2025-05,2025-Q2,Dermatology,AllerVet RX,DRM-ALLERVET-R-L,Veterinary,Region,Midwest,17403,939743.92,0.96
zoetis_vet_internal,2025-05,2025-Q2,Dermatology,AllerVet RX,DRM-ALLERVET-R-S,Veterinary,Region,Midwest,22193,1198429.79,0.96
zoetis_vet_internal,2025-05,2025-Q2,Dermatology,Apoquel,DRM-APOQUEL-L,Veterinary,Region,Midwest,33184,2156964.57,0.96
zoetis_vet_internal,2025-05,2025-Q2,Dermatology,Apoquel,DRM-APOQUEL-S,Veterinary,Region,Midwest,45817,2978077.43,0.96
zoetis_vet_internal,2025-05,2025-Q2,Vaccines,BioShield Vax,VAC-BIOSHIELD--L,Veterinary,Region,Midwest,40826,816524.62,0.96
zoetis_vet_internal,2025-05,2025-Q2,Vaccines,BioShield Vax,VAC-BIOSHIELD--S,Veterinary,Region,Midwest,59722,1194434.14,0.96
zoetis_vet_internal,2025-05,2025-Q2,Dermatology,DermaCalm,DRM-DERMACALM-L,Veterinary,Region,Midwest,18700,1084593.28,0.96
zoetis_vet_internal,2025-05,2025-Q2,Dermatology,DermaCalm,DRM-DERMACALM-S,Veterinary,Region,Midwest,25797,1496211.25,0.96
zoetis_vet_internal,2025-05,2025-Q2,Petcare Diagnostics,DiagnosTech Vet,DIA-DIAGNOSTEC-L,Veterinary,Region,Midwest,54131,920219.65,0.96
zoetis_vet_internal,2025-05,2025-Q2,Petcare Diagnostics,DiagnosTech Vet,DIA-DIAGNOSTEC-S,Veterinary,Region,Midwest,76073,1293241.48,0.96
zoetis_vet_internal,2025-05,2025-Q2,Parasiticides,FleaStop Pro,PAR-FLEASTOP-P-L,Veterinary,Region,Midwest,26651,559664.96,0.96
zoetis_vet_internal,2025-05,2025-Q2,Parasiticides,FleaStop Pro,PAR-FLEASTOP-P-S,Veterinary,Region,Midwest,35113,737368.85,0.96
zoetis_vet_internal,2025-05,2025-Q2,Pain/Osteoarthritis,FlexiCare Joint,PAN-FLEXICARE--L,Veterinary,Region,Midwest,15507,682308.93,0.96
zoetis_vet_internal,2025-05,2025-Q2,Pain/Osteoarthritis,FlexiCare Joint,PAN-FLEXICARE--S,Veterinary,Region,Midwest,21348,939296.16,0.96
zoetis_vet_internal,2025-05,2025-Q2,Vaccines,ImmunoCore Canine,VAC-IMMUNOCORE-L,Veterinary,Region,Midwest,50047,1050982.09,0.96
zoetis_vet_internal,2025-05,2025-Q2,Vaccines,ImmunoCore Canine,VAC-IMMUNOCORE-S,Veterinary,Region,Midwest,70496,1480425.35,0.96
zoetis_vet_internal,2025-05,2025-Q2,Pain/Osteoarthritis,Librela,PAN-LIBRELA-L,Veterinary,Region,Midwest,16789,805873.72,0.96
zoetis_vet_internal,2025-05,2025-Q2,Pain/Osteoarthritis,Librela,PAN-LIBRELA-S,Veterinary,Region,Midwest,23281,1117465.71,0.96
zoetis_vet_internal,2025-05,2025-Q2,Pain/Osteoarthritis,OsteoEase Vet,PAN-OSTEOEASE--L,Veterinary,Region,Midwest,15425,632410.05,0.96
zoetis_vet_internal,2025-05,2025-Q2,Pain/Osteoarthritis,OsteoEase Vet,PAN-OSTEOEASE--S,Veterinary,Region,Midwest,21438,878944.71,0.96
zoetis_vet_internal,2025-05,2025-Q2,Pain/Osteoarthritis,PainAway Canine,PAN-PAINAWAY-C-L,Veterinary,Region,Midwest,12379,458026.32,0.96
zoetis_vet_internal,2025-05,2025-Q2,Pain/Osteoarthritis,PainAway Canine,PAN-PAINAWAY-C-S,Veterinary,Region,Midwest,17342,641653.53,0.96
zoetis_vet_internal,2025-05,2025-Q2,Petcare Diagnostics,PetLab Analyzer,DIA-PETLAB-ANA-L,Veterinary,Region,Midwest,32268,484015.97,0.96
zoetis_vet_internal,2025-05,2025-Q2,Petcare Diagnostics,PetLab Analyzer,DIA-PETLAB-ANA-S,Veterinary,Region,Midwest,43727,655900.29,0.96
zoetis_vet_internal,2025-05,2025-Q2,Petcare Diagnostics,RapidVet Dx,DIA-RAPIDVET-D-L,Veterinary,Region,Midwest,48655,778474.35,0.96
zoetis_vet_internal,2025-05,2025-Q2,Petcare Diagnostics,RapidVet Dx,DIA-RAPIDVET-D-S,Veterinary,Region,Midwest,66974,1071587.38,0.96
zoetis_vet_internal,2025-05,2025-Q2,Parasiticides,Simparica Trio,PAR-SIMPARICA--L,Veterinary,Region,Midwest,58281,1631876.44,0.96
zoetis_vet_internal,2025-05,2025-Q2,Parasiticides,Simparica Trio,PAR-SIMPARICA--S,Veterinary,Region,Midwest,77841,2179545.19,0.96
zoetis_vet_internal,2025-05,2025-Q2,Dermatology,SkinRelief Pro,DRM-SKINRELIEF-L,Veterinary,Region,Midwest,15724,770459.56,0.96
zoetis_vet_internal,2025-05,2025-Q2,Dermatology,SkinRelief Pro,DRM-SKINRELIEF-S,Veterinary,Region,Midwest,20460,1002536.36,0.96
zoetis_vet_internal,2025-05,2025-Q2,Parasiticides,TickShield Plus,PAR-TICKSHIELD-L,Veterinary,Region,Midwest,29740,713748.53,0.96
zoetis_vet_internal,2025-05,2025-Q2,Parasiticides,TickShield Plus,PAR-TICKSHIELD-S,Veterinary,Region,Midwest,41069,985663.14,0.96
zoetis_vet_internal,2025-05,2025-Q2,Vaccines,Vanguard,VAC-VANGUARD-L,Veterinary,Region,Midwest,62907,1383961.0,0.96
zoetis_vet_internal,2025-05,2025-Q2,Vaccines,Vanguard,VAC-VANGUARD-S,Veterinary,Region,Midwest,86742,1908330.2,0.96
zoetis_vet_internal,2025-05,2025-Q2,Parasiticides,VectraGuard,PAR-VECTRAGUAR-L,Veterinary,Region,Midwest,40474,1052331.74,0.96
zoetis_vet_internal,2025-05,2025-Q2,Parasiticides,VectraGuard,PAR-VECTRAGUAR-S,Veterinary,Region,Midwest,57124,1485227.09,0.96
zoetis_vet_internal,2025-05,2025-Q2,Vaccines,VetGuard Immunize,VAC-VETGUARD-I-L,Veterinary,Region,Midwest,37154,705920.68,0.96
zoetis_vet_internal,2025-05,2025-Q2,Vaccines,VetGuard Immunize,VAC-VETGUARD-I-S,Veterinary,Region,Midwest,50309,955866.42,0.96
zoetis_vet_internal,2025-05,2025-Q2,Vaccines,VetSelect Core Vax,VAC-VETSELECT--L,Veterinary,Region,Midwest,37260,521639.09,0.96
zoetis_vet_internal,2025-05,2025-Q2,Vaccines,VetSelect Core Vax,VAC-VETSELECT--S,Veterinary,Region,Midwest,52284,731982.25,0.96
zoetis_vet_internal,2025-05,2025-Q2,Dermatology,VetSelect Derma,DRM-VETSELECT--L,Veterinary,Region,Midwest,11897,452084.18,0.96
zoetis_vet_internal,2025-05,2025-Q2,Dermatology,VetSelect Derma,DRM-VETSELECT--S,Veterinary,Region,Midwest,16477,626129.15,0.96
zoetis_vet_internal,2025-05,2025-Q2,Petcare Diagnostics,VetSelect Dx,DIA-VETSELECT--L,Veterinary,Region,Midwest,22586,271037.23,0.96
zoetis_vet_internal,2025-05,2025-Q2,Petcare Diagnostics,VetSelect Dx,DIA-VETSELECT--S,Veterinary,Region,Midwest,32057,384679.4,0.96
zoetis_vet_internal,2025-05,2025-Q2,Parasiticides,VetSelect Flea & Tick,PAR-VETSELECT--L,Veterinary,Region,Midwest,26987,458771.85,0.96
zoetis_vet_internal,2025-05,2025-Q2,Parasiticides,VetSelect Flea & Tick,PAR-VETSELECT--S,Veterinary,Region,Midwest,37179,632037.95,0.96
zoetis_vet_internal,2025-05,2025-Q2,Pain/Osteoarthritis,VetSelect Joint,PAN-VETSELECT--L,Veterinary,Region,Midwest,13042,378229.46,0.96
zoetis_vet_internal,2025-05,2025-Q2,Pain/Osteoarthritis,VetSelect Joint,PAN-VETSELECT--S,Veterinary,Region,Midwest,16712,484651.9,0.96
zoetis_vet_internal,2025-05,2025-Q2,Petcare Diagnostics,Vetscan,DIA-VETSCAN-L,Veterinary,Region,Midwest,60443,1087973.2,0.96
zoetis_vet_internal,2025-05,2025-Q2,Petcare Diagnostics,Vetscan,DIA-VETSCAN-S,Veterinary,Region,Midwest,85068,1531227.96,0.96
zoetis_vet_internal,2025-05,2025-Q2,Dermatology,AllerVet RX,DRM-ALLERVET-R-L,Veterinary,Region,Northeast,17875,965243.22,0.96
zoetis_vet_internal,2025-05,2025-Q2,Dermatology,AllerVet RX,DRM-ALLERVET-R-S,Veterinary,Region,Northeast,25038,1352050.28,0.96
zoetis_vet_internal,2025-05,2025-Q2,Dermatology,Apoquel,DRM-APOQUEL-L,Veterinary,Region,Northeast,30731,1997529.16,0.96
zoetis_vet_internal,2025-05,2025-Q2,Dermatology,Apoquel,DRM-APOQUEL-S,Veterinary,Region,Northeast,39500,2567520.7,0.96
zoetis_vet_internal,2025-05,2025-Q2,Vaccines,BioShield Vax,VAC-BIOSHIELD--L,Veterinary,Region,Northeast,42372,847437.67,0.96
zoetis_vet_internal,2025-05,2025-Q2,Vaccines,BioShield Vax,VAC-BIOSHIELD--S,Veterinary,Region,Northeast,61106,1222112.22,0.96
zoetis_vet_internal,2025-05,2025-Q2,Dermatology,DermaCalm,DRM-DERMACALM-L,Veterinary,Region,Northeast,19495,1130694.58,0.96
zoetis_vet_internal,2025-05,2025-Q2,Dermatology,DermaCalm,DRM-DERMACALM-S,Veterinary,Region,Northeast,26517,1537978.77,0.96
zoetis_vet_internal,2025-05,2025-Q2,Petcare Diagnostics,DiagnosTech Vet,DIA-DIAGNOSTEC-L,Veterinary,Region,Northeast,54672,929421.05,0.96
zoetis_vet_internal,2025-05,2025-Q2,Petcare Diagnostics,DiagnosTech Vet,DIA-DIAGNOSTEC-S,Veterinary,Region,Northeast,79501,1351510.79,0.96
zoetis_vet_internal,2025-05,2025-Q2,Parasiticides,FleaStop Pro,PAR-FLEASTOP-P-L,Veterinary,Region,Northeast,27301,573317.4,0.96
zoetis_vet_internal,2025-05,2025-Q2,Parasiticides,FleaStop Pro,PAR-FLEASTOP-P-S,Veterinary,Region,Northeast,38745,813641.96,0.96
zoetis_vet_internal,2025-05,2025-Q2,Pain/Osteoarthritis,FlexiCare Joint,PAN-FLEXICARE--L,Veterinary,Region,Northeast,16005,704217.99,0.96
zoetis_vet_internal,2025-05,2025-Q2,Pain/Osteoarthritis,FlexiCare Joint,PAN-FLEXICARE--S,Veterinary,Region,Northeast,23090,1015967.89,0.96
zoetis_vet_internal,2025-05,2025-Q2,Vaccines,ImmunoCore Canine,VAC-IMMUNOCORE-L,Veterinary,Region,Northeast,55554,1166637.8,0.96
zoetis_vet_internal,2025-05,2025-Q2,Vaccines,ImmunoCore Canine,VAC-IMMUNOCORE-S,Veterinary,Region,Northeast,74760,1569967.79,0.96
zoetis_vet_internal,2025-05,2025-Q2,Pain/Osteoarthritis,Librela,PAN-LIBRELA-L,Veterinary,Region,Northeast,17951,861656.65,0.96
zoetis_vet_internal,2025-05,2025-Q2,Pain/Osteoarthritis,Librela,PAN-LIBRELA-S,Veterinary,Region,Northeast,24499,1175952.66,0.96
zoetis_vet_internal,2025-05,2025-Q2,Pain/Osteoarthritis,OsteoEase Vet,PAN-OSTEOEASE--L,Veterinary,Region,Northeast,15730,644933.8,0.96
zoetis_vet_internal,2025-05,2025-Q2,Pain/Osteoarthritis,OsteoEase Vet,PAN-OSTEOEASE--S,Veterinary,Region,Northeast,21803,893934.27,0.96
zoetis_vet_internal,2025-05,2025-Q2,Pain/Osteoarthritis,PainAway Canine,PAN-PAINAWAY-C-L,Veterinary,Region,Northeast,13732,508092.25,0.96
zoetis_vet_internal,2025-05,2025-Q2,Pain/Osteoarthritis,PainAway Canine,PAN-PAINAWAY-C-S,Veterinary,Region,Northeast,18559,686698.69,0.96
zoetis_vet_internal,2025-05,2025-Q2,Petcare Diagnostics,PetLab Analyzer,DIA-PETLAB-ANA-L,Veterinary,Region,Northeast,32881,493215.99,0.96
zoetis_vet_internal,2025-05,2025-Q2,Petcare Diagnostics,PetLab Analyzer,DIA-PETLAB-ANA-S,Veterinary,Region,Northeast,46843,702638.85,0.96
zoetis_vet_internal,2025-05,2025-Q2,Petcare Diagnostics,RapidVet Dx,DIA-RAPIDVET-D-L,Veterinary,Region,Northeast,52298,836767.84,0.96
zoetis_vet_internal,2025-05,2025-Q2,Petcare Diagnostics,RapidVet Dx,DIA-RAPIDVET-D-S,Veterinary,Region,Northeast,72581,1161299.33,0.96
zoetis_vet_internal,2025-05,2025-Q2,Parasiticides,Simparica Trio,PAR-SIMPARICA--L,Veterinary,Region,Northeast,62321,1744977.57,0.96
zoetis_vet_internal,2025-05,2025-Q2,Parasiticides,Simparica Trio,PAR-SIMPARICA--S,Veterinary,Region,Northeast,88848,2487737.74,0.96
zoetis_vet_internal,2025-05,2025-Q2,Dermatology,SkinRelief Pro,DRM-SKINRELIEF-L,Veterinary,Region,Northeast,16616,814177.89,0.96
zoetis_vet_internal,2025-05,2025-Q2,Dermatology,SkinRelief Pro,DRM-SKINRELIEF-S,Veterinary,Region,Northeast,22682,1111397.92,0.96
zoetis_vet_internal,2025-05,2025-Q2,Parasiticides,TickShield Plus,PAR-TICKSHIELD-L,Veterinary,Region,Northeast,31973,767345.4,0.96
zoetis_vet_internal,2025-05,2025-Q2,Parasiticides,TickShield Plus,PAR-TICKSHIELD-S,Veterinary,Region,Northeast,44861,1076653.25,0.96
zoetis_vet_internal,2025-05,2025-Q2,Vaccines,Vanguard,VAC-VANGUARD-L,Veterinary,Region,Northeast,61945,1362789.03,0.96
zoetis_vet_internal,2025-05,2025-Q2,Vaccines,Vanguard,VAC-VANGUARD-S,Veterinary,Region,Northeast,89492,1968827.19,0.96
zoetis_vet_internal,2025-05,2025-Q2,Parasiticides,VectraGuard,PAR-VECTRAGUAR-L,Veterinary,Region,Northeast,39897,1037311.24,0.96
zoetis_vet_internal,2025-05,2025-Q2,Parasiticides,VectraGuard,PAR-VECTRAGUAR-S,Veterinary,Region,Northeast,56214,1461570.87,0.96
zoetis_vet_internal,2025-05,2025-Q2,Vaccines,VetGuard Immunize,VAC-VETGUARD-I-L,Veterinary,Region,Northeast,40397,767534.77,0.96
zoetis_vet_internal,2025-05,2025-Q2,Vaccines,VetGuard Immunize,VAC-VETGUARD-I-S,Veterinary,Region,Northeast,56762,1078479.76,0.96
zoetis_vet_internal,2025-05,2025-Q2,Vaccines,VetSelect Core Vax,VAC-VETSELECT--L,Veterinary,Region,Northeast,38389,537441.6,0.96
zoetis_vet_internal,2025-05,2025-Q2,Vaccines,VetSelect Core Vax,VAC-VETSELECT--S,Veterinary,Region,Northeast,53818,753453.62,0.96
zoetis_vet_internal,2025-05,2025-Q2,Dermatology,VetSelect Derma,DRM-VETSELECT--L,Veterinary,Region,Northeast,13585,516227.15,0.96
zoetis_vet_internal,2025-05,2025-Q2,Dermatology,VetSelect Derma,DRM-VETSELECT--S,Veterinary,Region,Northeast,18167,690362.01,0.96
zoetis_vet_internal,2025-05,2025-Q2,Petcare Diagnostics,VetSelect Dx,DIA-VETSELECT--L,Veterinary,Region,Northeast,23967,287606.55,0.96
zoetis_vet_internal,2025-05,2025-Q2,Petcare Diagnostics,VetSelect Dx,DIA-VETSELECT--S,Veterinary,Region,Northeast,33784,405403.61,0.96
zoetis_vet_internal,2025-05,2025-Q2,Parasiticides,VetSelect Flea & Tick,PAR-VETSELECT--L,Veterinary,Region,Northeast,28867,490738.36,0.96
zoetis_vet_internal,2025-05,2025-Q2,Parasiticides,VetSelect Flea & Tick,PAR-VETSELECT--S,Veterinary,Region,Northeast,39816,676869.73,0.96
zoetis_vet_internal,2025-05,2025-Q2,Pain/Osteoarthritis,VetSelect Joint,PAN-VETSELECT--L,Veterinary,Region,Northeast,13543,392748.14,0.96
zoetis_vet_internal,2025-05,2025-Q2,Pain/Osteoarthritis,VetSelect Joint,PAN-VETSELECT--S,Veterinary,Region,Northeast,18330,531566.27,0.96
zoetis_vet_internal,2025-05,2025-Q2,Petcare Diagnostics,Vetscan,DIA-VETSCAN-L,Veterinary,Region,Northeast,69047,1242837.68,0.96
zoetis_vet_internal,2025-05,2025-Q2,Petcare Diagnostics,Vetscan,DIA-VETSCAN-S,Veterinary,Region,Northeast,93291,1679239.21,0.96
zoetis_vet_internal,2025-05,2025-Q2,Dermatology,AllerVet RX,DRM-ALLERVET-R-L,Veterinary,Region,South,30460,1644817.1,0.96
zoetis_vet_internal,2025-05,2025-Q2,Dermatology,AllerVet RX,DRM-ALLERVET-R-S,Veterinary,Region,South,42225,2280160.85,0.96
zoetis_vet_internal,2025-05,2025-Q2,Dermatology,Apoquel,DRM-APOQUEL-L,Veterinary,Region,South,48379,3144660.42,0.96
zoetis_vet_internal,2025-05,2025-Q2,Dermatology,Apoquel,DRM-APOQUEL-S,Veterinary,Region,South,67724,4402086.94,0.96
zoetis_vet_internal,2025-05,2025-Q2,Vaccines,BioShield Vax,VAC-BIOSHIELD--L,Veterinary,Region,South,73883,1477655.62,0.96
zoetis_vet_internal,2025-05,2025-Q2,Vaccines,BioShield Vax,VAC-BIOSHIELD--S,Veterinary,Region,South,100806,2016125.17,0.96
zoetis_vet_internal,2025-05,2025-Q2,Dermatology,DermaCalm,DRM-DERMACALM-L,Veterinary,Region,South,29976,1738604.8,0.96
zoetis_vet_internal,2025-05,2025-Q2,Dermatology,DermaCalm,DRM-DERMACALM-S,Veterinary,Region,South,42218,2448637.69,0.96
zoetis_vet_internal,2025-05,2025-Q2,Petcare Diagnostics,DiagnosTech Vet,DIA-DIAGNOSTEC-L,Veterinary,Region,South,91401,1553817.49,0.96
zoetis_vet_internal,2025-05,2025-Q2,Petcare Diagnostics,DiagnosTech Vet,DIA-DIAGNOSTEC-S,Veterinary,Region,South,127808,2172729.95,0.96
zoetis_vet_internal,2025-05,2025-Q2,Parasiticides,FleaStop Pro,PAR-FLEASTOP-P-L,Veterinary,Region,South,41077,862609.5,0.96
zoetis_vet_internal,2025-05,2025-Q2,Parasiticides,FleaStop Pro,PAR-FLEASTOP-P-S,Veterinary,Region,South,55467,1164802.94,0.96
zoetis_vet_internal,2025-05,2025-Q2,Pain/Osteoarthritis,FlexiCare Joint,PAN-FLEXICARE--L,Veterinary,Region,South,24160,1063018.18,0.96
zoetis_vet_internal,2025-05,2025-Q2,Pain/Osteoarthritis,FlexiCare Joint,PAN-FLEXICARE--S,Veterinary,Region,South,34007,1496292.9,0.96
zoetis_vet_internal,2025-05,2025-Q2,Vaccines,ImmunoCore Canine,VAC-IMMUNOCORE-L,Veterinary,Region,South,86154,1809230.22,0.96
zoetis_vet_internal,2025-05,2025-Q2,Vaccines,ImmunoCore Canine,VAC-IMMUNOCORE-S,Veterinary,Region,South,117308,2463465.39,0.96
zoetis_vet_internal,2025-05,2025-Q2,Pain/Osteoarthritis,Librela,PAN-LIBRELA-L,Veterinary,Region,South,28423,1364317.86,0.96
zoetis_vet_internal,2025-05,2025-Q2,Pain/Osteoarthritis,Librela,PAN-LIBRELA-S,Veterinary,Region,South,40045,1922144.16,0.96
zoetis_vet_internal,2025-05,2025-Q2,Pain/Osteoarthritis,OsteoEase Vet,PAN-OSTEOEASE--L,Veterinary,Region,South,25534,1046894.43,0.96
zoetis_vet_internal,2025-05,2025-Q2,Pain/Osteoarthritis,OsteoEase Vet,PAN-OSTEOEASE--S,Veterinary,Region,South,33767,1384455.82,0.96
zoetis_vet_internal,2025-05,2025-Q2,Pain/Osteoarthritis,PainAway Canine,PAN-PAINAWAY-C-L,Veterinary,Region,South,19867,735090.67,0.96
zoetis_vet_internal,2025-05,2025-Q2,Pain/Osteoarthritis,PainAway Canine,PAN-PAINAWAY-C-S,Veterinary,Region,South,29817,1103228.65,0.96
zoetis_vet_internal,2025-05,2025-Q2,Petcare Diagnostics,PetLab Analyzer,DIA-PETLAB-ANA-L,Veterinary,Region,South,50089,751333.11,0.96
zoetis_vet_internal,2025-05,2025-Q2,Petcare Diagnostics,PetLab Analyzer,DIA-PETLAB-ANA-S,Veterinary,Region,South,66922,1003826.44,0.96
zoetis_vet_internal,2025-05,2025-Q2,Petcare Diagnostics,RapidVet Dx,DIA-RAPIDVET-D-L,Veterinary,Region,South,78744,1259904.45,0.96
zoetis_vet_internal,2025-05,2025-Q2,Petcare Diagnostics,RapidVet Dx,DIA-RAPIDVET-D-S,Veterinary,Region,South,108145,1730317.48,0.96
zoetis_vet_internal,2025-05,2025-Q2,Parasiticides,Simparica Trio,PAR-SIMPARICA--L,Veterinary,Region,South,98221,2750185.37,0.96
zoetis_vet_internal,2025-05,2025-Q2,Parasiticides,Simparica Trio,PAR-SIMPARICA--S,Veterinary,Region,South,128997,3611916.61,0.96
zoetis_vet_internal,2025-05,2025-Q2,Dermatology,SkinRelief Pro,DRM-SKINRELIEF-L,Veterinary,Region,South,5941,291124.62,0.96
zoetis_vet_internal,2025-05,2025-Q2,Dermatology,SkinRelief Pro,DRM-SKINRELIEF-S,Veterinary,Region,South,7957,389915.05,0.96
zoetis_vet_internal,2025-05,2025-Q2,Parasiticides,TickShield Plus,PAR-TICKSHIELD-L,Veterinary,Region,South,56451,1354812.66,0.96
zoetis_vet_internal,2025-05,2025-Q2,Parasiticides,TickShield Plus,PAR-TICKSHIELD-S,Veterinary,Region,South,75487,1811679.35,0.96
zoetis_vet_internal,2025-05,2025-Q2,Vaccines,Vanguard,VAC-VANGUARD-L,Veterinary,Region,South,97150,2137306.17,0.96
zoetis_vet_internal,2025-05,2025-Q2,Vaccines,Vanguard,VAC-VANGUARD-S,Veterinary,Region,South,135112,2972469.28,0.96
zoetis_vet_internal,2025-05,2025-Q2,Parasiticides,VectraGuard,PAR-VECTRAGUAR-L,Veterinary,Region,South,65783,1710351.88,0.96
zoetis_vet_internal,2025-05,2025-Q2,Parasiticides,VectraGuard,PAR-VECTRAGUAR-S,Veterinary,Region,South,89558,2328507.28,0.96
zoetis_vet_internal,2025-05,2025-Q2,Vaccines,VetGuard Immunize,VAC-VETGUARD-I-L,Veterinary,Region,South,60937,1157810.22,0.96
zoetis_vet_internal,2025-05,2025-Q2,Vaccines,VetGuard Immunize,VAC-VETGUARD-I-S,Veterinary,Region,South,89826,1706698.09,0.96
zoetis_vet_internal,2025-05,2025-Q2,Vaccines,VetSelect Core Vax,VAC-VETSELECT--L,Veterinary,Region,South,60876,852260.2,0.96
zoetis_vet_internal,2025-05,2025-Q2,Vaccines,VetSelect Core Vax,VAC-VETSELECT--S,Veterinary,Region,South,88887,1244417.56,0.96
zoetis_vet_internal,2025-05,2025-Q2,Dermatology,VetSelect Derma,DRM-VETSELECT--L,Veterinary,Region,South,19710,748994.37,0.96
zoetis_vet_internal,2025-05,2025-Q2,Dermatology,VetSelect Derma,DRM-VETSELECT--S,Veterinary,Region,South,28150,1069699.46,0.96
zoetis_vet_internal,2025-05,2025-Q2,Petcare Diagnostics,VetSelect Dx,DIA-VETSELECT--L,Veterinary,Region,South,41500,497998.51,0.96
zoetis_vet_internal,2025-05,2025-Q2,Petcare Diagnostics,VetSelect Dx,DIA-VETSELECT--S,Veterinary,Region,South,57677,692120.63,0.96
zoetis_vet_internal,2025-05,2025-Q2,Parasiticides,VetSelect Flea & Tick,PAR-VETSELECT--L,Veterinary,Region,South,44395,754719.13,0.96
zoetis_vet_internal,2025-05,2025-Q2,Parasiticides,VetSelect Flea & Tick,PAR-VETSELECT--S,Veterinary,Region,South,60355,1026032.87,0.96
zoetis_vet_internal,2025-05,2025-Q2,Pain/Osteoarthritis,VetSelect Joint,PAN-VETSELECT--L,Veterinary,Region,South,19077,553241.98,0.96
zoetis_vet_internal,2025-05,2025-Q2,Pain/Osteoarthritis,VetSelect Joint,PAN-VETSELECT--S,Veterinary,Region,South,27311,792021.2,0.96
zoetis_vet_internal,2025-05,2025-Q2,Petcare Diagnostics,Vetscan,DIA-VETSCAN-L,Veterinary,Region,South,102484,1844705.33,0.96
zoetis_vet_internal,2025-05,2025-Q2,Petcare Diagnostics,Vetscan,DIA-VETSCAN-S,Veterinary,Region,South,137922,2482604.82,0.96
zoetis_vet_internal,2025-05,2025-Q2,Dermatology,AllerVet RX,DRM-ALLERVET-R-L,Veterinary,Region,West,19295,1041923.4,0.96
zoetis_vet_internal,2025-05,2025-Q2,Dermatology,AllerVet RX,DRM-ALLERVET-R-S,Veterinary,Region,West,26150,1412096.4,0.96
zoetis_vet_internal,2025-05,2025-Q2,Dermatology,Apoquel,DRM-APOQUEL-L,Veterinary,Region,West,34964,2272666.51,0.96
zoetis_vet_internal,2025-05,2025-Q2,Dermatology,Apoquel,DRM-APOQUEL-S,Veterinary,Region,West,48802,3172130.23,0.96
zoetis_vet_internal,2025-05,2025-Q2,Vaccines,BioShield Vax,VAC-BIOSHIELD--L,Veterinary,Region,West,48122,962438.54,0.96
zoetis_vet_internal,2025-05,2025-Q2,Vaccines,BioShield Vax,VAC-BIOSHIELD--S,Veterinary,Region,West,68264,1365273.87,0.96
zoetis_vet_internal,2025-05,2025-Q2,Dermatology,DermaCalm,DRM-DERMACALM-L,Veterinary,Region,West,21854,1267559.8,0.96
zoetis_vet_internal,2025-05,2025-Q2,Dermatology,DermaCalm,DRM-DERMACALM-S,Veterinary,Region,West,29195,1693283.24,0.96
zoetis_vet_internal,2025-05,2025-Q2,Petcare Diagnostics,DiagnosTech Vet,DIA-DIAGNOSTEC-L,Veterinary,Region,West,59906,1018404.88,0.96
zoetis_vet_internal,2025-05,2025-Q2,Petcare Diagnostics,DiagnosTech Vet,DIA-DIAGNOSTEC-S,Veterinary,Region,West,80902,1375329.23,0.96
zoetis_vet_internal,2025-05,2025-Q2,Parasiticides,FleaStop Pro,PAR-FLEASTOP-P-L,Veterinary,Region,West,29195,613091.31,0.96
zoetis_vet_internal,2025-05,2025-Q2,Parasiticides,FleaStop Pro,PAR-FLEASTOP-P-S,Veterinary,Region,West,41227,865763.74,0.96
zoetis_vet_internal,2025-05,2025-Q2,Pain/Osteoarthritis,FlexiCare Joint,PAN-FLEXICARE--L,Veterinary,Region,West,17523,771023.94,0.96
zoetis_vet_internal,2025-05,2025-Q2,Pain/Osteoarthritis,FlexiCare Joint,PAN-FLEXICARE--S,Veterinary,Region,West,23227,1021981.83,0.96
zoetis_vet_internal,2025-05,2025-Q2,Vaccines,ImmunoCore Canine,VAC-IMMUNOCORE-L,Veterinary,Region,West,53481,1123092.63,0.96
zoetis_vet_internal,2025-05,2025-Q2,Vaccines,ImmunoCore Canine,VAC-IMMUNOCORE-S,Veterinary,Region,West,75507,1585650.96,0.96
zoetis_vet_internal,2025-05,2025-Q2,Pain/Osteoarthritis,Librela,PAN-LIBRELA-L,Veterinary,Region,West,18384,882428.57,0.96
zoetis_vet_internal,2025-05,2025-Q2,Pain/Osteoarthritis,Librela,PAN-LIBRELA-S,Veterinary,Region,West,25905,1243457.42,0.96
zoetis_vet_internal,2025-05,2025-Q2,Pain/Osteoarthritis,OsteoEase Vet,PAN-OSTEOEASE--L,Veterinary,Region,West,15741,645365.75,0.96
zoetis_vet_internal,2025-05,2025-Q2,Pain/Osteoarthritis,OsteoEase Vet,PAN-OSTEOEASE--S,Veterinary,Region,West,21910,898292.33,0.96
zoetis_vet_internal,2025-05,2025-Q2,Pain/Osteoarthritis,PainAway Canine,PAN-PAINAWAY-C-L,Veterinary,Region,West,13766,509323.51,0.96
zoetis_vet_internal,2025-05,2025-Q2,Pain/Osteoarthritis,PainAway Canine,PAN-PAINAWAY-C-S,Veterinary,Region,West,19441,719311.64,0.96
zoetis_vet_internal,2025-05,2025-Q2,Petcare Diagnostics,PetLab Analyzer,DIA-PETLAB-ANA-L,Veterinary,Region,West,35690,535355.39,0.96
zoetis_vet_internal,2025-05,2025-Q2,Petcare Diagnostics,PetLab Analyzer,DIA-PETLAB-ANA-S,Veterinary,Region,West,48392,725884.11,0.96
zoetis_vet_internal,2025-05,2025-Q2,Petcare Diagnostics,RapidVet Dx,DIA-RAPIDVET-D-L,Veterinary,Region,West,59837,957386.4,0.96
zoetis_vet_internal,2025-05,2025-Q2,Petcare Diagnostics,RapidVet Dx,DIA-RAPIDVET-D-S,Veterinary,Region,West,80728,1291640.25,0.96
zoetis_vet_internal,2025-05,2025-Q2,Parasiticides,Simparica Trio,PAR-SIMPARICA--L,Veterinary,Region,West,64499,1805984.89,0.96
zoetis_vet_internal,2025-05,2025-Q2,Parasiticides,Simparica Trio,PAR-SIMPARICA--S,Veterinary,Region,West,88930,2490047.36,0.96
zoetis_vet_internal,2025-05,2025-Q2,Dermatology,SkinRelief Pro,DRM-SKINRELIEF-L,Veterinary,Region,West,16773,821855.5,0.96
zoetis_vet_internal,2025-05,2025-Q2,Dermatology,SkinRelief Pro,DRM-SKINRELIEF-S,Veterinary,Region,West,23113,1132543.04,0.96
zoetis_vet_internal,2025-05,2025-Q2,Parasiticides,TickShield Plus,PAR-TICKSHIELD-L,Veterinary,Region,West,34753,834064.3,0.96
zoetis_vet_internal,2025-05,2025-Q2,Parasiticides,TickShield Plus,PAR-TICKSHIELD-S,Veterinary,Region,West,50372,1208936.48,0.96
zoetis_vet_internal,2025-05,2025-Q2,Vaccines,Vanguard,VAC-VANGUARD-L,Veterinary,Region,West,67956,1495021.89,0.96
zoetis_vet_internal,2025-05,2025-Q2,Vaccines,Vanguard,VAC-VANGUARD-S,Veterinary,Region,West,92152,2027333.77,0.96
zoetis_vet_internal,2025-05,2025-Q2,Parasiticides,VectraGuard,PAR-VECTRAGUAR-L,Veterinary,Region,West,39207,1019392.11,0.96
zoetis_vet_internal,2025-05,2025-Q2,Parasiticides,VectraGuard,PAR-VECTRAGUAR-S,Veterinary,Region,West,55838,1451794.88,0.96
zoetis_vet_internal,2025-05,2025-Q2,Vaccines,VetGuard Immunize,VAC-VETGUARD-I-L,Veterinary,Region,West,42487,807243.98,0.96
zoetis_vet_internal,2025-05,2025-Q2,Vaccines,VetGuard Immunize,VAC-VETGUARD-I-S,Veterinary,Region,West,58560,1112637.06,0.96
zoetis_vet_internal,2025-05,2025-Q2,Vaccines,VetSelect Core Vax,VAC-VETSELECT--L,Veterinary,Region,West,39583,554159.36,0.96
zoetis_vet_internal,2025-05,2025-Q2,Vaccines,VetSelect Core Vax,VAC-VETSELECT--S,Veterinary,Region,West,54902,768632.64,0.96
zoetis_vet_internal,2025-05,2025-Q2,Dermatology,VetSelect Derma,DRM-VETSELECT--L,Veterinary,Region,West,13239,503094.71,0.96
zoetis_vet_internal,2025-05,2025-Q2,Dermatology,VetSelect Derma,DRM-VETSELECT--S,Veterinary,Region,West,18273,694389.12,0.96
zoetis_vet_internal,2025-05,2025-Q2,Petcare Diagnostics,VetSelect Dx,DIA-VETSELECT--L,Veterinary,Region,West,27303,327635.26,0.96
zoetis_vet_internal,2025-05,2025-Q2,Petcare Diagnostics,VetSelect Dx,DIA-VETSELECT--S,Veterinary,Region,West,36891,442687.29,0.96
zoetis_vet_internal,2025-05,2025-Q2,Parasiticides,VetSelect Flea & Tick,PAR-VETSELECT--L,Veterinary,Region,West,30409,516945.86,0.96
zoetis_vet_internal,2025-05,2025-Q2,Parasiticides,VetSelect Flea & Tick,PAR-VETSELECT--S,Veterinary,Region,West,41252,701290.04,0.96
zoetis_vet_internal,2025-05,2025-Q2,Pain/Osteoarthritis,VetSelect Joint,PAN-VETSELECT--L,Veterinary,Region,West,13162,381686.17,0.96
zoetis_vet_internal,2025-05,2025-Q2,Pain/Osteoarthritis,VetSelect Joint,PAN-VETSELECT--S,Veterinary,Region,West,18914,548491.86,0.96
zoetis_vet_internal,2025-05,2025-Q2,Petcare Diagnostics,Vetscan,DIA-VETSCAN-L,Veterinary,Region,West,72071,1297271.14,0.96
zoetis_vet_internal,2025-05,2025-Q2,Petcare Diagnostics,Vetscan,DIA-VETSCAN-S,Veterinary,Region,West,93009,1674154.55,0.96
zoetis_vet_internal,2025-06,2025-Q2,Dermatology,AllerVet RX,DRM-ALLERVET-R-L,Veterinary,National,National,86699,4681815.27,0.96
zoetis_vet_internal,2025-06,2025-Q2,Dermatology,AllerVet RX,DRM-ALLERVET-R-S,Veterinary,National,National,119282,6441258.03,0.96
zoetis_vet_internal,2025-06,2025-Q2,Dermatology,Apoquel,DRM-APOQUEL-L,Veterinary,National,National,151349,9837687.9,0.96
zoetis_vet_internal,2025-06,2025-Q2,Dermatology,Apoquel,DRM-APOQUEL-S,Veterinary,National,National,211894,13773043.17,0.96
zoetis_vet_internal,2025-06,2025-Q2,Vaccines,BioShield Vax,VAC-BIOSHIELD--L,Veterinary,National,National,198183,3963656.91,0.96
zoetis_vet_internal,2025-06,2025-Q2,Vaccines,BioShield Vax,VAC-BIOSHIELD--S,Veterinary,National,National,270099,5401980.59,0.96
zoetis_vet_internal,2025-06,2025-Q2,Dermatology,DermaCalm,DRM-DERMACALM-L,Veterinary,National,National,92994,5393685.61,0.96
zoetis_vet_internal,2025-06,2025-Q2,Dermatology,DermaCalm,DRM-DERMACALM-S,Veterinary,National,National,127268,7381589.52,0.96
zoetis_vet_internal,2025-06,2025-Q2,Petcare Diagnostics,DiagnosTech Vet,DIA-DIAGNOSTEC-L,Veterinary,National,National,253666,4312320.35,0.96
zoetis_vet_internal,2025-06,2025-Q2,Petcare Diagnostics,DiagnosTech Vet,DIA-DIAGNOSTEC-S,Veterinary,National,National,344931,5863826.08,0.96
zoetis_vet_internal,2025-06,2025-Q2,Parasiticides,FleaStop Pro,PAR-FLEASTOP-P-L,Veterinary,National,National,134391,2822228.96,0.96
zoetis_vet_internal,2025-06,2025-Q2,Parasiticides,FleaStop Pro,PAR-FLEASTOP-P-S,Veterinary,National,National,186259,3911454.61,0.96
zoetis_vet_internal,2025-06,2025-Q2,Pain/Osteoarthritis,FlexiCare Joint,PAN-FLEXICARE--L,Veterinary,National,National,71510,3146447.07,0.96
zoetis_vet_internal,2025-06,2025-Q2,Pain/Osteoarthritis,FlexiCare Joint,PAN-FLEXICARE--S,Veterinary,National,National,98208,4321164.16,0.96
zoetis_vet_internal,2025-06,2025-Q2,Vaccines,ImmunoCore Canine,VAC-IMMUNOCORE-L,Veterinary,National,National,257143,5399998.33,0.96
zoetis_vet_internal,2025-06,2025-Q2,Vaccines,ImmunoCore Canine,VAC-IMMUNOCORE-S,Veterinary,National,National,349208,7333379.28,0.96
zoetis_vet_internal,2025-06,2025-Q2,Pain/Osteoarthritis,Librela,PAN-LIBRELA-L,Veterinary,National,National,80182,3848734.1,0.96
zoetis_vet_internal,2025-06,2025-Q2,Pain/Osteoarthritis,Librela,PAN-LIBRELA-S,Veterinary,National,National,109910,5275694.66,0.96
zoetis_vet_internal,2025-06,2025-Q2,Pain/Osteoarthritis,OsteoEase Vet,PAN-OSTEOEASE--L,Veterinary,National,National,67254,2757376.71,0.96
zoetis_vet_internal,2025-06,2025-Q2,Pain/Osteoarthritis,OsteoEase Vet,PAN-OSTEOEASE--S,Veterinary,National,National,92827,3805924.89,0.96
zoetis_vet_internal,2025-06,2025-Q2,Pain/Osteoarthritis,PainAway Canine,PAN-PAINAWAY-C-L,Veterinary,National,National,58342,2158668.09,0.96
zoetis_vet_internal,2025-06,2025-Q2,Pain/Osteoarthritis,PainAway Canine,PAN-PAINAWAY-C-S,Veterinary,National,National,79917,2956940.62,0.96
zoetis_vet_internal,2025-06,2025-Q2,Petcare Diagnostics,PetLab Analyzer,DIA-PETLAB-ANA-L,Veterinary,National,National,151558,2273359.81,0.96
zoetis_vet_internal,2025-06,2025-Q2,Petcare Diagnostics,PetLab Analyzer,DIA-PETLAB-ANA-S,Veterinary,National,National,207791,3116874.22,0.96
zoetis_vet_internal,2025-06,2025-Q2,Petcare Diagnostics,RapidVet Dx,DIA-RAPIDVET-D-L,Veterinary,National,National,234720,3755517.02,0.96
zoetis_vet_internal,2025-06,2025-Q2,Petcare Diagnostics,RapidVet Dx,DIA-RAPIDVET-D-S,Veterinary,National,National,324738,5195797.59,0.96
zoetis_vet_internal,2025-06,2025-Q2,Parasiticides,Simparica Trio,PAR-SIMPARICA--L,Veterinary,National,National,294537,8247010.28,0.96
zoetis_vet_internal,2025-06,2025-Q2,Parasiticides,Simparica Trio,PAR-SIMPARICA--S,Veterinary,National,National,403382,11294719.86,0.96
zoetis_vet_internal,2025-06,2025-Q2,Dermatology,SkinRelief Pro,DRM-SKINRELIEF-L,Veterinary,National,National,78629,3852799.11,0.96
zoetis_vet_internal,2025-06,2025-Q2,Dermatology,SkinRelief Pro,DRM-SKINRELIEF-S,Veterinary,National,National,107134,5249582.06,0.96
zoetis_vet_internal,2025-06,2025-Q2,Parasiticides,TickShield Plus,PAR-TICKSHIELD-L,Veterinary,National,National,153590,3686159.65,0.96
zoetis_vet_internal,2025-06,2025-Q2,Parasiticides,TickShield Plus,PAR-TICKSHIELD-S,Veterinary,National,National,213011,5112256.91,0.96
zoetis_vet_internal,2025-06,2025-Q2,Vaccines,Vanguard,VAC-VANGUARD-L,Veterinary,National,National,292123,6426710.12,0.96
zoetis_vet_internal,2025-06,2025-Q2,Vaccines,Vanguard,VAC-VANGUARD-S,Veterinary,National,National,390424,8589317.12,0.96
zoetis_vet_internal,2025-06,2025-Q2,Parasiticides,VectraGuard,PAR-VECTRAGUAR-L,Veterinary,National,National,186583,4851131.64,0.96
zoetis_vet_internal,2025-06,2025-Q2,Parasiticides,VectraGuard,PAR-VECTRAGUAR-S,Veterinary,National,National,259988,6759690.89,0.96
zoetis_vet_internal,2025-06,2025-Q2,Vaccines,VetGuard Immunize,VAC-VETGUARD-I-L,Veterinary,National,National,172784,3282908.64,0.96
zoetis_vet_internal,2025-06,2025-Q2,Vaccines,VetGuard Immunize,VAC-VETGUARD-I-S,Veterinary,National,National,243165,4620127.76,0.96
zoetis_vet_internal,2025-06,2025-Q2,Vaccines,VetSelect Core Vax,VAC-VETSELECT--L,Veterinary,National,National,159578,2234095.25,0.96
zoetis_vet_internal,2025-06,2025-Q2,Vaccines,VetSelect Core Vax,VAC-VETSELECT--S,Veterinary,National,National,220735,3090294.2,0.96
zoetis_vet_internal,2025-06,2025-Q2,Dermatology,VetSelect Derma,DRM-VETSELECT--L,Veterinary,National,National,68216,2592243.82,0.96
zoetis_vet_internal,2025-06,2025-Q2,Dermatology,VetSelect Derma,DRM-VETSELECT--S,Veterinary,National,National,93055,3536055.27,0.96
zoetis_vet_internal,2025-06,2025-Q2,Petcare Diagnostics,VetSelect Dx,DIA-VETSELECT--L,Veterinary,National,National,110224,1322675.25,0.96
zoetis_vet_internal,2025-06,2025-Q2,Petcare Diagnostics,VetSelect Dx,DIA-VETSELECT--S,Veterinary,National,National,151128,1813540.24,0.96
zoetis_vet_internal,2025-06,2025-Q2,Parasiticides,VetSelect Flea & Tick,PAR-VETSELECT--L,Veterinary,National,National,130900,2225294.88,0.96
zoetis_vet_internal,2025-06,2025-Q2,Parasiticides,VetSelect Flea & Tick,PAR-VETSELECT--S,Veterinary,National,National,179454,3050711.82,0.96
zoetis_vet_internal,2025-06,2025-Q2,Pain/Osteoarthritis,VetSelect Joint,PAN-VETSELECT--L,Veterinary,National,National,54259,1573513.42,0.96
zoetis_vet_internal,2025-06,2025-Q2,Pain/Osteoarthritis,VetSelect Joint,PAN-VETSELECT--S,Veterinary,National,National,78498,2276461.11,0.96
zoetis_vet_internal,2025-06,2025-Q2,Petcare Diagnostics,Vetscan,DIA-VETSCAN-L,Veterinary,National,National,294672,5304103.44,0.96
zoetis_vet_internal,2025-06,2025-Q2,Petcare Diagnostics,Vetscan,DIA-VETSCAN-S,Veterinary,National,National,412208,7419750.04,0.96
zoetis_vet_internal,2025-06,2025-Q2,Dermatology,AllerVet RX,DRM-ALLERVET-R-L,Veterinary,Region,Midwest,18334,990051.6,0.96
zoetis_vet_internal,2025-06,2025-Q2,Dermatology,AllerVet RX,DRM-ALLERVET-R-S,Veterinary,Region,Midwest,24187,1306118.69,0.96
zoetis_vet_internal,2025-06,2025-Q2,Dermatology,Apoquel,DRM-APOQUEL-L,Veterinary,Region,Midwest,30266,1967269.29,0.96
zoetis_vet_internal,2025-06,2025-Q2,Dermatology,Apoquel,DRM-APOQUEL-S,Veterinary,Region,Midwest,43681,2839237.47,0.96
zoetis_vet_internal,2025-06,2025-Q2,Vaccines,BioShield Vax,VAC-BIOSHIELD--L,Veterinary,Region,Midwest,40354,807073.85,0.96
zoetis_vet_internal,2025-06,2025-Q2,Vaccines,BioShield Vax,VAC-BIOSHIELD--S,Veterinary,Region,Midwest,56852,1137047.09,0.96
zoetis_vet_internal,2025-06,2025-Q2,Dermatology,DermaCalm,DRM-DERMACALM-L,Veterinary,Region,Midwest,19242,1116040.51,0.96
zoetis_vet_internal,2025-06,2025-Q2,Dermatology,DermaCalm,DRM-DERMACALM-S,Veterinary,Region,Midwest,26200,1519613.87,0.96
zoetis_vet_internal,2025-06,2025-Q2,Petcare Diagnostics,DiagnosTech Vet,DIA-DIAGNOSTEC-L,Veterinary,Region,Midwest,55408,941936.03,0.96
zoetis_vet_internal,2025-06,2025-Q2,Petcare Diagnostics,DiagnosTech Vet,DIA-DIAGNOSTEC-S,Veterinary,Region,Midwest,71473,1215045.59,0.96
zoetis_vet_internal,2025-06,2025-Q2,Parasiticides,FleaStop Pro,PAR-FLEASTOP-P-L,Veterinary,Region,Midwest,26354,553433.81,0.96
zoetis_vet_internal,2025-06,2025-Q2,Parasiticides,FleaStop Pro,PAR-FLEASTOP-P-S,Veterinary,Region,Midwest,37059,778248.37,0.96
zoetis_vet_internal,2025-06,2025-Q2,Pain/Osteoarthritis,FlexiCare Joint,PAN-FLEXICARE--L,Veterinary,Region,Midwest,14989,659529.04,0.96
zoetis_vet_internal,2025-06,2025-Q2,Pain/Osteoarthritis,FlexiCare Joint,PAN-FLEXICARE--S,Veterinary,Region,Midwest,20686,910164.21,0.96
zoetis_vet_internal,2025-06,2025-Q2,Vaccines,ImmunoCore Canine,VAC-IMMUNOCORE-L,Veterinary,Region,Midwest,55715,1170004.64,0.96
zoetis_vet_internal,2025-06,2025-Q2,Vaccines,ImmunoCore Canine,VAC-IMMUNOCORE-S,Veterinary,Region,Midwest,73452,1542501.99,0.96
zoetis_vet_internal,2025-06,2025-Q2,Pain/Osteoarthritis,Librela,PAN-LIBRELA-L,Veterinary,Region,Midwest,17809,854840.76,0.96
zoetis_vet_internal,2025-06,2025-Q2,Pain/Osteoarthritis,Librela,PAN-LIBRELA-S,Veterinary,Region,Midwest,22585,1084094.15,0.96
zoetis_vet_internal,2025-06,2025-Q2,Pain/Osteoarthritis,OsteoEase Vet,PAN-OSTEOEASE--L,Veterinary,Region,Midwest,14612,599072.29,0.96
zoetis_vet_internal,2025-06,2025-Q2,Pain/Osteoarthritis,OsteoEase Vet,PAN-OSTEOEASE--S,Veterinary,Region,Midwest,20433,837759.63,0.96
zoetis_vet_internal,2025-06,2025-Q2,Pain/Osteoarthritis,PainAway Canine,PAN-PAINAWAY-C-L,Veterinary,Region,Midwest,10973,406019.43,0.96
zoetis_vet_internal,2025-06,2025-Q2,Pain/Osteoarthritis,PainAway Canine,PAN-PAINAWAY-C-S,Veterinary,Region,Midwest,15826,585574.07,0.96
zoetis_vet_internal,2025-06,2025-Q2,Petcare Diagnostics,PetLab Analyzer,DIA-PETLAB-ANA-L,Veterinary,Region,Midwest,33293,499391.7,0.96
zoetis_vet_internal,2025-06,2025-Q2,Petcare Diagnostics,PetLab Analyzer,DIA-PETLAB-ANA-S,Veterinary,Region,Midwest,46048,690723.78,0.96
zoetis_vet_internal,2025-06,2025-Q2,Petcare Diagnostics,RapidVet Dx,DIA-RAPIDVET-D-L,Veterinary,Region,Midwest,48604,777660.58,0.96
zoetis_vet_internal,2025-06,2025-Q2,Petcare Diagnostics,RapidVet Dx,DIA-RAPIDVET-D-S,Veterinary,Region,Midwest,65413,1046600.29,0.96
zoetis_vet_internal,2025-06,2025-Q2,Parasiticides,Simparica Trio,PAR-SIMPARICA--L,Veterinary,Region,Midwest,62597,1752713.62,0.96
zoetis_vet_internal,2025-06,2025-Q2,Parasiticides,Simparica Trio,PAR-SIMPARICA--S,Veterinary,Region,Midwest,84392,2362988.81,0.96
zoetis_vet_internal,2025-06,2025-Q2,Dermatology,SkinRelief Pro,DRM-SKINRELIEF-L,Veterinary,Region,Midwest,16766,821550.62,0.96
zoetis_vet_internal,2025-06,2025-Q2,Dermatology,SkinRelief Pro,DRM-SKINRELIEF-S,Veterinary,Region,Midwest,22254,1090435.17,0.96
zoetis_vet_internal,2025-06,2025-Q2,Parasiticides,TickShield Plus,PAR-TICKSHIELD-L,Veterinary,Region,Midwest,32899,789581.82,0.96
zoetis_vet_internal,2025-06,2025-Q2,Parasiticides,TickShield Plus,PAR-TICKSHIELD-S,Veterinary,Region,Midwest,43767,1050406.2,0.96
zoetis_vet_internal,2025-06,2025-Q2,Vaccines,Vanguard,VAC-VANGUARD-L,Veterinary,Region,Midwest,58768,1292888.12,0.96
zoetis_vet_internal,2025-06,2025-Q2,Vaccines,Vanguard,VAC-VANGUARD-S,Veterinary,Region,Midwest,77649,1708279.93,0.96
zoetis_vet_internal,2025-06,2025-Q2,Parasiticides,VectraGuard,PAR-VECTRAGUAR-L,Veterinary,Region,Midwest,39588,1029283.44,0.96
zoetis_vet_internal,2025-06,2025-Q2,Parasiticides,VectraGuard,PAR-VECTRAGUAR-S,Veterinary,Region,Midwest,54487,1416673.64,0.96
zoetis_vet_internal,2025-06,2025-Q2,Vaccines,VetGuard Immunize,VAC-VETGUARD-I-L,Veterinary,Region,Midwest,35720,678681.14,0.96
zoetis_vet_internal,2025-06,2025-Q2,Vaccines,VetGuard Immunize,VAC-VETGUARD-I-S,Veterinary,Region,Midwest,49813,946449.63,0.96
zoetis_vet_internal,2025-06,2025-Q2,Vaccines,VetSelect Core Vax,VAC-VETSELECT--L,Veterinary,Region,Midwest,30332,424651.63,0.96
zoetis_vet_internal,2025-06,2025-Q2,Vaccines,VetSelect Core Vax,VAC-VETSELECT--S,Veterinary,Region,Midwest,42151,590108.69,0.96
zoetis_vet_internal,2025-06,2025-Q2,Dermatology,VetSelect Derma,DRM-VETSELECT--L,Veterinary,Region,Midwest,14814,562936.73,0.96
zoetis_vet_internal,2025-06,2025-Q2,Dermatology,VetSelect Derma,DRM-VETSELECT--S,Veterinary,Region,Midwest,19830,753532.73,0.96
zoetis_vet_internal,2025-06,2025-Q2,Petcare Diagnostics,VetSelect Dx,DIA-VETSELECT--L,Veterinary,Region,Midwest,23048,276570.87,0.96
zoetis_vet_internal,2025-06,2025-Q2,Petcare Diagnostics,VetSelect Dx,DIA-VETSELECT--S,Veterinary,Region,Midwest,31660,379924.57,0.96
zoetis_vet_internal,2025-06,2025-Q2,Parasiticides,VetSelect Flea & Tick,PAR-VETSELECT--L,Veterinary,Region,Midwest,26880,456954.58,0.96
zoetis_vet_internal,2025-06,2025-Q2,Parasiticides,VetSelect Flea & Tick,PAR-VETSELECT--S,Veterinary,Region,Midwest,37881,643976.64,0.96
zoetis_vet_internal,2025-06,2025-Q2,Pain/Osteoarthritis,VetSelect Joint,PAN-VETSELECT--L,Veterinary,Region,Midwest,11188,324450.23,0.96
zoetis_vet_internal,2025-06,2025-Q2,Pain/Osteoarthritis,VetSelect Joint,PAN-VETSELECT--S,Veterinary,Region,Midwest,16466,477520.45,0.96
zoetis_vet_internal,2025-06,2025-Q2,Petcare Diagnostics,Vetscan,DIA-VETSCAN-L,Veterinary,Region,Midwest,60607,1090919.92,0.96
zoetis_vet_internal,2025-06,2025-Q2,Petcare Diagnostics,Vetscan,DIA-VETSCAN-S,Veterinary,Region,Midwest,88952,1601132.84,0.96
zoetis_vet_internal,2025-06,2025-Q2,Dermatology,AllerVet RX,DRM-ALLERVET-R-L,Veterinary,Region,Northeast,19302,1042328.75,0.96
zoetis_vet_internal,2025-06,2025-Q2,Dermatology,AllerVet RX,DRM-ALLERVET-R-S,Veterinary,Region,Northeast,26895,1452351.58,0.96
zoetis_vet_internal,2025-06,2025-Q2,Dermatology,Apoquel,DRM-APOQUEL-L,Veterinary,Region,Northeast,33456,2174656.07,0.96
zoetis_vet_internal,2025-06,2025-Q2,Dermatology,Apoquel,DRM-APOQUEL-S,Veterinary,Region,Northeast,47933,3115620.68,0.96
zoetis_vet_internal,2025-06,2025-Q2,Vaccines,BioShield Vax,VAC-BIOSHIELD--L,Veterinary,Region,Northeast,44183,883663.48,0.96
zoetis_vet_internal,2025-06,2025-Q2,Vaccines,BioShield Vax,VAC-BIOSHIELD--S,Veterinary,Region,Northeast,62492,1249839.49,0.96
zoetis_vet_internal,2025-06,2025-Q2,Dermatology,DermaCalm,DRM-DERMACALM-L,Veterinary,Region,Northeast,20889,1211590.5,0.96
zoetis_vet_internal,2025-06,2025-Q2,Dermatology,DermaCalm,DRM-DERMACALM-S,Veterinary,Region,Northeast,28470,1651261.16,0.96
zoetis_vet_internal,2025-06,2025-Q2,Petcare Diagnostics,DiagnosTech Vet,DIA-DIAGNOSTEC-L,Veterinary,Region,Northeast,54713,930119.61,0.96
zoetis_vet_internal,2025-06,2025-Q2,Petcare Diagnostics,DiagnosTech Vet,DIA-DIAGNOSTEC-S,Veterinary,Region,Northeast,77585,1318952.81,0.96
zoetis_vet_internal,2025-06,2025-Q2,Parasiticides,FleaStop Pro,PAR-FLEASTOP-P-L,Veterinary,Region,Northeast,28422,596869.1,0.96
zoetis_vet_internal,2025-06,2025-Q2,Parasiticides,FleaStop Pro,PAR-FLEASTOP-P-S,Veterinary,Region,Northeast,40011,840237.98,0.96
zoetis_vet_internal,2025-06,2025-Q2,Pain/Osteoarthritis,FlexiCare Joint,PAN-FLEXICARE--L,Veterinary,Region,Northeast,15429,678874.58,0.96
zoetis_vet_internal,2025-06,2025-Q2,Pain/Osteoarthritis,FlexiCare Joint,PAN-FLEXICARE--S,Veterinary,Region,Northeast,21358,939760.87,0.96
zoetis_vet_internal,2025-06,2025-Q2,Vaccines,ImmunoCore Canine,VAC-IMMUNOCORE-L,Veterinary,Region,Northeast,55625,1168129.42,0.96
zoetis_vet_internal,2025-06,2025-Q2,Vaccines,ImmunoCore Canine,VAC-IMMUNOCORE-S,Veterinary,Region,Northeast,75774,1591261.48,0.96
zoetis_vet_internal,2025-06,2025-Q2,Pain/Osteoarthritis,Librela,PAN-LIBRELA-L,Veterinary,Region,Northeast,16804,806594.74,0.96
zoetis_vet_internal,2025-06,2025-Q2,Pain/Osteoarthritis,Librela,PAN-LIBRELA-S,Veterinary,Region,Northeast,23783,1141607.52,0.96
zoetis_vet_internal,2025-06,2025-Q2,Pain/Osteoarthritis,OsteoEase Vet,PAN-OSTEOEASE--L,Veterinary,Region,Northeast,14763,605263.67,0.96
zoetis_vet_internal,2025-06,2025-Q2,Pain/Osteoarthritis,OsteoEase Vet,PAN-OSTEOEASE--S,Veterinary,Region,Northeast,20028,821157.99,0.96
zoetis_vet_internal,2025-06,2025-Q2,Pain/Osteoarthritis,PainAway Canine,PAN-PAINAWAY-C-L,Veterinary,Region,Northeast,13432,496982.86,0.96
zoetis_vet_internal,2025-06,2025-Q2,Pain/Osteoarthritis,PainAway Canine,PAN-PAINAWAY-C-S,Veterinary,Region,Northeast,17882,661635.17,0.96
zoetis_vet_internal,2025-06,2025-Q2,Petcare Diagnostics,PetLab Analyzer,DIA-PETLAB-ANA-L,Veterinary,Region,Northeast,32532,487979.74,0.96
zoetis_vet_internal,2025-06,2025-Q2,Petcare Diagnostics,PetLab Analyzer,DIA-PETLAB-ANA-S,Veterinary,Region,Northeast,46034,690512.11,0.96
zoetis_vet_internal,2025-06,2025-Q2,Petcare Diagnostics,RapidVet Dx,DIA-RAPIDVET-D-L,Veterinary,Region,Northeast,53288,852605.45,0.96
zoetis_vet_internal,2025-06,2025-Q2,Parasiticides,Simparica Trio,PAR-SIMPARICA--L,Veterinary,Region,Northeast,66312,1856725.46,0.96
zoetis_vet_internal,2025-06,2025-Q2,Parasiticides,Simparica Trio,PAR-SIMPARICA--S,Veterinary,Region,Northeast,88956,2490772.44,0.96
zoetis_vet_internal,2025-06,2025-Q2,Dermatology,SkinRelief Pro,DRM-SKINRELIEF-L,Veterinary,Region,Northeast,17241,844791.9,0.96
zoetis_vet_internal,2025-06,2025-Q2,Dermatology,SkinRelief Pro,DRM-SKINRELIEF-S,Veterinary,Region,Northeast,23550,1153962.92,0.96
zoetis_vet_internal,2025-06,2025-Q2,Parasiticides,TickShield Plus,PAR-TICKSHIELD-L,Veterinary,Region,Northeast,34214,821133.29,0.96
zoetis_vet_internal,2025-06,2025-Q2,Parasiticides,TickShield Plus,PAR-TICKSHIELD-S,Veterinary,Region,Northeast,47963,1151121.79,0.96
zoetis_vet_internal,2025-06,2025-Q2,Vaccines,Vanguard,VAC-VANGUARD-L,Veterinary,Region,Northeast,61500,1353009.97,0.96
zoetis_vet_internal,2025-06,2025-Q2,Vaccines,Vanguard,VAC-VANGUARD-S,Veterinary,Region,Northeast,86081,1893779.29,0.96
zoetis_vet_internal,2025-06,2025-Q2,Parasiticides,VectraGuard,PAR-VECTRAGUAR-L,Veterinary,Region,Northeast,43623,1134190.43,0.96
zoetis_vet_internal,2025-06,2025-Q2,Parasiticides,VectraGuard,PAR-VECTRAGUAR-S,Veterinary,Region,Northeast,58946,1532596.12,0.96
zoetis_vet_internal,2025-06,2025-Q2,Vaccines,VetGuard Immunize,VAC-VETGUARD-I-L,Veterinary,Region,Northeast,38116,724209.65,0.96
zoetis_vet_internal,2025-06,2025-Q2,Vaccines,VetGuard Immunize,VAC-VETGUARD-I-S,Veterinary,Region,Northeast,52090,989704.61,0.96
zoetis_vet_internal,2025-06,2025-Q2,Vaccines,VetSelect Core Vax,VAC-VETSELECT--L,Veterinary,Region,Northeast,35746,500446.3,0.96
zoetis_vet_internal,2025-06,2025-Q2,Vaccines,VetSelect Core Vax,VAC-VETSELECT--S,Veterinary,Region,Northeast,49529,693406.74,0.96
zoetis_vet_internal,2025-06,2025-Q2,Dermatology,VetSelect Derma,DRM-VETSELECT--L,Veterinary,Region,Northeast,14569,553634.54,0.96
zoetis_vet_internal,2025-06,2025-Q2,Dermatology,VetSelect Derma,DRM-VETSELECT--S,Veterinary,Region,Northeast,20035,761331.5,0.96
zoetis_vet_internal,2025-06,2025-Q2,Petcare Diagnostics,VetSelect Dx,DIA-VETSELECT--L,Veterinary,Region,Northeast,25138,301658.67,0.96
zoetis_vet_internal,2025-06,2025-Q2,Petcare Diagnostics,VetSelect Dx,DIA-VETSELECT--S,Veterinary,Region,Northeast,34400,412799.63,0.96
zoetis_vet_internal,2025-06,2025-Q2,Parasiticides,VetSelect Flea & Tick,PAR-VETSELECT--L,Veterinary,Region,Northeast,29092,494571.86,0.96
zoetis_vet_internal,2025-06,2025-Q2,Parasiticides,VetSelect Flea & Tick,PAR-VETSELECT--S,Veterinary,Region,Northeast,38989,662805.5,0.96
zoetis_vet_internal,2025-06,2025-Q2,Pain/Osteoarthritis,VetSelect Joint,PAN-VETSELECT--L,Veterinary,Region,Northeast,11950,346537.35,0.96
zoetis_vet_internal,2025-06,2025-Q2,Pain/Osteoarthritis,VetSelect Joint,PAN-VETSELECT--S,Veterinary,Region,Northeast,17298,501651.74,0.96
zoetis_vet_internal,2025-06,2025-Q2,Petcare Diagnostics,Vetscan,DIA-VETSCAN-L,Veterinary,Region,Northeast,67925,1222657.92,0.96
zoetis_vet_internal,2025-06,2025-Q2,Petcare Diagnostics,Vetscan,DIA-VETSCAN-S,Veterinary,Region,Northeast,91730,1651143.1,0.96
zoetis_vet_internal,2025-06,2025-Q2,Dermatology,AllerVet RX,DRM-ALLERVET-R-L,Veterinary,Region,South,29889,1614031.9,0.96
zoetis_vet_internal,2025-06,2025-Q2,Dermatology,AllerVet RX,DRM-ALLERVET-R-S,Veterinary,Region,South,42395,2289305.82,0.96
zoetis_vet_internal,2025-06,2025-Q2,Dermatology,Apoquel,DRM-APOQUEL-L,Veterinary,Region,South,53238,3460465.85,0.96
zoetis_vet_internal,2025-06,2025-Q2,Dermatology,Apoquel,DRM-APOQUEL-S,Veterinary,Region,South,72273,4697737.5,0.96
zoetis_vet_internal,2025-06,2025-Q2,Vaccines,BioShield Vax,VAC-BIOSHIELD--L,Veterinary,Region,South,65772,1315440.8,0.96
zoetis_vet_internal,2025-06,2025-Q2,Vaccines,BioShield Vax,VAC-BIOSHIELD--S,Veterinary,Region,South,87688,1753754.02,0.96
zoetis_vet_internal,2025-06,2025-Q2,Dermatology,DermaCalm,DRM-DERMACALM-L,Veterinary,Region,South,31179,1808386.25,0.96
zoetis_vet_internal,2025-06,2025-Q2,Dermatology,DermaCalm,DRM-DERMACALM-S,Veterinary,Region,South,43440,2519544.21,0.96
zoetis_vet_internal,2025-06,2025-Q2,Petcare Diagnostics,DiagnosTech Vet,DIA-DIAGNOSTEC-L,Veterinary,Region,South,89271,1517606.18,0.96
zoetis_vet_internal,2025-06,2025-Q2,Petcare Diagnostics,DiagnosTech Vet,DIA-DIAGNOSTEC-S,Veterinary,Region,South,117473,1997032.75,0.96
zoetis_vet_internal,2025-06,2025-Q2,Parasiticides,FleaStop Pro,PAR-FLEASTOP-P-L,Veterinary,Region,South,48008,1008171.88,0.96
zoetis_vet_internal,2025-06,2025-Q2,Parasiticides,FleaStop Pro,PAR-FLEASTOP-P-S,Veterinary,Region,South,65665,1378960.31,0.96
zoetis_vet_internal,2025-06,2025-Q2,Pain/Osteoarthritis,FlexiCare Joint,PAN-FLEXICARE--L,Veterinary,Region,South,25111,1104882.56,0.96
zoetis_vet_internal,2025-06,2025-Q2,Pain/Osteoarthritis,FlexiCare Joint,PAN-FLEXICARE--S,Veterinary,Region,South,34188,1504275.51,0.96
zoetis_vet_internal,2025-06,2025-Q2,Vaccines,ImmunoCore Canine,VAC-IMMUNOCORE-L,Veterinary,Region,South,86509,1816683.1,0.96
zoetis_vet_internal,2025-06,2025-Q2,Vaccines,ImmunoCore Canine,VAC-IMMUNOCORE-S,Veterinary,Region,South,117207,2461351.14,0.96
zoetis_vet_internal,2025-06,2025-Q2,Pain/Osteoarthritis,Librela,PAN-LIBRELA-L,Veterinary,Region,South,25555,1226642.07,0.96
zoetis_vet_internal,2025-06,2025-Q2,Pain/Osteoarthritis,Librela,PAN-LIBRELA-S,Veterinary,Region,South,35883,1722382.71,0.96
zoetis_vet_internal,2025-06,2025-Q2,Pain/Osteoarthritis,OsteoEase Vet,PAN-OSTEOEASE--L,Veterinary,Region,South,21987,901480.12,0.96
zoetis_vet_internal,2025-06,2025-Q2,Pain/Osteoarthritis,OsteoEase Vet,PAN-OSTEOEASE--S,Veterinary,Region,South,29955,1228158.31,0.96
zoetis_vet_internal,2025-06,2025-Q2,Pain/Osteoarthritis,PainAway Canine,PAN-PAINAWAY-C-L,Veterinary,Region,South,20389,754384.11,0.96
zoetis_vet_internal,2025-06,2025-Q2,Pain/Osteoarthritis,PainAway Canine,PAN-PAINAWAY-C-S,Veterinary,Region,South,27698,1024840.97,0.96
zoetis_vet_internal,2025-06,2025-Q2,Petcare Diagnostics,PetLab Analyzer,DIA-PETLAB-ANA-L,Veterinary,Region,South,50405,756068.81,0.96
zoetis_vet_internal,2025-06,2025-Q2,Petcare Diagnostics,PetLab Analyzer,DIA-PETLAB-ANA-S,Veterinary,Region,South,67512,1012678.34,0.96
zoetis_vet_internal,2025-06,2025-Q2,Petcare Diagnostics,RapidVet Dx,DIA-RAPIDVET-D-L,Veterinary,Region,South,78500,1256006.74,0.96
zoetis_vet_internal,2025-06,2025-Q2,Petcare Diagnostics,RapidVet Dx,DIA-RAPIDVET-D-S,Veterinary,Region,South,110740,1771843.23,0.96
zoetis_vet_internal,2025-06,2025-Q2,Parasiticides,Simparica Trio,PAR-SIMPARICA--L,Veterinary,Region,South,97154,2720309.27,0.96
zoetis_vet_internal,2025-06,2025-Q2,Parasiticides,Simparica Trio,PAR-SIMPARICA--S,Veterinary,Region,South,135294,3788225.25,0.96
zoetis_vet_internal,2025-06,2025-Q2,Dermatology,SkinRelief Pro,DRM-SKINRELIEF-L,Veterinary,Region,South,27831,1363710.56,0.96
zoetis_vet_internal,2025-06,2025-Q2,Dermatology,SkinRelief Pro,DRM-SKINRELIEF-S,Veterinary,Region,South,38606,1891685.47,0.96
zoetis_vet_internal,2025-06,2025-Q2,Parasiticides,TickShield Plus,PAR-TICKSHIELD-L,Veterinary,Region,South,52867,1268797.49,0.96
zoetis_vet_internal,2025-06,2025-Q2,Parasiticides,TickShield Plus,PAR-TICKSHIELD-S,Veterinary,Region,South,72364,1736729.92,0.96
zoetis_vet_internal,2025-06,2025-Q2,Vaccines,Vanguard,VAC-VANGUARD-L,Veterinary,Region,South,104731,2304076.44,0.96
zoetis_vet_internal,2025-06,2025-Q2,Vaccines,Vanguard,VAC-VANGUARD-S,Veterinary,Region,South,135214,2974707.25,0.96
zoetis_vet_internal,2025-06,2025-Q2,Parasiticides,VectraGuard,PAR-VECTRAGUAR-L,Veterinary,Region,South,59582,1549119.67,0.96
zoetis_vet_internal,2025-06,2025-Q2,Parasiticides,VectraGuard,PAR-VECTRAGUAR-S,Veterinary,Region,South,88668,2305363.47,0.96
zoetis_vet_internal,2025-06,2025-Q2,Vaccines,VetGuard Immunize,VAC-VETGUARD-I-L,Veterinary,Region,South,59243,1125616.8,0.96
zoetis_vet_internal,2025-06,2025-Q2,Vaccines,VetGuard Immunize,VAC-VETGUARD-I-S,Veterinary,Region,South,82830,1573767.98,0.96
zoetis_vet_internal,2025-06,2025-Q2,Vaccines,VetSelect Core Vax,VAC-VETSELECT--L,Veterinary,Region,South,54428,761993.7,0.96
zoetis_vet_internal,2025-06,2025-Q2,Vaccines,VetSelect Core Vax,VAC-VETSELECT--S,Veterinary,Region,South,76829,1075611.08,0.96
zoetis_vet_internal,2025-06,2025-Q2,Dermatology,VetSelect Derma,DRM-VETSELECT--L,Veterinary,Region,South,23354,887463.15,0.96
zoetis_vet_internal,2025-06,2025-Q2,Dermatology,VetSelect Derma,DRM-VETSELECT--S,Veterinary,Region,South,32104,1219939.83,0.96
zoetis_vet_internal,2025-06,2025-Q2,Petcare Diagnostics,VetSelect Dx,DIA-VETSELECT--L,Veterinary,Region,South,36540,438474.94,0.96
zoetis_vet_internal,2025-06,2025-Q2,Petcare Diagnostics,VetSelect Dx,DIA-VETSELECT--S,Veterinary,Region,South,48469,581622.69,0.96
zoetis_vet_internal,2025-06,2025-Q2,Parasiticides,VetSelect Flea & Tick,PAR-VETSELECT--L,Veterinary,Region,South,44433,755353.86,0.96
zoetis_vet_internal,2025-06,2025-Q2,Parasiticides,VetSelect Flea & Tick,PAR-VETSELECT--S,Veterinary,Region,South,59939,1018967.52,0.96
zoetis_vet_internal,2025-06,2025-Q2,Pain/Osteoarthritis,VetSelect Joint,PAN-VETSELECT--L,Veterinary,Region,South,18361,532477.82,0.96
zoetis_vet_internal,2025-06,2025-Q2,Pain/Osteoarthritis,VetSelect Joint,PAN-VETSELECT--S,Veterinary,Region,South,26100,756895.75,0.96
zoetis_vet_internal,2025-06,2025-Q2,Petcare Diagnostics,Vetscan,DIA-VETSCAN-L,Veterinary,Region,South,99889,1798004.34,0.96
zoetis_vet_internal,2025-06,2025-Q2,Petcare Diagnostics,Vetscan,DIA-VETSCAN-S,Veterinary,Region,South,140631,2531361.56,0.96
zoetis_vet_internal,2025-06,2025-Q2,Dermatology,AllerVet RX,DRM-ALLERVET-R-L,Veterinary,Region,West,19174,1035403.02,0.96
zoetis_vet_internal,2025-06,2025-Q2,Dermatology,AllerVet RX,DRM-ALLERVET-R-S,Veterinary,Region,West,25805,1393481.94,0.96
zoetis_vet_internal,2025-06,2025-Q2,Dermatology,Apoquel,DRM-APOQUEL-L,Veterinary,Region,West,34389,2235296.69,0.96
zoetis_vet_internal,2025-06,2025-Q2,Dermatology,Apoquel,DRM-APOQUEL-S,Veterinary,Region,West,48007,3120447.52,0.96
zoetis_vet_internal,2025-06,2025-Q2,Vaccines,BioShield Vax,VAC-BIOSHIELD--L,Veterinary,Region,West,47874,957478.78,0.96
zoetis_vet_internal,2025-06,2025-Q2,Vaccines,BioShield Vax,VAC-BIOSHIELD--S,Veterinary,Region,West,63067,1261339.99,0.96
zoetis_vet_internal,2025-06,2025-Q2,Dermatology,DermaCalm,DRM-DERMACALM-L,Veterinary,Region,West,21684,1257668.35,0.96
zoetis_vet_internal,2025-06,2025-Q2,Dermatology,DermaCalm,DRM-DERMACALM-S,Veterinary,Region,West,29158,1691170.28,0.96
zoetis_vet_internal,2025-06,2025-Q2,Petcare Diagnostics,DiagnosTech Vet,DIA-DIAGNOSTEC-L,Veterinary,Region,West,54274,922658.53,0.96
zoetis_vet_internal,2025-06,2025-Q2,Petcare Diagnostics,DiagnosTech Vet,DIA-DIAGNOSTEC-S,Veterinary,Region,West,78400,1332794.93,0.96
zoetis_vet_internal,2025-06,2025-Q2,Parasiticides,FleaStop Pro,PAR-FLEASTOP-P-L,Veterinary,Region,West,31607,663754.17,0.96
zoetis_vet_internal,2025-06,2025-Q2,Parasiticides,FleaStop Pro,PAR-FLEASTOP-P-S,Veterinary,Region,West,43524,914007.95,0.96
zoetis_vet_internal,2025-06,2025-Q2,Pain/Osteoarthritis,FlexiCare Joint,PAN-FLEXICARE--L,Veterinary,Region,West,15981,703160.89,0.96
zoetis_vet_internal,2025-06,2025-Q2,Pain/Osteoarthritis,FlexiCare Joint,PAN-FLEXICARE--S,Veterinary,Region,West,21976,966963.57,0.96
zoetis_vet_internal,2025-06,2025-Q2,Vaccines,ImmunoCore Canine,VAC-IMMUNOCORE-L,Veterinary,Region,West,59294,1245181.17,0.96
zoetis_vet_internal,2025-06,2025-Q2,Vaccines,ImmunoCore Canine,VAC-IMMUNOCORE-S,Veterinary,Region,West,82775,1738264.67,0.96
zoetis_vet_internal,2025-06,2025-Q2,Pain/Osteoarthritis,Librela,PAN-LIBRELA-L,Veterinary,Region,West,20014,960656.53,0.96
zoetis_vet_internal,2025-06,2025-Q2,Pain/Osteoarthritis,Librela,PAN-LIBRELA-S,Veterinary,Region,West,27659,1327610.28,0.96
zoetis_vet_internal,2025-06,2025-Q2,Pain/Osteoarthritis,OsteoEase Vet,PAN-OSTEOEASE--L,Veterinary,Region,West,15892,651560.63,0.96
zoetis_vet_internal,2025-06,2025-Q2,Pain/Osteoarthritis,OsteoEase Vet,PAN-OSTEOEASE--S,Veterinary,Region,West,22411,918848.96,0.96
zoetis_vet_internal,2025-06,2025-Q2,Pain/Osteoarthritis,PainAway Canine,PAN-PAINAWAY-C-L,Veterinary,Region,West,13548,501281.69,0.96
zoetis_vet_internal,2025-06,2025-Q2,Pain/Osteoarthritis,PainAway Canine,PAN-PAINAWAY-C-S,Veterinary,Region,West,18511,684890.41,0.96
zoetis_vet_internal,2025-06,2025-Q2,Petcare Diagnostics,PetLab Analyzer,DIA-PETLAB-ANA-L,Veterinary,Region,West,35328,529919.56,0.96
zoetis_vet_internal,2025-06,2025-Q2,Petcare Diagnostics,PetLab Analyzer,DIA-PETLAB-ANA-S,Veterinary,Region,West,48197,722959.99,0.96
zoetis_vet_internal,2025-06,2025-Q2,Petcare Diagnostics,RapidVet Dx,DIA-RAPIDVET-D-L,Veterinary,Region,West,54328,869244.25,0.96
zoetis_vet_internal,2025-06,2025-Q2,Petcare Diagnostics,RapidVet Dx,DIA-RAPIDVET-D-S,Veterinary,Region,West,72914,1166618.83,0.96
zoetis_vet_internal,2025-06,2025-Q2,Parasiticides,Simparica Trio,PAR-SIMPARICA--L,Veterinary,Region,West,68474,1917261.93,0.96
zoetis_vet_internal,2025-06,2025-Q2,Parasiticides,Simparica Trio,PAR-SIMPARICA--S,Veterinary,Region,West,94740,2652733.36,0.96
zoetis_vet_internal,2025-06,2025-Q2,Dermatology,SkinRelief Pro,DRM-SKINRELIEF-L,Veterinary,Region,West,16791,822746.03,0.96
zoetis_vet_internal,2025-06,2025-Q2,Dermatology,SkinRelief Pro,DRM-SKINRELIEF-S,Veterinary,Region,West,22724,1113498.5,0.96
zoetis_vet_internal,2025-06,2025-Q2,Parasiticides,TickShield Plus,PAR-TICKSHIELD-L,Veterinary,Region,West,33610,806647.05,0.96
zoetis_vet_internal,2025-06,2025-Q2,Parasiticides,TickShield Plus,PAR-TICKSHIELD-S,Veterinary,Region,West,48917,1173999.0,0.96
zoetis_vet_internal,2025-06,2025-Q2,Vaccines,Vanguard,VAC-VANGUARD-L,Veterinary,Region,West,67124,1476735.59,0.96
zoetis_vet_internal,2025-06,2025-Q2,Vaccines,Vanguard,VAC-VANGUARD-S,Veterinary,Region,West,91480,2012550.65,0.96
zoetis_vet_internal,2025-06,2025-Q2,Parasiticides,VectraGuard,PAR-VECTRAGUAR-L,Veterinary,Region,West,43790,1138538.1,0.96
zoetis_vet_internal,2025-06,2025-Q2,Parasiticides,VectraGuard,PAR-VECTRAGUAR-S,Veterinary,Region,West,57887,1505057.66,0.96
zoetis_vet_internal,2025-06,2025-Q2,Vaccines,VetGuard Immunize,VAC-VETGUARD-I-L,Veterinary,Region,West,39705,754401.05,0.96
zoetis_vet_internal,2025-06,2025-Q2,Vaccines,VetGuard Immunize,VAC-VETGUARD-I-S,Veterinary,Region,West,58432,1110205.54,0.96
zoetis_vet_internal,2025-06,2025-Q2,Vaccines,VetSelect Core Vax,VAC-VETSELECT--L,Veterinary,Region,West,39072,547003.62,0.96
zoetis_vet_internal,2025-06,2025-Q2,Vaccines,VetSelect Core Vax,VAC-VETSELECT--S,Veterinary,Region,West,52226,731167.69,0.96
zoetis_vet_internal,2025-06,2025-Q2,Dermatology,VetSelect Derma,DRM-VETSELECT--L,Veterinary,Region,West,15479,588209.4,0.96
zoetis_vet_internal,2025-06,2025-Q2,Dermatology,VetSelect Derma,DRM-VETSELECT--S,Veterinary,Region,West,21086,801251.21,0.96
zoetis_vet_internal,2025-06,2025-Q2,Petcare Diagnostics,VetSelect Dx,DIA-VETSELECT--L,Veterinary,Region,West,25498,305970.77,0.96
zoetis_vet_internal,2025-06,2025-Q2,Petcare Diagnostics,VetSelect Dx,DIA-VETSELECT--S,Veterinary,Region,West,36599,439193.35,0.96
zoetis_vet_internal,2025-06,2025-Q2,Parasiticides,VetSelect Flea & Tick,PAR-VETSELECT--L,Veterinary,Region,West,30495,518414.58,0.96
zoetis_vet_internal,2025-06,2025-Q2,Parasiticides,VetSelect Flea & Tick,PAR-VETSELECT--S,Veterinary,Region,West,42645,724962.16,0.96
zoetis_vet_internal,2025-06,2025-Q2,Pain/Osteoarthritis,VetSelect Joint,PAN-VETSELECT--L,Veterinary,Region,West,12760,370048.02,0.96
zoetis_vet_internal,2025-06,2025-Q2,Pain/Osteoarthritis,VetSelect Joint,PAN-VETSELECT--S,Veterinary,Region,West,18634,540393.17,0.96
zoetis_vet_internal,2025-06,2025-Q2,Petcare Diagnostics,Vetscan,DIA-VETSCAN-L,Veterinary,Region,West,66251,1192521.26,0.96
zoetis_vet_internal,2025-06,2025-Q2,Petcare Diagnostics,Vetscan,DIA-VETSCAN-S,Veterinary,Region,West,90895,1636112.54,0.96
zoetis_vet_internal,2025-07,2025-Q3,Dermatology,AllerVet RX,DRM-ALLERVET-R-L,Veterinary,National,National,91718,4952747.94,0.96
zoetis_vet_internal,2025-07,2025-Q3,Dermatology,AllerVet RX,DRM-ALLERVET-R-S,Veterinary,National,National,129689,7003260.41,0.96
zoetis_vet_internal,2025-07,2025-Q3,Dermatology,Apoquel,DRM-APOQUEL-L,Veterinary,National,National,166639,10831480.34,0.96
zoetis_vet_internal,2025-07,2025-Q3,Dermatology,Apoquel,DRM-APOQUEL-S,Veterinary,National,National,229448,14914140.93,0.96
zoetis_vet_internal,2025-07,2025-Q3,Vaccines,BioShield Vax,VAC-BIOSHIELD--L,Veterinary,National,National,185670,3713400.8,0.96
zoetis_vet_internal,2025-07,2025-Q3,Vaccines,BioShield Vax,VAC-BIOSHIELD--S,Veterinary,National,National,265159,5303189.09,0.96
zoetis_vet_internal,2025-07,2025-Q3,Dermatology,DermaCalm,DRM-DERMACALM-L,Veterinary,National,National,97327,5644956.75,0.96
zoetis_vet_internal,2025-07,2025-Q3,Dermatology,DermaCalm,DRM-DERMACALM-S,Veterinary,National,National,133959,7769651.25,0.96
zoetis_vet_internal,2025-07,2025-Q3,Petcare Diagnostics,DiagnosTech Vet,DIA-DIAGNOSTEC-L,Veterinary,National,National,251956,4283245.83,0.96
zoetis_vet_internal,2025-07,2025-Q3,Petcare Diagnostics,DiagnosTech Vet,DIA-DIAGNOSTEC-S,Veterinary,National,National,343515,5839753.59,0.96
zoetis_vet_internal,2025-07,2025-Q3,Parasiticides,FleaStop Pro,PAR-FLEASTOP-P-L,Veterinary,National,National,134379,2821950.35,0.96
zoetis_vet_internal,2025-07,2025-Q3,Parasiticides,FleaStop Pro,PAR-FLEASTOP-P-S,Veterinary,National,National,181767,3817110.03,0.96
zoetis_vet_internal,2025-07,2025-Q3,Pain/Osteoarthritis,FlexiCare Joint,PAN-FLEXICARE--L,Veterinary,National,National,64663,2845165.77,0.96
zoetis_vet_internal,2025-07,2025-Q3,Pain/Osteoarthritis,FlexiCare Joint,PAN-FLEXICARE--S,Veterinary,National,National,87886,3866947.47,0.96
zoetis_vet_internal,2025-07,2025-Q3,Vaccines,ImmunoCore Canine,VAC-IMMUNOCORE-L,Veterinary,National,National,242839,5099625.65,0.96
zoetis_vet_internal,2025-07,2025-Q3,Vaccines,ImmunoCore Canine,VAC-IMMUNOCORE-S,Veterinary,National,National,327055,6868164.25,0.96
zoetis_vet_internal,2025-07,2025-Q3,Pain/Osteoarthritis,Librela,PAN-LIBRELA-L,Veterinary,National,National,75921,3644198.34,0.96
zoetis_vet_internal,2025-07,2025-Q3,Pain/Osteoarthritis,Librela,PAN-LIBRELA-S,Veterinary,National,National,107007,5136317.85,0.96
zoetis_vet_internal,2025-07,2025-Q3,Pain/Osteoarthritis,OsteoEase Vet,PAN-OSTEOEASE--L,Veterinary,National,National,62121,2546931.87,0.96
zoetis_vet_internal,2025-07,2025-Q3,Pain/Osteoarthritis,OsteoEase Vet,PAN-OSTEOEASE--S,Veterinary,National,National,86047,3527900.35,0.96
zoetis_vet_internal,2025-07,2025-Q3,Pain/Osteoarthritis,PainAway Canine,PAN-PAINAWAY-C-L,Veterinary,National,National,55322,2046955.26,0.96
zoetis_vet_internal,2025-07,2025-Q3,Pain/Osteoarthritis,PainAway Canine,PAN-PAINAWAY-C-S,Veterinary,National,National,77417,2864414.37,0.96
zoetis_vet_internal,2025-07,2025-Q3,Petcare Diagnostics,PetLab Analyzer,DIA-PETLAB-ANA-L,Veterinary,National,National,146426,2196378.47,0.96
zoetis_vet_internal,2025-07,2025-Q3,Petcare Diagnostics,PetLab Analyzer,DIA-PETLAB-ANA-S,Veterinary,National,National,200477,3007149.7,0.96
zoetis_vet_internal,2025-07,2025-Q3,Petcare Diagnostics,RapidVet Dx,DIA-RAPIDVET-D-L,Veterinary,National,National,232359,3717748.81,0.96
zoetis_vet_internal,2025-07,2025-Q3,Petcare Diagnostics,RapidVet Dx,DIA-RAPIDVET-D-S,Veterinary,National,National,319186,5106968.44,0.96
zoetis_vet_internal,2025-07,2025-Q3,Parasiticides,Simparica Trio,PAR-SIMPARICA--L,Veterinary,National,National,288794,8086197.04,0.96
zoetis_vet_internal,2025-07,2025-Q3,Parasiticides,Simparica Trio,PAR-SIMPARICA--S,Veterinary,National,National,398613,11161139.74,0.96
zoetis_vet_internal,2025-07,2025-Q3,Dermatology,SkinRelief Pro,DRM-SKINRELIEF-L,Veterinary,National,National,78191,3831368.13,0.96
zoetis_vet_internal,2025-07,2025-Q3,Dermatology,SkinRelief Pro,DRM-SKINRELIEF-S,Veterinary,National,National,108540,5318460.89,0.96
zoetis_vet_internal,2025-07,2025-Q3,Parasiticides,TickShield Plus,PAR-TICKSHIELD-L,Veterinary,National,National,147686,3544431.09,0.96
zoetis_vet_internal,2025-07,2025-Q3,Parasiticides,TickShield Plus,PAR-TICKSHIELD-S,Veterinary,National,National,198665,4767966.66,0.96
zoetis_vet_internal,2025-07,2025-Q3,Vaccines,Vanguard,VAC-VANGUARD-L,Veterinary,National,National,288276,6342081.33,0.96
zoetis_vet_internal,2025-07,2025-Q3,Vaccines,Vanguard,VAC-VANGUARD-S,Veterinary,National,National,399311,8784847.32,0.96
zoetis_vet_internal,2025-07,2025-Q3,Parasiticides,VectraGuard,PAR-VECTRAGUAR-L,Veterinary,National,National,190395,4950281.89,0.96
zoetis_vet_internal,2025-07,2025-Q3,Parasiticides,VectraGuard,PAR-VECTRAGUAR-S,Veterinary,National,National,263061,6839598.09,0.96
zoetis_vet_internal,2025-07,2025-Q3,Vaccines,VetGuard Immunize,VAC-VETGUARD-I-L,Veterinary,National,National,173435,3295255.37,0.96
zoetis_vet_internal,2025-07,2025-Q3,Vaccines,VetGuard Immunize,VAC-VETGUARD-I-S,Veterinary,National,National,239948,4558993.53,0.96
zoetis_vet_internal,2025-07,2025-Q3,Vaccines,VetSelect Core Vax,VAC-VETSELECT--L,Veterinary,National,National,155170,2172369.89,0.96
zoetis_vet_internal,2025-07,2025-Q3,Vaccines,VetSelect Core Vax,VAC-VETSELECT--S,Veterinary,National,National,214720,3006083.02,0.96
zoetis_vet_internal,2025-07,2025-Q3,Dermatology,VetSelect Derma,DRM-VETSELECT--L,Veterinary,National,National,66505,2527191.32,0.96
zoetis_vet_internal,2025-07,2025-Q3,Dermatology,VetSelect Derma,DRM-VETSELECT--S,Veterinary,National,National,90883,3453510.44,0.96
zoetis_vet_internal,2025-07,2025-Q3,Petcare Diagnostics,VetSelect Dx,DIA-VETSELECT--L,Veterinary,National,National,116607,1399282.32,0.96
zoetis_vet_internal,2025-07,2025-Q3,Petcare Diagnostics,VetSelect Dx,DIA-VETSELECT--S,Veterinary,National,National,160714,1928574.7,0.96
zoetis_vet_internal,2025-07,2025-Q3,Parasiticides,VetSelect Flea & Tick,PAR-VETSELECT--L,Veterinary,National,National,125639,2135863.43,0.96
zoetis_vet_internal,2025-07,2025-Q3,Parasiticides,VetSelect Flea & Tick,PAR-VETSELECT--S,Veterinary,National,National,178891,3041141.46,0.96
zoetis_vet_internal,2025-07,2025-Q3,Pain/Osteoarthritis,VetSelect Joint,PAN-VETSELECT--L,Veterinary,National,National,52449,1521038.98,0.96
zoetis_vet_internal,2025-07,2025-Q3,Pain/Osteoarthritis,VetSelect Joint,PAN-VETSELECT--S,Veterinary,National,National,72949,2115527.07,0.96
zoetis_vet_internal,2025-07,2025-Q3,Petcare Diagnostics,Vetscan,DIA-VETSCAN-L,Veterinary,National,National,300242,5404362.96,0.96
zoetis_vet_internal,2025-07,2025-Q3,Petcare Diagnostics,Vetscan,DIA-VETSCAN-S,Veterinary,National,National,412080,7417456.28,0.96
zoetis_vet_internal,2025-07,2025-Q3,Dermatology,AllerVet RX,DRM-ALLERVET-R-L,Veterinary,Region,Midwest,18425,994924.54,0.96
zoetis_vet_internal,2025-07,2025-Q3,Dermatology,AllerVet RX,DRM-ALLERVET-R-S,Veterinary,Region,Midwest,26098,1409312.99,0.96
zoetis_vet_internal,2025-07,2025-Q3,Dermatology,Apoquel,DRM-APOQUEL-L,Veterinary,Region,Midwest,32498,2112345.29,0.96
zoetis_vet_internal,2025-07,2025-Q3,Dermatology,Apoquel,DRM-APOQUEL-S,Veterinary,Region,Midwest,44977,2923535.23,0.96
zoetis_vet_internal,2025-07,2025-Q3,Vaccines,BioShield Vax,VAC-BIOSHIELD--L,Veterinary,Region,Midwest,40796,815923.59,0.96
zoetis_vet_internal,2025-07,2025-Q3,Vaccines,BioShield Vax,VAC-BIOSHIELD--S,Veterinary,Region,Midwest,56145,1122896.27,0.96
zoetis_vet_internal,2025-07,2025-Q3,Dermatology,DermaCalm,DRM-DERMACALM-L,Veterinary,Region,Midwest,20369,1181419.48,0.96
zoetis_vet_internal,2025-07,2025-Q3,Dermatology,DermaCalm,DRM-DERMACALM-S,Veterinary,Region,Midwest,28646,1661449.63,0.96
zoetis_vet_internal,2025-07,2025-Q3,Petcare Diagnostics,DiagnosTech Vet,DIA-DIAGNOSTEC-L,Veterinary,Region,Midwest,54325,923518.38,0.96
zoetis_vet_internal,2025-07,2025-Q3,Petcare Diagnostics,DiagnosTech Vet,DIA-DIAGNOSTEC-S,Veterinary,Region,Midwest,71011,1207188.08,0.96
zoetis_vet_internal,2025-07,2025-Q3,Parasiticides,FleaStop Pro,PAR-FLEASTOP-P-L,Veterinary,Region,Midwest,28776,604292.17,0.96
zoetis_vet_internal,2025-07,2025-Q3,Parasiticides,FleaStop Pro,PAR-FLEASTOP-P-S,Veterinary,Region,Midwest,38415,806712.59,0.96
zoetis_vet_internal,2025-07,2025-Q3,Pain/Osteoarthritis,FlexiCare Joint,PAN-FLEXICARE--L,Veterinary,Region,Midwest,13605,598633.64,0.96
zoetis_vet_internal,2025-07,2025-Q3,Pain/Osteoarthritis,FlexiCare Joint,PAN-FLEXICARE--S,Veterinary,Region,Midwest,18003,792126.36,0.96
zoetis_vet_internal,2025-07,2025-Q3,Vaccines,ImmunoCore Canine,VAC-IMMUNOCORE-L,Veterinary,Region,Midwest,47791,1003614.78,0.96
zoetis_vet_internal,2025-07,2025-Q3,Vaccines,ImmunoCore Canine,VAC-IMMUNOCORE-S,Veterinary,Region,Midwest,63627,1336176.19,0.96
zoetis_vet_internal,2025-07,2025-Q3,Pain/Osteoarthritis,Librela,PAN-LIBRELA-L,Veterinary,Region,Midwest,16195,777365.87,0.96
zoetis_vet_internal,2025-07,2025-Q3,Pain/Osteoarthritis,Librela,PAN-LIBRELA-S,Veterinary,Region,Midwest,22606,1085080.06,0.96
zoetis_vet_internal,2025-07,2025-Q3,Pain/Osteoarthritis,OsteoEase Vet,PAN-OSTEOEASE--L,Veterinary,Region,Midwest,12922,529796.13,0.96
zoetis_vet_internal,2025-07,2025-Q3,Pain/Osteoarthritis,OsteoEase Vet,PAN-OSTEOEASE--S,Veterinary,Region,Midwest,17594,721357.9,0.96
zoetis_vet_internal,2025-07,2025-Q3,Pain/Osteoarthritis,PainAway Canine,PAN-PAINAWAY-C-L,Veterinary,Region,Midwest,10977,406158.21,0.96
zoetis_vet_internal,2025-07,2025-Q3,Pain/Osteoarthritis,PainAway Canine,PAN-PAINAWAY-C-S,Veterinary,Region,Midwest,15650,579055.57,0.96
zoetis_vet_internal,2025-07,2025-Q3,Petcare Diagnostics,PetLab Analyzer,DIA-PETLAB-ANA-L,Veterinary,Region,Midwest,29476,442132.71,0.96
zoetis_vet_internal,2025-07,2025-Q3,Petcare Diagnostics,PetLab Analyzer,DIA-PETLAB-ANA-S,Veterinary,Region,Midwest,40870,613050.48,0.96
zoetis_vet_internal,2025-07,2025-Q3,Petcare Diagnostics,RapidVet Dx,DIA-RAPIDVET-D-L,Veterinary,Region,Midwest,48066,769062.96,0.96
zoetis_vet_internal,2025-07,2025-Q3,Petcare Diagnostics,RapidVet Dx,DIA-RAPIDVET-D-S,Veterinary,Region,Midwest,63534,1016541.83,0.96
zoetis_vet_internal,2025-07,2025-Q3,Parasiticides,Simparica Trio,PAR-SIMPARICA--L,Veterinary,Region,Midwest,62641,1753937.72,0.96
zoetis_vet_internal,2025-07,2025-Q3,Parasiticides,Simparica Trio,PAR-SIMPARICA--S,Veterinary,Region,Midwest,87726,2456315.42,0.96
zoetis_vet_internal,2025-07,2025-Q3,Dermatology,SkinRelief Pro,DRM-SKINRELIEF-L,Veterinary,Region,Midwest,16642,815481.46,0.96
zoetis_vet_internal,2025-07,2025-Q3,Dermatology,SkinRelief Pro,DRM-SKINRELIEF-S,Veterinary,Region,Midwest,22735,1114034.72,0.96
zoetis_vet_internal,2025-07,2025-Q3,Parasiticides,TickShield Plus,PAR-TICKSHIELD-L,Veterinary,Region,Midwest,30807,739359.58,0.96
zoetis_vet_internal,2025-07,2025-Q3,Parasiticides,TickShield Plus,PAR-TICKSHIELD-S,Veterinary,Region,Midwest,40695,976685.27,0.96
zoetis_vet_internal,2025-07,2025-Q3,Vaccines,Vanguard,VAC-VANGUARD-L,Veterinary,Region,Midwest,60608,1333383.93,0.96
zoetis_vet_internal,2025-07,2025-Q3,Vaccines,Vanguard,VAC-VANGUARD-S,Veterinary,Region,Midwest,87218,1918789.81,0.96
zoetis_vet_internal,2025-07,2025-Q3,Parasiticides,VectraGuard,PAR-VECTRAGUAR-L,Veterinary,Region,Midwest,39333,1022668.53,0.96
zoetis_vet_internal,2025-07,2025-Q3,Parasiticides,VectraGuard,PAR-VECTRAGUAR-S,Veterinary,Region,Midwest,53808,1399003.17,0.96
zoetis_vet_internal,2025-07,2025-Q3,Vaccines,VetGuard Immunize,VAC-VETGUARD-I-L,Veterinary,Region,Midwest,35264,670016.17,0.96
zoetis_vet_internal,2025-07,2025-Q3,Vaccines,VetGuard Immunize,VAC-VETGUARD-I-S,Veterinary,Region,Midwest,49238,935522.44,0.96
zoetis_vet_internal,2025-07,2025-Q3,Vaccines,VetSelect Core Vax,VAC-VETSELECT--L,Veterinary,Region,Midwest,32037,448512.52,0.96
zoetis_vet_internal,2025-07,2025-Q3,Vaccines,VetSelect Core Vax,VAC-VETSELECT--S,Veterinary,Region,Midwest,44216,619020.39,0.96
zoetis_vet_internal,2025-07,2025-Q3,Dermatology,VetSelect Derma,DRM-VETSELECT--L,Veterinary,Region,Midwest,13198,501517.38,0.96
zoetis_vet_internal,2025-07,2025-Q3,Dermatology,VetSelect Derma,DRM-VETSELECT--S,Veterinary,Region,Midwest,19436,738549.09,0.96
zoetis_vet_internal,2025-07,2025-Q3,Petcare Diagnostics,VetSelect Dx,DIA-VETSELECT--L,Veterinary,Region,Midwest,23490,281878.26,0.96
zoetis_vet_internal,2025-07,2025-Q3,Petcare Diagnostics,VetSelect Dx,DIA-VETSELECT--S,Veterinary,Region,Midwest,33292,399505.72,0.96
zoetis_vet_internal,2025-07,2025-Q3,Parasiticides,VetSelect Flea & Tick,PAR-VETSELECT--L,Veterinary,Region,Midwest,27377,465401.59,0.96
zoetis_vet_internal,2025-07,2025-Q3,Parasiticides,VetSelect Flea & Tick,PAR-VETSELECT--S,Veterinary,Region,Midwest,39945,679056.92,0.96
zoetis_vet_internal,2025-07,2025-Q3,Pain/Osteoarthritis,VetSelect Joint,PAN-VETSELECT--L,Veterinary,Region,Midwest,10853,314725.22,0.96
zoetis_vet_internal,2025-07,2025-Q3,Pain/Osteoarthritis,VetSelect Joint,PAN-VETSELECT--S,Veterinary,Region,Midwest,14629,424244.63,0.96
zoetis_vet_internal,2025-07,2025-Q3,Petcare Diagnostics,Vetscan,DIA-VETSCAN-L,Veterinary,Region,Midwest,65823,1184806.93,0.96
zoetis_vet_internal,2025-07,2025-Q3,Petcare Diagnostics,Vetscan,DIA-VETSCAN-S,Veterinary,Region,Midwest,89233,1606202.75,0.96
zoetis_vet_internal,2025-07,2025-Q3,Dermatology,AllerVet RX,DRM-ALLERVET-R-L,Veterinary,Region,Northeast,20410,1102124.08,0.96
zoetis_vet_internal,2025-07,2025-Q3,Dermatology,AllerVet RX,DRM-ALLERVET-R-S,Veterinary,Region,Northeast,28121,1518557.29,0.96
zoetis_vet_internal,2025-07,2025-Q3,Dermatology,Apoquel,DRM-APOQUEL-L,Veterinary,Region,Northeast,37712,2451267.75,0.96
zoetis_vet_internal,2025-07,2025-Q3,Dermatology,Apoquel,DRM-APOQUEL-S,Veterinary,Region,Northeast,49991,3249409.77,0.96
zoetis_vet_internal,2025-07,2025-Q3,Vaccines,BioShield Vax,VAC-BIOSHIELD--L,Veterinary,Region,Northeast,41245,824899.18,0.96
zoetis_vet_internal,2025-07,2025-Q3,Vaccines,BioShield Vax,VAC-BIOSHIELD--S,Veterinary,Region,Northeast,59106,1182128.79,0.96
zoetis_vet_internal,2025-07,2025-Q3,Dermatology,DermaCalm,DRM-DERMACALM-L,Veterinary,Region,Northeast,21417,1242158.71,0.96
zoetis_vet_internal,2025-07,2025-Q3,Dermatology,DermaCalm,DRM-DERMACALM-S,Veterinary,Region,Northeast,28740,1666941.7,0.96
zoetis_vet_internal,2025-07,2025-Q3,Petcare Diagnostics,DiagnosTech Vet,DIA-DIAGNOSTEC-L,Veterinary,Region,Northeast,55094,936600.3,0.96
zoetis_vet_internal,2025-07,2025-Q3,Petcare Diagnostics,DiagnosTech Vet,DIA-DIAGNOSTEC-S,Veterinary,Region,Northeast,74793,1271474.5,0.96
zoetis_vet_internal,2025-07,2025-Q3,Parasiticides,FleaStop Pro,PAR-FLEASTOP-P-L,Veterinary,Region,Northeast,29180,612774.27,0.96
zoetis_vet_internal,2025-07,2025-Q3,Parasiticides,FleaStop Pro,PAR-FLEASTOP-P-S,Veterinary,Region,Northeast,40903,858970.23,0.96
zoetis_vet_internal,2025-07,2025-Q3,Pain/Osteoarthritis,FlexiCare Joint,PAN-FLEXICARE--L,Veterinary,Region,Northeast,14062,618738.43,0.96
zoetis_vet_internal,2025-07,2025-Q3,Pain/Osteoarthritis,FlexiCare Joint,PAN-FLEXICARE--S,Veterinary,Region,Northeast,19342,851035.07,0.96
zoetis_vet_internal,2025-07,2025-Q3,Vaccines,ImmunoCore Canine,VAC-IMMUNOCORE-L,Veterinary,Region,Northeast,56794,1192676.77,0.96
zoetis_vet_internal,2025-07,2025-Q3,Vaccines,ImmunoCore Canine,VAC-IMMUNOCORE-S,Veterinary,Region,Northeast,74934,1573609.96,0.96
zoetis_vet_internal,2025-07,2025-Q3,Pain/Osteoarthritis,Librela,PAN-LIBRELA-L,Veterinary,Region,Northeast,16706,801894.77,0.96
zoetis_vet_internal,2025-07,2025-Q3,Pain/Osteoarthritis,Librela,PAN-LIBRELA-S,Veterinary,Region,Northeast,23023,1105102.72,0.96
zoetis_vet_internal,2025-07,2025-Q3,Pain/Osteoarthritis,OsteoEase Vet,PAN-OSTEOEASE--L,Veterinary,Region,Northeast,14534,595877.62,0.96
zoetis_vet_internal,2025-07,2025-Q3,Pain/Osteoarthritis,OsteoEase Vet,PAN-OSTEOEASE--S,Veterinary,Region,Northeast,20318,833035.7,0.96
zoetis_vet_internal,2025-07,2025-Q3,Pain/Osteoarthritis,PainAway Canine,PAN-PAINAWAY-C-L,Veterinary,Region,Northeast,12268,453928.05,0.96
zoetis_vet_internal,2025-07,2025-Q3,Pain/Osteoarthritis,PainAway Canine,PAN-PAINAWAY-C-S,Veterinary,Region,Northeast,17034,630245.34,0.96
zoetis_vet_internal,2025-07,2025-Q3,Petcare Diagnostics,PetLab Analyzer,DIA-PETLAB-ANA-L,Veterinary,Region,Northeast,32880,493193.08,0.96
zoetis_vet_internal,2025-07,2025-Q3,Petcare Diagnostics,PetLab Analyzer,DIA-PETLAB-ANA-S,Veterinary,Region,Northeast,44106,661593.09,0.96
zoetis_vet_internal,2025-07,2025-Q3,Petcare Diagnostics,RapidVet Dx,DIA-RAPIDVET-D-L,Veterinary,Region,Northeast,50895,814325.02,0.96
zoetis_vet_internal,2025-07,2025-Q3,Petcare Diagnostics,RapidVet Dx,DIA-RAPIDVET-D-S,Veterinary,Region,Northeast,67129,1074070.49,0.96
zoetis_vet_internal,2025-07,2025-Q3,Parasiticides,Simparica Trio,PAR-SIMPARICA--L,Veterinary,Region,Northeast,64223,1798230.0,0.96
zoetis_vet_internal,2025-07,2025-Q3,Parasiticides,Simparica Trio,PAR-SIMPARICA--S,Veterinary,Region,Northeast,85561,2395713.88,0.96
zoetis_vet_internal,2025-07,2025-Q3,Dermatology,SkinRelief Pro,DRM-SKINRELIEF-L,Veterinary,Region,Northeast,16101,788932.87,0.96
zoetis_vet_internal,2025-07,2025-Q3,Dermatology,SkinRelief Pro,DRM-SKINRELIEF-S,Veterinary,Region,Northeast,22303,1092824.43,0.96
zoetis_vet_internal,2025-07,2025-Q3,Parasiticides,TickShield Plus,PAR-TICKSHIELD-L,Veterinary,Region,Northeast,33086,794055.31,0.96
zoetis_vet_internal,2025-07,2025-Q3,Parasiticides,TickShield Plus,PAR-TICKSHIELD-S,Veterinary,Region,Northeast,44619,1070866.5,0.96
zoetis_vet_internal,2025-07,2025-Q3,Vaccines,Vanguard,VAC-VANGUARD-L,Veterinary,Region,Northeast,61008,1342180.43,0.96
zoetis_vet_internal,2025-07,2025-Q3,Vaccines,Vanguard,VAC-VANGUARD-S,Veterinary,Region,Northeast,85241,1875309.75,0.96
zoetis_vet_internal,2025-07,2025-Q3,Parasiticides,VectraGuard,PAR-VECTRAGUAR-L,Veterinary,Region,Northeast,41964,1091060.61,0.96
zoetis_vet_internal,2025-07,2025-Q3,Parasiticides,VectraGuard,PAR-VECTRAGUAR-S,Veterinary,Region,Northeast,59090,1536345.37,0.96
zoetis_vet_internal,2025-07,2025-Q3,Vaccines,VetGuard Immunize,VAC-VETGUARD-I-L,Veterinary,Region,Northeast,38911,739300.4,0.96
zoetis_vet_internal,2025-07,2025-Q3,Vaccines,VetGuard Immunize,VAC-VETGUARD-I-S,Veterinary,Region,Northeast,54262,1030971.59,0.96
zoetis_vet_internal,2025-07,2025-Q3,Vaccines,VetSelect Core Vax,VAC-VETSELECT--L,Veterinary,Region,Northeast,34823,487518.81,0.96
zoetis_vet_internal,2025-07,2025-Q3,Vaccines,VetSelect Core Vax,VAC-VETSELECT--S,Veterinary,Region,Northeast,49542,693588.31,0.96
zoetis_vet_internal,2025-07,2025-Q3,Dermatology,VetSelect Derma,DRM-VETSELECT--L,Veterinary,Region,Northeast,14224,540521.84,0.96
zoetis_vet_internal,2025-07,2025-Q3,Dermatology,VetSelect Derma,DRM-VETSELECT--S,Veterinary,Region,Northeast,20237,769008.73,0.96
zoetis_vet_internal,2025-07,2025-Q3,Petcare Diagnostics,VetSelect Dx,DIA-VETSELECT--L,Veterinary,Region,Northeast,24339,292065.57,0.96
zoetis_vet_internal,2025-07,2025-Q3,Petcare Diagnostics,VetSelect Dx,DIA-VETSELECT--S,Veterinary,Region,Northeast,35202,422428.96,0.96
zoetis_vet_internal,2025-07,2025-Q3,Parasiticides,VetSelect Flea & Tick,PAR-VETSELECT--L,Veterinary,Region,Northeast,27572,468725.67,0.96
zoetis_vet_internal,2025-07,2025-Q3,Parasiticides,VetSelect Flea & Tick,PAR-VETSELECT--S,Veterinary,Region,Northeast,39114,664932.2,0.96
zoetis_vet_internal,2025-07,2025-Q3,Pain/Osteoarthritis,VetSelect Joint,PAN-VETSELECT--L,Veterinary,Region,Northeast,11974,347260.4,0.96
zoetis_vet_internal,2025-07,2025-Q3,Pain/Osteoarthritis,VetSelect Joint,PAN-VETSELECT--S,Veterinary,Region,Northeast,16197,469717.62,0.96
zoetis_vet_internal,2025-07,2025-Q3,Petcare Diagnostics,Vetscan,DIA-VETSCAN-L,Veterinary,Region,Northeast,69823,1256818.59,0.96
zoetis_vet_internal,2025-07,2025-Q3,Petcare Diagnostics,Vetscan,DIA-VETSCAN-S,Veterinary,Region,Northeast,94020,1692356.8,0.96
zoetis_vet_internal,2025-07,2025-Q3,Dermatology,AllerVet RX,DRM-ALLERVET-R-L,Veterinary,Region,South,31048,1676589.65,0.96
zoetis_vet_internal,2025-07,2025-Q3,Dermatology,AllerVet RX,DRM-ALLERVET-R-S,Veterinary,Region,South,44854,2422125.22,0.96
zoetis_vet_internal,2025-07,2025-Q3,Dermatology,Apoquel,DRM-APOQUEL-L,Veterinary,Region,South,58994,3834603.83,0.96
zoetis_vet_internal,2025-07,2025-Q3,Dermatology,Apoquel,DRM-APOQUEL-S,Veterinary,Region,South,82849,5385198.24,0.96
zoetis_vet_internal,2025-07,2025-Q3,Vaccines,BioShield Vax,VAC-BIOSHIELD--L,Veterinary,Region,South,62626,1252522.5,0.96
zoetis_vet_internal,2025-07,2025-Q3,Vaccines,BioShield Vax,VAC-BIOSHIELD--S,Veterinary,Region,South,90619,1812387.37,0.96
zoetis_vet_internal,2025-07,2025-Q3,Dermatology,DermaCalm,DRM-DERMACALM-L,Veterinary,Region,South,33032,1915876.68,0.96
zoetis_vet_internal,2025-07,2025-Q3,Dermatology,DermaCalm,DRM-DERMACALM-S,Veterinary,Region,South,44926,2605723.28,0.96
zoetis_vet_internal,2025-07,2025-Q3,Petcare Diagnostics,DiagnosTech Vet,DIA-DIAGNOSTEC-L,Veterinary,Region,South,84355,1434032.36,0.96
zoetis_vet_internal,2025-07,2025-Q3,Petcare Diagnostics,DiagnosTech Vet,DIA-DIAGNOSTEC-S,Veterinary,Region,South,116646,1982986.33,0.96
zoetis_vet_internal,2025-07,2025-Q3,Parasiticides,FleaStop Pro,PAR-FLEASTOP-P-L,Veterinary,Region,South,46297,972235.22,0.96
zoetis_vet_internal,2025-07,2025-Q3,Parasiticides,FleaStop Pro,PAR-FLEASTOP-P-S,Veterinary,Region,South,60932,1279563.14,0.96
zoetis_vet_internal,2025-07,2025-Q3,Pain/Osteoarthritis,FlexiCare Joint,PAN-FLEXICARE--L,Veterinary,Region,South,21816,959887.92,0.96
zoetis_vet_internal,2025-07,2025-Q3,Pain/Osteoarthritis,FlexiCare Joint,PAN-FLEXICARE--S,Veterinary,Region,South,29569,1301016.99,0.96
zoetis_vet_internal,2025-07,2025-Q3,Vaccines,ImmunoCore Canine,VAC-IMMUNOCORE-L,Veterinary,Region,South,83724,1758200.97,0.96
zoetis_vet_internal,2025-07,2025-Q3,Vaccines,ImmunoCore Canine,VAC-IMMUNOCORE-S,Veterinary,Region,South,115405,2423505.12,0.96
zoetis_vet_internal,2025-07,2025-Q3,Pain/Osteoarthritis,Librela,PAN-LIBRELA-L,Veterinary,Region,South,26213,1258222.95,0.96
zoetis_vet_internal,2025-07,2025-Q3,Pain/Osteoarthritis,Librela,PAN-LIBRELA-S,Veterinary,Region,South,38388,1842618.42,0.96
zoetis_vet_internal,2025-07,2025-Q3,Pain/Osteoarthritis,OsteoEase Vet,PAN-OSTEOEASE--L,Veterinary,Region,South,21362,875831.41,0.96
zoetis_vet_internal,2025-07,2025-Q3,Pain/Osteoarthritis,OsteoEase Vet,PAN-OSTEOEASE--S,Veterinary,Region,South,28561,1170981.59,0.96
zoetis_vet_internal,2025-07,2025-Q3,Pain/Osteoarthritis,PainAway Canine,PAN-PAINAWAY-C-L,Veterinary,Region,South,19229,711491.01,0.96
zoetis_vet_internal,2025-07,2025-Q3,Pain/Osteoarthritis,PainAway Canine,PAN-PAINAWAY-C-S,Veterinary,Region,South,27408,1014082.75,0.96
zoetis_vet_internal,2025-07,2025-Q3,Petcare Diagnostics,PetLab Analyzer,DIA-PETLAB-ANA-L,Veterinary,Region,South,48626,729397.11,0.96
zoetis_vet_internal,2025-07,2025-Q3,Petcare Diagnostics,PetLab Analyzer,DIA-PETLAB-ANA-S,Veterinary,Region,South,68281,1024210.57,0.96
zoetis_vet_internal,2025-07,2025-Q3,Petcare Diagnostics,RapidVet Dx,DIA-RAPIDVET-D-L,Veterinary,Region,South,80007,1280110.11,0.96
zoetis_vet_internal,2025-07,2025-Q3,Petcare Diagnostics,RapidVet Dx,DIA-RAPIDVET-D-S,Veterinary,Region,South,112292,1796665.88,0.96
zoetis_vet_internal,2025-07,2025-Q3,Parasiticides,Simparica Trio,PAR-SIMPARICA--L,Veterinary,Region,South,96388,2698853.36,0.96
zoetis_vet_internal,2025-07,2025-Q3,Parasiticides,Simparica Trio,PAR-SIMPARICA--S,Veterinary,Region,South,135215,3786011.36,0.96
zoetis_vet_internal,2025-07,2025-Q3,Dermatology,SkinRelief Pro,DRM-SKINRELIEF-L,Veterinary,Region,South,26556,1301223.78,0.96
zoetis_vet_internal,2025-07,2025-Q3,Dermatology,SkinRelief Pro,DRM-SKINRELIEF-S,Veterinary,Region,South,36930,1809581.7,0.96
zoetis_vet_internal,2025-07,2025-Q3,Parasiticides,TickShield Plus,PAR-TICKSHIELD-L,Veterinary,Region,South,51410,1233829.07,0.96
zoetis_vet_internal,2025-07,2025-Q3,Parasiticides,TickShield Plus,PAR-TICKSHIELD-S,Veterinary,Region,South,68481,1643532.99,0.96
zoetis_vet_internal,2025-07,2025-Q3,Vaccines,Vanguard,VAC-VANGUARD-L,Veterinary,Region,South,102986,2265682.0,0.96
zoetis_vet_internal,2025-07,2025-Q3,Vaccines,Vanguard,VAC-VANGUARD-S,Veterinary,Region,South,139264,3063813.7,0.96
zoetis_vet_internal,2025-07,2025-Q3,Parasiticides,VectraGuard,PAR-VECTRAGUAR-L,Veterinary,Region,South,65027,1690709.06,0.96
zoetis_vet_internal,2025-07,2025-Q3,Parasiticides,VectraGuard,PAR-VECTRAGUAR-S,Veterinary,Region,South,87913,2285739.01,0.96
zoetis_vet_internal,2025-07,2025-Q3,Vaccines,VetGuard Immunize,VAC-VETGUARD-I-L,Veterinary,Region,South,59213,1125042.96,0.96
zoetis_vet_internal,2025-07,2025-Q3,Vaccines,VetGuard Immunize,VAC-VETGUARD-I-S,Veterinary,Region,South,80833,1535820.95,0.96
zoetis_vet_internal,2025-07,2025-Q3,Vaccines,VetSelect Core Vax,VAC-VETSELECT--L,Veterinary,Region,South,52835,739686.0,0.96
zoetis_vet_internal,2025-07,2025-Q3,Vaccines,VetSelect Core Vax,VAC-VETSELECT--S,Veterinary,Region,South,71671,1003400.77,0.96
zoetis_vet_internal,2025-07,2025-Q3,Dermatology,VetSelect Derma,DRM-VETSELECT--L,Veterinary,Region,South,24137,917193.41,0.96
zoetis_vet_internal,2025-07,2025-Q3,Dermatology,VetSelect Derma,DRM-VETSELECT--S,Veterinary,Region,South,31410,1193568.05,0.96
zoetis_vet_internal,2025-07,2025-Q3,Petcare Diagnostics,VetSelect Dx,DIA-VETSELECT--L,Veterinary,Region,South,41365,496382.69,0.96
zoetis_vet_internal,2025-07,2025-Q3,Petcare Diagnostics,VetSelect Dx,DIA-VETSELECT--S,Veterinary,Region,South,55456,665469.11,0.96
zoetis_vet_internal,2025-07,2025-Q3,Parasiticides,VetSelect Flea & Tick,PAR-VETSELECT--L,Veterinary,Region,South,41233,700966.67,0.96
zoetis_vet_internal,2025-07,2025-Q3,Parasiticides,VetSelect Flea & Tick,PAR-VETSELECT--S,Veterinary,Region,South,58267,990545.41,0.96
zoetis_vet_internal,2025-07,2025-Q3,Pain/Osteoarthritis,VetSelect Joint,PAN-VETSELECT--L,Veterinary,Region,South,17671,512471.17,0.96
zoetis_vet_internal,2025-07,2025-Q3,Pain/Osteoarthritis,VetSelect Joint,PAN-VETSELECT--S,Veterinary,Region,South,25816,748665.94,0.96
zoetis_vet_internal,2025-07,2025-Q3,Petcare Diagnostics,Vetscan,DIA-VETSCAN-L,Veterinary,Region,South,95567,1720209.83,0.96
zoetis_vet_internal,2025-07,2025-Q3,Petcare Diagnostics,Vetscan,DIA-VETSCAN-S,Veterinary,Region,South,134933,2428799.71,0.96
zoetis_vet_internal,2025-07,2025-Q3,Dermatology,AllerVet RX,DRM-ALLERVET-R-L,Veterinary,Region,West,21835,1179109.67,0.96
zoetis_vet_internal,2025-07,2025-Q3,Dermatology,AllerVet RX,DRM-ALLERVET-R-S,Veterinary,Region,West,30616,1653264.91,0.96
zoetis_vet_internal,2025-07,2025-Q3,Dermatology,Apoquel,DRM-APOQUEL-L,Veterinary,Region,West,37435,2433263.47,0.96
zoetis_vet_internal,2025-07,2025-Q3,Dermatology,Apoquel,DRM-APOQUEL-S,Veterinary,Region,West,51631,3355997.69,0.96
zoetis_vet_internal,2025-07,2025-Q3,Vaccines,BioShield Vax,VAC-BIOSHIELD--L,Veterinary,Region,West,41003,820055.53,0.96
zoetis_vet_internal,2025-07,2025-Q3,Vaccines,BioShield Vax,VAC-BIOSHIELD--S,Veterinary,Region,West,59289,1185776.66,0.96
zoetis_vet_internal,2025-07,2025-Q3,Dermatology,DermaCalm,DRM-DERMACALM-L,Veterinary,Region,West,22509,1305501.88,0.96
zoetis_vet_internal,2025-07,2025-Q3,Dermatology,DermaCalm,DRM-DERMACALM-S,Veterinary,Region,West,31647,1835536.64,0.96
zoetis_vet_internal,2025-07,2025-Q3,Petcare Diagnostics,DiagnosTech Vet,DIA-DIAGNOSTEC-L,Veterinary,Region,West,58182,989094.79,0.96
zoetis_vet_internal,2025-07,2025-Q3,Petcare Diagnostics,DiagnosTech Vet,DIA-DIAGNOSTEC-S,Veterinary,Region,West,81065,1378104.68,0.96
zoetis_vet_internal,2025-07,2025-Q3,Parasiticides,FleaStop Pro,PAR-FLEASTOP-P-L,Veterinary,Region,West,30126,632648.69,0.96
zoetis_vet_internal,2025-07,2025-Q3,Parasiticides,FleaStop Pro,PAR-FLEASTOP-P-S,Veterinary,Region,West,41517,871864.07,0.96
zoetis_vet_internal,2025-07,2025-Q3,Pain/Osteoarthritis,FlexiCare Joint,PAN-FLEXICARE--L,Veterinary,Region,West,15180,667905.78,0.96
zoetis_vet_internal,2025-07,2025-Q3,Pain/Osteoarthritis,FlexiCare Joint,PAN-FLEXICARE--S,Veterinary,Region,West,20972,922769.05,0.96
zoetis_vet_internal,2025-07,2025-Q3,Vaccines,ImmunoCore Canine,VAC-IMMUNOCORE-L,Veterinary,Region,West,54530,1145133.13,0.96
zoetis_vet_internal,2025-07,2025-Q3,Vaccines,ImmunoCore Canine,VAC-IMMUNOCORE-S,Veterinary,Region,West,73089,1534872.98,0.96
zoetis_vet_internal,2025-07,2025-Q3,Pain/Osteoarthritis,Librela,PAN-LIBRELA-L,Veterinary,Region,West,16807,806714.75,0.96
zoetis_vet_internal,2025-07,2025-Q3,Pain/Osteoarthritis,Librela,PAN-LIBRELA-S,Veterinary,Region,West,22990,1103516.65,0.96
zoetis_vet_internal,2025-07,2025-Q3,Pain/Osteoarthritis,OsteoEase Vet,PAN-OSTEOEASE--L,Veterinary,Region,West,13303,545426.71,0.96
zoetis_vet_internal,2025-07,2025-Q3,Pain/Osteoarthritis,OsteoEase Vet,PAN-OSTEOEASE--S,Veterinary,Region,West,19574,802525.16,0.96
zoetis_vet_internal,2025-07,2025-Q3,Pain/Osteoarthritis,PainAway Canine,PAN-PAINAWAY-C-L,Veterinary,Region,West,12848,475377.99,0.96
zoetis_vet_internal,2025-07,2025-Q3,Pain/Osteoarthritis,PainAway Canine,PAN-PAINAWAY-C-S,Veterinary,Region,West,17325,641030.71,0.96
zoetis_vet_internal,2025-07,2025-Q3,Petcare Diagnostics,PetLab Analyzer,DIA-PETLAB-ANA-L,Veterinary,Region,West,35444,531655.57,0.96
zoetis_vet_internal,2025-07,2025-Q3,Petcare Diagnostics,PetLab Analyzer,DIA-PETLAB-ANA-S,Veterinary,Region,West,47220,708295.56,0.96
zoetis_vet_internal,2025-07,2025-Q3,Petcare Diagnostics,RapidVet Dx,DIA-RAPIDVET-D-L,Veterinary,Region,West,53391,854250.72,0.96
zoetis_vet_internal,2025-07,2025-Q3,Petcare Diagnostics,RapidVet Dx,DIA-RAPIDVET-D-S,Veterinary,Region,West,76231,1219690.24,0.96
zoetis_vet_internal,2025-07,2025-Q3,Parasiticides,Simparica Trio,PAR-SIMPARICA--L,Veterinary,Region,West,65542,1835175.96,0.96
zoetis_vet_internal,2025-07,2025-Q3,Parasiticides,Simparica Trio,PAR-SIMPARICA--S,Veterinary,Region,West,90111,2523099.08,0.96
zoetis_vet_internal,2025-07,2025-Q3,Dermatology,SkinRelief Pro,DRM-SKINRELIEF-L,Veterinary,Region,West,18892,925730.02,0.96
zoetis_vet_internal,2025-07,2025-Q3,Dermatology,SkinRelief Pro,DRM-SKINRELIEF-S,Veterinary,Region,West,26572,1302020.04,0.96
zoetis_vet_internal,2025-07,2025-Q3,Parasiticides,TickShield Plus,PAR-TICKSHIELD-L,Veterinary,Region,West,32383,777187.13,0.96
zoetis_vet_internal,2025-07,2025-Q3,Parasiticides,TickShield Plus,PAR-TICKSHIELD-S,Veterinary,Region,West,44870,1076881.9,0.96
zoetis_vet_internal,2025-07,2025-Q3,Vaccines,Vanguard,VAC-VANGUARD-L,Veterinary,Region,West,63674,1400834.97,0.96
zoetis_vet_internal,2025-07,2025-Q3,Vaccines,Vanguard,VAC-VANGUARD-S,Veterinary,Region,West,87588,1926934.06,0.96
zoetis_vet_internal,2025-07,2025-Q3,Parasiticides,VectraGuard,PAR-VECTRAGUAR-L,Veterinary,Region,West,44071,1145843.69,0.96
zoetis_vet_internal,2025-07,2025-Q3,Parasiticides,VectraGuard,PAR-VECTRAGUAR-S,Veterinary,Region,West,62250,1618510.54,0.96
zoetis_vet_internal,2025-07,2025-Q3,Vaccines,VetGuard Immunize,VAC-VETGUARD-I-L,Veterinary,Region,West,40047,760895.84,0.96
zoetis_vet_internal,2025-07,2025-Q3,Vaccines,VetGuard Immunize,VAC-VETGUARD-I-S,Veterinary,Region,West,55615,1056678.55,0.96
zoetis_vet_internal,2025-07,2025-Q3,Vaccines,VetSelect Core Vax,VAC-VETSELECT--L,Veterinary,Region,West,35475,496652.56,0.96
zoetis_vet_internal,2025-07,2025-Q3,Vaccines,VetSelect Core Vax,VAC-VETSELECT--S,Veterinary,Region,West,49291,690073.55,0.96
zoetis_vet_internal,2025-07,2025-Q3,Dermatology,VetSelect Derma,DRM-VETSELECT--L,Veterinary,Region,West,14946,567958.69,0.96
zoetis_vet_internal,2025-07,2025-Q3,Dermatology,VetSelect Derma,DRM-VETSELECT--S,Veterinary,Region,West,19800,752384.57,0.96
zoetis_vet_internal,2025-07,2025-Q3,Petcare Diagnostics,VetSelect Dx,DIA-VETSELECT--L,Veterinary,Region,West,27413,328955.8,0.96
zoetis_vet_internal,2025-07,2025-Q3,Petcare Diagnostics,VetSelect Dx,DIA-VETSELECT--S,Veterinary,Region,West,36764,441170.91,0.96
zoetis_vet_internal,2025-07,2025-Q3,Parasiticides,VetSelect Flea & Tick,PAR-VETSELECT--L,Veterinary,Region,West,29457,500769.5,0.96
zoetis_vet_internal,2025-07,2025-Q3,Parasiticides,VetSelect Flea & Tick,PAR-VETSELECT--S,Veterinary,Region,West,41565,706606.93,0.96
zoetis_vet_internal,2025-07,2025-Q3,Pain/Osteoarthritis,VetSelect Joint,PAN-VETSELECT--L,Veterinary,Region,West,11951,346582.19,0.96
zoetis_vet_internal,2025-07,2025-Q3,Pain/Osteoarthritis,VetSelect Joint,PAN-VETSELECT--S,Veterinary,Region,West,16307,472898.88,0.96
zoetis_vet_internal,2025-07,2025-Q3,Petcare Diagnostics,Vetscan,DIA-VETSCAN-L,Veterinary,Region,West,69029,1242527.61,0.96
zoetis_vet_internal,2025-07,2025-Q3,Petcare Diagnostics,Vetscan,DIA-VETSCAN-S,Veterinary,Region,West,93894,1690097.02,0.96
zoetis_vet_internal,2025-08,2025-Q3,Dermatology,AllerVet RX,DRM-ALLERVET-R-L,Veterinary,National,National,91387,4934921.71,0.96
zoetis_vet_internal,2025-08,2025-Q3,Dermatology,AllerVet RX,DRM-ALLERVET-R-S,Veterinary,National,National,124197,6706644.06,0.96
zoetis_vet_internal,2025-08,2025-Q3,Dermatology,Apoquel,DRM-APOQUEL-L,Veterinary,National,National,158570,10307051.2,0.96
zoetis_vet_internal,2025-08,2025-Q3,Dermatology,Apoquel,DRM-APOQUEL-S,Veterinary,National,National,218336,14191809.43,0.96
zoetis_vet_internal,2025-08,2025-Q3,Vaccines,BioShield Vax,VAC-BIOSHIELD--L,Veterinary,National,National,175355,3507106.19,0.96
zoetis_vet_internal,2025-08,2025-Q3,Vaccines,BioShield Vax,VAC-BIOSHIELD--S,Veterinary,National,National,235943,4718866.1,0.96
zoetis_vet_internal,2025-08,2025-Q3,Dermatology,DermaCalm,DRM-DERMACALM-L,Veterinary,National,National,94014,5452824.01,0.96
zoetis_vet_internal,2025-08,2025-Q3,Dermatology,DermaCalm,DRM-DERMACALM-S,Veterinary,National,National,130927,7593826.02,0.96
zoetis_vet_internal,2025-08,2025-Q3,Petcare Diagnostics,DiagnosTech Vet,DIA-DIAGNOSTEC-L,Veterinary,National,National,230924,3925710.1,0.96
zoetis_vet_internal,2025-08,2025-Q3,Petcare Diagnostics,DiagnosTech Vet,DIA-DIAGNOSTEC-S,Veterinary,National,National,328380,5582455.71,0.96
zoetis_vet_internal,2025-08,2025-Q3,Parasiticides,FleaStop Pro,PAR-FLEASTOP-P-L,Veterinary,National,National,119620,2512013.9,0.96
zoetis_vet_internal,2025-08,2025-Q3,Parasiticides,FleaStop Pro,PAR-FLEASTOP-P-S,Veterinary,National,National,163202,3427243.81,0.96
zoetis_vet_internal,2025-08,2025-Q3,Pain/Osteoarthritis,FlexiCare Joint,PAN-FLEXICARE--L,Veterinary,National,National,65852,2897495.44,0.96
zoetis_vet_internal,2025-08,2025-Q3,Pain/Osteoarthritis,FlexiCare Joint,PAN-FLEXICARE--S,Veterinary,National,National,90752,3993117.16,0.96
zoetis_vet_internal,2025-08,2025-Q3,Vaccines,ImmunoCore Canine,VAC-IMMUNOCORE-L,Veterinary,National,National,216567,4547869.15,0.96
zoetis_vet_internal,2025-08,2025-Q3,Vaccines,ImmunoCore Canine,VAC-IMMUNOCORE-S,Veterinary,National,National,299839,6296627.01,0.96
zoetis_vet_internal,2025-08,2025-Q3,Pain/Osteoarthritis,Librela,PAN-LIBRELA-L,Veterinary,National,National,79485,3815283.61,0.96
zoetis_vet_internal,2025-08,2025-Q3,Pain/Osteoarthritis,Librela,PAN-LIBRELA-S,Veterinary,National,National,107706,5169879.11,0.96
zoetis_vet_internal,2025-08,2025-Q3,Pain/Osteoarthritis,OsteoEase Vet,PAN-OSTEOEASE--L,Veterinary,National,National,59652,2445707.37,0.96
zoetis_vet_internal,2025-08,2025-Q3,Pain/Osteoarthritis,OsteoEase Vet,PAN-OSTEOEASE--S,Veterinary,National,National,82311,3374793.81,0.96
zoetis_vet_internal,2025-08,2025-Q3,Pain/Osteoarthritis,PainAway Canine,PAN-PAINAWAY-C-L,Veterinary,National,National,55658,2059368.0,0.96
zoetis_vet_internal,2025-08,2025-Q3,Pain/Osteoarthritis,PainAway Canine,PAN-PAINAWAY-C-S,Veterinary,National,National,76071,2814591.94,0.96
zoetis_vet_internal,2025-08,2025-Q3,Petcare Diagnostics,PetLab Analyzer,DIA-PETLAB-ANA-L,Veterinary,National,National,140545,2108170.29,0.96
zoetis_vet_internal,2025-08,2025-Q3,Petcare Diagnostics,PetLab Analyzer,DIA-PETLAB-ANA-S,Veterinary,National,National,191886,2878284.05,0.96
zoetis_vet_internal,2025-08,2025-Q3,Petcare Diagnostics,RapidVet Dx,DIA-RAPIDVET-D-L,Veterinary,National,National,214542,3432677.64,0.96
zoetis_vet_internal,2025-08,2025-Q3,Petcare Diagnostics,RapidVet Dx,DIA-RAPIDVET-D-S,Veterinary,National,National,292734,4683751.99,0.96
zoetis_vet_internal,2025-08,2025-Q3,Parasiticides,Simparica Trio,PAR-SIMPARICA--L,Veterinary,National,National,243670,6822748.62,0.96
zoetis_vet_internal,2025-08,2025-Q3,Parasiticides,Simparica Trio,PAR-SIMPARICA--S,Veterinary,National,National,341808,9570634.69,0.96
zoetis_vet_internal,2025-08,2025-Q3,Dermatology,SkinRelief Pro,DRM-SKINRELIEF-L,Veterinary,National,National,77255,3785526.9,0.96
zoetis_vet_internal,2025-08,2025-Q3,Dermatology,SkinRelief Pro,DRM-SKINRELIEF-S,Veterinary,National,National,105735,5181011.68,0.96
zoetis_vet_internal,2025-08,2025-Q3,Parasiticides,TickShield Plus,PAR-TICKSHIELD-L,Veterinary,National,National,133561,3205463.78,0.96
zoetis_vet_internal,2025-08,2025-Q3,Parasiticides,TickShield Plus,PAR-TICKSHIELD-S,Veterinary,National,National,182008,4368190.35,0.96
zoetis_vet_internal,2025-08,2025-Q3,Vaccines,Vanguard,VAC-VANGUARD-L,Veterinary,National,National,261997,5763915.93,0.96
zoetis_vet_internal,2025-08,2025-Q3,Vaccines,Vanguard,VAC-VANGUARD-S,Veterinary,National,National,360200,7924419.15,0.96
zoetis_vet_internal,2025-08,2025-Q3,Parasiticides,VectraGuard,PAR-VECTRAGUAR-L,Veterinary,National,National,163311,4246074.6,0.96
zoetis_vet_internal,2025-08,2025-Q3,Parasiticides,VectraGuard,PAR-VECTRAGUAR-S,Veterinary,National,National,225638,5866585.74,0.96
zoetis_vet_internal,2025-08,2025-Q3,Vaccines,VetGuard Immunize,VAC-VETGUARD-I-L,Veterinary,National,National,161064,3060191.77,0.96
zoetis_vet_internal,2025-08,2025-Q3,Vaccines,VetGuard Immunize,VAC-VETGUARD-I-S,Veterinary,National,National,221483,4208180.66,0.96
zoetis_vet_internal,2025-08,2025-Q3,Vaccines,VetSelect Core Vax,VAC-VETSELECT--L,Veterinary,National,National,139335,1950696.63,0.96
zoetis_vet_internal,2025-08,2025-Q3,Vaccines,VetSelect Core Vax,VAC-VETSELECT--S,Veterinary,National,National,192673,2697420.55,0.96
zoetis_vet_internal,2025-08,2025-Q3,Dermatology,VetSelect Derma,DRM-VETSELECT--L,Veterinary,National,National,64201,2439678.21,0.96
zoetis_vet_internal,2025-08,2025-Q3,Dermatology,VetSelect Derma,DRM-VETSELECT--S,Veterinary,National,National,87955,3342246.33,0.96
zoetis_vet_internal,2025-08,2025-Q3,Petcare Diagnostics,VetSelect Dx,DIA-VETSELECT--L,Veterinary,National,National,110469,1325611.47,0.96
zoetis_vet_internal,2025-08,2025-Q3,Petcare Diagnostics,VetSelect Dx,DIA-VETSELECT--S,Veterinary,National,National,155149,1861794.6,0.96
zoetis_vet_internal,2025-08,2025-Q3,Parasiticides,VetSelect Flea & Tick,PAR-VETSELECT--L,Veterinary,National,National,110743,1882637.65,0.96
zoetis_vet_internal,2025-08,2025-Q3,Parasiticides,VetSelect Flea & Tick,PAR-VETSELECT--S,Veterinary,National,National,151540,2576192.68,0.96
zoetis_vet_internal,2025-08,2025-Q3,Pain/Osteoarthritis,VetSelect Joint,PAN-VETSELECT--L,Veterinary,National,National,51227,1485586.61,0.96
zoetis_vet_internal,2025-08,2025-Q3,Pain/Osteoarthritis,VetSelect Joint,PAN-VETSELECT--S,Veterinary,National,National,72554,2104050.7,0.96
zoetis_vet_internal,2025-08,2025-Q3,Petcare Diagnostics,Vetscan,DIA-VETSCAN-L,Veterinary,National,National,288038,5184686.35,0.96
zoetis_vet_internal,2025-08,2025-Q3,Petcare Diagnostics,Vetscan,DIA-VETSCAN-S,Veterinary,National,National,388707,6996725.94,0.96
zoetis_vet_internal,2025-08,2025-Q3,Dermatology,AllerVet RX,DRM-ALLERVET-R-L,Veterinary,Region,Midwest,19087,1030707.48,0.96
zoetis_vet_internal,2025-08,2025-Q3,Dermatology,AllerVet RX,DRM-ALLERVET-R-S,Veterinary,Region,Midwest,25598,1382313.25,0.96
zoetis_vet_internal,2025-08,2025-Q3,Dermatology,Apoquel,DRM-APOQUEL-L,Veterinary,Region,Midwest,35330,2296450.39,0.96
zoetis_vet_internal,2025-08,2025-Q3,Dermatology,Apoquel,DRM-APOQUEL-S,Veterinary,Region,Midwest,48147,3129524.89,0.96
zoetis_vet_internal,2025-08,2025-Q3,Vaccines,BioShield Vax,VAC-BIOSHIELD--L,Veterinary,Region,Midwest,36480,729606.0,0.96
zoetis_vet_internal,2025-08,2025-Q3,Vaccines,BioShield Vax,VAC-BIOSHIELD--S,Veterinary,Region,Midwest,49705,994106.54,0.96
zoetis_vet_internal,2025-08,2025-Q3,Dermatology,DermaCalm,DRM-DERMACALM-L,Veterinary,Region,Midwest,20180,1170468.52,0.96
zoetis_vet_internal,2025-08,2025-Q3,Dermatology,DermaCalm,DRM-DERMACALM-S,Veterinary,Region,Midwest,26500,1537012.18,0.96
zoetis_vet_internal,2025-08,2025-Q3,Petcare Diagnostics,DiagnosTech Vet,DIA-DIAGNOSTEC-L,Veterinary,Region,Midwest,48320,821444.67,0.96
zoetis_vet_internal,2025-08,2025-Q3,Petcare Diagnostics,DiagnosTech Vet,DIA-DIAGNOSTEC-S,Veterinary,Region,Midwest,67076,1140296.4,0.96
zoetis_vet_internal,2025-08,2025-Q3,Parasiticides,FleaStop Pro,PAR-FLEASTOP-P-L,Veterinary,Region,Midwest,24589,516360.95,0.96
zoetis_vet_internal,2025-08,2025-Q3,Parasiticides,FleaStop Pro,PAR-FLEASTOP-P-S,Veterinary,Region,Midwest,33602,705645.29,0.96
zoetis_vet_internal,2025-08,2025-Q3,Pain/Osteoarthritis,FlexiCare Joint,PAN-FLEXICARE--L,Veterinary,Region,Midwest,13307,585503.06,0.96
zoetis_vet_internal,2025-08,2025-Q3,Pain/Osteoarthritis,FlexiCare Joint,PAN-FLEXICARE--S,Veterinary,Region,Midwest,18432,811029.07,0.96
zoetis_vet_internal,2025-08,2025-Q3,Vaccines,ImmunoCore Canine,VAC-IMMUNOCORE-L,Veterinary,Region,Midwest,46322,972754.35,0.96
zoetis_vet_internal,2025-08,2025-Q3,Vaccines,ImmunoCore Canine,VAC-IMMUNOCORE-S,Veterinary,Region,Midwest,64171,1347597.99,0.96
zoetis_vet_internal,2025-08,2025-Q3,Pain/Osteoarthritis,Librela,PAN-LIBRELA-L,Veterinary,Region,Midwest,16240,779524.11,0.96
zoetis_vet_internal,2025-08,2025-Q3,Pain/Osteoarthritis,Librela,PAN-LIBRELA-S,Veterinary,Region,Midwest,21708,1041961.96,0.96
zoetis_vet_internal,2025-08,2025-Q3,Pain/Osteoarthritis,OsteoEase Vet,PAN-OSTEOEASE--L,Veterinary,Region,Midwest,12627,517693.01,0.96
zoetis_vet_internal,2025-08,2025-Q3,Pain/Osteoarthritis,OsteoEase Vet,PAN-OSTEOEASE--S,Veterinary,Region,Midwest,17787,729256.95,0.96
zoetis_vet_internal,2025-08,2025-Q3,Pain/Osteoarthritis,PainAway Canine,PAN-PAINAWAY-C-L,Veterinary,Region,Midwest,11503,425625.01,0.96
zoetis_vet_internal,2025-08,2025-Q3,Pain/Osteoarthritis,PainAway Canine,PAN-PAINAWAY-C-S,Veterinary,Region,Midwest,15720,581626.25,0.96
zoetis_vet_internal,2025-08,2025-Q3,Petcare Diagnostics,PetLab Analyzer,DIA-PETLAB-ANA-L,Veterinary,Region,Midwest,28750,431254.13,0.96
zoetis_vet_internal,2025-08,2025-Q3,Petcare Diagnostics,PetLab Analyzer,DIA-PETLAB-ANA-S,Veterinary,Region,Midwest,39916,598739.84,0.96
zoetis_vet_internal,2025-08,2025-Q3,Petcare Diagnostics,RapidVet Dx,DIA-RAPIDVET-D-L,Veterinary,Region,Midwest,48288,772610.54,0.96
zoetis_vet_internal,2025-08,2025-Q3,Petcare Diagnostics,RapidVet Dx,DIA-RAPIDVET-D-S,Veterinary,Region,Midwest,63876,1022017.57,0.96
zoetis_vet_internal,2025-08,2025-Q3,Parasiticides,Simparica Trio,PAR-SIMPARICA--L,Veterinary,Region,Midwest,55123,1543434.51,0.96
zoetis_vet_internal,2025-08,2025-Q3,Parasiticides,Simparica Trio,PAR-SIMPARICA--S,Veterinary,Region,Midwest,74886,2096805.72,0.96
zoetis_vet_internal,2025-08,2025-Q3,Dermatology,SkinRelief Pro,DRM-SKINRELIEF-L,Veterinary,Region,Midwest,16190,793311.71,0.96
zoetis_vet_internal,2025-08,2025-Q3,Dermatology,SkinRelief Pro,DRM-SKINRELIEF-S,Veterinary,Region,Midwest,22258,1090632.43,0.96
zoetis_vet_internal,2025-08,2025-Q3,Parasiticides,TickShield Plus,PAR-TICKSHIELD-L,Veterinary,Region,Midwest,27375,657001.27,0.96
zoetis_vet_internal,2025-08,2025-Q3,Parasiticides,TickShield Plus,PAR-TICKSHIELD-S,Veterinary,Region,Midwest,37884,909207.06,0.96
zoetis_vet_internal,2025-08,2025-Q3,Vaccines,Vanguard,VAC-VANGUARD-L,Veterinary,Region,Midwest,55854,1228783.57,0.96
zoetis_vet_internal,2025-08,2025-Q3,Vaccines,Vanguard,VAC-VANGUARD-S,Veterinary,Region,Midwest,77868,1713101.07,0.96
zoetis_vet_internal,2025-08,2025-Q3,Parasiticides,VectraGuard,PAR-VECTRAGUAR-L,Veterinary,Region,Midwest,35047,911213.84,0.96
zoetis_vet_internal,2025-08,2025-Q3,Parasiticides,VectraGuard,PAR-VECTRAGUAR-S,Veterinary,Region,Midwest,46981,1221508.0,0.96
zoetis_vet_internal,2025-08,2025-Q3,Vaccines,VetGuard Immunize,VAC-VETGUARD-I-L,Veterinary,Region,Midwest,32950,626041.22,0.96
zoetis_vet_internal,2025-08,2025-Q3,Vaccines,VetGuard Immunize,VAC-VETGUARD-I-S,Veterinary,Region,Midwest,45210,858992.75,0.96
zoetis_vet_internal,2025-08,2025-Q3,Vaccines,VetSelect Core Vax,VAC-VETSELECT--L,Veterinary,Region,Midwest,29918,418856.29,0.96
zoetis_vet_internal,2025-08,2025-Q3,Vaccines,VetSelect Core Vax,VAC-VETSELECT--S,Veterinary,Region,Midwest,40380,565326.03,0.96
zoetis_vet_internal,2025-08,2025-Q3,Dermatology,VetSelect Derma,DRM-VETSELECT--L,Veterinary,Region,Midwest,13265,504061.69,0.96
zoetis_vet_internal,2025-08,2025-Q3,Dermatology,VetSelect Derma,DRM-VETSELECT--S,Veterinary,Region,Midwest,18139,689264.92,0.96
zoetis_vet_internal,2025-08,2025-Q3,Petcare Diagnostics,VetSelect Dx,DIA-VETSELECT--L,Veterinary,Region,Midwest,23290,279474.92,0.96
zoetis_vet_internal,2025-08,2025-Q3,Petcare Diagnostics,VetSelect Dx,DIA-VETSELECT--S,Veterinary,Region,Midwest,33431,401175.44,0.96
zoetis_vet_internal,2025-08,2025-Q3,Parasiticides,VetSelect Flea & Tick,PAR-VETSELECT--L,Veterinary,Region,Midwest,23133,393262.3,0.96
zoetis_vet_internal,2025-08,2025-Q3,Parasiticides,VetSelect Flea & Tick,PAR-VETSELECT--S,Veterinary,Region,Midwest,32869,558772.48,0.96
zoetis_vet_internal,2025-08,2025-Q3,Pain/Osteoarthritis,VetSelect Joint,PAN-VETSELECT--L,Veterinary,Region,Midwest,11227,325591.15,0.96
zoetis_vet_internal,2025-08,2025-Q3,Pain/Osteoarthritis,VetSelect Joint,PAN-VETSELECT--S,Veterinary,Region,Midwest,15995,463852.85,0.96
zoetis_vet_internal,2025-08,2025-Q3,Petcare Diagnostics,Vetscan,DIA-VETSCAN-L,Veterinary,Region,Midwest,57857,1041425.71,0.96
zoetis_vet_internal,2025-08,2025-Q3,Petcare Diagnostics,Vetscan,DIA-VETSCAN-S,Veterinary,Region,Midwest,77653,1397753.57,0.96
zoetis_vet_internal,2025-08,2025-Q3,Dermatology,AllerVet RX,DRM-ALLERVET-R-L,Veterinary,Region,Northeast,19821,1070355.86,0.96
zoetis_vet_internal,2025-08,2025-Q3,Dermatology,AllerVet RX,DRM-ALLERVET-R-S,Veterinary,Region,Northeast,27090,1462877.39,0.96
zoetis_vet_internal,2025-08,2025-Q3,Dermatology,Apoquel,DRM-APOQUEL-L,Veterinary,Region,Northeast,34584,2247972.32,0.96
zoetis_vet_internal,2025-08,2025-Q3,Dermatology,Apoquel,DRM-APOQUEL-S,Veterinary,Region,Northeast,46362,3013559.92,0.96
zoetis_vet_internal,2025-08,2025-Q3,Vaccines,BioShield Vax,VAC-BIOSHIELD--L,Veterinary,Region,Northeast,39916,798320.07,0.96
zoetis_vet_internal,2025-08,2025-Q3,Vaccines,BioShield Vax,VAC-BIOSHIELD--S,Veterinary,Region,Northeast,51697,1033944.21,0.96
zoetis_vet_internal,2025-08,2025-Q3,Dermatology,DermaCalm,DRM-DERMACALM-L,Veterinary,Region,Northeast,19353,1122447.21,0.96
zoetis_vet_internal,2025-08,2025-Q3,Dermatology,DermaCalm,DRM-DERMACALM-S,Veterinary,Region,Northeast,28285,1640545.18,0.96
zoetis_vet_internal,2025-08,2025-Q3,Petcare Diagnostics,DiagnosTech Vet,DIA-DIAGNOSTEC-L,Veterinary,Region,Northeast,51742,879610.12,0.96
zoetis_vet_internal,2025-08,2025-Q3,Petcare Diagnostics,DiagnosTech Vet,DIA-DIAGNOSTEC-S,Veterinary,Region,Northeast,70942,1206008.25,0.96
zoetis_vet_internal,2025-08,2025-Q3,Parasiticides,FleaStop Pro,PAR-FLEASTOP-P-L,Veterinary,Region,Northeast,27225,571716.07,0.96
zoetis_vet_internal,2025-08,2025-Q3,Parasiticides,FleaStop Pro,PAR-FLEASTOP-P-S,Veterinary,Region,Northeast,36519,766905.42,0.96
zoetis_vet_internal,2025-08,2025-Q3,Pain/Osteoarthritis,FlexiCare Joint,PAN-FLEXICARE--L,Veterinary,Region,Northeast,14481,637177.37,0.96
zoetis_vet_internal,2025-08,2025-Q3,Pain/Osteoarthritis,FlexiCare Joint,PAN-FLEXICARE--S,Veterinary,Region,Northeast,19948,877717.03,0.96
zoetis_vet_internal,2025-08,2025-Q3,Vaccines,ImmunoCore Canine,VAC-IMMUNOCORE-L,Veterinary,Region,Northeast,46335,973024.68,0.96
zoetis_vet_internal,2025-08,2025-Q3,Vaccines,ImmunoCore Canine,VAC-IMMUNOCORE-S,Veterinary,Region,Northeast,63634,1336322.82,0.96
zoetis_vet_internal,2025-08,2025-Q3,Pain/Osteoarthritis,Librela,PAN-LIBRELA-L,Veterinary,Region,Northeast,17984,863237.08,0.96
zoetis_vet_internal,2025-08,2025-Q3,Pain/Osteoarthritis,Librela,PAN-LIBRELA-S,Veterinary,Region,Northeast,23452,1125677.16,0.96
zoetis_vet_internal,2025-08,2025-Q3,Pain/Osteoarthritis,OsteoEase Vet,PAN-OSTEOEASE--L,Veterinary,Region,Northeast,13063,535570.16,0.96
zoetis_vet_internal,2025-08,2025-Q3,Pain/Osteoarthritis,OsteoEase Vet,PAN-OSTEOEASE--S,Veterinary,Region,Northeast,17696,725552.51,0.96
zoetis_vet_internal,2025-08,2025-Q3,Pain/Osteoarthritis,PainAway Canine,PAN-PAINAWAY-C-L,Veterinary,Region,Northeast,11551,427403.95,0.96
zoetis_vet_internal,2025-08,2025-Q3,Pain/Osteoarthritis,PainAway Canine,PAN-PAINAWAY-C-S,Veterinary,Region,Northeast,16047,593721.3,0.96
zoetis_vet_internal,2025-08,2025-Q3,Petcare Diagnostics,PetLab Analyzer,DIA-PETLAB-ANA-L,Veterinary,Region,Northeast,31999,479984.5,0.96
zoetis_vet_internal,2025-08,2025-Q3,Petcare Diagnostics,PetLab Analyzer,DIA-PETLAB-ANA-S,Veterinary,Region,Northeast,43650,654757.17,0.96
zoetis_vet_internal,2025-08,2025-Q3,Petcare Diagnostics,RapidVet Dx,DIA-RAPIDVET-D-L,Veterinary,Region,Northeast,46333,741328.01,0.96
zoetis_vet_internal,2025-08,2025-Q3,Petcare Diagnostics,RapidVet Dx,DIA-RAPIDVET-D-S,Veterinary,Region,Northeast,64287,1028584.31,0.96
zoetis_vet_internal,2025-08,2025-Q3,Parasiticides,Simparica Trio,PAR-SIMPARICA--L,Veterinary,Region,Northeast,54813,1534755.61,0.96
zoetis_vet_internal,2025-08,2025-Q3,Parasiticides,Simparica Trio,PAR-SIMPARICA--S,Veterinary,Region,Northeast,77955,2182752.06,0.96
zoetis_vet_internal,2025-08,2025-Q3,Dermatology,SkinRelief Pro,DRM-SKINRELIEF-L,Veterinary,Region,Northeast,17530,858982.7,0.96
zoetis_vet_internal,2025-08,2025-Q3,Dermatology,SkinRelief Pro,DRM-SKINRELIEF-S,Veterinary,Region,Northeast,23936,1172841.7,0.96
zoetis_vet_internal,2025-08,2025-Q3,Parasiticides,TickShield Plus,PAR-TICKSHIELD-L,Veterinary,Region,Northeast,30270,726484.16,0.96
zoetis_vet_internal,2025-08,2025-Q3,Parasiticides,TickShield Plus,PAR-TICKSHIELD-S,Veterinary,Region,Northeast,39186,940470.55,0.96
zoetis_vet_internal,2025-08,2025-Q3,Vaccines,Vanguard,VAC-VANGUARD-L,Veterinary,Region,Northeast,58541,1287908.13,0.96
zoetis_vet_internal,2025-08,2025-Q3,Vaccines,Vanguard,VAC-VANGUARD-S,Veterinary,Region,Northeast,80478,1770521.25,0.96
zoetis_vet_internal,2025-08,2025-Q3,Parasiticides,VectraGuard,PAR-VECTRAGUAR-L,Veterinary,Region,Northeast,35875,932748.84,0.96
zoetis_vet_internal,2025-08,2025-Q3,Parasiticides,VectraGuard,PAR-VECTRAGUAR-S,Veterinary,Region,Northeast,50613,1315941.27,0.96
zoetis_vet_internal,2025-08,2025-Q3,Vaccines,VetGuard Immunize,VAC-VETGUARD-I-L,Veterinary,Region,Northeast,35417,672913.75,0.96
zoetis_vet_internal,2025-08,2025-Q3,Vaccines,VetGuard Immunize,VAC-VETGUARD-I-S,Veterinary,Region,Northeast,48231,916388.95,0.96
zoetis_vet_internal,2025-08,2025-Q3,Vaccines,VetSelect Core Vax,VAC-VETSELECT--L,Veterinary,Region,Northeast,30947,433260.78,0.96
zoetis_vet_internal,2025-08,2025-Q3,Vaccines,VetSelect Core Vax,VAC-VETSELECT--S,Veterinary,Region,Northeast,41273,577815.04,0.96
zoetis_vet_internal,2025-08,2025-Q3,Dermatology,VetSelect Derma,DRM-VETSELECT--L,Veterinary,Region,Northeast,15348,583241.34,0.96
zoetis_vet_internal,2025-08,2025-Q3,Dermatology,VetSelect Derma,DRM-VETSELECT--S,Veterinary,Region,Northeast,21334,810687.83,0.96
zoetis_vet_internal,2025-08,2025-Q3,Petcare Diagnostics,VetSelect Dx,DIA-VETSELECT--L,Veterinary,Region,Northeast,24173,290073.1,0.96
zoetis_vet_internal,2025-08,2025-Q3,Petcare Diagnostics,VetSelect Dx,DIA-VETSELECT--S,Veterinary,Region,Northeast,32844,394133.38,0.96
zoetis_vet_internal,2025-08,2025-Q3,Parasiticides,VetSelect Flea & Tick,PAR-VETSELECT--L,Veterinary,Region,Northeast,24865,422709.03,0.96
zoetis_vet_internal,2025-08,2025-Q3,Parasiticides,VetSelect Flea & Tick,PAR-VETSELECT--S,Veterinary,Region,Northeast,33051,561874.17,0.96
zoetis_vet_internal,2025-08,2025-Q3,Pain/Osteoarthritis,VetSelect Joint,PAN-VETSELECT--L,Veterinary,Region,Northeast,10860,314929.56,0.96
zoetis_vet_internal,2025-08,2025-Q3,Pain/Osteoarthritis,VetSelect Joint,PAN-VETSELECT--S,Veterinary,Region,Northeast,15434,447589.32,0.96
zoetis_vet_internal,2025-08,2025-Q3,Petcare Diagnostics,Vetscan,DIA-VETSCAN-L,Veterinary,Region,Northeast,65060,1171088.53,0.96
zoetis_vet_internal,2025-08,2025-Q3,Petcare Diagnostics,Vetscan,DIA-VETSCAN-S,Veterinary,Region,Northeast,88249,1588481.7,0.96
zoetis_vet_internal,2025-08,2025-Q3,Dermatology,AllerVet RX,DRM-ALLERVET-R-L,Veterinary,Region,South,31214,1685568.87,0.96
zoetis_vet_internal,2025-08,2025-Q3,Dermatology,AllerVet RX,DRM-ALLERVET-R-S,Veterinary,Region,South,42266,2282344.53,0.96
zoetis_vet_internal,2025-08,2025-Q3,Dermatology,Apoquel,DRM-APOQUEL-L,Veterinary,Region,South,51837,3369376.54,0.96
zoetis_vet_internal,2025-08,2025-Q3,Dermatology,Apoquel,DRM-APOQUEL-S,Veterinary,Region,South,73620,4785285.7,0.96
zoetis_vet_internal,2025-08,2025-Q3,Vaccines,BioShield Vax,VAC-BIOSHIELD--L,Veterinary,Region,South,58780,1175601.22,0.96
zoetis_vet_internal,2025-08,2025-Q3,Vaccines,BioShield Vax,VAC-BIOSHIELD--S,Veterinary,Region,South,81001,1620023.93,0.96
zoetis_vet_internal,2025-08,2025-Q3,Dermatology,DermaCalm,DRM-DERMACALM-L,Veterinary,Region,South,33047,1916740.71,0.96
zoetis_vet_internal,2025-08,2025-Q3,Dermatology,DermaCalm,DRM-DERMACALM-S,Veterinary,Region,South,46173,2678052.3,0.96
zoetis_vet_internal,2025-08,2025-Q3,Petcare Diagnostics,DiagnosTech Vet,DIA-DIAGNOSTEC-L,Veterinary,Region,South,77824,1323006.3,0.96
zoetis_vet_internal,2025-08,2025-Q3,Petcare Diagnostics,DiagnosTech Vet,DIA-DIAGNOSTEC-S,Veterinary,Region,South,112987,1920774.42,0.96
zoetis_vet_internal,2025-08,2025-Q3,Parasiticides,FleaStop Pro,PAR-FLEASTOP-P-L,Veterinary,Region,South,40837,857582.54,0.96
zoetis_vet_internal,2025-08,2025-Q3,Parasiticides,FleaStop Pro,PAR-FLEASTOP-P-S,Veterinary,Region,South,55013,1155273.31,0.96
zoetis_vet_internal,2025-08,2025-Q3,Pain/Osteoarthritis,FlexiCare Joint,PAN-FLEXICARE--L,Veterinary,Region,South,22895,1007400.61,0.96
zoetis_vet_internal,2025-08,2025-Q3,Pain/Osteoarthritis,FlexiCare Joint,PAN-FLEXICARE--S,Veterinary,Region,South,31582,1389627.19,0.96
zoetis_vet_internal,2025-08,2025-Q3,Vaccines,ImmunoCore Canine,VAC-IMMUNOCORE-L,Veterinary,Region,South,75688,1589437.97,0.96
zoetis_vet_internal,2025-08,2025-Q3,Vaccines,ImmunoCore Canine,VAC-IMMUNOCORE-S,Veterinary,Region,South,106756,2241874.38,0.96
zoetis_vet_internal,2025-08,2025-Q3,Pain/Osteoarthritis,Librela,PAN-LIBRELA-L,Veterinary,Region,South,27557,1322740.54,0.96
zoetis_vet_internal,2025-08,2025-Q3,Pain/Osteoarthritis,Librela,PAN-LIBRELA-S,Veterinary,Region,South,37949,1821562.62,0.96
zoetis_vet_internal,2025-08,2025-Q3,Pain/Osteoarthritis,OsteoEase Vet,PAN-OSTEOEASE--L,Veterinary,Region,South,20320,833109.48,0.96
zoetis_vet_internal,2025-08,2025-Q3,Pain/Osteoarthritis,OsteoEase Vet,PAN-OSTEOEASE--S,Veterinary,Region,South,28542,1170239.6,0.96
zoetis_vet_internal,2025-08,2025-Q3,Pain/Osteoarthritis,PainAway Canine,PAN-PAINAWAY-C-L,Veterinary,Region,South,19502,721561.82,0.96
zoetis_vet_internal,2025-08,2025-Q3,Pain/Osteoarthritis,PainAway Canine,PAN-PAINAWAY-C-S,Veterinary,Region,South,27134,1003967.81,0.96
zoetis_vet_internal,2025-08,2025-Q3,Petcare Diagnostics,PetLab Analyzer,DIA-PETLAB-ANA-L,Veterinary,Region,South,48729,730929.63,0.96
zoetis_vet_internal,2025-08,2025-Q3,Petcare Diagnostics,PetLab Analyzer,DIA-PETLAB-ANA-S,Veterinary,Region,South,65337,980048.39,0.96
zoetis_vet_internal,2025-08,2025-Q3,Petcare Diagnostics,RapidVet Dx,DIA-RAPIDVET-D-L,Veterinary,Region,South,70765,1132246.01,0.96
zoetis_vet_internal,2025-08,2025-Q3,Petcare Diagnostics,RapidVet Dx,DIA-RAPIDVET-D-S,Veterinary,Region,South,97093,1553495.73,0.96
zoetis_vet_internal,2025-08,2025-Q3,Parasiticides,Simparica Trio,PAR-SIMPARICA--L,Veterinary,Region,South,79735,2232592.08,0.96
zoetis_vet_internal,2025-08,2025-Q3,Parasiticides,Simparica Trio,PAR-SIMPARICA--S,Veterinary,Region,South,113544,3179224.47,0.96
zoetis_vet_internal,2025-08,2025-Q3,Dermatology,SkinRelief Pro,DRM-SKINRELIEF-L,Veterinary,Region,South,25369,1243083.83,0.96
zoetis_vet_internal,2025-08,2025-Q3,Dermatology,SkinRelief Pro,DRM-SKINRELIEF-S,Veterinary,Region,South,35247,1727122.38,0.96
zoetis_vet_internal,2025-08,2025-Q3,Parasiticides,TickShield Plus,PAR-TICKSHIELD-L,Veterinary,Region,South,45322,1087717.16,0.96
zoetis_vet_internal,2025-08,2025-Q3,Parasiticides,TickShield Plus,PAR-TICKSHIELD-S,Veterinary,Region,South,62848,1508358.12,0.96
zoetis_vet_internal,2025-08,2025-Q3,Vaccines,Vanguard,VAC-VANGUARD-L,Veterinary,Region,South,88313,1942876.97,0.96
zoetis_vet_internal,2025-08,2025-Q3,Vaccines,Vanguard,VAC-VANGUARD-S,Veterinary,Region,South,118775,2613056.98,0.96
zoetis_vet_internal,2025-08,2025-Q3,Parasiticides,VectraGuard,PAR-VECTRAGUAR-L,Veterinary,Region,South,56035,1456903.96,0.96
zoetis_vet_internal,2025-08,2025-Q3,Parasiticides,VectraGuard,PAR-VECTRAGUAR-S,Veterinary,Region,South,75408,1960603.3,0.96
zoetis_vet_internal,2025-08,2025-Q3,Vaccines,VetGuard Immunize,VAC-VETGUARD-I-L,Veterinary,Region,South,56847,1080090.2,0.96
zoetis_vet_internal,2025-08,2025-Q3,Vaccines,VetGuard Immunize,VAC-VETGUARD-I-S,Veterinary,Region,South,78285,1487412.99,0.96
zoetis_vet_internal,2025-08,2025-Q3,Vaccines,VetSelect Core Vax,VAC-VETSELECT--L,Veterinary,Region,South,46533,651465.33,0.96
zoetis_vet_internal,2025-08,2025-Q3,Vaccines,VetSelect Core Vax,VAC-VETSELECT--S,Veterinary,Region,South,67108,939513.57,0.96
zoetis_vet_internal,2025-08,2025-Q3,Dermatology,VetSelect Derma,DRM-VETSELECT--L,Veterinary,Region,South,21245,807323.08,0.96
zoetis_vet_internal,2025-08,2025-Q3,Dermatology,VetSelect Derma,DRM-VETSELECT--S,Veterinary,Region,South,28403,1079304.33,0.96
zoetis_vet_internal,2025-08,2025-Q3,Petcare Diagnostics,VetSelect Dx,DIA-VETSELECT--L,Veterinary,Region,South,38054,456643.2,0.96
zoetis_vet_internal,2025-08,2025-Q3,Petcare Diagnostics,VetSelect Dx,DIA-VETSELECT--S,Veterinary,Region,South,54387,652645.38,0.96
zoetis_vet_internal,2025-08,2025-Q3,Parasiticides,VetSelect Flea & Tick,PAR-VETSELECT--L,Veterinary,Region,South,37864,643690.92,0.96
zoetis_vet_internal,2025-08,2025-Q3,Parasiticides,VetSelect Flea & Tick,PAR-VETSELECT--S,Veterinary,Region,South,51084,868429.92,0.96
zoetis_vet_internal,2025-08,2025-Q3,Pain/Osteoarthritis,VetSelect Joint,PAN-VETSELECT--L,Veterinary,Region,South,17837,517285.2,0.96
zoetis_vet_internal,2025-08,2025-Q3,Pain/Osteoarthritis,VetSelect Joint,PAN-VETSELECT--S,Veterinary,Region,South,25003,725076.32,0.96
zoetis_vet_internal,2025-08,2025-Q3,Petcare Diagnostics,Vetscan,DIA-VETSCAN-L,Veterinary,Region,South,97236,1750245.42,0.96
zoetis_vet_internal,2025-08,2025-Q3,Petcare Diagnostics,Vetscan,DIA-VETSCAN-S,Veterinary,Region,South,132517,2385306.71,0.96
zoetis_vet_internal,2025-08,2025-Q3,Dermatology,AllerVet RX,DRM-ALLERVET-R-L,Veterinary,Region,West,21265,1148289.5,0.96
zoetis_vet_internal,2025-08,2025-Q3,Dermatology,AllerVet RX,DRM-ALLERVET-R-S,Veterinary,Region,West,29243,1579108.89,0.96
zoetis_vet_internal,2025-08,2025-Q3,Dermatology,Apoquel,DRM-APOQUEL-L,Veterinary,Region,West,36819,2393251.95,0.96
zoetis_vet_internal,2025-08,2025-Q3,Dermatology,Apoquel,DRM-APOQUEL-S,Veterinary,Region,West,50207,3263438.92,0.96
zoetis_vet_internal,2025-08,2025-Q3,Vaccines,BioShield Vax,VAC-BIOSHIELD--L,Veterinary,Region,West,40179,803578.9,0.96
zoetis_vet_internal,2025-08,2025-Q3,Vaccines,BioShield Vax,VAC-BIOSHIELD--S,Veterinary,Region,West,53540,1070791.42,0.96
zoetis_vet_internal,2025-08,2025-Q3,Dermatology,DermaCalm,DRM-DERMACALM-L,Veterinary,Region,West,21434,1243167.57,0.96
zoetis_vet_internal,2025-08,2025-Q3,Dermatology,DermaCalm,DRM-DERMACALM-S,Veterinary,Region,West,29969,1738216.36,0.96
zoetis_vet_internal,2025-08,2025-Q3,Petcare Diagnostics,DiagnosTech Vet,DIA-DIAGNOSTEC-L,Veterinary,Region,West,53038,901649.01,0.96
zoetis_vet_internal,2025-08,2025-Q3,Petcare Diagnostics,DiagnosTech Vet,DIA-DIAGNOSTEC-S,Veterinary,Region,West,77375,1315376.64,0.96
zoetis_vet_internal,2025-08,2025-Q3,Parasiticides,FleaStop Pro,PAR-FLEASTOP-P-L,Veterinary,Region,West,26969,566354.34,0.96
zoetis_vet_internal,2025-08,2025-Q3,Parasiticides,FleaStop Pro,PAR-FLEASTOP-P-S,Veterinary,Region,West,38068,799419.79,0.96
zoetis_vet_internal,2025-08,2025-Q3,Pain/Osteoarthritis,FlexiCare Joint,PAN-FLEXICARE--L,Veterinary,Region,West,15169,667414.4,0.96
zoetis_vet_internal,2025-08,2025-Q3,Pain/Osteoarthritis,FlexiCare Joint,PAN-FLEXICARE--S,Veterinary,Region,West,20790,914743.87,0.96
zoetis_vet_internal,2025-08,2025-Q3,Vaccines,ImmunoCore Canine,VAC-IMMUNOCORE-L,Veterinary,Region,West,48222,1012652.15,0.96
zoetis_vet_internal,2025-08,2025-Q3,Vaccines,ImmunoCore Canine,VAC-IMMUNOCORE-S,Veterinary,Region,West,65278,1370831.82,0.96
zoetis_vet_internal,2025-08,2025-Q3,Pain/Osteoarthritis,Librela,PAN-LIBRELA-L,Veterinary,Region,West,17704,849781.88,0.96
zoetis_vet_internal,2025-08,2025-Q3,Pain/Osteoarthritis,Librela,PAN-LIBRELA-S,Veterinary,Region,West,24597,1180677.37,0.96
zoetis_vet_internal,2025-08,2025-Q3,Pain/Osteoarthritis,OsteoEase Vet,PAN-OSTEOEASE--L,Veterinary,Region,West,13642,559334.72,0.96
zoetis_vet_internal,2025-08,2025-Q3,Pain/Osteoarthritis,OsteoEase Vet,PAN-OSTEOEASE--S,Veterinary,Region,West,18286,749744.75,0.96
zoetis_vet_internal,2025-08,2025-Q3,Pain/Osteoarthritis,PainAway Canine,PAN-PAINAWAY-C-L,Veterinary,Region,West,13102,484777.22,0.96
zoetis_vet_internal,2025-08,2025-Q3,Pain/Osteoarthritis,PainAway Canine,PAN-PAINAWAY-C-S,Veterinary,Region,West,17170,635276.58,0.96
zoetis_vet_internal,2025-08,2025-Q3,Petcare Diagnostics,PetLab Analyzer,DIA-PETLAB-ANA-L,Veterinary,Region,West,31067,466002.03,0.96
zoetis_vet_internal,2025-08,2025-Q3,Petcare Diagnostics,PetLab Analyzer,DIA-PETLAB-ANA-S,Veterinary,Region,West,42983,644738.65,0.96
zoetis_vet_internal,2025-08,2025-Q3,Petcare Diagnostics,RapidVet Dx,DIA-RAPIDVET-D-L,Veterinary,Region,West,49156,786493.08,0.96
zoetis_vet_internal,2025-08,2025-Q3,Petcare Diagnostics,RapidVet Dx,DIA-RAPIDVET-D-S,Veterinary,Region,West,67478,1079654.38,0.96
zoetis_vet_internal,2025-08,2025-Q3,Parasiticides,Simparica Trio,PAR-SIMPARICA--L,Veterinary,Region,West,53999,1511966.42,0.96
zoetis_vet_internal,2025-08,2025-Q3,Parasiticides,Simparica Trio,PAR-SIMPARICA--S,Veterinary,Region,West,75423,2111852.44,0.96
zoetis_vet_internal,2025-08,2025-Q3,Dermatology,SkinRelief Pro,DRM-SKINRELIEF-L,Veterinary,Region,West,18166,890148.66,0.96
zoetis_vet_internal,2025-08,2025-Q3,Dermatology,SkinRelief Pro,DRM-SKINRELIEF-S,Veterinary,Region,West,24294,1190415.17,0.96
zoetis_vet_internal,2025-08,2025-Q3,Parasiticides,TickShield Plus,PAR-TICKSHIELD-L,Veterinary,Region,West,30594,734261.19,0.96
zoetis_vet_internal,2025-08,2025-Q3,Parasiticides,TickShield Plus,PAR-TICKSHIELD-S,Veterinary,Region,West,42090,1010154.62,0.96
zoetis_vet_internal,2025-08,2025-Q3,Vaccines,Vanguard,VAC-VANGUARD-L,Veterinary,Region,West,59289,1304347.26,0.96
zoetis_vet_internal,2025-08,2025-Q3,Vaccines,Vanguard,VAC-VANGUARD-S,Veterinary,Region,West,83079,1827739.85,0.96
zoetis_vet_internal,2025-08,2025-Q3,Parasiticides,VectraGuard,PAR-VECTRAGUAR-L,Veterinary,Region,West,36354,945207.96,0.96
zoetis_vet_internal,2025-08,2025-Q3,Parasiticides,VectraGuard,PAR-VECTRAGUAR-S,Veterinary,Region,West,52636,1368533.17,0.96
zoetis_vet_internal,2025-08,2025-Q3,Vaccines,VetGuard Immunize,VAC-VETGUARD-I-L,Veterinary,Region,West,35850,681146.6,0.96
zoetis_vet_internal,2025-08,2025-Q3,Vaccines,VetGuard Immunize,VAC-VETGUARD-I-S,Veterinary,Region,West,49757,945385.97,0.96
zoetis_vet_internal,2025-08,2025-Q3,Vaccines,VetSelect Core Vax,VAC-VETSELECT--L,Veterinary,Region,West,31937,447114.23,0.96
zoetis_vet_internal,2025-08,2025-Q3,Vaccines,VetSelect Core Vax,VAC-VETSELECT--S,Veterinary,Region,West,43912,614765.91,0.96
zoetis_vet_internal,2025-08,2025-Q3,Dermatology,VetSelect Derma,DRM-VETSELECT--L,Veterinary,Region,West,14343,545052.1,0.96
zoetis_vet_internal,2025-08,2025-Q3,Dermatology,VetSelect Derma,DRM-VETSELECT--S,Veterinary,Region,West,20079,762989.25,0.96
zoetis_vet_internal,2025-08,2025-Q3,Petcare Diagnostics,VetSelect Dx,DIA-VETSELECT--L,Veterinary,Region,West,24952,299420.25,0.96
zoetis_vet_internal,2025-08,2025-Q3,Petcare Diagnostics,VetSelect Dx,DIA-VETSELECT--S,Veterinary,Region,West,34487,413840.4,0.96
zoetis_vet_internal,2025-08,2025-Q3,Parasiticides,VetSelect Flea & Tick,PAR-VETSELECT--L,Veterinary,Region,West,24881,422975.4,0.96
zoetis_vet_internal,2025-08,2025-Q3,Parasiticides,VetSelect Flea & Tick,PAR-VETSELECT--S,Veterinary,Region,West,34536,587116.11,0.96
zoetis_vet_internal,2025-08,2025-Q3,Pain/Osteoarthritis,VetSelect Joint,PAN-VETSELECT--L,Veterinary,Region,West,11303,327780.7,0.96
zoetis_vet_internal,2025-08,2025-Q3,Pain/Osteoarthritis,VetSelect Joint,PAN-VETSELECT--S,Veterinary,Region,West,16122,467532.21,0.96
zoetis_vet_internal,2025-08,2025-Q3,Petcare Diagnostics,Vetscan,DIA-VETSCAN-L,Veterinary,Region,West,67885,1221926.69,0.96
zoetis_vet_internal,2025-08,2025-Q3,Petcare Diagnostics,Vetscan,DIA-VETSCAN-S,Veterinary,Region,West,90288,1625183.96,0.96
zoetis_vet_internal,2025-09,2025-Q3,Dermatology,AllerVet RX,DRM-ALLERVET-R-L,Veterinary,National,National,84057,4539033.11,0.96
zoetis_vet_internal,2025-09,2025-Q3,Dermatology,AllerVet RX,DRM-ALLERVET-R-S,Veterinary,National,National,114437,6179582.94,0.96
zoetis_vet_internal,2025-09,2025-Q3,Dermatology,Apoquel,DRM-APOQUEL-L,Veterinary,National,National,150371,9774093.86,0.96
zoetis_vet_internal,2025-09,2025-Q3,Dermatology,Apoquel,DRM-APOQUEL-S,Veterinary,National,National,202285,13148496.84,0.96
zoetis_vet_internal,2025-09,2025-Q3,Vaccines,BioShield Vax,VAC-BIOSHIELD--L,Veterinary,National,National,174483,3489668.99,0.96
zoetis_vet_internal,2025-09,2025-Q3,Vaccines,BioShield Vax,VAC-BIOSHIELD--S,Veterinary,National,National,246957,4939124.11,0.96
zoetis_vet_internal,2025-09,2025-Q3,Dermatology,DermaCalm,DRM-DERMACALM-L,Veterinary,National,National,92486,5364141.72,0.96
zoetis_vet_internal,2025-09,2025-Q3,Dermatology,DermaCalm,DRM-DERMACALM-S,Veterinary,National,National,126542,7339506.25,0.96
zoetis_vet_internal,2025-09,2025-Q3,Petcare Diagnostics,DiagnosTech Vet,DIA-DIAGNOSTEC-L,Veterinary,National,National,229202,3896438.14,0.96
zoetis_vet_internal,2025-09,2025-Q3,Petcare Diagnostics,DiagnosTech Vet,DIA-DIAGNOSTEC-S,Veterinary,National,National,322335,5479694.88,0.96
zoetis_vet_internal,2025-09,2025-Q3,Parasiticides,FleaStop Pro,PAR-FLEASTOP-P-L,Veterinary,National,National,102448,2151412.27,0.96
zoetis_vet_internal,2025-09,2025-Q3,Parasiticides,FleaStop Pro,PAR-FLEASTOP-P-S,Veterinary,National,National,140767,2956098.9,0.96
zoetis_vet_internal,2025-09,2025-Q3,Pain/Osteoarthritis,FlexiCare Joint,PAN-FLEXICARE--L,Veterinary,National,National,69482,3057232.07,0.96
zoetis_vet_internal,2025-09,2025-Q3,Pain/Osteoarthritis,FlexiCare Joint,PAN-FLEXICARE--S,Veterinary,National,National,95960,4222261.86,0.96
zoetis_vet_internal,2025-09,2025-Q3,Vaccines,ImmunoCore Canine,VAC-IMMUNOCORE-L,Veterinary,National,National,208850,4385862.1,0.96
zoetis_vet_internal,2025-09,2025-Q3,Vaccines,ImmunoCore Canine,VAC-IMMUNOCORE-S,Veterinary,National,National,288275,6053794.04,0.96
zoetis_vet_internal,2025-09,2025-Q3,Pain/Osteoarthritis,Librela,PAN-LIBRELA-L,Veterinary,National,National,78336,3760101.33,0.96
zoetis_vet_internal,2025-09,2025-Q3,Pain/Osteoarthritis,Librela,PAN-LIBRELA-S,Veterinary,National,National,109143,5238843.11,0.96
zoetis_vet_internal,2025-09,2025-Q3,Pain/Osteoarthritis,OsteoEase Vet,PAN-OSTEOEASE--L,Veterinary,National,National,64130,2629285.59,0.96
zoetis_vet_internal,2025-09,2025-Q3,Pain/Osteoarthritis,OsteoEase Vet,PAN-OSTEOEASE--S,Veterinary,National,National,87686,3595159.87,0.96
zoetis_vet_internal,2025-09,2025-Q3,Pain/Osteoarthritis,PainAway Canine,PAN-PAINAWAY-C-L,Veterinary,National,National,54011,1998404.26,0.96
zoetis_vet_internal,2025-09,2025-Q3,Pain/Osteoarthritis,PainAway Canine,PAN-PAINAWAY-C-S,Veterinary,National,National,75138,2780134.89,0.96
zoetis_vet_internal,2025-09,2025-Q3,Petcare Diagnostics,PetLab Analyzer,DIA-PETLAB-ANA-L,Veterinary,National,National,137077,2056145.25,0.96
zoetis_vet_internal,2025-09,2025-Q3,Petcare Diagnostics,PetLab Analyzer,DIA-PETLAB-ANA-S,Veterinary,National,National,189873,2848094.66,0.96
zoetis_vet_internal,2025-09,2025-Q3,Petcare Diagnostics,RapidVet Dx,DIA-RAPIDVET-D-L,Veterinary,National,National,211591,3385454.82,0.96
zoetis_vet_internal,2025-09,2025-Q3,Petcare Diagnostics,RapidVet Dx,DIA-RAPIDVET-D-S,Veterinary,National,National,281178,4498848.12,0.96
zoetis_vet_internal,2025-09,2025-Q3,Parasiticides,Simparica Trio,PAR-SIMPARICA--L,Veterinary,National,National,210759,5901266.57,0.96
zoetis_vet_internal,2025-09,2025-Q3,Parasiticides,Simparica Trio,PAR-SIMPARICA--S,Veterinary,National,National,295100,8262795.88,0.96
zoetis_vet_internal,2025-09,2025-Q3,Dermatology,SkinRelief Pro,DRM-SKINRELIEF-L,Veterinary,National,National,72982,3576120.77,0.96
zoetis_vet_internal,2025-09,2025-Q3,Dermatology,SkinRelief Pro,DRM-SKINRELIEF-S,Veterinary,National,National,103326,5062953.96,0.96
zoetis_vet_internal,2025-09,2025-Q3,Parasiticides,TickShield Plus,PAR-TICKSHIELD-L,Veterinary,National,National,111206,2668945.69,0.96
zoetis_vet_internal,2025-09,2025-Q3,Parasiticides,TickShield Plus,PAR-TICKSHIELD-S,Veterinary,National,National,152728,3665491.71,0.96
zoetis_vet_internal,2025-09,2025-Q3,Vaccines,Vanguard,VAC-VANGUARD-L,Veterinary,National,National,244757,5384654.55,0.96
zoetis_vet_internal,2025-09,2025-Q3,Vaccines,Vanguard,VAC-VANGUARD-S,Veterinary,National,National,345356,7597858.2,0.96
zoetis_vet_internal,2025-09,2025-Q3,Parasiticides,VectraGuard,PAR-VECTRAGUAR-L,Veterinary,National,National,136658,3553097.69,0.96
zoetis_vet_internal,2025-09,2025-Q3,Parasiticides,VectraGuard,PAR-VECTRAGUAR-S,Veterinary,National,National,189028,4914733.76,0.96
zoetis_vet_internal,2025-09,2025-Q3,Vaccines,VetGuard Immunize,VAC-VETGUARD-I-L,Veterinary,National,National,154001,2926014.76,0.96
zoetis_vet_internal,2025-09,2025-Q3,Vaccines,VetGuard Immunize,VAC-VETGUARD-I-S,Veterinary,National,National,214337,4072383.67,0.96
zoetis_vet_internal,2025-09,2025-Q3,Vaccines,VetSelect Core Vax,VAC-VETSELECT--L,Veterinary,National,National,131075,1835056.21,0.96
zoetis_vet_internal,2025-09,2025-Q3,Vaccines,VetSelect Core Vax,VAC-VETSELECT--S,Veterinary,National,National,180869,2532156.62,0.96
zoetis_vet_internal,2025-09,2025-Q3,Dermatology,VetSelect Derma,DRM-VETSELECT--L,Veterinary,National,National,61587,2340296.31,0.96
zoetis_vet_internal,2025-09,2025-Q3,Dermatology,VetSelect Derma,DRM-VETSELECT--S,Veterinary,National,National,86953,3304214.53,0.96
zoetis_vet_internal,2025-09,2025-Q3,Petcare Diagnostics,VetSelect Dx,DIA-VETSELECT--L,Veterinary,National,National,107760,1293125.63,0.96
zoetis_vet_internal,2025-09,2025-Q3,Petcare Diagnostics,VetSelect Dx,DIA-VETSELECT--S,Veterinary,National,National,149335,1792015.61,0.96
zoetis_vet_internal,2025-09,2025-Q3,Parasiticides,VetSelect Flea & Tick,PAR-VETSELECT--L,Veterinary,National,National,93626,1591645.91,0.96
zoetis_vet_internal,2025-09,2025-Q3,Parasiticides,VetSelect Flea & Tick,PAR-VETSELECT--S,Veterinary,National,National,129064,2194075.62,0.96
zoetis_vet_internal,2025-09,2025-Q3,Pain/Osteoarthritis,VetSelect Joint,PAN-VETSELECT--L,Veterinary,National,National,54432,1578517.33,0.96
zoetis_vet_internal,2025-09,2025-Q3,Pain/Osteoarthritis,VetSelect Joint,PAN-VETSELECT--S,Veterinary,National,National,75164,2179732.61,0.96
zoetis_vet_internal,2025-09,2025-Q3,Petcare Diagnostics,Vetscan,DIA-VETSCAN-L,Veterinary,National,National,282483,5084683.54,0.96
zoetis_vet_internal,2025-09,2025-Q3,Petcare Diagnostics,Vetscan,DIA-VETSCAN-S,Veterinary,National,National,390652,7031736.26,0.96
zoetis_vet_internal,2025-09,2025-Q3,Dermatology,AllerVet RX,DRM-ALLERVET-R-L,Veterinary,Region,Midwest,16730,903397.28,0.96
zoetis_vet_internal,2025-09,2025-Q3,Dermatology,AllerVet RX,DRM-ALLERVET-R-S,Veterinary,Region,Midwest,23735,1281695.48,0.96
zoetis_vet_internal,2025-09,2025-Q3,Dermatology,Apoquel,DRM-APOQUEL-L,Veterinary,Region,Midwest,31231,2029991.62,0.96
zoetis_vet_internal,2025-09,2025-Q3,Dermatology,Apoquel,DRM-APOQUEL-S,Veterinary,Region,Midwest,41976,2728432.19,0.96
zoetis_vet_internal,2025-09,2025-Q3,Vaccines,BioShield Vax,VAC-BIOSHIELD--L,Veterinary,Region,Midwest,37452,749040.66,0.96
zoetis_vet_internal,2025-09,2025-Q3,Vaccines,BioShield Vax,VAC-BIOSHIELD--S,Veterinary,Region,Midwest,51048,1020960.84,0.96
zoetis_vet_internal,2025-09,2025-Q3,Dermatology,DermaCalm,DRM-DERMACALM-L,Veterinary,Region,Midwest,18854,1093507.64,0.96
zoetis_vet_internal,2025-09,2025-Q3,Dermatology,DermaCalm,DRM-DERMACALM-S,Veterinary,Region,Midwest,25369,1471413.09,0.96
zoetis_vet_internal,2025-09,2025-Q3,Petcare Diagnostics,DiagnosTech Vet,DIA-DIAGNOSTEC-L,Veterinary,Region,Midwest,47835,813199.64,0.96
zoetis_vet_internal,2025-09,2025-Q3,Petcare Diagnostics,DiagnosTech Vet,DIA-DIAGNOSTEC-S,Veterinary,Region,Midwest,66243,1126134.16,0.96
zoetis_vet_internal,2025-09,2025-Q3,Parasiticides,FleaStop Pro,PAR-FLEASTOP-P-L,Veterinary,Region,Midwest,21686,455397.81,0.96
zoetis_vet_internal,2025-09,2025-Q3,Parasiticides,FleaStop Pro,PAR-FLEASTOP-P-S,Veterinary,Region,Midwest,29760,624950.55,0.96
zoetis_vet_internal,2025-09,2025-Q3,Pain/Osteoarthritis,FlexiCare Joint,PAN-FLEXICARE--L,Veterinary,Region,Midwest,14309,629609.63,0.96
zoetis_vet_internal,2025-09,2025-Q3,Pain/Osteoarthritis,FlexiCare Joint,PAN-FLEXICARE--S,Veterinary,Region,Midwest,19685,866148.55,0.96
zoetis_vet_internal,2025-09,2025-Q3,Vaccines,ImmunoCore Canine,VAC-IMMUNOCORE-L,Veterinary,Region,Midwest,42019,882406.07,0.96
zoetis_vet_internal,2025-09,2025-Q3,Vaccines,ImmunoCore Canine,VAC-IMMUNOCORE-S,Veterinary,Region,Midwest,59392,1247237.52,0.96
zoetis_vet_internal,2025-09,2025-Q3,Pain/Osteoarthritis,Librela,PAN-LIBRELA-L,Veterinary,Region,Midwest,16991,815546.39,0.96
zoetis_vet_internal,2025-09,2025-Q3,Pain/Osteoarthritis,Librela,PAN-LIBRELA-S,Veterinary,Region,Midwest,23020,1104953.59,0.96
zoetis_vet_internal,2025-09,2025-Q3,Pain/Osteoarthritis,OsteoEase Vet,PAN-OSTEOEASE--L,Veterinary,Region,Midwest,12769,523522.13,0.96
zoetis_vet_internal,2025-09,2025-Q3,Pain/Osteoarthritis,OsteoEase Vet,PAN-OSTEOEASE--S,Veterinary,Region,Midwest,18152,744226.83,0.96
zoetis_vet_internal,2025-09,2025-Q3,Pain/Osteoarthritis,PainAway Canine,PAN-PAINAWAY-C-L,Veterinary,Region,Midwest,11919,441002.73,0.96
zoetis_vet_internal,2025-09,2025-Q3,Pain/Osteoarthritis,PainAway Canine,PAN-PAINAWAY-C-S,Veterinary,Region,Midwest,17196,636256.49,0.96
zoetis_vet_internal,2025-09,2025-Q3,Petcare Diagnostics,PetLab Analyzer,DIA-PETLAB-ANA-L,Veterinary,Region,Midwest,28602,429024.76,0.96
zoetis_vet_internal,2025-09,2025-Q3,Petcare Diagnostics,PetLab Analyzer,DIA-PETLAB-ANA-S,Veterinary,Region,Midwest,39310,589644.2,0.96
zoetis_vet_internal,2025-09,2025-Q3,Petcare Diagnostics,RapidVet Dx,DIA-RAPIDVET-D-L,Veterinary,Region,Midwest,46439,743019.5,0.96
zoetis_vet_internal,2025-09,2025-Q3,Petcare Diagnostics,RapidVet Dx,DIA-RAPIDVET-D-S,Veterinary,Region,Midwest,62851,1005611.72,0.96
zoetis_vet_internal,2025-09,2025-Q3,Parasiticides,Simparica Trio,PAR-SIMPARICA--L,Veterinary,Region,Midwest,46729,1308418.82,0.96
zoetis_vet_internal,2025-09,2025-Q3,Parasiticides,Simparica Trio,PAR-SIMPARICA--S,Veterinary,Region,Midwest,65641,1837950.15,0.96
zoetis_vet_internal,2025-09,2025-Q3,Dermatology,SkinRelief Pro,DRM-SKINRELIEF-L,Veterinary,Region,Midwest,14653,717976.79,0.96
zoetis_vet_internal,2025-09,2025-Q3,Dermatology,SkinRelief Pro,DRM-SKINRELIEF-S,Veterinary,Region,Midwest,20020,980965.19,0.96
zoetis_vet_internal,2025-09,2025-Q3,Parasiticides,TickShield Plus,PAR-TICKSHIELD-L,Veterinary,Region,Midwest,23466,563185.86,0.96
zoetis_vet_internal,2025-09,2025-Q3,Parasiticides,TickShield Plus,PAR-TICKSHIELD-S,Veterinary,Region,Midwest,31865,764767.35,0.96
zoetis_vet_internal,2025-09,2025-Q3,Vaccines,Vanguard,VAC-VANGUARD-L,Veterinary,Region,Midwest,51508,1133174.07,0.96
zoetis_vet_internal,2025-09,2025-Q3,Vaccines,Vanguard,VAC-VANGUARD-S,Veterinary,Region,Midwest,71765,1578839.78,0.96
zoetis_vet_internal,2025-09,2025-Q3,Parasiticides,VectraGuard,PAR-VECTRAGUAR-L,Veterinary,Region,Midwest,29368,763558.9,0.96
zoetis_vet_internal,2025-09,2025-Q3,Parasiticides,VectraGuard,PAR-VECTRAGUAR-S,Veterinary,Region,Midwest,40801,1060833.38,0.96
zoetis_vet_internal,2025-09,2025-Q3,Vaccines,VetGuard Immunize,VAC-VETGUARD-I-L,Veterinary,Region,Midwest,31985,607712.49,0.96
zoetis_vet_internal,2025-09,2025-Q3,Vaccines,VetGuard Immunize,VAC-VETGUARD-I-S,Veterinary,Region,Midwest,45425,863073.47,0.96
zoetis_vet_internal,2025-09,2025-Q3,Vaccines,VetSelect Core Vax,VAC-VETSELECT--L,Veterinary,Region,Midwest,26993,377899.69,0.96
zoetis_vet_internal,2025-09,2025-Q3,Vaccines,VetSelect Core Vax,VAC-VETSELECT--S,Veterinary,Region,Midwest,37445,524232.19,0.96
zoetis_vet_internal,2025-09,2025-Q3,Dermatology,VetSelect Derma,DRM-VETSELECT--L,Veterinary,Region,Midwest,13319,506121.18,0.96
zoetis_vet_internal,2025-09,2025-Q3,Dermatology,VetSelect Derma,DRM-VETSELECT--S,Veterinary,Region,Midwest,18520,703762.87,0.96
zoetis_vet_internal,2025-09,2025-Q3,Petcare Diagnostics,VetSelect Dx,DIA-VETSELECT--L,Veterinary,Region,Midwest,22771,273256.73,0.96
zoetis_vet_internal,2025-09,2025-Q3,Petcare Diagnostics,VetSelect Dx,DIA-VETSELECT--S,Veterinary,Region,Midwest,31527,378320.16,0.96
zoetis_vet_internal,2025-09,2025-Q3,Parasiticides,VetSelect Flea & Tick,PAR-VETSELECT--L,Veterinary,Region,Midwest,18420,313147.27,0.96
zoetis_vet_internal,2025-09,2025-Q3,Parasiticides,VetSelect Flea & Tick,PAR-VETSELECT--S,Veterinary,Region,Midwest,24156,410651.38,0.96
zoetis_vet_internal,2025-09,2025-Q3,Pain/Osteoarthritis,VetSelect Joint,PAN-VETSELECT--L,Veterinary,Region,Midwest,11762,341097.15,0.96
zoetis_vet_internal,2025-09,2025-Q3,Pain/Osteoarthritis,VetSelect Joint,PAN-VETSELECT--S,Veterinary,Region,Midwest,15316,444153.96,0.96
zoetis_vet_internal,2025-09,2025-Q3,Petcare Diagnostics,Vetscan,DIA-VETSCAN-L,Veterinary,Region,Midwest,55266,994781.25,0.96
zoetis_vet_internal,2025-09,2025-Q3,Petcare Diagnostics,Vetscan,DIA-VETSCAN-S,Veterinary,Region,Midwest,73990,1331818.69,0.96
zoetis_vet_internal,2025-09,2025-Q3,Dermatology,AllerVet RX,DRM-ALLERVET-R-L,Veterinary,Region,Northeast,19261,1040109.74,0.96
zoetis_vet_internal,2025-09,2025-Q3,Dermatology,AllerVet RX,DRM-ALLERVET-R-S,Veterinary,Region,Northeast,26050,1406678.17,0.96
zoetis_vet_internal,2025-09,2025-Q3,Dermatology,Apoquel,DRM-APOQUEL-L,Veterinary,Region,Northeast,33750,2193753.57,0.96
zoetis_vet_internal,2025-09,2025-Q3,Dermatology,Apoquel,DRM-APOQUEL-S,Veterinary,Region,Northeast,46281,3008242.14,0.96
zoetis_vet_internal,2025-09,2025-Q3,Vaccines,BioShield Vax,VAC-BIOSHIELD--L,Veterinary,Region,Northeast,37867,757333.03,0.96
zoetis_vet_internal,2025-09,2025-Q3,Vaccines,BioShield Vax,VAC-BIOSHIELD--S,Veterinary,Region,Northeast,55745,1114897.61,0.96
zoetis_vet_internal,2025-09,2025-Q3,Dermatology,DermaCalm,DRM-DERMACALM-L,Veterinary,Region,Northeast,20556,1192237.14,0.96
zoetis_vet_internal,2025-09,2025-Q3,Dermatology,DermaCalm,DRM-DERMACALM-S,Veterinary,Region,Northeast,27874,1616716.78,0.96
zoetis_vet_internal,2025-09,2025-Q3,Petcare Diagnostics,DiagnosTech Vet,DIA-DIAGNOSTEC-L,Veterinary,Region,Northeast,52820,897935.55,0.96
zoetis_vet_internal,2025-09,2025-Q3,Petcare Diagnostics,DiagnosTech Vet,DIA-DIAGNOSTEC-S,Veterinary,Region,Northeast,69453,1180704.93,0.96
zoetis_vet_internal,2025-09,2025-Q3,Parasiticides,FleaStop Pro,PAR-FLEASTOP-P-L,Veterinary,Region,Northeast,21959,461142.39,0.96
zoetis_vet_internal,2025-09,2025-Q3,Parasiticides,FleaStop Pro,PAR-FLEASTOP-P-S,Veterinary,Region,Northeast,31252,656288.11,0.96
zoetis_vet_internal,2025-09,2025-Q3,Pain/Osteoarthritis,FlexiCare Joint,PAN-FLEXICARE--L,Veterinary,Region,Northeast,14962,658309.76,0.96
zoetis_vet_internal,2025-09,2025-Q3,Pain/Osteoarthritis,FlexiCare Joint,PAN-FLEXICARE--S,Veterinary,Region,Northeast,21011,924497.18,0.96
zoetis_vet_internal,2025-09,2025-Q3,Vaccines,ImmunoCore Canine,VAC-IMMUNOCORE-L,Veterinary,Region,Northeast,45741,960568.83,0.96
zoetis_vet_internal,2025-09,2025-Q3,Vaccines,ImmunoCore Canine,VAC-IMMUNOCORE-S,Veterinary,Region,Northeast,61779,1297365.73,0.96
zoetis_vet_internal,2025-09,2025-Q3,Pain/Osteoarthritis,Librela,PAN-LIBRELA-L,Veterinary,Region,Northeast,18469,886501.05,0.96
zoetis_vet_internal,2025-09,2025-Q3,Pain/Osteoarthritis,Librela,PAN-LIBRELA-S,Veterinary,Region,Northeast,25027,1201318.77,0.96
zoetis_vet_internal,2025-09,2025-Q3,Pain/Osteoarthritis,OsteoEase Vet,PAN-OSTEOEASE--L,Veterinary,Region,Northeast,14036,575467.95,0.96
zoetis_vet_internal,2025-09,2025-Q3,Pain/Osteoarthritis,OsteoEase Vet,PAN-OSTEOEASE--S,Veterinary,Region,Northeast,19438,796972.29,0.96
zoetis_vet_internal,2025-09,2025-Q3,Pain/Osteoarthritis,PainAway Canine,PAN-PAINAWAY-C-L,Veterinary,Region,Northeast,11506,425713.52,0.96
zoetis_vet_internal,2025-09,2025-Q3,Pain/Osteoarthritis,PainAway Canine,PAN-PAINAWAY-C-S,Veterinary,Region,Northeast,15745,582566.93,0.96
zoetis_vet_internal,2025-09,2025-Q3,Petcare Diagnostics,PetLab Analyzer,DIA-PETLAB-ANA-L,Veterinary,Region,Northeast,28949,434234.3,0.96
zoetis_vet_internal,2025-09,2025-Q3,Petcare Diagnostics,PetLab Analyzer,DIA-PETLAB-ANA-S,Veterinary,Region,Northeast,40055,600832.01,0.96
zoetis_vet_internal,2025-09,2025-Q3,Petcare Diagnostics,RapidVet Dx,DIA-RAPIDVET-D-L,Veterinary,Region,Northeast,47177,754831.04,0.96
zoetis_vet_internal,2025-09,2025-Q3,Petcare Diagnostics,RapidVet Dx,DIA-RAPIDVET-D-S,Veterinary,Region,Northeast,62617,1001868.96,0.96
zoetis_vet_internal,2025-09,2025-Q3,Parasiticides,Simparica Trio,PAR-SIMPARICA--L,Veterinary,Region,Northeast,45692,1279368.81,0.96
zoetis_vet_internal,2025-09,2025-Q3,Parasiticides,Simparica Trio,PAR-SIMPARICA--S,Veterinary,Region,Northeast,60115,1683228.37,0.96
zoetis_vet_internal,2025-09,2025-Q3,Dermatology,SkinRelief Pro,DRM-SKINRELIEF-L,Veterinary,Region,Northeast,16792,822814.77,0.96
zoetis_vet_internal,2025-09,2025-Q3,Dermatology,SkinRelief Pro,DRM-SKINRELIEF-S,Veterinary,Region,Northeast,22178,1086724.38,0.96
zoetis_vet_internal,2025-09,2025-Q3,Parasiticides,TickShield Plus,PAR-TICKSHIELD-L,Veterinary,Region,Northeast,24453,586883.64,0.96
zoetis_vet_internal,2025-09,2025-Q3,Parasiticides,TickShield Plus,PAR-TICKSHIELD-S,Veterinary,Region,Northeast,33517,804402.87,0.96
zoetis_vet_internal,2025-09,2025-Q3,Vaccines,Vanguard,VAC-VANGUARD-L,Veterinary,Region,Northeast,57123,1256710.91,0.96
zoetis_vet_internal,2025-09,2025-Q3,Vaccines,Vanguard,VAC-VANGUARD-S,Veterinary,Region,Northeast,78586,1728896.65,0.96
zoetis_vet_internal,2025-09,2025-Q3,Parasiticides,VectraGuard,PAR-VECTRAGUAR-L,Veterinary,Region,Northeast,30353,789171.09,0.96
zoetis_vet_internal,2025-09,2025-Q3,Parasiticides,VectraGuard,PAR-VECTRAGUAR-S,Veterinary,Region,Northeast,40733,1059046.06,0.96
zoetis_vet_internal,2025-09,2025-Q3,Vaccines,VetGuard Immunize,VAC-VETGUARD-I-L,Veterinary,Region,Northeast,33373,634082.78,0.96
zoetis_vet_internal,2025-09,2025-Q3,Vaccines,VetGuard Immunize,VAC-VETGUARD-I-S,Veterinary,Region,Northeast,45908,872244.5,0.96
zoetis_vet_internal,2025-09,2025-Q3,Vaccines,VetSelect Core Vax,VAC-VETSELECT--L,Veterinary,Region,Northeast,29272,409812.59,0.96
zoetis_vet_internal,2025-09,2025-Q3,Vaccines,VetSelect Core Vax,VAC-VETSELECT--S,Veterinary,Region,Northeast,40409,565724.03,0.96
zoetis_vet_internal,2025-09,2025-Q3,Dermatology,VetSelect Derma,DRM-VETSELECT--L,Veterinary,Region,Northeast,13402,509267.09,0.96
zoetis_vet_internal,2025-09,2025-Q3,Dermatology,VetSelect Derma,DRM-VETSELECT--S,Veterinary,Region,Northeast,19424,738120.44,0.96
zoetis_vet_internal,2025-09,2025-Q3,Petcare Diagnostics,VetSelect Dx,DIA-VETSELECT--L,Veterinary,Region,Northeast,24641,295697.02,0.96
zoetis_vet_internal,2025-09,2025-Q3,Petcare Diagnostics,VetSelect Dx,DIA-VETSELECT--S,Veterinary,Region,Northeast,33854,406250.06,0.96
zoetis_vet_internal,2025-09,2025-Q3,Parasiticides,VetSelect Flea & Tick,PAR-VETSELECT--L,Veterinary,Region,Northeast,21191,360247.85,0.96
zoetis_vet_internal,2025-09,2025-Q3,Parasiticides,VetSelect Flea & Tick,PAR-VETSELECT--S,Veterinary,Region,Northeast,30027,510452.83,0.96
zoetis_vet_internal,2025-09,2025-Q3,Pain/Osteoarthritis,VetSelect Joint,PAN-VETSELECT--L,Veterinary,Region,Northeast,11766,341205.51,0.96
zoetis_vet_internal,2025-09,2025-Q3,Pain/Osteoarthritis,VetSelect Joint,PAN-VETSELECT--S,Veterinary,Region,Northeast,16626,482144.58,0.96
zoetis_vet_internal,2025-09,2025-Q3,Petcare Diagnostics,Vetscan,DIA-VETSCAN-L,Veterinary,Region,Northeast,63489,1142806.31,0.96
zoetis_vet_internal,2025-09,2025-Q3,Petcare Diagnostics,Vetscan,DIA-VETSCAN-S,Veterinary,Region,Northeast,90048,1620855.04,0.96
zoetis_vet_internal,2025-09,2025-Q3,Dermatology,AllerVet RX,DRM-ALLERVET-R-L,Veterinary,Region,South,29088,1570735.27,0.96
zoetis_vet_internal,2025-09,2025-Q3,Dermatology,AllerVet RX,DRM-ALLERVET-R-S,Veterinary,Region,South,39046,2108510.34,0.96
zoetis_vet_internal,2025-09,2025-Q3,Dermatology,Apoquel,DRM-APOQUEL-L,Veterinary,Region,South,50009,3250561.13,0.96
zoetis_vet_internal,2025-09,2025-Q3,Dermatology,Apoquel,DRM-APOQUEL-S,Veterinary,Region,South,66020,4291281.18,0.96
zoetis_vet_internal,2025-09,2025-Q3,Vaccines,BioShield Vax,VAC-BIOSHIELD--L,Veterinary,Region,South,58107,1162147.5,0.96
zoetis_vet_internal,2025-09,2025-Q3,Vaccines,BioShield Vax,VAC-BIOSHIELD--S,Veterinary,Region,South,82249,1644972.81,0.96
zoetis_vet_internal,2025-09,2025-Q3,Dermatology,DermaCalm,DRM-DERMACALM-L,Veterinary,Region,South,31559,1830430.76,0.96
zoetis_vet_internal,2025-09,2025-Q3,Dermatology,DermaCalm,DRM-DERMACALM-S,Veterinary,Region,South,42359,2456849.63,0.96
zoetis_vet_internal,2025-09,2025-Q3,Petcare Diagnostics,DiagnosTech Vet,DIA-DIAGNOSTEC-L,Veterinary,Region,South,76058,1292989.06,0.96
zoetis_vet_internal,2025-09,2025-Q3,Petcare Diagnostics,DiagnosTech Vet,DIA-DIAGNOSTEC-S,Veterinary,Region,South,113191,1924240.28,0.96
zoetis_vet_internal,2025-09,2025-Q3,Parasiticides,FleaStop Pro,PAR-FLEASTOP-P-L,Veterinary,Region,South,34429,723010.64,0.96
zoetis_vet_internal,2025-09,2025-Q3,Parasiticides,FleaStop Pro,PAR-FLEASTOP-P-S,Veterinary,Region,South,46625,979121.11,0.96
zoetis_vet_internal,2025-09,2025-Q3,Pain/Osteoarthritis,FlexiCare Joint,PAN-FLEXICARE--L,Veterinary,Region,South,24690,1086371.1,0.96
zoetis_vet_internal,2025-09,2025-Q3,Pain/Osteoarthritis,FlexiCare Joint,PAN-FLEXICARE--S,Veterinary,Region,South,33780,1486311.57,0.96
zoetis_vet_internal,2025-09,2025-Q3,Vaccines,ImmunoCore Canine,VAC-IMMUNOCORE-L,Veterinary,Region,South,72575,1524081.1,0.96
zoetis_vet_internal,2025-09,2025-Q3,Vaccines,ImmunoCore Canine,VAC-IMMUNOCORE-S,Veterinary,Region,South,100572,2112020.4,0.96
zoetis_vet_internal,2025-09,2025-Q3,Pain/Osteoarthritis,Librela,PAN-LIBRELA-L,Veterinary,Region,South,25243,1211660.64,0.96
zoetis_vet_internal,2025-09,2025-Q3,Pain/Osteoarthritis,Librela,PAN-LIBRELA-S,Veterinary,Region,South,36557,1754722.1,0.96
zoetis_vet_internal,2025-09,2025-Q3,Pain/Osteoarthritis,OsteoEase Vet,PAN-OSTEOEASE--L,Veterinary,Region,South,22546,924368.23,0.96
zoetis_vet_internal,2025-09,2025-Q3,Pain/Osteoarthritis,OsteoEase Vet,PAN-OSTEOEASE--S,Veterinary,Region,South,30158,1236490.99,0.96
zoetis_vet_internal,2025-09,2025-Q3,Pain/Osteoarthritis,PainAway Canine,PAN-PAINAWAY-C-L,Veterinary,Region,South,17976,665101.19,0.96
zoetis_vet_internal,2025-09,2025-Q3,Pain/Osteoarthritis,PainAway Canine,PAN-PAINAWAY-C-S,Veterinary,Region,South,24870,920208.36,0.96
zoetis_vet_internal,2025-09,2025-Q3,Petcare Diagnostics,PetLab Analyzer,DIA-PETLAB-ANA-L,Veterinary,Region,South,47866,717984.77,0.96
zoetis_vet_internal,2025-09,2025-Q3,Petcare Diagnostics,PetLab Analyzer,DIA-PETLAB-ANA-S,Veterinary,Region,South,64226,963383.72,0.96
zoetis_vet_internal,2025-09,2025-Q3,Petcare Diagnostics,RapidVet Dx,DIA-RAPIDVET-D-L,Veterinary,Region,South,71638,1146210.26,0.96
zoetis_vet_internal,2025-09,2025-Q3,Petcare Diagnostics,RapidVet Dx,DIA-RAPIDVET-D-S,Veterinary,Region,South,94049,1504790.78,0.96
zoetis_vet_internal,2025-09,2025-Q3,Parasiticides,Simparica Trio,PAR-SIMPARICA--L,Veterinary,Region,South,69234,1938555.78,0.96
zoetis_vet_internal,2025-09,2025-Q3,Parasiticides,Simparica Trio,PAR-SIMPARICA--S,Veterinary,Region,South,99176,2776924.82,0.96
zoetis_vet_internal,2025-09,2025-Q3,Dermatology,SkinRelief Pro,DRM-SKINRELIEF-L,Veterinary,Region,South,24525,1201727.44,0.96
zoetis_vet_internal,2025-09,2025-Q3,Dermatology,SkinRelief Pro,DRM-SKINRELIEF-S,Veterinary,Region,South,36792,1802804.57,0.96
zoetis_vet_internal,2025-09,2025-Q3,Parasiticides,TickShield Plus,PAR-TICKSHIELD-L,Veterinary,Region,South,38761,930254.76,0.96
zoetis_vet_internal,2025-09,2025-Q3,Parasiticides,TickShield Plus,PAR-TICKSHIELD-S,Veterinary,Region,South,53464,1283146.73,0.96
zoetis_vet_internal,2025-09,2025-Q3,Vaccines,Vanguard,VAC-VANGUARD-L,Veterinary,Region,South,79879,1757328.45,0.96
zoetis_vet_internal,2025-09,2025-Q3,Vaccines,Vanguard,VAC-VANGUARD-S,Veterinary,Region,South,115495,2540899.2,0.96
zoetis_vet_internal,2025-09,2025-Q3,Parasiticides,VectraGuard,PAR-VECTRAGUAR-L,Veterinary,Region,South,43909,1141640.47,0.96
zoetis_vet_internal,2025-09,2025-Q3,Parasiticides,VectraGuard,PAR-VECTRAGUAR-S,Veterinary,Region,South,62993,1637828.39,0.96
zoetis_vet_internal,2025-09,2025-Q3,Vaccines,VetGuard Immunize,VAC-VETGUARD-I-L,Veterinary,Region,South,53267,1012066.63,0.96
zoetis_vet_internal,2025-09,2025-Q3,Vaccines,VetGuard Immunize,VAC-VETGUARD-I-S,Veterinary,Region,South,73612,1398620.25,0.96
zoetis_vet_internal,2025-09,2025-Q3,Vaccines,VetSelect Core Vax,VAC-VETSELECT--L,Veterinary,Region,South,44945,629230.81,0.96
zoetis_vet_internal,2025-09,2025-Q3,Vaccines,VetSelect Core Vax,VAC-VETSELECT--S,Veterinary,Region,South,62666,877321.05,0.96
zoetis_vet_internal,2025-09,2025-Q3,Dermatology,VetSelect Derma,DRM-VETSELECT--L,Veterinary,Region,South,21460,815470.24,0.96
zoetis_vet_internal,2025-09,2025-Q3,Dermatology,VetSelect Derma,DRM-VETSELECT--S,Veterinary,Region,South,30424,1156117.93,0.96
zoetis_vet_internal,2025-09,2025-Q3,Petcare Diagnostics,VetSelect Dx,DIA-VETSELECT--L,Veterinary,Region,South,34801,417612.56,0.96
zoetis_vet_internal,2025-09,2025-Q3,Petcare Diagnostics,VetSelect Dx,DIA-VETSELECT--S,Veterinary,Region,South,49651,595808.08,0.96
zoetis_vet_internal,2025-09,2025-Q3,Parasiticides,VetSelect Flea & Tick,PAR-VETSELECT--L,Veterinary,Region,South,32517,552789.49,0.96
zoetis_vet_internal,2025-09,2025-Q3,Parasiticides,VetSelect Flea & Tick,PAR-VETSELECT--S,Veterinary,Region,South,44122,750070.05,0.96
zoetis_vet_internal,2025-09,2025-Q3,Pain/Osteoarthritis,VetSelect Joint,PAN-VETSELECT--L,Veterinary,Region,South,18608,539636.03,0.96
zoetis_vet_internal,2025-09,2025-Q3,Pain/Osteoarthritis,VetSelect Joint,PAN-VETSELECT--S,Veterinary,Region,South,25636,743449.14,0.96
zoetis_vet_internal,2025-09,2025-Q3,Petcare Diagnostics,Vetscan,DIA-VETSCAN-L,Veterinary,Region,South,98846,1779220.39,0.96
zoetis_vet_internal,2025-09,2025-Q3,Petcare Diagnostics,Vetscan,DIA-VETSCAN-S,Veterinary,Region,South,134014,2412256.04,0.96
zoetis_vet_internal,2025-09,2025-Q3,Dermatology,AllerVet RX,DRM-ALLERVET-R-L,Veterinary,Region,West,18978,1024790.82,0.96
zoetis_vet_internal,2025-09,2025-Q3,Dermatology,AllerVet RX,DRM-ALLERVET-R-S,Veterinary,Region,West,25606,1382698.95,0.96
zoetis_vet_internal,2025-09,2025-Q3,Dermatology,Apoquel,DRM-APOQUEL-L,Veterinary,Region,West,35381,2299787.54,0.96
zoetis_vet_internal,2025-09,2025-Q3,Dermatology,Apoquel,DRM-APOQUEL-S,Veterinary,Region,West,48008,3120541.33,0.96
zoetis_vet_internal,2025-09,2025-Q3,Vaccines,BioShield Vax,VAC-BIOSHIELD--L,Veterinary,Region,West,41057,821147.8,0.96
zoetis_vet_internal,2025-09,2025-Q3,Vaccines,BioShield Vax,VAC-BIOSHIELD--S,Veterinary,Region,West,57915,1158292.85,0.96
zoetis_vet_internal,2025-09,2025-Q3,Dermatology,DermaCalm,DRM-DERMACALM-L,Veterinary,Region,West,21517,1247966.18,0.96
zoetis_vet_internal,2025-09,2025-Q3,Dermatology,DermaCalm,DRM-DERMACALM-S,Veterinary,Region,West,30940,1794526.75,0.96
zoetis_vet_internal,2025-09,2025-Q3,Petcare Diagnostics,DiagnosTech Vet,DIA-DIAGNOSTEC-L,Veterinary,Region,West,52489,892313.89,0.96
zoetis_vet_internal,2025-09,2025-Q3,Petcare Diagnostics,DiagnosTech Vet,DIA-DIAGNOSTEC-S,Veterinary,Region,West,73448,1248615.51,0.96
zoetis_vet_internal,2025-09,2025-Q3,Parasiticides,FleaStop Pro,PAR-FLEASTOP-P-L,Veterinary,Region,West,24374,511861.43,0.96
zoetis_vet_internal,2025-09,2025-Q3,Parasiticides,FleaStop Pro,PAR-FLEASTOP-P-S,Veterinary,Region,West,33130,695739.13,0.96
zoetis_vet_internal,2025-09,2025-Q3,Pain/Osteoarthritis,FlexiCare Joint,PAN-FLEXICARE--L,Veterinary,Region,West,15521,682941.58,0.96
zoetis_vet_internal,2025-09,2025-Q3,Pain/Osteoarthritis,FlexiCare Joint,PAN-FLEXICARE--S,Veterinary,Region,West,21484,945304.56,0.96
zoetis_vet_internal,2025-09,2025-Q3,Vaccines,ImmunoCore Canine,VAC-IMMUNOCORE-L,Veterinary,Region,West,48515,1018806.1,0.96
zoetis_vet_internal,2025-09,2025-Q3,Vaccines,ImmunoCore Canine,VAC-IMMUNOCORE-S,Veterinary,Region,West,66532,1397170.39,0.96
zoetis_vet_internal,2025-09,2025-Q3,Pain/Osteoarthritis,Librela,PAN-LIBRELA-L,Veterinary,Region,West,17633,846393.25,0.96
zoetis_vet_internal,2025-09,2025-Q3,Pain/Osteoarthritis,Librela,PAN-LIBRELA-S,Veterinary,Region,West,24539,1177848.65,0.96
zoetis_vet_internal,2025-09,2025-Q3,Pain/Osteoarthritis,OsteoEase Vet,PAN-OSTEOEASE--L,Veterinary,Region,West,14779,605927.28,0.96
zoetis_vet_internal,2025-09,2025-Q3,Pain/Osteoarthritis,OsteoEase Vet,PAN-OSTEOEASE--S,Veterinary,Region,West,19938,817469.76,0.96
zoetis_vet_internal,2025-09,2025-Q3,Pain/Osteoarthritis,PainAway Canine,PAN-PAINAWAY-C-L,Veterinary,Region,West,12610,466586.82,0.96
zoetis_vet_internal,2025-09,2025-Q3,Pain/Osteoarthritis,PainAway Canine,PAN-PAINAWAY-C-S,Veterinary,Region,West,17327,641103.11,0.96
zoetis_vet_internal,2025-09,2025-Q3,Petcare Diagnostics,PetLab Analyzer,DIA-PETLAB-ANA-L,Veterinary,Region,West,31660,474901.42,0.96
zoetis_vet_internal,2025-09,2025-Q3,Petcare Diagnostics,PetLab Analyzer,DIA-PETLAB-ANA-S,Veterinary,Region,West,46282,694234.73,0.96
zoetis_vet_internal,2025-09,2025-Q3,Petcare Diagnostics,RapidVet Dx,DIA-RAPIDVET-D-L,Veterinary,Region,West,46337,741394.02,0.96
zoetis_vet_internal,2025-09,2025-Q3,Petcare Diagnostics,RapidVet Dx,DIA-RAPIDVET-D-S,Veterinary,Region,West,61661,986576.66,0.96
zoetis_vet_internal,2025-09,2025-Q3,Parasiticides,Simparica Trio,PAR-SIMPARICA--L,Veterinary,Region,West,49104,1374923.16,0.96
zoetis_vet_internal,2025-09,2025-Q3,Parasiticides,Simparica Trio,PAR-SIMPARICA--S,Veterinary,Region,West,70168,1964692.54,0.96
zoetis_vet_internal,2025-09,2025-Q3,Dermatology,SkinRelief Pro,DRM-SKINRELIEF-L,Veterinary,Region,West,17012,833601.77,0.96
zoetis_vet_internal,2025-09,2025-Q3,Dermatology,SkinRelief Pro,DRM-SKINRELIEF-S,Veterinary,Region,West,24336,1192459.82,0.96
zoetis_vet_internal,2025-09,2025-Q3,Parasiticides,TickShield Plus,PAR-TICKSHIELD-L,Veterinary,Region,West,24526,588621.43,0.96
zoetis_vet_internal,2025-09,2025-Q3,Parasiticides,TickShield Plus,PAR-TICKSHIELD-S,Veterinary,Region,West,33882,813174.76,0.96
zoetis_vet_internal,2025-09,2025-Q3,Vaccines,Vanguard,VAC-VANGUARD-L,Veterinary,Region,West,56247,1237441.12,0.96
zoetis_vet_internal,2025-09,2025-Q3,Vaccines,Vanguard,VAC-VANGUARD-S,Veterinary,Region,West,79510,1749222.57,0.96
zoetis_vet_internal,2025-09,2025-Q3,Parasiticides,VectraGuard,PAR-VECTRAGUAR-L,Veterinary,Region,West,33028,858727.23,0.96
zoetis_vet_internal,2025-09,2025-Q3,Parasiticides,VectraGuard,PAR-VECTRAGUAR-S,Veterinary,Region,West,44501,1157025.93,0.96
zoetis_vet_internal,2025-09,2025-Q3,Vaccines,VetGuard Immunize,VAC-VETGUARD-I-L,Veterinary,Region,West,35376,672152.86,0.96
zoetis_vet_internal,2025-09,2025-Q3,Vaccines,VetGuard Immunize,VAC-VETGUARD-I-S,Veterinary,Region,West,49392,938445.45,0.96
zoetis_vet_internal,2025-09,2025-Q3,Vaccines,VetSelect Core Vax,VAC-VETSELECT--L,Veterinary,Region,West,29865,418113.12,0.96
zoetis_vet_internal,2025-09,2025-Q3,Vaccines,VetSelect Core Vax,VAC-VETSELECT--S,Veterinary,Region,West,40349,564879.35,0.96
zoetis_vet_internal,2025-09,2025-Q3,Dermatology,VetSelect Derma,DRM-VETSELECT--L,Veterinary,Region,West,13406,509437.8,0.96
zoetis_vet_internal,2025-09,2025-Q3,Dermatology,VetSelect Derma,DRM-VETSELECT--S,Veterinary,Region,West,18585,706213.29,0.96
zoetis_vet_internal,2025-09,2025-Q3,Petcare Diagnostics,VetSelect Dx,DIA-VETSELECT--L,Veterinary,Region,West,25547,306559.32,0.96
zoetis_vet_internal,2025-09,2025-Q3,Petcare Diagnostics,VetSelect Dx,DIA-VETSELECT--S,Veterinary,Region,West,34303,411637.31,0.96
zoetis_vet_internal,2025-09,2025-Q3,Parasiticides,VetSelect Flea & Tick,PAR-VETSELECT--L,Veterinary,Region,West,21498,365461.3,0.96
zoetis_vet_internal,2025-09,2025-Q3,Parasiticides,VetSelect Flea & Tick,PAR-VETSELECT--S,Veterinary,Region,West,30759,522901.36,0.96
zoetis_vet_internal,2025-09,2025-Q3,Pain/Osteoarthritis,VetSelect Joint,PAN-VETSELECT--L,Veterinary,Region,West,12296,356578.64,0.96
zoetis_vet_internal,2025-09,2025-Q3,Pain/Osteoarthritis,VetSelect Joint,PAN-VETSELECT--S,Veterinary,Region,West,17586,509984.93,0.96
zoetis_vet_internal,2025-09,2025-Q3,Petcare Diagnostics,Vetscan,DIA-VETSCAN-L,Veterinary,Region,West,64882,1167875.59,0.96
zoetis_vet_internal,2025-09,2025-Q3,Petcare Diagnostics,Vetscan,DIA-VETSCAN-S,Veterinary,Region,West,92600,1666806.49,0.96
zoetis_vet_internal,2025-10,2025-Q4,Dermatology,AllerVet RX,DRM-ALLERVET-R-L,Veterinary,National,National,75608,4082840.77,0.96
zoetis_vet_internal,2025-10,2025-Q4,Dermatology,AllerVet RX,DRM-ALLERVET-R-S,Veterinary,National,National,106143,5731726.61,0.96
zoetis_vet_internal,2025-10,2025-Q4,Dermatology,Apoquel,DRM-APOQUEL-L,Veterinary,National,National,139142,9044226.22,0.96
zoetis_vet_internal,2025-10,2025-Q4,Dermatology,Apoquel,DRM-APOQUEL-S,Veterinary,National,National,193781,12595767.47,0.96
zoetis_vet_internal,2025-10,2025-Q4,Vaccines,BioShield Vax,VAC-BIOSHIELD--L,Veterinary,National,National,167044,3340870.28,0.96
zoetis_vet_internal,2025-10,2025-Q4,Vaccines,BioShield Vax,VAC-BIOSHIELD--S,Veterinary,National,National,226406,4528122.03,0.96
zoetis_vet_internal,2025-10,2025-Q4,Dermatology,DermaCalm,DRM-DERMACALM-L,Veterinary,National,National,80369,4661408.3,0.96
zoetis_vet_internal,2025-10,2025-Q4,Dermatology,DermaCalm,DRM-DERMACALM-S,Veterinary,National,National,115078,6674561.19,0.96
zoetis_vet_internal,2025-10,2025-Q4,Petcare Diagnostics,DiagnosTech Vet,DIA-DIAGNOSTEC-L,Veterinary,National,National,225952,3841167.16,0.96
zoetis_vet_internal,2025-10,2025-Q4,Petcare Diagnostics,DiagnosTech Vet,DIA-DIAGNOSTEC-S,Veterinary,National,National,308247,5240185.63,0.96
zoetis_vet_internal,2025-10,2025-Q4,Parasiticides,FleaStop Pro,PAR-FLEASTOP-P-L,Veterinary,National,National,83926,1762440.79,0.96
zoetis_vet_internal,2025-10,2025-Q4,Parasiticides,FleaStop Pro,PAR-FLEASTOP-P-S,Veterinary,National,National,122178,2565743.72,0.96
zoetis_vet_internal,2025-10,2025-Q4,Pain/Osteoarthritis,FlexiCare Joint,PAN-FLEXICARE--L,Veterinary,National,National,72637,3196028.17,0.96
zoetis_vet_internal,2025-10,2025-Q4,Pain/Osteoarthritis,FlexiCare Joint,PAN-FLEXICARE--S,Veterinary,National,National,101970,4486679.21,0.96
zoetis_vet_internal,2025-10,2025-Q4,Vaccines,ImmunoCore Canine,VAC-IMMUNOCORE-L,Veterinary,National,National,188637,3961363.31,0.96
zoetis_vet_internal,2025-10,2025-Q4,Vaccines,ImmunoCore Canine,VAC-IMMUNOCORE-S,Veterinary,National,National,262300,5508302.13,0.96
zoetis_vet_internal,2025-10,2025-Q4,Pain/Osteoarthritis,Librela,PAN-LIBRELA-L,Veterinary,National,National,78300,3758417.07,0.96
zoetis_vet_internal,2025-10,2025-Q4,Pain/Osteoarthritis,Librela,PAN-LIBRELA-S,Veterinary,National,National,108099,5188738.8,0.96
zoetis_vet_internal,2025-10,2025-Q4,Pain/Osteoarthritis,OsteoEase Vet,PAN-OSTEOEASE--L,Veterinary,National,National,67403,2763503.94,0.96
zoetis_vet_internal,2025-10,2025-Q4,Pain/Osteoarthritis,OsteoEase Vet,PAN-OSTEOEASE--S,Veterinary,National,National,94516,3875157.3,0.96
zoetis_vet_internal,2025-10,2025-Q4,Pain/Osteoarthritis,PainAway Canine,PAN-PAINAWAY-C-L,Veterinary,National,National,61153,2262676.22,0.96
zoetis_vet_internal,2025-10,2025-Q4,Pain/Osteoarthritis,PainAway Canine,PAN-PAINAWAY-C-S,Veterinary,National,National,84301,3119150.98,0.96
zoetis_vet_internal,2025-10,2025-Q4,Petcare Diagnostics,PetLab Analyzer,DIA-PETLAB-ANA-L,Veterinary,National,National,138986,2084798.82,0.96
zoetis_vet_internal,2025-10,2025-Q4,Petcare Diagnostics,PetLab Analyzer,DIA-PETLAB-ANA-S,Veterinary,National,National,191317,2869748.2,0.96
zoetis_vet_internal,2025-10,2025-Q4,Petcare Diagnostics,RapidVet Dx,DIA-RAPIDVET-D-L,Veterinary,National,National,224872,3597954.3,0.96
zoetis_vet_internal,2025-10,2025-Q4,Petcare Diagnostics,RapidVet Dx,DIA-RAPIDVET-D-S,Veterinary,National,National,305527,4888418.81,0.96
zoetis_vet_internal,2025-10,2025-Q4,Parasiticides,Simparica Trio,PAR-SIMPARICA--L,Veterinary,National,National,176254,4935108.45,0.96
zoetis_vet_internal,2025-10,2025-Q4,Parasiticides,Simparica Trio,PAR-SIMPARICA--S,Veterinary,National,National,240260,6727283.51,0.96
zoetis_vet_internal,2025-10,2025-Q4,Dermatology,SkinRelief Pro,DRM-SKINRELIEF-L,Veterinary,National,National,63832,3127784.49,0.96
zoetis_vet_internal,2025-10,2025-Q4,Dermatology,SkinRelief Pro,DRM-SKINRELIEF-S,Veterinary,National,National,87507,4287827.02,0.96
zoetis_vet_internal,2025-10,2025-Q4,Parasiticides,TickShield Plus,PAR-TICKSHIELD-L,Veterinary,National,National,98063,2353505.91,0.96
zoetis_vet_internal,2025-10,2025-Q4,Parasiticides,TickShield Plus,PAR-TICKSHIELD-S,Veterinary,National,National,137262,3294292.51,0.96
zoetis_vet_internal,2025-10,2025-Q4,Vaccines,Vanguard,VAC-VANGUARD-L,Veterinary,National,National,229961,5059128.72,0.96
zoetis_vet_internal,2025-10,2025-Q4,Vaccines,Vanguard,VAC-VANGUARD-S,Veterinary,National,National,315513,6941295.33,0.96
zoetis_vet_internal,2025-10,2025-Q4,Parasiticides,VectraGuard,PAR-VECTRAGUAR-L,Veterinary,National,National,116309,3024008.84,0.96
zoetis_vet_internal,2025-10,2025-Q4,Parasiticides,VectraGuard,PAR-VECTRAGUAR-S,Veterinary,National,National,161508,4199218.39,0.96
zoetis_vet_internal,2025-10,2025-Q4,Vaccines,VetGuard Immunize,VAC-VETGUARD-I-L,Veterinary,National,National,142527,2708017.72,0.96
zoetis_vet_internal,2025-10,2025-Q4,Vaccines,VetGuard Immunize,VAC-VETGUARD-I-S,Veterinary,National,National,192857,3664277.08,0.96
zoetis_vet_internal,2025-10,2025-Q4,Vaccines,VetSelect Core Vax,VAC-VETSELECT--L,Veterinary,National,National,132121,1849686.59,0.96
zoetis_vet_internal,2025-10,2025-Q4,Vaccines,VetSelect Core Vax,VAC-VETSELECT--S,Veterinary,National,National,180097,2521357.58,0.96
zoetis_vet_internal,2025-10,2025-Q4,Dermatology,VetSelect Derma,DRM-VETSELECT--L,Veterinary,National,National,55086,2093289.44,0.96
zoetis_vet_internal,2025-10,2025-Q4,Dermatology,VetSelect Derma,DRM-VETSELECT--S,Veterinary,National,National,77319,2938095.36,0.96
zoetis_vet_internal,2025-10,2025-Q4,Petcare Diagnostics,VetSelect Dx,DIA-VETSELECT--L,Veterinary,National,National,109806,1317676.29,0.96
zoetis_vet_internal,2025-10,2025-Q4,Petcare Diagnostics,VetSelect Dx,DIA-VETSELECT--S,Veterinary,National,National,153038,1836464.55,0.96
zoetis_vet_internal,2025-10,2025-Q4,Parasiticides,VetSelect Flea & Tick,PAR-VETSELECT--L,Veterinary,National,National,80492,1368370.31,0.96
zoetis_vet_internal,2025-10,2025-Q4,Parasiticides,VetSelect Flea & Tick,PAR-VETSELECT--S,Veterinary,National,National,110405,1876881.0,0.96
zoetis_vet_internal,2025-10,2025-Q4,Pain/Osteoarthritis,VetSelect Joint,PAN-VETSELECT--L,Veterinary,National,National,54863,1591018.49,0.96
zoetis_vet_internal,2025-10,2025-Q4,Pain/Osteoarthritis,VetSelect Joint,PAN-VETSELECT--S,Veterinary,National,National,73299,2125679.8,0.96
zoetis_vet_internal,2025-10,2025-Q4,Petcare Diagnostics,Vetscan,DIA-VETSCAN-L,Veterinary,National,National,290108,5221924.03,0.96
zoetis_vet_internal,2025-10,2025-Q4,Petcare Diagnostics,Vetscan,DIA-VETSCAN-S,Veterinary,National,National,397531,7155559.79,0.96
zoetis_vet_internal,2025-10,2025-Q4,Dermatology,AllerVet RX,DRM-ALLERVET-R-L,Veterinary,Region,Midwest,16041,866221.56,0.96
zoetis_vet_internal,2025-10,2025-Q4,Dermatology,AllerVet RX,DRM-ALLERVET-R-S,Veterinary,Region,Midwest,21972,1186505.67,0.96
zoetis_vet_internal,2025-10,2025-Q4,Dermatology,Apoquel,DRM-APOQUEL-L,Veterinary,Region,Midwest,29310,1905141.34,0.96
zoetis_vet_internal,2025-10,2025-Q4,Dermatology,Apoquel,DRM-APOQUEL-S,Veterinary,Region,Midwest,40422,2627456.06,0.96
zoetis_vet_internal,2025-10,2025-Q4,Vaccines,BioShield Vax,VAC-BIOSHIELD--L,Veterinary,Region,Midwest,35351,707012.29,0.96
zoetis_vet_internal,2025-10,2025-Q4,Vaccines,BioShield Vax,VAC-BIOSHIELD--S,Veterinary,Region,Midwest,50218,1004361.25,0.96
zoetis_vet_internal,2025-10,2025-Q4,Dermatology,DermaCalm,DRM-DERMACALM-L,Veterinary,Region,Midwest,16636,964893.14,0.96
zoetis_vet_internal,2025-10,2025-Q4,Dermatology,DermaCalm,DRM-DERMACALM-S,Veterinary,Region,Midwest,23402,1357323.82,0.96
zoetis_vet_internal,2025-10,2025-Q4,Petcare Diagnostics,DiagnosTech Vet,DIA-DIAGNOSTEC-L,Veterinary,Region,Midwest,47953,815199.09,0.96
zoetis_vet_internal,2025-10,2025-Q4,Petcare Diagnostics,DiagnosTech Vet,DIA-DIAGNOSTEC-S,Veterinary,Region,Midwest,63637,1081832.49,0.96
zoetis_vet_internal,2025-10,2025-Q4,Parasiticides,FleaStop Pro,PAR-FLEASTOP-P-L,Veterinary,Region,Midwest,17512,367757.13,0.96
zoetis_vet_internal,2025-10,2025-Q4,Parasiticides,FleaStop Pro,PAR-FLEASTOP-P-S,Veterinary,Region,Midwest,25455,534553.53,0.96
zoetis_vet_internal,2025-10,2025-Q4,Pain/Osteoarthritis,FlexiCare Joint,PAN-FLEXICARE--L,Veterinary,Region,Midwest,15398,677529.75,0.96
zoetis_vet_internal,2025-10,2025-Q4,Pain/Osteoarthritis,FlexiCare Joint,PAN-FLEXICARE--S,Veterinary,Region,Midwest,20659,908984.45,0.96
zoetis_vet_internal,2025-10,2025-Q4,Vaccines,ImmunoCore Canine,VAC-IMMUNOCORE-L,Veterinary,Region,Midwest,42062,883298.33,0.96
zoetis_vet_internal,2025-10,2025-Q4,Vaccines,ImmunoCore Canine,VAC-IMMUNOCORE-S,Veterinary,Region,Midwest,57752,1212783.74,0.96
zoetis_vet_internal,2025-10,2025-Q4,Pain/Osteoarthritis,Librela,PAN-LIBRELA-L,Veterinary,Region,Midwest,15316,735155.76,0.96
zoetis_vet_internal,2025-10,2025-Q4,Pain/Osteoarthritis,Librela,PAN-LIBRELA-S,Veterinary,Region,Midwest,21765,1044708.26,0.96
zoetis_vet_internal,2025-10,2025-Q4,Pain/Osteoarthritis,OsteoEase Vet,PAN-OSTEOEASE--L,Veterinary,Region,Midwest,13924,570877.01,0.96
zoetis_vet_internal,2025-10,2025-Q4,Pain/Osteoarthritis,OsteoEase Vet,PAN-OSTEOEASE--S,Veterinary,Region,Midwest,19303,791433.85,0.96
zoetis_vet_internal,2025-10,2025-Q4,Pain/Osteoarthritis,PainAway Canine,PAN-PAINAWAY-C-L,Veterinary,Region,Midwest,12943,478885.93,0.96
zoetis_vet_internal,2025-10,2025-Q4,Pain/Osteoarthritis,PainAway Canine,PAN-PAINAWAY-C-S,Veterinary,Region,Midwest,16752,619834.25,0.96
zoetis_vet_internal,2025-10,2025-Q4,Petcare Diagnostics,PetLab Analyzer,DIA-PETLAB-ANA-L,Veterinary,Region,Midwest,30543,458151.85,0.96
zoetis_vet_internal,2025-10,2025-Q4,Petcare Diagnostics,PetLab Analyzer,DIA-PETLAB-ANA-S,Veterinary,Region,Midwest,40264,603953.73,0.96
zoetis_vet_internal,2025-10,2025-Q4,Petcare Diagnostics,RapidVet Dx,DIA-RAPIDVET-D-L,Veterinary,Region,Midwest,45182,722909.4,0.96
zoetis_vet_internal,2025-10,2025-Q4,Petcare Diagnostics,RapidVet Dx,DIA-RAPIDVET-D-S,Veterinary,Region,Midwest,64799,1036780.56,0.96
zoetis_vet_internal,2025-10,2025-Q4,Parasiticides,Simparica Trio,PAR-SIMPARICA--L,Veterinary,Region,Midwest,36697,1027527.49,0.96
zoetis_vet_internal,2025-10,2025-Q4,Parasiticides,Simparica Trio,PAR-SIMPARICA--S,Veterinary,Region,Midwest,51620,1445351.32,0.96
zoetis_vet_internal,2025-10,2025-Q4,Dermatology,SkinRelief Pro,DRM-SKINRELIEF-L,Veterinary,Region,Midwest,14081,689948.55,0.96
zoetis_vet_internal,2025-10,2025-Q4,Dermatology,SkinRelief Pro,DRM-SKINRELIEF-S,Veterinary,Region,Midwest,19271,944265.91,0.96
zoetis_vet_internal,2025-10,2025-Q4,Parasiticides,TickShield Plus,PAR-TICKSHIELD-L,Veterinary,Region,Midwest,20372,488916.8,0.96
zoetis_vet_internal,2025-10,2025-Q4,Parasiticides,TickShield Plus,PAR-TICKSHIELD-S,Veterinary,Region,Midwest,28859,692604.36,0.96
zoetis_vet_internal,2025-10,2025-Q4,Vaccines,Vanguard,VAC-VANGUARD-L,Veterinary,Region,Midwest,48473,1066406.24,0.96
zoetis_vet_internal,2025-10,2025-Q4,Vaccines,Vanguard,VAC-VANGUARD-S,Veterinary,Region,Midwest,66174,1455825.14,0.96
zoetis_vet_internal,2025-10,2025-Q4,Parasiticides,VectraGuard,PAR-VECTRAGUAR-L,Veterinary,Region,Midwest,24677,641590.41,0.96
zoetis_vet_internal,2025-10,2025-Q4,Parasiticides,VectraGuard,PAR-VECTRAGUAR-S,Veterinary,Region,Midwest,32390,842146.0,0.96
zoetis_vet_internal,2025-10,2025-Q4,Vaccines,VetGuard Immunize,VAC-VETGUARD-I-L,Veterinary,Region,Midwest,29510,560695.36,0.96
zoetis_vet_internal,2025-10,2025-Q4,Vaccines,VetGuard Immunize,VAC-VETGUARD-I-S,Veterinary,Region,Midwest,40203,763852.08,0.96
zoetis_vet_internal,2025-10,2025-Q4,Vaccines,VetSelect Core Vax,VAC-VETSELECT--L,Veterinary,Region,Midwest,27800,389205.07,0.96
zoetis_vet_internal,2025-10,2025-Q4,Vaccines,VetSelect Core Vax,VAC-VETSELECT--S,Veterinary,Region,Midwest,38710,541934.48,0.96
zoetis_vet_internal,2025-10,2025-Q4,Dermatology,VetSelect Derma,DRM-VETSELECT--L,Veterinary,Region,Midwest,12268,466191.38,0.96
zoetis_vet_internal,2025-10,2025-Q4,Dermatology,VetSelect Derma,DRM-VETSELECT--S,Veterinary,Region,Midwest,16800,638397.32,0.96
zoetis_vet_internal,2025-10,2025-Q4,Petcare Diagnostics,VetSelect Dx,DIA-VETSELECT--L,Veterinary,Region,Midwest,21992,263901.15,0.96
zoetis_vet_internal,2025-10,2025-Q4,Petcare Diagnostics,VetSelect Dx,DIA-VETSELECT--S,Veterinary,Region,Midwest,30732,368788.15,0.96
zoetis_vet_internal,2025-10,2025-Q4,Parasiticides,VetSelect Flea & Tick,PAR-VETSELECT--L,Veterinary,Region,Midwest,17510,297671.15,0.96
zoetis_vet_internal,2025-10,2025-Q4,Parasiticides,VetSelect Flea & Tick,PAR-VETSELECT--S,Veterinary,Region,Midwest,23771,404102.79,0.96
zoetis_vet_internal,2025-10,2025-Q4,Pain/Osteoarthritis,VetSelect Joint,PAN-VETSELECT--L,Veterinary,Region,Midwest,11376,329889.62,0.96
zoetis_vet_internal,2025-10,2025-Q4,Pain/Osteoarthritis,VetSelect Joint,PAN-VETSELECT--S,Veterinary,Region,Midwest,15157,439565.23,0.96
zoetis_vet_internal,2025-10,2025-Q4,Petcare Diagnostics,Vetscan,DIA-VETSCAN-L,Veterinary,Region,Midwest,57971,1043473.53,0.96
zoetis_vet_internal,2025-10,2025-Q4,Petcare Diagnostics,Vetscan,DIA-VETSCAN-S,Veterinary,Region,Midwest,77856,1401399.62,0.96
zoetis_vet_internal,2025-10,2025-Q4,Dermatology,AllerVet RX,DRM-ALLERVET-R-L,Veterinary,Region,Northeast,16639,898501.18,0.96
zoetis_vet_internal,2025-10,2025-Q4,Dermatology,AllerVet RX,DRM-ALLERVET-R-S,Veterinary,Region,Northeast,23040,1244167.48,0.96
zoetis_vet_internal,2025-10,2025-Q4,Dermatology,Apoquel,DRM-APOQUEL-L,Veterinary,Region,Northeast,30486,1981572.52,0.96
zoetis_vet_internal,2025-10,2025-Q4,Dermatology,Apoquel,DRM-APOQUEL-S,Veterinary,Region,Northeast,42950,2791727.32,0.96
zoetis_vet_internal,2025-10,2025-Q4,Vaccines,BioShield Vax,VAC-BIOSHIELD--L,Veterinary,Region,Northeast,36523,730450.02,0.96
zoetis_vet_internal,2025-10,2025-Q4,Vaccines,BioShield Vax,VAC-BIOSHIELD--S,Veterinary,Region,Northeast,49654,993074.66,0.96
zoetis_vet_internal,2025-10,2025-Q4,Dermatology,DermaCalm,DRM-DERMACALM-L,Veterinary,Region,Northeast,17319,1004505.72,0.96
zoetis_vet_internal,2025-10,2025-Q4,Dermatology,DermaCalm,DRM-DERMACALM-S,Veterinary,Region,Northeast,23963,1389872.18,0.96
zoetis_vet_internal,2025-10,2025-Q4,Petcare Diagnostics,DiagnosTech Vet,DIA-DIAGNOSTEC-L,Veterinary,Region,Northeast,49622,843567.08,0.96
zoetis_vet_internal,2025-10,2025-Q4,Petcare Diagnostics,DiagnosTech Vet,DIA-DIAGNOSTEC-S,Veterinary,Region,Northeast,66091,1123543.69,0.96
zoetis_vet_internal,2025-10,2025-Q4,Parasiticides,FleaStop Pro,PAR-FLEASTOP-P-L,Veterinary,Region,Northeast,18050,379041.24,0.96
zoetis_vet_internal,2025-10,2025-Q4,Parasiticides,FleaStop Pro,PAR-FLEASTOP-P-S,Veterinary,Region,Northeast,27449,576419.74,0.96
zoetis_vet_internal,2025-10,2025-Q4,Pain/Osteoarthritis,FlexiCare Joint,PAN-FLEXICARE--L,Veterinary,Region,Northeast,15421,678526.41,0.96
zoetis_vet_internal,2025-10,2025-Q4,Pain/Osteoarthritis,FlexiCare Joint,PAN-FLEXICARE--S,Veterinary,Region,Northeast,21782,958397.79,0.96
zoetis_vet_internal,2025-10,2025-Q4,Vaccines,ImmunoCore Canine,VAC-IMMUNOCORE-L,Veterinary,Region,Northeast,39556,830679.2,0.96
zoetis_vet_internal,2025-10,2025-Q4,Vaccines,ImmunoCore Canine,VAC-IMMUNOCORE-S,Veterinary,Region,Northeast,55759,1170948.6,0.96
zoetis_vet_internal,2025-10,2025-Q4,Pain/Osteoarthritis,Librela,PAN-LIBRELA-L,Veterinary,Region,Northeast,18192,873224.48,0.96
zoetis_vet_internal,2025-10,2025-Q4,Pain/Osteoarthritis,Librela,PAN-LIBRELA-S,Veterinary,Region,Northeast,25013,1200609.88,0.96
zoetis_vet_internal,2025-10,2025-Q4,Pain/Osteoarthritis,OsteoEase Vet,PAN-OSTEOEASE--L,Veterinary,Region,Northeast,13993,573716.9,0.96
zoetis_vet_internal,2025-10,2025-Q4,Pain/Osteoarthritis,OsteoEase Vet,PAN-OSTEOEASE--S,Veterinary,Region,Northeast,20053,822168.55,0.96
zoetis_vet_internal,2025-10,2025-Q4,Pain/Osteoarthritis,PainAway Canine,PAN-PAINAWAY-C-L,Veterinary,Region,Northeast,13810,510969.22,0.96
zoetis_vet_internal,2025-10,2025-Q4,Pain/Osteoarthritis,PainAway Canine,PAN-PAINAWAY-C-S,Veterinary,Region,Northeast,19358,716245.95,0.96
zoetis_vet_internal,2025-10,2025-Q4,Petcare Diagnostics,PetLab Analyzer,DIA-PETLAB-ANA-L,Veterinary,Region,Northeast,30991,464871.84,0.96
zoetis_vet_internal,2025-10,2025-Q4,Petcare Diagnostics,PetLab Analyzer,DIA-PETLAB-ANA-S,Veterinary,Region,Northeast,41972,629584.32,0.96
zoetis_vet_internal,2025-10,2025-Q4,Petcare Diagnostics,RapidVet Dx,DIA-RAPIDVET-D-L,Veterinary,Region,Northeast,50737,811796.81,0.96
zoetis_vet_internal,2025-10,2025-Q4,Petcare Diagnostics,RapidVet Dx,DIA-RAPIDVET-D-S,Veterinary,Region,Northeast,66402,1062433.54,0.96
zoetis_vet_internal,2025-10,2025-Q4,Parasiticides,Simparica Trio,PAR-SIMPARICA--L,Veterinary,Region,Northeast,40617,1137284.48,0.96
zoetis_vet_internal,2025-10,2025-Q4,Parasiticides,Simparica Trio,PAR-SIMPARICA--S,Veterinary,Region,Northeast,52378,1466590.31,0.96
zoetis_vet_internal,2025-10,2025-Q4,Dermatology,SkinRelief Pro,DRM-SKINRELIEF-L,Veterinary,Region,Northeast,13701,671372.47,0.96
zoetis_vet_internal,2025-10,2025-Q4,Dermatology,SkinRelief Pro,DRM-SKINRELIEF-S,Veterinary,Region,Northeast,19274,944424.59,0.96
zoetis_vet_internal,2025-10,2025-Q4,Parasiticides,TickShield Plus,PAR-TICKSHIELD-L,Veterinary,Region,Northeast,21514,516330.26,0.96
zoetis_vet_internal,2025-10,2025-Q4,Parasiticides,TickShield Plus,PAR-TICKSHIELD-S,Veterinary,Region,Northeast,30880,741123.17,0.96
zoetis_vet_internal,2025-10,2025-Q4,Vaccines,Vanguard,VAC-VANGUARD-L,Veterinary,Region,Northeast,49652,1092336.85,0.96
zoetis_vet_internal,2025-10,2025-Q4,Vaccines,Vanguard,VAC-VANGUARD-S,Veterinary,Region,Northeast,67648,1488264.17,0.96
zoetis_vet_internal,2025-10,2025-Q4,Parasiticides,VectraGuard,PAR-VECTRAGUAR-L,Veterinary,Region,Northeast,25924,674011.91,0.96
zoetis_vet_internal,2025-10,2025-Q4,Parasiticides,VectraGuard,PAR-VECTRAGUAR-S,Veterinary,Region,Northeast,34854,906206.27,0.96
zoetis_vet_internal,2025-10,2025-Q4,Vaccines,VetGuard Immunize,VAC-VETGUARD-I-L,Veterinary,Region,Northeast,31641,601175.84,0.96
zoetis_vet_internal,2025-10,2025-Q4,Vaccines,VetGuard Immunize,VAC-VETGUARD-I-S,Veterinary,Region,Northeast,43829,832756.65,0.96
zoetis_vet_internal,2025-10,2025-Q4,Vaccines,VetSelect Core Vax,VAC-VETSELECT--L,Veterinary,Region,Northeast,29484,412774.37,0.96
zoetis_vet_internal,2025-10,2025-Q4,Vaccines,VetSelect Core Vax,VAC-VETSELECT--S,Veterinary,Region,Northeast,38755,542570.46,0.96
zoetis_vet_internal,2025-10,2025-Q4,Dermatology,VetSelect Derma,DRM-VETSELECT--L,Veterinary,Region,Northeast,11780,447623.89,0.96
zoetis_vet_internal,2025-10,2025-Q4,Dermatology,VetSelect Derma,DRM-VETSELECT--S,Veterinary,Region,Northeast,16719,635322.55,0.96
zoetis_vet_internal,2025-10,2025-Q4,Petcare Diagnostics,VetSelect Dx,DIA-VETSELECT--L,Veterinary,Region,Northeast,25673,308072.16,0.96
zoetis_vet_internal,2025-10,2025-Q4,Petcare Diagnostics,VetSelect Dx,DIA-VETSELECT--S,Veterinary,Region,Northeast,34199,410391.68,0.96
zoetis_vet_internal,2025-10,2025-Q4,Parasiticides,VetSelect Flea & Tick,PAR-VETSELECT--L,Veterinary,Region,Northeast,18002,306033.96,0.96
zoetis_vet_internal,2025-10,2025-Q4,Parasiticides,VetSelect Flea & Tick,PAR-VETSELECT--S,Veterinary,Region,Northeast,24859,422603.61,0.96
zoetis_vet_internal,2025-10,2025-Q4,Pain/Osteoarthritis,VetSelect Joint,PAN-VETSELECT--L,Veterinary,Region,Northeast,12538,363609.54,0.96
zoetis_vet_internal,2025-10,2025-Q4,Pain/Osteoarthritis,VetSelect Joint,PAN-VETSELECT--S,Veterinary,Region,Northeast,17269,500801.89,0.96
zoetis_vet_internal,2025-10,2025-Q4,Petcare Diagnostics,Vetscan,DIA-VETSCAN-L,Veterinary,Region,Northeast,65726,1183065.49,0.96
zoetis_vet_internal,2025-10,2025-Q4,Petcare Diagnostics,Vetscan,DIA-VETSCAN-S,Veterinary,Region,Northeast,93840,1689118.24,0.96
zoetis_vet_internal,2025-10,2025-Q4,Dermatology,AllerVet RX,DRM-ALLERVET-R-L,Veterinary,Region,South,25576,1381098.85,0.96
zoetis_vet_internal,2025-10,2025-Q4,Dermatology,AllerVet RX,DRM-ALLERVET-R-S,Veterinary,Region,South,36869,1990916.49,0.96
zoetis_vet_internal,2025-10,2025-Q4,Dermatology,Apoquel,DRM-APOQUEL-L,Veterinary,Region,South,46213,3003872.65,0.96
zoetis_vet_internal,2025-10,2025-Q4,Dermatology,Apoquel,DRM-APOQUEL-S,Veterinary,Region,South,65278,4243072.47,0.96
zoetis_vet_internal,2025-10,2025-Q4,Vaccines,BioShield Vax,VAC-BIOSHIELD--L,Veterinary,Region,South,56627,1132542.62,0.96
zoetis_vet_internal,2025-10,2025-Q4,Vaccines,BioShield Vax,VAC-BIOSHIELD--S,Veterinary,Region,South,75139,1502783.61,0.96
zoetis_vet_internal,2025-10,2025-Q4,Dermatology,DermaCalm,DRM-DERMACALM-L,Veterinary,Region,South,27562,1598588.18,0.96
zoetis_vet_internal,2025-10,2025-Q4,Dermatology,DermaCalm,DRM-DERMACALM-S,Veterinary,Region,South,40957,2375534.66,0.96
zoetis_vet_internal,2025-10,2025-Q4,Petcare Diagnostics,DiagnosTech Vet,DIA-DIAGNOSTEC-L,Veterinary,Region,South,76128,1294170.73,0.96
zoetis_vet_internal,2025-10,2025-Q4,Petcare Diagnostics,DiagnosTech Vet,DIA-DIAGNOSTEC-S,Veterinary,Region,South,105492,1793358.17,0.96
zoetis_vet_internal,2025-10,2025-Q4,Parasiticides,FleaStop Pro,PAR-FLEASTOP-P-L,Veterinary,Region,South,28598,600563.07,0.96
zoetis_vet_internal,2025-10,2025-Q4,Parasiticides,FleaStop Pro,PAR-FLEASTOP-P-S,Veterinary,Region,South,40700,854709.84,0.96
zoetis_vet_internal,2025-10,2025-Q4,Pain/Osteoarthritis,FlexiCare Joint,PAN-FLEXICARE--L,Veterinary,Region,South,24972,1098766.42,0.96
zoetis_vet_internal,2025-10,2025-Q4,Pain/Osteoarthritis,FlexiCare Joint,PAN-FLEXICARE--S,Veterinary,Region,South,35158,1546968.9,0.96
zoetis_vet_internal,2025-10,2025-Q4,Vaccines,ImmunoCore Canine,VAC-IMMUNOCORE-L,Veterinary,Region,South,62237,1306971.58,0.96
zoetis_vet_internal,2025-10,2025-Q4,Vaccines,ImmunoCore Canine,VAC-IMMUNOCORE-S,Veterinary,Region,South,86817,1823151.14,0.96
zoetis_vet_internal,2025-10,2025-Q4,Pain/Osteoarthritis,Librela,PAN-LIBRELA-L,Veterinary,Region,South,26946,1293409.94,0.96
zoetis_vet_internal,2025-10,2025-Q4,Pain/Osteoarthritis,Librela,PAN-LIBRELA-S,Veterinary,Region,South,36954,1773800.23,0.96
zoetis_vet_internal,2025-10,2025-Q4,Pain/Osteoarthritis,OsteoEase Vet,PAN-OSTEOEASE--L,Veterinary,Region,South,23079,946226.26,0.96
zoetis_vet_internal,2025-10,2025-Q4,Pain/Osteoarthritis,OsteoEase Vet,PAN-OSTEOEASE--S,Veterinary,Region,South,32269,1323018.24,0.96
zoetis_vet_internal,2025-10,2025-Q4,Pain/Osteoarthritis,PainAway Canine,PAN-PAINAWAY-C-L,Veterinary,Region,South,19820,733354.81,0.96
zoetis_vet_internal,2025-10,2025-Q4,Pain/Osteoarthritis,PainAway Canine,PAN-PAINAWAY-C-S,Veterinary,Region,South,27488,1017059.2,0.96
zoetis_vet_internal,2025-10,2025-Q4,Petcare Diagnostics,PetLab Analyzer,DIA-PETLAB-ANA-L,Veterinary,Region,South,46226,693390.08,0.96
zoetis_vet_internal,2025-10,2025-Q4,Petcare Diagnostics,PetLab Analyzer,DIA-PETLAB-ANA-S,Veterinary,Region,South,65816,987233.43,0.96
zoetis_vet_internal,2025-10,2025-Q4,Petcare Diagnostics,RapidVet Dx,DIA-RAPIDVET-D-L,Veterinary,Region,South,77745,1243923.11,0.96
zoetis_vet_internal,2025-10,2025-Q4,Petcare Diagnostics,RapidVet Dx,DIA-RAPIDVET-D-S,Veterinary,Region,South,102852,1645625.08,0.96
zoetis_vet_internal,2025-10,2025-Q4,Parasiticides,Simparica Trio,PAR-SIMPARICA--L,Veterinary,Region,South,59797,1674302.01,0.96
zoetis_vet_internal,2025-10,2025-Q4,Parasiticides,Simparica Trio,PAR-SIMPARICA--S,Veterinary,Region,South,82653,2314290.64,0.96
zoetis_vet_internal,2025-10,2025-Q4,Dermatology,SkinRelief Pro,DRM-SKINRELIEF-L,Veterinary,Region,South,20930,1025581.02,0.96
zoetis_vet_internal,2025-10,2025-Q4,Dermatology,SkinRelief Pro,DRM-SKINRELIEF-S,Veterinary,Region,South,28938,1417966.16,0.96
zoetis_vet_internal,2025-10,2025-Q4,Parasiticides,TickShield Plus,PAR-TICKSHIELD-L,Veterinary,Region,South,33499,803986.89,0.96
zoetis_vet_internal,2025-10,2025-Q4,Parasiticides,TickShield Plus,PAR-TICKSHIELD-S,Veterinary,Region,South,47227,1133451.12,0.96
zoetis_vet_internal,2025-10,2025-Q4,Vaccines,Vanguard,VAC-VANGUARD-L,Veterinary,Region,South,77240,1699280.21,0.96
zoetis_vet_internal,2025-10,2025-Q4,Vaccines,Vanguard,VAC-VANGUARD-S,Veterinary,Region,South,108664,2390603.99,0.96
zoetis_vet_internal,2025-10,2025-Q4,Parasiticides,VectraGuard,PAR-VECTRAGUAR-L,Veterinary,Region,South,39691,1031960.26,0.96
zoetis_vet_internal,2025-10,2025-Q4,Parasiticides,VectraGuard,PAR-VECTRAGUAR-S,Veterinary,Region,South,57469,1494192.31,0.96
zoetis_vet_internal,2025-10,2025-Q4,Vaccines,VetGuard Immunize,VAC-VETGUARD-I-L,Veterinary,Region,South,48682,924966.97,0.96
zoetis_vet_internal,2025-10,2025-Q4,Vaccines,VetGuard Immunize,VAC-VETGUARD-I-S,Veterinary,Region,South,65196,1238723.41,0.96
zoetis_vet_internal,2025-10,2025-Q4,Vaccines,VetSelect Core Vax,VAC-VETSELECT--L,Veterinary,Region,South,44208,618905.01,0.96
zoetis_vet_internal,2025-10,2025-Q4,Vaccines,VetSelect Core Vax,VAC-VETSELECT--S,Veterinary,Region,South,61037,854517.95,0.96
zoetis_vet_internal,2025-10,2025-Q4,Dermatology,VetSelect Derma,DRM-VETSELECT--L,Veterinary,Region,South,19126,726802.64,0.96
zoetis_vet_internal,2025-10,2025-Q4,Dermatology,VetSelect Derma,DRM-VETSELECT--S,Veterinary,Region,South,27183,1032942.0,0.96
zoetis_vet_internal,2025-10,2025-Q4,Petcare Diagnostics,VetSelect Dx,DIA-VETSELECT--L,Veterinary,Region,South,37064,444773.01,0.96
zoetis_vet_internal,2025-10,2025-Q4,Petcare Diagnostics,VetSelect Dx,DIA-VETSELECT--S,Veterinary,Region,South,52315,627778.9,0.96
zoetis_vet_internal,2025-10,2025-Q4,Parasiticides,VetSelect Flea & Tick,PAR-VETSELECT--L,Veterinary,Region,South,27073,460243.18,0.96
zoetis_vet_internal,2025-10,2025-Q4,Parasiticides,VetSelect Flea & Tick,PAR-VETSELECT--S,Veterinary,Region,South,36747,624703.16,0.96
zoetis_vet_internal,2025-10,2025-Q4,Pain/Osteoarthritis,VetSelect Joint,PAN-VETSELECT--L,Veterinary,Region,South,18959,549812.37,0.96
zoetis_vet_internal,2025-10,2025-Q4,Pain/Osteoarthritis,VetSelect Joint,PAN-VETSELECT--S,Veterinary,Region,South,24347,706058.09,0.96
zoetis_vet_internal,2025-10,2025-Q4,Petcare Diagnostics,Vetscan,DIA-VETSCAN-L,Veterinary,Region,South,99885,1797922.96,0.96
zoetis_vet_internal,2025-10,2025-Q4,Petcare Diagnostics,Vetscan,DIA-VETSCAN-S,Veterinary,Region,South,134468,2420427.27,0.96
zoetis_vet_internal,2025-10,2025-Q4,Dermatology,AllerVet RX,DRM-ALLERVET-R-L,Veterinary,Region,West,17352,937019.18,0.96
zoetis_vet_internal,2025-10,2025-Q4,Dermatology,AllerVet RX,DRM-ALLERVET-R-S,Veterinary,Region,West,24262,1310136.97,0.96
zoetis_vet_internal,2025-10,2025-Q4,Dermatology,Apoquel,DRM-APOQUEL-L,Veterinary,Region,West,33133,2153639.71,0.96
zoetis_vet_internal,2025-10,2025-Q4,Dermatology,Apoquel,DRM-APOQUEL-S,Veterinary,Region,West,45131,2933511.62,0.96
zoetis_vet_internal,2025-10,2025-Q4,Vaccines,BioShield Vax,VAC-BIOSHIELD--L,Veterinary,Region,West,38543,770865.35,0.96
zoetis_vet_internal,2025-10,2025-Q4,Vaccines,BioShield Vax,VAC-BIOSHIELD--S,Veterinary,Region,West,51395,1027902.51,0.96
zoetis_vet_internal,2025-10,2025-Q4,Dermatology,DermaCalm,DRM-DERMACALM-L,Veterinary,Region,West,18852,1093421.26,0.96
zoetis_vet_internal,2025-10,2025-Q4,Dermatology,DermaCalm,DRM-DERMACALM-S,Veterinary,Region,West,26756,1551830.53,0.96
zoetis_vet_internal,2025-10,2025-Q4,Petcare Diagnostics,DiagnosTech Vet,DIA-DIAGNOSTEC-L,Veterinary,Region,West,52249,888230.26,0.96
zoetis_vet_internal,2025-10,2025-Q4,Petcare Diagnostics,DiagnosTech Vet,DIA-DIAGNOSTEC-S,Veterinary,Region,West,73027,1241451.28,0.96
zoetis_vet_internal,2025-10,2025-Q4,Parasiticides,FleaStop Pro,PAR-FLEASTOP-P-L,Veterinary,Region,West,19766,415079.35,0.96
zoetis_vet_internal,2025-10,2025-Q4,Parasiticides,FleaStop Pro,PAR-FLEASTOP-P-S,Veterinary,Region,West,28574,600060.61,0.96
zoetis_vet_internal,2025-10,2025-Q4,Pain/Osteoarthritis,FlexiCare Joint,PAN-FLEXICARE--L,Veterinary,Region,West,16846,741205.59,0.96
zoetis_vet_internal,2025-10,2025-Q4,Pain/Osteoarthritis,FlexiCare Joint,PAN-FLEXICARE--S,Veterinary,Region,West,24371,1072328.07,0.96
zoetis_vet_internal,2025-10,2025-Q4,Vaccines,ImmunoCore Canine,VAC-IMMUNOCORE-L,Veterinary,Region,West,44782,940414.2,0.96
zoetis_vet_internal,2025-10,2025-Q4,Vaccines,ImmunoCore Canine,VAC-IMMUNOCORE-S,Veterinary,Region,West,61972,1301418.65,0.96
zoetis_vet_internal,2025-10,2025-Q4,Pain/Osteoarthritis,Librela,PAN-LIBRELA-L,Veterinary,Region,West,17846,856626.89,0.96
zoetis_vet_internal,2025-10,2025-Q4,Pain/Osteoarthritis,Librela,PAN-LIBRELA-S,Veterinary,Region,West,24367,1169620.43,0.96
zoetis_vet_internal,2025-10,2025-Q4,Pain/Osteoarthritis,OsteoEase Vet,PAN-OSTEOEASE--L,Veterinary,Region,West,16407,672683.77,0.96
zoetis_vet_internal,2025-10,2025-Q4,Pain/Osteoarthritis,OsteoEase Vet,PAN-OSTEOEASE--S,Veterinary,Region,West,22891,938536.66,0.96
zoetis_vet_internal,2025-10,2025-Q4,Pain/Osteoarthritis,PainAway Canine,PAN-PAINAWAY-C-L,Veterinary,Region,West,14580,539466.26,0.96
zoetis_vet_internal,2025-10,2025-Q4,Pain/Osteoarthritis,PainAway Canine,PAN-PAINAWAY-C-S,Veterinary,Region,West,20703,766011.58,0.96
zoetis_vet_internal,2025-10,2025-Q4,Petcare Diagnostics,PetLab Analyzer,DIA-PETLAB-ANA-L,Veterinary,Region,West,31226,468385.05,0.96
zoetis_vet_internal,2025-10,2025-Q4,Petcare Diagnostics,PetLab Analyzer,DIA-PETLAB-ANA-S,Veterinary,Region,West,43265,648976.72,0.96
zoetis_vet_internal,2025-10,2025-Q4,Petcare Diagnostics,RapidVet Dx,DIA-RAPIDVET-D-L,Veterinary,Region,West,51208,819324.98,0.96
zoetis_vet_internal,2025-10,2025-Q4,Petcare Diagnostics,RapidVet Dx,DIA-RAPIDVET-D-S,Veterinary,Region,West,71474,1143579.63,0.96
zoetis_vet_internal,2025-10,2025-Q4,Parasiticides,Simparica Trio,PAR-SIMPARICA--L,Veterinary,Region,West,39143,1095994.47,0.96
zoetis_vet_internal,2025-10,2025-Q4,Parasiticides,Simparica Trio,PAR-SIMPARICA--S,Veterinary,Region,West,53609,1501051.24,0.96
zoetis_vet_internal,2025-10,2025-Q4,Dermatology,SkinRelief Pro,DRM-SKINRELIEF-L,Veterinary,Region,West,15120,740882.45,0.96
zoetis_vet_internal,2025-10,2025-Q4,Dermatology,SkinRelief Pro,DRM-SKINRELIEF-S,Veterinary,Region,West,20024,981170.36,0.96
zoetis_vet_internal,2025-10,2025-Q4,Parasiticides,TickShield Plus,PAR-TICKSHIELD-L,Veterinary,Region,West,22678,544271.96,0.96
zoetis_vet_internal,2025-10,2025-Q4,Parasiticides,TickShield Plus,PAR-TICKSHIELD-S,Veterinary,Region,West,30296,727113.86,0.96
zoetis_vet_internal,2025-10,2025-Q4,Vaccines,Vanguard,VAC-VANGUARD-L,Veterinary,Region,West,54596,1201105.42,0.96
zoetis_vet_internal,2025-10,2025-Q4,Vaccines,Vanguard,VAC-VANGUARD-S,Veterinary,Region,West,73027,1606602.03,0.96
zoetis_vet_internal,2025-10,2025-Q4,Parasiticides,VectraGuard,PAR-VECTRAGUAR-L,Veterinary,Region,West,26017,676446.26,0.96
zoetis_vet_internal,2025-10,2025-Q4,Parasiticides,VectraGuard,PAR-VECTRAGUAR-S,Veterinary,Region,West,36795,956673.81,0.96
zoetis_vet_internal,2025-10,2025-Q4,Vaccines,VetGuard Immunize,VAC-VETGUARD-I-L,Veterinary,Region,West,32694,621179.55,0.96
zoetis_vet_internal,2025-10,2025-Q4,Vaccines,VetGuard Immunize,VAC-VETGUARD-I-S,Veterinary,Region,West,43629,828944.94,0.96
zoetis_vet_internal,2025-10,2025-Q4,Vaccines,VetSelect Core Vax,VAC-VETSELECT--L,Veterinary,Region,West,30629,428802.14,0.96
zoetis_vet_internal,2025-10,2025-Q4,Vaccines,VetSelect Core Vax,VAC-VETSELECT--S,Veterinary,Region,West,41595,582334.69,0.96
zoetis_vet_internal,2025-10,2025-Q4,Dermatology,VetSelect Derma,DRM-VETSELECT--L,Veterinary,Region,West,11912,452671.53,0.96
zoetis_vet_internal,2025-10,2025-Q4,Dermatology,VetSelect Derma,DRM-VETSELECT--S,Veterinary,Region,West,16617,631433.49,0.96
zoetis_vet_internal,2025-10,2025-Q4,Petcare Diagnostics,VetSelect Dx,DIA-VETSELECT--L,Veterinary,Region,West,25077,300929.97,0.96
zoetis_vet_internal,2025-10,2025-Q4,Petcare Diagnostics,VetSelect Dx,DIA-VETSELECT--S,Veterinary,Region,West,35792,429505.82,0.96
zoetis_vet_internal,2025-10,2025-Q4,Parasiticides,VetSelect Flea & Tick,PAR-VETSELECT--L,Veterinary,Region,West,17907,304422.02,0.96
zoetis_vet_internal,2025-10,2025-Q4,Parasiticides,VetSelect Flea & Tick,PAR-VETSELECT--S,Veterinary,Region,West,25028,425471.44,0.96
zoetis_vet_internal,2025-10,2025-Q4,Pain/Osteoarthritis,VetSelect Joint,PAN-VETSELECT--L,Veterinary,Region,West,11990,347706.96,0.96
zoetis_vet_internal,2025-10,2025-Q4,Pain/Osteoarthritis,VetSelect Joint,PAN-VETSELECT--S,Veterinary,Region,West,16526,479254.59,0.96
zoetis_vet_internal,2025-10,2025-Q4,Petcare Diagnostics,Vetscan,DIA-VETSCAN-L,Veterinary,Region,West,66526,1197462.05,0.96
zoetis_vet_internal,2025-10,2025-Q4,Petcare Diagnostics,Vetscan,DIA-VETSCAN-S,Veterinary,Region,West,91367,1644614.66,0.96
zoetis_vet_internal,2025-11,2025-Q4,Dermatology,AllerVet RX,DRM-ALLERVET-R-L,Veterinary,National,National,70291,3795702.27,0.96
zoetis_vet_internal,2025-11,2025-Q4,Dermatology,AllerVet RX,DRM-ALLERVET-R-S,Veterinary,National,National,95528,5158568.29,0.96
zoetis_vet_internal,2025-11,2025-Q4,Dermatology,Apoquel,DRM-APOQUEL-L,Veterinary,National,National,123752,8043866.04,0.96
zoetis_vet_internal,2025-11,2025-Q4,Dermatology,Apoquel,DRM-APOQUEL-S,Veterinary,National,National,171486,11146579.46,0.96
zoetis_vet_internal,2025-11,2025-Q4,Vaccines,BioShield Vax,VAC-BIOSHIELD--L,Veterinary,National,National,155418,3108350.72,0.96
zoetis_vet_internal,2025-11,2025-Q4,Vaccines,BioShield Vax,VAC-BIOSHIELD--S,Veterinary,National,National,215616,4312327.34,0.96
zoetis_vet_internal,2025-11,2025-Q4,Dermatology,DermaCalm,DRM-DERMACALM-L,Veterinary,National,National,77849,4515274.46,0.96
zoetis_vet_internal,2025-11,2025-Q4,Dermatology,DermaCalm,DRM-DERMACALM-S,Veterinary,National,National,107675,6245154.53,0.96
zoetis_vet_internal,2025-11,2025-Q4,Petcare Diagnostics,DiagnosTech Vet,DIA-DIAGNOSTEC-L,Veterinary,National,National,234374,3984339.91,0.96
zoetis_vet_internal,2025-11,2025-Q4,Petcare Diagnostics,DiagnosTech Vet,DIA-DIAGNOSTEC-S,Veterinary,National,National,330950,5626165.53,0.96
zoetis_vet_internal,2025-11,2025-Q4,Parasiticides,FleaStop Pro,PAR-FLEASTOP-P-L,Veterinary,National,National,72619,1524998.59,0.96
zoetis_vet_internal,2025-11,2025-Q4,Parasiticides,FleaStop Pro,PAR-FLEASTOP-P-S,Veterinary,National,National,97516,2047818.56,0.96
zoetis_vet_internal,2025-11,2025-Q4,Pain/Osteoarthritis,FlexiCare Joint,PAN-FLEXICARE--L,Veterinary,National,National,77075,3391306.66,0.96
zoetis_vet_internal,2025-11,2025-Q4,Pain/Osteoarthritis,FlexiCare Joint,PAN-FLEXICARE--S,Veterinary,National,National,105455,4640021.62,0.96
zoetis_vet_internal,2025-11,2025-Q4,Vaccines,ImmunoCore Canine,VAC-IMMUNOCORE-L,Veterinary,National,National,197585,4149278.95,0.96
zoetis_vet_internal,2025-11,2025-Q4,Vaccines,ImmunoCore Canine,VAC-IMMUNOCORE-S,Veterinary,National,National,269013,5649280.36,0.96
zoetis_vet_internal,2025-11,2025-Q4,Pain/Osteoarthritis,Librela,PAN-LIBRELA-L,Veterinary,National,National,84700,4065608.07,0.96
zoetis_vet_internal,2025-11,2025-Q4,Pain/Osteoarthritis,Librela,PAN-LIBRELA-S,Veterinary,National,National,116979,5614969.85,0.96
zoetis_vet_internal,2025-11,2025-Q4,Pain/Osteoarthritis,OsteoEase Vet,PAN-OSTEOEASE--L,Veterinary,National,National,68876,2823935.17,0.96
zoetis_vet_internal,2025-11,2025-Q4,Pain/Osteoarthritis,OsteoEase Vet,PAN-OSTEOEASE--S,Veterinary,National,National,95810,3928190.2,0.96
zoetis_vet_internal,2025-11,2025-Q4,Pain/Osteoarthritis,PainAway Canine,PAN-PAINAWAY-C-L,Veterinary,National,National,66707,2468156.69,0.96
zoetis_vet_internal,2025-11,2025-Q4,Pain/Osteoarthritis,PainAway Canine,PAN-PAINAWAY-C-S,Veterinary,National,National,89259,3302585.44,0.96
zoetis_vet_internal,2025-11,2025-Q4,Petcare Diagnostics,PetLab Analyzer,DIA-PETLAB-ANA-L,Veterinary,National,National,143835,2157505.99,0.96
zoetis_vet_internal,2025-11,2025-Q4,Petcare Diagnostics,PetLab Analyzer,DIA-PETLAB-ANA-S,Veterinary,National,National,198235,2973527.64,0.96
zoetis_vet_internal,2025-11,2025-Q4,Petcare Diagnostics,RapidVet Dx,DIA-RAPIDVET-D-L,Veterinary,National,National,215785,3452565.01,0.96
zoetis_vet_internal,2025-11,2025-Q4,Petcare Diagnostics,RapidVet Dx,DIA-RAPIDVET-D-S,Veterinary,National,National,295647,4730347.03,0.96
zoetis_vet_internal,2025-11,2025-Q4,Parasiticides,Simparica Trio,PAR-SIMPARICA--L,Veterinary,National,National,154649,4330148.71,0.96
zoetis_vet_internal,2025-11,2025-Q4,Parasiticides,Simparica Trio,PAR-SIMPARICA--S,Veterinary,National,National,205407,5751399.79,0.96
zoetis_vet_internal,2025-11,2025-Q4,Dermatology,SkinRelief Pro,DRM-SKINRELIEF-L,Veterinary,National,National,60228,2951136.97,0.96
zoetis_vet_internal,2025-11,2025-Q4,Dermatology,SkinRelief Pro,DRM-SKINRELIEF-S,Veterinary,National,National,82882,4061213.08,0.96
zoetis_vet_internal,2025-11,2025-Q4,Parasiticides,TickShield Plus,PAR-TICKSHIELD-L,Veterinary,National,National,79435,1906455.84,0.96
zoetis_vet_internal,2025-11,2025-Q4,Parasiticides,TickShield Plus,PAR-TICKSHIELD-S,Veterinary,National,National,109177,2620251.57,0.96
zoetis_vet_internal,2025-11,2025-Q4,Vaccines,Vanguard,VAC-VANGUARD-L,Veterinary,National,National,223305,4912732.11,0.96
zoetis_vet_internal,2025-11,2025-Q4,Vaccines,Vanguard,VAC-VANGUARD-S,Veterinary,National,National,307665,6768622.39,0.96
zoetis_vet_internal,2025-11,2025-Q4,Parasiticides,VectraGuard,PAR-VECTRAGUAR-L,Veterinary,National,National,95427,2481081.3,0.96
zoetis_vet_internal,2025-11,2025-Q4,Parasiticides,VectraGuard,PAR-VECTRAGUAR-S,Veterinary,National,National,128728,3346941.38,0.96
zoetis_vet_internal,2025-11,2025-Q4,Vaccines,VetGuard Immunize,VAC-VETGUARD-I-L,Veterinary,National,National,144274,2741197.2,0.96
zoetis_vet_internal,2025-11,2025-Q4,Vaccines,VetGuard Immunize,VAC-VETGUARD-I-S,Veterinary,National,National,200431,3808196.11,0.96
zoetis_vet_internal,2025-11,2025-Q4,Vaccines,VetSelect Core Vax,VAC-VETSELECT--L,Veterinary,National,National,133400,1867598.82,0.96
zoetis_vet_internal,2025-11,2025-Q4,Vaccines,VetSelect Core Vax,VAC-VETSELECT--S,Veterinary,National,National,181446,2540247.19,0.96
zoetis_vet_internal,2025-11,2025-Q4,Dermatology,VetSelect Derma,DRM-VETSELECT--L,Veterinary,National,National,54094,2055575.38,0.96
zoetis_vet_internal,2025-11,2025-Q4,Dermatology,VetSelect Derma,DRM-VETSELECT--S,Veterinary,National,National,72679,2761768.55,0.96
zoetis_vet_internal,2025-11,2025-Q4,Petcare Diagnostics,VetSelect Dx,DIA-VETSELECT--L,Veterinary,National,National,106985,1283823.64,0.96
zoetis_vet_internal,2025-11,2025-Q4,Petcare Diagnostics,VetSelect Dx,DIA-VETSELECT--S,Veterinary,National,National,147180,1766150.31,0.96
zoetis_vet_internal,2025-11,2025-Q4,Parasiticides,VetSelect Flea & Tick,PAR-VETSELECT--L,Veterinary,National,National,67412,1146000.15,0.96
zoetis_vet_internal,2025-11,2025-Q4,Parasiticides,VetSelect Flea & Tick,PAR-VETSELECT--S,Veterinary,National,National,91044,1547760.92,0.96
zoetis_vet_internal,2025-11,2025-Q4,Pain/Osteoarthritis,VetSelect Joint,PAN-VETSELECT--L,Veterinary,National,National,59005,1711159.06,0.96
zoetis_vet_internal,2025-11,2025-Q4,Pain/Osteoarthritis,VetSelect Joint,PAN-VETSELECT--S,Veterinary,National,National,81313,2358084.23,0.96
zoetis_vet_internal,2025-11,2025-Q4,Petcare Diagnostics,Vetscan,DIA-VETSCAN-L,Veterinary,National,National,280017,5040311.03,0.96
zoetis_vet_internal,2025-11,2025-Q4,Petcare Diagnostics,Vetscan,DIA-VETSCAN-S,Veterinary,National,National,385540,6939732.62,0.96
zoetis_vet_internal,2025-11,2025-Q4,Dermatology,AllerVet RX,DRM-ALLERVET-R-L,Veterinary,Region,Midwest,15424,832893.31,0.96
zoetis_vet_internal,2025-11,2025-Q4,Dermatology,AllerVet RX,DRM-ALLERVET-R-S,Veterinary,Region,Midwest,20767,1121436.5,0.96
zoetis_vet_internal,2025-11,2025-Q4,Dermatology,Apoquel,DRM-APOQUEL-L,Veterinary,Region,Midwest,28355,1843102.24,0.96
zoetis_vet_internal,2025-11,2025-Q4,Dermatology,Apoquel,DRM-APOQUEL-S,Veterinary,Region,Midwest,37446,2433972.99,0.96
zoetis_vet_internal,2025-11,2025-Q4,Vaccines,BioShield Vax,VAC-BIOSHIELD--L,Veterinary,Region,Midwest,32999,659975.39,0.96
zoetis_vet_internal,2025-11,2025-Q4,Vaccines,BioShield Vax,VAC-BIOSHIELD--S,Veterinary,Region,Midwest,47181,943621.76,0.96
zoetis_vet_internal,2025-11,2025-Q4,Dermatology,DermaCalm,DRM-DERMACALM-L,Veterinary,Region,Midwest,16722,969859.63,0.96
zoetis_vet_internal,2025-11,2025-Q4,Dermatology,DermaCalm,DRM-DERMACALM-S,Veterinary,Region,Midwest,22655,1314018.23,0.96
zoetis_vet_internal,2025-11,2025-Q4,Petcare Diagnostics,DiagnosTech Vet,DIA-DIAGNOSTEC-L,Veterinary,Region,Midwest,48370,822291.27,0.96
zoetis_vet_internal,2025-11,2025-Q4,Petcare Diagnostics,DiagnosTech Vet,DIA-DIAGNOSTEC-S,Veterinary,Region,Midwest,67331,1144623.08,0.96
zoetis_vet_internal,2025-11,2025-Q4,Parasiticides,FleaStop Pro,PAR-FLEASTOP-P-L,Veterinary,Region,Midwest,15414,323698.12,0.96
zoetis_vet_internal,2025-11,2025-Q4,Parasiticides,FleaStop Pro,PAR-FLEASTOP-P-S,Veterinary,Region,Midwest,21267,446597.5,0.96
zoetis_vet_internal,2025-11,2025-Q4,Pain/Osteoarthritis,FlexiCare Joint,PAN-FLEXICARE--L,Veterinary,Region,Midwest,80250,3530974.19,0.96
zoetis_vet_internal,2025-11,2025-Q4,Pain/Osteoarthritis,FlexiCare Joint,PAN-FLEXICARE--S,Veterinary,Region,Midwest,108432,4771042.52,0.96
zoetis_vet_internal,2025-11,2025-Q4,Vaccines,ImmunoCore Canine,VAC-IMMUNOCORE-L,Veterinary,Region,Midwest,41902,879934.49,0.96
zoetis_vet_internal,2025-11,2025-Q4,Vaccines,ImmunoCore Canine,VAC-IMMUNOCORE-S,Veterinary,Region,Midwest,58120,1220516.37,0.96
zoetis_vet_internal,2025-11,2025-Q4,Pain/Osteoarthritis,Librela,PAN-LIBRELA-L,Veterinary,Region,Midwest,18390,882723.17,0.96
zoetis_vet_internal,2025-11,2025-Q4,Pain/Osteoarthritis,Librela,PAN-LIBRELA-S,Veterinary,Region,Midwest,25025,1201183.53,0.96
zoetis_vet_internal,2025-11,2025-Q4,Pain/Osteoarthritis,OsteoEase Vet,PAN-OSTEOEASE--L,Veterinary,Region,Midwest,14647,600540.87,0.96
zoetis_vet_internal,2025-11,2025-Q4,Pain/Osteoarthritis,OsteoEase Vet,PAN-OSTEOEASE--S,Veterinary,Region,Midwest,20833,854141.97,0.96
zoetis_vet_internal,2025-11,2025-Q4,Pain/Osteoarthritis,PainAway Canine,PAN-PAINAWAY-C-L,Veterinary,Region,Midwest,13896,514142.17,0.96
zoetis_vet_internal,2025-11,2025-Q4,Pain/Osteoarthritis,PainAway Canine,PAN-PAINAWAY-C-S,Veterinary,Region,Midwest,18153,671654.75,0.96
zoetis_vet_internal,2025-11,2025-Q4,Petcare Diagnostics,PetLab Analyzer,DIA-PETLAB-ANA-L,Veterinary,Region,Midwest,30558,458364.36,0.96
zoetis_vet_internal,2025-11,2025-Q4,Petcare Diagnostics,PetLab Analyzer,DIA-PETLAB-ANA-S,Veterinary,Region,Midwest,41984,629764.26,0.96
zoetis_vet_internal,2025-11,2025-Q4,Petcare Diagnostics,RapidVet Dx,DIA-RAPIDVET-D-L,Veterinary,Region,Midwest,44491,711860.38,0.96
zoetis_vet_internal,2025-11,2025-Q4,Petcare Diagnostics,RapidVet Dx,DIA-RAPIDVET-D-S,Veterinary,Region,Midwest,64661,1034571.52,0.96
zoetis_vet_internal,2025-11,2025-Q4,Parasiticides,Simparica Trio,PAR-SIMPARICA--L,Veterinary,Region,Midwest,31918,893692.64,0.96
zoetis_vet_internal,2025-11,2025-Q4,Parasiticides,Simparica Trio,PAR-SIMPARICA--S,Veterinary,Region,Midwest,42204,1181711.4,0.96
zoetis_vet_internal,2025-11,2025-Q4,Dermatology,SkinRelief Pro,DRM-SKINRELIEF-L,Veterinary,Region,Midwest,12763,625379.57,0.96
zoetis_vet_internal,2025-11,2025-Q4,Dermatology,SkinRelief Pro,DRM-SKINRELIEF-S,Veterinary,Region,Midwest,17297,847554.68,0.96
zoetis_vet_internal,2025-11,2025-Q4,Parasiticides,TickShield Plus,PAR-TICKSHIELD-L,Veterinary,Region,Midwest,17291,414994.8,0.96
zoetis_vet_internal,2025-11,2025-Q4,Parasiticides,TickShield Plus,PAR-TICKSHIELD-S,Veterinary,Region,Midwest,23218,557238.0,0.96
zoetis_vet_internal,2025-11,2025-Q4,Vaccines,Vanguard,VAC-VANGUARD-L,Veterinary,Region,Midwest,44823,986109.3,0.96
zoetis_vet_internal,2025-11,2025-Q4,Vaccines,Vanguard,VAC-VANGUARD-S,Veterinary,Region,Midwest,61177,1345886.12,0.96
zoetis_vet_internal,2025-11,2025-Q4,Parasiticides,VectraGuard,PAR-VECTRAGUAR-L,Veterinary,Region,Midwest,19611,509873.9,0.96
zoetis_vet_internal,2025-11,2025-Q4,Parasiticides,VectraGuard,PAR-VECTRAGUAR-S,Veterinary,Region,Midwest,26937,700366.04,0.96
zoetis_vet_internal,2025-11,2025-Q4,Vaccines,VetGuard Immunize,VAC-VETGUARD-I-L,Veterinary,Region,Midwest,29786,565935.79,0.96
zoetis_vet_internal,2025-11,2025-Q4,Vaccines,VetGuard Immunize,VAC-VETGUARD-I-S,Veterinary,Region,Midwest,40238,764529.3,0.96
zoetis_vet_internal,2025-11,2025-Q4,Vaccines,VetSelect Core Vax,VAC-VETSELECT--L,Veterinary,Region,Midwest,26888,376425.16,0.96
zoetis_vet_internal,2025-11,2025-Q4,Vaccines,VetSelect Core Vax,VAC-VETSELECT--S,Veterinary,Region,Midwest,36459,510424.51,0.96
zoetis_vet_internal,2025-11,2025-Q4,Dermatology,VetSelect Derma,DRM-VETSELECT--L,Veterinary,Region,Midwest,11235,426947.78,0.96
zoetis_vet_internal,2025-11,2025-Q4,Dermatology,VetSelect Derma,DRM-VETSELECT--S,Veterinary,Region,Midwest,15151,575727.81,0.96
zoetis_vet_internal,2025-11,2025-Q4,Petcare Diagnostics,VetSelect Dx,DIA-VETSELECT--L,Veterinary,Region,Midwest,22986,275826.02,0.96
zoetis_vet_internal,2025-11,2025-Q4,Petcare Diagnostics,VetSelect Dx,DIA-VETSELECT--S,Veterinary,Region,Midwest,30778,369334.28,0.96
zoetis_vet_internal,2025-11,2025-Q4,Parasiticides,VetSelect Flea & Tick,PAR-VETSELECT--L,Veterinary,Region,Midwest,12811,217786.42,0.96
zoetis_vet_internal,2025-11,2025-Q4,Parasiticides,VetSelect Flea & Tick,PAR-VETSELECT--S,Veterinary,Region,Midwest,18240,310081.38,0.96
zoetis_vet_internal,2025-11,2025-Q4,Pain/Osteoarthritis,VetSelect Joint,PAN-VETSELECT--L,Veterinary,Region,Midwest,12097,350813.3,0.96
zoetis_vet_internal,2025-11,2025-Q4,Pain/Osteoarthritis,VetSelect Joint,PAN-VETSELECT--S,Veterinary,Region,Midwest,16814,487602.12,0.96
zoetis_vet_internal,2025-11,2025-Q4,Petcare Diagnostics,Vetscan,DIA-VETSCAN-L,Veterinary,Region,Midwest,61260,1102680.31,0.96
zoetis_vet_internal,2025-11,2025-Q4,Petcare Diagnostics,Vetscan,DIA-VETSCAN-S,Veterinary,Region,Midwest,85862,1545518.19,0.96
zoetis_vet_internal,2025-11,2025-Q4,Dermatology,AllerVet RX,DRM-ALLERVET-R-L,Veterinary,Region,Northeast,15265,824321.24,0.96
zoetis_vet_internal,2025-11,2025-Q4,Dermatology,AllerVet RX,DRM-ALLERVET-R-S,Veterinary,Region,Northeast,20600,1112417.7,0.96
zoetis_vet_internal,2025-11,2025-Q4,Dermatology,Apoquel,DRM-APOQUEL-L,Veterinary,Region,Northeast,25970,1688041.1,0.96
zoetis_vet_internal,2025-11,2025-Q4,Dermatology,Apoquel,DRM-APOQUEL-S,Veterinary,Region,Northeast,37257,2421704.12,0.96
zoetis_vet_internal,2025-11,2025-Q4,Vaccines,BioShield Vax,VAC-BIOSHIELD--L,Veterinary,Region,Northeast,35438,708755.11,0.96
zoetis_vet_internal,2025-11,2025-Q4,Vaccines,BioShield Vax,VAC-BIOSHIELD--S,Veterinary,Region,Northeast,47594,951888.67,0.96
zoetis_vet_internal,2025-11,2025-Q4,Dermatology,DermaCalm,DRM-DERMACALM-L,Veterinary,Region,Northeast,16891,979681.55,0.96
zoetis_vet_internal,2025-11,2025-Q4,Dermatology,DermaCalm,DRM-DERMACALM-S,Veterinary,Region,Northeast,23879,1384974.62,0.96
zoetis_vet_internal,2025-11,2025-Q4,Petcare Diagnostics,DiagnosTech Vet,DIA-DIAGNOSTEC-L,Veterinary,Region,Northeast,51712,879098.69,0.96
zoetis_vet_internal,2025-11,2025-Q4,Petcare Diagnostics,DiagnosTech Vet,DIA-DIAGNOSTEC-S,Veterinary,Region,Northeast,74028,1258482.64,0.96
zoetis_vet_internal,2025-11,2025-Q4,Parasiticides,FleaStop Pro,PAR-FLEASTOP-P-L,Veterinary,Region,Northeast,16063,337328.11,0.96
zoetis_vet_internal,2025-11,2025-Q4,Parasiticides,FleaStop Pro,PAR-FLEASTOP-P-S,Veterinary,Region,Northeast,20806,436918.2,0.96
zoetis_vet_internal,2025-11,2025-Q4,Pain/Osteoarthritis,FlexiCare Joint,PAN-FLEXICARE--L,Veterinary,Region,Northeast,17472,768773.99,0.96
zoetis_vet_internal,2025-11,2025-Q4,Pain/Osteoarthritis,FlexiCare Joint,PAN-FLEXICARE--S,Veterinary,Region,Northeast,23561,1036683.89,0.96
zoetis_vet_internal,2025-11,2025-Q4,Vaccines,ImmunoCore Canine,VAC-IMMUNOCORE-L,Veterinary,Region,Northeast,45000,944997.63,0.96
zoetis_vet_internal,2025-11,2025-Q4,Vaccines,ImmunoCore Canine,VAC-IMMUNOCORE-S,Veterinary,Region,Northeast,60947,1279886.95,0.96
zoetis_vet_internal,2025-11,2025-Q4,Pain/Osteoarthritis,Librela,PAN-LIBRELA-L,Veterinary,Region,Northeast,18771,901022.23,0.96
zoetis_vet_internal,2025-11,2025-Q4,Pain/Osteoarthritis,Librela,PAN-LIBRELA-S,Veterinary,Region,Northeast,25228,1210921.12,0.96
zoetis_vet_internal,2025-11,2025-Q4,Pain/Osteoarthritis,OsteoEase Vet,PAN-OSTEOEASE--L,Veterinary,Region,Northeast,14746,604598.11,0.96
zoetis_vet_internal,2025-11,2025-Q4,Pain/Osteoarthritis,OsteoEase Vet,PAN-OSTEOEASE--S,Veterinary,Region,Northeast,20243,829977.1,0.96
zoetis_vet_internal,2025-11,2025-Q4,Pain/Osteoarthritis,PainAway Canine,PAN-PAINAWAY-C-L,Veterinary,Region,Northeast,14285,528542.98,0.96
zoetis_vet_internal,2025-11,2025-Q4,Pain/Osteoarthritis,PainAway Canine,PAN-PAINAWAY-C-S,Veterinary,Region,Northeast,19588,724760.34,0.96
zoetis_vet_internal,2025-11,2025-Q4,Petcare Diagnostics,PetLab Analyzer,DIA-PETLAB-ANA-L,Veterinary,Region,Northeast,33016,495235.24,0.96
zoetis_vet_internal,2025-11,2025-Q4,Petcare Diagnostics,PetLab Analyzer,DIA-PETLAB-ANA-S,Veterinary,Region,Northeast,44602,669034.38,0.96
zoetis_vet_internal,2025-11,2025-Q4,Petcare Diagnostics,RapidVet Dx,DIA-RAPIDVET-D-L,Veterinary,Region,Northeast,48381,774102.88,0.96
zoetis_vet_internal,2025-11,2025-Q4,Petcare Diagnostics,RapidVet Dx,DIA-RAPIDVET-D-S,Veterinary,Region,Northeast,62205,995280.17,0.96
zoetis_vet_internal,2025-11,2025-Q4,Parasiticides,Simparica Trio,PAR-SIMPARICA--L,Veterinary,Region,Northeast,33849,947781.96,0.96
zoetis_vet_internal,2025-11,2025-Q4,Parasiticides,Simparica Trio,PAR-SIMPARICA--S,Veterinary,Region,Northeast,45076,1262138.49,0.96
zoetis_vet_internal,2025-11,2025-Q4,Dermatology,SkinRelief Pro,DRM-SKINRELIEF-L,Veterinary,Region,Northeast,13085,641148.73,0.96
zoetis_vet_internal,2025-11,2025-Q4,Dermatology,SkinRelief Pro,DRM-SKINRELIEF-S,Veterinary,Region,Northeast,18462,904634.36,0.96
zoetis_vet_internal,2025-11,2025-Q4,Parasiticides,TickShield Plus,PAR-TICKSHIELD-L,Veterinary,Region,Northeast,17260,414240.45,0.96
zoetis_vet_internal,2025-11,2025-Q4,Parasiticides,TickShield Plus,PAR-TICKSHIELD-S,Veterinary,Region,Northeast,24611,590661.17,0.96
zoetis_vet_internal,2025-11,2025-Q4,Vaccines,Vanguard,VAC-VANGUARD-L,Veterinary,Region,Northeast,47709,1049607.48,0.96
zoetis_vet_internal,2025-11,2025-Q4,Vaccines,Vanguard,VAC-VANGUARD-S,Veterinary,Region,Northeast,65050,1431094.46,0.96
zoetis_vet_internal,2025-11,2025-Q4,Parasiticides,VectraGuard,PAR-VECTRAGUAR-L,Veterinary,Region,Northeast,20430,531174.2,0.96
zoetis_vet_internal,2025-11,2025-Q4,Parasiticides,VectraGuard,PAR-VECTRAGUAR-S,Veterinary,Region,Northeast,27391,712160.15,0.96
zoetis_vet_internal,2025-11,2025-Q4,Vaccines,VetGuard Immunize,VAC-VETGUARD-I-L,Veterinary,Region,Northeast,31017,589323.49,0.96
zoetis_vet_internal,2025-11,2025-Q4,Vaccines,VetGuard Immunize,VAC-VETGUARD-I-S,Veterinary,Region,Northeast,44196,839718.9,0.96
zoetis_vet_internal,2025-11,2025-Q4,Vaccines,VetSelect Core Vax,VAC-VETSELECT--L,Veterinary,Region,Northeast,27995,391932.35,0.96
zoetis_vet_internal,2025-11,2025-Q4,Vaccines,VetSelect Core Vax,VAC-VETSELECT--S,Veterinary,Region,Northeast,39124,547735.93,0.96
zoetis_vet_internal,2025-11,2025-Q4,Dermatology,VetSelect Derma,DRM-VETSELECT--L,Veterinary,Region,Northeast,12127,460818.92,0.96
zoetis_vet_internal,2025-11,2025-Q4,Dermatology,VetSelect Derma,DRM-VETSELECT--S,Veterinary,Region,Northeast,16181,614867.53,0.96
zoetis_vet_internal,2025-11,2025-Q4,Petcare Diagnostics,VetSelect Dx,DIA-VETSELECT--L,Veterinary,Region,Northeast,23824,285892.05,0.96
zoetis_vet_internal,2025-11,2025-Q4,Petcare Diagnostics,VetSelect Dx,DIA-VETSELECT--S,Veterinary,Region,Northeast,31627,379518.66,0.96
zoetis_vet_internal,2025-11,2025-Q4,Parasiticides,VetSelect Flea & Tick,PAR-VETSELECT--L,Veterinary,Region,Northeast,14997,254944.73,0.96
zoetis_vet_internal,2025-11,2025-Q4,Parasiticides,VetSelect Flea & Tick,PAR-VETSELECT--S,Veterinary,Region,Northeast,21022,357378.29,0.96
zoetis_vet_internal,2025-11,2025-Q4,Pain/Osteoarthritis,VetSelect Joint,PAN-VETSELECT--L,Veterinary,Region,Northeast,13109,380162.96,0.96
zoetis_vet_internal,2025-11,2025-Q4,Pain/Osteoarthritis,VetSelect Joint,PAN-VETSELECT--S,Veterinary,Region,Northeast,18603,539487.18,0.96
zoetis_vet_internal,2025-11,2025-Q4,Petcare Diagnostics,Vetscan,DIA-VETSCAN-L,Veterinary,Region,Northeast,60707,1092724.0,0.96
zoetis_vet_internal,2025-11,2025-Q4,Petcare Diagnostics,Vetscan,DIA-VETSCAN-S,Veterinary,Region,Northeast,81382,1464883.79,0.96
zoetis_vet_internal,2025-11,2025-Q4,Dermatology,AllerVet RX,DRM-ALLERVET-R-L,Veterinary,Region,South,23461,1266883.41,0.96
zoetis_vet_internal,2025-11,2025-Q4,Dermatology,AllerVet RX,DRM-ALLERVET-R-S,Veterinary,Region,South,31813,1717907.76,0.96
zoetis_vet_internal,2025-11,2025-Q4,Dermatology,Apoquel,DRM-APOQUEL-L,Veterinary,Region,South,41685,2709509.67,0.96
zoetis_vet_internal,2025-11,2025-Q4,Dermatology,Apoquel,DRM-APOQUEL-S,Veterinary,Region,South,58272,3787683.22,0.96
zoetis_vet_internal,2025-11,2025-Q4,Vaccines,BioShield Vax,VAC-BIOSHIELD--L,Veterinary,Region,South,51616,1032328.05,0.96
zoetis_vet_internal,2025-11,2025-Q4,Vaccines,BioShield Vax,VAC-BIOSHIELD--S,Veterinary,Region,South,71529,1430572.27,0.96
zoetis_vet_internal,2025-11,2025-Q4,Dermatology,DermaCalm,DRM-DERMACALM-L,Veterinary,Region,South,26669,1546823.45,0.96
zoetis_vet_internal,2025-11,2025-Q4,Dermatology,DermaCalm,DRM-DERMACALM-S,Veterinary,Region,South,37053,2149057.37,0.96
zoetis_vet_internal,2025-11,2025-Q4,Petcare Diagnostics,DiagnosTech Vet,DIA-DIAGNOSTEC-L,Veterinary,Region,South,78873,1340834.14,0.96
zoetis_vet_internal,2025-11,2025-Q4,Petcare Diagnostics,DiagnosTech Vet,DIA-DIAGNOSTEC-S,Veterinary,Region,South,114717,1950196.07,0.96
zoetis_vet_internal,2025-11,2025-Q4,Parasiticides,FleaStop Pro,PAR-FLEASTOP-P-L,Veterinary,Region,South,24445,513340.69,0.96
zoetis_vet_internal,2025-11,2025-Q4,Parasiticides,FleaStop Pro,PAR-FLEASTOP-P-S,Veterinary,Region,South,33473,702927.07,0.96
zoetis_vet_internal,2025-11,2025-Q4,Pain/Osteoarthritis,FlexiCare Joint,PAN-FLEXICARE--L,Veterinary,Region,South,25718,1131596.96,0.96
zoetis_vet_internal,2025-11,2025-Q4,Pain/Osteoarthritis,FlexiCare Joint,PAN-FLEXICARE--S,Veterinary,Region,South,36083,1587638.77,0.96
zoetis_vet_internal,2025-11,2025-Q4,Vaccines,ImmunoCore Canine,VAC-IMMUNOCORE-L,Veterinary,Region,South,66585,1398280.67,0.96
zoetis_vet_internal,2025-11,2025-Q4,Vaccines,ImmunoCore Canine,VAC-IMMUNOCORE-S,Veterinary,Region,South,88430,1857034.41,0.96
zoetis_vet_internal,2025-11,2025-Q4,Pain/Osteoarthritis,Librela,PAN-LIBRELA-L,Veterinary,Region,South,27825,1335576.51,0.96
zoetis_vet_internal,2025-11,2025-Q4,Pain/Osteoarthritis,Librela,PAN-LIBRELA-S,Veterinary,Region,South,39480,1895042.32,0.96
zoetis_vet_internal,2025-11,2025-Q4,Pain/Osteoarthritis,OsteoEase Vet,PAN-OSTEOEASE--L,Veterinary,Region,South,23203,951312.9,0.96
zoetis_vet_internal,2025-11,2025-Q4,Pain/Osteoarthritis,OsteoEase Vet,PAN-OSTEOEASE--S,Veterinary,Region,South,32327,1325393.03,0.96
zoetis_vet_internal,2025-11,2025-Q4,Pain/Osteoarthritis,PainAway Canine,PAN-PAINAWAY-C-L,Veterinary,Region,South,23631,874361.08,0.96
zoetis_vet_internal,2025-11,2025-Q4,Pain/Osteoarthritis,PainAway Canine,PAN-PAINAWAY-C-S,Veterinary,Region,South,31531,1166645.37,0.96
zoetis_vet_internal,2025-11,2025-Q4,Petcare Diagnostics,PetLab Analyzer,DIA-PETLAB-ANA-L,Veterinary,Region,South,48421,726311.55,0.96
zoetis_vet_internal,2025-11,2025-Q4,Petcare Diagnostics,PetLab Analyzer,DIA-PETLAB-ANA-S,Veterinary,Region,South,67764,1016460.79,0.96
zoetis_vet_internal,2025-11,2025-Q4,Petcare Diagnostics,RapidVet Dx,DIA-RAPIDVET-D-L,Veterinary,Region,South,73736,1179776.83,0.96
zoetis_vet_internal,2025-11,2025-Q4,Petcare Diagnostics,RapidVet Dx,DIA-RAPIDVET-D-S,Veterinary,Region,South,100378,1606043.66,0.96
zoetis_vet_internal,2025-11,2025-Q4,Parasiticides,Simparica Trio,PAR-SIMPARICA--L,Veterinary,Region,South,52806,1478556.58,0.96
zoetis_vet_internal,2025-11,2025-Q4,Parasiticides,Simparica Trio,PAR-SIMPARICA--S,Veterinary,Region,South,67817,1898881.84,0.96
zoetis_vet_internal,2025-11,2025-Q4,Dermatology,SkinRelief Pro,DRM-SKINRELIEF-L,Veterinary,Region,South,20149,987288.38,0.96
zoetis_vet_internal,2025-11,2025-Q4,Dermatology,SkinRelief Pro,DRM-SKINRELIEF-S,Veterinary,Region,South,27597,1352241.25,0.96
zoetis_vet_internal,2025-11,2025-Q4,Parasiticides,TickShield Plus,PAR-TICKSHIELD-L,Veterinary,Region,South,26609,638613.02,0.96
zoetis_vet_internal,2025-11,2025-Q4,Parasiticides,TickShield Plus,PAR-TICKSHIELD-S,Veterinary,Region,South,37687,904490.29,0.96
zoetis_vet_internal,2025-11,2025-Q4,Vaccines,Vanguard,VAC-VANGUARD-L,Veterinary,Region,South,78011,1716250.57,0.96
zoetis_vet_internal,2025-11,2025-Q4,Vaccines,Vanguard,VAC-VANGUARD-S,Veterinary,Region,South,107812,2371871.37,0.96
zoetis_vet_internal,2025-11,2025-Q4,Parasiticides,VectraGuard,PAR-VECTRAGUAR-L,Veterinary,Region,South,33737,877151.58,0.96
zoetis_vet_internal,2025-11,2025-Q4,Parasiticides,VectraGuard,PAR-VECTRAGUAR-S,Veterinary,Region,South,44358,1153310.39,0.96
zoetis_vet_internal,2025-11,2025-Q4,Vaccines,VetGuard Immunize,VAC-VETGUARD-I-L,Veterinary,Region,South,50932,967699.77,0.96
zoetis_vet_internal,2025-11,2025-Q4,Vaccines,VetGuard Immunize,VAC-VETGUARD-I-S,Veterinary,Region,South,72216,1372102.6,0.96
zoetis_vet_internal,2025-11,2025-Q4,Vaccines,VetSelect Core Vax,VAC-VETSELECT--L,Veterinary,Region,South,47329,662609.63,0.96
zoetis_vet_internal,2025-11,2025-Q4,Vaccines,VetSelect Core Vax,VAC-VETSELECT--S,Veterinary,Region,South,60468,846555.91,0.96
zoetis_vet_internal,2025-11,2025-Q4,Dermatology,VetSelect Derma,DRM-VETSELECT--L,Veterinary,Region,South,18817,715029.67,0.96
zoetis_vet_internal,2025-11,2025-Q4,Dermatology,VetSelect Derma,DRM-VETSELECT--S,Veterinary,Region,South,25396,965033.09,0.96
zoetis_vet_internal,2025-11,2025-Q4,Petcare Diagnostics,VetSelect Dx,DIA-VETSELECT--L,Veterinary,Region,South,36451,437416.27,0.96
zoetis_vet_internal,2025-11,2025-Q4,Petcare Diagnostics,VetSelect Dx,DIA-VETSELECT--S,Veterinary,Region,South,51358,616298.73,0.96
zoetis_vet_internal,2025-11,2025-Q4,Parasiticides,VetSelect Flea & Tick,PAR-VETSELECT--L,Veterinary,Region,South,23524,399907.1,0.96
zoetis_vet_internal,2025-11,2025-Q4,Parasiticides,VetSelect Flea & Tick,PAR-VETSELECT--S,Veterinary,Region,South,29878,507928.3,0.96
zoetis_vet_internal,2025-11,2025-Q4,Pain/Osteoarthritis,VetSelect Joint,PAN-VETSELECT--L,Veterinary,Region,South,20427,592385.95,0.96
zoetis_vet_internal,2025-11,2025-Q4,Pain/Osteoarthritis,VetSelect Joint,PAN-VETSELECT--S,Veterinary,Region,South,26865,779087.75,0.96
zoetis_vet_internal,2025-11,2025-Q4,Petcare Diagnostics,Vetscan,DIA-VETSCAN-L,Veterinary,Region,South,94905,1708289.02,0.96
zoetis_vet_internal,2025-11,2025-Q4,Petcare Diagnostics,Vetscan,DIA-VETSCAN-S,Veterinary,Region,South,127974,2303530.36,0.96
zoetis_vet_internal,2025-11,2025-Q4,Dermatology,AllerVet RX,DRM-ALLERVET-R-L,Veterinary,Region,West,16141,871604.31,0.96
zoetis_vet_internal,2025-11,2025-Q4,Dermatology,AllerVet RX,DRM-ALLERVET-R-S,Veterinary,Region,West,22348,1206806.33,0.96
zoetis_vet_internal,2025-11,2025-Q4,Dermatology,Apoquel,DRM-APOQUEL-L,Veterinary,Region,West,27742,1803213.03,0.96
zoetis_vet_internal,2025-11,2025-Q4,Dermatology,Apoquel,DRM-APOQUEL-S,Veterinary,Region,West,38511,2503219.13,0.96
zoetis_vet_internal,2025-11,2025-Q4,Vaccines,BioShield Vax,VAC-BIOSHIELD--L,Veterinary,Region,West,35365,707292.17,0.96
zoetis_vet_internal,2025-11,2025-Q4,Vaccines,BioShield Vax,VAC-BIOSHIELD--S,Veterinary,Region,West,49312,986244.64,0.96
zoetis_vet_internal,2025-11,2025-Q4,Dermatology,DermaCalm,DRM-DERMACALM-L,Veterinary,Region,West,17567,1018909.83,0.96
zoetis_vet_internal,2025-11,2025-Q4,Dermatology,DermaCalm,DRM-DERMACALM-S,Veterinary,Region,West,24088,1397104.31,0.96
zoetis_vet_internal,2025-11,2025-Q4,Petcare Diagnostics,DiagnosTech Vet,DIA-DIAGNOSTEC-L,Veterinary,Region,West,55419,942115.81,0.96
zoetis_vet_internal,2025-11,2025-Q4,Petcare Diagnostics,DiagnosTech Vet,DIA-DIAGNOSTEC-S,Veterinary,Region,West,74874,1272863.74,0.96
zoetis_vet_internal,2025-11,2025-Q4,Parasiticides,FleaStop Pro,PAR-FLEASTOP-P-L,Veterinary,Region,West,16697,350631.67,0.96
zoetis_vet_internal,2025-11,2025-Q4,Parasiticides,FleaStop Pro,PAR-FLEASTOP-P-S,Veterinary,Region,West,21970,461375.79,0.96
zoetis_vet_internal,2025-11,2025-Q4,Pain/Osteoarthritis,FlexiCare Joint,PAN-FLEXICARE--L,Veterinary,Region,West,17537,771629.88,0.96
zoetis_vet_internal,2025-11,2025-Q4,Pain/Osteoarthritis,FlexiCare Joint,PAN-FLEXICARE--S,Veterinary,Region,West,23722,1043774.92,0.96
zoetis_vet_internal,2025-11,2025-Q4,Vaccines,ImmunoCore Canine,VAC-IMMUNOCORE-L,Veterinary,Region,West,44098,926066.16,0.96
zoetis_vet_internal,2025-11,2025-Q4,Vaccines,ImmunoCore Canine,VAC-IMMUNOCORE-S,Veterinary,Region,West,61516,1291842.63,0.96
zoetis_vet_internal,2025-11,2025-Q4,Pain/Osteoarthritis,Librela,PAN-LIBRELA-L,Veterinary,Region,West,19714,946286.16,0.96
zoetis_vet_internal,2025-11,2025-Q4,Pain/Osteoarthritis,Librela,PAN-LIBRELA-S,Veterinary,Region,West,27246,1307822.88,0.96
zoetis_vet_internal,2025-11,2025-Q4,Pain/Osteoarthritis,OsteoEase Vet,PAN-OSTEOEASE--L,Veterinary,Region,West,16280,667483.29,0.96
zoetis_vet_internal,2025-11,2025-Q4,Pain/Osteoarthritis,OsteoEase Vet,PAN-OSTEOEASE--S,Veterinary,Region,West,22407,918678.1,0.96
zoetis_vet_internal,2025-11,2025-Q4,Pain/Osteoarthritis,PainAway Canine,PAN-PAINAWAY-C-L,Veterinary,Region,West,14895,551110.46,0.96
zoetis_vet_internal,2025-11,2025-Q4,Pain/Osteoarthritis,PainAway Canine,PAN-PAINAWAY-C-S,Veterinary,Region,West,19987,739524.98,0.96
zoetis_vet_internal,2025-11,2025-Q4,Petcare Diagnostics,PetLab Analyzer,DIA-PETLAB-ANA-L,Veterinary,Region,West,31840,477594.84,0.96
zoetis_vet_internal,2025-11,2025-Q4,Petcare Diagnostics,PetLab Analyzer,DIA-PETLAB-ANA-S,Veterinary,Region,West,43885,658268.21,0.96
zoetis_vet_internal,2025-11,2025-Q4,Petcare Diagnostics,RapidVet Dx,DIA-RAPIDVET-D-L,Veterinary,Region,West,49177,786824.92,0.96
zoetis_vet_internal,2025-11,2025-Q4,Petcare Diagnostics,RapidVet Dx,DIA-RAPIDVET-D-S,Veterinary,Region,West,68403,1094451.68,0.96
zoetis_vet_internal,2025-11,2025-Q4,Parasiticides,Simparica Trio,PAR-SIMPARICA--L,Veterinary,Region,West,36076,1010117.53,0.96
zoetis_vet_internal,2025-11,2025-Q4,Parasiticides,Simparica Trio,PAR-SIMPARICA--S,Veterinary,Region,West,50310,1408668.06,0.96
zoetis_vet_internal,2025-11,2025-Q4,Dermatology,SkinRelief Pro,DRM-SKINRELIEF-L,Veterinary,Region,West,14231,697320.29,0.96
zoetis_vet_internal,2025-11,2025-Q4,Dermatology,SkinRelief Pro,DRM-SKINRELIEF-S,Veterinary,Region,West,19526,956782.79,0.96
zoetis_vet_internal,2025-11,2025-Q4,Parasiticides,TickShield Plus,PAR-TICKSHIELD-L,Veterinary,Region,West,18275,438607.57,0.96
zoetis_vet_internal,2025-11,2025-Q4,Parasiticides,TickShield Plus,PAR-TICKSHIELD-S,Veterinary,Region,West,23661,567862.11,0.96
zoetis_vet_internal,2025-11,2025-Q4,Vaccines,Vanguard,VAC-VANGUARD-L,Veterinary,Region,West,52762,1160764.76,0.96
zoetis_vet_internal,2025-11,2025-Q4,Vaccines,Vanguard,VAC-VANGUARD-S,Veterinary,Region,West,73626,1619770.44,0.96
zoetis_vet_internal,2025-11,2025-Q4,Parasiticides,VectraGuard,PAR-VECTRAGUAR-L,Veterinary,Region,West,21649,562881.62,0.96
zoetis_vet_internal,2025-11,2025-Q4,Parasiticides,VectraGuard,PAR-VECTRAGUAR-S,Veterinary,Region,West,30042,781104.8,0.96
zoetis_vet_internal,2025-11,2025-Q4,Vaccines,VetGuard Immunize,VAC-VETGUARD-I-L,Veterinary,Region,West,32539,618238.15,0.96
zoetis_vet_internal,2025-11,2025-Q4,Vaccines,VetGuard Immunize,VAC-VETGUARD-I-S,Veterinary,Region,West,43781,831845.31,0.96
zoetis_vet_internal,2025-11,2025-Q4,Vaccines,VetSelect Core Vax,VAC-VETSELECT--L,Veterinary,Region,West,31188,436631.68,0.96
zoetis_vet_internal,2025-11,2025-Q4,Vaccines,VetSelect Core Vax,VAC-VETSELECT--S,Veterinary,Region,West,45395,635530.84,0.96
zoetis_vet_internal,2025-11,2025-Q4,Dermatology,VetSelect Derma,DRM-VETSELECT--L,Veterinary,Region,West,11915,452779.01,0.96
zoetis_vet_internal,2025-11,2025-Q4,Dermatology,VetSelect Derma,DRM-VETSELECT--S,Veterinary,Region,West,15951,606140.12,0.96
zoetis_vet_internal,2025-11,2025-Q4,Petcare Diagnostics,VetSelect Dx,DIA-VETSELECT--L,Veterinary,Region,West,23724,284689.3,0.96
zoetis_vet_internal,2025-11,2025-Q4,Petcare Diagnostics,VetSelect Dx,DIA-VETSELECT--S,Veterinary,Region,West,33417,400998.64,0.96
zoetis_vet_internal,2025-11,2025-Q4,Parasiticides,VetSelect Flea & Tick,PAR-VETSELECT--L,Veterinary,Region,West,16080,273361.9,0.96
zoetis_vet_internal,2025-11,2025-Q4,Parasiticides,VetSelect Flea & Tick,PAR-VETSELECT--S,Veterinary,Region,West,21904,372372.95,0.96
zoetis_vet_internal,2025-11,2025-Q4,Pain/Osteoarthritis,VetSelect Joint,PAN-VETSELECT--L,Veterinary,Region,West,13372,387796.85,0.96
zoetis_vet_internal,2025-11,2025-Q4,Pain/Osteoarthritis,VetSelect Joint,PAN-VETSELECT--S,Veterinary,Region,West,19031,551907.18,0.96
zoetis_vet_internal,2025-11,2025-Q4,Petcare Diagnostics,Vetscan,DIA-VETSCAN-L,Veterinary,Region,West,63145,1136617.7,0.96
zoetis_vet_internal,2025-11,2025-Q4,Petcare Diagnostics,Vetscan,DIA-VETSCAN-S,Veterinary,Region,West,90322,1625800.28,0.96
zoetis_vet_internal,2025-12,2025-Q4,Dermatology,AllerVet RX,DRM-ALLERVET-R-L,Veterinary,National,National,65917,3559508.95,0.96
zoetis_vet_internal,2025-12,2025-Q4,Dermatology,AllerVet RX,DRM-ALLERVET-R-S,Veterinary,National,National,90121,4866525.28,0.96
zoetis_vet_internal,2025-12,2025-Q4,Dermatology,Apoquel,DRM-APOQUEL-L,Veterinary,National,National,114055,7413579.01,0.96
zoetis_vet_internal,2025-12,2025-Q4,Dermatology,Apoquel,DRM-APOQUEL-S,Veterinary,National,National,158748,10318709.38,0.96
zoetis_vet_internal,2025-12,2025-Q4,Vaccines,BioShield Vax,VAC-BIOSHIELD--L,Veterinary,National,National,161237,3224731.69,0.96
zoetis_vet_internal,2025-12,2025-Q4,Vaccines,BioShield Vax,VAC-BIOSHIELD--S,Veterinary,National,National,223665,4473297.83,0.96
zoetis_vet_internal,2025-12,2025-Q4,Dermatology,DermaCalm,DRM-DERMACALM-L,Veterinary,National,National,70179,4070364.11,0.96
zoetis_vet_internal,2025-12,2025-Q4,Dermatology,DermaCalm,DRM-DERMACALM-S,Veterinary,National,National,97497,5654856.54,0.96
zoetis_vet_internal,2025-12,2025-Q4,Petcare Diagnostics,DiagnosTech Vet,DIA-DIAGNOSTEC-L,Veterinary,National,National,248907,4231409.12,0.96
zoetis_vet_internal,2025-12,2025-Q4,Petcare Diagnostics,DiagnosTech Vet,DIA-DIAGNOSTEC-S,Veterinary,National,National,342534,5823087.86,0.96
zoetis_vet_internal,2025-12,2025-Q4,Parasiticides,FleaStop Pro,PAR-FLEASTOP-P-L,Veterinary,National,National,63761,1338979.8,0.96
zoetis_vet_internal,2025-12,2025-Q4,Parasiticides,FleaStop Pro,PAR-FLEASTOP-P-S,Veterinary,National,National,87027,1827573.8,0.96
zoetis_vet_internal,2025-12,2025-Q4,Pain/Osteoarthritis,FlexiCare Joint,PAN-FLEXICARE--L,Veterinary,National,National,83660,3681020.95,0.96
zoetis_vet_internal,2025-12,2025-Q4,Pain/Osteoarthritis,FlexiCare Joint,PAN-FLEXICARE--S,Veterinary,National,National,115914,5100232.08,0.96
zoetis_vet_internal,2025-12,2025-Q4,Vaccines,ImmunoCore Canine,VAC-IMMUNOCORE-L,Veterinary,National,National,200196,4204103.4,0.96
zoetis_vet_internal,2025-12,2025-Q4,Vaccines,ImmunoCore Canine,VAC-IMMUNOCORE-S,Veterinary,National,National,273858,5751014.42,0.96
zoetis_vet_internal,2025-12,2025-Q4,Pain/Osteoarthritis,Librela,PAN-LIBRELA-L,Veterinary,National,National,90190,4329105.21,0.96
zoetis_vet_internal,2025-12,2025-Q4,Pain/Osteoarthritis,Librela,PAN-LIBRELA-S,Veterinary,National,National,123171,5912177.0,0.96
zoetis_vet_internal,2025-12,2025-Q4,Pain/Osteoarthritis,OsteoEase Vet,PAN-OSTEOEASE--L,Veterinary,National,National,75115,3079705.83,0.96
zoetis_vet_internal,2025-12,2025-Q4,Pain/Osteoarthritis,OsteoEase Vet,PAN-OSTEOEASE--S,Veterinary,National,National,102746,4212592.93,0.96
zoetis_vet_internal,2025-12,2025-Q4,Pain/Osteoarthritis,PainAway Canine,PAN-PAINAWAY-C-L,Veterinary,National,National,69692,2578570.02,0.96
zoetis_vet_internal,2025-12,2025-Q4,Pain/Osteoarthritis,PainAway Canine,PAN-PAINAWAY-C-S,Veterinary,National,National,95769,3543445.2,0.96
zoetis_vet_internal,2025-12,2025-Q4,Petcare Diagnostics,PetLab Analyzer,DIA-PETLAB-ANA-L,Veterinary,National,National,134850,2022747.78,0.96
zoetis_vet_internal,2025-12,2025-Q4,Petcare Diagnostics,PetLab Analyzer,DIA-PETLAB-ANA-S,Veterinary,National,National,191763,2876439.38,0.96
zoetis_vet_internal,2025-12,2025-Q4,Petcare Diagnostics,RapidVet Dx,DIA-RAPIDVET-D-L,Veterinary,National,National,230296,3684734.84,0.96
zoetis_vet_internal,2025-12,2025-Q4,Petcare Diagnostics,RapidVet Dx,DIA-RAPIDVET-D-S,Veterinary,National,National,318718,5099493.25,0.96
zoetis_vet_internal,2025-12,2025-Q4,Parasiticides,Simparica Trio,PAR-SIMPARICA--L,Veterinary,National,National,142223,3982231.48,0.96
zoetis_vet_internal,2025-12,2025-Q4,Parasiticides,Simparica Trio,PAR-SIMPARICA--S,Veterinary,National,National,197736,5536635.83,0.96
zoetis_vet_internal,2025-12,2025-Q4,Dermatology,SkinRelief Pro,DRM-SKINRELIEF-L,Veterinary,National,National,53834,2637869.15,0.96
zoetis_vet_internal,2025-12,2025-Q4,Dermatology,SkinRelief Pro,DRM-SKINRELIEF-S,Veterinary,National,National,74079,3629844.78,0.96
zoetis_vet_internal,2025-12,2025-Q4,Parasiticides,TickShield Plus,PAR-TICKSHIELD-L,Veterinary,National,National,76990,1847745.23,0.96
zoetis_vet_internal,2025-12,2025-Q4,Parasiticides,TickShield Plus,PAR-TICKSHIELD-S,Veterinary,National,National,106995,2567887.14,0.96
zoetis_vet_internal,2025-12,2025-Q4,Vaccines,Vanguard,VAC-VANGUARD-L,Veterinary,National,National,225956,4971042.57,0.96
zoetis_vet_internal,2025-12,2025-Q4,Vaccines,Vanguard,VAC-VANGUARD-S,Veterinary,National,National,306823,6750095.18,0.96
zoetis_vet_internal,2025-12,2025-Q4,Parasiticides,VectraGuard,PAR-VECTRAGUAR-L,Veterinary,National,National,88324,2296433.3,0.96
zoetis_vet_internal,2025-12,2025-Q4,Parasiticides,VectraGuard,PAR-VECTRAGUAR-S,Veterinary,National,National,122345,3180984.12,0.96
zoetis_vet_internal,2025-12,2025-Q4,Vaccines,VetGuard Immunize,VAC-VETGUARD-I-L,Veterinary,National,National,136924,2601558.67,0.96
zoetis_vet_internal,2025-12,2025-Q4,Vaccines,VetGuard Immunize,VAC-VETGUARD-I-S,Veterinary,National,National,190884,3626793.26,0.96
zoetis_vet_internal,2025-12,2025-Q4,Vaccines,VetSelect Core Vax,VAC-VETSELECT--L,Veterinary,National,National,127855,1789975.67,0.96
zoetis_vet_internal,2025-12,2025-Q4,Vaccines,VetSelect Core Vax,VAC-VETSELECT--S,Veterinary,National,National,175603,2458443.11,0.96
zoetis_vet_internal,2025-12,2025-Q4,Dermatology,VetSelect Derma,DRM-VETSELECT--L,Veterinary,National,National,46978,1785174.13,0.96
zoetis_vet_internal,2025-12,2025-Q4,Dermatology,VetSelect Derma,DRM-VETSELECT--S,Veterinary,National,National,65292,2481125.94,0.96
zoetis_vet_internal,2025-12,2025-Q4,Petcare Diagnostics,VetSelect Dx,DIA-VETSELECT--L,Veterinary,National,National,110539,1326475.6,0.96
zoetis_vet_internal,2025-12,2025-Q4,Petcare Diagnostics,VetSelect Dx,DIA-VETSELECT--S,Veterinary,National,National,150749,1808980.24,0.96
zoetis_vet_internal,2025-12,2025-Q4,Parasiticides,VetSelect Flea & Tick,PAR-VETSELECT--L,Veterinary,National,National,58395,992711.43,0.96
zoetis_vet_internal,2025-12,2025-Q4,Parasiticides,VetSelect Flea & Tick,PAR-VETSELECT--S,Veterinary,National,National,80040,1360674.3,0.96
zoetis_vet_internal,2025-12,2025-Q4,Pain/Osteoarthritis,VetSelect Joint,PAN-VETSELECT--L,Veterinary,National,National,61621,1787011.39,0.96
zoetis_vet_internal,2025-12,2025-Q4,Pain/Osteoarthritis,VetSelect Joint,PAN-VETSELECT--S,Veterinary,National,National,85487,2479137.96,0.96
zoetis_vet_internal,2025-12,2025-Q4,Petcare Diagnostics,Vetscan,DIA-VETSCAN-L,Veterinary,National,National,292802,5270425.14,0.96
zoetis_vet_internal,2025-12,2025-Q4,Petcare Diagnostics,Vetscan,DIA-VETSCAN-S,Veterinary,National,National,407488,7334761.05,0.96
zoetis_vet_internal,2025-12,2025-Q4,Dermatology,AllerVet RX,DRM-ALLERVET-R-L,Veterinary,Region,Midwest,13789,744622.55,0.96
zoetis_vet_internal,2025-12,2025-Q4,Dermatology,AllerVet RX,DRM-ALLERVET-R-S,Veterinary,Region,Midwest,18752,1012617.65,0.96
zoetis_vet_internal,2025-12,2025-Q4,Dermatology,Apoquel,DRM-APOQUEL-L,Veterinary,Region,Midwest,25865,1681221.18,0.96
zoetis_vet_internal,2025-12,2025-Q4,Dermatology,Apoquel,DRM-APOQUEL-S,Veterinary,Region,Midwest,34348,2232647.68,0.96
zoetis_vet_internal,2025-12,2025-Q4,Vaccines,BioShield Vax,VAC-BIOSHIELD--L,Veterinary,Region,Midwest,34745,694899.97,0.96
zoetis_vet_internal,2025-12,2025-Q4,Vaccines,BioShield Vax,VAC-BIOSHIELD--S,Veterinary,Region,Midwest,48396,967923.69,0.96
zoetis_vet_internal,2025-12,2025-Q4,Dermatology,DermaCalm,DRM-DERMACALM-L,Veterinary,Region,Midwest,15021,871190.5,0.96
zoetis_vet_internal,2025-12,2025-Q4,Dermatology,DermaCalm,DRM-DERMACALM-S,Veterinary,Region,Midwest,20691,1200080.71,0.96
zoetis_vet_internal,2025-12,2025-Q4,Petcare Diagnostics,DiagnosTech Vet,DIA-DIAGNOSTEC-L,Veterinary,Region,Midwest,53500,909500.62,0.96
zoetis_vet_internal,2025-12,2025-Q4,Petcare Diagnostics,DiagnosTech Vet,DIA-DIAGNOSTEC-S,Veterinary,Region,Midwest,74272,1262630.5,0.96
zoetis_vet_internal,2025-12,2025-Q4,Parasiticides,FleaStop Pro,PAR-FLEASTOP-P-L,Veterinary,Region,Midwest,13313,279579.15,0.96
zoetis_vet_internal,2025-12,2025-Q4,Parasiticides,FleaStop Pro,PAR-FLEASTOP-P-S,Veterinary,Region,Midwest,18228,382780.2,0.96
zoetis_vet_internal,2025-12,2025-Q4,Pain/Osteoarthritis,FlexiCare Joint,PAN-FLEXICARE--L,Veterinary,Region,Midwest,17489,769501.05,0.96
zoetis_vet_internal,2025-12,2025-Q4,Pain/Osteoarthritis,FlexiCare Joint,PAN-FLEXICARE--S,Veterinary,Region,Midwest,23818,1047983.27,0.96
zoetis_vet_internal,2025-12,2025-Q4,Vaccines,ImmunoCore Canine,VAC-IMMUNOCORE-L,Veterinary,Region,Midwest,43472,912909.47,0.96
zoetis_vet_internal,2025-12,2025-Q4,Vaccines,ImmunoCore Canine,VAC-IMMUNOCORE-S,Veterinary,Region,Midwest,58700,1232704.17,0.96
zoetis_vet_internal,2025-12,2025-Q4,Pain/Osteoarthritis,Librela,PAN-LIBRELA-L,Veterinary,Region,Midwest,19246,923788.69,0.96
zoetis_vet_internal,2025-12,2025-Q4,Pain/Osteoarthritis,Librela,PAN-LIBRELA-S,Veterinary,Region,Midwest,25968,1246448.69,0.96
zoetis_vet_internal,2025-12,2025-Q4,Pain/Osteoarthritis,OsteoEase Vet,PAN-OSTEOEASE--L,Veterinary,Region,Midwest,15826,648867.31,0.96
zoetis_vet_internal,2025-12,2025-Q4,Pain/Osteoarthritis,OsteoEase Vet,PAN-OSTEOEASE--S,Veterinary,Region,Midwest,21777,892861.96,0.96
zoetis_vet_internal,2025-12,2025-Q4,Pain/Osteoarthritis,PainAway Canine,PAN-PAINAWAY-C-L,Veterinary,Region,Midwest,14417,533410.91,0.96
zoetis_vet_internal,2025-12,2025-Q4,Pain/Osteoarthritis,PainAway Canine,PAN-PAINAWAY-C-S,Veterinary,Region,Midwest,20735,767209.58,0.96
zoetis_vet_internal,2025-12,2025-Q4,Petcare Diagnostics,PetLab Analyzer,DIA-PETLAB-ANA-L,Veterinary,Region,Midwest,28281,424213.07,0.96
zoetis_vet_internal,2025-12,2025-Q4,Petcare Diagnostics,PetLab Analyzer,DIA-PETLAB-ANA-S,Veterinary,Region,Midwest,39659,594878.78,0.96
zoetis_vet_internal,2025-12,2025-Q4,Petcare Diagnostics,RapidVet Dx,DIA-RAPIDVET-D-L,Veterinary,Region,Midwest,47759,764148.05,0.96
zoetis_vet_internal,2025-12,2025-Q4,Petcare Diagnostics,RapidVet Dx,DIA-RAPIDVET-D-S,Veterinary,Region,Midwest,68022,1088354.21,0.96
zoetis_vet_internal,2025-12,2025-Q4,Parasiticides,Simparica Trio,PAR-SIMPARICA--L,Veterinary,Region,Midwest,30543,855201.53,0.96
zoetis_vet_internal,2025-12,2025-Q4,Parasiticides,Simparica Trio,PAR-SIMPARICA--S,Veterinary,Region,Midwest,42504,1190120.85,0.96
zoetis_vet_internal,2025-12,2025-Q4,Dermatology,SkinRelief Pro,DRM-SKINRELIEF-L,Veterinary,Region,Midwest,11572,567027.93,0.96
zoetis_vet_internal,2025-12,2025-Q4,Dermatology,SkinRelief Pro,DRM-SKINRELIEF-S,Veterinary,Region,Midwest,16112,789475.96,0.96
zoetis_vet_internal,2025-12,2025-Q4,Parasiticides,TickShield Plus,PAR-TICKSHIELD-L,Veterinary,Region,Midwest,16838,404107.98,0.96
zoetis_vet_internal,2025-12,2025-Q4,Parasiticides,TickShield Plus,PAR-TICKSHIELD-S,Veterinary,Region,Midwest,22802,547258.08,0.96
zoetis_vet_internal,2025-12,2025-Q4,Vaccines,Vanguard,VAC-VANGUARD-L,Veterinary,Region,Midwest,45070,991532.16,0.96
zoetis_vet_internal,2025-12,2025-Q4,Vaccines,Vanguard,VAC-VANGUARD-S,Veterinary,Region,Midwest,60447,1329838.57,0.96
zoetis_vet_internal,2025-12,2025-Q4,Parasiticides,VectraGuard,PAR-VECTRAGUAR-L,Veterinary,Region,Midwest,19707,512382.92,0.96
zoetis_vet_internal,2025-12,2025-Q4,Parasiticides,VectraGuard,PAR-VECTRAGUAR-S,Veterinary,Region,Midwest,27643,718719.22,0.96
zoetis_vet_internal,2025-12,2025-Q4,Vaccines,VetGuard Immunize,VAC-VETGUARD-I-L,Veterinary,Region,Midwest,28825,547676.69,0.96
zoetis_vet_internal,2025-12,2025-Q4,Vaccines,VetGuard Immunize,VAC-VETGUARD-I-S,Veterinary,Region,Midwest,41097,780850.51,0.96
zoetis_vet_internal,2025-12,2025-Q4,Vaccines,VetSelect Core Vax,VAC-VETSELECT--L,Veterinary,Region,Midwest,27620,386680.54,0.96
zoetis_vet_internal,2025-12,2025-Q4,Vaccines,VetSelect Core Vax,VAC-VETSELECT--S,Veterinary,Region,Midwest,37260,521643.21,0.96
zoetis_vet_internal,2025-12,2025-Q4,Dermatology,VetSelect Derma,DRM-VETSELECT--L,Veterinary,Region,Midwest,9738,370050.11,0.96
zoetis_vet_internal,2025-12,2025-Q4,Dermatology,VetSelect Derma,DRM-VETSELECT--S,Veterinary,Region,Midwest,13364,507843.03,0.96
zoetis_vet_internal,2025-12,2025-Q4,Petcare Diagnostics,VetSelect Dx,DIA-VETSELECT--L,Veterinary,Region,Midwest,22137,265645.41,0.96
zoetis_vet_internal,2025-12,2025-Q4,Petcare Diagnostics,VetSelect Dx,DIA-VETSELECT--S,Veterinary,Region,Midwest,29131,349568.04,0.96
zoetis_vet_internal,2025-12,2025-Q4,Parasiticides,VetSelect Flea & Tick,PAR-VETSELECT--L,Veterinary,Region,Midwest,12210,207576.97,0.96
zoetis_vet_internal,2025-12,2025-Q4,Parasiticides,VetSelect Flea & Tick,PAR-VETSELECT--S,Veterinary,Region,Midwest,16302,277132.92,0.96
zoetis_vet_internal,2025-12,2025-Q4,Pain/Osteoarthritis,VetSelect Joint,PAN-VETSELECT--L,Veterinary,Region,Midwest,13204,382913.64,0.96
zoetis_vet_internal,2025-12,2025-Q4,Pain/Osteoarthritis,VetSelect Joint,PAN-VETSELECT--S,Veterinary,Region,Midwest,18589,539075.08,0.96
zoetis_vet_internal,2025-12,2025-Q4,Petcare Diagnostics,Vetscan,DIA-VETSCAN-L,Veterinary,Region,Midwest,65575,1180346.82,0.96
zoetis_vet_internal,2025-12,2025-Q4,Petcare Diagnostics,Vetscan,DIA-VETSCAN-S,Veterinary,Region,Midwest,88181,1587251.29,0.96
zoetis_vet_internal,2025-12,2025-Q4,Dermatology,AllerVet RX,DRM-ALLERVET-R-L,Veterinary,Region,Northeast,13578,733204.75,0.96
zoetis_vet_internal,2025-12,2025-Q4,Dermatology,AllerVet RX,DRM-ALLERVET-R-S,Veterinary,Region,Northeast,19173,1035326.3,0.96
zoetis_vet_internal,2025-12,2025-Q4,Dermatology,Apoquel,DRM-APOQUEL-L,Veterinary,Region,Northeast,23906,1553876.52,0.96
zoetis_vet_internal,2025-12,2025-Q4,Dermatology,Apoquel,DRM-APOQUEL-S,Veterinary,Region,Northeast,34143,2219314.95,0.96
zoetis_vet_internal,2025-12,2025-Q4,Vaccines,BioShield Vax,VAC-BIOSHIELD--L,Veterinary,Region,Northeast,34602,692032.2,0.96
zoetis_vet_internal,2025-12,2025-Q4,Vaccines,BioShield Vax,VAC-BIOSHIELD--S,Veterinary,Region,Northeast,48256,965110.85,0.96
zoetis_vet_internal,2025-12,2025-Q4,Dermatology,DermaCalm,DRM-DERMACALM-L,Veterinary,Region,Northeast,16023,929359.35,0.96
zoetis_vet_internal,2025-12,2025-Q4,Dermatology,DermaCalm,DRM-DERMACALM-S,Veterinary,Region,Northeast,21300,1235399.85,0.96
zoetis_vet_internal,2025-12,2025-Q4,Petcare Diagnostics,DiagnosTech Vet,DIA-DIAGNOSTEC-L,Veterinary,Region,Northeast,53657,912165.65,0.96
zoetis_vet_internal,2025-12,2025-Q4,Petcare Diagnostics,DiagnosTech Vet,DIA-DIAGNOSTEC-S,Veterinary,Region,Northeast,77075,1310276.11,0.96
zoetis_vet_internal,2025-12,2025-Q4,Parasiticides,FleaStop Pro,PAR-FLEASTOP-P-L,Veterinary,Region,Northeast,13402,281433.22,0.96
zoetis_vet_internal,2025-12,2025-Q4,Parasiticides,FleaStop Pro,PAR-FLEASTOP-P-S,Veterinary,Region,Northeast,18157,381296.35,0.96
zoetis_vet_internal,2025-12,2025-Q4,Pain/Osteoarthritis,FlexiCare Joint,PAN-FLEXICARE--L,Veterinary,Region,Northeast,18428,810824.72,0.96
zoetis_vet_internal,2025-12,2025-Q4,Pain/Osteoarthritis,FlexiCare Joint,PAN-FLEXICARE--S,Veterinary,Region,Northeast,25928,1140842.65,0.96
zoetis_vet_internal,2025-12,2025-Q4,Vaccines,ImmunoCore Canine,VAC-IMMUNOCORE-L,Veterinary,Region,Northeast,43862,921096.85,0.96
zoetis_vet_internal,2025-12,2025-Q4,Vaccines,ImmunoCore Canine,VAC-IMMUNOCORE-S,Veterinary,Region,Northeast,60116,1262439.85,0.96
zoetis_vet_internal,2025-12,2025-Q4,Pain/Osteoarthritis,Librela,PAN-LIBRELA-L,Veterinary,Region,Northeast,19617,941622.36,0.96
zoetis_vet_internal,2025-12,2025-Q4,Pain/Osteoarthritis,Librela,PAN-LIBRELA-S,Veterinary,Region,Northeast,26553,1274525.39,0.96
zoetis_vet_internal,2025-12,2025-Q4,Pain/Osteoarthritis,OsteoEase Vet,PAN-OSTEOEASE--L,Veterinary,Region,Northeast,17383,712692.94,0.96
zoetis_vet_internal,2025-12,2025-Q4,Pain/Osteoarthritis,OsteoEase Vet,PAN-OSTEOEASE--S,Veterinary,Region,Northeast,23690,971308.35,0.96
zoetis_vet_internal,2025-12,2025-Q4,Pain/Osteoarthritis,PainAway Canine,PAN-PAINAWAY-C-L,Veterinary,Region,Northeast,15678,580083.62,0.96
zoetis_vet_internal,2025-12,2025-Q4,Pain/Osteoarthritis,PainAway Canine,PAN-PAINAWAY-C-S,Veterinary,Region,Northeast,21603,799298.14,0.96
zoetis_vet_internal,2025-12,2025-Q4,Petcare Diagnostics,PetLab Analyzer,DIA-PETLAB-ANA-L,Veterinary,Region,Northeast,28377,425649.46,0.96
zoetis_vet_internal,2025-12,2025-Q4,Petcare Diagnostics,PetLab Analyzer,DIA-PETLAB-ANA-S,Veterinary,Region,Northeast,41830,627453.16,0.96
zoetis_vet_internal,2025-12,2025-Q4,Petcare Diagnostics,RapidVet Dx,DIA-RAPIDVET-D-L,Veterinary,Region,Northeast,51742,827873.13,0.96
zoetis_vet_internal,2025-12,2025-Q4,Petcare Diagnostics,RapidVet Dx,DIA-RAPIDVET-D-S,Veterinary,Region,Northeast,71999,1151988.43,0.96
zoetis_vet_internal,2025-12,2025-Q4,Parasiticides,Simparica Trio,PAR-SIMPARICA--L,Veterinary,Region,Northeast,30556,855562.15,0.96
zoetis_vet_internal,2025-12,2025-Q4,Parasiticides,Simparica Trio,PAR-SIMPARICA--S,Veterinary,Region,Northeast,41785,1169992.05,0.96
zoetis_vet_internal,2025-12,2025-Q4,Dermatology,SkinRelief Pro,DRM-SKINRELIEF-L,Veterinary,Region,Northeast,11597,568236.83,0.96
zoetis_vet_internal,2025-12,2025-Q4,Dermatology,SkinRelief Pro,DRM-SKINRELIEF-S,Veterinary,Region,Northeast,15376,753421.41,0.96
zoetis_vet_internal,2025-12,2025-Q4,Parasiticides,TickShield Plus,PAR-TICKSHIELD-L,Veterinary,Region,Northeast,16098,386352.06,0.96
zoetis_vet_internal,2025-12,2025-Q4,Parasiticides,TickShield Plus,PAR-TICKSHIELD-S,Veterinary,Region,Northeast,22894,549464.35,0.96
zoetis_vet_internal,2025-12,2025-Q4,Vaccines,Vanguard,VAC-VANGUARD-L,Veterinary,Region,Northeast,49540,1089885.23,0.96
zoetis_vet_internal,2025-12,2025-Q4,Vaccines,Vanguard,VAC-VANGUARD-S,Veterinary,Region,Northeast,65996,1451907.59,0.96
zoetis_vet_internal,2025-12,2025-Q4,Parasiticides,VectraGuard,PAR-VECTRAGUAR-L,Veterinary,Region,Northeast,18620,484129.88,0.96
zoetis_vet_internal,2025-12,2025-Q4,Parasiticides,VectraGuard,PAR-VECTRAGUAR-S,Veterinary,Region,Northeast,25164,654269.65,0.96
zoetis_vet_internal,2025-12,2025-Q4,Vaccines,VetGuard Immunize,VAC-VETGUARD-I-L,Veterinary,Region,Northeast,29206,554918.87,0.96
zoetis_vet_internal,2025-12,2025-Q4,Vaccines,VetGuard Immunize,VAC-VETGUARD-I-S,Veterinary,Region,Northeast,40227,764310.94,0.96
zoetis_vet_internal,2025-12,2025-Q4,Vaccines,VetSelect Core Vax,VAC-VETSELECT--L,Veterinary,Region,Northeast,28622,400711.09,0.96
zoetis_vet_internal,2025-12,2025-Q4,Vaccines,VetSelect Core Vax,VAC-VETSELECT--S,Veterinary,Region,Northeast,38279,535910.31,0.96
zoetis_vet_internal,2025-12,2025-Q4,Dermatology,VetSelect Derma,DRM-VETSELECT--L,Veterinary,Region,Northeast,10678,405755.1,0.96
zoetis_vet_internal,2025-12,2025-Q4,Dermatology,VetSelect Derma,DRM-VETSELECT--S,Veterinary,Region,Northeast,14883,565558.26,0.96
zoetis_vet_internal,2025-12,2025-Q4,Petcare Diagnostics,VetSelect Dx,DIA-VETSELECT--L,Veterinary,Region,Northeast,23850,286203.05,0.96
zoetis_vet_internal,2025-12,2025-Q4,Petcare Diagnostics,VetSelect Dx,DIA-VETSELECT--S,Veterinary,Region,Northeast,33759,405106.58,0.96
zoetis_vet_internal,2025-12,2025-Q4,Parasiticides,VetSelect Flea & Tick,PAR-VETSELECT--L,Veterinary,Region,Northeast,13582,230892.53,0.96
zoetis_vet_internal,2025-12,2025-Q4,Parasiticides,VetSelect Flea & Tick,PAR-VETSELECT--S,Veterinary,Region,Northeast,18548,315310.44,0.96
zoetis_vet_internal,2025-12,2025-Q4,Pain/Osteoarthritis,VetSelect Joint,PAN-VETSELECT--L,Veterinary,Region,Northeast,13218,383321.97,0.96
zoetis_vet_internal,2025-12,2025-Q4,Pain/Osteoarthritis,VetSelect Joint,PAN-VETSELECT--S,Veterinary,Region,Northeast,18693,542104.6,0.96
zoetis_vet_internal,2025-12,2025-Q4,Petcare Diagnostics,Vetscan,DIA-VETSCAN-L,Veterinary,Region,Northeast,68906,1240306.36,0.96
zoetis_vet_internal,2025-12,2025-Q4,Petcare Diagnostics,Vetscan,DIA-VETSCAN-S,Veterinary,Region,Northeast,97615,1757067.14,0.96
zoetis_vet_internal,2025-12,2025-Q4,Dermatology,AllerVet RX,DRM-ALLERVET-R-L,Veterinary,Region,South,23508,1269435.49,0.96
zoetis_vet_internal,2025-12,2025-Q4,Dermatology,AllerVet RX,DRM-ALLERVET-R-S,Veterinary,Region,South,32125,1734754.14,0.96
zoetis_vet_internal,2025-12,2025-Q4,Dermatology,Apoquel,DRM-APOQUEL-L,Veterinary,Region,South,38735,2517767.04,0.96
zoetis_vet_internal,2025-12,2025-Q4,Dermatology,Apoquel,DRM-APOQUEL-S,Veterinary,Region,South,53903,3503722.52,0.96
zoetis_vet_internal,2025-12,2025-Q4,Vaccines,BioShield Vax,VAC-BIOSHIELD--L,Veterinary,Region,South,53203,1064061.25,0.96
zoetis_vet_internal,2025-12,2025-Q4,Vaccines,BioShield Vax,VAC-BIOSHIELD--S,Veterinary,Region,South,74225,1484508.9,0.96
zoetis_vet_internal,2025-12,2025-Q4,Dermatology,DermaCalm,DRM-DERMACALM-L,Veterinary,Region,South,22932,1330065.79,0.96
zoetis_vet_internal,2025-12,2025-Q4,Dermatology,DermaCalm,DRM-DERMACALM-S,Veterinary,Region,South,34050,1974918.29,0.96
zoetis_vet_internal,2025-12,2025-Q4,Petcare Diagnostics,DiagnosTech Vet,DIA-DIAGNOSTEC-L,Veterinary,Region,South,83757,1423861.33,0.96
zoetis_vet_internal,2025-12,2025-Q4,Petcare Diagnostics,DiagnosTech Vet,DIA-DIAGNOSTEC-S,Veterinary,Region,South,113587,1930978.17,0.96
zoetis_vet_internal,2025-12,2025-Q4,Parasiticides,FleaStop Pro,PAR-FLEASTOP-P-L,Veterinary,Region,South,22506,472627.82,0.96
zoetis_vet_internal,2025-12,2025-Q4,Parasiticides,FleaStop Pro,PAR-FLEASTOP-P-S,Veterinary,Region,South,30624,643111.28,0.96
zoetis_vet_internal,2025-12,2025-Q4,Pain/Osteoarthritis,FlexiCare Joint,PAN-FLEXICARE--L,Veterinary,Region,South,28282,1244401.37,0.96
zoetis_vet_internal,2025-12,2025-Q4,Pain/Osteoarthritis,FlexiCare Joint,PAN-FLEXICARE--S,Veterinary,Region,South,38826,1708358.97,0.96
zoetis_vet_internal,2025-12,2025-Q4,Vaccines,ImmunoCore Canine,VAC-IMMUNOCORE-L,Veterinary,Region,South,66214,1390486.81,0.96
zoetis_vet_internal,2025-12,2025-Q4,Vaccines,ImmunoCore Canine,VAC-IMMUNOCORE-S,Veterinary,Region,South,92514,1942791.21,0.96
zoetis_vet_internal,2025-12,2025-Q4,Pain/Osteoarthritis,Librela,PAN-LIBRELA-L,Veterinary,Region,South,31127,1494114.69,0.96
zoetis_vet_internal,2025-12,2025-Q4,Pain/Osteoarthritis,Librela,PAN-LIBRELA-S,Veterinary,Region,South,42216,2026380.61,0.96
zoetis_vet_internal,2025-12,2025-Q4,Pain/Osteoarthritis,OsteoEase Vet,PAN-OSTEOEASE--L,Veterinary,Region,South,25535,1046937.77,0.96
zoetis_vet_internal,2025-12,2025-Q4,Pain/Osteoarthritis,OsteoEase Vet,PAN-OSTEOEASE--S,Veterinary,Region,South,35040,1436643.32,0.96
zoetis_vet_internal,2025-12,2025-Q4,Pain/Osteoarthritis,PainAway Canine,PAN-PAINAWAY-C-L,Veterinary,Region,South,23564,871863.3,0.96
zoetis_vet_internal,2025-12,2025-Q4,Pain/Osteoarthritis,PainAway Canine,PAN-PAINAWAY-C-S,Veterinary,Region,South,32092,1187386.13,0.96
zoetis_vet_internal,2025-12,2025-Q4,Petcare Diagnostics,PetLab Analyzer,DIA-PETLAB-ANA-L,Veterinary,Region,South,46216,693246.09,0.96
zoetis_vet_internal,2025-12,2025-Q4,Petcare Diagnostics,PetLab Analyzer,DIA-PETLAB-ANA-S,Veterinary,Region,South,65597,983958.57,0.96
zoetis_vet_internal,2025-12,2025-Q4,Petcare Diagnostics,RapidVet Dx,DIA-RAPIDVET-D-L,Veterinary,Region,South,80235,1283758.02,0.96
zoetis_vet_internal,2025-12,2025-Q4,Petcare Diagnostics,RapidVet Dx,DIA-RAPIDVET-D-S,Veterinary,Region,South,109540,1752639.53,0.96
zoetis_vet_internal,2025-12,2025-Q4,Parasiticides,Simparica Trio,PAR-SIMPARICA--L,Veterinary,Region,South,47522,1330605.27,0.96
zoetis_vet_internal,2025-12,2025-Q4,Parasiticides,Simparica Trio,PAR-SIMPARICA--S,Veterinary,Region,South,66191,1853341.54,0.96
zoetis_vet_internal,2025-12,2025-Q4,Dermatology,SkinRelief Pro,DRM-SKINRELIEF-L,Veterinary,Region,South,17677,866193.87,0.96
zoetis_vet_internal,2025-12,2025-Q4,Dermatology,SkinRelief Pro,DRM-SKINRELIEF-S,Veterinary,Region,South,25316,1240479.3,0.96
zoetis_vet_internal,2025-12,2025-Q4,Parasiticides,TickShield Plus,PAR-TICKSHIELD-L,Veterinary,Region,South,27332,655957.5,0.96
zoetis_vet_internal,2025-12,2025-Q4,Parasiticides,TickShield Plus,PAR-TICKSHIELD-S,Veterinary,Region,South,37311,895462.19,0.96
zoetis_vet_internal,2025-12,2025-Q4,Vaccines,Vanguard,VAC-VANGUARD-L,Veterinary,Region,South,75758,1666680.7,0.96
zoetis_vet_internal,2025-12,2025-Q4,Vaccines,Vanguard,VAC-VANGUARD-S,Veterinary,Region,South,108542,2387921.15,0.96
zoetis_vet_internal,2025-12,2025-Q4,Parasiticides,VectraGuard,PAR-VECTRAGUAR-L,Veterinary,Region,South,30236,786144.66,0.96
zoetis_vet_internal,2025-12,2025-Q4,Parasiticides,VectraGuard,PAR-VECTRAGUAR-S,Veterinary,Region,South,42282,1099336.23,0.96
zoetis_vet_internal,2025-12,2025-Q4,Vaccines,VetGuard Immunize,VAC-VETGUARD-I-L,Veterinary,Region,South,47409,900765.38,0.96
zoetis_vet_internal,2025-12,2025-Q4,Vaccines,VetGuard Immunize,VAC-VETGUARD-I-S,Veterinary,Region,South,66121,1256290.09,0.96
zoetis_vet_internal,2025-12,2025-Q4,Vaccines,VetSelect Core Vax,VAC-VETSELECT--L,Veterinary,Region,South,42209,590932.33,0.96
zoetis_vet_internal,2025-12,2025-Q4,Vaccines,VetSelect Core Vax,VAC-VETSELECT--S,Veterinary,Region,South,58345,816824.39,0.96
zoetis_vet_internal,2025-12,2025-Q4,Dermatology,VetSelect Derma,DRM-VETSELECT--L,Veterinary,Region,South,15552,590977.2,0.96
zoetis_vet_internal,2025-12,2025-Q4,Dermatology,VetSelect Derma,DRM-VETSELECT--S,Veterinary,Region,South,21687,824120.69,0.96
zoetis_vet_internal,2025-12,2025-Q4,Petcare Diagnostics,VetSelect Dx,DIA-VETSELECT--L,Veterinary,Region,South,38836,466035.87,0.96
zoetis_vet_internal,2025-12,2025-Q4,Petcare Diagnostics,VetSelect Dx,DIA-VETSELECT--S,Veterinary,Region,South,51763,621154.63,0.96
zoetis_vet_internal,2025-12,2025-Q4,Parasiticides,VetSelect Flea & Tick,PAR-VETSELECT--L,Veterinary,Region,South,19449,330627.27,0.96
zoetis_vet_internal,2025-12,2025-Q4,Parasiticides,VetSelect Flea & Tick,PAR-VETSELECT--S,Veterinary,Region,South,26346,447888.52,0.96
zoetis_vet_internal,2025-12,2025-Q4,Pain/Osteoarthritis,VetSelect Joint,PAN-VETSELECT--L,Veterinary,Region,South,20738,601407.36,0.96
zoetis_vet_internal,2025-12,2025-Q4,Pain/Osteoarthritis,VetSelect Joint,PAN-VETSELECT--S,Veterinary,Region,South,28595,829259.68,0.96
zoetis_vet_internal,2025-12,2025-Q4,Petcare Diagnostics,Vetscan,DIA-VETSCAN-L,Veterinary,Region,South,92308,1661535.57,0.96
zoetis_vet_internal,2025-12,2025-Q4,Petcare Diagnostics,Vetscan,DIA-VETSCAN-S,Veterinary,Region,South,131835,2373021.35,0.96
zoetis_vet_internal,2025-12,2025-Q4,Dermatology,AllerVet RX,DRM-ALLERVET-R-L,Veterinary,Region,West,15042,812246.16,0.96
zoetis_vet_internal,2025-12,2025-Q4,Dermatology,AllerVet RX,DRM-ALLERVET-R-S,Veterinary,Region,West,20071,1083827.19,0.96
zoetis_vet_internal,2025-12,2025-Q4,Dermatology,Apoquel,DRM-APOQUEL-L,Veterinary,Region,West,25549,1660714.27,0.96
zoetis_vet_internal,2025-12,2025-Q4,Dermatology,Apoquel,DRM-APOQUEL-S,Veterinary,Region,West,36354,2363024.23,0.96
zoetis_vet_internal,2025-12,2025-Q4,Vaccines,BioShield Vax,VAC-BIOSHIELD--L,Veterinary,Region,West,38687,773738.27,0.96
zoetis_vet_internal,2025-12,2025-Q4,Vaccines,BioShield Vax,VAC-BIOSHIELD--S,Veterinary,Region,West,52788,1055754.39,0.96
zoetis_vet_internal,2025-12,2025-Q4,Dermatology,DermaCalm,DRM-DERMACALM-L,Veterinary,Region,West,16203,939748.47,0.96
zoetis_vet_internal,2025-12,2025-Q4,Dermatology,DermaCalm,DRM-DERMACALM-S,Veterinary,Region,West,21456,1244457.69,0.96
zoetis_vet_internal,2025-12,2025-Q4,Petcare Diagnostics,DiagnosTech Vet,DIA-DIAGNOSTEC-L,Veterinary,Region,West,57993,985881.52,0.96
zoetis_vet_internal,2025-12,2025-Q4,Petcare Diagnostics,DiagnosTech Vet,DIA-DIAGNOSTEC-S,Veterinary,Region,West,77600,1319203.08,0.96
zoetis_vet_internal,2025-12,2025-Q4,Parasiticides,FleaStop Pro,PAR-FLEASTOP-P-L,Veterinary,Region,West,14540,305339.61,0.96
zoetis_vet_internal,2025-12,2025-Q4,Parasiticides,FleaStop Pro,PAR-FLEASTOP-P-S,Veterinary,Region,West,20018,420385.97,0.96
zoetis_vet_internal,2025-12,2025-Q4,Pain/Osteoarthritis,FlexiCare Joint,PAN-FLEXICARE--L,Veterinary,Region,West,19461,856293.81,0.96
zoetis_vet_internal,2025-12,2025-Q4,Pain/Osteoarthritis,FlexiCare Joint,PAN-FLEXICARE--S,Veterinary,Region,West,27342,1203047.19,0.96
zoetis_vet_internal,2025-12,2025-Q4,Vaccines,ImmunoCore Canine,VAC-IMMUNOCORE-L,Veterinary,Region,West,46648,979610.27,0.96
zoetis_vet_internal,2025-12,2025-Q4,Vaccines,ImmunoCore Canine,VAC-IMMUNOCORE-S,Veterinary,Region,West,62528,1313079.19,0.96
zoetis_vet_internal,2025-12,2025-Q4,Pain/Osteoarthritis,Librela,PAN-LIBRELA-L,Veterinary,Region,West,20200,969579.47,0.96
zoetis_vet_internal,2025-12,2025-Q4,Pain/Osteoarthritis,Librela,PAN-LIBRELA-S,Veterinary,Region,West,28434,1364822.31,0.96
zoetis_vet_internal,2025-12,2025-Q4,Pain/Osteoarthritis,OsteoEase Vet,PAN-OSTEOEASE--L,Veterinary,Region,West,16371,671207.81,0.96
zoetis_vet_internal,2025-12,2025-Q4,Pain/Osteoarthritis,OsteoEase Vet,PAN-OSTEOEASE--S,Veterinary,Region,West,22239,911779.3,0.96
zoetis_vet_internal,2025-12,2025-Q4,Pain/Osteoarthritis,PainAway Canine,PAN-PAINAWAY-C-L,Veterinary,Region,West,16033,593212.19,0.96
zoetis_vet_internal,2025-12,2025-Q4,Pain/Osteoarthritis,PainAway Canine,PAN-PAINAWAY-C-S,Veterinary,Region,West,21339,789551.35,0.96
zoetis_vet_internal,2025-12,2025-Q4,Petcare Diagnostics,PetLab Analyzer,DIA-PETLAB-ANA-L,Veterinary,Region,West,31976,479639.16,0.96
zoetis_vet_internal,2025-12,2025-Q4,Petcare Diagnostics,PetLab Analyzer,DIA-PETLAB-ANA-S,Veterinary,Region,West,44677,670148.87,0.96
zoetis_vet_internal,2025-12,2025-Q4,Petcare Diagnostics,RapidVet Dx,DIA-RAPIDVET-D-L,Veterinary,Region,West,50560,808955.64,0.96
zoetis_vet_internal,2025-12,2025-Q4,Petcare Diagnostics,RapidVet Dx,DIA-RAPIDVET-D-S,Veterinary,Region,West,69157,1106511.08,0.96
zoetis_vet_internal,2025-12,2025-Q4,Parasiticides,Simparica Trio,PAR-SIMPARICA--L,Veterinary,Region,West,33602,940862.53,0.96
zoetis_vet_internal,2025-12,2025-Q4,Parasiticides,Simparica Trio,PAR-SIMPARICA--S,Veterinary,Region,West,47256,1323181.39,0.96
zoetis_vet_internal,2025-12,2025-Q4,Dermatology,SkinRelief Pro,DRM-SKINRELIEF-L,Veterinary,Region,West,12988,636410.52,0.96
zoetis_vet_internal,2025-12,2025-Q4,Dermatology,SkinRelief Pro,DRM-SKINRELIEF-S,Veterinary,Region,West,17275,846468.11,0.96
zoetis_vet_internal,2025-12,2025-Q4,Parasiticides,TickShield Plus,PAR-TICKSHIELD-L,Veterinary,Region,West,16722,401327.69,0.96
zoetis_vet_internal,2025-12,2025-Q4,Parasiticides,TickShield Plus,PAR-TICKSHIELD-S,Veterinary,Region,West,23988,575702.52,0.96
zoetis_vet_internal,2025-12,2025-Q4,Vaccines,Vanguard,VAC-VANGUARD-L,Veterinary,Region,West,55588,1222944.48,0.96
zoetis_vet_internal,2025-12,2025-Q4,Vaccines,Vanguard,VAC-VANGUARD-S,Veterinary,Region,West,71838,1580427.87,0.96
zoetis_vet_internal,2025-12,2025-Q4,Parasiticides,VectraGuard,PAR-VECTRAGUAR-L,Veterinary,Region,West,19761,513775.84,0.96
zoetis_vet_internal,2025-12,2025-Q4,Parasiticides,VectraGuard,PAR-VECTRAGUAR-S,Veterinary,Region,West,27256,708659.02,0.96
zoetis_vet_internal,2025-12,2025-Q4,Vaccines,VetGuard Immunize,VAC-VETGUARD-I-L,Veterinary,Region,West,31484,598197.73,0.96
zoetis_vet_internal,2025-12,2025-Q4,Vaccines,VetGuard Immunize,VAC-VETGUARD-I-S,Veterinary,Region,West,43439,825341.72,0.96
zoetis_vet_internal,2025-12,2025-Q4,Vaccines,VetSelect Core Vax,VAC-VETSELECT--L,Veterinary,Region,West,29404,411651.71,0.96
zoetis_vet_internal,2025-12,2025-Q4,Vaccines,VetSelect Core Vax,VAC-VETSELECT--S,Veterinary,Region,West,41719,584065.2,0.96
zoetis_vet_internal,2025-12,2025-Q4,Dermatology,VetSelect Derma,DRM-VETSELECT--L,Veterinary,Region,West,11010,418391.72,0.96
zoetis_vet_internal,2025-12,2025-Q4,Dermatology,VetSelect Derma,DRM-VETSELECT--S,Veterinary,Region,West,15358,583603.96,0.96
zoetis_vet_internal,2025-12,2025-Q4,Petcare Diagnostics,VetSelect Dx,DIA-VETSELECT--L,Veterinary,Region,West,25716,308591.27,0.96
zoetis_vet_internal,2025-12,2025-Q4,Petcare Diagnostics,VetSelect Dx,DIA-VETSELECT--S,Veterinary,Region,West,36096,433150.99,0.96
zoetis_vet_internal,2025-12,2025-Q4,Parasiticides,VetSelect Flea & Tick,PAR-VETSELECT--L,Veterinary,Region,West,13154,223614.66,0.96
zoetis_vet_internal,2025-12,2025-Q4,Parasiticides,VetSelect Flea & Tick,PAR-VETSELECT--S,Veterinary,Region,West,18844,320342.42,0.96
zoetis_vet_internal,2025-12,2025-Q4,Pain/Osteoarthritis,VetSelect Joint,PAN-VETSELECT--L,Veterinary,Region,West,14461,419368.42,0.96
zoetis_vet_internal,2025-12,2025-Q4,Pain/Osteoarthritis,VetSelect Joint,PAN-VETSELECT--S,Veterinary,Region,West,19610,568698.6,0.96
zoetis_vet_internal,2025-12,2025-Q4,Petcare Diagnostics,Vetscan,DIA-VETSCAN-L,Veterinary,Region,West,66013,1188236.39,0.96
zoetis_vet_internal,2025-12,2025-Q4,Petcare Diagnostics,Vetscan,DIA-VETSCAN-S,Veterinary,Region,West,89857,1617421.27,0.96
zoetis_vet_internal,2026-01,2026-Q1,Dermatology,AllerVet RX,DRM-ALLERVET-R-L,Veterinary,National,National,62219,3359796.11,0.96
zoetis_vet_internal,2026-01,2026-Q1,Dermatology,AllerVet RX,DRM-ALLERVET-R-S,Veterinary,National,National,85274,4604773.08,0.96
zoetis_vet_internal,2026-01,2026-Q1,Dermatology,Apoquel,DRM-APOQUEL-L,Veterinary,National,National,116182,7551881.16,0.96
zoetis_vet_internal,2026-01,2026-Q1,Dermatology,Apoquel,DRM-APOQUEL-S,Veterinary,National,National,160342,10422314.34,0.96
zoetis_vet_internal,2026-01,2026-Q1,Vaccines,BioShield Vax,VAC-BIOSHIELD--L,Veterinary,National,National,171807,3436140.57,0.96
zoetis_vet_internal,2026-01,2026-Q1,Vaccines,BioShield Vax,VAC-BIOSHIELD--S,Veterinary,National,National,237373,4747471.03,0.96
zoetis_vet_internal,2026-01,2026-Q1,Dermatology,DermaCalm,DRM-DERMACALM-L,Veterinary,National,National,70033,4061871.71,0.96
zoetis_vet_internal,2026-01,2026-Q1,Dermatology,DermaCalm,DRM-DERMACALM-S,Veterinary,National,National,94742,5495063.71,0.96
zoetis_vet_internal,2026-01,2026-Q1,Petcare Diagnostics,DiagnosTech Vet,DIA-DIAGNOSTEC-L,Veterinary,National,National,227604,3869267.21,0.96
zoetis_vet_internal,2026-01,2026-Q1,Petcare Diagnostics,DiagnosTech Vet,DIA-DIAGNOSTEC-S,Veterinary,National,National,326821,5555955.72,0.96
zoetis_vet_internal,2026-01,2026-Q1,Parasiticides,FleaStop Pro,PAR-FLEASTOP-P-L,Veterinary,National,National,72124,1514599.65,0.96
zoetis_vet_internal,2026-01,2026-Q1,Parasiticides,FleaStop Pro,PAR-FLEASTOP-P-S,Veterinary,National,National,101919,2140321.59,0.96
zoetis_vet_internal,2026-01,2026-Q1,Pain/Osteoarthritis,FlexiCare Joint,PAN-FLEXICARE--L,Veterinary,National,National,83653,3680707.33,0.96
zoetis_vet_internal,2026-01,2026-Q1,Pain/Osteoarthritis,FlexiCare Joint,PAN-FLEXICARE--S,Veterinary,National,National,116369,5120182.62,0.96
zoetis_vet_internal,2026-01,2026-Q1,Vaccines,ImmunoCore Canine,VAC-IMMUNOCORE-L,Veterinary,National,National,190470,3999871.54,0.96
zoetis_vet_internal,2026-01,2026-Q1,Vaccines,ImmunoCore Canine,VAC-IMMUNOCORE-S,Veterinary,National,National,267344,5614208.67,0.96
zoetis_vet_internal,2026-01,2026-Q1,Pain/Osteoarthritis,Librela,PAN-LIBRELA-L,Veterinary,National,National,92170,4424138.12,0.96
zoetis_vet_internal,2026-01,2026-Q1,Pain/Osteoarthritis,Librela,PAN-LIBRELA-S,Veterinary,National,National,130685,6272881.48,0.96
zoetis_vet_internal,2026-01,2026-Q1,Pain/Osteoarthritis,OsteoEase Vet,PAN-OSTEOEASE--L,Veterinary,National,National,74485,3053867.83,0.96
zoetis_vet_internal,2026-01,2026-Q1,Pain/Osteoarthritis,OsteoEase Vet,PAN-OSTEOEASE--S,Veterinary,National,National,101768,4172487.65,0.96
zoetis_vet_internal,2026-01,2026-Q1,Pain/Osteoarthritis,PainAway Canine,PAN-PAINAWAY-C-L,Veterinary,National,National,67138,2484115.88,0.96
zoetis_vet_internal,2026-01,2026-Q1,Pain/Osteoarthritis,PainAway Canine,PAN-PAINAWAY-C-S,Veterinary,National,National,93594,3462992.49,0.96
zoetis_vet_internal,2026-01,2026-Q1,Petcare Diagnostics,PetLab Analyzer,DIA-PETLAB-ANA-L,Veterinary,National,National,141404,2121070.66,0.96
zoetis_vet_internal,2026-01,2026-Q1,Petcare Diagnostics,PetLab Analyzer,DIA-PETLAB-ANA-S,Veterinary,National,National,196094,2941412.05,0.96
zoetis_vet_internal,2026-01,2026-Q1,Petcare Diagnostics,RapidVet Dx,DIA-RAPIDVET-D-L,Veterinary,National,National,235480,3767671.07,0.96
zoetis_vet_internal,2026-01,2026-Q1,Petcare Diagnostics,RapidVet Dx,DIA-RAPIDVET-D-S,Veterinary,National,National,321206,5139289.58,0.96
zoetis_vet_internal,2026-01,2026-Q1,Parasiticides,Simparica Trio,PAR-SIMPARICA--L,Veterinary,National,National,144103,4034920.03,0.96
zoetis_vet_internal,2026-01,2026-Q1,Parasiticides,Simparica Trio,PAR-SIMPARICA--S,Veterinary,National,National,202060,5657668.52,0.96
zoetis_vet_internal,2026-01,2026-Q1,Dermatology,SkinRelief Pro,DRM-SKINRELIEF-L,Veterinary,National,National,53867,2639477.16,0.96
zoetis_vet_internal,2026-01,2026-Q1,Dermatology,SkinRelief Pro,DRM-SKINRELIEF-S,Veterinary,National,National,75221,3685799.43,0.96
zoetis_vet_internal,2026-01,2026-Q1,Parasiticides,TickShield Plus,PAR-TICKSHIELD-L,Veterinary,National,National,79101,1898445.64,0.96
zoetis_vet_internal,2026-01,2026-Q1,Parasiticides,TickShield Plus,PAR-TICKSHIELD-S,Veterinary,National,National,109124,2618979.92,0.96
zoetis_vet_internal,2026-01,2026-Q1,Vaccines,Vanguard,VAC-VANGUARD-L,Veterinary,National,National,239581,5270769.62,0.96
zoetis_vet_internal,2026-01,2026-Q1,Vaccines,Vanguard,VAC-VANGUARD-S,Veterinary,National,National,335318,7377011.72,0.96
zoetis_vet_internal,2026-01,2026-Q1,Parasiticides,VectraGuard,PAR-VECTRAGUAR-L,Veterinary,National,National,93847,2440033.6,0.96
zoetis_vet_internal,2026-01,2026-Q1,Parasiticides,VectraGuard,PAR-VECTRAGUAR-S,Veterinary,National,National,127566,3316715.75,0.96
zoetis_vet_internal,2026-01,2026-Q1,Vaccines,VetGuard Immunize,VAC-VETGUARD-I-L,Veterinary,National,National,148174,2815285.14,0.96
zoetis_vet_internal,2026-01,2026-Q1,Vaccines,VetGuard Immunize,VAC-VETGUARD-I-S,Veterinary,National,National,201468,3827887.15,0.96
zoetis_vet_internal,2026-01,2026-Q1,Vaccines,VetSelect Core Vax,VAC-VETSELECT--L,Veterinary,National,National,129438,1812137.12,0.96
zoetis_vet_internal,2026-01,2026-Q1,Vaccines,VetSelect Core Vax,VAC-VETSELECT--S,Veterinary,National,National,176553,2471739.49,0.96
zoetis_vet_internal,2026-01,2026-Q1,Dermatology,VetSelect Derma,DRM-VETSELECT--L,Veterinary,National,National,44571,1693749.77,0.96
zoetis_vet_internal,2026-01,2026-Q1,Dermatology,VetSelect Derma,DRM-VETSELECT--S,Veterinary,National,National,60603,2302937.81,0.96
zoetis_vet_internal,2026-01,2026-Q1,Petcare Diagnostics,VetSelect Dx,DIA-VETSELECT--L,Veterinary,National,National,110468,1325626.45,0.96
zoetis_vet_internal,2026-01,2026-Q1,Petcare Diagnostics,VetSelect Dx,DIA-VETSELECT--S,Veterinary,National,National,150616,1807390.32,0.96
zoetis_vet_internal,2026-01,2026-Q1,Parasiticides,VetSelect Flea & Tick,PAR-VETSELECT--L,Veterinary,National,National,63521,1079869.12,0.96
zoetis_vet_internal,2026-01,2026-Q1,Parasiticides,VetSelect Flea & Tick,PAR-VETSELECT--S,Veterinary,National,National,87438,1486450.35,0.96
zoetis_vet_internal,2026-01,2026-Q1,Pain/Osteoarthritis,VetSelect Joint,PAN-VETSELECT--L,Veterinary,National,National,66311,1923040.34,0.96
zoetis_vet_internal,2026-01,2026-Q1,Pain/Osteoarthritis,VetSelect Joint,PAN-VETSELECT--S,Veterinary,National,National,92462,2681418.25,0.96
zoetis_vet_internal,2026-01,2026-Q1,Petcare Diagnostics,Vetscan,DIA-VETSCAN-L,Veterinary,National,National,306604,5518873.01,0.96
zoetis_vet_internal,2026-01,2026-Q1,Petcare Diagnostics,Vetscan,DIA-VETSCAN-S,Veterinary,National,National,415431,7477743.36,0.96
zoetis_vet_internal,2026-01,2026-Q1,Dermatology,AllerVet RX,DRM-ALLERVET-R-L,Veterinary,Region,Midwest,13185,711963.19,0.96
zoetis_vet_internal,2026-01,2026-Q1,Dermatology,AllerVet RX,DRM-ALLERVET-R-S,Veterinary,Region,Midwest,18328,989707.94,0.96
zoetis_vet_internal,2026-01,2026-Q1,Dermatology,Apoquel,DRM-APOQUEL-L,Veterinary,Region,Midwest,24363,1583604.34,0.96
zoetis_vet_internal,2026-01,2026-Q1,Dermatology,Apoquel,DRM-APOQUEL-S,Veterinary,Region,Midwest,33093,2151068.09,0.96
zoetis_vet_internal,2026-01,2026-Q1,Vaccines,BioShield Vax,VAC-BIOSHIELD--L,Veterinary,Region,Midwest,34569,691377.67,0.96
zoetis_vet_internal,2026-01,2026-Q1,Vaccines,BioShield Vax,VAC-BIOSHIELD--S,Veterinary,Region,Midwest,46669,933383.62,0.96
zoetis_vet_internal,2026-01,2026-Q1,Dermatology,DermaCalm,DRM-DERMACALM-L,Veterinary,Region,Midwest,13650,791683.7,0.96
zoetis_vet_internal,2026-01,2026-Q1,Dermatology,DermaCalm,DRM-DERMACALM-S,Veterinary,Region,Midwest,18080,1048656.55,0.96
zoetis_vet_internal,2026-01,2026-Q1,Petcare Diagnostics,DiagnosTech Vet,DIA-DIAGNOSTEC-L,Veterinary,Region,Midwest,48626,826645.75,0.96
zoetis_vet_internal,2026-01,2026-Q1,Petcare Diagnostics,DiagnosTech Vet,DIA-DIAGNOSTEC-S,Veterinary,Region,Midwest,67718,1151211.32,0.96
zoetis_vet_internal,2026-01,2026-Q1,Parasiticides,FleaStop Pro,PAR-FLEASTOP-P-L,Veterinary,Region,Midwest,15709,329886.75,0.96
zoetis_vet_internal,2026-01,2026-Q1,Parasiticides,FleaStop Pro,PAR-FLEASTOP-P-S,Veterinary,Region,Midwest,21230,445832.08,0.96
zoetis_vet_internal,2026-01,2026-Q1,Pain/Osteoarthritis,FlexiCare Joint,PAN-FLEXICARE--L,Veterinary,Region,Midwest,16421,722508.32,0.96
zoetis_vet_internal,2026-01,2026-Q1,Pain/Osteoarthritis,FlexiCare Joint,PAN-FLEXICARE--S,Veterinary,Region,Midwest,23380,1028708.58,0.96
zoetis_vet_internal,2026-01,2026-Q1,Vaccines,ImmunoCore Canine,VAC-IMMUNOCORE-L,Veterinary,Region,Midwest,40276,845793.11,0.96
zoetis_vet_internal,2026-01,2026-Q1,Vaccines,ImmunoCore Canine,VAC-IMMUNOCORE-S,Veterinary,Region,Midwest,58619,1230989.84,0.96
zoetis_vet_internal,2026-01,2026-Q1,Pain/Osteoarthritis,Librela,PAN-LIBRELA-L,Veterinary,Region,Midwest,19934,956835.96,0.96
zoetis_vet_internal,2026-01,2026-Q1,Pain/Osteoarthritis,Librela,PAN-LIBRELA-S,Veterinary,Region,Midwest,27533,1321601.75,0.96
zoetis_vet_internal,2026-01,2026-Q1,Pain/Osteoarthritis,OsteoEase Vet,PAN-OSTEOEASE--L,Veterinary,Region,Midwest,16161,662607.41,0.96
zoetis_vet_internal,2026-01,2026-Q1,Pain/Osteoarthritis,OsteoEase Vet,PAN-OSTEOEASE--S,Veterinary,Region,Midwest,22871,937717.2,0.96
zoetis_vet_internal,2026-01,2026-Q1,Pain/Osteoarthritis,PainAway Canine,PAN-PAINAWAY-C-L,Veterinary,Region,Midwest,13699,506862.09,0.96
zoetis_vet_internal,2026-01,2026-Q1,Pain/Osteoarthritis,PainAway Canine,PAN-PAINAWAY-C-S,Veterinary,Region,Midwest,18859,697776.69,0.96
zoetis_vet_internal,2026-01,2026-Q1,Petcare Diagnostics,PetLab Analyzer,DIA-PETLAB-ANA-L,Veterinary,Region,Midwest,28162,422430.98,0.96
zoetis_vet_internal,2026-01,2026-Q1,Petcare Diagnostics,PetLab Analyzer,DIA-PETLAB-ANA-S,Veterinary,Region,Midwest,38723,580844.04,0.96
zoetis_vet_internal,2026-01,2026-Q1,Petcare Diagnostics,RapidVet Dx,DIA-RAPIDVET-D-L,Veterinary,Region,Midwest,49770,796315.76,0.96
zoetis_vet_internal,2026-01,2026-Q1,Petcare Diagnostics,RapidVet Dx,DIA-RAPIDVET-D-S,Veterinary,Region,Midwest,68541,1096649.12,0.96
zoetis_vet_internal,2026-01,2026-Q1,Parasiticides,Simparica Trio,PAR-SIMPARICA--L,Veterinary,Region,Midwest,30181,845080.14,0.96
zoetis_vet_internal,2026-01,2026-Q1,Parasiticides,Simparica Trio,PAR-SIMPARICA--S,Veterinary,Region,Midwest,42684,1195163.51,0.96
zoetis_vet_internal,2026-01,2026-Q1,Dermatology,SkinRelief Pro,DRM-SKINRELIEF-L,Veterinary,Region,Midwest,10543,516601.69,0.96
zoetis_vet_internal,2026-01,2026-Q1,Dermatology,SkinRelief Pro,DRM-SKINRELIEF-S,Veterinary,Region,Midwest,14828,726588.26,0.96
zoetis_vet_internal,2026-01,2026-Q1,Parasiticides,TickShield Plus,PAR-TICKSHIELD-L,Veterinary,Region,Midwest,17099,410376.14,0.96
zoetis_vet_internal,2026-01,2026-Q1,Parasiticides,TickShield Plus,PAR-TICKSHIELD-S,Veterinary,Region,Midwest,24071,577708.21,0.96
zoetis_vet_internal,2026-01,2026-Q1,Vaccines,Vanguard,VAC-VANGUARD-L,Veterinary,Region,Midwest,51831,1140283.09,0.96
zoetis_vet_internal,2026-01,2026-Q1,Vaccines,Vanguard,VAC-VANGUARD-S,Veterinary,Region,Midwest,70270,1545942.7,0.96
zoetis_vet_internal,2026-01,2026-Q1,Parasiticides,VectraGuard,PAR-VECTRAGUAR-L,Veterinary,Region,Midwest,19679,511663.22,0.96
zoetis_vet_internal,2026-01,2026-Q1,Parasiticides,VectraGuard,PAR-VECTRAGUAR-S,Veterinary,Region,Midwest,26931,700193.1,0.96
zoetis_vet_internal,2026-01,2026-Q1,Vaccines,VetGuard Immunize,VAC-VETGUARD-I-L,Veterinary,Region,Midwest,31924,606547.61,0.96
zoetis_vet_internal,2026-01,2026-Q1,Vaccines,VetGuard Immunize,VAC-VETGUARD-I-S,Veterinary,Region,Midwest,43586,828140.84,0.96
zoetis_vet_internal,2026-01,2026-Q1,Vaccines,VetSelect Core Vax,VAC-VETSELECT--L,Veterinary,Region,Midwest,27703,387843.48,0.96
zoetis_vet_internal,2026-01,2026-Q1,Vaccines,VetSelect Core Vax,VAC-VETSELECT--S,Veterinary,Region,Midwest,38224,535139.95,0.96
zoetis_vet_internal,2026-01,2026-Q1,Dermatology,VetSelect Derma,DRM-VETSELECT--L,Veterinary,Region,Midwest,9159,348057.04,0.96
zoetis_vet_internal,2026-01,2026-Q1,Dermatology,VetSelect Derma,DRM-VETSELECT--S,Veterinary,Region,Midwest,12800,486408.87,0.96
zoetis_vet_internal,2026-01,2026-Q1,Petcare Diagnostics,VetSelect Dx,DIA-VETSELECT--L,Veterinary,Region,Midwest,23781,285377.72,0.96
zoetis_vet_internal,2026-01,2026-Q1,Petcare Diagnostics,VetSelect Dx,DIA-VETSELECT--S,Veterinary,Region,Midwest,31496,377955.39,0.96
zoetis_vet_internal,2026-01,2026-Q1,Parasiticides,VetSelect Flea & Tick,PAR-VETSELECT--L,Veterinary,Region,Midwest,13699,232891.03,0.96
zoetis_vet_internal,2026-01,2026-Q1,Parasiticides,VetSelect Flea & Tick,PAR-VETSELECT--S,Veterinary,Region,Midwest,18508,314638.34,0.96
zoetis_vet_internal,2026-01,2026-Q1,Pain/Osteoarthritis,VetSelect Joint,PAN-VETSELECT--L,Veterinary,Region,Midwest,13907,403314.96,0.96
zoetis_vet_internal,2026-01,2026-Q1,Pain/Osteoarthritis,VetSelect Joint,PAN-VETSELECT--S,Veterinary,Region,Midwest,18613,539786.66,0.96
zoetis_vet_internal,2026-01,2026-Q1,Petcare Diagnostics,Vetscan,DIA-VETSCAN-L,Veterinary,Region,Midwest,63029,1134516.04,0.96
zoetis_vet_internal,2026-01,2026-Q1,Petcare Diagnostics,Vetscan,DIA-VETSCAN-S,Veterinary,Region,Midwest,90335,1626025.18,0.96
zoetis_vet_internal,2026-01,2026-Q1,Dermatology,AllerVet RX,DRM-ALLERVET-R-L,Veterinary,Region,Northeast,13608,734810.49,0.96
zoetis_vet_internal,2026-01,2026-Q1,Dermatology,AllerVet RX,DRM-ALLERVET-R-S,Veterinary,Region,Northeast,18849,1017859.17,0.96
zoetis_vet_internal,2026-01,2026-Q1,Dermatology,Apoquel,DRM-APOQUEL-L,Veterinary,Region,Northeast,24862,1616026.78,0.96
zoetis_vet_internal,2026-01,2026-Q1,Dermatology,Apoquel,DRM-APOQUEL-S,Veterinary,Region,Northeast,34744,2258374.49,0.96
zoetis_vet_internal,2026-01,2026-Q1,Vaccines,BioShield Vax,VAC-BIOSHIELD--L,Veterinary,Region,Northeast,38309,766185.75,0.96
zoetis_vet_internal,2026-01,2026-Q1,Vaccines,BioShield Vax,VAC-BIOSHIELD--S,Veterinary,Region,Northeast,52592,1051844.0,0.96
zoetis_vet_internal,2026-01,2026-Q1,Dermatology,DermaCalm,DRM-DERMACALM-L,Veterinary,Region,Northeast,15670,908833.56,0.96
zoetis_vet_internal,2026-01,2026-Q1,Dermatology,DermaCalm,DRM-DERMACALM-S,Veterinary,Region,Northeast,21599,1252729.81,0.96
zoetis_vet_internal,2026-01,2026-Q1,Petcare Diagnostics,DiagnosTech Vet,DIA-DIAGNOSTEC-L,Veterinary,Region,Northeast,50795,863519.59,0.96
zoetis_vet_internal,2026-01,2026-Q1,Petcare Diagnostics,DiagnosTech Vet,DIA-DIAGNOSTEC-S,Veterinary,Region,Northeast,75768,1288051.42,0.96
zoetis_vet_internal,2026-01,2026-Q1,Parasiticides,FleaStop Pro,PAR-FLEASTOP-P-L,Veterinary,Region,Northeast,16140,338936.83,0.96
zoetis_vet_internal,2026-01,2026-Q1,Parasiticides,FleaStop Pro,PAR-FLEASTOP-P-S,Veterinary,Region,Northeast,22769,478159.36,0.96
zoetis_vet_internal,2026-01,2026-Q1,Pain/Osteoarthritis,FlexiCare Joint,PAN-FLEXICARE--L,Veterinary,Region,Northeast,18354,807585.85,0.96
zoetis_vet_internal,2026-01,2026-Q1,Pain/Osteoarthritis,FlexiCare Joint,PAN-FLEXICARE--S,Veterinary,Region,Northeast,25109,1104783.33,0.96
zoetis_vet_internal,2026-01,2026-Q1,Vaccines,ImmunoCore Canine,VAC-IMMUNOCORE-L,Veterinary,Region,Northeast,42307,888446.44,0.96
zoetis_vet_internal,2026-01,2026-Q1,Vaccines,ImmunoCore Canine,VAC-IMMUNOCORE-S,Veterinary,Region,Northeast,59452,1248485.6,0.96
zoetis_vet_internal,2026-01,2026-Q1,Pain/Osteoarthritis,Librela,PAN-LIBRELA-L,Veterinary,Region,Northeast,20390,978732.66,0.96
zoetis_vet_internal,2026-01,2026-Q1,Pain/Osteoarthritis,Librela,PAN-LIBRELA-S,Veterinary,Region,Northeast,29859,1433232.98,0.96
zoetis_vet_internal,2026-01,2026-Q1,Pain/Osteoarthritis,OsteoEase Vet,PAN-OSTEOEASE--L,Veterinary,Region,Northeast,15879,651048.87,0.96
zoetis_vet_internal,2026-01,2026-Q1,Pain/Osteoarthritis,OsteoEase Vet,PAN-OSTEOEASE--S,Veterinary,Region,Northeast,21433,878735.9,0.96
zoetis_vet_internal,2026-01,2026-Q1,Pain/Osteoarthritis,PainAway Canine,PAN-PAINAWAY-C-L,Veterinary,Region,Northeast,14119,522386.4,0.96
zoetis_vet_internal,2026-01,2026-Q1,Pain/Osteoarthritis,PainAway Canine,PAN-PAINAWAY-C-S,Veterinary,Region,Northeast,19620,725954.08,0.96
zoetis_vet_internal,2026-01,2026-Q1,Petcare Diagnostics,PetLab Analyzer,DIA-PETLAB-ANA-L,Veterinary,Region,Northeast,33595,503932.38,0.96
zoetis_vet_internal,2026-01,2026-Q1,Petcare Diagnostics,PetLab Analyzer,DIA-PETLAB-ANA-S,Veterinary,Region,Northeast,44996,674935.01,0.96
zoetis_vet_internal,2026-01,2026-Q1,Petcare Diagnostics,RapidVet Dx,DIA-RAPIDVET-D-L,Veterinary,Region,Northeast,49823,797170.7,0.96
zoetis_vet_internal,2026-01,2026-Q1,Petcare Diagnostics,RapidVet Dx,DIA-RAPIDVET-D-S,Veterinary,Region,Northeast,65234,1043741.72,0.96
zoetis_vet_internal,2026-01,2026-Q1,Parasiticides,Simparica Trio,PAR-SIMPARICA--L,Veterinary,Region,Northeast,31070,869966.62,0.96
zoetis_vet_internal,2026-01,2026-Q1,Parasiticides,Simparica Trio,PAR-SIMPARICA--S,Veterinary,Region,Northeast,44352,1241852.22,0.96
zoetis_vet_internal,2026-01,2026-Q1,Dermatology,SkinRelief Pro,DRM-SKINRELIEF-L,Veterinary,Region,Northeast,11368,557027.16,0.96
zoetis_vet_internal,2026-01,2026-Q1,Dermatology,SkinRelief Pro,DRM-SKINRELIEF-S,Veterinary,Region,Northeast,16691,817846.59,0.96
zoetis_vet_internal,2026-01,2026-Q1,Parasiticides,TickShield Plus,PAR-TICKSHIELD-L,Veterinary,Region,Northeast,17445,418691.95,0.96
zoetis_vet_internal,2026-01,2026-Q1,Parasiticides,TickShield Plus,PAR-TICKSHIELD-S,Veterinary,Region,Northeast,22818,547641.24,0.96
zoetis_vet_internal,2026-01,2026-Q1,Vaccines,Vanguard,VAC-VANGUARD-L,Veterinary,Region,Northeast,55385,1218467.93,0.96
zoetis_vet_internal,2026-01,2026-Q1,Vaccines,Vanguard,VAC-VANGUARD-S,Veterinary,Region,Northeast,77345,1701588.16,0.96
zoetis_vet_internal,2026-01,2026-Q1,Parasiticides,VectraGuard,PAR-VECTRAGUAR-L,Veterinary,Region,Northeast,20106,522750.49,0.96
zoetis_vet_internal,2026-01,2026-Q1,Parasiticides,VectraGuard,PAR-VECTRAGUAR-S,Veterinary,Region,Northeast,26693,694026.99,0.96
zoetis_vet_internal,2026-01,2026-Q1,Vaccines,VetGuard Immunize,VAC-VETGUARD-I-L,Veterinary,Region,Northeast,32340,614462.41,0.96
zoetis_vet_internal,2026-01,2026-Q1,Vaccines,VetGuard Immunize,VAC-VETGUARD-I-S,Veterinary,Region,Northeast,45155,857946.94,0.96
zoetis_vet_internal,2026-01,2026-Q1,Vaccines,VetSelect Core Vax,VAC-VETSELECT--L,Veterinary,Region,Northeast,28025,392354.8,0.96
zoetis_vet_internal,2026-01,2026-Q1,Vaccines,VetSelect Core Vax,VAC-VETSELECT--S,Veterinary,Region,Northeast,37040,518555.94,0.96
zoetis_vet_internal,2026-01,2026-Q1,Dermatology,VetSelect Derma,DRM-VETSELECT--L,Veterinary,Region,Northeast,10195,387427.96,0.96
zoetis_vet_internal,2026-01,2026-Q1,Dermatology,VetSelect Derma,DRM-VETSELECT--S,Veterinary,Region,Northeast,14087,535318.67,0.96
zoetis_vet_internal,2026-01,2026-Q1,Petcare Diagnostics,VetSelect Dx,DIA-VETSELECT--L,Veterinary,Region,Northeast,25929,311152.02,0.96
zoetis_vet_internal,2026-01,2026-Q1,Petcare Diagnostics,VetSelect Dx,DIA-VETSELECT--S,Veterinary,Region,Northeast,35072,420860.74,0.96
zoetis_vet_internal,2026-01,2026-Q1,Parasiticides,VetSelect Flea & Tick,PAR-VETSELECT--L,Veterinary,Region,Northeast,14233,241963.6,0.96
zoetis_vet_internal,2026-01,2026-Q1,Parasiticides,VetSelect Flea & Tick,PAR-VETSELECT--S,Veterinary,Region,Northeast,19343,328829.23,0.96
zoetis_vet_internal,2026-01,2026-Q1,Pain/Osteoarthritis,VetSelect Joint,PAN-VETSELECT--L,Veterinary,Region,Northeast,13677,396645.67,0.96
zoetis_vet_internal,2026-01,2026-Q1,Pain/Osteoarthritis,VetSelect Joint,PAN-VETSELECT--S,Veterinary,Region,Northeast,20099,582884.77,0.96
zoetis_vet_internal,2026-01,2026-Q1,Petcare Diagnostics,Vetscan,DIA-VETSCAN-L,Veterinary,Region,Northeast,68987,1241769.23,0.96
zoetis_vet_internal,2026-01,2026-Q1,Petcare Diagnostics,Vetscan,DIA-VETSCAN-S,Veterinary,Region,Northeast,93478,1682607.0,0.96
zoetis_vet_internal,2026-01,2026-Q1,Dermatology,AllerVet RX,DRM-ALLERVET-R-L,Veterinary,Region,South,20404,1101826.19,0.96
zoetis_vet_internal,2026-01,2026-Q1,Dermatology,AllerVet RX,DRM-ALLERVET-R-S,Veterinary,Region,South,28437,1535582.39,0.96
zoetis_vet_internal,2026-01,2026-Q1,Dermatology,Apoquel,DRM-APOQUEL-L,Veterinary,Region,South,40559,2636366.39,0.96
zoetis_vet_internal,2026-01,2026-Q1,Dermatology,Apoquel,DRM-APOQUEL-S,Veterinary,Region,South,53743,3493309.29,0.96
zoetis_vet_internal,2026-01,2026-Q1,Vaccines,BioShield Vax,VAC-BIOSHIELD--L,Veterinary,Region,South,55501,1110024.59,0.96
zoetis_vet_internal,2026-01,2026-Q1,Vaccines,BioShield Vax,VAC-BIOSHIELD--S,Veterinary,Region,South,78979,1579575.28,0.96
zoetis_vet_internal,2026-01,2026-Q1,Dermatology,DermaCalm,DRM-DERMACALM-L,Veterinary,Region,South,24697,1432424.75,0.96
zoetis_vet_internal,2026-01,2026-Q1,Dermatology,DermaCalm,DRM-DERMACALM-S,Veterinary,Region,South,33566,1946828.04,0.96
zoetis_vet_internal,2026-01,2026-Q1,Petcare Diagnostics,DiagnosTech Vet,DIA-DIAGNOSTEC-L,Veterinary,Region,South,74030,1258508.93,0.96
zoetis_vet_internal,2026-01,2026-Q1,Petcare Diagnostics,DiagnosTech Vet,DIA-DIAGNOSTEC-S,Veterinary,Region,South,107863,1833668.97,0.96
zoetis_vet_internal,2026-01,2026-Q1,Parasiticides,FleaStop Pro,PAR-FLEASTOP-P-L,Veterinary,Region,South,24142,506980.14,0.96
zoetis_vet_internal,2026-01,2026-Q1,Parasiticides,FleaStop Pro,PAR-FLEASTOP-P-S,Veterinary,Region,South,34939,733728.13,0.96
zoetis_vet_internal,2026-01,2026-Q1,Pain/Osteoarthritis,FlexiCare Joint,PAN-FLEXICARE--L,Veterinary,Region,South,28485,1253341.63,0.96
zoetis_vet_internal,2026-01,2026-Q1,Pain/Osteoarthritis,FlexiCare Joint,PAN-FLEXICARE--S,Veterinary,Region,South,39662,1745118.15,0.96
zoetis_vet_internal,2026-01,2026-Q1,Vaccines,ImmunoCore Canine,VAC-IMMUNOCORE-L,Veterinary,Region,South,63697,1337647.24,0.96
zoetis_vet_internal,2026-01,2026-Q1,Vaccines,ImmunoCore Canine,VAC-IMMUNOCORE-S,Veterinary,Region,South,87991,1847819.73,0.96
zoetis_vet_internal,2026-01,2026-Q1,Pain/Osteoarthritis,Librela,PAN-LIBRELA-L,Veterinary,Region,South,30202,1449678.05,0.96
zoetis_vet_internal,2026-01,2026-Q1,Pain/Osteoarthritis,Librela,PAN-LIBRELA-S,Veterinary,Region,South,43726,2098843.13,0.96
zoetis_vet_internal,2026-01,2026-Q1,Pain/Osteoarthritis,OsteoEase Vet,PAN-OSTEOEASE--L,Veterinary,Region,South,25081,1028303.24,0.96
zoetis_vet_internal,2026-01,2026-Q1,Pain/Osteoarthritis,OsteoEase Vet,PAN-OSTEOEASE--S,Veterinary,Region,South,34316,1406948.71,0.96
zoetis_vet_internal,2026-01,2026-Q1,Pain/Osteoarthritis,PainAway Canine,PAN-PAINAWAY-C-L,Veterinary,Region,South,23138,856120.55,0.96
zoetis_vet_internal,2026-01,2026-Q1,Pain/Osteoarthritis,PainAway Canine,PAN-PAINAWAY-C-S,Veterinary,Region,South,32317,1195746.88,0.96
zoetis_vet_internal,2026-01,2026-Q1,Petcare Diagnostics,PetLab Analyzer,DIA-PETLAB-ANA-L,Veterinary,Region,South,47247,708712.44,0.96
zoetis_vet_internal,2026-01,2026-Q1,Petcare Diagnostics,PetLab Analyzer,DIA-PETLAB-ANA-S,Veterinary,Region,South,66807,1002111.34,0.96
zoetis_vet_internal,2026-01,2026-Q1,Petcare Diagnostics,RapidVet Dx,DIA-RAPIDVET-D-L,Veterinary,Region,South,79999,1279981.2,0.96
zoetis_vet_internal,2026-01,2026-Q1,Petcare Diagnostics,RapidVet Dx,DIA-RAPIDVET-D-S,Veterinary,Region,South,113687,1818997.68,0.96
zoetis_vet_internal,2026-01,2026-Q1,Parasiticides,Simparica Trio,PAR-SIMPARICA--L,Veterinary,Region,South,48999,1371976.32,0.96
zoetis_vet_internal,2026-01,2026-Q1,Parasiticides,Simparica Trio,PAR-SIMPARICA--S,Veterinary,Region,South,67238,1882657.08,0.96
zoetis_vet_internal,2026-01,2026-Q1,Dermatology,SkinRelief Pro,DRM-SKINRELIEF-L,Veterinary,Region,South,18946,928376.15,0.96
zoetis_vet_internal,2026-01,2026-Q1,Dermatology,SkinRelief Pro,DRM-SKINRELIEF-S,Veterinary,Region,South,25021,1226013.18,0.96
zoetis_vet_internal,2026-01,2026-Q1,Parasiticides,TickShield Plus,PAR-TICKSHIELD-L,Veterinary,Region,South,26155,627728.94,0.96
zoetis_vet_internal,2026-01,2026-Q1,Parasiticides,TickShield Plus,PAR-TICKSHIELD-S,Veterinary,Region,South,37090,890153.58,0.96
zoetis_vet_internal,2026-01,2026-Q1,Vaccines,Vanguard,VAC-VANGUARD-L,Veterinary,Region,South,77904,1713884.82,0.96
zoetis_vet_internal,2026-01,2026-Q1,Vaccines,Vanguard,VAC-VANGUARD-S,Veterinary,Region,South,108354,2383794.03,0.96
zoetis_vet_internal,2026-01,2026-Q1,Parasiticides,VectraGuard,PAR-VECTRAGUAR-L,Veterinary,Region,South,32104,834707.56,0.96
zoetis_vet_internal,2026-01,2026-Q1,Parasiticides,VectraGuard,PAR-VECTRAGUAR-S,Veterinary,Region,South,44368,1153570.03,0.96
zoetis_vet_internal,2026-01,2026-Q1,Vaccines,VetGuard Immunize,VAC-VETGUARD-I-L,Veterinary,Region,South,48700,925291.75,0.96
zoetis_vet_internal,2026-01,2026-Q1,Vaccines,VetGuard Immunize,VAC-VETGUARD-I-S,Veterinary,Region,South,66790,1269005.61,0.96
zoetis_vet_internal,2026-01,2026-Q1,Vaccines,VetSelect Core Vax,VAC-VETSELECT--L,Veterinary,Region,South,45687,639623.47,0.96
zoetis_vet_internal,2026-01,2026-Q1,Vaccines,VetSelect Core Vax,VAC-VETSELECT--S,Veterinary,Region,South,61272,857805.82,0.96
zoetis_vet_internal,2026-01,2026-Q1,Dermatology,VetSelect Derma,DRM-VETSELECT--L,Veterinary,Region,South,15091,573472.95,0.96
zoetis_vet_internal,2026-01,2026-Q1,Dermatology,VetSelect Derma,DRM-VETSELECT--S,Veterinary,Region,South,20084,763178.6,0.96
zoetis_vet_internal,2026-01,2026-Q1,Petcare Diagnostics,VetSelect Dx,DIA-VETSELECT--L,Veterinary,Region,South,36078,432931.73,0.96
zoetis_vet_internal,2026-01,2026-Q1,Petcare Diagnostics,VetSelect Dx,DIA-VETSELECT--S,Veterinary,Region,South,49907,598885.45,0.96
zoetis_vet_internal,2026-01,2026-Q1,Parasiticides,VetSelect Flea & Tick,PAR-VETSELECT--L,Veterinary,Region,South,20792,353470.87,0.96
zoetis_vet_internal,2026-01,2026-Q1,Parasiticides,VetSelect Flea & Tick,PAR-VETSELECT--S,Veterinary,Region,South,28469,483974.36,0.96
zoetis_vet_internal,2026-01,2026-Q1,Pain/Osteoarthritis,VetSelect Joint,PAN-VETSELECT--L,Veterinary,Region,South,22808,661440.78,0.96
zoetis_vet_internal,2026-01,2026-Q1,Pain/Osteoarthritis,VetSelect Joint,PAN-VETSELECT--S,Veterinary,Region,South,32414,940014.59,0.96
zoetis_vet_internal,2026-01,2026-Q1,Petcare Diagnostics,Vetscan,DIA-VETSCAN-L,Veterinary,Region,South,104849,1887289.11,0.96
zoetis_vet_internal,2026-01,2026-Q1,Petcare Diagnostics,Vetscan,DIA-VETSCAN-S,Veterinary,Region,South,137254,2470564.06,0.96
zoetis_vet_internal,2026-01,2026-Q1,Dermatology,AllerVet RX,DRM-ALLERVET-R-L,Veterinary,Region,West,15022,811196.24,0.96
zoetis_vet_internal,2026-01,2026-Q1,Dermatology,AllerVet RX,DRM-ALLERVET-R-S,Veterinary,Region,West,19660,1061623.58,0.96
zoetis_vet_internal,2026-01,2026-Q1,Dermatology,Apoquel,DRM-APOQUEL-L,Veterinary,Region,West,26398,1715883.65,0.96
zoetis_vet_internal,2026-01,2026-Q1,Dermatology,Apoquel,DRM-APOQUEL-S,Veterinary,Region,West,38762,2519562.47,0.96
zoetis_vet_internal,2026-01,2026-Q1,Vaccines,BioShield Vax,VAC-BIOSHIELD--L,Veterinary,Region,West,43428,868552.56,0.96
zoetis_vet_internal,2026-01,2026-Q1,Vaccines,BioShield Vax,VAC-BIOSHIELD--S,Veterinary,Region,West,59133,1182668.13,0.96
zoetis_vet_internal,2026-01,2026-Q1,Dermatology,DermaCalm,DRM-DERMACALM-L,Veterinary,Region,West,16016,928929.7,0.96
zoetis_vet_internal,2026-01,2026-Q1,Dermatology,DermaCalm,DRM-DERMACALM-S,Veterinary,Region,West,21497,1246849.31,0.96
zoetis_vet_internal,2026-01,2026-Q1,Petcare Diagnostics,DiagnosTech Vet,DIA-DIAGNOSTEC-L,Veterinary,Region,West,54153,920592.94,0.96
zoetis_vet_internal,2026-01,2026-Q1,Petcare Diagnostics,DiagnosTech Vet,DIA-DIAGNOSTEC-S,Veterinary,Region,West,75472,1283024.01,0.96
zoetis_vet_internal,2026-01,2026-Q1,Parasiticides,FleaStop Pro,PAR-FLEASTOP-P-L,Veterinary,Region,West,16133,338795.93,0.96
zoetis_vet_internal,2026-01,2026-Q1,Parasiticides,FleaStop Pro,PAR-FLEASTOP-P-S,Veterinary,Region,West,22981,482602.02,0.96
zoetis_vet_internal,2026-01,2026-Q1,Pain/Osteoarthritis,FlexiCare Joint,PAN-FLEXICARE--L,Veterinary,Region,West,20393,897271.53,0.96
zoetis_vet_internal,2026-01,2026-Q1,Pain/Osteoarthritis,FlexiCare Joint,PAN-FLEXICARE--S,Veterinary,Region,West,28218,1241572.56,0.96
zoetis_vet_internal,2026-01,2026-Q1,Vaccines,ImmunoCore Canine,VAC-IMMUNOCORE-L,Veterinary,Region,West,44190,927984.75,0.96
zoetis_vet_internal,2026-01,2026-Q1,Vaccines,ImmunoCore Canine,VAC-IMMUNOCORE-S,Veterinary,Region,West,61282,1286913.5,0.96
zoetis_vet_internal,2026-01,2026-Q1,Pain/Osteoarthritis,Librela,PAN-LIBRELA-L,Veterinary,Region,West,21644,1038891.45,0.96
zoetis_vet_internal,2026-01,2026-Q1,Pain/Osteoarthritis,Librela,PAN-LIBRELA-S,Veterinary,Region,West,29567,1419203.62,0.96
zoetis_vet_internal,2026-01,2026-Q1,Pain/Osteoarthritis,OsteoEase Vet,PAN-OSTEOEASE--L,Veterinary,Region,West,17364,711908.31,0.96
zoetis_vet_internal,2026-01,2026-Q1,Pain/Osteoarthritis,OsteoEase Vet,PAN-OSTEOEASE--S,Veterinary,Region,West,23148,949085.84,0.96
zoetis_vet_internal,2026-01,2026-Q1,Pain/Osteoarthritis,PainAway Canine,PAN-PAINAWAY-C-L,Veterinary,Region,West,16182,598746.84,0.96
zoetis_vet_internal,2026-01,2026-Q1,Pain/Osteoarthritis,PainAway Canine,PAN-PAINAWAY-C-S,Veterinary,Region,West,22798,843514.84,0.96
zoetis_vet_internal,2026-01,2026-Q1,Petcare Diagnostics,PetLab Analyzer,DIA-PETLAB-ANA-L,Veterinary,Region,West,32400,485994.86,0.96
zoetis_vet_internal,2026-01,2026-Q1,Petcare Diagnostics,PetLab Analyzer,DIA-PETLAB-ANA-S,Veterinary,Region,West,45568,683521.66,0.96
zoetis_vet_internal,2026-01,2026-Q1,Petcare Diagnostics,RapidVet Dx,DIA-RAPIDVET-D-L,Veterinary,Region,West,55888,894203.41,0.96
zoetis_vet_internal,2026-01,2026-Q1,Petcare Diagnostics,RapidVet Dx,DIA-RAPIDVET-D-S,Veterinary,Region,West,73744,1179901.06,0.96
zoetis_vet_internal,2026-01,2026-Q1,Parasiticides,Simparica Trio,PAR-SIMPARICA--L,Veterinary,Region,West,33853,947896.95,0.96
zoetis_vet_internal,2026-01,2026-Q1,Parasiticides,Simparica Trio,PAR-SIMPARICA--S,Veterinary,Region,West,47786,1337995.71,0.96
zoetis_vet_internal,2026-01,2026-Q1,Dermatology,SkinRelief Pro,DRM-SKINRELIEF-L,Veterinary,Region,West,13010,637472.16,0.96
zoetis_vet_internal,2026-01,2026-Q1,Dermatology,SkinRelief Pro,DRM-SKINRELIEF-S,Veterinary,Region,West,18681,915351.4,0.96
zoetis_vet_internal,2026-01,2026-Q1,Parasiticides,TickShield Plus,PAR-TICKSHIELD-L,Veterinary,Region,West,18402,441648.61,0.96
zoetis_vet_internal,2026-01,2026-Q1,Parasiticides,TickShield Plus,PAR-TICKSHIELD-S,Veterinary,Region,West,25145,603476.89,0.96
zoetis_vet_internal,2026-01,2026-Q1,Vaccines,Vanguard,VAC-VANGUARD-L,Veterinary,Region,West,54461,1198133.78,0.96
zoetis_vet_internal,2026-01,2026-Q1,Vaccines,Vanguard,VAC-VANGUARD-S,Veterinary,Region,West,79349,1745686.83,0.96
zoetis_vet_internal,2026-01,2026-Q1,Parasiticides,VectraGuard,PAR-VECTRAGUAR-L,Veterinary,Region,West,21958,570912.33,0.96
zoetis_vet_internal,2026-01,2026-Q1,Parasiticides,VectraGuard,PAR-VECTRAGUAR-S,Veterinary,Region,West,29574,768925.63,0.96
zoetis_vet_internal,2026-01,2026-Q1,Vaccines,VetGuard Immunize,VAC-VETGUARD-I-L,Veterinary,Region,West,35210,668983.37,0.96
zoetis_vet_internal,2026-01,2026-Q1,Vaccines,VetGuard Immunize,VAC-VETGUARD-I-S,Veterinary,Region,West,45937,872793.76,0.96
zoetis_vet_internal,2026-01,2026-Q1,Vaccines,VetSelect Core Vax,VAC-VETSELECT--L,Veterinary,Region,West,28023,392315.37,0.96
zoetis_vet_internal,2026-01,2026-Q1,Vaccines,VetSelect Core Vax,VAC-VETSELECT--S,Veterinary,Region,West,40017,560237.78,0.96
zoetis_vet_internal,2026-01,2026-Q1,Dermatology,VetSelect Derma,DRM-VETSELECT--L,Veterinary,Region,West,10126,384791.82,0.96
zoetis_vet_internal,2026-01,2026-Q1,Dermatology,VetSelect Derma,DRM-VETSELECT--S,Veterinary,Region,West,13632,518031.67,0.96
zoetis_vet_internal,2026-01,2026-Q1,Petcare Diagnostics,VetSelect Dx,DIA-VETSELECT--L,Veterinary,Region,West,24680,296164.98,0.96
zoetis_vet_internal,2026-01,2026-Q1,Petcare Diagnostics,VetSelect Dx,DIA-VETSELECT--S,Veterinary,Region,West,34141,409688.74,0.96
zoetis_vet_internal,2026-01,2026-Q1,Parasiticides,VetSelect Flea & Tick,PAR-VETSELECT--L,Veterinary,Region,West,14797,251543.62,0.96
zoetis_vet_internal,2026-01,2026-Q1,Parasiticides,VetSelect Flea & Tick,PAR-VETSELECT--S,Veterinary,Region,West,21118,359008.42,0.96
zoetis_vet_internal,2026-01,2026-Q1,Pain/Osteoarthritis,VetSelect Joint,PAN-VETSELECT--L,Veterinary,Region,West,15919,461638.93,0.96
zoetis_vet_internal,2026-01,2026-Q1,Pain/Osteoarthritis,VetSelect Joint,PAN-VETSELECT--S,Veterinary,Region,West,21336,618732.23,0.96
zoetis_vet_internal,2026-01,2026-Q1,Petcare Diagnostics,Vetscan,DIA-VETSCAN-L,Veterinary,Region,West,69739,1255298.63,0.96
zoetis_vet_internal,2026-01,2026-Q1,Petcare Diagnostics,Vetscan,DIA-VETSCAN-S,Veterinary,Region,West,94364,1698547.12,0.96
zoetis_vet_internal,2026-02,2026-Q1,Dermatology,AllerVet RX,DRM-ALLERVET-R-L,Veterinary,National,National,65746,3550257.16,0.96
zoetis_vet_internal,2026-02,2026-Q1,Dermatology,AllerVet RX,DRM-ALLERVET-R-S,Veterinary,National,National,90443,4883912.34,0.96
zoetis_vet_internal,2026-02,2026-Q1,Dermatology,Apoquel,DRM-APOQUEL-L,Veterinary,National,National,120521,7833852.42,0.96
zoetis_vet_internal,2026-02,2026-Q1,Dermatology,Apoquel,DRM-APOQUEL-S,Veterinary,National,National,164868,10716423.85,0.96
zoetis_vet_internal,2026-02,2026-Q1,Vaccines,BioShield Vax,VAC-BIOSHIELD--L,Veterinary,National,National,175858,3517166.25,0.96
zoetis_vet_internal,2026-02,2026-Q1,Vaccines,BioShield Vax,VAC-BIOSHIELD--S,Veterinary,National,National,240893,4817878.89,0.96
zoetis_vet_internal,2026-02,2026-Q1,Dermatology,DermaCalm,DRM-DERMACALM-L,Veterinary,National,National,73127,4241377.88,0.96
zoetis_vet_internal,2026-02,2026-Q1,Dermatology,DermaCalm,DRM-DERMACALM-S,Veterinary,National,National,101844,5906987.85,0.96
zoetis_vet_internal,2026-02,2026-Q1,Petcare Diagnostics,DiagnosTech Vet,DIA-DIAGNOSTEC-L,Veterinary,National,National,255857,4349582.78,0.96
zoetis_vet_internal,2026-02,2026-Q1,Petcare Diagnostics,DiagnosTech Vet,DIA-DIAGNOSTEC-S,Veterinary,National,National,351503,5975569.22,0.96
zoetis_vet_internal,2026-02,2026-Q1,Parasiticides,FleaStop Pro,PAR-FLEASTOP-P-L,Veterinary,National,National,79595,1671491.13,0.96
zoetis_vet_internal,2026-02,2026-Q1,Parasiticides,FleaStop Pro,PAR-FLEASTOP-P-S,Veterinary,National,National,109929,2308509.36,0.96
zoetis_vet_internal,2026-02,2026-Q1,Pain/Osteoarthritis,FlexiCare Joint,PAN-FLEXICARE--L,Veterinary,National,National,86004,3784218.86,0.96
zoetis_vet_internal,2026-02,2026-Q1,Pain/Osteoarthritis,FlexiCare Joint,PAN-FLEXICARE--S,Veterinary,National,National,118734,5224304.75,0.96
zoetis_vet_internal,2026-02,2026-Q1,Vaccines,ImmunoCore Canine,VAC-IMMUNOCORE-L,Veterinary,National,National,211422,4439879.27,0.96
zoetis_vet_internal,2026-02,2026-Q1,Vaccines,ImmunoCore Canine,VAC-IMMUNOCORE-S,Veterinary,National,National,295080,6196678.54,0.96
zoetis_vet_internal,2026-02,2026-Q1,Pain/Osteoarthritis,Librela,PAN-LIBRELA-L,Veterinary,National,National,96359,4625271.21,0.96
zoetis_vet_internal,2026-02,2026-Q1,Pain/Osteoarthritis,Librela,PAN-LIBRELA-S,Veterinary,National,National,132606,6365106.42,0.96
zoetis_vet_internal,2026-02,2026-Q1,Pain/Osteoarthritis,OsteoEase Vet,PAN-OSTEOEASE--L,Veterinary,National,National,76693,3144412.92,0.96
zoetis_vet_internal,2026-02,2026-Q1,Pain/Osteoarthritis,OsteoEase Vet,PAN-OSTEOEASE--S,Veterinary,National,National,106758,4377069.42,0.96
zoetis_vet_internal,2026-02,2026-Q1,Pain/Osteoarthritis,PainAway Canine,PAN-PAINAWAY-C-L,Veterinary,National,National,71080,2630008.1,0.96
zoetis_vet_internal,2026-02,2026-Q1,Pain/Osteoarthritis,PainAway Canine,PAN-PAINAWAY-C-S,Veterinary,National,National,99301,3674147.42,0.96
zoetis_vet_internal,2026-02,2026-Q1,Petcare Diagnostics,PetLab Analyzer,DIA-PETLAB-ANA-L,Veterinary,National,National,155964,2339450.84,0.96
zoetis_vet_internal,2026-02,2026-Q1,Petcare Diagnostics,PetLab Analyzer,DIA-PETLAB-ANA-S,Veterinary,National,National,214280,3214207.0,0.96
zoetis_vet_internal,2026-02,2026-Q1,Petcare Diagnostics,RapidVet Dx,DIA-RAPIDVET-D-L,Veterinary,National,National,228143,3650285.29,0.96
zoetis_vet_internal,2026-02,2026-Q1,Petcare Diagnostics,RapidVet Dx,DIA-RAPIDVET-D-S,Veterinary,National,National,314570,5033118.23,0.96
zoetis_vet_internal,2026-02,2026-Q1,Parasiticides,Simparica Trio,PAR-SIMPARICA--L,Veterinary,National,National,177661,4974492.63,0.96
zoetis_vet_internal,2026-02,2026-Q1,Parasiticides,Simparica Trio,PAR-SIMPARICA--S,Veterinary,National,National,248930,6970026.04,0.96
zoetis_vet_internal,2026-02,2026-Q1,Dermatology,SkinRelief Pro,DRM-SKINRELIEF-L,Veterinary,National,National,54806,2685503.8,0.96
zoetis_vet_internal,2026-02,2026-Q1,Dermatology,SkinRelief Pro,DRM-SKINRELIEF-S,Veterinary,National,National,76059,3726861.38,0.96
zoetis_vet_internal,2026-02,2026-Q1,Parasiticides,TickShield Plus,PAR-TICKSHIELD-L,Veterinary,National,National,90301,2167232.65,0.96
zoetis_vet_internal,2026-02,2026-Q1,Parasiticides,TickShield Plus,PAR-TICKSHIELD-S,Veterinary,National,National,123141,2955384.94,0.96
zoetis_vet_internal,2026-02,2026-Q1,Vaccines,Vanguard,VAC-VANGUARD-L,Veterinary,National,National,260563,5732414.02,0.96
zoetis_vet_internal,2026-02,2026-Q1,Vaccines,Vanguard,VAC-VANGUARD-S,Veterinary,National,National,356613,7845484.87,0.96
zoetis_vet_internal,2026-02,2026-Q1,Parasiticides,VectraGuard,PAR-VECTRAGUAR-L,Veterinary,National,National,119699,3112189.59,0.96
zoetis_vet_internal,2026-02,2026-Q1,Parasiticides,VectraGuard,PAR-VECTRAGUAR-S,Veterinary,National,National,164131,4267416.72,0.96
zoetis_vet_internal,2026-02,2026-Q1,Vaccines,VetGuard Immunize,VAC-VETGUARD-I-L,Veterinary,National,National,160428,3048127.32,0.96
zoetis_vet_internal,2026-02,2026-Q1,Vaccines,VetGuard Immunize,VAC-VETGUARD-I-S,Veterinary,National,National,222089,4219705.88,0.96
zoetis_vet_internal,2026-02,2026-Q1,Vaccines,VetSelect Core Vax,VAC-VETSELECT--L,Veterinary,National,National,129523,1813331.04,0.96
zoetis_vet_internal,2026-02,2026-Q1,Vaccines,VetSelect Core Vax,VAC-VETSELECT--S,Veterinary,National,National,180757,2530591.88,0.96
zoetis_vet_internal,2026-02,2026-Q1,Dermatology,VetSelect Derma,DRM-VETSELECT--L,Veterinary,National,National,46544,1768684.69,0.96
zoetis_vet_internal,2026-02,2026-Q1,Dermatology,VetSelect Derma,DRM-VETSELECT--S,Veterinary,National,National,61371,2332063.97,0.96
zoetis_vet_internal,2026-02,2026-Q1,Petcare Diagnostics,VetSelect Dx,DIA-VETSELECT--L,Veterinary,National,National,115815,1389772.93,0.96
zoetis_vet_internal,2026-02,2026-Q1,Petcare Diagnostics,VetSelect Dx,DIA-VETSELECT--S,Veterinary,National,National,163075,1956895.3,0.96
zoetis_vet_internal,2026-02,2026-Q1,Parasiticides,VetSelect Flea & Tick,PAR-VETSELECT--L,Veterinary,National,National,76226,1295848.67,0.96
zoetis_vet_internal,2026-02,2026-Q1,Parasiticides,VetSelect Flea & Tick,PAR-VETSELECT--S,Veterinary,National,National,105165,1787812.43,0.96
zoetis_vet_internal,2026-02,2026-Q1,Pain/Osteoarthritis,VetSelect Joint,PAN-VETSELECT--L,Veterinary,National,National,65514,1899904.31,0.96
zoetis_vet_internal,2026-02,2026-Q1,Pain/Osteoarthritis,VetSelect Joint,PAN-VETSELECT--S,Veterinary,National,National,90125,2613619.43,0.96
zoetis_vet_internal,2026-02,2026-Q1,Petcare Diagnostics,Vetscan,DIA-VETSCAN-L,Veterinary,National,National,303869,5469649.61,0.96
zoetis_vet_internal,2026-02,2026-Q1,Petcare Diagnostics,Vetscan,DIA-VETSCAN-S,Veterinary,National,National,420266,7564780.86,0.96
zoetis_vet_internal,2026-02,2026-Q1,Dermatology,AllerVet RX,DRM-ALLERVET-R-L,Veterinary,Region,Midwest,13580,733307.27,0.96
zoetis_vet_internal,2026-02,2026-Q1,Dermatology,AllerVet RX,DRM-ALLERVET-R-S,Veterinary,Region,Midwest,19301,1042262.81,0.96
zoetis_vet_internal,2026-02,2026-Q1,Dermatology,Apoquel,DRM-APOQUEL-L,Veterinary,Region,Midwest,24444,1588873.65,0.96
zoetis_vet_internal,2026-02,2026-Q1,Dermatology,Apoquel,DRM-APOQUEL-S,Veterinary,Region,Midwest,33444,2173871.69,0.96
zoetis_vet_internal,2026-02,2026-Q1,Vaccines,BioShield Vax,VAC-BIOSHIELD--L,Veterinary,Region,Midwest,36125,722495.78,0.96
zoetis_vet_internal,2026-02,2026-Q1,Vaccines,BioShield Vax,VAC-BIOSHIELD--S,Veterinary,Region,Midwest,48359,967187.26,0.96
zoetis_vet_internal,2026-02,2026-Q1,Dermatology,DermaCalm,DRM-DERMACALM-L,Veterinary,Region,Midwest,15743,913119.17,0.96
zoetis_vet_internal,2026-02,2026-Q1,Dermatology,DermaCalm,DRM-DERMACALM-S,Veterinary,Region,Midwest,22093,1281386.78,0.96
zoetis_vet_internal,2026-02,2026-Q1,Petcare Diagnostics,DiagnosTech Vet,DIA-DIAGNOSTEC-L,Veterinary,Region,Midwest,52536,893107.29,0.96
zoetis_vet_internal,2026-02,2026-Q1,Petcare Diagnostics,DiagnosTech Vet,DIA-DIAGNOSTEC-S,Veterinary,Region,Midwest,73066,1242123.24,0.96
zoetis_vet_internal,2026-02,2026-Q1,Parasiticides,FleaStop Pro,PAR-FLEASTOP-P-L,Veterinary,Region,Midwest,15996,335916.58,0.96
zoetis_vet_internal,2026-02,2026-Q1,Parasiticides,FleaStop Pro,PAR-FLEASTOP-P-S,Veterinary,Region,Midwest,23264,488549.69,0.96
zoetis_vet_internal,2026-02,2026-Q1,Pain/Osteoarthritis,FlexiCare Joint,PAN-FLEXICARE--L,Veterinary,Region,Midwest,17993,791706.09,0.96
zoetis_vet_internal,2026-02,2026-Q1,Pain/Osteoarthritis,FlexiCare Joint,PAN-FLEXICARE--S,Veterinary,Region,Midwest,25384,1116901.34,0.96
zoetis_vet_internal,2026-02,2026-Q1,Vaccines,ImmunoCore Canine,VAC-IMMUNOCORE-L,Veterinary,Region,Midwest,44692,938537.96,0.96
zoetis_vet_internal,2026-02,2026-Q1,Vaccines,ImmunoCore Canine,VAC-IMMUNOCORE-S,Veterinary,Region,Midwest,61904,1299974.65,0.96
zoetis_vet_internal,2026-02,2026-Q1,Pain/Osteoarthritis,Librela,PAN-LIBRELA-L,Veterinary,Region,Midwest,20534,985655.29,0.96
zoetis_vet_internal,2026-02,2026-Q1,Pain/Osteoarthritis,Librela,PAN-LIBRELA-S,Veterinary,Region,Midwest,28777,1381299.28,0.96
zoetis_vet_internal,2026-02,2026-Q1,Pain/Osteoarthritis,OsteoEase Vet,PAN-OSTEOEASE--L,Veterinary,Region,Midwest,16412,672883.47,0.96
zoetis_vet_internal,2026-02,2026-Q1,Pain/Osteoarthritis,OsteoEase Vet,PAN-OSTEOEASE--S,Veterinary,Region,Midwest,22244,912014.47,0.96
zoetis_vet_internal,2026-02,2026-Q1,Pain/Osteoarthritis,PainAway Canine,PAN-PAINAWAY-C-L,Veterinary,Region,Midwest,14942,552870.09,0.96
zoetis_vet_internal,2026-02,2026-Q1,Pain/Osteoarthritis,PainAway Canine,PAN-PAINAWAY-C-S,Veterinary,Region,Midwest,20319,751797.12,0.96
zoetis_vet_internal,2026-02,2026-Q1,Petcare Diagnostics,PetLab Analyzer,DIA-PETLAB-ANA-L,Veterinary,Region,Midwest,31296,469444.44,0.96
zoetis_vet_internal,2026-02,2026-Q1,Petcare Diagnostics,PetLab Analyzer,DIA-PETLAB-ANA-S,Veterinary,Region,Midwest,44028,660421.19,0.96
zoetis_vet_internal,2026-02,2026-Q1,Petcare Diagnostics,RapidVet Dx,DIA-RAPIDVET-D-L,Veterinary,Region,Midwest,47727,763627.55,0.96
zoetis_vet_internal,2026-02,2026-Q1,Petcare Diagnostics,RapidVet Dx,DIA-RAPIDVET-D-S,Veterinary,Region,Midwest,68313,1093012.09,0.96
zoetis_vet_internal,2026-02,2026-Q1,Parasiticides,Simparica Trio,PAR-SIMPARICA--L,Veterinary,Region,Midwest,37774,1057668.23,0.96
zoetis_vet_internal,2026-02,2026-Q1,Parasiticides,Simparica Trio,PAR-SIMPARICA--S,Veterinary,Region,Midwest,53276,1491727.38,0.96
zoetis_vet_internal,2026-02,2026-Q1,Dermatology,SkinRelief Pro,DRM-SKINRELIEF-L,Veterinary,Region,Midwest,11505,563763.68,0.96
zoetis_vet_internal,2026-02,2026-Q1,Dermatology,SkinRelief Pro,DRM-SKINRELIEF-S,Veterinary,Region,Midwest,15851,776681.38,0.96
zoetis_vet_internal,2026-02,2026-Q1,Parasiticides,TickShield Plus,PAR-TICKSHIELD-L,Veterinary,Region,Midwest,20299,487183.12,0.96
zoetis_vet_internal,2026-02,2026-Q1,Parasiticides,TickShield Plus,PAR-TICKSHIELD-S,Veterinary,Region,Midwest,27559,661404.98,0.96
zoetis_vet_internal,2026-02,2026-Q1,Vaccines,Vanguard,VAC-VANGUARD-L,Veterinary,Region,Midwest,54723,1203916.84,0.96
zoetis_vet_internal,2026-02,2026-Q1,Vaccines,Vanguard,VAC-VANGUARD-S,Veterinary,Region,Midwest,72957,1605062.3,0.96
zoetis_vet_internal,2026-02,2026-Q1,Parasiticides,VectraGuard,PAR-VECTRAGUAR-L,Veterinary,Region,Midwest,25452,661758.4,0.96
zoetis_vet_internal,2026-02,2026-Q1,Parasiticides,VectraGuard,PAR-VECTRAGUAR-S,Veterinary,Region,Midwest,35377,919802.59,0.96
zoetis_vet_internal,2026-02,2026-Q1,Vaccines,VetGuard Immunize,VAC-VETGUARD-I-L,Veterinary,Region,Midwest,32329,614241.53,0.96
zoetis_vet_internal,2026-02,2026-Q1,Vaccines,VetGuard Immunize,VAC-VETGUARD-I-S,Veterinary,Region,Midwest,45397,862542.92,0.96
zoetis_vet_internal,2026-02,2026-Q1,Vaccines,VetSelect Core Vax,VAC-VETSELECT--L,Veterinary,Region,Midwest,30068,420954.34,0.96
zoetis_vet_internal,2026-02,2026-Q1,Vaccines,VetSelect Core Vax,VAC-VETSELECT--S,Veterinary,Region,Midwest,39757,556595.12,0.96
zoetis_vet_internal,2026-02,2026-Q1,Dermatology,VetSelect Derma,DRM-VETSELECT--L,Veterinary,Region,Midwest,9852,374377.21,0.96
zoetis_vet_internal,2026-02,2026-Q1,Dermatology,VetSelect Derma,DRM-VETSELECT--S,Veterinary,Region,Midwest,13438,510626.15,0.96
zoetis_vet_internal,2026-02,2026-Q1,Petcare Diagnostics,VetSelect Dx,DIA-VETSELECT--L,Veterinary,Region,Midwest,24374,292489.88,0.96
zoetis_vet_internal,2026-02,2026-Q1,Petcare Diagnostics,VetSelect Dx,DIA-VETSELECT--S,Veterinary,Region,Midwest,34321,411849.62,0.96
zoetis_vet_internal,2026-02,2026-Q1,Parasiticides,VetSelect Flea & Tick,PAR-VETSELECT--L,Veterinary,Region,Midwest,1007,17126.22,0.96
zoetis_vet_internal,2026-02,2026-Q1,Parasiticides,VetSelect Flea & Tick,PAR-VETSELECT--S,Veterinary,Region,Midwest,1380,23466.96,0.96
zoetis_vet_internal,2026-02,2026-Q1,Pain/Osteoarthritis,VetSelect Joint,PAN-VETSELECT--L,Veterinary,Region,Midwest,13300,385697.85,0.96
zoetis_vet_internal,2026-02,2026-Q1,Pain/Osteoarthritis,VetSelect Joint,PAN-VETSELECT--S,Veterinary,Region,Midwest,18267,529740.54,0.96
zoetis_vet_internal,2026-02,2026-Q1,Petcare Diagnostics,Vetscan,DIA-VETSCAN-L,Veterinary,Region,Midwest,65597,1180751.49,0.96
zoetis_vet_internal,2026-02,2026-Q1,Petcare Diagnostics,Vetscan,DIA-VETSCAN-S,Veterinary,Region,Midwest,83631,1505360.85,0.96
zoetis_vet_internal,2026-02,2026-Q1,Dermatology,AllerVet RX,DRM-ALLERVET-R-L,Veterinary,Region,Northeast,14116,762262.46,0.96
zoetis_vet_internal,2026-02,2026-Q1,Dermatology,AllerVet RX,DRM-ALLERVET-R-S,Veterinary,Region,Northeast,19034,1027824.38,0.96
zoetis_vet_internal,2026-02,2026-Q1,Dermatology,Apoquel,DRM-APOQUEL-L,Veterinary,Region,Northeast,25131,1633500.75,0.96
zoetis_vet_internal,2026-02,2026-Q1,Dermatology,Apoquel,DRM-APOQUEL-S,Veterinary,Region,Northeast,35483,2306367.15,0.96
zoetis_vet_internal,2026-02,2026-Q1,Vaccines,BioShield Vax,VAC-BIOSHIELD--L,Veterinary,Region,Northeast,38424,768489.24,0.96
zoetis_vet_internal,2026-02,2026-Q1,Vaccines,BioShield Vax,VAC-BIOSHIELD--S,Veterinary,Region,Northeast,53193,1063853.93,0.96
zoetis_vet_internal,2026-02,2026-Q1,Dermatology,DermaCalm,DRM-DERMACALM-L,Veterinary,Region,Northeast,15871,920508.68,0.96
zoetis_vet_internal,2026-02,2026-Q1,Dermatology,DermaCalm,DRM-DERMACALM-S,Veterinary,Region,Northeast,21975,1274572.97,0.96
zoetis_vet_internal,2026-02,2026-Q1,Petcare Diagnostics,DiagnosTech Vet,DIA-DIAGNOSTEC-L,Veterinary,Region,Northeast,56619,962530.8,0.96
zoetis_vet_internal,2026-02,2026-Q1,Petcare Diagnostics,DiagnosTech Vet,DIA-DIAGNOSTEC-S,Veterinary,Region,Northeast,77004,1309072.36,0.96
zoetis_vet_internal,2026-02,2026-Q1,Parasiticides,FleaStop Pro,PAR-FLEASTOP-P-L,Veterinary,Region,Northeast,17131,359754.74,0.96
zoetis_vet_internal,2026-02,2026-Q1,Parasiticides,FleaStop Pro,PAR-FLEASTOP-P-S,Veterinary,Region,Northeast,23762,498997.48,0.96
zoetis_vet_internal,2026-02,2026-Q1,Pain/Osteoarthritis,FlexiCare Joint,PAN-FLEXICARE--L,Veterinary,Region,Northeast,19201,844838.77,0.96
zoetis_vet_internal,2026-02,2026-Q1,Pain/Osteoarthritis,FlexiCare Joint,PAN-FLEXICARE--S,Veterinary,Region,Northeast,25889,1139123.14,0.96
zoetis_vet_internal,2026-02,2026-Q1,Vaccines,ImmunoCore Canine,VAC-IMMUNOCORE-L,Veterinary,Region,Northeast,44593,936448.7,0.96
zoetis_vet_internal,2026-02,2026-Q1,Vaccines,ImmunoCore Canine,VAC-IMMUNOCORE-S,Veterinary,Region,Northeast,62201,1306223.13,0.96
zoetis_vet_internal,2026-02,2026-Q1,Pain/Osteoarthritis,Librela,PAN-LIBRELA-L,Veterinary,Region,Northeast,20362,977379.17,0.96
zoetis_vet_internal,2026-02,2026-Q1,Pain/Osteoarthritis,Librela,PAN-LIBRELA-S,Veterinary,Region,Northeast,28592,1372404.1,0.96
zoetis_vet_internal,2026-02,2026-Q1,Pain/Osteoarthritis,OsteoEase Vet,PAN-OSTEOEASE--L,Veterinary,Region,Northeast,17191,704834.66,0.96
zoetis_vet_internal,2026-02,2026-Q1,Pain/Osteoarthritis,OsteoEase Vet,PAN-OSTEOEASE--S,Veterinary,Region,Northeast,24702,1012776.37,0.96
zoetis_vet_internal,2026-02,2026-Q1,Pain/Osteoarthritis,PainAway Canine,PAN-PAINAWAY-C-L,Veterinary,Region,Northeast,15659,579395.91,0.96
zoetis_vet_internal,2026-02,2026-Q1,Pain/Osteoarthritis,PainAway Canine,PAN-PAINAWAY-C-S,Veterinary,Region,Northeast,22213,821896.87,0.96
zoetis_vet_internal,2026-02,2026-Q1,Petcare Diagnostics,PetLab Analyzer,DIA-PETLAB-ANA-L,Veterinary,Region,Northeast,33561,503414.38,0.96
zoetis_vet_internal,2026-02,2026-Q1,Petcare Diagnostics,PetLab Analyzer,DIA-PETLAB-ANA-S,Veterinary,Region,Northeast,47511,712664.65,0.96
zoetis_vet_internal,2026-02,2026-Q1,Petcare Diagnostics,RapidVet Dx,DIA-RAPIDVET-D-L,Veterinary,Region,Northeast,49986,799769.18,0.96
zoetis_vet_internal,2026-02,2026-Q1,Petcare Diagnostics,RapidVet Dx,DIA-RAPIDVET-D-S,Veterinary,Region,Northeast,71489,1143818.77,0.96
zoetis_vet_internal,2026-02,2026-Q1,Parasiticides,Simparica Trio,PAR-SIMPARICA--L,Veterinary,Region,Northeast,37874,1060468.89,0.96
zoetis_vet_internal,2026-02,2026-Q1,Parasiticides,Simparica Trio,PAR-SIMPARICA--S,Veterinary,Region,Northeast,52087,1458444.69,0.96
zoetis_vet_internal,2026-02,2026-Q1,Dermatology,SkinRelief Pro,DRM-SKINRELIEF-L,Veterinary,Region,Northeast,12605,617652.39,0.96
zoetis_vet_internal,2026-02,2026-Q1,Dermatology,SkinRelief Pro,DRM-SKINRELIEF-S,Veterinary,Region,Northeast,17464,855720.41,0.96
zoetis_vet_internal,2026-02,2026-Q1,Parasiticides,TickShield Plus,PAR-TICKSHIELD-L,Veterinary,Region,Northeast,19631,471142.38,0.96
zoetis_vet_internal,2026-02,2026-Q1,Parasiticides,TickShield Plus,PAR-TICKSHIELD-S,Veterinary,Region,Northeast,26916,645993.24,0.96
zoetis_vet_internal,2026-02,2026-Q1,Vaccines,Vanguard,VAC-VANGUARD-L,Veterinary,Region,Northeast,57829,1272243.42,0.96
zoetis_vet_internal,2026-02,2026-Q1,Vaccines,Vanguard,VAC-VANGUARD-S,Veterinary,Region,Northeast,80496,1770913.88,0.96
zoetis_vet_internal,2026-02,2026-Q1,Parasiticides,VectraGuard,PAR-VECTRAGUAR-L,Veterinary,Region,Northeast,26038,676992.93,0.96
zoetis_vet_internal,2026-02,2026-Q1,Parasiticides,VectraGuard,PAR-VECTRAGUAR-S,Veterinary,Region,Northeast,35625,926247.56,0.96
zoetis_vet_internal,2026-02,2026-Q1,Vaccines,VetGuard Immunize,VAC-VETGUARD-I-L,Veterinary,Region,Northeast,36294,689591.91,0.96
zoetis_vet_internal,2026-02,2026-Q1,Vaccines,VetGuard Immunize,VAC-VETGUARD-I-S,Veterinary,Region,Northeast,50434,958247.5,0.96
zoetis_vet_internal,2026-02,2026-Q1,Vaccines,VetSelect Core Vax,VAC-VETSELECT--L,Veterinary,Region,Northeast,30186,422609.17,0.96
zoetis_vet_internal,2026-02,2026-Q1,Vaccines,VetSelect Core Vax,VAC-VETSELECT--S,Veterinary,Region,Northeast,43984,615774.91,0.96
zoetis_vet_internal,2026-02,2026-Q1,Dermatology,VetSelect Derma,DRM-VETSELECT--L,Veterinary,Region,Northeast,10300,391382.67,0.96
zoetis_vet_internal,2026-02,2026-Q1,Dermatology,VetSelect Derma,DRM-VETSELECT--S,Veterinary,Region,Northeast,13663,519193.74,0.96
zoetis_vet_internal,2026-02,2026-Q1,Petcare Diagnostics,VetSelect Dx,DIA-VETSELECT--L,Veterinary,Region,Northeast,25608,307291.1,0.96
zoetis_vet_internal,2026-02,2026-Q1,Petcare Diagnostics,VetSelect Dx,DIA-VETSELECT--S,Veterinary,Region,Northeast,35569,426825.23,0.96
zoetis_vet_internal,2026-02,2026-Q1,Parasiticides,VetSelect Flea & Tick,PAR-VETSELECT--L,Veterinary,Region,Northeast,15976,271596.06,0.96
zoetis_vet_internal,2026-02,2026-Q1,Parasiticides,VetSelect Flea & Tick,PAR-VETSELECT--S,Veterinary,Region,Northeast,22088,375489.35,0.96
zoetis_vet_internal,2026-02,2026-Q1,Pain/Osteoarthritis,VetSelect Joint,PAN-VETSELECT--L,Veterinary,Region,Northeast,14867,431130.37,0.96
zoetis_vet_internal,2026-02,2026-Q1,Pain/Osteoarthritis,VetSelect Joint,PAN-VETSELECT--S,Veterinary,Region,Northeast,19746,572631.41,0.96
zoetis_vet_internal,2026-02,2026-Q1,Petcare Diagnostics,Vetscan,DIA-VETSCAN-L,Veterinary,Region,Northeast,67971,1223478.69,0.96
zoetis_vet_internal,2026-02,2026-Q1,Petcare Diagnostics,Vetscan,DIA-VETSCAN-S,Veterinary,Region,Northeast,99103,1783848.57,0.96
zoetis_vet_internal,2026-02,2026-Q1,Dermatology,AllerVet RX,DRM-ALLERVET-R-L,Veterinary,Region,South,22673,1224328.06,0.96
zoetis_vet_internal,2026-02,2026-Q1,Dermatology,AllerVet RX,DRM-ALLERVET-R-S,Veterinary,Region,South,31385,1694797.29,0.96
zoetis_vet_internal,2026-02,2026-Q1,Dermatology,Apoquel,DRM-APOQUEL-L,Veterinary,Region,South,43064,2799138.03,0.96
zoetis_vet_internal,2026-02,2026-Q1,Dermatology,Apoquel,DRM-APOQUEL-S,Veterinary,Region,South,57822,3758462.34,0.96
zoetis_vet_internal,2026-02,2026-Q1,Vaccines,BioShield Vax,VAC-BIOSHIELD--L,Veterinary,Region,South,60570,1211409.19,0.96
zoetis_vet_internal,2026-02,2026-Q1,Vaccines,BioShield Vax,VAC-BIOSHIELD--S,Veterinary,Region,South,84179,1683589.39,0.96
zoetis_vet_internal,2026-02,2026-Q1,Dermatology,DermaCalm,DRM-DERMACALM-L,Veterinary,Region,South,24820,1439553.56,0.96
zoetis_vet_internal,2026-02,2026-Q1,Dermatology,DermaCalm,DRM-DERMACALM-S,Veterinary,Region,South,33692,1954133.17,0.96
zoetis_vet_internal,2026-02,2026-Q1,Petcare Diagnostics,DiagnosTech Vet,DIA-DIAGNOSTEC-L,Veterinary,Region,South,86508,1470644.23,0.96
zoetis_vet_internal,2026-02,2026-Q1,Petcare Diagnostics,DiagnosTech Vet,DIA-DIAGNOSTEC-S,Veterinary,Region,South,119771,2036114.9,0.96
zoetis_vet_internal,2026-02,2026-Q1,Parasiticides,FleaStop Pro,PAR-FLEASTOP-P-L,Veterinary,Region,South,27916,586229.29,0.96
zoetis_vet_internal,2026-02,2026-Q1,Parasiticides,FleaStop Pro,PAR-FLEASTOP-P-S,Veterinary,Region,South,37541,788356.37,0.96
zoetis_vet_internal,2026-02,2026-Q1,Pain/Osteoarthritis,FlexiCare Joint,PAN-FLEXICARE--L,Veterinary,Region,South,29495,1297797.91,0.96
zoetis_vet_internal,2026-02,2026-Q1,Pain/Osteoarthritis,FlexiCare Joint,PAN-FLEXICARE--S,Veterinary,Region,South,40700,1790806.28,0.96
zoetis_vet_internal,2026-02,2026-Q1,Vaccines,ImmunoCore Canine,VAC-IMMUNOCORE-L,Veterinary,Region,South,72943,1531809.05,0.96
zoetis_vet_internal,2026-02,2026-Q1,Vaccines,ImmunoCore Canine,VAC-IMMUNOCORE-S,Veterinary,Region,South,102372,2149822.05,0.96
zoetis_vet_internal,2026-02,2026-Q1,Pain/Osteoarthritis,Librela,PAN-LIBRELA-L,Veterinary,Region,South,32593,1564483.64,0.96
zoetis_vet_internal,2026-02,2026-Q1,Pain/Osteoarthritis,Librela,PAN-LIBRELA-S,Veterinary,Region,South,43853,2104953.16,0.96
zoetis_vet_internal,2026-02,2026-Q1,Pain/Osteoarthritis,OsteoEase Vet,PAN-OSTEOEASE--L,Veterinary,Region,South,25161,1031618.02,0.96
zoetis_vet_internal,2026-02,2026-Q1,Pain/Osteoarthritis,OsteoEase Vet,PAN-OSTEOEASE--S,Veterinary,Region,South,35120,1439921.95,0.96
zoetis_vet_internal,2026-02,2026-Q1,Pain/Osteoarthritis,PainAway Canine,PAN-PAINAWAY-C-L,Veterinary,Region,South,23763,879247.3,0.96
zoetis_vet_internal,2026-02,2026-Q1,Pain/Osteoarthritis,PainAway Canine,PAN-PAINAWAY-C-S,Veterinary,Region,South,33397,1235695.73,0.96
zoetis_vet_internal,2026-02,2026-Q1,Petcare Diagnostics,PetLab Analyzer,DIA-PETLAB-ANA-L,Veterinary,Region,South,53728,805913.53,0.96
zoetis_vet_internal,2026-02,2026-Q1,Petcare Diagnostics,PetLab Analyzer,DIA-PETLAB-ANA-S,Veterinary,Region,South,71551,1073268.1,0.96
zoetis_vet_internal,2026-02,2026-Q1,Petcare Diagnostics,RapidVet Dx,DIA-RAPIDVET-D-L,Veterinary,Region,South,77086,1233383.2,0.96
zoetis_vet_internal,2026-02,2026-Q1,Petcare Diagnostics,RapidVet Dx,DIA-RAPIDVET-D-S,Veterinary,Region,South,103167,1650666.71,0.96
zoetis_vet_internal,2026-02,2026-Q1,Parasiticides,Simparica Trio,PAR-SIMPARICA--L,Veterinary,Region,South,58428,1635981.74,0.96
zoetis_vet_internal,2026-02,2026-Q1,Parasiticides,Simparica Trio,PAR-SIMPARICA--S,Veterinary,Region,South,83256,2331159.07,0.96
zoetis_vet_internal,2026-02,2026-Q1,Dermatology,SkinRelief Pro,DRM-SKINRELIEF-L,Veterinary,Region,South,18174,890512.93,0.96
zoetis_vet_internal,2026-02,2026-Q1,Dermatology,SkinRelief Pro,DRM-SKINRELIEF-S,Veterinary,Region,South,25670,1257823.47,0.96
zoetis_vet_internal,2026-02,2026-Q1,Parasiticides,TickShield Plus,PAR-TICKSHIELD-L,Veterinary,Region,South,29655,711727.95,0.96
zoetis_vet_internal,2026-02,2026-Q1,Parasiticides,TickShield Plus,PAR-TICKSHIELD-S,Veterinary,Region,South,40635,975238.09,0.96
zoetis_vet_internal,2026-02,2026-Q1,Vaccines,Vanguard,VAC-VANGUARD-L,Veterinary,Region,South,89764,1974818.28,0.96
zoetis_vet_internal,2026-02,2026-Q1,Vaccines,Vanguard,VAC-VANGUARD-S,Veterinary,Region,South,121502,2673043.08,0.96
zoetis_vet_internal,2026-02,2026-Q1,Parasiticides,VectraGuard,PAR-VECTRAGUAR-L,Veterinary,Region,South,42055,1093430.32,0.96
zoetis_vet_internal,2026-02,2026-Q1,Parasiticides,VectraGuard,PAR-VECTRAGUAR-S,Veterinary,Region,South,58045,1509170.02,0.96
zoetis_vet_internal,2026-02,2026-Q1,Vaccines,VetGuard Immunize,VAC-VETGUARD-I-L,Veterinary,Region,South,54722,1039725.21,0.96
zoetis_vet_internal,2026-02,2026-Q1,Vaccines,VetGuard Immunize,VAC-VETGUARD-I-S,Veterinary,Region,South,77017,1463327.0,0.96
zoetis_vet_internal,2026-02,2026-Q1,Vaccines,VetSelect Core Vax,VAC-VETSELECT--L,Veterinary,Region,South,39957,559394.6,0.96
zoetis_vet_internal,2026-02,2026-Q1,Vaccines,VetSelect Core Vax,VAC-VETSELECT--S,Veterinary,Region,South,56986,797799.71,0.96
zoetis_vet_internal,2026-02,2026-Q1,Dermatology,VetSelect Derma,DRM-VETSELECT--L,Veterinary,Region,South,15942,605813.06,0.96
zoetis_vet_internal,2026-02,2026-Q1,Dermatology,VetSelect Derma,DRM-VETSELECT--S,Veterinary,Region,South,20111,764217.63,0.96
zoetis_vet_internal,2026-02,2026-Q1,Petcare Diagnostics,VetSelect Dx,DIA-VETSELECT--L,Veterinary,Region,South,38935,467219.71,0.96
zoetis_vet_internal,2026-02,2026-Q1,Petcare Diagnostics,VetSelect Dx,DIA-VETSELECT--S,Veterinary,Region,South,55329,663948.16,0.96
zoetis_vet_internal,2026-02,2026-Q1,Parasiticides,VetSelect Flea & Tick,PAR-VETSELECT--L,Veterinary,Region,South,26941,458001.2,0.96
zoetis_vet_internal,2026-02,2026-Q1,Parasiticides,VetSelect Flea & Tick,PAR-VETSELECT--S,Veterinary,Region,South,37689,640713.56,0.96
zoetis_vet_internal,2026-02,2026-Q1,Pain/Osteoarthritis,VetSelect Joint,PAN-VETSELECT--L,Veterinary,Region,South,22251,645285.31,0.96
zoetis_vet_internal,2026-02,2026-Q1,Pain/Osteoarthritis,VetSelect Joint,PAN-VETSELECT--S,Veterinary,Region,South,31142,903113.57,0.96
zoetis_vet_internal,2026-02,2026-Q1,Petcare Diagnostics,Vetscan,DIA-VETSCAN-L,Veterinary,Region,South,101725,1831047.22,0.96
zoetis_vet_internal,2026-02,2026-Q1,Petcare Diagnostics,Vetscan,DIA-VETSCAN-S,Veterinary,Region,South,142588,2566579.78,0.96
zoetis_vet_internal,2026-02,2026-Q1,Dermatology,AllerVet RX,DRM-ALLERVET-R-L,Veterinary,Region,West,15377,830359.37,0.96
zoetis_vet_internal,2026-02,2026-Q1,Dermatology,AllerVet RX,DRM-ALLERVET-R-S,Veterinary,Region,West,20723,1119027.86,0.96
zoetis_vet_internal,2026-02,2026-Q1,Dermatology,Apoquel,DRM-APOQUEL-L,Veterinary,Region,West,27882,1812339.99,0.96
zoetis_vet_internal,2026-02,2026-Q1,Dermatology,Apoquel,DRM-APOQUEL-S,Veterinary,Region,West,38119,2477722.67,0.96
zoetis_vet_internal,2026-02,2026-Q1,Vaccines,BioShield Vax,VAC-BIOSHIELD--L,Veterinary,Region,West,40739,814772.04,0.96
zoetis_vet_internal,2026-02,2026-Q1,Vaccines,BioShield Vax,VAC-BIOSHIELD--S,Veterinary,Region,West,55162,1103248.31,0.96
zoetis_vet_internal,2026-02,2026-Q1,Dermatology,DermaCalm,DRM-DERMACALM-L,Veterinary,Region,West,16693,968196.47,0.96
zoetis_vet_internal,2026-02,2026-Q1,Dermatology,DermaCalm,DRM-DERMACALM-S,Veterinary,Region,West,24084,1396894.93,0.96
zoetis_vet_internal,2026-02,2026-Q1,Petcare Diagnostics,DiagnosTech Vet,DIA-DIAGNOSTEC-L,Veterinary,Region,West,60194,1023300.46,0.96
zoetis_vet_internal,2026-02,2026-Q1,Petcare Diagnostics,DiagnosTech Vet,DIA-DIAGNOSTEC-S,Veterinary,Region,West,81662,1388258.72,0.96
zoetis_vet_internal,2026-02,2026-Q1,Parasiticides,FleaStop Pro,PAR-FLEASTOP-P-L,Veterinary,Region,West,18552,389590.52,0.96
zoetis_vet_internal,2026-02,2026-Q1,Parasiticides,FleaStop Pro,PAR-FLEASTOP-P-S,Veterinary,Region,West,25362,532605.82,0.96
zoetis_vet_internal,2026-02,2026-Q1,Pain/Osteoarthritis,FlexiCare Joint,PAN-FLEXICARE--L,Veterinary,Region,West,19315,849876.09,0.96
zoetis_vet_internal,2026-02,2026-Q1,Pain/Osteoarthritis,FlexiCare Joint,PAN-FLEXICARE--S,Veterinary,Region,West,26761,1177473.99,0.96
zoetis_vet_internal,2026-02,2026-Q1,Vaccines,ImmunoCore Canine,VAC-IMMUNOCORE-L,Veterinary,Region,West,49194,1033083.56,0.96
zoetis_vet_internal,2026-02,2026-Q1,Vaccines,ImmunoCore Canine,VAC-IMMUNOCORE-S,Veterinary,Region,West,68603,1440658.71,0.96
zoetis_vet_internal,2026-02,2026-Q1,Pain/Osteoarthritis,Librela,PAN-LIBRELA-L,Veterinary,Region,West,22870,1097753.11,0.96
zoetis_vet_internal,2026-02,2026-Q1,Pain/Osteoarthritis,Librela,PAN-LIBRELA-S,Veterinary,Region,West,31384,1506449.88,0.96
zoetis_vet_internal,2026-02,2026-Q1,Pain/Osteoarthritis,OsteoEase Vet,PAN-OSTEOEASE--L,Veterinary,Region,West,17929,735076.77,0.96
zoetis_vet_internal,2026-02,2026-Q1,Pain/Osteoarthritis,OsteoEase Vet,PAN-OSTEOEASE--S,Veterinary,Region,West,24692,1012356.63,0.96
zoetis_vet_internal,2026-02,2026-Q1,Pain/Osteoarthritis,PainAway Canine,PAN-PAINAWAY-C-L,Veterinary,Region,West,16716,618494.8,0.96
zoetis_vet_internal,2026-02,2026-Q1,Pain/Osteoarthritis,PainAway Canine,PAN-PAINAWAY-C-S,Veterinary,Region,West,23372,864757.7,0.96
zoetis_vet_internal,2026-02,2026-Q1,Petcare Diagnostics,PetLab Analyzer,DIA-PETLAB-ANA-L,Veterinary,Region,West,37379,560678.49,0.96
zoetis_vet_internal,2026-02,2026-Q1,Petcare Diagnostics,PetLab Analyzer,DIA-PETLAB-ANA-S,Veterinary,Region,West,51190,767853.06,0.96
zoetis_vet_internal,2026-02,2026-Q1,Petcare Diagnostics,RapidVet Dx,DIA-RAPIDVET-D-L,Veterinary,Region,West,53344,853505.36,0.96
zoetis_vet_internal,2026-02,2026-Q1,Petcare Diagnostics,RapidVet Dx,DIA-RAPIDVET-D-S,Veterinary,Region,West,71601,1145620.66,0.96
zoetis_vet_internal,2026-02,2026-Q1,Parasiticides,Simparica Trio,PAR-SIMPARICA--L,Veterinary,Region,West,43585,1220373.77,0.96
zoetis_vet_internal,2026-02,2026-Q1,Parasiticides,Simparica Trio,PAR-SIMPARICA--S,Veterinary,Region,West,60311,1688694.9,0.96
zoetis_vet_internal,2026-02,2026-Q1,Dermatology,SkinRelief Pro,DRM-SKINRELIEF-L,Veterinary,Region,West,12522,613574.8,0.96
zoetis_vet_internal,2026-02,2026-Q1,Dermatology,SkinRelief Pro,DRM-SKINRELIEF-S,Veterinary,Region,West,17074,836636.12,0.96
zoetis_vet_internal,2026-02,2026-Q1,Parasiticides,TickShield Plus,PAR-TICKSHIELD-L,Veterinary,Region,West,20716,497179.2,0.96
zoetis_vet_internal,2026-02,2026-Q1,Parasiticides,TickShield Plus,PAR-TICKSHIELD-S,Veterinary,Region,West,28031,672748.63,0.96
zoetis_vet_internal,2026-02,2026-Q1,Vaccines,Vanguard,VAC-VANGUARD-L,Veterinary,Region,West,58247,1281435.48,0.96
zoetis_vet_internal,2026-02,2026-Q1,Vaccines,Vanguard,VAC-VANGUARD-S,Veterinary,Region,West,81658,1796465.61,0.96
zoetis_vet_internal,2026-02,2026-Q1,Parasiticides,VectraGuard,PAR-VECTRAGUAR-L,Veterinary,Region,West,26154,680007.94,0.96
zoetis_vet_internal,2026-02,2026-Q1,Parasiticides,VectraGuard,PAR-VECTRAGUAR-S,Veterinary,Region,West,35084,912196.55,0.96
zoetis_vet_internal,2026-02,2026-Q1,Vaccines,VetGuard Immunize,VAC-VETGUARD-I-L,Veterinary,Region,West,37083,704568.67,0.96
zoetis_vet_internal,2026-02,2026-Q1,Vaccines,VetGuard Immunize,VAC-VETGUARD-I-S,Veterinary,Region,West,49241,935588.46,0.96
zoetis_vet_internal,2026-02,2026-Q1,Vaccines,VetSelect Core Vax,VAC-VETSELECT--L,Veterinary,Region,West,29312,410372.93,0.96
zoetis_vet_internal,2026-02,2026-Q1,Vaccines,VetSelect Core Vax,VAC-VETSELECT--S,Veterinary,Region,West,40030,560422.14,0.96
zoetis_vet_internal,2026-02,2026-Q1,Dermatology,VetSelect Derma,DRM-VETSELECT--L,Veterinary,Region,West,10450,397111.75,0.96
zoetis_vet_internal,2026-02,2026-Q1,Dermatology,VetSelect Derma,DRM-VETSELECT--S,Veterinary,Region,West,14159,538026.45,0.96
zoetis_vet_internal,2026-02,2026-Q1,Petcare Diagnostics,VetSelect Dx,DIA-VETSELECT--L,Veterinary,Region,West,26898,322772.24,0.96
zoetis_vet_internal,2026-02,2026-Q1,Petcare Diagnostics,VetSelect Dx,DIA-VETSELECT--S,Veterinary,Region,West,37856,454272.29,0.96
zoetis_vet_internal,2026-02,2026-Q1,Parasiticides,VetSelect Flea & Tick,PAR-VETSELECT--L,Veterinary,Region,West,17796,302530.43,0.96
zoetis_vet_internal,2026-02,2026-Q1,Parasiticides,VetSelect Flea & Tick,PAR-VETSELECT--S,Veterinary,Region,West,24132,410249.68,0.96
zoetis_vet_internal,2026-02,2026-Q1,Pain/Osteoarthritis,VetSelect Joint,PAN-VETSELECT--L,Veterinary,Region,West,15096,437790.78,0.96
zoetis_vet_internal,2026-02,2026-Q1,Pain/Osteoarthritis,VetSelect Joint,PAN-VETSELECT--S,Veterinary,Region,West,20970,608133.91,0.96
zoetis_vet_internal,2026-02,2026-Q1,Petcare Diagnostics,Vetscan,DIA-VETSCAN-L,Veterinary,Region,West,68576,1234372.21,0.96
zoetis_vet_internal,2026-02,2026-Q1,Petcare Diagnostics,Vetscan,DIA-VETSCAN-S,Veterinary,Region,West,94944,1708991.66,0.96
zoetis_vet_internal,2026-03,2026-Q1,Dermatology,AllerVet RX,DRM-ALLERVET-R-L,Veterinary,National,National,71308,3850604.98,0.96
zoetis_vet_internal,2026-03,2026-Q1,Dermatology,AllerVet RX,DRM-ALLERVET-R-S,Veterinary,National,National,97521,5266128.56,0.96
zoetis_vet_internal,2026-03,2026-Q1,Dermatology,Apoquel,DRM-APOQUEL-L,Veterinary,National,National,126126,8198266.66,0.96
zoetis_vet_internal,2026-03,2026-Q1,Dermatology,Apoquel,DRM-APOQUEL-S,Veterinary,National,National,175633,11416163.13,0.96
zoetis_vet_internal,2026-03,2026-Q1,Vaccines,BioShield Vax,VAC-BIOSHIELD--L,Veterinary,National,National,196169,3923394.49,0.96
zoetis_vet_internal,2026-03,2026-Q1,Vaccines,BioShield Vax,VAC-BIOSHIELD--S,Veterinary,National,National,274206,5484128.3,0.96
zoetis_vet_internal,2026-03,2026-Q1,Dermatology,DermaCalm,DRM-DERMACALM-L,Veterinary,National,National,74972,4348319.3,0.96
zoetis_vet_internal,2026-03,2026-Q1,Dermatology,DermaCalm,DRM-DERMACALM-S,Veterinary,National,National,105205,6101827.34,0.96
zoetis_vet_internal,2026-03,2026-Q1,Petcare Diagnostics,DiagnosTech Vet,DIA-DIAGNOSTEC-L,Veterinary,National,National,255030,4335501.23,0.96
zoetis_vet_internal,2026-03,2026-Q1,Petcare Diagnostics,DiagnosTech Vet,DIA-DIAGNOSTEC-S,Veterinary,National,National,361124,6139093.21,0.96
zoetis_vet_internal,2026-03,2026-Q1,Parasiticides,FleaStop Pro,PAR-FLEASTOP-P-L,Veterinary,National,National,100038,2100784.93,0.96
zoetis_vet_internal,2026-03,2026-Q1,Parasiticides,FleaStop Pro,PAR-FLEASTOP-P-S,Veterinary,National,National,138213,2902500.63,0.96
zoetis_vet_internal,2026-03,2026-Q1,Pain/Osteoarthritis,FlexiCare Joint,PAN-FLEXICARE--L,Veterinary,National,National,85026,3741141.97,0.96
zoetis_vet_internal,2026-03,2026-Q1,Pain/Osteoarthritis,FlexiCare Joint,PAN-FLEXICARE--S,Veterinary,National,National,116289,5116701.74,0.96
zoetis_vet_internal,2026-03,2026-Q1,Vaccines,ImmunoCore Canine,VAC-IMMUNOCORE-L,Veterinary,National,National,232296,4878241.55,0.96
zoetis_vet_internal,2026-03,2026-Q1,Vaccines,ImmunoCore Canine,VAC-IMMUNOCORE-S,Veterinary,National,National,321474,6750948.82,0.96
zoetis_vet_internal,2026-03,2026-Q1,Pain/Osteoarthritis,Librela,PAN-LIBRELA-L,Veterinary,National,National,97345,4672562.03,0.96
zoetis_vet_internal,2026-03,2026-Q1,Pain/Osteoarthritis,Librela,PAN-LIBRELA-S,Veterinary,National,National,132564,6363074.63,0.96
zoetis_vet_internal,2026-03,2026-Q1,Pain/Osteoarthritis,OsteoEase Vet,PAN-OSTEOEASE--L,Veterinary,National,National,81044,3322829.94,0.96
zoetis_vet_internal,2026-03,2026-Q1,Pain/Osteoarthritis,OsteoEase Vet,PAN-OSTEOEASE--S,Veterinary,National,National,113851,4667849.68,0.96
zoetis_vet_internal,2026-03,2026-Q1,Pain/Osteoarthritis,PainAway Canine,PAN-PAINAWAY-C-L,Veterinary,National,National,73018,2701674.18,0.96
zoetis_vet_internal,2026-03,2026-Q1,Pain/Osteoarthritis,PainAway Canine,PAN-PAINAWAY-C-S,Veterinary,National,National,98744,3653503.76,0.96
zoetis_vet_internal,2026-03,2026-Q1,Petcare Diagnostics,PetLab Analyzer,DIA-PETLAB-ANA-L,Veterinary,National,National,146615,2199225.18,0.96
zoetis_vet_internal,2026-03,2026-Q1,Petcare Diagnostics,PetLab Analyzer,DIA-PETLAB-ANA-S,Veterinary,National,National,210928,3163907.89,0.96
zoetis_vet_internal,2026-03,2026-Q1,Petcare Diagnostics,RapidVet Dx,DIA-RAPIDVET-D-L,Veterinary,National,National,238600,3817600.14,0.96
zoetis_vet_internal,2026-03,2026-Q1,Petcare Diagnostics,RapidVet Dx,DIA-RAPIDVET-D-S,Veterinary,National,National,328282,5252515.64,0.96
zoetis_vet_internal,2026-03,2026-Q1,Parasiticides,Simparica Trio,PAR-SIMPARICA--L,Veterinary,National,National,215009,6020242.91,0.96
zoetis_vet_internal,2026-03,2026-Q1,Parasiticides,Simparica Trio,PAR-SIMPARICA--S,Veterinary,National,National,304649,8530161.52,0.96
zoetis_vet_internal,2026-03,2026-Q1,Dermatology,SkinRelief Pro,DRM-SKINRELIEF-L,Veterinary,National,National,60420,2960594.94,0.96
zoetis_vet_internal,2026-03,2026-Q1,Dermatology,SkinRelief Pro,DRM-SKINRELIEF-S,Veterinary,National,National,85898,4208973.41,0.96
zoetis_vet_internal,2026-03,2026-Q1,Parasiticides,TickShield Plus,PAR-TICKSHIELD-L,Veterinary,National,National,104902,2517658.36,0.96
zoetis_vet_internal,2026-03,2026-Q1,Parasiticides,TickShield Plus,PAR-TICKSHIELD-S,Veterinary,National,National,148640,3567356.28,0.96
zoetis_vet_internal,2026-03,2026-Q1,Vaccines,Vanguard,VAC-VANGUARD-L,Veterinary,National,National,266499,5863000.73,0.96
zoetis_vet_internal,2026-03,2026-Q1,Vaccines,Vanguard,VAC-VANGUARD-S,Veterinary,National,National,370238,8145227.39,0.96
zoetis_vet_internal,2026-03,2026-Q1,Parasiticides,VectraGuard,PAR-VECTRAGUAR-L,Veterinary,National,National,130202,3385255.0,0.96
zoetis_vet_internal,2026-03,2026-Q1,Parasiticides,VectraGuard,PAR-VECTRAGUAR-S,Veterinary,National,National,182009,4732233.73,0.96
zoetis_vet_internal,2026-03,2026-Q1,Vaccines,VetGuard Immunize,VAC-VETGUARD-I-L,Veterinary,National,National,174171,3309245.47,0.96
zoetis_vet_internal,2026-03,2026-Q1,Vaccines,VetGuard Immunize,VAC-VETGUARD-I-S,Veterinary,National,National,238515,4531790.4,0.96
zoetis_vet_internal,2026-03,2026-Q1,Vaccines,VetSelect Core Vax,VAC-VETSELECT--L,Veterinary,National,National,146662,2053262.98,0.96
zoetis_vet_internal,2026-03,2026-Q1,Vaccines,VetSelect Core Vax,VAC-VETSELECT--S,Veterinary,National,National,203411,2847748.22,0.96
zoetis_vet_internal,2026-03,2026-Q1,Dermatology,VetSelect Derma,DRM-VETSELECT--L,Veterinary,National,National,50727,1927613.47,0.96
zoetis_vet_internal,2026-03,2026-Q1,Dermatology,VetSelect Derma,DRM-VETSELECT--S,Veterinary,National,National,69307,2633703.34,0.96
zoetis_vet_internal,2026-03,2026-Q1,Petcare Diagnostics,VetSelect Dx,DIA-VETSELECT--L,Veterinary,National,National,115181,1382177.11,0.96
zoetis_vet_internal,2026-03,2026-Q1,Petcare Diagnostics,VetSelect Dx,DIA-VETSELECT--S,Veterinary,National,National,158574,1902891.92,0.96
zoetis_vet_internal,2026-03,2026-Q1,Parasiticides,VetSelect Flea & Tick,PAR-VETSELECT--L,Veterinary,National,National,85224,1448799.83,0.96
zoetis_vet_internal,2026-03,2026-Q1,Parasiticides,VetSelect Flea & Tick,PAR-VETSELECT--S,Veterinary,National,National,118342,2011810.59,0.96
zoetis_vet_internal,2026-03,2026-Q1,Pain/Osteoarthritis,VetSelect Joint,PAN-VETSELECT--L,Veterinary,National,National,65456,1898244.23,0.96
zoetis_vet_internal,2026-03,2026-Q1,Pain/Osteoarthritis,VetSelect Joint,PAN-VETSELECT--S,Veterinary,National,National,90434,2622592.84,0.96
zoetis_vet_internal,2026-03,2026-Q1,Petcare Diagnostics,Vetscan,DIA-VETSCAN-L,Veterinary,National,National,319321,5747766.0,0.96
zoetis_vet_internal,2026-03,2026-Q1,Petcare Diagnostics,Vetscan,DIA-VETSCAN-S,Veterinary,National,National,450910,8116381.7,0.96
zoetis_vet_internal,2026-03,2026-Q1,Dermatology,AllerVet RX,DRM-ALLERVET-R-L,Veterinary,Region,Midwest,14633,790173.98,0.96
zoetis_vet_internal,2026-03,2026-Q1,Dermatology,AllerVet RX,DRM-ALLERVET-R-S,Veterinary,Region,Midwest,21026,1135377.11,0.96
zoetis_vet_internal,2026-03,2026-Q1,Dermatology,Apoquel,DRM-APOQUEL-L,Veterinary,Region,Midwest,26674,1733829.69,0.96
zoetis_vet_internal,2026-03,2026-Q1,Dermatology,Apoquel,DRM-APOQUEL-S,Veterinary,Region,Midwest,36740,2388074.23,0.96
zoetis_vet_internal,2026-03,2026-Q1,Vaccines,BioShield Vax,VAC-BIOSHIELD--L,Veterinary,Region,Midwest,45071,901417.77,0.96
zoetis_vet_internal,2026-03,2026-Q1,Vaccines,BioShield Vax,VAC-BIOSHIELD--S,Veterinary,Region,Midwest,62454,1249071.77,0.96
zoetis_vet_internal,2026-03,2026-Q1,Dermatology,DermaCalm,DRM-DERMACALM-L,Veterinary,Region,Midwest,14817,859395.27,0.96
zoetis_vet_internal,2026-03,2026-Q1,Dermatology,DermaCalm,DRM-DERMACALM-S,Veterinary,Region,Midwest,20755,1203763.56,0.96
zoetis_vet_internal,2026-03,2026-Q1,Petcare Diagnostics,DiagnosTech Vet,DIA-DIAGNOSTEC-L,Veterinary,Region,Midwest,53218,904706.67,0.96
zoetis_vet_internal,2026-03,2026-Q1,Petcare Diagnostics,DiagnosTech Vet,DIA-DIAGNOSTEC-S,Veterinary,Region,Midwest,72942,1240011.96,0.96
zoetis_vet_internal,2026-03,2026-Q1,Parasiticides,FleaStop Pro,PAR-FLEASTOP-P-L,Veterinary,Region,Midwest,20819,437192.7,0.96
zoetis_vet_internal,2026-03,2026-Q1,Parasiticides,FleaStop Pro,PAR-FLEASTOP-P-S,Veterinary,Region,Midwest,28347,595296.12,0.96
zoetis_vet_internal,2026-03,2026-Q1,Pain/Osteoarthritis,FlexiCare Joint,PAN-FLEXICARE--L,Veterinary,Region,Midwest,17596,774224.21,0.96
zoetis_vet_internal,2026-03,2026-Q1,Pain/Osteoarthritis,FlexiCare Joint,PAN-FLEXICARE--S,Veterinary,Region,Midwest,24438,1075275.66,0.96
zoetis_vet_internal,2026-03,2026-Q1,Vaccines,ImmunoCore Canine,VAC-IMMUNOCORE-L,Veterinary,Region,Midwest,44276,929803.3,0.96
zoetis_vet_internal,2026-03,2026-Q1,Vaccines,ImmunoCore Canine,VAC-IMMUNOCORE-S,Veterinary,Region,Midwest,61736,1296461.39,0.96
zoetis_vet_internal,2026-03,2026-Q1,Pain/Osteoarthritis,Librela,PAN-LIBRELA-L,Veterinary,Region,Midwest,19959,958010.98,0.96
zoetis_vet_internal,2026-03,2026-Q1,Pain/Osteoarthritis,Librela,PAN-LIBRELA-S,Veterinary,Region,Midwest,27062,1298959.73,0.96
zoetis_vet_internal,2026-03,2026-Q1,Pain/Osteoarthritis,OsteoEase Vet,PAN-OSTEOEASE--L,Veterinary,Region,Midwest,17429,714599.68,0.96
zoetis_vet_internal,2026-03,2026-Q1,Pain/Osteoarthritis,OsteoEase Vet,PAN-OSTEOEASE--S,Veterinary,Region,Midwest,24072,986934.93,0.96
zoetis_vet_internal,2026-03,2026-Q1,Pain/Osteoarthritis,PainAway Canine,PAN-PAINAWAY-C-L,Veterinary,Region,Midwest,16629,615288.56,0.96
zoetis_vet_internal,2026-03,2026-Q1,Pain/Osteoarthritis,PainAway Canine,PAN-PAINAWAY-C-S,Veterinary,Region,Midwest,21509,795823.23,0.96
zoetis_vet_internal,2026-03,2026-Q1,Petcare Diagnostics,PetLab Analyzer,DIA-PETLAB-ANA-L,Veterinary,Region,Midwest,29271,439063.58,0.96
zoetis_vet_internal,2026-03,2026-Q1,Petcare Diagnostics,PetLab Analyzer,DIA-PETLAB-ANA-S,Veterinary,Region,Midwest,41755,626320.78,0.96
zoetis_vet_internal,2026-03,2026-Q1,Petcare Diagnostics,RapidVet Dx,DIA-RAPIDVET-D-L,Veterinary,Region,Midwest,54190,867042.01,0.96
zoetis_vet_internal,2026-03,2026-Q1,Petcare Diagnostics,RapidVet Dx,DIA-RAPIDVET-D-S,Veterinary,Region,Midwest,72053,1152843.43,0.96
zoetis_vet_internal,2026-03,2026-Q1,Parasiticides,Simparica Trio,PAR-SIMPARICA--L,Veterinary,Region,Midwest,46162,1292526.26,0.96
zoetis_vet_internal,2026-03,2026-Q1,Parasiticides,Simparica Trio,PAR-SIMPARICA--S,Veterinary,Region,Midwest,66629,1865625.64,0.96
zoetis_vet_internal,2026-03,2026-Q1,Dermatology,SkinRelief Pro,DRM-SKINRELIEF-L,Veterinary,Region,Midwest,12766,625532.68,0.96
zoetis_vet_internal,2026-03,2026-Q1,Dermatology,SkinRelief Pro,DRM-SKINRELIEF-S,Veterinary,Region,Midwest,17922,878154.81,0.96
zoetis_vet_internal,2026-03,2026-Q1,Parasiticides,TickShield Plus,PAR-TICKSHIELD-L,Veterinary,Region,Midwest,21341,512195.62,0.96
zoetis_vet_internal,2026-03,2026-Q1,Parasiticides,TickShield Plus,PAR-TICKSHIELD-S,Veterinary,Region,Midwest,30301,727220.23,0.96
zoetis_vet_internal,2026-03,2026-Q1,Vaccines,Vanguard,VAC-VANGUARD-L,Veterinary,Region,Midwest,58594,1289074.39,0.96
zoetis_vet_internal,2026-03,2026-Q1,Vaccines,Vanguard,VAC-VANGUARD-S,Veterinary,Region,Midwest,85330,1877249.58,0.96
zoetis_vet_internal,2026-03,2026-Q1,Parasiticides,VectraGuard,PAR-VECTRAGUAR-L,Veterinary,Region,Midwest,27237,708169.67,0.96
zoetis_vet_internal,2026-03,2026-Q1,Parasiticides,VectraGuard,PAR-VECTRAGUAR-S,Veterinary,Region,Midwest,37137,965555.05,0.96
zoetis_vet_internal,2026-03,2026-Q1,Vaccines,VetGuard Immunize,VAC-VETGUARD-I-L,Veterinary,Region,Midwest,37486,712235.76,0.96
zoetis_vet_internal,2026-03,2026-Q1,Vaccines,VetGuard Immunize,VAC-VETGUARD-I-S,Veterinary,Region,Midwest,51432,977216.56,0.96
zoetis_vet_internal,2026-03,2026-Q1,Vaccines,VetSelect Core Vax,VAC-VETSELECT--L,Veterinary,Region,Midwest,32359,453022.25,0.96
zoetis_vet_internal,2026-03,2026-Q1,Vaccines,VetSelect Core Vax,VAC-VETSELECT--S,Veterinary,Region,Midwest,43012,602161.11,0.96
zoetis_vet_internal,2026-03,2026-Q1,Dermatology,VetSelect Derma,DRM-VETSELECT--L,Veterinary,Region,Midwest,10246,389351.44,0.96
zoetis_vet_internal,2026-03,2026-Q1,Dermatology,VetSelect Derma,DRM-VETSELECT--S,Veterinary,Region,Midwest,14782,561727.91,0.96
zoetis_vet_internal,2026-03,2026-Q1,Petcare Diagnostics,VetSelect Dx,DIA-VETSELECT--L,Veterinary,Region,Midwest,23282,279384.37,0.96
zoetis_vet_internal,2026-03,2026-Q1,Petcare Diagnostics,VetSelect Dx,DIA-VETSELECT--S,Veterinary,Region,Midwest,32477,389725.81,0.96
zoetis_vet_internal,2026-03,2026-Q1,Parasiticides,VetSelect Flea & Tick,PAR-VETSELECT--L,Veterinary,Region,Midwest,18427,313252.0,0.96
zoetis_vet_internal,2026-03,2026-Q1,Parasiticides,VetSelect Flea & Tick,PAR-VETSELECT--S,Veterinary,Region,Midwest,25192,428268.88,0.96
zoetis_vet_internal,2026-03,2026-Q1,Pain/Osteoarthritis,VetSelect Joint,PAN-VETSELECT--L,Veterinary,Region,Midwest,13920,403692.91,0.96
zoetis_vet_internal,2026-03,2026-Q1,Pain/Osteoarthritis,VetSelect Joint,PAN-VETSELECT--S,Veterinary,Region,Midwest,18916,548553.51,0.96
zoetis_vet_internal,2026-03,2026-Q1,Petcare Diagnostics,Vetscan,DIA-VETSCAN-L,Veterinary,Region,Midwest,73154,1316774.93,0.96
zoetis_vet_internal,2026-03,2026-Q1,Petcare Diagnostics,Vetscan,DIA-VETSCAN-S,Veterinary,Region,Midwest,107293,1931279.73,0.96
zoetis_vet_internal,2026-03,2026-Q1,Dermatology,AllerVet RX,DRM-ALLERVET-R-L,Veterinary,Region,Northeast,15488,836332.56,0.96
zoetis_vet_internal,2026-03,2026-Q1,Dermatology,AllerVet RX,DRM-ALLERVET-R-S,Veterinary,Region,Northeast,20968,1132282.84,0.96
zoetis_vet_internal,2026-03,2026-Q1,Dermatology,Apoquel,DRM-APOQUEL-L,Veterinary,Region,Northeast,26923,1750003.78,0.96
zoetis_vet_internal,2026-03,2026-Q1,Dermatology,Apoquel,DRM-APOQUEL-S,Veterinary,Region,Northeast,38278,2488064.87,0.96
zoetis_vet_internal,2026-03,2026-Q1,Vaccines,BioShield Vax,VAC-BIOSHIELD--L,Veterinary,Region,Northeast,42732,854646.34,0.96
zoetis_vet_internal,2026-03,2026-Q1,Vaccines,BioShield Vax,VAC-BIOSHIELD--S,Veterinary,Region,Northeast,58624,1172489.51,0.96
zoetis_vet_internal,2026-03,2026-Q1,Dermatology,DermaCalm,DRM-DERMACALM-L,Veterinary,Region,Northeast,17208,998051.09,0.96
zoetis_vet_internal,2026-03,2026-Q1,Dermatology,DermaCalm,DRM-DERMACALM-S,Veterinary,Region,Northeast,23704,1374813.84,0.96
zoetis_vet_internal,2026-03,2026-Q1,Petcare Diagnostics,DiagnosTech Vet,DIA-DIAGNOSTEC-L,Veterinary,Region,Northeast,55701,946912.83,0.96
zoetis_vet_internal,2026-03,2026-Q1,Petcare Diagnostics,DiagnosTech Vet,DIA-DIAGNOSTEC-S,Veterinary,Region,Northeast,77132,1311241.23,0.96
zoetis_vet_internal,2026-03,2026-Q1,Parasiticides,FleaStop Pro,PAR-FLEASTOP-P-L,Veterinary,Region,Northeast,21865,459155.83,0.96
zoetis_vet_internal,2026-03,2026-Q1,Parasiticides,FleaStop Pro,PAR-FLEASTOP-P-S,Veterinary,Region,Northeast,30961,650191.06,0.96
zoetis_vet_internal,2026-03,2026-Q1,Pain/Osteoarthritis,FlexiCare Joint,PAN-FLEXICARE--L,Veterinary,Region,Northeast,18657,820897.09,0.96
zoetis_vet_internal,2026-03,2026-Q1,Pain/Osteoarthritis,FlexiCare Joint,PAN-FLEXICARE--S,Veterinary,Region,Northeast,25431,1118953.89,0.96
zoetis_vet_internal,2026-03,2026-Q1,Vaccines,ImmunoCore Canine,VAC-IMMUNOCORE-L,Veterinary,Region,Northeast,53976,1133499.74,0.96
zoetis_vet_internal,2026-03,2026-Q1,Vaccines,ImmunoCore Canine,VAC-IMMUNOCORE-S,Veterinary,Region,Northeast,76792,1612633.66,0.96
zoetis_vet_internal,2026-03,2026-Q1,Pain/Osteoarthritis,Librela,PAN-LIBRELA-L,Veterinary,Region,Northeast,21139,1014695.32,0.96
zoetis_vet_internal,2026-03,2026-Q1,Pain/Osteoarthritis,Librela,PAN-LIBRELA-S,Veterinary,Region,Northeast,29540,1417907.14,0.96
zoetis_vet_internal,2026-03,2026-Q1,Pain/Osteoarthritis,OsteoEase Vet,PAN-OSTEOEASE--L,Veterinary,Region,Northeast,18364,752944.1,0.96
zoetis_vet_internal,2026-03,2026-Q1,Pain/Osteoarthritis,OsteoEase Vet,PAN-OSTEOEASE--S,Veterinary,Region,Northeast,25536,1046988.48,0.96
zoetis_vet_internal,2026-03,2026-Q1,Pain/Osteoarthritis,PainAway Canine,PAN-PAINAWAY-C-L,Veterinary,Region,Northeast,15227,563388.55,0.96
zoetis_vet_internal,2026-03,2026-Q1,Pain/Osteoarthritis,PainAway Canine,PAN-PAINAWAY-C-S,Veterinary,Region,Northeast,20606,762425.95,0.96
zoetis_vet_internal,2026-03,2026-Q1,Petcare Diagnostics,PetLab Analyzer,DIA-PETLAB-ANA-L,Veterinary,Region,Northeast,32977,494652.15,0.96
zoetis_vet_internal,2026-03,2026-Q1,Petcare Diagnostics,PetLab Analyzer,DIA-PETLAB-ANA-S,Veterinary,Region,Northeast,47632,714477.67,0.96
zoetis_vet_internal,2026-03,2026-Q1,Petcare Diagnostics,RapidVet Dx,DIA-RAPIDVET-D-L,Veterinary,Region,Northeast,52177,834831.86,0.96
zoetis_vet_internal,2026-03,2026-Q1,Petcare Diagnostics,RapidVet Dx,DIA-RAPIDVET-D-S,Veterinary,Region,Northeast,71452,1143237.79,0.96
zoetis_vet_internal,2026-03,2026-Q1,Parasiticides,Simparica Trio,PAR-SIMPARICA--L,Veterinary,Region,Northeast,50169,1404720.39,0.96
zoetis_vet_internal,2026-03,2026-Q1,Parasiticides,Simparica Trio,PAR-SIMPARICA--S,Veterinary,Region,Northeast,70021,1960583.5,0.96
zoetis_vet_internal,2026-03,2026-Q1,Dermatology,SkinRelief Pro,DRM-SKINRELIEF-L,Veterinary,Region,Northeast,14208,696190.64,0.96
zoetis_vet_internal,2026-03,2026-Q1,Dermatology,SkinRelief Pro,DRM-SKINRELIEF-S,Veterinary,Region,Northeast,20531,1006008.55,0.96
zoetis_vet_internal,2026-03,2026-Q1,Parasiticides,TickShield Plus,PAR-TICKSHIELD-L,Veterinary,Region,Northeast,23019,552459.5,0.96
zoetis_vet_internal,2026-03,2026-Q1,Parasiticides,TickShield Plus,PAR-TICKSHIELD-S,Veterinary,Region,Northeast,32893,789441.08,0.96
zoetis_vet_internal,2026-03,2026-Q1,Vaccines,Vanguard,VAC-VANGUARD-L,Veterinary,Region,Northeast,58747,1292440.32,0.96
zoetis_vet_internal,2026-03,2026-Q1,Vaccines,Vanguard,VAC-VANGUARD-S,Veterinary,Region,Northeast,82592,1817026.0,0.96
zoetis_vet_internal,2026-03,2026-Q1,Parasiticides,VectraGuard,PAR-VECTRAGUAR-L,Veterinary,Region,Northeast,29272,761063.92,0.96
zoetis_vet_internal,2026-03,2026-Q1,Parasiticides,VectraGuard,PAR-VECTRAGUAR-S,Veterinary,Region,Northeast,39077,1016001.26,0.96
zoetis_vet_internal,2026-03,2026-Q1,Vaccines,VetGuard Immunize,VAC-VETGUARD-I-L,Veterinary,Region,Northeast,37231,707397.56,0.96
zoetis_vet_internal,2026-03,2026-Q1,Vaccines,VetGuard Immunize,VAC-VETGUARD-I-S,Veterinary,Region,Northeast,49954,949124.83,0.96
zoetis_vet_internal,2026-03,2026-Q1,Vaccines,VetSelect Core Vax,VAC-VETSELECT--L,Veterinary,Region,Northeast,30754,430554.05,0.96
zoetis_vet_internal,2026-03,2026-Q1,Vaccines,VetSelect Core Vax,VAC-VETSELECT--S,Veterinary,Region,Northeast,41865,586109.3,0.96
zoetis_vet_internal,2026-03,2026-Q1,Dermatology,VetSelect Derma,DRM-VETSELECT--L,Veterinary,Region,Northeast,11363,431780.05,0.96
zoetis_vet_internal,2026-03,2026-Q1,Dermatology,VetSelect Derma,DRM-VETSELECT--S,Veterinary,Region,Northeast,15712,597060.26,0.96
zoetis_vet_internal,2026-03,2026-Q1,Petcare Diagnostics,VetSelect Dx,DIA-VETSELECT--L,Veterinary,Region,Northeast,25400,304800.27,0.96
zoetis_vet_internal,2026-03,2026-Q1,Petcare Diagnostics,VetSelect Dx,DIA-VETSELECT--S,Veterinary,Region,Northeast,35364,424371.45,0.96
zoetis_vet_internal,2026-03,2026-Q1,Parasiticides,VetSelect Flea & Tick,PAR-VETSELECT--L,Veterinary,Region,Northeast,19810,336769.65,0.96
zoetis_vet_internal,2026-03,2026-Q1,Parasiticides,VetSelect Flea & Tick,PAR-VETSELECT--S,Veterinary,Region,Northeast,26898,457259.78,0.96
zoetis_vet_internal,2026-03,2026-Q1,Pain/Osteoarthritis,VetSelect Joint,PAN-VETSELECT--L,Veterinary,Region,Northeast,14999,434979.07,0.96
zoetis_vet_internal,2026-03,2026-Q1,Pain/Osteoarthritis,VetSelect Joint,PAN-VETSELECT--S,Veterinary,Region,Northeast,20074,582154.46,0.96
zoetis_vet_internal,2026-03,2026-Q1,Petcare Diagnostics,Vetscan,DIA-VETSCAN-L,Veterinary,Region,Northeast,68681,1236254.19,0.96
zoetis_vet_internal,2026-03,2026-Q1,Petcare Diagnostics,Vetscan,DIA-VETSCAN-S,Veterinary,Region,Northeast,94972,1709487.23,0.96
zoetis_vet_internal,2026-03,2026-Q1,Dermatology,AllerVet RX,DRM-ALLERVET-R-L,Veterinary,Region,South,25518,1377946.57,0.96
zoetis_vet_internal,2026-03,2026-Q1,Dermatology,AllerVet RX,DRM-ALLERVET-R-S,Veterinary,Region,South,33547,1811537.49,0.96
zoetis_vet_internal,2026-03,2026-Q1,Dermatology,Apoquel,DRM-APOQUEL-L,Veterinary,Region,South,43904,2853785.1,0.96
zoetis_vet_internal,2026-03,2026-Q1,Dermatology,Apoquel,DRM-APOQUEL-S,Veterinary,Region,South,60629,3940915.47,0.96
zoetis_vet_internal,2026-03,2026-Q1,Vaccines,BioShield Vax,VAC-BIOSHIELD--L,Veterinary,Region,South,66437,1328741.51,0.96
zoetis_vet_internal,2026-03,2026-Q1,Vaccines,BioShield Vax,VAC-BIOSHIELD--S,Veterinary,Region,South,93912,1878240.88,0.96
zoetis_vet_internal,2026-03,2026-Q1,Dermatology,DermaCalm,DRM-DERMACALM-L,Veterinary,Region,South,25970,1506232.95,0.96
zoetis_vet_internal,2026-03,2026-Q1,Dermatology,DermaCalm,DRM-DERMACALM-S,Veterinary,Region,South,36058,2091358.25,0.96
zoetis_vet_internal,2026-03,2026-Q1,Petcare Diagnostics,DiagnosTech Vet,DIA-DIAGNOSTEC-L,Veterinary,Region,South,85461,1452835.92,0.96
zoetis_vet_internal,2026-03,2026-Q1,Petcare Diagnostics,DiagnosTech Vet,DIA-DIAGNOSTEC-S,Veterinary,Region,South,126481,2150173.45,0.96
zoetis_vet_internal,2026-03,2026-Q1,Parasiticides,FleaStop Pro,PAR-FLEASTOP-P-L,Veterinary,Region,South,34219,718602.55,0.96
zoetis_vet_internal,2026-03,2026-Q1,Parasiticides,FleaStop Pro,PAR-FLEASTOP-P-S,Veterinary,Region,South,47073,988538.49,0.96
zoetis_vet_internal,2026-03,2026-Q1,Pain/Osteoarthritis,FlexiCare Joint,PAN-FLEXICARE--L,Veterinary,Region,South,29740,1308555.81,0.96
zoetis_vet_internal,2026-03,2026-Q1,Pain/Osteoarthritis,FlexiCare Joint,PAN-FLEXICARE--S,Veterinary,Region,South,40470,1780659.14,0.96
zoetis_vet_internal,2026-03,2026-Q1,Vaccines,ImmunoCore Canine,VAC-IMMUNOCORE-L,Veterinary,Region,South,78519,1648908.51,0.96
zoetis_vet_internal,2026-03,2026-Q1,Vaccines,ImmunoCore Canine,VAC-IMMUNOCORE-S,Veterinary,Region,South,105854,2222927.97,0.96
zoetis_vet_internal,2026-03,2026-Q1,Pain/Osteoarthritis,Librela,PAN-LIBRELA-L,Veterinary,Region,South,33704,1617814.46,0.96
zoetis_vet_internal,2026-03,2026-Q1,Pain/Osteoarthritis,Librela,PAN-LIBRELA-S,Veterinary,Region,South,45619,2189720.15,0.96
zoetis_vet_internal,2026-03,2026-Q1,Pain/Osteoarthritis,OsteoEase Vet,PAN-OSTEOEASE--L,Veterinary,Region,South,27694,1135456.29,0.96
zoetis_vet_internal,2026-03,2026-Q1,Pain/Osteoarthritis,OsteoEase Vet,PAN-OSTEOEASE--S,Veterinary,Region,South,38761,1589182.71,0.96
zoetis_vet_internal,2026-03,2026-Q1,Pain/Osteoarthritis,PainAway Canine,PAN-PAINAWAY-C-L,Veterinary,Region,South,25395,939606.8,0.96
zoetis_vet_internal,2026-03,2026-Q1,Pain/Osteoarthritis,PainAway Canine,PAN-PAINAWAY-C-S,Veterinary,Region,South,34360,1271305.87,0.96
zoetis_vet_internal,2026-03,2026-Q1,Petcare Diagnostics,PetLab Analyzer,DIA-PETLAB-ANA-L,Veterinary,Region,South,50443,756644.44,0.96
zoetis_vet_internal,2026-03,2026-Q1,Petcare Diagnostics,PetLab Analyzer,DIA-PETLAB-ANA-S,Veterinary,Region,South,74395,1115920.22,0.96
zoetis_vet_internal,2026-03,2026-Q1,Petcare Diagnostics,RapidVet Dx,DIA-RAPIDVET-D-L,Veterinary,Region,South,79626,1274018.44,0.96
zoetis_vet_internal,2026-03,2026-Q1,Petcare Diagnostics,RapidVet Dx,DIA-RAPIDVET-D-S,Veterinary,Region,South,108775,1740406.92,0.96
zoetis_vet_internal,2026-03,2026-Q1,Parasiticides,Simparica Trio,PAR-SIMPARICA--L,Veterinary,Region,South,70252,1967068.9,0.96
zoetis_vet_internal,2026-03,2026-Q1,Parasiticides,Simparica Trio,PAR-SIMPARICA--S,Veterinary,Region,South,100766,2821439.86,0.96
zoetis_vet_internal,2026-03,2026-Q1,Dermatology,SkinRelief Pro,DRM-SKINRELIEF-L,Veterinary,Region,South,19517,956340.62,0.96
zoetis_vet_internal,2026-03,2026-Q1,Dermatology,SkinRelief Pro,DRM-SKINRELIEF-S,Veterinary,Region,South,27901,1367168.91,0.96
zoetis_vet_internal,2026-03,2026-Q1,Parasiticides,TickShield Plus,PAR-TICKSHIELD-L,Veterinary,Region,South,35097,842327.13,0.96
zoetis_vet_internal,2026-03,2026-Q1,Parasiticides,TickShield Plus,PAR-TICKSHIELD-S,Veterinary,Region,South,50375,1208994.86,0.96
zoetis_vet_internal,2026-03,2026-Q1,Vaccines,Vanguard,VAC-VANGUARD-L,Veterinary,Region,South,87672,1928788.22,0.96
zoetis_vet_internal,2026-03,2026-Q1,Vaccines,Vanguard,VAC-VANGUARD-S,Veterinary,Region,South,118220,2600843.81,0.96
zoetis_vet_internal,2026-03,2026-Q1,Parasiticides,VectraGuard,PAR-VECTRAGUAR-L,Veterinary,Region,South,44168,1148359.79,0.96
zoetis_vet_internal,2026-03,2026-Q1,Parasiticides,VectraGuard,PAR-VECTRAGUAR-S,Veterinary,Region,South,63337,1646764.14,0.96
zoetis_vet_internal,2026-03,2026-Q1,Vaccines,VetGuard Immunize,VAC-VETGUARD-I-L,Veterinary,Region,South,60912,1157318.52,0.96
zoetis_vet_internal,2026-03,2026-Q1,Vaccines,VetGuard Immunize,VAC-VETGUARD-I-S,Veterinary,Region,South,82567,1568773.11,0.96
zoetis_vet_internal,2026-03,2026-Q1,Vaccines,VetSelect Core Vax,VAC-VETSELECT--L,Veterinary,Region,South,50863,712082.33,0.96
zoetis_vet_internal,2026-03,2026-Q1,Vaccines,VetSelect Core Vax,VAC-VETSELECT--S,Veterinary,Region,South,72913,1020782.98,0.96
zoetis_vet_internal,2026-03,2026-Q1,Dermatology,VetSelect Derma,DRM-VETSELECT--L,Veterinary,Region,South,17751,674529.62,0.96
zoetis_vet_internal,2026-03,2026-Q1,Dermatology,VetSelect Derma,DRM-VETSELECT--S,Veterinary,Region,South,23108,878113.39,0.96
zoetis_vet_internal,2026-03,2026-Q1,Petcare Diagnostics,VetSelect Dx,DIA-VETSELECT--L,Veterinary,Region,South,40389,484669.55,0.96
zoetis_vet_internal,2026-03,2026-Q1,Petcare Diagnostics,VetSelect Dx,DIA-VETSELECT--S,Veterinary,Region,South,54996,659956.27,0.96
zoetis_vet_internal,2026-03,2026-Q1,Parasiticides,VetSelect Flea & Tick,PAR-VETSELECT--L,Veterinary,Region,South,28195,479316.76,0.96
zoetis_vet_internal,2026-03,2026-Q1,Parasiticides,VetSelect Flea & Tick,PAR-VETSELECT--S,Veterinary,Region,South,39304,668167.13,0.96
zoetis_vet_internal,2026-03,2026-Q1,Pain/Osteoarthritis,VetSelect Joint,PAN-VETSELECT--L,Veterinary,Region,South,21689,628990.34,0.96
zoetis_vet_internal,2026-03,2026-Q1,Pain/Osteoarthritis,VetSelect Joint,PAN-VETSELECT--S,Veterinary,Region,South,30265,877693.93,0.96
zoetis_vet_internal,2026-03,2026-Q1,Petcare Diagnostics,Vetscan,DIA-VETSCAN-L,Veterinary,Region,South,109232,1966169.88,0.96
zoetis_vet_internal,2026-03,2026-Q1,Petcare Diagnostics,Vetscan,DIA-VETSCAN-S,Veterinary,Region,South,153728,2767102.12,0.96
zoetis_vet_internal,2026-03,2026-Q1,Dermatology,AllerVet RX,DRM-ALLERVET-R-L,Veterinary,Region,West,15669,846151.87,0.96
zoetis_vet_internal,2026-03,2026-Q1,Dermatology,AllerVet RX,DRM-ALLERVET-R-S,Veterinary,Region,West,21980,1186931.12,0.96
zoetis_vet_internal,2026-03,2026-Q1,Dermatology,Apoquel,DRM-APOQUEL-L,Veterinary,Region,West,28625,1860648.09,0.96
zoetis_vet_internal,2026-03,2026-Q1,Dermatology,Apoquel,DRM-APOQUEL-S,Veterinary,Region,West,39986,2599108.56,0.96
zoetis_vet_internal,2026-03,2026-Q1,Vaccines,BioShield Vax,VAC-BIOSHIELD--L,Veterinary,Region,West,41929,838588.87,0.96
zoetis_vet_internal,2026-03,2026-Q1,Vaccines,BioShield Vax,VAC-BIOSHIELD--S,Veterinary,Region,West,59216,1184326.14,0.96
zoetis_vet_internal,2026-03,2026-Q1,Dermatology,DermaCalm,DRM-DERMACALM-L,Veterinary,Region,West,16977,984639.99,0.96
zoetis_vet_internal,2026-03,2026-Q1,Dermatology,DermaCalm,DRM-DERMACALM-S,Veterinary,Region,West,24688,1431891.69,0.96
zoetis_vet_internal,2026-03,2026-Q1,Petcare Diagnostics,DiagnosTech Vet,DIA-DIAGNOSTEC-L,Veterinary,Region,West,60650,1031045.81,0.96
zoetis_vet_internal,2026-03,2026-Q1,Petcare Diagnostics,DiagnosTech Vet,DIA-DIAGNOSTEC-S,Veterinary,Region,West,84569,1437666.57,0.96
zoetis_vet_internal,2026-03,2026-Q1,Parasiticides,FleaStop Pro,PAR-FLEASTOP-P-L,Veterinary,Region,West,23135,485833.85,0.96
zoetis_vet_internal,2026-03,2026-Q1,Parasiticides,FleaStop Pro,PAR-FLEASTOP-P-S,Veterinary,Region,West,31832,668474.96,0.96
zoetis_vet_internal,2026-03,2026-Q1,Pain/Osteoarthritis,FlexiCare Joint,PAN-FLEXICARE--L,Veterinary,Region,West,19033,837464.86,0.96
zoetis_vet_internal,2026-03,2026-Q1,Pain/Osteoarthritis,FlexiCare Joint,PAN-FLEXICARE--S,Veterinary,Region,West,25950,1141813.05,0.96
zoetis_vet_internal,2026-03,2026-Q1,Vaccines,ImmunoCore Canine,VAC-IMMUNOCORE-L,Veterinary,Region,West,55525,1166030.0,0.96
zoetis_vet_internal,2026-03,2026-Q1,Vaccines,ImmunoCore Canine,VAC-IMMUNOCORE-S,Veterinary,Region,West,77092,1618925.8,0.96
zoetis_vet_internal,2026-03,2026-Q1,Pain/Osteoarthritis,Librela,PAN-LIBRELA-L,Veterinary,Region,West,22543,1082041.27,0.96
zoetis_vet_internal,2026-03,2026-Q1,Pain/Osteoarthritis,Librela,PAN-LIBRELA-S,Veterinary,Region,West,30343,1456487.61,0.96
zoetis_vet_internal,2026-03,2026-Q1,Pain/Osteoarthritis,OsteoEase Vet,PAN-OSTEOEASE--L,Veterinary,Region,West,17557,719829.87,0.96
zoetis_vet_internal,2026-03,2026-Q1,Pain/Osteoarthritis,OsteoEase Vet,PAN-OSTEOEASE--S,Veterinary,Region,West,25482,1044743.56,0.96
zoetis_vet_internal,2026-03,2026-Q1,Pain/Osteoarthritis,PainAway Canine,PAN-PAINAWAY-C-L,Veterinary,Region,West,15767,583390.27,0.96
zoetis_vet_internal,2026-03,2026-Q1,Pain/Osteoarthritis,PainAway Canine,PAN-PAINAWAY-C-S,Veterinary,Region,West,22269,823948.71,0.96
zoetis_vet_internal,2026-03,2026-Q1,Petcare Diagnostics,PetLab Analyzer,DIA-PETLAB-ANA-L,Veterinary,Region,West,33924,508865.01,0.96
zoetis_vet_internal,2026-03,2026-Q1,Petcare Diagnostics,PetLab Analyzer,DIA-PETLAB-ANA-S,Veterinary,Region,West,47146,707189.22,0.96
zoetis_vet_internal,2026-03,2026-Q1,Petcare Diagnostics,RapidVet Dx,DIA-RAPIDVET-D-L,Veterinary,Region,West,52607,841707.83,0.96
zoetis_vet_internal,2026-03,2026-Q1,Petcare Diagnostics,RapidVet Dx,DIA-RAPIDVET-D-S,Veterinary,Region,West,76002,1216027.5,0.96
zoetis_vet_internal,2026-03,2026-Q1,Parasiticides,Simparica Trio,PAR-SIMPARICA--L,Veterinary,Region,West,48426,1355927.36,0.96
zoetis_vet_internal,2026-03,2026-Q1,Parasiticides,Simparica Trio,PAR-SIMPARICA--S,Veterinary,Region,West,67233,1882512.52,0.96
zoetis_vet_internal,2026-03,2026-Q1,Dermatology,SkinRelief Pro,DRM-SKINRELIEF-L,Veterinary,Region,West,13929,682531.0,0.96
zoetis_vet_internal,2026-03,2026-Q1,Dermatology,SkinRelief Pro,DRM-SKINRELIEF-S,Veterinary,Region,West,19544,957641.14,0.96
zoetis_vet_internal,2026-03,2026-Q1,Parasiticides,TickShield Plus,PAR-TICKSHIELD-L,Veterinary,Region,West,25445,610676.11,0.96
zoetis_vet_internal,2026-03,2026-Q1,Parasiticides,TickShield Plus,PAR-TICKSHIELD-S,Veterinary,Region,West,35071,841700.11,0.96
zoetis_vet_internal,2026-03,2026-Q1,Vaccines,Vanguard,VAC-VANGUARD-L,Veterinary,Region,West,61486,1352697.8,0.96
zoetis_vet_internal,2026-03,2026-Q1,Vaccines,Vanguard,VAC-VANGUARD-S,Veterinary,Region,West,84096,1850108.0,0.96
zoetis_vet_internal,2026-03,2026-Q1,Parasiticides,VectraGuard,PAR-VECTRAGUAR-L,Veterinary,Region,West,29525,767661.62,0.96
zoetis_vet_internal,2026-03,2026-Q1,Parasiticides,VectraGuard,PAR-VECTRAGUAR-S,Veterinary,Region,West,42458,1103913.28,0.96
zoetis_vet_internal,2026-03,2026-Q1,Vaccines,VetGuard Immunize,VAC-VETGUARD-I-L,Veterinary,Region,West,38542,732293.63,0.96
zoetis_vet_internal,2026-03,2026-Q1,Vaccines,VetGuard Immunize,VAC-VETGUARD-I-S,Veterinary,Region,West,54562,1036675.9,0.96
zoetis_vet_internal,2026-03,2026-Q1,Vaccines,VetSelect Core Vax,VAC-VETSELECT--L,Veterinary,Region,West,32686,457604.35,0.96
zoetis_vet_internal,2026-03,2026-Q1,Vaccines,VetSelect Core Vax,VAC-VETSELECT--S,Veterinary,Region,West,45621,638694.83,0.96
zoetis_vet_internal,2026-03,2026-Q1,Dermatology,VetSelect Derma,DRM-VETSELECT--L,Veterinary,Region,West,11367,431952.36,0.96
zoetis_vet_internal,2026-03,2026-Q1,Dermatology,VetSelect Derma,DRM-VETSELECT--S,Veterinary,Region,West,15705,596801.78,0.96
zoetis_vet_internal,2026-03,2026-Q1,Petcare Diagnostics,VetSelect Dx,DIA-VETSELECT--L,Veterinary,Region,West,26110,313322.92,0.96
zoetis_vet_internal,2026-03,2026-Q1,Petcare Diagnostics,VetSelect Dx,DIA-VETSELECT--S,Veterinary,Region,West,35737,428838.39,0.96
zoetis_vet_internal,2026-03,2026-Q1,Parasiticides,VetSelect Flea & Tick,PAR-VETSELECT--L,Veterinary,Region,West,18792,319461.42,0.96
zoetis_vet_internal,2026-03,2026-Q1,Parasiticides,VetSelect Flea & Tick,PAR-VETSELECT--S,Veterinary,Region,West,26948,458114.8,0.96
zoetis_vet_internal,2026-03,2026-Q1,Pain/Osteoarthritis,VetSelect Joint,PAN-VETSELECT--L,Veterinary,Region,West,14848,430581.91,0.96
zoetis_vet_internal,2026-03,2026-Q1,Pain/Osteoarthritis,VetSelect Joint,PAN-VETSELECT--S,Veterinary,Region,West,21179,614190.94,0.96
zoetis_vet_internal,2026-03,2026-Q1,Petcare Diagnostics,Vetscan,DIA-VETSCAN-L,Veterinary,Region,West,68254,1228567.0,0.96
zoetis_vet_internal,2026-03,2026-Q1,Petcare Diagnostics,Vetscan,DIA-VETSCAN-S,Veterinary,Region,West,94917,1708512.62,0.96
